x,y,z,convected,diffused
2,0,-1.8875,0.82032,1.8315
1.9727,0.32919,-1.8875,0.82033,1.8315
2.0928,0.34922,-1.8875,0.8229,1.8337
2.1215,-4.18E-07,-1.8875,0.82289,1.8337
2,0,-2.125,0.93583,1.9428
1.9727,0.32919,-2.125,0.93586,1.9428
2.0928,0.34922,-2.125,0.91841,1.9268
2.1215,-4.18E-07,-2.125,0.91842,1.9268
2.2193,0.37034,-1.8875,0.82251,1.8333
2.25,0,-1.8875,0.8225,1.8333
2.2193,0.37034,-2.125,0.9145,1.9232
2.25,0,-2.125,0.91449,1.9231
1.8916,0.6494,-1.8875,0.82034,1.8315
2.0066,0.68886,-1.8875,0.82291,1.8337
1.8916,0.6494,-2.125,0.93587,1.9428
2.0066,0.68886,-2.125,0.91843,1.9268
2.1281,0.73057,-1.8875,0.82252,1.8333
2.1281,0.73057,-2.125,0.9145,1.9232
1.7589,0.95189,-1.8875,0.82033,1.8315
1.8658,1.0097,-1.8875,0.82291,1.8337
1.7589,0.95189,-2.125,0.93594,1.9429
1.8658,1.0097,-2.125,0.91845,1.9268
1.9788,1.0709,-1.8875,0.82252,1.8333
1.9788,1.0709,-2.125,0.91451,1.9232
1.5783,1.2284,-1.8875,0.82033,1.8315
1.6742,1.3031,-1.8875,0.8229,1.8337
1.5783,1.2284,-2.125,0.93587,1.9428
1.6742,1.3031,-2.125,0.91843,1.9268
1.7756,1.382,-1.8875,0.82252,1.8333
1.7756,1.382,-2.125,0.9145,1.9232
1.3546,1.4714,-1.8875,0.82033,1.8315
1.4369,1.5609,-1.8875,0.82289,1.8337
1.3546,1.4714,-2.125,0.93584,1.9428
1.4369,1.5609,-2.125,0.91842,1.9268
1.5239,1.6554,-1.8875,0.82251,1.8333
1.5239,1.6554,-2.125,0.91449,1.9231
1.0939,1.6743,-1.8875,0.82032,1.8315
1.1604,1.7761,-1.8875,0.82289,1.8337
1.0939,1.6743,-2.125,0.93583,1.9428
1.1604,1.7761,-2.125,0.91842,1.9268
1.2306,1.8836,-1.8875,0.8225,1.8333
1.2306,1.8836,-2.125,0.91449,1.9231
0.80339,1.8315,-1.8875,0.82032,1.8315
0.8522,1.9428,-1.8875,0.82288,1.8337
0.80339,1.8315,-2.125,0.93582,1.9428
0.8522,1.9428,-2.125,0.91841,1.9268
0.90381,2.0605,-1.8875,0.8225,1.8333
0.90381,2.0605,-2.125,0.91448,1.9231
0.49097,1.9388,-1.8875,0.82032,1.8315
0.5208,2.0566,-1.8875,0.82288,1.8337
0.49097,1.9388,-2.125,0.93582,1.9428
0.5208,2.0566,-2.125,0.91841,1.9268
0.55234,2.1812,-1.8875,0.8225,1.8333
0.55234,2.1812,-2.125,0.91448,1.9231
0.16516,1.9932,-1.8875,0.82032,1.8315
0.17519,2.1143,-1.8875,0.82288,1.8337
0.16516,1.9932,-2.125,0.93582,1.9428
0.17519,2.1143,-2.125,0.91841,1.9268
0.1858,2.2423,-1.8875,0.8225,1.8333
0.1858,2.2423,-2.125,0.91448,1.9231
-0.16516,1.9932,-1.8875,0.82032,1.8315
-0.17519,2.1143,-1.8875,0.82288,1.8337
-0.16516,1.9932,-2.125,0.93582,1.9428
-0.17519,2.1143,-2.125,0.91841,1.9268
-0.1858,2.2423,-1.8875,0.8225,1.8333
-0.1858,2.2423,-2.125,0.91448,1.9231
-0.49097,1.9388,-1.8875,0.82032,1.8315
-0.5208,2.0566,-1.8875,0.82288,1.8337
-0.49097,1.9388,-2.125,0.93583,1.9428
-0.5208,2.0566,-2.125,0.91841,1.9268
-0.55234,2.1812,-1.8875,0.8225,1.8333
-0.55234,2.1812,-2.125,0.91448,1.9231
-0.80339,1.8315,-1.8875,0.82032,1.8315
-0.8522,1.9428,-1.8875,0.82288,1.8337
-0.80339,1.8315,-2.125,0.93583,1.9428
-0.8522,1.9428,-2.125,0.91841,1.9268
-0.90381,2.0605,-1.8875,0.8225,1.8333
-0.90381,2.0605,-2.125,0.91448,1.9231
-1.0939,1.6743,-1.8875,0.82031,1.8315
-1.1604,1.7761,-1.8875,0.82288,1.8337
-1.0939,1.6743,-2.125,0.93582,1.9428
-1.1604,1.7761,-2.125,0.91841,1.9268
-1.2306,1.8836,-1.8875,0.8225,1.8333
-1.2306,1.8836,-2.125,0.91448,1.9231
-1.3546,1.4714,-1.8875,0.82031,1.8315
-1.4369,1.5609,-1.8875,0.82288,1.8337
-1.3546,1.4714,-2.125,0.93582,1.9428
-1.4369,1.5609,-2.125,0.91841,1.9268
-1.5239,1.6554,-1.8875,0.82249,1.8333
-1.5239,1.6554,-2.125,0.91448,1.9231
-1.5783,1.2284,-1.8875,0.82031,1.8315
-1.6742,1.3031,-1.8875,0.82288,1.8337
-1.5783,1.2284,-2.125,0.93582,1.9428
-1.6742,1.3031,-2.125,0.91841,1.9268
-1.7756,1.382,-1.8875,0.82249,1.8333
-1.7756,1.382,-2.125,0.91448,1.9231
-1.7589,0.95189,-1.8875,0.82031,1.8315
-1.8658,1.0097,-1.8875,0.82288,1.8337
-1.7589,0.95189,-2.125,0.93582,1.9428
-1.8658,1.0097,-2.125,0.91841,1.9268
-1.9788,1.0709,-1.8875,0.82249,1.8333
-1.9788,1.0709,-2.125,0.91448,1.9231
-1.8916,0.6494,-1.8875,0.82031,1.8315
-2.0066,0.68886,-1.8875,0.82288,1.8337
-1.8916,0.6494,-2.125,0.93583,1.9428
-2.0066,0.68886,-2.125,0.91841,1.9268
-2.1281,0.73057,-1.8875,0.8225,1.8333
-2.1281,0.73057,-2.125,0.91448,1.9231
-1.9727,0.32919,-1.8875,0.82031,1.8315
-2.0926,0.34919,-1.8875,0.82288,1.8337
-1.9727,0.32919,-2.125,0.93583,1.9428
-2.0926,0.34919,-2.125,0.91841,1.9268
-2.2193,0.37034,-1.8875,0.8225,1.8333
-2.2193,0.37034,-2.125,0.91448,1.9231
-2,2.20E-16,-1.8875,0.82031,1.8315
-2.1215,-4.70E-07,-1.8875,0.82288,1.8337
-2,2.45E-16,-2.125,0.93582,1.9428
-2.1215,-4.70E-07,-2.125,0.91841,1.9268
-2.25,-2.48E-16,-1.8875,0.82249,1.8333
-2.25,-2.76E-16,-2.125,0.91448,1.9231
-1.9727,-0.32919,-1.8875,0.82031,1.8315
-2.0926,-0.34919,-1.8875,0.82288,1.8337
-1.9727,-0.32919,-2.125,0.93582,1.9428
-2.0926,-0.34919,-2.125,0.91841,1.9268
-2.2193,-0.37034,-1.8875,0.82249,1.8333
-2.2193,-0.37034,-2.125,0.91448,1.9231
-1.8916,-0.6494,-1.8875,0.82031,1.8315
-2.0066,-0.68886,-1.8875,0.82288,1.8337
-1.8916,-0.6494,-2.125,0.93582,1.9428
-2.0066,-0.68886,-2.125,0.91841,1.9268
-2.1281,-0.73057,-1.8875,0.82249,1.8333
-2.1281,-0.73057,-2.125,0.91448,1.9231
-1.7589,-0.95189,-1.8875,0.82031,1.8315
-1.8658,-1.0097,-1.8875,0.82288,1.8337
-1.7589,-0.95189,-2.125,0.93582,1.9428
-1.8658,-1.0097,-2.125,0.91841,1.9268
-1.9788,-1.0709,-1.8875,0.82249,1.8333
-1.9788,-1.0709,-2.125,0.91448,1.9231
-1.5783,-1.2284,-1.8875,0.82031,1.8315
-1.6742,-1.3031,-1.8875,0.82288,1.8337
-1.5783,-1.2284,-2.125,0.93583,1.9428
-1.6742,-1.3031,-2.125,0.91841,1.9268
-1.7756,-1.382,-1.8875,0.82249,1.8333
-1.7756,-1.382,-2.125,0.91448,1.9231
-1.3546,-1.4714,-1.8875,0.82031,1.8315
-1.4369,-1.5609,-1.8875,0.82288,1.8337
-1.3546,-1.4714,-2.125,0.93583,1.9428
-1.4369,-1.5609,-2.125,0.91841,1.9268
-1.5239,-1.6554,-1.8875,0.82249,1.8333
-1.5239,-1.6554,-2.125,0.91448,1.9231
-1.0939,-1.6743,-1.8875,0.8203,1.8315
-1.1604,-1.7761,-1.8875,0.82287,1.8337
-1.0939,-1.6743,-2.125,0.93582,1.9428
-1.1604,-1.7761,-2.125,0.91841,1.9268
-1.2306,-1.8836,-1.8875,0.82248,1.8333
-1.2306,-1.8836,-2.125,0.91448,1.9231
-0.80339,-1.8315,-1.8875,0.82029,1.8315
-0.8522,-1.9428,-1.8875,0.82286,1.8337
-0.80339,-1.8315,-2.125,0.9358,1.9428
-0.8522,-1.9428,-2.125,0.9184,1.9268
-0.90381,-2.0605,-1.8875,0.82247,1.8333
-0.90381,-2.0605,-2.125,0.91447,1.9231
-0.49097,-1.9388,-1.8875,0.82027,1.8314
-0.5208,-2.0566,-1.8875,0.82284,1.8337
-0.49097,-1.9388,-2.125,0.93576,1.9427
-0.5208,-2.0566,-2.125,0.91837,1.9268
-0.55234,-2.1812,-1.8875,0.82245,1.8332
-0.55234,-2.1812,-2.125,0.91445,1.9231
-0.16516,-1.9932,-1.8875,0.82026,1.8314
-0.17519,-2.1143,-1.8875,0.82281,1.8336
-0.16516,-1.9932,-2.125,0.93561,1.9426
-0.17519,-2.1143,-2.125,0.91833,1.9267
-0.1858,-2.2423,-1.8875,0.82242,1.8332
-0.1858,-2.2423,-2.125,0.91442,1.9231
0.16516,-1.9932,-1.8875,0.82024,1.8314
0.17519,-2.1143,-1.8875,0.82279,1.8336
0.16516,-1.9932,-2.125,0.93561,1.9426
0.17519,-2.1143,-2.125,0.91832,1.9267
0.1858,-2.2423,-1.8875,0.82241,1.8332
0.1858,-2.2423,-2.125,0.91441,1.9231
0.49097,-1.9388,-1.8875,0.82024,1.8314
0.5208,-2.0566,-1.8875,0.82279,1.8336
0.49097,-1.9388,-2.125,0.9356,1.9426
0.5208,-2.0566,-2.125,0.91832,1.9267
0.55234,-2.1812,-1.8875,0.8224,1.8332
0.55234,-2.1812,-2.125,0.9144,1.9231
0.80339,-1.8315,-1.8875,0.82024,1.8314
0.8522,-1.9428,-1.8875,0.82279,1.8336
0.80339,-1.8315,-2.125,0.9356,1.9426
0.8522,-1.9428,-2.125,0.91832,1.9267
0.90381,-2.0605,-1.8875,0.8224,1.8332
0.90381,-2.0605,-2.125,0.9144,1.9231
1.0939,-1.6743,-1.8875,0.82024,1.8314
1.1604,-1.7761,-1.8875,0.82279,1.8336
1.0939,-1.6743,-2.125,0.93561,1.9426
1.1604,-1.7761,-2.125,0.91832,1.9267
1.2306,-1.8836,-1.8875,0.82241,1.8332
1.2306,-1.8836,-2.125,0.91441,1.9231
1.3546,-1.4714,-1.8875,0.82026,1.8314
1.4369,-1.5609,-1.8875,0.82281,1.8336
1.3546,-1.4714,-2.125,0.93561,1.9426
1.4369,-1.5609,-2.125,0.91834,1.9267
1.5239,-1.6554,-1.8875,0.82243,1.8332
1.5239,-1.6554,-2.125,0.91442,1.9231
1.5783,-1.2284,-1.8875,0.82027,1.8314
1.6742,-1.3031,-1.8875,0.82284,1.8337
1.5783,-1.2284,-2.125,0.93579,1.9428
1.6742,-1.3031,-2.125,0.91838,1.9268
1.7756,-1.382,-1.8875,0.82246,1.8332
1.7756,-1.382,-2.125,0.91445,1.9231
1.7589,-0.95189,-1.8875,0.8203,1.8315
1.8658,-1.0097,-1.8875,0.82286,1.8337
1.7589,-0.95189,-2.125,0.93581,1.9428
1.8658,-1.0097,-2.125,0.9184,1.9268
1.9788,-1.0709,-1.8875,0.82248,1.8333
1.9788,-1.0709,-2.125,0.91447,1.9231
1.8916,-0.6494,-1.8875,0.82031,1.8315
2.0066,-0.68886,-1.8875,0.82287,1.8337
1.8916,-0.6494,-2.125,0.93581,1.9428
2.0066,-0.68886,-2.125,0.91841,1.9268
2.1281,-0.73057,-1.8875,0.82249,1.8333
2.1281,-0.73057,-2.125,0.91448,1.9231
1.9727,-0.32919,-1.8875,0.82031,1.8315
2.0924,-0.34916,-1.8875,0.82289,1.8337
1.9727,-0.32919,-2.125,0.93587,1.9428
2.0924,-0.34916,-2.125,0.91843,1.9268
2.2193,-0.37034,-1.8875,0.8225,1.8333
2.2193,-0.37034,-2.125,0.91449,1.9231
2,0,-1.65,0.73241,1.7368
1.9727,0.32919,-1.65,0.73241,1.7368
2.0928,0.34922,-1.65,0.73198,1.7365
2.1215,-4.18E-07,-1.65,0.73198,1.7365
2.2193,0.37034,-1.65,0.73219,1.7367
2.25,0,-1.65,0.73218,1.7367
1.8916,0.6494,-1.65,0.73242,1.7368
2.0066,0.68886,-1.65,0.73198,1.7365
2.1281,0.73057,-1.65,0.73219,1.7367
1.7589,0.95189,-1.65,0.73242,1.7369
1.8658,1.0097,-1.65,0.73199,1.7365
1.9788,1.0709,-1.65,0.73219,1.7367
1.5783,1.2284,-1.65,0.73242,1.7368
1.6742,1.3031,-1.65,0.73198,1.7365
1.7756,1.382,-1.65,0.73219,1.7367
1.3546,1.4714,-1.65,0.73241,1.7368
1.4369,1.5609,-1.65,0.73198,1.7365
1.5239,1.6554,-1.65,0.73219,1.7367
1.0939,1.6743,-1.65,0.73241,1.7368
1.1604,1.7761,-1.65,0.73198,1.7365
1.2306,1.8836,-1.65,0.73218,1.7367
0.80339,1.8315,-1.65,0.7324,1.7368
0.8522,1.9428,-1.65,0.73197,1.7365
0.90381,2.0605,-1.65,0.73218,1.7367
0.49097,1.9388,-1.65,0.7324,1.7368
0.5208,2.0566,-1.65,0.73197,1.7365
0.55234,2.1812,-1.65,0.73218,1.7367
0.16516,1.9932,-1.65,0.7324,1.7368
0.17519,2.1143,-1.65,0.73197,1.7365
0.1858,2.2423,-1.65,0.73218,1.7367
-0.16516,1.9932,-1.65,0.7324,1.7368
-0.17519,2.1143,-1.65,0.73197,1.7365
-0.1858,2.2423,-1.65,0.73218,1.7367
-0.49097,1.9388,-1.65,0.7324,1.7368
-0.5208,2.0566,-1.65,0.73197,1.7365
-0.55234,2.1812,-1.65,0.73218,1.7367
-0.80339,1.8315,-1.65,0.7324,1.7368
-0.8522,1.9428,-1.65,0.73197,1.7365
-0.90381,2.0605,-1.65,0.73218,1.7367
-1.0939,1.6743,-1.65,0.7324,1.7368
-1.1604,1.7761,-1.65,0.73197,1.7365
-1.2306,1.8836,-1.65,0.73218,1.7367
-1.3546,1.4714,-1.65,0.7324,1.7368
-1.4369,1.5609,-1.65,0.73197,1.7365
-1.5239,1.6554,-1.65,0.73218,1.7367
-1.5783,1.2284,-1.65,0.7324,1.7368
-1.6742,1.3031,-1.65,0.73197,1.7365
-1.7756,1.382,-1.65,0.73218,1.7367
-1.7589,0.95189,-1.65,0.7324,1.7368
-1.8658,1.0097,-1.65,0.73197,1.7365
-1.9788,1.0709,-1.65,0.73218,1.7367
-1.8916,0.6494,-1.65,0.7324,1.7368
-2.0066,0.68886,-1.65,0.73197,1.7365
-2.1281,0.73057,-1.65,0.73218,1.7367
-1.9727,0.32919,-1.65,0.7324,1.7368
-2.0926,0.34919,-1.65,0.73197,1.7365
-2.2193,0.37034,-1.65,0.73218,1.7367
-2,1.96E-16,-1.65,0.7324,1.7368
-2.1215,-4.70E-07,-1.65,0.73197,1.7365
-2.25,-2.20E-16,-1.65,0.73218,1.7367
-1.9727,-0.32919,-1.65,0.7324,1.7368
-2.0926,-0.34919,-1.65,0.73197,1.7365
-2.2193,-0.37034,-1.65,0.73217,1.7367
-1.8916,-0.6494,-1.65,0.7324,1.7368
-2.0066,-0.68886,-1.65,0.73197,1.7365
-2.1281,-0.73057,-1.65,0.73217,1.7367
-1.7589,-0.95189,-1.65,0.7324,1.7368
-1.8658,-1.0097,-1.65,0.73197,1.7365
-1.9788,-1.0709,-1.65,0.73217,1.7367
-1.5783,-1.2284,-1.65,0.7324,1.7368
-1.6742,-1.3031,-1.65,0.73196,1.7365
-1.7756,-1.382,-1.65,0.73217,1.7367
-1.3546,-1.4714,-1.65,0.73239,1.7368
-1.4369,-1.5609,-1.65,0.73196,1.7365
-1.5239,-1.6554,-1.65,0.73217,1.7367
-1.0939,-1.6743,-1.65,0.73239,1.7368
-1.1604,-1.7761,-1.65,0.73196,1.7364
-1.2306,-1.8836,-1.65,0.73216,1.7366
-0.80339,-1.8315,-1.65,0.73238,1.7368
-0.8522,-1.9428,-1.65,0.73195,1.7364
-0.90381,-2.0605,-1.65,0.73215,1.7366
-0.49097,-1.9388,-1.65,0.73236,1.7368
-0.5208,-2.0566,-1.65,0.73193,1.7364
-0.55234,-2.1812,-1.65,0.73214,1.7366
-0.16516,-1.9932,-1.65,0.73234,1.7368
-0.17519,-2.1143,-1.65,0.73192,1.7364
-0.1858,-2.2423,-1.65,0.73212,1.7366
0.16516,-1.9932,-1.65,0.73233,1.7368
0.17519,-2.1143,-1.65,0.73191,1.7364
0.1858,-2.2423,-1.65,0.73211,1.7366
0.49097,-1.9388,-1.65,0.73233,1.7368
0.5208,-2.0566,-1.65,0.7319,1.7364
0.55234,-2.1812,-1.65,0.73211,1.7366
0.80339,-1.8315,-1.65,0.73233,1.7368
0.8522,-1.9428,-1.65,0.7319,1.7364
0.90381,-2.0605,-1.65,0.73211,1.7366
1.0939,-1.6743,-1.65,0.73234,1.7368
1.1604,-1.7761,-1.65,0.73191,1.7364
1.2306,-1.8836,-1.65,0.73211,1.7366
1.3546,-1.4714,-1.65,0.73235,1.7368
1.4369,-1.5609,-1.65,0.73192,1.7364
1.5239,-1.6554,-1.65,0.73213,1.7366
1.5783,-1.2284,-1.65,0.73237,1.7368
1.6742,-1.3031,-1.65,0.73194,1.7364
1.7756,-1.382,-1.65,0.73214,1.7366
1.7589,-0.95189,-1.65,0.73238,1.7368
1.8658,-1.0097,-1.65,0.73195,1.7364
1.9788,-1.0709,-1.65,0.73216,1.7366
1.8916,-0.6494,-1.65,0.73239,1.7368
2.0066,-0.68886,-1.65,0.73196,1.7365
2.1281,-0.73057,-1.65,0.73217,1.7367
1.9727,-0.32919,-1.65,0.7324,1.7368
2.0924,-0.34916,-1.65,0.73197,1.7365
2.2193,-0.37034,-1.65,0.73218,1.7367
2,0,-1.4125,0.65032,1.6401
1.9727,0.32919,-1.4125,0.65032,1.6401
2.0928,0.34922,-1.4125,0.6504,1.6402
2.1215,-4.18E-07,-1.4125,0.6504,1.6402
2.2193,0.37034,-1.4125,0.65035,1.6401
2.25,0,-1.4125,0.65034,1.6401
1.8916,0.6494,-1.4125,0.65032,1.6401
2.0066,0.68886,-1.4125,0.65041,1.6402
2.1281,0.73057,-1.4125,0.65035,1.6401
1.7589,0.95189,-1.4125,0.65033,1.6401
1.8658,1.0097,-1.4125,0.65041,1.6402
1.9788,1.0709,-1.4125,0.65035,1.6401
1.5783,1.2284,-1.4125,0.65033,1.6401
1.6742,1.3031,-1.4125,0.65041,1.6402
1.7756,1.382,-1.4125,0.65035,1.6401
1.3546,1.4714,-1.4125,0.65032,1.6401
1.4369,1.5609,-1.4125,0.6504,1.6402
1.5239,1.6554,-1.4125,0.65035,1.6401
1.0939,1.6743,-1.4125,0.65032,1.6401
1.1604,1.7761,-1.4125,0.6504,1.6402
1.2306,1.8836,-1.4125,0.65034,1.6401
0.80339,1.8315,-1.4125,0.65032,1.6401
0.8522,1.9428,-1.4125,0.6504,1.6402
0.90381,2.0605,-1.4125,0.65034,1.6401
0.49097,1.9388,-1.4125,0.65032,1.6401
0.5208,2.0566,-1.4125,0.6504,1.6402
0.55234,2.1812,-1.4125,0.65034,1.6401
0.16516,1.9932,-1.4125,0.65032,1.6401
0.17519,2.1143,-1.4125,0.6504,1.6402
0.1858,2.2423,-1.4125,0.65034,1.6401
-0.16516,1.9932,-1.4125,0.65032,1.6401
-0.17519,2.1143,-1.4125,0.6504,1.6402
-0.1858,2.2423,-1.4125,0.65034,1.6401
-0.49097,1.9388,-1.4125,0.65032,1.6401
-0.5208,2.0566,-1.4125,0.6504,1.6402
-0.55234,2.1812,-1.4125,0.65034,1.6401
-0.80339,1.8315,-1.4125,0.65032,1.6401
-0.8522,1.9428,-1.4125,0.6504,1.6402
-0.90381,2.0605,-1.4125,0.65034,1.6401
-1.0939,1.6743,-1.4125,0.65032,1.6401
-1.1604,1.7761,-1.4125,0.6504,1.6402
-1.2306,1.8836,-1.4125,0.65034,1.6401
-1.3546,1.4714,-1.4125,0.65031,1.6401
-1.4369,1.5609,-1.4125,0.6504,1.6402
-1.5239,1.6554,-1.4125,0.65034,1.6401
-1.5783,1.2284,-1.4125,0.65031,1.6401
-1.6742,1.3031,-1.4125,0.65039,1.6402
-1.7756,1.382,-1.4125,0.65034,1.6401
-1.7589,0.95189,-1.4125,0.65031,1.6401
-1.8658,1.0097,-1.4125,0.65039,1.6402
-1.9788,1.0709,-1.4125,0.65034,1.6401
-1.8916,0.6494,-1.4125,0.65031,1.6401
-2.0066,0.68886,-1.4125,0.65039,1.6402
-2.1281,0.73057,-1.4125,0.65034,1.6401
-1.9727,0.32919,-1.4125,0.65031,1.6401
-2.0926,0.34919,-1.4125,0.65039,1.6402
-2.2193,0.37034,-1.4125,0.65034,1.6401
-2,1.71E-16,-1.4125,0.65031,1.6401
-2.1215,-4.70E-07,-1.4125,0.65039,1.6402
-2.25,-1.93E-16,-1.4125,0.65034,1.6401
-1.9727,-0.32919,-1.4125,0.65031,1.6401
-2.0926,-0.34919,-1.4125,0.65039,1.6402
-2.2193,-0.37034,-1.4125,0.65034,1.6401
-1.8916,-0.6494,-1.4125,0.65031,1.6401
-2.0066,-0.68886,-1.4125,0.65039,1.6401
-2.1281,-0.73057,-1.4125,0.65034,1.6401
-1.7589,-0.95189,-1.4125,0.65031,1.6401
-1.8658,-1.0097,-1.4125,0.65039,1.6401
-1.9788,-1.0709,-1.4125,0.65033,1.6401
-1.5783,-1.2284,-1.4125,0.65031,1.6401
-1.6742,-1.3031,-1.4125,0.65039,1.6401
-1.7756,-1.382,-1.4125,0.65033,1.6401
-1.3546,-1.4714,-1.4125,0.65031,1.6401
-1.4369,-1.5609,-1.4125,0.65039,1.6401
-1.5239,-1.6554,-1.4125,0.65033,1.6401
-1.0939,-1.6743,-1.4125,0.6503,1.6401
-1.1604,-1.7761,-1.4125,0.65038,1.6401
-1.2306,-1.8836,-1.4125,0.65032,1.6401
-0.80339,-1.8315,-1.4125,0.65029,1.6401
-0.8522,-1.9428,-1.4125,0.65037,1.6401
-0.90381,-2.0605,-1.4125,0.65032,1.6401
-0.49097,-1.9388,-1.4125,0.65028,1.64
-0.5208,-2.0566,-1.4125,0.65036,1.6401
-0.55234,-2.1812,-1.4125,0.65031,1.6401
-0.16516,-1.9932,-1.4125,0.65027,1.64
-0.17519,-2.1143,-1.4125,0.65035,1.6401
-0.1858,-2.2423,-1.4125,0.6503,1.64
0.16516,-1.9932,-1.4125,0.65027,1.64
0.17519,-2.1143,-1.4125,0.65035,1.6401
0.1858,-2.2423,-1.4125,0.65029,1.64
0.49097,-1.9388,-1.4125,0.65026,1.64
0.5208,-2.0566,-1.4125,0.65034,1.6401
0.55234,-2.1812,-1.4125,0.65029,1.64
0.80339,-1.8315,-1.4125,0.65026,1.64
0.8522,-1.9428,-1.4125,0.65034,1.6401
0.90381,-2.0605,-1.4125,0.65029,1.64
1.0939,-1.6743,-1.4125,0.65027,1.64
1.1604,-1.7761,-1.4125,0.65035,1.6401
1.2306,-1.8836,-1.4125,0.65029,1.64
1.3546,-1.4714,-1.4125,0.65028,1.64
1.4369,-1.5609,-1.4125,0.65036,1.6401
1.5239,-1.6554,-1.4125,0.6503,1.6401
1.5783,-1.2284,-1.4125,0.65029,1.64
1.6742,-1.3031,-1.4125,0.65037,1.6401
1.7756,-1.382,-1.4125,0.65031,1.6401
1.7589,-0.95189,-1.4125,0.6503,1.6401
1.8658,-1.0097,-1.4125,0.65038,1.6401
1.9788,-1.0709,-1.4125,0.65032,1.6401
1.8916,-0.6494,-1.4125,0.65031,1.6401
2.0066,-0.68886,-1.4125,0.65039,1.6401
2.1281,-0.73057,-1.4125,0.65033,1.6401
1.9727,-0.32919,-1.4125,0.65031,1.6401
2.0924,-0.34916,-1.4125,0.65039,1.6401
2.2193,-0.37034,-1.4125,0.65034,1.6401
2,0,-1.175,0.57613,1.5437
1.9727,0.32919,-1.175,0.57614,1.5437
2.0928,0.34922,-1.175,0.57612,1.5436
2.1215,-4.18E-07,-1.175,0.57612,1.5436
2.2193,0.37034,-1.175,0.57613,1.5437
2.25,0,-1.175,0.57613,1.5437
1.8916,0.6494,-1.175,0.57614,1.5437
2.0066,0.68886,-1.175,0.57612,1.5436
2.1281,0.73057,-1.175,0.57614,1.5437
1.7589,0.95189,-1.175,0.57614,1.5437
1.8658,1.0097,-1.175,0.57612,1.5436
1.9788,1.0709,-1.175,0.57614,1.5437
1.5783,1.2284,-1.175,0.57614,1.5437
1.6742,1.3031,-1.175,0.57612,1.5436
1.7756,1.382,-1.175,0.57614,1.5437
1.3546,1.4714,-1.175,0.57614,1.5437
1.4369,1.5609,-1.175,0.57612,1.5436
1.5239,1.6554,-1.175,0.57613,1.5437
1.0939,1.6743,-1.175,0.57614,1.5437
1.1604,1.7761,-1.175,0.57612,1.5436
1.2306,1.8836,-1.175,0.57613,1.5437
0.80339,1.8315,-1.175,0.57613,1.5437
0.8522,1.9428,-1.175,0.57612,1.5436
0.90381,2.0605,-1.175,0.57613,1.5437
0.49097,1.9388,-1.175,0.57613,1.5437
0.5208,2.0566,-1.175,0.57612,1.5436
0.55234,2.1812,-1.175,0.57613,1.5437
0.16516,1.9932,-1.175,0.57613,1.5437
0.17519,2.1143,-1.175,0.57612,1.5436
0.1858,2.2423,-1.175,0.57613,1.5437
-0.16516,1.9932,-1.175,0.57613,1.5437
-0.17519,2.1143,-1.175,0.57612,1.5436
-0.1858,2.2423,-1.175,0.57613,1.5437
-0.49097,1.9388,-1.175,0.57613,1.5437
-0.5208,2.0566,-1.175,0.57612,1.5436
-0.55234,2.1812,-1.175,0.57613,1.5437
-0.80339,1.8315,-1.175,0.57613,1.5437
-0.8522,1.9428,-1.175,0.57612,1.5436
-0.90381,2.0605,-1.175,0.57613,1.5437
-1.0939,1.6743,-1.175,0.57613,1.5437
-1.1604,1.7761,-1.175,0.57612,1.5436
-1.2306,1.8836,-1.175,0.57613,1.5437
-1.3546,1.4714,-1.175,0.57613,1.5437
-1.4369,1.5609,-1.175,0.57612,1.5436
-1.5239,1.6554,-1.175,0.57613,1.5437
-1.5783,1.2284,-1.175,0.57613,1.5437
-1.6742,1.3031,-1.175,0.57612,1.5436
-1.7756,1.382,-1.175,0.57613,1.5437
-1.7589,0.95189,-1.175,0.57613,1.5437
-1.8658,1.0097,-1.175,0.57611,1.5436
-1.9788,1.0709,-1.175,0.57613,1.5436
-1.8916,0.6494,-1.175,0.57613,1.5437
-2.0066,0.68886,-1.175,0.57611,1.5436
-2.1281,0.73057,-1.175,0.57613,1.5436
-1.9727,0.32919,-1.175,0.57613,1.5437
-2.0926,0.34919,-1.175,0.57611,1.5436
-2.2193,0.37034,-1.175,0.57613,1.5436
-2,1.47E-16,-1.175,0.57613,1.5437
-2.1215,-4.70E-07,-1.175,0.57611,1.5436
-2.25,-1.65E-16,-1.175,0.57613,1.5436
-1.9727,-0.32919,-1.175,0.57613,1.5436
-2.0926,-0.34919,-1.175,0.57611,1.5436
-2.2193,-0.37034,-1.175,0.57613,1.5436
-1.8916,-0.6494,-1.175,0.57613,1.5436
-2.0066,-0.68886,-1.175,0.57611,1.5436
-2.1281,-0.73057,-1.175,0.57613,1.5436
-1.7589,-0.95189,-1.175,0.57613,1.5436
-1.8658,-1.0097,-1.175,0.57611,1.5436
-1.9788,-1.0709,-1.175,0.57612,1.5436
-1.5783,-1.2284,-1.175,0.57612,1.5436
-1.6742,-1.3031,-1.175,0.57611,1.5436
-1.7756,-1.382,-1.175,0.57612,1.5436
-1.3546,-1.4714,-1.175,0.57612,1.5436
-1.4369,-1.5609,-1.175,0.57611,1.5436
-1.5239,-1.6554,-1.175,0.57612,1.5436
-1.0939,-1.6743,-1.175,0.57612,1.5436
-1.1604,-1.7761,-1.175,0.5761,1.5436
-1.2306,-1.8836,-1.175,0.57611,1.5436
-0.80339,-1.8315,-1.175,0.57611,1.5436
-0.8522,-1.9428,-1.175,0.5761,1.5436
-0.90381,-2.0605,-1.175,0.57611,1.5436
-0.49097,-1.9388,-1.175,0.57611,1.5436
-0.5208,-2.0566,-1.175,0.57609,1.5436
-0.55234,-2.1812,-1.175,0.5761,1.5436
-0.16516,-1.9932,-1.175,0.5761,1.5436
-0.17519,-2.1143,-1.175,0.57608,1.5436
-0.1858,-2.2423,-1.175,0.5761,1.5436
0.16516,-1.9932,-1.175,0.57609,1.5436
0.17519,-2.1143,-1.175,0.57608,1.5436
0.1858,-2.2423,-1.175,0.57609,1.5436
0.49097,-1.9388,-1.175,0.57609,1.5436
0.5208,-2.0566,-1.175,0.57607,1.5436
0.55234,-2.1812,-1.175,0.57609,1.5436
0.80339,-1.8315,-1.175,0.57609,1.5436
0.8522,-1.9428,-1.175,0.57608,1.5436
0.90381,-2.0605,-1.175,0.57609,1.5436
1.0939,-1.6743,-1.175,0.57609,1.5436
1.1604,-1.7761,-1.175,0.57608,1.5436
1.2306,-1.8836,-1.175,0.57609,1.5436
1.3546,-1.4714,-1.175,0.5761,1.5436
1.4369,-1.5609,-1.175,0.57608,1.5436
1.5239,-1.6554,-1.175,0.5761,1.5436
1.5783,-1.2284,-1.175,0.57611,1.5436
1.6742,-1.3031,-1.175,0.57609,1.5436
1.7756,-1.382,-1.175,0.5761,1.5436
1.7589,-0.95189,-1.175,0.57612,1.5436
1.8658,-1.0097,-1.175,0.5761,1.5436
1.9788,-1.0709,-1.175,0.57611,1.5436
1.8916,-0.6494,-1.175,0.57612,1.5436
2.0066,-0.68886,-1.175,0.57611,1.5436
2.1281,-0.73057,-1.175,0.57612,1.5436
1.9727,-0.32919,-1.175,0.57613,1.5436
2.0924,-0.34916,-1.175,0.57611,1.5436
2.2193,-0.37034,-1.175,0.57612,1.5436
2,0,-0.9375,0.50871,1.4472
1.9727,0.32919,-0.9375,0.50872,1.4472
2.0928,0.34922,-0.9375,0.50872,1.4472
2.1215,-4.18E-07,-0.9375,0.50872,1.4472
2.2193,0.37034,-0.9375,0.50872,1.4472
2.25,0,-0.9375,0.50871,1.4472
1.8916,0.6494,-0.9375,0.50872,1.4472
2.0066,0.68886,-0.9375,0.50872,1.4472
2.1281,0.73057,-0.9375,0.50872,1.4472
1.7589,0.95189,-0.9375,0.50872,1.4472
1.8658,1.0097,-0.9375,0.50872,1.4472
1.9788,1.0709,-0.9375,0.50872,1.4472
1.5783,1.2284,-0.9375,0.50872,1.4472
1.6742,1.3031,-0.9375,0.50872,1.4472
1.7756,1.382,-0.9375,0.50872,1.4472
1.3546,1.4714,-0.9375,0.50872,1.4472
1.4369,1.5609,-0.9375,0.50872,1.4472
1.5239,1.6554,-0.9375,0.50872,1.4472
1.0939,1.6743,-0.9375,0.50872,1.4472
1.1604,1.7761,-0.9375,0.50872,1.4472
1.2306,1.8836,-0.9375,0.50872,1.4472
0.80339,1.8315,-0.9375,0.50872,1.4472
0.8522,1.9428,-0.9375,0.50872,1.4472
0.90381,2.0605,-0.9375,0.50872,1.4472
0.49097,1.9388,-0.9375,0.50872,1.4472
0.5208,2.0566,-0.9375,0.50872,1.4472
0.55234,2.1812,-0.9375,0.50872,1.4472
0.16516,1.9932,-0.9375,0.50872,1.4472
0.17519,2.1143,-0.9375,0.50872,1.4472
0.1858,2.2423,-0.9375,0.50872,1.4472
-0.16516,1.9932,-0.9375,0.50872,1.4472
-0.17519,2.1143,-0.9375,0.50872,1.4472
-0.1858,2.2423,-0.9375,0.50872,1.4472
-0.49097,1.9388,-0.9375,0.50872,1.4472
-0.5208,2.0566,-0.9375,0.50872,1.4472
-0.55234,2.1812,-0.9375,0.50872,1.4472
-0.80339,1.8315,-0.9375,0.50872,1.4472
-0.8522,1.9428,-0.9375,0.50872,1.4472
-0.90381,2.0605,-0.9375,0.50872,1.4472
-1.0939,1.6743,-0.9375,0.50872,1.4472
-1.1604,1.7761,-0.9375,0.50872,1.4472
-1.2306,1.8836,-0.9375,0.50872,1.4472
-1.3546,1.4714,-0.9375,0.50871,1.4472
-1.4369,1.5609,-0.9375,0.50872,1.4472
-1.5239,1.6554,-0.9375,0.50872,1.4472
-1.5783,1.2284,-0.9375,0.50871,1.4472
-1.6742,1.3031,-0.9375,0.50872,1.4472
-1.7756,1.382,-0.9375,0.50871,1.4472
-1.7589,0.95189,-0.9375,0.50871,1.4472
-1.8658,1.0097,-0.9375,0.50872,1.4472
-1.9788,1.0709,-0.9375,0.50871,1.4472
-1.8916,0.6494,-0.9375,0.50871,1.4472
-2.0066,0.68886,-0.9375,0.50872,1.4472
-2.1281,0.73057,-0.9375,0.50871,1.4472
-1.9727,0.32919,-0.9375,0.50871,1.4472
-2.0926,0.34919,-0.9375,0.50872,1.4472
-2.2193,0.37034,-0.9375,0.50871,1.4472
-2,1.22E-16,-0.9375,0.50871,1.4472
-2.1215,-4.70E-07,-0.9375,0.50872,1.4472
-2.25,-1.38E-16,-0.9375,0.50871,1.4472
-1.9727,-0.32919,-0.9375,0.50871,1.4472
-2.0926,-0.34919,-0.9375,0.50872,1.4472
-2.2193,-0.37034,-0.9375,0.50871,1.4472
-1.8916,-0.6494,-0.9375,0.50871,1.4472
-2.0066,-0.68886,-0.9375,0.50871,1.4472
-2.1281,-0.73057,-0.9375,0.50871,1.4472
-1.7589,-0.95189,-0.9375,0.50871,1.4472
-1.8658,-1.0097,-0.9375,0.50871,1.4472
-1.9788,-1.0709,-0.9375,0.50871,1.4472
-1.5783,-1.2284,-0.9375,0.50871,1.4472
-1.6742,-1.3031,-0.9375,0.50871,1.4472
-1.7756,-1.382,-0.9375,0.50871,1.4472
-1.3546,-1.4714,-0.9375,0.50871,1.4472
-1.4369,-1.5609,-0.9375,0.50871,1.4472
-1.5239,-1.6554,-0.9375,0.50871,1.4472
-1.0939,-1.6743,-0.9375,0.5087,1.4471
-1.1604,-1.7761,-0.9375,0.50871,1.4471
-1.2306,-1.8836,-0.9375,0.5087,1.4471
-0.80339,-1.8315,-0.9375,0.5087,1.4471
-0.8522,-1.9428,-0.9375,0.5087,1.4471
-0.90381,-2.0605,-0.9375,0.5087,1.4471
-0.49097,-1.9388,-0.9375,0.50869,1.4471
-0.5208,-2.0566,-0.9375,0.5087,1.4471
-0.55234,-2.1812,-0.9375,0.50869,1.4471
-0.16516,-1.9932,-0.9375,0.50869,1.4471
-0.17519,-2.1143,-0.9375,0.50869,1.4471
-0.1858,-2.2423,-0.9375,0.50869,1.4471
0.16516,-1.9932,-0.9375,0.50869,1.4471
0.17519,-2.1143,-0.9375,0.50869,1.4471
0.1858,-2.2423,-0.9375,0.50869,1.4471
0.49097,-1.9388,-0.9375,0.50868,1.4471
0.5208,-2.0566,-0.9375,0.50869,1.4471
0.55234,-2.1812,-0.9375,0.50868,1.4471
0.80339,-1.8315,-0.9375,0.50868,1.4471
0.8522,-1.9428,-0.9375,0.50869,1.4471
0.90381,-2.0605,-0.9375,0.50868,1.4471
1.0939,-1.6743,-0.9375,0.50869,1.4471
1.1604,-1.7761,-0.9375,0.50869,1.4471
1.2306,-1.8836,-0.9375,0.50869,1.4471
1.3546,-1.4714,-0.9375,0.50869,1.4471
1.4369,-1.5609,-0.9375,0.50869,1.4471
1.5239,-1.6554,-0.9375,0.50869,1.4471
1.5783,-1.2284,-0.9375,0.5087,1.4471
1.6742,-1.3031,-0.9375,0.5087,1.4471
1.7756,-1.382,-0.9375,0.5087,1.4471
1.7589,-0.95189,-0.9375,0.5087,1.4471
1.8658,-1.0097,-0.9375,0.5087,1.4471
1.9788,-1.0709,-0.9375,0.5087,1.4471
1.8916,-0.6494,-0.9375,0.50871,1.4472
2.0066,-0.68886,-0.9375,0.50871,1.4472
2.1281,-0.73057,-0.9375,0.50871,1.4472
1.9727,-0.32919,-0.9375,0.50871,1.4472
2.0924,-0.34916,-0.9375,0.50871,1.4472
2.2193,-0.37034,-0.9375,0.50871,1.4472
2,0,-0.7,0.44751,1.3507
1.9727,0.32919,-0.7,0.44752,1.3507
2.0928,0.34922,-0.7,0.44751,1.3507
2.1215,-4.18E-07,-0.7,0.44751,1.3507
2.2193,0.37034,-0.7,0.44752,1.3507
2.25,0,-0.7,0.44751,1.3507
1.8916,0.6494,-0.7,0.44752,1.3507
2.0066,0.68886,-0.7,0.44752,1.3507
2.1281,0.73057,-0.7,0.44752,1.3507
1.7589,0.95189,-0.7,0.44752,1.3507
1.8658,1.0097,-0.7,0.44752,1.3507
1.9788,1.0709,-0.7,0.44752,1.3507
1.5783,1.2284,-0.7,0.44752,1.3507
1.6742,1.3031,-0.7,0.44752,1.3507
1.7756,1.382,-0.7,0.44752,1.3507
1.3546,1.4714,-0.7,0.44752,1.3507
1.4369,1.5609,-0.7,0.44752,1.3507
1.5239,1.6554,-0.7,0.44752,1.3507
1.0939,1.6743,-0.7,0.44752,1.3507
1.1604,1.7761,-0.7,0.44752,1.3507
1.2306,1.8836,-0.7,0.44752,1.3507
0.80339,1.8315,-0.7,0.44752,1.3507
0.8522,1.9428,-0.7,0.44752,1.3507
0.90381,2.0605,-0.7,0.44752,1.3507
0.49097,1.9388,-0.7,0.44752,1.3507
0.5208,2.0566,-0.7,0.44752,1.3507
0.55234,2.1812,-0.7,0.44752,1.3507
0.16516,1.9932,-0.7,0.44752,1.3507
0.17519,2.1143,-0.7,0.44752,1.3507
0.1858,2.2423,-0.7,0.44752,1.3507
-0.16516,1.9932,-0.7,0.44752,1.3507
-0.17519,2.1143,-0.7,0.44752,1.3507
-0.1858,2.2423,-0.7,0.44752,1.3507
-0.49097,1.9388,-0.7,0.44752,1.3507
-0.5208,2.0566,-0.7,0.44752,1.3507
-0.55234,2.1812,-0.7,0.44752,1.3507
-0.80339,1.8315,-0.7,0.44752,1.3507
-0.8522,1.9428,-0.7,0.44751,1.3507
-0.90381,2.0605,-0.7,0.44752,1.3507
-1.0939,1.6743,-0.7,0.44752,1.3507
-1.1604,1.7761,-0.7,0.44751,1.3507
-1.2306,1.8836,-0.7,0.44752,1.3507
-1.3546,1.4714,-0.7,0.44751,1.3507
-1.4369,1.5609,-0.7,0.44751,1.3507
-1.5239,1.6554,-0.7,0.44751,1.3507
-1.5783,1.2284,-0.7,0.44751,1.3507
-1.6742,1.3031,-0.7,0.44751,1.3507
-1.7756,1.382,-0.7,0.44751,1.3507
-1.7589,0.95189,-0.7,0.44751,1.3507
-1.8658,1.0097,-0.7,0.44751,1.3507
-1.9788,1.0709,-0.7,0.44751,1.3507
-1.8916,0.6494,-0.7,0.44751,1.3507
-2.0066,0.68886,-0.7,0.44751,1.3507
-2.1281,0.73057,-0.7,0.44751,1.3507
-1.9727,0.32919,-0.7,0.44751,1.3507
-2.0926,0.34919,-0.7,0.44751,1.3507
-2.2193,0.37034,-0.7,0.44751,1.3507
-2,9.80E-17,-0.7,0.44751,1.3507
-2.1215,-4.70E-07,-0.7,0.44751,1.3507
-2.25,-1.10E-16,-0.7,0.44751,1.3507
-1.9727,-0.32919,-0.7,0.44751,1.3507
-2.0926,-0.34919,-0.7,0.44751,1.3507
-2.2193,-0.37034,-0.7,0.44751,1.3507
-1.8916,-0.6494,-0.7,0.44751,1.3507
-2.0066,-0.68886,-0.7,0.44751,1.3507
-2.1281,-0.73057,-0.7,0.44751,1.3507
-1.7589,-0.95189,-0.7,0.44751,1.3507
-1.8658,-1.0097,-0.7,0.44751,1.3507
-1.9788,-1.0709,-0.7,0.44751,1.3507
-1.5783,-1.2284,-0.7,0.44751,1.3507
-1.6742,-1.3031,-0.7,0.44751,1.3507
-1.7756,-1.382,-0.7,0.44751,1.3507
-1.3546,-1.4714,-0.7,0.44751,1.3507
-1.4369,-1.5609,-0.7,0.44751,1.3507
-1.5239,-1.6554,-0.7,0.44751,1.3507
-1.0939,-1.6743,-0.7,0.4475,1.3507
-1.1604,-1.7761,-0.7,0.4475,1.3507
-1.2306,-1.8836,-0.7,0.4475,1.3507
-0.80339,-1.8315,-0.7,0.4475,1.3507
-0.8522,-1.9428,-0.7,0.4475,1.3507
-0.90381,-2.0605,-0.7,0.4475,1.3507
-0.49097,-1.9388,-0.7,0.4475,1.3507
-0.5208,-2.0566,-0.7,0.4475,1.3507
-0.55234,-2.1812,-0.7,0.4475,1.3507
-0.16516,-1.9932,-0.7,0.44749,1.3507
-0.17519,-2.1143,-0.7,0.44749,1.3507
-0.1858,-2.2423,-0.7,0.44749,1.3507
0.16516,-1.9932,-0.7,0.44749,1.3507
0.17519,-2.1143,-0.7,0.44749,1.3507
0.1858,-2.2423,-0.7,0.44749,1.3507
0.49097,-1.9388,-0.7,0.44749,1.3506
0.5208,-2.0566,-0.7,0.44749,1.3506
0.55234,-2.1812,-0.7,0.44749,1.3506
0.80339,-1.8315,-0.7,0.44749,1.3506
0.8522,-1.9428,-0.7,0.44749,1.3506
0.90381,-2.0605,-0.7,0.44749,1.3506
1.0939,-1.6743,-0.7,0.44749,1.3507
1.1604,-1.7761,-0.7,0.44749,1.3507
1.2306,-1.8836,-0.7,0.44749,1.3507
1.3546,-1.4714,-0.7,0.4475,1.3507
1.4369,-1.5609,-0.7,0.44749,1.3507
1.5239,-1.6554,-0.7,0.4475,1.3507
1.5783,-1.2284,-0.7,0.4475,1.3507
1.6742,-1.3031,-0.7,0.4475,1.3507
1.7756,-1.382,-0.7,0.4475,1.3507
1.7589,-0.95189,-0.7,0.4475,1.3507
1.8658,-1.0097,-0.7,0.4475,1.3507
1.9788,-1.0709,-0.7,0.4475,1.3507
1.8916,-0.6494,-0.7,0.44751,1.3507
2.0066,-0.68886,-0.7,0.44751,1.3507
2.1281,-0.73057,-0.7,0.44751,1.3507
1.9727,-0.32919,-0.7,0.44751,1.3507
2.0924,-0.34916,-0.7,0.44751,1.3507
2.2193,-0.37034,-0.7,0.44751,1.3507
2,0,-0.4625,0.39194,1.2542
1.9727,0.32919,-0.4625,0.39195,1.2542
2.0928,0.34922,-0.4625,0.39195,1.2542
2.1215,-4.18E-07,-0.4625,0.39194,1.2542
2.2193,0.37034,-0.4625,0.39195,1.2542
2.25,0,-0.4625,0.39194,1.2542
1.8916,0.6494,-0.4625,0.39195,1.2542
2.0066,0.68886,-0.4625,0.39195,1.2542
2.1281,0.73057,-0.4625,0.39195,1.2542
1.7589,0.95189,-0.4625,0.39195,1.2542
1.8658,1.0097,-0.4625,0.39195,1.2542
1.9788,1.0709,-0.4625,0.39195,1.2542
1.5783,1.2284,-0.4625,0.39195,1.2542
1.6742,1.3031,-0.4625,0.39195,1.2542
1.7756,1.382,-0.4625,0.39195,1.2542
1.3546,1.4714,-0.4625,0.39195,1.2542
1.4369,1.5609,-0.4625,0.39195,1.2542
1.5239,1.6554,-0.4625,0.39195,1.2542
1.0939,1.6743,-0.4625,0.39195,1.2542
1.1604,1.7761,-0.4625,0.39195,1.2542
1.2306,1.8836,-0.4625,0.39195,1.2542
0.80339,1.8315,-0.4625,0.39195,1.2542
0.8522,1.9428,-0.4625,0.39195,1.2542
0.90381,2.0605,-0.4625,0.39195,1.2542
0.49097,1.9388,-0.4625,0.39195,1.2542
0.5208,2.0566,-0.4625,0.39195,1.2542
0.55234,2.1812,-0.4625,0.39195,1.2542
0.16516,1.9932,-0.4625,0.39195,1.2542
0.17519,2.1143,-0.4625,0.39195,1.2542
0.1858,2.2423,-0.4625,0.39195,1.2542
-0.16516,1.9932,-0.4625,0.39195,1.2542
-0.17519,2.1143,-0.4625,0.39195,1.2542
-0.1858,2.2423,-0.4625,0.39195,1.2542
-0.49097,1.9388,-0.4625,0.39195,1.2542
-0.5208,2.0566,-0.4625,0.39195,1.2542
-0.55234,2.1812,-0.4625,0.39195,1.2542
-0.80339,1.8315,-0.4625,0.39195,1.2542
-0.8522,1.9428,-0.4625,0.39195,1.2542
-0.90381,2.0605,-0.4625,0.39195,1.2542
-1.0939,1.6743,-0.4625,0.39195,1.2542
-1.1604,1.7761,-0.4625,0.39195,1.2542
-1.2306,1.8836,-0.4625,0.39195,1.2542
-1.3546,1.4714,-0.4625,0.39195,1.2542
-1.4369,1.5609,-0.4625,0.39195,1.2542
-1.5239,1.6554,-0.4625,0.39195,1.2542
-1.5783,1.2284,-0.4625,0.39195,1.2542
-1.6742,1.3031,-0.4625,0.39195,1.2542
-1.7756,1.382,-0.4625,0.39195,1.2542
-1.7589,0.95189,-0.4625,0.39194,1.2542
-1.8658,1.0097,-0.4625,0.39195,1.2542
-1.9788,1.0709,-0.4625,0.39194,1.2542
-1.8916,0.6494,-0.4625,0.39194,1.2542
-2.0066,0.68886,-0.4625,0.39194,1.2542
-2.1281,0.73057,-0.4625,0.39194,1.2542
-1.9727,0.32919,-0.4625,0.39194,1.2542
-2.0926,0.34919,-0.4625,0.39194,1.2542
-2.2193,0.37034,-0.4625,0.39194,1.2542
-2,7.35E-17,-0.4625,0.39194,1.2542
-2.1215,-4.70E-07,-0.4625,0.39194,1.2542
-2.25,-8.27E-17,-0.4625,0.39194,1.2542
-1.9727,-0.32919,-0.4625,0.39194,1.2542
-2.0926,-0.34919,-0.4625,0.39194,1.2542
-2.2193,-0.37034,-0.4625,0.39194,1.2542
-1.8916,-0.6494,-0.4625,0.39194,1.2542
-2.0066,-0.68886,-0.4625,0.39194,1.2542
-2.1281,-0.73057,-0.4625,0.39194,1.2542
-1.7589,-0.95189,-0.4625,0.39194,1.2542
-1.8658,-1.0097,-0.4625,0.39194,1.2542
-1.9788,-1.0709,-0.4625,0.39194,1.2542
-1.5783,-1.2284,-0.4625,0.39194,1.2542
-1.6742,-1.3031,-0.4625,0.39194,1.2542
-1.7756,-1.382,-0.4625,0.39194,1.2542
-1.3546,-1.4714,-0.4625,0.39194,1.2542
-1.4369,-1.5609,-0.4625,0.39194,1.2542
-1.5239,-1.6554,-0.4625,0.39194,1.2542
-1.0939,-1.6743,-0.4625,0.39194,1.2542
-1.1604,-1.7761,-0.4625,0.39194,1.2542
-1.2306,-1.8836,-0.4625,0.39194,1.2542
-0.80339,-1.8315,-0.4625,0.39193,1.2542
-0.8522,-1.9428,-0.4625,0.39193,1.2542
-0.90381,-2.0605,-0.4625,0.39193,1.2542
-0.49097,-1.9388,-0.4625,0.39193,1.2542
-0.5208,-2.0566,-0.4625,0.39193,1.2542
-0.55234,-2.1812,-0.4625,0.39193,1.2542
-0.16516,-1.9932,-0.4625,0.39193,1.2542
-0.17519,-2.1143,-0.4625,0.39193,1.2542
-0.1858,-2.2423,-0.4625,0.39193,1.2542
0.16516,-1.9932,-0.4625,0.39193,1.2542
0.17519,-2.1143,-0.4625,0.39193,1.2542
0.1858,-2.2423,-0.4625,0.39193,1.2542
0.49097,-1.9388,-0.4625,0.39193,1.2542
0.5208,-2.0566,-0.4625,0.39193,1.2542
0.55234,-2.1812,-0.4625,0.39193,1.2542
0.80339,-1.8315,-0.4625,0.39193,1.2542
0.8522,-1.9428,-0.4625,0.39193,1.2542
0.90381,-2.0605,-0.4625,0.39193,1.2542
1.0939,-1.6743,-0.4625,0.39193,1.2542
1.1604,-1.7761,-0.4625,0.39193,1.2542
1.2306,-1.8836,-0.4625,0.39193,1.2542
1.3546,-1.4714,-0.4625,0.39193,1.2542
1.4369,-1.5609,-0.4625,0.39193,1.2542
1.5239,-1.6554,-0.4625,0.39193,1.2542
1.5783,-1.2284,-0.4625,0.39193,1.2542
1.6742,-1.3031,-0.4625,0.39193,1.2542
1.7756,-1.382,-0.4625,0.39193,1.2542
1.7589,-0.95189,-0.4625,0.39194,1.2542
1.8658,-1.0097,-0.4625,0.39194,1.2542
1.9788,-1.0709,-0.4625,0.39194,1.2542
1.8916,-0.6494,-0.4625,0.39194,1.2542
2.0066,-0.68886,-0.4625,0.39194,1.2542
2.1281,-0.73057,-0.4625,0.39194,1.2542
1.9727,-0.32919,-0.4625,0.39194,1.2542
2.0924,-0.34916,-0.4625,0.39194,1.2542
2.2193,-0.37034,-0.4625,0.39194,1.2542
2,0,-0.225,0.34149,1.1577
1.9727,0.32919,-0.225,0.34149,1.1577
2.0928,0.34922,-0.225,0.34149,1.1577
2.1215,-4.18E-07,-0.225,0.34149,1.1577
2.2193,0.37034,-0.225,0.34149,1.1577
2.25,0,-0.225,0.34149,1.1577
1.8916,0.6494,-0.225,0.34149,1.1577
2.0066,0.68886,-0.225,0.34149,1.1577
2.1281,0.73057,-0.225,0.34149,1.1577
1.7589,0.95189,-0.225,0.34149,1.1577
1.8658,1.0097,-0.225,0.34149,1.1577
1.9788,1.0709,-0.225,0.34149,1.1577
1.5783,1.2284,-0.225,0.34149,1.1577
1.6742,1.3031,-0.225,0.34149,1.1577
1.7756,1.382,-0.225,0.34149,1.1577
1.3546,1.4714,-0.225,0.34149,1.1577
1.4369,1.5609,-0.225,0.34149,1.1577
1.5239,1.6554,-0.225,0.34149,1.1577
1.0939,1.6743,-0.225,0.34149,1.1577
1.1604,1.7761,-0.225,0.34149,1.1577
1.2306,1.8836,-0.225,0.34149,1.1577
0.80339,1.8315,-0.225,0.34149,1.1577
0.8522,1.9428,-0.225,0.34149,1.1577
0.90381,2.0605,-0.225,0.34149,1.1577
0.49097,1.9388,-0.225,0.34149,1.1577
0.5208,2.0566,-0.225,0.34149,1.1577
0.55234,2.1812,-0.225,0.34149,1.1577
0.16516,1.9932,-0.225,0.34149,1.1577
0.17519,2.1143,-0.225,0.34149,1.1577
0.1858,2.2423,-0.225,0.34149,1.1577
-0.16516,1.9932,-0.225,0.34149,1.1577
-0.17519,2.1143,-0.225,0.34149,1.1577
-0.1858,2.2423,-0.225,0.34149,1.1577
-0.49097,1.9388,-0.225,0.34149,1.1577
-0.5208,2.0566,-0.225,0.34149,1.1577
-0.55234,2.1812,-0.225,0.34149,1.1577
-0.80339,1.8315,-0.225,0.34149,1.1577
-0.8522,1.9428,-0.225,0.34149,1.1577
-0.90381,2.0605,-0.225,0.34149,1.1577
-1.0939,1.6743,-0.225,0.34149,1.1577
-1.1604,1.7761,-0.225,0.34149,1.1577
-1.2306,1.8836,-0.225,0.34149,1.1577
-1.3546,1.4714,-0.225,0.34149,1.1577
-1.4369,1.5609,-0.225,0.34149,1.1577
-1.5239,1.6554,-0.225,0.34149,1.1577
-1.5783,1.2284,-0.225,0.34149,1.1577
-1.6742,1.3031,-0.225,0.34149,1.1577
-1.7756,1.382,-0.225,0.34149,1.1577
-1.7589,0.95189,-0.225,0.34149,1.1577
-1.8658,1.0097,-0.225,0.34149,1.1577
-1.9788,1.0709,-0.225,0.34149,1.1577
-1.8916,0.6494,-0.225,0.34149,1.1577
-2.0066,0.68886,-0.225,0.34149,1.1577
-2.1281,0.73057,-0.225,0.34149,1.1577
-1.9727,0.32919,-0.225,0.34149,1.1577
-2.0926,0.34919,-0.225,0.34149,1.1577
-2.2193,0.37034,-0.225,0.34149,1.1577
-2,4.90E-17,-0.225,0.34149,1.1577
-2.1215,-4.70E-07,-0.225,0.34149,1.1577
-2.25,-5.51E-17,-0.225,0.34149,1.1577
-1.9727,-0.32919,-0.225,0.34149,1.1577
-2.0926,-0.34919,-0.225,0.34149,1.1577
-2.2193,-0.37034,-0.225,0.34149,1.1577
-1.8916,-0.6494,-0.225,0.34149,1.1577
-2.0066,-0.68886,-0.225,0.34149,1.1577
-2.1281,-0.73057,-0.225,0.34149,1.1577
-1.7589,-0.95189,-0.225,0.34149,1.1577
-1.8658,-1.0097,-0.225,0.34149,1.1577
-1.9788,-1.0709,-0.225,0.34149,1.1577
-1.5783,-1.2284,-0.225,0.34149,1.1577
-1.6742,-1.3031,-0.225,0.34149,1.1577
-1.7756,-1.382,-0.225,0.34149,1.1577
-1.3546,-1.4714,-0.225,0.34148,1.1577
-1.4369,-1.5609,-0.225,0.34148,1.1577
-1.5239,-1.6554,-0.225,0.34148,1.1577
-1.0939,-1.6743,-0.225,0.34148,1.1577
-1.1604,-1.7761,-0.225,0.34148,1.1577
-1.2306,-1.8836,-0.225,0.34148,1.1577
-0.80339,-1.8315,-0.225,0.34148,1.1577
-0.8522,-1.9428,-0.225,0.34148,1.1577
-0.90381,-2.0605,-0.225,0.34148,1.1577
-0.49097,-1.9388,-0.225,0.34148,1.1577
-0.5208,-2.0566,-0.225,0.34148,1.1577
-0.55234,-2.1812,-0.225,0.34148,1.1577
-0.16516,-1.9932,-0.225,0.34148,1.1577
-0.17519,-2.1143,-0.225,0.34148,1.1577
-0.1858,-2.2423,-0.225,0.34148,1.1577
0.16516,-1.9932,-0.225,0.34148,1.1577
0.17519,-2.1143,-0.225,0.34148,1.1577
0.1858,-2.2423,-0.225,0.34148,1.1577
0.49097,-1.9388,-0.225,0.34148,1.1577
0.5208,-2.0566,-0.225,0.34148,1.1577
0.55234,-2.1812,-0.225,0.34148,1.1577
0.80339,-1.8315,-0.225,0.34148,1.1577
0.8522,-1.9428,-0.225,0.34148,1.1577
0.90381,-2.0605,-0.225,0.34148,1.1577
1.0939,-1.6743,-0.225,0.34148,1.1577
1.1604,-1.7761,-0.225,0.34148,1.1577
1.2306,-1.8836,-0.225,0.34148,1.1577
1.3546,-1.4714,-0.225,0.34148,1.1577
1.4369,-1.5609,-0.225,0.34148,1.1577
1.5239,-1.6554,-0.225,0.34148,1.1577
1.5783,-1.2284,-0.225,0.34148,1.1577
1.6742,-1.3031,-0.225,0.34148,1.1577
1.7756,-1.382,-0.225,0.34148,1.1577
1.7589,-0.95189,-0.225,0.34148,1.1577
1.8658,-1.0097,-0.225,0.34148,1.1577
1.9788,-1.0709,-0.225,0.34148,1.1577
1.8916,-0.6494,-0.225,0.34149,1.1577
2.0066,-0.68886,-0.225,0.34148,1.1577
2.1281,-0.73057,-0.225,0.34149,1.1577
1.9727,-0.32919,-0.225,0.34149,1.1577
2.0924,-0.34916,-0.225,0.34149,1.1577
2.2193,-0.37034,-0.225,0.34149,1.1577
2,0,0.0125,0.29568,1.0613
1.9727,0.32919,0.0125,0.29568,1.0613
2.0928,0.34922,0.0125,0.29568,1.0613
2.1215,-4.18E-07,0.0125,0.29568,1.0613
2.2193,0.37034,0.0125,0.29568,1.0613
2.25,0,0.0125,0.29568,1.0613
1.8916,0.6494,0.0125,0.29568,1.0613
2.0066,0.68886,0.0125,0.29568,1.0613
2.1281,0.73057,0.0125,0.29568,1.0613
1.7589,0.95189,0.0125,0.29568,1.0613
1.8658,1.0097,0.0125,0.29568,1.0613
1.9788,1.0709,0.0125,0.29568,1.0613
1.5783,1.2284,0.0125,0.29568,1.0613
1.6742,1.3031,0.0125,0.29568,1.0613
1.7756,1.382,0.0125,0.29568,1.0613
1.3546,1.4714,0.0125,0.29568,1.0613
1.4369,1.5609,0.0125,0.29568,1.0613
1.5239,1.6554,0.0125,0.29568,1.0613
1.0939,1.6743,0.0125,0.29568,1.0613
1.1604,1.7761,0.0125,0.29568,1.0613
1.2306,1.8836,0.0125,0.29568,1.0613
0.80339,1.8315,0.0125,0.29568,1.0613
0.8522,1.9428,0.0125,0.29568,1.0613
0.90381,2.0605,0.0125,0.29568,1.0613
0.49097,1.9388,0.0125,0.29568,1.0613
0.5208,2.0566,0.0125,0.29568,1.0613
0.55234,2.1812,0.0125,0.29568,1.0613
0.16516,1.9932,0.0125,0.29568,1.0613
0.17519,2.1143,0.0125,0.29568,1.0613
0.1858,2.2423,0.0125,0.29568,1.0613
-0.16516,1.9932,0.0125,0.29568,1.0613
-0.17519,2.1143,0.0125,0.29568,1.0613
-0.1858,2.2423,0.0125,0.29568,1.0613
-0.49097,1.9388,0.0125,0.29568,1.0613
-0.5208,2.0566,0.0125,0.29568,1.0613
-0.55234,2.1812,0.0125,0.29568,1.0613
-0.80339,1.8315,0.0125,0.29568,1.0613
-0.8522,1.9428,0.0125,0.29568,1.0613
-0.90381,2.0605,0.0125,0.29568,1.0613
-1.0939,1.6743,0.0125,0.29568,1.0613
-1.1604,1.7761,0.0125,0.29568,1.0613
-1.2306,1.8836,0.0125,0.29568,1.0613
-1.3546,1.4714,0.0125,0.29568,1.0613
-1.4369,1.5609,0.0125,0.29568,1.0613
-1.5239,1.6554,0.0125,0.29568,1.0613
-1.5783,1.2284,0.0125,0.29568,1.0613
-1.6742,1.3031,0.0125,0.29568,1.0613
-1.7756,1.382,0.0125,0.29568,1.0613
-1.7589,0.95189,0.0125,0.29568,1.0613
-1.8658,1.0097,0.0125,0.29568,1.0613
-1.9788,1.0709,0.0125,0.29568,1.0613
-1.8916,0.6494,0.0125,0.29568,1.0613
-2.0066,0.68886,0.0125,0.29568,1.0613
-2.1281,0.73057,0.0125,0.29568,1.0613
-1.9727,0.32919,0.0125,0.29568,1.0613
-2.0926,0.34919,0.0125,0.29568,1.0613
-2.2193,0.37034,0.0125,0.29568,1.0613
-2,2.45E-17,0.0125,0.29568,1.0613
-2.1215,-4.70E-07,0.0125,0.29568,1.0613
-2.25,-2.76E-17,0.0125,0.29568,1.0613
-1.9727,-0.32919,0.0125,0.29568,1.0613
-2.0926,-0.34919,0.0125,0.29568,1.0613
-2.2193,-0.37034,0.0125,0.29568,1.0613
-1.8916,-0.6494,0.0125,0.29568,1.0612
-2.0066,-0.68886,0.0125,0.29568,1.0612
-2.1281,-0.73057,0.0125,0.29568,1.0612
-1.7589,-0.95189,0.0125,0.29568,1.0612
-1.8658,-1.0097,0.0125,0.29568,1.0612
-1.9788,-1.0709,0.0125,0.29568,1.0612
-1.5783,-1.2284,0.0125,0.29568,1.0612
-1.6742,-1.3031,0.0125,0.29568,1.0612
-1.7756,-1.382,0.0125,0.29568,1.0612
-1.3546,-1.4714,0.0125,0.29567,1.0612
-1.4369,-1.5609,0.0125,0.29567,1.0612
-1.5239,-1.6554,0.0125,0.29567,1.0612
-1.0939,-1.6743,0.0125,0.29567,1.0612
-1.1604,-1.7761,0.0125,0.29567,1.0612
-1.2306,-1.8836,0.0125,0.29567,1.0612
-0.80339,-1.8315,0.0125,0.29567,1.0612
-0.8522,-1.9428,0.0125,0.29567,1.0612
-0.90381,-2.0605,0.0125,0.29567,1.0612
-0.49097,-1.9388,0.0125,0.29567,1.0612
-0.5208,-2.0566,0.0125,0.29567,1.0612
-0.55234,-2.1812,0.0125,0.29567,1.0612
-0.16516,-1.9932,0.0125,0.29567,1.0612
-0.17519,-2.1143,0.0125,0.29567,1.0612
-0.1858,-2.2423,0.0125,0.29567,1.0612
0.16516,-1.9932,0.0125,0.29567,1.0612
0.17519,-2.1143,0.0125,0.29567,1.0612
0.1858,-2.2423,0.0125,0.29567,1.0612
0.49097,-1.9388,0.0125,0.29567,1.0612
0.5208,-2.0566,0.0125,0.29567,1.0612
0.55234,-2.1812,0.0125,0.29567,1.0612
0.80339,-1.8315,0.0125,0.29567,1.0612
0.8522,-1.9428,0.0125,0.29567,1.0612
0.90381,-2.0605,0.0125,0.29567,1.0612
1.0939,-1.6743,0.0125,0.29567,1.0612
1.1604,-1.7761,0.0125,0.29567,1.0612
1.2306,-1.8836,0.0125,0.29567,1.0612
1.3546,-1.4714,0.0125,0.29567,1.0612
1.4369,-1.5609,0.0125,0.29567,1.0612
1.5239,-1.6554,0.0125,0.29567,1.0612
1.5783,-1.2284,0.0125,0.29567,1.0612
1.6742,-1.3031,0.0125,0.29567,1.0612
1.7756,-1.382,0.0125,0.29567,1.0612
1.7589,-0.95189,0.0125,0.29567,1.0612
1.8658,-1.0097,0.0125,0.29567,1.0612
1.9788,-1.0709,0.0125,0.29567,1.0612
1.8916,-0.6494,0.0125,0.29568,1.0612
2.0066,-0.68886,0.0125,0.29568,1.0612
2.1281,-0.73057,0.0125,0.29568,1.0612
1.9727,-0.32919,0.0125,0.29568,1.0612
2.0924,-0.34916,0.0125,0.29568,1.0612
2.2193,-0.37034,0.0125,0.29568,1.0612
2,0,0.25,0.25408,0.96477
1.9727,0.32919,0.25,0.25408,0.96478
2.0928,0.34922,0.25,0.25408,0.96478
2.1215,-4.18E-07,0.25,0.25408,0.96477
2.2193,0.37034,0.25,0.25408,0.96478
2.25,0,0.25,0.25408,0.96477
1.8916,0.6494,0.25,0.25409,0.96478
2.0066,0.68886,0.25,0.25409,0.96478
2.1281,0.73057,0.25,0.25409,0.96478
1.7589,0.95189,0.25,0.25409,0.96478
1.8658,1.0097,0.25,0.25409,0.96478
1.9788,1.0709,0.25,0.25409,0.96478
1.5783,1.2284,0.25,0.25409,0.96478
1.6742,1.3031,0.25,0.25409,0.96478
1.7756,1.382,0.25,0.25409,0.96478
1.3546,1.4714,0.25,0.25409,0.96478
1.4369,1.5609,0.25,0.25409,0.96478
1.5239,1.6554,0.25,0.25409,0.96478
1.0939,1.6743,0.25,0.25409,0.96478
1.1604,1.7761,0.25,0.25409,0.96478
1.2306,1.8836,0.25,0.25409,0.96478
0.80339,1.8315,0.25,0.25409,0.96478
0.8522,1.9428,0.25,0.25409,0.96478
0.90381,2.0605,0.25,0.25409,0.96478
0.49097,1.9388,0.25,0.25409,0.96478
0.5208,2.0566,0.25,0.25409,0.96478
0.55234,2.1812,0.25,0.25409,0.96478
0.16516,1.9932,0.25,0.25409,0.96478
0.17519,2.1143,0.25,0.25409,0.96478
0.1858,2.2423,0.25,0.25409,0.96478
-0.16516,1.9932,0.25,0.25409,0.96478
-0.17519,2.1143,0.25,0.25409,0.96478
-0.1858,2.2423,0.25,0.25409,0.96478
-0.49097,1.9388,0.25,0.25409,0.96478
-0.5208,2.0566,0.25,0.25409,0.96478
-0.55234,2.1812,0.25,0.25409,0.96478
-0.80339,1.8315,0.25,0.25409,0.96478
-0.8522,1.9428,0.25,0.25409,0.96478
-0.90381,2.0605,0.25,0.25409,0.96478
-1.0939,1.6743,0.25,0.25409,0.96478
-1.1604,1.7761,0.25,0.25409,0.96478
-1.2306,1.8836,0.25,0.25409,0.96478
-1.3546,1.4714,0.25,0.25409,0.96478
-1.4369,1.5609,0.25,0.25409,0.96478
-1.5239,1.6554,0.25,0.25409,0.96478
-1.5783,1.2284,0.25,0.25409,0.96478
-1.6742,1.3031,0.25,0.25409,0.96478
-1.7756,1.382,0.25,0.25409,0.96478
-1.7589,0.95189,0.25,0.25409,0.96478
-1.8658,1.0097,0.25,0.25409,0.96478
-1.9788,1.0709,0.25,0.25409,0.96478
-1.8916,0.6494,0.25,0.25408,0.96478
-2.0066,0.68886,0.25,0.25408,0.96478
-2.1281,0.73057,0.25,0.25408,0.96478
-1.9727,0.32919,0.25,0.25408,0.96478
-2.0926,0.34919,0.25,0.25408,0.96478
-2.2193,0.37034,0.25,0.25408,0.96478
-2,-9.86E-32,0.25,0.25408,0.96477
-2.1215,-4.70E-07,0.25,0.25408,0.96477
-2.25,-4.93E-32,0.25,0.25408,0.96477
-1.9727,-0.32919,0.25,0.25408,0.96477
-2.0926,-0.34919,0.25,0.25408,0.96477
-2.2193,-0.37034,0.25,0.25408,0.96477
-1.8916,-0.6494,0.25,0.25408,0.96477
-2.0066,-0.68886,0.25,0.25408,0.96477
-2.1281,-0.73057,0.25,0.25408,0.96477
-1.7589,-0.95189,0.25,0.25408,0.96477
-1.8658,-1.0097,0.25,0.25408,0.96477
-1.9788,-1.0709,0.25,0.25408,0.96477
-1.5783,-1.2284,0.25,0.25408,0.96477
-1.6742,-1.3031,0.25,0.25408,0.96477
-1.7756,-1.382,0.25,0.25408,0.96477
-1.3546,-1.4714,0.25,0.25408,0.96477
-1.4369,-1.5609,0.25,0.25408,0.96477
-1.5239,-1.6554,0.25,0.25408,0.96477
-1.0939,-1.6743,0.25,0.25408,0.96476
-1.1604,-1.7761,0.25,0.25408,0.96476
-1.2306,-1.8836,0.25,0.25408,0.96476
-0.80339,-1.8315,0.25,0.25408,0.96476
-0.8522,-1.9428,0.25,0.25408,0.96476
-0.90381,-2.0605,0.25,0.25408,0.96476
-0.49097,-1.9388,0.25,0.25408,0.96476
-0.5208,-2.0566,0.25,0.25408,0.96476
-0.55234,-2.1812,0.25,0.25408,0.96476
-0.16516,-1.9932,0.25,0.25408,0.96476
-0.17519,-2.1143,0.25,0.25408,0.96476
-0.1858,-2.2423,0.25,0.25408,0.96476
0.16516,-1.9932,0.25,0.25408,0.96476
0.17519,-2.1143,0.25,0.25408,0.96476
0.1858,-2.2423,0.25,0.25408,0.96476
0.49097,-1.9388,0.25,0.25408,0.96476
0.5208,-2.0566,0.25,0.25408,0.96476
0.55234,-2.1812,0.25,0.25408,0.96476
0.80339,-1.8315,0.25,0.25408,0.96476
0.8522,-1.9428,0.25,0.25408,0.96476
0.90381,-2.0605,0.25,0.25408,0.96476
1.0939,-1.6743,0.25,0.25408,0.96476
1.1604,-1.7761,0.25,0.25408,0.96476
1.2306,-1.8836,0.25,0.25408,0.96476
1.3546,-1.4714,0.25,0.25408,0.96476
1.4369,-1.5609,0.25,0.25408,0.96476
1.5239,-1.6554,0.25,0.25408,0.96476
1.5783,-1.2284,0.25,0.25408,0.96476
1.6742,-1.3031,0.25,0.25408,0.96476
1.7756,-1.382,0.25,0.25408,0.96476
1.7589,-0.95189,0.25,0.25408,0.96476
1.8658,-1.0097,0.25,0.25408,0.96476
1.9788,-1.0709,0.25,0.25408,0.96476
1.8916,-0.6494,0.25,0.25408,0.96477
2.0066,-0.68886,0.25,0.25408,0.96477
2.1281,-0.73057,0.25,0.25408,0.96477
1.9727,-0.32919,0.25,0.25408,0.96477
2.0924,-0.34916,0.25,0.25408,0.96477
2.2193,-0.37034,0.25,0.25408,0.96477
2,0,0.4875,0.21632,0.8683
1.9727,0.32919,0.4875,0.21632,0.8683
2.0928,0.34922,0.4875,0.21632,0.8683
2.1215,-4.18E-07,0.4875,0.21632,0.8683
2.2193,0.37034,0.4875,0.21632,0.8683
2.25,0,0.4875,0.21632,0.8683
1.8916,0.6494,0.4875,0.21632,0.8683
2.0066,0.68886,0.4875,0.21632,0.8683
2.1281,0.73057,0.4875,0.21632,0.8683
1.7589,0.95189,0.4875,0.21632,0.8683
1.8658,1.0097,0.4875,0.21632,0.8683
1.9788,1.0709,0.4875,0.21632,0.8683
1.5783,1.2284,0.4875,0.21632,0.8683
1.6742,1.3031,0.4875,0.21632,0.8683
1.7756,1.382,0.4875,0.21632,0.8683
1.3546,1.4714,0.4875,0.21632,0.8683
1.4369,1.5609,0.4875,0.21632,0.8683
1.5239,1.6554,0.4875,0.21632,0.8683
1.0939,1.6743,0.4875,0.21632,0.8683
1.1604,1.7761,0.4875,0.21632,0.8683
1.2306,1.8836,0.4875,0.21632,0.8683
0.80339,1.8315,0.4875,0.21632,0.8683
0.8522,1.9428,0.4875,0.21632,0.8683
0.90381,2.0605,0.4875,0.21632,0.8683
0.49097,1.9388,0.4875,0.21632,0.8683
0.5208,2.0566,0.4875,0.21632,0.8683
0.55234,2.1812,0.4875,0.21632,0.8683
0.16516,1.9932,0.4875,0.21632,0.8683
0.17519,2.1143,0.4875,0.21632,0.8683
0.1858,2.2423,0.4875,0.21632,0.8683
-0.16516,1.9932,0.4875,0.21632,0.8683
-0.17519,2.1143,0.4875,0.21632,0.8683
-0.1858,2.2423,0.4875,0.21632,0.8683
-0.49097,1.9388,0.4875,0.21632,0.8683
-0.5208,2.0566,0.4875,0.21632,0.8683
-0.55234,2.1812,0.4875,0.21632,0.8683
-0.80339,1.8315,0.4875,0.21632,0.8683
-0.8522,1.9428,0.4875,0.21632,0.8683
-0.90381,2.0605,0.4875,0.21632,0.8683
-1.0939,1.6743,0.4875,0.21632,0.8683
-1.1604,1.7761,0.4875,0.21632,0.8683
-1.2306,1.8836,0.4875,0.21632,0.8683
-1.3546,1.4714,0.4875,0.21632,0.8683
-1.4369,1.5609,0.4875,0.21632,0.8683
-1.5239,1.6554,0.4875,0.21632,0.8683
-1.5783,1.2284,0.4875,0.21632,0.8683
-1.6742,1.3031,0.4875,0.21632,0.8683
-1.7756,1.382,0.4875,0.21632,0.8683
-1.7589,0.95189,0.4875,0.21632,0.8683
-1.8658,1.0097,0.4875,0.21632,0.8683
-1.9788,1.0709,0.4875,0.21632,0.8683
-1.8916,0.6494,0.4875,0.21632,0.8683
-2.0066,0.68886,0.4875,0.21632,0.8683
-2.1281,0.73057,0.4875,0.21632,0.8683
-1.9727,0.32919,0.4875,0.21632,0.8683
-2.0926,0.34919,0.4875,0.21632,0.8683
-2.2193,0.37034,0.4875,0.21632,0.8683
-2,-2.45E-17,0.4875,0.21632,0.8683
-2.1215,-4.70E-07,0.4875,0.21632,0.8683
-2.25,2.76E-17,0.4875,0.21632,0.8683
-1.9727,-0.32919,0.4875,0.21632,0.8683
-2.0926,-0.34919,0.4875,0.21632,0.8683
-2.2193,-0.37034,0.4875,0.21632,0.8683
-1.8916,-0.6494,0.4875,0.21632,0.86829
-2.0066,-0.68886,0.4875,0.21632,0.86829
-2.1281,-0.73057,0.4875,0.21632,0.86829
-1.7589,-0.95189,0.4875,0.21632,0.86829
-1.8658,-1.0097,0.4875,0.21632,0.86829
-1.9788,-1.0709,0.4875,0.21632,0.86829
-1.5783,-1.2284,0.4875,0.21632,0.86829
-1.6742,-1.3031,0.4875,0.21632,0.86829
-1.7756,-1.382,0.4875,0.21632,0.86829
-1.3546,-1.4714,0.4875,0.21632,0.86829
-1.4369,-1.5609,0.4875,0.21632,0.86829
-1.5239,-1.6554,0.4875,0.21632,0.86829
-1.0939,-1.6743,0.4875,0.21631,0.86829
-1.1604,-1.7761,0.4875,0.21631,0.86829
-1.2306,-1.8836,0.4875,0.21631,0.86829
-0.80339,-1.8315,0.4875,0.21631,0.86829
-0.8522,-1.9428,0.4875,0.21631,0.86829
-0.90381,-2.0605,0.4875,0.21631,0.86829
-0.49097,-1.9388,0.4875,0.21631,0.86828
-0.5208,-2.0566,0.4875,0.21631,0.86828
-0.55234,-2.1812,0.4875,0.21631,0.86828
-0.16516,-1.9932,0.4875,0.21631,0.86828
-0.17519,-2.1143,0.4875,0.21631,0.86828
-0.1858,-2.2423,0.4875,0.21631,0.86828
0.16516,-1.9932,0.4875,0.21631,0.86828
0.17519,-2.1143,0.4875,0.21631,0.86828
0.1858,-2.2423,0.4875,0.21631,0.86828
0.49097,-1.9388,0.4875,0.21631,0.86828
0.5208,-2.0566,0.4875,0.21631,0.86828
0.55234,-2.1812,0.4875,0.21631,0.86828
0.80339,-1.8315,0.4875,0.21631,0.86828
0.8522,-1.9428,0.4875,0.21631,0.86828
0.90381,-2.0605,0.4875,0.21631,0.86828
1.0939,-1.6743,0.4875,0.21631,0.86828
1.1604,-1.7761,0.4875,0.21631,0.86828
1.2306,-1.8836,0.4875,0.21631,0.86828
1.3546,-1.4714,0.4875,0.21631,0.86828
1.4369,-1.5609,0.4875,0.21631,0.86828
1.5239,-1.6554,0.4875,0.21631,0.86828
1.5783,-1.2284,0.4875,0.21631,0.86829
1.6742,-1.3031,0.4875,0.21631,0.86829
1.7756,-1.382,0.4875,0.21631,0.86829
1.7589,-0.95189,0.4875,0.21631,0.86829
1.8658,-1.0097,0.4875,0.21631,0.86829
1.9788,-1.0709,0.4875,0.21631,0.86829
1.8916,-0.6494,0.4875,0.21632,0.86829
2.0066,-0.68886,0.4875,0.21632,0.86829
2.1281,-0.73057,0.4875,0.21632,0.86829
1.9727,-0.32919,0.4875,0.21632,0.86829
2.0924,-0.34916,0.4875,0.21632,0.86829
2.2193,-0.37034,0.4875,0.21632,0.86829
2,0,0.725,0.18203,0.77182
1.9727,0.32919,0.725,0.18203,0.77182
2.0928,0.34922,0.725,0.18203,0.77182
2.1215,-4.18E-07,0.725,0.18203,0.77182
2.2193,0.37034,0.725,0.18203,0.77182
2.25,0,0.725,0.18203,0.77182
1.8916,0.6494,0.725,0.18203,0.77182
2.0066,0.68886,0.725,0.18203,0.77182
2.1281,0.73057,0.725,0.18203,0.77182
1.7589,0.95189,0.725,0.18203,0.77182
1.8658,1.0097,0.725,0.18203,0.77182
1.9788,1.0709,0.725,0.18203,0.77182
1.5783,1.2284,0.725,0.18203,0.77182
1.6742,1.3031,0.725,0.18203,0.77182
1.7756,1.382,0.725,0.18203,0.77182
1.3546,1.4714,0.725,0.18203,0.77182
1.4369,1.5609,0.725,0.18203,0.77182
1.5239,1.6554,0.725,0.18203,0.77182
1.0939,1.6743,0.725,0.18203,0.77182
1.1604,1.7761,0.725,0.18203,0.77182
1.2306,1.8836,0.725,0.18203,0.77182
0.80339,1.8315,0.725,0.18203,0.77182
0.8522,1.9428,0.725,0.18203,0.77182
0.90381,2.0605,0.725,0.18203,0.77182
0.49097,1.9388,0.725,0.18203,0.77182
0.5208,2.0566,0.725,0.18203,0.77182
0.55234,2.1812,0.725,0.18203,0.77182
0.16516,1.9932,0.725,0.18203,0.77182
0.17519,2.1143,0.725,0.18203,0.77182
0.1858,2.2423,0.725,0.18203,0.77182
-0.16516,1.9932,0.725,0.18203,0.77182
-0.17519,2.1143,0.725,0.18203,0.77182
-0.1858,2.2423,0.725,0.18203,0.77182
-0.49097,1.9388,0.725,0.18203,0.77182
-0.5208,2.0566,0.725,0.18203,0.77182
-0.55234,2.1812,0.725,0.18203,0.77182
-0.80339,1.8315,0.725,0.18203,0.77182
-0.8522,1.9428,0.725,0.18203,0.77182
-0.90381,2.0605,0.725,0.18203,0.77182
-1.0939,1.6743,0.725,0.18203,0.77182
-1.1604,1.7761,0.725,0.18203,0.77182
-1.2306,1.8836,0.725,0.18203,0.77182
-1.3546,1.4714,0.725,0.18203,0.77182
-1.4369,1.5609,0.725,0.18203,0.77182
-1.5239,1.6554,0.725,0.18203,0.77182
-1.5783,1.2284,0.725,0.18203,0.77182
-1.6742,1.3031,0.725,0.18203,0.77182
-1.7756,1.382,0.725,0.18203,0.77182
-1.7589,0.95189,0.725,0.18203,0.77182
-1.8658,1.0097,0.725,0.18203,0.77182
-1.9788,1.0709,0.725,0.18203,0.77182
-1.8916,0.6494,0.725,0.18203,0.77182
-2.0066,0.68886,0.725,0.18203,0.77182
-2.1281,0.73057,0.725,0.18203,0.77182
-1.9727,0.32919,0.725,0.18203,0.77182
-2.0926,0.34919,0.725,0.18203,0.77182
-2.2193,0.37034,0.725,0.18203,0.77182
-2,-4.90E-17,0.725,0.18203,0.77182
-2.1215,-4.70E-07,0.725,0.18203,0.77182
-2.25,5.51E-17,0.725,0.18203,0.77182
-1.9727,-0.32919,0.725,0.18203,0.77182
-2.0926,-0.34919,0.725,0.18203,0.77182
-2.2193,-0.37034,0.725,0.18203,0.77182
-1.8916,-0.6494,0.725,0.18203,0.77182
-2.0066,-0.68886,0.725,0.18203,0.77182
-2.1281,-0.73057,0.725,0.18203,0.77182
-1.7589,-0.95189,0.725,0.18203,0.77182
-1.8658,-1.0097,0.725,0.18203,0.77182
-1.9788,-1.0709,0.725,0.18203,0.77182
-1.5783,-1.2284,0.725,0.18203,0.77181
-1.6742,-1.3031,0.725,0.18203,0.77181
-1.7756,-1.382,0.725,0.18203,0.77181
-1.3546,-1.4714,0.725,0.18203,0.77181
-1.4369,-1.5609,0.725,0.18203,0.77181
-1.5239,-1.6554,0.725,0.18203,0.77181
-1.0939,-1.6743,0.725,0.18203,0.77181
-1.1604,-1.7761,0.725,0.18203,0.77181
-1.2306,-1.8836,0.725,0.18203,0.77181
-0.80339,-1.8315,0.725,0.18202,0.77181
-0.8522,-1.9428,0.725,0.18202,0.77181
-0.90381,-2.0605,0.725,0.18202,0.77181
-0.49097,-1.9388,0.725,0.18202,0.77181
-0.5208,-2.0566,0.725,0.18202,0.77181
-0.55234,-2.1812,0.725,0.18202,0.77181
-0.16516,-1.9932,0.725,0.18202,0.77181
-0.17519,-2.1143,0.725,0.18202,0.77181
-0.1858,-2.2423,0.725,0.18202,0.77181
0.16516,-1.9932,0.725,0.18202,0.77181
0.17519,-2.1143,0.725,0.18202,0.77181
0.1858,-2.2423,0.725,0.18202,0.77181
0.49097,-1.9388,0.725,0.18202,0.77181
0.5208,-2.0566,0.725,0.18202,0.77181
0.55234,-2.1812,0.725,0.18202,0.77181
0.80339,-1.8315,0.725,0.18202,0.77181
0.8522,-1.9428,0.725,0.18202,0.77181
0.90381,-2.0605,0.725,0.18202,0.77181
1.0939,-1.6743,0.725,0.18202,0.77181
1.1604,-1.7761,0.725,0.18202,0.77181
1.2306,-1.8836,0.725,0.18202,0.77181
1.3546,-1.4714,0.725,0.18202,0.77181
1.4369,-1.5609,0.725,0.18202,0.77181
1.5239,-1.6554,0.725,0.18202,0.77181
1.5783,-1.2284,0.725,0.18202,0.77181
1.6742,-1.3031,0.725,0.18202,0.77181
1.7756,-1.382,0.725,0.18202,0.77181
1.7589,-0.95189,0.725,0.18203,0.77181
1.8658,-1.0097,0.725,0.18203,0.77181
1.9788,-1.0709,0.725,0.18203,0.77181
1.8916,-0.6494,0.725,0.18203,0.77181
2.0066,-0.68886,0.725,0.18203,0.77181
2.1281,-0.73057,0.725,0.18203,0.77181
1.9727,-0.32919,0.725,0.18203,0.77182
2.0924,-0.34916,0.725,0.18203,0.77182
2.2193,-0.37034,0.725,0.18203,0.77182
2,0,0.9625,0.15089,0.67534
1.9727,0.32919,0.9625,0.15089,0.67534
2.0928,0.34922,0.9625,0.15089,0.67534
2.1215,-4.18E-07,0.9625,0.15089,0.67534
2.2193,0.37034,0.9625,0.15089,0.67534
2.25,0,0.9625,0.15089,0.67534
1.8916,0.6494,0.9625,0.15089,0.67534
2.0066,0.68886,0.9625,0.15089,0.67534
2.1281,0.73057,0.9625,0.15089,0.67534
1.7589,0.95189,0.9625,0.15089,0.67534
1.8658,1.0097,0.9625,0.15089,0.67534
1.9788,1.0709,0.9625,0.15089,0.67534
1.5783,1.2284,0.9625,0.15089,0.67534
1.6742,1.3031,0.9625,0.15089,0.67534
1.7756,1.382,0.9625,0.15089,0.67534
1.3546,1.4714,0.9625,0.15089,0.67535
1.4369,1.5609,0.9625,0.15089,0.67535
1.5239,1.6554,0.9625,0.15089,0.67535
1.0939,1.6743,0.9625,0.15089,0.67535
1.1604,1.7761,0.9625,0.15089,0.67535
1.2306,1.8836,0.9625,0.15089,0.67535
0.80339,1.8315,0.9625,0.15089,0.67535
0.8522,1.9428,0.9625,0.15089,0.67535
0.90381,2.0605,0.9625,0.15089,0.67535
0.49097,1.9388,0.9625,0.15089,0.67535
0.5208,2.0566,0.9625,0.15089,0.67535
0.55234,2.1812,0.9625,0.15089,0.67535
0.16516,1.9932,0.9625,0.15089,0.67535
0.17519,2.1143,0.9625,0.15089,0.67535
0.1858,2.2423,0.9625,0.15089,0.67535
-0.16516,1.9932,0.9625,0.15089,0.67535
-0.17519,2.1143,0.9625,0.15089,0.67535
-0.1858,2.2423,0.9625,0.15089,0.67535
-0.49097,1.9388,0.9625,0.15089,0.67534
-0.5208,2.0566,0.9625,0.15089,0.67534
-0.55234,2.1812,0.9625,0.15089,0.67535
-0.80339,1.8315,0.9625,0.15089,0.67534
-0.8522,1.9428,0.9625,0.15089,0.67534
-0.90381,2.0605,0.9625,0.15089,0.67534
-1.0939,1.6743,0.9625,0.15089,0.67534
-1.1604,1.7761,0.9625,0.15089,0.67534
-1.2306,1.8836,0.9625,0.15089,0.67534
-1.3546,1.4714,0.9625,0.15089,0.67534
-1.4369,1.5609,0.9625,0.15089,0.67534
-1.5239,1.6554,0.9625,0.15089,0.67534
-1.5783,1.2284,0.9625,0.15089,0.67534
-1.6742,1.3031,0.9625,0.15089,0.67534
-1.7756,1.382,0.9625,0.15089,0.67534
-1.7589,0.95189,0.9625,0.15089,0.67534
-1.8658,1.0097,0.9625,0.15089,0.67534
-1.9788,1.0709,0.9625,0.15089,0.67534
-1.8916,0.6494,0.9625,0.15089,0.67534
-2.0066,0.68886,0.9625,0.15089,0.67534
-2.1281,0.73057,0.9625,0.15089,0.67534
-1.9727,0.32919,0.9625,0.15089,0.67534
-2.0926,0.34919,0.9625,0.15089,0.67534
-2.2193,0.37034,0.9625,0.15089,0.67534
-2,-7.35E-17,0.9625,0.15089,0.67534
-2.1215,-4.70E-07,0.9625,0.15089,0.67534
-2.25,8.27E-17,0.9625,0.15089,0.67534
-1.9727,-0.32919,0.9625,0.15089,0.67534
-2.0926,-0.34919,0.9625,0.15089,0.67534
-2.2193,-0.37034,0.9625,0.15089,0.67534
-1.8916,-0.6494,0.9625,0.15089,0.67534
-2.0066,-0.68886,0.9625,0.15089,0.67534
-2.1281,-0.73057,0.9625,0.15089,0.67534
-1.7589,-0.95189,0.9625,0.15089,0.67534
-1.8658,-1.0097,0.9625,0.15089,0.67534
-1.9788,-1.0709,0.9625,0.15089,0.67534
-1.5783,-1.2284,0.9625,0.15089,0.67534
-1.6742,-1.3031,0.9625,0.15089,0.67534
-1.7756,-1.382,0.9625,0.15089,0.67534
-1.3546,-1.4714,0.9625,0.15089,0.67534
-1.4369,-1.5609,0.9625,0.15089,0.67534
-1.5239,-1.6554,0.9625,0.15089,0.67534
-1.0939,-1.6743,0.9625,0.15089,0.67534
-1.1604,-1.7761,0.9625,0.15089,0.67534
-1.2306,-1.8836,0.9625,0.15089,0.67534
-0.80339,-1.8315,0.9625,0.15089,0.67533
-0.8522,-1.9428,0.9625,0.15089,0.67533
-0.90381,-2.0605,0.9625,0.15089,0.67533
-0.49097,-1.9388,0.9625,0.15089,0.67533
-0.5208,-2.0566,0.9625,0.15089,0.67533
-0.55234,-2.1812,0.9625,0.15089,0.67533
-0.16516,-1.9932,0.9625,0.15089,0.67533
-0.17519,-2.1143,0.9625,0.15089,0.67533
-0.1858,-2.2423,0.9625,0.15089,0.67533
0.16516,-1.9932,0.9625,0.15089,0.67533
0.17519,-2.1143,0.9625,0.15089,0.67533
0.1858,-2.2423,0.9625,0.15089,0.67533
0.49097,-1.9388,0.9625,0.15089,0.67533
0.5208,-2.0566,0.9625,0.15089,0.67533
0.55234,-2.1812,0.9625,0.15089,0.67533
0.80339,-1.8315,0.9625,0.15089,0.67533
0.8522,-1.9428,0.9625,0.15089,0.67533
0.90381,-2.0605,0.9625,0.15089,0.67533
1.0939,-1.6743,0.9625,0.15089,0.67533
1.1604,-1.7761,0.9625,0.15089,0.67533
1.2306,-1.8836,0.9625,0.15089,0.67533
1.3546,-1.4714,0.9625,0.15089,0.67533
1.4369,-1.5609,0.9625,0.15089,0.67533
1.5239,-1.6554,0.9625,0.15089,0.67533
1.5783,-1.2284,0.9625,0.15089,0.67533
1.6742,-1.3031,0.9625,0.15089,0.67533
1.7756,-1.382,0.9625,0.15089,0.67533
1.7589,-0.95189,0.9625,0.15089,0.67534
1.8658,-1.0097,0.9625,0.15089,0.67534
1.9788,-1.0709,0.9625,0.15089,0.67534
1.8916,-0.6494,0.9625,0.15089,0.67534
2.0066,-0.68886,0.9625,0.15089,0.67534
2.1281,-0.73057,0.9625,0.15089,0.67534
1.9727,-0.32919,0.9625,0.15089,0.67534
2.0924,-0.34916,0.9625,0.15089,0.67534
2.2193,-0.37034,0.9625,0.15089,0.67534
2,0,1.2,0.12262,0.57886
1.9727,0.32919,1.2,0.12263,0.57886
2.0928,0.34922,1.2,0.12263,0.57886
2.1215,-4.18E-07,1.2,0.12262,0.57886
2.2193,0.37034,1.2,0.12263,0.57886
2.25,0,1.2,0.12262,0.57886
1.8916,0.6494,1.2,0.12263,0.57887
2.0066,0.68886,1.2,0.12263,0.57887
2.1281,0.73057,1.2,0.12263,0.57887
1.7589,0.95189,1.2,0.12263,0.57887
1.8658,1.0097,1.2,0.12263,0.57887
1.9788,1.0709,1.2,0.12263,0.57887
1.5783,1.2284,1.2,0.12263,0.57887
1.6742,1.3031,1.2,0.12263,0.57887
1.7756,1.382,1.2,0.12263,0.57887
1.3546,1.4714,1.2,0.12263,0.57887
1.4369,1.5609,1.2,0.12263,0.57887
1.5239,1.6554,1.2,0.12263,0.57887
1.0939,1.6743,1.2,0.12263,0.57887
1.1604,1.7761,1.2,0.12263,0.57887
1.2306,1.8836,1.2,0.12263,0.57887
0.80339,1.8315,1.2,0.12263,0.57887
0.8522,1.9428,1.2,0.12263,0.57887
0.90381,2.0605,1.2,0.12263,0.57887
0.49097,1.9388,1.2,0.12263,0.57887
0.5208,2.0566,1.2,0.12263,0.57887
0.55234,2.1812,1.2,0.12263,0.57887
0.16516,1.9932,1.2,0.12263,0.57887
0.17519,2.1143,1.2,0.12263,0.57887
0.1858,2.2423,1.2,0.12263,0.57887
-0.16516,1.9932,1.2,0.12263,0.57887
-0.17519,2.1143,1.2,0.12263,0.57887
-0.1858,2.2423,1.2,0.12263,0.57887
-0.49097,1.9388,1.2,0.12263,0.57887
-0.5208,2.0566,1.2,0.12263,0.57887
-0.55234,2.1812,1.2,0.12263,0.57887
-0.80339,1.8315,1.2,0.12263,0.57887
-0.8522,1.9428,1.2,0.12263,0.57887
-0.90381,2.0605,1.2,0.12263,0.57887
-1.0939,1.6743,1.2,0.12263,0.57887
-1.1604,1.7761,1.2,0.12263,0.57887
-1.2306,1.8836,1.2,0.12263,0.57887
-1.3546,1.4714,1.2,0.12263,0.57887
-1.4369,1.5609,1.2,0.12263,0.57887
-1.5239,1.6554,1.2,0.12263,0.57887
-1.5783,1.2284,1.2,0.12263,0.57887
-1.6742,1.3031,1.2,0.12263,0.57887
-1.7756,1.382,1.2,0.12263,0.57887
-1.7589,0.95189,1.2,0.12263,0.57887
-1.8658,1.0097,1.2,0.12263,0.57887
-1.9788,1.0709,1.2,0.12263,0.57887
-1.8916,0.6494,1.2,0.12263,0.57887
-2.0066,0.68886,1.2,0.12263,0.57887
-2.1281,0.73057,1.2,0.12263,0.57887
-1.9727,0.32919,1.2,0.12263,0.57886
-2.0926,0.34919,1.2,0.12263,0.57886
-2.2193,0.37034,1.2,0.12263,0.57886
-2,-9.80E-17,1.2,0.12263,0.57886
-2.1215,-4.70E-07,1.2,0.12263,0.57886
-2.25,1.10E-16,1.2,0.12263,0.57886
-1.9727,-0.32919,1.2,0.12263,0.57886
-2.0926,-0.34919,1.2,0.12263,0.57886
-2.2193,-0.37034,1.2,0.12263,0.57886
-1.8916,-0.6494,1.2,0.12262,0.57886
-2.0066,-0.68886,1.2,0.12262,0.57886
-2.1281,-0.73057,1.2,0.12262,0.57886
-1.7589,-0.95189,1.2,0.12262,0.57886
-1.8658,-1.0097,1.2,0.12262,0.57886
-1.9788,-1.0709,1.2,0.12262,0.57886
-1.5783,-1.2284,1.2,0.12262,0.57886
-1.6742,-1.3031,1.2,0.12262,0.57886
-1.7756,-1.382,1.2,0.12262,0.57886
-1.3546,-1.4714,1.2,0.12262,0.57886
-1.4369,-1.5609,1.2,0.12262,0.57886
-1.5239,-1.6554,1.2,0.12262,0.57886
-1.0939,-1.6743,1.2,0.12262,0.57886
-1.1604,-1.7761,1.2,0.12262,0.57886
-1.2306,-1.8836,1.2,0.12262,0.57886
-0.80339,-1.8315,1.2,0.12262,0.57886
-0.8522,-1.9428,1.2,0.12262,0.57886
-0.90381,-2.0605,1.2,0.12262,0.57886
-0.49097,-1.9388,1.2,0.12262,0.57886
-0.5208,-2.0566,1.2,0.12262,0.57886
-0.55234,-2.1812,1.2,0.12262,0.57886
-0.16516,-1.9932,1.2,0.12262,0.57886
-0.17519,-2.1143,1.2,0.12262,0.57886
-0.1858,-2.2423,1.2,0.12262,0.57886
0.16516,-1.9932,1.2,0.12262,0.57886
0.17519,-2.1143,1.2,0.12262,0.57886
0.1858,-2.2423,1.2,0.12262,0.57886
0.49097,-1.9388,1.2,0.12262,0.57886
0.5208,-2.0566,1.2,0.12262,0.57886
0.55234,-2.1812,1.2,0.12262,0.57886
0.80339,-1.8315,1.2,0.12262,0.57886
0.8522,-1.9428,1.2,0.12262,0.57886
0.90381,-2.0605,1.2,0.12262,0.57886
1.0939,-1.6743,1.2,0.12262,0.57886
1.1604,-1.7761,1.2,0.12262,0.57886
1.2306,-1.8836,1.2,0.12262,0.57886
1.3546,-1.4714,1.2,0.12262,0.57886
1.4369,-1.5609,1.2,0.12262,0.57886
1.5239,-1.6554,1.2,0.12262,0.57886
1.5783,-1.2284,1.2,0.12262,0.57886
1.6742,-1.3031,1.2,0.12262,0.57886
1.7756,-1.382,1.2,0.12262,0.57886
1.7589,-0.95189,1.2,0.12262,0.57886
1.8658,-1.0097,1.2,0.12262,0.57886
1.9788,-1.0709,1.2,0.12262,0.57886
1.8916,-0.6494,1.2,0.12262,0.57886
2.0066,-0.68886,1.2,0.12262,0.57886
2.1281,-0.73057,1.2,0.12262,0.57886
1.9727,-0.32919,1.2,0.12262,0.57886
2.0924,-0.34916,1.2,0.12262,0.57886
2.2193,-0.37034,1.2,0.12262,0.57886
2,0,1.4375,0.096958,0.48239
1.9727,0.32919,1.4375,0.096958,0.48239
2.0928,0.34922,1.4375,0.096958,0.48239
2.1215,-4.18E-07,1.4375,0.096958,0.48239
2.2193,0.37034,1.4375,0.096958,0.48239
2.25,0,1.4375,0.096958,0.48239
1.8916,0.6494,1.4375,0.096959,0.48239
2.0066,0.68886,1.4375,0.096959,0.48239
2.1281,0.73057,1.4375,0.096959,0.48239
1.7589,0.95189,1.4375,0.096959,0.48239
1.8658,1.0097,1.4375,0.096959,0.48239
1.9788,1.0709,1.4375,0.096959,0.48239
1.5783,1.2284,1.4375,0.096959,0.48239
1.6742,1.3031,1.4375,0.096959,0.48239
1.7756,1.382,1.4375,0.096959,0.48239
1.3546,1.4714,1.4375,0.096959,0.48239
1.4369,1.5609,1.4375,0.096959,0.48239
1.5239,1.6554,1.4375,0.096959,0.48239
1.0939,1.6743,1.4375,0.096959,0.48239
1.1604,1.7761,1.4375,0.096959,0.48239
1.2306,1.8836,1.4375,0.096959,0.48239
0.80339,1.8315,1.4375,0.096959,0.48239
0.8522,1.9428,1.4375,0.096959,0.48239
0.90381,2.0605,1.4375,0.096959,0.48239
0.49097,1.9388,1.4375,0.096959,0.48239
0.5208,2.0566,1.4375,0.096959,0.48239
0.55234,2.1812,1.4375,0.096959,0.48239
0.16516,1.9932,1.4375,0.096959,0.48239
0.17519,2.1143,1.4375,0.096959,0.48239
0.1858,2.2423,1.4375,0.096959,0.48239
-0.16516,1.9932,1.4375,0.096959,0.48239
-0.17519,2.1143,1.4375,0.096959,0.48239
-0.1858,2.2423,1.4375,0.096959,0.48239
-0.49097,1.9388,1.4375,0.096959,0.48239
-0.5208,2.0566,1.4375,0.096959,0.48239
-0.55234,2.1812,1.4375,0.096959,0.48239
-0.80339,1.8315,1.4375,0.096959,0.48239
-0.8522,1.9428,1.4375,0.096959,0.48239
-0.90381,2.0605,1.4375,0.096959,0.48239
-1.0939,1.6743,1.4375,0.096959,0.48239
-1.1604,1.7761,1.4375,0.096959,0.48239
-1.2306,1.8836,1.4375,0.096959,0.48239
-1.3546,1.4714,1.4375,0.096959,0.48239
-1.4369,1.5609,1.4375,0.096959,0.48239
-1.5239,1.6554,1.4375,0.096959,0.48239
-1.5783,1.2284,1.4375,0.096959,0.48239
-1.6742,1.3031,1.4375,0.096959,0.48239
-1.7756,1.382,1.4375,0.096959,0.48239
-1.7589,0.95189,1.4375,0.096959,0.48239
-1.8658,1.0097,1.4375,0.096959,0.48239
-1.9788,1.0709,1.4375,0.096959,0.48239
-1.8916,0.6494,1.4375,0.096959,0.48239
-2.0066,0.68886,1.4375,0.096959,0.48239
-2.1281,0.73057,1.4375,0.096959,0.48239
-1.9727,0.32919,1.4375,0.096959,0.48239
-2.0926,0.34919,1.4375,0.096959,0.48239
-2.2193,0.37034,1.4375,0.096959,0.48239
-2,-1.22E-16,1.4375,0.096958,0.48239
-2.1215,-4.70E-07,1.4375,0.096958,0.48239
-2.25,1.38E-16,1.4375,0.096958,0.48239
-1.9727,-0.32919,1.4375,0.096958,0.48239
-2.0926,-0.34919,1.4375,0.096958,0.48239
-2.2193,-0.37034,1.4375,0.096958,0.48239
-1.8916,-0.6494,1.4375,0.096958,0.48239
-2.0066,-0.68886,1.4375,0.096958,0.48239
-2.1281,-0.73057,1.4375,0.096958,0.48239
-1.7589,-0.95189,1.4375,0.096958,0.48238
-1.8658,-1.0097,1.4375,0.096958,0.48238
-1.9788,-1.0709,1.4375,0.096958,0.48238
-1.5783,-1.2284,1.4375,0.096958,0.48238
-1.6742,-1.3031,1.4375,0.096958,0.48238
-1.7756,-1.382,1.4375,0.096958,0.48238
-1.3546,-1.4714,1.4375,0.096957,0.48238
-1.4369,-1.5609,1.4375,0.096957,0.48238
-1.5239,-1.6554,1.4375,0.096957,0.48238
-1.0939,-1.6743,1.4375,0.096957,0.48238
-1.1604,-1.7761,1.4375,0.096957,0.48238
-1.2306,-1.8836,1.4375,0.096957,0.48238
-0.80339,-1.8315,1.4375,0.096957,0.48238
-0.8522,-1.9428,1.4375,0.096957,0.48238
-0.90381,-2.0605,1.4375,0.096957,0.48238
-0.49097,-1.9388,1.4375,0.096957,0.48238
-0.5208,-2.0566,1.4375,0.096957,0.48238
-0.55234,-2.1812,1.4375,0.096957,0.48238
-0.16516,-1.9932,1.4375,0.096957,0.48238
-0.17519,-2.1143,1.4375,0.096957,0.48238
-0.1858,-2.2423,1.4375,0.096957,0.48238
0.16516,-1.9932,1.4375,0.096957,0.48238
0.17519,-2.1143,1.4375,0.096957,0.48238
0.1858,-2.2423,1.4375,0.096957,0.48238
0.49097,-1.9388,1.4375,0.096957,0.48238
0.5208,-2.0566,1.4375,0.096957,0.48238
0.55234,-2.1812,1.4375,0.096957,0.48238
0.80339,-1.8315,1.4375,0.096957,0.48238
0.8522,-1.9428,1.4375,0.096957,0.48238
0.90381,-2.0605,1.4375,0.096957,0.48238
1.0939,-1.6743,1.4375,0.096957,0.48238
1.1604,-1.7761,1.4375,0.096957,0.48238
1.2306,-1.8836,1.4375,0.096957,0.48238
1.3546,-1.4714,1.4375,0.096957,0.48238
1.4369,-1.5609,1.4375,0.096957,0.48238
1.5239,-1.6554,1.4375,0.096957,0.48238
1.5783,-1.2284,1.4375,0.096957,0.48238
1.6742,-1.3031,1.4375,0.096957,0.48238
1.7756,-1.382,1.4375,0.096957,0.48238
1.7589,-0.95189,1.4375,0.096957,0.48238
1.8658,-1.0097,1.4375,0.096957,0.48238
1.9788,-1.0709,1.4375,0.096957,0.48238
1.8916,-0.6494,1.4375,0.096958,0.48238
2.0066,-0.68886,1.4375,0.096958,0.48238
2.1281,-0.73057,1.4375,0.096958,0.48238
1.9727,-0.32919,1.4375,0.096958,0.48238
2.0924,-0.34916,1.4375,0.096958,0.48238
2.2193,-0.37034,1.4375,0.096958,0.48238
2,0,1.675,0.073654,0.38591
1.9727,0.32919,1.675,0.073654,0.38591
2.0928,0.34922,1.675,0.073654,0.38591
2.1215,-4.18E-07,1.675,0.073654,0.38591
2.2193,0.37034,1.675,0.073654,0.38591
2.25,0,1.675,0.073654,0.38591
1.8916,0.6494,1.675,0.073654,0.38591
2.0066,0.68886,1.675,0.073654,0.38591
2.1281,0.73057,1.675,0.073654,0.38591
1.7589,0.95189,1.675,0.073654,0.38591
1.8658,1.0097,1.675,0.073654,0.38591
1.9788,1.0709,1.675,0.073654,0.38591
1.5783,1.2284,1.675,0.073654,0.38591
1.6742,1.3031,1.675,0.073654,0.38591
1.7756,1.382,1.675,0.073654,0.38591
1.3546,1.4714,1.675,0.073654,0.38591
1.4369,1.5609,1.675,0.073654,0.38591
1.5239,1.6554,1.675,0.073654,0.38591
1.0939,1.6743,1.675,0.073654,0.38591
1.1604,1.7761,1.675,0.073654,0.38591
1.2306,1.8836,1.675,0.073654,0.38591
0.80339,1.8315,1.675,0.073654,0.38591
0.8522,1.9428,1.675,0.073654,0.38591
0.90381,2.0605,1.675,0.073654,0.38591
0.49097,1.9388,1.675,0.073654,0.38591
0.5208,2.0566,1.675,0.073654,0.38591
0.55234,2.1812,1.675,0.073654,0.38591
0.16516,1.9932,1.675,0.073654,0.38591
0.17519,2.1143,1.675,0.073654,0.38591
0.1858,2.2423,1.675,0.073654,0.38591
-0.16516,1.9932,1.675,0.073654,0.38591
-0.17519,2.1143,1.675,0.073654,0.38591
-0.1858,2.2423,1.675,0.073654,0.38591
-0.49097,1.9388,1.675,0.073654,0.38591
-0.5208,2.0566,1.675,0.073654,0.38591
-0.55234,2.1812,1.675,0.073654,0.38591
-0.80339,1.8315,1.675,0.073654,0.38591
-0.8522,1.9428,1.675,0.073654,0.38591
-0.90381,2.0605,1.675,0.073654,0.38591
-1.0939,1.6743,1.675,0.073654,0.38591
-1.1604,1.7761,1.675,0.073654,0.38591
-1.2306,1.8836,1.675,0.073654,0.38591
-1.3546,1.4714,1.675,0.073654,0.38591
-1.4369,1.5609,1.675,0.073654,0.38591
-1.5239,1.6554,1.675,0.073654,0.38591
-1.5783,1.2284,1.675,0.073654,0.38591
-1.6742,1.3031,1.675,0.073654,0.38591
-1.7756,1.382,1.675,0.073654,0.38591
-1.7589,0.95189,1.675,0.073654,0.38591
-1.8658,1.0097,1.675,0.073654,0.38591
-1.9788,1.0709,1.675,0.073654,0.38591
-1.8916,0.6494,1.675,0.073654,0.38591
-2.0066,0.68886,1.675,0.073654,0.38591
-2.1281,0.73057,1.675,0.073654,0.38591
-1.9727,0.32919,1.675,0.073654,0.38591
-2.0926,0.34919,1.675,0.073654,0.38591
-2.2193,0.37034,1.675,0.073654,0.38591
-2,-1.47E-16,1.675,0.073654,0.38591
-2.1215,-4.70E-07,1.675,0.073654,0.38591
-2.25,1.65E-16,1.675,0.073654,0.38591
-1.9727,-0.32919,1.675,0.073654,0.38591
-2.0926,-0.34919,1.675,0.073654,0.38591
-2.2193,-0.37034,1.675,0.073654,0.38591
-1.8916,-0.6494,1.675,0.073654,0.38591
-2.0066,-0.68886,1.675,0.073654,0.38591
-2.1281,-0.73057,1.675,0.073654,0.38591
-1.7589,-0.95189,1.675,0.073654,0.38591
-1.8658,-1.0097,1.675,0.073654,0.38591
-1.9788,-1.0709,1.675,0.073654,0.38591
-1.5783,-1.2284,1.675,0.073653,0.38591
-1.6742,-1.3031,1.675,0.073653,0.38591
-1.7756,-1.382,1.675,0.073653,0.38591
-1.3546,-1.4714,1.675,0.073653,0.38591
-1.4369,-1.5609,1.675,0.073653,0.38591
-1.5239,-1.6554,1.675,0.073653,0.38591
-1.0939,-1.6743,1.675,0.073653,0.38591
-1.1604,-1.7761,1.675,0.073653,0.38591
-1.2306,-1.8836,1.675,0.073653,0.38591
-0.80339,-1.8315,1.675,0.073653,0.38591
-0.8522,-1.9428,1.675,0.073653,0.38591
-0.90381,-2.0605,1.675,0.073653,0.38591
-0.49097,-1.9388,1.675,0.073653,0.3859
-0.5208,-2.0566,1.675,0.073653,0.3859
-0.55234,-2.1812,1.675,0.073653,0.3859
-0.16516,-1.9932,1.675,0.073653,0.3859
-0.17519,-2.1143,1.675,0.073653,0.3859
-0.1858,-2.2423,1.675,0.073653,0.3859
0.16516,-1.9932,1.675,0.073653,0.3859
0.17519,-2.1143,1.675,0.073653,0.3859
0.1858,-2.2423,1.675,0.073653,0.3859
0.49097,-1.9388,1.675,0.073653,0.3859
0.5208,-2.0566,1.675,0.073653,0.3859
0.55234,-2.1812,1.675,0.073653,0.3859
0.80339,-1.8315,1.675,0.073653,0.3859
0.8522,-1.9428,1.675,0.073653,0.3859
0.90381,-2.0605,1.675,0.073653,0.3859
1.0939,-1.6743,1.675,0.073653,0.3859
1.1604,-1.7761,1.675,0.073653,0.3859
1.2306,-1.8836,1.675,0.073653,0.3859
1.3546,-1.4714,1.675,0.073653,0.3859
1.4369,-1.5609,1.675,0.073653,0.3859
1.5239,-1.6554,1.675,0.073653,0.3859
1.5783,-1.2284,1.675,0.073653,0.38591
1.6742,-1.3031,1.675,0.073653,0.38591
1.7756,-1.382,1.675,0.073653,0.38591
1.7589,-0.95189,1.675,0.073653,0.38591
1.8658,-1.0097,1.675,0.073653,0.38591
1.9788,-1.0709,1.675,0.073653,0.38591
1.8916,-0.6494,1.675,0.073653,0.38591
2.0066,-0.68886,1.675,0.073653,0.38591
2.1281,-0.73057,1.675,0.073653,0.38591
1.9727,-0.32919,1.675,0.073654,0.38591
2.0924,-0.34916,1.675,0.073654,0.38591
2.2193,-0.37034,1.675,0.073654,0.38591
2,0,1.9125,0.052494,0.28943
1.9727,0.32919,1.9125,0.052494,0.28943
2.0928,0.34922,1.9125,0.052494,0.28943
2.1215,-4.18E-07,1.9125,0.052494,0.28943
2.2193,0.37034,1.9125,0.052494,0.28943
2.25,0,1.9125,0.052494,0.28943
1.8916,0.6494,1.9125,0.052494,0.28943
2.0066,0.68886,1.9125,0.052494,0.28943
2.1281,0.73057,1.9125,0.052494,0.28943
1.7589,0.95189,1.9125,0.052495,0.28943
1.8658,1.0097,1.9125,0.052495,0.28943
1.9788,1.0709,1.9125,0.052495,0.28943
1.5783,1.2284,1.9125,0.052495,0.28943
1.6742,1.3031,1.9125,0.052495,0.28943
1.7756,1.382,1.9125,0.052495,0.28943
1.3546,1.4714,1.9125,0.052495,0.28943
1.4369,1.5609,1.9125,0.052495,0.28943
1.5239,1.6554,1.9125,0.052495,0.28943
1.0939,1.6743,1.9125,0.052495,0.28943
1.1604,1.7761,1.9125,0.052495,0.28943
1.2306,1.8836,1.9125,0.052495,0.28943
0.80339,1.8315,1.9125,0.052495,0.28943
0.8522,1.9428,1.9125,0.052495,0.28943
0.90381,2.0605,1.9125,0.052495,0.28943
0.49097,1.9388,1.9125,0.052495,0.28943
0.5208,2.0566,1.9125,0.052495,0.28943
0.55234,2.1812,1.9125,0.052495,0.28943
0.16516,1.9932,1.9125,0.052495,0.28943
0.17519,2.1143,1.9125,0.052495,0.28943
0.1858,2.2423,1.9125,0.052495,0.28943
-0.16516,1.9932,1.9125,0.052495,0.28943
-0.17519,2.1143,1.9125,0.052495,0.28943
-0.1858,2.2423,1.9125,0.052495,0.28943
-0.49097,1.9388,1.9125,0.052495,0.28943
-0.5208,2.0566,1.9125,0.052495,0.28943
-0.55234,2.1812,1.9125,0.052495,0.28943
-0.80339,1.8315,1.9125,0.052495,0.28943
-0.8522,1.9428,1.9125,0.052495,0.28943
-0.90381,2.0605,1.9125,0.052495,0.28943
-1.0939,1.6743,1.9125,0.052495,0.28943
-1.1604,1.7761,1.9125,0.052495,0.28943
-1.2306,1.8836,1.9125,0.052495,0.28943
-1.3546,1.4714,1.9125,0.052495,0.28943
-1.4369,1.5609,1.9125,0.052495,0.28943
-1.5239,1.6554,1.9125,0.052495,0.28943
-1.5783,1.2284,1.9125,0.052495,0.28943
-1.6742,1.3031,1.9125,0.052495,0.28943
-1.7756,1.382,1.9125,0.052495,0.28943
-1.7589,0.95189,1.9125,0.052495,0.28943
-1.8658,1.0097,1.9125,0.052495,0.28943
-1.9788,1.0709,1.9125,0.052495,0.28943
-1.8916,0.6494,1.9125,0.052494,0.28943
-2.0066,0.68886,1.9125,0.052494,0.28943
-2.1281,0.73057,1.9125,0.052494,0.28943
-1.9727,0.32919,1.9125,0.052494,0.28943
-2.0926,0.34919,1.9125,0.052494,0.28943
-2.2193,0.37034,1.9125,0.052494,0.28943
-2,-1.71E-16,1.9125,0.052494,0.28943
-2.1215,-4.70E-07,1.9125,0.052494,0.28943
-2.25,1.93E-16,1.9125,0.052494,0.28943
-1.9727,-0.32919,1.9125,0.052494,0.28943
-2.0926,-0.34919,1.9125,0.052494,0.28943
-2.2193,-0.37034,1.9125,0.052494,0.28943
-1.8916,-0.6494,1.9125,0.052494,0.28943
-2.0066,-0.68886,1.9125,0.052494,0.28943
-2.1281,-0.73057,1.9125,0.052494,0.28943
-1.7589,-0.95189,1.9125,0.052494,0.28943
-1.8658,-1.0097,1.9125,0.052494,0.28943
-1.9788,-1.0709,1.9125,0.052494,0.28943
-1.5783,-1.2284,1.9125,0.052494,0.28943
-1.6742,-1.3031,1.9125,0.052494,0.28943
-1.7756,-1.382,1.9125,0.052494,0.28943
-1.3546,-1.4714,1.9125,0.052494,0.28943
-1.4369,-1.5609,1.9125,0.052494,0.28943
-1.5239,-1.6554,1.9125,0.052494,0.28943
-1.0939,-1.6743,1.9125,0.052494,0.28943
-1.1604,-1.7761,1.9125,0.052494,0.28943
-1.2306,-1.8836,1.9125,0.052494,0.28943
-0.80339,-1.8315,1.9125,0.052494,0.28943
-0.8522,-1.9428,1.9125,0.052494,0.28943
-0.90381,-2.0605,1.9125,0.052494,0.28943
-0.49097,-1.9388,1.9125,0.052494,0.28943
-0.5208,-2.0566,1.9125,0.052494,0.28943
-0.55234,-2.1812,1.9125,0.052494,0.28943
-0.16516,-1.9932,1.9125,0.052494,0.28943
-0.17519,-2.1143,1.9125,0.052494,0.28943
-0.1858,-2.2423,1.9125,0.052494,0.28943
0.16516,-1.9932,1.9125,0.052494,0.28943
0.17519,-2.1143,1.9125,0.052494,0.28943
0.1858,-2.2423,1.9125,0.052494,0.28943
0.49097,-1.9388,1.9125,0.052494,0.28943
0.5208,-2.0566,1.9125,0.052494,0.28943
0.55234,-2.1812,1.9125,0.052494,0.28943
0.80339,-1.8315,1.9125,0.052494,0.28943
0.8522,-1.9428,1.9125,0.052494,0.28943
0.90381,-2.0605,1.9125,0.052494,0.28943
1.0939,-1.6743,1.9125,0.052494,0.28943
1.1604,-1.7761,1.9125,0.052494,0.28943
1.2306,-1.8836,1.9125,0.052494,0.28943
1.3546,-1.4714,1.9125,0.052494,0.28943
1.4369,-1.5609,1.9125,0.052494,0.28943
1.5239,-1.6554,1.9125,0.052494,0.28943
1.5783,-1.2284,1.9125,0.052494,0.28943
1.6742,-1.3031,1.9125,0.052494,0.28943
1.7756,-1.382,1.9125,0.052494,0.28943
1.7589,-0.95189,1.9125,0.052494,0.28943
1.8658,-1.0097,1.9125,0.052494,0.28943
1.9788,-1.0709,1.9125,0.052494,0.28943
1.8916,-0.6494,1.9125,0.052494,0.28943
2.0066,-0.68886,1.9125,0.052494,0.28943
2.1281,-0.73057,1.9125,0.052494,0.28943
1.9727,-0.32919,1.9125,0.052494,0.28943
2.0924,-0.34916,1.9125,0.052494,0.28943
2.2193,-0.37034,1.9125,0.052494,0.28943
2,0,2.15,0.033282,0.19295
1.9727,0.32919,2.15,0.033282,0.19295
2.0928,0.34922,2.15,0.033282,0.19295
2.1215,-4.18E-07,2.15,0.033282,0.19295
2.2193,0.37034,2.15,0.033282,0.19295
2.25,0,2.15,0.033282,0.19295
1.8916,0.6494,2.15,0.033282,0.19295
2.0066,0.68886,2.15,0.033282,0.19295
2.1281,0.73057,2.15,0.033282,0.19295
1.7589,0.95189,2.15,0.033282,0.19296
1.8658,1.0097,2.15,0.033282,0.19296
1.9788,1.0709,2.15,0.033282,0.19296
1.5783,1.2284,2.15,0.033282,0.19296
1.6742,1.3031,2.15,0.033282,0.19296
1.7756,1.382,2.15,0.033282,0.19296
1.3546,1.4714,2.15,0.033282,0.19296
1.4369,1.5609,2.15,0.033282,0.19296
1.5239,1.6554,2.15,0.033282,0.19296
1.0939,1.6743,2.15,0.033282,0.19296
1.1604,1.7761,2.15,0.033282,0.19296
1.2306,1.8836,2.15,0.033282,0.19296
0.80339,1.8315,2.15,0.033282,0.19296
0.8522,1.9428,2.15,0.033282,0.19296
0.90381,2.0605,2.15,0.033282,0.19296
0.49097,1.9388,2.15,0.033282,0.19296
0.5208,2.0566,2.15,0.033282,0.19296
0.55234,2.1812,2.15,0.033282,0.19296
0.16516,1.9932,2.15,0.033282,0.19296
0.17519,2.1143,2.15,0.033282,0.19296
0.1858,2.2423,2.15,0.033282,0.19296
-0.16516,1.9932,2.15,0.033282,0.19296
-0.17519,2.1143,2.15,0.033282,0.19296
-0.1858,2.2423,2.15,0.033282,0.19296
-0.49097,1.9388,2.15,0.033282,0.19296
-0.5208,2.0566,2.15,0.033282,0.19296
-0.55234,2.1812,2.15,0.033282,0.19296
-0.80339,1.8315,2.15,0.033282,0.19296
-0.8522,1.9428,2.15,0.033282,0.19296
-0.90381,2.0605,2.15,0.033282,0.19296
-1.0939,1.6743,2.15,0.033282,0.19296
-1.1604,1.7761,2.15,0.033282,0.19296
-1.2306,1.8836,2.15,0.033282,0.19296
-1.3546,1.4714,2.15,0.033282,0.19296
-1.4369,1.5609,2.15,0.033282,0.19296
-1.5239,1.6554,2.15,0.033282,0.19296
-1.5783,1.2284,2.15,0.033282,0.19296
-1.6742,1.3031,2.15,0.033282,0.19296
-1.7756,1.382,2.15,0.033282,0.19296
-1.7589,0.95189,2.15,0.033282,0.19296
-1.8658,1.0097,2.15,0.033282,0.19296
-1.9788,1.0709,2.15,0.033282,0.19296
-1.8916,0.6494,2.15,0.033282,0.19296
-2.0066,0.68886,2.15,0.033282,0.19296
-2.1281,0.73057,2.15,0.033282,0.19296
-1.9727,0.32919,2.15,0.033282,0.19295
-2.0926,0.34919,2.15,0.033282,0.19295
-2.2193,0.37034,2.15,0.033282,0.19295
-2,-1.96E-16,2.15,0.033282,0.19295
-2.1215,-4.70E-07,2.15,0.033282,0.19295
-2.25,2.20E-16,2.15,0.033282,0.19295
-1.9727,-0.32919,2.15,0.033282,0.19295
-2.0926,-0.34919,2.15,0.033282,0.19295
-2.2193,-0.37034,2.15,0.033282,0.19295
-1.8916,-0.6494,2.15,0.033282,0.19295
-2.0066,-0.68886,2.15,0.033282,0.19295
-2.1281,-0.73057,2.15,0.033282,0.19295
-1.7589,-0.95189,2.15,0.033282,0.19295
-1.8658,-1.0097,2.15,0.033282,0.19295
-1.9788,-1.0709,2.15,0.033282,0.19295
-1.5783,-1.2284,2.15,0.033282,0.19295
-1.6742,-1.3031,2.15,0.033282,0.19295
-1.7756,-1.382,2.15,0.033282,0.19295
-1.3546,-1.4714,2.15,0.033282,0.19295
-1.4369,-1.5609,2.15,0.033282,0.19295
-1.5239,-1.6554,2.15,0.033282,0.19295
-1.0939,-1.6743,2.15,0.033282,0.19295
-1.1604,-1.7761,2.15,0.033282,0.19295
-1.2306,-1.8836,2.15,0.033282,0.19295
-0.80339,-1.8315,2.15,0.033282,0.19295
-0.8522,-1.9428,2.15,0.033282,0.19295
-0.90381,-2.0605,2.15,0.033282,0.19295
-0.49097,-1.9388,2.15,0.033282,0.19295
-0.5208,-2.0566,2.15,0.033282,0.19295
-0.55234,-2.1812,2.15,0.033282,0.19295
-0.16516,-1.9932,2.15,0.033282,0.19295
-0.17519,-2.1143,2.15,0.033282,0.19295
-0.1858,-2.2423,2.15,0.033282,0.19295
0.16516,-1.9932,2.15,0.033282,0.19295
0.17519,-2.1143,2.15,0.033282,0.19295
0.1858,-2.2423,2.15,0.033282,0.19295
0.49097,-1.9388,2.15,0.033282,0.19295
0.5208,-2.0566,2.15,0.033282,0.19295
0.55234,-2.1812,2.15,0.033282,0.19295
0.80339,-1.8315,2.15,0.033282,0.19295
0.8522,-1.9428,2.15,0.033282,0.19295
0.90381,-2.0605,2.15,0.033282,0.19295
1.0939,-1.6743,2.15,0.033282,0.19295
1.1604,-1.7761,2.15,0.033282,0.19295
1.2306,-1.8836,2.15,0.033282,0.19295
1.3546,-1.4714,2.15,0.033282,0.19295
1.4369,-1.5609,2.15,0.033282,0.19295
1.5239,-1.6554,2.15,0.033282,0.19295
1.5783,-1.2284,2.15,0.033282,0.19295
1.6742,-1.3031,2.15,0.033282,0.19295
1.7756,-1.382,2.15,0.033282,0.19295
1.7589,-0.95189,2.15,0.033282,0.19295
1.8658,-1.0097,2.15,0.033282,0.19295
1.9788,-1.0709,2.15,0.033282,0.19295
1.8916,-0.6494,2.15,0.033282,0.19295
2.0066,-0.68886,2.15,0.033282,0.19295
2.1281,-0.73057,2.15,0.033282,0.19295
1.9727,-0.32919,2.15,0.033282,0.19295
2.0924,-0.34916,2.15,0.033282,0.19295
2.2193,-0.37034,2.15,0.033282,0.19295
2,0,2.3875,0.015838,0.096477
1.9727,0.32919,2.3875,0.015839,0.096477
2.0928,0.34922,2.3875,0.015838,0.096477
2.1215,-4.18E-07,2.3875,0.015838,0.096477
2.2193,0.37034,2.3875,0.015838,0.096477
2.25,0,2.3875,0.015838,0.096477
1.8916,0.6494,2.3875,0.015838,0.096477
2.0066,0.68886,2.3875,0.015838,0.096477
2.1281,0.73057,2.3875,0.015838,0.096477
1.7589,0.95189,2.3875,0.015838,0.096478
1.8658,1.0097,2.3875,0.015838,0.096478
1.9788,1.0709,2.3875,0.015838,0.096478
1.5783,1.2284,2.3875,0.015839,0.096478
1.6742,1.3031,2.3875,0.015838,0.096478
1.7756,1.382,2.3875,0.015838,0.096478
1.3546,1.4714,2.3875,0.015839,0.096478
1.4369,1.5609,2.3875,0.015838,0.096478
1.5239,1.6554,2.3875,0.015838,0.096478
1.0939,1.6743,2.3875,0.015839,0.096478
1.1604,1.7761,2.3875,0.015838,0.096478
1.2306,1.8836,2.3875,0.015838,0.096478
0.80339,1.8315,2.3875,0.015839,0.096478
0.8522,1.9428,2.3875,0.015838,0.096478
0.90381,2.0605,2.3875,0.015838,0.096478
0.49097,1.9388,2.3875,0.015839,0.096478
0.5208,2.0566,2.3875,0.015838,0.096478
0.55234,2.1812,2.3875,0.015838,0.096478
0.16516,1.9932,2.3875,0.015839,0.096478
0.17519,2.1143,2.3875,0.015838,0.096478
0.1858,2.2423,2.3875,0.015838,0.096478
-0.16516,1.9932,2.3875,0.015839,0.096478
-0.17519,2.1143,2.3875,0.015838,0.096478
-0.1858,2.2423,2.3875,0.015838,0.096478
-0.49097,1.9388,2.3875,0.015839,0.096478
-0.5208,2.0566,2.3875,0.015838,0.096478
-0.55234,2.1812,2.3875,0.015838,0.096478
-0.80339,1.8315,2.3875,0.015839,0.096478
-0.8522,1.9428,2.3875,0.015838,0.096478
-0.90381,2.0605,2.3875,0.015838,0.096478
-1.0939,1.6743,2.3875,0.015839,0.096478
-1.1604,1.7761,2.3875,0.015838,0.096478
-1.2306,1.8836,2.3875,0.015838,0.096478
-1.3546,1.4714,2.3875,0.015839,0.096478
-1.4369,1.5609,2.3875,0.015838,0.096478
-1.5239,1.6554,2.3875,0.015838,0.096478
-1.5783,1.2284,2.3875,0.015839,0.096478
-1.6742,1.3031,2.3875,0.015838,0.096478
-1.7756,1.382,2.3875,0.015838,0.096478
-1.7589,0.95189,2.3875,0.015838,0.096478
-1.8658,1.0097,2.3875,0.015838,0.096478
-1.9788,1.0709,2.3875,0.015838,0.096478
-1.8916,0.6494,2.3875,0.015838,0.096478
-2.0066,0.68886,2.3875,0.015838,0.096478
-2.1281,0.73057,2.3875,0.015838,0.096478
-1.9727,0.32919,2.3875,0.015838,0.096477
-2.0926,0.34919,2.3875,0.015838,0.096477
-2.2193,0.37034,2.3875,0.015838,0.096477
-2,-2.20E-16,2.3875,0.015838,0.096477
-2.1215,-4.70E-07,2.3875,0.015838,0.096477
-2.25,2.48E-16,2.3875,0.015838,0.096477
-1.9727,-0.32919,2.3875,0.015838,0.096477
-2.0926,-0.34919,2.3875,0.015838,0.096477
-2.2193,-0.37034,2.3875,0.015838,0.096477
-1.8916,-0.6494,2.3875,0.015838,0.096477
-2.0066,-0.68886,2.3875,0.015838,0.096477
-2.1281,-0.73057,2.3875,0.015838,0.096477
-1.7589,-0.95189,2.3875,0.015838,0.096477
-1.8658,-1.0097,2.3875,0.015838,0.096477
-1.9788,-1.0709,2.3875,0.015838,0.096477
-1.5783,-1.2284,2.3875,0.015838,0.096477
-1.6742,-1.3031,2.3875,0.015838,0.096477
-1.7756,-1.382,2.3875,0.015838,0.096477
-1.3546,-1.4714,2.3875,0.015838,0.096477
-1.4369,-1.5609,2.3875,0.015838,0.096477
-1.5239,-1.6554,2.3875,0.015838,0.096477
-1.0939,-1.6743,2.3875,0.015838,0.096476
-1.1604,-1.7761,2.3875,0.015838,0.096476
-1.2306,-1.8836,2.3875,0.015838,0.096476
-0.80339,-1.8315,2.3875,0.015838,0.096476
-0.8522,-1.9428,2.3875,0.015838,0.096476
-0.90381,-2.0605,2.3875,0.015838,0.096476
-0.49097,-1.9388,2.3875,0.015838,0.096476
-0.5208,-2.0566,2.3875,0.015838,0.096476
-0.55234,-2.1812,2.3875,0.015838,0.096476
-0.16516,-1.9932,2.3875,0.015838,0.096476
-0.17519,-2.1143,2.3875,0.015838,0.096476
-0.1858,-2.2423,2.3875,0.015838,0.096476
0.16516,-1.9932,2.3875,0.015838,0.096476
0.17519,-2.1143,2.3875,0.015838,0.096476
0.1858,-2.2423,2.3875,0.015838,0.096476
0.49097,-1.9388,2.3875,0.015838,0.096476
0.5208,-2.0566,2.3875,0.015838,0.096476
0.55234,-2.1812,2.3875,0.015838,0.096476
0.80339,-1.8315,2.3875,0.015838,0.096476
0.8522,-1.9428,2.3875,0.015838,0.096476
0.90381,-2.0605,2.3875,0.015838,0.096476
1.0939,-1.6743,2.3875,0.015838,0.096476
1.1604,-1.7761,2.3875,0.015838,0.096476
1.2306,-1.8836,2.3875,0.015838,0.096476
1.3546,-1.4714,2.3875,0.015838,0.096476
1.4369,-1.5609,2.3875,0.015838,0.096476
1.5239,-1.6554,2.3875,0.015838,0.096476
1.5783,-1.2284,2.3875,0.015838,0.096476
1.6742,-1.3031,2.3875,0.015838,0.096476
1.7756,-1.382,2.3875,0.015838,0.096476
1.7589,-0.95189,2.3875,0.015838,0.096477
1.8658,-1.0097,2.3875,0.015838,0.096477
1.9788,-1.0709,2.3875,0.015838,0.096477
1.8916,-0.6494,2.3875,0.015838,0.096477
2.0066,-0.68886,2.3875,0.015838,0.096477
2.1281,-0.73057,2.3875,0.015838,0.096477
1.9727,-0.32919,2.3875,0.015838,0.096477
2.0924,-0.34916,2.3875,0.015838,0.096477
2.2193,-0.37034,2.3875,0.015838,0.096477
2,0,2.625,0,0
1.9727,0.32919,2.625,0,0
2.0924,0.34916,2.625,0,0
2.1213,3.42E-10,2.625,0,0
2.2193,0.37034,2.625,0,0
2.25,0,2.625,0,0
1.8916,0.6494,2.625,0,0
2.0064,0.68879,2.625,0,0
2.1281,0.73057,2.625,0,0
1.7589,0.95189,2.625,0,0
1.8656,1.0096,2.625,0,0
1.9788,1.0709,2.625,0,0
1.5783,1.2284,2.625,0,0
1.674,1.3029,2.625,0,0
1.7756,1.382,2.625,0,0
1.3546,1.4714,2.625,0,0
1.4367,1.5607,2.625,0,0
1.5239,1.6554,2.625,0,0
1.0939,1.6743,2.625,0,0
1.1602,1.7759,2.625,0,0
1.2306,1.8836,2.625,0,0
0.80339,1.8315,2.625,0,0
0.85212,1.9426,2.625,0,0
0.90381,2.0605,2.625,0,0
0.49097,1.9388,2.625,0,0
0.52075,2.0564,2.625,0,0
0.55234,2.1812,2.625,0,0
0.16516,1.9932,2.625,0,0
0.17518,2.1141,2.625,0,0
0.1858,2.2423,2.625,0,0
-0.16516,1.9932,2.625,0,0
-0.17518,2.1141,2.625,0,0
-0.1858,2.2423,2.625,0,0
-0.49097,1.9388,2.625,0,0
-0.52075,2.0564,2.625,0,0
-0.55234,2.1812,2.625,0,0
-0.80339,1.8315,2.625,0,0
-0.85212,1.9426,2.625,0,0
-0.90381,2.0605,2.625,0,0
-1.0939,1.6743,2.625,0,0
-1.1602,1.7759,2.625,0,0
-1.2306,1.8836,2.625,0,0
-1.3546,1.4714,2.625,0,0
-1.4367,1.5607,2.625,0,0
-1.5239,1.6554,2.625,0,0
-1.5783,1.2284,2.625,0,0
-1.674,1.3029,2.625,0,0
-1.7756,1.382,2.625,0,0
-1.7589,0.95189,2.625,0,0
-1.8656,1.0096,2.625,0,0
-1.9788,1.0709,2.625,0,0
-1.8916,0.6494,2.625,0,0
-2.0064,0.68879,2.625,0,0
-2.1281,0.73057,2.625,0,0
-1.9727,0.32919,2.625,0,0
-2.0924,0.34916,2.625,0,0
-2.2193,0.37034,2.625,0,0
-2,-2.45E-16,2.625,0,0
-2.1213,-5.75E-08,2.625,0,0
-2.25,2.76E-16,2.625,0,0
-1.9727,-0.32919,2.625,0,0
-2.0924,-0.34916,2.625,0,0
-2.2193,-0.37034,2.625,0,0
-1.8916,-0.6494,2.625,0,0
-2.0064,-0.68879,2.625,0,0
-2.1281,-0.73057,2.625,0,0
-1.7589,-0.95189,2.625,0,0
-1.8656,-1.0096,2.625,0,0
-1.9788,-1.0709,2.625,0,0
-1.5783,-1.2284,2.625,0,0
-1.674,-1.3029,2.625,0,0
-1.7756,-1.382,2.625,0,0
-1.3546,-1.4714,2.625,0,0
-1.4367,-1.5607,2.625,0,0
-1.5239,-1.6554,2.625,0,0
-1.0939,-1.6743,2.625,0,0
-1.1602,-1.7759,2.625,0,0
-1.2306,-1.8836,2.625,0,0
-0.80339,-1.8315,2.625,0,0
-0.85212,-1.9426,2.625,0,0
-0.90381,-2.0605,2.625,0,0
-0.49097,-1.9388,2.625,0,0
-0.52075,-2.0564,2.625,0,0
-0.55234,-2.1812,2.625,0,0
-0.16516,-1.9932,2.625,0,0
-0.17518,-2.1141,2.625,0,0
-0.1858,-2.2423,2.625,0,0
0.16516,-1.9932,2.625,0,0
0.17518,-2.1141,2.625,0,0
0.1858,-2.2423,2.625,0,0
0.49097,-1.9388,2.625,0,0
0.52075,-2.0564,2.625,0,0
0.55234,-2.1812,2.625,0,0
0.80339,-1.8315,2.625,0,0
0.85212,-1.9426,2.625,0,0
0.90381,-2.0605,2.625,0,0
1.0939,-1.6743,2.625,0,0
1.1602,-1.7759,2.625,0,0
1.2306,-1.8836,2.625,0,0
1.3546,-1.4714,2.625,0,0
1.4367,-1.5607,2.625,0,0
1.5239,-1.6554,2.625,0,0
1.5783,-1.2284,2.625,0,0
1.674,-1.3029,2.625,0,0
1.7756,-1.382,2.625,0,0
1.7589,-0.95189,2.625,0,0
1.8656,-1.0096,2.625,0,0
1.9788,-1.0709,2.625,0,0
1.8916,-0.6494,2.625,0,0
2.0064,-0.68878,2.625,0,0
2.1281,-0.73057,2.625,0,0
1.9727,-0.32919,2.625,0,0
2.0924,-0.34915,2.625,0,0
2.2193,-0.37034,2.625,0,0
2,0,-2.25,0.97001,1.9737
1.9727,0.32919,-2.25,0.97001,1.9737
2.096,0.34976,-2.25,0.96148,1.9661
2.125,1.08E-16,-2.25,0.96147,1.9661
2,0,-2.375,1,2
1.9727,0.32919,-2.375,1,2
2.096,0.34976,-2.375,1,2
2.125,0,-2.375,1,2
2.2193,0.37034,-2.25,0.95865,1.9636
2.25,0,-2.25,0.95865,1.9636
2.2193,0.37034,-2.375,1,2
2.25,0,-2.375,1,2
1.8916,0.6494,-2.25,0.97001,1.9737
2.0099,0.68999,-2.25,0.96148,1.9661
1.8916,0.6494,-2.375,1,2
2.0099,0.68999,-2.375,1,2
2.1281,0.73057,-2.25,0.95866,1.9636
2.1281,0.73057,-2.375,1,2
1.7589,0.95189,-2.25,0.96999,1.9737
1.8689,1.0114,-2.25,0.96149,1.9661
1.7589,0.95189,-2.375,1,2
1.8689,1.0114,-2.375,1,2
1.9788,1.0709,-2.25,0.95866,1.9636
1.9788,1.0709,-2.375,1,2
1.5783,1.2284,-2.25,0.97001,1.9737
1.6769,1.3052,-2.25,0.96148,1.9661
1.5783,1.2284,-2.375,1,2
1.6769,1.3052,-2.375,1,2
1.7756,1.382,-2.25,0.95866,1.9636
1.7756,1.382,-2.375,1,2
1.3546,1.4714,-2.25,0.97002,1.9737
1.4392,1.5634,-2.25,0.96147,1.9661
1.3546,1.4714,-2.375,1,2
1.4392,1.5634,-2.375,1,2
1.5239,1.6554,-2.25,0.95865,1.9636
1.5239,1.6554,-2.375,1,2
1.0939,1.6743,-2.25,0.97002,1.9737
1.1623,1.779,-2.25,0.96147,1.9661
1.0939,1.6743,-2.375,1,2
1.1623,1.779,-2.375,1,2
1.2306,1.8836,-2.25,0.95865,1.9636
1.2306,1.8836,-2.375,1,2
0.80339,1.8315,-2.25,0.97002,1.9737
0.8536,1.946,-2.25,0.96147,1.9661
0.80339,1.8315,-2.375,1,2
0.8536,1.946,-2.375,1,2
0.90381,2.0605,-2.25,0.95865,1.9636
0.90381,2.0605,-2.375,1,2
0.49097,1.9388,-2.25,0.97002,1.9737
0.52166,2.06,-2.25,0.96147,1.9661
0.49097,1.9388,-2.375,1,2
0.52166,2.06,-2.375,1,2
0.55234,2.1812,-2.25,0.95865,1.9636
0.55234,2.1812,-2.375,1,2
0.16516,1.9932,-2.25,0.97002,1.9737
0.17548,2.1177,-2.25,0.96147,1.9661
0.16516,1.9932,-2.375,1,2
0.17548,2.1177,-2.375,1,2
0.1858,2.2423,-2.25,0.95865,1.9636
0.1858,2.2423,-2.375,1,2
-0.16516,1.9932,-2.25,0.97002,1.9737
-0.17548,2.1177,-2.25,0.96147,1.9661
-0.16516,1.9932,-2.375,1,2
-0.17548,2.1177,-2.375,1,2
-0.1858,2.2423,-2.25,0.95865,1.9636
-0.1858,2.2423,-2.375,1,2
-0.49097,1.9388,-2.25,0.97002,1.9737
-0.52166,2.06,-2.25,0.96147,1.9661
-0.49097,1.9388,-2.375,1,2
-0.52166,2.06,-2.375,1,2
-0.55234,2.1812,-2.25,0.95865,1.9636
-0.55234,2.1812,-2.375,1,2
-0.80339,1.8315,-2.25,0.97002,1.9737
-0.8536,1.946,-2.25,0.96147,1.9661
-0.80339,1.8315,-2.375,1,2
-0.8536,1.946,-2.375,1,2
-0.90381,2.0605,-2.25,0.95865,1.9636
-0.90381,2.0605,-2.375,1,2
-1.0939,1.6743,-2.25,0.97002,1.9737
-1.1623,1.779,-2.25,0.96147,1.9661
-1.0939,1.6743,-2.375,1,2
-1.1623,1.779,-2.375,1,2
-1.2306,1.8836,-2.25,0.95865,1.9636
-1.2306,1.8836,-2.375,1,2
-1.3546,1.4714,-2.25,0.97002,1.9737
-1.4392,1.5634,-2.25,0.96147,1.9661
-1.3546,1.4714,-2.375,1,2
-1.4392,1.5634,-2.375,1,2
-1.5239,1.6554,-2.25,0.95865,1.9636
-1.5239,1.6554,-2.375,1,2
-1.5783,1.2284,-2.25,0.97002,1.9737
-1.6769,1.3052,-2.25,0.96147,1.9661
-1.5783,1.2284,-2.375,1,2
-1.6769,1.3052,-2.375,1,2
-1.7756,1.382,-2.25,0.95865,1.9636
-1.7756,1.382,-2.375,1,2
-1.7589,0.95189,-2.25,0.97002,1.9737
-1.8689,1.0114,-2.25,0.96147,1.9661
-1.7589,0.95189,-2.375,1,2
-1.8689,1.0114,-2.375,1,2
-1.9788,1.0709,-2.25,0.95865,1.9636
-1.9788,1.0709,-2.375,1,2
-1.8916,0.6494,-2.25,0.97002,1.9737
-2.0099,0.68999,-2.25,0.96147,1.9661
-1.8916,0.6494,-2.375,1,2
-2.0099,0.68999,-2.375,1,2
-2.1281,0.73057,-2.25,0.95865,1.9636
-2.1281,0.73057,-2.375,1,2
-1.9727,0.32919,-2.25,0.97002,1.9737
-2.096,0.34976,-2.25,0.96147,1.9661
-1.9727,0.32919,-2.375,1,2
-2.096,0.34976,-2.375,1,2
-2.2193,0.37034,-2.25,0.95865,1.9636
-2.2193,0.37034,-2.375,1,2
-2,2.45E-16,-2.25,0.97002,1.9737
-2.125,6.03E-17,-2.25,0.96147,1.9661
-2,2.45E-16,-2.375,1,2
-2.125,-1.53E-17,-2.375,1,2
-2.25,-2.76E-16,-2.25,0.95865,1.9636
-2.25,-2.76E-16,-2.375,1,2
-1.9727,-0.32919,-2.25,0.97002,1.9737
-2.096,-0.34976,-2.25,0.96147,1.9661
-1.9727,-0.32919,-2.375,1,2
-2.096,-0.34976,-2.375,1,2
-2.2193,-0.37034,-2.25,0.95865,1.9636
-2.2193,-0.37034,-2.375,1,2
-1.8916,-0.6494,-2.25,0.97002,1.9737
-2.0099,-0.68999,-2.25,0.96147,1.9661
-1.8916,-0.6494,-2.375,1,2
-2.0099,-0.68999,-2.375,1,2
-2.1281,-0.73057,-2.25,0.95865,1.9636
-2.1281,-0.73057,-2.375,1,2
-1.7589,-0.95189,-2.25,0.97002,1.9737
-1.8689,-1.0114,-2.25,0.96147,1.9661
-1.7589,-0.95189,-2.375,1,2
-1.8689,-1.0114,-2.375,1,2
-1.9788,-1.0709,-2.25,0.95865,1.9636
-1.9788,-1.0709,-2.375,1,2
-1.5783,-1.2284,-2.25,0.97002,1.9737
-1.6769,-1.3052,-2.25,0.96147,1.9661
-1.5783,-1.2284,-2.375,1,2
-1.6769,-1.3052,-2.375,1,2
-1.7756,-1.382,-2.25,0.95865,1.9636
-1.7756,-1.382,-2.375,1,2
-1.3546,-1.4714,-2.25,0.97002,1.9737
-1.4392,-1.5634,-2.25,0.96147,1.9661
-1.3546,-1.4714,-2.375,1,2
-1.4392,-1.5634,-2.375,1,2
-1.5239,-1.6554,-2.25,0.95865,1.9636
-1.5239,-1.6554,-2.375,1,2
-1.0939,-1.6743,-2.25,0.97001,1.9737
-1.1623,-1.779,-2.25,0.96147,1.9661
-1.0939,-1.6743,-2.375,1,2
-1.1623,-1.779,-2.375,1,2
-1.2306,-1.8836,-2.25,0.95864,1.9636
-1.2306,-1.8836,-2.375,1,2
-0.80339,-1.8315,-2.25,0.97001,1.9737
-0.8536,-1.946,-2.25,0.96146,1.9661
-0.80339,-1.8315,-2.375,1,2
-0.8536,-1.946,-2.375,1,2
-0.90381,-2.0605,-2.25,0.95864,1.9636
-0.90381,-2.0605,-2.375,1,2
-0.49097,-1.9388,-2.25,0.97002,1.9737
-0.52166,-2.06,-2.25,0.96145,1.9661
-0.49097,-1.9388,-2.375,1,2
-0.52166,-2.06,-2.375,1,2
-0.55234,-2.1812,-2.25,0.95863,1.9636
-0.55234,-2.1812,-2.375,1,2
-0.16516,-1.9932,-2.25,0.97006,1.9737
-0.17548,-2.1177,-2.25,0.96143,1.9661
-0.16516,-1.9932,-2.375,1,2
-0.17548,-2.1177,-2.375,1,2
-0.1858,-2.2423,-2.25,0.95861,1.9636
-0.1858,-2.2423,-2.375,1,2
0.16516,-1.9932,-2.25,0.97006,1.9737
0.17548,-2.1177,-2.25,0.96142,1.9661
0.16516,-1.9932,-2.375,1,2
0.17548,-2.1177,-2.375,1,2
0.1858,-2.2423,-2.25,0.9586,1.9636
0.1858,-2.2423,-2.375,1,2
0.49097,-1.9388,-2.25,0.97006,1.9737
0.52166,-2.06,-2.25,0.96142,1.9661
0.49097,-1.9388,-2.375,1,2
0.52166,-2.06,-2.375,1,2
0.55234,-2.1812,-2.25,0.9586,1.9636
0.55234,-2.1812,-2.375,1,2
0.80339,-1.8315,-2.25,0.97006,1.9737
0.8536,-1.946,-2.25,0.96142,1.9661
0.80339,-1.8315,-2.375,1,2
0.8536,-1.946,-2.375,1,2
0.90381,-2.0605,-2.25,0.9586,1.9636
0.90381,-2.0605,-2.375,1,2
1.0939,-1.6743,-2.25,0.97006,1.9737
1.1623,-1.779,-2.25,0.96142,1.9661
1.0939,-1.6743,-2.375,1,2
1.1623,-1.779,-2.375,1,2
1.2306,-1.8836,-2.25,0.9586,1.9636
1.2306,-1.8836,-2.375,1,2
1.3546,-1.4714,-2.25,0.97006,1.9737
1.4392,-1.5634,-2.25,0.96143,1.9661
1.3546,-1.4714,-2.375,1,2
1.4392,-1.5634,-2.375,1,2
1.5239,-1.6554,-2.25,0.95861,1.9636
1.5239,-1.6554,-2.375,1,2
1.5783,-1.2284,-2.25,0.97001,1.9737
1.6769,-1.3052,-2.25,0.96145,1.9661
1.5783,-1.2284,-2.375,1,2
1.6769,-1.3052,-2.375,1,2
1.7756,-1.382,-2.25,0.95863,1.9636
1.7756,-1.382,-2.375,1,2
1.7589,-0.95189,-2.25,0.97001,1.9737
1.8689,-1.0114,-2.25,0.96146,1.9661
1.7589,-0.95189,-2.375,1,2
1.8689,-1.0114,-2.375,1,2
1.9788,-1.0709,-2.25,0.95864,1.9636
1.9788,-1.0709,-2.375,1,2
1.8916,-0.6494,-2.25,0.97002,1.9737
2.0099,-0.68999,-2.25,0.96147,1.9661
1.8916,-0.6494,-2.375,1,2
2.0099,-0.68999,-2.375,1,2
2.1281,-0.73057,-2.25,0.95865,1.9636
2.1281,-0.73057,-2.375,1,2
1.9727,-0.32919,-2.25,0.97,1.9737
2.096,-0.34976,-2.25,0.96147,1.9661
1.9727,-0.32919,-2.375,1,2
2.096,-0.34976,-2.375,1,2
2.2193,-0.37034,-2.25,0.95865,1.9636
2.2193,-0.37034,-2.375,1,2
1.8083,-0.30176,-2.25,0.98531,1.9872
1.8333,1.19E-16,-2.25,0.98533,1.9872
1.8083,-0.30176,-2.375,1,2
1.8333,-4.38E-18,-2.375,1,2
1.734,-0.59528,-2.25,0.98535,1.9872
1.734,-0.59528,-2.375,1,2
1.6124,-0.87257,-2.25,0.98534,1.9872
1.6124,-0.87257,-2.375,1,2
1.4468,-1.1261,-2.25,0.98535,1.9872
1.4468,-1.1261,-2.375,1,2
1.2417,-1.3488,-2.25,0.98544,1.9873
1.2417,-1.3488,-2.375,1,2
1.0027,-1.5348,-2.25,0.98545,1.9873
1.0027,-1.5348,-2.375,1,2
0.73644,-1.6789,-2.25,0.98545,1.9873
0.73644,-1.6789,-2.375,1,2
1.6439,-0.27432,-2.25,0.99592,1.9965
1.6667,1.13E-16,-2.25,0.99589,1.9965
1.6439,-0.27432,-2.375,1,2
1.6667,-8.76E-18,-2.375,1,2
1.5764,-0.54117,-2.25,0.99589,1.9965
1.5764,-0.54117,-2.375,1,2
1.4658,-0.79325,-2.25,0.99589,1.9965
1.4658,-0.79325,-2.375,1,2
1.3152,-1.0237,-2.25,0.99589,1.9965
1.3152,-1.0237,-2.375,1,2
1.1288,-1.2262,-2.25,0.99583,1.9964
1.1288,-1.2262,-2.375,1,2
0.91158,-1.3953,-2.25,0.99583,1.9964
0.91158,-1.3953,-2.375,1,2
0.66949,-1.5263,-2.25,0.99583,1.9964
0.66949,-1.5263,-2.375,1,2
1.4795,-0.24689,-2.25,0.99852,1.9987
1.5,1.07E-16,-2.25,0.99854,1.9987
1.4795,-0.24689,-2.375,1,2
1.5,-1.31E-17,-2.375,1,2
1.4187,-0.48705,-2.25,0.99854,1.9987
1.4187,-0.48705,-2.375,1,2
1.3192,-0.71392,-2.25,0.99853,1.9987
1.3192,-0.71392,-2.375,1,2
1.1837,-0.92132,-2.25,0.99853,1.9987
1.1837,-0.92132,-2.375,1,2
1.0159,-1.1036,-2.25,0.99853,1.9987
1.0159,-1.1036,-2.375,1,2
0.82042,-1.2557,-2.25,0.99853,1.9987
0.82042,-1.2557,-2.375,1,2
0.60254,-1.3737,-2.25,0.99853,1.9987
0.60254,-1.3737,-2.375,1,2
1.3151,-0.21946,-2.25,0.99951,1.9996
1.3333,1.02E-16,-2.25,0.9995,1.9996
1.3151,-0.21946,-2.375,1,2
1.3333,-1.75E-17,-2.375,1,2
1.2611,-0.43293,-2.25,0.9995,1.9996
1.2611,-0.43293,-2.375,1,2
1.1726,-0.6346,-2.25,0.99951,1.9996
1.1726,-0.6346,-2.375,1,2
1.0522,-0.81895,-2.25,0.9995,1.9996
1.0522,-0.81895,-2.375,1,2
0.90304,-0.98097,-2.25,0.9995,1.9996
0.90304,-0.98097,-2.375,1,2
0.72926,-1.1162,-2.25,0.9995,1.9996
0.72926,-1.1162,-2.375,1,2
0.53559,-1.221,-2.25,0.9995,1.9996
0.53559,-1.221,-2.375,1,2
1.1508,-0.19203,-2.25,0.99983,1.9999
1.1667,9.62E-17,-2.25,0.99983,1.9999
1.1508,-0.19203,-2.375,1,2
1.1667,-2.19E-17,-2.375,1,2
1.1035,-0.37882,-2.25,0.99983,1.9999
1.1035,-0.37882,-2.375,1,2
1.0261,-0.55527,-2.25,0.99983,1.9999
1.0261,-0.55527,-2.375,1,2
0.92066,-0.71658,-2.25,0.99983,1.9999
0.92066,-0.71658,-2.375,1,2
0.79016,-0.85834,-2.25,0.99983,1.9999
0.79016,-0.85834,-2.375,1,2
0.63811,-0.97669,-2.25,0.99983,1.9999
0.63811,-0.97669,-2.375,1,2
0.46864,-1.0684,-2.25,0.99983,1.9999
0.46864,-1.0684,-2.375,1,2
0.98636,-0.16459,-2.25,0.99994,1.9999
1,9.06E-17,-2.25,0.99994,1.9999
0.98636,-0.16459,-2.375,1,2
1,-2.63E-17,-2.375,1,2
0.94582,-0.3247,-2.25,0.99994,1.9999
0.94582,-0.3247,-2.375,1,2
0.87947,-0.47595,-2.25,0.99994,1.9999
0.87947,-0.47595,-2.375,1,2
0.78914,-0.61421,-2.25,0.99994,1.9999
0.78914,-0.61421,-2.375,1,2
0.67728,-0.73572,-2.25,0.99994,1.9999
0.67728,-0.73572,-2.375,1,2
0.54695,-0.83717,-2.25,0.99994,1.9999
0.54695,-0.83717,-2.375,1,2
0.4017,-0.91577,-2.25,0.99994,1.9999
0.4017,-0.91577,-2.375,1,2
0.58521,-0.63289,-2.25,0.99997,2
0.68838,-0.53587,-2.25,0.99997,2
0.58521,-0.63289,-2.375,1,2
0.68838,-0.53587,-2.375,1,2
0.46974,-0.71653,-2.25,0.99997,2
0.46974,-0.71653,-2.375,1,2
0.34431,-0.78495,-2.25,0.99997,2
0.34431,-0.78495,-2.375,1,2
0.49315,-0.53006,-2.25,0.99999,2
0.58761,-0.45753,-2.25,0.99999,2
0.49315,-0.53006,-2.375,1,2
0.58761,-0.45753,-2.375,1,2
0.39252,-0.5959,-2.25,0.99999,2
0.39252,-0.5959,-2.375,1,2
0.28693,-0.65412,-2.25,0.99999,2
0.28693,-0.65412,-2.375,1,2
0.40108,-0.42722,-2.25,0.99999,2
0.48685,-0.37919,-2.25,0.99999,2
0.40108,-0.42722,-2.375,1,2
0.48685,-0.37919,-2.375,1,2
0.31531,-0.47526,-2.25,1,2
0.31531,-0.47526,-2.375,1,2
0.22954,-0.5233,-2.25,1,2
0.22954,-0.5233,-2.375,1,2
0.17216,-0.39247,-2.25,1,2
0.27815,-0.35645,-2.25,1,2
0.17216,-0.39247,-2.375,1,2
0.27815,-0.35645,-2.375,1,2
0.11477,-0.26165,-2.25,1,2
0.24099,-0.23763,-2.25,1,2
0.11477,-0.26165,-2.375,1,2
0.24099,-0.23763,-2.375,1,2
0.057385,-0.13082,-2.25,1,2
0.20383,-0.11882,-2.25,1,2
0.057385,-0.13082,-2.375,1,2
0.20383,-0.11882,-2.375,1,2
-1.34E-16,5.70E-17,-2.25,1,2
0.16667,6.26E-17,-2.25,1,2
3.51E-17,-5.26E-17,-2.375,1,2
0.16667,-4.82E-17,-2.375,1,2
0.38414,-0.32042,-2.25,1,2
0.38414,-0.32042,-2.375,1,2
0.36721,-0.21361,-2.25,1,2
0.36721,-0.21361,-2.375,1,2
0.35027,-0.10681,-2.25,1,2
0.35027,-0.10681,-2.375,1,2
0.33333,6.82E-17,-2.25,1,2
0.33333,-4.38E-17,-2.375,1,2
0.49014,-0.28439,-2.25,1,2
0.49014,-0.28439,-2.375,1,2
0.49342,-0.18959,-2.25,1,2
0.49342,-0.18959,-2.375,1,2
0.49671,-0.094797,-2.25,1,2
0.49671,-0.094797,-2.375,1,2
0.5,7.38E-17,-2.25,1,2
0.5,-3.94E-17,-2.375,1,2
0.66667,7.94E-17,-2.25,0.99999,2
0.65993,-0.11806,-2.25,0.99999,2
0.66667,-3.51E-17,-2.375,1,2
0.65993,-0.11806,-2.375,1,2
0.83333,8.50E-17,-2.25,0.99998,2
0.82314,-0.14133,-2.25,0.99998,2
0.83333,-3.07E-17,-2.375,1,2
0.82314,-0.14133,-2.375,1,2
0.64422,-0.23463,-2.25,0.99999,2
0.64422,-0.23463,-2.375,1,2
0.79502,-0.27966,-2.25,0.99998,2
0.79502,-0.27966,-2.375,1,2
0.61992,-0.34824,-2.25,0.99999,2
0.61992,-0.34824,-2.375,1,2
0.74969,-0.41209,-2.25,0.99997,2
0.74969,-0.41209,-2.375,1,2
0.45006,-1.7772,-2.25,0.98545,1.9873
0.45006,-1.7772,-2.375,1,2
0.1514,-1.8271,-2.25,0.98545,1.9873
0.1514,-1.8271,-2.375,1,2
-0.1514,-1.8271,-2.25,0.98544,1.9873
-0.1514,-1.8271,-2.375,1,2
-0.45006,-1.7772,-2.25,0.98537,1.9872
-0.45006,-1.7772,-2.375,1,2
-0.73644,-1.6789,-2.25,0.98534,1.9872
-0.73644,-1.6789,-2.375,1,2
-1.0027,-1.5348,-2.25,0.98534,1.9872
-1.0027,-1.5348,-2.375,1,2
-1.2417,-1.3488,-2.25,0.98534,1.9872
-1.2417,-1.3488,-2.375,1,2
0.40914,-1.6157,-2.25,0.99583,1.9964
0.40914,-1.6157,-2.375,1,2
0.13763,-1.661,-2.25,0.99583,1.9964
0.13763,-1.661,-2.375,1,2
-0.13763,-1.661,-2.25,0.99583,1.9964
-0.13763,-1.661,-2.375,1,2
-0.40914,-1.6157,-2.25,0.99588,1.9965
-0.40914,-1.6157,-2.375,1,2
-0.66949,-1.5263,-2.25,0.99589,1.9965
-0.66949,-1.5263,-2.375,1,2
-0.91158,-1.3953,-2.25,0.99588,1.9965
-0.91158,-1.3953,-2.375,1,2
-1.1288,-1.2262,-2.25,0.99588,1.9965
-1.1288,-1.2262,-2.375,1,2
0.36823,-1.4541,-2.25,0.99853,1.9987
0.36823,-1.4541,-2.375,1,2
0.12387,-1.4949,-2.25,0.99853,1.9987
0.12387,-1.4949,-2.375,1,2
-0.12387,-1.4949,-2.25,0.99853,1.9987
-0.12387,-1.4949,-2.375,1,2
-0.36823,-1.4541,-2.25,0.99853,1.9987
-0.36823,-1.4541,-2.375,1,2
-0.60254,-1.3737,-2.25,0.99853,1.9987
-0.60254,-1.3737,-2.375,1,2
-0.82042,-1.2557,-2.25,0.99854,1.9987
-0.82042,-1.2557,-2.375,1,2
-1.0159,-1.1036,-2.25,0.99855,1.9988
-1.0159,-1.1036,-2.375,1,2
0.32731,-1.2925,-2.25,0.9995,1.9996
0.32731,-1.2925,-2.375,1,2
0.11011,-1.3288,-2.25,0.9995,1.9996
0.11011,-1.3288,-2.375,1,2
-0.11011,-1.3288,-2.25,0.9995,1.9996
-0.11011,-1.3288,-2.375,1,2
-0.32731,-1.2925,-2.25,0.9995,1.9996
-0.32731,-1.2925,-2.375,1,2
-0.53559,-1.221,-2.25,0.99951,1.9996
-0.53559,-1.221,-2.375,1,2
-0.72926,-1.1162,-2.25,0.99951,1.9996
-0.72926,-1.1162,-2.375,1,2
-0.90304,-0.98097,-2.25,0.99951,1.9996
-0.90304,-0.98097,-2.375,1,2
0.2864,-1.131,-2.25,0.99983,1.9999
0.2864,-1.131,-2.375,1,2
0.096343,-1.1627,-2.25,0.99983,1.9999
0.096343,-1.1627,-2.375,1,2
-0.096343,-1.1627,-2.25,0.99983,1.9999
-0.096343,-1.1627,-2.375,1,2
-0.2864,-1.131,-2.25,0.99983,1.9999
-0.2864,-1.131,-2.375,1,2
-0.46864,-1.0684,-2.25,0.99983,1.9999
-0.46864,-1.0684,-2.375,1,2
-0.63811,-0.97669,-2.25,0.99983,1.9999
-0.63811,-0.97669,-2.375,1,2
-0.79016,-0.85834,-2.25,0.99983,1.9999
-0.79016,-0.85834,-2.375,1,2
0.24549,-0.9694,-2.25,0.99994,1.9999
0.24549,-0.9694,-2.375,1,2
0.082579,-0.99658,-2.25,0.99994,1.9999
0.082579,-0.99658,-2.375,1,2
-0.082579,-0.99658,-2.25,0.99994,1.9999
-0.082579,-0.99658,-2.375,1,2
-0.24549,-0.9694,-2.25,0.99994,1.9999
-0.24549,-0.9694,-2.375,1,2
-0.4017,-0.91577,-2.25,0.99994,1.9999
-0.4017,-0.91577,-2.375,1,2
-0.54695,-0.83717,-2.25,0.99994,1.9999
-0.54695,-0.83717,-2.375,1,2
-0.67728,-0.73572,-2.25,0.99994,1.9999
-0.67728,-0.73572,-2.375,1,2
-0.20457,-0.83067,-2.25,0.99997,2
-0.071972,-0.86939,-2.25,0.99997,2
-0.20457,-0.83067,-2.375,1,2
-0.071972,-0.86939,-2.375,1,2
-0.3327,-0.77433,-2.25,0.99998,2
-0.3327,-0.77433,-2.375,1,2
-0.45352,-0.70133,-2.25,0.99998,2
-0.45352,-0.70133,-2.375,1,2
-0.5644,-0.6131,-2.25,0.99998,2
-0.5644,-0.6131,-2.375,1,2
-0.16365,-0.69194,-2.25,0.99999,2
-0.061364,-0.7422,-2.25,0.99999,2
-0.16365,-0.69194,-2.375,1,2
-0.061364,-0.7422,-2.375,1,2
-0.2637,-0.63288,-2.25,0.99999,2
-0.2637,-0.63288,-2.375,1,2
-0.3601,-0.56549,-2.25,0.99999,2
-0.3601,-0.56549,-2.375,1,2
-0.45152,-0.49048,-2.25,0.99999,2
-0.45152,-0.49048,-2.375,1,2
-0.12273,-0.55322,-2.25,1,2
-0.050757,-0.615,-2.25,0.99999,2
-0.12273,-0.55322,-2.375,1,2
-0.050757,-0.615,-2.375,1,2
-0.1947,-0.49143,-2.25,1,2
-0.1947,-0.49143,-2.375,1,2
-0.26667,-0.42965,-2.25,1,2
-0.26667,-0.42965,-2.375,1,2
-0.33864,-0.36786,-2.25,1,2
-0.33864,-0.36786,-2.375,1,2
-0.22576,-0.24524,-2.25,1,2
-0.15865,-0.33004,-2.25,1,2
-0.22576,-0.24524,-2.375,1,2
-0.15865,-0.33004,-2.375,1,2
-0.11288,-0.12262,-2.25,1,2
-0.050633,-0.23043,-2.25,1,2
-0.11288,-0.12262,-2.375,1,2
-0.050633,-0.23043,-2.375,1,2
-0.091543,-0.41484,-2.25,1,2
-0.091543,-0.41484,-2.375,1,2
0.011614,-0.33824,-2.25,1,2
0.011614,-0.33824,-2.375,1,2
-0.024434,-0.49964,-2.25,1,2
-0.024434,-0.49964,-2.375,1,2
0.073861,-0.44606,-2.25,1,2
0.073861,-0.44606,-2.375,1,2
0.042675,-0.58443,-2.25,0.99999,2
0.042675,-0.58443,-2.375,1,2
0.13611,-0.55387,-2.25,1,2
0.13611,-0.55387,-2.375,1,2
0.17257,-0.69238,-2.25,0.99999,2
0.17257,-0.69238,-2.375,1,2
0.20903,-0.83089,-2.25,0.99997,2
0.20903,-0.83089,-2.375,1,2
0.055977,-0.72182,-2.25,0.99999,2
0.055977,-0.72182,-2.375,1,2
0.069278,-0.8592,-2.25,0.99997,2
0.069278,-0.8592,-2.375,1,2
-1.4468,-1.1261,-2.25,0.98534,1.9872
-1.4468,-1.1261,-2.375,1,2
-1.6124,-0.87257,-2.25,0.98534,1.9872
-1.6124,-0.87257,-2.375,1,2
-1.734,-0.59528,-2.25,0.98534,1.9872
-1.734,-0.59528,-2.375,1,2
-1.8083,-0.30176,-2.25,0.98534,1.9872
-1.8083,-0.30176,-2.375,1,2
-1.8333,3.16E-16,-2.25,0.98534,1.9872
-1.8333,2.20E-16,-2.375,1,2
-1.8083,0.30176,-2.25,0.98534,1.9872
-1.8083,0.30176,-2.375,1,2
-1.3152,-1.0237,-2.25,0.99588,1.9965
-1.3152,-1.0237,-2.375,1,2
-1.4658,-0.79325,-2.25,0.99587,1.9965
-1.4658,-0.79325,-2.375,1,2
-1.5764,-0.54117,-2.25,0.99587,1.9965
-1.5764,-0.54117,-2.375,1,2
-1.6439,-0.27432,-2.25,0.99587,1.9965
-1.6439,-0.27432,-2.375,1,2
-1.6667,2.93E-16,-2.25,0.99587,1.9965
-1.6667,1.95E-16,-2.375,1,2
-1.6439,0.27432,-2.25,0.99587,1.9965
-1.6439,0.27432,-2.375,1,2
-1.1837,-0.92132,-2.25,0.99855,1.9988
-1.1837,-0.92132,-2.375,1,2
-1.3192,-0.71392,-2.25,0.99855,1.9988
-1.3192,-0.71392,-2.375,1,2
-1.4187,-0.48705,-2.25,0.99855,1.9988
-1.4187,-0.48705,-2.375,1,2
-1.4795,-0.24689,-2.25,0.99855,1.9988
-1.4795,-0.24689,-2.375,1,2
-1.5,2.69E-16,-2.25,0.99855,1.9988
-1.5,1.71E-16,-2.375,1,2
-1.4795,0.24689,-2.25,0.99855,1.9988
-1.4795,0.24689,-2.375,1,2
-1.0522,-0.81895,-2.25,0.99951,1.9996
-1.0522,-0.81895,-2.375,1,2
-1.1726,-0.6346,-2.25,0.99951,1.9996
-1.1726,-0.6346,-2.375,1,2
-1.2611,-0.43293,-2.25,0.99951,1.9996
-1.2611,-0.43293,-2.375,1,2
-1.3151,-0.21946,-2.25,0.99951,1.9996
-1.3151,-0.21946,-2.375,1,2
-1.3333,2.46E-16,-2.25,0.99951,1.9996
-1.3333,1.46E-16,-2.375,1,2
-1.3151,0.21946,-2.25,0.99951,1.9996
-1.3151,0.21946,-2.375,1,2
-0.92066,-0.71658,-2.25,0.99983,1.9999
-0.92066,-0.71658,-2.375,1,2
-1.0261,-0.55527,-2.25,0.99983,1.9999
-1.0261,-0.55527,-2.375,1,2
-1.1035,-0.37882,-2.25,0.99983,1.9999
-1.1035,-0.37882,-2.375,1,2
-1.1508,-0.19203,-2.25,0.99983,1.9999
-1.1508,-0.19203,-2.375,1,2
-1.1667,2.22E-16,-2.25,0.99983,1.9999
-1.1667,1.21E-16,-2.375,1,2
-1.1508,0.19203,-2.25,0.99983,1.9999
-1.1508,0.19203,-2.375,1,2
-0.78914,-0.61421,-2.25,0.99994,1.9999
-0.78914,-0.61421,-2.375,1,2
-0.87947,-0.47595,-2.25,0.99994,1.9999
-0.87947,-0.47595,-2.375,1,2
-0.94582,-0.3247,-2.25,0.99994,1.9999
-0.94582,-0.3247,-2.375,1,2
-0.98636,-0.16459,-2.25,0.99994,1.9999
-0.98636,-0.16459,-2.375,1,2
-1,1.98E-16,-2.25,0.99994,1.9999
-1,9.62E-17,-2.375,1,2
-0.98636,0.16459,-2.25,0.99994,1.9999
-0.98636,0.16459,-2.375,1,2
-0.84031,-0.14451,-2.25,0.99997,2
-0.82246,-0.28235,-2.25,0.99997,2
-0.84031,-0.14451,-2.375,1,2
-0.82246,-0.28235,-2.375,1,2
-0.84023,-0.0036728,-2.25,0.99998,2
-0.84023,-0.0036728,-2.375,1,2
-0.82197,0.13716,-2.25,0.99998,2
-0.82197,0.13716,-2.375,1,2
-0.69427,-0.12442,-2.25,0.99999,2
-0.6991,-0.24,-2.25,0.99999,2
-0.69427,-0.12442,-2.375,1,2
-0.6991,-0.24,-2.375,1,2
-0.68047,-0.0073457,-2.25,0.99999,2
-0.68047,-0.0073457,-2.375,1,2
-0.65757,0.10973,-2.25,0.99999,2
-0.65757,0.10973,-2.375,1,2
-0.54822,-0.10433,-2.25,1,2
-0.57574,-0.19765,-2.25,0.99999,2
-0.54822,-0.10433,-2.375,1,2
-0.57574,-0.19765,-2.375,1,2
-0.5207,-0.011018,-2.25,1,2
-0.5207,-0.011018,-2.375,1,2
-0.49318,0.082297,-2.25,1,2
-0.49318,0.082297,-2.375,1,2
-0.32879,0.054865,-2.25,1,2
-0.38476,-0.048219,-2.25,1,2
-0.32879,0.054865,-2.375,1,2
-0.38476,-0.048219,-2.375,1,2
-0.16439,0.027432,-2.25,1,2
-0.24882,-0.08542,-2.25,1,2
-0.16439,0.027432,-2.375,1,2
-0.24882,-0.08542,-2.375,1,2
-0.44073,-0.1513,-2.25,1,2
-0.44073,-0.1513,-2.375,1,2
-0.33325,-0.19827,-2.25,1,2
-0.33325,-0.19827,-2.375,1,2
-0.4967,-0.25439,-2.25,1,2
-0.4967,-0.25439,-2.375,1,2
-0.41767,-0.31112,-2.25,1,2
-0.41767,-0.31112,-2.375,1,2
-0.54149,-0.41215,-2.25,0.99999,2
-0.54149,-0.41215,-2.375,1,2
-0.66532,-0.51318,-2.25,0.99998,2
-0.66532,-0.51318,-2.375,1,2
-0.62429,-0.32824,-2.25,0.99999,2
-0.62429,-0.32824,-2.375,1,2
-0.75188,-0.40209,-2.25,0.99997,2
-0.75188,-0.40209,-2.375,1,2
-1.734,0.59528,-2.25,0.98534,1.9872
-1.734,0.59528,-2.375,1,2
-1.6124,0.87257,-2.25,0.98534,1.9872
-1.6124,0.87257,-2.375,1,2
-1.4468,1.1261,-2.25,0.98534,1.9872
-1.4468,1.1261,-2.375,1,2
-1.2417,1.3488,-2.25,0.98534,1.9872
-1.2417,1.3488,-2.375,1,2
-1.0027,1.5348,-2.25,0.98534,1.9872
-1.0027,1.5348,-2.375,1,2
-0.73644,1.6789,-2.25,0.98534,1.9872
-0.73644,1.6789,-2.375,1,2
-1.5764,0.54117,-2.25,0.99587,1.9965
-1.5764,0.54117,-2.375,1,2
-1.4658,0.79325,-2.25,0.99588,1.9965
-1.4658,0.79325,-2.375,1,2
-1.3152,1.0237,-2.25,0.99589,1.9965
-1.3152,1.0237,-2.375,1,2
-1.1288,1.2262,-2.25,0.99589,1.9965
-1.1288,1.2262,-2.375,1,2
-0.91158,1.3953,-2.25,0.99588,1.9965
-0.91158,1.3953,-2.375,1,2
-0.66949,1.5263,-2.25,0.99588,1.9965
-0.66949,1.5263,-2.375,1,2
-1.4187,0.48705,-2.25,0.99855,1.9988
-1.4187,0.48705,-2.375,1,2
-1.3192,0.71392,-2.25,0.99854,1.9988
-1.3192,0.71392,-2.375,1,2
-1.1837,0.92132,-2.25,0.99853,1.9987
-1.1837,0.92132,-2.375,1,2
-1.0159,1.1036,-2.25,0.99853,1.9987
-1.0159,1.1036,-2.375,1,2
-0.82042,1.2557,-2.25,0.99854,1.9987
-0.82042,1.2557,-2.375,1,2
-0.60254,1.3737,-2.25,0.99854,1.9988
-0.60254,1.3737,-2.375,1,2
-1.2611,0.43293,-2.25,0.99951,1.9996
-1.2611,0.43293,-2.375,1,2
-1.1726,0.6346,-2.25,0.99951,1.9996
-1.1726,0.6346,-2.375,1,2
-1.0522,0.81895,-2.25,0.99951,1.9996
-1.0522,0.81895,-2.375,1,2
-0.90304,0.98097,-2.25,0.99951,1.9996
-0.90304,0.98097,-2.375,1,2
-0.72926,1.1162,-2.25,0.99951,1.9996
-0.72926,1.1162,-2.375,1,2
-0.53559,1.221,-2.25,0.99951,1.9996
-0.53559,1.221,-2.375,1,2
-1.1035,0.37882,-2.25,0.99983,1.9999
-1.1035,0.37882,-2.375,1,2
-1.0261,0.55527,-2.25,0.99983,1.9999
-1.0261,0.55527,-2.375,1,2
-0.92066,0.71658,-2.25,0.99983,1.9999
-0.92066,0.71658,-2.375,1,2
-0.79016,0.85834,-2.25,0.99983,1.9999
-0.79016,0.85834,-2.375,1,2
-0.63811,0.97669,-2.25,0.99983,1.9999
-0.63811,0.97669,-2.375,1,2
-0.46864,1.0684,-2.25,0.99983,1.9999
-0.46864,1.0684,-2.375,1,2
-0.94582,0.3247,-2.25,0.99994,1.9999
-0.94582,0.3247,-2.375,1,2
-0.87947,0.47595,-2.25,0.99994,1.9999
-0.87947,0.47595,-2.375,1,2
-0.78914,0.61421,-2.25,0.99994,1.9999
-0.78914,0.61421,-2.375,1,2
-0.67728,0.73572,-2.25,0.99994,1.9999
-0.67728,0.73572,-2.375,1,2
-0.54695,0.83717,-2.25,0.99994,1.9999
-0.54695,0.83717,-2.375,1,2
-0.4017,0.91577,-2.25,0.99994,1.9999
-0.4017,0.91577,-2.375,1,2
-0.58058,0.62444,-2.25,0.99997,2
-0.68621,0.5341,-2.25,0.99997,2
-0.58058,0.62444,-2.375,1,2
-0.68621,0.5341,-2.375,1,2
-0.46264,0.70141,-2.25,0.99998,2
-0.46264,0.70141,-2.375,1,2
-0.33475,0.76314,-2.25,0.99998,2
-0.33475,0.76314,-2.375,1,2
-0.48389,0.51316,-2.25,0.99999,2
-0.58329,0.45399,-2.25,0.99999,2
-0.48389,0.51316,-2.375,1,2
-0.58329,0.45399,-2.375,1,2
-0.37833,0.56565,-2.25,0.99999,2
-0.37833,0.56565,-2.375,1,2
-0.2678,0.61052,-2.25,0.99999,2
-0.2678,0.61052,-2.375,1,2
-0.38719,0.40188,-2.25,1,2
-0.48036,0.37388,-2.25,0.99999,2
-0.38719,0.40188,-2.375,1,2
-0.48036,0.37388,-2.375,1,2
-0.29402,0.42989,-2.25,1,2
-0.29402,0.42989,-2.375,1,2
-0.20085,0.45789,-2.25,1,2
-0.20085,0.45789,-2.375,1,2
-0.1339,0.30526,-2.25,1,2
-0.25081,0.29573,-2.25,1,2
-0.1339,0.30526,-2.375,1,2
-0.25081,0.29573,-2.375,1,2
-0.066949,0.15263,-2.25,1,2
-0.2076,0.16158,-2.25,1,2
-0.066949,0.15263,-2.375,1,2
-0.2076,0.16158,-2.375,1,2
-0.36772,0.28621,-2.25,1,2
-0.36772,0.28621,-2.375,1,2
-0.34826,0.17054,-2.25,1,2
-0.34826,0.17054,-2.375,1,2
-0.48464,0.27669,-2.25,1,2
-0.48464,0.27669,-2.375,1,2
-0.48891,0.17949,-2.25,1,2
-0.48891,0.17949,-2.375,1,2
-0.64121,0.22789,-2.25,0.99999,2
-0.64121,0.22789,-2.375,1,2
-0.79351,0.2763,-2.25,0.99998,2
-0.79351,0.2763,-2.375,1,2
-0.61625,0.34311,-2.25,0.99999,2
-0.61625,0.34311,-2.375,1,2
-0.74786,0.40953,-2.25,0.99997,2
-0.74786,0.40953,-2.375,1,2
-0.45006,1.7772,-2.25,0.98534,1.9872
-0.45006,1.7772,-2.375,1,2
-0.1514,1.8271,-2.25,0.98534,1.9872
-0.1514,1.8271,-2.375,1,2
0.1514,1.8271,-2.25,0.98535,1.9872
0.1514,1.8271,-2.375,1,2
0.45006,1.7772,-2.25,0.98535,1.9872
0.45006,1.7772,-2.375,1,2
0.73644,1.6789,-2.25,0.98534,1.9872
0.73644,1.6789,-2.375,1,2
1.0027,1.5348,-2.25,0.98534,1.9872
1.0027,1.5348,-2.375,1,2
-0.40914,1.6157,-2.25,0.99588,1.9965
-0.40914,1.6157,-2.375,1,2
-0.13763,1.661,-2.25,0.99587,1.9965
-0.13763,1.661,-2.375,1,2
0.13763,1.661,-2.25,0.99587,1.9965
0.13763,1.661,-2.375,1,2
0.40914,1.6157,-2.25,0.99587,1.9965
0.40914,1.6157,-2.375,1,2
0.66949,1.5263,-2.25,0.99587,1.9965
0.66949,1.5263,-2.375,1,2
0.91158,1.3953,-2.25,0.99587,1.9965
0.91158,1.3953,-2.375,1,2
-0.36823,1.4541,-2.25,0.99855,1.9988
-0.36823,1.4541,-2.375,1,2
-0.12387,1.4949,-2.25,0.99855,1.9988
-0.12387,1.4949,-2.375,1,2
0.12387,1.4949,-2.25,0.99854,1.9988
0.12387,1.4949,-2.375,1,2
0.36823,1.4541,-2.25,0.99854,1.9988
0.36823,1.4541,-2.375,1,2
0.60254,1.3737,-2.25,0.99855,1.9988
0.60254,1.3737,-2.375,1,2
0.82042,1.2557,-2.25,0.99855,1.9988
0.82042,1.2557,-2.375,1,2
-0.32731,1.2925,-2.25,0.99951,1.9996
-0.32731,1.2925,-2.375,1,2
-0.11011,1.3288,-2.25,0.99951,1.9996
-0.11011,1.3288,-2.375,1,2
0.11011,1.3288,-2.25,0.99951,1.9996
0.11011,1.3288,-2.375,1,2
0.32731,1.2925,-2.25,0.99951,1.9996
0.32731,1.2925,-2.375,1,2
0.53559,1.221,-2.25,0.99951,1.9996
0.53559,1.221,-2.375,1,2
0.72926,1.1162,-2.25,0.99951,1.9996
0.72926,1.1162,-2.375,1,2
-0.2864,1.131,-2.25,0.99983,1.9999
-0.2864,1.131,-2.375,1,2
-0.096343,1.1627,-2.25,0.99983,1.9999
-0.096343,1.1627,-2.375,1,2
0.096343,1.1627,-2.25,0.99983,1.9999
0.096343,1.1627,-2.375,1,2
0.2864,1.131,-2.25,0.99983,1.9999
0.2864,1.131,-2.375,1,2
0.46864,1.0684,-2.25,0.99983,1.9999
0.46864,1.0684,-2.375,1,2
0.63811,0.97669,-2.25,0.99983,1.9999
0.63811,0.97669,-2.375,1,2
-0.24549,0.9694,-2.25,0.99994,1.9999
-0.24549,0.9694,-2.375,1,2
-0.082579,0.99658,-2.25,0.99994,1.9999
-0.082579,0.99658,-2.375,1,2
0.082579,0.99658,-2.25,0.99994,1.9999
0.082579,0.99658,-2.375,1,2
0.24549,0.9694,-2.25,0.99994,1.9999
0.24549,0.9694,-2.375,1,2
0.4017,0.91577,-2.25,0.99994,1.9999
0.4017,0.91577,-2.375,1,2
0.54695,0.83717,-2.25,0.99994,1.9999
0.54695,0.83717,-2.375,1,2
0.20521,0.82758,-2.25,0.99997,2
0.071809,0.8666,-2.25,0.99997,2
0.20521,0.82758,-2.375,1,2
0.071809,0.8666,-2.375,1,2
0.33415,0.77094,-2.25,0.99998,2
0.33415,0.77094,-2.375,1,2
0.45579,0.69764,-2.25,0.99998,2
0.45579,0.69764,-2.375,1,2
0.16494,0.68577,-2.25,0.99999,2
0.061038,0.73662,-2.25,0.99999,2
0.16494,0.68577,-2.375,1,2
0.061038,0.73662,-2.375,1,2
0.26661,0.6261,-2.25,0.99999,2
0.26661,0.6261,-2.375,1,2
0.36463,0.55811,-2.25,0.99999,2
0.36463,0.55811,-2.375,1,2
0.12467,0.54395,-2.25,1,2
0.050267,0.60664,-2.25,0.99999,2
0.12467,0.54395,-2.375,1,2
0.050267,0.60664,-2.375,1,2
0.19907,0.48127,-2.25,1,2
0.19907,0.48127,-2.375,1,2
0.27347,0.41858,-2.25,1,2
0.27347,0.41858,-2.375,1,2
0.18232,0.27906,-2.25,1,2
0.1104,0.37172,-2.25,1,2
0.18232,0.27906,-2.375,1,2
0.1104,0.37172,-2.375,1,2
0.091158,0.13953,-2.25,1,2
0.021724,0.26218,-2.25,1,2
0.091158,0.13953,-2.375,1,2
0.021724,0.26218,-2.375,1,2
0.03848,0.46439,-2.25,1,2
0.03848,0.46439,-2.375,1,2
-0.047709,0.38482,-2.25,1,2
-0.047709,0.38482,-2.375,1,2
-0.033438,0.55705,-2.25,1,2
-0.033438,0.55705,-2.375,1,2
-0.11714,0.50747,-2.25,1,2
-0.11714,0.50747,-2.375,1,2
-0.15992,0.66145,-2.25,0.99999,2
-0.15992,0.66145,-2.375,1,2
-0.2027,0.81542,-2.25,0.99998,2
-0.2027,0.81542,-2.375,1,2
-0.049818,0.70356,-2.25,0.99999,2
-0.049818,0.70356,-2.375,1,2
-0.066199,0.85007,-2.25,0.99997,2
-0.066199,0.85007,-2.375,1,2
1.2417,1.3488,-2.25,0.98534,1.9872
1.2417,1.3488,-2.375,1,2
1.4468,1.1261,-2.25,0.98532,1.9872
1.4468,1.1261,-2.375,1,2
1.6124,0.87257,-2.25,0.98528,1.9872
1.6124,0.87257,-2.375,1,2
1.734,0.59528,-2.25,0.98531,1.9872
1.734,0.59528,-2.375,1,2
1.8083,0.30176,-2.25,0.98532,1.9872
1.8083,0.30176,-2.375,1,2
1.1288,1.2262,-2.25,0.99588,1.9965
1.1288,1.2262,-2.375,1,2
1.3152,1.0237,-2.25,0.9959,1.9965
1.3152,1.0237,-2.375,1,2
1.4658,0.79325,-2.25,0.99593,1.9965
1.4658,0.79325,-2.375,1,2
1.5764,0.54117,-2.25,0.9959,1.9965
1.5764,0.54117,-2.375,1,2
1.6439,0.27432,-2.25,0.9959,1.9965
1.6439,0.27432,-2.375,1,2
1.0159,1.1036,-2.25,0.99855,1.9988
1.0159,1.1036,-2.375,1,2
1.1837,0.92132,-2.25,0.99853,1.9987
1.1837,0.92132,-2.375,1,2
1.3192,0.71392,-2.25,0.99852,1.9987
1.3192,0.71392,-2.375,1,2
1.4187,0.48705,-2.25,0.99854,1.9987
1.4187,0.48705,-2.375,1,2
1.4795,0.24689,-2.25,0.99854,1.9987
1.4795,0.24689,-2.375,1,2
0.90304,0.98097,-2.25,0.99951,1.9996
0.90304,0.98097,-2.375,1,2
1.0522,0.81895,-2.25,0.99951,1.9996
1.0522,0.81895,-2.375,1,2
1.1726,0.6346,-2.25,0.99951,1.9996
1.1726,0.6346,-2.375,1,2
1.2611,0.43293,-2.25,0.99951,1.9996
1.2611,0.43293,-2.375,1,2
1.3151,0.21946,-2.25,0.99951,1.9996
1.3151,0.21946,-2.375,1,2
0.79016,0.85834,-2.25,0.99983,1.9999
0.79016,0.85834,-2.375,1,2
0.92066,0.71658,-2.25,0.99983,1.9999
0.92066,0.71658,-2.375,1,2
1.0261,0.55527,-2.25,0.99983,1.9999
1.0261,0.55527,-2.375,1,2
1.1035,0.37882,-2.25,0.99983,1.9999
1.1035,0.37882,-2.375,1,2
1.1508,0.19203,-2.25,0.99983,1.9999
1.1508,0.19203,-2.375,1,2
0.67728,0.73572,-2.25,0.99994,1.9999
0.67728,0.73572,-2.375,1,2
0.78914,0.61421,-2.25,0.99994,1.9999
0.78914,0.61421,-2.375,1,2
0.87947,0.47595,-2.25,0.99994,1.9999
0.87947,0.47595,-2.375,1,2
0.94582,0.3247,-2.25,0.99994,1.9999
0.94582,0.3247,-2.375,1,2
0.98636,0.16459,-2.25,0.99994,1.9999
0.98636,0.16459,-2.375,1,2
0.80507,0.28085,-2.25,0.99997,2
0.76477,0.41387,-2.25,0.99997,2
0.80507,0.28085,-2.375,1,2
0.76477,0.41387,-2.375,1,2
0.82817,0.14192,-2.25,0.99998,2
0.82817,0.14192,-2.375,1,2
0.66432,0.237,-2.25,0.99999,2
0.65006,0.35179,-2.25,0.99999,2
0.66432,0.237,-2.375,1,2
0.65006,0.35179,-2.375,1,2
0.66998,0.11925,-2.25,0.99999,2
0.66998,0.11925,-2.375,1,2
0.52357,0.19314,-2.25,1,2
0.53535,0.28972,-2.25,0.99999,2
0.52357,0.19314,-2.375,1,2
0.53535,0.28972,-2.375,1,2
0.51178,0.096572,-2.25,1,2
0.51178,0.096572,-2.375,1,2
0.37158,0.11089,-2.25,1,2
0.37158,0.11089,-2.375,1,2
0.23137,0.12521,-2.25,1,2
0.23137,0.12521,-2.375,1,2
0.40982,0.22178,-2.25,1,2
0.40982,0.22178,-2.375,1,2
0.29607,0.25042,-2.25,1,2
0.29607,0.25042,-2.375,1,2
0.44806,0.33267,-2.25,1,2
0.44806,0.33267,-2.375,1,2
0.36077,0.37563,-2.25,1,2
0.36077,0.37563,-2.375,1,2
0.46627,0.49566,-2.25,0.99999,2
0.46627,0.49566,-2.375,1,2
0.57178,0.61569,-2.25,0.99998,2
0.57178,0.61569,-2.375,1,2
0.56175,0.42652,-2.25,0.99999,2
0.56175,0.42652,-2.375,1,2
0.67545,0.52037,-2.25,0.99997,2
0.67545,0.52037,-2.375,1,2
1.7708,-0.29572,-2.125,0.9876,1.9894
1.7967,-0.00010199,-2.125,0.98747,1.9893
1.7,-0.58388,-2.125,0.98739,1.9892
1.5805,-0.8556,-2.125,0.98741,1.9893
1.4183,-1.1042,-2.125,0.9874,1.9893
1.2215,-1.327,-2.125,0.98672,1.9886
0.98646,-1.5099,-2.125,0.98673,1.9887
0.72447,-1.6517,-2.125,0.98673,1.9887
1.5883,-0.26548,-2.125,0.99559,1.9962
1.6016,-0.0003773,-2.125,0.99585,1.9964
1.5151,-0.52106,-2.125,0.99583,1.9964
1.4106,-0.7643,-2.125,0.99576,1.9964
1.2664,-0.98638,-2.125,0.99572,1.9963
1.0887,-1.1831,-2.125,0.99566,1.9963
0.8797,-1.3467,-2.125,0.99562,1.9962
0.64616,-1.4733,-2.125,0.99562,1.9962
1.4023,-0.23536,-2.125,0.99872,1.9989
1.4233,-0.0006679,-2.125,0.99869,1.9989
1.3459,-0.46379,-2.125,0.99868,1.9989
1.2513,-0.67903,-2.125,0.99869,1.9989
1.1281,-0.87923,-2.125,0.99862,1.9988
0.96902,-1.0533,-2.125,0.99861,1.9988
0.78312,-1.199,-2.125,0.99861,1.9988
0.5752,-1.3117,-2.125,0.9986,1.9988
1.2354,-0.20846,-2.125,0.99955,1.9996
1.2488,-0.0012646,-2.125,0.99956,1.9996
1.1835,-0.40948,-2.125,0.99955,1.9996
1.1073,-0.60213,-2.125,0.99952,1.9996
0.99398,-0.77584,-2.125,0.99952,1.9996
0.85381,-0.92865,-2.125,0.99952,1.9996
0.68973,-1.0562,-2.125,0.99952,1.9996
0.50672,-1.1557,-2.125,0.99952,1.9996
1.0768,-0.18344,-2.125,0.99983,1.9999
1.0909,-0.0017405,-2.125,0.99983,1.9999
1.036,-0.36065,-2.125,0.99983,1.9999
0.96986,-0.52947,-2.125,0.99982,1.9998
0.87277,-0.68244,-2.125,0.99981,1.9998
0.74996,-0.8159,-2.125,0.99981,1.9998
0.60554,-0.927,-2.125,0.99982,1.9998
0.44494,-1.0149,-2.125,0.99981,1.9998
0.92894,-0.16087,-2.125,0.99993,1.9999
0.94684,-0.0020676,-2.125,0.99993,1.9999
0.8991,-0.31638,-2.125,0.99993,1.9999
0.84025,-0.46207,-2.125,0.99993,1.9999
0.75572,-0.5929,-2.125,0.99993,1.9999
0.65211,-0.70911,-2.125,0.99992,1.9999
0.52646,-0.80481,-2.125,0.99993,1.9999
0.38701,-0.88264,-2.125,0.99992,1.9999
0.5614,-0.60828,-2.125,0.99997,2
0.65366,-0.51496,-2.125,0.99997,2
0.45456,-0.69171,-2.125,0.99997,2
0.33277,-0.75871,-2.125,0.99997,2
0.48391,-0.51682,-2.125,0.99998,2
0.56127,-0.44536,-2.125,0.99998,2
0.38804,-0.58237,-2.125,0.99998,2
0.27947,-0.63582,-2.125,0.99999,2
0.42497,-0.43053,-2.125,0.99999,2
0.49593,-0.40006,-2.125,0.99999,2
0.33033,-0.47238,-2.125,0.99999,2
0.2292,-0.51938,-2.125,0.99999,2
0.17945,-0.40704,-2.125,1,2
0.29059,-0.36705,-2.125,1,2
0.13068,-0.29621,-2.125,1,2
0.25938,-0.25614,-2.125,1,2
0.073365,-0.16804,-2.125,1,2
0.23036,-0.13019,-2.125,1,2
-0.013819,0.028764,-2.125,1,2
0.22778,0.014923,-2.125,1,2
0.40021,-0.33775,-2.125,0.99999,2
0.38527,-0.23331,-2.125,1,2
0.37781,-0.11797,-2.125,1,2
0.38082,0.0041489,-2.125,1,2
0.50155,-0.32428,-2.125,0.99999,2
0.50679,-0.22678,-2.125,0.99999,2
0.51145,-0.11608,-2.125,0.99999,2
0.52053,-0.0012212,-2.125,0.99999,2
0.66105,-0.0021608,-2.125,0.99999,2
0.64993,-0.12425,-2.125,0.99999,2
0.80046,-0.0025504,-2.125,0.99997,2
0.791,-0.14092,-2.125,0.99997,2
0.63191,-0.24198,-2.125,0.99999,2
0.76231,-0.27534,-2.125,0.99997,2
0.60362,-0.35262,-2.125,0.99998,2
0.72198,-0.40229,-2.125,0.99997,2
0.44272,-1.7484,-2.125,0.98673,1.9887
0.14891,-1.7974,-2.125,0.98674,1.9887
-0.14894,-1.7974,-2.125,0.98672,1.9886
-0.44138,-1.7434,-2.125,0.98729,1.9892
-0.72181,-1.6459,-2.125,0.98741,1.9893
-0.98267,-1.5043,-2.125,0.98747,1.9893
-1.2168,-1.3219,-2.125,0.98749,1.9893
0.39488,-1.5597,-2.125,0.99562,1.9962
0.13281,-1.6025,-2.125,0.99564,1.9962
-0.13253,-1.6021,-2.125,0.99567,1.9963
-0.39371,-1.5566,-2.125,0.99572,1.9963
-0.64389,-1.4693,-2.125,0.99577,1.9964
-0.8736,-1.3382,-2.125,0.99595,1.9965
-1.0812,-1.175,-2.125,0.99599,1.9966
0.35155,-1.3888,-2.125,0.9986,1.9988
0.11833,-1.4276,-2.125,0.9986,1.9988
-0.11762,-1.4252,-2.125,0.99863,1.9988
-0.3482,-1.3798,-2.125,0.99869,1.9989
-0.56834,-1.2993,-2.125,0.99874,1.9989
-0.77372,-1.1864,-2.125,0.99875,1.9989
-0.95829,-1.0418,-2.125,0.99875,1.9989
0.30967,-1.2238,-2.125,0.99952,1.9996
0.10438,-1.2584,-2.125,0.99952,1.9996
-0.10244,-1.252,-2.125,0.99954,1.9996
-0.30612,-1.2174,-2.125,0.99954,1.9996
-0.50084,-1.1478,-2.125,0.99955,1.9996
-0.67863,-1.0426,-2.125,0.99957,1.9996
-0.84025,-0.91431,-2.125,0.99958,1.9996
0.27178,-1.075,-2.125,0.99981,1.9998
0.091435,-1.0987,-2.125,0.99982,1.9998
-0.08835,-1.0946,-2.125,0.99983,1.9999
-0.26469,-1.0622,-2.125,0.99983,1.9999
-0.43414,-1.0006,-2.125,0.99983,1.9999
-0.59088,-0.91059,-2.125,0.99984,1.9999
-0.73306,-0.79841,-2.125,0.99984,1.9999
0.23508,-0.93186,-2.125,0.99993,1.9999
0.079333,-0.95834,-2.125,0.99993,1.9999
-0.075095,-0.95162,-2.125,0.99993,1.9999
-0.22648,-0.92297,-2.125,0.99993,1.9999
-0.37484,-0.87104,-2.125,0.99993,1.9999
-0.50815,-0.78737,-2.125,0.99994,1.9999
-0.63175,-0.68883,-2.125,0.99994,1.9999
-0.18854,-0.79532,-2.125,0.99997,2
-0.063216,-0.82562,-2.125,0.99997,2
-0.31463,-0.74537,-2.125,0.99997,2
-0.4278,-0.67029,-2.125,0.99997,2
-0.5356,-0.58447,-2.125,0.99997,2
-0.14762,-0.68117,-2.125,0.99998,2
-0.050907,-0.7139,-2.125,0.99998,2
-0.24777,-0.62585,-2.125,0.99999,2
-0.34747,-0.55836,-2.125,0.99999,2
-0.44433,-0.48399,-2.125,0.99999,2
-0.099005,-0.58863,-2.125,0.99999,2
-0.039691,-0.63656,-2.125,0.99999,2
-0.17457,-0.52514,-2.125,0.99999,2
-0.2597,-0.45251,-2.125,0.99999,2
-0.3493,-0.38138,-2.125,0.99999,2
-0.25956,-0.27763,-2.125,1,2
-0.16725,-0.35556,-2.125,1,2
-0.16329,-0.15942,-2.125,1,2
-0.060522,-0.25826,-2.125,1,2
-0.088134,-0.437,-2.125,1,2
0.014494,-0.36052,-2.125,1,2
-0.020694,-0.52406,-2.125,0.99999,2
0.074772,-0.46298,-2.125,1,2
0.03084,-0.60715,-2.125,0.99999,2
0.12643,-0.56581,-2.125,0.99999,2
0.16531,-0.67881,-2.125,0.99998,2
0.20182,-0.80603,-2.125,0.99997,2
0.052979,-0.70697,-2.125,0.99998,2
0.067287,-0.82462,-2.125,0.99997,2
-1.4179,-1.1036,-2.125,0.98748,1.9893
-1.5804,-0.85521,-2.125,0.98747,1.9893
-1.6997,-0.58349,-2.125,0.98745,1.9893
-1.7726,-0.2958,-2.125,0.98745,1.9893
-1.7969,-2.31E-05,-2.125,0.98747,1.9893
-1.7723,0.29577,-2.125,0.98748,1.9893
-1.26,-0.98077,-2.125,0.99599,1.9966
-1.4045,-0.76003,-2.125,0.99598,1.9965
-1.5106,-0.51859,-2.125,0.99598,1.9965
-1.5753,-0.26297,-2.125,0.99598,1.9965
-1.5969,-9.10E-05,-2.125,0.99598,1.9965
-1.575,0.26285,-2.125,0.99599,1.9966
-1.1173,-0.86967,-2.125,0.99875,1.9989
-1.2457,-0.67401,-2.125,0.99874,1.9989
-1.3399,-0.46,-2.125,0.99874,1.9989
-1.3972,-0.23338,-2.125,0.99874,1.9989
-1.4162,-0.00021162,-2.125,0.99875,1.9989
-1.3965,0.23308,-2.125,0.99875,1.9989
-0.98008,-0.76289,-2.125,0.99958,1.9996
-1.0933,-0.59138,-2.125,0.99958,1.9996
-1.1762,-0.40385,-2.125,0.99957,1.9996
-1.2263,-0.20516,-2.125,0.99957,1.9996
-1.2427,-0.00049936,-2.125,0.99958,1.9996
-1.2253,0.20448,-2.125,0.99958,1.9996
-0.8564,-0.66621,-2.125,0.99984,1.9999
-0.95659,-0.51684,-2.125,0.99984,1.9999
-1.0292,-0.35341,-2.125,0.99984,1.9999
-1.0724,-0.18003,-2.125,0.99984,1.9999
-1.0866,-0.0010129,-2.125,0.99984,1.9999
-1.0707,0.17863,-2.125,0.99984,1.9999
-0.74022,-0.57459,-2.125,0.99994,1.9999
-0.82965,-0.44691,-2.125,0.99993,1.9999
-0.89235,-0.30645,-2.125,0.99993,1.9999
-0.92873,-0.15721,-2.125,0.99993,1.9999
-0.94196,-0.002046,-2.125,0.99993,1.9999
-0.92518,0.15423,-2.125,0.99994,1.9999
-0.798,-0.13798,-2.125,0.99997,2
-0.76802,-0.26374,-2.125,0.99997,2
-0.80554,-0.0042895,-2.125,0.99997,2
-0.78785,0.1311,-2.125,0.99997,2
-0.67421,-0.12425,-2.125,0.99999,2
-0.66042,-0.22672,-2.125,0.99998,2
-0.67006,-0.010845,-2.125,0.99999,2
-0.65544,0.10852,-2.125,0.99999,2
-0.56689,-0.12435,-2.125,0.99999,2
-0.584,-0.20054,-2.125,0.99999,2
-0.54744,-0.024763,-2.125,0.99999,2
-0.5275,0.086768,-2.125,0.99999,2
-0.39729,0.065515,-2.125,1,2
-0.42662,-0.054201,-2.125,1,2
-0.25073,0.046248,-2.125,1,2
-0.3008,-0.096084,-2.125,1,2
-0.47075,-0.16038,-2.125,1,2
-0.36329,-0.21242,-2.125,1,2
-0.5233,-0.25004,-2.125,0.99999,2
-0.44088,-0.31267,-2.125,0.99999,2
-0.53164,-0.40241,-2.125,0.99999,2
-0.63187,-0.4873,-2.125,0.99997,2
-0.60745,-0.31604,-2.125,0.99999,2
-0.71629,-0.38266,-2.125,0.99997,2
-1.6995,0.58351,-2.125,0.98747,1.9893
-1.5804,0.85535,-2.125,0.98746,1.9893
-1.4182,1.1038,-2.125,0.98743,1.9893
-1.2171,1.3221,-2.125,0.98743,1.9893
-0.98286,1.5043,-2.125,0.98746,1.9893
-0.72178,1.6455,-2.125,0.98748,1.9893
-1.5104,0.51869,-2.125,0.99598,1.9965
-1.4047,0.76038,-2.125,0.99597,1.9965
-1.2657,0.98524,-2.125,0.99578,1.9964
-1.0863,1.18,-2.125,0.99579,1.9964
-0.87424,1.338,-2.125,0.99595,1.9965
-0.64153,1.4627,-2.125,0.99598,1.9965
-1.3395,0.46016,-2.125,0.99875,1.9989
-1.246,0.67467,-2.125,0.99874,1.9989
-1.1184,0.8706,-2.125,0.99874,1.9989
-0.95966,1.0422,-2.125,0.99875,1.9989
-0.775,1.1859,-2.125,0.99874,1.9989
-0.56885,1.297,-2.125,0.99875,1.9989
-1.1754,0.40408,-2.125,0.99958,1.9996
-1.094,0.59269,-2.125,0.99957,1.9996
-0.9878,0.76898,-2.125,0.99955,1.9996
-0.84784,0.92044,-2.125,0.99955,1.9996
-0.68112,1.0417,-2.125,0.99957,1.9996
-0.49929,1.1383,-2.125,0.99958,1.9996
-1.0273,0.35373,-2.125,0.99984,1.9999
-0.95732,0.51931,-2.125,0.99984,1.9999
-0.85995,0.66944,-2.125,0.99984,1.9999
-0.73839,0.80075,-2.125,0.99984,1.9999
-0.59527,0.90925,-2.125,0.99984,1.9999
-0.43631,0.99453,-2.125,0.99984,1.9999
-0.88791,0.30687,-2.125,0.99993,1.9999
-0.82995,0.45156,-2.125,0.99993,1.9999
-0.74643,0.58105,-2.125,0.99993,1.9999
-0.64253,0.69508,-2.125,0.99993,1.9999
-0.51595,0.78563,-2.125,0.99993,1.9999
-0.37732,0.85966,-2.125,0.99993,1.9999
-0.55392,0.59536,-2.125,0.99997,2
-0.64414,0.50135,-2.125,0.99997,2
-0.44272,0.66858,-2.125,0.99997,2
-0.32281,0.73479,-2.125,0.99997,2
-0.47351,0.49658,-2.125,0.99999,2
-0.55234,0.42947,-2.125,0.99998,2
-0.37629,0.55492,-2.125,0.99999,2
-0.26796,0.60794,-2.125,0.99999,2
-0.41507,0.40617,-2.125,0.99999,2
-0.48865,0.37925,-2.125,0.99999,2
-0.32178,0.44435,-2.125,0.99999,2
-0.21627,0.48652,-2.125,0.99999,2
-0.16566,0.36755,-2.125,1,2
-0.28368,0.32738,-2.125,1,2
-0.10566,0.23348,-2.125,1,2
-0.25497,0.19534,-2.125,1,2
-0.39596,0.30543,-2.125,1,2
-0.38902,0.18988,-2.125,1,2
-0.49813,0.30142,-2.125,0.99999,2
-0.51188,0.20023,-2.125,0.99999,2
-0.63192,0.22625,-2.125,0.99999,2
-0.75679,0.26406,-2.125,0.99997,2
-0.59984,0.33677,-2.125,0.99999,2
-0.71362,0.3913,-2.125,0.99997,2
-0.44105,1.7419,-2.125,0.98747,1.9893
-0.14833,1.7909,-2.125,0.98746,1.9893
0.14844,1.791,-2.125,0.98745,1.9893
0.44115,1.7421,-2.125,0.98745,1.9893
0.72181,1.6456,-2.125,0.98747,1.9893
0.98276,1.5042,-2.125,0.98748,1.9893
-0.39189,1.5483,-2.125,0.99598,1.9965
-0.13172,1.5919,-2.125,0.99597,1.9965
0.13199,1.592,-2.125,0.99597,1.9965
0.39207,1.5485,-2.125,0.99597,1.9965
0.64138,1.4624,-2.125,0.99599,1.9965
0.87313,1.3364,-2.125,0.996,1.9966
-0.34742,1.3732,-2.125,0.99874,1.9989
-0.11668,1.4121,-2.125,0.99874,1.9989
0.11713,1.4124,-2.125,0.99874,1.9989
0.34769,1.3737,-2.125,0.99874,1.9989
0.56862,1.2968,-2.125,0.99875,1.9989
0.77415,1.1848,-2.125,0.99875,1.9989
-0.30465,1.2052,-2.125,0.99958,1.9996
-0.10217,1.2401,-2.125,0.99957,1.9996
0.10288,1.2404,-2.125,0.99957,1.9996
0.30498,1.2061,-2.125,0.99957,1.9996
0.49871,1.1381,-2.125,0.99958,1.9996
0.67905,1.0393,-2.125,0.99958,1.9996
-0.26583,1.0537,-2.125,0.99984,1.9999
-0.088875,1.0855,-2.125,0.99984,1.9999
0.090078,1.0861,-2.125,0.99983,1.9999
0.26646,1.056,-2.125,0.99984,1.9999
0.43543,0.99522,-2.125,0.99984,1.9999
0.59326,0.90816,-2.125,0.99984,1.9999
-0.22884,0.91141,-2.125,0.99993,1.9999
-0.075932,0.94181,-2.125,0.99993,1.9999
0.07816,0.94266,-2.125,0.99993,1.9999
0.23044,0.91799,-2.125,0.99993,1.9999
0.37539,0.86132,-2.125,0.99993,1.9999
0.51238,0.78465,-2.125,0.99994,1.9999
0.19544,0.78935,-2.125,0.99997,2
0.067379,0.81345,-2.125,0.99997,2
0.31761,0.73627,-2.125,0.99997,2
0.43593,0.66822,-2.125,0.99997,2
0.15668,0.66798,-2.125,0.99999,2
0.057386,0.69728,-2.125,0.99998,2
0.25893,0.61861,-2.125,0.99999,2
0.36246,0.55679,-2.125,0.99999,2
0.1129,0.56955,-2.125,0.99999,2
0.050135,0.61646,-2.125,0.99999,2
0.19632,0.51253,-2.125,0.99999,2
0.2915,0.44945,-2.125,0.99999,2
0.21755,0.33941,-2.125,1,2
0.11933,0.41682,-2.125,1,2
0.13047,0.21447,-2.125,1,2
0.02246,0.31898,-2.125,1,2
0.038898,0.49843,-2.125,1,2
-0.055142,0.42891,-2.125,1,2
-0.020284,0.58183,-2.125,0.99999,2
-0.1128,0.53729,-2.125,0.99999,2
-0.15627,0.65276,-2.125,0.99999,2
-0.19305,0.7785,-2.125,0.99997,2
-0.046206,0.68635,-2.125,0.99999,2
-0.062755,0.81144,-2.125,0.99997,2
1.2168,1.3217,-2.125,0.98751,1.9893
1.4171,1.1029,-2.125,0.98758,1.9894
1.577,0.8534,-2.125,0.98784,1.9896
1.6982,0.58299,-2.125,0.98759,1.9894
1.7713,0.29555,-2.125,0.98757,1.9894
1.0808,1.1738,-2.125,0.99602,1.9966
1.2633,0.98306,-2.125,0.99589,1.9965
1.4123,0.76422,-2.125,0.99573,1.9963
1.5144,0.51987,-2.125,0.99587,1.9965
1.5811,0.26374,-2.125,0.99581,1.9964
0.95827,1.0405,-2.125,0.99876,1.9989
1.1147,0.86715,-2.125,0.99879,1.999
1.2453,0.67372,-2.125,0.99876,1.9989
1.3407,0.4602,-2.125,0.99874,1.9989
1.4006,0.23349,-2.125,0.99872,1.9989
0.84044,0.91213,-2.125,0.99958,1.9996
0.9814,0.76303,-2.125,0.99958,1.9996
1.0976,0.59373,-2.125,0.99956,1.9996
1.1767,0.404,-2.125,0.99957,1.9996
1.2294,0.20484,-2.125,0.99957,1.9996
0.73585,0.79785,-2.125,0.99984,1.9999
0.85797,0.66631,-2.125,0.99984,1.9999
0.95694,0.51755,-2.125,0.99984,1.9999
1.0296,0.35395,-2.125,0.99984,1.9999
1.0751,0.17937,-2.125,0.99984,1.9999
0.63798,0.69018,-2.125,0.99993,1.9999
0.74499,0.57704,-2.125,0.99993,1.9999
0.83488,0.45155,-2.125,0.99993,1.9999
0.89254,0.30803,-2.125,0.99993,1.9999
0.93159,0.15631,-2.125,0.99993,1.9999
0.76729,0.26768,-2.125,0.99997,2
0.715,0.38682,-2.125,0.99997,2
0.78998,0.13511,-2.125,0.99997,2
0.64622,0.23353,-2.125,0.99999,2
0.61481,0.33297,-2.125,0.99998,2
0.65726,0.11926,-2.125,0.99999,2
0.53898,0.21698,-2.125,0.99999,2
0.54383,0.2951,-2.125,0.99999,2
0.53,0.11288,-2.125,0.99999,2
0.40541,0.12771,-2.125,1,2
0.27148,0.15665,-2.125,1,2
0.43784,0.24016,-2.125,1,2
0.32749,0.27969,-2.125,1,2
0.47716,0.33535,-2.125,0.99999,2
0.38859,0.38831,-2.125,0.99999,2
0.46188,0.48823,-2.125,0.99999,2
0.54889,0.59041,-2.125,0.99997,2
0.54906,0.41333,-2.125,0.99999,2
0.64195,0.49375,-2.125,0.99997,2
