x,y,z,u,v
2.0,0.0,-1.8875,1.8570387,0.841657
1.9727,0.32919,-1.8875,1.8544596,0.83960235
2.0928,0.34922,-1.8875,1.8312719,0.82048655
2.1215,-4.1784e-07,-1.8875,1.8359597,0.8242439
2.0,0.0,-2.125,1.9406695,0.928832
1.9727,0.32919,-2.125,1.9398072,0.9282897
2.0928,0.34922,-2.125,1.9232218,0.91367686
2.1215,-4.1784e-07,-2.125,1.9252532,0.9152308
2.2193,0.37034,-1.8875,1.8078214,0.8013962
2.25,0.0,-1.8875,1.8148177,0.80700004
2.2193,0.37034,-2.125,1.904666,0.8976075
2.25,0.0,-2.125,1.9082708,0.9005092
1.8916,0.6494,-1.8875,1.8538474,0.8398245
2.0066,0.68886,-1.8875,1.8298244,0.8200346
1.8916,0.6494,-2.125,1.939589,0.9290154
2.0066,0.68886,-2.125,1.9229147,0.9143427
2.1281,0.73057,-1.8875,1.8051823,0.7999721
2.1281,0.73057,-2.125,1.9039761,0.8979403
1.7589,0.95189,-1.8875,1.8588593,0.8450812
1.8658,1.0097,-1.8875,1.8366221,0.8266621
1.7589,0.95189,-2.125,1.941487,0.93203115
1.8658,1.0097,-2.125,1.9265107,0.9188111
1.9788,1.0709,-1.8875,1.8138187,0.8079446
1.9788,1.0709,-2.125,1.9096692,0.9041268
1.5783,1.2284,-1.8875,1.8657036,0.852201
1.6742,1.3031,-1.8875,1.8466252,0.83629596
1.5783,1.2284,-2.125,1.9433228,0.9352427
1.6742,1.3031,-2.125,1.9305325,0.92394066
1.7756,1.382,-1.8875,1.8274695,0.82040435
1.7756,1.382,-2.125,1.9166334,0.9117477
1.3546,1.4714,-1.8875,1.8684309,0.85614425
1.4369,1.5609,-1.8875,1.8513507,0.8419382
1.3546,1.4714,-2.125,1.9427847,0.9363555
1.4369,1.5609,-2.125,1.9310434,0.92607117
1.5239,1.6554,-1.8875,1.8345951,0.828038
1.5239,1.6554,-2.125,1.9186556,0.9152693
1.0939,1.6743,-1.8875,1.865419,0.8552138
1.1604,1.7761,-1.8875,1.8482566,0.8410853
1.0939,1.6743,-2.125,1.939997,0.93513054
1.1604,1.7761,-2.125,1.927858,0.9246339
1.2306,1.8836,-1.8875,1.8314984,0.82733434
1.2306,1.8836,-2.125,1.9151075,0.91366106
0.80339,1.8315,-1.8875,1.8595376,0.8514505
0.8522,1.9428,-1.8875,1.8409743,0.83629894
0.80339,1.8315,-2.125,1.9369311,0.933075
0.8522,1.9428,-2.125,1.9235703,0.92160296
0.90381,2.0605,-1.8875,1.8227186,0.82145923
0.90381,2.0605,-2.125,1.9093591,0.90946925
0.49097,1.9388,-1.8875,1.8553088,0.8484731
0.5208,2.0566,-1.8875,1.8352458,0.83213425
0.49097,1.9388,-2.125,1.9359984,0.93231213
0.5208,2.0566,-2.125,1.9214816,0.91983646
0.55234,2.1812,-1.8875,1.8154435,0.8160693
0.55234,2.1812,-2.125,1.9058367,0.906472
0.16516,1.9932,-1.8875,1.8562979,0.84935004
0.17519,2.1143,-1.8875,1.8356427,0.8324681
0.16516,1.9932,-2.125,1.9387264,0.9344166
0.17519,2.1143,-2.125,1.923928,0.9216082
0.1858,2.2423,-1.8875,1.8152671,0.81586313
0.1858,2.2423,-2.125,1.9078398,0.9077664
-0.16516,1.9932,-1.8875,1.8628917,0.85473895
-0.17519,2.1143,-1.8875,1.8428917,0.8382855
-0.16516,1.9932,-2.125,1.9444932,0.93925387
-0.17519,2.1143,-2.125,1.9305075,0.9270359
-0.1858,2.2423,-1.8875,1.8232036,0.82211643
-0.1858,2.2423,-2.125,1.9152536,0.91377914
-0.49097,1.9388,-1.8875,1.8717647,0.8622566
-0.5208,2.0566,-1.8875,1.853112,0.84685284
-0.49097,1.9388,-2.125,1.950639,0.94484055
-0.5208,2.0566,-2.125,1.9379338,0.93370265
-0.55234,2.1812,-1.8875,1.8348197,0.8317581
-0.55234,2.1812,-2.125,1.9241017,0.9216272
-0.80339,1.8315,-1.8875,1.8781713,0.8679864
-0.8522,1.9428,-1.8875,1.8604558,0.85340637
-0.80339,1.8315,-2.125,1.954427,0.94870716
-0.8522,1.9428,-2.125,1.9425361,0.93836606
-0.90381,2.0605,-1.8875,1.8431253,0.8391611
-0.90381,2.0605,-2.125,1.9296179,0.92717856
-1.0939,1.6743,-1.8875,1.8790443,0.86892736
-1.1604,1.7761,-1.8875,1.8610187,0.85418826
-1.0939,1.6743,-2.125,1.9547104,0.9493284
-1.1604,1.7761,-2.125,1.9426346,0.9389471
-1.2306,1.8836,-1.8875,1.8432913,0.8397322
-1.2306,1.8836,-2.125,1.9294621,0.92768186
-1.3546,1.4714,-1.8875,1.8741997,0.864403
-1.4369,1.5609,-1.8875,1.8544888,0.8483146
-1.3546,1.4714,-2.125,1.9518703,0.9464665
-1.4369,1.5609,-2.125,1.9385712,0.93506163
-1.5239,1.6554,-1.8875,1.8347912,0.8322974
-1.5239,1.6554,-2.125,1.9238425,0.9225086
-1.5783,1.2284,-1.8875,1.8661933,0.8563939
-1.6742,1.3031,-1.8875,1.8441044,0.8383035
-1.5783,1.2284,-2.125,1.947252,0.94108826
-1.6742,1.3031,-2.125,1.9320688,0.9279706
-1.7756,1.382,-1.8875,1.8216923,0.8200374
-1.7756,1.382,-2.125,1.9149516,0.9132984
-1.7589,0.95189,-1.8875,1.8594277,0.8488577
-1.8658,1.0097,-1.8875,1.8356695,0.82929647
-1.7589,0.95189,-2.125,1.9429581,0.93530416
-1.8658,1.0097,-2.125,1.9261811,0.9206524
-1.9788,1.0709,-1.8875,1.8114008,0.80944246
-1.9788,1.0709,-2.125,1.9070861,0.9041515
-1.8916,0.6494,-1.8875,1.8571105,0.8449873
-2.0066,0.68886,-1.8875,1.8334556,0.82538533
-1.8916,0.6494,-2.125,1.9407547,0.93124646
-2.0066,0.68886,-2.125,1.9236519,0.91614777
-2.1281,0.73057,-1.8875,1.8093606,0.80556977
-2.1281,0.73057,-2.125,1.9043,0.8992773
-1.9727,0.32919,-1.8875,1.8582002,0.84446865
-2.0926,0.34919,-1.8875,1.8361859,0.8261044
-1.9727,0.32919,-2.125,1.9402773,0.9292267
-2.0926,0.34919,-2.125,1.9240743,0.9147944
-2.2193,0.37034,-1.8875,1.8140155,0.80774707
-2.2193,0.37034,-2.125,1.9060979,0.89898777
-2.0,2.2044e-16,-1.8875,1.8584814,0.8441941
-2.1215,-4.703e-07,-1.8875,1.838235,0.8272678
-2.0,2.4493e-16,-2.125,1.939282,0.9277076
-2.1215,-4.703e-07,-2.125,1.9240777,0.9141497
-2.25,-2.4799e-16,-1.8875,1.8182362,0.81064796
-2.25,-2.7555e-16,-2.125,1.9076612,0.8996776
-1.9727,-0.32919,-1.8875,1.8557544,0.8423686
-2.0926,-0.34919,-1.8875,1.8362911,0.8262041
-1.9727,-0.32919,-2.125,1.936684,0.92577827
-2.0926,-0.34919,-2.125,1.9217664,0.9126138
-2.2193,-0.37034,-1.8875,1.817404,0.8105963
-2.2193,-0.37034,-2.125,1.9059925,0.8988374
-1.8916,-0.6494,-1.8875,1.8531756,0.8411965
-2.0066,-0.68886,-1.8875,1.8340647,0.82549113
-1.8916,-0.6494,-2.125,1.9345608,0.9248717
-2.0066,-0.68886,-2.125,1.9198246,0.9120479
-2.1281,-0.73057,-1.8875,1.8156403,0.81042945
-2.1281,-0.73057,-2.125,1.9043581,0.8987289
-1.7589,-0.95189,-1.8875,1.855543,0.84406996
-1.8658,-1.0097,-1.8875,1.8376782,0.8294693
-1.7589,-0.95189,-2.125,1.9357464,0.92694706
-1.8658,-1.0097,-2.125,1.9222109,0.9152458
-1.9788,-1.0709,-1.8875,1.8204719,0.8154889
-1.9788,-1.0709,-2.125,1.9080789,0.9031587
-1.5783,-1.2284,-1.8875,1.862417,0.85035944
-1.6742,-1.3031,-1.8875,1.8468101,0.8375769
-1.5783,-1.2284,-2.125,1.9396377,0.9312417
-1.6742,-1.3031,-2.125,1.928174,0.92129683
-1.7756,-1.382,-1.8875,1.8318489,0.825399
-1.7756,-1.382,-2.125,1.9163605,0.9111592
-1.3546,-1.4714,-1.8875,1.8681601,0.8554625
-1.4369,-1.5609,-1.8875,1.854548,0.84423274
-1.3546,-1.4714,-2.125,1.9428475,0.93482935
-1.4369,-1.5609,-2.125,1.9331098,0.9262915
-1.5239,-1.6554,-1.8875,1.841588,0.8336112
-1.5239,-1.6554,-2.125,1.9232115,0.9177099
-1.0939,-1.6743,-1.8875,1.8681741,0.8556107
-1.1604,-1.7761,-1.8875,1.8552158,0.84480184
-1.0939,-1.6743,-2.125,1.943105,0.93573034
-1.1604,-1.7761,-2.125,1.934001,0.9276211
-1.2306,-1.8836,-1.8875,1.842875,0.8345679
-1.2306,-1.8836,-2.125,1.9247615,0.9194773
-0.80339,-1.8315,-1.8875,1.8624412,0.8507624
-0.8522,-1.9428,-1.8875,1.8488809,0.83927625
-0.80339,-1.8315,-2.125,1.9406333,0.93407756
-0.8522,-1.9428,-2.125,1.9312216,0.9255196
-0.90381,-2.0605,-1.8875,1.8358419,0.82825863
-0.90381,-2.0605,-2.125,1.9215441,0.9167835
-0.49097,-1.9388,-1.8875,1.8543391,0.8438044
-0.5208,-2.0566,-1.8875,1.8397845,0.8312506
-0.49097,-1.9388,-2.125,1.9370613,0.9313101
-0.5208,-2.0566,-2.125,1.9269873,0.9219401
-0.55234,-2.1812,-1.8875,1.8256856,0.81905466
-0.55234,-2.1812,-2.125,1.9164782,0.9121869
-0.16516,-1.9932,-1.8875,1.8479319,0.8383716
-0.17519,-2.1143,-1.8875,1.8330046,0.82527715
-0.16516,-1.9932,-2.125,1.9340954,0.929069
-0.17519,-2.1143,-2.125,1.9236884,0.91919875
-0.1858,-2.2423,-1.8875,1.8185608,0.8124975
-0.1858,-2.2423,-2.125,1.9127871,0.9088262
0.16516,-1.9932,-1.8875,1.8452129,0.836407
0.17519,-2.1143,-1.8875,1.8310238,0.8238355
0.16516,-1.9932,-2.125,1.9323963,0.9280819
0.17519,-2.1143,-2.125,1.9223273,0.9184409
0.1858,-2.2423,-1.8875,1.8174927,0.8116836
0.1858,-2.2423,-2.125,1.911948,0.90841645
0.49097,-1.9388,-1.8875,1.8448944,0.8368751
0.5208,-2.0566,-1.8875,1.8320999,0.8255841
0.49097,-1.9388,-2.125,1.9312147,0.9276411
0.5208,-2.0566,-2.125,1.9218122,0.9187084
0.55234,-2.1812,-1.8875,1.8203006,0.8150013
0.55234,-2.1812,-2.125,1.9124821,0.909736
0.80339,-1.8315,-1.8875,1.8439355,0.8369413
0.8522,-1.9428,-1.8875,1.8320928,0.8267161
0.80339,-1.8315,-2.125,1.9292827,0.92637956
0.8522,-1.9428,-2.125,1.9201403,0.9179254
0.90381,-2.0605,-1.8875,1.8216221,0.8175531
0.90381,-2.0605,-2.125,1.9114443,0.90980285
1.0939,-1.6743,-1.8875,1.8403493,0.8345606
1.1604,-1.7761,-1.8875,1.8280799,0.82430524
1.0939,-1.6743,-2.125,1.9260674,0.9235913
1.1604,-1.7761,-2.125,1.9162123,0.9148029
1.2306,-1.8836,-1.8875,1.817419,0.8153521
1.2306,-1.8836,-2.125,1.9069875,0.9065597
1.3546,-1.4714,-1.8875,1.8350172,0.8302082
1.4369,-1.5609,-1.8875,1.8207088,0.81858295
1.3546,-1.4714,-2.125,1.9224898,0.919974
1.4369,-1.5609,-2.125,1.9108229,0.9098915
1.5239,-1.6554,-1.8875,1.8079548,0.8082631
1.5239,-1.6554,-2.125,1.8996274,0.90027994
1.5783,-1.2284,-1.8875,1.8319197,0.82698995
1.6742,-1.3031,-1.8875,1.8146844,0.8132016
1.5783,-1.2284,-2.125,1.9210566,0.9176553
1.6742,-1.3031,-2.125,1.9070472,0.90576416
1.7756,-1.382,-1.8875,1.7986532,0.8004988
1.7756,-1.382,-2.125,1.8929818,0.89397496
1.7589,-0.95189,-1.8875,1.8356441,0.82857615
1.8658,-1.0097,-1.8875,1.8162096,0.8130327
1.7589,-0.95189,-2.125,1.924445,0.91895115
1.8658,-1.0097,-2.125,1.9089308,0.9058
1.9788,-1.0709,-1.8875,1.7974575,0.7982196
1.9788,-1.0709,-2.125,1.8926958,0.8922574
1.8916,-0.6494,-1.8875,1.8456368,0.8348295
2.0066,-0.68886,-1.8875,1.8256896,0.81868273
1.8916,-0.6494,-2.125,1.9318614,0.9234688
2.0066,-0.68886,-2.125,1.9164317,0.9102117
2.1281,-0.73057,-1.8875,1.8060323,0.8029819
2.1281,-0.73057,-2.125,1.8999027,0.8962567
1.9727,-0.32919,-1.8875,1.854739,0.8406195
2.0924,-0.34916,-1.8875,1.8348489,0.8242848
1.9727,-0.32919,-2.125,1.9384534,0.92762667
2.0924,-0.34916,-2.125,1.9235551,0.9145945
2.2193,-0.37034,-1.8875,1.8150063,0.8082016
2.2193,-0.37034,-2.125,1.9073459,0.90066475
2.0,0.0,-1.65,1.7518704,0.74495786
1.9727,0.32919,-1.65,1.7458328,0.7402885
2.0928,0.34922,-1.65,1.7224087,0.72202426
2.1215,-4.1784e-07,-1.65,1.7306509,0.72835225
2.2193,0.37034,-1.65,1.7006073,0.70514756
2.25,0.0,-1.65,1.7108927,0.7130102
1.8916,0.6494,-1.65,1.7424767,0.73823017
2.0066,0.68886,-1.65,1.7178541,0.7190582
2.1281,0.73057,-1.65,1.6947151,0.70115125
1.7589,0.95189,-1.65,1.747891,0.7432322
1.8658,1.0097,-1.65,1.72441,0.7248346
1.9788,1.0709,-1.65,1.7022412,0.707531
1.5783,1.2284,-1.65,1.7581414,0.7523125
1.6742,1.3031,-1.65,1.7375495,0.7360186
1.7756,1.382,-1.65,1.7182964,0.72078854
1.3546,1.4714,-1.65,1.7640693,0.75841916
1.4369,1.5609,-1.65,1.7457179,0.743866
1.5239,1.6554,-1.65,1.7288262,0.7304473
1.0939,1.6743,-1.65,1.7613394,0.75789064
1.1604,1.7761,-1.65,1.7432365,0.74365526
1.2306,1.8836,-1.65,1.7266278,0.7305851
0.80339,1.8315,-1.65,1.7530415,0.7527307
0.8522,1.9428,-1.65,1.7338935,0.73781025
0.90381,2.0605,-1.65,1.7162855,0.72408575
0.49097,1.9388,-1.65,1.7455255,0.7476517
0.5208,2.0566,-1.65,1.7252984,0.7319352
0.55234,2.1812,-1.65,1.7068045,0.7175384
0.16516,1.9932,-1.65,1.7440069,0.7467332
0.17519,2.1143,-1.65,1.7234427,0.7307037
0.1858,2.2423,-1.65,1.7048151,0.71612185
-0.16516,1.9932,-1.65,1.7497977,0.7512578
-0.17519,2.1143,-1.65,1.7297794,0.73556036
-0.1858,2.2423,-1.65,1.7117581,0.7213436
-0.49097,1.9388,-1.65,1.7596229,0.7590222
-0.5208,2.0566,-1.65,1.7406561,0.74408966
-0.55234,2.1812,-1.65,1.72366,0.7306185
-0.80339,1.8315,-1.65,1.7675674,0.7655023
-0.8522,1.9428,-1.65,1.7493083,0.7511578
-0.90381,2.0605,-1.65,1.7329965,0.73826975
-1.0939,1.6743,-1.65,1.7689092,0.7666601
-1.1604,1.7761,-1.65,1.7502041,0.7520482
-1.2306,1.8836,-1.65,1.7333988,0.7388719
-1.3546,1.4714,-1.65,1.7630228,0.7615618
-1.4369,1.5609,-1.65,1.7426431,0.7456834
-1.5239,1.6554,-1.65,1.7240376,0.73114884
-1.5783,1.2284,-1.65,1.7538134,0.7531691
-1.6742,1.3031,-1.65,1.731375,0.7356635
-1.7756,1.382,-1.65,1.7106255,0.71944153
-1.7589,0.95189,-1.65,1.74732,0.7464854
-1.8658,1.0097,-1.65,1.7236652,0.72797465
-1.9788,1.0709,-1.65,1.7016584,0.71073735
-1.8916,0.6494,-1.65,1.7470154,0.74465567
-2.0066,0.68886,-1.65,1.723649,0.72628915
-2.1281,0.73057,-1.65,1.7018621,0.7091739
-1.9727,0.32919,-1.65,1.7509137,0.7465635
-2.0926,0.34919,-1.65,1.7291551,0.72936034
-2.2193,0.37034,-1.65,1.7089173,0.713375
-2.0,1.9594e-16,-1.65,1.7533853,0.7481384
-2.1215,-4.703e-07,-1.65,1.7334809,0.7323451
-2.25,-2.2044e-16,-1.65,1.7151841,0.7178212
-1.9727,-0.32919,-1.65,1.7513268,0.74699074
-2.0926,-0.34919,-1.65,1.732438,0.73205894
-2.2193,-0.37034,-1.65,1.7153335,0.7185124
-1.8916,-0.6494,-1.65,1.7484386,0.74563843
-2.0066,-0.68886,-1.65,1.7299871,0.73117405
-2.1281,-0.73057,-1.65,1.7133963,0.718143
-1.7589,-0.95189,-1.65,1.7509127,0.7483501
-1.8658,-1.0097,-1.65,1.7333654,0.73466676
-1.9788,-1.0709,-1.65,1.7175779,0.7223429
-1.5783,-1.2284,-1.65,1.7591004,0.7551063
-1.6742,-1.3031,-1.65,1.7432494,0.74272925
-1.7756,-1.382,-1.65,1.7289664,0.7315788
-1.3546,-1.4714,-1.65,1.7663059,0.7607316
-1.4369,-1.5609,-1.65,1.7521001,0.74956775
-1.5239,-1.6554,-1.65,1.7393066,0.7395251
-1.0939,-1.6743,-1.65,1.7658684,0.7600883
-1.1604,-1.7761,-1.65,1.7522196,0.74925095
-1.2306,-1.8836,-1.65,1.7399015,0.73947316
-0.80339,-1.8315,-1.65,1.7573955,0.7528913
-0.8522,-1.9428,-1.65,1.7432609,0.741494
-0.90381,-2.0605,-1.65,1.7304399,0.7311138
-0.49097,-1.9388,-1.65,1.7460513,0.74332565
-0.5208,-2.0566,-1.65,1.7313137,0.7312004
-0.55234,-2.1812,-1.65,1.7179756,0.72009903
-0.16516,-1.9932,-1.65,1.7378349,0.7364185
-0.17519,-2.1143,-1.65,1.7232144,0.72413665
-0.1858,-2.2423,-1.65,1.7100987,0.71289897
0.16516,-1.9932,-1.65,1.7354002,0.7346195
0.17519,-2.1143,-1.65,1.72183,0.7230584
0.1858,-2.2423,-1.65,1.7098292,0.71256596
0.49097,-1.9388,-1.65,1.7369345,0.7366143
0.5208,-2.0566,-1.65,1.7249358,0.7264026
0.55234,-2.1812,-1.65,1.7146261,0.7173724
0.80339,-1.8315,-1.65,1.7380846,0.73867697
0.8522,-1.9428,-1.65,1.7272258,0.72963494
0.90381,-2.0605,-1.65,1.7182714,0.7219871
1.0939,-1.6743,-1.65,1.7355621,0.7377299
1.1604,-1.7761,-1.65,1.7244279,0.72879094
1.2306,-1.8836,-1.65,1.7153829,0.72142845
1.3546,-1.4714,-1.65,1.730048,0.73391414
1.4369,-1.5609,-1.65,1.7169503,0.72373444
1.5239,-1.6554,-1.65,1.7059618,0.7151744
1.5783,-1.2284,-1.65,1.7264969,0.73081565
1.6742,-1.3031,-1.65,1.7104967,0.7185888
1.7756,-1.382,-1.65,1.6964731,0.7079145
1.7589,-0.95189,-1.65,1.7305132,0.732663
1.8658,-1.0097,-1.65,1.7121028,0.71860945
1.9788,-1.0709,-1.65,1.6954026,0.70595014
1.8916,-0.6494,-1.65,1.7415794,0.73941386
2.0066,-0.68886,-1.65,1.7221295,0.7244164
2.1281,-0.73057,-1.65,1.7041316,0.7106548
1.9727,-0.32919,-1.65,1.7512212,0.74528056
2.0924,-0.34916,-1.65,1.7313724,0.72979814
2.2193,-0.37034,-1.65,1.7128433,0.7154663
2.0,0.0,-1.4125,1.6447058,0.656058
1.9727,0.32919,-1.4125,1.6358047,0.64951444
2.0928,0.34922,-1.4125,1.6171811,0.63556
2.1215,-4.1784e-07,-1.4125,1.6275835,0.64316875
2.2193,0.37034,-1.4125,1.6008228,0.623295
2.25,0.0,-1.4125,1.61243,0.63177174
1.8916,0.6494,-1.4125,1.6295484,0.64529395
2.0066,0.68886,-1.4125,1.6100752,0.63072217
2.1281,0.73057,-1.4125,1.5928887,0.617827
1.7589,0.95189,-1.4125,1.6329124,0.64823335
1.8658,1.0097,-1.4125,1.6140587,0.6340279
1.9788,1.0709,-1.4125,1.5973282,0.62135565
1.5783,1.2284,-1.4125,1.6429813,0.65630287
1.6742,1.3031,-1.4125,1.6261077,0.6434342
1.7756,1.382,-1.4125,1.6111827,0.63195354
1.3546,1.4714,-1.4125,1.649929,0.6624974
1.4369,1.5609,-1.4125,1.6348581,0.65093654
1.5239,1.6554,-1.4125,1.6216617,0.6407062
1.0939,1.6743,-1.4125,1.6475034,0.6620639
1.1604,1.7761,-1.4125,1.6328435,0.65089136
1.2306,1.8836,-1.4125,1.6200275,0.6410333
0.80339,1.8315,-1.4125,1.638336,0.656532
0.8522,1.9428,-1.4125,1.6232502,0.64512265
0.90381,2.0605,-1.4125,1.6100945,0.635076
0.49097,1.9388,-1.4125,1.6294572,0.65077055
0.5208,2.0566,-1.4125,1.6141343,0.6391727
0.55234,2.1812,-1.4125,1.6009877,0.6290787
0.16516,1.9932,-1.4125,1.626371,0.6487984
0.17519,2.1143,-1.4125,1.611325,0.6373239
0.1858,2.2423,-1.4125,1.5986671,0.62747246
-0.16516,1.9932,-1.4125,1.6304775,0.65186054
-0.17519,2.1143,-1.4125,1.6160555,0.64077157
-0.1858,2.2423,-1.4125,1.6040554,0.63131917
-0.49097,1.9388,-1.4125,1.6390554,0.65823925
-0.5208,2.0566,-1.4125,1.6253821,0.64768434
-0.55234,2.1812,-1.4125,1.6140687,0.63872945
-0.80339,1.8315,-1.4125,1.6466157,0.6639968
-0.8522,1.9428,-1.4125,1.6333759,0.6538126
-0.90381,2.0605,-1.4125,1.6224681,0.6452234
-1.0939,1.6743,-1.4125,1.6482184,0.66525155
-1.1604,1.7761,-1.4125,1.634531,0.6548097
-1.2306,1.8836,-1.4125,1.6231735,0.6459712
-1.3546,1.4714,-1.4125,1.6432087,0.6611719
-1.4369,1.5609,-1.4125,1.6282,0.6497791
-1.5239,1.6554,-1.4125,1.615497,0.63996565
-1.5783,1.2284,-1.4125,1.635839,0.6548289
-1.6742,1.3031,-1.4125,1.6193466,0.6423159
-1.7756,1.382,-1.4125,1.60518,0.63139033
-1.7589,0.95189,-1.4125,1.6317828,0.65065336
-1.8658,1.0097,-1.4125,1.6143742,0.637438
-1.9788,1.0709,-1.4125,1.5992837,0.6258216
-1.8916,0.6494,-1.4125,1.6336825,0.6509216
-2.0066,0.68886,-1.4125,1.6162434,0.637668
-2.1281,0.73057,-1.4125,1.6010057,0.62596405
-1.9727,0.32919,-1.4125,1.6393497,0.6543137
-2.0926,0.34919,-1.4125,1.6228156,0.64169943
-2.2193,0.37034,-1.4125,1.6083078,0.6305324
-2.0,1.7145e-16,-1.4125,1.6432791,0.6570061
-2.1215,-4.703e-07,-1.4125,1.6280608,0.6453403
-2.25,-1.9288e-16,-1.4125,1.6147995,0.63507015
-1.9727,-0.32919,-1.4125,1.6421291,0.65658164
-2.0926,-0.34919,-1.4125,1.6278069,0.6456053
-2.2193,-0.37034,-1.4125,1.6155045,0.63605446
-1.8916,-0.6494,-1.4125,1.6392083,0.6552021
-2.0066,-0.68886,-1.4125,1.6253247,0.64462173
-2.1281,-0.73057,-1.4125,1.6135144,0.6354916
-1.7589,-0.95189,-1.4125,1.6406424,0.6569176
-1.8658,-1.0097,-1.4125,1.627292,0.64679724
-1.9788,-1.0709,-1.4125,1.6159396,0.63807434
-1.5783,-1.2284,-1.4125,1.6476083,0.6622986
-1.6742,-1.3031,-1.4125,1.6351831,0.65288395
-1.7756,-1.382,-1.4125,1.6245595,0.64474434
-1.3546,-1.4714,-1.4125,1.6542549,0.6670251
-1.4369,-1.5609,-1.4125,1.6428162,0.6583079
-1.5239,-1.6554,-1.4125,1.6329868,0.6507489
-1.0939,-1.6743,-1.4125,1.6535717,0.6659952
-1.1604,-1.7761,-1.4125,1.6425202,0.65746844
-1.2306,-1.8836,-1.4125,1.6329802,0.6500338
-0.80339,-1.8315,-1.4125,1.6449541,0.6588231
-0.8522,-1.9428,-1.4125,1.6337645,0.6500057
-0.90381,-2.0605,-1.4125,1.6240991,0.64226127
-0.49097,-1.9388,-1.4125,1.6341546,0.6499355
-0.5208,-2.0566,-1.4125,1.6230121,0.6408825
-0.55234,-2.1812,-1.4125,1.6135097,0.6329352
-0.16516,-1.9932,-1.4125,1.6271738,0.64413345
-0.17519,-2.1143,-1.4125,1.6166124,0.6352623
-0.1858,-2.2423,-1.4125,1.6077688,0.62751
0.16516,-1.9932,-1.4125,1.626102,0.6433744
0.17519,-2.1143,-1.4125,1.61654,0.6351532
0.1858,-2.2423,-1.4125,1.6086671,0.6280191
0.49097,-1.9388,-1.4125,1.6290251,0.64637536
0.5208,-2.0566,-1.4125,1.6206433,0.639151
0.55234,-2.1812,-1.4125,1.6139306,0.63302356
0.80339,-1.8315,-1.4125,1.631682,0.6496688
0.8522,-1.9428,-1.4125,1.6241139,0.643315
0.90381,-2.0605,-1.4125,1.6183082,0.6381689
1.0939,-1.6743,-1.4125,1.6305077,0.6500569
1.1604,-1.7761,-1.4125,1.6225975,0.6437416
1.2306,-1.8836,-1.4125,1.6165776,0.63876045
1.3546,-1.4714,-1.4125,1.6260053,0.64742523
1.4369,-1.5609,-1.4125,1.6163418,0.6400525
1.5239,-1.6554,-1.4125,1.6086214,0.63406664
1.5783,-1.2284,-1.4125,1.6231854,0.6451552
1.6742,-1.3031,-1.4125,1.6110101,0.6360786
1.7756,-1.382,-1.4125,1.6007787,0.6284011
1.7589,-0.95189,-1.4125,1.6273715,0.6471076
1.8658,-1.0097,-1.4125,1.6129857,0.63643295
1.9788,-1.0709,-1.4125,1.6004574,0.6271212
1.8916,-0.6494,-1.4125,1.6378381,0.65315956
2.0066,-0.68886,-1.4125,1.6222318,0.64150953
2.1281,-0.73057,-1.4125,1.6083617,0.6311692
1.9727,-0.32919,-1.4125,1.6462063,0.6578817
2.0924,-0.34916,-1.4125,1.6300783,0.6457496
2.2193,-0.37034,-1.4125,1.6156658,0.63492894
2.0,0.0,-1.175,1.5433782,0.5798444
1.9727,0.32919,-1.175,1.533508,0.5729051
2.0928,0.34922,-1.175,1.5207736,0.5635397
2.1215,-4.1784e-07,-1.175,1.5313532,0.57096314
2.2193,0.37034,-1.175,1.509987,0.55552274
2.25,0.0,-1.175,1.5210345,0.56328356
1.8916,0.6494,-1.175,1.525978,0.5678448
2.0066,0.68886,-1.175,1.5129304,0.55824107
2.1281,0.73057,-1.175,1.5018759,0.54998827
1.7589,0.95189,-1.175,1.5270555,0.56879145
1.8658,1.0097,-1.175,1.5144718,0.55943847
1.9788,1.0709,-1.175,1.5037751,0.551344
1.5783,1.2284,-1.175,1.5348164,0.5745055
1.6742,1.3031,-1.175,1.5235049,0.5659581
1.7756,1.382,-1.175,1.513907,0.5585425
1.3546,1.4714,-1.175,1.5408273,0.57935023
1.4369,1.5609,-1.175,1.5307913,0.57167673
1.5239,1.6554,-1.175,1.5223469,0.56505555
1.0939,1.6743,-1.175,1.5386658,0.57879794
1.1604,1.7761,-1.175,1.529085,0.5714892
1.2306,1.8836,-1.175,1.5210391,0.56520087
0.80339,1.8315,-1.175,1.5303383,0.5738994
0.8522,1.9428,-1.175,1.5208383,0.56666356
0.90381,2.0605,-1.175,1.5129447,0.5604838
0.49097,1.9388,-1.175,1.5223693,0.5689059
0.5208,2.0566,-1.175,1.5132935,0.5618948
0.55234,2.1812,-1.175,1.506017,0.55603933
0.16516,1.9932,-1.175,1.5193726,0.5670226
0.17519,2.1143,-1.175,1.511032,0.56041676
0.1858,2.2423,-1.175,1.5046256,0.5550311
-0.16516,1.9932,-1.175,1.5221844,0.5690344
-0.17519,2.1143,-1.175,1.5145503,0.56286037
-0.1858,2.2423,-1.175,1.5088327,0.55788666
-0.49097,1.9388,-1.175,1.5287118,0.57368183
-0.5208,2.0566,-1.175,1.5216419,0.5679145
-0.55234,2.1812,-1.175,1.5164013,0.5632962
-0.80339,1.8315,-1.175,1.5348309,0.57813406
-0.8522,1.9428,-1.175,1.5280383,0.5726266
-0.90381,2.0605,-1.175,1.5230391,0.56825614
-1.0939,1.6743,-1.175,1.536551,0.579427
-1.1604,1.7761,-1.175,1.5294025,0.5737381
-1.2306,1.8836,-1.175,1.5240529,0.5691964
-1.3546,1.4714,-1.175,1.5333726,0.57695955
-1.4369,1.5609,-1.175,1.5252476,0.57060546
-1.5239,1.6554,-1.175,1.5189252,0.56539315
-1.5783,1.2284,-1.175,1.5287681,0.5731352
-1.6742,1.3031,-1.175,1.5195338,0.5659917
-1.7756,1.382,-1.175,1.5121362,0.56000805
-1.7589,0.95189,-1.175,1.5268836,0.5710717
-1.8658,1.0097,-1.175,1.5168011,0.56334823
-1.9788,1.0709,-1.175,1.5085624,0.5568048
-1.8916,0.6494,-1.175,1.5294703,0.57221705
-2.0066,0.68886,-1.175,1.5189966,0.564262
-2.1281,0.73057,-1.175,1.5102965,0.55746716
-1.9727,0.32919,-1.175,1.5348804,0.57556665
-2.0926,0.34919,-1.175,1.5246564,0.56781214
-2.2193,0.37034,-1.175,1.5160844,0.5611546
-2.0,1.4696e-16,-1.175,1.5387957,0.57823575
-2.1215,-4.703e-07,-1.175,1.5292895,0.57098097
-2.25,-1.6533e-16,-1.175,1.5213668,0.5647763
-1.9727,-0.32919,-1.175,1.5382514,0.57820624
-2.0926,-0.34919,-1.175,1.5293925,0.5714045
-2.2193,-0.37034,-1.175,1.5221438,0.56565815
-1.8916,-0.6494,-1.175,1.5355742,0.5769422
-2.0066,-0.68886,-1.175,1.5271142,0.57044345
-2.1281,-0.73057,-1.175,1.520312,0.56501794
-1.7589,-0.95189,-1.175,1.5356326,0.57752645
-1.8658,-1.0097,-1.175,1.5274856,0.5712909
-1.9788,-1.0709,-1.175,1.5209633,0.5661035
-1.5783,-1.2284,-1.175,1.5399318,0.5807513
-1.6742,-1.3031,-1.175,1.5321672,0.5748239
-1.7756,-1.382,-1.175,1.5258887,0.5698655
-1.3546,-1.4714,-1.175,1.5445381,0.5837884
-1.4369,-1.5609,-1.175,1.537196,0.57815516
-1.5239,-1.6554,-1.175,1.5311806,0.57340187
-1.0939,-1.6743,-1.175,1.5438523,0.5827571
-1.1604,-1.7761,-1.175,1.5367044,0.5771779
-1.2306,-1.8836,-1.175,1.530793,0.57242143
-0.80339,-1.8315,-1.175,1.5372792,0.57732326
-0.8522,-1.9428,-1.175,1.5302176,0.571619
-0.90381,-2.0605,-1.175,1.5243988,0.56671983
-0.49097,-1.9388,-1.175,1.5296015,0.57103634
-0.5208,-2.0566,-1.175,1.5229244,0.5653476
-0.55234,-2.1812,-1.175,1.51757,0.5604829
-0.16516,-1.9932,-1.175,1.5252804,0.56740314
-0.17519,-2.1143,-1.175,1.5192735,0.5619705
-0.1858,-2.2423,-1.175,1.5146229,0.5573599
0.16516,-1.9932,-1.175,1.525481,0.5676367
0.17519,-2.1143,-1.175,1.5201969,0.5626486
0.1858,-2.2423,-1.175,1.5162184,0.55844426
0.49097,-1.9388,-1.175,1.5286828,0.5707825
0.5208,-2.0566,-1.175,1.5240822,0.56639755
0.55234,-2.1812,-1.175,1.5207403,0.56278324
0.80339,-1.8315,-1.175,1.5316528,0.5742587
0.8522,-1.9428,-1.175,1.527451,0.57040024
0.90381,-2.0605,-1.175,1.5245565,0.5673797
1.0939,-1.6743,-1.175,1.5313945,0.5753838
1.1604,-1.7761,-1.175,1.5267447,0.5714656
1.2306,-1.8836,-1.175,1.5234973,0.5684771
1.3546,-1.4714,-1.175,1.5283113,0.57390743
1.4369,-1.5609,-1.175,1.522156,0.569114
1.5239,-1.6554,-1.175,1.5174649,0.56529945
1.5783,-1.2284,-1.175,1.5267475,0.57258415
1.6742,-1.3031,-1.175,1.5185508,0.56644744
1.7756,-1.382,-1.175,1.5118688,0.5613255
1.7589,-0.95189,-1.175,1.5309544,0.5744543
1.8658,-1.0097,-1.175,1.520908,0.5670366
1.9788,-1.0709,-1.175,1.512368,0.5606443
1.8916,-0.6494,-1.175,1.5399449,0.5792822
2.0066,-0.68886,-1.175,1.5287777,0.57104933
2.1281,-0.73057,-1.175,1.5190651,0.56383514
1.9727,-0.32919,-1.175,1.546365,0.5825448
2.0924,-0.34916,-1.175,1.5348083,0.574
2.2193,-0.37034,-1.175,1.5247303,0.5665046
2.0,0.0,-0.9375,1.4457079,0.5131216
1.9727,0.32919,-0.9375,1.4365312,0.50690526
2.0928,0.34922,-0.9375,1.4287043,0.5011016
2.1215,-4.1784e-07,-0.9375,1.438063,0.5074447
2.2193,0.37034,-0.9375,1.422227,0.4961843
2.25,0.0,-0.9375,1.4316169,0.5025693
1.8916,0.6494,-0.9375,1.4293544,0.5021587
2.0066,0.68886,-0.9375,1.4215846,0.4963585
2.1281,0.73057,-0.9375,1.4151919,0.49144024
1.7589,0.95189,-0.9375,1.4290453,0.5019331
1.8658,1.0097,-0.9375,1.421741,0.49637812
1.9788,1.0709,-0.9375,1.4157519,0.4916492
1.5783,1.2284,-0.9375,1.4342531,0.5054188
1.6742,1.3031,-0.9375,1.427847,0.50039893
1.7756,1.382,-0.9375,1.4226346,0.49612218
1.3546,1.4714,-0.9375,1.4386127,0.50859964
1.4369,1.5609,-0.9375,1.4331284,0.50417316
1.5239,1.6554,-0.9375,1.428735,0.50042826
1.0939,1.6743,-0.9375,1.4368131,0.5079564
1.1604,1.7761,-0.9375,1.431798,0.50385475
1.2306,1.8836,-0.9375,1.4278232,0.5004083
0.80339,1.8315,-0.9375,1.4303756,0.5042353
0.8522,1.9428,-0.9375,1.4257402,0.50036
0.90381,2.0605,-0.9375,1.422204,0.49716806
0.49097,1.9388,-0.9375,1.4245913,0.5007082
0.5208,2.0566,-0.9375,1.4207053,0.49723083
0.55234,2.1812,-0.9375,1.4180584,0.49450403
0.16516,1.9932,-0.9375,1.4226999,0.49955165
0.17519,2.1143,-0.9375,1.4197135,0.49655873
0.1858,2.2423,-0.9375,1.418042,0.4943452
-0.16516,1.9932,-0.9375,1.4248617,0.50106055
-0.17519,2.1143,-0.9375,1.4225543,0.49846923
-0.1858,2.2423,-0.9375,1.421516,0.49662215
-0.49097,1.9388,-0.9375,1.4295435,0.50433224
-0.5208,2.0566,-0.9375,1.4276494,0.50204533
-0.55234,2.1812,-0.9375,1.4269307,0.50044775
-0.80339,1.8315,-0.9375,1.4340994,0.5075762
-0.8522,1.9428,-0.9375,1.4323738,0.505473
-0.90381,2.0605,-0.9375,1.4317758,0.5040381
-1.0939,1.6743,-0.9375,1.4358189,0.5088402
-1.1604,1.7761,-0.9375,1.4338224,0.5066202
-1.2306,1.8836,-0.9375,1.432946,0.505069
-1.3546,1.4714,-0.9375,1.4342887,0.5076952
-1.4369,1.5609,-0.9375,1.4315617,0.50501305
-1.5239,1.6554,-0.9375,1.4299556,0.5029943
-1.5783,1.2284,-0.9375,1.4317749,0.5056805
-1.6742,1.3031,-0.9375,1.4281609,0.5024196
-1.7756,1.382,-0.9375,1.4256873,0.4998327
-1.7589,0.95189,-0.9375,1.4309033,0.5047304
-1.8658,1.0097,-0.9375,1.426491,0.5009849
-1.9788,1.0709,-0.9375,1.4232285,0.49793154
-1.8916,0.6494,-0.9375,1.4328594,0.50575733
-2.0066,0.68886,-0.9375,1.427907,0.5017244
-2.1281,0.73057,-0.9375,1.4240772,0.49838567
-1.9727,0.32919,-0.9375,1.4367142,0.50817615
-2.0926,0.34919,-0.9375,1.4316721,0.50413346
-2.2193,0.37034,-0.9375,1.4277014,0.500763
-2.0,1.2246e-16,-0.9375,1.4395907,0.51012355
-2.1215,-4.703e-07,-0.9375,1.4348787,0.50630593
-2.25,-1.3777e-16,-0.9375,1.4312102,0.50313985
-1.9727,-0.32919,-0.9375,1.4392605,0.51017
-2.0926,-0.34919,-0.9375,1.4349872,0.506626
-2.2193,-0.37034,-0.9375,1.4317851,0.5037392
-1.8916,-0.6494,-0.9375,1.4370124,0.5091108
-2.0066,-0.68886,-0.9375,1.4330921,0.5057913
-2.1281,-0.73057,-0.9375,1.4302917,0.50314724
-1.7589,-0.95189,-0.9375,1.4359975,0.5088644
-1.8658,-1.0097,-0.9375,1.4322802,0.50569826
-1.9788,-1.0709,-0.9375,1.4296768,0.5031994
-1.5783,-1.2284,-0.9375,1.4375533,0.51012313
-1.6742,-1.3031,-0.9375,1.4339159,0.50704575
-1.7756,-1.382,-0.9375,1.4313004,0.5045866
-1.3546,-1.4714,-0.9375,1.4397237,0.51145864
-1.4369,-1.5609,-0.9375,1.4361401,0.50842404
-1.5239,-1.6554,-0.9375,1.433459,0.5059453
-1.0939,-1.6743,-0.9375,1.4391115,0.5105939
-1.1604,-1.7761,-0.9375,1.4355525,0.5075049
-1.2306,-1.8836,-0.9375,1.4328198,0.5049254
-0.80339,-1.8315,-0.9375,1.4352443,0.50730336
-0.8522,-1.9428,-0.9375,1.431813,0.50413555
-0.90381,-2.0605,-0.9375,1.4292061,0.5014591
-0.49097,-1.9388,-0.9375,1.4310629,0.5037695
-0.5208,-2.0566,-0.9375,1.428031,0.5006577
-0.55234,-2.1812,-0.9375,1.4258692,0.49804372
-0.16516,-1.9932,-0.9375,1.4291115,0.50204927
-0.17519,-2.1143,-0.9375,1.4265983,0.49912053
-0.1858,-2.2423,-0.9375,1.4249692,0.4966855
0.16516,-1.9932,-0.9375,1.4298949,0.5028084
0.17519,-2.1143,-0.9375,1.4278121,0.5001304
0.1858,-2.2423,-0.9375,1.4265785,0.49792206
0.49097,-1.9388,-0.9375,1.4324911,0.5054995
0.5208,-2.0566,-0.9375,1.4307213,0.50314325
0.55234,-2.1812,-0.9375,1.4297702,0.5012486
0.80339,-1.8315,-0.9375,1.4349102,0.5084905
0.8522,-1.9428,-0.9375,1.4332366,0.5064128
0.90381,-2.0605,-0.9375,1.4324175,0.5048445
1.0939,-1.6743,-0.9375,1.4350952,0.50984037
1.1604,-1.7761,-0.9375,1.4329264,0.5076466
1.2306,-1.8836,-0.9375,1.4316843,0.5060297
1.3546,-1.4714,-0.9375,1.4334038,0.50925267
1.4369,-1.5609,-0.9375,1.4299912,0.50635964
1.5239,-1.6554,-0.9375,1.4275603,0.50408244
1.5783,-1.2284,-0.9375,1.4331439,0.5087142
1.6742,-1.3031,-0.9375,1.4281262,0.5047917
1.7756,-1.382,-0.9375,1.4241447,0.50151825
1.7589,-0.95189,-0.9375,1.437253,0.5103796
1.8658,-1.0097,-0.9375,1.4307622,0.5054783
1.9788,-1.0709,-0.9375,1.4253144,0.50124323
1.8916,-0.6494,-0.9375,1.444587,0.51395935
2.0066,-0.68886,-0.9375,1.4371942,0.5084547
2.1281,-0.73057,-0.9375,1.4308131,0.5036201
1.9727,-0.32919,-0.9375,1.4492064,0.51598656
2.0924,-0.34916,-0.9375,1.441627,0.51035345
2.2193,-0.37034,-0.9375,1.4350849,0.505419
2.0,0.0,-0.7,1.3478656,0.4520986
1.9727,0.32919,-0.7,1.3403428,0.44715422
2.0928,0.34922,-0.7,1.3360595,0.44381022
2.1215,-4.1784e-07,-0.7,1.3435099,0.44871914
2.2193,0.37034,-0.7,1.3325835,0.4409758
2.25,0.0,-0.7,1.3398731,0.44580334
1.8916,0.6494,-0.7,1.3344483,0.44330823
2.0066,0.68886,-0.7,1.3303909,0.440072
2.1281,0.73057,-0.7,1.3271586,0.43734008
1.7589,0.95189,-0.7,1.3336308,0.44261342
1.8658,1.0097,-0.7,1.3300551,0.43962646
1.9788,1.0709,-0.7,1.3272734,0.43711376
1.5783,1.2284,-0.7,1.3368309,0.4444723
1.6742,1.3031,-0.7,1.3339795,0.44189137
1.7756,1.382,-0.7,1.3318504,0.43973857
1.3546,1.4714,-0.7,1.339613,0.44624084
1.4369,1.5609,-0.7,1.337493,0.4440955
1.5239,1.6554,-0.7,1.3360274,0.4423411
1.0939,1.6743,-0.7,1.338264,0.44560033
1.1604,1.7761,-0.7,1.3366331,0.44375008
1.2306,1.8836,-0.7,1.3356276,0.44227785
0.80339,1.8315,-0.7,1.3339959,0.4431454
0.8522,1.9428,-0.7,1.3328979,0.44158232
0.90381,2.0605,-0.7,1.3324836,0.44042665
0.49097,1.9388,-0.7,1.3306082,0.44112307
0.5208,2.0566,-0.7,1.3303525,0.43999034
0.55234,2.1812,-0.7,1.3308911,0.4393164
0.16516,1.9932,-0.7,1.3299887,0.44078243
0.17519,2.1143,-0.7,1.3306049,0.44010073
0.1858,2.2423,-0.7,1.3320634,0.43989283
-0.16516,1.9932,-0.7,1.3318076,0.44206858
-0.17519,2.1143,-0.7,1.3329935,0.44171178
-0.1858,2.2423,-0.7,1.3349758,0.44179493
-0.49097,1.9388,-0.7,1.3350196,0.44435668
-0.5208,2.0566,-0.7,1.3364679,0.4442035
-0.55234,2.1812,-0.7,1.3386297,0.4444425
-0.80339,1.8315,-0.7,1.338216,0.44664484
-0.8522,1.9428,-0.7,1.339721,0.44659817
-0.90381,2.0605,-0.7,1.3418868,0.4469186
-1.0939,1.6743,-0.7,1.3398342,0.44780135
-1.1604,1.7761,-0.7,1.3411129,0.4476688
-1.2306,1.8836,-0.7,1.3430309,0.447895
-1.3546,1.4714,-0.7,1.3394492,0.44749743
-1.4369,1.5609,-0.7,1.3401728,0.44704378
-1.5239,1.6554,-0.7,1.3415252,0.44693923
-1.5783,1.2284,-0.7,1.3381947,0.44654536
-1.6742,1.3031,-0.7,1.338199,0.445669
-1.7756,1.382,-0.7,1.3388293,0.44514066
-1.7589,0.95189,-0.7,1.3375695,0.44604504
-1.8658,1.0097,-0.7,1.3368711,0.44478905
-1.9788,1.0709,-0.7,1.336796,0.4438889
-1.8916,0.6494,-0.7,1.3384302,0.44658083
-2.0066,0.68886,-0.7,1.3372099,0.4450736
-2.1281,0.73057,-0.7,1.3366015,0.4439274
-1.9727,0.32919,-0.7,1.3404236,0.44788712
-2.0926,0.34919,-0.7,1.3390112,0.44631016
-2.2193,0.37034,-0.7,1.3381982,0.44509202
-2.0,9.7972e-17,-0.7,1.3419328,0.44893372
-2.1215,-4.703e-07,-0.7,1.340659,0.4474494
-2.25,-1.1022e-16,-0.7,1.3399878,0.44632047
-1.9727,-0.32919,-0.7,1.3415842,0.44889313
-2.0926,-0.34919,-0.7,1.3406215,0.4475773
-2.2193,-0.37034,-0.7,1.3402956,0.44662732
-1.8916,-0.6494,-0.7,1.3398759,0.44808894
-2.0066,-0.68886,-0.7,1.339231,0.4469456
-2.1281,-0.73057,-0.7,1.3392738,0.44618863
-1.7589,-0.95189,-0.7,1.3383193,0.44741517
-1.8658,-1.0097,-0.7,1.3378133,0.44635892
-1.9788,-1.0709,-0.7,1.3380027,0.44569004
-1.5783,-1.2284,-0.7,1.3378167,0.4473135
-1.6742,-1.3031,-0.7,1.3372158,0.44621974
-1.7756,-1.382,-0.7,1.3372463,0.44548106
-1.3546,-1.4714,-0.7,1.3379674,0.44738656
-1.4369,-1.5609,-0.7,1.337193,0.4461866
-1.5239,-1.6554,-0.7,1.3369589,0.4452952
-1.0939,-1.6743,-0.7,1.3374724,0.4467535
-1.1604,-1.7761,-0.7,1.3365982,0.4454283
-1.2306,-1.8836,-0.7,1.336202,0.4443742
-0.80339,-1.8315,-0.7,1.335959,0.44526792
-0.8522,-1.9428,-0.7,1.3351643,0.44386005
-0.90381,-2.0605,-0.7,1.33484,0.4427052
-0.49097,-1.9388,-0.7,1.3344854,0.44383347
-0.5208,-2.0566,-0.7,1.3339612,0.44244033
-0.55234,-2.1812,-0.7,1.3339299,0.44129986
-0.16516,-1.9932,-0.7,1.3340104,0.44336444
-0.17519,-2.1143,-0.7,1.3337929,0.44205505
-0.1858,-2.2423,-0.7,1.3340781,0.44099736
0.16516,-1.9932,-0.7,1.3347077,0.44420582
0.17519,-2.1143,-0.7,1.3346946,0.44301027
0.1858,-2.2423,-0.7,1.335171,0.4420578
0.49097,-1.9388,-0.7,1.336205,0.44614118
0.5208,-2.0566,-0.7,1.3362734,0.4450937
0.55234,-2.1812,-0.7,1.3368214,0.44428968
0.80339,-1.8315,-0.7,1.3375944,0.44831055
0.8522,-1.9428,-0.7,1.3375759,0.4473855
0.90381,-2.0605,-0.7,1.3380655,0.44673812
1.0939,-1.6743,-0.7,1.3378234,0.44951582
1.1604,-1.7761,-0.7,1.3373243,0.44845903
1.2306,-1.8836,-0.7,1.3373833,0.44772714
1.3546,-1.4714,-0.7,1.3372576,0.44949335
1.4369,-1.5609,-0.7,1.3357804,0.4479053
1.5239,-1.6554,-0.7,1.3349005,0.44666785
1.5783,-1.2284,-0.7,1.338074,0.44949812
1.6742,-1.3031,-0.7,1.3353782,0.4471469
1.7756,-1.382,-0.7,1.3333161,0.4451663
1.7589,-0.95189,-0.7,1.3419688,0.4509039
1.8658,-1.0097,-0.7,1.3381445,0.44783312
1.9788,-1.0709,-0.7,1.3349497,0.4451418
1.8916,-0.6494,-0.7,1.3477905,0.4534325
2.0066,-0.68886,-0.7,1.343301,0.44995123
2.1281,-0.73057,-0.7,1.339407,0.44684887
1.9727,-0.32919,-0.7,1.3510699,0.45461315
2.0924,-0.34916,-0.7,1.3465598,0.4511314
2.2193,-0.37034,-0.7,1.3426616,0.44804788
2.0,0.0,-0.4625,1.2482622,0.39506936
1.9727,0.32919,-0.4625,1.2427168,0.3915063
2.0928,0.34922,-0.4625,1.2408072,0.38976997
2.1215,-4.1784e-07,-0.4625,1.2462065,0.39325333
2.2193,0.37034,-0.4625,1.2393085,0.3882863
2.25,0.0,-0.4625,1.2445035,0.39166206
1.8916,0.6494,-0.4625,1.2383707,0.38868535
2.0066,0.68886,-0.4625,1.2367207,0.38707715
2.1281,0.73057,-0.4625,1.2355008,0.38572162
1.7589,0.95189,-0.4625,1.237535,0.38790303
1.8658,1.0097,-0.4625,1.236352,0.38653016
1.9788,1.0709,-0.4625,1.2355909,0.3853988
1.5783,1.2284,-0.4625,1.2393453,0.38869476
1.6742,1.3031,-0.4625,1.2387956,0.38765538
1.7756,1.382,-0.4625,1.2386334,0.38683742
1.3546,1.4714,-0.4625,1.240895,0.38943398
1.4369,1.5609,-0.4625,1.2409798,0.38873863
1.5239,1.6554,-0.4625,1.2414185,0.3882488
1.0939,1.6743,-0.4625,1.2399781,0.38883972
1.1604,1.7761,-0.4625,1.2405773,0.38841796
1.2306,1.8836,-0.4625,1.2415268,0.38820285
0.80339,1.8315,-0.4625,1.2375919,0.38743222
0.8522,1.9428,-0.4625,1.2387913,0.38731146
0.90381,2.0605,-0.4625,1.2404072,0.3874309
0.49097,1.9388,-0.4625,1.2361269,0.3865779
0.5208,2.0566,-0.4625,1.2381388,0.38685673
0.55234,2.1812,-0.4625,1.2406623,0.38742012
0.16516,1.9932,-0.4625,1.236404,0.38682884
0.17519,2.1143,-0.4625,1.2391696,0.38748384
0.1858,2.2423,-0.4625,1.2424858,0.38843548
-0.16516,1.9932,-0.4625,1.2378676,0.3879438
-0.17519,2.1143,-0.4625,1.2410641,0.38883686
-0.1858,2.2423,-0.4625,1.2447789,0.390002
-0.49097,1.9388,-0.4625,1.2399013,0.389517
-0.5208,2.0566,-0.4625,1.2432202,0.39052278
-0.55234,2.1812,-0.4625,1.2469946,0.3917644
-0.80339,1.8315,-0.4625,1.2420098,0.39108562
-0.8522,1.9428,-0.4625,1.2452787,0.392124
-0.90381,2.0605,-0.4625,1.2489519,0.3933735
-1.0939,1.6743,-0.4625,1.2435027,0.39209807
-1.1604,1.7761,-0.4625,1.2465651,0.3930596
-1.2306,1.8836,-0.4625,1.2500007,0.39421785
-1.3546,1.4714,-0.4625,1.2439001,0.39229006
-1.4369,1.5609,-0.4625,1.246545,0.39303237
-1.5239,1.6554,-0.4625,1.2495412,0.3939581
-1.5783,1.2284,-0.4625,1.2434458,0.3919592
-1.6742,1.3031,-0.4625,1.2455212,0.39240468
-1.7756,1.382,-0.4625,1.2479243,0.39302236
-1.7589,0.95189,-0.4625,1.2428634,0.39165515
-1.8658,1.0097,-0.4625,1.24436,0.39182413
-1.9788,1.0709,-0.4625,1.2461646,0.392161
-1.8916,0.6494,-0.4625,1.2427908,0.39174217
-2.0066,0.68886,-0.4625,1.2438569,0.39172554
-2.1281,0.73057,-0.4625,1.2452183,0.3918767
-1.9727,0.32919,-0.4625,1.2432413,0.39214736
-2.0926,0.34919,-0.4625,1.2441256,0.392065
-2.2193,0.37034,-0.4625,1.2453085,0.39215362
-2.0,7.3479e-17,-0.4625,1.2435476,0.39243257
-2.1215,-4.703e-07,-0.4625,1.2444943,0.39238888
-2.25,-8.2664e-17,-0.4625,1.2457583,0.39252102
-1.9727,-0.32919,-0.4625,1.2431359,0.39228177
-2.0926,-0.34919,-0.4625,1.2443285,0.3923555
-2.2193,-0.37034,-0.4625,1.2458751,0.3926183
-1.8916,-0.6494,-0.4625,1.242036,0.3917601
-2.0066,-0.68886,-0.4625,1.2435238,0.39197868
-2.1281,-0.73057,-0.4625,1.2454166,0.3924085
-1.7589,-0.95189,-0.4625,1.2404668,0.39101237
-1.8658,-1.0097,-0.4625,1.242045,0.391276
-1.9788,-1.0709,-0.4625,1.2440407,0.3917563
-1.5783,-1.2284,-0.4625,1.2388337,0.39021152
-1.6742,-1.3031,-0.4625,1.2401996,0.3903582
-1.7756,-1.382,-0.4625,1.2419329,0.39069718
-1.3546,-1.4714,-0.4625,1.2377636,0.3896044
-1.4369,-1.5609,-0.4625,1.2388153,0.38955778
-1.5239,-1.6554,-0.4625,1.2401613,0.38966632
-1.0939,-1.6743,-0.4625,1.2374737,0.38924986
-1.1604,-1.7761,-0.4625,1.2383518,0.38904464
-1.2306,-1.8836,-0.4625,1.2394736,0.3889631
-0.80339,-1.8315,-0.4625,1.2376008,0.38901788
-0.8522,-1.9428,-0.4625,1.2384961,0.38872308
-0.90381,-2.0605,-0.4625,1.2396216,0.388534
-0.49097,-1.9388,-0.4625,1.2377865,0.38890672
-0.5208,-2.0566,-0.4625,1.2388026,0.38858068
-0.55234,-2.1812,-0.4625,1.2400541,0.38835436
-0.16516,-1.9932,-0.4625,1.2379575,0.38909477
-0.17519,-2.1143,-0.4625,1.2390924,0.3887759
-0.1858,-2.2423,-0.4625,1.2404695,0.38855797
0.16516,-1.9932,-0.4625,1.238162,0.38974482
0.17519,-2.1143,-0.4625,1.2393436,0.3894549
0.1858,-2.2423,-0.4625,1.2407707,0.38926762
0.49097,-1.9388,-0.4625,1.2384198,0.39084673
0.5208,-2.0566,-0.4625,1.2395484,0.39060277
0.55234,-2.1812,-0.4625,1.2409277,0.39046776
0.80339,-1.8315,-0.4625,1.2386053,0.3920769
0.8522,-1.9428,-0.4625,1.2395484,0.3918599
0.90381,-2.0605,-0.4625,1.2407626,0.3917749
1.0939,-1.6743,-0.4625,1.2385415,0.39287162
1.1604,-1.7761,-0.4625,1.2390578,0.3925296
1.2306,-1.8836,-0.4625,1.2398725,0.39234883
1.3546,-1.4714,-0.4625,1.2386608,0.39307773
1.4369,-1.5609,-0.4625,1.238456,0.3923579
1.5239,-1.6554,-0.4625,1.2385707,0.39181292
1.5783,-1.2284,-0.4625,1.2401412,0.39336842
1.6742,-1.3031,-0.4625,1.2390593,0.3921116
1.7756,-1.382,-0.4625,1.2383085,0.39103538
1.7589,-0.95189,-0.4625,1.2436788,0.3945014
1.8658,-1.0097,-0.4625,1.2417743,0.3927406
1.9788,-1.0709,-0.4625,1.2401772,0.39115697
1.8916,-0.6494,-0.4625,1.2482389,0.39624566
2.0066,-0.68886,-0.4625,1.2458794,0.39422423
2.1281,-0.73057,-0.4625,1.2437863,0.3923722
1.9727,-0.32919,-0.4625,1.2506739,0.39695644
2.0924,-0.34916,-0.4625,1.2483913,0.39499772
2.2193,-0.37034,-0.4625,1.2463853,0.39322025
2.0,0.0,-0.225,1.1476722,0.34211695
1.9727,0.32919,-0.225,1.1439886,0.3397827
2.0928,0.34922,-0.225,1.1435585,0.33905047
2.1215,-4.1784e-07,-0.225,1.1471145,0.34131658
2.2193,0.37034,-0.225,1.1432822,0.33841413
2.25,0.0,-0.225,1.1466653,0.3405916
1.8916,0.6494,-0.225,1.1410214,0.33784556
2.0066,0.68886,-0.225,1.1408117,0.33722025
2.1281,0.73057,-0.225,1.1407801,0.33669692
1.7589,0.95189,-0.225,1.1402986,0.3371011
1.8658,1.0097,-0.225,1.1405039,0.33667755
1.9788,1.0709,-0.225,1.1408954,0.3363574
1.5783,1.2284,-0.225,1.141169,0.3372149
1.6742,1.3031,-0.225,1.1419331,0.33706546
1.7756,1.382,-0.225,1.1428756,0.33701694
1.3546,1.4714,-0.225,1.1418569,0.33727002
1.4369,1.5609,-0.225,1.1431936,0.3373993
1.5239,1.6554,-0.225,1.144704,0.3376299
1.0939,1.6743,-0.225,1.1412808,0.33672065
1.1604,1.7761,-0.225,1.1431464,0.3370998
1.2306,1.8836,-0.225,1.1452081,0.33759362
0.80339,1.8315,-0.225,1.1402047,0.33601165
0.8522,1.9428,-0.225,1.1426795,0.33667672
0.90381,2.0605,-0.225,1.1454238,0.337493
0.49097,1.9388,-0.225,1.1398823,0.335854
0.5208,2.0566,-0.225,1.1430689,0.3368585
0.55234,2.1812,-0.225,1.1466101,0.3380543
0.16516,1.9932,-0.225,1.1404604,0.3363648
0.17519,2.1143,-0.225,1.144239,0.33765894
0.1858,2.2423,-0.225,1.14841,0.33915782
-0.16516,1.9932,-0.225,1.1414185,0.33725917
-0.17519,2.1143,-0.225,1.1454862,0.33871192
-0.1858,2.2423,-0.225,1.149931,0.34035522
-0.49097,1.9388,-0.225,1.142523,0.33830732
-0.5208,2.0566,-0.225,1.1466027,0.33980197
-0.55234,2.1812,-0.225,1.1510175,0.34146208
-0.80339,1.8315,-0.225,1.1438708,0.33937776
-0.8522,1.9428,-0.225,1.147827,0.3408503
-0.90381,2.0605,-0.225,1.1520733,0.34246576
-1.0939,1.6743,-0.225,1.1453177,0.34027392
-1.1604,1.7761,-0.225,1.1490926,0.34167576
-1.2306,1.8836,-0.225,1.1531209,0.34320295
-1.3546,1.4714,-0.225,1.1463153,0.340773
-1.4369,1.5609,-0.225,1.1497954,0.34203482
-1.5239,1.6554,-0.225,1.1534995,0.34340698
-1.5783,1.2284,-0.225,1.1464943,0.34085006
-1.6742,1.3031,-0.225,1.1495482,0.341919
-1.7756,1.382,-0.225,1.1527864,0.34308082
-1.7589,0.95189,-0.225,1.1460595,0.3407023
-1.8658,1.0097,-0.225,1.148668,0.3415863
-1.9788,1.0709,-0.225,1.1514258,0.34254944
-1.8916,0.6494,-0.225,1.1454718,0.34053367
-2.0066,0.68886,-0.225,1.1477617,0.34129685
-2.1281,0.73057,-0.225,1.1501848,0.34213364
-1.9727,0.32919,-0.225,1.1449395,0.34037066
-2.0926,0.34919,-0.225,1.1470965,0.3410898
-2.2193,0.37034,-0.225,1.1493964,0.34188628
-2.0,4.8986e-17,-0.225,1.144437,0.34015465
-2.1215,-4.703e-07,-0.225,1.1466323,0.34089363
-2.25,-5.5109e-17,-0.225,1.1489937,0.341717
-1.9727,-0.32919,-0.225,1.1440332,0.3399443
-2.0926,-0.34919,-0.225,1.1464405,0.34077883
-2.2193,-0.37034,-0.225,1.149049,0.3417117
-1.8916,-0.6494,-0.225,1.1435626,0.33970678
-2.0066,-0.68886,-0.225,1.1462477,0.34067374
-2.1281,-0.73057,-0.225,1.1491816,0.34176219
-1.7589,-0.95189,-0.225,1.1423833,0.33912826
-1.8658,-1.0097,-0.225,1.1451166,0.34011418
-1.9788,-1.0709,-0.225,1.1481087,0.3412282
-1.5783,-1.2284,-0.225,1.1404694,0.33816677
-1.6742,-1.3031,-0.225,1.1429052,0.33898646
-1.7756,-1.382,-0.225,1.1455532,0.33991212
-1.3546,-1.4714,-0.225,1.1389886,0.33739126
-1.4369,-1.5609,-0.225,1.1410316,0.3379761
-1.5239,-1.6554,-0.225,1.1432248,0.33863354
-1.0939,-1.6743,-0.225,1.1389747,0.33733374
-1.1604,-1.7761,-0.225,1.1408155,0.33775765
-1.2306,-1.8836,-0.225,1.1427664,0.33822805
-0.80339,-1.8315,-0.225,1.1400076,0.33783573
-0.8522,-1.9428,-0.225,1.1418194,0.33817613
-0.90381,-2.0605,-0.225,1.1437227,0.3385445
-0.49097,-1.9388,-0.225,1.1409544,0.3384158
-0.5208,-2.0566,-0.225,1.1427649,0.3386991
-0.55234,-2.1812,-0.225,1.1446551,0.33899915
-0.16516,-1.9932,-0.225,1.1412224,0.3388617
-0.17519,-2.1143,-0.225,1.143008,0.33910584
-0.1858,-2.2423,-0.225,1.1448737,0.33936697
0.16516,-1.9932,-0.225,1.1408315,0.33922398
0.17519,-2.1143,-0.225,1.1425563,0.33944768
0.1858,-2.2423,-0.225,1.144372,0.33969486
0.49097,-1.9388,-0.225,1.1400263,0.3395877
0.5208,-2.0566,-0.225,1.1416239,0.3397988
0.55234,-2.1812,-0.225,1.1433254,0.34004253
0.80339,-1.8315,-0.225,1.1391377,0.3399452
0.8522,-1.9428,-0.225,1.1405096,0.34012675
0.90381,-2.0605,-0.225,1.1419973,0.34035534
1.0939,-1.6743,-0.225,1.1385833,0.34019113
1.1604,-1.7761,-0.225,1.139602,0.34026295
1.2306,-1.8836,-0.225,1.1407449,0.34039688
1.3546,-1.4714,-0.225,1.138883,0.34033048
1.4369,-1.5609,-0.225,1.1394132,0.3401553
1.5239,-1.6554,-0.225,1.140071,0.34004647
1.5783,-1.2284,-0.225,1.1405169,0.34066713
1.6742,-1.3031,-0.225,1.1404669,0.34014457
1.7756,-1.382,-0.225,1.1405345,0.33968335
1.7589,-0.95189,-0.225,1.1435308,0.3415349
1.8658,-1.0097,-0.225,1.1429249,0.34068382
1.9788,-1.0709,-0.225,1.1423979,0.3398804
1.8916,-0.6494,-0.225,1.1470863,0.34275568
2.0066,-0.68886,-0.225,1.1461978,0.34175104
2.1281,-0.73057,-0.225,1.1453451,0.34078115
1.9727,-0.32919,-0.225,1.1490877,0.34329444
2.0924,-0.34916,-0.225,1.1483163,0.3423677
2.2193,-0.37034,-0.225,1.1475916,0.34148425
2.0,0.0,0.0125,1.0478019,0.29394707
1.9727,0.32919,0.0125,1.0456463,0.29258484
2.0928,0.34922,0.0125,1.0460409,0.29244167
2.1215,-4.1784e-07,0.0125,1.0481195,0.2937651
2.2193,0.37034,0.0125,1.0464408,0.29230902
2.25,0.0,0.0125,1.0484036,0.29357678
1.8916,0.6494,0.0125,1.0436982,0.29129666
2.0066,0.68886,0.0125,1.0442412,0.29122257
2.1281,0.73057,0.0125,1.0448165,0.2911688
1.7589,0.95189,0.0125,1.0430168,0.29058594
1.8658,1.0097,0.0125,1.0438908,0.29066405
1.9788,1.0709,0.0125,1.0448148,0.2907716
1.5783,1.2284,0.0125,1.043227,0.29026955
1.6742,1.3031,0.0125,1.0445709,0.29055852
1.7756,1.382,0.0125,1.0459753,0.29088527
1.3546,1.4714,0.0125,1.0433792,0.28991926
1.4369,1.5609,0.0125,1.0452344,0.29042757
1.5239,1.6554,0.0125,1.0471685,0.2909851
1.0939,1.6743,0.0125,1.0430721,0.28942323
1.1604,1.7761,0.0125,1.0454483,0.29014945
1.2306,1.8836,0.0125,1.0479482,0.2909472
0.80339,1.8315,0.0125,1.0427434,0.28910255
0.8522,1.9428,0.0125,1.0456853,0.29007652
0.90381,2.0605,0.0125,1.0488299,0.29115972
0.49097,1.9388,0.0125,1.0428133,0.28922564
0.5208,2.0566,0.0125,1.0463128,0.29046
0.55234,2.1812,0.0125,1.0500891,0.29183865
0.16516,1.9932,0.0125,1.0431397,0.2897055
0.17519,2.1143,0.0125,1.0470375,0.29113787
0.1858,2.2423,0.0125,1.0512474,0.29272896
-0.16516,1.9932,0.0125,1.0434648,0.2903276
-0.17519,2.1143,0.0125,1.0475109,0.2918486
-0.1858,2.2423,0.0125,1.0518683,0.29352283
-0.49097,1.9388,0.0125,1.0439082,0.2910097
-0.5208,2.0566,0.0125,1.0478948,0.29252642
-0.55234,2.1812,0.0125,1.0521702,0.29418057
-0.80339,1.8315,0.0125,1.0448582,0.29178602
-0.8522,1.9428,0.0125,1.0487083,0.29325718
-0.90381,2.0605,0.0125,1.0528102,0.29484606
-1.0939,1.6743,0.0125,1.046369,0.29261398
-1.1604,1.7761,0.0125,1.0500937,0.29403216
-1.2306,1.8836,0.0125,1.0540344,0.2955501
-1.3546,1.4714,0.0125,1.0478195,0.2932893
-1.4369,1.5609,0.0125,1.051369,0.2946326
-1.5239,1.6554,0.0125,1.0551008,0.29606068
-1.5783,1.2284,0.0125,1.0485177,0.2936285
-1.6742,1.3031,0.0125,1.0517824,0.29486465
-1.7756,1.382,0.0125,1.0551805,0.29616588
-1.7589,0.95189,0.0125,1.0483642,0.2936286
-1.8658,1.0097,0.0125,1.0513226,0.29475898
-1.9788,1.0709,0.0125,1.0543716,0.29593682
-1.8916,0.6494,0.0125,1.0476604,0.29337758
-2.0066,0.68886,0.0125,1.0504174,0.29444462
-2.1281,0.73057,0.0125,1.0532489,0.29555133
-1.9727,0.32919,0.0125,1.0466788,0.2929392
-2.0926,0.34919,0.0125,1.0493605,0.29398495
-2.2193,0.37034,0.0125,1.0521313,0.29507452
-2.0,2.4493e-17,0.0125,1.0457796,0.2924716
-2.1215,-4.703e-07,0.0125,1.0484911,0.2935302
-2.25,-2.7555e-17,0.0125,1.0513152,0.29464012
-1.9727,-0.32919,0.0125,1.0454769,0.2922657
-2.0926,-0.34919,0.0125,1.0483719,0.29340822
-2.2193,-0.37034,0.0125,1.0514101,0.2946155
-1.8916,-0.6494,0.0125,1.0455858,0.29228133
-2.0066,-0.68886,0.0125,1.0487354,0.29354885
-2.1281,-0.73057,0.0125,1.0520679,0.29490352
-1.7589,-0.95189,0.0125,1.045005,0.29198852
-1.8658,-1.0097,0.0125,1.0481632,0.29325974
-1.9788,-1.0709,0.0125,1.0515057,0.2946229
-1.5783,-1.2284,0.0125,1.0433967,0.29120794
-1.6742,-1.3031,0.0125,1.0462015,0.29228944
-1.7756,-1.382,0.0125,1.049138,0.29343778
-1.3546,-1.4714,0.0125,1.0420762,0.29059264
-1.4369,-1.5609,0.0125,1.0444618,0.2914341
-1.5239,-1.6554,0.0125,1.0469222,0.2923104
-1.0939,-1.6743,0.0125,1.042305,0.29078928
-1.1604,-1.7761,0.0125,1.0444931,0.29148996
-1.2306,-1.8836,0.0125,1.0467262,0.2922039
-0.80339,-1.8315,0.0125,1.0436211,0.29161194
-0.8522,-1.9428,0.0125,1.0457513,0.29224592
-0.90381,-2.0605,0.0125,1.047904,0.29287523
-0.49097,-1.9388,0.0125,1.0446968,0.29244483
-0.5208,-2.0566,0.0125,1.0467404,0.29301667
-0.55234,-2.1812,0.0125,1.0487788,0.29356772
-0.16516,-1.9932,0.0125,1.0448035,0.29292816
-0.17519,-2.1143,0.0125,1.0467204,0.29343903
-0.1858,-2.2423,0.0125,1.0486217,0.29392534
0.16516,-1.9932,0.0125,1.0439643,0.2930361
0.17519,-2.1143,0.0125,1.0457454,0.29349893
0.1858,-2.2423,0.0125,1.0475217,0.29394424
0.49097,-1.9388,0.0125,1.0425129,0.29287183
0.5208,-2.0566,0.0125,1.0441291,0.29328972
0.55234,-2.1812,0.0125,1.0457555,0.29369944
0.80339,-1.8315,0.0125,1.0409471,0.29257005
0.8522,-1.9428,0.0125,1.0423396,0.29292864
0.90381,-2.0605,0.0125,1.0437467,0.29328722
1.0939,-1.6743,0.0125,1.0399203,0.29228342
1.1604,-1.7761,0.0125,1.0410433,0.29254988
1.2306,-1.8836,0.0125,1.0421746,0.2928216
1.3546,-1.4714,0.0125,1.0399828,0.29216522
1.4369,-1.5609,0.0125,1.0408099,0.29228663
1.5239,-1.6554,0.0125,1.0416362,0.2924124
1.5783,-1.2284,0.0125,1.0412824,0.2923618
1.6742,-1.3031,0.0125,1.0417747,0.29228753
1.7756,-1.382,0.0125,1.0422436,0.29220745
1.7589,-0.95189,0.0125,1.0436106,0.29297996
1.8658,-1.0097,0.0125,1.0437745,0.29271603
1.9788,-1.0709,0.0125,1.0438713,0.2924282
1.8916,-0.6494,0.0125,1.0463777,0.29389086
2.0066,-0.68886,0.0125,1.0463973,0.29354748
2.1281,-0.73057,0.0125,1.0463119,0.2931651
1.9727,-0.32919,0.0125,1.0482297,0.2944562
2.0924,-0.34916,0.0125,1.0483768,0.29418266
2.2193,-0.37034,0.0125,1.048435,0.29387718
2.0,0.0,0.25,0.9498287,0.25095236
1.9727,0.32919,0.25,0.9488293,0.25030795
2.0928,0.34922,0.25,0.94959635,0.2504774
2.1215,-4.1784e-07,0.25,0.9505657,0.25110975
2.2193,0.37034,0.25,0.9502956,0.25061834
2.25,0.0,0.25,0.9512017,0.25122544
1.8916,0.6494,0.25,0.94753957,0.2494525
2.0066,0.68886,0.25,0.9483745,0.24964961
2.1281,0.73057,0.25,0.94916755,0.24982913
1.7589,0.95189,0.25,0.94677746,0.24874066
1.8658,1.0097,0.25,0.947837,0.24903077
1.9788,1.0709,0.25,0.9488766,0.2493159
1.5783,1.2284,0.25,0.94650483,0.24816138
1.6742,1.3031,0.25,0.94792366,0.24859199
1.7756,1.382,0.25,0.9493449,0.24903205
1.3546,1.4714,0.25,0.94639397,0.24762931
1.4369,1.5609,0.25,0.94824886,0.24821874
1.5239,1.6554,0.25,0.9501418,0.24883577
1.0939,1.6743,0.25,0.94636095,0.24723652
1.1604,1.7761,0.25,0.94870234,0.24800435
1.2306,1.8836,0.25,0.9511439,0.24882726
0.80339,1.8315,0.25,0.94641936,0.24712901
0.8522,1.9428,0.25,0.9492401,0.24809091
0.90381,2.0605,0.25,0.9522408,0.24914372
0.49097,1.9388,0.25,0.9463991,0.24728502
0.5208,2.0566,0.25,0.94958174,0.24841599
0.55234,2.1812,0.25,0.9530035,0.24966605
0.16516,1.9932,0.25,0.94614947,0.24757086
0.17519,2.1143,0.25,0.94950664,0.24880329
0.1858,2.2423,0.25,0.95313156,0.25016767
-0.16516,1.9932,0.25,0.9458298,0.2479153
-0.17519,2.1143,0.25,0.94919217,0.24917272
-0.1858,2.2423,0.25,0.95283043,0.25056225
-0.49097,1.9388,0.25,0.945887,0.24836454
-0.5208,2.0566,0.25,0.94916046,0.2495955
-0.55234,2.1812,0.25,0.9527017,0.25094923
-0.80339,1.8315,0.25,0.9467453,0.24899386
-0.8522,1.9428,0.25,0.94993734,0.25018913
-0.90381,2.0605,0.25,0.9533739,0.25149232
-1.0939,1.6743,0.25,0.94834566,0.24975823
-1.1604,1.7761,0.25,0.95150805,0.250933
-1.2306,1.8836,0.25,0.9548861,0.25220072
-1.3546,1.4714,0.25,0.9500135,0.2504595
-1.4369,1.5609,0.25,0.9531185,0.25161263
-1.5239,1.6554,0.25,0.9564061,0.25284535
-1.5783,1.2284,0.25,0.95102984,0.2508964
-1.6742,1.3031,0.25,0.9539907,0.25201145
-1.7756,1.382,0.25,0.9570832,0.25318807
-1.7589,0.95189,0.25,0.9511802,0.25099036
-1.8658,1.0097,0.25,0.95398176,0.25206894
-1.9788,1.0709,0.25,0.95687336,0.2531929
-1.8916,0.6494,0.25,0.95060843,0.2507469
-2.0066,0.68886,0.25,0.9533291,0.25181305
-2.1281,0.73057,0.25,0.95612943,0.2529189
-1.9727,0.32919,0.25,0.94955117,0.2502262
-2.0926,0.34919,0.25,0.95225215,0.25129062
-2.2193,0.37034,0.25,0.9550534,0.25240052
-2.0,-9.8608e-32,0.25,0.9485635,0.24968885
-2.1215,-4.703e-07,0.25,0.9512831,0.25076044
-2.25,-4.9304e-32,0.25,0.9541253,0.25188476
-1.9727,-0.32919,0.25,0.9484173,0.24953565
-2.0926,-0.34919,0.25,0.95128214,0.2506787
-2.2193,-0.37034,0.25,0.9542924,0.25188673
-1.8916,-0.6494,0.25,0.94898653,0.24974935
-2.0066,-0.68886,0.25,0.9520679,0.25100723
-2.1281,-0.73057,0.25,0.9553234,0.25235027
-1.7589,-0.95189,0.25,0.9490174,0.24975343
-1.8658,-1.0097,0.25,0.9520695,0.25100645
-1.9788,-1.0709,0.25,0.955283,0.25234485
-1.5783,-1.2284,0.25,0.94798535,0.24930246
-1.6742,-1.3031,0.25,0.9506577,0.25036532
-1.7756,-1.382,0.25,0.95342547,0.2514822
-1.3546,-1.4714,0.25,0.9470733,0.24897683
-1.4369,-1.5609,0.25,0.94934165,0.24982283
-1.5239,-1.6554,0.25,0.9516501,0.25069046
-1.0939,-1.6743,0.25,0.9473959,0.24932562
-1.1604,-1.7761,0.25,0.9494886,0.25006288
-1.2306,-1.8836,0.25,0.95160085,0.25080454
-0.80339,-1.8315,0.25,0.94853,0.2501703
-0.8522,-1.9428,0.25,0.95054674,0.25086254
-0.90381,-2.0605,0.25,0.9525594,0.2515431
-0.49097,-1.9388,0.25,0.94936174,0.250983
-0.5208,-2.0566,0.25,0.9512402,0.2516229
-0.55234,-2.1812,0.25,0.9530736,0.25223166
-0.16516,-1.9932,0.25,0.9492645,0.25140527
-0.17519,-2.1143,0.25,0.9509524,0.2519806
-0.1858,-2.2423,0.25,0.9525726,0.25251603
0.16516,-1.9932,0.25,0.94826174,0.251356
0.17519,-2.1143,0.25,0.9497659,0.25187057
0.1858,-2.2423,0.25,0.95120597,0.25234932
0.49097,-1.9388,0.25,0.9466736,0.2509101
0.5208,-2.0566,0.25,0.9479999,0.25136364
0.55234,-2.1812,0.25,0.9492723,0.25178856
0.80339,-1.8315,0.25,0.94494987,0.2502277
0.8522,-1.9428,0.25,0.9460839,0.25061077
0.90381,-2.0605,0.25,0.9471616,0.25096852
1.0939,-1.6743,0.25,0.9436548,0.24954686
1.1604,-1.7761,0.25,0.94460344,0.24985488
1.2306,-1.8836,0.25,0.94548166,0.25013742
1.3546,-1.4714,0.25,0.9432531,0.24911003
1.4369,-1.5609,0.25,0.9440492,0.24934408
1.5239,-1.6554,0.25,0.9447601,0.24955064
1.5783,-1.2284,0.25,0.943869,0.24906038
1.6742,-1.3031,0.25,0.9445154,0.2492102
1.7756,-1.382,0.25,0.945054,0.2493242
1.7589,-0.95189,0.25,0.9453964,0.24944904
1.8658,-1.0097,0.25,0.9458983,0.24951436
1.9788,-1.0709,0.25,0.94625616,0.24952717
1.8916,-0.6494,0.25,0.9475317,0.2501973
2.0066,-0.68886,0.25,0.94800055,0.25023502
2.1281,-0.73057,0.25,0.94829863,0.25020593
1.9727,-0.32919,0.25,0.9493916,0.25089383
2.0924,-0.34916,0.25,0.9499937,0.25098938
2.2193,-0.37034,0.25,0.95044535,0.2510235
2.0,0.0,0.4875,0.85379046,0.2129114
1.9727,0.32919,0.4875,0.85363495,0.2127794
2.0928,0.34922,0.4875,0.85449594,0.2130864
2.1215,-4.1784e-07,0.4875,0.85464585,0.21322149
2.2193,0.37034,0.4875,0.8552655,0.21335526
2.25,0.0,0.4875,0.8553846,0.21348485
1.8916,0.6494,0.4875,0.8527366,0.2122025
2.0066,0.68886,0.4875,0.8535927,0.2125
2.1281,0.73057,0.4875,0.8543792,0.21276906
1.7589,0.95189,0.4875,0.8518063,0.21147168
1.8658,1.0097,0.4875,0.8527697,0.21179959
1.9788,1.0709,0.4875,0.853686,0.21211249
1.5783,1.2284,0.4875,0.85117686,0.21075496
1.6742,1.3031,0.4875,0.85237116,0.2111491
1.7756,1.382,0.4875,0.8535472,0.21154481
1.3546,1.4714,0.4875,0.85100675,0.21021247
1.4369,1.5609,0.4875,0.852546,0.21070462
1.5239,1.6554,0.4875,0.85411406,0.21121933
1.0939,1.6743,0.4875,0.851298,0.20999667
1.1604,1.7761,0.4875,0.8532661,0.21062416
1.2306,1.8836,0.4875,0.8553369,0.21130382
0.80339,1.8315,0.4875,0.8516071,0.2100563
0.8522,1.9428,0.4875,0.85394245,0.21081935
0.90381,2.0605,0.4875,0.8564567,0.21166605
0.49097,1.9388,0.4875,0.85134757,0.21017574
0.5208,2.0566,0.4875,0.8538306,0.21101536
0.55234,2.1812,0.4875,0.8565318,0.2119576
0.16516,1.9932,0.4875,0.8504914,0.21024701
0.17519,2.1143,0.4875,0.8529119,0.21109194
0.1858,2.2423,0.4875,0.8555629,0.21204655
-0.16516,1.9932,0.4875,0.84965366,0.21036199
-0.17519,2.1143,0.4875,0.8519368,0.2111738
-0.1858,2.2423,0.4875,0.8544587,0.21209656
-0.49097,1.9388,0.4875,0.8495554,0.21067184
-0.5208,2.0566,0.4875,0.8517547,0.2114533
-0.55234,2.1812,0.4875,0.85419685,0.21234156
-0.80339,1.8315,0.4875,0.8504772,0.21121404
-0.8522,1.9428,0.4875,0.85270375,0.21199363
-0.90381,2.0605,0.4875,0.8551702,0.2128728
-1.0939,1.6743,0.4875,0.852065,0.21185665
-1.1604,1.7761,0.4875,0.85438275,0.21265577
-1.2306,1.8836,0.4875,0.8569268,0.21354578
-1.3546,1.4714,0.4875,0.85364825,0.21241786
-1.4369,1.5609,0.4875,0.8560208,0.21323568
-1.5239,1.6554,0.4875,0.8585919,0.21413444
-1.5783,1.2284,0.4875,0.8547206,0.21278083
-1.6742,1.3031,0.4875,0.8570874,0.21361424
-1.7756,1.382,0.4875,0.85960805,0.21451503
-1.7589,0.95189,0.4875,0.8550914,0.21287858
-1.8658,1.0097,0.4875,0.85745305,0.21373552
-1.9788,1.0709,0.4875,0.85993624,0.21464968
-1.8916,0.6494,0.4875,0.85473883,0.21265902
-2.0066,0.68886,0.4875,0.8571394,0.21354762
-2.1281,0.73057,0.4875,0.85966325,0.21449377
-1.9727,0.32919,0.4875,0.85379773,0.21215598
-2.0926,0.34919,0.4875,0.8562244,0.2130568
-2.2193,0.37034,0.4875,0.8588011,0.21402383
-2.0,-2.4493e-17,0.4875,0.8528952,0.2116602
-2.1215,-4.703e-07,0.4875,0.85531783,0.21255949
-2.25,2.7555e-17,0.4875,0.85790914,0.21353139
-1.9727,-0.32919,0.4875,0.8529111,0.21159013
-2.0926,-0.34919,0.4875,0.8554253,0.2125438
-2.2193,-0.37034,0.4875,0.85812104,0.21358022
-1.8916,-0.6494,0.4875,0.8537853,0.21194448
-2.0066,-0.68886,0.4875,0.85646105,0.21299691
-2.1281,-0.73057,0.4875,0.8593332,0.21414852
-1.7589,-0.95189,0.4875,0.8543049,0.21219489
-1.8658,-1.0097,0.4875,0.8569155,0.2132383
-1.9788,-1.0709,0.4875,0.85969144,0.21437465
-1.5783,-1.2284,0.4875,0.85386086,0.21208154
-1.6742,-1.3031,0.4875,0.8560934,0.21295379
-1.7756,-1.382,0.4875,0.85840786,0.21387988
-1.3546,-1.4714,0.4875,0.8533424,0.21202768
-1.4369,-1.5609,0.4875,0.8552134,0.21272483
-1.5239,-1.6554,0.4875,0.8571099,0.21344265
-1.0939,-1.6743,0.4875,0.8535584,0.21240221
-1.1604,-1.7761,0.4875,0.8552785,0.21302569
-1.2306,-1.8836,0.4875,0.85701215,0.21365678
-0.80339,-1.8315,0.4875,0.85422105,0.21307717
-0.8522,-1.9428,0.4875,0.85585386,0.21367754
-0.90381,-2.0605,0.4875,0.85747755,0.21427225
-0.49097,-1.9388,0.4875,0.8546414,0.21371822
-0.5208,-2.0566,0.4875,0.85611427,0.21428542
-0.55234,-2.1812,0.4875,0.85752976,0.21482679
-0.16516,-1.9932,0.4875,0.8544142,0.2140469
-0.17519,-2.1143,0.4875,0.8556725,0.21456082
-0.1858,-2.2423,0.4875,0.85683703,0.21503536
0.16516,-1.9932,0.4875,0.8535481,0.2139429
0.17519,-2.1143,0.4875,0.85460323,0.2143961
0.1858,-2.2423,0.4875,0.8555566,0.21480879
0.49097,-1.9388,0.4875,0.85226804,0.21342658
0.5208,-2.0566,0.4875,0.85315233,0.21381427
0.55234,-2.1812,0.4875,0.85393596,0.21416472
0.80339,-1.8315,0.4875,0.85084164,0.212618
0.8522,-1.9428,0.4875,0.8515811,0.21293508
0.90381,-2.0605,0.4875,0.852211,0.21321473
1.0939,-1.6743,0.4875,0.849542,0.21172802
1.1604,-1.7761,0.4875,0.8501717,0.21198416
1.2306,-1.8836,0.4875,0.8506751,0.21220072
1.3546,-1.4714,0.4875,0.84865034,0.21101819
1.4369,-1.5609,0.4875,0.8492185,0.21124177
1.5239,-1.6554,0.4875,0.8496484,0.21142662
1.5783,-1.2284,0.4875,0.848438,0.21070045
1.6742,-1.3031,0.4875,0.84897685,0.2109106
1.7756,-1.382,0.4875,0.8493674,0.21108127
1.7589,-0.95189,0.4875,0.8491328,0.2108851
1.8658,-1.0097,0.4875,0.849661,0.21108375
1.9788,-1.0709,0.4875,0.8500241,0.21123315
1.8916,-0.6494,0.4875,0.85073787,0.2115516
2.0066,-0.68886,0.4875,0.85132045,0.21176055
2.1281,-0.73057,0.4875,0.851725,0.21190816
1.9727,-0.32919,0.4875,0.85265523,0.21240586
2.0924,-0.34916,0.4875,0.8533859,0.21266818
2.2193,-0.37034,0.4875,0.85395944,0.21287109
2.0,0.0,0.725,0.75882506,0.17916206
1.9727,0.32919,0.725,0.7592807,0.17938864
2.0928,0.34922,0.725,0.7601024,0.17973058
2.1215,-4.1784e-07,0.725,0.7596359,0.17950737
2.2193,0.37034,0.725,0.76084113,0.18004335
2.25,0.0,0.725,0.7603481,0.17982057
1.8916,0.6494,0.725,0.7586121,0.17899613
2.0066,0.68886,0.725,0.759374,0.17929986
2.1281,0.73057,0.725,0.76006854,0.17958148
1.7589,0.95189,0.725,0.75748193,0.17825323
1.8658,1.0097,0.725,0.7582331,0.17852667
1.9788,1.0709,0.725,0.75893813,0.17879018
1.5783,1.2284,0.725,0.75658816,0.17749552
1.6742,1.3031,0.725,0.7574321,0.17776205
1.7756,1.382,0.725,0.75826114,0.17803448
1.3546,1.4714,0.725,0.7564728,0.17705706
1.4369,1.5609,0.725,0.7575583,0.17736353
1.5239,1.6554,0.725,0.75868165,0.17769642
1.0939,1.6743,0.725,0.7571092,0.17707467
1.1604,1.7761,0.725,0.7585488,0.1774748
1.2306,1.8836,0.725,0.7601061,0.17793024
0.80339,1.8315,0.725,0.7576573,0.17731917
0.8522,1.9428,0.725,0.7593446,0.17780115
0.90381,2.0605,0.725,0.7612177,0.17836401
0.49097,1.9388,0.725,0.7572528,0.1774466
0.5208,2.0566,0.725,0.7588866,0.17792472
0.55234,2.1812,0.725,0.7607214,0.1784918
0.16516,1.9932,0.725,0.7560012,0.17738545
0.17519,2.1143,0.725,0.7573514,0.17778412
0.1858,2.2423,0.725,0.758891,0.17826918
-0.16516,1.9932,0.725,0.75487876,0.17735665
-0.17519,2.1143,0.725,0.7559647,0.17767316
-0.1858,2.2423,0.725,0.75723714,0.1780735
-0.49097,1.9388,0.725,0.7547783,0.17757791
-0.5208,2.0566,0.725,0.755808,0.17787099
-0.55234,2.1812,0.725,0.75703853,0.17824793
-0.80339,1.8315,0.725,0.7557553,0.17801698
-0.8522,1.9428,0.725,0.75694066,0.17834958
-0.90381,2.0605,0.725,0.75835,0.17876904
-1.0939,1.6743,0.725,0.7571548,0.17845003
-1.1604,1.7761,0.725,0.7585527,0.17883837
-1.2306,1.8836,0.725,0.760183,0.17931367
-1.3546,1.4714,0.725,0.75839806,0.17873901
-1.4369,1.5609,0.725,0.75995195,0.17917298
-1.5239,1.6554,0.725,0.761721,0.17968857
-1.5783,1.2284,0.725,0.7593082,0.17889732
-1.6742,1.3031,0.725,0.7609894,0.17938548
-1.7756,1.382,0.725,0.762856,0.17994906
-1.7589,0.95189,0.725,0.75978065,0.17891207
-1.8658,1.0097,0.725,0.76161045,0.17947263
-1.9788,1.0709,0.725,0.76361054,0.18010786
-1.8916,0.6494,0.725,0.7596239,0.17869413
-2.0066,0.68886,0.725,0.76160336,0.1793209
-2.1281,0.73057,0.725,0.7637698,0.18003097
-1.9727,0.32919,0.725,0.7588489,0.17824724
-2.0926,0.34919,0.725,0.7608812,0.17889225
-2.2193,0.37034,0.725,0.76313317,0.1796324
-2.0,-4.8986e-17,0.725,0.75809455,0.17785384
-2.1215,-4.703e-07,0.725,0.7600844,0.17848429
-2.25,5.5109e-17,0.725,0.7623053,0.17921455
-1.9727,-0.32919,0.725,0.75824594,0.17788857
-2.0926,-0.34919,0.725,0.76026,0.17855245
-2.2193,-0.37034,0.725,0.76250505,0.1793227
-1.8916,-0.6494,0.725,0.7592757,0.17834112
-2.0066,-0.68886,0.725,0.76138383,0.17908323
-2.1281,-0.73057,0.725,0.7637224,0.17994344
-1.7589,-0.95189,0.725,0.76010513,0.17876792
-1.8658,-1.0097,0.725,0.76211596,0.17950054
-1.9788,-1.0709,0.725,0.7643062,0.18033761
-1.5783,-1.2284,0.725,0.7601097,0.17892255
-1.6742,-1.3031,0.725,0.76176775,0.17951763
-1.7756,-1.382,0.725,0.7635039,0.18017115
-1.3546,-1.4714,0.725,0.7598336,0.17904772
-1.4369,-1.5609,0.725,0.7611848,0.17951787
-1.5239,-1.6554,0.725,0.762556,0.18001324
-1.0939,-1.6743,0.725,0.75977576,0.17933741
-1.1604,-1.7761,0.725,0.7609966,0.17976627
-1.2306,-1.8836,0.725,0.7622311,0.18021075
-0.80339,-1.8315,0.725,0.7598467,0.17974302
-0.8522,-1.9428,0.725,0.7609744,0.18016821
-0.90381,-2.0605,0.725,0.7620969,0.18059984
-0.49097,-1.9388,0.725,0.7598269,0.18014298
-0.5208,-2.0566,0.725,0.760801,0.1805594
-0.55234,-2.1812,0.725,0.76171976,0.18096411
-0.16516,-1.9932,0.725,0.75957006,0.18037036
-0.17519,-2.1143,0.725,0.7603452,0.18075708
-0.1858,-2.2423,0.725,0.76101834,0.18111536
0.16516,-1.9932,0.725,0.7590567,0.18028235
0.17519,-2.1143,0.725,0.759644,0.18062118
0.1858,-2.2423,0.725,0.76010746,0.18092462
0.49097,-1.9388,0.725,0.7583569,0.1798333
0.5208,-2.0566,0.725,0.75880075,0.18011174
0.55234,-2.1812,0.725,0.75910985,0.18035302
0.80339,-1.8315,0.725,0.75749254,0.17907408
0.8522,-1.9428,0.725,0.7578423,0.17928705
0.90381,-2.0605,0.725,0.7580434,0.17946011
1.0939,-1.6743,0.725,0.7563951,0.17814153
1.1604,-1.7761,0.725,0.7566905,0.1783014
1.2306,-1.8836,0.725,0.7568228,0.17842004
1.3546,-1.4714,0.725,0.75513554,0.17726623
1.4369,-1.5609,0.725,0.75541127,0.17740831
1.5239,-1.6554,0.725,0.755522,0.17751591
1.5783,-1.2284,0.725,0.7541629,0.1767286
1.6742,-1.3031,0.725,0.7544649,0.17688969
1.7756,-1.382,0.725,0.7546146,0.17702687
1.7589,-0.95189,0.725,0.7540924,0.17674163
1.8658,-1.0097,0.725,0.75446373,0.1769343
1.9788,-1.0709,0.725,0.75469303,0.17710385
1.8916,-0.6494,0.725,0.7552291,0.17735302
2.0066,-0.68886,0.725,0.75571895,0.17758507
2.1281,-0.73057,0.725,0.7560673,0.17778444
1.9727,-0.32919,0.725,0.7571719,0.17833365
2.0924,-0.34916,0.725,0.75783765,0.17862678
2.2193,-0.37034,0.725,0.75837684,0.17888337
2.0,0.0,0.9625,0.66376543,0.1489047
1.9727,0.32919,0.9625,0.6646544,0.14937276
2.0928,0.34922,0.9625,0.6654143,0.14969411
2.1215,-4.1784e-07,0.9625,0.66447896,0.14921522
2.2193,0.37034,0.9625,0.66612136,0.1500085
2.25,0.0,0.9625,0.6651342,0.1495214
1.8916,0.6494,0.9625,0.6641307,0.14911112
2.0066,0.68886,0.9625,0.66479766,0.14937598
2.1281,0.73057,0.9625,0.6654215,0.14963716
1.7589,0.95189,0.9625,0.6628144,0.14837915
1.8658,1.0097,0.9625,0.66335964,0.14855877
1.9788,1.0709,0.9625,0.66387975,0.14874385
1.5783,1.2284,0.9625,0.66172224,0.14765117
1.6742,1.3031,0.9625,0.66222113,0.14775662
1.7756,1.382,0.9625,0.6627241,0.14787981
1.3546,1.4714,0.9625,0.66168416,0.14737362
1.4369,1.5609,0.9625,0.66231436,0.14746736
1.5239,1.6554,0.9625,0.6630019,0.14759621
1.0939,1.6743,0.9625,0.66261137,0.14763716
1.1604,1.7761,0.9625,0.6635087,0.14778745
1.2306,1.8836,0.9625,0.66454285,0.14799857
0.80339,1.8315,0.9625,0.66339934,0.14808409
0.8522,1.9428,0.9625,0.6644314,0.14827348
0.90381,2.0605,0.9625,0.6656563,0.14854223
0.49097,1.9388,0.9625,0.6630442,0.14829886
0.5208,2.0566,0.9625,0.6638614,0.148426
0.55234,2.1812,0.9625,0.6648619,0.14862944
0.16516,1.9932,0.9625,0.66173047,0.14822868
0.17519,2.1143,0.9625,0.66209614,0.1482155
0.1858,2.2423,0.9625,0.6626016,0.14826335
-0.16516,1.9932,0.9625,0.66060567,0.14815465
-0.17519,2.1143,0.9625,0.6606162,0.14802565
-0.1858,2.2423,0.9625,0.6607448,0.14794755
-0.49097,1.9388,0.9625,0.6605842,0.1483084
-0.5208,2.0566,0.9625,0.6605757,0.14816648
-0.55234,2.1812,0.9625,0.6607076,0.14807886
-0.80339,1.8315,0.9625,0.6615063,0.14859411
-0.8522,1.9428,0.9625,0.6617638,0.14852461
-0.90381,2.0605,0.9625,0.6622138,0.14852357
-1.0939,1.6743,0.9625,0.66255826,0.14874767
-1.1604,1.7761,0.9625,0.66312504,0.14875674
-1.2306,1.8836,0.9625,0.66391814,0.1488441
-1.3546,1.4714,0.9625,0.66333914,0.14870313
-1.4369,1.5609,0.9625,0.6641486,0.14877176
-1.5239,1.6554,0.9625,0.66518426,0.14891946
-1.5783,1.2284,0.9625,0.66398406,0.14859626
-1.6742,1.3031,0.9625,0.66504604,0.14874408
-1.7756,1.382,0.9625,0.6663252,0.14897355
-1.7589,0.95189,0.9625,0.66446227,0.14847232
-1.8658,1.0097,0.9625,0.66581595,0.14872742
-1.9788,1.0709,0.9625,0.66739625,0.14907518
-1.8916,0.6494,0.9625,0.66442627,0.14822549
-2.0066,0.68886,0.9625,0.66601837,0.14856808
-2.1281,0.73057,0.9625,0.6678721,0.14902157
-1.9727,0.32919,0.9625,0.66378474,0.14784268
-2.0926,0.34919,0.9625,0.66543067,0.14819968
-2.2193,0.37034,0.9625,0.6673724,0.1486819
-2.0,-7.3479e-17,0.9625,0.6631754,0.14758259
-2.1215,-4.703e-07,0.9625,0.66472405,0.1479086
-2.25,8.2664e-17,0.9625,0.6665685,0.14836118
-1.9727,-0.32919,0.9625,0.6634263,0.14773989
-2.0926,-0.34919,0.9625,0.66492426,0.14807764
-2.2193,-0.37034,0.9625,0.6667025,0.14854404
-1.8916,-0.6494,0.9625,0.6644996,0.14826941
-2.0066,-0.68886,0.9625,0.66602015,0.14866407
-2.1281,-0.73057,0.9625,0.66780293,0.1491931
-1.7589,-0.95189,0.9625,0.66547257,0.14880976
-1.8658,-1.0097,0.9625,0.66686976,0.1491984
-1.9788,-1.0709,0.9625,0.6684595,0.14970085
-1.5783,-1.2284,0.9625,0.66574293,0.14913684
-1.6742,-1.3031,0.9625,0.66682845,0.14942965
-1.7756,-1.382,0.9625,0.6679915,0.14978647
-1.3546,-1.4714,0.9625,0.6655406,0.14933331
-1.4369,-1.5609,0.9625,0.66637516,0.14955117
-1.5239,-1.6554,0.9625,0.667227,0.14980116
-1.0939,-1.6743,0.9625,0.66513,0.14946786
-1.1604,-1.7761,0.9625,0.6658492,0.14967121
-1.2306,-1.8836,0.9625,0.6665822,0.14990005
-0.80339,-1.8315,0.9625,0.66462505,0.14957637
-0.8522,-1.9428,0.9625,0.6652522,0.14979221
-0.90381,-2.0605,0.9625,0.6658802,0.15002874
-0.49097,-1.9388,0.9625,0.6642089,0.1497165
-0.5208,-2.0566,0.9625,0.66471195,0.14994945
-0.55234,-2.1812,0.9625,0.66517067,0.15018968
-0.16516,-1.9932,0.9625,0.6639793,0.14983542
-0.17519,-2.1143,0.9625,0.66433597,0.15007073
-0.1858,-2.2423,0.9625,0.66459703,0.15029648
0.16516,-1.9932,0.9625,0.6638924,0.14978746
0.17519,-2.1143,0.9625,0.6641134,0.1499993
0.1858,-2.2423,0.9625,0.6642046,0.15019011
0.49097,-1.9388,0.9625,0.6638356,0.14946342
0.5208,-2.0566,0.9625,0.66396046,0.14962822
0.55234,-2.1812,0.9625,0.6639334,0.1497654
0.80339,-1.8315,0.9625,0.6635808,0.14884149
0.8522,-1.9428,0.9625,0.6636565,0.14894673
0.90381,-2.0605,0.9625,0.66356206,0.14901987
1.0939,-1.6743,0.9625,0.66278785,0.14798519
1.1604,-1.7761,0.9625,0.6628355,0.14803617
1.2306,-1.8836,0.9625,0.6627045,0.14805636
1.3546,-1.4714,0.9625,0.6613688,0.14707397
1.4369,-1.5609,0.9625,0.66139513,0.1470999
1.5239,-1.6554,0.9625,0.66125596,0.1471089
1.5783,-1.2284,0.9625,0.65987194,0.14641082
1.6742,-1.3031,0.9625,0.6599238,0.14645582
1.7756,-1.382,0.9625,0.65985024,0.14650662
1.7589,-0.95189,0.9625,0.65919274,0.1462915
1.8658,-1.0097,0.9625,0.6593419,0.14638491
1.9788,-1.0709,0.9625,0.659405,0.14649658
1.8916,-0.6494,0.9625,0.65990144,0.14683726
2.0066,-0.68886,0.9625,0.6602092,0.14699301
2.1281,-0.73057,0.9625,0.66044223,0.14716002
1.9727,-0.32919,0.9625,0.66178143,0.14787564
2.0924,-0.34916,0.9625,0.6623025,0.1481123
2.2193,-0.37034,0.9625,0.6627535,0.14834927
2.0,0.0,1.2,0.5676783,0.121425524
1.9727,0.32919,1.2,0.5688431,0.122038476
2.0928,0.34922,1.2,0.56958926,0.12231028
2.1215,-4.1784e-07,1.2,0.5683177,0.12165945
2.2193,0.37034,1.2,0.5703302,0.122607194
2.25,0.0,1.2,0.5689557,0.12192644
1.8916,0.6494,1.2,0.56841874,0.12187585
2.0066,0.68886,1.2,0.5690604,0.12208336
2.1281,0.73057,1.2,0.56970143,0.122315146
1.7589,0.95189,1.2,0.56695986,0.12118376
1.8658,1.0097,1.2,0.5673808,0.12125988
1.9788,1.0709,1.2,0.5678137,0.121364206
1.5783,1.2284,1.2,0.5657214,0.12053317
1.6742,1.3031,1.2,0.565964,0.12047812
1.7756,1.382,1.2,0.5662408,0.12045723
1.3546,1.4714,1.2,0.5657206,0.12042633
1.4369,1.5609,1.2,0.56598353,0.12031725
1.5239,1.6554,1.2,0.5663284,0.12025398
1.0939,1.6743,1.2,0.5668171,0.120902665
1.1604,1.7761,1.2,0.5672528,0.12081954
1.2306,1.8836,1.2,0.5678434,0.1208027
0.80339,1.8315,1.2,0.5678074,0.1215388
0.8522,1.9428,1.2,0.5682781,0.12146482
0.90381,2.0605,1.2,0.5689452,0.12146816
0.49097,1.9388,1.2,0.56768286,0.12190029
0.5208,2.0566,1.2,0.5678343,0.121732004
0.55234,2.1812,1.2,0.5681481,0.12162766
0.16516,1.9932,1.2,0.5666419,0.121932335
0.17519,2.1143,1.2,0.5662521,0.12159453
0.1858,2.2423,1.2,0.56594914,0.121292606
-0.16516,1.9932,1.2,0.5657805,0.12190006
-0.17519,2.1143,1.2,0.5650003,0.12143367
-0.1858,2.2423,1.2,0.5642622,0.12098391
-0.49097,1.9388,1.2,0.5658718,0.121994816
-0.5208,2.0566,1.2,0.56511015,0.1215251
-0.55234,2.1812,1.2,0.56441796,0.121077366
-0.80339,1.8315,1.2,0.5666098,0.12208457
-0.8522,1.9428,1.2,0.5661806,0.121701874
-0.90381,2.0605,1.2,0.56589824,0.12136498
-1.0939,1.6743,1.2,0.56722677,0.12193518
-1.1604,1.7761,1.2,0.5671638,0.12163612
-1.2306,1.8836,1.2,0.56730616,0.12140152
-1.3546,1.4714,1.2,0.56755805,0.121568486
-1.4369,1.5609,1.2,0.56780905,0.12133206
-1.5239,1.6554,1.2,0.5682858,0.121167526
-1.5783,1.2284,1.2,0.5679481,0.12120302
-1.6742,1.3031,1.2,0.56856334,0.121058434
-1.7756,1.382,1.2,0.56942385,0.120998144
-1.7589,0.95189,1.2,0.56837916,0.12092333
-1.8658,1.0097,1.2,0.56940734,0.12090475
-1.9788,1.0709,1.2,0.57072055,0.12099418
-1.8916,0.6494,1.2,0.56838024,0.120627
-2.0066,0.68886,1.2,0.5697043,0.12070087
-2.1281,0.73057,1.2,0.57136697,0.120910905
-1.9727,0.32919,1.2,0.567813,0.12030697
-2.0926,0.34919,1.2,0.56916225,0.120381445
-2.2193,0.37034,1.2,0.57088107,0.120607
-2.0,-9.7972e-17,1.2,0.5673246,0.120195255
-2.1215,-4.703e-07,1.2,0.56850886,0.12022099
-2.25,1.1022e-16,1.2,0.5700457,0.120394334
-1.9727,-0.32919,1.2,0.56765217,0.12048951
-2.0926,-0.34919,1.2,0.56871134,0.12050834
-2.2193,-0.37034,1.2,0.57008964,0.12067139
-1.8916,-0.6494,1.2,0.5687122,0.121091336
-2.0066,-0.68886,1.2,0.56972593,0.12114897
-2.1281,-0.73057,1.2,0.5710236,0.1213502
-1.7589,-0.95189,1.2,0.56971884,0.12170031
-1.8658,-1.0097,1.2,0.57059157,0.121759094
-1.9788,-1.0709,1.2,0.5716632,0.1219357
-1.5783,-1.2284,1.2,0.57010704,0.12211195
-1.6742,-1.3031,1.2,0.5707172,0.12211781
-1.7756,-1.382,1.2,0.5714041,0.12219225
-1.3546,-1.4714,1.2,0.56986994,0.12229468
-1.4369,-1.5609,1.2,0.5702799,0.12226888
-1.5239,-1.6554,1.2,0.57070535,0.12228297
-1.0939,-1.6743,1.2,0.5691277,0.1222502
-1.1604,-1.7761,1.2,0.5694346,0.1222301
-1.2306,-1.8836,1.2,0.56975377,0.12224575
-0.80339,-1.8315,1.2,0.5681499,0.12208289
-0.8522,-1.9428,1.2,0.5683745,0.12208778
-0.90381,-2.0605,1.2,0.5686051,0.12212826
-0.49097,-1.9388,1.2,0.56739944,0.121973574
-0.5208,-2.0566,1.2,0.5675451,0.12201875
-0.55234,-2.1812,1.2,0.5676631,0.122093104
-0.16516,-1.9932,1.2,0.5671741,0.12196808
-0.17519,-2.1143,1.2,0.5672519,0.1220503
-0.1858,-2.2423,1.2,0.56725514,0.12214902
0.16516,-1.9932,1.2,0.5674291,0.121939585
0.17519,-2.1143,1.2,0.56745404,0.12203067
0.1858,-2.2423,1.2,0.5673647,0.12212526
0.49097,-1.9388,1.2,0.5678894,0.12173329
0.5208,-2.0566,1.2,0.5678813,0.121796116
0.55234,-2.1812,1.2,0.5677296,0.12185305
0.80339,-1.8315,1.2,0.5681275,0.1212695
0.8522,-1.9428,1.2,0.5681012,0.12127607
0.90381,-2.0605,1.2,0.56791186,0.1212717
1.0939,-1.6743,1.2,0.5676612,0.120562464
1.1604,-1.7761,1.2,0.5676021,0.12050379
1.2306,-1.8836,1.2,0.56737775,0.12043846
1.3546,-1.4714,1.2,0.5663242,0.11973862
1.4369,-1.5609,1.2,0.56621015,0.119632624
1.5239,-1.6554,1.2,0.5659592,0.119539425
1.5783,-1.2284,1.2,0.56463075,0.11906216
1.6742,-1.3031,1.2,0.56450295,0.11895343
1.7756,-1.382,1.2,0.5643019,0.118889175
1.7589,-0.95189,1.2,0.56355774,0.11885411
1.8658,-1.0097,1.2,0.56351125,0.11879022
1.9788,-1.0709,1.2,0.56345487,0.118792996
1.8916,-0.6494,1.2,0.56386954,0.119305186
2.0066,-0.68886,1.2,0.563997,0.11932066
2.1281,-0.73057,1.2,0.56413454,0.11939886
1.9727,-0.32919,1.2,0.5655635,0.12031466
2.0924,-0.34916,1.2,0.56594443,0.120439604
2.2193,-0.37034,1.2,0.5663285,0.120610386
2.0,0.0,1.4375,0.4702139,0.096202314
1.9727,0.32919,1.4375,0.47148997,0.09687342
2.0928,0.34922,1.4375,0.47229844,0.09707632
2.1215,-4.1784e-07,1.4375,0.47083992,0.09633113
2.2193,0.37034,1.4375,0.47316587,0.09734485
2.25,0.0,1.4375,0.47153485,0.09653714
1.8916,0.6494,1.4375,0.471129,0.0967858
2.0066,0.68886,1.4375,0.47183895,0.0969266
2.1281,0.73057,1.4375,0.4726088,0.0971276
1.7589,0.95189,1.4375,0.46959072,0.09616131
1.8658,1.0097,1.4375,0.469997,0.096136115
1.9788,1.0709,1.4375,0.47046643,0.09616726
1.5783,1.2284,1.4375,0.4682606,0.09561622
1.6742,1.3031,1.4375,0.46837157,0.09541712
1.7756,1.382,1.4375,0.46855593,0.095270984
1.3546,1.4714,1.4375,0.46823883,0.09565818
1.4369,1.5609,1.4375,0.46826547,0.09537427
1.5239,1.6554,1.4375,0.46840185,0.09514743
1.0939,1.6743,1.4375,0.46936375,0.09628419
1.1604,1.7761,1.4375,0.46946698,0.09600329
1.2306,1.8836,1.4375,0.46974003,0.09579306
0.80339,1.8315,1.4375,0.4704888,0.09706519
0.8522,1.9428,1.4375,0.47054476,0.09677583
0.90381,2.0605,1.4375,0.47079438,0.09656038
0.49097,1.9388,1.4375,0.4707142,0.09759183
0.5208,2.0566,1.4375,0.47040606,0.09720098
0.55234,2.1812,1.4375,0.47023606,0.096862145
0.16516,1.9932,1.4375,0.47019738,0.097793594
0.17519,2.1143,1.4375,0.4693457,0.09723671
0.1858,2.2423,1.4375,0.46853024,0.09669334
-0.16516,1.9932,1.4375,0.4697947,0.09786023
-0.17519,2.1143,1.4375,0.46858084,0.09718443
-0.1858,2.2423,1.4375,0.46733803,0.09649505
-0.49097,1.9388,1.4375,0.4700083,0.09790316
-0.5208,2.0566,1.4375,0.4688475,0.0972311
-0.55234,2.1812,1.4375,0.46768624,0.09655127
-0.80339,1.8315,1.4375,0.4704733,0.09778597
-0.8522,1.9428,1.4375,0.4696592,0.09719569
-0.90381,2.0605,1.4375,0.4689384,0.09662726
-1.0939,1.6743,1.4375,0.47064185,0.09735896
-1.1604,1.7761,1.4375,0.47020793,0.0968409
-1.2306,1.8836,1.4375,0.4699449,0.096369475
-1.3546,1.4714,1.4375,0.47060788,0.09673106
-1.4369,1.5609,1.4375,0.47054046,0.09626998
-1.5239,1.6554,1.4375,0.47068864,0.09586976
-1.5783,1.2284,1.4375,0.47080636,0.09615755
-1.6742,1.3031,1.4375,0.4711969,0.09579035
-1.7756,1.382,1.4375,0.47185564,0.0955061
-1.7589,0.95189,1.4375,0.47116607,0.09573686
-1.8658,1.0097,1.4375,0.4720599,0.09549748
-1.9788,1.0709,1.4375,0.47329575,0.095377326
-1.8916,0.6494,1.4375,0.47113836,0.095387705
-2.0066,0.68886,1.4375,0.47234768,0.09522885
-2.1281,0.73057,1.4375,0.47396988,0.09522548
-1.9727,0.32919,1.4375,0.4706034,0.0951325
-2.0926,0.34919,1.4375,0.47178245,0.0949518
-2.2193,0.37034,1.4375,0.4733956,0.09494002
-2.0,-1.2246e-16,1.4375,0.4702294,0.09517662
-2.1215,-4.703e-07,1.4375,0.47117013,0.09493109
-2.25,1.3777e-16,1.4375,0.4725064,0.09484466
-1.9727,-0.32919,1.4375,0.4706428,0.09561662
-2.0926,-0.34919,1.4375,0.47139162,0.0953515
-2.2193,-0.37034,1.4375,0.4724837,0.09523653
-1.8916,-0.6494,1.4375,0.47169447,0.096294865
-2.0066,-0.68886,1.4375,0.47234064,0.09605614
-2.1281,-0.73057,1.4375,0.4732787,0.09596144
-1.7589,-0.95189,1.4375,0.47270167,0.09694677
-1.8658,-1.0097,1.4375,0.4731984,0.09671866
-1.9788,-1.0709,1.4375,0.47389162,0.09660664
-1.5783,-1.2284,1.4375,0.4731382,0.09738122
-1.6742,-1.3031,1.4375,0.47342175,0.09713777
-1.7756,-1.382,1.4375,0.47378105,0.09696606
-1.3546,-1.4714,1.4375,0.4728483,0.09750435
-1.4369,-1.5609,1.4375,0.4729755,0.09726183
-1.5239,-1.6554,1.4375,0.473118,0.09706733
-1.0939,-1.6743,1.4375,0.47187465,0.09729655
-1.1604,-1.7761,1.4375,0.47191262,0.0970735
-1.2306,-1.8836,1.4375,0.4719618,0.09689668
-0.80339,-1.8315,1.4375,0.47056597,0.09690383
-0.8522,-1.9428,1.4375,0.4705389,0.09671386
-0.90381,-2.0605,1.4375,0.470524,0.09657462
-0.49097,-1.9388,1.4375,0.46952873,0.096571356
-0.5208,-2.0566,1.4375,0.46947312,0.09643835
-0.55234,-2.1812,1.4375,0.4694128,0.096358486
-0.16516,-1.9932,1.4375,0.46920377,0.09641898
-0.17519,-2.1143,1.4375,0.4691671,0.096352965
-0.1858,-2.2423,1.4375,0.4690941,0.09633594
0.16516,-1.9932,1.4375,0.4695865,0.09635934
0.17519,-2.1143,1.4375,0.4695927,0.09633466
0.1858,-2.2423,1.4375,0.46952897,0.096349865
0.49097,-1.9388,1.4375,0.47031212,0.096223496
0.5208,-2.0566,1.4375,0.47035235,0.096189916
0.55234,-2.1812,1.4375,0.47029448,0.09618742
0.80339,-1.8315,1.4375,0.47085112,0.09590183
0.8522,-1.9428,1.4375,0.4708879,0.095810905
0.90381,-2.0605,1.4375,0.47080773,0.09574631
1.0939,-1.6743,1.4375,0.47070718,0.09538513
1.1604,-1.7761,1.4375,0.47068262,0.09521146
1.2306,-1.8836,1.4375,0.47054225,0.09506926
1.3546,-1.4714,1.4375,0.46968108,0.09474572
1.4369,-1.5609,1.4375,0.4695564,0.09449771
1.5239,-1.6554,1.4375,0.4693517,0.09430174
1.5783,-1.2284,1.4375,0.46811897,0.09415752
1.6742,-1.3031,1.4375,0.46792597,0.09387628
1.7756,-1.382,1.4375,0.46772867,0.093681514
1.7589,-0.95189,1.4375,0.46687454,0.093903884
1.8658,-1.0097,1.4375,0.4667176,0.09365077
1.9788,-1.0709,1.4375,0.46663404,0.093511865
1.8916,-0.6494,1.4375,0.46681654,0.09422903
2.0066,-0.68886,1.4375,0.46682376,0.094064936
2.1281,-0.73057,1.4375,0.46693158,0.09401525
1.9727,-0.32919,1.4375,0.4681846,0.09512195
2.0924,-0.34916,1.4375,0.4684791,0.09509902
2.2193,-0.37034,1.4375,0.4688592,0.095170856
2.0,0.0,1.675,0.37176418,0.07292298
1.9727,0.32919,1.675,0.37296838,0.07357113
2.0928,0.34922,1.675,0.37390012,0.07368363
2.1215,-4.1784e-07,1.675,0.3724351,0.07292087
2.2193,0.37034,1.675,0.37497133,0.07390877
2.25,0.0,1.675,0.37325603,0.07304355
1.8916,0.6494,1.675,0.3726281,0.073534444
2.0066,0.68886,1.675,0.37347952,0.07359625
2.1281,0.73057,1.675,0.37446874,0.07376036
1.7589,0.95189,1.675,0.3710844,0.072998315
1.8658,1.0097,1.675,0.37156993,0.0728743
1.9788,1.0709,1.675,0.3721829,0.072838075
1.5783,1.2284,1.675,0.36973166,0.07256991
1.6742,1.3031,1.675,0.3698299,0.07224713
1.7756,1.382,1.675,0.37004697,0.07199677
1.3546,1.4714,1.675,0.369654,0.07272182
1.4369,1.5609,1.675,0.36957684,0.07229673
1.5239,1.6554,1.675,0.3696385,0.071939185
1.0939,1.6743,1.675,0.37070137,0.07342436
1.1604,1.7761,1.675,0.37060973,0.07298744
1.2306,1.8836,1.675,0.37069893,0.07262385
0.80339,1.8315,1.675,0.37190068,0.074289106
0.8522,1.9428,1.675,0.37169915,0.07383682
0.90381,2.0605,1.675,0.37168264,0.073453546
0.49097,1.9388,1.675,0.37253207,0.07496126
0.5208,2.0566,1.675,0.37197486,0.0744203
0.55234,2.1812,1.675,0.37152967,0.07391998
0.16516,1.9932,1.675,0.37267312,0.07534841
0.17519,2.1143,1.675,0.371647,0.074671544
0.1858,2.2423,1.675,0.37061483,0.073990956
-0.16516,1.9932,1.675,0.37282643,0.07553393
-0.17519,2.1143,1.675,0.3715223,0.07476656
-0.1858,2.2423,1.675,0.37013546,0.07396424
-0.49097,1.9388,1.675,0.37316132,0.07553469
-0.5208,2.0566,1.675,0.37194103,0.07477598
-0.55234,2.1812,1.675,0.37066513,0.07398744
-0.80339,1.8315,1.675,0.37332267,0.075233735
-0.8522,1.9428,1.675,0.3724212,0.074537076
-0.90381,2.0605,1.675,0.3715614,0.07384079
-1.0939,1.6743,1.675,0.37307173,0.074588336
-1.1604,1.7761,1.675,0.37252748,0.07394123
-1.2306,1.8836,1.675,0.37211373,0.07332174
-1.3546,1.4714,1.675,0.37274647,0.07377981
-1.4369,1.5609,1.675,0.37260002,0.073177956
-1.5239,1.6554,1.675,0.3726526,0.07262358
-1.5783,1.2284,1.675,0.37279356,0.07306494
-1.6742,1.3031,1.675,0.37317425,0.07254997
-1.7756,1.382,1.675,0.37384176,0.07211363
-1.7589,0.95189,1.675,0.37305588,0.07253727
-1.8658,1.0097,1.675,0.37399188,0.07213619
-1.9788,1.0709,1.675,0.37532452,0.07186067
-1.8916,0.6494,1.675,0.37295994,0.07214997
-2.0066,0.68886,1.675,0.3741933,0.07180215
-2.1281,0.73057,1.675,0.3759079,0.07162152
-1.9727,0.32919,1.675,0.3724594,0.07197001
-2.0926,0.34919,1.675,0.3735886,0.071572736
-2.2193,0.37034,1.675,0.37520415,0.071351744
-2.0,-1.4696e-16,1.675,0.3722347,0.07217387
-2.1215,-4.703e-07,1.675,0.37305707,0.07169955
-2.25,1.6533e-16,1.675,0.3743024,0.07138517
-1.9727,-0.32919,1.675,0.37278712,0.07276237
-2.0926,-0.34919,1.675,0.37336504,0.07226275
-2.2193,-0.37034,1.675,0.37429518,0.07190937
-1.8916,-0.6494,1.675,0.37389475,0.07352306
-2.0066,-0.68886,1.675,0.37432846,0.07304395
-2.1281,-0.73057,1.675,0.375049,0.07270088
-1.7589,-0.95189,1.675,0.37494528,0.07420804
-1.8658,-1.0097,1.675,0.37522978,0.073749274
-1.9788,-1.0709,1.675,0.3757024,0.07339989
-1.5783,-1.2284,1.675,0.37544686,0.074635796
-1.6742,-1.3031,1.675,0.37556386,0.07418916
-1.7756,-1.382,1.675,0.37575608,0.07381595
-1.3546,-1.4714,1.675,0.375169,0.07469345
-1.4369,-1.5609,1.675,0.3751673,0.074268095
-1.5239,-1.6554,1.675,0.37518412,0.07389873
-1.0939,-1.6743,1.675,0.37410963,0.07436611
-1.1604,-1.7761,1.675,0.37403634,0.07396737
-1.2306,-1.8836,1.675,0.3739767,0.07362576
-0.80339,-1.8315,1.675,0.37261623,0.07381286
-0.8522,-1.9428,1.675,0.37249923,0.07345019
-0.90381,-2.0605,1.675,0.3724051,0.07315383
-0.49097,-1.9388,1.675,0.37131983,0.07329405
-0.5208,-2.0566,1.675,0.3712173,0.072995186
-0.55234,-2.1812,1.675,0.37114137,0.07277462
-0.16516,-1.9932,1.675,0.37074605,0.07297628
-0.17519,-2.1143,1.675,0.3707344,0.072761886
-0.1858,-2.2423,1.675,0.37074316,0.07263379
0.16516,-1.9932,1.675,0.3709792,0.0728271
0.17519,-2.1143,1.675,0.37109262,0.07267683
0.1858,-2.2423,1.675,0.3712132,0.07261363
0.49097,-1.9388,1.675,0.37168023,0.072702155
0.5208,-2.0566,1.675,0.37188065,0.072556145
0.55234,-2.1812,1.675,0.3720718,0.07249326
0.80339,-1.8315,1.675,0.3723408,0.07249558
0.8522,-1.9428,1.675,0.3725374,0.0722872
0.90381,-2.0605,1.675,0.37270787,0.07215734
1.0939,-1.6743,1.675,0.37252444,0.072187886
1.1604,-1.7761,1.675,0.3726281,0.07188025
1.2306,-1.8836,1.675,0.372702,0.07165314
1.3546,-1.4714,1.675,0.37198168,0.07178903
1.4369,-1.5609,1.675,0.37195188,0.07138672
1.5239,-1.6554,1.675,0.37192398,0.07108053
1.5783,-1.2284,1.675,0.37079185,0.07135591
1.6742,-1.3031,1.675,0.37064964,0.07089485
1.7756,-1.382,1.675,0.3705811,0.07055943
1.7589,-0.95189,1.675,0.36955225,0.07109303
1.8658,-1.0097,1.675,0.3693897,0.07063813
1.9788,-1.0709,1.675,0.36937952,0.0703368
1.8916,-0.6494,1.675,0.36914372,0.07127102
2.0066,-0.68886,1.675,0.36911315,0.07090577
2.1281,-0.73057,1.675,0.3692671,0.07069907
1.9727,-0.32919,1.675,0.370046,0.071973585
2.0924,-0.34916,1.675,0.3703196,0.071776666
2.2193,-0.37034,1.675,0.370763,0.07172129
2.0,0.0,1.9125,0.27345628,0.051456116
1.9727,0.32919,1.9125,0.2743966,0.05200728
2.0928,0.34922,1.9125,0.2754603,0.051999383
2.1215,-4.1784e-07,1.9125,0.27419245,0.051294595
2.2193,0.37034,1.9125,0.2767595,0.052154273
2.25,0.0,1.9125,0.27516717,0.051304203
1.8916,0.6494,1.9125,0.27402252,0.051993154
2.0066,0.68886,1.9125,0.2750319,0.051954746
2.1281,0.73057,1.9125,0.27627257,0.052063618
1.7589,0.95189,1.9125,0.27254766,0.05155368
1.8658,1.0097,1.9125,0.27315593,0.051327657
1.9788,1.0709,1.9125,0.2739658,0.051221143
1.5783,1.2284,1.9125,0.271256,0.05123748
1.6742,1.3031,1.9125,0.27141857,0.050808117
1.7756,1.382,1.9125,0.27175006,0.050469365
1.3546,1.4714,1.9125,0.27113107,0.051453855
1.4369,1.5609,1.9125,0.27104923,0.050918743
1.5239,1.6554,1.9125,0.2711361,0.050459832
1.0939,1.6743,1.9125,0.27206185,0.05216468
1.1604,1.7761,1.9125,0.27188808,0.051611237
1.2306,1.8836,1.9125,0.27190298,0.05113178
0.80339,1.8315,1.9125,0.27331167,0.05305031
0.8522,1.9428,1.9125,0.2729878,0.05248357
0.90381,2.0605,1.9125,0.2728358,0.051979534
0.49097,1.9388,1.9125,0.27436078,0.05382338
0.5208,2.0566,1.9125,0.27373067,0.053194307
0.55234,2.1812,1.9125,0.27318758,0.052595787
0.16516,1.9932,1.9125,0.27518204,0.05436848
0.17519,2.1143,1.9125,0.27421036,0.053650323
0.1858,2.2423,1.9125,0.27320448,0.052917674
-0.16516,1.9932,1.9125,0.2758932,0.054660015
-0.17519,2.1143,1.9125,0.27476388,0.053890653
-0.1858,2.2423,1.9125,0.27352315,0.053076044
-0.49097,1.9388,1.9125,0.27634007,0.054629065
-0.5208,2.0566,1.9125,0.27532396,0.05387254
-0.55234,2.1812,1.9125,0.27421975,0.053074364
-0.80339,1.8315,1.9125,0.2762149,0.054190606
-0.8522,1.9428,1.9125,0.27546534,0.05347008
-0.90381,2.0605,1.9125,0.2747175,0.052734233
-1.0939,1.6743,1.9125,0.27558023,0.053399988
-1.1604,1.7761,1.9125,0.27513966,0.052701652
-1.2306,1.8836,1.9125,0.27479264,0.052014507
-1.3546,1.4714,1.9125,0.27497533,0.052487787
-1.4369,1.5609,1.9125,0.27493852,0.051819354
-1.5239,1.6554,1.9125,0.27508488,0.05118585
-1.5783,1.2284,1.9125,0.27483654,0.051693417
-1.6742,1.3031,1.9125,0.2753627,0.051097486
-1.7756,1.382,1.9125,0.27619433,0.05057495
-1.7589,0.95189,1.9125,0.27494434,0.05109967
-1.8658,1.0097,1.9125,0.27603602,0.05059056
-1.9788,1.0709,1.9125,0.27757668,0.05020932
-1.8916,0.6494,1.9125,0.27476215,0.050702505
-2.0066,0.68886,1.9125,0.2761017,0.05020847
-2.1281,0.73057,1.9125,0.2779819,0.049884766
-1.9727,0.32919,1.9125,0.27434412,0.050616063
-2.0926,0.34919,1.9125,0.2755025,0.050044164
-2.2193,0.37034,1.9125,0.27718478,0.049644984
-2.0,-1.7145e-16,1.9125,0.27434957,0.05098165
-2.1215,-4.703e-07,1.9125,0.2751488,0.05032625
-2.25,1.9288e-16,1.9125,0.27638352,0.049821094
-1.9727,-0.32919,1.9125,0.2751357,0.051715635
-2.0926,-0.34919,1.9125,0.27565813,0.051035404
-2.2193,-0.37034,1.9125,0.27652898,0.050488945
-1.8916,-0.6494,1.9125,0.2764085,0.052563213
-2.0066,-0.68886,1.9125,0.27676362,0.0519025
-2.1281,-0.73057,1.9125,0.27739167,0.05136378
-1.7589,-0.95189,1.9125,0.27760077,0.053282905
-1.8658,-1.0097,1.9125,0.27781567,0.05265026
-1.9788,-1.0709,1.9125,0.27820718,0.05211708
-1.5783,-1.2284,1.9125,0.2782526,0.053704143
-1.6742,-1.3031,1.9125,0.27833912,0.05309888
-1.7756,-1.382,1.9125,0.27850312,0.052567497
-1.3546,-1.4714,1.9125,0.27810544,0.053722136
-1.4369,-1.5609,1.9125,0.27810606,0.053146653
-1.5239,-1.6554,1.9125,0.27813414,0.052634574
-1.0939,-1.6743,1.9125,0.2771203,0.05333539
-1.1604,-1.7761,1.9125,0.27706975,0.052787147
-1.2306,-1.8836,1.9125,0.27704334,0.05230713
-0.80339,-1.8315,1.9125,0.27557844,0.052692357
-0.8522,-1.9428,1.9125,0.27550328,0.05217681
-0.90381,-2.0605,1.9125,0.2754706,0.05174346
-0.49097,-1.9388,1.9125,0.274048,0.052034043
-0.5208,-2.0566,1.9125,0.2740109,0.051577
-0.55234,-2.1812,1.9125,0.27404177,0.051223505
-0.16516,-1.9932,1.9125,0.2730913,0.0515493
-0.17519,-2.1143,1.9125,0.2731792,0.0511755
-0.1858,-2.2423,1.9125,0.27336115,0.050927255
0.16516,-1.9932,1.9125,0.27292576,0.05126819
0.17519,-2.1143,1.9125,0.2731783,0.050962545
0.1858,-2.2423,1.9125,0.27354345,0.050797082
0.49097,-1.9388,1.9125,0.27336457,0.051106535
0.5208,-2.0566,1.9125,0.27372503,0.05080623
0.55234,-2.1812,1.9125,0.27420127,0.050649792
0.80339,-1.8315,1.9125,0.27403247,0.050990403
0.8522,-1.9428,1.9125,0.27438182,0.050621763
0.90381,-2.0605,1.9125,0.274831,0.050391324
1.0939,-1.6743,1.9125,0.27455673,0.050887313
1.1604,-1.7761,1.9125,0.27480352,0.050413784
1.2306,-1.8836,1.9125,0.2751335,0.05007278
1.3546,-1.4714,1.9125,0.27456975,0.050734535
1.4369,-1.5609,1.9125,0.27468503,0.05016292
1.5239,-1.6554,1.9125,0.27489883,0.049728945
1.5783,-1.2284,1.9125,0.2738506,0.050476585
1.6742,-1.3031,1.9125,0.2738379,0.049834862
1.7756,-1.382,1.9125,0.27397722,0.049349487
1.7589,-0.95189,1.9125,0.27270463,0.050228007
1.8658,-1.0097,1.9125,0.27262133,0.049572676
1.9788,-1.0709,1.9125,0.27275723,0.049096406
1.8916,-0.6494,1.9125,0.2719503,0.050254337
2.0066,-0.68886,1.9125,0.27194965,0.04967957
2.1281,-0.73057,1.9125,0.27220255,0.04929348
1.9727,-0.32919,1.9125,0.27226442,0.05071828
2.0924,-0.34916,1.9125,0.27255958,0.05032696
2.2193,-0.37034,1.9125,0.27310365,0.05011583
2.0,0.0,2.15,0.17699087,0.03179634
1.9727,0.32919,2.15,0.17749125,0.032189067
2.0928,0.34922,2.15,0.17862312,0.03202279
2.1215,-4.1784e-07,2.15,0.17775303,0.031444788
2.2193,0.37034,2.15,0.18009526,0.03206628
2.25,0.0,2.15,0.17884219,0.031303
1.8916,0.6494,2.15,0.17702238,0.032164015
2.0066,0.68886,2.15,0.1781298,0.03199493
2.1281,0.73057,2.15,0.17957076,0.03201557
1.7589,0.95189,2.15,0.17567568,0.031812176
1.8658,1.0097,2.15,0.17638074,0.031473976
1.9788,1.0709,2.15,0.17736608,0.03128375
1.5783,1.2284,2.15,0.17452815,0.03158718
1.6742,1.3031,2.15,0.17476973,0.031062141
1.7756,1.382,2.15,0.17523305,0.030643046
1.3546,1.4714,2.15,0.1744025,0.031821534
1.4369,1.5609,2.15,0.17436004,0.031200834
1.5239,1.6554,2.15,0.17451665,0.030662727
1.0939,1.6743,2.15,0.17524272,0.03248404
1.1604,1.7761,2.15,0.17505296,0.03184686
1.2306,1.8836,2.15,0.17505793,0.03128245
0.80339,1.8315,2.15,0.17655951,0.033335254
0.8522,1.9428,2.15,0.17620426,0.03269413
0.90381,2.0605,2.15,0.17600635,0.032108504
0.49097,1.9388,2.15,0.1780094,0.03415346
0.5208,2.0566,2.15,0.1774257,0.033483595
0.55234,2.1812,2.15,0.17690769,0.032835837
0.16516,1.9932,2.15,0.17944866,0.03480224
0.17519,2.1143,2.15,0.17867556,0.034096017
0.1858,2.2423,2.15,0.1778549,0.033370916
-0.16516,1.9932,2.15,0.18064721,0.035165247
-0.17519,2.1143,2.15,0.17984806,0.034449227
-0.1858,2.2423,2.15,0.17893524,0.03368827
-0.49097,1.9388,2.15,0.18118866,0.03511185
-0.5208,2.0566,2.15,0.18053028,0.034412496
-0.55234,2.1812,2.15,0.17977831,0.033670615
-0.80339,1.8315,2.15,0.1808182,0.03458962
-0.8522,1.9428,2.15,0.18036833,0.033901475
-0.90381,2.0605,2.15,0.17989998,0.033190846
-1.0939,1.6743,2.15,0.17982557,0.033724263
-1.1604,1.7761,2.15,0.17962363,0.03303258
-1.2306,1.8836,2.15,0.17949037,0.032341268
-1.3546,1.4714,2.15,0.17888905,0.03277004
-1.4369,1.5609,2.15,0.17906755,0.03209103
-1.5239,1.6554,2.15,0.17942089,0.031438306
-1.5783,1.2284,2.15,0.17845264,0.031943597
-1.6742,1.3031,2.15,0.17918742,0.03131641
-1.7756,1.382,2.15,0.18024981,0.030759148
-1.7589,0.95189,2.15,0.17830941,0.031322796
-1.8658,1.0097,2.15,0.17957677,0.030746203
-1.9788,1.0709,2.15,0.18134262,0.030297294
-1.8916,0.6494,2.15,0.17803138,0.030951273
-2.0066,0.68886,2.15,0.17947608,0.030346394
-2.1281,0.73057,2.15,0.18151027,0.029907413
-1.9727,0.32919,2.15,0.1777711,0.030980151
-2.0926,0.34919,2.15,0.1789718,0.03027302
-2.2193,0.37034,2.15,0.18071975,0.029725518
-2.0,-1.9594e-16,2.15,0.17811182,0.031506673
-2.1215,-4.703e-07,2.15,0.17892942,0.030715808
-2.25,2.2044e-16,2.15,0.1801836,0.030057706
-1.9727,-0.32919,2.15,0.17924622,0.032378286
-2.0926,-0.34919,2.15,0.17978,0.031567536
-2.2193,-0.37034,2.15,0.18065074,0.030872442
-1.8916,-0.6494,2.15,0.18081073,0.033313707
-2.0066,-0.68886,2.15,0.18117416,0.032524236
-2.1281,-0.73057,2.15,0.18179351,0.03183943
-1.7589,-0.95189,2.15,0.18226743,0.03407754
-1.8658,-1.0097,2.15,0.18250698,0.033319697
-1.9788,-1.0709,2.15,0.18291348,0.032650158
-1.5783,-1.2284,2.15,0.18318766,0.034513287
-1.6742,-1.3031,2.15,0.18333165,0.033786763
-1.7756,-1.382,2.15,0.18356004,0.0331331
-1.3546,-1.4714,2.15,0.18330994,0.03453716
-1.4369,-1.5609,2.15,0.18339606,0.03383863
-1.5239,-1.6554,2.15,0.18352588,0.033209555
-1.0939,-1.6743,2.15,0.1825529,0.034157947
-1.1604,-1.7761,2.15,0.18260704,0.033480648
-1.2306,-1.8836,2.15,0.1827062,0.032881938
-0.80339,-1.8315,2.15,0.18109162,0.033497795
-0.8522,-1.9428,2.15,0.1811312,0.032842692
-0.90381,-2.0605,2.15,0.18124384,0.03228474
-0.49097,-1.9388,2.15,0.17938177,0.03275857
-0.5208,-2.0566,2.15,0.17945297,0.032143597
-0.55234,-2.1812,2.15,0.17964362,0.03165523
-0.16516,-1.9932,2.15,0.1779869,0.032132328
-0.17519,-2.1143,2.15,0.17816354,0.031578057
-0.1858,-2.2423,2.15,0.17851827,0.031185403
0.16516,-1.9932,2.15,0.17728743,0.031710904
0.17519,-2.1143,2.15,0.17760558,0.031205326
0.1858,-2.2423,2.15,0.17815493,0.030889887
0.49097,-1.9388,2.15,0.17734297,0.03149084
0.5208,-2.0566,2.15,0.1777489,0.030977942
0.55234,-2.1812,2.15,0.1784098,0.030665912
0.80339,-1.8315,2.15,0.1779735,0.031442747
0.8522,-1.9428,2.15,0.17836712,0.0308602
0.90381,-2.0605,2.15,0.1789971,0.03046925
1.0939,-1.6743,2.15,0.17882109,0.031510197
1.1604,-1.7761,2.15,0.1791455,0.030835632
1.2306,-1.8836,2.15,0.1796725,0.030336872
1.3546,-1.4714,2.15,0.17933795,0.031558953
1.4369,-1.5609,2.15,0.17957903,0.030803818
1.5239,-1.6554,2.15,0.18001604,0.030217178
1.5783,-1.2284,2.15,0.17903596,0.031451736
1.6742,-1.3031,2.15,0.17916842,0.030632123
1.7756,-1.382,2.15,0.1795257,0.029987019
1.7589,-0.95189,2.15,0.17797258,0.031225719
1.8658,-1.0097,2.15,0.17800198,0.030379936
1.9788,-1.0709,2.15,0.17830247,0.029722504
1.8916,-0.6494,2.15,0.1768606,0.031112917
2.0066,-0.68886,2.15,0.17691433,0.030330755
2.1281,-0.73057,2.15,0.17727184,0.02974952
1.9727,-0.32919,2.15,0.17649922,0.031321928
2.0924,-0.34916,2.15,0.17681195,0.030721843
2.2193,-0.37034,2.15,0.17744006,0.03032611
2.0,0.0,2.3875,0.08435292,0.01400011
1.9727,0.32919,2.3875,0.08428459,0.014192358
2.0928,0.34922,2.3875,0.08535201,0.013828479
2.1215,-4.1784e-07,2.3875,0.08504166,0.013432063
2.2193,0.37034,2.3875,0.08685993,0.013709649
2.25,0.0,2.3875,0.08613525,0.013096571
1.8916,0.6494,2.3875,0.08366031,0.014118403
2.0066,0.68886,2.3875,0.08473569,0.013785042
2.1281,0.73057,2.3875,0.08624305,0.013674274
1.7589,0.95189,2.3875,0.08247046,0.0138254315
1.8658,1.0097,2.3875,0.083179735,0.01336126
1.9788,1.0709,2.3875,0.08424431,0.013066091
1.5783,1.2284,2.3875,0.08152435,0.013654172
1.6742,1.3031,2.3875,0.0817966,0.013038762
1.7756,1.382,2.3875,0.08234131,0.012539923
1.3546,1.4714,2.3875,0.081455424,0.0138602555
1.4369,1.5609,2.3875,0.08143752,0.01317092
1.5239,1.6554,2.3875,0.081647635,0.012567766
1.0939,1.6743,2.3875,0.08226548,0.014430039
1.1604,1.7761,2.3875,0.08207363,0.0137337
1.2306,1.8836,2.3875,0.08208156,0.013107315
0.80339,1.8315,2.3875,0.0836836,0.015201449
0.8522,1.9428,2.3875,0.08333704,0.01451613
0.90381,2.0605,2.3875,0.083134696,0.013879068
0.49097,1.9388,2.3875,0.08549286,0.016007684
0.5208,2.0566,2.3875,0.085011795,0.015329137
0.55234,2.1812,2.3875,0.0845817,0.014666751
0.16516,1.9932,2.3875,0.08743364,0.016695864
0.17519,2.1143,2.3875,0.0869153,0.01603049
0.1858,2.2423,2.3875,0.08635199,0.015347831
-0.16516,1.9932,2.3875,0.089004695,0.017086893
-0.17519,2.1143,2.3875,0.08858366,0.016448364
-0.1858,2.2423,2.3875,0.088069156,0.015773743
-0.49097,1.9388,2.3875,0.08961348,0.017016925
-0.5208,2.0566,2.3875,0.089358,0.016398706
-0.55234,2.1812,2.3875,0.089027405,0.015746184
-0.80339,1.8315,2.3875,0.089045525,0.016459987
-0.8522,1.9428,2.3875,0.08894636,0.015834093
-0.90381,2.0605,2.3875,0.08883028,0.015186965
-1.0939,1.6743,2.3875,0.0877178,0.015578978
-1.1604,1.7761,2.3875,0.087800086,0.014928579
-1.2306,1.8836,2.3875,0.08794425,0.014275394
-1.3546,1.4714,2.3875,0.08637501,0.014628015
-1.4369,1.5609,2.3875,0.08678424,0.013972454
-1.5239,1.6554,2.3875,0.08737165,0.013340794
-1.5783,1.2284,2.3875,0.08549835,0.013802931
-1.6742,1.3031,2.3875,0.08640839,0.013173521
-1.7756,1.382,2.3875,0.08767208,0.012614094
-1.7589,0.95189,2.3875,0.0849891,0.013189137
-1.8658,1.0097,2.3875,0.08635611,0.012568936
-1.9788,1.0709,2.3875,0.08826442,0.0120749995
-1.8916,0.6494,2.3875,0.08460046,0.012878366
-2.0066,0.68886,2.3875,0.08606659,0.0121881515
-2.1281,0.73057,2.3875,0.08815586,0.011653319
-1.9727,0.32919,2.3875,0.08456613,0.013041206
-2.0926,0.34919,2.3875,0.08575383,0.012232244
-2.2193,0.37034,2.3875,0.08749828,0.011563025
-2.0,-2.2044e-16,2.3875,0.08533466,0.013723329
-2.1215,-4.703e-07,2.3875,0.08615215,0.012836307
-2.25,2.4799e-16,2.3875,0.087399095,0.012059778
-1.9727,-0.32919,2.3875,0.08691703,0.014720477
-2.0926,-0.34919,2.3875,0.08747225,0.013820842
-2.2193,-0.37034,2.3875,0.088350005,0.013015956
-1.8916,-0.6494,2.3875,0.088882804,0.01574152
-2.0066,-0.68886,2.3875,0.08928424,0.014865071
-2.1281,-0.73057,2.3875,0.08992627,0.014075026
-1.7589,-0.95189,2.3875,0.090715915,0.016562253
-1.8658,-1.0097,2.3875,0.09101572,0.015716054
-1.9788,-1.0709,2.3875,0.09147808,0.014946774
-1.5783,-1.2284,2.3875,0.0920212,0.017045036
-1.6742,-1.3031,2.3875,0.09225261,0.016224891
-1.7756,-1.382,2.3875,0.09258071,0.015475005
-1.3546,-1.4714,2.3875,0.09254344,0.017128184
-1.4369,-1.5609,2.3875,0.09273907,0.016326487
-1.5239,-1.6554,2.3875,0.09300181,0.015597828
-1.0939,-1.6743,2.3875,0.09215349,0.016823336
-1.1604,-1.7761,2.3875,0.09233017,0.016030945
-1.2306,-1.8836,2.3875,0.09258249,0.015325017
-0.80339,-1.8315,2.3875,0.09090693,0.016218796
-0.8522,-1.9428,2.3875,0.0910632,0.015430756
-0.90381,-2.0605,2.3875,0.091333166,0.01475177
-0.49097,-1.9388,2.3875,0.089128,0.015469193
-0.5208,-2.0566,2.3875,0.08927579,0.014691144
-0.55234,-2.1812,2.3875,0.08959992,0.014056973
-0.16516,-1.9932,2.3875,0.08736123,0.014756784
-0.17519,-2.1143,2.3875,0.08753896,0.0139983
-0.1858,-2.2423,2.3875,0.08797538,0.013426915
0.16516,-1.9932,2.3875,0.086152256,0.014225408
0.17519,-2.1143,2.3875,0.086385205,0.01347585
0.1858,-2.2423,2.3875,0.08695473,0.012950145
0.49097,-1.9388,2.3875,0.08583522,0.013951078
0.5208,-2.0566,2.3875,0.086101875,0.013172463
0.55234,-2.1812,2.3875,0.086740315,0.012630552
0.80339,-1.8315,2.3875,0.08641812,0.013942838
0.8522,-1.9428,2.3875,0.08668889,0.013102822
0.90381,-2.0605,2.3875,0.087308675,0.012485117
1.0939,-1.6743,2.3875,0.08750221,0.014114998
1.1604,-1.7761,2.3875,0.08778317,0.013214566
1.2306,-1.8836,2.3875,0.08836779,0.012513079
1.3546,-1.4714,2.3875,0.08835368,0.014283791
1.4369,-1.5609,2.3875,0.08863882,0.013336964
1.5239,-1.6554,2.3875,0.089204535,0.012572654
1.5783,-1.2284,2.3875,0.08829941,0.014272027
1.6742,-1.3031,2.3875,0.08852425,0.013280429
1.7756,-1.382,2.3875,0.089034796,0.012466237
1.7589,-0.95189,2.3875,0.08722972,0.014063269
1.8658,-1.0097,2.3875,0.08733988,0.013041966
1.9788,-1.0709,2.3875,0.08775811,0.01220189
1.8916,-0.6494,2.3875,0.085737824,0.013836637
2.0066,-0.68886,2.3875,0.085814364,0.012858257
2.1281,-0.73057,2.3875,0.08622487,0.012073591
1.9727,-0.32919,2.3875,0.08466451,0.013806611
2.0924,-0.34916,2.3875,0.08493666,0.012992039
2.2193,-0.37034,2.3875,0.08557239,0.012386523
2.0,0.0,2.625,-0.0025380403,-0.0018742383
1.9727,0.32919,2.625,-0.003234461,-0.0019005835
2.0924,0.34916,2.625,-0.002408281,-0.0024902
2.1213,3.4169e-10,2.625,-0.002062261,-0.0026717335
2.2193,0.37034,2.625,-0.0010561496,-0.0028230995
2.25,0.0,2.625,-0.0011254996,-0.0032385588
1.8916,0.6494,2.625,-0.0040664226,-0.0020625964
2.0064,0.68879,2.625,-0.003196746,-0.0025871396
2.1281,0.73057,2.625,-0.0018125176,-0.0028744638
1.7589,0.95189,2.625,-0.0051145107,-0.0023441613
1.8656,1.0096,2.625,-0.004538372,-0.00294552
1.9788,1.0709,2.625,-0.0035425574,-0.0033699274
1.5783,1.2284,2.625,-0.005850002,-0.002513498
1.674,1.3029,2.625,-0.005642608,-0.003215596
1.7756,1.382,2.625,-0.0051180273,-0.0037996992
1.3546,1.4714,2.625,-0.005828008,-0.0023820475
1.4367,1.5607,2.625,-0.0058821887,-0.003127396
1.5239,1.6554,2.625,-0.005683288,-0.0037895665
1.0939,1.6743,2.625,-0.004994616,-0.0019405186
1.1602,1.7759,2.625,-0.0052173585,-0.0026772022
1.2306,1.8836,2.625,-0.0052372664,-0.0033513606
0.80339,1.8315,2.625,-0.0034554899,-0.0012858957
0.85212,1.9426,2.625,-0.0037964135,-0.001993373
0.90381,2.0605,2.625,-0.0040047616,-0.0026613325
0.49097,1.9388,2.625,-0.0013566166,-0.00054413825
0.52075,2.0564,2.625,-0.0017316788,-0.0012116358
0.55234,2.1812,2.625,-0.0020631105,-0.001867801
0.16516,1.9932,2.625,0.00093726814,0.00012096763
0.17518,2.1141,2.625,0.0006620139,-0.0004922822
0.1858,2.2423,2.625,0.00035583973,-0.0011185482
-0.16516,1.9932,2.625,0.0027464181,0.00049770623
-0.17518,2.1141,2.625,0.0026703328,-6.0878694e-05
-0.1858,2.2423,2.625,0.002535373,-0.00064337254
-0.49097,1.9388,2.625,0.0033863038,0.00041356683
-0.52075,2.0564,2.625,0.0034961104,-0.000121347606
-0.55234,2.1812,2.625,0.003565684,-0.0006787032
-0.80339,1.8315,2.625,0.0026673526,-0.00013957173
-0.85212,1.9426,2.625,0.0028906912,-0.00069441646
-0.90381,2.0605,2.625,0.0031185895,-0.0012637824
-1.0939,1.6743,2.625,0.0010402054,-0.0009913221
-1.1602,1.7759,2.625,0.0013781637,-0.0015852153
-1.2306,1.8836,2.625,0.001789704,-0.0021803975
-1.3546,1.4714,2.625,-0.00075148046,-0.0019056126
-1.4367,1.5607,2.625,-0.00016908348,-0.0025225654
-1.5239,1.6554,2.625,0.0006082505,-0.0031144917
-1.5783,1.2284,2.625,-0.0021758229,-0.002703622
-1.674,1.3029,2.625,-0.0011970252,-0.0033240914
-1.7756,1.382,2.625,0.00016535819,-0.0038732737
-1.7589,0.95189,2.625,-0.0031448752,-0.003280893
-1.8656,1.0096,2.625,-0.0018230528,-0.003934577
-1.9788,1.0709,2.625,7.395446e-05,-0.0044667274
-1.8916,0.6494,2.625,-0.0036662072,-0.0035014302
-2.0064,0.68879,2.625,-0.0023217052,-0.0042596683
-2.1281,0.73057,2.625,-0.00033535063,-0.004880011
-1.9727,0.32919,2.625,-0.0034449399,-0.0031943917
-2.0924,0.34916,2.625,-0.002376616,-0.004077807
-2.2193,0.37034,2.625,-0.00075280666,-0.0048476905
-2.0,-2.4493e-16,2.625,-0.002205819,-0.0023683906
-2.1213,-5.7465e-08,2.625,-0.001456514,-0.0033194497
-2.25,2.7555e-16,2.625,-0.00028768182,-0.004186675
-1.9727,-0.32919,2.625,-0.0001244396,-0.0012616515
-2.0924,-0.34916,2.625,0.0004117489,-0.002217628
-2.2193,-0.37034,2.625,0.0012590885,-0.0031027421
-1.8916,-0.6494,2.625,0.0023065358,-0.00015994906
-2.0064,-0.68879,2.625,0.0027226657,-0.00109265
-2.1281,-0.73057,2.625,0.003371045,-0.001959093
-1.7589,-0.95189,2.625,0.0045920163,0.0007309392
-1.8656,-1.0096,2.625,0.00493294,-0.00017720461
-1.9788,-1.0709,2.625,0.0054397136,-0.001023002
-1.5783,-1.2284,2.625,0.006371826,0.0012953728
-1.674,-1.3029,2.625,0.006666109,0.0004022643
-1.7756,-1.382,2.625,0.007076055,-0.000429146
-1.3546,-1.4714,2.625,0.00740014,0.0014897883
-1.4367,-1.5607,2.625,0.0076733977,0.0006005764
-1.5239,-1.6554,2.625,0.008044198,-0.0002193749
-1.0939,-1.6743,2.625,0.007499978,0.001321286
-1.1602,-1.7759,2.625,0.007756993,0.0004247129
-1.2306,-1.8836,2.625,0.008128196,-0.0003857836
-0.80339,-1.8315,2.625,0.0066138953,0.00084249675
-0.85212,-1.9426,2.625,0.0068275183,-7.343292e-05
-0.90381,-2.0605,2.625,0.007200271,-0.00087789446
-0.49097,-1.9388,2.625,0.004940659,0.00016121566
-0.52075,-2.0564,2.625,0.0050758123,-0.0007827431
-0.55234,-2.1812,2.625,0.0054409355,-0.0015789345
-0.16516,-1.9932,2.625,0.0029916316,-0.0005588606
-0.17518,-2.1141,2.625,0.0030386597,-0.0015352368
-0.1858,-2.2423,2.625,0.0034054667,-0.002320096
0.16516,-1.9932,2.625,0.0014453083,-0.0011406392
0.17518,-2.1141,2.625,0.0014200062,-0.0021576136
0.1858,-2.2423,2.625,0.0017958134,-0.0029480606
0.49097,-1.9388,2.625,0.0008620173,-0.0014512986
0.52075,-2.0564,2.625,0.00080293417,-0.0025188774
0.55234,-2.1812,2.625,0.0011767298,-0.0033521876
0.80339,-1.8315,2.625,0.0013772249,-0.0014597327
0.85212,-1.9426,2.625,0.0013596267,-0.002570048
0.90381,-2.0605,2.625,0.0017505437,-0.0034646615
1.0939,-1.6743,2.625,0.0025324374,-0.0012706965
1.1602,-1.7759,2.625,0.0026316792,-0.002398841
1.2306,-1.8836,2.625,0.0030986667,-0.003336534
1.3546,-1.4714,2.625,0.0034717172,-0.0010794476
1.4367,-1.5607,2.625,0.0036807358,-0.0022129416
1.5239,-1.6554,2.625,0.0042316765,-0.0031748265
1.5783,-1.2284,2.625,0.0034407526,-0.0010627955
1.674,-1.3029,2.625,0.0036516339,-0.0022145435
1.7756,-1.382,2.625,0.0041947514,-0.003206201
1.7589,-0.95189,2.625,0.00224109,-0.0012680516
1.8656,-1.0096,2.625,0.0023427159,-0.0024453998
1.9788,-1.0709,2.625,0.0027767569,-0.0034667253
1.8916,-0.6494,2.625,0.00035227835,-0.0015771464
2.0064,-0.68878,2.625,0.0003696531,-0.0027310848
2.1281,-0.73057,2.625,0.0007342547,-0.003719531
1.9727,-0.32919,2.625,-0.0014104545,-0.0018043667
2.0924,-0.34915,2.625,-0.0012782067,-0.0028268546
2.2193,-0.37034,2.625,-0.0007574111,-0.003657028
2.0,0.0,-2.25,1.9708136,0.9648982
1.9727,0.32919,-2.25,1.9699106,0.9644204
2.096,0.34976,-2.25,1.957542,0.95303494
2.125,1.0847e-16,-2.25,1.9591115,0.95410544
2.0,0.0,-2.375,1.9914818,0.99315745
1.9727,0.32919,-2.375,1.9901342,0.9924064
2.096,0.34976,-2.375,1.982111,0.98453176
2.125,0.0,-2.375,1.9837713,0.9855612
2.2193,0.37034,-2.25,1.943603,0.94049466
2.25,0.0,-2.25,1.9462034,0.942478
2.2193,0.37034,-2.375,1.9723899,0.9753381
2.25,0.0,-2.375,1.9746311,0.97689426
1.8916,0.6494,-2.25,1.9690485,0.96466976
2.0099,0.68999,-2.25,1.9567978,0.9534212
1.8916,0.6494,-2.375,1.9884276,0.9919724
2.0099,0.68999,-2.375,1.9805994,0.9843271
2.1281,0.73057,-2.25,1.9428607,0.9408896
2.1281,0.73057,-2.375,1.9710565,0.97531825
1.7589,0.95189,-2.25,1.9691112,0.96616334
1.8689,1.0114,-2.25,1.9582239,0.956152
1.7589,0.95189,-2.375,1.9869864,0.9921358
1.8689,1.0114,-2.375,1.9800698,0.98538715
1.9788,1.0709,-2.25,1.9460444,0.94513685
1.9788,1.0709,-2.375,1.9718349,0.977573
1.5783,1.2284,-2.25,1.9688686,0.9675377
1.6769,1.3052,-2.25,1.9595053,0.9589508
1.5783,1.2284,-2.375,1.9853363,0.99214715
1.6769,1.3052,-2.375,1.9792881,0.9862934
1.7756,1.382,-2.25,1.9494281,0.9498057
1.7756,1.382,-2.375,1.9724047,0.97975975
1.3546,1.4714,-2.25,1.9673059,0.96756023
1.4392,1.5634,-2.25,1.9585118,0.95960397
1.3546,1.4714,-2.375,1.9832649,0.99146533
1.4392,1.5634,-2.375,1.9774005,0.98590726
1.5239,1.6554,-2.25,1.9493401,0.95136315
1.5239,1.6554,-2.375,1.9709494,0.9798779
1.0939,1.6743,-2.25,1.964902,0.96634287
1.1623,1.779,-2.25,1.9556237,0.9580737
1.0939,1.6743,-2.375,1.981344,0.9903425
1.1623,1.779,-2.375,1.975005,0.98444587
1.2306,1.8836,-2.25,1.945994,0.9495496
1.2306,1.8836,-2.375,1.9680635,0.97807145
0.80339,1.8315,-2.25,1.9630921,0.9650289
0.8536,1.946,-2.25,1.952802,0.955913
0.80339,1.8315,-2.375,1.9805341,0.9895888
0.8536,1.946,-2.375,1.973462,0.983041
0.90381,2.0605,-2.25,1.9419587,0.9463807
0.90381,2.0605,-2.375,1.9655737,0.9758392
0.49097,1.9388,-2.25,1.9633857,0.9650599
0.52166,2.06,-2.25,1.9522561,0.955162
0.49097,1.9388,-2.375,1.9816566,0.9901121
0.52166,2.06,-2.375,1.9740987,0.9830491
0.55234,2.1812,-2.25,1.9403138,0.94463295
0.55234,2.1812,-2.375,1.9654597,0.975108
0.16516,1.9932,-2.25,1.9664748,0.96735436
0.17548,2.1177,-2.25,1.9553151,0.95731574
0.16516,1.9932,-2.375,1.9848099,0.99235046
0.17548,2.1177,-2.375,1.9774431,0.9853215
0.1858,2.2423,-2.25,1.9431474,0.94647413
0.1858,2.2423,-2.375,1.9688115,0.9772494
-0.16516,1.9932,-2.25,1.9714352,0.9715169
-0.17548,2.1177,-2.25,1.9611294,0.9621176
-0.16516,1.9932,-2.375,1.9889407,0.9957818
-0.17548,2.1177,-2.375,1.9823982,0.9893777
-0.1858,2.2423,-2.25,1.9498025,0.9518865
-0.1858,2.2423,-2.375,1.9745953,0.9819189
-0.49097,1.9388,-2.25,1.9760978,0.97591853
-0.52166,2.06,-2.25,1.9669192,0.96750444
-0.49097,1.9388,-2.375,1.9923573,0.9991376
-0.52166,2.06,-2.375,1.986727,0.99355763
-0.55234,2.1812,-2.25,1.9568335,0.9583434
-0.55234,2.1812,-2.375,1.9799588,0.98702
-0.80339,1.8315,-2.25,1.9786541,0.9788187
-0.8536,1.946,-2.25,1.9701321,0.9710991
-0.80339,1.8315,-2.375,1.9939623,1.0012548
-0.8536,1.946,-2.375,1.9887903,0.9962163
-0.90381,2.0605,-2.25,1.9607764,0.9627002
-0.90381,2.0605,-2.375,1.9825599,0.9902975
-1.0939,1.6743,-2.25,1.9786705,0.97928977
-1.1623,1.779,-2.25,1.9699799,0.97155786
-1.0939,1.6743,-2.375,1.993784,1.0016172
-1.1623,1.779,-2.375,1.9884388,0.9965708
-1.2306,1.8836,-2.25,1.9604118,0.96312255
-1.2306,1.8836,-2.375,1.9820033,0.9906314
-1.3546,1.4714,-2.25,1.976719,0.97726643
-1.4392,1.5634,-2.25,1.9670722,0.96872985
-1.3546,1.4714,-2.375,1.9924846,1.0002626
-1.4392,1.5634,-2.375,1.9864323,0.99462944
-1.5239,1.6554,-2.25,1.9563012,0.9592907
-1.5239,1.6554,-2.375,1.9790896,0.98793876
-1.5783,1.2284,-2.25,1.9737699,0.9733761
-1.6769,1.3052,-2.25,1.9626379,0.96343255
-1.5783,1.2284,-2.375,1.990801,0.997601
-1.6769,1.3052,-2.375,1.9836979,0.99092895
-1.7756,1.382,-2.25,1.95,0.95227534
-1.7756,1.382,-2.375,1.9749756,0.98292196
-1.7589,0.95189,-2.25,1.9710548,0.9689569
-1.8689,1.0114,-2.25,1.9585714,0.9576375
-1.7589,0.95189,-2.375,1.9894062,0.99443793
-1.8689,1.0114,-2.375,1.9813154,0.98668486
-1.9788,1.0709,-2.25,1.9442803,0.94487363
-1.9788,1.0709,-2.375,1.9713132,0.9773602
-1.8916,0.6494,-2.25,1.9695679,0.9654831
-2.0099,0.68999,-2.25,1.9566602,0.9536018
-1.8916,0.6494,-2.375,1.9887156,0.99171174
-2.0099,0.68999,-2.375,1.98022,0.9833965
-2.1281,0.73057,-2.25,1.9419715,0.9403246
-2.1281,0.73057,-2.375,1.9697946,0.9735136
-1.9727,0.32919,-2.25,1.9690186,0.96334547
-2.096,0.34976,-2.25,1.9566238,0.95180297
-1.9727,0.32919,-2.375,1.9884012,0.9897745
-2.096,0.34976,-2.375,1.9801136,0.98153156
-2.2193,0.37034,-2.25,1.9428315,0.9392007
-2.2193,0.37034,-2.375,1.9701998,0.9719964
-2.0,2.4493e-16,-2.25,1.9679372,0.9616669
-2.125,6.0282e-17,-2.25,1.9561225,0.9506565
-2.0,2.4493e-16,-2.375,1.9875021,0.9881958
-2.125,-1.5308e-17,-2.375,1.9794493,0.9801864
-2.25,-2.7555e-16,-2.25,1.9433838,0.93898934
-2.25,-2.7555e-16,-2.375,1.9701524,0.9712236
-1.9727,-0.32919,-2.25,1.9656905,0.9599299
-2.096,-0.34976,-2.25,1.9539361,0.9491264
-1.9727,-0.32919,-2.375,1.9856877,0.98674035
-2.096,-0.34976,-2.375,1.9775183,0.97877663
-2.2193,-0.37034,-2.25,1.9415376,0.9379082
-2.2193,-0.37034,-2.375,1.9683216,0.9700565
-1.8916,-0.6494,-2.25,1.9638213,0.95917135
-2.0099,-0.68999,-2.25,1.9521466,0.9486248
-1.8916,-0.6494,-2.375,1.9840701,0.9861278
-2.0099,-0.68999,-2.375,1.975886,0.9783294
-2.1281,-0.73057,-2.25,1.9399474,0.9377709
-2.1281,-0.73057,-2.375,1.9667823,0.9698774
-1.7589,-0.95189,-2.25,1.9643123,0.96070135
-1.8689,-1.0114,-2.25,1.953672,0.9511569
-1.7589,-0.95189,-2.375,1.9840027,0.98718745
-1.8689,-1.0114,-2.375,1.976602,0.9801826
-1.9788,-1.0709,-2.25,1.942652,0.9414225
-1.9788,-1.0709,-2.375,1.9684685,0.9726822
-1.5783,-1.2284,-2.25,1.966694,0.96387655
-1.6769,-1.3052,-2.25,1.9578347,0.9558782
-1.5783,-1.2284,-2.375,1.9852027,0.9894468
-1.6769,-1.3052,-2.375,1.9791629,0.98364896
-1.7756,-1.382,-2.25,1.9488014,0.9478511
-1.7756,-1.382,-2.375,1.9726491,0.97756636
-1.3546,-1.4714,-2.25,1.9686942,0.9666656
-1.4392,-1.5634,-2.25,1.9612954,0.95987606
-1.3546,-1.4714,-2.375,1.9862744,0.9915977
-1.4392,-1.5634,-2.375,1.981356,0.98673576
-1.5239,-1.6554,-2.25,1.9538733,0.9531781
-1.5239,-1.6554,-2.375,1.9761446,0.98173636
-1.0939,-1.6743,-2.25,1.9689305,0.9678125
-1.1623,-1.779,-2.25,1.9621207,0.9614226
-1.0939,-1.6743,-2.375,1.9864416,0.9928903
-1.1623,-1.779,-2.375,1.9820333,0.98837215
-1.2306,-1.8836,-2.25,1.9553119,0.9551372
-1.2306,-1.8836,-2.375,1.9773748,0.98374194
-0.80339,-1.8315,-2.25,1.967643,0.9674595
-0.8536,-1.946,-2.25,1.9607197,0.9607883
-0.80339,-1.8315,-2.375,1.9859066,0.9934332
-0.8536,-1.946,-2.375,1.9815482,0.9887903
-0.90381,-2.0605,-2.25,1.9537021,0.9541126
-0.90381,-2.0605,-2.375,1.9768708,0.98394465
-0.49097,-1.9388,-2.25,1.9658158,0.96647406
-0.52166,-2.06,-2.25,1.9585197,0.959243
-0.49097,-1.9388,-2.375,1.9852104,0.9936838
-0.52166,-2.06,-2.375,1.9807409,0.9887353
-0.55234,-2.1812,-2.25,1.9510036,0.9518492
-0.55234,-2.1812,-2.375,1.9758601,0.9834508
-0.16516,-1.9932,-2.25,1.9643068,0.9657038
-0.17548,-2.1177,-2.25,1.9568417,0.9581282
-0.16516,-1.9932,-2.375,1.9846895,0.99396443
-0.17548,-2.1177,-2.375,1.9802032,0.9888363
-0.1858,-2.2423,-2.25,1.9491017,0.9502836
-0.1858,-2.2423,-2.375,1.9752753,0.9832862
0.16516,-1.9932,-2.25,1.9632871,0.965367
0.17548,-2.1177,-2.25,1.9560276,0.9579219
0.16516,-1.9932,-2.375,1.9842637,0.9941848
0.17548,-2.1177,-2.375,1.9798907,0.9891228
0.1858,-2.2423,-2.25,1.9486344,0.9502978
0.1858,-2.2423,-2.375,1.9751903,0.9837095
0.49097,-1.9388,-2.25,1.9622319,0.9649009
0.52166,-2.06,-2.25,1.9552792,0.95785165
0.49097,-1.9388,-2.375,1.9835886,0.9939084
0.52166,-2.06,-2.375,1.9792594,0.9889953
0.55234,-2.1812,-2.25,1.9484893,0.9508952
0.55234,-2.1812,-2.375,1.9748173,0.9839358
0.80339,-1.8315,-2.25,1.9605182,0.9635398
0.8536,-1.946,-2.25,1.9534957,0.956659
0.80339,-1.8315,-2.375,1.9824212,0.992763
0.8536,-1.946,-2.375,1.9778028,0.9877822
0.90381,-2.0605,-2.25,1.9469175,0.9501556
0.90381,-2.0605,-2.375,1.9732617,0.98286366
1.0939,-1.6743,-2.25,1.9580755,0.9610713
1.1623,-1.779,-2.25,1.9502428,0.9537287
1.0939,-1.6743,-2.375,1.9809088,0.99082345
1.1623,-1.779,-2.375,1.9754858,0.9853305
1.2306,-1.8836,-2.25,1.9430052,0.94693834
1.2306,-1.8836,-2.375,1.970217,0.980013
1.3546,-1.4714,-2.25,1.9557374,0.958209
1.4392,-1.5634,-2.25,1.9462984,0.9496916
1.3546,-1.4714,-2.375,1.979743,0.9887542
1.4392,-1.5634,-2.375,1.9730084,0.982284
1.5239,-1.6554,-2.25,1.9373341,0.94167066
1.5239,-1.6554,-2.375,1.9662697,0.9758994
1.5783,-1.2284,-2.25,1.9552975,0.9565593
1.6769,-1.3052,-2.25,1.9439297,0.94652945
1.5783,-1.2284,-2.375,1.9801373,0.98771876
1.6769,-1.3052,-2.375,1.9719701,0.9801152
1.7756,-1.382,-2.25,1.9326105,0.9366936
1.7756,-1.382,-2.375,1.9633756,0.9722881
1.7589,-0.95189,-2.25,1.9584713,0.95770013
1.8689,-1.0114,-2.25,1.9459918,0.9467213
1.7589,-0.95189,-2.375,1.9830439,0.9886901
1.8689,-1.0114,-2.375,1.9741836,0.98048526
1.9788,-1.0709,-2.25,1.9330212,0.93553215
1.9788,-1.0709,-2.375,1.9644067,0.97168326
1.8916,-0.6494,-2.25,1.9643553,0.961121
2.0099,-0.68999,-2.25,1.9521843,0.95024955
1.8916,-0.6494,-2.375,1.9875052,0.9910906
2.0099,-0.68999,-2.375,1.9790791,0.9831359
2.1281,-0.73057,-2.25,1.9391944,0.9389009
2.1281,-0.73057,-2.375,1.969488,0.9743768
1.9727,-0.32919,-2.25,1.9692888,0.9641102
2.096,-0.34976,-2.25,1.9577692,0.9535963
1.9727,-0.32919,-2.375,1.9908518,0.99295396
2.096,-0.34976,-2.375,1.9831007,0.9854217
2.2193,-0.37034,-2.25,1.9452863,0.9424663
2.2193,-0.37034,-2.375,1.9741029,0.976995
1.8083,-0.30176,-2.25,1.9824133,0.97650903
1.8333,1.1857e-16,-2.25,1.9838197,0.9773331
1.8083,-0.30176,-2.375,1.9988056,1.001191
1.8333,-4.3825e-18,-2.375,1.9991605,1.0012548
1.734,-0.59528,-2.25,1.9784982,0.97415835
1.734,-0.59528,-2.375,1.9964039,0.999964
1.6124,-0.87257,-2.25,1.9734372,0.97123
1.6124,-0.87257,-2.375,1.9927875,0.9981267
1.4468,-1.1261,-2.25,1.9696394,0.9694886
1.4468,-1.1261,-2.375,1.9896512,0.9968955
1.2417,-1.3488,-2.25,1.9682968,0.9696987
1.2417,-1.3488,-2.375,1.9880531,0.9969427
1.0027,-1.5348,-2.25,1.9688182,0.9711845
1.0027,-1.5348,-2.375,1.987824,0.99793124
0.73644,-1.6789,-2.25,1.9700918,0.97288156
0.73644,-1.6789,-2.375,1.9882855,0.999129
1.6439,-0.27432,-2.25,1.9923147,0.9864231
1.6667,1.1297e-16,-2.25,1.9932986,0.9869825
1.6439,-0.27432,-2.375,2.0037737,1.0070795
1.6667,-8.7649e-18,-2.375,2.0037262,1.0068518
1.5764,-0.54117,-2.25,1.989493,0.98482054
1.5764,-0.54117,-2.375,2.0022764,1.0064955
1.4658,-0.79325,-2.25,1.985543,0.9826459
1.4658,-0.79325,-2.375,1.9996327,1.0053421
1.3152,-1.0237,-2.25,1.9819162,0.9809295
1.3152,-1.0237,-2.375,1.9968343,1.004293
1.1288,-1.2262,-2.25,1.9796879,0.980367
1.1288,-1.2262,-2.375,1.9947587,1.0038908
0.91158,-1.3953,-2.25,1.978935,0.9808354
0.91158,-1.3953,-2.375,1.9936428,1.0041423
0.66949,-1.5263,-2.25,1.979139,0.9817502
0.66949,-1.5263,-2.375,1.9932435,1.0046736
1.4795,-0.24689,-2.25,1.998715,0.9935315
1.5,1.0737e-16,-2.25,1.9991727,0.9936983
1.4795,-0.24689,-2.375,2.0058482,1.0106305
1.5,-1.3147e-17,-2.375,2.0054257,1.0100981
1.4187,-0.48705,-2.25,1.996921,0.9926672
1.4187,-0.48705,-2.375,2.0051134,1.010604
1.3192,-0.71392,-2.25,1.994125,0.99130297
1.3192,-0.71392,-2.375,2.0033836,1.0100943
1.1837,-0.92132,-2.25,1.9911444,0.9899861
1.1837,-0.92132,-2.375,2.0012023,1.0094354
1.0159,-1.1036,-2.25,1.9887784,0.98921555
1.0159,-1.1036,-2.375,1.9991884,1.0089822
0.82042,-1.2557,-2.25,1.987363,0.9890973
0.82042,-1.2557,-2.375,1.9976933,1.0088522
0.60254,-1.3737,-2.25,1.9867786,0.98937815
0.60254,-1.3737,-2.375,1.9967425,1.0089024
1.3151,-0.21946,-2.25,2.0018456,0.9979478
1.3333,1.0177e-16,-2.25,2.0018394,0.9977418
1.3151,-0.21946,-2.375,2.0054743,1.0121545
1.3333,-1.753e-17,-2.375,2.0047991,1.0113965
1.2611,-0.43293,-2.25,2.000886,0.99769074
1.2611,-0.43293,-2.375,2.0052934,1.0125301
1.1726,-0.6346,-2.25,1.9991055,0.9970389
1.1726,-0.6346,-2.375,2.0043023,1.0125239
1.0522,-0.81895,-2.25,1.9969336,0.9962456
1.0522,-0.81895,-2.375,2.0027826,1.0122743
0.90304,-0.98097,-2.25,1.9948897,0.9956085
0.90304,-0.98097,-2.375,2.0011222,1.0119733
0.72926,-1.1162,-2.25,1.9933242,0.9952684
0.72926,-1.1162,-2.375,1.9996345,1.0117309
0.53559,-1.221,-2.25,1.9923332,0.9951664
0.53559,-1.221,-2.375,1.9984692,1.011526
1.1508,-0.19203,-2.25,2.0023236,1.0001185
1.1667,9.6171e-17,-2.25,2.0020113,0.99965477
1.1508,-0.19203,-2.375,2.0033054,1.0121379
1.1667,-2.1912e-17,-2.375,2.002531,1.0112756
1.1035,-0.37882,-2.25,2.0019515,1.0002818
1.1035,-0.37882,-2.375,2.0034606,1.0127431
1.0261,-0.55527,-2.25,2.0009444,1.0001478
1.0261,-0.55527,-2.375,2.002992,1.0130581
0.92066,-0.71658,-2.25,1.9995189,0.9998185
0.92066,-0.71658,-2.375,2.0020342,1.0131227
0.79016,-0.85834,-2.25,1.997979,0.9994392
0.79016,-0.85834,-2.375,2.0008142,1.01302
0.63811,-0.97669,-2.25,1.9965961,0.9991129
0.63811,-0.97669,-2.375,1.9995611,1.0128187
0.46864,-1.0684,-2.25,1.9955293,0.99885565
0.46864,-1.0684,-2.375,1.9984422,1.0125382
0.98636,-0.16459,-2.25,2.0009456,1.0006509
1.0,9.0571e-17,-2.25,2.0004988,1.0000695
0.98636,-0.16459,-2.375,2.0000377,1.0111064
1.0,-2.6295e-17,-2.375,1.9992963,1.0102549
0.94582,-0.3247,-2.25,2.0009227,1.0010409
0.94582,-0.3247,-2.375,2.000348,1.0117873
0.87947,-0.47595,-2.25,2.0004363,1.0012169
0.87947,-0.47595,-2.375,2.0002022,1.0122542
0.78914,-0.61421,-2.25,1.9995881,1.0012053
0.78914,-0.61421,-2.375,1.9996598,1.0125024
0.67728,-0.73572,-2.25,1.9985465,1.0010644
0.67728,-0.73572,-2.375,1.9988451,1.0125558
0.54695,-0.83717,-2.25,1.9974911,1.0008501
0.54695,-0.83717,-2.375,1.9979079,1.0124463
0.4017,-0.91577,-2.25,1.9965658,1.0005913
0.4017,-0.91577,-2.375,1.9969864,1.0121962
0.58521,-0.63289,-2.25,1.9976734,1.001171
0.68838,-0.53587,-2.25,1.9984825,1.0012033
0.58521,-0.63289,-2.375,1.9964583,1.0114076
0.68838,-0.53587,-2.375,1.997206,1.0113858
0.46974,-0.71653,-2.25,1.9968586,1.0010467
0.46974,-0.71653,-2.375,1.995686,1.0113193
0.34431,-0.78495,-2.25,1.9961277,1.0008427
0.34431,-0.78495,-2.375,1.9949759,1.0111312
0.49315,-0.53006,-2.25,1.9960656,1.000542
0.58761,-0.45753,-2.25,1.996791,1.000603
0.49315,-0.53006,-2.375,1.9937701,1.009873
0.58761,-0.45753,-2.375,1.9945306,1.009963
0.39252,-0.5959,-2.25,1.995418,1.0004419
0.39252,-0.5959,-2.375,1.9931158,1.0097647
0.28693,-0.65412,-2.25,1.9948967,1.0003084
0.28693,-0.65412,-2.375,1.9926147,1.0096432
0.40108,-0.42722,-2.25,1.9941293,0.9995006
0.48685,-0.37919,-2.25,1.9948397,0.999657
0.40108,-0.42722,-2.375,1.9910846,1.0081908
0.48685,-0.37919,-2.375,1.9918771,1.0084184
0.31531,-0.47526,-2.25,1.9935999,0.9993854
0.31531,-0.47526,-2.375,1.9905217,1.0080433
0.22954,-0.5233,-2.25,1.9932668,0.9993152
0.22954,-0.5233,-2.375,1.990202,1.0079786
0.17216,-0.39247,-2.25,1.991569,0.9981378
0.27815,-0.35645,-2.25,1.9921468,0.9983707
0.17216,-0.39247,-2.375,1.9879792,1.0063365
0.27815,-0.35645,-2.375,1.9886198,1.0066328
0.11477,-0.26165,-2.25,1.9900556,0.9969865
0.24099,-0.23763,-2.25,1.9908097,0.9973631
0.11477,-0.26165,-2.375,1.9861252,1.0048654
0.24099,-0.23763,-2.375,1.9869772,1.0053418
0.057385,-0.13082,-2.25,1.9889023,0.99601024
0.20383,-0.11882,-2.25,1.9897115,0.99646443
0.057385,-0.13082,-2.375,1.9847625,1.0036696
0.20383,-0.11882,-2.375,1.9856801,1.0042411
-1.344e-16,5.6972e-17,-2.25,1.9882228,0.9953073
0.16667,6.2572e-17,-2.25,1.9889368,0.99574643
3.506e-17,-5.259e-17,-2.375,1.9839686,1.0028175
0.16667,-4.8207e-17,-2.375,1.9847872,1.0033805
0.38414,-0.32042,-2.25,1.9930222,0.99868876
0.38414,-0.32042,-2.375,1.9896114,1.007057
0.36721,-0.21361,-2.25,1.9919931,0.9978797
0.36721,-0.21361,-2.375,1.9883219,1.0060086
0.35027,-0.10681,-2.25,1.9911175,0.99713683
0.35027,-0.10681,-2.375,1.9872696,1.0050901
0.33333,6.8172e-17,-2.25,1.9904511,0.9965064
0.33333,-4.3825e-17,-2.375,1.9864933,1.0043337
0.49014,-0.28439,-2.25,1.994157,0.9990732
0.49014,-0.28439,-2.375,1.9909234,1.0075964
0.49342,-0.18959,-2.25,1.9935372,0.99849844
0.49342,-0.18959,-2.375,1.9901073,1.0068411
0.49671,-0.094797,-2.25,1.9930207,0.997967
0.49671,-0.094797,-2.375,1.9894571,1.0061767
0.5,7.3771e-17,-2.25,1.9926361,0.9975042
0.5,-3.9442e-17,-2.375,1.9889933,1.0056217
0.66667,7.9371e-17,-2.25,1.9952769,0.9985979
0.65993,-0.11806,-2.25,1.9957339,0.9991538
0.66667,-3.506e-17,-2.375,1.9921327,1.0071503
0.65993,-0.11806,-2.375,1.9927146,1.0078397
0.83333,8.4971e-17,-2.25,1.9980505,0.9995637
0.82314,-0.14133,-2.25,1.9985381,1.0001673
0.83333,-3.0677e-17,-2.375,1.9956783,1.0087706
0.82314,-0.14133,-2.375,1.9963604,1.0095654
0.64422,-0.23463,-2.25,1.9961668,0.99970144
0.64422,-0.23463,-2.375,1.9933358,1.0085648
0.79502,-0.27966,-2.25,1.9987879,1.000667
0.79502,-0.27966,-2.375,1.9968661,1.0102967
0.61992,-0.34824,-2.25,1.996531,1.0001978
0.61992,-0.34824,-2.375,1.9939535,1.0092857
0.74969,-0.41209,-2.25,1.9987648,1.0010189
0.74969,-0.41209,-2.375,1.9971503,1.0109144
0.45006,-1.7772,-2.25,1.9713705,0.97410613
0.45006,-1.7772,-2.375,1.9888829,0.99995834
0.1514,-1.8271,-2.25,1.9724437,0.9747394
0.1514,-1.8271,-2.375,1.9893694,1.0001935
-0.1514,-1.8271,-2.25,1.9735103,0.97509915
-0.1514,-1.8271,-2.375,1.9897811,0.9999582
-0.45006,-1.7772,-2.25,1.9748175,0.97551924
-0.45006,-1.7772,-2.375,1.9902723,0.9995182
-0.73644,-1.6789,-2.25,1.9763048,0.9759781
-0.73644,-1.6789,-2.375,1.9909108,0.99902636
-1.0027,-1.5348,-2.25,1.9775451,0.9760987
-1.0027,-1.5348,-2.375,1.9915617,0.99842036
-1.2417,-1.3488,-2.25,1.9780054,0.97543865
-1.2417,-1.3488,-2.375,1.9919609,0.99752235
0.40914,-1.6157,-2.25,1.9797645,0.98257154
0.40914,-1.6157,-2.375,1.9932206,1.0050697
0.13763,-1.661,-2.25,1.9805381,0.9830697
0.13763,-1.661,-2.375,1.9933639,1.0051004
-0.13763,-1.661,-2.25,1.9814346,0.98330736
-0.13763,-1.661,-2.375,1.9936231,1.0047668
-0.40914,-1.6157,-2.25,1.9825258,0.9834595
-0.40914,-1.6157,-2.375,1.9940429,1.0042216
-0.66949,-1.5263,-2.25,1.9837894,0.9835935
-0.66949,-1.5263,-2.375,1.9946556,1.003619
-0.91158,-1.3953,-2.25,1.9850259,0.9835934
-0.91158,-1.3953,-2.375,1.995404,1.0030138
-1.1288,-1.2262,-2.25,1.9859817,0.98329645
-1.1288,-1.2262,-2.375,1.9961665,1.0023886
0.36823,-1.4541,-2.25,1.9867636,0.9897341
0.36823,-1.4541,-2.375,1.9962183,1.008904
0.12387,-1.4949,-2.25,1.987098,0.9899442
0.12387,-1.4949,-2.375,1.9960034,1.0086879
-0.12387,-1.4949,-2.25,1.9876971,0.98998004
-0.12387,-1.4949,-2.375,1.9960482,1.008228
-0.36823,-1.4541,-2.25,1.9885463,0.9899235
-0.36823,-1.4541,-2.375,1.9963489,1.0076113
-0.60254,-1.3737,-2.25,1.9896125,0.9898512
-0.60254,-1.3737,-2.375,1.9968992,1.0069603
-0.82042,-1.2557,-2.25,1.9908035,0.98977846
-0.82042,-1.2557,-2.375,1.9976587,1.0063677
-1.0159,-1.1036,-2.25,1.9919808,0.9896691
-1.0159,-1.1036,-2.375,1.9985456,1.005873
0.32731,-1.2925,-2.25,1.991854,0.99514425
0.32731,-1.2925,-2.375,1.9976548,1.0112619
0.11011,-1.3288,-2.25,1.9917865,0.99506783
0.11011,-1.3288,-2.375,1.9971758,1.0108553
-0.11011,-1.3288,-2.25,1.9920648,0.99489915
-0.11011,-1.3288,-2.375,1.9970173,1.0102931
-0.32731,-1.2925,-2.25,1.9926499,0.9946771
-0.32731,-1.2925,-2.375,1.9971653,1.0096313
-0.53559,-1.221,-2.25,1.9934973,0.99446493
-0.53559,-1.221,-2.375,1.997593,1.0089594
-0.72926,-1.1162,-2.25,1.9945376,0.994309
-0.72926,-1.1162,-2.375,1.9982488,1.0083594
-0.90304,-0.98097,-2.25,1.995677,0.99422807
-0.90304,-0.98097,-2.375,1.9990563,1.0078847
0.2864,-1.131,-2.25,1.9948328,0.9986191
0.2864,-1.131,-2.375,1.9975561,1.0121591
0.096343,-1.1627,-2.25,1.9945035,0.998351
0.096343,-1.1627,-2.375,1.9969516,1.0116613
-0.096343,-1.1627,-2.25,1.9945178,0.99803346
-0.096343,-1.1627,-2.375,1.9966486,1.0110533
-0.2864,-1.131,-2.25,1.9948452,0.9976925
-0.2864,-1.131,-2.375,1.9966421,1.0103792
-0.46864,-1.0684,-2.25,1.9954414,0.9973772
-0.46864,-1.0684,-2.375,1.9969004,1.0097035
-0.63811,-0.97669,-2.25,1.9962401,0.99712926
-0.63811,-0.97669,-2.375,1.9973681,1.0090885
-0.79016,-0.85834,-2.25,1.9971561,0.9969755
-0.79016,-0.85834,-2.375,1.9979675,1.0085797
0.24549,-0.9694,-2.25,1.9958626,1.0002911
0.24549,-0.9694,-2.375,1.996187,1.0118175
0.082579,-0.99658,-2.25,1.9954269,0.9999445
0.082579,-0.99658,-2.375,1.9955821,1.0113215
-0.082579,-0.99658,-2.25,1.9952718,0.9995586
-0.082579,-0.99658,-2.375,1.99521,1.0107322
-0.24549,-0.9694,-2.25,1.9953836,0.99915797
-0.24549,-0.9694,-2.375,1.9950778,1.0100878
-0.4017,-0.91577,-2.25,1.9957267,0.99877775
-0.4017,-0.91577,-2.375,1.9951619,1.0094359
-0.54695,-0.83717,-2.25,1.9962432,0.9984508
-0.54695,-0.83717,-2.375,1.9954133,1.0088229
-0.67728,-0.73572,-2.25,1.9968587,0.99819994
-0.67728,-0.73572,-2.375,1.9957652,1.0082847
-0.20457,-0.83067,-2.25,1.9948335,0.99945194
-0.071972,-0.86939,-2.25,1.9949479,0.9998476
-0.20457,-0.83067,-2.375,1.9931871,1.00926
-0.071972,-0.86939,-2.375,1.9936159,1.0099496
-0.3327,-0.77433,-2.25,1.9948852,0.99904764
-0.3327,-0.77433,-2.375,1.9929502,1.0085752
-0.45352,-0.70133,-2.25,1.9950871,0.9986682
-0.45352,-0.70133,-2.375,1.9928968,1.0079366
-0.5644,-0.6131,-2.25,1.9954079,0.99834234
-0.5644,-0.6131,-2.375,1.993003,1.007381
-0.16365,-0.69194,-2.25,1.9936957,0.99910945
-0.061364,-0.7422,-2.25,1.9940856,0.9995804
-0.16365,-0.69194,-2.375,1.9910833,1.008106
-0.061364,-0.7422,-2.375,1.9917933,1.0088695
-0.2637,-0.63288,-2.25,1.9934444,0.99864024
-0.2637,-0.63288,-2.375,1.9905658,1.0073843
-0.3601,-0.56549,-2.25,1.9933534,0.9982099
-0.3601,-0.56549,-2.375,1.9902616,1.0067418
-0.45152,-0.49048,-2.25,1.9934288,0.99785024
-0.45152,-0.49048,-2.375,1.990177,1.0062103
-0.12273,-0.55322,-2.25,1.9922854,0.99838936
-0.050757,-0.615,-2.25,1.9929096,0.9989475
-0.12273,-0.55322,-2.375,1.9890052,1.0068192
-0.050757,-0.615,-2.375,1.9899145,1.0076373
-0.1947,-0.49143,-2.25,1.9918106,0.99787396
-0.1947,-0.49143,-2.375,1.9883136,1.0060977
-0.26667,-0.42965,-2.25,1.9915187,0.99743265
-0.26667,-0.42965,-2.375,1.9878616,1.0054954
-0.33864,-0.36786,-2.25,1.9914315,0.99708885
-0.33864,-0.36786,-2.375,1.9876642,1.0050297
-0.22576,-0.24524,-2.25,1.989773,0.9963153
-0.15865,-0.33004,-2.25,1.9901947,0.9968388
-0.22576,-0.24524,-2.375,1.985712,1.00401
-0.15865,-0.33004,-2.375,1.9862704,1.0046828
-0.11288,-0.12262,-2.25,1.9886688,0.9956914
-0.050633,-0.23043,-2.25,1.989298,0.9963431
-0.11288,-0.12262,-2.375,1.9844604,1.0032542
-0.050633,-0.23043,-2.375,1.9852235,1.004061
-0.091543,-0.41484,-2.25,1.9908744,0.99749637
-0.091543,-0.41484,-2.375,1.9871502,1.0055387
0.011614,-0.33824,-2.25,1.9902744,0.997187
0.011614,-0.33824,-2.375,1.9864124,1.0051196
-0.024434,-0.49964,-2.25,1.9917657,0.998244
-0.024434,-0.49964,-2.375,1.98832,1.006546
0.073861,-0.44606,-2.25,1.9915199,0.99815327
0.073861,-0.44606,-2.375,1.9879743,1.0063812
0.042675,-0.58443,-2.25,1.9928004,0.999021
0.042675,-0.58443,-2.375,1.9897327,1.007662
0.13611,-0.55387,-2.25,1.9929186,0.9991421
0.13611,-0.55387,-2.375,1.9898288,1.0077753
0.17257,-0.69238,-2.25,1.994414,1.0000768
0.17257,-0.69238,-2.375,1.9920968,1.0093737
0.20903,-0.83089,-2.25,1.9955155,1.0005614
0.20903,-0.83089,-2.375,1.9943079,1.010798
0.055977,-0.72182,-2.25,1.9941394,0.9998313
0.055977,-0.72182,-2.375,1.9918177,1.0091124
0.069278,-0.8592,-2.25,1.9951141,1.0002238
0.069278,-0.8592,-2.375,1.9938434,1.0103966
-1.4468,-1.1261,-2.25,1.9775801,0.9739662
-1.4468,-1.1261,-2.375,1.9920136,0.9963219
-1.6124,-0.87257,-2.25,1.9770472,0.9724263
-1.6124,-0.87257,-2.375,1.9921031,0.9952368
-1.734,-0.59528,-2.25,1.9775865,0.9719393
-1.734,-0.59528,-2.375,1.9928514,0.99492097
-1.8083,-0.30176,-2.25,1.9793972,0.9728784
-1.8083,-0.30176,-2.375,1.9943103,0.99560815
-1.8333,3.1631e-16,-2.25,1.9813854,0.97457606
-1.8333,2.2014e-16,-2.375,1.9957479,0.99689966
-1.8083,0.30176,-2.25,1.9826281,0.97642165
-1.8083,0.30176,-2.375,1.9965382,0.99839723
-1.3152,-1.0237,-2.25,1.9866009,0.98272324
-1.3152,-1.0237,-2.375,1.9968783,1.0017741
-1.4658,-0.79325,-2.25,1.9872148,0.9822431
-1.4658,-0.79325,-2.375,1.9976504,1.0013597
-1.5764,-0.54117,-2.25,1.9882994,0.98237824
-1.5764,-0.54117,-2.375,1.9986577,1.0014129
-1.6439,-0.27432,-2.25,1.9898728,0.98330563
-1.6439,-0.27432,-2.375,1.9998277,1.0020204
-1.6667,2.9273e-16,-2.25,1.9913743,0.9847189
-1.6667,1.9534e-16,-2.375,2.0007854,1.0030053
-1.6439,0.27432,-2.25,1.9923486,0.9863249
-1.6439,0.27432,-2.375,2.0012405,1.0041822
-1.1837,-0.92132,-2.25,1.9930878,0.98955816
-1.1837,-0.92132,-2.375,1.9994873,1.0055147
-1.3192,-0.71392,-2.25,1.9941912,0.98959416
-1.3192,-0.71392,-2.375,2.000447,1.0053618
-1.4187,-0.48705,-2.25,1.9953883,0.98996574
-1.4187,-0.48705,-2.375,2.0013928,1.0054917
-1.4795,-0.24689,-2.25,1.9966041,0.9907286
-1.4795,-0.24689,-2.375,2.0022128,1.0059178
-1.5,2.6915e-16,-2.25,1.9975834,0.99176806
-1.5,1.7055e-16,-2.375,2.0027292,1.0065705
-1.4795,0.24689,-2.25,1.9981375,0.99295545
-1.4795,0.24689,-2.375,2.0028343,1.0073665
-1.0522,-0.81895,-2.25,1.996831,0.99424285
-1.0522,-0.81895,-2.375,1.9999241,1.0075643
-1.1726,-0.6346,-2.25,1.997943,0.9943955
-1.1726,-0.6346,-2.375,2.0007598,1.0074177
-1.2611,-0.43293,-2.25,1.9989588,0.9947296
-1.2611,-0.43293,-2.375,2.0014703,1.0074545
-1.3151,-0.21946,-2.25,1.9997902,0.99525535
-1.3151,-0.21946,-2.375,2.0019567,1.0076677
-1.3333,2.4558e-16,-2.25,2.0003247,0.9959294
-1.3333,1.4576e-16,-2.375,2.0021377,1.0080259
-1.3151,0.21946,-2.25,2.0005112,0.99670076
-1.3151,0.21946,-2.375,2.001995,1.0084895
-0.92066,-0.71658,-2.25,1.9980952,0.99692696
-0.92066,-0.71658,-2.375,1.9986062,1.0082008
-1.0261,-0.55527,-2.25,1.9989648,0.99698895
-1.0261,-0.55527,-2.375,1.9991889,1.0079594
-1.1035,-0.37882,-2.25,1.9996808,0.9971641
-1.1035,-0.37882,-2.375,1.9996251,1.0078534
-1.1508,-0.19203,-2.25,2.00017,0.99744564
-1.1508,-0.19203,-2.375,1.9998451,1.0078728
-1.1667,2.22e-16,-2.25,2.0003865,0.9978168
-1.1667,1.2096e-16,-2.375,1.9998131,1.0080012
-1.1508,0.19203,-2.25,2.0003352,0.99825346
-1.1508,0.19203,-2.375,1.9995453,1.008214
-0.78914,-0.61421,-2.25,1.9974885,0.9980347
-0.78914,-0.61421,-2.375,1.9961405,1.0078435
-0.87947,-0.47595,-2.25,1.9980495,0.99795604
-0.87947,-0.47595,-2.375,1.9964623,1.007509
-0.94582,-0.3247,-2.25,1.9984704,0.9979599
-0.94582,-0.3247,-2.375,1.996664,1.0072819
-0.98636,-0.16459,-2.25,1.9987015,0.9980396
-0.98636,-0.16459,-2.375,1.9967009,1.0071564
-1.0,1.9843e-16,-2.25,1.9987243,0.9981851
-1.0,9.617e-17,-2.375,1.996559,1.0071217
-0.98636,0.16459,-2.25,1.9985574,0.998381
-0.98636,0.16459,-2.375,1.9962593,1.0071591
-0.84031,-0.14451,-2.25,1.9965911,0.99778515
-0.82246,-0.28235,-2.25,1.9967628,0.9978731
-0.84031,-0.14451,-2.375,1.9936345,1.0061722
-0.82246,-0.28235,-2.375,1.9940363,1.0064877
-0.84023,-0.0036728,-2.25,1.9963269,0.9977403
-0.84023,-0.0036728,-2.375,1.9931988,1.0059453
-0.82197,0.13716,-2.25,1.9960147,0.9977466
-0.82197,0.13716,-2.375,1.9927729,1.0058129
-0.69427,-0.12442,-2.25,1.9942521,0.9971916
-0.6991,-0.24,-2.25,1.994787,0.99745065
-0.69427,-0.12442,-2.375,1.9906869,1.0051274
-0.6991,-0.24,-2.375,1.9914343,1.0055906
-0.68047,-0.0073457,-2.25,1.9937551,0.99698097
-0.68047,-0.0073457,-2.375,1.9900427,1.0047618
-0.65757,0.10973,-2.25,1.9933474,0.9968423
-0.65757,0.10973,-2.375,1.9895464,1.0045124
-0.54822,-0.10433,-2.25,1.9920518,0.9965167
-0.57574,-0.19765,-2.25,1.992823,0.996886
-0.54822,-0.10433,-2.375,1.9881186,1.0041902
-0.57574,-0.19765,-2.375,1.9890604,1.0047196
-0.5207,-0.011018,-2.25,1.9914341,0.9962116
-0.5207,-0.011018,-2.375,1.9873893,1.0037687
-0.49318,0.082297,-2.25,1.9910018,0.9959938
-0.49318,0.082297,-2.375,1.9868932,1.0034697
-0.32879,0.054865,-2.25,1.9892669,0.9953961
-0.38476,-0.048219,-2.25,1.9899522,0.99577355
-0.32879,0.054865,-2.375,1.9850116,1.0028061
-0.38476,-0.048219,-2.375,1.9857731,1.0032704
-0.16439,0.027432,-2.25,1.9883127,0.99515337
-0.24882,-0.08542,-2.25,1.989009,0.9955899
-0.16439,0.027432,-2.375,1.9840182,1.0025818
-0.24882,-0.08542,-2.375,1.9847817,1.0030938
-0.44073,-0.1513,-2.25,1.9909272,0.9962658
-0.44073,-0.1513,-2.375,1.9868888,1.0038981
-0.33325,-0.19827,-2.25,1.9901547,0.99619323
-0.33325,-0.19827,-2.375,1.9860774,1.0038353
-0.4967,-0.25439,-2.25,1.9921339,0.99683017
-0.4967,-0.25439,-2.375,1.9883212,1.0046622
-0.41767,-0.31112,-2.25,1.9916656,0.9968967
-0.41767,-0.31112,-2.375,1.9878525,1.0047652
-0.54149,-0.41215,-2.25,1.9937432,0.99760735
-0.54149,-0.41215,-2.375,1.9904052,1.0058526
-0.66532,-0.51318,-2.25,1.9958415,0.99809605
-0.66532,-0.51318,-2.375,1.9932832,1.006954
-0.62429,-0.32824,-2.25,1.9942081,0.9974748
-0.62429,-0.32824,-2.375,1.9908366,1.0056466
-0.75188,-0.40209,-2.25,1.9963095,0.99793905
-0.75188,-0.40209,-2.375,1.9936444,1.0066556
-1.734,0.59528,-2.25,1.9833351,0.9785394
-1.734,0.59528,-2.375,1.9967842,1.0001061
-1.6124,0.87257,-2.25,1.9842504,0.98123246
-1.6124,0.87257,-2.375,1.9969963,1.0021179
-1.4468,1.1261,-2.25,1.9856523,0.9842164
-1.4468,1.1261,-2.375,1.9974909,1.004196
-1.2417,1.3488,-2.25,1.9871771,0.9866946
-1.2417,1.3488,-2.375,1.9982114,1.0058494
-1.0027,1.5348,-2.25,1.9881847,0.9879109
-1.0027,1.5348,-2.375,1.9988253,1.0066303
-0.73644,1.6789,-2.25,1.9880195,0.9874647
-0.73644,1.6789,-2.375,1.9988275,1.0062798
-1.5764,0.54117,-2.25,1.9928459,0.9880808
-1.5764,0.54117,-2.375,2.0012405,1.0054828
-1.4658,0.79325,-2.25,1.9932505,0.99003303
-1.4658,0.79325,-2.375,2.0010858,1.0068731
-1.3152,1.0237,-2.25,1.9937948,0.9919721
-1.3152,1.0237,-2.375,2.0010402,1.0081881
-1.1288,1.2262,-2.25,1.9944096,0.9934778
-1.1288,1.2262,-2.375,2.0011775,1.0091668
-0.91158,1.3953,-2.25,1.9947999,0.9941521
-0.91158,1.3953,-2.375,2.0013485,1.0095705
-0.66949,1.5263,-2.25,1.99455,0.9937574
-0.66949,1.5263,-2.375,2.001226,1.0092468
-1.4187,0.48705,-2.25,1.9983101,0.994229
-1.4187,0.48705,-2.375,2.0025926,1.008243
-1.3192,0.71392,-2.25,1.9983153,0.9955386
-1.3192,0.71392,-2.375,2.0022025,1.0091338
-1.1837,0.92132,-2.25,1.9983413,0.9967405
-1.1837,0.92132,-2.375,2.0018694,1.0099251
-1.0159,1.1036,-2.25,1.9984285,0.9976136
-1.0159,1.1036,-2.375,2.0016885,1.0104716
-0.82042,1.2557,-2.25,1.9984496,0.99794704
-0.82042,1.2557,-2.375,2.0015955,1.0106409
-0.60254,1.3737,-2.25,1.9981521,0.99760693
-0.60254,1.3737,-2.375,2.0013895,1.0103498
-1.2611,0.43293,-2.25,2.0004098,0.9975212
-1.2611,0.43293,-2.375,2.0016048,1.0090123
-1.1726,0.6346,-2.25,2.0001645,0.99833226
-1.1726,0.6346,-2.375,2.0011091,1.0095347
-1.0522,0.81895,-2.25,1.9999161,0.9990339
-1.0522,0.81895,-2.375,2.0006578,1.0099771
-0.90304,0.98097,-2.25,1.999726,0.99950475
-0.90304,0.98097,-2.375,2.0003283,1.0102514
-0.72926,1.1162,-2.25,1.9995438,0.99963105
-0.72926,1.1162,-2.375,2.0000951,1.010282
-0.53559,1.221,-2.25,1.9992285,0.99934435
-0.53559,1.221,-2.375,1.9998429,1.0100272
-1.1035,0.37882,-2.25,2.0000787,0.9987227
-1.1035,0.37882,-2.375,1.9991096,1.0084766
-1.0261,0.55527,-2.25,1.9997201,0.9991764
-1.0261,0.55527,-2.375,1.9986095,1.0087429
-0.92066,0.71658,-2.25,1.9993598,0.9995499
-0.92066,0.71658,-2.375,1.9981445,1.0089574
-0.79016,0.85834,-2.25,1.9990509,0.9997712
-0.79016,0.85834,-2.375,1.997772,1.0090643
-0.63811,0.97669,-2.25,1.9987776,0.9997788
-0.63811,0.97669,-2.375,1.9974843,1.0090199
-0.46864,1.0684,-2.25,1.9984665,0.9995388
-0.46864,1.0684,-2.375,1.9972205,1.0088036
-0.94582,0.3247,-2.25,1.9982531,0.9986031
-0.94582,0.3247,-2.375,1.9958538,1.0072426
-0.87947,0.47595,-2.25,1.9978825,0.998817
-0.87947,0.47595,-2.375,1.9954109,1.0073379
-0.78914,0.61421,-2.25,1.9975123,0.9989812
-0.78914,0.61421,-2.375,1.9949945,1.0074071
-0.67728,0.73572,-2.25,1.9971815,0.9990527
-0.67728,0.73572,-2.375,1.9946424,1.0074146
-0.54695,0.83717,-2.25,1.9968905,0.9989982
-0.54695,0.83717,-2.375,1.9943571,1.0073353
-0.4017,0.91577,-2.25,1.9966071,0.9988024
-0.4017,0.91577,-2.375,1.994112,1.0071604
-0.58058,0.62444,-2.25,1.9950827,0.99803334
-0.68621,0.5341,-2.25,1.9956313,0.9981565
-0.58058,0.62444,-2.375,1.9918113,1.0058903
-0.68621,0.5341,-2.375,1.9924333,1.0060982
-0.46264,0.70141,-2.25,1.9946334,0.99786353
-0.46264,0.70141,-2.375,1.991328,1.0056785
-0.33475,0.76314,-2.25,1.994291,0.9976559
-0.33475,0.76314,-2.375,1.9909925,1.0054743
-0.48389,0.51316,-2.25,1.9929368,0.99695146
-0.58329,0.45399,-2.25,1.9936658,0.9972318
-0.48389,0.51316,-2.375,1.989188,1.0045108
-0.58329,0.45399,-2.375,1.9900036,1.0048676
-0.37833,0.56565,-2.25,1.9923754,0.9966961
-0.37833,0.56565,-2.375,1.9885826,1.0042189
-0.2678,0.61052,-2.25,1.9920039,0.9964849
-0.2678,0.61052,-2.375,1.988208,1.0040095
-0.38719,0.40188,-2.25,1.9910095,0.99600524
-0.48036,0.37388,-2.25,1.9918203,0.9963617
-0.38719,0.40188,-2.375,1.9869629,1.0034096
-0.48036,0.37388,-2.375,1.9878523,1.0038193
-0.29402,0.42989,-2.25,1.990427,0.9957298
-0.29402,0.42989,-2.375,1.9863418,1.0031133
-0.20085,0.45789,-2.25,1.9900826,0.9955458
-0.20085,0.45789,-2.375,1.9859934,1.002936
-0.1339,0.30526,-2.25,1.9887431,0.99499387
-0.25081,0.29573,-2.25,1.9892406,0.9952163
-0.1339,0.30526,-2.375,1.9844997,1.0023535
-0.25081,0.29573,-2.375,1.9850104,1.002561
-0.066949,0.15263,-2.25,1.9881077,0.99490815
-0.2076,0.16158,-2.25,1.9885241,0.9950177
-0.066949,0.15263,-2.375,1.983813,1.0023109
-0.2076,0.16158,-2.375,1.9842273,1.00238
-0.36772,0.28621,-2.25,1.9901173,0.9955981
-0.36772,0.28621,-2.375,1.9859459,1.0029646
-0.34826,0.17054,-2.25,1.9895298,0.995391
-0.34826,0.17054,-2.375,1.985291,1.0027609
-0.48464,0.27669,-2.25,1.9913423,0.9961167
-0.48464,0.27669,-2.375,1.9872878,1.003552
-0.48891,0.17949,-2.25,1.9910676,0.99599284
-0.48891,0.17949,-2.375,1.9869668,1.0034345
-0.64121,0.22789,-2.25,1.9933107,0.99688303
-0.64121,0.22789,-2.375,1.9895126,1.0045075
-0.79351,0.2763,-2.25,1.9958332,0.9978475
-0.79351,0.2763,-2.375,1.9925644,1.005839
-0.61625,0.34311,-2.25,1.993418,0.9970189
-0.61625,0.34311,-2.375,1.9896674,1.0046326
-0.74786,0.40953,-2.25,1.995697,0.99799293
-0.74786,0.40953,-2.375,1.9924455,1.0059438
-0.45006,1.7772,-2.25,1.9862013,0.9853615
-0.45006,1.7772,-2.375,1.9977041,1.0047557
-0.1514,1.8271,-2.25,1.9828527,0.98212844
-0.1514,1.8271,-2.375,1.9953108,1.0023401
0.1514,1.8271,-2.25,1.9790249,0.97884125
0.1514,1.8271,-2.375,1.992229,0.9997232
0.45006,1.7772,-2.25,1.976185,0.97661763
0.45006,1.7772,-2.375,1.9895542,0.99773777
0.73644,1.6789,-2.25,1.9752195,0.97591937
0.73644,1.6789,-2.375,1.9881794,0.99686664
1.0027,1.5348,-2.25,1.9760244,0.9763853
1.0027,1.5348,-2.375,1.9883434,0.99702907
-0.40914,1.6157,-2.25,1.9932897,0.9922772
-0.40914,1.6157,-2.375,2.000441,1.008167
-0.13763,1.661,-2.25,1.9910002,0.99000573
-0.13763,1.661,-2.375,1.9988328,1.0064905
0.13763,1.661,-2.25,1.988229,0.9875577
0.13763,1.661,-2.375,1.9966743,1.0046047
0.40914,1.6157,-2.25,1.9858949,0.9856455
0.40914,1.6157,-2.375,1.9946231,1.0030197
0.66949,1.5263,-2.25,1.9847381,0.9846935
0.66949,1.5263,-2.375,1.9933554,1.0021192
0.91158,1.3953,-2.25,1.9849414,0.9846456
0.91158,1.3953,-2.375,1.9932194,1.001983
-0.36823,1.4541,-2.25,1.9972864,0.9965877
-0.36823,1.4541,-2.375,2.0008283,1.0095896
-0.12387,1.4949,-2.25,1.9957831,0.99504626
-0.12387,1.4949,-2.375,1.9997795,1.0084548
0.12387,1.4949,-2.25,1.9939071,0.99332535
0.12387,1.4949,-2.375,1.9983592,1.0071635
0.36823,1.4541,-2.25,1.9921949,0.9918504
0.36823,1.4541,-2.375,1.9969399,1.0060145
0.60254,1.3737,-2.25,1.9911757,0.99093807
0.60254,1.3737,-2.375,1.9959772,1.0052716
0.82042,1.2557,-2.25,1.9911255,0.9906727
0.82042,1.2557,-2.375,1.9957994,1.0050623
-0.32731,1.2925,-2.25,1.9986229,0.9986451
-0.32731,1.2925,-2.375,1.9994252,1.0094906
-0.11011,1.3288,-2.25,1.9976645,0.9976252
-0.11011,1.3288,-2.375,1.9987538,1.008736
0.11011,1.3288,-2.25,1.9964743,0.99647343
0.11011,1.3288,-2.375,1.9978747,1.0078895
0.32731,1.2925,-2.25,1.9953474,0.99543387
0.32731,1.2925,-2.375,1.9969908,1.0071241
0.53559,1.221,-2.25,1.9946256,0.99471813
0.53559,1.221,-2.375,1.9963866,1.0066088
0.72926,1.1162,-2.25,1.9945502,0.99443334
0.72926,1.1162,-2.375,1.9963098,1.0064564
-0.2864,1.131,-2.25,1.9980316,0.99905854
-0.2864,1.131,-2.375,1.9969018,1.0084269
-0.096343,1.1627,-2.25,1.9974318,0.9983954
-0.096343,1.1627,-2.375,1.9964767,1.0079337
0.096343,1.1627,-2.25,1.9967237,0.9976562
0.096343,1.1627,-2.375,1.9959692,1.0074033
0.2864,1.131,-2.25,1.996064,0.9969794
0.2864,1.131,-2.375,1.9954885,1.0069373
0.46864,1.0684,-2.25,1.9956559,0.9964982
0.46864,1.0684,-2.375,1.9952,1.0066408
0.63811,0.97669,-2.25,1.9956703,0.9963015
0.63811,0.97669,-2.375,1.9952683,1.006597
-0.24549,0.9694,-2.25,1.9962912,0.998475
-0.24549,0.9694,-2.375,1.9938706,1.0069023
-0.082579,0.99658,-2.25,1.9959241,0.9980537
-0.082579,0.99658,-2.375,1.9936113,1.006593
0.082579,0.99658,-2.25,1.9955359,0.9976019
0.082579,0.99658,-2.375,1.9933497,1.0062836
0.24549,0.9694,-2.25,1.9952092,0.9971999
0.24549,0.9694,-2.375,1.9931456,1.0060366
0.4017,0.91577,-2.25,1.9950564,0.99692786
0.4017,0.91577,-2.375,1.993092,1.0059171
0.54695,0.83717,-2.25,1.9951811,0.99684864
0.54695,0.83717,-2.375,1.9932848,1.0059805
0.20521,0.82758,-2.25,1.9937757,0.99680704
0.071809,0.8666,-2.25,1.9941044,0.99710584
0.20521,0.82758,-2.375,1.9908464,1.0050219
0.071809,0.8666,-2.375,1.9911699,1.0052606
0.33415,0.77094,-2.25,1.9936501,0.9966398
0.33415,0.77094,-2.375,1.9907391,1.0049348
0.45579,0.69764,-2.25,1.993787,0.99664104
0.45579,0.69764,-2.375,1.9909074,1.0050356
0.16494,0.68577,-2.25,1.9921353,0.99619883
0.061038,0.73662,-2.25,1.992544,0.996462
0.16494,0.68577,-2.375,1.988637,1.004031
0.061038,0.73662,-2.375,1.9890945,1.0042778
0.26661,0.6261,-2.25,1.9919622,0.9960781
0.26661,0.6261,-2.375,1.9884453,1.0039549
0.36463,0.55811,-2.25,1.9920616,0.9961224
0.36463,0.55811,-2.375,1.9885569,1.0040709
0.12467,0.54395,-2.25,1.9905857,0.9956005
0.050267,0.60664,-2.25,1.9910616,0.99583167
0.12467,0.54395,-2.375,1.9867206,1.0032091
0.050267,0.60664,-2.375,1.9872625,1.0034395
0.19907,0.48127,-2.25,1.9903665,0.9955185
0.19907,0.48127,-2.375,1.986472,1.0031554
0.27347,0.41858,-2.25,1.9904172,0.9955904
0.27347,0.41858,-2.375,1.986527,1.0032811
0.18232,0.27906,-2.25,1.9891281,0.9952237
0.1104,0.37172,-2.25,1.9892163,0.99513406
0.18232,0.27906,-2.375,1.985012,1.0027775
0.1104,0.37172,-2.375,1.9851111,1.0026355
0.091158,0.13953,-2.25,1.9883653,0.99511683
0.021724,0.26218,-2.25,1.9884386,0.9949195
0.091158,0.13953,-2.375,1.9841352,1.0026159
0.021724,0.26218,-2.375,1.9842062,1.0023476
0.03848,0.46439,-2.25,1.9896965,0.99528444
0.03848,0.46439,-2.375,1.9856492,1.0027673
-0.047709,0.38482,-2.25,1.9890659,0.99507457
-0.047709,0.38482,-2.375,1.9848967,1.0024776
-0.033438,0.55705,-2.25,1.99054,0.9956604
-0.033438,0.55705,-2.375,1.9866047,1.0031654
-0.11714,0.50747,-2.25,1.9902053,0.9955614
-0.11714,0.50747,-2.375,1.9861753,1.0029953
-0.15992,0.66145,-2.25,1.9920268,0.99642974
-0.15992,0.66145,-2.375,1.9883043,1.0040133
-0.2027,0.81542,-2.25,1.9941573,0.99748015
-0.2027,0.81542,-2.375,1.9909391,1.0053674
-0.049818,0.70356,-2.25,1.9922178,0.9964247
-0.049818,0.70356,-2.375,1.9886103,1.004105
-0.066199,0.85007,-2.25,1.9940995,0.99729073
-0.066199,0.85007,-2.375,1.9910047,1.0052919
1.2417,1.3488,-2.25,1.9778103,0.97719973
1.2417,1.3488,-2.375,1.9897168,0.99776495
1.4468,1.1261,-2.25,1.9796672,0.9776324
1.4468,1.1261,-2.375,1.9917343,0.9985849
1.6124,0.87257,-2.25,1.9810839,0.9774713
1.6124,0.87257,-2.375,1.993906,0.999245
1.734,0.59528,-2.25,1.9821988,0.9771459
1.734,0.59528,-2.375,1.9960053,0.99984163
1.8083,0.30176,-2.25,1.9833045,0.977196
1.8083,0.30176,-2.375,1.9979253,1.0005813
1.1288,1.2262,-2.25,1.9861968,0.9851211
1.1288,1.2262,-2.375,1.9941808,1.0024389
1.3152,1.0237,-2.25,1.9879754,0.98569185
1.3152,1.0237,-2.375,1.9959517,1.0032247
1.4658,0.79325,-2.25,1.9898132,0.986127
1.4658,0.79325,-2.375,1.9981511,1.0041403
1.5764,0.54117,-2.25,1.9914703,0.98646945
1.5764,0.54117,-2.375,2.000422,1.0051041
1.6439,0.27432,-2.25,1.9927852,0.98682684
1.6439,0.27432,-2.375,2.00243,1.0060735
1.0159,1.1036,-2.25,1.9919884,0.99091446
1.0159,1.1036,-2.375,1.9965014,1.0053583
1.1837,0.92132,-2.25,1.9934995,0.99144995
1.1837,0.92132,-2.375,1.9979706,1.0060477
1.3192,0.71392,-2.25,1.9953063,0.99209607
1.3192,0.71392,-2.375,1.999947,1.0069951
1.4187,0.48705,-2.25,1.9970751,0.9927542
1.4187,0.48705,-2.375,2.0020957,1.0080785
1.4795,0.24689,-2.25,1.9984899,0.99334717
1.4795,0.24689,-2.375,2.0040512,1.009172
0.90304,0.98097,-2.25,1.9951785,0.9945658
0.90304,0.98097,-2.375,1.9968848,1.006699
1.0522,0.81895,-2.25,1.9963957,0.99502426
1.0522,0.81895,-2.375,1.9980878,1.0073028
1.1726,0.6346,-2.25,1.9979687,0.9956917
1.1726,0.6346,-2.375,1.999759,1.0081904
1.2611,0.43293,-2.25,1.9996066,0.9964517
1.2611,0.43293,-2.375,2.0016432,1.0092578
1.3151,0.21946,-2.25,2.001001,0.997186
1.3151,0.21946,-2.375,2.0034285,1.010377
0.79016,0.85834,-2.25,1.9961832,0.9964174
0.79016,0.85834,-2.375,1.9957957,1.0068493
0.92066,0.71658,-2.25,1.9971564,0.9968189
0.92066,0.71658,-2.375,1.9967916,1.007397
1.0261,0.55527,-2.25,1.9984498,0.9974409
1.0261,0.55527,-2.375,1.9981638,1.008201
1.1035,0.37882,-2.25,1.9998523,0.99819463
1.1035,0.37882,-2.375,1.9997332,1.0091863
1.1508,0.19203,-2.25,2.0011206,0.9989731
1.1508,0.19203,-2.375,2.0012703,1.0102514
0.67728,0.73572,-2.25,1.9956422,0.9969948
0.67728,0.73572,-2.375,1.9937911,1.0062621
0.78914,0.61421,-2.25,1.9964283,0.99736476
0.78914,0.61421,-2.375,1.994622,1.0067704
0.87947,0.47595,-2.25,1.9974588,0.9979255
0.87947,0.47595,-2.375,1.9957224,1.0074842
0.94582,0.3247,-2.25,1.9985954,0.9986178
0.94582,0.3247,-2.375,1.9969765,1.0083545
0.98636,0.16459,-2.25,1.9996667,0.9993625
0.98636,0.16459,-2.375,1.998225,1.0093075
0.80507,0.28085,-2.25,1.9967518,0.99830824
0.76477,0.41387,-2.25,1.9960774,0.9977601
0.80507,0.28085,-2.375,1.9942129,1.0072787
0.76477,0.41387,-2.375,1.9935412,1.0066648
0.82817,0.14192,-2.25,1.9974401,0.9989272
0.82817,0.14192,-2.375,1.9949534,1.0079967
0.66432,0.237,-2.25,1.9946461,0.9976786
0.65006,0.35179,-2.25,1.9944468,0.99733573
0.66432,0.237,-2.375,1.9914666,1.006117
0.65006,0.35179,-2.375,1.9913299,1.0057713
0.66998,0.11925,-2.25,1.9949317,0.9981058
0.66998,0.11925,-2.375,1.9917419,1.0065825
0.52357,0.19314,-2.25,1.9925697,0.99694145
0.53535,0.28972,-2.25,1.9927726,0.99680334
0.52357,0.19314,-2.375,1.9889522,1.0050133
0.53535,0.28972,-2.375,1.9892411,1.0049058
0.51178,0.096572,-2.25,1.9925226,0.9971748
0.51178,0.096572,-2.375,1.9888685,1.005252
0.37158,0.11089,-2.25,1.9906415,0.9962949
0.37158,0.11089,-2.375,1.9867103,1.0041127
0.23137,0.12521,-2.25,1.9892275,0.9955893
0.23137,0.12521,-2.375,1.9851125,1.0032208
0.40982,0.22178,-2.25,1.9910812,0.9962251
0.40982,0.22178,-2.375,1.9872358,1.0040759
0.29607,0.25042,-2.25,1.9899186,0.9956405
0.29607,0.25042,-2.375,1.9859114,1.0033224
0.44806,0.33267,-2.25,1.9917437,0.9962848
0.44806,0.33267,-2.375,1.9880499,1.0042168
0.36077,0.37563,-2.25,1.9909515,0.9958743
0.36077,0.37563,-2.375,1.9871407,1.003671
0.46627,0.49566,-2.25,1.9926085,0.9963868
0.46627,0.49566,-2.375,1.9891943,1.0044665
0.57178,0.61569,-2.25,1.9942927,0.996847
0.57178,0.61569,-2.375,1.9914987,1.0053877
0.56175,0.42652,-2.25,1.9934175,0.9968001
0.56175,0.42652,-2.375,1.9901307,1.0050409
0.67545,0.52037,-2.25,1.9950749,0.99722904
0.67545,0.52037,-2.375,1.9923916,1.0059383
1.7708,-0.29572,-2.125,1.9612099,0.94807285
1.7967,-0.00010199,-2.125,1.963486,0.94951797
1.7,-0.58388,-2.125,1.9556037,0.9443949
1.5805,-0.8556,-2.125,1.9491111,0.9403485
1.4183,-1.1042,-2.125,1.94447,0.93790084
1.2215,-1.327,-2.125,1.9424614,0.93742543
0.98646,-1.5099,-2.125,1.9434726,0.93914026
0.72447,-1.6517,-2.125,1.9452876,0.94107914
1.5883,-0.26548,-2.125,1.977637,0.9634686
1.6016,-0.0003773,-2.125,1.9802477,0.96542966
1.5151,-0.52106,-2.125,1.9742959,0.9615367
1.4106,-0.7643,-2.125,1.9690437,0.9582486
1.2664,-0.98638,-2.125,1.9645005,0.9557085
1.0887,-1.1831,-2.125,1.9616276,0.9544925
0.8797,-1.3467,-2.125,1.9607986,0.9547585
0.64616,-1.4733,-2.125,1.9612284,0.95571977
1.4023,-0.23536,-2.125,1.9893283,0.97514874
1.4233,-0.0006679,-2.125,1.9905263,0.97590405
1.3459,-0.46379,-2.125,1.9866114,0.9734811
1.2513,-0.67903,-2.125,1.9830282,0.97140545
1.1281,-0.87923,-2.125,1.9789765,0.9690514
0.96902,-1.0533,-2.125,1.9761438,0.9677711
0.78312,-1.199,-2.125,1.9745402,0.96736515
0.5752,-1.3117,-2.125,1.97406,0.96761805
1.2354,-0.20846,-2.125,1.9955441,0.98211294
1.2488,-0.0012646,-2.125,1.9962624,0.98255795
1.1835,-0.40948,-2.125,1.993983,0.9813248
1.1073,-0.60213,-2.125,1.9913633,0.97982264
0.99398,-0.77584,-2.125,1.9887244,0.97853315
0.85381,-0.92865,-2.125,1.9863734,0.97751313
0.68973,-1.0562,-2.125,1.9847062,0.97696686
0.50672,-1.1557,-2.125,1.9837639,0.9768025
1.0768,-0.18344,-2.125,1.9983065,0.9860686
1.0909,-0.0017405,-2.125,1.9984987,0.98605627
1.036,-0.36065,-2.125,1.9974014,0.98569965
0.96986,-0.52947,-2.125,1.9958329,0.9849513
0.87277,-0.68244,-2.125,1.9940028,0.98416334
0.74996,-0.8159,-2.125,1.9922457,0.9834908
0.60554,-0.927,-2.125,1.9908206,0.9830328
0.44494,-1.0149,-2.125,1.9897914,0.9827218
0.92894,-0.16087,-2.125,1.9988425,0.9879681
0.94684,-0.0020676,-2.125,1.9987841,0.9876974
0.8991,-0.31638,-2.125,1.9984357,0.9879046
0.84025,-0.46207,-2.125,1.9975748,0.98766077
0.75572,-0.5929,-2.125,1.9964427,0.9873213
0.65211,-0.70911,-2.125,1.9952002,0.9869078
0.52646,-0.80481,-2.125,1.9940959,0.9865915
0.38701,-0.88264,-2.125,1.9931707,0.98627347
0.5614,-0.60828,-2.125,1.996206,0.98854274
0.65366,-0.51496,-2.125,1.9969997,0.9886787
0.45456,-0.69171,-2.125,1.9953902,0.9883345
0.33277,-0.75871,-2.125,1.9946678,0.98810464
0.48391,-0.51682,-2.125,1.9961212,0.989072
0.56127,-0.44536,-2.125,1.9966542,0.98910683
0.38804,-0.58237,-2.125,1.99553,0.98898065
0.27947,-0.63582,-2.125,1.9949808,0.9888375
0.42497,-0.43053,-2.125,1.9956123,0.9890551
0.49593,-0.40006,-2.125,1.9961109,0.989098
0.33033,-0.47238,-2.125,1.99504,0.9889681
0.2292,-0.51938,-2.125,1.9945827,0.98885465
0.17945,-0.40704,-2.125,1.9938502,0.9884934
0.29059,-0.36705,-2.125,1.9943533,0.98863465
0.13068,-0.29621,-2.125,1.993027,0.9879653
0.25938,-0.25614,-2.125,1.9935932,0.9881425
0.073365,-0.16804,-2.125,1.9921632,0.98732275
0.23036,-0.13019,-2.125,1.9928186,0.98755354
-0.013819,0.028764,-2.125,1.9914018,0.9865909
0.22778,0.014923,-2.125,1.9923542,0.9870395
0.40021,-0.33775,-2.125,1.995106,0.9888125
0.38527,-0.23331,-2.125,1.9945381,0.9884246
0.37781,-0.11797,-2.125,1.9939976,0.9879636
0.38082,0.0041489,-2.125,1.9936378,0.9875345
0.50155,-0.32428,-2.125,1.99597,0.98898035
0.50679,-0.22678,-2.125,1.9956996,0.98872805
0.51145,-0.11608,-2.125,1.9953575,0.9883698
0.52053,-0.0012212,-2.125,1.995097,0.987997
0.66105,-0.0021608,-2.125,1.9966356,0.9883255
0.64993,-0.12425,-2.125,1.9968607,0.98868424
0.80046,-0.0025504,-2.125,1.9979727,0.98833066
0.791,-0.14092,-2.125,1.9981784,0.9886565
0.63191,-0.24198,-2.125,1.9969838,0.9889551
0.76231,-0.27534,-2.125,1.9980725,0.9888299
0.60362,-0.35262,-2.125,1.9969256,0.98909545
0.72198,-0.40229,-2.125,1.9976839,0.9888021
0.44272,-1.7484,-2.125,1.9470216,0.94250757
0.14891,-1.7974,-2.125,1.9486066,0.9434965
-0.14894,-1.7974,-2.125,1.9504756,0.94459623
-0.44138,-1.7434,-2.125,1.953342,0.946551
-0.72181,-1.6459,-2.125,1.9561557,0.9483718
-0.98267,-1.5043,-2.125,1.9583248,0.94952005
-1.2168,-1.3219,-2.125,1.9590561,0.94931066
0.39488,-1.5597,-2.125,1.9622402,0.9567582
0.13281,-1.6025,-2.125,1.9636209,0.9577451
-0.13253,-1.6021,-2.125,1.9652655,0.95868665
-0.39371,-1.5566,-2.125,1.9673598,0.95985454
-0.64389,-1.4693,-2.125,1.9695976,0.96102244
-0.8736,-1.3382,-2.125,1.971924,0.96219724
-1.0812,-1.175,-2.125,1.9733906,0.9625408
0.35155,-1.3888,-2.125,1.9743235,0.9681305
0.11833,-1.4276,-2.125,1.9751151,0.96872026
-0.11762,-1.4252,-2.125,1.9764199,0.9694463
-0.3482,-1.3798,-2.125,1.9782739,0.97044
-0.56834,-1.2993,-2.125,1.9802084,0.97133166
-0.77372,-1.1864,-2.125,1.982021,0.97200364
-0.95829,-1.0418,-2.125,1.983659,0.97248894
0.30967,-1.2238,-2.125,1.9834859,0.9768893
0.10438,-1.2584,-2.125,1.9837455,0.97709256
-0.10244,-1.252,-2.125,1.9847035,0.9776196
-0.30612,-1.2174,-2.125,1.9857634,0.9779529
-0.50084,-1.1478,-2.125,1.9871566,0.9784125
-0.67863,-1.0426,-2.125,1.9888623,0.9790862
-0.84025,-0.91431,-2.125,1.9904003,0.979559
0.27178,-1.075,-2.125,1.9892597,0.9825782
0.091435,-1.0987,-2.125,1.9893807,0.98273176
-0.08835,-1.0946,-2.125,1.9898158,0.98286927
-0.26469,-1.0622,-2.125,1.9905419,0.98302406
-0.43414,-1.0006,-2.125,1.9915328,0.98324245
-0.59088,-0.91059,-2.125,1.9927158,0.98354584
-0.73306,-0.79841,-2.125,1.9939125,0.983825
0.23508,-0.93186,-2.125,1.9926461,0.98611146
0.079333,-0.95834,-2.125,1.9924119,0.9859441
-0.075095,-0.95162,-2.125,1.9926046,0.9859469
-0.22648,-0.92297,-2.125,1.9930164,0.9859347
-0.37484,-0.87104,-2.125,1.9936328,0.9859345
-0.50815,-0.78737,-2.125,1.994478,0.9861093
-0.63175,-0.68883,-2.125,1.9953263,0.98622
-0.18854,-0.79532,-2.125,1.9940529,0.9874659
-0.063216,-0.82562,-2.125,1.9938395,0.98752433
-0.31463,-0.74537,-2.125,1.994421,0.9874018
-0.4278,-0.67029,-2.125,1.9948995,0.9874024
-0.5356,-0.58447,-2.125,1.995434,0.98736864
-0.14762,-0.68117,-2.125,1.9942333,0.98812884
-0.050907,-0.7139,-2.125,1.9941986,0.9882241
-0.24777,-0.62585,-2.125,1.9943429,0.9880217
-0.34747,-0.55836,-2.125,1.9945383,0.9878885
-0.44433,-0.48399,-2.125,1.9948442,0.987758
-0.099005,-0.58863,-2.125,1.9940233,0.9883239
-0.039691,-0.63656,-2.125,1.9941514,0.98841786
-0.17457,-0.52514,-2.125,1.9938731,0.98814267
-0.2597,-0.45251,-2.125,1.9937928,0.98791414
-0.3493,-0.38138,-2.125,1.9939015,0.98771805
-0.25956,-0.27763,-2.125,1.9929404,0.98744977
-0.16725,-0.35556,-2.125,1.9930129,0.98772615
-0.16329,-0.15942,-2.125,1.9920565,0.9870672
-0.060522,-0.25826,-2.125,1.9923706,0.98747236
-0.088134,-0.437,-2.125,1.9933453,0.9880714
0.014494,-0.36052,-2.125,1.9930004,0.9879764
-0.020694,-0.52406,-2.125,1.9937972,0.98839384
0.074772,-0.46298,-2.125,1.9936992,0.98843396
0.03084,-0.60715,-2.125,1.9941628,0.9885599
0.12643,-0.56581,-2.125,1.994288,0.9887165
0.16531,-0.67881,-2.125,1.9945538,0.98864084
0.20182,-0.80603,-2.125,1.9941322,0.9878664
0.052979,-0.70697,-2.125,1.9942927,0.9884186
0.067287,-0.82462,-2.125,1.9938828,0.9877024
-1.4179,-1.1036,-2.125,1.9582862,0.9477331
-1.5804,-0.85521,-2.125,1.9572406,0.9458932
-1.6997,-0.58349,-2.125,1.95765,0.9453603
-1.7726,-0.2958,-2.125,1.9598157,0.94659585
-1.7969,-2.3076e-05,-2.125,1.9623315,0.948692
-1.7723,0.29577,-2.125,1.9639761,0.9508057
-1.26,-0.98077,-2.125,1.9741958,0.9622999
-1.4045,-0.76003,-2.125,1.9748993,0.962034
-1.5106,-0.51859,-2.125,1.9761692,0.9624197
-1.5753,-0.26297,-2.125,1.9780812,0.9636765
-1.5969,-9.1021e-05,-2.125,1.9800153,0.965447
-1.575,0.26285,-2.125,1.9814161,0.9673516
-1.1173,-0.86967,-2.125,1.9850533,0.97279596
-1.2457,-0.67401,-2.125,1.9863791,0.9731626
-1.3399,-0.46,-2.125,1.9878072,0.97383237
-1.3972,-0.23338,-2.125,1.989305,0.9748892
-1.4162,-0.00021162,-2.125,1.9906125,0.97620636
-1.3965,0.23308,-2.125,1.991516,0.9776316
-0.98008,-0.76289,-2.125,1.9918177,0.9799739
-1.0933,-0.59138,-2.125,1.993128,0.98043424
-1.1762,-0.40385,-2.125,1.9943367,0.98103327
-1.2263,-0.20516,-2.125,1.9953878,0.98180026
-1.2427,-0.00049936,-2.125,1.99617,0.9826848
-1.2253,0.20448,-2.125,1.9966184,0.983622
-0.8564,-0.66621,-2.125,1.9950564,0.98410594
-0.95659,-0.51684,-2.125,1.9960929,0.98442596
-1.0292,-0.35341,-2.125,1.9969834,0.98483723
-1.0724,-0.18003,-2.125,1.9976692,0.9853397
-1.0866,-0.0010129,-2.125,1.9980949,0.9858921
-1.0707,0.17863,-2.125,1.9982595,0.9864785
-0.74022,-0.57459,-2.125,1.9961491,0.98633283
-0.82965,-0.44691,-2.125,1.996887,0.98647135
-0.89235,-0.30645,-2.125,1.9974828,0.9866973
-0.92873,-0.15721,-2.125,1.9978869,0.98698264
-0.94196,-0.002046,-2.125,1.998091,0.98728925
-0.92518,0.15423,-2.125,1.9980785,0.9876358
-0.798,-0.13798,-2.125,1.9971004,0.98756135
-0.76802,-0.26374,-2.125,1.9968932,0.9874348
-0.80554,-0.0042895,-2.125,1.997142,0.98771507
-0.78785,0.1311,-2.125,1.9970112,0.9878791
-0.67421,-0.12425,-2.125,1.9959228,0.9876291
-0.66042,-0.22672,-2.125,1.9959416,0.98760873
-0.67006,-0.010845,-2.125,1.99577,0.9876501
-0.65544,0.10852,-2.125,1.9956098,0.9876884
-0.56689,-0.12435,-2.125,1.9948189,0.9874984
-0.584,-0.20054,-2.125,1.9951553,0.98757106
-0.54744,-0.024763,-2.125,1.9944626,0.9874031
-0.5275,0.086768,-2.125,1.9942124,0.9873404
-0.39729,0.065515,-2.125,1.9929625,0.98697835
-0.42662,-0.054201,-2.125,1.9933288,0.98714906
-0.25073,0.046248,-2.125,1.9919401,0.9866809
-0.3008,-0.096084,-2.125,1.9924678,0.9869953
-0.47075,-0.16038,-2.125,1.9939742,0.9873797
-0.36329,-0.21242,-2.125,1.9932733,0.987336
-0.5233,-0.25004,-2.125,1.9947165,0.987562
-0.44088,-0.31267,-2.125,1.9942387,0.98759913
-0.53164,-0.40241,-2.125,1.9952219,0.98766303
-0.63187,-0.4873,-2.125,1.9959888,0.9873475
-0.60745,-0.31604,-2.125,1.9956329,0.9876129
-0.71629,-0.38266,-2.125,1.9965324,0.9873417
-1.6995,0.58351,-2.125,1.965066,0.9531706
-1.5804,0.85535,-2.125,1.9666013,0.95633227
-1.4182,1.1038,-2.125,1.9688655,0.96003866
-1.2171,1.3221,-2.125,1.9711823,0.96323484
-0.98286,1.5043,-2.125,1.9725323,0.9648219
-0.72178,1.6455,-2.125,1.9721013,0.96423954
-1.5104,0.51869,-2.125,1.9823325,0.96936446
-1.4047,0.76038,-2.125,1.983176,0.9715884
-1.2657,0.98524,-2.125,1.9837612,0.97347265
-1.0863,1.18,-2.125,1.9847325,0.9752929
-0.87424,1.338,-2.125,1.9855093,0.9763736
-0.64153,1.4627,-2.125,1.985102,0.9759362
-1.3395,0.46016,-2.125,1.9920135,0.97907436
-1.246,0.67467,-2.125,1.9923303,0.98053557
-1.1184,0.8706,-2.125,1.9926195,0.9818827
-0.95966,1.0422,-2.125,1.9928849,0.9828912
-0.775,1.1859,-2.125,1.9929106,0.9832675
-0.56885,1.297,-2.125,1.9924818,0.9828877
-1.1754,0.40408,-2.125,1.9967654,0.9845505
-1.094,0.59269,-2.125,1.9967397,0.98543334
-0.9878,0.76898,-2.125,1.9965682,0.98608196
-0.84784,0.92044,-2.125,1.9964905,0.98662704
-0.68112,1.0417,-2.125,1.9963927,0.9868743
-0.49929,1.1383,-2.125,1.9960082,0.9865843
-1.0273,0.35373,-2.125,1.9982067,0.9870428
-0.95732,0.51931,-2.125,1.9980273,0.9875556
-0.85995,0.66944,-2.125,1.997807,0.9879867
-0.73839,0.80075,-2.125,1.9975759,0.9882528
-0.59527,0.90925,-2.125,1.9973109,0.9882879
-0.43631,0.99453,-2.125,1.9969482,0.98803616
-0.88791,0.30687,-2.125,1.9979389,0.9879553
-0.82995,0.45156,-2.125,1.9977332,0.9882377
-0.74643,0.58105,-2.125,1.9974725,0.98846036
-0.64253,0.69508,-2.125,1.997205,0.9885724
-0.51595,0.78563,-2.125,1.9968858,0.98853
-0.37732,0.85966,-2.125,1.9965625,0.98831934
-0.55392,0.59536,-2.125,1.9962182,0.98832196
-0.64414,0.50135,-2.125,1.9965029,0.98830396
-0.44272,0.66858,-2.125,1.9958599,0.9882186
-0.32281,0.73479,-2.125,1.9955962,0.98804814
-0.47351,0.49658,-2.125,1.9950333,0.9878489
-0.55234,0.42947,-2.125,1.9953773,0.98791975
-0.37629,0.55492,-2.125,1.9946611,0.9877095
-0.26796,0.60794,-2.125,1.9943825,0.9875435
-0.41507,0.40617,-2.125,1.9940503,0.9874192
-0.48865,0.37925,-2.125,1.9945586,0.9875993
-0.32178,0.44435,-2.125,1.9935739,0.9872202
-0.21627,0.48652,-2.125,1.9932488,0.9870393
-0.16566,0.36755,-2.125,1.9923215,0.98664623
-0.28368,0.32738,-2.125,1.9927061,0.98684645
-0.10566,0.23348,-2.125,1.991613,0.9864112
-0.25497,0.19534,-2.125,1.9920895,0.9866315
-0.39596,0.30543,-2.125,1.9934275,0.98714083
-0.38902,0.18988,-2.125,1.9930203,0.9869744
-0.49813,0.30142,-2.125,1.9943335,0.98747003
-0.51188,0.20023,-2.125,1.9941877,0.98736775
-0.63192,0.22625,-2.125,1.9955053,0.98775965
-0.75679,0.26406,-2.125,1.9968599,0.9880416
-0.59984,0.33677,-2.125,1.9954674,0.9878568
-0.71362,0.3913,-2.125,1.9967366,0.98820186
-0.44105,1.7419,-2.125,1.9695139,0.9615617
-0.14833,1.7909,-2.125,1.965268,0.95760894
0.14844,1.791,-2.125,1.9608922,0.95382684
0.44115,1.7421,-2.125,1.9581251,0.9515421
0.72181,1.6456,-2.125,1.9577329,0.9511233
0.98276,1.5042,-2.125,1.9591931,0.9518927
-0.39189,1.5483,-2.125,1.9834318,0.97418636
-0.13172,1.5919,-2.125,1.9806964,0.9715651
0.13199,1.592,-2.125,1.9776611,0.9688471
0.39207,1.5485,-2.125,1.975347,0.9668283
0.64138,1.4624,-2.125,1.974445,0.9659141
0.87313,1.3364,-2.125,1.9749427,0.96591944
-0.34742,1.3732,-2.125,1.9913778,0.9817291
-0.11668,1.4121,-2.125,1.9896399,0.9800082
0.11713,1.4124,-2.125,1.9876342,0.9781322
0.34769,1.3737,-2.125,1.9859476,0.97657275
0.56862,1.2968,-2.125,1.9850836,0.97564715
0.77415,1.1848,-2.125,1.9851699,0.9753429
-0.30465,1.2052,-2.125,1.9952725,0.98582125
-0.10217,1.2401,-2.125,1.9941852,0.98470145
0.10288,1.2404,-2.125,1.9929404,0.9834663
0.30498,1.2061,-2.125,1.9918476,0.9823734
0.49871,1.1381,-2.125,1.9912195,0.9816271
0.67905,1.0393,-2.125,1.9912081,0.9812808
-0.26583,1.0537,-2.125,1.9964286,0.9875079
-0.088875,1.0855,-2.125,1.9957399,0.9867634
0.090078,1.0861,-2.125,1.9949763,0.985946
0.26646,1.056,-2.125,1.9943063,0.9852021
0.43543,0.99522,-2.125,1.9939284,0.9846738
0.59326,0.90816,-2.125,1.9939488,0.98439735
-0.22884,0.91141,-2.125,1.9961884,0.9879485
-0.075932,0.94181,-2.125,1.9957693,0.98745567
0.07816,0.94266,-2.125,1.9953184,0.98692256
0.23044,0.91799,-2.125,1.9949368,0.9864264
0.37539,0.86132,-2.125,1.994744,0.9860909
0.51238,0.78465,-2.125,1.9948242,0.98591346
0.19544,0.78935,-2.125,1.9946582,0.98682296
0.067379,0.81345,-2.125,1.994865,0.98713166
0.31761,0.73627,-2.125,1.9945552,0.9866119
0.43593,0.66822,-2.125,1.9946773,0.9865218
0.15668,0.66798,-2.125,1.9939842,0.98683333
0.057386,0.69728,-2.125,1.9941466,0.9870263
0.25893,0.61861,-2.125,1.9939142,0.98669964
0.36246,0.55679,-2.125,1.9940509,0.9866727
0.1129,0.56955,-2.125,1.9933057,0.9867208
0.050135,0.61646,-2.125,1.9935832,0.98687714
0.19632,0.51253,-2.125,1.9931575,0.9866138
0.2915,0.44945,-2.125,1.9932711,0.9866259
0.21755,0.33941,-2.125,1.9924862,0.98652416
0.11933,0.41682,-2.125,1.992435,0.98648864
0.13047,0.21447,-2.125,1.9917864,0.9864563
0.02246,0.31898,-2.125,1.9918293,0.98638934
0.038898,0.49843,-2.125,1.9927821,0.9866383
-0.055142,0.42891,-2.125,1.9923924,0.9865913
-0.020284,0.58183,-2.125,1.993375,0.98689777
-0.1128,0.53729,-2.125,1.9932255,0.9869448
-0.15627,0.65276,-2.125,1.9942361,0.98737425
-0.19305,0.7785,-2.125,1.9953117,0.98777896
-0.046206,0.68635,-2.125,1.994194,0.9872062
-0.062755,0.81144,-2.125,1.9951115,0.9874723
1.2168,1.3217,-2.125,1.9612699,0.95271397
1.4171,1.1029,-2.125,1.9628174,0.95271456
1.577,0.8534,-2.125,1.9635465,0.95190936
1.6982,0.58299,-2.125,1.9634135,0.9505164
1.7713,0.29555,-2.125,1.9637252,0.9499453
1.0808,1.1738,-2.125,1.9763489,0.9663519
1.2633,0.98306,-2.125,1.9776175,0.96634704
1.4123,0.76422,-2.125,1.9786435,0.9660107
1.5144,0.51987,-2.125,1.9799628,0.9661168
1.5811,0.26374,-2.125,1.9804329,0.96579146
0.95827,1.0405,-2.125,1.9860761,0.9754954
1.1147,0.86715,-2.125,1.9875184,0.9759106
1.2453,0.67372,-2.125,1.988827,0.9760934
1.3407,0.4602,-2.125,1.9900203,0.9762765
1.4006,0.23349,-2.125,1.990708,0.976276
0.84044,0.91213,-2.125,1.9918213,0.98131007
0.9814,0.76303,-2.125,1.9928038,0.98149866
1.0976,0.59373,-2.125,1.9939644,0.9817709
1.1767,0.404,-2.125,1.9952452,0.98228264
1.2294,0.20484,-2.125,1.9960662,0.98254436
0.73585,0.79785,-2.125,1.9943922,0.9843716
0.85797,0.66631,-2.125,1.9952022,0.98457855
0.95694,0.51755,-2.125,1.9962175,0.98493606
1.0296,0.35395,-2.125,1.9972537,0.98537654
1.0751,0.17937,-2.125,1.998086,0.9857845
0.63798,0.69018,-2.125,1.9952073,0.98590845
0.74499,0.57704,-2.125,1.995862,0.9860968
0.83488,0.45155,-2.125,1.9966869,0.98639834
0.89254,0.30803,-2.125,1.9975457,0.9868708
0.93159,0.15631,-2.125,1.9982994,0.9873239
0.76729,0.26768,-2.125,1.996959,0.987448
0.715,0.38682,-2.125,1.9962754,0.98705405
0.78998,0.13511,-2.125,1.9975144,0.9879077
0.64622,0.23353,-2.125,1.9959513,0.98754704
0.61481,0.33297,-2.125,1.9955391,0.9872222
0.65726,0.11926,-2.125,1.9962866,0.98792404
0.53898,0.21698,-2.125,1.9948978,0.98739094
0.54383,0.2951,-2.125,1.9949057,0.9872115
0.53,0.11288,-2.125,1.9949397,0.9876579
0.40541,0.12771,-2.125,1.9936522,0.9872458
0.27148,0.15665,-2.125,1.9925153,0.9868044
0.43784,0.24016,-2.125,1.9939113,0.98708326
0.32749,0.27969,-2.125,1.9930269,0.9867545
0.47716,0.33535,-2.125,1.9943163,0.9870018
0.38859,0.38831,-2.125,1.9936936,0.98677444
0.46188,0.48823,-2.125,1.994429,0.9867672
0.54889,0.59041,-2.125,1.9950598,0.9865562
0.54906,0.41333,-2.125,1.9949718,0.986963
0.64195,0.49375,-2.125,1.995615,0.9867489
