x,y,z,t,V,T
0.0,2e-05,1e-05,0.0,0.3873892,302.1939
0.0,2e-05,1e-05,0.1,0.5945038,391.51627
0.0,2e-05,1e-05,0.2,0.77412945,390.64117
0.0,2e-05,1e-05,0.3,0.63512456,390.35806
0.0,2e-05,1e-05,0.4,0.5674379,394.65118
0.0,2e-05,1e-05,0.5,0.56932306,393.08243
0.0,2e-05,1e-05,0.6,0.56854403,393.4944
0.0,2e-05,1e-05,0.7,0.5682738,393.63947
0.0,2e-05,1e-05,0.8,0.56815434,393.7037
0.0,2e-05,1e-05,0.9,0.5680939,393.7361
0.0,2e-05,1e-05,1.0,0.5680602,393.75436
0.0,2e-05,0.0,0.0,0.38737267,302.19144
0.0,2e-05,0.0,0.1,0.5945037,391.51617
0.0,2e-05,0.0,0.2,0.77412784,390.64154
0.0,2e-05,0.0,0.3,0.635121,390.3582
0.0,2e-05,0.0,0.4,0.56743836,394.65094
0.0,2e-05,0.0,0.5,0.5693232,393.08243
0.0,2e-05,0.0,0.6,0.5685441,393.4944
0.0,2e-05,0.0,0.7,0.5682738,393.63947
0.0,2e-05,0.0,0.8,0.56815434,393.7037
0.0,2e-05,0.0,0.9,0.5680939,393.7361
0.0,2e-05,0.0,1.0,0.5680602,393.75436
1.28e-05,1.38e-05,1e-05,0.0,0.38737574,302.19193
1.28e-05,1.38e-05,1e-05,0.1,0.5945038,391.51492
1.28e-05,1.38e-05,1e-05,0.2,0.7741324,390.64053
1.28e-05,1.38e-05,1e-05,0.3,0.6351344,390.3578
1.28e-05,1.38e-05,1e-05,0.4,0.5674372,394.6517
1.28e-05,1.38e-05,1e-05,0.5,0.569323,393.08243
1.28e-05,1.38e-05,1e-05,0.6,0.568544,393.4944
1.28e-05,1.38e-05,1e-05,0.7,0.5682737,393.63947
1.28e-05,1.38e-05,1e-05,0.8,0.56815434,393.7037
1.28e-05,1.38e-05,1e-05,0.9,0.5680939,393.7361
1.28e-05,1.38e-05,1e-05,1.0,0.5680602,393.75436
0.0,0.0,0.0,0.0,0.38740787,302.19675
0.0,0.0,0.0,0.1,0.59450376,391.51898
0.0,0.0,0.0,0.2,0.77412283,390.64246
0.0,0.0,0.0,0.3,0.6351024,390.35864
0.0,0.0,0.0,0.4,0.56744003,394.64987
0.0,0.0,0.0,0.5,0.56932306,393.08243
0.0,0.0,0.0,0.6,0.56854403,393.4944
0.0,0.0,0.0,0.7,0.5682737,393.63947
0.0,0.0,0.0,0.8,0.56815434,393.7037
0.0,0.0,0.0,0.9,0.5680939,393.7361
0.0,0.0,0.0,1.0,0.5680602,393.75436
1.28e-05,1.38e-05,0.0,0.0,0.38735896,302.18954
1.28e-05,1.38e-05,0.0,0.1,0.59450376,391.51483
1.28e-05,1.38e-05,0.0,0.2,0.77413076,390.6409
1.28e-05,1.38e-05,0.0,0.3,0.63513094,390.35797
1.28e-05,1.38e-05,0.0,0.4,0.5674376,394.65155
1.28e-05,1.38e-05,0.0,0.5,0.56932294,393.08243
1.28e-05,1.38e-05,0.0,0.6,0.568544,393.4944
1.28e-05,1.38e-05,0.0,0.7,0.5682737,393.63947
1.28e-05,1.38e-05,0.0,0.8,0.56815434,393.7037
1.28e-05,1.38e-05,0.0,0.9,0.5680939,393.7361
1.28e-05,1.38e-05,0.0,1.0,0.5680602,393.75436
0.0,0.0,1e-05,0.0,0.38742453,302.19904
0.0,0.0,1e-05,0.1,0.5945038,391.51907
0.0,0.0,1e-05,0.2,0.7741243,390.64218
0.0,0.0,1e-05,0.3,0.63510597,390.35864
0.0,0.0,1e-05,0.4,0.56743956,394.65027
0.0,0.0,1e-05,0.5,0.56932306,393.08243
0.0,0.0,1e-05,0.6,0.568544,393.4944
0.0,0.0,1e-05,0.7,0.5682737,393.63947
0.0,0.0,1e-05,0.8,0.56815434,393.7037
0.0,0.0,1e-05,0.9,0.5680939,393.7361
0.0,0.0,1e-05,1.0,0.5680602,393.75436
2e-05,0.0,1e-05,0.0,0.3873864,302.19348
2e-05,0.0,1e-05,0.1,0.5945039,391.51572
2e-05,0.0,1e-05,0.2,0.77413136,390.64078
2e-05,0.0,1e-05,0.3,0.63513035,390.35794
2e-05,0.0,1e-05,0.4,0.56743747,394.6516
2e-05,0.0,1e-05,0.5,0.56932306,393.08243
2e-05,0.0,1e-05,0.6,0.56854403,393.4944
2e-05,0.0,1e-05,0.7,0.5682737,393.63947
2e-05,0.0,1e-05,0.8,0.56815434,393.7037
2e-05,0.0,1e-05,0.9,0.5680939,393.7361
2e-05,0.0,1e-05,1.0,0.5680602,393.75436
2e-05,0.0,0.0,0.0,0.3873695,302.19098
2e-05,0.0,0.0,0.1,0.5945039,391.51556
2e-05,0.0,0.0,0.2,0.77413005,390.641
2e-05,0.0,0.0,0.3,0.6351267,390.35803
2e-05,0.0,0.0,0.4,0.5674378,394.6513
2e-05,0.0,0.0,0.5,0.5693231,393.08243
2e-05,0.0,0.0,0.6,0.56854403,393.4944
2e-05,0.0,0.0,0.7,0.5682738,393.63947
2e-05,0.0,0.0,0.8,0.56815434,393.7037
2e-05,0.0,0.0,0.9,0.5680939,393.7361
2e-05,0.0,0.0,1.0,0.5680602,393.75436
0.0,4.01e-05,0.0,0.0,0.38733706,302.1863
0.0,4.01e-05,0.0,0.1,0.59450376,391.51328
0.0,4.01e-05,0.0,0.2,0.7741329,390.64056
0.0,4.01e-05,0.0,0.3,0.63513976,390.3578
0.0,4.01e-05,0.0,0.4,0.56743705,394.652
0.0,4.01e-05,0.0,0.5,0.5693229,393.08243
0.0,4.01e-05,0.0,0.6,0.568544,393.4944
0.0,4.01e-05,0.0,0.7,0.5682737,393.63947
0.0,4.01e-05,0.0,0.8,0.56815434,393.7037
0.0,4.01e-05,0.0,0.9,0.5680939,393.7361
0.0,4.01e-05,0.0,1.0,0.5680602,393.75436
0.0,4e-05,1e-05,0.0,0.38735393,302.1887
0.0,4e-05,1e-05,0.1,0.5945038,391.51343
0.0,4e-05,1e-05,0.2,0.7741345,390.6403
0.0,4e-05,1e-05,0.3,0.6351431,390.35764
0.0,4e-05,1e-05,0.4,0.5674365,394.65225
0.0,4e-05,1e-05,0.5,0.56932306,393.08243
0.0,4e-05,1e-05,0.6,0.568544,393.4944
0.0,4e-05,1e-05,0.7,0.56827366,393.63947
0.0,4e-05,1e-05,0.8,0.56815434,393.7037
0.0,4e-05,1e-05,0.9,0.5680939,393.7361
0.0,4e-05,1e-05,1.0,0.5680602,393.75436
1.47e-05,3.02e-05,0.0,0.0,0.38732633,302.18466
1.47e-05,3.02e-05,0.0,0.1,0.5945035,391.51212
1.47e-05,3.02e-05,0.0,0.2,0.7741356,390.64
1.47e-05,3.02e-05,0.0,0.3,0.6351483,390.3576
1.47e-05,3.02e-05,0.0,0.4,0.5674361,394.6525
1.47e-05,3.02e-05,0.0,0.5,0.5693232,393.08243
1.47e-05,3.02e-05,0.0,0.6,0.56854403,393.4944
1.47e-05,3.02e-05,0.0,0.7,0.56827366,393.63947
1.47e-05,3.02e-05,0.0,0.8,0.56815434,393.7037
1.47e-05,3.02e-05,0.0,0.9,0.5680939,393.7361
1.47e-05,3.02e-05,0.0,1.0,0.5680602,393.75436
1.48e-05,4.94e-05,0.0,0.0,0.38729215,302.17966
1.48e-05,4.94e-05,0.0,0.1,0.59450346,391.5094
1.48e-05,4.94e-05,0.0,0.2,0.77414006,390.63928
1.48e-05,4.94e-05,0.0,0.3,0.63516605,390.35703
1.48e-05,4.94e-05,0.0,0.4,0.56743443,394.65353
1.48e-05,4.94e-05,0.0,0.5,0.5693232,393.0824
1.48e-05,4.94e-05,0.0,0.6,0.56854403,393.4944
1.48e-05,4.94e-05,0.0,0.7,0.56827366,393.63943
1.48e-05,4.94e-05,0.0,0.8,0.5681544,393.70367
1.48e-05,4.94e-05,0.0,0.9,0.5680939,393.7361
1.48e-05,4.94e-05,0.0,1.0,0.56806016,393.75436
0.0,6.01e-05,0.0,0.0,0.38730165,302.18106
0.0,6.01e-05,0.0,0.1,0.5945035,391.51044
0.0,6.01e-05,0.0,0.2,0.7741375,390.63962
0.0,6.01e-05,0.0,0.3,0.6351581,390.3573
0.0,6.01e-05,0.0,0.4,0.5674353,394.65305
0.0,6.01e-05,0.0,0.5,0.5693231,393.0824
0.0,6.01e-05,0.0,0.6,0.568544,393.4944
0.0,6.01e-05,0.0,0.7,0.5682737,393.63947
0.0,6.01e-05,0.0,0.8,0.56815434,393.70367
0.0,6.01e-05,0.0,0.9,0.5680939,393.7361
0.0,6.01e-05,0.0,1.0,0.56806016,393.75436
0.0,6e-05,1e-05,0.0,0.38731873,302.1835
0.0,6e-05,1e-05,0.1,0.59450346,391.51056
0.0,6e-05,1e-05,0.2,0.7741392,390.63934
0.0,6e-05,1e-05,0.3,0.6351617,390.3571
0.0,6e-05,1e-05,0.4,0.56743467,394.65326
0.0,6e-05,1e-05,0.5,0.56932306,393.0824
0.0,6e-05,1e-05,0.6,0.56854403,393.4944
0.0,6e-05,1e-05,0.7,0.5682737,393.63947
0.0,6e-05,1e-05,0.8,0.5681544,393.70367
0.0,6e-05,1e-05,0.9,0.5680939,393.7361
0.0,6e-05,1e-05,1.0,0.56806016,393.75436
1.58e-05,4.94e-05,1e-05,0.0,0.38730705,302.18176
1.58e-05,4.94e-05,1e-05,0.1,0.59450346,391.50934
1.58e-05,4.94e-05,1e-05,0.2,0.7741418,390.63885
1.58e-05,4.94e-05,1e-05,0.3,0.6351709,390.35687
1.58e-05,4.94e-05,1e-05,0.4,0.5674339,394.65396
1.58e-05,4.94e-05,1e-05,0.5,0.56932324,393.0824
1.58e-05,4.94e-05,1e-05,0.6,0.5685441,393.4944
1.58e-05,4.94e-05,1e-05,0.7,0.56827366,393.63943
1.58e-05,4.94e-05,1e-05,0.8,0.5681544,393.70367
1.58e-05,4.94e-05,1e-05,0.9,0.5680939,393.7361
1.58e-05,4.94e-05,1e-05,1.0,0.56806016,393.75436
1.48e-05,3.02e-05,1e-05,0.0,0.3873429,302.18704
1.48e-05,3.02e-05,1e-05,0.1,0.59450364,391.5122
1.48e-05,3.02e-05,1e-05,0.2,0.7741372,390.63968
1.48e-05,3.02e-05,1e-05,0.3,0.6351519,390.3574
1.48e-05,3.02e-05,1e-05,0.4,0.56743556,394.65277
1.48e-05,3.02e-05,1e-05,0.5,0.56932306,393.08243
1.48e-05,3.02e-05,1e-05,0.6,0.56854403,393.4944
1.48e-05,3.02e-05,1e-05,0.7,0.56827366,393.63947
1.48e-05,3.02e-05,1e-05,0.8,0.56815434,393.7037
1.48e-05,3.02e-05,1e-05,0.9,0.5680939,393.7361
1.48e-05,3.02e-05,1e-05,1.0,0.5680602,393.75436
2.98e-05,1.76e-05,0.0,0.0,0.3873198,302.18372
2.98e-05,1.76e-05,0.0,0.1,0.5945036,391.51138
2.98e-05,1.76e-05,0.0,0.2,0.7741375,390.63965
2.98e-05,1.76e-05,0.0,0.3,0.6351549,390.35724
2.98e-05,1.76e-05,0.0,0.4,0.56743526,394.6529
2.98e-05,1.76e-05,0.0,0.5,0.569323,393.0824
2.98e-05,1.76e-05,0.0,0.6,0.568544,393.4944
2.98e-05,1.76e-05,0.0,0.7,0.56827366,393.63947
2.98e-05,1.76e-05,0.0,0.8,0.56815434,393.7037
2.98e-05,1.76e-05,0.0,0.9,0.5680939,393.7361
2.98e-05,1.76e-05,0.0,1.0,0.56806016,393.75436
3.09e-05,1.78e-05,1e-05,0.0,0.38733402,302.18576
3.09e-05,1.78e-05,1e-05,0.1,0.59450364,391.51126
3.09e-05,1.78e-05,1e-05,0.2,0.7741397,390.63928
3.09e-05,1.78e-05,1e-05,0.3,0.63515997,390.35706
3.09e-05,1.78e-05,1e-05,0.4,0.5674347,394.65323
3.09e-05,1.78e-05,1e-05,0.5,0.5693231,393.0824
3.09e-05,1.78e-05,1e-05,0.6,0.568544,393.4944
3.09e-05,1.78e-05,1e-05,0.7,0.5682737,393.63947
3.09e-05,1.78e-05,1e-05,0.8,0.56815434,393.70367
3.09e-05,1.78e-05,1e-05,0.9,0.5680939,393.7361
3.09e-05,1.78e-05,1e-05,1.0,0.56806016,393.75436
4.02e-05,6.93e-06,5.05e-06,0.0,0.38732705,302.1847
4.02e-05,6.93e-06,5.05e-06,0.1,0.5945037,391.5112
4.02e-05,6.93e-06,5.05e-06,0.2,0.7741395,390.63928
4.02e-05,6.93e-06,5.05e-06,0.3,0.63515925,390.3571
4.02e-05,6.93e-06,5.05e-06,0.4,0.56743497,394.65317
4.02e-05,6.93e-06,5.05e-06,0.5,0.5693231,393.0824
4.02e-05,6.93e-06,5.05e-06,0.6,0.568544,393.4944
4.02e-05,6.93e-06,5.05e-06,0.7,0.5682737,393.63947
4.02e-05,6.93e-06,5.05e-06,0.8,0.56815434,393.70367
4.02e-05,6.93e-06,5.05e-06,0.9,0.5680939,393.7361
4.02e-05,6.93e-06,5.05e-06,1.0,0.56806016,393.75436
4e-05,0.0,1e-05,0.0,0.387348,302.18777
4e-05,0.0,1e-05,0.1,0.59450364,391.5122
4e-05,0.0,1e-05,0.2,0.7741382,390.6395
4e-05,0.0,1e-05,0.3,0.63515455,390.3572
4e-05,0.0,1e-05,0.4,0.5674352,394.653
4e-05,0.0,1e-05,0.5,0.569323,393.0824
4e-05,0.0,1e-05,0.6,0.568544,393.4944
4e-05,0.0,1e-05,0.7,0.56827366,393.63947
4e-05,0.0,1e-05,0.8,0.56815434,393.7037
4e-05,0.0,1e-05,0.9,0.5680939,393.7361
4e-05,0.0,1e-05,1.0,0.5680602,393.75436
4e-05,0.0,0.0,0.0,0.38733128,302.18536
4e-05,0.0,0.0,0.1,0.59450346,391.5121
4e-05,0.0,0.0,0.2,0.7741368,390.63974
4e-05,0.0,0.0,0.3,0.6351508,390.35748
4e-05,0.0,0.0,0.4,0.5674358,394.65265
4e-05,0.0,0.0,0.5,0.5693232,393.08243
4e-05,0.0,0.0,0.6,0.56854403,393.4944
4e-05,0.0,0.0,0.7,0.56827366,393.63947
4e-05,0.0,0.0,0.8,0.56815434,393.7037
4e-05,0.0,0.0,0.9,0.5680939,393.7361
4e-05,0.0,0.0,1.0,0.5680602,393.75436
0.0,8e-05,0.0,0.0,0.3872664,302.17587
0.0,8e-05,0.0,0.1,0.5945034,391.5076
0.0,8e-05,0.0,0.2,0.7741418,390.63892
0.0,8e-05,0.0,0.3,0.6351765,390.35687
0.0,8e-05,0.0,0.4,0.5674336,394.6541
0.0,8e-05,0.0,0.5,0.5693232,393.08234
0.0,8e-05,0.0,0.6,0.568544,393.4944
0.0,8e-05,0.0,0.7,0.56827354,393.63943
0.0,8e-05,0.0,0.8,0.5681544,393.70367
0.0,8e-05,0.0,0.9,0.5680939,393.7361
0.0,8e-05,0.0,1.0,0.56806016,393.75436
0.0,8e-05,1e-05,0.0,0.38728312,302.17828
0.0,8e-05,1e-05,0.1,0.59450346,391.50772
0.0,8e-05,1e-05,0.2,0.77414364,390.6387
0.0,8e-05,1e-05,0.3,0.63518,390.35684
0.0,8e-05,1e-05,0.4,0.5674332,394.6544
0.0,8e-05,1e-05,0.5,0.56932324,393.08237
0.0,8e-05,1e-05,0.6,0.568544,393.4944
0.0,8e-05,1e-05,0.7,0.56827354,393.63943
0.0,8e-05,1e-05,0.8,0.5681544,393.70367
0.0,8e-05,1e-05,0.9,0.5680939,393.7361
0.0,8e-05,1e-05,1.0,0.56806016,393.75436
1.49e-05,8.68e-05,0.0,0.0,0.3872259,302.16995
1.49e-05,8.68e-05,0.0,0.1,0.59450334,391.5041
1.49e-05,8.68e-05,0.0,0.2,0.77414805,390.63788
1.49e-05,8.68e-05,0.0,0.3,0.63520044,390.35645
1.49e-05,8.68e-05,0.0,0.4,0.56743133,394.65536
1.49e-05,8.68e-05,0.0,0.5,0.5693234,393.08234
1.49e-05,8.68e-05,0.0,0.6,0.56854403,393.4944
1.49e-05,8.68e-05,0.0,0.7,0.5682738,393.63943
1.49e-05,8.68e-05,0.0,0.8,0.5681544,393.70367
1.49e-05,8.68e-05,0.0,0.9,0.5680939,393.7361
1.49e-05,8.68e-05,0.0,1.0,0.56806016,393.75436
0.0,1e-04,0.0,0.0,0.3872311,302.17065
0.0,1e-04,0.0,0.1,0.5945032,391.50473
0.0,1e-04,0.0,0.2,0.7741462,390.63818
0.0,1e-04,0.0,0.3,0.6351947,390.35663
0.0,1e-04,0.0,0.4,0.56743187,394.65503
0.0,1e-04,0.0,0.5,0.5693234,393.08234
0.0,1e-04,0.0,0.6,0.568544,393.4944
0.0,1e-04,0.0,0.7,0.5682738,393.63943
0.0,1e-04,0.0,0.8,0.5681544,393.70367
0.0,1e-04,0.0,0.9,0.5680939,393.7361
0.0,1e-04,0.0,1.0,0.56806016,393.75436
0.0,1e-04,1e-05,0.0,0.38724765,302.173
0.0,1e-04,1e-05,0.1,0.59450334,391.50482
0.0,1e-04,1e-05,0.2,0.7741479,390.6379
0.0,1e-04,1e-05,0.3,0.6351985,390.3565
0.0,1e-04,1e-05,0.4,0.5674316,394.6552
0.0,1e-04,1e-05,0.5,0.5693234,393.08234
0.0,1e-04,1e-05,0.6,0.56854403,393.4944
0.0,1e-04,1e-05,0.7,0.5682738,393.63943
0.0,1e-04,1e-05,0.8,0.5681544,393.70367
0.0,1e-04,1e-05,0.9,0.5680939,393.7361
0.0,1e-04,1e-05,1.0,0.56806016,393.75436
1.5e-05,8.68e-05,1e-05,0.0,0.3872424,302.17227
1.5e-05,8.68e-05,1e-05,0.1,0.59450334,391.50418
1.5e-05,8.68e-05,1e-05,0.2,0.7741497,390.63763
1.5e-05,8.68e-05,1e-05,0.3,0.6352042,390.35648
1.5e-05,8.68e-05,1e-05,0.4,0.5674309,394.65567
1.5e-05,8.68e-05,1e-05,0.5,0.5693233,393.08234
1.5e-05,8.68e-05,1e-05,0.6,0.56854403,393.4944
1.5e-05,8.68e-05,1e-05,0.7,0.5682738,393.63943
1.5e-05,8.68e-05,1e-05,0.8,0.5681544,393.70367
1.5e-05,8.68e-05,1e-05,0.9,0.5680939,393.7361
1.5e-05,8.68e-05,1e-05,1.0,0.56806016,393.75436
1.78e-05,6.9e-05,0.0,0.0,0.38725182,302.17377
1.78e-05,6.9e-05,0.0,0.1,0.5945033,391.5061
1.78e-05,6.9e-05,0.0,0.2,0.7741452,390.63837
1.78e-05,6.9e-05,0.0,0.3,0.63518775,390.35672
1.78e-05,6.9e-05,0.0,0.4,0.56743246,394.65475
1.78e-05,6.9e-05,0.0,0.5,0.5693233,393.08234
1.78e-05,6.9e-05,0.0,0.6,0.56854403,393.4944
1.78e-05,6.9e-05,0.0,0.7,0.5682737,393.63943
1.78e-05,6.9e-05,0.0,0.8,0.5681544,393.70367
1.78e-05,6.9e-05,0.0,0.9,0.5680939,393.7361
1.78e-05,6.9e-05,0.0,1.0,0.56806016,393.75436
1.82e-05,6.9e-05,1e-05,0.0,0.3872678,302.176
1.82e-05,6.9e-05,1e-05,0.1,0.5945034,391.50616
1.82e-05,6.9e-05,1e-05,0.2,0.7741468,390.6381
1.82e-05,6.9e-05,1e-05,0.3,0.63519186,390.35657
1.82e-05,6.9e-05,1e-05,0.4,0.5674321,394.655
1.82e-05,6.9e-05,1e-05,0.5,0.56932336,393.08234
1.82e-05,6.9e-05,1e-05,0.6,0.56854403,393.4944
1.82e-05,6.9e-05,1e-05,0.7,0.5682737,393.63943
1.82e-05,6.9e-05,1e-05,0.8,0.5681544,393.70367
1.82e-05,6.9e-05,1e-05,0.9,0.5680939,393.7361
1.82e-05,6.9e-05,1e-05,1.0,0.56806016,393.75436
2.9e-05,5.47e-05,0.0,0.0,0.38725564,302.17426
2.9e-05,5.47e-05,0.0,0.1,0.5945034,391.5063
2.9e-05,5.47e-05,0.0,0.2,0.7741455,390.6383
2.9e-05,5.47e-05,0.0,0.3,0.6351882,390.35672
2.9e-05,5.47e-05,0.0,0.4,0.5674324,394.65475
2.9e-05,5.47e-05,0.0,0.5,0.5693233,393.08234
2.9e-05,5.47e-05,0.0,0.6,0.56854403,393.4944
2.9e-05,5.47e-05,0.0,0.7,0.5682737,393.63943
2.9e-05,5.47e-05,0.0,0.8,0.5681544,393.70367
2.9e-05,5.47e-05,0.0,0.9,0.5680939,393.7361
2.9e-05,5.47e-05,0.0,1.0,0.56806016,393.75436
3.04e-05,3.9e-05,0.0,0.0,0.38728067,302.17792
3.04e-05,3.9e-05,0.0,0.1,0.59450346,391.50827
3.04e-05,3.9e-05,0.0,0.2,0.77414256,390.63882
3.04e-05,3.9e-05,0.0,0.3,0.63517535,390.35687
3.04e-05,3.9e-05,0.0,0.4,0.56743354,394.6541
3.04e-05,3.9e-05,0.0,0.5,0.56932324,393.0824
3.04e-05,3.9e-05,0.0,0.6,0.568544,393.4944
3.04e-05,3.9e-05,0.0,0.7,0.56827366,393.63943
3.04e-05,3.9e-05,0.0,0.8,0.5681544,393.70367
3.04e-05,3.9e-05,0.0,0.9,0.5680939,393.7361
3.04e-05,3.9e-05,0.0,1.0,0.56806016,393.75436
3e-05,5.43e-05,1e-05,0.0,0.38727105,302.17648
3e-05,5.43e-05,1e-05,0.1,0.5945034,391.50623
3e-05,5.43e-05,1e-05,0.2,0.7741474,390.63803
3e-05,5.43e-05,1e-05,0.3,0.6351924,390.35654
3e-05,5.43e-05,1e-05,0.4,0.56743187,394.65503
3e-05,5.43e-05,1e-05,0.5,0.56932336,393.08234
3e-05,5.43e-05,1e-05,0.6,0.56854403,393.4944
3e-05,5.43e-05,1e-05,0.7,0.5682737,393.63943
3e-05,5.43e-05,1e-05,0.8,0.5681544,393.70367
3e-05,5.43e-05,1e-05,0.9,0.5680939,393.7361
3e-05,5.43e-05,1e-05,1.0,0.56806016,393.75436
3.04e-05,3.9e-05,1e-05,0.0,0.3872974,302.1804
3.04e-05,3.9e-05,1e-05,0.1,0.59450346,391.50836
3.04e-05,3.9e-05,1e-05,0.2,0.7741443,390.63855
3.04e-05,3.9e-05,1e-05,0.3,0.6351788,390.3568
3.04e-05,3.9e-05,1e-05,0.4,0.5674332,394.6544
3.04e-05,3.9e-05,1e-05,0.5,0.5693232,393.08234
3.04e-05,3.9e-05,1e-05,0.6,0.568544,393.4944
3.04e-05,3.9e-05,1e-05,0.7,0.5682736,393.63943
3.04e-05,3.9e-05,1e-05,0.8,0.5681544,393.70367
3.04e-05,3.9e-05,1e-05,0.9,0.5680939,393.7361
3.04e-05,3.9e-05,1e-05,1.0,0.56806016,393.75436
4.46e-05,3.16e-05,0.0,0.0,0.38726646,302.17587
4.46e-05,3.16e-05,0.0,0.1,0.59450334,391.50684
4.46e-05,3.16e-05,0.0,0.2,0.77414554,390.63834
4.46e-05,3.16e-05,0.0,0.3,0.6351855,390.35678
4.46e-05,3.16e-05,0.0,0.4,0.5674326,394.6547
4.46e-05,3.16e-05,0.0,0.5,0.56932336,393.08234
4.46e-05,3.16e-05,0.0,0.6,0.568544,393.4944
4.46e-05,3.16e-05,0.0,0.7,0.5682737,393.63943
4.46e-05,3.16e-05,0.0,0.8,0.5681544,393.70367
4.46e-05,3.16e-05,0.0,0.9,0.5680939,393.7361
4.46e-05,3.16e-05,0.0,1.0,0.56806016,393.75436
4.45e-05,3.15e-05,1e-05,0.0,0.38728383,302.17844
4.45e-05,3.15e-05,1e-05,0.1,0.5945034,391.507
4.45e-05,3.15e-05,1e-05,0.2,0.77414674,390.638
4.45e-05,3.15e-05,1e-05,0.3,0.6351889,390.35663
4.45e-05,3.15e-05,1e-05,0.4,0.56743217,394.65488
4.45e-05,3.15e-05,1e-05,0.5,0.5693233,393.08234
4.45e-05,3.15e-05,1e-05,0.6,0.56854403,393.4944
4.45e-05,3.15e-05,1e-05,0.7,0.5682737,393.63943
4.45e-05,3.15e-05,1e-05,0.8,0.5681544,393.70367
4.45e-05,3.15e-05,1e-05,0.9,0.5680939,393.7361
4.45e-05,3.15e-05,1e-05,1.0,0.56806016,393.75436
5.1e-05,1.68e-05,1e-05,0.0,0.38729715,302.18036
5.1e-05,1.68e-05,1e-05,0.1,0.5945035,391.508
5.1e-05,1.68e-05,1e-05,0.2,0.77414566,390.63828
5.1e-05,1.68e-05,1e-05,0.3,0.6351831,390.35672
5.1e-05,1.68e-05,1e-05,0.4,0.5674328,394.6547
5.1e-05,1.68e-05,1e-05,0.5,0.56932324,393.08237
5.1e-05,1.68e-05,1e-05,0.6,0.568544,393.4944
5.1e-05,1.68e-05,1e-05,0.7,0.56827366,393.63943
5.1e-05,1.68e-05,1e-05,0.8,0.5681544,393.70367
5.1e-05,1.68e-05,1e-05,0.9,0.5680939,393.7361
5.1e-05,1.68e-05,1e-05,1.0,0.56806016,393.75436
5.1e-05,1.68e-05,0.0,0.0,0.38728043,302.17792
5.1e-05,1.68e-05,0.0,0.1,0.59450334,391.50787
5.1e-05,1.68e-05,0.0,0.2,0.77414435,390.63855
5.1e-05,1.68e-05,0.0,0.3,0.6351798,390.35678
5.1e-05,1.68e-05,0.0,0.4,0.5674331,394.65442
5.1e-05,1.68e-05,0.0,0.5,0.56932324,393.08234
5.1e-05,1.68e-05,0.0,0.6,0.568544,393.4944
5.1e-05,1.68e-05,0.0,0.7,0.5682736,393.63943
5.1e-05,1.68e-05,0.0,0.8,0.5681544,393.70367
5.1e-05,1.68e-05,0.0,0.9,0.5680939,393.7361
5.1e-05,1.68e-05,0.0,1.0,0.56806016,393.75436
6e-05,0.0,1e-05,0.0,0.38730988,302.1821
6e-05,0.0,1e-05,0.1,0.5945036,391.5088
6e-05,0.0,1e-05,0.2,0.774145,390.6385
6e-05,0.0,1e-05,0.3,0.63517857,390.35672
6e-05,0.0,1e-05,0.4,0.567433,394.65448
6e-05,0.0,1e-05,0.5,0.56932324,393.08237
6e-05,0.0,1e-05,0.6,0.568544,393.4944
6e-05,0.0,1e-05,0.7,0.56827366,393.63943
6e-05,0.0,1e-05,0.8,0.5681544,393.70367
6e-05,0.0,1e-05,0.9,0.5680939,393.7361
6e-05,0.0,1e-05,1.0,0.56806016,393.75436
6e-05,0.0,0.0,0.0,0.38729277,302.17972
6e-05,0.0,0.0,0.1,0.59450346,391.50873
6e-05,0.0,0.0,0.2,0.77414346,390.6387
6e-05,0.0,0.0,0.3,0.63517493,390.3568
6e-05,0.0,0.0,0.4,0.56743354,394.6542
6e-05,0.0,0.0,0.5,0.56932324,393.0824
6e-05,0.0,0.0,0.6,0.56854403,393.4944
6e-05,0.0,0.0,0.7,0.56827366,393.63943
6e-05,0.0,0.0,0.8,0.5681544,393.70367
6e-05,0.0,0.0,0.9,0.5680939,393.7361
6e-05,0.0,0.0,1.0,0.56806016,393.75436
2e-05,1e-04,0.0,0.0,0.3871927,302.165
2e-05,1e-04,0.0,0.1,0.59450316,391.50134
2e-05,1e-04,0.0,0.2,0.77415204,390.63712
2e-05,1e-04,0.0,0.3,0.63521856,390.3562
2e-05,1e-04,0.0,0.4,0.56742966,394.65643
2e-05,1e-04,0.0,0.5,0.56932336,393.0823
2e-05,1e-04,0.0,0.6,0.5685441,393.49435
2e-05,1e-04,0.0,0.7,0.5682737,393.63943
2e-05,1e-04,0.0,0.8,0.5681543,393.70367
2e-05,1e-04,0.0,0.9,0.56809384,393.73608
2e-05,1e-04,0.0,1.0,0.56806016,393.75436
2e-05,1e-04,1e-05,0.0,0.38720936,302.16745
2e-05,1e-04,1e-05,0.1,0.5945033,391.50143
2e-05,1e-04,1e-05,0.2,0.7741536,390.63687
2e-05,1e-04,1e-05,0.3,0.6352222,390.35608
2e-05,1e-04,1e-05,0.4,0.56742924,394.65665
2e-05,1e-04,1e-05,0.5,0.56932324,393.08228
2e-05,1e-04,1e-05,0.6,0.56854415,393.49435
2e-05,1e-04,1e-05,0.7,0.5682737,393.63943
2e-05,1e-04,1e-05,0.8,0.5681543,393.70367
2e-05,1e-04,1e-05,0.9,0.56809384,393.73608
2e-05,1e-04,1e-05,1.0,0.56806016,393.75436
3.01e-05,8.51e-05,0.0,0.0,0.38719976,302.1661
3.01e-05,8.51e-05,0.0,0.1,0.5945033,391.5017
3.01e-05,8.51e-05,0.0,0.2,0.7741521,390.63718
3.01e-05,8.51e-05,0.0,0.3,0.63521695,390.35626
3.01e-05,8.51e-05,0.0,0.4,0.5674299,394.6563
3.01e-05,8.51e-05,0.0,0.5,0.5693233,393.0823
3.01e-05,8.51e-05,0.0,0.6,0.56854415,393.49435
3.01e-05,8.51e-05,0.0,0.7,0.5682737,393.63943
3.01e-05,8.51e-05,0.0,0.8,0.5681543,393.70367
3.01e-05,8.51e-05,0.0,0.9,0.5680938,393.73608
3.01e-05,8.51e-05,0.0,1.0,0.56806016,393.75436
3.11e-05,8.54e-05,1e-05,0.0,0.3872141,302.16806
3.11e-05,8.54e-05,1e-05,0.1,0.5945033,391.5016
3.11e-05,8.54e-05,1e-05,0.2,0.77415377,390.63684
3.11e-05,8.54e-05,1e-05,0.3,0.63522196,390.35605
3.11e-05,8.54e-05,1e-05,0.4,0.5674292,394.65668
3.11e-05,8.54e-05,1e-05,0.5,0.56932324,393.08228
3.11e-05,8.54e-05,1e-05,0.6,0.56854415,393.49435
3.11e-05,8.54e-05,1e-05,0.7,0.5682737,393.63943
3.11e-05,8.54e-05,1e-05,0.8,0.5681543,393.70367
3.11e-05,8.54e-05,1e-05,0.9,0.56809384,393.7361
3.11e-05,8.54e-05,1e-05,1.0,0.56806016,393.75436
3.83e-05,6.75e-05,0.0,0.0,0.38721505,302.1682
3.83e-05,6.75e-05,0.0,0.1,0.5945034,391.50287
3.83e-05,6.75e-05,0.0,0.2,0.774151,390.63733
3.83e-05,6.75e-05,0.0,0.3,0.6352107,390.35635
3.83e-05,6.75e-05,0.0,0.4,0.5674304,394.656
3.83e-05,6.75e-05,0.0,0.5,0.5693233,393.0823
3.83e-05,6.75e-05,0.0,0.6,0.56854403,393.4944
3.83e-05,6.75e-05,0.0,0.7,0.5682738,393.63943
3.83e-05,6.75e-05,0.0,0.8,0.5681544,393.70367
3.83e-05,6.75e-05,0.0,0.9,0.56809384,393.73608
3.83e-05,6.75e-05,0.0,1.0,0.56806016,393.75436
3.9e-05,6.75e-05,1e-05,0.0,0.3872306,302.17053
3.9e-05,6.75e-05,1e-05,0.1,0.5945034,391.50287
3.9e-05,6.75e-05,1e-05,0.2,0.7741527,390.63702
3.9e-05,6.75e-05,1e-05,0.3,0.6352151,390.35617
3.9e-05,6.75e-05,1e-05,0.4,0.56742996,394.65628
3.9e-05,6.75e-05,1e-05,0.5,0.5693233,393.0823
3.9e-05,6.75e-05,1e-05,0.6,0.56854415,393.49435
3.9e-05,6.75e-05,1e-05,0.7,0.5682738,393.63943
3.9e-05,6.75e-05,1e-05,0.8,0.5681543,393.70367
3.9e-05,6.75e-05,1e-05,0.9,0.56809384,393.73608
3.9e-05,6.75e-05,1e-05,1.0,0.56806016,393.75436
4.82e-05,4.88e-05,0.0,0.0,0.38722917,302.17044
4.82e-05,4.88e-05,0.0,0.1,0.5945034,391.50385
4.82e-05,4.88e-05,0.0,0.2,0.77415013,390.63763
4.82e-05,4.88e-05,0.0,0.3,0.63520545,390.35635
4.82e-05,4.88e-05,0.0,0.4,0.5674308,394.65576
4.82e-05,4.88e-05,0.0,0.5,0.5693233,393.0823
4.82e-05,4.88e-05,0.0,0.6,0.56854403,393.4944
4.82e-05,4.88e-05,0.0,0.7,0.5682738,393.63943
4.82e-05,4.88e-05,0.0,0.8,0.5681544,393.70367
4.82e-05,4.88e-05,0.0,0.9,0.5680939,393.7361
4.82e-05,4.88e-05,0.0,1.0,0.56806016,393.75436
4.82e-05,4.88e-05,1e-05,0.0,0.387246,302.17276
4.82e-05,4.88e-05,1e-05,0.1,0.5945034,391.50394
4.82e-05,4.88e-05,1e-05,0.2,0.7741517,390.6372
4.82e-05,4.88e-05,1e-05,0.3,0.63520896,390.3563
4.82e-05,4.88e-05,1e-05,0.4,0.5674304,394.656
4.82e-05,4.88e-05,1e-05,0.5,0.5693232,393.0823
4.82e-05,4.88e-05,1e-05,0.6,0.5685441,393.4944
4.82e-05,4.88e-05,1e-05,0.7,0.5682738,393.63943
4.82e-05,4.88e-05,1e-05,0.8,0.56815434,393.70367
4.82e-05,4.88e-05,1e-05,0.9,0.5680939,393.7361
4.82e-05,4.88e-05,1e-05,1.0,0.56806016,393.75436
6.07e-05,3.3e-05,0.0,0.0,0.38723314,302.17096
6.07e-05,3.3e-05,0.0,0.1,0.59450334,391.50394
6.07e-05,3.3e-05,0.0,0.2,0.77415055,390.63754
6.07e-05,3.3e-05,0.0,0.3,0.6352058,390.35632
6.07e-05,3.3e-05,0.0,0.4,0.56743073,394.65582
6.07e-05,3.3e-05,0.0,0.5,0.56932324,393.08234
6.07e-05,3.3e-05,0.0,0.6,0.5685441,393.4944
6.07e-05,3.3e-05,0.0,0.7,0.5682738,393.63943
6.07e-05,3.3e-05,0.0,0.8,0.5681544,393.70367
6.07e-05,3.3e-05,0.0,0.9,0.5680939,393.7361
6.07e-05,3.3e-05,0.0,1.0,0.56806016,393.75436
6.1e-05,3.3e-05,1e-05,0.0,0.38724944,302.1732
6.1e-05,3.3e-05,1e-05,0.1,0.59450334,391.50397
6.1e-05,3.3e-05,1e-05,0.2,0.77415186,390.63705
6.1e-05,3.3e-05,1e-05,0.3,0.63520974,390.3562
6.1e-05,3.3e-05,1e-05,0.4,0.56743026,394.6561
6.1e-05,3.3e-05,1e-05,0.5,0.56932324,393.0823
6.1e-05,3.3e-05,1e-05,0.6,0.5685441,393.4944
6.1e-05,3.3e-05,1e-05,0.7,0.5682738,393.63943
6.1e-05,3.3e-05,1e-05,0.8,0.56815434,393.70367
6.1e-05,3.3e-05,1e-05,0.9,0.5680939,393.7361
6.1e-05,3.3e-05,1e-05,1.0,0.56806016,393.75436
7e-05,1.73e-05,1e-05,0.0,0.38725984,302.1749
7e-05,1.73e-05,1e-05,0.1,0.5945033,391.50464
7e-05,1.73e-05,1e-05,0.2,0.7741517,390.63727
7e-05,1.73e-05,1e-05,0.3,0.6352063,390.35617
7e-05,1.73e-05,1e-05,0.4,0.5674305,394.656
7e-05,1.73e-05,1e-05,0.5,0.56932324,393.08234
7e-05,1.73e-05,1e-05,0.6,0.56854403,393.4944
7e-05,1.73e-05,1e-05,0.7,0.5682738,393.63943
7e-05,1.73e-05,1e-05,0.8,0.56815434,393.70367
7e-05,1.73e-05,1e-05,0.9,0.5680939,393.7361
7e-05,1.73e-05,1e-05,1.0,0.56806016,393.75436
7e-05,1.73e-05,0.0,0.0,0.38724336,302.17245
7e-05,1.73e-05,0.0,0.1,0.5945033,391.50455
7e-05,1.73e-05,0.0,0.2,0.77415,390.63757
7e-05,1.73e-05,0.0,0.3,0.6352025,390.35638
7e-05,1.73e-05,0.0,0.4,0.56743103,394.65567
7e-05,1.73e-05,0.0,0.5,0.5693234,393.08234
7e-05,1.73e-05,0.0,0.6,0.56854403,393.4944
7e-05,1.73e-05,0.0,0.7,0.5682738,393.63943
7e-05,1.73e-05,0.0,0.8,0.5681544,393.70367
7e-05,1.73e-05,0.0,0.9,0.5680939,393.7361
7e-05,1.73e-05,0.0,1.0,0.56806016,393.75436
8e-05,0.0,1e-05,0.0,0.3872714,302.1765
8e-05,0.0,1e-05,0.1,0.5945034,391.50543
8e-05,0.0,1e-05,0.2,0.774151,390.63736
8e-05,0.0,1e-05,0.3,0.6352023,390.35623
8e-05,0.0,1e-05,0.4,0.56743073,394.65576
8e-05,0.0,1e-05,0.5,0.5693234,393.08234
8e-05,0.0,1e-05,0.6,0.56854403,393.4944
8e-05,0.0,1e-05,0.7,0.5682738,393.63943
8e-05,0.0,1e-05,0.8,0.56815434,393.70367
8e-05,0.0,1e-05,0.9,0.5680939,393.7361
8e-05,0.0,1e-05,1.0,0.56806016,393.75436
8e-05,0.0,0.0,0.0,0.38725466,302.17413
8e-05,0.0,0.0,0.1,0.5945034,391.50528
8e-05,0.0,0.0,0.2,0.7741495,390.63757
8e-05,0.0,0.0,0.3,0.6351988,390.35635
8e-05,0.0,0.0,0.4,0.56743115,394.6555
8e-05,0.0,0.0,0.5,0.56932336,393.08234
8e-05,0.0,0.0,0.6,0.56854403,393.4944
8e-05,0.0,0.0,0.7,0.5682738,393.63943
8e-05,0.0,0.0,0.8,0.5681544,393.70367
8e-05,0.0,0.0,0.9,0.5680939,393.7361
8e-05,0.0,0.0,1.0,0.56806016,393.75436
4e-05,1e-04,0.0,0.0,0.38715446,302.1594
4e-05,1e-04,0.0,0.1,0.59450316,391.498
4e-05,1e-04,0.0,0.2,0.7741573,390.63626
4e-05,1e-04,0.0,0.3,0.63524216,390.35583
4e-05,1e-04,0.0,0.4,0.5674276,394.65787
4e-05,1e-04,0.0,0.5,0.5693234,393.08224
4e-05,1e-04,0.0,0.6,0.56854403,393.49435
4e-05,1e-04,0.0,0.7,0.5682738,393.63943
4e-05,1e-04,0.0,0.8,0.56815434,393.70367
4e-05,1e-04,0.0,0.9,0.56809384,393.73608
4e-05,1e-04,0.0,1.0,0.5680602,393.75436
4e-05,1e-04,1e-05,0.0,0.38717106,302.1618
4e-05,1e-04,1e-05,0.1,0.5945031,391.49808
4e-05,1e-04,1e-05,0.2,0.7741587,390.63593
4e-05,1e-04,1e-05,0.3,0.6352458,390.35565
4e-05,1e-04,1e-05,0.4,0.56742704,394.6581
4e-05,1e-04,1e-05,0.5,0.5693234,393.08224
4e-05,1e-04,1e-05,0.6,0.5685442,393.49435
4e-05,1e-04,1e-05,0.7,0.5682738,393.63943
4e-05,1e-04,1e-05,0.8,0.56815434,393.70367
4e-05,1e-04,1e-05,0.9,0.56809384,393.73608
4e-05,1e-04,1e-05,1.0,0.5680602,393.75436
5e-05,8.27e-05,0.0,0.0,0.38716584,302.16095
5e-05,8.27e-05,0.0,0.1,0.59450316,391.4987
5e-05,8.27e-05,0.0,0.2,0.7741569,390.6363
5e-05,8.27e-05,0.0,0.3,0.63523847,390.3559
5e-05,8.27e-05,0.0,0.4,0.5674278,394.6577
5e-05,8.27e-05,0.0,0.5,0.56932336,393.08224
5e-05,8.27e-05,0.0,0.6,0.5685441,393.49435
5e-05,8.27e-05,0.0,0.7,0.5682738,393.63943
5e-05,8.27e-05,0.0,0.8,0.56815434,393.70367
5e-05,8.27e-05,0.0,0.9,0.56809384,393.73608
5e-05,8.27e-05,0.0,1.0,0.5680602,393.75436
5e-05,8.27e-05,1e-05,0.0,0.38718247,302.16345
5e-05,8.27e-05,1e-05,0.1,0.59450316,391.4988
5e-05,8.27e-05,1e-05,0.2,0.7741582,390.63596
5e-05,8.27e-05,1e-05,0.3,0.63524187,390.35568
5e-05,8.27e-05,1e-05,0.4,0.56742734,394.65796
5e-05,8.27e-05,1e-05,0.5,0.56932336,393.08224
5e-05,8.27e-05,1e-05,0.6,0.5685441,393.49435
5e-05,8.27e-05,1e-05,0.7,0.5682738,393.63943
5e-05,8.27e-05,1e-05,0.8,0.56815434,393.70367
5e-05,8.27e-05,1e-05,0.9,0.56809384,393.73608
5e-05,8.27e-05,1e-05,1.0,0.5680602,393.75436
5.9e-05,6.55e-05,0.0,0.0,0.387179,302.16293
5.9e-05,6.55e-05,0.0,0.1,0.5945032,391.49957
5.9e-05,6.55e-05,0.0,0.2,0.77415633,390.63632
5.9e-05,6.55e-05,0.0,0.3,0.6352335,390.35596
5.9e-05,6.55e-05,0.0,0.4,0.56742847,394.6575
5.9e-05,6.55e-05,0.0,0.5,0.5693234,393.08224
5.9e-05,6.55e-05,0.0,0.6,0.56854415,393.49435
5.9e-05,6.55e-05,0.0,0.7,0.5682738,393.63943
5.9e-05,6.55e-05,0.0,0.8,0.56815434,393.70367
5.9e-05,6.55e-05,0.0,0.9,0.56809384,393.73608
5.9e-05,6.55e-05,0.0,1.0,0.5680602,393.75436
5.98e-05,6.56e-05,1e-05,0.0,0.38719398,302.16513
5.98e-05,6.56e-05,1e-05,0.1,0.59450316,391.49954
5.98e-05,6.56e-05,1e-05,0.2,0.7741578,390.63602
5.98e-05,6.56e-05,1e-05,0.3,0.6352381,390.35577
5.98e-05,6.56e-05,1e-05,0.4,0.56742764,394.65775
5.98e-05,6.56e-05,1e-05,0.5,0.56932336,393.08224
5.98e-05,6.56e-05,1e-05,0.6,0.5685441,393.49435
5.98e-05,6.56e-05,1e-05,0.7,0.5682738,393.63943
5.98e-05,6.56e-05,1e-05,0.8,0.56815434,393.70367
5.98e-05,6.56e-05,1e-05,0.9,0.56809384,393.73608
5.98e-05,6.56e-05,1e-05,1.0,0.5680602,393.75436
6.93e-05,4.98e-05,0.0,0.0,0.387187,302.16412
6.93e-05,4.98e-05,0.0,0.1,0.59450316,391.50003
6.93e-05,4.98e-05,0.0,0.2,0.77415615,390.63632
6.93e-05,4.98e-05,0.0,0.3,0.6352314,390.356
6.93e-05,4.98e-05,0.0,0.4,0.5674287,394.65735
6.93e-05,4.98e-05,0.0,0.5,0.5693233,393.08228
6.93e-05,4.98e-05,0.0,0.6,0.56854415,393.49435
6.93e-05,4.98e-05,0.0,0.7,0.5682738,393.63943
6.93e-05,4.98e-05,0.0,0.8,0.56815434,393.70367
6.93e-05,4.98e-05,0.0,0.9,0.56809384,393.73608
6.93e-05,4.98e-05,0.0,1.0,0.5680602,393.75436
6.96e-05,4.97e-05,5e-06,0.0,0.38719502,302.1653
6.96e-05,4.97e-05,5e-06,0.1,0.59450316,391.50006
6.96e-05,4.97e-05,5e-06,0.2,0.7741569,390.63623
6.96e-05,4.97e-05,5e-06,0.3,0.6352334,390.35593
6.96e-05,4.97e-05,5e-06,0.4,0.56742823,394.65756
6.96e-05,4.97e-05,5e-06,0.5,0.56932336,393.08224
6.96e-05,4.97e-05,5e-06,0.6,0.56854415,393.49435
6.96e-05,4.97e-05,5e-06,0.7,0.5682738,393.63943
6.96e-05,4.97e-05,5e-06,0.8,0.56815434,393.70367
6.96e-05,4.97e-05,5e-06,0.9,0.56809384,393.73608
6.96e-05,4.97e-05,5e-06,1.0,0.5680602,393.75436
6.91e-05,4.98e-05,1e-05,0.0,0.3872043,302.16663
6.91e-05,4.98e-05,1e-05,0.1,0.5945032,391.50015
6.91e-05,4.98e-05,1e-05,0.2,0.7741575,390.6361
6.91e-05,4.98e-05,1e-05,0.3,0.63523465,390.35583
6.91e-05,4.98e-05,1e-05,0.4,0.56742793,394.65765
6.91e-05,4.98e-05,1e-05,0.5,0.5693234,393.08224
6.91e-05,4.98e-05,1e-05,0.6,0.56854415,393.4944
6.91e-05,4.98e-05,1e-05,0.7,0.5682738,393.63943
6.91e-05,4.98e-05,1e-05,0.8,0.56815434,393.70367
6.91e-05,4.98e-05,1e-05,0.9,0.56809384,393.73608
6.91e-05,4.98e-05,1e-05,1.0,0.5680602,393.75436
8.01e-05,3.37e-05,0.0,0.0,0.38719484,302.1653
8.01e-05,3.37e-05,0.0,0.1,0.5945031,391.50052
8.01e-05,3.37e-05,0.0,0.2,0.77415603,390.63632
8.01e-05,3.37e-05,0.0,0.3,0.6352295,390.35596
8.01e-05,3.37e-05,0.0,0.4,0.5674287,394.65726
8.01e-05,3.37e-05,0.0,0.5,0.56932324,393.08228
8.01e-05,3.37e-05,0.0,0.6,0.56854415,393.49435
8.01e-05,3.37e-05,0.0,0.7,0.5682738,393.63943
8.01e-05,3.37e-05,0.0,0.8,0.56815434,393.70367
8.01e-05,3.37e-05,0.0,0.9,0.56809384,393.73608
8.01e-05,3.37e-05,0.0,1.0,0.5680602,393.75436
8.05e-05,3.36e-05,1e-05,0.0,0.38721097,302.16763
8.05e-05,3.36e-05,1e-05,0.1,0.59450316,391.50055
8.05e-05,3.36e-05,1e-05,0.2,0.7741574,390.63608
8.05e-05,3.36e-05,1e-05,0.3,0.6352335,390.35587
8.05e-05,3.36e-05,1e-05,0.4,0.56742805,394.6576
8.05e-05,3.36e-05,1e-05,0.5,0.56932336,393.08228
8.05e-05,3.36e-05,1e-05,0.6,0.56854415,393.49435
8.05e-05,3.36e-05,1e-05,0.7,0.5682738,393.63943
8.05e-05,3.36e-05,1e-05,0.8,0.56815434,393.70367
8.05e-05,3.36e-05,1e-05,0.9,0.56809384,393.73608
8.05e-05,3.36e-05,1e-05,1.0,0.5680602,393.75436
9e-05,1.73e-05,0.0,0.0,0.38720497,302.16684
9e-05,1.73e-05,0.0,0.1,0.5945032,391.50113
9e-05,1.73e-05,0.0,0.2,0.77415574,390.6364
9e-05,1.73e-05,0.0,0.3,0.63522625,390.3559
9e-05,1.73e-05,0.0,0.4,0.56742865,394.65704
9e-05,1.73e-05,0.0,0.5,0.5693233,393.08224
9e-05,1.73e-05,0.0,0.6,0.56854415,393.49435
9e-05,1.73e-05,0.0,0.7,0.5682737,393.63943
9e-05,1.73e-05,0.0,0.8,0.56815434,393.70367
9e-05,1.73e-05,0.0,0.9,0.56809384,393.7361
9e-05,1.73e-05,0.0,1.0,0.5680602,393.75436
9e-05,1.73e-05,1e-05,0.0,0.38722166,302.1692
9e-05,1.73e-05,1e-05,0.1,0.5945033,391.50125
9e-05,1.73e-05,1e-05,0.2,0.7741573,390.63623
9e-05,1.73e-05,1e-05,0.3,0.63523,390.35593
9e-05,1.73e-05,1e-05,0.4,0.56742847,394.65744
9e-05,1.73e-05,1e-05,0.5,0.56932324,393.08228
9e-05,1.73e-05,1e-05,0.6,0.56854415,393.49435
9e-05,1.73e-05,1e-05,0.7,0.5682737,393.63943
9e-05,1.73e-05,1e-05,0.8,0.56815434,393.70367
9e-05,1.73e-05,1e-05,0.9,0.56809384,393.73608
9e-05,1.73e-05,1e-05,1.0,0.5680602,393.75436
1e-04,0.0,1e-05,0.0,0.38723296,302.1709
1e-04,0.0,1e-05,0.1,0.59450334,391.50198
1e-04,0.0,1e-05,0.2,0.77415675,390.63623
1e-04,0.0,1e-05,0.3,0.6352261,390.3558
1e-04,0.0,1e-05,0.4,0.56742877,394.65714
1e-04,0.0,1e-05,0.5,0.56932336,393.08224
1e-04,0.0,1e-05,0.6,0.56854415,393.49435
1e-04,0.0,1e-05,0.7,0.5682737,393.63943
1e-04,0.0,1e-05,0.8,0.56815434,393.70367
1e-04,0.0,1e-05,0.9,0.56809384,393.7361
1e-04,0.0,1e-05,1.0,0.5680602,393.75436
1e-04,0.0,0.0,0.0,0.3872162,302.16837
1e-04,0.0,0.0,0.1,0.5945033,391.50192
1e-04,0.0,0.0,0.2,0.7741551,390.63647
1e-04,0.0,0.0,0.3,0.6352226,390.35596
1e-04,0.0,0.0,0.4,0.56742907,394.65677
1e-04,0.0,0.0,0.5,0.56932324,393.08228
1e-04,0.0,0.0,0.6,0.5685441,393.49435
1e-04,0.0,0.0,0.7,0.5682737,393.63943
1e-04,0.0,0.0,0.8,0.5681543,393.70367
1e-04,0.0,0.0,0.9,0.56809384,393.7361
1e-04,0.0,0.0,1.0,0.5680602,393.75436
6e-05,1e-04,0.0,0.0,0.3871161,302.15378
6e-05,1e-04,0.0,0.1,0.59450316,391.49454
6e-05,1e-04,0.0,0.2,0.77416205,390.6353
6e-05,1e-04,0.0,0.3,0.63526577,390.35544
6e-05,1e-04,0.0,0.4,0.56742525,394.6594
6e-05,1e-04,0.0,0.5,0.5693233,393.08224
6e-05,1e-04,0.0,0.6,0.5685441,393.49435
6e-05,1e-04,0.0,0.7,0.5682738,393.6394
6e-05,1e-04,0.0,0.8,0.5681544,393.70367
6e-05,1e-04,0.0,0.9,0.56809384,393.7361
6e-05,1e-04,0.0,1.0,0.5680602,393.75436
6e-05,1e-04,1e-05,0.0,0.38713276,302.15613
6e-05,1e-04,1e-05,0.1,0.5945032,391.49466
6e-05,1e-04,1e-05,0.2,0.7741635,390.63498
6e-05,1e-04,1e-05,0.3,0.6352696,390.35532
6e-05,1e-04,1e-05,0.4,0.5674249,394.65973
6e-05,1e-04,1e-05,0.5,0.56932336,393.0822
6e-05,1e-04,1e-05,0.6,0.56854403,393.49435
6e-05,1e-04,1e-05,0.7,0.5682738,393.6394
6e-05,1e-04,1e-05,0.8,0.5681544,393.70367
6e-05,1e-04,1e-05,0.9,0.56809384,393.7361
6e-05,1e-04,1e-05,1.0,0.5680602,393.75436
7e-05,8.27e-05,1e-05,0.0,0.38714427,302.1578
7e-05,8.27e-05,1e-05,0.1,0.59450316,391.49542
7e-05,8.27e-05,1e-05,0.2,0.77416307,390.6351
7e-05,8.27e-05,1e-05,0.3,0.6352655,390.35535
7e-05,8.27e-05,1e-05,0.4,0.56742513,394.6595
7e-05,8.27e-05,1e-05,0.5,0.5693233,393.08224
7e-05,8.27e-05,1e-05,0.6,0.5685441,393.49435
7e-05,8.27e-05,1e-05,0.7,0.5682737,393.6394
7e-05,8.27e-05,1e-05,0.8,0.5681544,393.70367
7e-05,8.27e-05,1e-05,0.9,0.56809384,393.7361
7e-05,8.27e-05,1e-05,1.0,0.5680602,393.75436
7e-05,8.27e-05,0.0,0.0,0.38712752,302.1555
7e-05,8.27e-05,0.0,0.1,0.59450305,391.49533
7e-05,8.27e-05,0.0,0.2,0.77416193,390.63535
7e-05,8.27e-05,0.0,0.3,0.63526195,390.3555
7e-05,8.27e-05,0.0,0.4,0.56742555,394.65915
7e-05,8.27e-05,0.0,0.5,0.5693233,393.0822
7e-05,8.27e-05,0.0,0.6,0.5685441,393.49435
7e-05,8.27e-05,0.0,0.7,0.5682737,393.6394
7e-05,8.27e-05,0.0,0.8,0.5681544,393.70367
7e-05,8.27e-05,0.0,0.9,0.56809384,393.7361
7e-05,8.27e-05,0.0,1.0,0.5680602,393.75436
7.93e-05,6.63e-05,0.0,0.0,0.3871386,302.15704
7.93e-05,6.63e-05,0.0,0.1,0.5945031,391.49603
7.93e-05,6.63e-05,0.0,0.2,0.77416134,390.63538
7.93e-05,6.63e-05,0.0,0.3,0.63525826,390.35556
7.93e-05,6.63e-05,0.0,0.4,0.567426,394.65894
7.93e-05,6.63e-05,0.0,0.5,0.56932336,393.08224
7.93e-05,6.63e-05,0.0,0.6,0.56854415,393.49435
7.93e-05,6.63e-05,0.0,0.7,0.5682737,393.6394
7.93e-05,6.63e-05,0.0,0.8,0.56815434,393.70367
7.93e-05,6.63e-05,0.0,0.9,0.56809384,393.7361
7.93e-05,6.63e-05,0.0,1.0,0.5680602,393.75436
8e-05,6.63e-05,1e-05,0.0,0.38715404,302.1593
8e-05,6.63e-05,1e-05,0.1,0.59450316,391.496
8e-05,6.63e-05,1e-05,0.2,0.774163,390.63513
8e-05,6.63e-05,1e-05,0.3,0.6352626,390.35535
8e-05,6.63e-05,1e-05,0.4,0.5674254,394.6593
8e-05,6.63e-05,1e-05,0.5,0.56932336,393.08224
8e-05,6.63e-05,1e-05,0.6,0.5685441,393.49435
8e-05,6.63e-05,1e-05,0.7,0.5682737,393.6394
8e-05,6.63e-05,1e-05,0.8,0.56815434,393.70367
8e-05,6.63e-05,1e-05,0.9,0.56809384,393.7361
8e-05,6.63e-05,1e-05,1.0,0.5680602,393.75436
8.94e-05,5.04e-05,0.0,0.0,0.38714746,302.15836
8.94e-05,5.04e-05,0.0,0.1,0.5945031,391.4966
8.94e-05,5.04e-05,0.0,0.2,0.7741614,390.63535
8.94e-05,5.04e-05,0.0,0.3,0.63525575,390.35553
8.94e-05,5.04e-05,0.0,0.4,0.56742597,394.65884
8.94e-05,5.04e-05,0.0,0.5,0.56932336,393.08224
8.94e-05,5.04e-05,0.0,0.6,0.5685441,393.49435
8.94e-05,5.04e-05,0.0,0.7,0.56827366,393.63943
8.94e-05,5.04e-05,0.0,0.8,0.56815434,393.70367
8.94e-05,5.04e-05,0.0,0.9,0.56809384,393.73608
8.94e-05,5.04e-05,0.0,1.0,0.5680602,393.75436
8.95e-05,5.06e-05,1e-05,0.0,0.38716364,302.16064
8.95e-05,5.06e-05,1e-05,0.1,0.59450316,391.49664
8.95e-05,5.06e-05,1e-05,0.2,0.77416265,390.63513
8.95e-05,5.06e-05,1e-05,0.3,0.63525957,390.3554
8.95e-05,5.06e-05,1e-05,0.4,0.56742555,394.65912
8.95e-05,5.06e-05,1e-05,0.5,0.5693233,393.0822
8.95e-05,5.06e-05,1e-05,0.6,0.56854415,393.49435
8.95e-05,5.06e-05,1e-05,0.7,0.5682737,393.6394
8.95e-05,5.06e-05,1e-05,0.8,0.56815434,393.70367
8.95e-05,5.06e-05,1e-05,0.9,0.56809384,393.7361
8.95e-05,5.06e-05,1e-05,1.0,0.5680602,393.75436
1e-04,3.46e-05,0.0,0.0,0.38715512,302.15945
1e-04,3.46e-05,0.0,0.1,0.5945031,391.497
1e-04,3.46e-05,0.0,0.2,0.77416134,390.63538
1e-04,3.46e-05,0.0,0.3,0.63525397,390.3555
1e-04,3.46e-05,0.0,0.4,0.56742615,394.65872
1e-04,3.46e-05,0.0,0.5,0.56932336,393.08224
1e-04,3.46e-05,0.0,0.6,0.5685441,393.49435
1e-04,3.46e-05,0.0,0.7,0.56827366,393.63943
1e-04,3.46e-05,0.0,0.8,0.56815434,393.70367
1e-04,3.46e-05,0.0,0.9,0.56809384,393.73608
1e-04,3.46e-05,0.0,1.0,0.5680602,393.75436
1e-04,3.41e-05,5e-06,0.0,0.38716435,302.16077
1e-04,3.41e-05,5e-06,0.1,0.5945031,391.4971
1e-04,3.41e-05,5e-06,0.2,0.7741618,390.63528
1e-04,3.41e-05,5e-06,0.3,0.635255,390.3555
1e-04,3.41e-05,5e-06,0.4,0.567426,394.65884
1e-04,3.41e-05,5e-06,0.5,0.56932336,393.08224
1e-04,3.41e-05,5e-06,0.6,0.5685441,393.49435
1e-04,3.41e-05,5e-06,0.7,0.56827366,393.63943
1e-04,3.41e-05,5e-06,0.8,0.56815434,393.70367
1e-04,3.41e-05,5e-06,0.9,0.56809384,393.73608
1e-04,3.41e-05,5e-06,1.0,0.5680602,393.75436
1e-04,3.46e-05,1e-05,0.0,0.38717178,302.1619
1e-04,3.46e-05,1e-05,0.1,0.5945031,391.49707
1e-04,3.46e-05,1e-05,0.2,0.7741626,390.63513
1e-04,3.46e-05,1e-05,0.3,0.63525754,390.35538
1e-04,3.46e-05,1e-05,0.4,0.5674258,394.65906
1e-04,3.46e-05,1e-05,0.5,0.56932336,393.08224
1e-04,3.46e-05,1e-05,0.6,0.5685441,393.49435
1e-04,3.46e-05,1e-05,0.7,0.56827366,393.63943
1e-04,3.46e-05,1e-05,0.8,0.56815434,393.70367
1e-04,3.46e-05,1e-05,0.9,0.56809384,393.7361
1e-04,3.46e-05,1e-05,1.0,0.5680602,393.75436
0.00011,1.73e-05,1e-05,0.0,0.3871833,302.16357
0.00011,1.73e-05,1e-05,0.1,0.59450316,391.49792
0.00011,1.73e-05,1e-05,0.2,0.7741623,390.63516
0.00011,1.73e-05,1e-05,0.3,0.6352537,390.35538
0.00011,1.73e-05,1e-05,0.4,0.567426,394.65884
0.00011,1.73e-05,1e-05,0.5,0.5693233,393.08224
0.00011,1.73e-05,1e-05,0.6,0.56854415,393.49435
0.00011,1.73e-05,1e-05,0.7,0.56827366,393.63943
0.00011,1.73e-05,1e-05,0.8,0.56815434,393.70367
0.00011,1.73e-05,1e-05,0.9,0.56809384,393.73608
0.00011,1.73e-05,1e-05,1.0,0.5680602,393.75436
0.00011,1.73e-05,0.0,0.0,0.38716656,302.16104
0.00011,1.73e-05,0.0,0.1,0.59450316,391.49777
0.00011,1.73e-05,0.0,0.2,0.77416104,390.63538
0.00011,1.73e-05,0.0,0.3,0.63525015,390.35547
0.00011,1.73e-05,0.0,0.4,0.56742644,394.65848
0.00011,1.73e-05,0.0,0.5,0.5693233,393.08224
0.00011,1.73e-05,0.0,0.6,0.56854415,393.49435
0.00011,1.73e-05,0.0,0.7,0.56827366,393.63943
0.00011,1.73e-05,0.0,0.8,0.56815434,393.70367
0.00011,1.73e-05,0.0,0.9,0.56809384,393.73608
0.00011,1.73e-05,0.0,1.0,0.5680602,393.75436
0.00012,0.0,1e-05,0.0,0.38719463,302.1652
0.00012,0.0,1e-05,0.1,0.5945031,391.4986
0.00012,0.0,1e-05,0.2,0.77416193,390.63528
0.00012,0.0,1e-05,0.3,0.63525,390.35538
0.00012,0.0,1e-05,0.4,0.5674263,394.6586
0.00012,0.0,1e-05,0.5,0.5693233,393.08224
0.00012,0.0,1e-05,0.6,0.5685442,393.49435
0.00012,0.0,1e-05,0.7,0.56827366,393.63943
0.00012,0.0,1e-05,0.8,0.56815434,393.70367
0.00012,0.0,1e-05,0.9,0.56809384,393.73608
0.00012,0.0,1e-05,1.0,0.5680602,393.75436
0.00012,0.0,0.0,0.0,0.38717803,302.16278
0.00012,0.0,0.0,0.1,0.59450316,391.4985
0.00012,0.0,0.0,0.2,0.7741605,390.6356
0.00012,0.0,0.0,0.3,0.6352464,390.3556
0.00012,0.0,0.0,0.4,0.5674268,394.65823
0.00012,0.0,0.0,0.5,0.5693235,393.08224
0.00012,0.0,0.0,0.6,0.5685441,393.49435
0.00012,0.0,0.0,0.7,0.5682738,393.63943
0.00012,0.0,0.0,0.8,0.56815434,393.70367
0.00012,0.0,0.0,0.9,0.56809384,393.73608
0.00012,0.0,0.0,1.0,0.5680602,393.75436
8e-05,1e-04,0.0,0.0,0.38707778,302.1481
8e-05,1e-04,0.0,0.1,0.5945029,391.49112
8e-05,1e-04,0.0,0.2,0.7741666,390.63455
8e-05,1e-04,0.0,0.3,0.6352894,390.35507
8e-05,1e-04,0.0,0.4,0.567423,394.66064
8e-05,1e-04,0.0,0.5,0.56932336,393.08218
8e-05,1e-04,0.0,0.6,0.5685441,393.49435
8e-05,1e-04,0.0,0.7,0.5682737,393.6394
8e-05,1e-04,0.0,0.8,0.56815434,393.70364
8e-05,1e-04,0.0,0.9,0.56809396,393.7361
8e-05,1e-04,0.0,1.0,0.5680603,393.75436
8e-05,1e-04,1e-05,0.0,0.38709453,302.15048
8e-05,1e-04,1e-05,0.1,0.59450287,391.4912
8e-05,1e-04,1e-05,0.2,0.77416795,390.63425
8e-05,1e-04,1e-05,0.3,0.6352931,390.3549
8e-05,1e-04,1e-05,0.4,0.56742275,394.661
8e-05,1e-04,1e-05,0.5,0.5693233,393.08218
8e-05,1e-04,1e-05,0.6,0.5685441,393.49435
8e-05,1e-04,1e-05,0.7,0.5682737,393.6394
8e-05,1e-04,1e-05,0.8,0.56815434,393.70364
8e-05,1e-04,1e-05,0.9,0.56809396,393.7361
8e-05,1e-04,1e-05,1.0,0.5680603,393.75436
9e-05,8.27e-05,1e-05,0.0,0.38710594,302.15216
9e-05,8.27e-05,1e-05,0.1,0.594503,391.492
9e-05,8.27e-05,1e-05,0.2,0.7741677,390.63428
9e-05,8.27e-05,1e-05,0.3,0.63528913,390.35498
9e-05,8.27e-05,1e-05,0.4,0.567423,394.66074
9e-05,8.27e-05,1e-05,0.5,0.5693234,393.08218
9e-05,8.27e-05,1e-05,0.6,0.5685441,393.49435
9e-05,8.27e-05,1e-05,0.7,0.56827366,393.6394
9e-05,8.27e-05,1e-05,0.8,0.5681544,393.70367
9e-05,8.27e-05,1e-05,0.9,0.56809396,393.7361
9e-05,8.27e-05,1e-05,1.0,0.5680603,393.75436
9e-05,8.3e-05,5e-06,0.0,0.38709706,302.15097
9e-05,8.3e-05,5e-06,0.1,0.594503,391.4919
9e-05,8.3e-05,5e-06,0.2,0.77416694,390.63443
9e-05,8.3e-05,5e-06,0.3,0.6352877,390.35504
9e-05,8.3e-05,5e-06,0.4,0.56742305,394.66064
9e-05,8.3e-05,5e-06,0.5,0.5693233,393.08218
9e-05,8.3e-05,5e-06,0.6,0.5685441,393.49435
9e-05,8.3e-05,5e-06,0.7,0.56827366,393.6394
9e-05,8.3e-05,5e-06,0.8,0.5681544,393.70367
9e-05,8.3e-05,5e-06,0.9,0.56809396,393.7361
9e-05,8.3e-05,5e-06,1.0,0.5680603,393.75436
9.01e-05,8.27e-05,0.0,0.0,0.38708895,302.14975
9.01e-05,8.27e-05,0.0,0.1,0.5945029,391.49182
9.01e-05,8.27e-05,0.0,0.2,0.7741663,390.63464
9.01e-05,8.27e-05,0.0,0.3,0.6352856,390.35522
9.01e-05,8.27e-05,0.0,0.4,0.5674234,394.66043
9.01e-05,8.27e-05,0.0,0.5,0.5693233,393.08218
9.01e-05,8.27e-05,0.0,0.6,0.5685441,393.49435
9.01e-05,8.27e-05,0.0,0.7,0.56827366,393.6394
9.01e-05,8.27e-05,0.0,0.8,0.5681544,393.70367
9.01e-05,8.27e-05,0.0,0.9,0.56809396,393.7361
9.01e-05,8.27e-05,0.0,1.0,0.5680603,393.75436
1e-04,6.69e-05,1e-05,0.0,0.38711455,302.15344
1e-04,6.69e-05,1e-05,0.1,0.5945031,391.49246
1e-04,6.69e-05,1e-05,0.2,0.77416766,390.63434
1e-04,6.69e-05,1e-05,0.3,0.6352868,390.35498
1e-04,6.69e-05,1e-05,0.4,0.567423,394.66064
1e-04,6.69e-05,1e-05,0.5,0.5693233,393.08218
1e-04,6.69e-05,1e-05,0.6,0.5685441,393.49435
1e-04,6.69e-05,1e-05,0.7,0.5682737,393.6394
1e-04,6.69e-05,1e-05,0.8,0.5681544,393.70367
1e-04,6.69e-05,1e-05,0.9,0.56809396,393.7361
1e-04,6.69e-05,1e-05,1.0,0.5680603,393.75436
1e-04,6.69e-05,0.0,0.0,0.387098,302.1511
1e-04,6.69e-05,0.0,0.1,0.5945031,391.4924
1e-04,6.69e-05,0.0,0.2,0.77416617,390.6346
1e-04,6.69e-05,0.0,0.3,0.63528305,390.35516
1e-04,6.69e-05,0.0,0.4,0.5674236,394.6603
1e-04,6.69e-05,0.0,0.5,0.56932324,393.0822
1e-04,6.69e-05,0.0,0.6,0.5685441,393.49435
1e-04,6.69e-05,0.0,0.7,0.5682737,393.6394
1e-04,6.69e-05,0.0,0.8,0.5681544,393.70367
1e-04,6.69e-05,0.0,0.9,0.56809396,393.7361
1e-04,6.69e-05,0.0,1.0,0.5680603,393.75436
0.00011,5.09e-05,0.0,0.0,0.38710713,302.15237
0.00011,5.09e-05,0.0,0.1,0.5945029,391.49298
0.00011,5.09e-05,0.0,0.2,0.774166,390.63452
0.00011,5.09e-05,0.0,0.3,0.6352804,390.3552
0.00011,5.09e-05,0.0,0.4,0.56742376,394.6602
0.00011,5.09e-05,0.0,0.5,0.5693234,393.0822
0.00011,5.09e-05,0.0,0.6,0.5685441,393.49435
0.00011,5.09e-05,0.0,0.7,0.5682738,393.6394
0.00011,5.09e-05,0.0,0.8,0.5681544,393.70367
0.00011,5.09e-05,0.0,0.9,0.5680939,393.7361
0.00011,5.09e-05,0.0,1.0,0.5680602,393.75436
0.00011,5.09e-05,1e-05,0.0,0.38712382,302.15485
0.00011,5.09e-05,1e-05,0.1,0.5945032,391.4931
0.00011,5.09e-05,1e-05,0.2,0.7741674,390.63434
0.00011,5.09e-05,1e-05,0.3,0.635284,390.35507
0.00011,5.09e-05,1e-05,0.4,0.5674234,394.66046
0.00011,5.09e-05,1e-05,0.5,0.5693233,393.08218
0.00011,5.09e-05,1e-05,0.6,0.5685441,393.49435
0.00011,5.09e-05,1e-05,0.7,0.5682737,393.6394
0.00011,5.09e-05,1e-05,0.8,0.5681544,393.70367
0.00011,5.09e-05,1e-05,0.9,0.5680939,393.7361
0.00011,5.09e-05,1e-05,1.0,0.5680603,393.75436
0.00012,3.46e-05,0.0,0.0,0.38711664,302.15384
0.00012,3.46e-05,0.0,0.1,0.5945031,391.49362
0.00012,3.46e-05,0.0,0.2,0.77416575,390.63467
0.00012,3.46e-05,0.0,0.3,0.6352774,390.3552
0.00012,3.46e-05,0.0,0.4,0.5674241,394.6601
0.00012,3.46e-05,0.0,0.5,0.5693234,393.0822
0.00012,3.46e-05,0.0,0.6,0.5685441,393.49435
0.00012,3.46e-05,0.0,0.7,0.5682738,393.6394
0.00012,3.46e-05,0.0,0.8,0.5681544,393.70367
0.00012,3.46e-05,0.0,0.9,0.5680939,393.7361
0.00012,3.46e-05,0.0,1.0,0.5680602,393.75436
0.00012,3.46e-05,1e-05,0.0,0.38713354,302.15622
0.00012,3.46e-05,1e-05,0.1,0.5945031,391.49377
0.00012,3.46e-05,1e-05,0.2,0.7741671,390.63434
0.00012,3.46e-05,1e-05,0.3,0.635281,390.3551
0.00012,3.46e-05,1e-05,0.4,0.56742364,394.66034
0.00012,3.46e-05,1e-05,0.5,0.56932336,393.0822
0.00012,3.46e-05,1e-05,0.6,0.5685441,393.49435
0.00012,3.46e-05,1e-05,0.7,0.5682738,393.6394
0.00012,3.46e-05,1e-05,0.8,0.5681544,393.70367
0.00012,3.46e-05,1e-05,0.9,0.56809396,393.7361
0.00012,3.46e-05,1e-05,1.0,0.5680602,393.75436
0.00013,1.73e-05,1e-05,0.0,0.38714483,302.1579
0.00013,1.73e-05,1e-05,0.1,0.5945031,391.49445
0.00013,1.73e-05,1e-05,0.2,0.7741668,390.63437
0.00013,1.73e-05,1e-05,0.3,0.6352773,390.3551
0.00013,1.73e-05,1e-05,0.4,0.56742376,394.66016
0.00013,1.73e-05,1e-05,0.5,0.56932336,393.0822
0.00013,1.73e-05,1e-05,0.6,0.5685441,393.49435
0.00013,1.73e-05,1e-05,0.7,0.5682738,393.6394
0.00013,1.73e-05,1e-05,0.8,0.5681544,393.70367
0.00013,1.73e-05,1e-05,0.9,0.5680939,393.7361
0.00013,1.73e-05,1e-05,1.0,0.5680602,393.75436
0.00013,1.73e-05,0.0,0.0,0.3871282,302.15552
0.00013,1.73e-05,0.0,0.1,0.59450316,391.4944
0.00013,1.73e-05,0.0,0.2,0.7741656,390.63467
0.00013,1.73e-05,0.0,0.3,0.6352737,390.35516
0.00013,1.73e-05,0.0,0.4,0.5674242,394.65997
0.00013,1.73e-05,0.0,0.5,0.56932336,393.08224
0.00013,1.73e-05,0.0,0.6,0.56854403,393.49435
0.00013,1.73e-05,0.0,0.7,0.5682738,393.6394
0.00013,1.73e-05,0.0,0.8,0.5681544,393.70367
0.00013,1.73e-05,0.0,0.9,0.56809384,393.7361
0.00013,1.73e-05,0.0,1.0,0.5680602,393.75436
0.00014,0.0,1e-05,0.0,0.38715625,302.15955
0.00014,0.0,1e-05,0.1,0.59450316,391.49524
0.00014,0.0,1e-05,0.2,0.77416646,390.6345
0.00014,0.0,1e-05,0.3,0.63527346,390.35507
0.00014,0.0,1e-05,0.4,0.5674241,394.66003
0.00014,0.0,1e-05,0.5,0.56932336,393.08224
0.00014,0.0,1e-05,0.6,0.56854403,393.49435
0.00014,0.0,1e-05,0.7,0.5682738,393.6394
0.00014,0.0,1e-05,0.8,0.5681544,393.70367
0.00014,0.0,1e-05,0.9,0.56809384,393.7361
0.00014,0.0,1e-05,1.0,0.5680602,393.75436
0.00014,0.0,0.0,0.0,0.38713962,302.15717
0.00014,0.0,0.0,0.1,0.59450305,391.49515
0.00014,0.0,0.0,0.2,0.77416545,390.6347
0.00014,0.0,0.0,0.3,0.63527006,390.35513
0.00014,0.0,0.0,0.4,0.5674246,394.65982
0.00014,0.0,0.0,0.5,0.5693233,393.08224
0.00014,0.0,0.0,0.6,0.56854415,393.49435
0.00014,0.0,0.0,0.7,0.5682738,393.6394
0.00014,0.0,0.0,0.8,0.5681544,393.70367
0.00014,0.0,0.0,0.9,0.56809384,393.7361
0.00014,0.0,0.0,1.0,0.5680602,393.75436
1e-04,1e-04,0.0,0.0,0.38703933,302.1424
1e-04,1e-04,0.0,0.1,0.59450257,391.48767
1e-04,1e-04,0.0,0.2,0.7741707,390.63385
1e-04,1e-04,0.0,0.3,0.63531274,390.35477
1e-04,1e-04,0.0,0.4,0.56742096,394.66208
1e-04,1e-04,0.0,0.5,0.56932354,393.08218
1e-04,1e-04,0.0,0.6,0.56854415,393.49435
1e-04,1e-04,0.0,0.7,0.5682738,393.6394
1e-04,1e-04,0.0,0.8,0.56815434,393.70364
1e-04,1e-04,0.0,0.9,0.56809396,393.7361
1e-04,1e-04,0.0,1.0,0.5680603,393.75436
1e-04,1e-04,1e-05,0.0,0.38705605,302.1448
1e-04,1e-04,1e-05,0.1,0.5945026,391.4878
1e-04,1e-04,1e-05,0.2,0.7741718,390.63358
1e-04,1e-04,1e-05,0.3,0.6353163,390.3547
1e-04,1e-04,1e-05,0.4,0.5674203,394.66232
1e-04,1e-04,1e-05,0.5,0.5693236,393.08218
1e-04,1e-04,1e-05,0.6,0.5685441,393.49435
1e-04,1e-04,1e-05,0.7,0.5682738,393.6394
1e-04,1e-04,1e-05,0.8,0.56815434,393.70364
1e-04,1e-04,1e-05,0.9,0.56809396,393.7361
1e-04,1e-04,1e-05,1.0,0.5680603,393.75436
0.00011,8.27e-05,1e-05,0.0,0.38706756,302.14658
0.00011,8.27e-05,1e-05,0.1,0.5945028,391.48853
0.00011,8.27e-05,1e-05,0.2,0.77417177,390.63364
0.00011,8.27e-05,1e-05,0.3,0.6353125,390.35464
0.00011,8.27e-05,1e-05,0.4,0.56742066,394.66217
0.00011,8.27e-05,1e-05,0.5,0.56932354,393.08218
0.00011,8.27e-05,1e-05,0.6,0.56854415,393.49435
0.00011,8.27e-05,1e-05,0.7,0.5682738,393.6394
0.00011,8.27e-05,1e-05,0.8,0.56815434,393.70364
0.00011,8.27e-05,1e-05,0.9,0.56809396,393.7361
0.00011,8.27e-05,1e-05,1.0,0.5680603,393.75436
0.00011,8.27e-05,0.0,0.0,0.3870509,302.14417
0.00011,8.27e-05,0.0,0.1,0.5945028,391.4884
0.00011,8.27e-05,0.0,0.2,0.77417034,390.63388
0.00011,8.27e-05,0.0,0.3,0.635309,390.35483
0.00011,8.27e-05,0.0,0.4,0.5674214,394.66187
0.00011,8.27e-05,0.0,0.5,0.56932366,393.08218
0.00011,8.27e-05,0.0,0.6,0.5685442,393.49435
0.00011,8.27e-05,0.0,0.7,0.56827384,393.6394
0.00011,8.27e-05,0.0,0.8,0.5681544,393.70364
0.00011,8.27e-05,0.0,0.9,0.56809396,393.7361
0.00011,8.27e-05,0.0,1.0,0.5680603,393.75436
0.00012,6.69e-05,1e-05,0.0,0.38707638,302.14783
0.00012,6.69e-05,1e-05,0.1,0.5945028,391.4891
0.00012,6.69e-05,1e-05,0.2,0.77417165,390.63354
0.00012,6.69e-05,1e-05,0.3,0.6353102,390.3546
0.00012,6.69e-05,1e-05,0.4,0.56742084,394.66202
0.00012,6.69e-05,1e-05,0.5,0.56932366,393.08218
0.00012,6.69e-05,1e-05,0.6,0.5685442,393.49435
0.00012,6.69e-05,1e-05,0.7,0.5682738,393.6394
0.00012,6.69e-05,1e-05,0.8,0.5681544,393.70364
0.00012,6.69e-05,1e-05,0.9,0.56809396,393.7361
0.00012,6.69e-05,1e-05,1.0,0.5680603,393.75436
0.00012,6.69e-05,0.0,0.0,0.38705972,302.1454
0.00012,6.69e-05,0.0,0.1,0.5945027,391.48898
0.00012,6.69e-05,0.0,0.2,0.77417046,390.6338
0.00012,6.69e-05,0.0,0.3,0.63530654,390.35486
0.00012,6.69e-05,0.0,0.4,0.56742144,394.6617
0.00012,6.69e-05,0.0,0.5,0.56932366,393.08218
0.00012,6.69e-05,0.0,0.6,0.56854415,393.49435
0.00012,6.69e-05,0.0,0.7,0.5682738,393.6394
0.00012,6.69e-05,0.0,0.8,0.5681544,393.70364
0.00012,6.69e-05,0.0,0.9,0.56809396,393.7361
0.00012,6.69e-05,0.0,1.0,0.5680603,393.75436
0.00013,5.1e-05,0.0,0.0,0.3870686,302.14676
0.00013,5.1e-05,0.0,0.1,0.5945027,391.4895
0.00013,5.1e-05,0.0,0.2,0.7741703,390.6338
0.00013,5.1e-05,0.0,0.3,0.6353042,390.35483
0.00013,5.1e-05,0.0,0.4,0.5674215,394.6616
0.00013,5.1e-05,0.0,0.5,0.5693236,393.08218
0.00013,5.1e-05,0.0,0.6,0.56854415,393.49435
0.00013,5.1e-05,0.0,0.7,0.5682738,393.6394
0.00013,5.1e-05,0.0,0.8,0.56815434,393.70364
0.00013,5.1e-05,0.0,0.9,0.56809396,393.7361
0.00013,5.1e-05,0.0,1.0,0.5680603,393.75436
0.00013,5.1e-05,1e-05,0.0,0.38708523,302.1491
0.00013,5.1e-05,1e-05,0.1,0.59450275,391.48962
0.00013,5.1e-05,1e-05,0.2,0.77417165,390.6335
0.00013,5.1e-05,1e-05,0.3,0.6353076,390.3548
0.00013,5.1e-05,1e-05,0.4,0.5674213,394.6619
0.00013,5.1e-05,1e-05,0.5,0.56932366,393.08218
0.00013,5.1e-05,1e-05,0.6,0.56854415,393.49435
0.00013,5.1e-05,1e-05,0.7,0.56827384,393.6394
0.00013,5.1e-05,1e-05,0.8,0.56815434,393.70364
0.00013,5.1e-05,1e-05,0.9,0.56809396,393.7361
0.00013,5.1e-05,1e-05,1.0,0.5680603,393.75436
0.00014,3.44e-05,5e-06,0.0,0.38708702,302.14948
0.00014,3.44e-05,5e-06,0.1,0.5945028,391.4902
0.00014,3.44e-05,5e-06,0.2,0.77417064,390.63373
0.00014,3.44e-05,5e-06,0.3,0.6353028,390.35483
0.00014,3.44e-05,5e-06,0.4,0.5674215,394.6616
0.00014,3.44e-05,5e-06,0.5,0.56932354,393.08218
0.00014,3.44e-05,5e-06,0.6,0.5685441,393.49435
0.00014,3.44e-05,5e-06,0.7,0.5682738,393.6394
0.00014,3.44e-05,5e-06,0.8,0.56815434,393.70364
0.00014,3.44e-05,5e-06,0.9,0.56809396,393.7361
0.00014,3.44e-05,5e-06,1.0,0.5680603,393.75436
0.00014,3.46e-05,0.0,0.0,0.38707846,302.14822
0.00014,3.46e-05,0.0,0.1,0.5945027,391.4901
0.00014,3.46e-05,0.0,0.2,0.77417016,390.63385
0.00014,3.46e-05,0.0,0.3,0.63530105,390.35483
0.00014,3.46e-05,0.0,0.4,0.5674218,394.66153
0.00014,3.46e-05,0.0,0.5,0.5693235,393.08218
0.00014,3.46e-05,0.0,0.6,0.56854415,393.49435
0.00014,3.46e-05,0.0,0.7,0.5682738,393.6394
0.00014,3.46e-05,0.0,0.8,0.56815434,393.70364
0.00014,3.46e-05,0.0,0.9,0.56809396,393.7361
0.00014,3.46e-05,0.0,1.0,0.5680603,393.75436
0.00014,3.46e-05,1e-05,0.0,0.38709512,302.1505
0.00014,3.46e-05,1e-05,0.1,0.59450287,391.49023
0.00014,3.46e-05,1e-05,0.2,0.77417165,390.63364
0.00014,3.46e-05,1e-05,0.3,0.6353047,390.35477
0.00014,3.46e-05,1e-05,0.4,0.5674214,394.6617
0.00014,3.46e-05,1e-05,0.5,0.56932354,393.08218
0.00014,3.46e-05,1e-05,0.6,0.56854415,393.49435
0.00014,3.46e-05,1e-05,0.7,0.5682738,393.6394
0.00014,3.46e-05,1e-05,0.8,0.56815434,393.70364
0.00014,3.46e-05,1e-05,0.9,0.56809396,393.7361
0.00014,3.46e-05,1e-05,1.0,0.5680603,393.75436
0.00015,1.73e-05,1e-05,0.0,0.38710657,302.15222
0.00015,1.73e-05,1e-05,0.1,0.59450287,391.49103
0.00015,1.73e-05,1e-05,0.2,0.7741714,390.63364
0.00015,1.73e-05,1e-05,0.3,0.63530064,390.3547
0.00015,1.73e-05,1e-05,0.4,0.5674216,394.66156
0.00015,1.73e-05,1e-05,0.5,0.5693234,393.08218
0.00015,1.73e-05,1e-05,0.6,0.5685441,393.49435
0.00015,1.73e-05,1e-05,0.7,0.5682738,393.6394
0.00015,1.73e-05,1e-05,0.8,0.56815434,393.70364
0.00015,1.73e-05,1e-05,0.9,0.56809396,393.7361
0.00015,1.73e-05,1e-05,1.0,0.5680603,393.75436
0.00015,1.73e-05,0.0,0.0,0.38708988,302.1498
0.00015,1.73e-05,0.0,0.1,0.5945029,391.4909
0.00015,1.73e-05,0.0,0.2,0.7741698,390.63385
0.00015,1.73e-05,0.0,0.3,0.6352973,390.35477
0.00015,1.73e-05,0.0,0.4,0.56742215,394.66135
0.00015,1.73e-05,0.0,0.5,0.5693234,393.08218
0.00015,1.73e-05,0.0,0.6,0.5685441,393.49435
0.00015,1.73e-05,0.0,0.7,0.56827366,393.6394
0.00015,1.73e-05,0.0,0.8,0.56815434,393.70364
0.00015,1.73e-05,0.0,0.9,0.56809396,393.7361
0.00015,1.73e-05,0.0,1.0,0.5680603,393.75436
0.00016,0.0,1e-05,0.0,0.38711804,302.15402
0.00016,0.0,1e-05,0.1,0.59450305,391.49176
0.00016,0.0,1e-05,0.2,0.7741712,390.63364
0.00016,0.0,1e-05,0.3,0.6352971,390.35468
0.00016,0.0,1e-05,0.4,0.5674219,394.66144
0.00016,0.0,1e-05,0.5,0.5693233,393.08218
0.00016,0.0,1e-05,0.6,0.5685441,393.49435
0.00016,0.0,1e-05,0.7,0.56827366,393.6394
0.00016,0.0,1e-05,0.8,0.56815434,393.70364
0.00016,0.0,1e-05,0.9,0.56809396,393.7361
0.00016,0.0,1e-05,1.0,0.5680603,393.75436
0.00016,0.0,0.0,0.0,0.38710132,302.1515
0.00016,0.0,0.0,0.1,0.594503,391.49167
0.00016,0.0,0.0,0.2,0.77416956,390.6339
0.00016,0.0,0.0,0.3,0.63529336,390.35474
0.00016,0.0,0.0,0.4,0.5674225,394.66116
0.00016,0.0,0.0,0.5,0.56932336,393.08218
0.00016,0.0,0.0,0.6,0.5685441,393.49435
0.00016,0.0,0.0,0.7,0.56827366,393.6394
0.00016,0.0,0.0,0.8,0.5681544,393.70367
0.00016,0.0,0.0,0.9,0.56809396,393.7361
0.00016,0.0,0.0,1.0,0.5680603,393.75436
0.00012,1e-04,0.0,0.0,0.38700116,302.13672
0.00012,1e-04,0.0,0.1,0.59450257,391.48428
0.00012,1e-04,0.0,0.2,0.77417403,390.6332
0.00012,1e-04,0.0,0.3,0.63533634,390.3546
0.00012,1e-04,0.0,0.4,0.56741863,394.66348
0.00012,1e-04,0.0,0.5,0.56932366,393.08218
0.00012,1e-04,0.0,0.6,0.56854403,393.49435
0.00012,1e-04,0.0,0.7,0.5682737,393.6394
0.00012,1e-04,0.0,0.8,0.56815434,393.70364
0.00012,1e-04,0.0,0.9,0.56809396,393.7361
0.00012,1e-04,0.0,1.0,0.5680603,393.75436
0.00012,1e-04,1e-05,0.0,0.38701785,302.13922
0.00012,1e-04,1e-05,0.1,0.59450257,391.48444
0.00012,1e-04,1e-05,0.2,0.77417535,390.63303
0.00012,1e-04,1e-05,0.3,0.6353396,390.35443
0.00012,1e-04,1e-05,0.4,0.56741816,394.66376
0.00012,1e-04,1e-05,0.5,0.56932366,393.08218
0.00012,1e-04,1e-05,0.6,0.5685441,393.49435
0.00012,1e-04,1e-05,0.7,0.5682737,393.6394
0.00012,1e-04,1e-05,0.8,0.56815434,393.70364
0.00012,1e-04,1e-05,0.9,0.56809396,393.7361
0.00012,1e-04,1e-05,1.0,0.56806034,393.75436
0.00013,8.27e-05,1e-05,0.0,0.38702926,302.1409
0.00013,8.27e-05,1e-05,0.1,0.5945026,391.4852
0.00013,8.27e-05,1e-05,0.2,0.77417535,390.633
0.00013,8.27e-05,1e-05,0.3,0.635336,390.35452
0.00013,8.27e-05,1e-05,0.4,0.56741863,394.66364
0.00013,8.27e-05,1e-05,0.5,0.56932366,393.08218
0.00013,8.27e-05,1e-05,0.6,0.56854403,393.49435
0.00013,8.27e-05,1e-05,0.7,0.5682737,393.6394
0.00013,8.27e-05,1e-05,0.8,0.56815434,393.70364
0.00013,8.27e-05,1e-05,0.9,0.56809396,393.7361
0.00013,8.27e-05,1e-05,1.0,0.5680603,393.75436
0.00013,8.27e-05,0.0,0.0,0.3870125,302.13852
0.00013,8.27e-05,0.0,0.1,0.59450275,391.4851
0.00013,8.27e-05,0.0,0.2,0.77417403,390.63318
0.00013,8.27e-05,0.0,0.3,0.63533235,390.3546
0.00013,8.27e-05,0.0,0.4,0.56741905,394.66333
0.00013,8.27e-05,0.0,0.5,0.5693236,393.08218
0.00013,8.27e-05,0.0,0.6,0.56854415,393.49435
0.00013,8.27e-05,0.0,0.7,0.5682738,393.6394
0.00013,8.27e-05,0.0,0.8,0.56815434,393.70364
0.00013,8.27e-05,0.0,0.9,0.56809396,393.7361
0.00013,8.27e-05,0.0,1.0,0.5680603,393.75436
0.00014,6.69e-05,1e-05,0.0,0.387038,302.1422
0.00014,6.69e-05,1e-05,0.1,0.5945026,391.48572
0.00014,6.69e-05,1e-05,0.2,0.7741754,390.63303
0.00014,6.69e-05,1e-05,0.3,0.6353334,390.35452
0.00014,6.69e-05,1e-05,0.4,0.5674188,394.66345
0.00014,6.69e-05,1e-05,0.5,0.56932366,393.08218
0.00014,6.69e-05,1e-05,0.6,0.56854415,393.49435
0.00014,6.69e-05,1e-05,0.7,0.5682738,393.6394
0.00014,6.69e-05,1e-05,0.8,0.56815434,393.70364
0.00014,6.69e-05,1e-05,0.9,0.56809396,393.7361
0.00014,6.69e-05,1e-05,1.0,0.5680603,393.75436
0.00014,6.69e-05,0.0,0.0,0.38702127,302.1398
0.00014,6.69e-05,0.0,0.1,0.59450257,391.4856
0.00014,6.69e-05,0.0,0.2,0.774174,390.63318
0.00014,6.69e-05,0.0,0.3,0.63532996,390.35468
0.00014,6.69e-05,0.0,0.4,0.5674192,394.66327
0.00014,6.69e-05,0.0,0.5,0.5693236,393.08218
0.00014,6.69e-05,0.0,0.6,0.56854415,393.49435
0.00014,6.69e-05,0.0,0.7,0.5682738,393.6394
0.00014,6.69e-05,0.0,0.8,0.56815434,393.70364
0.00014,6.69e-05,0.0,0.9,0.56809396,393.7361
0.00014,6.69e-05,0.0,1.0,0.5680603,393.75436
0.00015,5.1e-05,0.0,0.0,0.38703033,302.1411
0.00015,5.1e-05,0.0,0.1,0.5945027,391.48615
0.00015,5.1e-05,0.0,0.2,0.77417403,390.63315
0.00015,5.1e-05,0.0,0.3,0.6353274,390.3546
0.00015,5.1e-05,0.0,0.4,0.56741947,394.66315
0.00015,5.1e-05,0.0,0.5,0.56932366,393.08218
0.00015,5.1e-05,0.0,0.6,0.56854415,393.49435
0.00015,5.1e-05,0.0,0.7,0.56827384,393.6394
0.00015,5.1e-05,0.0,0.8,0.56815434,393.70364
0.00015,5.1e-05,0.0,0.9,0.56809396,393.7361
0.00015,5.1e-05,0.0,1.0,0.5680603,393.75436
0.00015,5.1e-05,1e-05,0.0,0.38704693,302.1435
0.00015,5.1e-05,1e-05,0.1,0.5945027,391.4862
0.00015,5.1e-05,1e-05,0.2,0.77417547,390.63293
0.00015,5.1e-05,1e-05,0.3,0.63533086,390.35455
0.00015,5.1e-05,1e-05,0.4,0.56741893,394.66333
0.00015,5.1e-05,1e-05,0.5,0.56932354,393.08218
0.00015,5.1e-05,1e-05,0.6,0.56854415,393.49435
0.00015,5.1e-05,1e-05,0.7,0.5682738,393.6394
0.00015,5.1e-05,1e-05,0.8,0.56815434,393.70364
0.00015,5.1e-05,1e-05,0.9,0.56809396,393.7361
0.00015,5.1e-05,1e-05,1.0,0.5680603,393.75436
0.00016,3.46e-05,0.0,0.0,0.38704008,302.1425
0.00016,3.46e-05,0.0,0.1,0.5945026,391.4867
0.00016,3.46e-05,0.0,0.2,0.77417403,390.63312
0.00016,3.46e-05,0.0,0.3,0.6353245,390.35468
0.00016,3.46e-05,0.0,0.4,0.5674193,394.66296
0.00016,3.46e-05,0.0,0.5,0.5693237,393.08218
0.00016,3.46e-05,0.0,0.6,0.56854415,393.49435
0.00016,3.46e-05,0.0,0.7,0.5682738,393.6394
0.00016,3.46e-05,0.0,0.8,0.56815434,393.70364
0.00016,3.46e-05,0.0,0.9,0.56809396,393.7361
0.00016,3.46e-05,0.0,1.0,0.5680603,393.75436
0.00016,3.46e-05,1e-05,0.0,0.3870568,302.1449
0.00016,3.46e-05,1e-05,0.1,0.59450257,391.48685
0.00016,3.46e-05,1e-05,0.2,0.77417535,390.6329
0.00016,3.46e-05,1e-05,0.3,0.63532776,390.35452
0.00016,3.46e-05,1e-05,0.4,0.5674192,394.66327
0.00016,3.46e-05,1e-05,0.5,0.5693236,393.08218
0.00016,3.46e-05,1e-05,0.6,0.56854415,393.49435
0.00016,3.46e-05,1e-05,0.7,0.56827384,393.6394
0.00016,3.46e-05,1e-05,0.8,0.56815434,393.70364
0.00016,3.46e-05,1e-05,0.9,0.56809396,393.7361
0.00016,3.46e-05,1e-05,1.0,0.5680603,393.75436
0.00017,1.73e-05,1e-05,0.0,0.38706827,302.14664
0.00017,1.73e-05,1e-05,0.1,0.5945027,391.48758
0.00017,1.73e-05,1e-05,0.2,0.7741753,390.63297
0.00017,1.73e-05,1e-05,0.3,0.63532406,390.35455
0.00017,1.73e-05,1e-05,0.4,0.5674194,394.66312
0.00017,1.73e-05,1e-05,0.5,0.56932366,393.08218
0.00017,1.73e-05,1e-05,0.6,0.5685441,393.49435
0.00017,1.73e-05,1e-05,0.7,0.5682738,393.6394
0.00017,1.73e-05,1e-05,0.8,0.56815434,393.70364
0.00017,1.73e-05,1e-05,0.9,0.56809396,393.7361
0.00017,1.73e-05,1e-05,1.0,0.5680603,393.75436
0.00017,1.73e-05,0.0,0.0,0.38705146,302.14423
0.00017,1.73e-05,0.0,0.1,0.5945027,391.48752
0.00017,1.73e-05,0.0,0.2,0.7741737,390.63315
0.00017,1.73e-05,0.0,0.3,0.63532066,390.3546
0.00017,1.73e-05,0.0,0.4,0.56741965,394.66272
0.00017,1.73e-05,0.0,0.5,0.56932366,393.08218
0.00017,1.73e-05,0.0,0.6,0.5685441,393.49435
0.00017,1.73e-05,0.0,0.7,0.5682738,393.6394
0.00017,1.73e-05,0.0,0.8,0.56815434,393.70364
0.00017,1.73e-05,0.0,0.9,0.56809396,393.7361
0.00017,1.73e-05,0.0,1.0,0.5680603,393.75436
0.00018,0.0,1e-05,0.0,0.38707972,302.14832
0.00018,0.0,1e-05,0.1,0.59450287,391.48834
0.00018,0.0,1e-05,0.2,0.77417487,390.63297
0.00018,0.0,1e-05,0.3,0.63532037,390.35455
0.00018,0.0,1e-05,0.4,0.5674197,394.66278
0.00018,0.0,1e-05,0.5,0.56932366,393.08218
0.00018,0.0,1e-05,0.6,0.5685441,393.49435
0.00018,0.0,1e-05,0.7,0.5682738,393.6394
0.00018,0.0,1e-05,0.8,0.56815434,393.70364
0.00018,0.0,1e-05,0.9,0.56809396,393.7361
0.00018,0.0,1e-05,1.0,0.5680603,393.75436
0.00018,0.0,0.0,0.0,0.38706306,302.14594
0.00018,0.0,0.0,0.1,0.5945028,391.48825
0.00018,0.0,0.0,0.2,0.7741738,390.63324
0.00018,0.0,0.0,0.3,0.63531685,390.3546
0.00018,0.0,0.0,0.4,0.5674202,394.6625
0.00018,0.0,0.0,0.5,0.5693236,393.08218
0.00018,0.0,0.0,0.6,0.56854415,393.49435
0.00018,0.0,0.0,0.7,0.5682738,393.6394
0.00018,0.0,0.0,0.8,0.56815434,393.70364
0.00018,0.0,0.0,0.9,0.56809396,393.7361
0.00018,0.0,0.0,1.0,0.5680603,393.75436
0.00014,1e-04,0.0,0.0,0.38696274,302.13116
0.00014,1e-04,0.0,0.1,0.5945024,391.48093
0.00014,1e-04,0.0,0.2,0.774177,390.63275
0.00014,1e-04,0.0,0.3,0.6353592,390.35443
0.00014,1e-04,0.0,0.4,0.5674162,394.6649
0.00014,1e-04,0.0,0.5,0.5693238,393.08218
0.00014,1e-04,0.0,0.6,0.56854415,393.49435
0.00014,1e-04,0.0,0.7,0.5682737,393.63937
0.00014,1e-04,0.0,0.8,0.56815434,393.70364
0.00014,1e-04,0.0,0.9,0.56809396,393.73608
0.00014,1e-04,0.0,1.0,0.56806034,393.75436
0.00014,9.31e-05,5e-06,0.0,0.38698322,302.13412
0.00014,9.31e-05,5e-06,0.1,0.5945025,391.48196
0.00014,9.31e-05,5e-06,0.2,0.7741773,390.63266
0.00014,9.31e-05,5e-06,0.3,0.6353551,390.3544
0.00014,9.31e-05,5e-06,0.4,0.56741655,394.66467
0.00014,9.31e-05,5e-06,0.5,0.56932366,393.08218
0.00014,9.31e-05,5e-06,0.6,0.5685441,393.49435
0.00014,9.31e-05,5e-06,0.7,0.56827366,393.63937
0.00014,9.31e-05,5e-06,0.8,0.56815434,393.70364
0.00014,9.31e-05,5e-06,0.9,0.5680939,393.7361
0.00014,9.31e-05,5e-06,1.0,0.56806034,393.75436
0.00014,1e-04,1e-05,0.0,0.38697937,302.13354
0.00014,1e-04,1e-05,0.1,0.59450245,391.48105
0.00014,1e-04,1e-05,0.2,0.7741785,390.63254
0.00014,1e-04,1e-05,0.3,0.6353628,390.35437
0.00014,1e-04,1e-05,0.4,0.56741595,394.66516
0.00014,1e-04,1e-05,0.5,0.5693237,393.08218
0.00014,1e-04,1e-05,0.6,0.56854415,393.49435
0.00014,1e-04,1e-05,0.7,0.5682737,393.63937
0.00014,1e-04,1e-05,0.8,0.56815434,393.70364
0.00014,1e-04,1e-05,0.9,0.5680939,393.7361
0.00014,1e-04,1e-05,1.0,0.56806034,393.75436
0.00015,8.27e-05,1e-05,0.0,0.38699096,302.13525
0.00015,8.27e-05,1e-05,0.1,0.59450257,391.48178
0.00015,8.27e-05,1e-05,0.2,0.7741784,390.63245
0.00015,8.27e-05,1e-05,0.3,0.63535905,390.35437
0.00015,8.27e-05,1e-05,0.4,0.56741625,394.665
0.00015,8.27e-05,1e-05,0.5,0.5693237,393.08218
0.00015,8.27e-05,1e-05,0.6,0.56854415,393.49435
0.00015,8.27e-05,1e-05,0.7,0.56827366,393.63937
0.00015,8.27e-05,1e-05,0.8,0.56815434,393.70364
0.00015,8.27e-05,1e-05,0.9,0.5680939,393.7361
0.00015,8.27e-05,1e-05,1.0,0.56806034,393.75436
0.00015,8.27e-05,0.0,0.0,0.38697422,302.13284
0.00015,8.27e-05,0.0,0.1,0.59450257,391.48166
0.00015,8.27e-05,0.0,0.2,0.774177,390.63275
0.00015,8.27e-05,0.0,0.3,0.63535553,390.35443
0.00015,8.27e-05,0.0,0.4,0.56741667,394.66467
0.00015,8.27e-05,0.0,0.5,0.56932366,393.08218
0.00015,8.27e-05,0.0,0.6,0.5685441,393.49435
0.00015,8.27e-05,0.0,0.7,0.56827366,393.63937
0.00015,8.27e-05,0.0,0.8,0.56815434,393.70364
0.00015,8.27e-05,0.0,0.9,0.5680939,393.7361
0.00015,8.27e-05,0.0,1.0,0.56806034,393.75436
0.00016,6.69e-05,1e-05,0.0,0.38699964,302.13654
0.00016,6.69e-05,1e-05,0.1,0.59450257,391.4823
0.00016,6.69e-05,1e-05,0.2,0.77417856,390.63245
0.00016,6.69e-05,1e-05,0.3,0.6353566,390.3543
0.00016,6.69e-05,1e-05,0.4,0.5674163,394.66486
0.00016,6.69e-05,1e-05,0.5,0.5693236,393.08218
0.00016,6.69e-05,1e-05,0.6,0.5685441,393.49435
0.00016,6.69e-05,1e-05,0.7,0.56827366,393.6394
0.00016,6.69e-05,1e-05,0.8,0.56815434,393.70364
0.00016,6.69e-05,1e-05,0.9,0.5680939,393.7361
0.00016,6.69e-05,1e-05,1.0,0.56806034,393.75436
0.00016,6.69e-05,0.0,0.0,0.38698292,302.13412
0.00016,6.69e-05,0.0,0.1,0.5945025,391.48218
0.00016,6.69e-05,0.0,0.2,0.77417696,390.63272
0.00016,6.69e-05,0.0,0.3,0.6353532,390.35437
0.00016,6.69e-05,0.0,0.4,0.5674168,394.6646
0.00016,6.69e-05,0.0,0.5,0.56932366,393.08218
0.00016,6.69e-05,0.0,0.6,0.5685441,393.49435
0.00016,6.69e-05,0.0,0.7,0.56827366,393.6394
0.00016,6.69e-05,0.0,0.8,0.56815434,393.70364
0.00016,6.69e-05,0.0,0.9,0.5680939,393.73608
0.00016,6.69e-05,0.0,1.0,0.56806034,393.75436
0.00017,5.1e-05,0.0,0.0,0.38699186,302.1354
0.00017,5.1e-05,0.0,0.1,0.59450257,391.4827
0.00017,5.1e-05,0.0,0.2,0.7741774,390.63263
0.00017,5.1e-05,0.0,0.3,0.6353506,390.35434
0.00017,5.1e-05,0.0,0.4,0.5674171,394.6645
0.00017,5.1e-05,0.0,0.5,0.5693236,393.08218
0.00017,5.1e-05,0.0,0.6,0.56854415,393.49435
0.00017,5.1e-05,0.0,0.7,0.56827366,393.6394
0.00017,5.1e-05,0.0,0.8,0.56815434,393.70364
0.00017,5.1e-05,0.0,0.9,0.5680939,393.73608
0.00017,5.1e-05,0.0,1.0,0.56806034,393.75436
0.00017,5.1e-05,1e-05,0.0,0.38700867,302.13785
0.00017,5.1e-05,1e-05,0.1,0.5945026,391.48282
0.00017,5.1e-05,1e-05,0.2,0.7741786,390.63245
0.00017,5.1e-05,1e-05,0.3,0.63535404,390.35434
0.00017,5.1e-05,1e-05,0.4,0.5674166,394.66473
0.00017,5.1e-05,1e-05,0.5,0.56932366,393.08218
0.00017,5.1e-05,1e-05,0.6,0.5685441,393.49435
0.00017,5.1e-05,1e-05,0.7,0.56827366,393.6394
0.00017,5.1e-05,1e-05,0.8,0.56815434,393.70364
0.00017,5.1e-05,1e-05,0.9,0.5680939,393.7361
0.00017,5.1e-05,1e-05,1.0,0.56806034,393.75436
0.00018,3.44e-05,5e-06,0.0,0.38701046,302.13815
0.00018,3.44e-05,5e-06,0.1,0.59450257,391.48346
0.00018,3.44e-05,5e-06,0.2,0.77417797,390.63254
0.00018,3.44e-05,5e-06,0.3,0.63534915,390.3543
0.00018,3.44e-05,5e-06,0.4,0.5674171,394.66446
0.00018,3.44e-05,5e-06,0.5,0.5693237,393.08218
0.00018,3.44e-05,5e-06,0.6,0.56854403,393.49435
0.00018,3.44e-05,5e-06,0.7,0.56827366,393.6394
0.00018,3.44e-05,5e-06,0.8,0.56815434,393.70364
0.00018,3.44e-05,5e-06,0.9,0.56809396,393.7361
0.00018,3.44e-05,5e-06,1.0,0.56806034,393.75436
0.00018,3.46e-05,0.0,0.0,0.38700178,302.13684
0.00018,3.46e-05,0.0,0.1,0.5945025,391.48343
0.00018,3.46e-05,0.0,0.2,0.774177,390.63266
0.00018,3.46e-05,0.0,0.3,0.63534766,390.35434
0.00018,3.46e-05,0.0,0.4,0.56741756,394.66434
0.00018,3.46e-05,0.0,0.5,0.5693237,393.08218
0.00018,3.46e-05,0.0,0.6,0.56854403,393.49435
0.00018,3.46e-05,0.0,0.7,0.56827366,393.6394
0.00018,3.46e-05,0.0,0.8,0.56815434,393.70364
0.00018,3.46e-05,0.0,0.9,0.56809396,393.7361
0.00018,3.46e-05,0.0,1.0,0.56806034,393.75436
0.00018,3.46e-05,1e-05,0.0,0.38701844,302.13925
0.00018,3.46e-05,1e-05,0.1,0.59450257,391.48352
0.00018,3.46e-05,1e-05,0.2,0.7741785,390.63248
0.00018,3.46e-05,1e-05,0.3,0.6353513,390.35425
0.00018,3.46e-05,1e-05,0.4,0.56741685,394.6646
0.00018,3.46e-05,1e-05,0.5,0.5693236,393.08218
0.00018,3.46e-05,1e-05,0.6,0.56854415,393.49435
0.00018,3.46e-05,1e-05,0.7,0.56827366,393.6394
0.00018,3.46e-05,1e-05,0.8,0.56815434,393.70364
0.00018,3.46e-05,1e-05,0.9,0.56809396,393.7361
0.00018,3.46e-05,1e-05,1.0,0.56806034,393.75436
0.00019,1.73e-05,0.0,0.0,0.3870132,302.1386
0.00019,1.73e-05,0.0,0.1,0.5945025,391.4841
0.00019,1.73e-05,0.0,0.2,0.7741772,390.63263
0.00019,1.73e-05,0.0,0.3,0.63534397,390.3544
0.00019,1.73e-05,0.0,0.4,0.5674177,394.66418
0.00019,1.73e-05,0.0,0.5,0.5693237,393.08218
0.00019,1.73e-05,0.0,0.6,0.5685441,393.49435
0.00019,1.73e-05,0.0,0.7,0.5682737,393.6394
0.00019,1.73e-05,0.0,0.8,0.56815434,393.70364
0.00019,1.73e-05,0.0,0.9,0.56809396,393.7361
0.00019,1.73e-05,0.0,1.0,0.5680603,393.75436
0.00019,1.73e-05,1e-05,0.0,0.38702986,302.14096
0.00019,1.73e-05,1e-05,0.1,0.5945026,391.48422
0.00019,1.73e-05,1e-05,0.2,0.7741785,390.63242
0.00019,1.73e-05,1e-05,0.3,0.6353473,390.35434
0.00019,1.73e-05,1e-05,0.4,0.5674172,394.66446
0.00019,1.73e-05,1e-05,0.5,0.5693238,393.08218
0.00019,1.73e-05,1e-05,0.6,0.5685441,393.49435
0.00019,1.73e-05,1e-05,0.7,0.5682737,393.6394
0.00019,1.73e-05,1e-05,0.8,0.56815434,393.70364
0.00019,1.73e-05,1e-05,0.9,0.56809396,393.7361
0.00019,1.73e-05,1e-05,1.0,0.5680603,393.75436
0.0002,0.0,1e-05,0.0,0.38704124,302.1426
0.0002,0.0,1e-05,0.1,0.5945026,391.485
0.0002,0.0,1e-05,0.2,0.7741785,390.6324
0.0002,0.0,1e-05,0.3,0.6353437,390.35422
0.0002,0.0,1e-05,0.4,0.5674175,394.6642
0.0002,0.0,1e-05,0.5,0.5693237,393.08218
0.0002,0.0,1e-05,0.6,0.5685441,393.49435
0.0002,0.0,1e-05,0.7,0.5682737,393.6394
0.0002,0.0,1e-05,0.8,0.56815434,393.70364
0.0002,0.0,1e-05,0.9,0.56809396,393.7361
0.0002,0.0,1e-05,1.0,0.5680603,393.75436
0.0002,0.0,0.0,0.0,0.38702467,302.14026
0.0002,0.0,0.0,0.1,0.5945026,391.48492
0.0002,0.0,0.0,0.2,0.774177,390.63257
0.0002,0.0,0.0,0.3,0.63534033,390.35437
0.0002,0.0,0.0,0.4,0.56741804,394.66397
0.0002,0.0,0.0,0.5,0.5693237,393.08218
0.0002,0.0,0.0,0.6,0.56854403,393.49435
0.0002,0.0,0.0,0.7,0.5682737,393.6394
0.0002,0.0,0.0,0.8,0.56815434,393.70364
0.0002,0.0,0.0,0.9,0.56809396,393.7361
0.0002,0.0,0.0,1.0,0.5680603,393.75436
0.00016,1e-04,0.0,0.0,0.3869245,302.12552
0.00016,1e-04,0.0,0.1,0.5945023,391.47754
0.00016,1e-04,0.0,0.2,0.7741798,390.63226
0.00016,1e-04,0.0,0.3,0.6353824,390.35443
0.00016,1e-04,0.0,0.4,0.5674143,394.66635
0.00016,1e-04,0.0,0.5,0.5693237,393.08212
0.00016,1e-04,0.0,0.6,0.56854427,393.49435
0.00016,1e-04,0.0,0.7,0.5682737,393.63937
0.00016,1e-04,0.0,0.8,0.5681543,393.70364
0.00016,1e-04,0.0,0.9,0.56809396,393.73608
0.00016,1e-04,0.0,1.0,0.56806034,393.75436
0.00016,1e-04,1e-05,0.0,0.38694122,302.12793
0.00016,1e-04,1e-05,0.1,0.5945023,391.47763
0.00016,1e-04,1e-05,0.2,0.7741812,390.63205
0.00016,1e-04,1e-05,0.3,0.6353858,390.3543
0.00016,1e-04,1e-05,0.4,0.56741375,394.66666
0.00016,1e-04,1e-05,0.5,0.56932366,393.08212
0.00016,1e-04,1e-05,0.6,0.56854427,393.49435
0.00016,1e-04,1e-05,0.7,0.5682737,393.63937
0.00016,1e-04,1e-05,0.8,0.5681543,393.70364
0.00016,1e-04,1e-05,0.9,0.56809396,393.73608
0.00016,1e-04,1e-05,1.0,0.56806034,393.75436
0.00017,8.27e-05,0.0,0.0,0.38693583,302.12723
0.00017,8.27e-05,0.0,0.1,0.5945023,391.47824
0.00017,8.27e-05,0.0,0.2,0.77417976,390.63226
0.00017,8.27e-05,0.0,0.3,0.6353787,390.35434
0.00017,8.27e-05,0.0,0.4,0.5674145,394.6661
0.00017,8.27e-05,0.0,0.5,0.5693237,393.08215
0.00017,8.27e-05,0.0,0.6,0.5685443,393.49435
0.00017,8.27e-05,0.0,0.7,0.5682737,393.63937
0.00017,8.27e-05,0.0,0.8,0.5681543,393.70364
0.00017,8.27e-05,0.0,0.9,0.56809396,393.73608
0.00017,8.27e-05,0.0,1.0,0.56806034,393.75436
0.00017,8.27e-05,1e-05,0.0,0.3869525,302.12958
0.00017,8.27e-05,1e-05,0.1,0.59450215,391.47836
0.00017,8.27e-05,1e-05,0.2,0.7741811,390.63205
0.00017,8.27e-05,1e-05,0.3,0.6353822,390.35428
0.00017,8.27e-05,1e-05,0.4,0.5674142,394.66647
0.00017,8.27e-05,1e-05,0.5,0.5693237,393.08212
0.00017,8.27e-05,1e-05,0.6,0.56854427,393.49435
0.00017,8.27e-05,1e-05,0.7,0.5682737,393.63937
0.00017,8.27e-05,1e-05,0.8,0.5681543,393.70364
0.00017,8.27e-05,1e-05,0.9,0.56809396,393.73608
0.00017,8.27e-05,1e-05,1.0,0.56806034,393.75436
0.00018,6.69e-05,1e-05,0.0,0.3869613,302.1309
0.00018,6.69e-05,1e-05,0.1,0.59450233,391.4789
0.00018,6.69e-05,1e-05,0.2,0.7741813,390.63205
0.00018,6.69e-05,1e-05,0.3,0.6353797,390.3543
0.00018,6.69e-05,1e-05,0.4,0.5674143,394.6663
0.00018,6.69e-05,1e-05,0.5,0.5693237,393.08212
0.00018,6.69e-05,1e-05,0.6,0.5685443,393.49435
0.00018,6.69e-05,1e-05,0.7,0.5682737,393.63937
0.00018,6.69e-05,1e-05,0.8,0.5681543,393.70364
0.00018,6.69e-05,1e-05,0.9,0.56809396,393.73608
0.00018,6.69e-05,1e-05,1.0,0.56806034,393.75436
0.00018,6.69e-05,0.0,0.0,0.38694444,302.12842
0.00018,6.69e-05,0.0,0.1,0.59450215,391.4788
0.00018,6.69e-05,0.0,0.2,0.77418023,390.6322
0.00018,6.69e-05,0.0,0.3,0.63537633,390.3543
0.00018,6.69e-05,0.0,0.4,0.56741476,394.66602
0.00018,6.69e-05,0.0,0.5,0.5693237,393.08212
0.00018,6.69e-05,0.0,0.6,0.5685443,393.49435
0.00018,6.69e-05,0.0,0.7,0.56827366,393.63937
0.00018,6.69e-05,0.0,0.8,0.5681543,393.70364
0.00018,6.69e-05,0.0,0.9,0.56809396,393.73608
0.00018,6.69e-05,0.0,1.0,0.56806034,393.75436
0.00019,5.1e-05,0.0,0.0,0.38695362,302.1298
0.00019,5.1e-05,0.0,0.1,0.5945023,391.47934
0.00019,5.1e-05,0.0,0.2,0.77418023,390.6322
0.00019,5.1e-05,0.0,0.3,0.6353738,390.35434
0.00019,5.1e-05,0.0,0.4,0.56741476,394.6659
0.00019,5.1e-05,0.0,0.5,0.5693238,393.08212
0.00019,5.1e-05,0.0,0.6,0.5685443,393.49435
0.00019,5.1e-05,0.0,0.7,0.56827366,393.63937
0.00019,5.1e-05,0.0,0.8,0.5681543,393.70364
0.00019,5.1e-05,0.0,0.9,0.56809396,393.73608
0.00019,5.1e-05,0.0,1.0,0.56806034,393.75436
0.00019,5.1e-05,1e-05,0.0,0.38697016,302.13217
0.00019,5.1e-05,1e-05,0.1,0.59450233,391.4794
0.00019,5.1e-05,1e-05,0.2,0.77418154,390.63205
0.00019,5.1e-05,1e-05,0.3,0.63537705,390.35425
0.00019,5.1e-05,1e-05,0.4,0.56741434,394.66614
0.00019,5.1e-05,1e-05,0.5,0.5693237,393.08212
0.00019,5.1e-05,1e-05,0.6,0.5685443,393.49435
0.00019,5.1e-05,1e-05,0.7,0.56827366,393.63937
0.00019,5.1e-05,1e-05,0.8,0.5681543,393.70364
0.00019,5.1e-05,1e-05,0.9,0.56809396,393.73608
0.00019,5.1e-05,1e-05,1.0,0.56806034,393.75436
0.0002,3.46e-05,0.0,0.0,0.38696337,302.13123
0.0002,3.46e-05,0.0,0.1,0.5945024,391.47998
0.0002,3.46e-05,0.0,0.2,0.7741803,390.63217
0.0002,3.46e-05,0.0,0.3,0.6353707,390.3543
0.0002,3.46e-05,0.0,0.4,0.5674151,394.66577
0.0002,3.46e-05,0.0,0.5,0.5693238,393.08215
0.0002,3.46e-05,0.0,0.6,0.56854415,393.49435
0.0002,3.46e-05,0.0,0.7,0.56827366,393.63937
0.0002,3.46e-05,0.0,0.8,0.56815434,393.70364
0.0002,3.46e-05,0.0,0.9,0.56809396,393.73608
0.0002,3.46e-05,0.0,1.0,0.56806034,393.75436
0.0002,3.46e-05,1e-05,0.0,0.38698012,302.13364
0.0002,3.46e-05,1e-05,0.1,0.59450233,391.4801
0.0002,3.46e-05,1e-05,0.2,0.7741815,390.632
0.0002,3.46e-05,1e-05,0.3,0.63537407,390.35428
0.0002,3.46e-05,1e-05,0.4,0.56741476,394.66605
0.0002,3.46e-05,1e-05,0.5,0.5693237,393.08212
0.0002,3.46e-05,1e-05,0.6,0.56854427,393.49435
0.0002,3.46e-05,1e-05,0.7,0.56827366,393.63937
0.0002,3.46e-05,1e-05,0.8,0.5681543,393.70364
0.0002,3.46e-05,1e-05,0.9,0.56809396,393.73608
0.0002,3.46e-05,1e-05,1.0,0.56806034,393.75436
0.00021,1.73e-05,1e-05,0.0,0.38699153,302.13535
0.00021,1.73e-05,1e-05,0.1,0.59450245,391.48083
0.00021,1.73e-05,1e-05,0.2,0.7741816,390.63202
0.00021,1.73e-05,1e-05,0.3,0.6353705,390.35416
0.00021,1.73e-05,1e-05,0.4,0.5674149,394.6659
0.00021,1.73e-05,1e-05,0.5,0.5693238,393.08215
0.00021,1.73e-05,1e-05,0.6,0.56854415,393.49435
0.00021,1.73e-05,1e-05,0.7,0.5682737,393.63937
0.00021,1.73e-05,1e-05,0.8,0.56815434,393.70364
0.00021,1.73e-05,1e-05,0.9,0.56809396,393.73608
0.00021,1.73e-05,1e-05,1.0,0.56806034,393.75436
0.00021,1.73e-05,0.0,0.0,0.38697496,302.1329
0.00021,1.73e-05,0.0,0.1,0.5945024,391.4807
0.00021,1.73e-05,0.0,0.2,0.7741801,390.63217
0.00021,1.73e-05,0.0,0.3,0.63536704,390.35425
0.00021,1.73e-05,0.0,0.4,0.5674155,394.6655
0.00021,1.73e-05,0.0,0.5,0.5693238,393.08215
0.00021,1.73e-05,0.0,0.6,0.5685441,393.49435
0.00021,1.73e-05,0.0,0.7,0.5682737,393.63937
0.00021,1.73e-05,0.0,0.8,0.5681543,393.70364
0.00021,1.73e-05,0.0,0.9,0.56809396,393.73608
0.00021,1.73e-05,0.0,1.0,0.56806034,393.75436
0.00022,0.0,1e-05,0.0,0.38700303,302.13696
0.00022,0.0,1e-05,0.1,0.5945025,391.48157
0.00022,0.0,1e-05,0.2,0.7741815,390.632
0.00022,0.0,1e-05,0.3,0.6353669,390.3542
0.00022,0.0,1e-05,0.4,0.5674153,394.66562
0.00022,0.0,1e-05,0.5,0.5693237,393.08215
0.00022,0.0,1e-05,0.6,0.56854415,393.49435
0.00022,0.0,1e-05,0.7,0.5682737,393.63937
0.00022,0.0,1e-05,0.8,0.5681543,393.70364
0.00022,0.0,1e-05,0.9,0.56809396,393.73608
0.00022,0.0,1e-05,1.0,0.56806034,393.75436
0.00022,0.0,0.0,0.0,0.38698632,302.13455
0.00022,0.0,0.0,0.1,0.5945025,391.48145
0.00022,0.0,0.0,0.2,0.77418035,390.6322
0.00022,0.0,0.0,0.3,0.63536334,390.35425
0.00022,0.0,0.0,0.4,0.5674158,394.66528
0.00022,0.0,0.0,0.5,0.5693238,393.08218
0.00022,0.0,0.0,0.6,0.56854415,393.49435
0.00022,0.0,0.0,0.7,0.56827366,393.63937
0.00022,0.0,0.0,0.8,0.56815434,393.70364
0.00022,0.0,0.0,0.9,0.56809396,393.73608
0.00022,0.0,0.0,1.0,0.56806034,393.75436
0.00018,1e-04,0.0,0.0,0.38688606,302.11984
0.00018,1e-04,0.0,0.1,0.59450185,391.47415
0.00018,1e-04,0.0,0.2,0.77418214,390.63196
0.00018,1e-04,0.0,0.3,0.6354055,390.35437
0.00018,1e-04,0.0,0.4,0.567412,394.6677
0.00018,1e-04,0.0,0.5,0.5693238,393.08206
0.00018,1e-04,0.0,0.6,0.56854427,393.49435
0.00018,1e-04,0.0,0.7,0.56827384,393.63934
0.00018,1e-04,0.0,0.8,0.5681543,393.70364
0.00018,1e-04,0.0,0.9,0.5680939,393.73608
0.00018,1e-04,0.0,1.0,0.5680604,393.75436
0.00018,1e-04,1e-05,0.0,0.3869028,302.12228
0.00018,1e-04,1e-05,0.1,0.594502,391.47424
0.00018,1e-04,1e-05,0.2,0.7741834,390.63165
0.00018,1e-04,1e-05,0.3,0.63540876,390.35425
0.00018,1e-04,1e-05,0.4,0.56741136,394.66803
0.00018,1e-04,1e-05,0.5,0.5693238,393.08206
0.00018,1e-04,1e-05,0.6,0.5685443,393.49435
0.00018,1e-04,1e-05,0.7,0.56827384,393.63934
0.00018,1e-04,1e-05,0.8,0.56815434,393.70364
0.00018,1e-04,1e-05,0.9,0.5680939,393.73608
0.00018,1e-04,1e-05,1.0,0.56806046,393.75436
0.00019,8.27e-05,0.0,0.0,0.38689747,302.1215
0.00019,8.27e-05,0.0,0.1,0.59450203,391.47498
0.00019,8.27e-05,0.0,0.2,0.774182,390.63196
0.00019,8.27e-05,0.0,0.3,0.63540184,390.35428
0.00019,8.27e-05,0.0,0.4,0.5674124,394.66745
0.00019,8.27e-05,0.0,0.5,0.56932366,393.0821
0.00019,8.27e-05,0.0,0.6,0.56854427,393.49435
0.00019,8.27e-05,0.0,0.7,0.56827384,393.63937
0.00019,8.27e-05,0.0,0.8,0.5681543,393.70364
0.00019,8.27e-05,0.0,0.9,0.5680939,393.73608
0.00019,8.27e-05,0.0,1.0,0.5680604,393.75436
0.00019,8.27e-05,1e-05,0.0,0.38691413,302.12393
0.00019,8.27e-05,1e-05,0.1,0.5945021,391.47504
0.00019,8.27e-05,1e-05,0.2,0.7741837,390.63156
0.00019,8.27e-05,1e-05,0.3,0.6354052,390.35416
0.00019,8.27e-05,1e-05,0.4,0.56741184,394.66776
0.00019,8.27e-05,1e-05,0.5,0.5693238,393.08206
0.00019,8.27e-05,1e-05,0.6,0.56854427,393.49435
0.00019,8.27e-05,1e-05,0.7,0.5682737,393.63934
0.00019,8.27e-05,1e-05,0.8,0.5681543,393.70364
0.00019,8.27e-05,1e-05,0.9,0.5680939,393.73608
0.00019,8.27e-05,1e-05,1.0,0.5680604,393.75436
0.0002,6.69e-05,1e-05,0.0,0.38692296,302.12527
0.0002,6.69e-05,1e-05,0.1,0.59450215,391.47556
0.0002,6.69e-05,1e-05,0.2,0.7741838,390.6316
0.0002,6.69e-05,1e-05,0.3,0.6354027,390.35416
0.0002,6.69e-05,1e-05,0.4,0.56741214,394.66766
0.0002,6.69e-05,1e-05,0.5,0.56932366,393.0821
0.0002,6.69e-05,1e-05,0.6,0.56854427,393.49435
0.0002,6.69e-05,1e-05,0.7,0.56827384,393.63937
0.0002,6.69e-05,1e-05,0.8,0.5681543,393.70364
0.0002,6.69e-05,1e-05,0.9,0.5680939,393.73608
0.0002,6.69e-05,1e-05,1.0,0.5680604,393.75436
0.0002,6.69e-05,0.0,0.0,0.3869062,302.1228
0.0002,6.69e-05,0.0,0.1,0.5945021,391.47543
0.0002,6.69e-05,0.0,0.2,0.7741826,390.6319
0.0002,6.69e-05,0.0,0.3,0.63539916,390.35434
0.0002,6.69e-05,0.0,0.4,0.5674126,394.66727
0.0002,6.69e-05,0.0,0.5,0.5693237,393.08212
0.0002,6.69e-05,0.0,0.6,0.56854427,393.49435
0.0002,6.69e-05,0.0,0.7,0.5682738,393.63937
0.0002,6.69e-05,0.0,0.8,0.5681543,393.70364
0.0002,6.69e-05,0.0,0.9,0.5680939,393.73608
0.0002,6.69e-05,0.0,1.0,0.5680604,393.75436
0.00021,5.1e-05,0.0,0.0,0.38691506,302.12408
0.00021,5.1e-05,0.0,0.1,0.5945021,391.476
0.00021,5.1e-05,0.0,0.2,0.77418274,390.63184
0.00021,5.1e-05,0.0,0.3,0.6353968,390.35428
0.00021,5.1e-05,0.0,0.4,0.5674128,394.6671
0.00021,5.1e-05,0.0,0.5,0.56932366,393.08212
0.00021,5.1e-05,0.0,0.6,0.56854427,393.49435
0.00021,5.1e-05,0.0,0.7,0.5682738,393.63937
0.00021,5.1e-05,0.0,0.8,0.5681543,393.70364
0.00021,5.1e-05,0.0,0.9,0.5680939,393.73608
0.00021,5.1e-05,0.0,1.0,0.5680604,393.75436
0.00021,5.1e-05,1e-05,0.0,0.3869319,302.1266
0.00021,5.1e-05,1e-05,0.1,0.5945021,391.4761
0.00021,5.1e-05,1e-05,0.2,0.7741839,390.63156
0.00021,5.1e-05,1e-05,0.3,0.6354001,390.3542
0.00021,5.1e-05,1e-05,0.4,0.56741214,394.66748
0.00021,5.1e-05,1e-05,0.5,0.56932366,393.08212
0.00021,5.1e-05,1e-05,0.6,0.56854427,393.49435
0.00021,5.1e-05,1e-05,0.7,0.5682738,393.63937
0.00021,5.1e-05,1e-05,0.8,0.5681543,393.70364
0.00021,5.1e-05,1e-05,0.9,0.5680939,393.73608
0.00021,5.1e-05,1e-05,1.0,0.5680604,393.75436
0.00022,3.46e-05,0.0,0.0,0.38692513,302.12555
0.00022,3.46e-05,0.0,0.1,0.59450215,391.4766
0.00022,3.46e-05,0.0,0.2,0.7741831,390.63174
0.00022,3.46e-05,0.0,0.3,0.635394,390.3543
0.00022,3.46e-05,0.0,0.4,0.5674132,394.66705
0.00022,3.46e-05,0.0,0.5,0.56932366,393.0821
0.00022,3.46e-05,0.0,0.6,0.56854427,393.49435
0.00022,3.46e-05,0.0,0.7,0.5682738,393.63937
0.00022,3.46e-05,0.0,0.8,0.5681543,393.70364
0.00022,3.46e-05,0.0,0.9,0.5680939,393.73608
0.00022,3.46e-05,0.0,1.0,0.5680604,393.75436
0.00022,3.46e-05,1e-05,0.0,0.38694182,302.128
0.00022,3.46e-05,1e-05,0.1,0.59450215,391.4767
0.00022,3.46e-05,1e-05,0.2,0.7741844,390.63147
0.00022,3.46e-05,1e-05,0.3,0.6353973,390.35422
0.00022,3.46e-05,1e-05,0.4,0.56741244,394.6673
0.00022,3.46e-05,1e-05,0.5,0.56932366,393.08212
0.00022,3.46e-05,1e-05,0.6,0.56854427,393.49435
0.00022,3.46e-05,1e-05,0.7,0.5682738,393.63937
0.00022,3.46e-05,1e-05,0.8,0.5681543,393.70364
0.00022,3.46e-05,1e-05,0.9,0.5680939,393.73608
0.00022,3.46e-05,1e-05,1.0,0.5680604,393.75436
0.00023,1.73e-05,1e-05,0.0,0.3869533,302.12967
0.00023,1.73e-05,1e-05,0.1,0.59450233,391.47745
0.00023,1.73e-05,1e-05,0.2,0.77418417,390.63147
0.00023,1.73e-05,1e-05,0.3,0.6353936,390.35422
0.00023,1.73e-05,1e-05,0.4,0.56741273,394.6671
0.00023,1.73e-05,1e-05,0.5,0.5693237,393.08212
0.00023,1.73e-05,1e-05,0.6,0.56854427,393.49435
0.00023,1.73e-05,1e-05,0.7,0.5682738,393.63937
0.00023,1.73e-05,1e-05,0.8,0.5681543,393.70364
0.00023,1.73e-05,1e-05,0.9,0.5680939,393.73608
0.00023,1.73e-05,1e-05,1.0,0.5680604,393.75436
0.00023,1.73e-05,0.0,0.0,0.38693663,302.12723
0.00023,1.73e-05,0.0,0.1,0.5945022,391.47736
0.00023,1.73e-05,0.0,0.2,0.7741827,390.63177
0.00023,1.73e-05,0.0,0.3,0.6353904,390.35425
0.00023,1.73e-05,0.0,0.4,0.5674132,394.66696
0.00023,1.73e-05,0.0,0.5,0.5693237,393.08212
0.00023,1.73e-05,0.0,0.6,0.56854427,393.49435
0.00023,1.73e-05,0.0,0.7,0.5682738,393.63937
0.00023,1.73e-05,0.0,0.8,0.5681543,393.70364
0.00023,1.73e-05,0.0,0.9,0.5680939,393.73608
0.00023,1.73e-05,0.0,1.0,0.5680604,393.75436
0.00024,0.0,1e-05,0.0,0.3869646,302.13138
0.00024,0.0,1e-05,0.1,0.5945023,391.47818
0.00024,0.0,1e-05,0.2,0.77418417,390.63144
0.00024,0.0,1e-05,0.3,0.63538975,390.35413
0.00024,0.0,1e-05,0.4,0.5674131,394.66702
0.00024,0.0,1e-05,0.5,0.5693237,393.08212
0.00024,0.0,1e-05,0.6,0.56854427,393.49435
0.00024,0.0,1e-05,0.7,0.5682738,393.63937
0.00024,0.0,1e-05,0.8,0.5681543,393.70364
0.00024,0.0,1e-05,0.9,0.56809396,393.73608
0.00024,0.0,1e-05,1.0,0.56806034,393.75436
0.00024,0.0,0.0,0.0,0.38694796,302.12885
0.00024,0.0,0.0,0.1,0.59450233,391.4781
0.00024,0.0,0.0,0.2,0.77418286,390.63174
0.00024,0.0,0.0,0.3,0.63538635,390.3542
0.00024,0.0,0.0,0.4,0.5674135,394.6668
0.00024,0.0,0.0,0.5,0.56932366,393.08212
0.00024,0.0,0.0,0.6,0.56854427,393.49435
0.00024,0.0,0.0,0.7,0.5682737,393.63937
0.00024,0.0,0.0,0.8,0.5681543,393.70364
0.00024,0.0,0.0,0.9,0.56809396,393.73608
0.00024,0.0,0.0,1.0,0.56806034,393.75436
0.0002,1e-04,0.0,0.0,0.38684765,302.11414
0.0002,1e-04,0.0,0.1,0.59450185,391.47076
0.0002,1e-04,0.0,0.2,0.77418405,390.63168
0.0002,1e-04,0.0,0.3,0.6354283,390.35437
0.0002,1e-04,0.0,0.4,0.5674098,394.66916
0.0002,1e-04,0.0,0.5,0.5693237,393.082
0.0002,1e-04,0.0,0.6,0.5685443,393.49432
0.0002,1e-04,0.0,0.7,0.56827384,393.63934
0.0002,1e-04,0.0,0.8,0.56815434,393.70364
0.0002,1e-04,0.0,0.9,0.56809396,393.73608
0.0002,1e-04,0.0,1.0,0.56806046,393.75436
0.0002,1e-04,1e-05,0.0,0.38686442,302.1167
0.0002,1e-04,1e-05,0.1,0.59450203,391.47083
0.0002,1e-04,1e-05,0.2,0.77418494,390.63135
0.0002,1e-04,1e-05,0.3,0.6354316,390.35437
0.0002,1e-04,1e-05,0.4,0.56740934,394.66956
0.0002,1e-04,1e-05,0.5,0.5693238,393.082
0.0002,1e-04,1e-05,0.6,0.5685443,393.49435
0.0002,1e-04,1e-05,0.7,0.56827384,393.63934
0.0002,1e-04,1e-05,0.8,0.56815434,393.70364
0.0002,1e-04,1e-05,0.9,0.56809396,393.73608
0.0002,1e-04,1e-05,1.0,0.56806034,393.75436
0.00021,8.31e-05,5e-06,0.0,0.38686675,302.11703
0.00021,8.31e-05,5e-06,0.1,0.5945019,391.47147
0.00021,8.31e-05,5e-06,0.2,0.7741847,390.6315
0.00021,8.31e-05,5e-06,0.3,0.6354267,390.3543
0.00021,8.31e-05,5e-06,0.4,0.5674099,394.66913
0.00021,8.31e-05,5e-06,0.5,0.56932366,393.082
0.00021,8.31e-05,5e-06,0.6,0.5685444,393.49435
0.00021,8.31e-05,5e-06,0.7,0.56827384,393.63934
0.00021,8.31e-05,5e-06,0.8,0.56815434,393.70364
0.00021,8.31e-05,5e-06,0.9,0.56809396,393.73608
0.00021,8.31e-05,5e-06,1.0,0.56806046,393.75436
0.00021,8.27e-05,0.0,0.0,0.38685924,302.1159
0.00021,8.27e-05,0.0,0.1,0.594502,391.47147
0.00021,8.27e-05,0.0,0.2,0.7741841,390.6316
0.00021,8.27e-05,0.0,0.3,0.63542473,390.35434
0.00021,8.27e-05,0.0,0.4,0.56741005,394.66895
0.00021,8.27e-05,0.0,0.5,0.56932366,393.08203
0.00021,8.27e-05,0.0,0.6,0.5685444,393.49435
0.00021,8.27e-05,0.0,0.7,0.56827384,393.63934
0.00021,8.27e-05,0.0,0.8,0.56815434,393.70364
0.00021,8.27e-05,0.0,0.9,0.56809396,393.73608
0.00021,8.27e-05,0.0,1.0,0.56806046,393.75436
0.00021,8.27e-05,1e-05,0.0,0.38687587,302.11826
0.00021,8.27e-05,1e-05,0.1,0.59450203,391.47165
0.00021,8.27e-05,1e-05,0.2,0.77418524,390.63138
0.00021,8.27e-05,1e-05,0.3,0.63542825,390.3543
0.00021,8.27e-05,1e-05,0.4,0.5674096,394.66928
0.00021,8.27e-05,1e-05,0.5,0.5693237,393.082
0.00021,8.27e-05,1e-05,0.6,0.5685444,393.49435
0.00021,8.27e-05,1e-05,0.7,0.56827384,393.63934
0.00021,8.27e-05,1e-05,0.8,0.56815434,393.70364
0.00021,8.27e-05,1e-05,0.9,0.56809396,393.73608
0.00021,8.27e-05,1e-05,1.0,0.56806046,393.75436
0.00022,6.69e-05,1e-05,0.0,0.38688472,302.1196
0.00022,6.69e-05,1e-05,0.1,0.594502,391.47214
0.00022,6.69e-05,1e-05,0.2,0.77418554,390.63138
0.00022,6.69e-05,1e-05,0.3,0.63542575,390.35428
0.00022,6.69e-05,1e-05,0.4,0.56740975,394.66913
0.00022,6.69e-05,1e-05,0.5,0.5693237,393.082
0.00022,6.69e-05,1e-05,0.6,0.5685444,393.49435
0.00022,6.69e-05,1e-05,0.7,0.56827384,393.63934
0.00022,6.69e-05,1e-05,0.8,0.56815434,393.70364
0.00022,6.69e-05,1e-05,0.9,0.56809396,393.73608
0.00022,6.69e-05,1e-05,1.0,0.56806046,393.75436
0.00022,6.69e-05,0.0,0.0,0.3868679,302.1172
0.00022,6.69e-05,0.0,0.1,0.5945019,391.47205
0.00022,6.69e-05,0.0,0.2,0.7741843,390.63162
0.00022,6.69e-05,0.0,0.3,0.6354223,390.35434
0.00022,6.69e-05,0.0,0.4,0.5674103,394.66882
0.00022,6.69e-05,0.0,0.5,0.5693236,393.082
0.00022,6.69e-05,0.0,0.6,0.5685444,393.49435
0.00022,6.69e-05,0.0,0.7,0.56827384,393.63934
0.00022,6.69e-05,0.0,0.8,0.56815434,393.70364
0.00022,6.69e-05,0.0,0.9,0.56809396,393.73608
0.00022,6.69e-05,0.0,1.0,0.56806046,393.75436
0.00023,5.1e-05,0.0,0.0,0.38687682,302.1184
0.00023,5.1e-05,0.0,0.1,0.5945019,391.47256
0.00023,5.1e-05,0.0,0.2,0.77418464,390.63147
0.00023,5.1e-05,0.0,0.3,0.63541985,390.35425
0.00023,5.1e-05,0.0,0.4,0.5674106,394.6687
0.00023,5.1e-05,0.0,0.5,0.56932366,393.08206
0.00023,5.1e-05,0.0,0.6,0.5685444,393.49435
0.00023,5.1e-05,0.0,0.7,0.56827384,393.63934
0.00023,5.1e-05,0.0,0.8,0.56815434,393.70364
0.00023,5.1e-05,0.0,0.9,0.56809396,393.73608
0.00023,5.1e-05,0.0,1.0,0.56806046,393.75436
0.00023,5.1e-05,1e-05,0.0,0.38689372,302.12085
0.00023,5.1e-05,1e-05,0.1,0.594502,391.4727
0.00023,5.1e-05,1e-05,0.2,0.77418596,390.63126
0.00023,5.1e-05,1e-05,0.3,0.6354232,390.3542
0.00023,5.1e-05,1e-05,0.4,0.56741,394.66907
0.00023,5.1e-05,1e-05,0.5,0.5693236,393.082
0.00023,5.1e-05,1e-05,0.6,0.56854445,393.49435
0.00023,5.1e-05,1e-05,0.7,0.56827384,393.63934
0.00023,5.1e-05,1e-05,0.8,0.56815434,393.70364
0.00023,5.1e-05,1e-05,0.9,0.56809396,393.73608
0.00023,5.1e-05,1e-05,1.0,0.56806046,393.75436
0.00024,3.46e-05,0.0,0.0,0.38688678,302.11993
0.00024,3.46e-05,0.0,0.1,0.59450185,391.4732
0.00024,3.46e-05,0.0,0.2,0.774185,390.6314
0.00024,3.46e-05,0.0,0.3,0.63541687,390.35425
0.00024,3.46e-05,0.0,0.4,0.5674107,394.66858
0.00024,3.46e-05,0.0,0.5,0.56932366,393.0821
0.00024,3.46e-05,0.0,0.6,0.5685443,393.49435
0.00024,3.46e-05,0.0,0.7,0.56827384,393.63934
0.00024,3.46e-05,0.0,0.8,0.56815434,393.70364
0.00024,3.46e-05,0.0,0.9,0.56809396,393.73608
0.00024,3.46e-05,0.0,1.0,0.56806046,393.75436
0.00024,3.46e-05,1e-05,0.0,0.38690346,302.12244
0.00024,3.46e-05,1e-05,0.1,0.5945019,391.47333
0.00024,3.46e-05,1e-05,0.2,0.77418613,390.63126
0.00024,3.46e-05,1e-05,0.3,0.6354202,390.35416
0.00024,3.46e-05,1e-05,0.4,0.56741023,394.66882
0.00024,3.46e-05,1e-05,0.5,0.56932366,393.0821
0.00024,3.46e-05,1e-05,0.6,0.5685443,393.49435
0.00024,3.46e-05,1e-05,0.7,0.56827384,393.63934
0.00024,3.46e-05,1e-05,0.8,0.56815434,393.70364
0.00024,3.46e-05,1e-05,0.9,0.56809396,393.73608
0.00024,3.46e-05,1e-05,1.0,0.56806046,393.75436
0.000251,1.68e-05,5e-06,0.0,0.38690555,302.12268
0.000251,1.68e-05,5e-06,0.1,0.5945019,391.4739
0.000251,1.68e-05,5e-06,0.2,0.7741857,390.6313
0.000251,1.68e-05,5e-06,0.3,0.63541555,390.35416
0.000251,1.68e-05,5e-06,0.4,0.5674107,394.66858
0.000251,1.68e-05,5e-06,0.5,0.5693237,393.0821
0.000251,1.68e-05,5e-06,0.6,0.5685443,393.49435
0.000251,1.68e-05,5e-06,0.7,0.56827384,393.63934
0.000251,1.68e-05,5e-06,0.8,0.56815434,393.70364
0.000251,1.68e-05,5e-06,0.9,0.5680939,393.73608
0.000251,1.68e-05,5e-06,1.0,0.5680604,393.75436
0.00025,1.73e-05,1e-05,0.0,0.386915,302.124
0.00025,1.73e-05,1e-05,0.1,0.594502,391.47406
0.00025,1.73e-05,1e-05,0.2,0.77418613,390.63113
0.00025,1.73e-05,1e-05,0.3,0.6354166,390.35413
0.00025,1.73e-05,1e-05,0.4,0.5674107,394.66864
0.00025,1.73e-05,1e-05,0.5,0.5693237,393.0821
0.00025,1.73e-05,1e-05,0.6,0.5685443,393.49435
0.00025,1.73e-05,1e-05,0.7,0.56827384,393.63934
0.00025,1.73e-05,1e-05,0.8,0.56815434,393.70364
0.00025,1.73e-05,1e-05,0.9,0.5680939,393.73608
0.00025,1.73e-05,1e-05,1.0,0.5680604,393.75436
0.00025,1.73e-05,0.0,0.0,0.38689816,302.1216
0.00025,1.73e-05,0.0,0.1,0.59450185,391.47394
0.00025,1.73e-05,0.0,0.2,0.7741849,390.6314
0.00025,1.73e-05,0.0,0.3,0.6354131,390.35413
0.00025,1.73e-05,0.0,0.4,0.5674112,394.6684
0.00025,1.73e-05,0.0,0.5,0.56932366,393.0821
0.00025,1.73e-05,0.0,0.6,0.5685443,393.49435
0.00025,1.73e-05,0.0,0.7,0.56827384,393.63934
0.00025,1.73e-05,0.0,0.8,0.56815434,393.70364
0.00025,1.73e-05,0.0,0.9,0.5680939,393.73608
0.00025,1.73e-05,0.0,1.0,0.5680604,393.75436
0.00026,0.0,1e-05,0.0,0.38692635,302.12576
0.00026,0.0,1e-05,0.1,0.59450215,391.47485
0.00026,0.0,1e-05,0.2,0.77418643,390.63104
0.00026,0.0,1e-05,0.3,0.63541293,390.3541
0.00026,0.0,1e-05,0.4,0.5674108,394.6685
0.00026,0.0,1e-05,0.5,0.5693237,393.08203
0.00026,0.0,1e-05,0.6,0.5685443,393.49435
0.00026,0.0,1e-05,0.7,0.56827384,393.63937
0.00026,0.0,1e-05,0.8,0.5681543,393.70364
0.00026,0.0,1e-05,0.9,0.5680939,393.73608
0.00026,0.0,1e-05,1.0,0.5680604,393.75436
0.00026,0.0,0.0,0.0,0.38690957,302.1233
0.00026,0.0,0.0,0.1,0.59450215,391.47476
0.00026,0.0,0.0,0.2,0.77418524,390.6313
0.00026,0.0,0.0,0.3,0.6354095,390.35406
0.00026,0.0,0.0,0.4,0.56741136,394.66818
0.00026,0.0,0.0,0.5,0.5693238,393.08206
0.00026,0.0,0.0,0.6,0.5685443,393.49435
0.00026,0.0,0.0,0.7,0.56827384,393.63937
0.00026,0.0,0.0,0.8,0.56815434,393.70364
0.00026,0.0,0.0,0.9,0.5680939,393.73608
0.00026,0.0,0.0,1.0,0.5680604,393.75436
0.00022,1e-04,0.0,0.0,0.38680914,302.10855
0.00022,1e-04,0.0,0.1,0.59450155,391.46744
0.00022,1e-04,0.0,0.2,0.7741853,390.63147
0.00022,1e-04,0.0,0.3,0.63545126,390.35434
0.00022,1e-04,0.0,0.4,0.56740755,394.6706
0.00022,1e-04,0.0,0.5,0.5693239,393.08197
0.00022,1e-04,0.0,0.6,0.5685443,393.49432
0.00022,1e-04,0.0,0.7,0.56827384,393.63937
0.00022,1e-04,0.0,0.8,0.56815434,393.70364
0.00022,1e-04,0.0,0.9,0.56809396,393.73608
0.00022,1e-04,0.0,1.0,0.56806034,393.75436
0.00022,1e-04,1e-05,0.0,0.38682595,302.11102
0.00022,1e-04,1e-05,0.1,0.5945017,391.46753
0.00022,1e-04,1e-05,0.2,0.7741865,390.63116
0.00022,1e-04,1e-05,0.3,0.6354545,390.35434
0.00022,1e-04,1e-05,0.4,0.567407,394.67087
0.00022,1e-04,1e-05,0.5,0.56932384,393.08194
0.00022,1e-04,1e-05,0.6,0.5685443,393.49432
0.00022,1e-04,1e-05,0.7,0.56827384,393.63937
0.00022,1e-04,1e-05,0.8,0.56815434,393.70364
0.00022,1e-04,1e-05,0.9,0.56809396,393.73608
0.00022,1e-04,1e-05,1.0,0.56806034,393.75436
0.00023,8.27e-05,0.0,0.0,0.3868207,302.1102
0.00023,8.27e-05,0.0,0.1,0.5945017,391.46814
0.00023,8.27e-05,0.0,0.2,0.7741858,390.63135
0.00023,8.27e-05,0.0,0.3,0.6354475,390.3543
0.00023,8.27e-05,0.0,0.4,0.56740785,394.67038
0.00023,8.27e-05,0.0,0.5,0.56932396,393.082
0.00023,8.27e-05,0.0,0.6,0.56854427,393.49432
0.00023,8.27e-05,0.0,0.7,0.56827384,393.63937
0.00023,8.27e-05,0.0,0.8,0.56815434,393.70364
0.00023,8.27e-05,0.0,0.9,0.56809396,393.73608
0.00023,8.27e-05,0.0,1.0,0.56806034,393.75436
0.00023,8.27e-05,1e-05,0.0,0.38683745,302.1127
0.00023,8.27e-05,1e-05,0.1,0.59450173,391.46823
0.00023,8.27e-05,1e-05,0.2,0.7741866,390.6312
0.00023,8.27e-05,1e-05,0.3,0.6354509,390.35425
0.00023,8.27e-05,1e-05,0.4,0.5674075,394.6707
0.00023,8.27e-05,1e-05,0.5,0.5693239,393.08197
0.00023,8.27e-05,1e-05,0.6,0.5685443,393.49432
0.00023,8.27e-05,1e-05,0.7,0.56827384,393.63937
0.00023,8.27e-05,1e-05,0.8,0.56815434,393.70364
0.00023,8.27e-05,1e-05,0.9,0.56809396,393.73608
0.00023,8.27e-05,1e-05,1.0,0.56806034,393.75436
0.00024,6.69e-05,1e-05,0.0,0.38684613,302.11395
0.00024,6.69e-05,1e-05,0.1,0.5945018,391.46884
0.00024,6.69e-05,1e-05,0.2,0.7741871,390.6311
0.00024,6.69e-05,1e-05,0.3,0.6354484,390.35422
0.00024,6.69e-05,1e-05,0.4,0.56740755,394.6706
0.00024,6.69e-05,1e-05,0.5,0.5693239,393.082
0.00024,6.69e-05,1e-05,0.6,0.56854427,393.49432
0.00024,6.69e-05,1e-05,0.7,0.56827384,393.63937
0.00024,6.69e-05,1e-05,0.8,0.56815434,393.70364
0.00024,6.69e-05,1e-05,0.9,0.56809396,393.73608
0.00024,6.69e-05,1e-05,1.0,0.56806034,393.75436
0.00024,6.69e-05,0.0,0.0,0.38682956,302.1115
0.00024,6.69e-05,0.0,0.1,0.5945017,391.4687
0.00024,6.69e-05,0.0,0.2,0.77418625,390.63126
0.00024,6.69e-05,0.0,0.3,0.635445,390.35428
0.00024,6.69e-05,0.0,0.4,0.5674081,394.67026
0.00024,6.69e-05,0.0,0.5,0.56932384,393.08197
0.00024,6.69e-05,0.0,0.6,0.56854427,393.49432
0.00024,6.69e-05,0.0,0.7,0.56827384,393.63937
0.00024,6.69e-05,0.0,0.8,0.56815434,393.70364
0.00024,6.69e-05,0.0,0.9,0.56809396,393.73608
0.00024,6.69e-05,0.0,1.0,0.56806034,393.75436
0.00025,5.1e-05,0.0,0.0,0.38683847,302.11282
0.00025,5.1e-05,0.0,0.1,0.59450185,391.46927
0.00025,5.1e-05,0.0,0.2,0.77418643,390.6312
0.00025,5.1e-05,0.0,0.3,0.6354427,390.35425
0.00025,5.1e-05,0.0,0.4,0.56740826,394.67014
0.00025,5.1e-05,0.0,0.5,0.5693239,393.082
0.00025,5.1e-05,0.0,0.6,0.56854427,393.49432
0.00025,5.1e-05,0.0,0.7,0.56827384,393.63937
0.00025,5.1e-05,0.0,0.8,0.56815434,393.70364
0.00025,5.1e-05,0.0,0.9,0.56809396,393.73608
0.00025,5.1e-05,0.0,1.0,0.56806034,393.75436
0.00025,5.1e-05,1e-05,0.0,0.3868551,302.11526
0.00025,5.1e-05,1e-05,0.1,0.5945018,391.46933
0.00025,5.1e-05,1e-05,0.2,0.77418756,390.63098
0.00025,5.1e-05,1e-05,0.3,0.6354462,390.35422
0.00025,5.1e-05,1e-05,0.4,0.5674079,394.67047
0.00025,5.1e-05,1e-05,0.5,0.56932384,393.08197
0.00025,5.1e-05,1e-05,0.6,0.56854427,393.49432
0.00025,5.1e-05,1e-05,0.7,0.56827384,393.63937
0.00025,5.1e-05,1e-05,0.8,0.56815434,393.70364
0.00025,5.1e-05,1e-05,0.9,0.56809396,393.73608
0.00025,5.1e-05,1e-05,1.0,0.56806034,393.75436
0.00026,3.46e-05,0.0,0.0,0.38684827,302.11426
0.00026,3.46e-05,0.0,0.1,0.59450185,391.46985
0.00026,3.46e-05,0.0,0.2,0.7741867,390.63116
0.00026,3.46e-05,0.0,0.3,0.63543963,390.35425
0.00026,3.46e-05,0.0,0.4,0.5674085,394.67004
0.00026,3.46e-05,0.0,0.5,0.56932384,393.082
0.00026,3.46e-05,0.0,0.6,0.56854427,393.49432
0.00026,3.46e-05,0.0,0.7,0.56827384,393.63937
0.00026,3.46e-05,0.0,0.8,0.56815434,393.70364
0.00026,3.46e-05,0.0,0.9,0.56809396,393.73608
0.00026,3.46e-05,0.0,1.0,0.56806034,393.75436
0.00026,3.46e-05,1e-05,0.0,0.3868651,302.11673
0.00026,3.46e-05,1e-05,0.1,0.594502,391.46994
0.00026,3.46e-05,1e-05,0.2,0.77418786,390.63092
0.00026,3.46e-05,1e-05,0.3,0.63544333,390.35416
0.00026,3.46e-05,1e-05,0.4,0.5674081,394.67026
0.00026,3.46e-05,1e-05,0.5,0.5693239,393.082
0.00026,3.46e-05,1e-05,0.6,0.56854427,393.49432
0.00026,3.46e-05,1e-05,0.7,0.56827384,393.63937
0.00026,3.46e-05,1e-05,0.8,0.56815434,393.70364
0.00026,3.46e-05,1e-05,0.9,0.56809396,393.73608
0.00026,3.46e-05,1e-05,1.0,0.56806034,393.75436
0.00027,1.73e-05,1e-05,0.0,0.3868766,302.11832
0.00027,1.73e-05,1e-05,0.1,0.594502,391.4707
0.00027,1.73e-05,1e-05,0.2,0.774188,390.63086
0.00027,1.73e-05,1e-05,0.3,0.63543946,390.3542
0.00027,1.73e-05,1e-05,0.4,0.5674082,394.67007
0.00027,1.73e-05,1e-05,0.5,0.5693238,393.082
0.00027,1.73e-05,1e-05,0.6,0.56854427,393.49432
0.00027,1.73e-05,1e-05,0.7,0.56827384,393.63937
0.00027,1.73e-05,1e-05,0.8,0.56815434,393.70364
0.00027,1.73e-05,1e-05,0.9,0.56809396,393.73608
0.00027,1.73e-05,1e-05,1.0,0.56806046,393.75436
0.00027,1.73e-05,0.0,0.0,0.38685977,302.116
0.00027,1.73e-05,0.0,0.1,0.59450185,391.47058
0.00027,1.73e-05,0.0,0.2,0.77418673,390.6311
0.00027,1.73e-05,0.0,0.3,0.635436,390.35425
0.00027,1.73e-05,0.0,0.4,0.5674087,394.66983
0.00027,1.73e-05,0.0,0.5,0.56932384,393.082
0.00027,1.73e-05,0.0,0.6,0.56854427,393.49432
0.00027,1.73e-05,0.0,0.7,0.56827384,393.63934
0.00027,1.73e-05,0.0,0.8,0.56815434,393.70364
0.00027,1.73e-05,0.0,0.9,0.56809396,393.73608
0.00027,1.73e-05,0.0,1.0,0.56806034,393.75436
0.000272,9.57e-06,5e-06,0.0,0.38687798,302.11853
0.000272,9.57e-06,5e-06,0.1,0.59450203,391.47137
0.000272,9.57e-06,5e-06,0.2,0.7741875,390.63092
0.000272,9.57e-06,5e-06,0.3,0.6354333,390.35422
0.000272,9.57e-06,5e-06,0.4,0.567409,394.6697
0.000272,9.57e-06,5e-06,0.5,0.5693238,393.082
0.000272,9.57e-06,5e-06,0.6,0.5685443,393.49435
0.000272,9.57e-06,5e-06,0.7,0.56827384,393.63934
0.000272,9.57e-06,5e-06,0.8,0.56815434,393.70364
0.000272,9.57e-06,5e-06,0.9,0.56809396,393.73608
0.000272,9.57e-06,5e-06,1.0,0.56806046,393.75436
0.00028,0.0,1e-05,0.0,0.38688782,302.12006
0.00028,0.0,1e-05,0.1,0.5945019,391.4714
0.00028,0.0,1e-05,0.2,0.7741882,390.6308
0.00028,0.0,1e-05,0.3,0.63543564,390.3542
0.00028,0.0,1e-05,0.4,0.5674084,394.66998
0.00028,0.0,1e-05,0.5,0.56932384,393.082
0.00028,0.0,1e-05,0.6,0.5685443,393.49432
0.00028,0.0,1e-05,0.7,0.56827384,393.63934
0.00028,0.0,1e-05,0.8,0.56815434,393.70364
0.00028,0.0,1e-05,0.9,0.56809396,393.73608
0.00028,0.0,1e-05,1.0,0.56806046,393.75436
0.00028,0.0,0.0,0.0,0.3868713,302.11765
0.00028,0.0,0.0,0.1,0.594502,391.47125
0.00028,0.0,0.0,0.2,0.774187,390.63095
0.00028,0.0,0.0,0.3,0.6354323,390.35428
0.00028,0.0,0.0,0.4,0.56740904,394.66965
0.00028,0.0,0.0,0.5,0.5693238,393.082
0.00028,0.0,0.0,0.6,0.5685444,393.49435
0.00028,0.0,0.0,0.7,0.56827384,393.63934
0.00028,0.0,0.0,0.8,0.56815434,393.70364
0.00028,0.0,0.0,0.9,0.56809396,393.73608
0.00028,0.0,0.0,1.0,0.56806046,393.75436
0.00024,1e-04,0.0,0.0,0.38677084,302.10284
0.00024,1e-04,0.0,0.1,0.59450126,391.46396
0.00024,1e-04,0.0,0.2,0.77418625,390.6314
0.00024,1e-04,0.0,0.3,0.6354739,390.35458
0.00024,1e-04,0.0,0.4,0.5674052,394.67206
0.00024,1e-04,0.0,0.5,0.56932396,393.08194
0.00024,1e-04,0.0,0.6,0.5685444,393.49432
0.00024,1e-04,0.0,0.7,0.5682738,393.63937
0.00024,1e-04,0.0,0.8,0.5681543,393.70364
0.00024,1e-04,0.0,0.9,0.56809396,393.73608
0.00024,1e-04,0.0,1.0,0.56806034,393.75436
0.00024,1e-04,1e-05,0.0,0.38678768,302.10535
0.00024,1e-04,1e-05,0.1,0.59450144,391.4641
0.00024,1e-04,1e-05,0.2,0.77418756,390.63113
0.00024,1e-04,1e-05,0.3,0.6354773,390.3544
0.00024,1e-04,1e-05,0.4,0.5674048,394.67227
0.00024,1e-04,1e-05,0.5,0.5693239,393.0819
0.00024,1e-04,1e-05,0.6,0.5685444,393.49432
0.00024,1e-04,1e-05,0.7,0.5682738,393.63937
0.00024,1e-04,1e-05,0.8,0.5681543,393.70364
0.00024,1e-04,1e-05,0.9,0.56809396,393.73608
0.00024,1e-04,1e-05,1.0,0.56806034,393.75436
0.00025,8.27e-05,0.0,0.0,0.3867823,302.10446
0.00025,8.27e-05,0.0,0.1,0.5945014,391.46475
0.00025,8.27e-05,0.0,0.2,0.77418673,390.63135
0.00025,8.27e-05,0.0,0.3,0.6354701,390.35452
0.00025,8.27e-05,0.0,0.4,0.5674056,394.67178
0.00025,8.27e-05,0.0,0.5,0.56932396,393.08194
0.00025,8.27e-05,0.0,0.6,0.5685444,393.4943
0.00025,8.27e-05,0.0,0.7,0.5682738,393.63937
0.00025,8.27e-05,0.0,0.8,0.5681543,393.70364
0.00025,8.27e-05,0.0,0.9,0.56809396,393.73608
0.00025,8.27e-05,0.0,1.0,0.56806034,393.75436
0.00025,8.27e-05,1e-05,0.0,0.38679916,302.10703
0.00025,8.27e-05,1e-05,0.1,0.5945015,391.46484
0.00025,8.27e-05,1e-05,0.2,0.7741878,390.63107
0.00025,8.27e-05,1e-05,0.3,0.63547343,390.35437
0.00025,8.27e-05,1e-05,0.4,0.56740516,394.67215
0.00025,8.27e-05,1e-05,0.5,0.5693239,393.08194
0.00025,8.27e-05,1e-05,0.6,0.5685444,393.4943
0.00025,8.27e-05,1e-05,0.7,0.5682738,393.63937
0.00025,8.27e-05,1e-05,0.8,0.5681543,393.70364
0.00025,8.27e-05,1e-05,0.9,0.56809396,393.73608
0.00025,8.27e-05,1e-05,1.0,0.56806034,393.75436
0.00026,6.69e-05,1e-05,0.0,0.38680786,302.10834
0.00026,6.69e-05,1e-05,0.1,0.59450155,391.4654
0.00026,6.69e-05,1e-05,0.2,0.7741883,390.631
0.00026,6.69e-05,1e-05,0.3,0.63547134,390.3544
0.00026,6.69e-05,1e-05,0.4,0.56740546,394.67206
0.00026,6.69e-05,1e-05,0.5,0.56932396,393.08194
0.00026,6.69e-05,1e-05,0.6,0.5685444,393.4943
0.00026,6.69e-05,1e-05,0.7,0.5682738,393.63937
0.00026,6.69e-05,1e-05,0.8,0.5681543,393.70364
0.00026,6.69e-05,1e-05,0.9,0.56809396,393.73608
0.00026,6.69e-05,1e-05,1.0,0.56806034,393.75436
0.00026,6.69e-05,0.0,0.0,0.38679123,302.10596
0.00026,6.69e-05,0.0,0.1,0.5945015,391.4653
0.00026,6.69e-05,0.0,0.2,0.77418697,390.63123
0.00026,6.69e-05,0.0,0.3,0.6354679,390.35443
0.00026,6.69e-05,0.0,0.4,0.5674057,394.67166
0.00026,6.69e-05,0.0,0.5,0.56932384,393.08194
0.00026,6.69e-05,0.0,0.6,0.5685443,393.4943
0.00026,6.69e-05,0.0,0.7,0.5682738,393.63937
0.00026,6.69e-05,0.0,0.8,0.5681543,393.70364
0.00026,6.69e-05,0.0,0.9,0.56809396,393.73608
0.00026,6.69e-05,0.0,1.0,0.56806034,393.75436
0.00027,5.1e-05,0.0,0.0,0.3868002,302.10715
0.00027,5.1e-05,0.0,0.1,0.59450155,391.46588
0.00027,5.1e-05,0.0,0.2,0.7741877,390.6311
0.00027,5.1e-05,0.0,0.3,0.6354654,390.3544
0.00027,5.1e-05,0.0,0.4,0.56740594,394.67157
0.00027,5.1e-05,0.0,0.5,0.56932384,393.08194
0.00027,5.1e-05,0.0,0.6,0.5685443,393.4943
0.00027,5.1e-05,0.0,0.7,0.56827384,393.63937
0.00027,5.1e-05,0.0,0.8,0.5681543,393.70364
0.00027,5.1e-05,0.0,0.9,0.56809396,393.73608
0.00027,5.1e-05,0.0,1.0,0.56806034,393.75436
0.00027,5.1e-05,1e-05,0.0,0.38681677,302.10956
0.00027,5.1e-05,1e-05,0.1,0.5945017,391.46594
0.00027,5.1e-05,1e-05,0.2,0.77418834,390.6309
0.00027,5.1e-05,1e-05,0.3,0.6354688,390.3543
0.00027,5.1e-05,1e-05,0.4,0.5674055,394.67194
0.00027,5.1e-05,1e-05,0.5,0.5693239,393.08194
0.00027,5.1e-05,1e-05,0.6,0.5685443,393.4943
0.00027,5.1e-05,1e-05,0.7,0.5682738,393.63937
0.00027,5.1e-05,1e-05,0.8,0.5681543,393.70364
0.00027,5.1e-05,1e-05,0.9,0.56809396,393.73608
0.00027,5.1e-05,1e-05,1.0,0.56806034,393.75436
0.00028,3.46e-05,1e-05,0.0,0.38682672,302.11105
0.00028,3.46e-05,1e-05,0.1,0.5945016,391.46655
0.00028,3.46e-05,1e-05,0.2,0.774189,390.63086
0.00028,3.46e-05,1e-05,0.3,0.6354658,390.35422
0.00028,3.46e-05,1e-05,0.4,0.56740564,394.67166
0.00028,3.46e-05,1e-05,0.5,0.56932384,393.08194
0.00028,3.46e-05,1e-05,0.6,0.5685444,393.4943
0.00028,3.46e-05,1e-05,0.7,0.56827384,393.63937
0.00028,3.46e-05,1e-05,0.8,0.5681543,393.70364
0.00028,3.46e-05,1e-05,0.9,0.56809396,393.73608
0.00028,3.46e-05,1e-05,1.0,0.56806034,393.75436
0.00028,3.46e-05,0.0,0.0,0.38680995,302.10858
0.00028,3.46e-05,0.0,0.1,0.59450155,391.4664
0.00028,3.46e-05,0.0,0.2,0.7741879,390.631
0.00028,3.46e-05,0.0,0.3,0.63546246,390.3544
0.00028,3.46e-05,0.0,0.4,0.5674063,394.67148
0.00028,3.46e-05,0.0,0.5,0.56932384,393.08194
0.00028,3.46e-05,0.0,0.6,0.5685444,393.4943
0.00028,3.46e-05,0.0,0.7,0.56827384,393.63937
0.00028,3.46e-05,0.0,0.8,0.56815434,393.70364
0.00028,3.46e-05,0.0,0.9,0.56809396,393.73608
0.00028,3.46e-05,0.0,1.0,0.56806034,393.75436
0.00029,1.73e-05,1e-05,0.0,0.38683817,302.11276
0.00029,1.73e-05,1e-05,0.1,0.59450173,391.46735
0.00029,1.73e-05,1e-05,0.2,0.7741893,390.6307
0.00029,1.73e-05,1e-05,0.3,0.6354622,390.35422
0.00029,1.73e-05,1e-05,0.4,0.567406,394.67154
0.00029,1.73e-05,1e-05,0.5,0.56932384,393.08194
0.00029,1.73e-05,1e-05,0.6,0.5685443,393.49432
0.00029,1.73e-05,1e-05,0.7,0.56827384,393.63937
0.00029,1.73e-05,1e-05,0.8,0.56815434,393.70364
0.00029,1.73e-05,1e-05,0.9,0.56809396,393.73608
0.00029,1.73e-05,1e-05,1.0,0.56806034,393.75436
0.00029,1.73e-05,0.0,0.0,0.38682142,302.1103
0.00029,1.73e-05,0.0,0.1,0.5945016,391.46722
0.00029,1.73e-05,0.0,0.2,0.774188,390.63098
0.00029,1.73e-05,0.0,0.3,0.63545865,390.35425
0.00029,1.73e-05,0.0,0.4,0.5674064,394.67123
0.00029,1.73e-05,0.0,0.5,0.5693238,393.08194
0.00029,1.73e-05,0.0,0.6,0.5685443,393.49432
0.00029,1.73e-05,0.0,0.7,0.56827384,393.63937
0.00029,1.73e-05,0.0,0.8,0.56815434,393.70364
0.00029,1.73e-05,0.0,0.9,0.56809396,393.73608
0.00029,1.73e-05,0.0,1.0,0.56806034,393.75436
0.0003,0.0,1e-05,0.0,0.38684958,302.1144
0.0003,0.0,1e-05,0.1,0.5945018,391.46808
0.0003,0.0,1e-05,0.2,0.7741898,390.6306
0.0003,0.0,1e-05,0.3,0.6354584,390.35416
0.0003,0.0,1e-05,0.4,0.56740636,394.67136
0.0003,0.0,1e-05,0.5,0.5693238,393.08194
0.0003,0.0,1e-05,0.6,0.5685443,393.49432
0.0003,0.0,1e-05,0.7,0.56827384,393.63937
0.0003,0.0,1e-05,0.8,0.56815434,393.70364
0.0003,0.0,1e-05,0.9,0.56809396,393.73608
0.0003,0.0,1e-05,1.0,0.56806034,393.75436
0.0003,0.0,0.0,0.0,0.3868327,302.1119
0.0003,0.0,0.0,0.1,0.59450173,391.46796
0.0003,0.0,0.0,0.2,0.77418834,390.63083
0.0003,0.0,0.0,0.3,0.6354551,390.3542
0.0003,0.0,0.0,0.4,0.56740683,394.67102
0.0003,0.0,0.0,0.5,0.56932384,393.08197
0.0003,0.0,0.0,0.6,0.5685443,393.49432
0.0003,0.0,0.0,0.7,0.56827384,393.63937
0.0003,0.0,0.0,0.8,0.56815434,393.70364
0.0003,0.0,0.0,0.9,0.56809396,393.73608
0.0003,0.0,0.0,1.0,0.56806034,393.75436
0.00026,1e-04,0.0,0.0,0.38673252,302.09726
0.00026,1e-04,0.0,0.1,0.594501,391.46066
0.00026,1e-04,0.0,0.2,0.77418673,390.6312
0.00026,1e-04,0.0,0.3,0.6354964,390.35464
0.00026,1e-04,0.0,0.4,0.5674031,394.67337
0.00026,1e-04,0.0,0.5,0.5693241,393.08185
0.00026,1e-04,0.0,0.6,0.5685444,393.4943
0.00026,1e-04,0.0,0.7,0.5682738,393.63934
0.00026,1e-04,0.0,0.8,0.56815434,393.70364
0.00026,1e-04,0.0,0.9,0.56809396,393.73608
0.00026,1e-04,0.0,1.0,0.56806034,393.75436
0.00026,1e-04,1e-05,0.0,0.38674936,302.09967
0.00026,1e-04,1e-05,0.1,0.594501,391.46072
0.00026,1e-04,1e-05,0.2,0.7741881,390.63095
0.00026,1e-04,1e-05,0.3,0.6354995,390.35464
0.00026,1e-04,1e-05,0.4,0.5674027,394.67358
0.00026,1e-04,1e-05,0.5,0.569324,393.08185
0.00026,1e-04,1e-05,0.6,0.5685444,393.4943
0.00026,1e-04,1e-05,0.7,0.56827384,393.63934
0.00026,1e-04,1e-05,0.8,0.56815434,393.70364
0.00026,1e-04,1e-05,0.9,0.56809396,393.73608
0.00026,1e-04,1e-05,1.0,0.56806034,393.75436
0.00027,8.27e-05,0.0,0.0,0.38674396,302.09888
0.00027,8.27e-05,0.0,0.1,0.5945012,391.4613
0.00027,8.27e-05,0.0,0.2,0.77418727,390.63107
0.00027,8.27e-05,0.0,0.3,0.63549256,390.35464
0.00027,8.27e-05,0.0,0.4,0.5674034,394.6732
0.00027,8.27e-05,0.0,0.5,0.569324,393.08185
0.00027,8.27e-05,0.0,0.6,0.5685443,393.4943
0.00027,8.27e-05,0.0,0.7,0.5682738,393.63934
0.00027,8.27e-05,0.0,0.8,0.5681543,393.70364
0.00027,8.27e-05,0.0,0.9,0.56809396,393.73608
0.00027,8.27e-05,0.0,1.0,0.56806034,393.75436
0.00027,8.27e-05,1e-05,0.0,0.3867607,302.10138
0.00027,8.27e-05,1e-05,0.1,0.5945012,391.4614
0.00027,8.27e-05,1e-05,0.2,0.77418846,390.63086
0.00027,8.27e-05,1e-05,0.3,0.6354959,390.35455
0.00027,8.27e-05,1e-05,0.4,0.56740296,394.67346
0.00027,8.27e-05,1e-05,0.5,0.5693241,393.08185
0.00027,8.27e-05,1e-05,0.6,0.5685444,393.4943
0.00027,8.27e-05,1e-05,0.7,0.5682738,393.63934
0.00027,8.27e-05,1e-05,0.8,0.5681543,393.70364
0.00027,8.27e-05,1e-05,0.9,0.56809396,393.73608
0.00027,8.27e-05,1e-05,1.0,0.56806034,393.75436
0.00028,6.69e-05,1e-05,0.0,0.38676944,302.1026
0.00028,6.69e-05,1e-05,0.1,0.5945012,391.46198
0.00028,6.69e-05,1e-05,0.2,0.77418876,390.63083
0.00028,6.69e-05,1e-05,0.3,0.6354939,390.3545
0.00028,6.69e-05,1e-05,0.4,0.56740314,394.67334
0.00028,6.69e-05,1e-05,0.5,0.569324,393.08185
0.00028,6.69e-05,1e-05,0.6,0.5685444,393.4943
0.00028,6.69e-05,1e-05,0.7,0.5682738,393.63934
0.00028,6.69e-05,1e-05,0.8,0.5681543,393.70364
0.00028,6.69e-05,1e-05,0.9,0.56809396,393.73608
0.00028,6.69e-05,1e-05,1.0,0.56806034,393.75436
0.00028,6.69e-05,0.0,0.0,0.38675272,302.10022
0.00028,6.69e-05,0.0,0.1,0.5945011,391.46188
0.00028,6.69e-05,0.0,0.2,0.77418774,390.63104
0.00028,6.69e-05,0.0,0.3,0.6354903,390.3545
0.00028,6.69e-05,0.0,0.4,0.56740344,394.67303
0.00028,6.69e-05,0.0,0.5,0.569324,393.08185
0.00028,6.69e-05,0.0,0.6,0.5685443,393.4943
0.00028,6.69e-05,0.0,0.7,0.5682738,393.63934
0.00028,6.69e-05,0.0,0.8,0.5681543,393.70364
0.00028,6.69e-05,0.0,0.9,0.56809396,393.73608
0.00028,6.69e-05,0.0,1.0,0.56806034,393.75436
0.00029,5.1e-05,0.0,0.0,0.38676187,302.1015
0.00029,5.1e-05,0.0,0.1,0.59450126,391.46243
0.00029,5.1e-05,0.0,0.2,0.7741881,390.63098
0.00029,5.1e-05,0.0,0.3,0.63548803,390.3545
0.00029,5.1e-05,0.0,0.4,0.5674037,394.6729
0.00029,5.1e-05,0.0,0.5,0.56932396,393.0819
0.00029,5.1e-05,0.0,0.6,0.5685444,393.4943
0.00029,5.1e-05,0.0,0.7,0.5682738,393.63934
0.00029,5.1e-05,0.0,0.8,0.5681543,393.70364
0.00029,5.1e-05,0.0,0.9,0.56809396,393.73608
0.00029,5.1e-05,0.0,1.0,0.56806034,393.75436
0.00029,5.1e-05,1e-05,0.0,0.3867785,302.1039
0.00029,5.1e-05,1e-05,0.1,0.5945013,391.46255
0.00029,5.1e-05,1e-05,0.2,0.77418923,390.63077
0.00029,5.1e-05,1e-05,0.3,0.6354914,390.35443
0.00029,5.1e-05,1e-05,0.4,0.5674033,394.67325
0.00029,5.1e-05,1e-05,0.5,0.56932396,393.08185
0.00029,5.1e-05,1e-05,0.6,0.5685443,393.4943
0.00029,5.1e-05,1e-05,0.7,0.5682738,393.63934
0.00029,5.1e-05,1e-05,0.8,0.5681543,393.70364
0.00029,5.1e-05,1e-05,0.9,0.56809396,393.73608
0.00029,5.1e-05,1e-05,1.0,0.56806034,393.75436
0.0003,3.46e-05,1e-05,0.0,0.38678843,302.1054
0.0003,3.46e-05,1e-05,0.1,0.5945013,391.4632
0.0003,3.46e-05,1e-05,0.2,0.77418965,390.63068
0.0003,3.46e-05,1e-05,0.3,0.6354887,390.35437
0.0003,3.46e-05,1e-05,0.4,0.5674035,394.67307
0.0003,3.46e-05,1e-05,0.5,0.56932396,393.0819
0.0003,3.46e-05,1e-05,0.6,0.5685444,393.4943
0.0003,3.46e-05,1e-05,0.7,0.5682738,393.63934
0.0003,3.46e-05,1e-05,0.8,0.5681543,393.70364
0.0003,3.46e-05,1e-05,0.9,0.56809396,393.73608
0.0003,3.46e-05,1e-05,1.0,0.56806034,393.75436
0.0003,3.46e-05,0.0,0.0,0.3867716,302.10294
0.0003,3.46e-05,0.0,0.1,0.5945013,391.46307
0.0003,3.46e-05,0.0,0.2,0.7741886,390.63086
0.0003,3.46e-05,0.0,0.3,0.63548505,390.35452
0.0003,3.46e-05,0.0,0.4,0.56740403,394.67273
0.0003,3.46e-05,0.0,0.5,0.569324,393.0819
0.0003,3.46e-05,0.0,0.6,0.5685444,393.49432
0.0003,3.46e-05,0.0,0.7,0.56827384,393.63934
0.0003,3.46e-05,0.0,0.8,0.5681543,393.70364
0.0003,3.46e-05,0.0,0.9,0.56809396,393.73608
0.0003,3.46e-05,0.0,1.0,0.56806034,393.75436
0.00031,1.73e-05,0.0,0.0,0.3867831,302.10458
0.00031,1.73e-05,0.0,0.1,0.5945014,391.46378
0.00031,1.73e-05,0.0,0.2,0.774189,390.6308
0.00031,1.73e-05,0.0,0.3,0.63548166,390.35437
0.00031,1.73e-05,0.0,0.4,0.56740427,394.67255
0.00031,1.73e-05,0.0,0.5,0.5693239,393.0819
0.00031,1.73e-05,0.0,0.6,0.5685444,393.49432
0.00031,1.73e-05,0.0,0.7,0.5682738,393.63937
0.00031,1.73e-05,0.0,0.8,0.5681543,393.70364
0.00031,1.73e-05,0.0,0.9,0.56809396,393.73608
0.00031,1.73e-05,0.0,1.0,0.56806034,393.75436
0.00031,1.73e-05,1e-05,0.0,0.38679978,302.1071
0.00031,1.73e-05,1e-05,0.1,0.5945014,391.4639
0.00031,1.73e-05,1e-05,0.2,0.77419007,390.63055
0.00031,1.73e-05,1e-05,0.3,0.63548476,390.3543
0.00031,1.73e-05,1e-05,0.4,0.5674038,394.6729
0.00031,1.73e-05,1e-05,0.5,0.569324,393.0819
0.00031,1.73e-05,1e-05,0.6,0.5685443,393.49432
0.00031,1.73e-05,1e-05,0.7,0.5682738,393.63934
0.00031,1.73e-05,1e-05,0.8,0.5681543,393.70364
0.00031,1.73e-05,1e-05,0.9,0.56809396,393.73608
0.00031,1.73e-05,1e-05,1.0,0.56806034,393.75436
0.00032,0.0,1e-05,0.0,0.38681117,302.1087
0.00032,0.0,1e-05,0.1,0.59450155,391.46466
0.00032,0.0,1e-05,0.2,0.7741905,390.63043
0.00032,0.0,1e-05,0.3,0.6354812,390.3543
0.00032,0.0,1e-05,0.4,0.5674042,394.67264
0.00032,0.0,1e-05,0.5,0.5693239,393.0819
0.00032,0.0,1e-05,0.6,0.5685444,393.49432
0.00032,0.0,1e-05,0.7,0.5682738,393.63937
0.00032,0.0,1e-05,0.8,0.5681543,393.70364
0.00032,0.0,1e-05,0.9,0.56809396,393.73608
0.00032,0.0,1e-05,1.0,0.56806034,393.75436
0.00032,0.0,0.0,0.0,0.38679448,302.1064
0.00032,0.0,0.0,0.1,0.5945015,391.46457
0.00032,0.0,0.0,0.2,0.7741894,390.63083
0.00032,0.0,0.0,0.3,0.6354778,390.35425
0.00032,0.0,0.0,0.4,0.56740457,394.6724
0.00032,0.0,0.0,0.5,0.5693239,393.0819
0.00032,0.0,0.0,0.6,0.5685444,393.4943
0.00032,0.0,0.0,0.7,0.5682738,393.63937
0.00032,0.0,0.0,0.8,0.5681543,393.70364
0.00032,0.0,0.0,0.9,0.56809396,393.73608
0.00032,0.0,0.0,1.0,0.56806034,393.75436
0.00028,1e-04,0.0,0.0,0.3866942,302.09164
0.00028,1e-04,0.0,0.1,0.5945008,391.4573
0.00028,1e-04,0.0,0.2,0.77418685,390.63126
0.00028,1e-04,0.0,0.3,0.6355188,390.35483
0.00028,1e-04,0.0,0.4,0.5674009,394.67484
0.00028,1e-04,0.0,0.5,0.5693241,393.08182
0.00028,1e-04,0.0,0.6,0.5685445,393.49426
0.00028,1e-04,0.0,0.7,0.56827384,393.63934
0.00028,1e-04,0.0,0.8,0.5681542,393.70364
0.00028,1e-04,0.0,0.9,0.56809396,393.73608
0.00028,1e-04,0.0,1.0,0.56806034,393.75436
0.00028,1e-04,1e-05,0.0,0.38671097,302.09402
0.00028,1e-04,1e-05,0.1,0.59450084,391.4574
0.00028,1e-04,1e-05,0.2,0.7741879,390.63107
0.00028,1e-04,1e-05,0.3,0.6355221,390.3548
0.00028,1e-04,1e-05,0.4,0.56740046,394.67508
0.00028,1e-04,1e-05,0.5,0.5693241,393.08182
0.00028,1e-04,1e-05,0.6,0.5685445,393.49426
0.00028,1e-04,1e-05,0.7,0.5682738,393.63937
0.00028,1e-04,1e-05,0.8,0.5681542,393.70364
0.00028,1e-04,1e-05,0.9,0.56809396,393.73608
0.00028,1e-04,1e-05,1.0,0.56806034,393.75436
0.00029,8.27e-05,0.0,0.0,0.38670564,302.09326
0.00029,8.27e-05,0.0,0.1,0.5945009,391.45798
0.00029,8.27e-05,0.0,0.2,0.7741874,390.6312
0.00029,8.27e-05,0.0,0.3,0.63551515,390.35483
0.00029,8.27e-05,0.0,0.4,0.56740105,394.6747
0.00029,8.27e-05,0.0,0.5,0.5693241,393.08182
0.00029,8.27e-05,0.0,0.6,0.56854445,393.49426
0.00029,8.27e-05,0.0,0.7,0.56827384,393.63934
0.00029,8.27e-05,0.0,0.8,0.5681543,393.70364
0.00029,8.27e-05,0.0,0.9,0.56809396,393.73608
0.00029,8.27e-05,0.0,1.0,0.56806034,393.75436
0.00029,8.31e-05,5e-06,0.0,0.38671345,302.09442
0.00029,8.31e-05,5e-06,0.1,0.5945009,391.45798
0.00029,8.31e-05,5e-06,0.2,0.7741879,390.631
0.00029,8.31e-05,5e-06,0.3,0.63551706,390.35477
0.00029,8.31e-05,5e-06,0.4,0.567401,394.6748
0.00029,8.31e-05,5e-06,0.5,0.569324,393.08182
0.00029,8.31e-05,5e-06,0.6,0.5685445,393.49426
0.00029,8.31e-05,5e-06,0.7,0.56827384,393.63934
0.00029,8.31e-05,5e-06,0.8,0.5681542,393.70364
0.00029,8.31e-05,5e-06,0.9,0.56809396,393.73608
0.00029,8.31e-05,5e-06,1.0,0.56806034,393.75436
0.00029,8.27e-05,1e-05,0.0,0.38672236,302.09564
0.00029,8.27e-05,1e-05,0.1,0.594501,391.4581
0.00029,8.27e-05,1e-05,0.2,0.7741882,390.63095
0.00029,8.27e-05,1e-05,0.3,0.6355183,390.3547
0.00029,8.27e-05,1e-05,0.4,0.5674008,394.67496
0.00029,8.27e-05,1e-05,0.5,0.569324,393.08182
0.00029,8.27e-05,1e-05,0.6,0.5685445,393.49426
0.00029,8.27e-05,1e-05,0.7,0.56827384,393.63934
0.00029,8.27e-05,1e-05,0.8,0.5681542,393.70364
0.00029,8.27e-05,1e-05,0.9,0.56809396,393.73608
0.00029,8.27e-05,1e-05,1.0,0.56806034,393.75436
0.0003,6.69e-05,1e-05,0.0,0.38673112,302.09708
0.0003,6.69e-05,1e-05,0.1,0.5945009,391.45865
0.0003,6.69e-05,1e-05,0.2,0.774189,390.63083
0.0003,6.69e-05,1e-05,0.3,0.63551605,390.35474
0.0003,6.69e-05,1e-05,0.4,0.56740093,394.6748
0.0003,6.69e-05,1e-05,0.5,0.56932414,393.08182
0.0003,6.69e-05,1e-05,0.6,0.5685445,393.49426
0.0003,6.69e-05,1e-05,0.7,0.56827384,393.63934
0.0003,6.69e-05,1e-05,0.8,0.5681543,393.70364
0.0003,6.69e-05,1e-05,0.9,0.56809396,393.73608
0.0003,6.69e-05,1e-05,1.0,0.56806034,393.75436
0.0003,6.69e-05,0.0,0.0,0.38671443,302.09457
0.0003,6.69e-05,0.0,0.1,0.59450084,391.45853
0.0003,6.69e-05,0.0,0.2,0.7741879,390.63107
0.0003,6.69e-05,0.0,0.3,0.6355128,390.35477
0.0003,6.69e-05,0.0,0.4,0.5674011,394.6746
0.0003,6.69e-05,0.0,0.5,0.56932414,393.08182
0.0003,6.69e-05,0.0,0.6,0.56854445,393.49426
0.0003,6.69e-05,0.0,0.7,0.56827384,393.63934
0.0003,6.69e-05,0.0,0.8,0.5681543,393.70364
0.0003,6.69e-05,0.0,0.9,0.56809396,393.73608
0.0003,6.69e-05,0.0,1.0,0.56806034,393.75436
0.00031,5.1e-05,0.0,0.0,0.3867235,302.09586
0.00031,5.1e-05,0.0,0.1,0.5945009,391.4591
0.00031,5.1e-05,0.0,0.2,0.7741884,390.63098
0.00031,5.1e-05,0.0,0.3,0.63551056,390.35468
0.00031,5.1e-05,0.0,0.4,0.5674016,394.67444
0.00031,5.1e-05,0.0,0.5,0.56932414,393.08182
0.00031,5.1e-05,0.0,0.6,0.5685444,393.49426
0.00031,5.1e-05,0.0,0.7,0.56827384,393.63934
0.00031,5.1e-05,0.0,0.8,0.56815434,393.70364
0.00031,5.1e-05,0.0,0.9,0.56809396,393.73608
0.00031,5.1e-05,0.0,1.0,0.56806034,393.75436
0.00031,5.1e-05,1e-05,0.0,0.38674006,302.09833
0.00031,5.1e-05,1e-05,0.1,0.59450096,391.4592
0.00031,5.1e-05,1e-05,0.2,0.7741893,390.63077
0.00031,5.1e-05,1e-05,0.3,0.63551366,390.35468
0.00031,5.1e-05,1e-05,0.4,0.567401,394.67474
0.00031,5.1e-05,1e-05,0.5,0.56932414,393.08185
0.00031,5.1e-05,1e-05,0.6,0.56854445,393.49426
0.00031,5.1e-05,1e-05,0.7,0.56827384,393.63934
0.00031,5.1e-05,1e-05,0.8,0.5681543,393.70364
0.00031,5.1e-05,1e-05,0.9,0.56809396,393.73608
0.00031,5.1e-05,1e-05,1.0,0.56806034,393.75436
0.00032,3.46e-05,1e-05,0.0,0.38675004,302.0998
0.00032,3.46e-05,1e-05,0.1,0.59450096,391.4598
0.00032,3.46e-05,1e-05,0.2,0.7741901,390.63065
0.00032,3.46e-05,1e-05,0.3,0.635511,390.3546
0.00032,3.46e-05,1e-05,0.4,0.56740123,394.6746
0.00032,3.46e-05,1e-05,0.5,0.56932414,393.08182
0.00032,3.46e-05,1e-05,0.6,0.5685444,393.49426
0.00032,3.46e-05,1e-05,0.7,0.56827384,393.63934
0.00032,3.46e-05,1e-05,0.8,0.5681543,393.70364
0.00032,3.46e-05,1e-05,0.9,0.56809396,393.73608
0.00032,3.46e-05,1e-05,1.0,0.56806034,393.75436
0.00032,3.46e-05,0.0,0.0,0.38673323,302.0974
0.00032,3.46e-05,0.0,0.1,0.59450084,391.45972
0.00032,3.46e-05,0.0,0.2,0.774189,390.6308
0.00032,3.46e-05,0.0,0.3,0.63550764,390.35464
0.00032,3.46e-05,0.0,0.4,0.5674016,394.67416
0.00032,3.46e-05,0.0,0.5,0.569324,393.08185
0.00032,3.46e-05,0.0,0.6,0.5685444,393.49426
0.00032,3.46e-05,0.0,0.7,0.56827384,393.63934
0.00032,3.46e-05,0.0,0.8,0.56815434,393.70364
0.00032,3.46e-05,0.0,0.9,0.56809396,393.73608
0.00032,3.46e-05,0.0,1.0,0.56806034,393.75436
0.00033,1.73e-05,1e-05,0.0,0.3867614,302.10144
0.00033,1.73e-05,1e-05,0.1,0.5945011,391.46057
0.00033,1.73e-05,1e-05,0.2,0.77419066,390.63058
0.00033,1.73e-05,1e-05,0.3,0.6355073,390.35455
0.00033,1.73e-05,1e-05,0.4,0.5674017,394.67435
0.00033,1.73e-05,1e-05,0.5,0.5693241,393.08185
0.00033,1.73e-05,1e-05,0.6,0.5685443,393.49426
0.00033,1.73e-05,1e-05,0.7,0.56827384,393.63934
0.00033,1.73e-05,1e-05,0.8,0.56815434,393.70364
0.00033,1.73e-05,1e-05,0.9,0.56809396,393.73608
0.00033,1.73e-05,1e-05,1.0,0.56806034,393.75436
0.00033,1.73e-05,0.0,0.0,0.38674462,302.09897
0.00033,1.73e-05,0.0,0.1,0.5945011,391.46045
0.00033,1.73e-05,0.0,0.2,0.7741893,390.6307
0.00033,1.73e-05,0.0,0.3,0.6355037,390.35464
0.00033,1.73e-05,0.0,0.4,0.56740206,394.67395
0.00033,1.73e-05,0.0,0.5,0.5693242,393.08185
0.00033,1.73e-05,0.0,0.6,0.5685444,393.49426
0.00033,1.73e-05,0.0,0.7,0.56827384,393.63934
0.00033,1.73e-05,0.0,0.8,0.5681543,393.70364
0.00033,1.73e-05,0.0,0.9,0.56809396,393.73608
0.00033,1.73e-05,0.0,1.0,0.56806034,393.75436
0.00034,0.0,1e-05,0.0,0.3867728,302.10312
0.00034,0.0,1e-05,0.1,0.59450126,391.46124
0.00034,0.0,1e-05,0.2,0.77419096,390.6304
0.00034,0.0,1e-05,0.3,0.6355037,390.35446
0.00034,0.0,1e-05,0.4,0.5674018,394.67407
0.00034,0.0,1e-05,0.5,0.5693241,393.08185
0.00034,0.0,1e-05,0.6,0.5685444,393.4943
0.00034,0.0,1e-05,0.7,0.56827384,393.63934
0.00034,0.0,1e-05,0.8,0.5681543,393.70364
0.00034,0.0,1e-05,0.9,0.56809396,393.73608
0.00034,0.0,1e-05,1.0,0.56806034,393.75436
0.00034,0.0,0.0,0.0,0.38675612,302.10074
0.00034,0.0,0.0,0.1,0.5945011,391.46115
0.00034,0.0,0.0,0.2,0.7741899,390.6306
0.00034,0.0,0.0,0.3,0.6355002,390.35455
0.00034,0.0,0.0,0.4,0.5674023,394.67377
0.00034,0.0,0.0,0.5,0.5693241,393.08185
0.00034,0.0,0.0,0.6,0.5685444,393.49426
0.00034,0.0,0.0,0.7,0.5682738,393.63934
0.00034,0.0,0.0,0.8,0.5681543,393.70364
0.00034,0.0,0.0,0.9,0.56809396,393.73608
0.00034,0.0,0.0,1.0,0.56806034,393.75436
0.0003,1e-04,0.0,0.0,0.38665602,302.08594
0.0003,1e-04,0.0,0.1,0.59450054,391.45395
0.0003,1e-04,0.0,0.2,0.7741866,390.63144
0.0003,1e-04,0.0,0.3,0.635541,390.35516
0.0003,1e-04,0.0,0.4,0.56739855,394.67615
0.0003,1e-04,0.0,0.5,0.56932414,393.08176
0.0003,1e-04,0.0,0.6,0.5685445,393.49426
0.0003,1e-04,0.0,0.7,0.5682737,393.63934
0.0003,1e-04,0.0,0.8,0.5681542,393.70364
0.0003,1e-04,0.0,0.9,0.56809396,393.73608
0.0003,1e-04,0.0,1.0,0.5680604,393.75436
0.0003,1e-04,1e-05,0.0,0.38667268,302.08844
0.0003,1e-04,1e-05,0.1,0.5945005,391.45407
0.0003,1e-04,1e-05,0.2,0.77418745,390.6313
0.0003,1e-04,1e-05,0.3,0.63554466,390.35513
0.0003,1e-04,1e-05,0.4,0.56739825,394.67645
0.0003,1e-04,1e-05,0.5,0.56932414,393.08176
0.0003,1e-04,1e-05,0.6,0.5685445,393.49426
0.0003,1e-04,1e-05,0.7,0.5682737,393.63934
0.0003,1e-04,1e-05,0.8,0.5681542,393.70364
0.0003,1e-04,1e-05,0.9,0.56809396,393.73608
0.0003,1e-04,1e-05,1.0,0.5680604,393.75436
0.00031,8.27e-05,0.0,0.0,0.38666722,302.0876
0.00031,8.27e-05,0.0,0.1,0.5945005,391.45474
0.00031,8.27e-05,0.0,0.2,0.77418727,390.6313
0.00031,8.27e-05,0.0,0.3,0.6355375,390.355
0.00031,8.27e-05,0.0,0.4,0.56739897,394.6759
0.00031,8.27e-05,0.0,0.5,0.5693242,393.08176
0.00031,8.27e-05,0.0,0.6,0.5685445,393.49426
0.00031,8.27e-05,0.0,0.7,0.56827384,393.63934
0.00031,8.27e-05,0.0,0.8,0.5681542,393.70364
0.00031,8.27e-05,0.0,0.9,0.56809396,393.73608
0.00031,8.27e-05,0.0,1.0,0.56806034,393.75436
0.00031,8.27e-05,1e-05,0.0,0.38668406,302.0901
0.00031,8.27e-05,1e-05,0.1,0.5945006,391.45483
0.00031,8.27e-05,1e-05,0.2,0.7741881,390.6311
0.00031,8.27e-05,1e-05,0.3,0.63554084,390.35504
0.00031,8.27e-05,1e-05,0.4,0.56739855,394.67627
0.00031,8.27e-05,1e-05,0.5,0.56932414,393.08176
0.00031,8.27e-05,1e-05,0.6,0.5685445,393.49426
0.00031,8.27e-05,1e-05,0.7,0.5682738,393.63934
0.00031,8.27e-05,1e-05,0.8,0.5681542,393.70364
0.00031,8.27e-05,1e-05,0.9,0.56809396,393.73608
0.00031,8.27e-05,1e-05,1.0,0.5680604,393.75436
0.00032,6.69e-05,1e-05,0.0,0.38669285,302.0913
0.00032,6.69e-05,1e-05,0.1,0.59450066,391.45538
0.00032,6.69e-05,1e-05,0.2,0.7741887,390.63092
0.00032,6.69e-05,1e-05,0.3,0.6355384,390.3549
0.00032,6.69e-05,1e-05,0.4,0.5673987,394.67612
0.00032,6.69e-05,1e-05,0.5,0.5693242,393.08176
0.00032,6.69e-05,1e-05,0.6,0.5685445,393.49426
0.00032,6.69e-05,1e-05,0.7,0.56827384,393.63934
0.00032,6.69e-05,1e-05,0.8,0.5681542,393.70364
0.00032,6.69e-05,1e-05,0.9,0.56809396,393.73608
0.00032,6.69e-05,1e-05,1.0,0.56806034,393.75436
0.00032,6.69e-05,0.0,0.0,0.38667616,302.08893
0.00032,6.69e-05,0.0,0.1,0.59450066,391.45526
0.00032,6.69e-05,0.0,0.2,0.7741878,390.63113
0.00032,6.69e-05,0.0,0.3,0.635535,390.35492
0.00032,6.69e-05,0.0,0.4,0.56739914,394.67584
0.00032,6.69e-05,0.0,0.5,0.569324,393.08176
0.00032,6.69e-05,0.0,0.6,0.5685445,393.49426
0.00032,6.69e-05,0.0,0.7,0.56827384,393.63934
0.00032,6.69e-05,0.0,0.8,0.5681542,393.70364
0.00032,6.69e-05,0.0,0.9,0.56809396,393.73608
0.00032,6.69e-05,0.0,1.0,0.56806034,393.75436
0.00033,5.1e-05,0.0,0.0,0.38668516,302.09024
0.00033,5.1e-05,0.0,0.1,0.5945007,391.45578
0.00033,5.1e-05,0.0,0.2,0.77418846,390.63107
0.00033,5.1e-05,0.0,0.3,0.6355327,390.35498
0.00033,5.1e-05,0.0,0.4,0.5673994,394.6757
0.00033,5.1e-05,0.0,0.5,0.569324,393.08176
0.00033,5.1e-05,0.0,0.6,0.56854445,393.49426
0.00033,5.1e-05,0.0,0.7,0.56827384,393.63934
0.00033,5.1e-05,0.0,0.8,0.5681542,393.70364
0.00033,5.1e-05,0.0,0.9,0.56809396,393.73608
0.00033,5.1e-05,0.0,1.0,0.56806034,393.75436
0.00033,5.1e-05,1e-05,0.0,0.38670173,302.09262
0.00033,5.1e-05,1e-05,0.1,0.5945008,391.4559
0.00033,5.1e-05,1e-05,0.2,0.7741892,390.63086
0.00033,5.1e-05,1e-05,0.3,0.6355362,390.35483
0.00033,5.1e-05,1e-05,0.4,0.56739885,394.676
0.00033,5.1e-05,1e-05,0.5,0.56932414,393.08176
0.00033,5.1e-05,1e-05,0.6,0.5685445,393.49426
0.00033,5.1e-05,1e-05,0.7,0.56827384,393.63934
0.00033,5.1e-05,1e-05,0.8,0.5681542,393.70364
0.00033,5.1e-05,1e-05,0.9,0.56809396,393.73608
0.00033,5.1e-05,1e-05,1.0,0.56806034,393.75436
0.00034,3.46e-05,1e-05,0.0,0.38671157,302.09412
0.00034,3.46e-05,1e-05,0.1,0.59450084,391.45648
0.00034,3.46e-05,1e-05,0.2,0.7741897,390.63074
0.00034,3.46e-05,1e-05,0.3,0.6355334,390.35474
0.00034,3.46e-05,1e-05,0.4,0.56739926,394.6758
0.00034,3.46e-05,1e-05,0.5,0.569324,393.08176
0.00034,3.46e-05,1e-05,0.6,0.56854445,393.49426
0.00034,3.46e-05,1e-05,0.7,0.56827384,393.63934
0.00034,3.46e-05,1e-05,0.8,0.5681542,393.70364
0.00034,3.46e-05,1e-05,0.9,0.56809396,393.73608
0.00034,3.46e-05,1e-05,1.0,0.56806034,393.75436
0.00034,3.46e-05,0.0,0.0,0.3866949,302.09174
0.00034,3.46e-05,0.0,0.1,0.5945008,391.45642
0.00034,3.46e-05,0.0,0.2,0.7741889,390.63098
0.00034,3.46e-05,0.0,0.3,0.63552976,390.35498
0.00034,3.46e-05,0.0,0.4,0.5673995,394.67557
0.00034,3.46e-05,0.0,0.5,0.5693241,393.08176
0.00034,3.46e-05,0.0,0.6,0.5685445,393.49426
0.00034,3.46e-05,0.0,0.7,0.5682738,393.63937
0.00034,3.46e-05,0.0,0.8,0.5681542,393.70364
0.00034,3.46e-05,0.0,0.9,0.56809396,393.73608
0.00034,3.46e-05,0.0,1.0,0.56806034,393.75436
0.00035,1.73e-05,1e-05,0.0,0.38672313,302.09576
0.00035,1.73e-05,1e-05,0.1,0.59450084,391.4572
0.00035,1.73e-05,1e-05,0.2,0.77419055,390.63068
0.00035,1.73e-05,1e-05,0.3,0.63552946,390.35477
0.00035,1.73e-05,1e-05,0.4,0.5673993,394.67566
0.00035,1.73e-05,1e-05,0.5,0.5693241,393.0818
0.00035,1.73e-05,1e-05,0.6,0.5685445,393.49426
0.00035,1.73e-05,1e-05,0.7,0.56827384,393.63934
0.00035,1.73e-05,1e-05,0.8,0.5681542,393.70364
0.00035,1.73e-05,1e-05,0.9,0.56809396,393.73608
0.00035,1.73e-05,1e-05,1.0,0.56806034,393.75436
0.00035,1.73e-05,0.0,0.0,0.3867064,302.0934
0.00035,1.73e-05,0.0,0.1,0.5945008,391.4571
0.00035,1.73e-05,0.0,0.2,0.7741895,390.6308
0.00035,1.73e-05,0.0,0.3,0.63552624,390.3548
0.00035,1.73e-05,0.0,0.4,0.56740004,394.67532
0.00035,1.73e-05,0.0,0.5,0.56932414,393.08182
0.00035,1.73e-05,0.0,0.6,0.5685445,393.49426
0.00035,1.73e-05,0.0,0.7,0.5682738,393.63937
0.00035,1.73e-05,0.0,0.8,0.5681542,393.70364
0.00035,1.73e-05,0.0,0.9,0.56809396,393.73608
0.00035,1.73e-05,0.0,1.0,0.56806034,393.75436
0.00036,0.0,1e-05,0.0,0.38673455,302.0975
0.00036,0.0,1e-05,0.1,0.59450096,391.45792
0.00036,0.0,1e-05,0.2,0.774191,390.6305
0.00036,0.0,1e-05,0.3,0.635526,390.35464
0.00036,0.0,1e-05,0.4,0.56739986,394.67545
0.00036,0.0,1e-05,0.5,0.56932414,393.08182
0.00036,0.0,1e-05,0.6,0.5685445,393.49426
0.00036,0.0,1e-05,0.7,0.56827384,393.63934
0.00036,0.0,1e-05,0.8,0.5681542,393.70364
0.00036,0.0,1e-05,0.9,0.56809396,393.73608
0.00036,0.0,1e-05,1.0,0.56806034,393.75436
0.00036,0.0,0.0,0.0,0.38671777,302.09503
0.00036,0.0,0.0,0.1,0.5945009,391.4578
0.00036,0.0,0.0,0.2,0.77418983,390.63068
0.00036,0.0,0.0,0.3,0.6355225,390.3547
0.00036,0.0,0.0,0.4,0.56740016,394.6752
0.00036,0.0,0.0,0.5,0.5693241,393.08182
0.00036,0.0,0.0,0.6,0.5685445,393.49426
0.00036,0.0,0.0,0.7,0.56827384,393.63934
0.00036,0.0,0.0,0.8,0.5681542,393.70364
0.00036,0.0,0.0,0.9,0.56809396,393.73608
0.00036,0.0,0.0,1.0,0.56806034,393.75436
0.00032,1e-04,0.0,0.0,0.38661748,302.08032
0.00032,1e-04,0.0,0.1,0.59450036,391.45056
0.00032,1e-04,0.0,0.2,0.7741855,390.63165
0.00032,1e-04,0.0,0.3,0.63556343,390.3554
0.00032,1e-04,0.0,0.4,0.56739634,394.67764
0.00032,1e-04,0.0,0.5,0.56932414,393.08173
0.00032,1e-04,0.0,0.6,0.5685444,393.49426
0.00032,1e-04,0.0,0.7,0.5682737,393.63934
0.00032,1e-04,0.0,0.8,0.5681543,393.70364
0.00032,1e-04,0.0,0.9,0.56809396,393.73608
0.00032,1e-04,0.0,1.0,0.5680604,393.75436
0.00032,9.31e-05,5e-06,0.0,0.38663808,302.08325
0.00032,9.31e-05,5e-06,0.1,0.59450036,391.45157
0.00032,9.31e-05,5e-06,0.2,0.7741867,390.63147
0.00032,9.31e-05,5e-06,0.3,0.6355589,390.35544
0.00032,9.31e-05,5e-06,0.4,0.5673966,394.67737
0.00032,9.31e-05,5e-06,0.5,0.5693242,393.08176
0.00032,9.31e-05,5e-06,0.6,0.56854445,393.49426
0.00032,9.31e-05,5e-06,0.7,0.5682737,393.63934
0.00032,9.31e-05,5e-06,0.8,0.5681543,393.70364
0.00032,9.31e-05,5e-06,0.9,0.56809396,393.73608
0.00032,9.31e-05,5e-06,1.0,0.5680604,393.75436
0.00032,1e-04,1e-05,0.0,0.38663417,302.08273
0.00032,1e-04,1e-05,0.1,0.59450036,391.45065
0.00032,1e-04,1e-05,0.2,0.7741868,390.63147
0.00032,1e-04,1e-05,0.3,0.6355666,390.35547
0.00032,1e-04,1e-05,0.4,0.5673959,394.67786
0.00032,1e-04,1e-05,0.5,0.56932414,393.0817
0.00032,1e-04,1e-05,0.6,0.5685444,393.49426
0.00032,1e-04,1e-05,0.7,0.5682737,393.63934
0.00032,1e-04,1e-05,0.8,0.5681543,393.70364
0.00032,1e-04,1e-05,0.9,0.56809396,393.73608
0.00032,1e-04,1e-05,1.0,0.5680604,393.75436
0.00033,8.27e-05,1e-05,0.0,0.3866457,302.0844
0.00033,8.27e-05,1e-05,0.1,0.5945004,391.4514
0.00033,8.27e-05,1e-05,0.2,0.77418745,390.63135
0.00033,8.27e-05,1e-05,0.3,0.6355631,390.35532
0.00033,8.27e-05,1e-05,0.4,0.56739616,394.6777
0.00033,8.27e-05,1e-05,0.5,0.56932414,393.08173
0.00033,8.27e-05,1e-05,0.6,0.56854445,393.49426
0.00033,8.27e-05,1e-05,0.7,0.5682737,393.63934
0.00033,8.27e-05,1e-05,0.8,0.5681543,393.70364
0.00033,8.27e-05,1e-05,0.9,0.56809396,393.73608
0.00033,8.27e-05,1e-05,1.0,0.5680604,393.75436
0.00033,8.27e-05,0.0,0.0,0.38662896,302.08206
0.00033,8.27e-05,0.0,0.1,0.59450036,391.45132
0.00033,8.27e-05,0.0,0.2,0.7741861,390.6316
0.00033,8.27e-05,0.0,0.3,0.6355599,390.3554
0.00033,8.27e-05,0.0,0.4,0.56739664,394.67743
0.00033,8.27e-05,0.0,0.5,0.5693242,393.08176
0.00033,8.27e-05,0.0,0.6,0.56854445,393.49426
0.00033,8.27e-05,0.0,0.7,0.5682737,393.63934
0.00033,8.27e-05,0.0,0.8,0.5681543,393.70364
0.00033,8.27e-05,0.0,0.9,0.56809396,393.73608
0.00033,8.27e-05,0.0,1.0,0.5680604,393.75436
0.00034,1e-04,0.0,0.0,0.38657904,302.07462
0.00034,1e-04,0.0,0.1,0.59449995,391.44727
0.00034,1e-04,0.0,0.2,0.774184,390.63193
0.00034,1e-04,0.0,0.3,0.63558555,390.3558
0.00034,1e-04,0.0,0.4,0.5673942,394.679
0.00034,1e-04,0.0,0.5,0.56932425,393.0817
0.00034,1e-04,0.0,0.6,0.5685445,393.49426
0.00034,1e-04,0.0,0.7,0.5682737,393.63934
0.00034,1e-04,0.0,0.8,0.56815434,393.70364
0.00034,1e-04,0.0,0.9,0.56809396,393.7361
0.00034,1e-04,0.0,1.0,0.56806034,393.75436
0.00034,6.69e-05,1e-05,0.0,0.38665438,302.08563
0.00034,6.69e-05,1e-05,0.1,0.5945005,391.45193
0.00034,6.69e-05,1e-05,0.2,0.77418786,390.63126
0.00034,6.69e-05,1e-05,0.3,0.6355609,390.35535
0.00034,6.69e-05,1e-05,0.4,0.5673964,394.67764
0.00034,6.69e-05,1e-05,0.5,0.5693242,393.08176
0.00034,6.69e-05,1e-05,0.6,0.56854445,393.49426
0.00034,6.69e-05,1e-05,0.7,0.5682737,393.63934
0.00034,6.69e-05,1e-05,0.8,0.5681543,393.70364
0.00034,6.69e-05,1e-05,0.9,0.56809396,393.73608
0.00034,6.69e-05,1e-05,1.0,0.5680604,393.75436
0.00034,6.69e-05,0.0,0.0,0.3866377,302.0832
0.00034,6.69e-05,0.0,0.1,0.59450054,391.4518
0.00034,6.69e-05,0.0,0.2,0.7741871,390.63144
0.00034,6.69e-05,0.0,0.3,0.63555735,390.35538
0.00034,6.69e-05,0.0,0.4,0.567397,394.6773
0.00034,6.69e-05,0.0,0.5,0.5693242,393.08173
0.00034,6.69e-05,0.0,0.6,0.5685445,393.49426
0.00034,6.69e-05,0.0,0.7,0.5682737,393.63934
0.00034,6.69e-05,0.0,0.8,0.5681543,393.70364
0.00034,6.69e-05,0.0,0.9,0.56809396,393.73608
0.00034,6.69e-05,0.0,1.0,0.5680604,393.75436
0.00035,5.1e-05,0.0,0.0,0.3866466,302.08456
0.00035,5.1e-05,0.0,0.1,0.5945003,391.45236
0.00035,5.1e-05,0.0,0.2,0.7741876,390.63132
0.00035,5.1e-05,0.0,0.3,0.6355551,390.35522
0.00035,5.1e-05,0.0,0.4,0.5673971,394.67712
0.00035,5.1e-05,0.0,0.5,0.56932414,393.08173
0.00035,5.1e-05,0.0,0.6,0.56854445,393.49426
0.00035,5.1e-05,0.0,0.7,0.5682737,393.63934
0.00035,5.1e-05,0.0,0.8,0.5681542,393.70364
0.00035,5.1e-05,0.0,0.9,0.56809396,393.73608
0.00035,5.1e-05,0.0,1.0,0.5680604,393.75436
0.00035,5.1e-05,1e-05,0.0,0.38666347,302.08698
0.00035,5.1e-05,1e-05,0.1,0.5945004,391.45245
0.00035,5.1e-05,1e-05,0.2,0.7741886,390.63116
0.00035,5.1e-05,1e-05,0.3,0.6355584,390.35526
0.00035,5.1e-05,1e-05,0.4,0.56739664,394.6775
0.00035,5.1e-05,1e-05,0.5,0.5693242,393.08173
0.00035,5.1e-05,1e-05,0.6,0.56854445,393.49426
0.00035,5.1e-05,1e-05,0.7,0.5682737,393.63934
0.00035,5.1e-05,1e-05,0.8,0.5681543,393.70364
0.00035,5.1e-05,1e-05,0.9,0.56809396,393.73608
0.00035,5.1e-05,1e-05,1.0,0.5680604,393.75436
0.00036,3.44e-05,5e-06,0.0,0.38666508,302.08722
0.00036,3.44e-05,5e-06,0.1,0.5945005,391.45316
0.00036,3.44e-05,5e-06,0.2,0.7741888,390.63107
0.00036,3.44e-05,5e-06,0.3,0.6355538,390.35516
0.00036,3.44e-05,5e-06,0.4,0.5673971,394.67712
0.00036,3.44e-05,5e-06,0.5,0.56932414,393.08176
0.00036,3.44e-05,5e-06,0.6,0.5685445,393.49426
0.00036,3.44e-05,5e-06,0.7,0.5682737,393.63934
0.00036,3.44e-05,5e-06,0.8,0.5681542,393.70364
0.00036,3.44e-05,5e-06,0.9,0.56809396,393.73608
0.00036,3.44e-05,5e-06,1.0,0.5680604,393.75436
0.00036,3.46e-05,1e-05,0.0,0.3866732,302.0885
0.00036,3.46e-05,1e-05,0.1,0.59450054,391.4532
0.00036,3.46e-05,1e-05,0.2,0.7741894,390.63092
0.00036,3.46e-05,1e-05,0.3,0.6355556,390.35516
0.00036,3.46e-05,1e-05,0.4,0.5673968,394.67734
0.00036,3.46e-05,1e-05,0.5,0.56932414,393.08173
0.00036,3.46e-05,1e-05,0.6,0.5685445,393.49426
0.00036,3.46e-05,1e-05,0.7,0.5682737,393.63934
0.00036,3.46e-05,1e-05,0.8,0.5681542,393.70364
0.00036,3.46e-05,1e-05,0.9,0.56809396,393.73608
0.00036,3.46e-05,1e-05,1.0,0.5680604,393.75436
0.00036,3.46e-05,0.0,0.0,0.38665658,302.08603
0.00036,3.46e-05,0.0,0.1,0.59450054,391.453
0.00036,3.46e-05,0.0,0.2,0.7741882,390.6312
0.00036,3.46e-05,0.0,0.3,0.6355522,390.35516
0.00036,3.46e-05,0.0,0.4,0.56739736,394.67703
0.00036,3.46e-05,0.0,0.5,0.56932414,393.08176
0.00036,3.46e-05,0.0,0.6,0.5685445,393.49426
0.00036,3.46e-05,0.0,0.7,0.5682737,393.63934
0.00036,3.46e-05,0.0,0.8,0.5681542,393.70364
0.00036,3.46e-05,0.0,0.9,0.56809396,393.73608
0.00036,3.46e-05,0.0,1.0,0.5680604,393.75436
0.00037,1.73e-05,0.0,0.0,0.38666797,302.08765
0.00037,1.73e-05,0.0,0.1,0.59450054,391.45377
0.00037,1.73e-05,0.0,0.2,0.77418905,390.63104
0.00037,1.73e-05,0.0,0.3,0.63554853,390.35504
0.00037,1.73e-05,0.0,0.4,0.5673979,394.67685
0.00037,1.73e-05,0.0,0.5,0.5693242,393.08176
0.00037,1.73e-05,0.0,0.6,0.56854457,393.49426
0.00037,1.73e-05,0.0,0.7,0.5682737,393.63934
0.00037,1.73e-05,0.0,0.8,0.5681542,393.70364
0.00037,1.73e-05,0.0,0.9,0.56809396,393.73608
0.00037,1.73e-05,0.0,1.0,0.5680604,393.75436
0.00037,1.73e-05,1e-05,0.0,0.38668463,302.09015
0.00037,1.73e-05,1e-05,0.1,0.59450066,391.45386
0.00037,1.73e-05,1e-05,0.2,0.77418995,390.6309
0.00037,1.73e-05,1e-05,0.3,0.6355519,390.35504
0.00037,1.73e-05,1e-05,0.4,0.5673973,394.67706
0.00037,1.73e-05,1e-05,0.5,0.56932414,393.08173
0.00037,1.73e-05,1e-05,0.6,0.56854457,393.49426
0.00037,1.73e-05,1e-05,0.7,0.5682737,393.63934
0.00037,1.73e-05,1e-05,0.8,0.5681542,393.70364
0.00037,1.73e-05,1e-05,0.9,0.56809396,393.73608
0.00037,1.73e-05,1e-05,1.0,0.5680604,393.75436
0.00037,1.04e-05,5e-06,0.0,0.38668856,302.09076
0.00037,1.04e-05,5e-06,0.1,0.59450066,391.45483
0.00037,1.04e-05,5e-06,0.2,0.7741899,390.63083
0.00037,1.04e-05,5e-06,0.3,0.63554436,390.35495
0.00037,1.04e-05,5e-06,0.4,0.56739795,394.6766
0.00037,1.04e-05,5e-06,0.5,0.56932414,393.08176
0.00037,1.04e-05,5e-06,0.6,0.5685445,393.49426
0.00037,1.04e-05,5e-06,0.7,0.56827384,393.63934
0.00037,1.04e-05,5e-06,0.8,0.5681542,393.70364
0.00037,1.04e-05,5e-06,0.9,0.56809396,393.73608
0.00037,1.04e-05,5e-06,1.0,0.56806034,393.75436
0.00038,0.0,1e-05,0.0,0.38669607,302.09183
0.00038,0.0,1e-05,0.1,0.59450054,391.45468
0.00038,0.0,1e-05,0.2,0.7741907,390.63068
0.00038,0.0,1e-05,0.3,0.63554835,390.35498
0.00038,0.0,1e-05,0.4,0.5673976,394.67694
0.00038,0.0,1e-05,0.5,0.56932414,393.08176
0.00038,0.0,1e-05,0.6,0.56854457,393.49426
0.00038,0.0,1e-05,0.7,0.5682737,393.63934
0.00038,0.0,1e-05,0.8,0.5681542,393.70364
0.00038,0.0,1e-05,0.9,0.56809396,393.73608
0.00038,0.0,1e-05,1.0,0.56806034,393.75436
0.00038,0.0,0.0,0.0,0.3866794,302.08942
0.00038,0.0,0.0,0.1,0.59450054,391.4546
0.00038,0.0,0.0,0.2,0.7741896,390.63086
0.00038,0.0,0.0,0.3,0.635545,390.355
0.00038,0.0,0.0,0.4,0.567398,394.6766
0.00038,0.0,0.0,0.5,0.5693242,393.08173
0.00038,0.0,0.0,0.6,0.5685445,393.49426
0.00038,0.0,0.0,0.7,0.56827384,393.63934
0.00038,0.0,0.0,0.8,0.5681542,393.70364
0.00038,0.0,0.0,0.9,0.56809396,393.73608
0.00038,0.0,0.0,1.0,0.56806034,393.75436
0.00034,1e-04,1e-05,0.0,0.38659582,302.07703
0.00034,1e-04,1e-05,0.1,0.5945,391.4474
0.00034,1e-04,1e-05,0.2,0.77418524,390.63174
0.00034,1e-04,1e-05,0.3,0.635589,390.35577
0.00034,1e-04,1e-05,0.4,0.5673937,394.67935
0.00034,1e-04,1e-05,0.5,0.56932425,393.0817
0.00034,1e-04,1e-05,0.6,0.5685445,393.49426
0.00034,1e-04,1e-05,0.7,0.5682737,393.63934
0.00034,1e-04,1e-05,0.8,0.56815434,393.70364
0.00034,1e-04,1e-05,0.9,0.56809396,393.7361
0.00034,1e-04,1e-05,1.0,0.56806034,393.75436
0.00035,8.27e-05,1e-05,0.0,0.3866073,302.07877
0.00035,8.27e-05,1e-05,0.1,0.5945001,391.44806
0.00035,8.27e-05,1e-05,0.2,0.7741862,390.63165
0.00035,8.27e-05,1e-05,0.3,0.6355852,390.3556
0.00035,8.27e-05,1e-05,0.4,0.567394,394.6791
0.00035,8.27e-05,1e-05,0.5,0.5693242,393.0817
0.00035,8.27e-05,1e-05,0.6,0.56854445,393.49426
0.00035,8.27e-05,1e-05,0.7,0.5682737,393.63934
0.00035,8.27e-05,1e-05,0.8,0.56815434,393.70364
0.00035,8.27e-05,1e-05,0.9,0.56809396,393.7361
0.00035,8.27e-05,1e-05,1.0,0.56806034,393.75436
0.00035,8.27e-05,0.0,0.0,0.38659054,302.07632
0.00035,8.27e-05,0.0,0.1,0.59450006,391.44797
0.00035,8.27e-05,0.0,0.2,0.7741851,390.6318
0.00035,8.27e-05,0.0,0.3,0.63558203,390.3556
0.00035,8.27e-05,0.0,0.4,0.56739444,394.67886
0.00035,8.27e-05,0.0,0.5,0.56932414,393.0817
0.00035,8.27e-05,0.0,0.6,0.5685445,393.49426
0.00035,8.27e-05,0.0,0.7,0.5682737,393.63934
0.00035,8.27e-05,0.0,0.8,0.56815434,393.70364
0.00035,8.27e-05,0.0,0.9,0.56809396,393.7361
0.00035,8.27e-05,0.0,1.0,0.56806034,393.75436
0.000355,7.48e-05,5e-06,0.0,0.38660342,302.07822
0.000355,7.48e-05,5e-06,0.1,0.5945001,391.44827
0.000355,7.48e-05,5e-06,0.2,0.77418613,390.63168
0.000355,7.48e-05,5e-06,0.3,0.63558257,390.35556
0.000355,7.48e-05,5e-06,0.4,0.5673942,394.6789
0.000355,7.48e-05,5e-06,0.5,0.5693242,393.0817
0.000355,7.48e-05,5e-06,0.6,0.5685445,393.49426
0.000355,7.48e-05,5e-06,0.7,0.5682737,393.63934
0.000355,7.48e-05,5e-06,0.8,0.56815434,393.70364
0.000355,7.48e-05,5e-06,0.9,0.56809396,393.7361
0.000355,7.48e-05,5e-06,1.0,0.56806034,393.75436
0.00036,1e-04,0.0,0.0,0.38654074,302.069
0.00036,1e-04,0.0,0.1,0.5944997,391.4439
0.00036,1e-04,0.0,0.2,0.7741827,390.63245
0.00036,1e-04,0.0,0.3,0.63560754,390.35623
0.00036,1e-04,0.0,0.4,0.5673921,394.68054
0.00036,1e-04,0.0,0.5,0.5693243,393.08163
0.00036,1e-04,0.0,0.6,0.5685443,393.49426
0.00036,1e-04,0.0,0.7,0.5682737,393.63934
0.00036,1e-04,0.0,0.8,0.56815434,393.70364
0.00036,1e-04,0.0,0.9,0.56809396,393.7361
0.00036,1e-04,0.0,1.0,0.5680603,393.75436
0.00036,6.69e-05,1e-05,0.0,0.386616,302.08002
0.00036,6.69e-05,1e-05,0.1,0.5945001,391.44858
0.00036,6.69e-05,1e-05,0.2,0.7741871,390.6315
0.00036,6.69e-05,1e-05,0.3,0.6355831,390.3555
0.00036,6.69e-05,1e-05,0.4,0.5673944,394.679
0.00036,6.69e-05,1e-05,0.5,0.5693242,393.0817
0.00036,6.69e-05,1e-05,0.6,0.5685445,393.49426
0.00036,6.69e-05,1e-05,0.7,0.5682737,393.63934
0.00036,6.69e-05,1e-05,0.8,0.56815434,393.70364
0.00036,6.69e-05,1e-05,0.9,0.56809396,393.7361
0.00036,6.69e-05,1e-05,1.0,0.56806034,393.75436
0.00036,6.69e-05,0.0,0.0,0.38659918,302.07764
0.00036,6.69e-05,0.0,0.1,0.59450006,391.44846
0.00036,6.69e-05,0.0,0.2,0.7741859,390.63168
0.00036,6.69e-05,0.0,0.3,0.63557947,390.35556
0.00036,6.69e-05,0.0,0.4,0.56739473,394.6787
0.00036,6.69e-05,0.0,0.5,0.5693242,393.0817
0.00036,6.69e-05,0.0,0.6,0.5685445,393.49426
0.00036,6.69e-05,0.0,0.7,0.5682737,393.63934
0.00036,6.69e-05,0.0,0.8,0.56815434,393.70364
0.00036,6.69e-05,0.0,0.9,0.56809396,393.7361
0.00036,6.69e-05,0.0,1.0,0.56806034,393.75436
0.00037,5.1e-05,0.0,0.0,0.38660833,302.07895
0.00037,5.1e-05,0.0,0.1,0.59450006,391.449
0.00037,5.1e-05,0.0,0.2,0.77418673,390.63153
0.00037,5.1e-05,0.0,0.3,0.6355772,390.3555
0.00037,5.1e-05,0.0,0.4,0.567395,394.67862
0.00037,5.1e-05,0.0,0.5,0.5693242,393.0817
0.00037,5.1e-05,0.0,0.6,0.5685445,393.49426
0.00037,5.1e-05,0.0,0.7,0.5682737,393.63934
0.00037,5.1e-05,0.0,0.8,0.56815434,393.70364
0.00037,5.1e-05,0.0,0.9,0.56809396,393.73608
0.00037,5.1e-05,0.0,1.0,0.56806034,393.75436
0.00037,5.1e-05,1e-05,0.0,0.3866249,302.0814
0.00037,5.1e-05,1e-05,0.1,0.59450024,391.4491
0.00037,5.1e-05,1e-05,0.2,0.7741876,390.63138
0.00037,5.1e-05,1e-05,0.3,0.63558036,390.35547
0.00037,5.1e-05,1e-05,0.4,0.56739444,394.67886
0.00037,5.1e-05,1e-05,0.5,0.5693242,393.0817
0.00037,5.1e-05,1e-05,0.6,0.5685445,393.49426
0.00037,5.1e-05,1e-05,0.7,0.5682737,393.63934
0.00037,5.1e-05,1e-05,0.8,0.56815434,393.70364
0.00037,5.1e-05,1e-05,0.9,0.56809396,393.7361
0.00037,5.1e-05,1e-05,1.0,0.56806034,393.75436
0.00038,3.46e-05,1e-05,0.0,0.38663492,302.0828
0.00038,3.46e-05,1e-05,0.1,0.5945003,391.44968
0.00038,3.46e-05,1e-05,0.2,0.77418834,390.63126
0.00038,3.46e-05,1e-05,0.3,0.6355775,390.35538
0.00038,3.46e-05,1e-05,0.4,0.5673947,394.67874
0.00038,3.46e-05,1e-05,0.5,0.5693242,393.0817
0.00038,3.46e-05,1e-05,0.6,0.5685444,393.49426
0.00038,3.46e-05,1e-05,0.7,0.5682737,393.63934
0.00038,3.46e-05,1e-05,0.8,0.56815434,393.70364
0.00038,3.46e-05,1e-05,0.9,0.56809396,393.7361
0.00038,3.46e-05,1e-05,1.0,0.56806034,393.75436
0.00038,3.46e-05,0.0,0.0,0.38661808,302.08035
0.00038,3.46e-05,0.0,0.1,0.5945003,391.4496
0.00038,3.46e-05,0.0,0.2,0.7741872,390.6314
0.00038,3.46e-05,0.0,0.3,0.6355742,390.3555
0.00038,3.46e-05,0.0,0.4,0.56739503,394.67847
0.00038,3.46e-05,0.0,0.5,0.5693242,393.0817
0.00038,3.46e-05,0.0,0.6,0.5685444,393.49426
0.00038,3.46e-05,0.0,0.7,0.5682737,393.63934
0.00038,3.46e-05,0.0,0.8,0.56815434,393.70364
0.00038,3.46e-05,0.0,0.9,0.56809396,393.73608
0.00038,3.46e-05,0.0,1.0,0.56806034,393.75436
0.00039,1.73e-05,0.0,0.0,0.38662958,302.0821
0.00039,1.73e-05,0.0,0.1,0.59450036,391.45038
0.00039,1.73e-05,0.0,0.2,0.77418816,390.63123
0.00039,1.73e-05,0.0,0.3,0.63557076,390.35538
0.00039,1.73e-05,0.0,0.4,0.5673953,394.67828
0.00039,1.73e-05,0.0,0.5,0.5693241,393.08173
0.00039,1.73e-05,0.0,0.6,0.5685444,393.49426
0.00039,1.73e-05,0.0,0.7,0.5682737,393.63934
0.00039,1.73e-05,0.0,0.8,0.56815434,393.70364
0.00039,1.73e-05,0.0,0.9,0.56809396,393.73608
0.00039,1.73e-05,0.0,1.0,0.56806034,393.75436
0.00039,1.73e-05,1e-05,0.0,0.3866463,302.08444
0.00039,1.73e-05,1e-05,0.1,0.5945003,391.4505
0.00039,1.73e-05,1e-05,0.2,0.77418923,390.6311
0.00039,1.73e-05,1e-05,0.3,0.6355741,390.35535
0.00039,1.73e-05,1e-05,0.4,0.567395,394.67853
0.00039,1.73e-05,1e-05,0.5,0.56932414,393.0817
0.00039,1.73e-05,1e-05,0.6,0.56854445,393.49426
0.00039,1.73e-05,1e-05,0.7,0.5682737,393.63934
0.00039,1.73e-05,1e-05,0.8,0.56815434,393.70364
0.00039,1.73e-05,1e-05,0.9,0.56809396,393.73608
0.00039,1.73e-05,1e-05,1.0,0.56806034,393.75436
0.0004,0.0,1e-05,0.0,0.38665786,302.08618
0.0004,0.0,1e-05,0.1,0.5945004,391.4512
0.0004,0.0,1e-05,0.2,0.7741899,390.63095
0.0004,0.0,1e-05,0.3,0.63557065,390.35526
0.0004,0.0,1e-05,0.4,0.56739527,394.6783
0.0004,0.0,1e-05,0.5,0.5693241,393.08173
0.0004,0.0,1e-05,0.6,0.5685444,393.49426
0.0004,0.0,1e-05,0.7,0.5682737,393.63934
0.0004,0.0,1e-05,0.8,0.5681543,393.70364
0.0004,0.0,1e-05,0.9,0.56809396,393.73608
0.0004,0.0,1e-05,1.0,0.5680604,393.75436
0.000405,8.66e-06,5e-06,0.0,0.3866244,302.0813
0.000405,8.66e-06,5e-06,0.1,0.5945002,391.4491
0.000405,8.66e-06,5e-06,0.2,0.7741884,390.63132
0.000405,8.66e-06,5e-06,0.3,0.6355818,390.3555
0.000405,8.66e-06,5e-06,0.4,0.56739444,394.679
0.000405,8.66e-06,5e-06,0.5,0.5693242,393.0817
0.000405,8.66e-06,5e-06,0.6,0.5685444,393.49426
0.000405,8.66e-06,5e-06,0.7,0.5682737,393.63934
0.000405,8.66e-06,5e-06,0.8,0.56815434,393.70364
0.000405,8.66e-06,5e-06,0.9,0.56809396,393.73608
0.000405,8.66e-06,5e-06,1.0,0.56806034,393.75436
0.0004,0.0,0.0,0.0,0.38664106,302.08377
0.0004,0.0,0.0,0.1,0.5945004,391.45108
0.0004,0.0,0.0,0.2,0.774189,390.63107
0.0004,0.0,0.0,0.3,0.6355673,390.35532
0.0004,0.0,0.0,0.4,0.56739587,394.6781
0.0004,0.0,0.0,0.5,0.5693242,393.08173
0.0004,0.0,0.0,0.6,0.5685444,393.49426
0.0004,0.0,0.0,0.7,0.5682737,393.63934
0.0004,0.0,0.0,0.8,0.5681543,393.70364
0.0004,0.0,0.0,0.9,0.56809396,393.73608
0.0004,0.0,0.0,1.0,0.5680604,393.75436
0.00036,1e-04,1e-05,0.0,0.38655737,302.07144
0.00036,1e-04,1e-05,0.1,0.59449977,391.444
0.00036,1e-04,1e-05,0.2,0.7741836,390.63226
0.00036,1e-04,1e-05,0.3,0.63561076,390.3561
0.00036,1e-04,1e-05,0.4,0.56739146,394.6808
0.00036,1e-04,1e-05,0.5,0.5693243,393.08163
0.00036,1e-04,1e-05,0.6,0.5685444,393.49426
0.00036,1e-04,1e-05,0.7,0.5682737,393.63934
0.00036,1e-04,1e-05,0.8,0.56815434,393.70364
0.00036,1e-04,1e-05,0.9,0.56809396,393.7361
0.00036,1e-04,1e-05,1.0,0.5680603,393.75436
0.00037,8.27e-05,0.0,0.0,0.38655207,302.07074
0.00037,8.27e-05,0.0,0.1,0.59449977,391.44464
0.00037,8.27e-05,0.0,0.2,0.77418363,390.63226
0.00037,8.27e-05,0.0,0.3,0.63560414,390.35608
0.00037,8.27e-05,0.0,0.4,0.56739235,394.68036
0.00037,8.27e-05,0.0,0.5,0.56932425,393.08167
0.00037,8.27e-05,0.0,0.6,0.5685443,393.49426
0.00037,8.27e-05,0.0,0.7,0.56827384,393.63934
0.00037,8.27e-05,0.0,0.8,0.56815434,393.70364
0.00037,8.27e-05,0.0,0.9,0.56809396,393.7361
0.00037,8.27e-05,0.0,1.0,0.5680603,393.75436
0.00037,8.27e-05,1e-05,0.0,0.3865687,302.0731
0.00037,8.27e-05,1e-05,0.1,0.59449977,391.44476
0.00037,8.27e-05,1e-05,0.2,0.7741846,390.63193
0.00037,8.27e-05,1e-05,0.3,0.6356073,390.356
0.00037,8.27e-05,1e-05,0.4,0.5673919,394.68057
0.00037,8.27e-05,1e-05,0.5,0.5693243,393.08167
0.00037,8.27e-05,1e-05,0.6,0.5685443,393.49426
0.00037,8.27e-05,1e-05,0.7,0.5682737,393.63934
0.00037,8.27e-05,1e-05,0.8,0.56815434,393.70364
0.00037,8.27e-05,1e-05,0.9,0.56809396,393.7361
0.00037,8.27e-05,1e-05,1.0,0.5680603,393.75436
0.00038,1e-04,0.0,0.0,0.38650212,302.06332
0.00038,1e-04,0.0,0.1,0.5944995,391.4406
0.00038,1e-04,0.0,0.2,0.7741806,390.6329
0.00038,1e-04,0.0,0.3,0.63562936,390.35666
0.00038,1e-04,0.0,0.4,0.5673898,394.68185
0.00038,1e-04,0.0,0.5,0.5693245,393.0816
0.00038,1e-04,0.0,0.6,0.56854445,393.49426
0.00038,1e-04,0.0,0.7,0.5682737,393.63934
0.00038,1e-04,0.0,0.8,0.56815434,393.70364
0.00038,1e-04,0.0,0.9,0.56809396,393.73608
0.00038,1e-04,0.0,1.0,0.56806034,393.75436
0.00038,6.69e-05,1e-05,0.0,0.38657767,302.07434
0.00038,6.69e-05,1e-05,0.1,0.5944999,391.44525
0.00038,6.69e-05,1e-05,0.2,0.77418536,390.63177
0.00038,6.69e-05,1e-05,0.3,0.6356049,390.356
0.00038,6.69e-05,1e-05,0.4,0.567392,394.68048
0.00038,6.69e-05,1e-05,0.5,0.56932425,393.08167
0.00038,6.69e-05,1e-05,0.6,0.5685443,393.49426
0.00038,6.69e-05,1e-05,0.7,0.5682738,393.63934
0.00038,6.69e-05,1e-05,0.8,0.56815434,393.70364
0.00038,6.69e-05,1e-05,0.9,0.56809396,393.7361
0.00038,6.69e-05,1e-05,1.0,0.56806034,393.75436
0.00038,6.69e-05,0.0,0.0,0.38656092,302.07196
0.00038,6.69e-05,0.0,0.1,0.5944998,391.44516
0.00038,6.69e-05,0.0,0.2,0.77418435,390.63202
0.00038,6.69e-05,0.0,0.3,0.6356017,390.35614
0.00038,6.69e-05,0.0,0.4,0.56739277,394.6802
0.00038,6.69e-05,0.0,0.5,0.5693243,393.08167
0.00038,6.69e-05,0.0,0.6,0.56854427,393.49426
0.00038,6.69e-05,0.0,0.7,0.56827384,393.63934
0.00038,6.69e-05,0.0,0.8,0.56815434,393.70364
0.00038,6.69e-05,0.0,0.9,0.56809396,393.7361
0.00038,6.69e-05,0.0,1.0,0.56806034,393.75436
0.00039,5.1e-05,0.0,0.0,0.3865699,302.07333
0.00039,5.1e-05,0.0,0.1,0.5944998,391.4457
0.00039,5.1e-05,0.0,0.2,0.77418506,390.6319
0.00039,5.1e-05,0.0,0.3,0.6355993,390.35593
0.00039,5.1e-05,0.0,0.4,0.56739277,394.6801
0.00039,5.1e-05,0.0,0.5,0.5693243,393.08167
0.00039,5.1e-05,0.0,0.6,0.5685443,393.49426
0.00039,5.1e-05,0.0,0.7,0.56827366,393.63934
0.00039,5.1e-05,0.0,0.8,0.56815434,393.70364
0.00039,5.1e-05,0.0,0.9,0.56809396,393.7361
0.00039,5.1e-05,0.0,1.0,0.56806034,393.75436
0.00039,5.1e-05,1e-05,0.0,0.3865866,302.07562
0.00039,5.1e-05,1e-05,0.1,0.59449995,391.44583
0.00039,5.1e-05,1e-05,0.2,0.77418596,390.63162
0.00039,5.1e-05,1e-05,0.3,0.6356027,390.35587
0.00039,5.1e-05,1e-05,0.4,0.56739223,394.68042
0.00039,5.1e-05,1e-05,0.5,0.5693243,393.08167
0.00039,5.1e-05,1e-05,0.6,0.56854427,393.49426
0.00039,5.1e-05,1e-05,0.7,0.56827366,393.63934
0.00039,5.1e-05,1e-05,0.8,0.56815434,393.70364
0.00039,5.1e-05,1e-05,0.9,0.56809396,393.7361
0.00039,5.1e-05,1e-05,1.0,0.56806034,393.75436
0.000395,5.9e-05,5e-06,0.0,0.38655448,302.071
0.000395,5.9e-05,5e-06,0.1,0.59449977,391.44385
0.000395,5.9e-05,5e-06,0.2,0.77418447,390.6321
0.000395,5.9e-05,5e-06,0.3,0.63561314,390.35608
0.000395,5.9e-05,5e-06,0.4,0.56739116,394.6809
0.000395,5.9e-05,5e-06,0.5,0.5693244,393.08163
0.000395,5.9e-05,5e-06,0.6,0.5685444,393.49426
0.000395,5.9e-05,5e-06,0.7,0.5682737,393.63934
0.000395,5.9e-05,5e-06,0.8,0.56815434,393.70364
0.000395,5.9e-05,5e-06,0.9,0.56809396,393.7361
0.000395,5.9e-05,5e-06,1.0,0.5680603,393.75436
0.0004,3.46e-05,1e-05,0.0,0.38659653,302.07712
0.0004,3.46e-05,1e-05,0.1,0.59449995,391.44638
0.0004,3.46e-05,1e-05,0.2,0.77418685,390.6315
0.0004,3.46e-05,1e-05,0.3,0.6355996,390.35574
0.0004,3.46e-05,1e-05,0.4,0.56739265,394.6802
0.0004,3.46e-05,1e-05,0.5,0.5693243,393.0817
0.0004,3.46e-05,1e-05,0.6,0.5685443,393.49426
0.0004,3.46e-05,1e-05,0.7,0.56827366,393.63934
0.0004,3.46e-05,1e-05,0.8,0.56815434,393.70364
0.0004,3.46e-05,1e-05,0.9,0.56809396,393.7361
0.0004,3.46e-05,1e-05,1.0,0.56806034,393.75436
0.0004,3.46e-05,0.0,0.0,0.38657954,302.0747
0.0004,3.46e-05,0.0,0.1,0.59449995,391.4463
0.0004,3.46e-05,0.0,0.2,0.7741858,390.63184
0.0004,3.46e-05,0.0,0.3,0.6355965,390.3559
0.0004,3.46e-05,0.0,0.4,0.5673928,394.67993
0.0004,3.46e-05,0.0,0.5,0.5693243,393.08167
0.0004,3.46e-05,0.0,0.6,0.5685445,393.49426
0.0004,3.46e-05,0.0,0.7,0.56827366,393.63934
0.0004,3.46e-05,0.0,0.8,0.56815434,393.70364
0.0004,3.46e-05,0.0,0.9,0.56809396,393.7361
0.0004,3.46e-05,0.0,1.0,0.56806034,393.75436
0.00041,1.73e-05,1e-05,0.0,0.38660803,302.07886
0.00041,1.73e-05,1e-05,0.1,0.5944999,391.44714
0.00041,1.73e-05,1e-05,0.2,0.77418756,390.63147
0.00041,1.73e-05,1e-05,0.3,0.6355963,390.35568
0.00041,1.73e-05,1e-05,0.4,0.56739277,394.68008
0.00041,1.73e-05,1e-05,0.5,0.5693243,393.08167
0.00041,1.73e-05,1e-05,0.6,0.5685445,393.49426
0.00041,1.73e-05,1e-05,0.7,0.56827366,393.63934
0.00041,1.73e-05,1e-05,0.8,0.56815434,393.70364
0.00041,1.73e-05,1e-05,0.9,0.56809396,393.7361
0.00041,1.73e-05,1e-05,1.0,0.56806034,393.75436
0.00041,1.73e-05,0.0,0.0,0.38659126,302.07642
0.00041,1.73e-05,0.0,0.1,0.5944999,391.44702
0.00041,1.73e-05,0.0,0.2,0.77418655,390.63165
0.00041,1.73e-05,0.0,0.3,0.6355929,390.35574
0.00041,1.73e-05,0.0,0.4,0.5673932,394.67972
0.00041,1.73e-05,0.0,0.5,0.56932425,393.0817
0.00041,1.73e-05,0.0,0.6,0.56854457,393.49426
0.00041,1.73e-05,0.0,0.7,0.56827366,393.63934
0.00041,1.73e-05,0.0,0.8,0.56815434,393.70364
0.00041,1.73e-05,0.0,0.9,0.56809396,393.7361
0.00041,1.73e-05,0.0,1.0,0.56806034,393.75436
0.00042,0.0,1e-05,0.0,0.38661933,302.08044
0.00042,0.0,1e-05,0.1,0.5945002,391.4479
0.00042,0.0,1e-05,0.2,0.7741884,390.63135
0.00042,0.0,1e-05,0.3,0.6355925,390.3556
0.00042,0.0,1e-05,0.4,0.5673931,394.67978
0.00042,0.0,1e-05,0.5,0.56932425,393.0817
0.00042,0.0,1e-05,0.6,0.5685445,393.49426
0.00042,0.0,1e-05,0.7,0.5682737,393.63934
0.00042,0.0,1e-05,0.8,0.56815434,393.70364
0.00042,0.0,1e-05,0.9,0.56809396,393.7361
0.00042,0.0,1e-05,1.0,0.56806034,393.75436
0.00042,0.0,0.0,0.0,0.38660255,302.0781
0.00042,0.0,0.0,0.1,0.5945,391.4478
0.00042,0.0,0.0,0.2,0.7741875,390.63147
0.00042,0.0,0.0,0.3,0.63558924,390.35556
0.00042,0.0,0.0,0.4,0.5673935,394.67947
0.00042,0.0,0.0,0.5,0.5693242,393.0817
0.00042,0.0,0.0,0.6,0.56854445,393.49426
0.00042,0.0,0.0,0.7,0.5682737,393.63934
0.00042,0.0,0.0,0.8,0.56815434,393.70364
0.00042,0.0,0.0,0.9,0.56809396,393.7361
0.00042,0.0,0.0,1.0,0.56806034,393.75436
0.00038,1e-04,1e-05,0.0,0.38651896,302.06573
0.00038,1e-04,1e-05,0.1,0.5944995,391.44073
0.00038,1e-04,1e-05,0.2,0.77418154,390.63263
0.00038,1e-04,1e-05,0.3,0.63563263,390.35672
0.00038,1e-04,1e-05,0.4,0.56738925,394.6821
0.00038,1e-04,1e-05,0.5,0.56932443,393.0816
0.00038,1e-04,1e-05,0.6,0.56854445,393.49423
0.00038,1e-04,1e-05,0.7,0.56827366,393.63934
0.00038,1e-04,1e-05,0.8,0.5681543,393.70364
0.00038,1e-04,1e-05,0.9,0.56809396,393.73608
0.00038,1e-04,1e-05,1.0,0.56806034,393.75436
0.00039,8.31e-05,5e-06,0.0,0.3865214,302.0661
0.00039,8.31e-05,5e-06,0.1,0.59449965,391.4413
0.00039,8.31e-05,5e-06,0.2,0.77418184,390.63257
0.00039,8.31e-05,5e-06,0.3,0.63562775,390.35657
0.00039,8.31e-05,5e-06,0.4,0.5673897,394.6818
0.00039,8.31e-05,5e-06,0.5,0.5693245,393.0816
0.00039,8.31e-05,5e-06,0.6,0.56854445,393.49423
0.00039,8.31e-05,5e-06,0.7,0.5682737,393.63934
0.00039,8.31e-05,5e-06,0.8,0.56815434,393.70364
0.00039,8.31e-05,5e-06,0.9,0.56809396,393.73608
0.00039,8.31e-05,5e-06,1.0,0.56806034,393.75436
0.00039,8.27e-05,0.0,0.0,0.38651362,302.065
0.00039,8.27e-05,0.0,0.1,0.5944996,391.4413
0.00039,8.27e-05,0.0,0.2,0.77418154,390.63266
0.00039,8.27e-05,0.0,0.3,0.6356258,390.35657
0.00039,8.27e-05,0.0,0.4,0.56739,394.6816
0.00039,8.27e-05,0.0,0.5,0.56932443,393.0816
0.00039,8.27e-05,0.0,0.6,0.56854445,393.49423
0.00039,8.27e-05,0.0,0.7,0.5682737,393.63934
0.00039,8.27e-05,0.0,0.8,0.56815434,393.70364
0.00039,8.27e-05,0.0,0.9,0.56809396,393.73608
0.00039,8.27e-05,0.0,1.0,0.56806034,393.75436
0.00039,8.27e-05,1e-05,0.0,0.38653046,302.06744
0.00039,8.27e-05,1e-05,0.1,0.59449965,391.4415
0.00039,8.27e-05,1e-05,0.2,0.77418244,390.63245
0.00039,8.27e-05,1e-05,0.3,0.63562906,390.35657
0.00039,8.27e-05,1e-05,0.4,0.5673895,394.68192
0.00039,8.27e-05,1e-05,0.5,0.56932443,393.0816
0.00039,8.27e-05,1e-05,0.6,0.56854445,393.49423
0.00039,8.27e-05,1e-05,0.7,0.5682737,393.63934
0.00039,8.27e-05,1e-05,0.8,0.56815434,393.70364
0.00039,8.27e-05,1e-05,0.9,0.56809396,393.73608
0.00039,8.27e-05,1e-05,1.0,0.56806034,393.75436
0.0004,1e-04,0.0,0.0,0.38646382,302.05774
0.0004,1e-04,0.0,0.1,0.59449923,391.43735
0.0004,1e-04,0.0,0.2,0.7741779,390.63342
0.0004,1e-04,0.0,0.3,0.63565123,390.35718
0.0004,1e-04,0.0,0.4,0.56738746,394.68338
0.0004,1e-04,0.0,0.5,0.5693245,393.08157
0.0004,1e-04,0.0,0.6,0.5685444,393.49423
0.0004,1e-04,0.0,0.7,0.5682737,393.63937
0.0004,1e-04,0.0,0.8,0.5681543,393.70364
0.0004,1e-04,0.0,0.9,0.5680939,393.73608
0.0004,1e-04,0.0,1.0,0.56806034,393.75436
0.0004,6.69e-05,1e-05,0.0,0.38653934,302.0687
0.0004,6.69e-05,1e-05,0.1,0.5944997,391.44202
0.0004,6.69e-05,1e-05,0.2,0.77418303,390.63235
0.0004,6.69e-05,1e-05,0.3,0.63562727,390.35648
0.0004,6.69e-05,1e-05,0.4,0.5673897,394.68182
0.0004,6.69e-05,1e-05,0.5,0.56932443,393.0816
0.0004,6.69e-05,1e-05,0.6,0.56854445,393.49423
0.0004,6.69e-05,1e-05,0.7,0.5682737,393.63934
0.0004,6.69e-05,1e-05,0.8,0.56815434,393.70364
0.0004,6.69e-05,1e-05,0.9,0.56809396,393.73608
0.0004,6.69e-05,1e-05,1.0,0.56806034,393.75436
0.0004,6.69e-05,0.0,0.0,0.3865225,302.06635
0.0004,6.69e-05,0.0,0.1,0.5944997,391.44193
0.0004,6.69e-05,0.0,0.2,0.7741824,390.63254
0.0004,6.69e-05,0.0,0.3,0.6356238,390.35648
0.0004,6.69e-05,0.0,0.4,0.56739014,394.6815
0.0004,6.69e-05,0.0,0.5,0.56932443,393.0816
0.0004,6.69e-05,0.0,0.6,0.56854445,393.49423
0.0004,6.69e-05,0.0,0.7,0.5682737,393.63934
0.0004,6.69e-05,0.0,0.8,0.56815434,393.70364
0.0004,6.69e-05,0.0,0.9,0.56809396,393.7361
0.0004,6.69e-05,0.0,1.0,0.56806034,393.75436
0.00041,5.1e-05,0.0,0.0,0.38653165,302.06766
0.00041,5.1e-05,0.0,0.1,0.5944997,391.44244
0.00041,5.1e-05,0.0,0.2,0.774183,390.6325
0.00041,5.1e-05,0.0,0.3,0.63562113,390.3563
0.00041,5.1e-05,0.0,0.4,0.5673905,394.6814
0.00041,5.1e-05,0.0,0.5,0.56932443,393.0816
0.00041,5.1e-05,0.0,0.6,0.5685444,393.49426
0.00041,5.1e-05,0.0,0.7,0.5682737,393.63934
0.00041,5.1e-05,0.0,0.8,0.56815434,393.70364
0.00041,5.1e-05,0.0,0.9,0.56809396,393.7361
0.00041,5.1e-05,0.0,1.0,0.56806034,393.75436
0.00041,5.1e-05,1e-05,0.0,0.3865482,302.07004
0.00041,5.1e-05,1e-05,0.1,0.59449977,391.4425
0.00041,5.1e-05,1e-05,0.2,0.77418387,390.6322
0.00041,5.1e-05,1e-05,0.3,0.6356246,390.3564
0.00041,5.1e-05,1e-05,0.4,0.5673901,394.68164
0.00041,5.1e-05,1e-05,0.5,0.56932443,393.0816
0.00041,5.1e-05,1e-05,0.6,0.56854445,393.49423
0.00041,5.1e-05,1e-05,0.7,0.5682737,393.63934
0.00041,5.1e-05,1e-05,0.8,0.56815434,393.70364
0.00041,5.1e-05,1e-05,0.9,0.56809396,393.7361
0.00041,5.1e-05,1e-05,1.0,0.56806034,393.75436
0.00042,3.46e-05,1e-05,0.0,0.38655806,302.0715
0.00042,3.46e-05,1e-05,0.1,0.59449977,391.4431
0.00042,3.46e-05,1e-05,0.2,0.7741847,390.63205
0.00042,3.46e-05,1e-05,0.3,0.63562185,390.3562
0.00042,3.46e-05,1e-05,0.4,0.5673902,394.6815
0.00042,3.46e-05,1e-05,0.5,0.56932443,393.0816
0.00042,3.46e-05,1e-05,0.6,0.5685443,393.49426
0.00042,3.46e-05,1e-05,0.7,0.5682737,393.63934
0.00042,3.46e-05,1e-05,0.8,0.56815434,393.70364
0.00042,3.46e-05,1e-05,0.9,0.56809396,393.7361
0.00042,3.46e-05,1e-05,1.0,0.5680603,393.75436
0.00042,3.46e-05,0.0,0.0,0.3865413,302.06906
0.00042,3.46e-05,0.0,0.1,0.59449977,391.44302
0.00042,3.46e-05,0.0,0.2,0.7741839,390.63223
0.00042,3.46e-05,0.0,0.3,0.63561857,390.3562
0.00042,3.46e-05,0.0,0.4,0.56739074,394.6812
0.00042,3.46e-05,0.0,0.5,0.56932443,393.0816
0.00042,3.46e-05,0.0,0.6,0.5685443,393.49426
0.00042,3.46e-05,0.0,0.7,0.5682737,393.63934
0.00042,3.46e-05,0.0,0.8,0.56815434,393.70364
0.00042,3.46e-05,0.0,0.9,0.56809396,393.7361
0.00042,3.46e-05,0.0,1.0,0.5680603,393.75436
0.00043,1.73e-05,1e-05,0.0,0.38656938,302.0732
0.00043,1.73e-05,1e-05,0.1,0.59449977,391.44385
0.00043,1.73e-05,1e-05,0.2,0.77418584,390.63187
0.00043,1.73e-05,1e-05,0.3,0.63561827,390.35614
0.00043,1.73e-05,1e-05,0.4,0.5673906,394.6813
0.00043,1.73e-05,1e-05,0.5,0.5693244,393.0816
0.00043,1.73e-05,1e-05,0.6,0.5685443,393.49426
0.00043,1.73e-05,1e-05,0.7,0.5682737,393.63934
0.00043,1.73e-05,1e-05,0.8,0.56815434,393.70364
0.00043,1.73e-05,1e-05,0.9,0.56809396,393.7361
0.00043,1.73e-05,1e-05,1.0,0.5680603,393.75436
0.00043,1.73e-05,0.0,0.0,0.3865528,302.0708
0.00043,1.73e-05,0.0,0.1,0.5944998,391.44373
0.00043,1.73e-05,0.0,0.2,0.77418494,390.63202
0.00043,1.73e-05,0.0,0.3,0.6356149,390.35608
0.00043,1.73e-05,0.0,0.4,0.567391,394.68103
0.00043,1.73e-05,0.0,0.5,0.56932443,393.08163
0.00043,1.73e-05,0.0,0.6,0.5685444,393.49426
0.00043,1.73e-05,0.0,0.7,0.5682738,393.63934
0.00043,1.73e-05,0.0,0.8,0.56815434,393.70364
0.00043,1.73e-05,0.0,0.9,0.56809396,393.7361
0.00043,1.73e-05,0.0,1.0,0.5680603,393.75436
0.00044,0.0,1e-05,0.0,0.3865809,302.07483
0.00044,0.0,1e-05,0.1,0.5944999,391.44458
0.00044,0.0,1e-05,0.2,0.77418673,390.63165
0.00044,0.0,1e-05,0.3,0.6356147,390.35593
0.00044,0.0,1e-05,0.4,0.56739104,394.68112
0.00044,0.0,1e-05,0.5,0.5693243,393.08163
0.00044,0.0,1e-05,0.6,0.56854445,393.49426
0.00044,0.0,1e-05,0.7,0.5682737,393.63934
0.00044,0.0,1e-05,0.8,0.56815434,393.70364
0.00044,0.0,1e-05,0.9,0.56809396,393.7361
0.00044,0.0,1e-05,1.0,0.5680603,393.75436
0.00044,0.0,0.0,0.0,0.3865642,302.0724
0.00044,0.0,0.0,0.1,0.59449977,391.4445
0.00044,0.0,0.0,0.2,0.77418584,390.6318
0.00044,0.0,0.0,0.3,0.6356113,390.3559
0.00044,0.0,0.0,0.4,0.56739116,394.6809
0.00044,0.0,0.0,0.5,0.5693243,393.08163
0.00044,0.0,0.0,0.6,0.5685444,393.49426
0.00044,0.0,0.0,0.7,0.5682737,393.63934
0.00044,0.0,0.0,0.8,0.56815434,393.70364
0.00044,0.0,0.0,0.9,0.56809396,393.7361
0.00044,0.0,0.0,1.0,0.5680603,393.75436
0.0004,1e-04,1e-05,0.0,0.3864806,302.0601
0.0004,1e-04,1e-05,0.1,0.59449923,391.43744
0.0004,1e-04,1e-05,0.2,0.77417886,390.63318
0.0004,1e-04,1e-05,0.3,0.63565457,390.35715
0.0004,1e-04,1e-05,0.4,0.5673871,394.6836
0.0004,1e-04,1e-05,0.5,0.5693246,393.08157
0.0004,1e-04,1e-05,0.6,0.5685444,393.49423
0.0004,1e-04,1e-05,0.7,0.5682737,393.63937
0.0004,1e-04,1e-05,0.8,0.5681543,393.70364
0.0004,1e-04,1e-05,0.9,0.5680939,393.73608
0.0004,1e-04,1e-05,1.0,0.56806034,393.75436
0.00041,8.27e-05,0.0,0.0,0.38647535,302.0593
0.00041,8.27e-05,0.0,0.1,0.5944993,391.43808
0.00041,8.27e-05,0.0,0.2,0.77417904,390.6332
0.00041,8.27e-05,0.0,0.3,0.63564783,390.35706
0.00041,8.27e-05,0.0,0.4,0.5673878,394.68314
0.00041,8.27e-05,0.0,0.5,0.56932455,393.0816
0.00041,8.27e-05,0.0,0.6,0.56854445,393.49423
0.00041,8.27e-05,0.0,0.7,0.5682737,393.63937
0.00041,8.27e-05,0.0,0.8,0.5681543,393.70364
0.00041,8.27e-05,0.0,0.9,0.56809384,393.73608
0.00041,8.27e-05,0.0,1.0,0.56806034,393.75436
0.00041,8.27e-05,1e-05,0.0,0.38649195,302.06177
0.00041,8.27e-05,1e-05,0.1,0.5944993,391.43814
0.00041,8.27e-05,1e-05,0.2,0.7741801,390.633
0.00041,8.27e-05,1e-05,0.3,0.63565093,390.35712
0.00041,8.27e-05,1e-05,0.4,0.5673874,394.68347
0.00041,8.27e-05,1e-05,0.5,0.5693245,393.08157
0.00041,8.27e-05,1e-05,0.6,0.56854445,393.49423
0.00041,8.27e-05,1e-05,0.7,0.5682737,393.63937
0.00041,8.27e-05,1e-05,0.8,0.5681543,393.70364
0.00041,8.27e-05,1e-05,0.9,0.56809384,393.73608
0.00041,8.27e-05,1e-05,1.0,0.56806034,393.75436
0.00042,1e-04,0.0,0.0,0.38642544,302.05206
0.00042,1e-04,0.0,0.1,0.5944988,391.43396
0.00042,1e-04,0.0,0.2,0.774175,390.63412
0.00042,1e-04,0.0,0.3,0.63567287,390.35773
0.00042,1e-04,0.0,0.4,0.5673853,394.68463
0.00042,1e-04,0.0,0.5,0.56932455,393.08157
0.00042,1e-04,0.0,0.6,0.5685445,393.4942
0.00042,1e-04,0.0,0.7,0.56827366,393.6393
0.00042,1e-04,0.0,0.8,0.56815434,393.70364
0.00042,1e-04,0.0,0.9,0.5680939,393.73608
0.00042,1e-04,0.0,1.0,0.56806034,393.75436
0.00042,6.69e-05,1e-05,0.0,0.38650084,302.06314
0.00042,6.69e-05,1e-05,0.1,0.5944994,391.43866
0.00042,6.69e-05,1e-05,0.2,0.7741808,390.63287
0.00042,6.69e-05,1e-05,0.3,0.6356486,390.35703
0.00042,6.69e-05,1e-05,0.4,0.56738746,394.68335
0.00042,6.69e-05,1e-05,0.5,0.56932455,393.0816
0.00042,6.69e-05,1e-05,0.6,0.56854445,393.49423
0.00042,6.69e-05,1e-05,0.7,0.5682737,393.63937
0.00042,6.69e-05,1e-05,0.8,0.5681543,393.70364
0.00042,6.69e-05,1e-05,0.9,0.5680939,393.73608
0.00042,6.69e-05,1e-05,1.0,0.56806034,393.75436
0.00042,6.69e-05,0.0,0.0,0.38648418,302.06064
0.00042,6.69e-05,0.0,0.1,0.59449935,391.43857
0.00042,6.69e-05,0.0,0.2,0.7741799,390.63306
0.00042,6.69e-05,0.0,0.3,0.6356455,390.357
0.00042,6.69e-05,0.0,0.4,0.56738806,394.68295
0.00042,6.69e-05,0.0,0.5,0.5693245,393.0816
0.00042,6.69e-05,0.0,0.6,0.56854445,393.49423
0.00042,6.69e-05,0.0,0.7,0.5682737,393.63934
0.00042,6.69e-05,0.0,0.8,0.5681543,393.70364
0.00042,6.69e-05,0.0,0.9,0.5680939,393.73608
0.00042,6.69e-05,0.0,1.0,0.56806034,393.75436
0.00043,5.1e-05,0.0,0.0,0.38649306,302.06198
0.00043,5.1e-05,0.0,0.1,0.5944993,391.43912
0.00043,5.1e-05,0.0,0.2,0.77418077,390.63293
0.00043,5.1e-05,0.0,0.3,0.6356432,390.3569
0.00043,5.1e-05,0.0,0.4,0.56738824,394.68274
0.00043,5.1e-05,0.0,0.5,0.5693245,393.0816
0.00043,5.1e-05,0.0,0.6,0.56854445,393.49423
0.00043,5.1e-05,0.0,0.7,0.5682737,393.63934
0.00043,5.1e-05,0.0,0.8,0.5681543,393.7036
0.00043,5.1e-05,0.0,0.9,0.5680939,393.73608
0.00043,5.1e-05,0.0,1.0,0.56806034,393.75436
0.00043,5.1e-05,1e-05,0.0,0.38650995,302.06442
0.00043,5.1e-05,1e-05,0.1,0.59449935,391.43918
0.00043,5.1e-05,1e-05,0.2,0.7741817,390.63272
0.00043,5.1e-05,1e-05,0.3,0.63564646,390.35696
0.00043,5.1e-05,1e-05,0.4,0.5673877,394.6832
0.00043,5.1e-05,1e-05,0.5,0.5693245,393.0816
0.00043,5.1e-05,1e-05,0.6,0.56854445,393.49423
0.00043,5.1e-05,1e-05,0.7,0.5682737,393.63934
0.00043,5.1e-05,1e-05,0.8,0.5681543,393.70364
0.00043,5.1e-05,1e-05,0.9,0.5680939,393.73608
0.00043,5.1e-05,1e-05,1.0,0.56806034,393.75436
0.00044,3.46e-05,1e-05,0.0,0.38651976,302.06583
0.00044,3.46e-05,1e-05,0.1,0.5944994,391.4398
0.00044,3.46e-05,1e-05,0.2,0.7741824,390.63254
0.00044,3.46e-05,1e-05,0.3,0.63564336,390.3568
0.00044,3.46e-05,1e-05,0.4,0.5673881,394.68295
0.00044,3.46e-05,1e-05,0.5,0.56932443,393.0816
0.00044,3.46e-05,1e-05,0.6,0.56854445,393.49423
0.00044,3.46e-05,1e-05,0.7,0.5682737,393.63934
0.00044,3.46e-05,1e-05,0.8,0.56815434,393.7036
0.00044,3.46e-05,1e-05,0.9,0.5680939,393.73608
0.00044,3.46e-05,1e-05,1.0,0.56806034,393.75436
0.00044,3.46e-05,0.0,0.0,0.38650286,302.0634
0.00044,3.46e-05,0.0,0.1,0.5944994,391.43973
0.00044,3.46e-05,0.0,0.2,0.7741817,390.63275
0.00044,3.46e-05,0.0,0.3,0.6356403,390.35675
0.00044,3.46e-05,0.0,0.4,0.56738853,394.68256
0.00044,3.46e-05,0.0,0.5,0.5693244,393.0816
0.00044,3.46e-05,0.0,0.6,0.56854445,393.49423
0.00044,3.46e-05,0.0,0.7,0.5682737,393.63934
0.00044,3.46e-05,0.0,0.8,0.5681543,393.70364
0.00044,3.46e-05,0.0,0.9,0.56809396,393.73608
0.00044,3.46e-05,0.0,1.0,0.56806034,393.75436
0.00045,1.73e-05,0.0,0.0,0.3865143,302.06506
0.00045,1.73e-05,0.0,0.1,0.5944995,391.44043
0.00045,1.73e-05,0.0,0.2,0.77418256,390.6325
0.00045,1.73e-05,0.0,0.3,0.6356366,390.3567
0.00045,1.73e-05,0.0,0.4,0.5673887,394.68243
0.00045,1.73e-05,0.0,0.5,0.56932443,393.0816
0.00045,1.73e-05,0.0,0.6,0.56854445,393.49426
0.00045,1.73e-05,0.0,0.7,0.56827366,393.63934
0.00045,1.73e-05,0.0,0.8,0.5681543,393.70364
0.00045,1.73e-05,0.0,0.9,0.56809396,393.73608
0.00045,1.73e-05,0.0,1.0,0.56806034,393.75436
0.00045,1.73e-05,1e-05,0.0,0.386531,302.0676
0.00045,1.73e-05,1e-05,0.1,0.59449947,391.4405
0.00045,1.73e-05,1e-05,0.2,0.7741836,390.6324
0.00045,1.73e-05,1e-05,0.3,0.6356399,390.35672
0.00045,1.73e-05,1e-05,0.4,0.5673883,394.68268
0.00045,1.73e-05,1e-05,0.5,0.5693244,393.0816
0.00045,1.73e-05,1e-05,0.6,0.56854445,393.49423
0.00045,1.73e-05,1e-05,0.7,0.56827366,393.63934
0.00045,1.73e-05,1e-05,0.8,0.5681543,393.70364
0.00045,1.73e-05,1e-05,0.9,0.56809396,393.73608
0.00045,1.73e-05,1e-05,1.0,0.56806034,393.75436
0.00046,0.0,1e-05,0.0,0.38654253,302.06918
0.00046,0.0,1e-05,0.1,0.59449965,391.44125
0.00046,0.0,1e-05,0.2,0.7741845,390.63217
0.00046,0.0,1e-05,0.3,0.6356363,390.35657
0.00046,0.0,1e-05,0.4,0.5673886,394.68246
0.00046,0.0,1e-05,0.5,0.56932443,393.0816
0.00046,0.0,1e-05,0.6,0.56854445,393.49423
0.00046,0.0,1e-05,0.7,0.56827366,393.63934
0.00046,0.0,1e-05,0.8,0.56815434,393.70364
0.00046,0.0,1e-05,0.9,0.56809396,393.73608
0.00046,0.0,1e-05,1.0,0.56806034,393.75436
0.00046,0.0,0.0,0.0,0.3865258,302.0668
0.00046,0.0,0.0,0.1,0.5944997,391.44116
0.00046,0.0,0.0,0.2,0.77418345,390.63232
0.00046,0.0,0.0,0.3,0.6356331,390.35654
0.00046,0.0,0.0,0.4,0.56738883,394.68225
0.00046,0.0,0.0,0.5,0.5693245,393.0816
0.00046,0.0,0.0,0.6,0.56854445,393.49423
0.00046,0.0,0.0,0.7,0.5682737,393.63934
0.00046,0.0,0.0,0.8,0.56815434,393.70364
0.00046,0.0,0.0,0.9,0.56809396,393.73608
0.00046,0.0,0.0,1.0,0.56806034,393.75436
0.00042,1e-04,1e-05,0.0,0.38644224,302.05444
0.00042,1e-04,1e-05,0.1,0.59449893,391.43405
0.00042,1e-04,1e-05,0.2,0.77417564,390.63394
0.00042,1e-04,1e-05,0.3,0.63567615,390.35776
0.00042,1e-04,1e-05,0.4,0.56738466,394.68497
0.00042,1e-04,1e-05,0.5,0.56932455,393.08157
0.00042,1e-04,1e-05,0.6,0.56854445,393.4942
0.00042,1e-04,1e-05,0.7,0.56827366,393.6393
0.00042,1e-04,1e-05,0.8,0.56815434,393.70364
0.00042,1e-04,1e-05,0.9,0.5680939,393.73608
0.00042,1e-04,1e-05,1.0,0.56806034,393.75436
0.00043,8.27e-05,0.0,0.0,0.38643697,302.05377
0.00043,8.27e-05,0.0,0.1,0.59449893,391.43475
0.00043,8.27e-05,0.0,0.2,0.774176,390.63388
0.00043,8.27e-05,0.0,0.3,0.63566947,390.3576
0.00043,8.27e-05,0.0,0.4,0.56738555,394.68448
0.00043,8.27e-05,0.0,0.5,0.5693246,393.08157
0.00043,8.27e-05,0.0,0.6,0.56854445,393.49423
0.00043,8.27e-05,0.0,0.7,0.5682738,393.6393
0.00043,8.27e-05,0.0,0.8,0.56815434,393.70364
0.00043,8.27e-05,0.0,0.9,0.5680939,393.73608
0.00043,8.27e-05,0.0,1.0,0.56806034,393.75436
0.00043,8.27e-05,1e-05,0.0,0.38645387,302.0561
0.00043,8.27e-05,1e-05,0.1,0.59449893,391.43484
0.00043,8.27e-05,1e-05,0.2,0.77417684,390.6337
0.00043,8.27e-05,1e-05,0.3,0.6356727,390.3576
0.00043,8.27e-05,1e-05,0.4,0.567385,394.6848
0.00043,8.27e-05,1e-05,0.5,0.56932455,393.08157
0.00043,8.27e-05,1e-05,0.6,0.56854445,393.49423
0.00043,8.27e-05,1e-05,0.7,0.56827366,393.6393
0.00043,8.27e-05,1e-05,0.8,0.56815434,393.70364
0.00043,8.27e-05,1e-05,0.9,0.5680939,393.73608
0.00043,8.27e-05,1e-05,1.0,0.56806034,393.75436
0.00044,1e-04,0.0,0.0,0.38638708,302.04633
0.00044,1e-04,0.0,0.1,0.59449863,391.43054
0.00044,1e-04,0.0,0.2,0.7741714,390.63477
0.00044,1e-04,0.0,0.3,0.63569456,390.35834
0.00044,1e-04,0.0,0.4,0.56738317,394.68607
0.00044,1e-04,0.0,0.5,0.5693248,393.0815
0.00044,1e-04,0.0,0.6,0.5685445,393.4942
0.00044,1e-04,0.0,0.7,0.5682737,393.6393
0.00044,1e-04,0.0,0.8,0.56815434,393.70364
0.00044,1e-04,0.0,0.9,0.56809396,393.73608
0.00044,1e-04,0.0,1.0,0.5680604,393.75436
0.00044,6.69e-05,1e-05,0.0,0.38646254,302.05746
0.00044,6.69e-05,1e-05,0.1,0.5944991,391.4354
0.00044,6.69e-05,1e-05,0.2,0.7741776,390.63358
0.00044,6.69e-05,1e-05,0.3,0.63567024,390.35757
0.00044,6.69e-05,1e-05,0.4,0.5673854,394.68463
0.00044,6.69e-05,1e-05,0.5,0.5693246,393.08157
0.00044,6.69e-05,1e-05,0.6,0.56854445,393.49423
0.00044,6.69e-05,1e-05,0.7,0.5682738,393.6393
0.00044,6.69e-05,1e-05,0.8,0.56815434,393.70364
0.00044,6.69e-05,1e-05,0.9,0.5680939,393.73608
0.00044,6.69e-05,1e-05,1.0,0.56806034,393.75436
0.00044,6.69e-05,0.0,0.0,0.38644573,302.05493
0.00044,6.69e-05,0.0,0.1,0.5944992,391.4352
0.00044,6.69e-05,0.0,0.2,0.77417696,390.6337
0.00044,6.69e-05,0.0,0.3,0.6356672,390.35748
0.00044,6.69e-05,0.0,0.4,0.5673859,394.68436
0.00044,6.69e-05,0.0,0.5,0.5693246,393.08157
0.00044,6.69e-05,0.0,0.6,0.5685444,393.49423
0.00044,6.69e-05,0.0,0.7,0.5682737,393.6393
0.00044,6.69e-05,0.0,0.8,0.5681543,393.70364
0.00044,6.69e-05,0.0,0.9,0.5680939,393.73608
0.00044,6.69e-05,0.0,1.0,0.56806034,393.75436
0.00045,5.1e-05,0.0,0.0,0.38645488,302.05624
0.00045,5.1e-05,0.0,0.1,0.59449905,391.43582
0.00045,5.1e-05,0.0,0.2,0.774178,390.6335
0.00045,5.1e-05,0.0,0.3,0.63566464,390.3574
0.00045,5.1e-05,0.0,0.4,0.56738603,394.68433
0.00045,5.1e-05,0.0,0.5,0.5693246,393.08157
0.00045,5.1e-05,0.0,0.6,0.5685445,393.49423
0.00045,5.1e-05,0.0,0.7,0.5682737,393.6393
0.00045,5.1e-05,0.0,0.8,0.5681543,393.70364
0.00045,5.1e-05,0.0,0.9,0.5680939,393.73608
0.00045,5.1e-05,0.0,1.0,0.56806034,393.75436
0.00045,5.1e-05,1e-05,0.0,0.38647154,302.05878
0.00045,5.1e-05,1e-05,0.1,0.5944991,391.4359
0.00045,5.1e-05,1e-05,0.2,0.7741788,390.63333
0.00045,5.1e-05,1e-05,0.3,0.63566804,390.35745
0.00045,5.1e-05,1e-05,0.4,0.5673855,394.6845
0.00045,5.1e-05,1e-05,0.5,0.5693246,393.08157
0.00045,5.1e-05,1e-05,0.6,0.5685445,393.49423
0.00045,5.1e-05,1e-05,0.7,0.5682737,393.6393
0.00045,5.1e-05,1e-05,0.8,0.5681543,393.70364
0.00045,5.1e-05,1e-05,0.9,0.5680939,393.73608
0.00045,5.1e-05,1e-05,1.0,0.56806034,393.75436
0.00046,3.46e-05,1e-05,0.0,0.3864813,302.0602
0.00046,3.46e-05,1e-05,0.1,0.5944993,391.4365
0.00046,3.46e-05,1e-05,0.2,0.77417976,390.63318
0.00046,3.46e-05,1e-05,0.3,0.63566536,390.35736
0.00046,3.46e-05,1e-05,0.4,0.5673859,394.68442
0.00046,3.46e-05,1e-05,0.5,0.5693246,393.08157
0.00046,3.46e-05,1e-05,0.6,0.5685445,393.49423
0.00046,3.46e-05,1e-05,0.7,0.5682737,393.6393
0.00046,3.46e-05,1e-05,0.8,0.5681543,393.70364
0.00046,3.46e-05,1e-05,0.9,0.5680939,393.73608
0.00046,3.46e-05,1e-05,1.0,0.56806034,393.75436
0.00046,3.46e-05,0.0,0.0,0.38646445,302.0578
0.00046,3.46e-05,0.0,0.1,0.5944992,391.4364
0.00046,3.46e-05,0.0,0.2,0.774179,390.63333
0.00046,3.46e-05,0.0,0.3,0.63566196,390.35727
0.00046,3.46e-05,0.0,0.4,0.5673861,394.68417
0.00046,3.46e-05,0.0,0.5,0.5693245,393.08157
0.00046,3.46e-05,0.0,0.6,0.56854445,393.49423
0.00046,3.46e-05,0.0,0.7,0.5682737,393.6393
0.00046,3.46e-05,0.0,0.8,0.5681543,393.70364
0.00046,3.46e-05,0.0,0.9,0.5680939,393.73608
0.00046,3.46e-05,0.0,1.0,0.56806034,393.75436
0.00047,1.73e-05,0.0,0.0,0.38647595,302.0594
0.00047,1.73e-05,0.0,0.1,0.59449923,391.43713
0.00047,1.73e-05,0.0,0.2,0.77417994,390.63303
0.00047,1.73e-05,0.0,0.3,0.6356583,390.3572
0.00047,1.73e-05,0.0,0.4,0.56738645,394.6839
0.00047,1.73e-05,0.0,0.5,0.56932455,393.08157
0.00047,1.73e-05,0.0,0.6,0.56854445,393.49423
0.00047,1.73e-05,0.0,0.7,0.5682737,393.63937
0.00047,1.73e-05,0.0,0.8,0.5681543,393.70364
0.00047,1.73e-05,0.0,0.9,0.5680939,393.73608
0.00047,1.73e-05,0.0,1.0,0.56806034,393.75436
0.00047,1.73e-05,1e-05,0.0,0.38649267,302.06186
0.00047,1.73e-05,1e-05,0.1,0.59449923,391.43726
0.00047,1.73e-05,1e-05,0.2,0.77418095,390.63293
0.00047,1.73e-05,1e-05,0.3,0.63566196,390.3572
0.00047,1.73e-05,1e-05,0.4,0.5673859,394.6842
0.00047,1.73e-05,1e-05,0.5,0.56932455,393.08157
0.00047,1.73e-05,1e-05,0.6,0.56854445,393.49423
0.00047,1.73e-05,1e-05,0.7,0.5682737,393.6393
0.00047,1.73e-05,1e-05,0.8,0.5681543,393.70364
0.00047,1.73e-05,1e-05,0.9,0.5680939,393.73608
0.00047,1.73e-05,1e-05,1.0,0.56806034,393.75436
0.00048,0.0,1e-05,0.0,0.3865042,302.06357
0.00048,0.0,1e-05,0.1,0.5944993,391.438
0.00048,0.0,1e-05,0.2,0.77418196,390.63275
0.00048,0.0,1e-05,0.3,0.63565814,390.35706
0.00048,0.0,1e-05,0.4,0.56738627,394.68405
0.00048,0.0,1e-05,0.5,0.5693246,393.08157
0.00048,0.0,1e-05,0.6,0.5685444,393.49423
0.00048,0.0,1e-05,0.7,0.5682737,393.63937
0.00048,0.0,1e-05,0.8,0.5681543,393.70364
0.00048,0.0,1e-05,0.9,0.5680939,393.73608
0.00048,0.0,1e-05,1.0,0.56806034,393.75436
0.00048,0.0,0.0,0.0,0.38648736,302.06107
0.00048,0.0,0.0,0.1,0.59449923,391.4379
0.00048,0.0,0.0,0.2,0.7741808,390.63287
0.00048,0.0,0.0,0.3,0.63565505,390.35706
0.00048,0.0,0.0,0.4,0.56738687,394.68372
0.00048,0.0,0.0,0.5,0.5693245,393.08157
0.00048,0.0,0.0,0.6,0.5685444,393.49423
0.00048,0.0,0.0,0.7,0.5682737,393.63937
0.00048,0.0,0.0,0.8,0.5681543,393.70364
0.00048,0.0,0.0,0.9,0.5680939,393.73608
0.00048,0.0,0.0,1.0,0.56806034,393.75436
0.00044,1e-04,1e-05,0.0,0.38640383,302.04883
0.00044,1e-04,1e-05,0.1,0.5944985,391.43066
0.00044,1e-04,1e-05,0.2,0.7741724,390.6346
0.00044,1e-04,1e-05,0.3,0.6356978,390.35846
0.00044,1e-04,1e-05,0.4,0.5673825,394.68625
0.00044,1e-04,1e-05,0.5,0.5693248,393.0815
0.00044,1e-04,1e-05,0.6,0.56854445,393.4942
0.00044,1e-04,1e-05,0.7,0.5682737,393.6393
0.00044,1e-04,1e-05,0.8,0.56815434,393.70364
0.00044,1e-04,1e-05,0.9,0.56809396,393.73608
0.00044,1e-04,1e-05,1.0,0.5680604,393.75436
0.00045,8.27e-05,0.0,0.0,0.3863986,302.048
0.00045,8.27e-05,0.0,0.1,0.5944986,391.4313
0.00045,8.27e-05,0.0,0.2,0.7741727,390.6345
0.00045,8.27e-05,0.0,0.3,0.63569105,390.35825
0.00045,8.27e-05,0.0,0.4,0.5673836,394.68594
0.00045,8.27e-05,0.0,0.5,0.56932473,393.0815
0.00045,8.27e-05,0.0,0.6,0.5685444,393.4942
0.00045,8.27e-05,0.0,0.7,0.5682737,393.6393
0.00045,8.27e-05,0.0,0.8,0.56815434,393.70364
0.00045,8.27e-05,0.0,0.9,0.56809396,393.73608
0.00045,8.27e-05,0.0,1.0,0.56806034,393.75436
0.00045,8.27e-05,1e-05,0.0,0.38641533,302.05038
0.00045,8.27e-05,1e-05,0.1,0.5944986,391.4314
0.00045,8.27e-05,1e-05,0.2,0.7741736,390.63434
0.00045,8.27e-05,1e-05,0.3,0.6356942,390.35828
0.00045,8.27e-05,1e-05,0.4,0.5673828,394.68616
0.00045,8.27e-05,1e-05,0.5,0.56932473,393.0815
0.00045,8.27e-05,1e-05,0.6,0.5685444,393.49423
0.00045,8.27e-05,1e-05,0.7,0.5682737,393.6393
0.00045,8.27e-05,1e-05,0.8,0.56815434,393.70364
0.00045,8.27e-05,1e-05,0.9,0.56809396,393.73608
0.00045,8.27e-05,1e-05,1.0,0.56806034,393.75436
0.00046,1e-04,0.0,0.0,0.38634875,302.0407
0.00046,1e-04,0.0,0.1,0.5944982,391.42715
0.00046,1e-04,0.0,0.2,0.77416724,390.63562
0.00046,1e-04,0.0,0.3,0.63571584,390.35913
0.00046,1e-04,0.0,0.4,0.5673807,394.68753
0.00046,1e-04,0.0,0.5,0.5693248,393.08148
0.00046,1e-04,0.0,0.6,0.5685446,393.4942
0.00046,1e-04,0.0,0.7,0.5682737,393.6393
0.00046,1e-04,0.0,0.8,0.5681543,393.70364
0.00046,1e-04,0.0,0.9,0.5680939,393.73608
0.00046,1e-04,0.0,1.0,0.56806034,393.75436
0.00046,6.69e-05,1e-05,0.0,0.38642398,302.05185
0.00046,6.69e-05,1e-05,0.1,0.59449875,391.43195
0.00046,6.69e-05,1e-05,0.2,0.7741744,390.63422
0.00046,6.69e-05,1e-05,0.3,0.63569206,390.3582
0.00046,6.69e-05,1e-05,0.4,0.5673831,394.68607
0.00046,6.69e-05,1e-05,0.5,0.56932473,393.0815
0.00046,6.69e-05,1e-05,0.6,0.5685445,393.4942
0.00046,6.69e-05,1e-05,0.7,0.5682737,393.6393
0.00046,6.69e-05,1e-05,0.8,0.56815434,393.70364
0.00046,6.69e-05,1e-05,0.9,0.56809396,393.73608
0.00046,6.69e-05,1e-05,1.0,0.56806034,393.75436
0.00046,6.69e-05,0.0,0.0,0.38640735,302.04932
0.00046,6.69e-05,0.0,0.1,0.5944987,391.43185
0.00046,6.69e-05,0.0,0.2,0.7741737,390.6343
0.00046,6.69e-05,0.0,0.3,0.63568884,390.35815
0.00046,6.69e-05,0.0,0.4,0.5673834,394.68582
0.00046,6.69e-05,0.0,0.5,0.56932473,393.0815
0.00046,6.69e-05,0.0,0.6,0.5685445,393.4942
0.00046,6.69e-05,0.0,0.7,0.5682737,393.6393
0.00046,6.69e-05,0.0,0.8,0.56815434,393.70364
0.00046,6.69e-05,0.0,0.9,0.56809396,393.73608
0.00046,6.69e-05,0.0,1.0,0.56806034,393.75436
0.00047,5.1e-05,0.0,0.0,0.3864163,302.0506
0.00047,5.1e-05,0.0,0.1,0.59449875,391.43234
0.00047,5.1e-05,0.0,0.2,0.7741744,390.63416
0.00047,5.1e-05,0.0,0.3,0.6356865,390.35803
0.00047,5.1e-05,0.0,0.4,0.5673835,394.68567
0.00047,5.1e-05,0.0,0.5,0.56932473,393.0815
0.00047,5.1e-05,0.0,0.6,0.5685445,393.4942
0.00047,5.1e-05,0.0,0.7,0.5682737,393.6393
0.00047,5.1e-05,0.0,0.8,0.56815434,393.70364
0.00047,5.1e-05,0.0,0.9,0.5680939,393.73608
0.00047,5.1e-05,0.0,1.0,0.56806034,393.75436
0.00047,5.1e-05,1e-05,0.0,0.38643312,302.0531
0.00047,5.1e-05,1e-05,0.1,0.5944987,391.43246
0.00047,5.1e-05,1e-05,0.2,0.7741752,390.63403
0.00047,5.1e-05,1e-05,0.3,0.63568974,390.3581
0.00047,5.1e-05,1e-05,0.4,0.5673833,394.68597
0.00047,5.1e-05,1e-05,0.5,0.56932473,393.0815
0.00047,5.1e-05,1e-05,0.6,0.56854445,393.4942
0.00047,5.1e-05,1e-05,0.7,0.5682737,393.6393
0.00047,5.1e-05,1e-05,0.8,0.56815434,393.70364
0.00047,5.1e-05,1e-05,0.9,0.56809396,393.73608
0.00047,5.1e-05,1e-05,1.0,0.56806034,393.75436
0.000475,4.28e-05,5e-06,0.0,0.38642955,302.05258
0.000475,4.28e-05,5e-06,0.1,0.5944987,391.4327
0.000475,4.28e-05,5e-06,0.2,0.7741754,390.63397
0.000475,4.28e-05,5e-06,0.3,0.63568693,390.35797
0.000475,4.28e-05,5e-06,0.4,0.5673834,394.68573
0.000475,4.28e-05,5e-06,0.5,0.56932473,393.0815
0.000475,4.28e-05,5e-06,0.6,0.5685445,393.4942
0.000475,4.28e-05,5e-06,0.7,0.5682737,393.6393
0.000475,4.28e-05,5e-06,0.8,0.56815434,393.70364
0.000475,4.28e-05,5e-06,0.9,0.5680939,393.73608
0.000475,4.28e-05,5e-06,1.0,0.56806034,393.75436
0.00048,3.46e-05,0.0,0.0,0.38642618,302.0521
0.00048,3.46e-05,0.0,0.1,0.5944987,391.43307
0.00048,3.46e-05,0.0,0.2,0.7741755,390.63394
0.00048,3.46e-05,0.0,0.3,0.6356839,390.35788
0.00048,3.46e-05,0.0,0.4,0.5673839,394.68552
0.00048,3.46e-05,0.0,0.5,0.5693247,393.08154
0.00048,3.46e-05,0.0,0.6,0.56854445,393.4942
0.00048,3.46e-05,0.0,0.7,0.5682737,393.6393
0.00048,3.46e-05,0.0,0.8,0.56815434,393.70364
0.00048,3.46e-05,0.0,0.9,0.5680939,393.73608
0.00048,3.46e-05,0.0,1.0,0.56806034,393.75436
0.00048,3.46e-05,1e-05,0.0,0.38644293,302.0545
0.00048,3.46e-05,1e-05,0.1,0.59449875,391.4332
0.00048,3.46e-05,1e-05,0.2,0.7741766,390.6338
0.00048,3.46e-05,1e-05,0.3,0.63568705,390.35797
0.00048,3.46e-05,1e-05,0.4,0.5673833,394.68585
0.00048,3.46e-05,1e-05,0.5,0.56932473,393.0815
0.00048,3.46e-05,1e-05,0.6,0.5685445,393.4942
0.00048,3.46e-05,1e-05,0.7,0.5682737,393.6393
0.00048,3.46e-05,1e-05,0.8,0.56815434,393.70364
0.00048,3.46e-05,1e-05,0.9,0.5680939,393.73608
0.00048,3.46e-05,1e-05,1.0,0.56806034,393.75436
0.00049,1.73e-05,0.0,0.0,0.38643774,302.05383
0.00049,1.73e-05,0.0,0.1,0.5944989,391.4338
0.00049,1.73e-05,0.0,0.2,0.77417684,390.63376
0.00049,1.73e-05,0.0,0.3,0.6356803,390.3577
0.00049,1.73e-05,0.0,0.4,0.5673841,394.6853
0.00049,1.73e-05,0.0,0.5,0.5693246,393.08157
0.00049,1.73e-05,0.0,0.6,0.5685444,393.4942
0.00049,1.73e-05,0.0,0.7,0.5682738,393.6393
0.00049,1.73e-05,0.0,0.8,0.56815434,393.70364
0.00049,1.73e-05,0.0,0.9,0.5680939,393.73608
0.00049,1.73e-05,0.0,1.0,0.56806034,393.75436
0.00049,1.73e-05,1e-05,0.0,0.38645446,302.05615
0.00049,1.73e-05,1e-05,0.1,0.59449893,391.43387
0.00049,1.73e-05,1e-05,0.2,0.77417785,390.6336
0.00049,1.73e-05,1e-05,0.3,0.63568336,390.35776
0.00049,1.73e-05,1e-05,0.4,0.5673836,394.68558
0.00049,1.73e-05,1e-05,0.5,0.56932473,393.08157
0.00049,1.73e-05,1e-05,0.6,0.56854445,393.4942
0.00049,1.73e-05,1e-05,0.7,0.5682737,393.6393
0.00049,1.73e-05,1e-05,0.8,0.56815434,393.70364
0.00049,1.73e-05,1e-05,0.9,0.5680939,393.73608
0.00049,1.73e-05,1e-05,1.0,0.56806034,393.75436
0.0005,0.0,1e-05,0.0,0.38646582,302.05798
0.0005,0.0,1e-05,0.1,0.59449893,391.43466
0.0005,0.0,1e-05,0.2,0.77417886,390.6334
0.0005,0.0,1e-05,0.3,0.63568,390.35764
0.0005,0.0,1e-05,0.4,0.5673841,394.68542
0.0005,0.0,1e-05,0.5,0.5693246,393.08157
0.0005,0.0,1e-05,0.6,0.5685444,393.4942
0.0005,0.0,1e-05,0.7,0.5682738,393.6393
0.0005,0.0,1e-05,0.8,0.56815434,393.70364
0.0005,0.0,1e-05,0.9,0.5680939,393.73608
0.0005,0.0,1e-05,1.0,0.56806034,393.75436
0.0005,0.0,0.0,0.0,0.38644898,302.05542
0.0005,0.0,0.0,0.1,0.59449893,391.43457
0.0005,0.0,0.0,0.2,0.77417797,390.63354
0.0005,0.0,0.0,0.3,0.63567656,390.3577
0.0005,0.0,0.0,0.4,0.56738454,394.68515
0.0005,0.0,0.0,0.5,0.56932455,393.08157
0.0005,0.0,0.0,0.6,0.5685444,393.49423
0.0005,0.0,0.0,0.7,0.5682738,393.6393
0.0005,0.0,0.0,0.8,0.56815434,393.70364
0.0005,0.0,0.0,0.9,0.5680939,393.73608
0.0005,0.0,0.0,1.0,0.56806034,393.75436
0.00046,1e-04,1e-05,0.0,0.38636544,302.04318
0.00046,1e-04,1e-05,0.1,0.5944983,391.4273
0.00046,1e-04,1e-05,0.2,0.7741683,390.6355
0.00046,1e-04,1e-05,0.3,0.6357193,390.35913
0.00046,1e-04,1e-05,0.4,0.56738013,394.68777
0.00046,1e-04,1e-05,0.5,0.56932473,393.08145
0.00046,1e-04,1e-05,0.6,0.56854457,393.4942
0.00046,1e-04,1e-05,0.7,0.5682737,393.6393
0.00046,1e-04,1e-05,0.8,0.5681543,393.70364
0.00046,1e-04,1e-05,0.9,0.56809384,393.73608
0.00046,1e-04,1e-05,1.0,0.56806034,393.75436
0.00047,8.27e-05,0.0,0.0,0.38636026,302.04245
0.00047,8.27e-05,0.0,0.1,0.59449834,391.42792
0.00047,8.27e-05,0.0,0.2,0.7741691,390.63535
0.00047,8.27e-05,0.0,0.3,0.6357125,390.35898
0.00047,8.27e-05,0.0,0.4,0.5673811,394.68744
0.00047,8.27e-05,0.0,0.5,0.5693247,393.0815
0.00047,8.27e-05,0.0,0.6,0.5685445,393.4942
0.00047,8.27e-05,0.0,0.7,0.5682737,393.6393
0.00047,8.27e-05,0.0,0.8,0.5681543,393.70364
0.00047,8.27e-05,0.0,0.9,0.5680939,393.73608
0.00047,8.27e-05,0.0,1.0,0.5680604,393.75436
0.00047,8.27e-05,1e-05,0.0,0.3863769,302.04477
0.00047,8.27e-05,1e-05,0.1,0.59449834,391.428
0.00047,8.27e-05,1e-05,0.2,0.7741698,390.63528
0.00047,8.27e-05,1e-05,0.3,0.6357158,390.35898
0.00047,8.27e-05,1e-05,0.4,0.5673805,394.68762
0.00047,8.27e-05,1e-05,0.5,0.56932473,393.0815
0.00047,8.27e-05,1e-05,0.6,0.5685445,393.4942
0.00047,8.27e-05,1e-05,0.7,0.5682737,393.6393
0.00047,8.27e-05,1e-05,0.8,0.5681543,393.70364
0.00047,8.27e-05,1e-05,0.9,0.5680939,393.73608
0.00047,8.27e-05,1e-05,1.0,0.56806034,393.75436
0.00048,1e-04,0.0,0.0,0.38631022,302.03506
0.00048,1e-04,0.0,0.1,0.5944978,391.42386
0.00048,1e-04,0.0,0.2,0.7741632,390.63657
0.00048,1e-04,0.0,0.3,0.63573724,390.3598
0.00048,1e-04,0.0,0.4,0.56737846,394.68896
0.00048,1e-04,0.0,0.5,0.56932473,393.08145
0.00048,1e-04,0.0,0.6,0.56854445,393.4942
0.00048,1e-04,0.0,0.7,0.5682738,393.6393
0.00048,1e-04,0.0,0.8,0.5681543,393.7036
0.00048,1e-04,0.0,0.9,0.56809384,393.73608
0.00048,1e-04,0.0,1.0,0.56806034,393.75436
0.00048,6.69e-05,1e-05,0.0,0.3863856,302.04617
0.00048,6.69e-05,1e-05,0.1,0.5944984,391.42856
0.00048,6.69e-05,1e-05,0.2,0.77417076,390.63495
0.00048,6.69e-05,1e-05,0.3,0.6357135,390.35883
0.00048,6.69e-05,1e-05,0.4,0.5673808,394.68753
0.00048,6.69e-05,1e-05,0.5,0.56932485,393.0815
0.00048,6.69e-05,1e-05,0.6,0.5685445,393.4942
0.00048,6.69e-05,1e-05,0.7,0.5682737,393.6393
0.00048,6.69e-05,1e-05,0.8,0.5681543,393.70364
0.00048,6.69e-05,1e-05,0.9,0.5680939,393.73608
0.00048,6.69e-05,1e-05,1.0,0.5680604,393.75436
0.00048,6.69e-05,0.0,0.0,0.38636896,302.04367
0.00048,6.69e-05,0.0,0.1,0.5944983,391.42844
0.00048,6.69e-05,0.0,0.2,0.77416986,390.63516
0.00048,6.69e-05,0.0,0.3,0.63571,390.35883
0.00048,6.69e-05,0.0,0.4,0.56738126,394.6873
0.00048,6.69e-05,0.0,0.5,0.56932485,393.0815
0.00048,6.69e-05,0.0,0.6,0.5685445,393.4942
0.00048,6.69e-05,0.0,0.7,0.5682737,393.6393
0.00048,6.69e-05,0.0,0.8,0.5681543,393.70364
0.00048,6.69e-05,0.0,0.9,0.5680939,393.73608
0.00048,6.69e-05,0.0,1.0,0.5680604,393.75436
0.00049,5.1e-05,1e-05,0.0,0.38639462,302.0474
0.00049,5.1e-05,1e-05,0.1,0.5944984,391.42914
0.00049,5.1e-05,1e-05,0.2,0.7741716,390.63474
0.00049,5.1e-05,1e-05,0.3,0.635711,390.35873
0.00049,5.1e-05,1e-05,0.4,0.56738114,394.68747
0.00049,5.1e-05,1e-05,0.5,0.56932485,393.0815
0.00049,5.1e-05,1e-05,0.6,0.56854445,393.4942
0.00049,5.1e-05,1e-05,0.7,0.5682737,393.6393
0.00049,5.1e-05,1e-05,0.8,0.56815434,393.70364
0.00049,5.1e-05,1e-05,0.9,0.5680939,393.73608
0.00049,5.1e-05,1e-05,1.0,0.5680604,393.75436
0.00049,5.1e-05,0.0,0.0,0.386378,302.04495
0.00049,5.1e-05,0.0,0.1,0.59449834,391.42902
0.00049,5.1e-05,0.0,0.2,0.774171,390.6349
0.00049,5.1e-05,0.0,0.3,0.63570803,390.3586
0.00049,5.1e-05,0.0,0.4,0.5673814,394.68707
0.00049,5.1e-05,0.0,0.5,0.5693248,393.0815
0.00049,5.1e-05,0.0,0.6,0.5685444,393.4942
0.00049,5.1e-05,0.0,0.7,0.5682737,393.6393
0.00049,5.1e-05,0.0,0.8,0.56815434,393.70364
0.00049,5.1e-05,0.0,0.9,0.56809396,393.73608
0.00049,5.1e-05,0.0,1.0,0.5680604,393.75436
0.0005,3.46e-05,0.0,0.0,0.38638785,302.04645
0.0005,3.46e-05,0.0,0.1,0.5944985,391.42963
0.0005,3.46e-05,0.0,0.2,0.7741721,390.63464
0.0005,3.46e-05,0.0,0.3,0.6357051,390.35852
0.0005,3.46e-05,0.0,0.4,0.56738174,394.68692
0.0005,3.46e-05,0.0,0.5,0.5693248,393.0815
0.0005,3.46e-05,0.0,0.6,0.5685444,393.4942
0.0005,3.46e-05,0.0,0.7,0.5682737,393.6393
0.0005,3.46e-05,0.0,0.8,0.56815434,393.70364
0.0005,3.46e-05,0.0,0.9,0.56809396,393.73608
0.0005,3.46e-05,0.0,1.0,0.5680604,393.75436
0.0005,3.46e-05,1e-05,0.0,0.3864045,302.0489
0.0005,3.46e-05,1e-05,0.1,0.5944984,391.42975
0.0005,3.46e-05,1e-05,0.2,0.7741728,390.6345
0.0005,3.46e-05,1e-05,0.3,0.6357084,390.35852
0.0005,3.46e-05,1e-05,0.4,0.5673813,394.6873
0.0005,3.46e-05,1e-05,0.5,0.5693248,393.0815
0.0005,3.46e-05,1e-05,0.6,0.56854445,393.4942
0.0005,3.46e-05,1e-05,0.7,0.5682737,393.6393
0.0005,3.46e-05,1e-05,0.8,0.56815434,393.70364
0.0005,3.46e-05,1e-05,0.9,0.56809396,393.73608
0.0005,3.46e-05,1e-05,1.0,0.5680604,393.75436
0.00051,1.73e-05,0.0,0.0,0.38639912,302.0481
0.00051,1.73e-05,0.0,0.1,0.59449863,391.4304
0.00051,1.73e-05,0.0,0.2,0.77417326,390.6344
0.00051,1.73e-05,0.0,0.3,0.6357017,390.35846
0.00051,1.73e-05,0.0,0.4,0.5673818,394.68683
0.00051,1.73e-05,0.0,0.5,0.56932473,393.0815
0.00051,1.73e-05,0.0,0.6,0.5685444,393.4942
0.00051,1.73e-05,0.0,0.7,0.5682738,393.6393
0.00051,1.73e-05,0.0,0.8,0.56815434,393.70364
0.00051,1.73e-05,0.0,0.9,0.56809396,393.73608
0.00051,1.73e-05,0.0,1.0,0.5680604,393.75436
0.00051,1.73e-05,1e-05,0.0,0.38641605,302.0505
0.00051,1.73e-05,1e-05,0.1,0.5944987,391.43048
0.00051,1.73e-05,1e-05,0.2,0.7741741,390.63416
0.00051,1.73e-05,1e-05,0.3,0.63570493,390.35843
0.00051,1.73e-05,1e-05,0.4,0.56738156,394.68698
0.00051,1.73e-05,1e-05,0.5,0.56932473,393.0815
0.00051,1.73e-05,1e-05,0.6,0.56854445,393.4942
0.00051,1.73e-05,1e-05,0.7,0.5682737,393.6393
0.00051,1.73e-05,1e-05,0.8,0.56815434,393.70364
0.00051,1.73e-05,1e-05,0.9,0.56809396,393.73608
0.00051,1.73e-05,1e-05,1.0,0.5680604,393.75436
0.00052,0.0,1e-05,0.0,0.38642746,302.05228
0.00052,0.0,1e-05,0.1,0.59449863,391.4312
0.00052,0.0,1e-05,0.2,0.7741753,390.6339
0.00052,0.0,1e-05,0.3,0.6357014,390.35837
0.00052,0.0,1e-05,0.4,0.5673818,394.6869
0.00052,0.0,1e-05,0.5,0.5693247,393.0815
0.00052,0.0,1e-05,0.6,0.56854445,393.4942
0.00052,0.0,1e-05,0.7,0.5682738,393.6393
0.00052,0.0,1e-05,0.8,0.56815434,393.70364
0.00052,0.0,1e-05,0.9,0.56809396,393.73608
0.00052,0.0,1e-05,1.0,0.5680604,393.75436
0.00052,0.0,0.0,0.0,0.38641077,302.04987
0.00052,0.0,0.0,0.1,0.59449863,391.4311
0.00052,0.0,0.0,0.2,0.7741744,390.63403
0.00052,0.0,0.0,0.3,0.63569826,390.3583
0.00052,0.0,0.0,0.4,0.56738234,394.6865
0.00052,0.0,0.0,0.5,0.56932473,393.0815
0.00052,0.0,0.0,0.6,0.56854445,393.4942
0.00052,0.0,0.0,0.7,0.5682738,393.6393
0.00052,0.0,0.0,0.8,0.56815434,393.70364
0.00052,0.0,0.0,0.9,0.56809396,393.73608
0.00052,0.0,0.0,1.0,0.5680604,393.75436
0.00048,1e-04,1e-05,0.0,0.386327,302.03748
0.00048,1e-04,1e-05,0.1,0.59449786,391.42395
0.00048,1e-04,1e-05,0.2,0.7741638,390.63638
0.00048,1e-04,1e-05,0.3,0.6357406,390.35986
0.00048,1e-04,1e-05,0.4,0.56737804,394.6892
0.00048,1e-04,1e-05,0.5,0.5693248,393.08145
0.00048,1e-04,1e-05,0.6,0.56854445,393.4942
0.00048,1e-04,1e-05,0.7,0.5682738,393.6393
0.00048,1e-04,1e-05,0.8,0.5681543,393.7036
0.00048,1e-04,1e-05,0.9,0.56809384,393.73608
0.00048,1e-04,1e-05,1.0,0.56806034,393.75436
0.00049,8.27e-05,0.0,0.0,0.3863218,302.03674
0.00049,8.27e-05,0.0,0.1,0.59449786,391.42462
0.00049,8.27e-05,0.0,0.2,0.7741647,390.6362
0.00049,8.27e-05,0.0,0.3,0.635734,390.35965
0.00049,8.27e-05,0.0,0.4,0.5673788,394.68884
0.00049,8.27e-05,0.0,0.5,0.5693248,393.08145
0.00049,8.27e-05,0.0,0.6,0.5685445,393.4942
0.00049,8.27e-05,0.0,0.7,0.5682738,393.6393
0.00049,8.27e-05,0.0,0.8,0.5681543,393.7036
0.00049,8.27e-05,0.0,0.9,0.56809384,393.73608
0.00049,8.27e-05,0.0,1.0,0.56806034,393.75436
0.00049,8.27e-05,1e-05,0.0,0.38633847,302.03912
0.00049,8.27e-05,1e-05,0.1,0.59449786,391.4247
0.00049,8.27e-05,1e-05,0.2,0.7741656,390.63605
0.00049,8.27e-05,1e-05,0.3,0.635737,390.35974
0.00049,8.27e-05,1e-05,0.4,0.5673784,394.68906
0.00049,8.27e-05,1e-05,0.5,0.56932473,393.08145
0.00049,8.27e-05,1e-05,0.6,0.56854445,393.4942
0.00049,8.27e-05,1e-05,0.7,0.5682738,393.6393
0.00049,8.27e-05,1e-05,0.8,0.5681543,393.7036
0.00049,8.27e-05,1e-05,0.9,0.56809384,393.73608
0.00049,8.27e-05,1e-05,1.0,0.56806034,393.75436
0.0005,1e-04,0.0,0.0,0.38627172,302.0294
0.0005,1e-04,0.0,0.1,0.59449744,391.42056
0.0005,1e-04,0.0,0.2,0.77415824,390.63736
0.0005,1e-04,0.0,0.3,0.63575864,390.36066
0.0005,1e-04,0.0,0.4,0.5673762,394.6904
0.0005,1e-04,0.0,0.5,0.56932473,393.08145
0.0005,1e-04,0.0,0.6,0.5685445,393.49417
0.0005,1e-04,0.0,0.7,0.56827384,393.63928
0.0005,1e-04,0.0,0.8,0.5681543,393.7036
0.0005,1e-04,0.0,0.9,0.56809384,393.73608
0.0005,1e-04,0.0,1.0,0.56806034,393.75436
0.0005,6.69e-05,1e-05,0.0,0.3863472,302.04044
0.0005,6.69e-05,1e-05,0.1,0.5944979,391.4252
0.0005,6.69e-05,1e-05,0.2,0.7741662,390.63586
0.0005,6.69e-05,1e-05,0.3,0.63573474,390.3596
0.0005,6.69e-05,1e-05,0.4,0.5673786,394.68896
0.0005,6.69e-05,1e-05,0.5,0.5693248,393.08145
0.0005,6.69e-05,1e-05,0.6,0.5685445,393.4942
0.0005,6.69e-05,1e-05,0.7,0.5682738,393.6393
0.0005,6.69e-05,1e-05,0.8,0.5681543,393.70364
0.0005,6.69e-05,1e-05,0.9,0.56809384,393.73608
0.0005,6.69e-05,1e-05,1.0,0.56806034,393.75436
0.0005,6.69e-05,0.0,0.0,0.38633057,302.03806
0.0005,6.69e-05,0.0,0.1,0.5944979,391.42514
0.0005,6.69e-05,0.0,0.2,0.7741654,390.63602
0.0005,6.69e-05,0.0,0.3,0.6357318,390.3595
0.0005,6.69e-05,0.0,0.4,0.56737894,394.68872
0.0005,6.69e-05,0.0,0.5,0.56932485,393.08148
0.0005,6.69e-05,0.0,0.6,0.5685445,393.4942
0.0005,6.69e-05,0.0,0.7,0.5682737,393.6393
0.0005,6.69e-05,0.0,0.8,0.5681543,393.70364
0.0005,6.69e-05,0.0,0.9,0.56809384,393.73608
0.0005,6.69e-05,0.0,1.0,0.56806034,393.75436
0.00051,5.1e-05,1e-05,0.0,0.38635626,302.04175
0.00051,5.1e-05,1e-05,0.1,0.59449804,391.42578
0.00051,5.1e-05,1e-05,0.2,0.7741675,390.63568
0.00051,5.1e-05,1e-05,0.3,0.63573253,390.35947
0.00051,5.1e-05,1e-05,0.4,0.5673787,394.68887
0.00051,5.1e-05,1e-05,0.5,0.56932485,393.08148
0.00051,5.1e-05,1e-05,0.6,0.5685445,393.4942
0.00051,5.1e-05,1e-05,0.7,0.5682737,393.6393
0.00051,5.1e-05,1e-05,0.8,0.5681543,393.70364
0.00051,5.1e-05,1e-05,0.9,0.56809384,393.73608
0.00051,5.1e-05,1e-05,1.0,0.56806034,393.75436
0.00051,5.1e-05,0.0,0.0,0.38633963,302.0393
0.00051,5.1e-05,0.0,0.1,0.594498,391.42566
0.00051,5.1e-05,0.0,0.2,0.7741665,390.63577
0.00051,5.1e-05,0.0,0.3,0.6357293,390.3594
0.00051,5.1e-05,0.0,0.4,0.5673791,394.6886
0.00051,5.1e-05,0.0,0.5,0.56932485,393.08148
0.00051,5.1e-05,0.0,0.6,0.5685445,393.4942
0.00051,5.1e-05,0.0,0.7,0.5682737,393.6393
0.00051,5.1e-05,0.0,0.8,0.5681543,393.70364
0.00051,5.1e-05,0.0,0.9,0.56809384,393.73608
0.00051,5.1e-05,0.0,1.0,0.56806034,393.75436
0.00052,3.46e-05,0.0,0.0,0.3863493,302.04077
0.00052,3.46e-05,0.0,0.1,0.59449804,391.42627
0.00052,3.46e-05,0.0,0.2,0.7741678,390.63556
0.00052,3.46e-05,0.0,0.3,0.6357268,390.35925
0.00052,3.46e-05,0.0,0.4,0.5673793,394.6885
0.00052,3.46e-05,0.0,0.5,0.56932485,393.08148
0.00052,3.46e-05,0.0,0.6,0.5685445,393.4942
0.00052,3.46e-05,0.0,0.7,0.5682737,393.6393
0.00052,3.46e-05,0.0,0.8,0.5681543,393.70364
0.00052,3.46e-05,0.0,0.9,0.56809384,393.73608
0.00052,3.46e-05,0.0,1.0,0.56806034,393.75436
0.00052,3.46e-05,1e-05,0.0,0.3863661,302.04324
0.00052,3.46e-05,1e-05,0.1,0.59449816,391.42636
0.00052,3.46e-05,1e-05,0.2,0.7741686,390.63544
0.00052,3.46e-05,1e-05,0.3,0.6357299,390.35938
0.00052,3.46e-05,1e-05,0.4,0.567379,394.68872
0.00052,3.46e-05,1e-05,0.5,0.56932485,393.08148
0.00052,3.46e-05,1e-05,0.6,0.5685445,393.4942
0.00052,3.46e-05,1e-05,0.7,0.5682737,393.6393
0.00052,3.46e-05,1e-05,0.8,0.5681543,393.70364
0.00052,3.46e-05,1e-05,0.9,0.56809384,393.73608
0.00052,3.46e-05,1e-05,1.0,0.56806034,393.75436
0.00053,1.73e-05,0.0,0.0,0.3863608,302.0425
0.00053,1.73e-05,0.0,0.1,0.5944983,391.42697
0.00053,1.73e-05,0.0,0.2,0.77416915,390.63528
0.00053,1.73e-05,0.0,0.3,0.6357231,390.35916
0.00053,1.73e-05,0.0,0.4,0.56737965,394.6881
0.00053,1.73e-05,0.0,0.5,0.5693248,393.08145
0.00053,1.73e-05,0.0,0.6,0.56854457,393.4942
0.00053,1.73e-05,0.0,0.7,0.5682737,393.6393
0.00053,1.73e-05,0.0,0.8,0.5681543,393.70364
0.00053,1.73e-05,0.0,0.9,0.56809384,393.73608
0.00053,1.73e-05,0.0,1.0,0.56806034,393.75436
0.00053,1.73e-05,1e-05,0.0,0.38637748,302.0449
0.00053,1.73e-05,1e-05,0.1,0.5944983,391.4271
0.00053,1.73e-05,1e-05,0.2,0.77417004,390.6351
0.00053,1.73e-05,1e-05,0.3,0.63572633,390.35922
0.00053,1.73e-05,1e-05,0.4,0.56737924,394.6886
0.00053,1.73e-05,1e-05,0.5,0.5693248,393.08148
0.00053,1.73e-05,1e-05,0.6,0.5685445,393.4942
0.00053,1.73e-05,1e-05,0.7,0.5682737,393.6393
0.00053,1.73e-05,1e-05,0.8,0.5681543,393.70364
0.00053,1.73e-05,1e-05,0.9,0.56809384,393.73608
0.00053,1.73e-05,1e-05,1.0,0.56806034,393.75436
0.00054,0.0,1e-05,0.0,0.38638908,302.04657
0.00054,0.0,1e-05,0.1,0.5944983,391.4278
0.00054,0.0,1e-05,0.2,0.77417123,390.6349
0.00054,0.0,1e-05,0.3,0.635723,390.35904
0.00054,0.0,1e-05,0.4,0.56737953,394.68835
0.00054,0.0,1e-05,0.5,0.5693248,393.0815
0.00054,0.0,1e-05,0.6,0.5685445,393.4942
0.00054,0.0,1e-05,0.7,0.5682737,393.6393
0.00054,0.0,1e-05,0.8,0.5681543,393.70364
0.00054,0.0,1e-05,0.9,0.5680939,393.73608
0.00054,0.0,1e-05,1.0,0.56806034,393.75436
0.00054,6.93e-06,5e-06,0.0,0.38636845,302.04358
0.00054,6.93e-06,5e-06,0.1,0.5944982,391.42685
0.00054,6.93e-06,5e-06,0.2,0.77416956,390.63525
0.00054,6.93e-06,5e-06,0.3,0.635727,390.35922
0.00054,6.93e-06,5e-06,0.4,0.5673791,394.6886
0.00054,6.93e-06,5e-06,0.5,0.56932485,393.08148
0.00054,6.93e-06,5e-06,0.6,0.5685445,393.4942
0.00054,6.93e-06,5e-06,0.7,0.5682737,393.6393
0.00054,6.93e-06,5e-06,0.8,0.5681543,393.70364
0.00054,6.93e-06,5e-06,0.9,0.56809384,393.73608
0.00054,6.93e-06,5e-06,1.0,0.56806034,393.75436
0.00054,0.0,0.0,0.0,0.38637242,302.0442
0.00054,0.0,0.0,0.1,0.59449834,391.42773
0.00054,0.0,0.0,0.2,0.7741705,390.63513
0.00054,0.0,0.0,0.3,0.6357196,390.359
0.00054,0.0,0.0,0.4,0.56737995,394.68793
0.00054,0.0,0.0,0.5,0.5693248,393.08148
0.00054,0.0,0.0,0.6,0.56854445,393.4942
0.00054,0.0,0.0,0.7,0.5682737,393.6393
0.00054,0.0,0.0,0.8,0.5681543,393.70364
0.00054,0.0,0.0,0.9,0.5680939,393.73608
0.00054,0.0,0.0,1.0,0.56806034,393.75436
0.0005,1e-04,1e-05,0.0,0.3862887,302.0318
0.0005,1e-04,1e-05,0.1,0.5944975,391.42062
0.0005,1e-04,1e-05,0.2,0.77415884,390.63727
0.0005,1e-04,1e-05,0.3,0.6357618,390.36075
0.0005,1e-04,1e-05,0.4,0.5673758,394.69064
0.0005,1e-04,1e-05,0.5,0.5693248,393.08145
0.0005,1e-04,1e-05,0.6,0.5685445,393.49417
0.0005,1e-04,1e-05,0.7,0.56827384,393.63928
0.0005,1e-04,1e-05,0.8,0.5681543,393.7036
0.0005,1e-04,1e-05,0.9,0.56809384,393.73608
0.0005,1e-04,1e-05,1.0,0.56806034,393.75436
0.00051,8.27e-05,0.0,0.0,0.3862833,302.031
0.00051,8.27e-05,0.0,0.1,0.5944977,391.42126
0.00051,8.27e-05,0.0,0.2,0.77415967,390.63715
0.00051,8.27e-05,0.0,0.3,0.6357551,390.36047
0.00051,8.27e-05,0.0,0.4,0.5673764,394.69025
0.00051,8.27e-05,0.0,0.5,0.5693248,393.08145
0.00051,8.27e-05,0.0,0.6,0.5685445,393.49417
0.00051,8.27e-05,0.0,0.7,0.56827384,393.63928
0.00051,8.27e-05,0.0,0.8,0.56815434,393.7036
0.00051,8.27e-05,0.0,0.9,0.56809384,393.73608
0.00051,8.27e-05,0.0,1.0,0.56806034,393.75436
0.00051,8.27e-05,1e-05,0.0,0.3863,302.0335
0.00051,8.27e-05,1e-05,0.1,0.5944976,391.4214
0.00051,8.27e-05,1e-05,0.2,0.7741605,390.63705
0.00051,8.27e-05,1e-05,0.3,0.63575834,390.3606
0.00051,8.27e-05,1e-05,0.4,0.56737614,394.69043
0.00051,8.27e-05,1e-05,0.5,0.56932473,393.08145
0.00051,8.27e-05,1e-05,0.6,0.5685445,393.49417
0.00051,8.27e-05,1e-05,0.7,0.56827384,393.63928
0.00051,8.27e-05,1e-05,0.8,0.56815434,393.7036
0.00051,8.27e-05,1e-05,0.9,0.56809384,393.73608
0.00051,8.27e-05,1e-05,1.0,0.56806034,393.75436
0.00052,1e-04,0.0,0.0,0.38623345,302.0238
0.00052,1e-04,0.0,0.1,0.59449714,391.41727
0.00052,1e-04,0.0,0.2,0.774153,390.63864
0.00052,1e-04,0.0,0.3,0.63577956,390.36142
0.00052,1e-04,0.0,0.4,0.56737393,394.6918
0.00052,1e-04,0.0,0.5,0.56932485,393.0814
0.00052,1e-04,0.0,0.6,0.5685445,393.49417
0.00052,1e-04,0.0,0.7,0.56827384,393.63928
0.00052,1e-04,0.0,0.8,0.5681543,393.7036
0.00052,1e-04,0.0,0.9,0.56809384,393.73608
0.00052,1e-04,0.0,1.0,0.56806034,393.75436
0.00052,6.69e-05,0.0,0.0,0.3862921,302.03235
0.00052,6.69e-05,0.0,0.1,0.5944977,391.4218
0.00052,6.69e-05,0.0,0.2,0.77416086,390.63693
0.00052,6.69e-05,0.0,0.3,0.6357529,390.36026
0.00052,6.69e-05,0.0,0.4,0.56737685,394.69003
0.00052,6.69e-05,0.0,0.5,0.56932485,393.08145
0.00052,6.69e-05,0.0,0.6,0.5685445,393.49417
0.00052,6.69e-05,0.0,0.7,0.56827384,393.63928
0.00052,6.69e-05,0.0,0.8,0.56815434,393.7036
0.00052,6.69e-05,0.0,0.9,0.56809384,393.73608
0.00052,6.69e-05,0.0,1.0,0.56806034,393.75436
0.00052,6.69e-05,1e-05,0.0,0.38630894,302.03482
0.00052,6.69e-05,1e-05,0.1,0.5944978,391.4219
0.00052,6.69e-05,1e-05,0.2,0.7741612,390.6369
0.00052,6.69e-05,1e-05,0.3,0.6357562,390.36044
0.00052,6.69e-05,1e-05,0.4,0.5673763,394.69037
0.00052,6.69e-05,1e-05,0.5,0.56932473,393.08145
0.00052,6.69e-05,1e-05,0.6,0.5685445,393.49417
0.00052,6.69e-05,1e-05,0.7,0.56827384,393.63928
0.00052,6.69e-05,1e-05,0.8,0.56815434,393.7036
0.00052,6.69e-05,1e-05,0.9,0.56809384,393.73608
0.00052,6.69e-05,1e-05,1.0,0.56806034,393.75436
0.00053,5.1e-05,1e-05,0.0,0.3863177,302.03613
0.00053,5.1e-05,1e-05,0.1,0.5944978,391.4225
0.00053,5.1e-05,1e-05,0.2,0.7741626,390.63663
0.00053,5.1e-05,1e-05,0.3,0.6357539,390.36026
0.00053,5.1e-05,1e-05,0.4,0.5673764,394.69028
0.00053,5.1e-05,1e-05,0.5,0.56932485,393.08145
0.00053,5.1e-05,1e-05,0.6,0.5685445,393.49417
0.00053,5.1e-05,1e-05,0.7,0.56827384,393.63928
0.00053,5.1e-05,1e-05,0.8,0.56815434,393.7036
0.00053,5.1e-05,1e-05,0.9,0.56809384,393.73608
0.00053,5.1e-05,1e-05,1.0,0.56806034,393.75436
0.00053,5.1e-05,0.0,0.0,0.3863011,302.03372
0.00053,5.1e-05,0.0,0.1,0.59449774,391.42236
0.00053,5.1e-05,0.0,0.2,0.77416193,390.63675
0.00053,5.1e-05,0.0,0.3,0.6357506,390.36014
0.00053,5.1e-05,0.0,0.4,0.56737673,394.6899
0.00053,5.1e-05,0.0,0.5,0.5693248,393.08145
0.00053,5.1e-05,0.0,0.6,0.5685445,393.49417
0.00053,5.1e-05,0.0,0.7,0.56827384,393.63928
0.00053,5.1e-05,0.0,0.8,0.56815434,393.7036
0.00053,5.1e-05,0.0,0.9,0.56809384,393.73608
0.00053,5.1e-05,0.0,1.0,0.56806034,393.75436
0.00054,3.46e-05,0.0,0.0,0.3863111,302.03516
0.00054,3.46e-05,0.0,0.1,0.5944979,391.42294
0.00054,3.46e-05,0.0,0.2,0.77416325,390.63657
0.00054,3.46e-05,0.0,0.3,0.6357481,390.36005
0.00054,3.46e-05,0.0,0.4,0.5673772,394.68973
0.00054,3.46e-05,0.0,0.5,0.5693248,393.08145
0.00054,3.46e-05,0.0,0.6,0.5685445,393.4942
0.00054,3.46e-05,0.0,0.7,0.56827384,393.63928
0.00054,3.46e-05,0.0,0.8,0.5681543,393.7036
0.00054,3.46e-05,0.0,0.9,0.56809384,393.73608
0.00054,3.46e-05,0.0,1.0,0.56806034,393.75436
0.00054,3.46e-05,1e-05,0.0,0.38632762,302.0375
0.00054,3.46e-05,1e-05,0.1,0.5944978,391.42307
0.00054,3.46e-05,1e-05,0.2,0.7741639,390.6365
0.00054,3.46e-05,1e-05,0.3,0.6357511,390.36008
0.00054,3.46e-05,1e-05,0.4,0.5673768,394.69006
0.00054,3.46e-05,1e-05,0.5,0.5693248,393.08145
0.00054,3.46e-05,1e-05,0.6,0.5685445,393.49417
0.00054,3.46e-05,1e-05,0.7,0.56827384,393.63928
0.00054,3.46e-05,1e-05,0.8,0.56815434,393.7036
0.00054,3.46e-05,1e-05,0.9,0.56809384,393.73608
0.00054,3.46e-05,1e-05,1.0,0.56806034,393.75436
0.00055,1.73e-05,0.0,0.0,0.38632235,302.0368
0.00055,1.73e-05,0.0,0.1,0.59449774,391.42368
0.00055,1.73e-05,0.0,0.2,0.7741646,390.6363
0.00055,1.73e-05,0.0,0.3,0.6357445,390.3598
0.00055,1.73e-05,0.0,0.4,0.56737757,394.6895
0.00055,1.73e-05,0.0,0.5,0.5693248,393.08145
0.00055,1.73e-05,0.0,0.6,0.56854445,393.4942
0.00055,1.73e-05,0.0,0.7,0.56827384,393.63928
0.00055,1.73e-05,0.0,0.8,0.5681543,393.7036
0.00055,1.73e-05,0.0,0.9,0.56809384,393.73608
0.00055,1.73e-05,0.0,1.0,0.56806034,393.75436
0.00055,1.73e-05,1e-05,0.0,0.38633925,302.03918
0.00055,1.73e-05,1e-05,0.1,0.59449786,391.4238
0.00055,1.73e-05,1e-05,0.2,0.7741654,390.63617
0.00055,1.73e-05,1e-05,0.3,0.6357479,390.3599
0.00055,1.73e-05,1e-05,0.4,0.567377,394.68982
0.00055,1.73e-05,1e-05,0.5,0.5693249,393.08145
0.00055,1.73e-05,1e-05,0.6,0.56854445,393.4942
0.00055,1.73e-05,1e-05,0.7,0.56827384,393.63928
0.00055,1.73e-05,1e-05,0.8,0.5681543,393.7036
0.00055,1.73e-05,1e-05,0.9,0.56809384,393.73608
0.00055,1.73e-05,1e-05,1.0,0.56806034,393.75436
0.00056,0.0,1e-05,0.0,0.38635075,302.0409
0.00056,0.0,1e-05,0.1,0.5944979,391.42456
0.00056,0.0,1e-05,0.2,0.77416694,390.63583
0.00056,0.0,1e-05,0.3,0.63574415,390.35968
0.00056,0.0,1e-05,0.4,0.5673774,394.68964
0.00056,0.0,1e-05,0.5,0.5693248,393.08145
0.00056,0.0,1e-05,0.6,0.56854445,393.4942
0.00056,0.0,1e-05,0.7,0.5682738,393.6393
0.00056,0.0,1e-05,0.8,0.5681543,393.7036
0.00056,0.0,1e-05,0.9,0.56809384,393.73608
0.00056,0.0,1e-05,1.0,0.56806034,393.75436
0.00056,0.0,0.0,0.0,0.38633406,302.03857
0.00056,0.0,0.0,0.1,0.59449786,391.42447
0.00056,0.0,0.0,0.2,0.7741661,390.63602
0.00056,0.0,0.0,0.3,0.6357412,390.35968
0.00056,0.0,0.0,0.4,0.56737775,394.68933
0.00056,0.0,0.0,0.5,0.5693247,393.08145
0.00056,0.0,0.0,0.6,0.56854445,393.4942
0.00056,0.0,0.0,0.7,0.5682738,393.6393
0.00056,0.0,0.0,0.8,0.5681543,393.7036
0.00056,0.0,0.0,0.9,0.56809384,393.73608
0.00056,0.0,0.0,1.0,0.56806034,393.75436
0.00052,1e-04,1e-05,0.0,0.38625032,302.02615
0.00052,1e-04,1e-05,0.1,0.59449726,391.41736
0.00052,1e-04,1e-05,0.2,0.77415353,390.6385
0.00052,1e-04,1e-05,0.3,0.63578284,390.36142
0.00052,1e-04,1e-05,0.4,0.5673736,394.69208
0.00052,1e-04,1e-05,0.5,0.569325,393.0814
0.00052,1e-04,1e-05,0.6,0.5685445,393.49417
0.00052,1e-04,1e-05,0.7,0.56827384,393.63928
0.00052,1e-04,1e-05,0.8,0.5681543,393.7036
0.00052,1e-04,1e-05,0.9,0.56809384,393.73608
0.00052,1e-04,1e-05,1.0,0.56806034,393.75436
0.00053,8.27e-05,0.0,0.0,0.38624507,302.0254
0.00053,8.27e-05,0.0,0.1,0.5944973,391.41797
0.00053,8.27e-05,0.0,0.2,0.7741544,390.63824
0.00053,8.27e-05,0.0,0.3,0.6357764,390.36124
0.00053,8.27e-05,0.0,0.4,0.56737447,394.69156
0.00053,8.27e-05,0.0,0.5,0.56932485,393.0814
0.00053,8.27e-05,0.0,0.6,0.5685445,393.49417
0.00053,8.27e-05,0.0,0.7,0.56827384,393.63928
0.00053,8.27e-05,0.0,0.8,0.5681543,393.7036
0.00053,8.27e-05,0.0,0.9,0.56809384,393.73608
0.00053,8.27e-05,0.0,1.0,0.56806034,393.75436
0.00053,8.27e-05,1e-05,0.0,0.38626167,302.0279
0.00053,8.27e-05,1e-05,0.1,0.5944973,391.4181
0.00053,8.27e-05,1e-05,0.2,0.7741552,390.63812
0.00053,8.27e-05,1e-05,0.3,0.6357794,390.3613
0.00053,8.27e-05,1e-05,0.4,0.5673738,394.69193
0.00053,8.27e-05,1e-05,0.5,0.569325,393.0814
0.00053,8.27e-05,1e-05,0.6,0.5685445,393.49417
0.00053,8.27e-05,1e-05,0.7,0.56827384,393.63928
0.00053,8.27e-05,1e-05,0.8,0.5681543,393.7036
0.00053,8.27e-05,1e-05,0.9,0.56809384,393.73608
0.00053,8.27e-05,1e-05,1.0,0.56806034,393.75436
0.00054,1e-04,0.0,0.0,0.38619497,302.01807
0.00054,1e-04,0.0,0.1,0.59449667,391.41394
0.00054,1e-04,0.0,0.2,0.7741472,390.6397
0.00054,1e-04,0.0,0.3,0.63580066,390.3624
0.00054,1e-04,0.0,0.4,0.56737167,394.69318
0.00054,1e-04,0.0,0.5,0.56932503,393.08136
0.00054,1e-04,0.0,0.6,0.5685445,393.49417
0.00054,1e-04,0.0,0.7,0.5682738,393.63928
0.00054,1e-04,0.0,0.8,0.5681542,393.7036
0.00054,1e-04,0.0,0.9,0.56809384,393.73608
0.00054,1e-04,0.0,1.0,0.56806046,393.75436
0.00054,6.69e-05,0.0,0.0,0.3862539,302.02676
0.00054,6.69e-05,0.0,0.1,0.5944972,391.4185
0.00054,6.69e-05,0.0,0.2,0.7741557,390.638
0.00054,6.69e-05,0.0,0.3,0.63577396,390.36115
0.00054,6.69e-05,0.0,0.4,0.5673745,394.6914
0.00054,6.69e-05,0.0,0.5,0.5693249,393.08142
0.00054,6.69e-05,0.0,0.6,0.5685445,393.49417
0.00054,6.69e-05,0.0,0.7,0.56827384,393.63928
0.00054,6.69e-05,0.0,0.8,0.5681543,393.7036
0.00054,6.69e-05,0.0,0.9,0.56809384,393.73608
0.00054,6.69e-05,0.0,1.0,0.56806034,393.75436
0.00054,6.69e-05,1e-05,0.0,0.3862706,302.02917
0.00054,6.69e-05,1e-05,0.1,0.59449744,391.41858
0.00054,6.69e-05,1e-05,0.2,0.77415675,390.63782
0.00054,6.69e-05,1e-05,0.3,0.63577724,390.36118
0.00054,6.69e-05,1e-05,0.4,0.5673741,394.6917
0.00054,6.69e-05,1e-05,0.5,0.56932485,393.0814
0.00054,6.69e-05,1e-05,0.6,0.5685445,393.49417
0.00054,6.69e-05,1e-05,0.7,0.56827384,393.63928
0.00054,6.69e-05,1e-05,0.8,0.5681543,393.7036
0.00054,6.69e-05,1e-05,0.9,0.56809384,393.73608
0.00054,6.69e-05,1e-05,1.0,0.56806034,393.75436
0.00055,5.1e-05,0.0,0.0,0.38626274,302.02814
0.00055,5.1e-05,0.0,0.1,0.5944974,391.41904
0.00055,5.1e-05,0.0,0.2,0.7741568,390.63776
0.00055,5.1e-05,0.0,0.3,0.6357715,390.36105
0.00055,5.1e-05,0.0,0.4,0.5673747,394.69128
0.00055,5.1e-05,0.0,0.5,0.5693249,393.08142
0.00055,5.1e-05,0.0,0.6,0.56854457,393.49417
0.00055,5.1e-05,0.0,0.7,0.56827384,393.63928
0.00055,5.1e-05,0.0,0.8,0.5681543,393.7036
0.00055,5.1e-05,0.0,0.9,0.56809384,393.73608
0.00055,5.1e-05,0.0,1.0,0.56806034,393.75436
0.00055,5.1e-05,1e-05,0.0,0.38627946,302.0305
0.00055,5.1e-05,1e-05,0.1,0.5944974,391.4191
0.00055,5.1e-05,1e-05,0.2,0.7741576,390.63763
0.00055,5.1e-05,1e-05,0.3,0.6357752,390.36105
0.00055,5.1e-05,1e-05,0.4,0.5673743,394.69162
0.00055,5.1e-05,1e-05,0.5,0.5693249,393.08142
0.00055,5.1e-05,1e-05,0.6,0.5685445,393.49417
0.00055,5.1e-05,1e-05,0.7,0.5682738,393.63928
0.00055,5.1e-05,1e-05,0.8,0.5681543,393.7036
0.00055,5.1e-05,1e-05,0.9,0.56809384,393.73608
0.00055,5.1e-05,1e-05,1.0,0.56806034,393.75436
0.00056,5.1e-05,5e-06,0.0,0.38625193,302.02634
0.00056,5.1e-05,5e-06,0.1,0.59449726,391.41748
0.00056,5.1e-05,5e-06,0.2,0.7741546,390.63837
0.00056,5.1e-05,5e-06,0.3,0.63578373,390.36142
0.00056,5.1e-05,5e-06,0.4,0.56737316,394.6922
0.00056,5.1e-05,5e-06,0.5,0.569325,393.0814
0.00056,5.1e-05,5e-06,0.6,0.5685445,393.49417
0.00056,5.1e-05,5e-06,0.7,0.56827384,393.63928
0.00056,5.1e-05,5e-06,0.8,0.5681543,393.7036
0.00056,5.1e-05,5e-06,0.9,0.56809384,393.73608
0.00056,5.1e-05,5e-06,1.0,0.56806034,393.75436
0.00056,3.46e-05,0.0,0.0,0.3862724,302.02948
0.00056,3.46e-05,0.0,0.1,0.59449744,391.41962
0.00056,3.46e-05,0.0,0.2,0.7741582,390.63748
0.00056,3.46e-05,0.0,0.3,0.6357691,390.36093
0.00056,3.46e-05,0.0,0.4,0.5673751,394.69116
0.00056,3.46e-05,0.0,0.5,0.56932485,393.08145
0.00056,3.46e-05,0.0,0.6,0.5685446,393.49417
0.00056,3.46e-05,0.0,0.7,0.5682738,393.63928
0.00056,3.46e-05,0.0,0.8,0.5681543,393.7036
0.00056,3.46e-05,0.0,0.9,0.56809384,393.73608
0.00056,3.46e-05,0.0,1.0,0.56806034,393.75436
0.00056,3.46e-05,1e-05,0.0,0.38628933,302.03183
0.00056,3.46e-05,1e-05,0.1,0.59449744,391.41968
0.00056,3.46e-05,1e-05,0.2,0.774159,390.6374
0.00056,3.46e-05,1e-05,0.3,0.6357723,390.36096
0.00056,3.46e-05,1e-05,0.4,0.56737447,394.6914
0.00056,3.46e-05,1e-05,0.5,0.5693249,393.08142
0.00056,3.46e-05,1e-05,0.6,0.56854457,393.49417
0.00056,3.46e-05,1e-05,0.7,0.56827384,393.63928
0.00056,3.46e-05,1e-05,0.8,0.5681543,393.7036
0.00056,3.46e-05,1e-05,0.9,0.56809384,393.73608
0.00056,3.46e-05,1e-05,1.0,0.56806034,393.75436
0.00057,1.73e-05,0.0,0.0,0.38628396,302.03107
0.00057,1.73e-05,0.0,0.1,0.5944975,391.42035
0.00057,1.73e-05,0.0,0.2,0.7741598,390.63718
0.00057,1.73e-05,0.0,0.3,0.6357656,390.36075
0.00057,1.73e-05,0.0,0.4,0.56737524,394.69098
0.00057,1.73e-05,0.0,0.5,0.5693249,393.08142
0.00057,1.73e-05,0.0,0.6,0.5685445,393.49417
0.00057,1.73e-05,0.0,0.7,0.56827384,393.63928
0.00057,1.73e-05,0.0,0.8,0.5681543,393.7036
0.00057,1.73e-05,0.0,0.9,0.56809384,393.73608
0.00057,1.73e-05,0.0,1.0,0.56806034,393.75436
0.00057,1.73e-05,1e-05,0.0,0.3863007,302.03363
0.00057,1.73e-05,1e-05,0.1,0.59449744,391.4205
0.00057,1.73e-05,1e-05,0.2,0.7741602,390.63705
0.00057,1.73e-05,1e-05,0.3,0.6357687,390.3608
0.00057,1.73e-05,1e-05,0.4,0.56737494,394.6912
0.00057,1.73e-05,1e-05,0.5,0.569325,393.08142
0.00057,1.73e-05,1e-05,0.6,0.56854457,393.49417
0.00057,1.73e-05,1e-05,0.7,0.56827384,393.63928
0.00057,1.73e-05,1e-05,0.8,0.5681543,393.7036
0.00057,1.73e-05,1e-05,0.9,0.56809384,393.73608
0.00057,1.73e-05,1e-05,1.0,0.56806034,393.75436
0.00058,0.0,1e-05,0.0,0.3863122,302.03528
0.00058,0.0,1e-05,0.1,0.59449774,391.4212
0.00058,0.0,1e-05,0.2,0.77416193,390.6368
0.00058,0.0,1e-05,0.3,0.63576543,390.36063
0.00058,0.0,1e-05,0.4,0.56737506,394.69107
0.00058,0.0,1e-05,0.5,0.56932485,393.08145
0.00058,0.0,1e-05,0.6,0.5685445,393.49417
0.00058,0.0,1e-05,0.7,0.56827384,393.63928
0.00058,0.0,1e-05,0.8,0.56815434,393.7036
0.00058,0.0,1e-05,0.9,0.56809384,393.73608
0.00058,0.0,1e-05,1.0,0.56806034,393.75436
0.00058,0.0,0.0,0.0,0.3862955,302.0329
0.00058,0.0,0.0,0.1,0.5944977,391.42105
0.00058,0.0,0.0,0.2,0.7741612,390.63693
0.00058,0.0,0.0,0.3,0.6357623,390.36063
0.00058,0.0,0.0,0.4,0.5673756,394.6908
0.00058,0.0,0.0,0.5,0.5693248,393.08145
0.00058,0.0,0.0,0.6,0.56854457,393.49417
0.00058,0.0,0.0,0.7,0.56827384,393.63928
0.00058,0.0,0.0,0.8,0.56815434,393.7036
0.00058,0.0,0.0,0.9,0.56809384,393.73608
0.00058,0.0,0.0,1.0,0.56806034,393.75436
0.00054,1e-04,1e-05,0.0,0.3862118,302.0205
0.00054,1e-04,1e-05,0.1,0.5944968,391.414
0.00054,1e-04,1e-05,0.2,0.77414787,390.63953
0.00054,1e-04,1e-05,0.3,0.6358039,390.3623
0.00054,1e-04,1e-05,0.4,0.5673713,394.69342
0.00054,1e-04,1e-05,0.5,0.56932503,393.08136
0.00054,1e-04,1e-05,0.6,0.5685445,393.49417
0.00054,1e-04,1e-05,0.7,0.5682738,393.63928
0.00054,1e-04,1e-05,0.8,0.5681542,393.7036
0.00054,1e-04,1e-05,0.9,0.56809384,393.73608
0.00054,1e-04,1e-05,1.0,0.56806046,393.75436
0.00055,8.31e-05,5e-06,0.0,0.38621423,302.02087
0.00055,8.31e-05,5e-06,0.1,0.5944968,391.4146
0.00055,8.31e-05,5e-06,0.2,0.7741492,390.63922
0.00055,8.31e-05,5e-06,0.3,0.63579917,390.36215
0.00055,8.31e-05,5e-06,0.4,0.56737185,394.69315
0.00055,8.31e-05,5e-06,0.5,0.569325,393.08136
0.00055,8.31e-05,5e-06,0.6,0.5685445,393.49417
0.00055,8.31e-05,5e-06,0.7,0.56827384,393.63928
0.00055,8.31e-05,5e-06,0.8,0.5681542,393.7036
0.00055,8.31e-05,5e-06,0.9,0.56809384,393.73608
0.00055,8.31e-05,5e-06,1.0,0.56806046,393.75436
0.00055,8.27e-05,0.0,0.0,0.38620642,302.0197
0.00055,8.27e-05,0.0,0.1,0.5944968,391.41464
0.00055,8.27e-05,0.0,0.2,0.77414876,390.63934
0.00055,8.27e-05,0.0,0.3,0.6357973,390.36206
0.00055,8.27e-05,0.0,0.4,0.5673721,394.693
0.00055,8.27e-05,0.0,0.5,0.569325,393.0814
0.00055,8.27e-05,0.0,0.6,0.5685445,393.49417
0.00055,8.27e-05,0.0,0.7,0.56827384,393.63928
0.00055,8.27e-05,0.0,0.8,0.5681542,393.7036
0.00055,8.27e-05,0.0,0.9,0.56809384,393.73608
0.00055,8.27e-05,0.0,1.0,0.56806046,393.75436
0.00055,8.27e-05,1e-05,0.0,0.38622326,302.0221
0.00055,8.27e-05,1e-05,0.1,0.59449685,391.41476
0.00055,8.27e-05,1e-05,0.2,0.7741497,390.63922
0.00055,8.27e-05,1e-05,0.3,0.6358004,390.3621
0.00055,8.27e-05,1e-05,0.4,0.56737167,394.6933
0.00055,8.27e-05,1e-05,0.5,0.5693249,393.08136
0.00055,8.27e-05,1e-05,0.6,0.5685445,393.49417
0.00055,8.27e-05,1e-05,0.7,0.56827384,393.63928
0.00055,8.27e-05,1e-05,0.8,0.5681542,393.7036
0.00055,8.27e-05,1e-05,0.9,0.56809384,393.73608
0.00055,8.27e-05,1e-05,1.0,0.56806046,393.75436
0.00056,1e-04,0.0,0.0,0.38615662,302.01242
0.00056,1e-04,0.0,0.1,0.59449625,391.41064
0.00056,1e-04,0.0,0.2,0.7741407,390.641
0.00056,1e-04,0.0,0.3,0.6358217,390.36322
0.00056,1e-04,0.0,0.4,0.5673695,394.69467
0.00056,1e-04,0.0,0.5,0.56932503,393.08136
0.00056,1e-04,0.0,0.6,0.5685445,393.49417
0.00056,1e-04,0.0,0.7,0.56827396,393.63928
0.00056,1e-04,0.0,0.8,0.5681543,393.7036
0.00056,1e-04,0.0,0.9,0.5680939,393.73608
0.00056,1e-04,0.0,1.0,0.5680604,393.75436
0.00056,6.69e-05,0.0,0.0,0.3862152,302.02106
0.00056,6.69e-05,0.0,0.1,0.59449697,391.41516
0.00056,6.69e-05,0.0,0.2,0.77415013,390.63913
0.00056,6.69e-05,0.0,0.3,0.635795,390.36194
0.00056,6.69e-05,0.0,0.4,0.56737226,394.69287
0.00056,6.69e-05,0.0,0.5,0.5693249,393.0814
0.00056,6.69e-05,0.0,0.6,0.5685445,393.49417
0.00056,6.69e-05,0.0,0.7,0.56827384,393.63928
0.00056,6.69e-05,0.0,0.8,0.5681542,393.7036
0.00056,6.69e-05,0.0,0.9,0.56809384,393.73608
0.00056,6.69e-05,0.0,1.0,0.56806046,393.75436
0.00056,6.69e-05,1e-05,0.0,0.3862321,302.02347
0.00056,6.69e-05,1e-05,0.1,0.59449697,391.41528
0.00056,6.69e-05,1e-05,0.2,0.77415085,390.6391
0.00056,6.69e-05,1e-05,0.3,0.6357984,390.36197
0.00056,6.69e-05,1e-05,0.4,0.5673718,394.69315
0.00056,6.69e-05,1e-05,0.5,0.569325,393.0814
0.00056,6.69e-05,1e-05,0.6,0.5685445,393.49417
0.00056,6.69e-05,1e-05,0.7,0.56827384,393.63928
0.00056,6.69e-05,1e-05,0.8,0.5681542,393.7036
0.00056,6.69e-05,1e-05,0.9,0.56809384,393.73608
0.00056,6.69e-05,1e-05,1.0,0.56806046,393.75436
0.00057,5.1e-05,1e-05,0.0,0.38624117,302.02478
0.00057,5.1e-05,1e-05,0.1,0.59449697,391.4158
0.00057,5.1e-05,1e-05,0.2,0.7741521,390.6388
0.00057,5.1e-05,1e-05,0.3,0.63579595,390.36185
0.00057,5.1e-05,1e-05,0.4,0.5673721,394.69302
0.00057,5.1e-05,1e-05,0.5,0.5693249,393.0814
0.00057,5.1e-05,1e-05,0.6,0.56854445,393.49417
0.00057,5.1e-05,1e-05,0.7,0.56827384,393.63928
0.00057,5.1e-05,1e-05,0.8,0.5681542,393.7036
0.00057,5.1e-05,1e-05,0.9,0.56809384,393.73608
0.00057,5.1e-05,1e-05,1.0,0.56806046,393.75436
0.00057,5.1e-05,0.0,0.0,0.38622427,302.0223
0.00057,5.1e-05,0.0,0.1,0.594497,391.4157
0.00057,5.1e-05,0.0,0.2,0.7741513,390.6389
0.00057,5.1e-05,0.0,0.3,0.635793,390.3618
0.00057,5.1e-05,0.0,0.4,0.56737244,394.69278
0.00057,5.1e-05,0.0,0.5,0.56932503,393.0814
0.00057,5.1e-05,0.0,0.6,0.56854445,393.49417
0.00057,5.1e-05,0.0,0.7,0.56827384,393.63928
0.00057,5.1e-05,0.0,0.8,0.5681542,393.7036
0.00057,5.1e-05,0.0,0.9,0.56809384,393.73608
0.00057,5.1e-05,0.0,1.0,0.56806034,393.75436
0.00058,3.46e-05,1e-05,0.0,0.386251,302.0262
0.00058,3.46e-05,1e-05,0.1,0.5944971,391.41644
0.00058,3.46e-05,1e-05,0.2,0.7741536,390.63855
0.00058,3.46e-05,1e-05,0.3,0.6357934,390.36172
0.00058,3.46e-05,1e-05,0.4,0.56737226,394.69287
0.00058,3.46e-05,1e-05,0.5,0.56932503,393.0814
0.00058,3.46e-05,1e-05,0.6,0.56854445,393.49417
0.00058,3.46e-05,1e-05,0.7,0.56827384,393.63928
0.00058,3.46e-05,1e-05,0.8,0.5681542,393.7036
0.00058,3.46e-05,1e-05,0.9,0.56809384,393.73608
0.00058,3.46e-05,1e-05,1.0,0.56806034,393.75436
0.00058,3.46e-05,0.0,0.0,0.38623413,302.02383
0.00058,3.46e-05,0.0,0.1,0.59449714,391.41635
0.00058,3.46e-05,0.0,0.2,0.7741529,390.6387
0.00058,3.46e-05,0.0,0.3,0.63579035,390.3617
0.00058,3.46e-05,0.0,0.4,0.5673728,394.69257
0.00058,3.46e-05,0.0,0.5,0.569325,393.0814
0.00058,3.46e-05,0.0,0.6,0.5685445,393.49417
0.00058,3.46e-05,0.0,0.7,0.56827384,393.63928
0.00058,3.46e-05,0.0,0.8,0.5681542,393.7036
0.00058,3.46e-05,0.0,0.9,0.56809384,393.73608
0.00058,3.46e-05,0.0,1.0,0.56806034,393.75436
0.00059,1.73e-05,0.0,0.0,0.38624567,302.02545
0.00059,1.73e-05,0.0,0.1,0.59449714,391.41705
0.00059,1.73e-05,0.0,0.2,0.77415466,390.6384
0.00059,1.73e-05,0.0,0.3,0.63578683,390.36148
0.00059,1.73e-05,0.0,0.4,0.56737316,394.6924
0.00059,1.73e-05,0.0,0.5,0.5693249,393.0814
0.00059,1.73e-05,0.0,0.6,0.5685445,393.49417
0.00059,1.73e-05,0.0,0.7,0.56827384,393.63928
0.00059,1.73e-05,0.0,0.8,0.5681543,393.7036
0.00059,1.73e-05,0.0,0.9,0.56809384,393.73608
0.00059,1.73e-05,0.0,1.0,0.56806034,393.75436
0.00059,1.73e-05,1e-05,0.0,0.38626227,302.028
0.00059,1.73e-05,1e-05,0.1,0.5944972,391.41718
0.00059,1.73e-05,1e-05,0.2,0.7741552,390.63824
0.00059,1.73e-05,1e-05,0.3,0.63579,390.36142
0.00059,1.73e-05,1e-05,0.4,0.56737274,394.69272
0.00059,1.73e-05,1e-05,0.5,0.569325,393.0814
0.00059,1.73e-05,1e-05,0.6,0.5685445,393.49417
0.00059,1.73e-05,1e-05,0.7,0.56827384,393.63928
0.00059,1.73e-05,1e-05,0.8,0.5681543,393.7036
0.00059,1.73e-05,1e-05,0.9,0.56809384,393.73608
0.00059,1.73e-05,1e-05,1.0,0.56806034,393.75436
0.0006,0.0,1e-05,0.0,0.38627392,302.02963
0.0006,0.0,1e-05,0.1,0.5944974,391.4179
0.0006,0.0,1e-05,0.2,0.77415687,390.63785
0.0006,0.0,1e-05,0.3,0.63578653,390.3614
0.0006,0.0,1e-05,0.4,0.567373,394.69254
0.0006,0.0,1e-05,0.5,0.5693249,393.0814
0.0006,0.0,1e-05,0.6,0.56854445,393.49417
0.0006,0.0,1e-05,0.7,0.56827384,393.63928
0.0006,0.0,1e-05,0.8,0.5681543,393.7036
0.0006,0.0,1e-05,0.9,0.56809384,393.73608
0.0006,0.0,1e-05,1.0,0.56806034,393.75436
0.0006,0.0,0.0,0.0,0.3862571,302.02725
0.0006,0.0,0.0,0.1,0.59449726,391.4178
0.0006,0.0,0.0,0.2,0.77415615,390.63803
0.0006,0.0,0.0,0.3,0.6357834,390.3613
0.0006,0.0,0.0,0.4,0.56737316,394.6922
0.0006,0.0,0.0,0.5,0.5693249,393.0814
0.0006,0.0,0.0,0.6,0.5685445,393.49417
0.0006,0.0,0.0,0.7,0.56827384,393.63928
0.0006,0.0,0.0,0.8,0.5681543,393.7036
0.0006,0.0,0.0,0.9,0.56809384,393.73608
0.0006,0.0,0.0,1.0,0.56806034,393.75436
0.00056,1e-04,1e-05,0.0,0.38617328,302.0148
0.00056,1e-04,1e-05,0.1,0.5944963,391.41074
0.00056,1e-04,1e-05,0.2,0.77414143,390.64087
0.00056,1e-04,1e-05,0.3,0.6358248,390.3633
0.00056,1e-04,1e-05,0.4,0.56736916,394.69492
0.00056,1e-04,1e-05,0.5,0.56932503,393.08136
0.00056,1e-04,1e-05,0.6,0.5685445,393.49417
0.00056,1e-04,1e-05,0.7,0.56827396,393.63928
0.00056,1e-04,1e-05,0.8,0.5681543,393.7036
0.00056,1e-04,1e-05,0.9,0.5680939,393.73608
0.00056,1e-04,1e-05,1.0,0.5680604,393.75436
0.00057,8.27e-05,0.0,0.0,0.38616794,302.0141
0.00057,8.27e-05,0.0,0.1,0.5944963,391.41132
0.00057,8.27e-05,0.0,0.2,0.77414274,390.64066
0.00057,8.27e-05,0.0,0.3,0.6358182,390.36298
0.00057,8.27e-05,0.0,0.4,0.5673699,394.69443
0.00057,8.27e-05,0.0,0.5,0.56932503,393.08136
0.00057,8.27e-05,0.0,0.6,0.5685445,393.49417
0.00057,8.27e-05,0.0,0.7,0.5682739,393.63928
0.00057,8.27e-05,0.0,0.8,0.5681543,393.7036
0.00057,8.27e-05,0.0,0.9,0.5680939,393.73608
0.00057,8.27e-05,0.0,1.0,0.5680604,393.75436
0.00057,8.27e-05,1e-05,0.0,0.38618484,302.01654
0.00057,8.27e-05,1e-05,0.1,0.5944963,391.41144
0.00057,8.27e-05,1e-05,0.2,0.77414334,390.64053
0.00057,8.27e-05,1e-05,0.3,0.6358215,390.36307
0.00057,8.27e-05,1e-05,0.4,0.5673693,394.69476
0.00057,8.27e-05,1e-05,0.5,0.56932503,393.08136
0.00057,8.27e-05,1e-05,0.6,0.5685445,393.49417
0.00057,8.27e-05,1e-05,0.7,0.56827396,393.63928
0.00057,8.27e-05,1e-05,0.8,0.5681543,393.7036
0.00057,8.27e-05,1e-05,0.9,0.5680939,393.73608
0.00057,8.27e-05,1e-05,1.0,0.5680604,393.75436
0.00058,1e-04,0.0,0.0,0.38611808,302.0067
0.00058,1e-04,0.0,0.1,0.59449595,391.40732
0.00058,1e-04,0.0,0.2,0.7741342,390.64233
0.00058,1e-04,0.0,0.3,0.6358423,390.3642
0.00058,1e-04,0.0,0.4,0.56736726,394.69604
0.00058,1e-04,0.0,0.5,0.5693251,393.08133
0.00058,1e-04,0.0,0.6,0.56854457,393.49417
0.00058,1e-04,0.0,0.7,0.5682738,393.63928
0.00058,1e-04,0.0,0.8,0.56815434,393.70358
0.00058,1e-04,0.0,0.9,0.5680939,393.73608
0.00058,1e-04,0.0,1.0,0.56806034,393.75436
0.00058,6.69e-05,0.0,0.0,0.3861769,302.01538
0.00058,6.69e-05,0.0,0.1,0.5944963,391.41187
0.00058,6.69e-05,0.0,0.2,0.774144,390.64038
0.00058,6.69e-05,0.0,0.3,0.6358162,390.36285
0.00058,6.69e-05,0.0,0.4,0.5673701,394.69437
0.00058,6.69e-05,0.0,0.5,0.56932503,393.08136
0.00058,6.69e-05,0.0,0.6,0.5685445,393.49417
0.00058,6.69e-05,0.0,0.7,0.5682739,393.63928
0.00058,6.69e-05,0.0,0.8,0.5681542,393.7036
0.00058,6.69e-05,0.0,0.9,0.5680939,393.73608
0.00058,6.69e-05,0.0,1.0,0.5680604,393.75436
0.00058,6.69e-05,1e-05,0.0,0.3861935,302.0178
0.00058,6.69e-05,1e-05,0.1,0.59449637,391.412
0.00058,6.69e-05,1e-05,0.2,0.7741448,390.6402
0.00058,6.69e-05,1e-05,0.3,0.6358194,390.36295
0.00058,6.69e-05,1e-05,0.4,0.5673695,394.6946
0.00058,6.69e-05,1e-05,0.5,0.56932503,393.08136
0.00058,6.69e-05,1e-05,0.6,0.5685445,393.49417
0.00058,6.69e-05,1e-05,0.7,0.5682739,393.63928
0.00058,6.69e-05,1e-05,0.8,0.5681543,393.7036
0.00058,6.69e-05,1e-05,0.9,0.5680939,393.73608
0.00058,6.69e-05,1e-05,1.0,0.5680604,393.75436
0.00059,5.1e-05,1e-05,0.0,0.38620254,302.01917
0.00059,5.1e-05,1e-05,0.1,0.5944966,391.4125
0.00059,5.1e-05,1e-05,0.2,0.77414614,390.6399
0.00059,5.1e-05,1e-05,0.3,0.63581693,390.36282
0.00059,5.1e-05,1e-05,0.4,0.56736976,394.6945
0.00059,5.1e-05,1e-05,0.5,0.56932503,393.08136
0.00059,5.1e-05,1e-05,0.6,0.5685445,393.49417
0.00059,5.1e-05,1e-05,0.7,0.5682739,393.63928
0.00059,5.1e-05,1e-05,0.8,0.5681542,393.7036
0.00059,5.1e-05,1e-05,0.9,0.5680939,393.73608
0.00059,5.1e-05,1e-05,1.0,0.5680604,393.75436
0.00059,5.1e-05,0.0,0.0,0.38618582,302.01672
0.00059,5.1e-05,0.0,0.1,0.5944965,391.4124
0.00059,5.1e-05,0.0,0.2,0.7741455,390.6401
0.00059,5.1e-05,0.0,0.3,0.6358138,390.36273
0.00059,5.1e-05,0.0,0.4,0.56737036,394.69434
0.00059,5.1e-05,0.0,0.5,0.569325,393.08136
0.00059,5.1e-05,0.0,0.6,0.5685445,393.49417
0.00059,5.1e-05,0.0,0.7,0.56827384,393.63928
0.00059,5.1e-05,0.0,0.8,0.5681542,393.7036
0.00059,5.1e-05,0.0,0.9,0.5680939,393.73608
0.00059,5.1e-05,0.0,1.0,0.5680604,393.75436
0.0006,3.46e-05,0.0,0.0,0.38619572,302.01816
0.0006,3.46e-05,0.0,0.1,0.59449655,391.41306
0.0006,3.46e-05,0.0,0.2,0.7741466,390.6397
0.0006,3.46e-05,0.0,0.3,0.6358112,390.36246
0.0006,3.46e-05,0.0,0.4,0.5673705,394.69415
0.0006,3.46e-05,0.0,0.5,0.569325,393.08136
0.0006,3.46e-05,0.0,0.6,0.5685445,393.49417
0.0006,3.46e-05,0.0,0.7,0.5682738,393.63928
0.0006,3.46e-05,0.0,0.8,0.5681542,393.7036
0.0006,3.46e-05,0.0,0.9,0.56809384,393.73608
0.0006,3.46e-05,0.0,1.0,0.5680604,393.75436
0.0006,3.46e-05,1e-05,0.0,0.38621247,302.02054
0.0006,3.46e-05,1e-05,0.1,0.5944966,391.41318
0.0006,3.46e-05,1e-05,0.2,0.77414775,390.6396
0.0006,3.46e-05,1e-05,0.3,0.6358144,390.3626
0.0006,3.46e-05,1e-05,0.4,0.56737006,394.69437
0.0006,3.46e-05,1e-05,0.5,0.569325,393.08136
0.0006,3.46e-05,1e-05,0.6,0.56854445,393.49417
0.0006,3.46e-05,1e-05,0.7,0.56827384,393.63928
0.0006,3.46e-05,1e-05,0.8,0.5681542,393.7036
0.0006,3.46e-05,1e-05,0.9,0.56809384,393.73608
0.0006,3.46e-05,1e-05,1.0,0.5680604,393.75436
0.00061,1.73e-05,0.0,0.0,0.38620722,302.01978
0.00061,1.73e-05,0.0,0.1,0.5944966,391.41376
0.00061,1.73e-05,0.0,0.2,0.7741486,390.6395
0.00061,1.73e-05,0.0,0.3,0.6358078,390.3623
0.00061,1.73e-05,0.0,0.4,0.56737065,394.69385
0.00061,1.73e-05,0.0,0.5,0.5693249,393.08136
0.00061,1.73e-05,0.0,0.6,0.5685445,393.49417
0.00061,1.73e-05,0.0,0.7,0.56827384,393.63928
0.00061,1.73e-05,0.0,0.8,0.5681542,393.7036
0.00061,1.73e-05,0.0,0.9,0.56809384,393.73608
0.00061,1.73e-05,0.0,1.0,0.56806046,393.75436
0.00061,1.73e-05,1e-05,0.0,0.38622385,302.0222
0.00061,1.73e-05,1e-05,0.1,0.5944967,391.41385
0.00061,1.73e-05,1e-05,0.2,0.7741492,390.63934
0.00061,1.73e-05,1e-05,0.3,0.6358109,390.36243
0.00061,1.73e-05,1e-05,0.4,0.56737036,394.69424
0.00061,1.73e-05,1e-05,0.5,0.5693249,393.08136
0.00061,1.73e-05,1e-05,0.6,0.5685445,393.49417
0.00061,1.73e-05,1e-05,0.7,0.56827384,393.63928
0.00061,1.73e-05,1e-05,0.8,0.5681542,393.7036
0.00061,1.73e-05,1e-05,0.9,0.56809384,393.73608
0.00061,1.73e-05,1e-05,1.0,0.5680604,393.75436
0.00062,0.0,1e-05,0.0,0.38623527,302.024
0.00062,0.0,1e-05,0.1,0.5944969,391.41455
0.00062,0.0,1e-05,0.2,0.7741511,390.639
0.00062,0.0,1e-05,0.3,0.63580775,390.36215
0.00062,0.0,1e-05,0.4,0.5673708,394.69403
0.00062,0.0,1e-05,0.5,0.5693249,393.08136
0.00062,0.0,1e-05,0.6,0.56854445,393.49417
0.00062,0.0,1e-05,0.7,0.56827384,393.63928
0.00062,0.0,1e-05,0.8,0.5681542,393.7036
0.00062,0.0,1e-05,0.9,0.56809384,393.73608
0.00062,0.0,1e-05,1.0,0.56806046,393.75436
0.00062,0.0,0.0,0.0,0.3862186,302.0215
0.00062,0.0,0.0,0.1,0.5944967,391.41443
0.00062,0.0,0.0,0.2,0.77415025,390.6392
0.00062,0.0,0.0,0.3,0.6358044,390.36212
0.00062,0.0,0.0,0.4,0.5673711,394.69366
0.00062,0.0,0.0,0.5,0.56932503,393.08136
0.00062,0.0,0.0,0.6,0.5685445,393.49417
0.00062,0.0,0.0,0.7,0.56827384,393.63928
0.00062,0.0,0.0,0.8,0.5681542,393.7036
0.00062,0.0,0.0,0.9,0.56809384,393.73608
0.00062,0.0,0.0,1.0,0.56806046,393.75436
0.00058,1e-04,1e-05,0.0,0.386135,302.00922
0.00058,1e-04,1e-05,0.1,0.59449595,391.4074
0.00058,1e-04,1e-05,0.2,0.7741349,390.64218
0.00058,1e-04,1e-05,0.3,0.63584566,390.36432
0.00058,1e-04,1e-05,0.4,0.5673668,394.6963
0.00058,1e-04,1e-05,0.5,0.5693251,393.08133
0.00058,1e-04,1e-05,0.6,0.56854457,393.49417
0.00058,1e-04,1e-05,0.7,0.5682738,393.63928
0.00058,1e-04,1e-05,0.8,0.56815434,393.70358
0.00058,1e-04,1e-05,0.9,0.5680939,393.73608
0.00058,1e-04,1e-05,1.0,0.56806034,393.75436
0.00059,8.27e-05,0.0,0.0,0.3861296,302.0085
0.00059,8.27e-05,0.0,0.1,0.5944961,391.40805
0.00059,8.27e-05,0.0,0.2,0.7741362,390.64206
0.00059,8.27e-05,0.0,0.3,0.63583916,390.36407
0.00059,8.27e-05,0.0,0.4,0.5673676,394.6959
0.00059,8.27e-05,0.0,0.5,0.56932503,393.08133
0.00059,8.27e-05,0.0,0.6,0.56854457,393.49414
0.00059,8.27e-05,0.0,0.7,0.5682739,393.63928
0.00059,8.27e-05,0.0,0.8,0.5681543,393.7036
0.00059,8.27e-05,0.0,0.9,0.5680939,393.73608
0.00059,8.27e-05,0.0,1.0,0.56806034,393.75436
0.00059,8.27e-05,1e-05,0.0,0.38614637,302.01093
0.00059,8.27e-05,1e-05,0.1,0.5944962,391.40817
0.00059,8.27e-05,1e-05,0.2,0.77413654,390.6418
0.00059,8.27e-05,1e-05,0.3,0.6358424,390.36414
0.00059,8.27e-05,1e-05,0.4,0.5673673,394.6961
0.00059,8.27e-05,1e-05,0.5,0.56932515,393.08136
0.00059,8.27e-05,1e-05,0.6,0.5685445,393.49414
0.00059,8.27e-05,1e-05,0.7,0.5682739,393.63928
0.00059,8.27e-05,1e-05,0.8,0.5681543,393.7036
0.00059,8.27e-05,1e-05,0.9,0.5680939,393.73608
0.00059,8.27e-05,1e-05,1.0,0.56806034,393.75436
0.0006,1e-04,0.0,0.0,0.38607994,302.0011
0.0006,1e-04,0.0,0.1,0.5944956,391.404
0.0006,1e-04,0.0,0.2,0.7741273,390.64368
0.0006,1e-04,0.0,0.3,0.6358631,390.36523
0.0006,1e-04,0.0,0.4,0.56736493,394.69742
0.0006,1e-04,0.0,0.5,0.56932503,393.0813
0.0006,1e-04,0.0,0.6,0.5685445,393.49414
0.0006,1e-04,0.0,0.7,0.5682738,393.63928
0.0006,1e-04,0.0,0.8,0.56815434,393.70358
0.0006,1e-04,0.0,0.9,0.56809396,393.73608
0.0006,1e-04,0.0,1.0,0.56806034,393.75436
0.0006,6.69e-05,0.0,0.0,0.38613853,302.00974
0.0006,6.69e-05,0.0,0.1,0.59449613,391.40854
0.0006,6.69e-05,0.0,0.2,0.77413726,390.64172
0.0006,6.69e-05,0.0,0.3,0.6358368,390.36386
0.0006,6.69e-05,0.0,0.4,0.5673677,394.69577
0.0006,6.69e-05,0.0,0.5,0.569325,393.08136
0.0006,6.69e-05,0.0,0.6,0.5685445,393.49417
0.0006,6.69e-05,0.0,0.7,0.5682739,393.63928
0.0006,6.69e-05,0.0,0.8,0.5681543,393.7036
0.0006,6.69e-05,0.0,0.9,0.5680939,393.73608
0.0006,6.69e-05,0.0,1.0,0.56806034,393.75436
0.0006,6.69e-05,1e-05,0.0,0.38615507,302.01215
0.0006,6.69e-05,1e-05,0.1,0.5944962,391.40866
0.0006,6.69e-05,1e-05,0.2,0.77413803,390.64154
0.0006,6.69e-05,1e-05,0.3,0.63584006,390.36395
0.0006,6.69e-05,1e-05,0.4,0.56736726,394.69604
0.0006,6.69e-05,1e-05,0.5,0.56932503,393.08133
0.0006,6.69e-05,1e-05,0.6,0.5685445,393.49414
0.0006,6.69e-05,1e-05,0.7,0.5682739,393.63928
0.0006,6.69e-05,1e-05,0.8,0.5681543,393.7036
0.0006,6.69e-05,1e-05,0.9,0.5680939,393.73608
0.0006,6.69e-05,1e-05,1.0,0.56806034,393.75436
0.00061,5.1e-05,1e-05,0.0,0.3861643,302.0135
0.00061,5.1e-05,1e-05,0.1,0.59449625,391.40927
0.00061,5.1e-05,1e-05,0.2,0.77413934,390.64136
0.00061,5.1e-05,1e-05,0.3,0.6358378,390.3638
0.00061,5.1e-05,1e-05,0.4,0.56736755,394.69592
0.00061,5.1e-05,1e-05,0.5,0.56932503,393.08136
0.00061,5.1e-05,1e-05,0.6,0.5685445,393.49417
0.00061,5.1e-05,1e-05,0.7,0.5682739,393.63928
0.00061,5.1e-05,1e-05,0.8,0.5681543,393.7036
0.00061,5.1e-05,1e-05,0.9,0.5680939,393.73608
0.00061,5.1e-05,1e-05,1.0,0.56806034,393.75436
0.00061,5.1e-05,0.0,0.0,0.38614744,302.01114
0.00061,5.1e-05,0.0,0.1,0.5944963,391.40918
0.00061,5.1e-05,0.0,0.2,0.77413887,390.6415
0.00061,5.1e-05,0.0,0.3,0.6358348,390.36374
0.00061,5.1e-05,0.0,0.4,0.567368,394.69565
0.00061,5.1e-05,0.0,0.5,0.56932503,393.08133
0.00061,5.1e-05,0.0,0.6,0.5685445,393.49417
0.00061,5.1e-05,0.0,0.7,0.5682739,393.63928
0.00061,5.1e-05,0.0,0.8,0.5681543,393.7036
0.00061,5.1e-05,0.0,0.9,0.5680939,393.73608
0.00061,5.1e-05,0.0,1.0,0.56806034,393.75436
0.00062,3.46e-05,0.0,0.0,0.38615724,302.0125
0.00062,3.46e-05,0.0,0.1,0.5944962,391.40976
0.00062,3.46e-05,0.0,0.2,0.7741405,390.6411
0.00062,3.46e-05,0.0,0.3,0.6358322,390.36353
0.00062,3.46e-05,0.0,0.4,0.5673682,394.6955
0.00062,3.46e-05,0.0,0.5,0.56932503,393.08136
0.00062,3.46e-05,0.0,0.6,0.5685445,393.49417
0.00062,3.46e-05,0.0,0.7,0.5682739,393.63928
0.00062,3.46e-05,0.0,0.8,0.5681543,393.7036
0.00062,3.46e-05,0.0,0.9,0.5680939,393.73608
0.00062,3.46e-05,0.0,1.0,0.56806034,393.75436
0.00062,3.46e-05,1e-05,0.0,0.386174,302.01492
0.00062,3.46e-05,1e-05,0.1,0.59449613,391.40985
0.00062,3.46e-05,1e-05,0.2,0.7741409,390.641
0.00062,3.46e-05,1e-05,0.3,0.635835,390.36365
0.00062,3.46e-05,1e-05,0.4,0.5673677,394.69583
0.00062,3.46e-05,1e-05,0.5,0.56932503,393.08133
0.00062,3.46e-05,1e-05,0.6,0.5685445,393.49417
0.00062,3.46e-05,1e-05,0.7,0.5682739,393.63928
0.00062,3.46e-05,1e-05,0.8,0.5681543,393.7036
0.00062,3.46e-05,1e-05,0.9,0.5680939,393.73608
0.00062,3.46e-05,1e-05,1.0,0.56806034,393.75436
0.00063,1.73e-05,5e-06,0.0,0.38617724,302.0154
0.00063,1.73e-05,5e-06,0.1,0.59449625,391.41052
0.00063,1.73e-05,5e-06,0.2,0.7741426,390.64062
0.00063,1.73e-05,5e-06,0.3,0.6358304,390.36343
0.00063,1.73e-05,5e-06,0.4,0.56736827,394.69547
0.00063,1.73e-05,5e-06,0.5,0.56932503,393.08136
0.00063,1.73e-05,5e-06,0.6,0.56854445,393.49417
0.00063,1.73e-05,5e-06,0.7,0.56827396,393.63928
0.00063,1.73e-05,5e-06,0.8,0.5681543,393.7036
0.00063,1.73e-05,5e-06,0.9,0.5680939,393.73608
0.00063,1.73e-05,5e-06,1.0,0.56806034,393.75436
0.00063,1.73e-05,0.0,0.0,0.38616872,302.0142
0.00063,1.73e-05,0.0,0.1,0.59449625,391.4105
0.00063,1.73e-05,0.0,0.2,0.7741421,390.6407
0.00063,1.73e-05,0.0,0.3,0.6358287,390.36337
0.00063,1.73e-05,0.0,0.4,0.56736845,394.69525
0.00063,1.73e-05,0.0,0.5,0.56932503,393.08136
0.00063,1.73e-05,0.0,0.6,0.56854445,393.49417
0.00063,1.73e-05,0.0,0.7,0.56827396,393.63928
0.00063,1.73e-05,0.0,0.8,0.5681543,393.7036
0.00063,1.73e-05,0.0,0.9,0.5680939,393.73608
0.00063,1.73e-05,0.0,1.0,0.56806034,393.75436
0.00063,1.73e-05,1e-05,0.0,0.38618556,302.01663
0.00063,1.73e-05,1e-05,0.1,0.5944963,391.41055
0.00063,1.73e-05,1e-05,0.2,0.774143,390.64062
0.00063,1.73e-05,1e-05,0.3,0.63583183,390.36346
0.00063,1.73e-05,1e-05,0.4,0.5673682,394.69553
0.00063,1.73e-05,1e-05,0.5,0.56932503,393.08136
0.00063,1.73e-05,1e-05,0.6,0.56854445,393.49417
0.00063,1.73e-05,1e-05,0.7,0.56827396,393.63928
0.00063,1.73e-05,1e-05,0.8,0.5681543,393.7036
0.00063,1.73e-05,1e-05,0.9,0.5680939,393.73608
0.00063,1.73e-05,1e-05,1.0,0.56806034,393.75436
0.00064,0.0,1e-05,0.0,0.38619703,302.01834
0.00064,0.0,1e-05,0.1,0.59449637,391.4113
0.00064,0.0,1e-05,0.2,0.7741447,390.64023
0.00064,0.0,1e-05,0.3,0.63582855,390.36316
0.00064,0.0,1e-05,0.4,0.5673683,394.69537
0.00064,0.0,1e-05,0.5,0.56932503,393.08136
0.00064,0.0,1e-05,0.6,0.56854445,393.49417
0.00064,0.0,1e-05,0.7,0.56827396,393.63928
0.00064,0.0,1e-05,0.8,0.5681543,393.7036
0.00064,0.0,1e-05,0.9,0.5680939,393.73608
0.00064,0.0,1e-05,1.0,0.56806034,393.75436
0.00064,0.0,0.0,0.0,0.38618016,302.0158
0.00064,0.0,0.0,0.1,0.5944964,391.41113
0.00064,0.0,0.0,0.2,0.7741442,390.64038
0.00064,0.0,0.0,0.3,0.63582546,390.36313
0.00064,0.0,0.0,0.4,0.56736887,394.69504
0.00064,0.0,0.0,0.5,0.569325,393.08136
0.00064,0.0,0.0,0.6,0.5685445,393.49417
0.00064,0.0,0.0,0.7,0.5682739,393.63928
0.00064,0.0,0.0,0.8,0.5681542,393.7036
0.00064,0.0,0.0,0.9,0.5680939,393.73608
0.00064,0.0,0.0,1.0,0.56806034,393.75436
0.0006,1e-04,1e-05,0.0,0.38609654,302.00357
0.0006,1e-04,1e-05,0.1,0.59449565,391.40408
0.0006,1e-04,1e-05,0.2,0.7741275,390.64355
0.0006,1e-04,1e-05,0.3,0.63586646,390.3654
0.0006,1e-04,1e-05,0.4,0.5673646,394.6978
0.0006,1e-04,1e-05,0.5,0.569325,393.0813
0.0006,1e-04,1e-05,0.6,0.5685445,393.49414
0.0006,1e-04,1e-05,0.7,0.5682738,393.63928
0.0006,1e-04,1e-05,0.8,0.56815434,393.70358
0.0006,1e-04,1e-05,0.9,0.56809396,393.73608
0.0006,1e-04,1e-05,1.0,0.56806034,393.75436
0.00061,8.27e-05,0.0,0.0,0.38609108,302.00275
0.00061,8.27e-05,0.0,0.1,0.5944957,391.40472
0.00061,8.27e-05,0.0,0.2,0.77412903,390.64328
0.00061,8.27e-05,0.0,0.3,0.63585985,390.36493
0.00061,8.27e-05,0.0,0.4,0.56736535,394.69727
0.00061,8.27e-05,0.0,0.5,0.56932503,393.0813
0.00061,8.27e-05,0.0,0.6,0.56854457,393.49417
0.00061,8.27e-05,0.0,0.7,0.5682738,393.63928
0.00061,8.27e-05,0.0,0.8,0.5681543,393.70358
0.00061,8.27e-05,0.0,0.9,0.56809396,393.73608
0.00061,8.27e-05,0.0,1.0,0.56806034,393.75436
0.00061,8.27e-05,1e-05,0.0,0.38610792,302.00528
0.00061,8.27e-05,1e-05,0.1,0.5944958,391.40485
0.00061,8.27e-05,1e-05,0.2,0.7741296,390.64322
0.00061,8.27e-05,1e-05,0.3,0.63586307,390.36502
0.00061,8.27e-05,1e-05,0.4,0.567365,394.69754
0.00061,8.27e-05,1e-05,0.5,0.5693251,393.0813
0.00061,8.27e-05,1e-05,0.6,0.5685445,393.49417
0.00061,8.27e-05,1e-05,0.7,0.5682738,393.63928
0.00061,8.27e-05,1e-05,0.8,0.56815434,393.70358
0.00061,8.27e-05,1e-05,0.9,0.56809396,393.73608
0.00061,8.27e-05,1e-05,1.0,0.56806034,393.75436
0.00062,1e-04,0.0,0.0,0.38604125,301.9954
0.00062,1e-04,0.0,0.1,0.5944951,391.40067
0.00062,1e-04,0.0,0.2,0.7741195,390.64532
0.00062,1e-04,0.0,0.3,0.63588387,390.3664
0.00062,1e-04,0.0,0.4,0.56736284,394.69888
0.00062,1e-04,0.0,0.5,0.56932515,393.0813
0.00062,1e-04,0.0,0.6,0.56854457,393.49414
0.00062,1e-04,0.0,0.7,0.56827396,393.63928
0.00062,1e-04,0.0,0.8,0.56815434,393.70358
0.00062,1e-04,0.0,0.9,0.5680939,393.73608
0.00062,1e-04,0.0,1.0,0.56806034,393.75436
0.00062,6.69e-05,0.0,0.0,0.3861,302.0041
0.00062,6.69e-05,0.0,0.1,0.5944958,391.4052
0.00062,6.69e-05,0.0,0.2,0.77413046,390.64297
0.00062,6.69e-05,0.0,0.3,0.6358577,390.36475
0.00062,6.69e-05,0.0,0.4,0.5673657,394.6972
0.00062,6.69e-05,0.0,0.5,0.56932503,393.0813
0.00062,6.69e-05,0.0,0.6,0.56854457,393.49417
0.00062,6.69e-05,0.0,0.7,0.5682738,393.63928
0.00062,6.69e-05,0.0,0.8,0.5681543,393.70358
0.00062,6.69e-05,0.0,0.9,0.56809396,393.73608
0.00062,6.69e-05,0.0,1.0,0.56806034,393.75436
0.00062,6.69e-05,1e-05,0.0,0.38611677,302.00653
0.00062,6.69e-05,1e-05,0.1,0.5944957,391.40533
0.00062,6.69e-05,1e-05,0.2,0.77413106,390.643
0.00062,6.69e-05,1e-05,0.3,0.6358609,390.3648
0.00062,6.69e-05,1e-05,0.4,0.567365,394.69742
0.00062,6.69e-05,1e-05,0.5,0.56932503,393.0813
0.00062,6.69e-05,1e-05,0.6,0.56854457,393.49417
0.00062,6.69e-05,1e-05,0.7,0.5682738,393.63928
0.00062,6.69e-05,1e-05,0.8,0.5681543,393.70358
0.00062,6.69e-05,1e-05,0.9,0.56809396,393.73608
0.00062,6.69e-05,1e-05,1.0,0.56806034,393.75436
0.00063,5.1e-05,1e-05,0.0,0.38612568,302.00787
0.00063,5.1e-05,1e-05,0.1,0.59449595,391.40588
0.00063,5.1e-05,1e-05,0.2,0.77413255,390.64273
0.00063,5.1e-05,1e-05,0.3,0.6358583,390.3647
0.00063,5.1e-05,1e-05,0.4,0.5673654,394.6973
0.00063,5.1e-05,1e-05,0.5,0.56932503,393.0813
0.00063,5.1e-05,1e-05,0.6,0.56854457,393.49417
0.00063,5.1e-05,1e-05,0.7,0.5682738,393.63928
0.00063,5.1e-05,1e-05,0.8,0.5681543,393.70358
0.00063,5.1e-05,1e-05,0.9,0.56809396,393.73608
0.00063,5.1e-05,1e-05,1.0,0.56806034,393.75436
0.00063,5.1e-05,0.0,0.0,0.38610896,302.0054
0.00063,5.1e-05,0.0,0.1,0.59449583,391.40573
0.00063,5.1e-05,0.0,0.2,0.7741319,390.64276
0.00063,5.1e-05,0.0,0.3,0.6358553,390.3647
0.00063,5.1e-05,0.0,0.4,0.5673657,394.69702
0.00063,5.1e-05,0.0,0.5,0.56932503,393.08133
0.00063,5.1e-05,0.0,0.6,0.56854457,393.49417
0.00063,5.1e-05,0.0,0.7,0.5682737,393.63928
0.00063,5.1e-05,0.0,0.8,0.5681543,393.70358
0.00063,5.1e-05,0.0,0.9,0.5680939,393.73608
0.00063,5.1e-05,0.0,1.0,0.56806034,393.75436
0.00064,3.46e-05,0.0,0.0,0.38611883,302.00677
0.00064,3.46e-05,0.0,0.1,0.5944959,391.4064
0.00064,3.46e-05,0.0,0.2,0.7741338,390.64258
0.00064,3.46e-05,0.0,0.3,0.6358528,390.3646
0.00064,3.46e-05,0.0,0.4,0.56736577,394.69684
0.00064,3.46e-05,0.0,0.5,0.56932503,393.08133
0.00064,3.46e-05,0.0,0.6,0.56854457,393.49417
0.00064,3.46e-05,0.0,0.7,0.5682737,393.63928
0.00064,3.46e-05,0.0,0.8,0.5681543,393.70358
0.00064,3.46e-05,0.0,0.9,0.5680939,393.73608
0.00064,3.46e-05,0.0,1.0,0.56806034,393.75436
0.00064,3.46e-05,1e-05,0.0,0.3861355,302.00925
0.00064,3.46e-05,1e-05,0.1,0.5944959,391.4065
0.00064,3.46e-05,1e-05,0.2,0.7741339,390.64243
0.00064,3.46e-05,1e-05,0.3,0.63585573,390.36462
0.00064,3.46e-05,1e-05,0.4,0.5673656,394.6972
0.00064,3.46e-05,1e-05,0.5,0.56932503,393.0813
0.00064,3.46e-05,1e-05,0.6,0.56854457,393.49417
0.00064,3.46e-05,1e-05,0.7,0.5682737,393.63928
0.00064,3.46e-05,1e-05,0.8,0.5681543,393.70358
0.00064,3.46e-05,1e-05,0.9,0.56809396,393.73608
0.00064,3.46e-05,1e-05,1.0,0.56806034,393.75436
0.00065,1.73e-05,0.0,0.0,0.3861303,302.00858
0.00065,1.73e-05,0.0,0.1,0.594496,391.4071
0.00065,1.73e-05,0.0,0.2,0.7741353,390.6421
0.00065,1.73e-05,0.0,0.3,0.63584954,390.36444
0.00065,1.73e-05,0.0,0.4,0.56736636,394.69672
0.00065,1.73e-05,0.0,0.5,0.56932503,393.08133
0.00065,1.73e-05,0.0,0.6,0.5685445,393.49417
0.00065,1.73e-05,0.0,0.7,0.5682738,393.63928
0.00065,1.73e-05,0.0,0.8,0.5681543,393.70358
0.00065,1.73e-05,0.0,0.9,0.5680939,393.73608
0.00065,1.73e-05,0.0,1.0,0.56806034,393.75436
0.00065,1.73e-05,1e-05,0.0,0.38614705,302.01102
0.00065,1.73e-05,1e-05,0.1,0.594496,391.40723
0.00065,1.73e-05,1e-05,0.2,0.77413607,390.642
0.00065,1.73e-05,1e-05,0.3,0.63585246,390.36447
0.00065,1.73e-05,1e-05,0.4,0.5673657,394.69693
0.00065,1.73e-05,1e-05,0.5,0.56932503,393.08133
0.00065,1.73e-05,1e-05,0.6,0.56854457,393.49417
0.00065,1.73e-05,1e-05,0.7,0.5682738,393.63928
0.00065,1.73e-05,1e-05,0.8,0.5681543,393.70358
0.00065,1.73e-05,1e-05,0.9,0.5680939,393.73608
0.00065,1.73e-05,1e-05,1.0,0.56806034,393.75436
0.00066,0.0,1e-05,0.0,0.3861585,302.0126
0.00066,0.0,1e-05,0.1,0.59449613,391.408
0.00066,0.0,1e-05,0.2,0.77413803,390.64163
0.00066,0.0,1e-05,0.3,0.63584936,390.3643
0.00066,0.0,1e-05,0.4,0.567366,394.69678
0.00066,0.0,1e-05,0.5,0.5693251,393.08136
0.00066,0.0,1e-05,0.6,0.56854457,393.49417
0.00066,0.0,1e-05,0.7,0.5682738,393.63928
0.00066,0.0,1e-05,0.8,0.5681543,393.7036
0.00066,0.0,1e-05,0.9,0.5680939,393.73608
0.00066,0.0,1e-05,1.0,0.56806034,393.75436
0.00066,0.0,0.0,0.0,0.3861419,302.01022
0.00066,0.0,0.0,0.1,0.5944961,391.40787
0.00066,0.0,0.0,0.2,0.7741375,390.64175
0.00066,0.0,0.0,0.3,0.63584614,390.3642
0.00066,0.0,0.0,0.4,0.5673664,394.69647
0.00066,0.0,0.0,0.5,0.5693251,393.08136
0.00066,0.0,0.0,0.6,0.5685445,393.49414
0.00066,0.0,0.0,0.7,0.5682739,393.63928
0.00066,0.0,0.0,0.8,0.5681543,393.7036
0.00066,0.0,0.0,0.9,0.5680939,393.73608
0.00066,0.0,0.0,1.0,0.56806034,393.75436
0.00062,1e-04,1e-05,0.0,0.38605815,301.99786
0.00062,1e-04,1e-05,0.1,0.5944952,391.40076
0.00062,1e-04,1e-05,0.2,0.7741199,390.64526
0.00062,1e-04,1e-05,0.3,0.6358869,390.36658
0.00062,1e-04,1e-05,0.4,0.5673623,394.69913
0.00062,1e-04,1e-05,0.5,0.5693251,393.0813
0.00062,1e-04,1e-05,0.6,0.56854457,393.49414
0.00062,1e-04,1e-05,0.7,0.56827396,393.63928
0.00062,1e-04,1e-05,0.8,0.5681544,393.70358
0.00062,1e-04,1e-05,0.9,0.5680939,393.73608
0.00062,1e-04,1e-05,1.0,0.56806034,393.75436
0.00063,8.27e-05,0.0,0.0,0.38605273,301.9972
0.00063,8.27e-05,0.0,0.1,0.5944952,391.4014
0.00063,8.27e-05,0.0,0.2,0.7741216,390.64487
0.00063,8.27e-05,0.0,0.3,0.63588035,390.36618
0.00063,8.27e-05,0.0,0.4,0.5673632,394.6987
0.00063,8.27e-05,0.0,0.5,0.56932515,393.0813
0.00063,8.27e-05,0.0,0.6,0.5685445,393.49414
0.00063,8.27e-05,0.0,0.7,0.5682739,393.63928
0.00063,8.27e-05,0.0,0.8,0.56815434,393.70358
0.00063,8.27e-05,0.0,0.9,0.5680939,393.73608
0.00063,8.27e-05,0.0,1.0,0.56806034,393.75436
0.00063,8.31e-05,5e-06,0.0,0.38606042,301.99817
0.00063,8.31e-05,5e-06,0.1,0.5944952,391.4014
0.00063,8.31e-05,5e-06,0.2,0.7741216,390.64487
0.00063,8.31e-05,5e-06,0.3,0.63588244,390.36624
0.00063,8.31e-05,5e-06,0.4,0.56736296,394.69885
0.00063,8.31e-05,5e-06,0.5,0.56932515,393.0813
0.00063,8.31e-05,5e-06,0.6,0.5685445,393.49414
0.00063,8.31e-05,5e-06,0.7,0.5682739,393.63928
0.00063,8.31e-05,5e-06,0.8,0.56815434,393.70358
0.00063,8.31e-05,5e-06,0.9,0.5680939,393.73608
0.00063,8.31e-05,5e-06,1.0,0.56806034,393.75436
0.00063,8.27e-05,1e-05,0.0,0.3860695,301.99954
0.00063,8.27e-05,1e-05,0.1,0.59449524,391.4015
0.00063,8.27e-05,1e-05,0.2,0.7741222,390.64474
0.00063,8.27e-05,1e-05,0.3,0.63588357,390.3663
0.00063,8.27e-05,1e-05,0.4,0.5673628,394.69897
0.00063,8.27e-05,1e-05,0.5,0.56932515,393.0813
0.00063,8.27e-05,1e-05,0.6,0.5685445,393.49414
0.00063,8.27e-05,1e-05,0.7,0.5682739,393.63928
0.00063,8.27e-05,1e-05,0.8,0.56815434,393.70358
0.00063,8.27e-05,1e-05,0.9,0.5680939,393.73608
0.00063,8.27e-05,1e-05,1.0,0.56806034,393.75436
0.00064,1e-04,0.0,0.0,0.38600278,301.98975
0.00064,1e-04,0.0,0.1,0.5944947,391.3973
0.00064,1e-04,0.0,0.2,0.77411157,390.6469
0.00064,1e-04,0.0,0.3,0.63590443,390.36746
0.00064,1e-04,0.0,0.4,0.56736064,394.70032
0.00064,1e-04,0.0,0.5,0.5693252,393.08127
0.00064,1e-04,0.0,0.6,0.5685447,393.49414
0.00064,1e-04,0.0,0.7,0.5682739,393.63925
0.00064,1e-04,0.0,0.8,0.56815445,393.70358
0.00064,1e-04,0.0,0.9,0.56809384,393.73608
0.00064,1e-04,0.0,1.0,0.56806046,393.75436
0.00064,6.69e-05,0.0,0.0,0.38606164,301.99838
0.00064,6.69e-05,0.0,0.1,0.59449536,391.40192
0.00064,6.69e-05,0.0,0.2,0.77412283,390.64456
0.00064,6.69e-05,0.0,0.3,0.63587844,390.36603
0.00064,6.69e-05,0.0,0.4,0.5673634,394.69864
0.00064,6.69e-05,0.0,0.5,0.56932515,393.0813
0.00064,6.69e-05,0.0,0.6,0.5685445,393.49414
0.00064,6.69e-05,0.0,0.7,0.5682738,393.63928
0.00064,6.69e-05,0.0,0.8,0.5681543,393.70358
0.00064,6.69e-05,0.0,0.9,0.5680939,393.73608
0.00064,6.69e-05,0.0,1.0,0.56806034,393.75436
0.00064,6.69e-05,1e-05,0.0,0.38607842,302.00092
0.00064,6.69e-05,1e-05,0.1,0.59449553,391.40204
0.00064,6.69e-05,1e-05,0.2,0.77412343,390.6445
0.00064,6.69e-05,1e-05,0.3,0.63588136,390.36615
0.00064,6.69e-05,1e-05,0.4,0.5673629,394.69888
0.00064,6.69e-05,1e-05,0.5,0.5693251,393.0813
0.00064,6.69e-05,1e-05,0.6,0.56854445,393.49414
0.00064,6.69e-05,1e-05,0.7,0.5682739,393.63928
0.00064,6.69e-05,1e-05,0.8,0.5681543,393.70358
0.00064,6.69e-05,1e-05,0.9,0.5680939,393.73608
0.00064,6.69e-05,1e-05,1.0,0.56806034,393.75436
0.00065,5.1e-05,1e-05,0.0,0.38608733,302.00217
0.00065,5.1e-05,1e-05,0.1,0.5944954,391.40256
0.00065,5.1e-05,1e-05,0.2,0.7741254,390.64413
0.00065,5.1e-05,1e-05,0.3,0.63587916,390.36597
0.00065,5.1e-05,1e-05,0.4,0.56736296,394.69876
0.00065,5.1e-05,1e-05,0.5,0.56932515,393.0813
0.00065,5.1e-05,1e-05,0.6,0.5685445,393.49414
0.00065,5.1e-05,1e-05,0.7,0.5682738,393.63928
0.00065,5.1e-05,1e-05,0.8,0.5681543,393.70358
0.00065,5.1e-05,1e-05,0.9,0.5680939,393.73608
0.00065,5.1e-05,1e-05,1.0,0.56806034,393.75436
0.00065,5.1e-05,0.0,0.0,0.38607064,301.99973
0.00065,5.1e-05,0.0,0.1,0.59449536,391.4025
0.00065,5.1e-05,0.0,0.2,0.7741246,390.6442
0.00065,5.1e-05,0.0,0.3,0.6358761,390.3659
0.00065,5.1e-05,0.0,0.4,0.5673633,394.69858
0.00065,5.1e-05,0.0,0.5,0.56932515,393.0813
0.00065,5.1e-05,0.0,0.6,0.5685445,393.49414
0.00065,5.1e-05,0.0,0.7,0.5682738,393.63928
0.00065,5.1e-05,0.0,0.8,0.5681543,393.70358
0.00065,5.1e-05,0.0,0.9,0.5680939,393.73608
0.00065,5.1e-05,0.0,1.0,0.56806034,393.75436
0.00066,3.46e-05,1e-05,0.0,0.38609722,302.00366
0.00066,3.46e-05,1e-05,0.1,0.59449553,391.40317
0.00066,3.46e-05,1e-05,0.2,0.77412677,390.64386
0.00066,3.46e-05,1e-05,0.3,0.63587666,390.3658
0.00066,3.46e-05,1e-05,0.4,0.5673632,394.69867
0.00066,3.46e-05,1e-05,0.5,0.56932515,393.0813
0.00066,3.46e-05,1e-05,0.6,0.5685445,393.49414
0.00066,3.46e-05,1e-05,0.7,0.5682738,393.63928
0.00066,3.46e-05,1e-05,0.8,0.5681543,393.70358
0.00066,3.46e-05,1e-05,0.9,0.56809396,393.73608
0.00066,3.46e-05,1e-05,1.0,0.56806034,393.75436
0.00066,3.46e-05,0.0,0.0,0.3860805,302.0012
0.00066,3.46e-05,0.0,0.1,0.5944954,391.40305
0.00066,3.46e-05,0.0,0.2,0.7741263,390.64392
0.00066,3.46e-05,0.0,0.3,0.63587356,390.36572
0.00066,3.46e-05,0.0,0.4,0.56736386,394.69836
0.00066,3.46e-05,0.0,0.5,0.56932515,393.0813
0.00066,3.46e-05,0.0,0.6,0.56854445,393.49414
0.00066,3.46e-05,0.0,0.7,0.5682738,393.63928
0.00066,3.46e-05,0.0,0.8,0.5681543,393.70358
0.00066,3.46e-05,0.0,0.9,0.56809396,393.73608
0.00066,3.46e-05,0.0,1.0,0.56806034,393.75436
0.00067,1.73e-05,0.0,0.0,0.3860917,302.00278
0.00067,1.73e-05,0.0,0.1,0.59449553,391.4038
0.00067,1.73e-05,0.0,0.2,0.774128,390.64355
0.00067,1.73e-05,0.0,0.3,0.63587004,390.36548
0.00067,1.73e-05,0.0,0.4,0.5673641,394.69806
0.00067,1.73e-05,0.0,0.5,0.56932503,393.0813
0.00067,1.73e-05,0.0,0.6,0.5685445,393.49414
0.00067,1.73e-05,0.0,0.7,0.5682738,393.63928
0.00067,1.73e-05,0.0,0.8,0.5681543,393.70358
0.00067,1.73e-05,0.0,0.9,0.56809396,393.73608
0.00067,1.73e-05,0.0,1.0,0.56806034,393.75436
0.00067,1.73e-05,1e-05,0.0,0.3861086,302.0053
0.00067,1.73e-05,1e-05,0.1,0.5944957,391.4039
0.00067,1.73e-05,1e-05,0.2,0.7741286,390.64346
0.00067,1.73e-05,1e-05,0.3,0.63587344,390.36557
0.00067,1.73e-05,1e-05,0.4,0.5673637,394.69855
0.00067,1.73e-05,1e-05,0.5,0.56932515,393.0813
0.00067,1.73e-05,1e-05,0.6,0.56854445,393.49414
0.00067,1.73e-05,1e-05,0.7,0.5682738,393.63928
0.00067,1.73e-05,1e-05,0.8,0.56815434,393.70358
0.00067,1.73e-05,1e-05,0.9,0.56809396,393.73608
0.00067,1.73e-05,1e-05,1.0,0.56806034,393.75436
0.00068,0.0,1e-05,0.0,0.38612,302.00693
0.00068,0.0,1e-05,0.1,0.5944958,391.40466
0.00068,0.0,1e-05,0.2,0.77413064,390.64313
0.00068,0.0,1e-05,0.3,0.6358698,390.3653
0.00068,0.0,1e-05,0.4,0.56736386,394.69818
0.00068,0.0,1e-05,0.5,0.56932503,393.0813
0.00068,0.0,1e-05,0.6,0.5685445,393.49414
0.00068,0.0,1e-05,0.7,0.5682738,393.63928
0.00068,0.0,1e-05,0.8,0.5681543,393.70358
0.00068,0.0,1e-05,0.9,0.56809396,393.73608
0.00068,0.0,1e-05,1.0,0.56806034,393.75436
0.00068,0.0,0.0,0.0,0.38610324,302.0045
0.00068,0.0,0.0,0.1,0.59449565,391.4045
0.00068,0.0,0.0,0.2,0.7741299,390.6432
0.00068,0.0,0.0,0.3,0.63586676,390.3652
0.00068,0.0,0.0,0.4,0.5673644,394.6979
0.00068,0.0,0.0,0.5,0.569325,393.0813
0.00068,0.0,0.0,0.6,0.5685445,393.49414
0.00068,0.0,0.0,0.7,0.5682738,393.63928
0.00068,0.0,0.0,0.8,0.5681543,393.70358
0.00068,0.0,0.0,0.9,0.56809396,393.73608
0.00068,0.0,0.0,1.0,0.56806034,393.75436
0.00064,1e-04,1e-05,0.0,0.3860198,301.9922
0.00064,1e-04,1e-05,0.1,0.5944948,391.3974
0.00064,1e-04,1e-05,0.2,0.7741119,390.64682
0.00064,1e-04,1e-05,0.3,0.6359074,390.36755
0.00064,1e-04,1e-05,0.4,0.56736016,394.70068
0.00064,1e-04,1e-05,0.5,0.5693253,393.08127
0.00064,1e-04,1e-05,0.6,0.5685447,393.49414
0.00064,1e-04,1e-05,0.7,0.5682739,393.63925
0.00064,1e-04,1e-05,0.8,0.56815445,393.70358
0.00064,1e-04,1e-05,0.9,0.56809384,393.73608
0.00064,1e-04,1e-05,1.0,0.56806046,393.75436
0.00065,8.27e-05,0.0,0.0,0.38601434,301.9914
0.00065,8.27e-05,0.0,0.1,0.59449476,391.39807
0.00065,8.27e-05,0.0,0.2,0.7741136,390.6464
0.00065,8.27e-05,0.0,0.3,0.6359008,390.36722
0.00065,8.27e-05,0.0,0.4,0.56736076,394.70013
0.00065,8.27e-05,0.0,0.5,0.5693252,393.0813
0.00065,8.27e-05,0.0,0.6,0.5685446,393.49414
0.00065,8.27e-05,0.0,0.7,0.5682739,393.63925
0.00065,8.27e-05,0.0,0.8,0.56815445,393.70358
0.00065,8.27e-05,0.0,0.9,0.56809384,393.73608
0.00065,8.27e-05,0.0,1.0,0.56806034,393.75436
0.00065,8.27e-05,1e-05,0.0,0.38603112,301.9939
0.00065,8.27e-05,1e-05,0.1,0.5944948,391.39816
0.00065,8.27e-05,1e-05,0.2,0.7741143,390.6463
0.00065,8.27e-05,1e-05,0.3,0.6359041,390.36734
0.00065,8.27e-05,1e-05,0.4,0.56736064,394.70035
0.00065,8.27e-05,1e-05,0.5,0.56932515,393.08127
0.00065,8.27e-05,1e-05,0.6,0.5685446,393.49414
0.00065,8.27e-05,1e-05,0.7,0.5682739,393.63925
0.00065,8.27e-05,1e-05,0.8,0.56815445,393.70358
0.00065,8.27e-05,1e-05,0.9,0.56809384,393.73608
0.00065,8.27e-05,1e-05,1.0,0.56806034,393.75436
0.00066,1e-04,0.0,0.0,0.38596457,301.98407
0.00066,1e-04,0.0,0.1,0.5944942,391.39407
0.00066,1e-04,0.0,0.2,0.77410305,390.64856
0.00066,1e-04,0.0,0.3,0.63592464,390.36868
0.00066,1e-04,0.0,0.4,0.5673584,394.70172
0.00066,1e-04,0.0,0.5,0.5693254,393.0812
0.00066,1e-04,0.0,0.6,0.5685447,393.49414
0.00066,1e-04,0.0,0.7,0.56827384,393.63925
0.00066,1e-04,0.0,0.8,0.56815445,393.70358
0.00066,1e-04,0.0,0.9,0.56809384,393.73608
0.00066,1e-04,0.0,1.0,0.56806046,393.75436
0.00066,6.69e-05,0.0,0.0,0.38602316,301.99274
0.00066,6.69e-05,0.0,0.1,0.5944948,391.39856
0.00066,6.69e-05,0.0,0.2,0.7741153,390.64612
0.00066,6.69e-05,0.0,0.3,0.6358989,390.36716
0.00066,6.69e-05,0.0,0.4,0.56736094,394.69995
0.00066,6.69e-05,0.0,0.5,0.5693252,393.08127
0.00066,6.69e-05,0.0,0.6,0.5685446,393.49414
0.00066,6.69e-05,0.0,0.7,0.5682739,393.63928
0.00066,6.69e-05,0.0,0.8,0.56815445,393.70358
0.00066,6.69e-05,0.0,0.9,0.56809384,393.73608
0.00066,6.69e-05,0.0,1.0,0.56806034,393.75436
0.00066,6.69e-05,1e-05,0.0,0.38603994,301.99518
0.00066,6.69e-05,1e-05,0.1,0.5944949,391.39868
0.00066,6.69e-05,1e-05,0.2,0.7741158,390.64603
0.00066,6.69e-05,1e-05,0.3,0.6359022,390.36713
0.00066,6.69e-05,1e-05,0.4,0.56736064,394.70023
0.00066,6.69e-05,1e-05,0.5,0.5693252,393.0813
0.00066,6.69e-05,1e-05,0.6,0.56854457,393.49414
0.00066,6.69e-05,1e-05,0.7,0.5682739,393.63925
0.00066,6.69e-05,1e-05,0.8,0.56815445,393.70358
0.00066,6.69e-05,1e-05,0.9,0.56809384,393.73608
0.00066,6.69e-05,1e-05,1.0,0.56806034,393.75436
0.00067,5.1e-05,1e-05,0.0,0.38604903,301.9965
0.00067,5.1e-05,1e-05,0.1,0.59449494,391.39926
0.00067,5.1e-05,1e-05,0.2,0.7741173,390.64572
0.00067,5.1e-05,1e-05,0.3,0.6358999,390.36703
0.00067,5.1e-05,1e-05,0.4,0.56736064,394.70013
0.00067,5.1e-05,1e-05,0.5,0.5693252,393.08127
0.00067,5.1e-05,1e-05,0.6,0.5685446,393.49414
0.00067,5.1e-05,1e-05,0.7,0.5682739,393.63928
0.00067,5.1e-05,1e-05,0.8,0.56815445,393.70358
0.00067,5.1e-05,1e-05,0.9,0.56809384,393.73608
0.00067,5.1e-05,1e-05,1.0,0.56806034,393.75436
0.00067,5.1e-05,0.0,0.0,0.38603216,301.99414
0.00067,5.1e-05,0.0,0.1,0.5944949,391.39914
0.00067,5.1e-05,0.0,0.2,0.7741168,390.64584
0.00067,5.1e-05,0.0,0.3,0.6358966,390.367
0.00067,5.1e-05,0.0,0.4,0.5673613,394.69983
0.00067,5.1e-05,0.0,0.5,0.56932515,393.08127
0.00067,5.1e-05,0.0,0.6,0.5685446,393.49414
0.00067,5.1e-05,0.0,0.7,0.5682739,393.63928
0.00067,5.1e-05,0.0,0.8,0.56815445,393.70358
0.00067,5.1e-05,0.0,0.9,0.56809384,393.73608
0.00067,5.1e-05,0.0,1.0,0.56806034,393.75436
0.000675,4.28e-05,5e-06,0.0,0.38604552,301.99597
0.000675,4.28e-05,5e-06,0.1,0.5944949,391.39948
0.000675,4.28e-05,5e-06,0.2,0.774118,390.64557
0.000675,4.28e-05,5e-06,0.3,0.6358968,390.36694
0.000675,4.28e-05,5e-06,0.4,0.56736106,394.69986
0.000675,4.28e-05,5e-06,0.5,0.56932527,393.08127
0.000675,4.28e-05,5e-06,0.6,0.56854457,393.49414
0.000675,4.28e-05,5e-06,0.7,0.5682739,393.63928
0.000675,4.28e-05,5e-06,0.8,0.56815445,393.70358
0.000675,4.28e-05,5e-06,0.9,0.56809384,393.73608
0.000675,4.28e-05,5e-06,1.0,0.56806034,393.75436
0.00068,3.46e-05,0.0,0.0,0.3860421,301.9955
0.00068,3.46e-05,0.0,0.1,0.59449494,391.39975
0.00068,3.46e-05,0.0,0.2,0.7741186,390.64545
0.00068,3.46e-05,0.0,0.3,0.63589394,390.36685
0.00068,3.46e-05,0.0,0.4,0.56736135,394.6997
0.00068,3.46e-05,0.0,0.5,0.5693251,393.08127
0.00068,3.46e-05,0.0,0.6,0.5685446,393.49414
0.00068,3.46e-05,0.0,0.7,0.56827396,393.63928
0.00068,3.46e-05,0.0,0.8,0.5681544,393.70358
0.00068,3.46e-05,0.0,0.9,0.56809384,393.73608
0.00068,3.46e-05,0.0,1.0,0.56806034,393.75436
0.00068,3.46e-05,1e-05,0.0,0.38605878,301.99792
0.00068,3.46e-05,1e-05,0.1,0.59449494,391.39984
0.00068,3.46e-05,1e-05,0.2,0.77411914,390.64532
0.00068,3.46e-05,1e-05,0.3,0.6358972,390.36685
0.00068,3.46e-05,1e-05,0.4,0.56736094,394.69998
0.00068,3.46e-05,1e-05,0.5,0.5693252,393.0813
0.00068,3.46e-05,1e-05,0.6,0.5685446,393.49414
0.00068,3.46e-05,1e-05,0.7,0.56827396,393.63928
0.00068,3.46e-05,1e-05,0.8,0.56815445,393.70358
0.00068,3.46e-05,1e-05,0.9,0.56809384,393.73608
0.00068,3.46e-05,1e-05,1.0,0.56806034,393.75436
0.00069,1.73e-05,1e-05,0.0,0.38607016,301.99957
0.00069,1.73e-05,1e-05,0.1,0.59449506,391.40054
0.00069,1.73e-05,1e-05,0.2,0.774121,390.64505
0.00069,1.73e-05,1e-05,0.3,0.635894,390.3667
0.00069,1.73e-05,1e-05,0.4,0.56736135,394.6998
0.00069,1.73e-05,1e-05,0.5,0.5693251,393.0813
0.00069,1.73e-05,1e-05,0.6,0.5685446,393.49414
0.00069,1.73e-05,1e-05,0.7,0.56827396,393.63928
0.00069,1.73e-05,1e-05,0.8,0.5681544,393.70358
0.00069,1.73e-05,1e-05,0.9,0.56809384,393.73608
0.00069,1.73e-05,1e-05,1.0,0.56806034,393.75436
0.00069,1.73e-05,0.0,0.0,0.38605347,301.99722
0.00069,1.73e-05,0.0,0.1,0.5944951,391.40045
0.00069,1.73e-05,0.0,0.2,0.7741204,390.64514
0.00069,1.73e-05,0.0,0.3,0.63589084,390.36667
0.00069,1.73e-05,0.0,0.4,0.5673618,394.69952
0.00069,1.73e-05,0.0,0.5,0.56932515,393.0813
0.00069,1.73e-05,0.0,0.6,0.5685446,393.49414
0.00069,1.73e-05,0.0,0.7,0.56827396,393.63928
0.00069,1.73e-05,0.0,0.8,0.56815434,393.70358
0.00069,1.73e-05,0.0,0.9,0.5680939,393.73608
0.00069,1.73e-05,0.0,1.0,0.56806034,393.75436
0.0007,0.0,1e-05,0.0,0.38608155,302.00134
0.0007,0.0,1e-05,0.1,0.59449524,391.40134
0.0007,0.0,1e-05,0.2,0.77412313,390.64462
0.0007,0.0,1e-05,0.3,0.6358905,390.36655
0.0007,0.0,1e-05,0.4,0.5673615,394.69965
0.0007,0.0,1e-05,0.5,0.56932515,393.0813
0.0007,0.0,1e-05,0.6,0.56854457,393.49414
0.0007,0.0,1e-05,0.7,0.56827396,393.63928
0.0007,0.0,1e-05,0.8,0.56815434,393.70358
0.0007,0.0,1e-05,0.9,0.5680939,393.73608
0.0007,0.0,1e-05,1.0,0.56806034,393.75436
0.0007,0.0,0.0,0.0,0.38606504,301.99887
0.0007,0.0,0.0,0.1,0.5944952,391.4012
0.0007,0.0,0.0,0.2,0.77412254,390.6447
0.0007,0.0,0.0,0.3,0.6358875,390.36646
0.0007,0.0,0.0,0.4,0.567362,394.69925
0.0007,0.0,0.0,0.5,0.56932515,393.0813
0.0007,0.0,0.0,0.6,0.56854457,393.49414
0.0007,0.0,0.0,0.7,0.56827396,393.63928
0.0007,0.0,0.0,0.8,0.5681543,393.70358
0.0007,0.0,0.0,0.9,0.5680939,393.73608
0.0007,0.0,0.0,1.0,0.56806034,393.75436
0.00066,1e-04,1e-05,0.0,0.38598123,301.98654
0.00066,1e-04,1e-05,0.1,0.5944943,391.39413
0.00066,1e-04,1e-05,0.2,0.7741032,390.64853
0.00066,1e-04,1e-05,0.3,0.635928,390.36884
0.00066,1e-04,1e-05,0.4,0.567358,394.70206
0.00066,1e-04,1e-05,0.5,0.5693254,393.0812
0.00066,1e-04,1e-05,0.6,0.5685447,393.49414
0.00066,1e-04,1e-05,0.7,0.56827384,393.63925
0.00066,1e-04,1e-05,0.8,0.56815445,393.70358
0.00066,1e-04,1e-05,0.9,0.56809384,393.73608
0.00066,1e-04,1e-05,1.0,0.56806046,393.75436
0.00067,8.27e-05,0.0,0.0,0.38597593,301.9858
0.00067,8.27e-05,0.0,0.1,0.5944944,391.39487
0.00067,8.27e-05,0.0,0.2,0.77410537,390.64804
0.00067,8.27e-05,0.0,0.3,0.63592154,390.36853
0.00067,8.27e-05,0.0,0.4,0.56735855,394.70157
0.00067,8.27e-05,0.0,0.5,0.5693254,393.0812
0.00067,8.27e-05,0.0,0.6,0.5685447,393.49414
0.00067,8.27e-05,0.0,0.7,0.56827384,393.63925
0.00067,8.27e-05,0.0,0.8,0.56815445,393.70358
0.00067,8.27e-05,0.0,0.9,0.56809384,393.73608
0.00067,8.27e-05,0.0,1.0,0.56806046,393.75436
0.00067,8.27e-05,1e-05,0.0,0.38599283,301.9883
0.00067,8.27e-05,1e-05,0.1,0.59449434,391.395
0.00067,8.27e-05,1e-05,0.2,0.77410567,390.64795
0.00067,8.27e-05,1e-05,0.3,0.63592446,390.3686
0.00067,8.27e-05,1e-05,0.4,0.5673582,394.7019
0.00067,8.27e-05,1e-05,0.5,0.5693254,393.0812
0.00067,8.27e-05,1e-05,0.6,0.5685447,393.49414
0.00067,8.27e-05,1e-05,0.7,0.56827384,393.63925
0.00067,8.27e-05,1e-05,0.8,0.56815445,393.70358
0.00067,8.27e-05,1e-05,0.9,0.56809384,393.73608
0.00067,8.27e-05,1e-05,1.0,0.56806046,393.75436
0.00068,1e-04,0.0,0.0,0.38592592,301.97852
0.00068,1e-04,0.0,0.1,0.5944938,391.39078
0.00068,1e-04,0.0,0.2,0.77409416,390.65036
0.00068,1e-04,0.0,0.3,0.63594496,390.36993
0.00068,1e-04,0.0,0.4,0.5673561,394.70325
0.00068,1e-04,0.0,0.5,0.5693255,393.08115
0.00068,1e-04,0.0,0.6,0.5685447,393.49414
0.00068,1e-04,0.0,0.7,0.5682739,393.63925
0.00068,1e-04,0.0,0.8,0.56815445,393.70358
0.00068,1e-04,0.0,0.9,0.5680939,393.73608
0.00068,1e-04,0.0,1.0,0.5680604,393.75436
0.00068,6.69e-05,0.0,0.0,0.3859847,301.98706
0.00068,6.69e-05,0.0,0.1,0.59449446,391.39532
0.00068,6.69e-05,0.0,0.2,0.7741071,390.64774
0.00068,6.69e-05,0.0,0.3,0.6359194,390.36835
0.00068,6.69e-05,0.0,0.4,0.5673586,394.7014
0.00068,6.69e-05,0.0,0.5,0.5693254,393.08124
0.00068,6.69e-05,0.0,0.6,0.5685447,393.49414
0.00068,6.69e-05,0.0,0.7,0.56827384,393.63925
0.00068,6.69e-05,0.0,0.8,0.56815445,393.70358
0.00068,6.69e-05,0.0,0.9,0.56809384,393.73608
0.00068,6.69e-05,0.0,1.0,0.56806046,393.75436
0.00068,6.69e-05,1e-05,0.0,0.38600147,301.98953
0.00068,6.69e-05,1e-05,0.1,0.59449434,391.39545
0.00068,6.69e-05,1e-05,0.2,0.77410734,390.6476
0.00068,6.69e-05,1e-05,0.3,0.6359225,390.36835
0.00068,6.69e-05,1e-05,0.4,0.5673585,394.70172
0.00068,6.69e-05,1e-05,0.5,0.5693254,393.0812
0.00068,6.69e-05,1e-05,0.6,0.5685447,393.49414
0.00068,6.69e-05,1e-05,0.7,0.56827384,393.63925
0.00068,6.69e-05,1e-05,0.8,0.56815445,393.70358
0.00068,6.69e-05,1e-05,0.9,0.56809384,393.73608
0.00068,6.69e-05,1e-05,1.0,0.56806046,393.75436
0.00069,5.1e-05,0.0,0.0,0.3859938,301.98846
0.00069,5.1e-05,0.0,0.1,0.5944944,391.39584
0.00069,5.1e-05,0.0,0.2,0.7741085,390.6474
0.00069,5.1e-05,0.0,0.3,0.6359172,390.3681
0.00069,5.1e-05,0.0,0.4,0.567359,394.70135
0.00069,5.1e-05,0.0,0.5,0.5693252,393.08124
0.00069,5.1e-05,0.0,0.6,0.5685447,393.49414
0.00069,5.1e-05,0.0,0.7,0.56827384,393.63925
0.00069,5.1e-05,0.0,0.8,0.5681544,393.70358
0.00069,5.1e-05,0.0,0.9,0.56809384,393.73608
0.00069,5.1e-05,0.0,1.0,0.56806046,393.75436
0.00069,5.1e-05,1e-05,0.0,0.38601047,301.99078
0.00069,5.1e-05,1e-05,0.1,0.59449464,391.3959
0.00069,5.1e-05,1e-05,0.2,0.7741089,390.64728
0.00069,5.1e-05,1e-05,0.3,0.63592017,390.36826
0.00069,5.1e-05,1e-05,0.4,0.5673585,394.7016
0.00069,5.1e-05,1e-05,0.5,0.5693254,393.08124
0.00069,5.1e-05,1e-05,0.6,0.5685447,393.49414
0.00069,5.1e-05,1e-05,0.7,0.56827384,393.63925
0.00069,5.1e-05,1e-05,0.8,0.56815445,393.70358
0.00069,5.1e-05,1e-05,0.9,0.56809384,393.73608
0.00069,5.1e-05,1e-05,1.0,0.56806046,393.75436
0.0007,3.46e-05,0.0,0.0,0.38600364,301.9898
0.0007,3.46e-05,0.0,0.1,0.5944945,391.39642
0.0007,3.46e-05,0.0,0.2,0.7741102,390.6471
0.0007,3.46e-05,0.0,0.3,0.6359147,390.3679
0.0007,3.46e-05,0.0,0.4,0.5673591,394.7012
0.0007,3.46e-05,0.0,0.5,0.5693252,393.08127
0.0007,3.46e-05,0.0,0.6,0.56854475,393.49414
0.0007,3.46e-05,0.0,0.7,0.56827384,393.63925
0.0007,3.46e-05,0.0,0.8,0.5681544,393.70358
0.0007,3.46e-05,0.0,0.9,0.56809384,393.73608
0.0007,3.46e-05,0.0,1.0,0.56806046,393.75436
0.0007,3.46e-05,1e-05,0.0,0.38602045,301.9923
0.0007,3.46e-05,1e-05,0.1,0.5944946,391.3965
0.0007,3.46e-05,1e-05,0.2,0.7741106,390.64697
0.0007,3.46e-05,1e-05,0.3,0.6359176,390.36804
0.0007,3.46e-05,1e-05,0.4,0.56735855,394.7014
0.0007,3.46e-05,1e-05,0.5,0.5693252,393.08124
0.0007,3.46e-05,1e-05,0.6,0.56854475,393.49414
0.0007,3.46e-05,1e-05,0.7,0.56827384,393.63925
0.0007,3.46e-05,1e-05,0.8,0.5681544,393.70358
0.0007,3.46e-05,1e-05,0.9,0.5680939,393.73608
0.0007,3.46e-05,1e-05,1.0,0.56806046,393.75436
0.00071,1.73e-05,0.0,0.0,0.38601512,301.99146
0.00071,1.73e-05,0.0,0.1,0.5944946,391.39713
0.00071,1.73e-05,0.0,0.2,0.77411246,390.64664
0.00071,1.73e-05,0.0,0.3,0.63591117,390.36768
0.00071,1.73e-05,0.0,0.4,0.5673594,394.70096
0.00071,1.73e-05,0.0,0.5,0.5693253,393.08127
0.00071,1.73e-05,0.0,0.6,0.5685447,393.49414
0.00071,1.73e-05,0.0,0.7,0.5682739,393.63925
0.00071,1.73e-05,0.0,0.8,0.5681544,393.70358
0.00071,1.73e-05,0.0,0.9,0.56809384,393.73608
0.00071,1.73e-05,0.0,1.0,0.56806046,393.75436
0.00071,1.73e-05,1e-05,0.0,0.38603184,301.99402
0.00071,1.73e-05,1e-05,0.1,0.59449464,391.39722
0.00071,1.73e-05,1e-05,0.2,0.77411306,390.64664
0.00071,1.73e-05,1e-05,0.3,0.6359143,390.36783
0.00071,1.73e-05,1e-05,0.4,0.56735903,394.70132
0.00071,1.73e-05,1e-05,0.5,0.5693252,393.08127
0.00071,1.73e-05,1e-05,0.6,0.5685447,393.49414
0.00071,1.73e-05,1e-05,0.7,0.5682739,393.63925
0.00071,1.73e-05,1e-05,0.8,0.5681544,393.70358
0.00071,1.73e-05,1e-05,0.9,0.56809384,393.73608
0.00071,1.73e-05,1e-05,1.0,0.56806046,393.75436
0.00072,0.0,0.0,0.0,0.38602653,301.99323
0.00072,0.0,0.0,0.1,0.5944948,391.3979
0.00072,0.0,0.0,0.2,0.7741147,390.64624
0.00072,0.0,0.0,0.3,0.6359079,390.3674
0.00072,0.0,0.0,0.4,0.5673599,394.70084
0.00072,0.0,0.0,0.5,0.56932527,393.08127
0.00072,0.0,0.0,0.6,0.5685446,393.49414
0.00072,0.0,0.0,0.7,0.5682739,393.63925
0.00072,0.0,0.0,0.8,0.56815445,393.70358
0.00072,0.0,0.0,0.9,0.56809384,393.73608
0.00072,0.0,0.0,1.0,0.56806034,393.75436
0.00072,0.0,1e-05,0.0,0.3860432,301.99557
0.00072,0.0,1e-05,0.1,0.59449476,391.39798
0.00072,0.0,1e-05,0.2,0.7741152,390.64615
0.00072,0.0,1e-05,0.3,0.63591087,390.3676
0.00072,0.0,1e-05,0.4,0.5673594,394.70108
0.00072,0.0,1e-05,0.5,0.5693253,393.08127
0.00072,0.0,1e-05,0.6,0.5685446,393.49414
0.00072,0.0,1e-05,0.7,0.5682739,393.63925
0.00072,0.0,1e-05,0.8,0.5681544,393.70358
0.00072,0.0,1e-05,0.9,0.56809384,393.73608
0.00072,0.0,1e-05,1.0,0.56806046,393.75436
0.00068,1e-04,1e-05,0.0,0.38594285,301.98087
0.00068,1e-04,1e-05,0.1,0.5944938,391.39087
0.00068,1e-04,1e-05,0.2,0.77409446,390.65018
0.00068,1e-04,1e-05,0.3,0.6359479,390.37006
0.00068,1e-04,1e-05,0.4,0.56735575,394.70343
0.00068,1e-04,1e-05,0.5,0.56932545,393.08118
0.00068,1e-04,1e-05,0.6,0.5685447,393.49414
0.00068,1e-04,1e-05,0.7,0.5682739,393.63925
0.00068,1e-04,1e-05,0.8,0.56815445,393.70358
0.00068,1e-04,1e-05,0.9,0.5680939,393.73608
0.00068,1e-04,1e-05,1.0,0.5680604,393.75436
0.00069,8.27e-05,0.0,0.0,0.3859374,301.98007
0.00069,8.27e-05,0.0,0.1,0.5944938,391.39145
0.00069,8.27e-05,0.0,0.2,0.77409637,390.6499
0.00069,8.27e-05,0.0,0.3,0.63594174,390.36972
0.00069,8.27e-05,0.0,0.4,0.56735647,394.703
0.00069,8.27e-05,0.0,0.5,0.56932545,393.0812
0.00069,8.27e-05,0.0,0.6,0.5685446,393.49414
0.00069,8.27e-05,0.0,0.7,0.56827384,393.63928
0.00069,8.27e-05,0.0,0.8,0.5681544,393.70358
0.00069,8.27e-05,0.0,0.9,0.5680939,393.73608
0.00069,8.27e-05,0.0,1.0,0.5680604,393.75436
0.00069,8.27e-05,1e-05,0.0,0.38595426,301.9826
0.00069,8.27e-05,1e-05,0.1,0.59449387,391.39154
0.00069,8.27e-05,1e-05,0.2,0.7740968,390.6498
0.00069,8.27e-05,1e-05,0.3,0.6359447,390.36984
0.00069,8.27e-05,1e-05,0.4,0.567356,394.70337
0.00069,8.27e-05,1e-05,0.5,0.56932545,393.08118
0.00069,8.27e-05,1e-05,0.6,0.5685447,393.49414
0.00069,8.27e-05,1e-05,0.7,0.5682739,393.63925
0.00069,8.27e-05,1e-05,0.8,0.56815445,393.70358
0.00069,8.27e-05,1e-05,0.9,0.5680939,393.73608
0.00069,8.27e-05,1e-05,1.0,0.5680604,393.75436
0.0007,1e-04,0.0,0.0,0.3858876,301.97275
0.0007,1e-04,0.0,0.1,0.5944934,391.3875
0.0007,1e-04,0.0,0.2,0.7740847,390.65225
0.0007,1e-04,0.0,0.3,0.635965,390.37134
0.0007,1e-04,0.0,0.4,0.56735384,394.70474
0.0007,1e-04,0.0,0.5,0.5693254,393.08112
0.0007,1e-04,0.0,0.6,0.5685448,393.49408
0.0007,1e-04,0.0,0.7,0.56827384,393.63925
0.0007,1e-04,0.0,0.8,0.5681544,393.70358
0.0007,1e-04,0.0,0.9,0.56809384,393.73608
0.0007,1e-04,0.0,1.0,0.56806046,393.75436
0.0007,6.69e-05,0.0,0.0,0.3859464,301.98148
0.0007,6.69e-05,0.0,0.1,0.59449387,391.392
0.0007,6.69e-05,0.0,0.2,0.77409804,390.64957
0.0007,6.69e-05,0.0,0.3,0.63593966,390.36963
0.0007,6.69e-05,0.0,0.4,0.56735647,394.70288
0.0007,6.69e-05,0.0,0.5,0.56932545,393.08118
0.0007,6.69e-05,0.0,0.6,0.5685447,393.49414
0.0007,6.69e-05,0.0,0.7,0.56827384,393.63925
0.0007,6.69e-05,0.0,0.8,0.5681544,393.70358
0.0007,6.69e-05,0.0,0.9,0.5680939,393.73608
0.0007,6.69e-05,0.0,1.0,0.5680604,393.75436
0.0007,6.69e-05,1e-05,0.0,0.38596317,301.9838
0.0007,6.69e-05,1e-05,0.1,0.5944939,391.3921
0.0007,6.69e-05,1e-05,0.2,0.77409846,390.6495
0.0007,6.69e-05,1e-05,0.3,0.63594264,390.36972
0.0007,6.69e-05,1e-05,0.4,0.5673561,394.70325
0.0007,6.69e-05,1e-05,0.5,0.56932545,393.0812
0.0007,6.69e-05,1e-05,0.6,0.5685446,393.49414
0.0007,6.69e-05,1e-05,0.7,0.5682739,393.63925
0.0007,6.69e-05,1e-05,0.8,0.5681544,393.70358
0.0007,6.69e-05,1e-05,0.9,0.5680939,393.73608
0.0007,6.69e-05,1e-05,1.0,0.5680604,393.75436
0.00073,1.73e-05,0.0,0.0,0.38597676,301.9859
0.00073,1.73e-05,0.0,0.1,0.5944941,391.3939
0.00073,1.73e-05,0.0,0.2,0.7741039,390.64844
0.00073,1.73e-05,0.0,0.3,0.63593155,390.36896
0.00073,1.73e-05,0.0,0.4,0.5673573,394.70236
0.00073,1.73e-05,0.0,0.5,0.56932545,393.0812
0.00073,1.73e-05,0.0,0.6,0.5685447,393.49414
0.00073,1.73e-05,0.0,0.7,0.56827384,393.63925
0.00073,1.73e-05,0.0,0.8,0.56815445,393.70358
0.00073,1.73e-05,0.0,0.9,0.5680939,393.73608
0.00073,1.73e-05,0.0,1.0,0.5680604,393.75436
0.00074,0.0,0.0,0.0,0.38598812,301.9876
0.00074,0.0,0.0,0.1,0.5944943,391.39462
0.00074,0.0,0.0,0.2,0.77410626,390.6479
0.00074,0.0,0.0,0.3,0.63592815,390.36868
0.00074,0.0,0.0,0.4,0.56735754,394.70218
0.00074,0.0,0.0,0.5,0.5693254,393.0812
0.00074,0.0,0.0,0.6,0.56854475,393.49414
0.00074,0.0,0.0,0.7,0.56827384,393.63925
0.00074,0.0,0.0,0.8,0.56815445,393.70358
0.00074,0.0,0.0,0.9,0.5680939,393.73608
0.00074,0.0,0.0,1.0,0.5680604,393.75436
0.00074,0.0,1e-05,0.0,0.3860048,301.99
0.00074,0.0,1e-05,0.1,0.59449446,391.3948
0.00074,0.0,1e-05,0.2,0.7741066,390.64786
0.00074,0.0,1e-05,0.3,0.63593125,390.36877
0.00074,0.0,1e-05,0.4,0.5673571,394.70245
0.00074,0.0,1e-05,0.5,0.56932545,393.0812
0.00074,0.0,1e-05,0.6,0.5685447,393.49414
0.00074,0.0,1e-05,0.7,0.56827384,393.63925
0.00074,0.0,1e-05,0.8,0.56815445,393.70358
0.00074,0.0,1e-05,0.9,0.5680939,393.73608
0.00074,0.0,1e-05,1.0,0.5680604,393.75436
0.00072,3.46e-05,0.0,0.0,0.38596523,301.9842
0.00072,3.46e-05,0.0,0.1,0.5944941,391.39313
0.00072,3.46e-05,0.0,0.2,0.7741017,390.6488
0.00072,3.46e-05,0.0,0.3,0.63593477,390.3692
0.00072,3.46e-05,0.0,0.4,0.56735694,394.70258
0.00072,3.46e-05,0.0,0.5,0.5693254,393.0812
0.00072,3.46e-05,0.0,0.6,0.56854475,393.49414
0.00072,3.46e-05,0.0,0.7,0.56827384,393.63925
0.00072,3.46e-05,0.0,0.8,0.56815445,393.70358
0.00072,3.46e-05,0.0,0.9,0.56809384,393.73608
0.00072,3.46e-05,0.0,1.0,0.5680604,393.75436
0.00071,5.1e-05,0.0,0.0,0.38595527,301.98267
0.00071,5.1e-05,0.0,0.1,0.594494,391.39252
0.00071,5.1e-05,0.0,0.2,0.7740997,390.64923
0.00071,5.1e-05,0.0,0.3,0.6359374,390.3694
0.00071,5.1e-05,0.0,0.4,0.5673568,394.7028
0.00071,5.1e-05,0.0,0.5,0.5693255,393.0812
0.00071,5.1e-05,0.0,0.6,0.5685447,393.49414
0.00071,5.1e-05,0.0,0.7,0.56827384,393.63925
0.00071,5.1e-05,0.0,0.8,0.5681544,393.70358
0.00071,5.1e-05,0.0,0.9,0.56809384,393.73608
0.00071,5.1e-05,0.0,1.0,0.5680604,393.75436
0.00071,5.1e-05,1e-05,0.0,0.38597208,301.9852
0.00071,5.1e-05,1e-05,0.1,0.59449404,391.39258
0.00071,5.1e-05,1e-05,0.2,0.77410024,390.6491
0.00071,5.1e-05,1e-05,0.3,0.6359405,390.3696
0.00071,5.1e-05,1e-05,0.4,0.5673564,394.70306
0.00071,5.1e-05,1e-05,0.5,0.5693255,393.0812
0.00071,5.1e-05,1e-05,0.6,0.5685447,393.49414
0.00071,5.1e-05,1e-05,0.7,0.5682738,393.63925
0.00071,5.1e-05,1e-05,0.8,0.5681544,393.70358
0.00071,5.1e-05,1e-05,0.9,0.5680939,393.73608
0.00071,5.1e-05,1e-05,1.0,0.5680604,393.75436
0.00072,3.46e-05,1e-05,0.0,0.38598183,301.98657
0.00072,3.46e-05,1e-05,0.1,0.5944941,391.3932
0.00072,3.46e-05,1e-05,0.2,0.7741021,390.6488
0.00072,3.46e-05,1e-05,0.3,0.63593787,390.36932
0.00072,3.46e-05,1e-05,0.4,0.56735647,394.70288
0.00072,3.46e-05,1e-05,0.5,0.5693255,393.08118
0.00072,3.46e-05,1e-05,0.6,0.5685447,393.49414
0.00072,3.46e-05,1e-05,0.7,0.56827384,393.63925
0.00072,3.46e-05,1e-05,0.8,0.5681544,393.70358
0.00072,3.46e-05,1e-05,0.9,0.56809384,393.73608
0.00072,3.46e-05,1e-05,1.0,0.5680604,393.75436
0.00073,1.73e-05,1e-05,0.0,0.38599348,301.98834
0.00073,1.73e-05,1e-05,0.1,0.59449416,391.39398
0.00073,1.73e-05,1e-05,0.2,0.7741044,390.64838
0.00073,1.73e-05,1e-05,0.3,0.63593477,390.36914
0.00073,1.73e-05,1e-05,0.4,0.5673568,394.7027
0.00073,1.73e-05,1e-05,0.5,0.56932545,393.0812
0.00073,1.73e-05,1e-05,0.6,0.5685447,393.49414
0.00073,1.73e-05,1e-05,0.7,0.56827384,393.63925
0.00073,1.73e-05,1e-05,0.8,0.56815445,393.70358
0.00073,1.73e-05,1e-05,0.9,0.56809384,393.73608
0.00073,1.73e-05,1e-05,1.0,0.5680604,393.75436
0.0007,1e-04,1e-05,0.0,0.3859043,301.97513
0.0007,1e-04,1e-05,0.1,0.59449345,391.38757
0.0007,1e-04,1e-05,0.2,0.7740849,390.65225
0.0007,1e-04,1e-05,0.3,0.6359681,390.3714
0.0007,1e-04,1e-05,0.4,0.56735325,394.70502
0.0007,1e-04,1e-05,0.5,0.5693254,393.08112
0.0007,1e-04,1e-05,0.6,0.56854475,393.4941
0.0007,1e-04,1e-05,0.7,0.56827384,393.63925
0.0007,1e-04,1e-05,0.8,0.5681544,393.70358
0.0007,1e-04,1e-05,0.9,0.56809384,393.73608
0.0007,1e-04,1e-05,1.0,0.56806046,393.75436
0.00071,8.27e-05,0.0,0.0,0.38589898,301.9744
0.00071,8.27e-05,0.0,0.1,0.59449357,391.3882
0.00071,8.27e-05,0.0,0.2,0.7740871,390.65182
0.00071,8.27e-05,0.0,0.3,0.63596183,390.371
0.00071,8.27e-05,0.0,0.4,0.567354,394.7045
0.00071,8.27e-05,0.0,0.5,0.5693253,393.08112
0.00071,8.27e-05,0.0,0.6,0.56854475,393.49408
0.00071,8.27e-05,0.0,0.7,0.5682738,393.63928
0.00071,8.27e-05,0.0,0.8,0.5681544,393.70358
0.00071,8.27e-05,0.0,0.9,0.56809384,393.73608
0.00071,8.27e-05,0.0,1.0,0.5680604,393.75436
0.00071,8.27e-05,1e-05,0.0,0.38591582,301.9769
0.00071,8.27e-05,1e-05,0.1,0.5944936,391.3883
0.00071,8.27e-05,1e-05,0.2,0.7740874,390.6518
0.00071,8.27e-05,1e-05,0.3,0.6359648,390.37115
0.00071,8.27e-05,1e-05,0.4,0.5673535,394.70483
0.00071,8.27e-05,1e-05,0.5,0.5693254,393.08112
0.00071,8.27e-05,1e-05,0.6,0.56854475,393.49408
0.00071,8.27e-05,1e-05,0.7,0.56827384,393.63925
0.00071,8.27e-05,1e-05,0.8,0.5681544,393.70358
0.00071,8.27e-05,1e-05,0.9,0.56809384,393.73608
0.00071,8.27e-05,1e-05,1.0,0.56806046,393.75436
0.00072,1e-04,0.0,0.0,0.38584897,301.9671
0.00072,1e-04,0.0,0.1,0.59449285,391.38425
0.00072,1e-04,0.0,0.2,0.77407485,390.6542
0.00072,1e-04,0.0,0.3,0.63598514,390.37265
0.00072,1e-04,0.0,0.4,0.56735146,394.70605
0.00072,1e-04,0.0,0.5,0.5693254,393.0811
0.00072,1e-04,0.0,0.6,0.5685448,393.49408
0.00072,1e-04,0.0,0.7,0.5682738,393.63925
0.00072,1e-04,0.0,0.8,0.5681544,393.70358
0.00072,1e-04,0.0,0.9,0.56809384,393.73608
0.00072,1e-04,0.0,1.0,0.56806046,393.75436
0.00072,6.69e-05,0.0,0.0,0.3859079,301.9758
0.00072,6.69e-05,0.0,0.1,0.5944936,391.38873
0.00072,6.69e-05,0.0,0.2,0.774089,390.65146
0.00072,6.69e-05,0.0,0.3,0.63595974,390.37085
0.00072,6.69e-05,0.0,0.4,0.56735426,394.70435
0.00072,6.69e-05,0.0,0.5,0.56932545,393.08115
0.00072,6.69e-05,0.0,0.6,0.5685449,393.49414
0.00072,6.69e-05,0.0,0.7,0.5682738,393.63925
0.00072,6.69e-05,0.0,0.8,0.5681544,393.70358
0.00072,6.69e-05,0.0,0.9,0.56809384,393.73608
0.00072,6.69e-05,0.0,1.0,0.5680604,393.75436
0.00072,6.69e-05,1e-05,0.0,0.38592455,301.97818
0.00072,6.69e-05,1e-05,0.1,0.5944936,391.3888
0.00072,6.69e-05,1e-05,0.2,0.77408934,390.6514
0.00072,6.69e-05,1e-05,0.3,0.6359628,390.37097
0.00072,6.69e-05,1e-05,0.4,0.56735396,394.70465
0.00072,6.69e-05,1e-05,0.5,0.5693253,393.08112
0.00072,6.69e-05,1e-05,0.6,0.5685448,393.4941
0.00072,6.69e-05,1e-05,0.7,0.5682738,393.63928
0.00072,6.69e-05,1e-05,0.8,0.5681544,393.70358
0.00072,6.69e-05,1e-05,0.9,0.56809384,393.73608
0.00072,6.69e-05,1e-05,1.0,0.5680604,393.75436
0.00076,0.0,0.0,0.0,0.3859498,301.98193
0.00076,0.0,0.0,0.1,0.59449387,391.3913
0.00076,0.0,0.0,0.2,0.7740971,390.64975
0.00076,0.0,0.0,0.3,0.6359485,390.37
0.00076,0.0,0.0,0.4,0.56735545,394.70364
0.00076,0.0,0.0,0.5,0.56932545,393.08118
0.00076,0.0,0.0,0.6,0.5685447,393.49414
0.00076,0.0,0.0,0.7,0.5682739,393.63925
0.00076,0.0,0.0,0.8,0.5681544,393.70358
0.00076,0.0,0.0,0.9,0.56809384,393.73608
0.00076,0.0,0.0,1.0,0.5680604,393.75436
0.00076,0.0,1e-05,0.0,0.38596645,301.9843
0.00076,0.0,1e-05,0.1,0.5944939,391.3914
0.00076,0.0,1e-05,0.2,0.77409756,390.64966
0.00076,0.0,1e-05,0.3,0.6359517,390.37006
0.00076,0.0,1e-05,0.4,0.5673548,394.70392
0.00076,0.0,1e-05,0.5,0.5693255,393.08118
0.00076,0.0,1e-05,0.6,0.5685447,393.49414
0.00076,0.0,1e-05,0.7,0.5682739,393.63925
0.00076,0.0,1e-05,0.8,0.56815445,393.70358
0.00076,0.0,1e-05,0.9,0.56809384,393.73608
0.00076,0.0,1e-05,1.0,0.5680604,393.75436
0.00075,1.73e-05,0.0,0.0,0.38593802,301.98022
0.00075,1.73e-05,0.0,0.1,0.59449375,391.3906
0.00075,1.73e-05,0.0,0.2,0.77409464,390.65018
0.00075,1.73e-05,0.0,0.3,0.6359518,390.3702
0.00075,1.73e-05,0.0,0.4,0.56735486,394.70386
0.00075,1.73e-05,0.0,0.5,0.56932545,393.08118
0.00075,1.73e-05,0.0,0.6,0.5685447,393.49414
0.00075,1.73e-05,0.0,0.7,0.5682739,393.63925
0.00075,1.73e-05,0.0,0.8,0.56815445,393.70358
0.00075,1.73e-05,0.0,0.9,0.5680939,393.73608
0.00075,1.73e-05,0.0,1.0,0.5680604,393.75436
0.00075,1.73e-05,1e-05,0.0,0.3859548,301.98264
0.00075,1.73e-05,1e-05,0.1,0.59449387,391.3907
0.00075,1.73e-05,1e-05,0.2,0.7740952,390.65005
0.00075,1.73e-05,1e-05,0.3,0.6359549,390.37033
0.00075,1.73e-05,1e-05,0.4,0.5673546,394.7041
0.00075,1.73e-05,1e-05,0.5,0.5693255,393.08115
0.00075,1.73e-05,1e-05,0.6,0.56854475,393.49414
0.00075,1.73e-05,1e-05,0.7,0.5682739,393.63925
0.00075,1.73e-05,1e-05,0.8,0.56815445,393.70358
0.00075,1.73e-05,1e-05,0.9,0.5680939,393.73608
0.00075,1.73e-05,1e-05,1.0,0.5680604,393.75436
0.00074,3.46e-05,0.0,0.0,0.38592675,301.97855
0.00074,3.46e-05,0.0,0.1,0.5944936,391.38986
0.00074,3.46e-05,0.0,0.2,0.77409256,390.65067
0.00074,3.46e-05,0.0,0.3,0.63595504,390.37045
0.00074,3.46e-05,0.0,0.4,0.5673547,394.704
0.00074,3.46e-05,0.0,0.5,0.5693255,393.08112
0.00074,3.46e-05,0.0,0.6,0.56854486,393.49414
0.00074,3.46e-05,0.0,0.7,0.5682739,393.63925
0.00074,3.46e-05,0.0,0.8,0.56815445,393.70358
0.00074,3.46e-05,0.0,0.9,0.56809384,393.73608
0.00074,3.46e-05,0.0,1.0,0.5680604,393.75436
0.00073,5.1e-05,0.0,0.0,0.38591683,301.97702
0.00073,5.1e-05,0.0,0.1,0.5944936,391.38922
0.00073,5.1e-05,0.0,0.2,0.7740907,390.6511
0.00073,5.1e-05,0.0,0.3,0.6359573,390.37064
0.00073,5.1e-05,0.0,0.4,0.56735456,394.7042
0.00073,5.1e-05,0.0,0.5,0.56932545,393.08115
0.00073,5.1e-05,0.0,0.6,0.56854486,393.49414
0.00073,5.1e-05,0.0,0.7,0.5682739,393.63925
0.00073,5.1e-05,0.0,0.8,0.5681544,393.70358
0.00073,5.1e-05,0.0,0.9,0.56809384,393.73608
0.00073,5.1e-05,0.0,1.0,0.5680604,393.75436
0.00073,5.1e-05,1e-05,0.0,0.38593358,301.97952
0.00073,5.1e-05,1e-05,0.1,0.59449357,391.38934
0.00073,5.1e-05,1e-05,0.2,0.7740911,390.65097
0.00073,5.1e-05,1e-05,0.3,0.63596046,390.3708
0.00073,5.1e-05,1e-05,0.4,0.567354,394.70453
0.00073,5.1e-05,1e-05,0.5,0.56932545,393.08115
0.00073,5.1e-05,1e-05,0.6,0.5685449,393.49414
0.00073,5.1e-05,1e-05,0.7,0.5682739,393.63925
0.00073,5.1e-05,1e-05,0.8,0.5681544,393.70358
0.00073,5.1e-05,1e-05,0.9,0.56809384,393.73608
0.00073,5.1e-05,1e-05,1.0,0.5680604,393.75436
0.00074,3.46e-05,1e-05,0.0,0.3859434,301.98096
0.00074,3.46e-05,1e-05,0.1,0.5944936,391.38992
0.00074,3.46e-05,1e-05,0.2,0.7740929,390.65054
0.00074,3.46e-05,1e-05,0.3,0.6359582,390.3705
0.00074,3.46e-05,1e-05,0.4,0.56735426,394.70438
0.00074,3.46e-05,1e-05,0.5,0.56932545,393.08115
0.00074,3.46e-05,1e-05,0.6,0.56854486,393.49414
0.00074,3.46e-05,1e-05,0.7,0.5682739,393.63925
0.00074,3.46e-05,1e-05,0.8,0.5681544,393.70358
0.00074,3.46e-05,1e-05,0.9,0.56809384,393.73608
0.00074,3.46e-05,1e-05,1.0,0.5680604,393.75436
0.00072,1e-04,1e-05,0.0,0.3858658,301.96957
0.00072,1e-04,1e-05,0.1,0.5944929,391.3843
0.00072,1e-04,1e-05,0.2,0.77407527,390.65414
0.00072,1e-04,1e-05,0.3,0.63598806,390.37283
0.00072,1e-04,1e-05,0.4,0.567351,394.70624
0.00072,1e-04,1e-05,0.5,0.5693254,393.08105
0.00072,1e-04,1e-05,0.6,0.5685448,393.49408
0.00072,1e-04,1e-05,0.7,0.5682738,393.63925
0.00072,1e-04,1e-05,0.8,0.5681544,393.70358
0.00072,1e-04,1e-05,0.9,0.56809384,393.73608
0.00072,1e-04,1e-05,1.0,0.56806046,393.75436
0.00073,8.27e-05,0.0,0.0,0.38586068,301.96887
0.00073,8.27e-05,0.0,0.1,0.59449303,391.38498
0.00073,8.27e-05,0.0,0.2,0.774077,390.65372
0.00073,8.27e-05,0.0,0.3,0.6359818,390.37247
0.00073,8.27e-05,0.0,0.4,0.567352,394.70587
0.00073,8.27e-05,0.0,0.5,0.5693254,393.08105
0.00073,8.27e-05,0.0,0.6,0.56854486,393.49408
0.00073,8.27e-05,0.0,0.7,0.56827384,393.63925
0.00073,8.27e-05,0.0,0.8,0.5681544,393.70358
0.00073,8.27e-05,0.0,0.9,0.56809384,393.73608
0.00073,8.27e-05,0.0,1.0,0.56806046,393.75436
0.00073,8.27e-05,1e-05,0.0,0.38587722,301.9712
0.00073,8.27e-05,1e-05,0.1,0.5944931,391.38507
0.00073,8.27e-05,1e-05,0.2,0.77407765,390.65366
0.00073,8.27e-05,1e-05,0.3,0.6359849,390.3725
0.00073,8.27e-05,1e-05,0.4,0.56735134,394.70612
0.00073,8.27e-05,1e-05,0.5,0.5693253,393.0811
0.00073,8.27e-05,1e-05,0.6,0.5685448,393.49408
0.00073,8.27e-05,1e-05,0.7,0.56827384,393.63925
0.00073,8.27e-05,1e-05,0.8,0.5681544,393.70358
0.00073,8.27e-05,1e-05,0.9,0.56809384,393.73608
0.00073,8.27e-05,1e-05,1.0,0.56806046,393.75436
0.00074,1e-04,0.0,0.0,0.3858106,301.9615
0.00074,1e-04,0.0,0.1,0.5944923,391.38098
0.00074,1e-04,0.0,0.2,0.7740645,390.65628
0.00074,1e-04,0.0,0.3,0.6360049,390.37405
0.00074,1e-04,0.0,0.4,0.5673493,394.7074
0.00074,1e-04,0.0,0.5,0.5693254,393.081
0.00074,1e-04,0.0,0.6,0.56854475,393.49408
0.00074,1e-04,0.0,0.7,0.56827384,393.63925
0.00074,1e-04,0.0,0.8,0.56815445,393.70358
0.00074,1e-04,0.0,0.9,0.56809384,393.73608
0.00074,1e-04,0.0,1.0,0.5680604,393.75433
0.00074,6.69e-05,0.0,0.0,0.38586932,301.97012
0.00074,6.69e-05,0.0,0.1,0.5944931,391.38547
0.00074,6.69e-05,0.0,0.2,0.77407914,390.65338
0.00074,6.69e-05,0.0,0.3,0.63597983,390.37225
0.00074,6.69e-05,0.0,0.4,0.567352,394.70572
0.00074,6.69e-05,0.0,0.5,0.5693253,393.0811
0.00074,6.69e-05,0.0,0.6,0.5685448,393.49408
0.00074,6.69e-05,0.0,0.7,0.56827384,393.63925
0.00074,6.69e-05,0.0,0.8,0.5681544,393.70358
0.00074,6.69e-05,0.0,0.9,0.56809384,393.73608
0.00074,6.69e-05,0.0,1.0,0.56806046,393.75436
0.00074,6.69e-05,1e-05,0.0,0.38588616,301.9725
0.00074,6.69e-05,1e-05,0.1,0.59449303,391.3855
0.00074,6.69e-05,1e-05,0.2,0.77407944,390.65332
0.00074,6.69e-05,1e-05,0.3,0.6359828,390.37238
0.00074,6.69e-05,1e-05,0.4,0.56735146,394.706
0.00074,6.69e-05,1e-05,0.5,0.56932545,393.0811
0.00074,6.69e-05,1e-05,0.6,0.5685448,393.49408
0.00074,6.69e-05,1e-05,0.7,0.56827384,393.63925
0.00074,6.69e-05,1e-05,0.8,0.5681544,393.70358
0.00074,6.69e-05,1e-05,0.9,0.56809384,393.73608
0.00074,6.69e-05,1e-05,1.0,0.56806046,393.75436
0.00078,0.0,0.0,0.0,0.38591117,301.97626
0.00078,0.0,0.0,0.1,0.59449357,391.388
0.00078,0.0,0.0,0.2,0.7740875,390.6518
0.00078,0.0,0.0,0.3,0.6359687,390.37128
0.00078,0.0,0.0,0.4,0.5673531,394.7051
0.00078,0.0,0.0,0.5,0.5693254,393.08112
0.00078,0.0,0.0,0.6,0.5685446,393.4941
0.00078,0.0,0.0,0.7,0.56827384,393.63925
0.00078,0.0,0.0,0.8,0.5681544,393.70358
0.00078,0.0,0.0,0.9,0.56809384,393.73608
0.00078,0.0,0.0,1.0,0.5680604,393.75436
0.00078,0.0,1e-05,0.0,0.38592798,301.97864
0.00078,0.0,1e-05,0.1,0.59449357,391.38815
0.00078,0.0,1e-05,0.2,0.77408797,390.65167
0.00078,0.0,1e-05,0.3,0.6359718,390.37143
0.00078,0.0,1e-05,0.4,0.56735253,394.70535
0.00078,0.0,1e-05,0.5,0.5693254,393.0811
0.00078,0.0,1e-05,0.6,0.5685446,393.4941
0.00078,0.0,1e-05,0.7,0.56827384,393.63925
0.00078,0.0,1e-05,0.8,0.5681544,393.70358
0.00078,0.0,1e-05,0.9,0.56809384,393.73608
0.00078,0.0,1e-05,1.0,0.5680604,393.75436
0.00077,1.73e-05,1e-05,0.0,0.3859165,301.97696
0.00077,1.73e-05,1e-05,0.1,0.59449345,391.3874
0.00077,1.73e-05,1e-05,0.2,0.77408564,390.65213
0.00077,1.73e-05,1e-05,0.3,0.63597465,390.37167
0.00077,1.73e-05,1e-05,0.4,0.5673523,394.7056
0.00077,1.73e-05,1e-05,0.5,0.5693254,393.0811
0.00077,1.73e-05,1e-05,0.6,0.56854486,393.49408
0.00077,1.73e-05,1e-05,0.7,0.56827384,393.63925
0.00077,1.73e-05,1e-05,0.8,0.5681544,393.70358
0.00077,1.73e-05,1e-05,0.9,0.56809384,393.73608
0.00077,1.73e-05,1e-05,1.0,0.5680604,393.75436
0.00077,1.73e-05,0.0,0.0,0.3858997,301.9745
0.00077,1.73e-05,0.0,0.1,0.5944934,391.3873
0.00077,1.73e-05,0.0,0.2,0.77408534,390.65216
0.00077,1.73e-05,0.0,0.3,0.6359718,390.37155
0.00077,1.73e-05,0.0,0.4,0.56735283,394.7053
0.00077,1.73e-05,0.0,0.5,0.56932545,393.0811
0.00077,1.73e-05,0.0,0.6,0.56854486,393.49408
0.00077,1.73e-05,0.0,0.7,0.56827384,393.63925
0.00077,1.73e-05,0.0,0.8,0.5681544,393.70358
0.00077,1.73e-05,0.0,0.9,0.56809384,393.73608
0.00077,1.73e-05,0.0,1.0,0.56806046,393.75436
0.00076,3.46e-05,1e-05,0.0,0.38590503,301.97525
0.00076,3.46e-05,1e-05,0.1,0.59449327,391.38666
0.00076,3.46e-05,1e-05,0.2,0.7740832,390.65247
0.00076,3.46e-05,1e-05,0.3,0.6359779,390.37195
0.00076,3.46e-05,1e-05,0.4,0.567352,394.70578
0.00076,3.46e-05,1e-05,0.5,0.5693254,393.08105
0.00076,3.46e-05,1e-05,0.6,0.56854486,393.49408
0.00076,3.46e-05,1e-05,0.7,0.56827384,393.63925
0.00076,3.46e-05,1e-05,0.8,0.5681544,393.70358
0.00076,3.46e-05,1e-05,0.9,0.56809384,393.73608
0.00076,3.46e-05,1e-05,1.0,0.5680604,393.75436
0.00076,3.46e-05,0.0,0.0,0.3858882,301.9728
0.00076,3.46e-05,0.0,0.1,0.59449315,391.3866
0.00076,3.46e-05,0.0,0.2,0.7740827,390.65253
0.00076,3.46e-05,0.0,0.3,0.635975,390.3718
0.00076,3.46e-05,0.0,0.4,0.5673526,394.70547
0.00076,3.46e-05,0.0,0.5,0.5693254,393.0811
0.00076,3.46e-05,0.0,0.6,0.56854486,393.49408
0.00076,3.46e-05,0.0,0.7,0.56827384,393.63925
0.00076,3.46e-05,0.0,0.8,0.5681544,393.70358
0.00076,3.46e-05,0.0,0.9,0.56809384,393.73608
0.00076,3.46e-05,0.0,1.0,0.5680604,393.75436
0.00075,5.1e-05,0.0,0.0,0.3858783,301.9714
0.00075,5.1e-05,0.0,0.1,0.5944932,391.38593
0.00075,5.1e-05,0.0,0.2,0.7740809,390.65292
0.00075,5.1e-05,0.0,0.3,0.63597757,390.37204
0.00075,5.1e-05,0.0,0.4,0.5673521,394.70566
0.00075,5.1e-05,0.0,0.5,0.5693253,393.08105
0.00075,5.1e-05,0.0,0.6,0.56854475,393.49408
0.00075,5.1e-05,0.0,0.7,0.56827384,393.63925
0.00075,5.1e-05,0.0,0.8,0.5681544,393.70358
0.00075,5.1e-05,0.0,0.9,0.56809384,393.73608
0.00075,5.1e-05,0.0,1.0,0.56806046,393.75436
0.00075,5.1e-05,1e-05,0.0,0.3858951,301.9738
0.00075,5.1e-05,1e-05,0.1,0.5944932,391.38602
0.00075,5.1e-05,1e-05,0.2,0.7740813,390.65286
0.00075,5.1e-05,1e-05,0.3,0.63598055,390.37222
0.00075,5.1e-05,1e-05,0.4,0.5673519,394.70593
0.00075,5.1e-05,1e-05,0.5,0.56932545,393.0811
0.00075,5.1e-05,1e-05,0.6,0.5685448,393.49408
0.00075,5.1e-05,1e-05,0.7,0.56827384,393.63925
0.00075,5.1e-05,1e-05,0.8,0.5681544,393.70358
0.00075,5.1e-05,1e-05,0.9,0.56809384,393.73608
0.00075,5.1e-05,1e-05,1.0,0.56806046,393.75436
0.00074,1e-04,1e-05,0.0,0.3858274,301.96387
0.00074,1e-04,1e-05,0.1,0.5944923,391.38104
0.00074,1e-04,1e-05,0.2,0.77406496,390.6562
0.00074,1e-04,1e-05,0.3,0.63600814,390.3742
0.00074,1e-04,1e-05,0.4,0.56734884,394.70767
0.00074,1e-04,1e-05,0.5,0.5693254,393.081
0.00074,1e-04,1e-05,0.6,0.56854475,393.49408
0.00074,1e-04,1e-05,0.7,0.56827384,393.63925
0.00074,1e-04,1e-05,0.8,0.56815445,393.70358
0.00074,1e-04,1e-05,0.9,0.56809384,393.73608
0.00074,1e-04,1e-05,1.0,0.5680604,393.75433
0.00075,8.27e-05,0.0,0.0,0.38582215,301.96313
0.00075,8.27e-05,0.0,0.1,0.59449255,391.38165
0.00075,8.27e-05,0.0,0.2,0.7740669,390.65567
0.00075,8.27e-05,0.0,0.3,0.6360019,390.37384
0.00075,8.27e-05,0.0,0.4,0.5673497,394.70724
0.00075,8.27e-05,0.0,0.5,0.56932545,393.08102
0.00075,8.27e-05,0.0,0.6,0.5685448,393.49408
0.00075,8.27e-05,0.0,0.7,0.56827384,393.63925
0.00075,8.27e-05,0.0,0.8,0.56815445,393.70358
0.00075,8.27e-05,0.0,0.9,0.56809384,393.73608
0.00075,8.27e-05,0.0,1.0,0.5680604,393.75436
0.00075,8.27e-05,1e-05,0.0,0.3858388,301.9655
0.00075,8.27e-05,1e-05,0.1,0.5944926,391.38177
0.00075,8.27e-05,1e-05,0.2,0.77406716,390.6556
0.00075,8.27e-05,1e-05,0.3,0.6360048,390.3739
0.00075,8.27e-05,1e-05,0.4,0.5673492,394.70746
0.00075,8.27e-05,1e-05,0.5,0.56932545,393.081
0.00075,8.27e-05,1e-05,0.6,0.5685448,393.49408
0.00075,8.27e-05,1e-05,0.7,0.56827384,393.63925
0.00075,8.27e-05,1e-05,0.8,0.56815445,393.70358
0.00075,8.27e-05,1e-05,0.9,0.56809384,393.73608
0.00075,8.27e-05,1e-05,1.0,0.5680604,393.75433
0.00076,1e-04,0.0,0.0,0.38577214,301.95578
0.00076,1e-04,0.0,0.1,0.5944921,391.37766
0.00076,1e-04,0.0,0.2,0.7740536,390.65833
0.00076,1e-04,0.0,0.3,0.6360246,390.37558
0.00076,1e-04,0.0,0.4,0.5673471,394.7089
0.00076,1e-04,0.0,0.5,0.5693255,393.081
0.00076,1e-04,0.0,0.6,0.5685448,393.49408
0.00076,1e-04,0.0,0.7,0.5682738,393.63925
0.00076,1e-04,0.0,0.8,0.56815445,393.70358
0.00076,1e-04,0.0,0.9,0.56809384,393.73608
0.00076,1e-04,0.0,1.0,0.5680604,393.75436
0.00076,6.69e-05,0.0,0.0,0.38583076,301.96448
0.00076,6.69e-05,0.0,0.1,0.59449273,391.38223
0.00076,6.69e-05,0.0,0.2,0.7740688,390.65536
0.00076,6.69e-05,0.0,0.3,0.63599956,390.3737
0.00076,6.69e-05,0.0,0.4,0.56734973,394.70706
0.00076,6.69e-05,0.0,0.5,0.56932545,393.08102
0.00076,6.69e-05,0.0,0.6,0.5685448,393.49408
0.00076,6.69e-05,0.0,0.7,0.56827384,393.63925
0.00076,6.69e-05,0.0,0.8,0.56815445,393.70358
0.00076,6.69e-05,0.0,0.9,0.56809384,393.73608
0.00076,6.69e-05,0.0,1.0,0.5680604,393.75436
0.00076,6.69e-05,1e-05,0.0,0.3858477,301.96692
0.00076,6.69e-05,1e-05,0.1,0.5944928,391.38232
0.00076,6.69e-05,1e-05,0.2,0.77406913,390.6553
0.00076,6.69e-05,1e-05,0.3,0.6360028,390.37378
0.00076,6.69e-05,1e-05,0.4,0.5673493,394.70737
0.00076,6.69e-05,1e-05,0.5,0.5693255,393.081
0.00076,6.69e-05,1e-05,0.6,0.5685448,393.49408
0.00076,6.69e-05,1e-05,0.7,0.56827384,393.63925
0.00076,6.69e-05,1e-05,0.8,0.56815445,393.70358
0.00076,6.69e-05,1e-05,0.9,0.56809384,393.73608
0.00076,6.69e-05,1e-05,1.0,0.5680604,393.75436
0.00079,1.73e-05,0.0,0.0,0.38586122,301.969
0.00079,1.73e-05,0.0,0.1,0.594493,391.38403
0.00079,1.73e-05,0.0,0.2,0.7740752,390.6541
0.00079,1.73e-05,0.0,0.3,0.63599193,390.37292
0.00079,1.73e-05,0.0,0.4,0.5673506,394.70657
0.00079,1.73e-05,0.0,0.5,0.5693253,393.08102
0.00079,1.73e-05,0.0,0.6,0.5685448,393.49408
0.00079,1.73e-05,0.0,0.7,0.56827384,393.63925
0.00079,1.73e-05,0.0,0.8,0.5681544,393.70358
0.00079,1.73e-05,0.0,0.9,0.56809384,393.73608
0.00079,1.73e-05,0.0,1.0,0.56806046,393.75436
0.0008,0.0,1e-05,0.0,0.38588938,301.97305
0.0008,0.0,1e-05,0.1,0.59449303,391.38486
0.0008,0.0,1e-05,0.2,0.7740781,390.65356
0.0008,0.0,1e-05,0.3,0.6359915,390.37286
0.0008,0.0,1e-05,0.4,0.5673504,394.70667
0.0008,0.0,1e-05,0.5,0.56932527,393.08105
0.0008,0.0,1e-05,0.6,0.5685448,393.49408
0.0008,0.0,1e-05,0.7,0.56827384,393.63925
0.0008,0.0,1e-05,0.8,0.5681544,393.70358
0.0008,0.0,1e-05,0.9,0.56809384,393.73608
0.0008,0.0,1e-05,1.0,0.56806046,393.75436
0.0008,0.0,0.0,0.0,0.38587272,301.9706
0.0008,0.0,0.0,0.1,0.59449303,391.38474
0.0008,0.0,0.0,0.2,0.77407765,390.65366
0.0008,0.0,0.0,0.3,0.63598853,390.37265
0.0008,0.0,0.0,0.4,0.56735086,394.70633
0.0008,0.0,0.0,0.5,0.5693254,393.08105
0.0008,0.0,0.0,0.6,0.5685448,393.49408
0.0008,0.0,0.0,0.7,0.56827384,393.63925
0.0008,0.0,0.0,0.8,0.5681544,393.70358
0.0008,0.0,0.0,0.9,0.56809384,393.73608
0.0008,0.0,0.0,1.0,0.56806046,393.75436
0.00079,1.73e-05,1e-05,0.0,0.38587785,301.97128
0.00079,1.73e-05,1e-05,0.1,0.59449303,391.38416
0.00079,1.73e-05,1e-05,0.2,0.7740756,390.65405
0.00079,1.73e-05,1e-05,0.3,0.6359949,390.37314
0.00079,1.73e-05,1e-05,0.4,0.5673501,394.70682
0.00079,1.73e-05,1e-05,0.5,0.56932527,393.08105
0.00079,1.73e-05,1e-05,0.6,0.56854486,393.49408
0.00079,1.73e-05,1e-05,0.7,0.56827384,393.63925
0.00079,1.73e-05,1e-05,0.8,0.56815434,393.70358
0.00079,1.73e-05,1e-05,0.9,0.56809384,393.73608
0.00079,1.73e-05,1e-05,1.0,0.56806046,393.75436
0.00078,3.46e-05,0.0,0.0,0.38584995,301.9672
0.00078,3.46e-05,0.0,0.1,0.59449285,391.38333
0.00078,3.46e-05,0.0,0.2,0.7740727,390.65457
0.00078,3.46e-05,0.0,0.3,0.6359952,390.37323
0.00078,3.46e-05,0.0,0.4,0.5673502,394.70676
0.00078,3.46e-05,0.0,0.5,0.5693253,393.08102
0.00078,3.46e-05,0.0,0.6,0.5685448,393.49408
0.00078,3.46e-05,0.0,0.7,0.56827384,393.63925
0.00078,3.46e-05,0.0,0.8,0.56815434,393.70358
0.00078,3.46e-05,0.0,0.9,0.56809384,393.73608
0.00078,3.46e-05,0.0,1.0,0.56806046,393.75436
0.00078,3.46e-05,1e-05,0.0,0.38586652,301.96964
0.00078,3.46e-05,1e-05,0.1,0.5944929,391.38342
0.00078,3.46e-05,1e-05,0.2,0.77407324,390.6545
0.00078,3.46e-05,1e-05,0.3,0.63599825,390.37335
0.00078,3.46e-05,1e-05,0.4,0.56734973,394.7071
0.00078,3.46e-05,1e-05,0.5,0.5693253,393.08102
0.00078,3.46e-05,1e-05,0.6,0.5685448,393.49408
0.00078,3.46e-05,1e-05,0.7,0.56827384,393.63925
0.00078,3.46e-05,1e-05,0.8,0.56815434,393.70358
0.00078,3.46e-05,1e-05,0.9,0.56809384,393.73608
0.00078,3.46e-05,1e-05,1.0,0.5680604,393.75436
0.00077,5.1e-05,0.0,0.0,0.38583982,301.96573
0.00077,5.1e-05,0.0,0.1,0.5944928,391.38275
0.00077,5.1e-05,0.0,0.2,0.77407074,390.65494
0.00077,5.1e-05,0.0,0.3,0.6359976,390.37344
0.00077,5.1e-05,0.0,0.4,0.5673501,394.70688
0.00077,5.1e-05,0.0,0.5,0.5693253,393.08102
0.00077,5.1e-05,0.0,0.6,0.5685448,393.49408
0.00077,5.1e-05,0.0,0.7,0.56827384,393.63925
0.00077,5.1e-05,0.0,0.8,0.56815434,393.70358
0.00077,5.1e-05,0.0,0.9,0.5680938,393.73608
0.00077,5.1e-05,0.0,1.0,0.5680604,393.75436
0.00077,5.1e-05,1e-05,0.0,0.38585666,301.9682
0.00077,5.1e-05,1e-05,0.1,0.59449273,391.38284
0.00077,5.1e-05,1e-05,0.2,0.7740713,390.6549
0.00077,5.1e-05,1e-05,0.3,0.6360006,390.37363
0.00077,5.1e-05,1e-05,0.4,0.5673497,394.70728
0.00077,5.1e-05,1e-05,0.5,0.5693254,393.08102
0.00077,5.1e-05,1e-05,0.6,0.56854475,393.49408
0.00077,5.1e-05,1e-05,0.7,0.56827384,393.63925
0.00077,5.1e-05,1e-05,0.8,0.56815445,393.70358
0.00077,5.1e-05,1e-05,0.9,0.5680938,393.73608
0.00077,5.1e-05,1e-05,1.0,0.5680604,393.75436
0.00076,1e-04,1e-05,0.0,0.38578892,301.95822
0.00076,1e-04,1e-05,0.1,0.594492,391.37778
0.00076,1e-04,1e-05,0.2,0.77405375,390.6583
0.00076,1e-04,1e-05,0.3,0.6360276,390.3757
0.00076,1e-04,1e-05,0.4,0.5673466,394.70926
0.00076,1e-04,1e-05,0.5,0.56932545,393.081
0.00076,1e-04,1e-05,0.6,0.5685448,393.49408
0.00076,1e-04,1e-05,0.7,0.5682738,393.63925
0.00076,1e-04,1e-05,0.8,0.56815445,393.70358
0.00076,1e-04,1e-05,0.9,0.56809384,393.73608
0.00076,1e-04,1e-05,1.0,0.5680604,393.75436
0.00077,8.27e-05,0.0,0.0,0.38578373,301.95746
0.00077,8.27e-05,0.0,0.1,0.59449214,391.37842
0.00077,8.27e-05,0.0,0.2,0.77405614,390.6578
0.00077,8.27e-05,0.0,0.3,0.63602155,390.37537
0.00077,8.27e-05,0.0,0.4,0.5673473,394.7088
0.00077,8.27e-05,0.0,0.5,0.5693254,393.081
0.00077,8.27e-05,0.0,0.6,0.5685448,393.49408
0.00077,8.27e-05,0.0,0.7,0.5682738,393.63925
0.00077,8.27e-05,0.0,0.8,0.56815445,393.70358
0.00077,8.27e-05,0.0,0.9,0.56809384,393.73608
0.00077,8.27e-05,0.0,1.0,0.5680604,393.75433
0.00077,8.27e-05,1e-05,0.0,0.38580054,301.95993
0.00077,8.27e-05,1e-05,0.1,0.5944922,391.37848
0.00077,8.27e-05,1e-05,0.2,0.7740563,390.65765
0.00077,8.27e-05,1e-05,0.3,0.6360246,390.37543
0.00077,8.27e-05,1e-05,0.4,0.56734693,394.70898
0.00077,8.27e-05,1e-05,0.5,0.5693255,393.081
0.00077,8.27e-05,1e-05,0.6,0.5685448,393.49408
0.00077,8.27e-05,1e-05,0.7,0.5682738,393.63925
0.00077,8.27e-05,1e-05,0.8,0.56815445,393.70358
0.00077,8.27e-05,1e-05,0.9,0.56809384,393.73608
0.00077,8.27e-05,1e-05,1.0,0.5680604,393.75433
0.00078,1e-04,0.0,0.0,0.38573375,301.9502
0.00078,1e-04,0.0,0.1,0.5944915,391.37445
0.00078,1e-04,0.0,0.2,0.77404237,390.66055
0.00078,1e-04,0.0,0.3,0.6360445,390.37704
0.00078,1e-04,0.0,0.4,0.5673448,394.7103
0.00078,1e-04,0.0,0.5,0.56932557,393.081
0.00078,1e-04,0.0,0.6,0.56854486,393.49408
0.00078,1e-04,0.0,0.7,0.56827384,393.63925
0.00078,1e-04,0.0,0.8,0.56815445,393.70358
0.00078,1e-04,0.0,0.9,0.56809384,393.73608
0.00078,1e-04,0.0,1.0,0.5680604,393.75436
0.00078,6.69e-05,0.0,0.0,0.38579252,301.95874
0.00078,6.69e-05,0.0,0.1,0.5944923,391.3789
0.00078,6.69e-05,0.0,0.2,0.77405804,390.6574
0.00078,6.69e-05,0.0,0.3,0.6360195,390.37518
0.00078,6.69e-05,0.0,0.4,0.5673477,394.70862
0.00078,6.69e-05,0.0,0.5,0.56932557,393.081
0.00078,6.69e-05,0.0,0.6,0.5685448,393.49408
0.00078,6.69e-05,0.0,0.7,0.5682738,393.63925
0.00078,6.69e-05,0.0,0.8,0.56815445,393.70358
0.00078,6.69e-05,0.0,0.9,0.56809384,393.73608
0.00078,6.69e-05,0.0,1.0,0.5680604,393.75433
0.00078,6.69e-05,1e-05,0.0,0.38580927,301.96124
0.00078,6.69e-05,1e-05,0.1,0.59449226,391.37897
0.00078,6.69e-05,1e-05,0.2,0.7740585,390.6573
0.00078,6.69e-05,1e-05,0.3,0.63602245,390.37534
0.00078,6.69e-05,1e-05,0.4,0.5673472,394.7089
0.00078,6.69e-05,1e-05,0.5,0.5693254,393.081
0.00078,6.69e-05,1e-05,0.6,0.5685448,393.49408
0.00078,6.69e-05,1e-05,0.7,0.5682738,393.63925
0.00078,6.69e-05,1e-05,0.8,0.56815445,393.70358
0.00078,6.69e-05,1e-05,0.9,0.56809384,393.73608
0.00078,6.69e-05,1e-05,1.0,0.5680604,393.75433
0.0008,3.46e-05,0.0,0.0,0.38581124,301.96158
0.0008,3.46e-05,0.0,0.1,0.5944924,391.38007
0.0008,3.46e-05,0.0,0.2,0.77406216,390.65662
0.0008,3.46e-05,0.0,0.3,0.6360148,390.3747
0.0008,3.46e-05,0.0,0.4,0.56734806,394.70822
0.0008,3.46e-05,0.0,0.5,0.56932545,393.081
0.0008,3.46e-05,0.0,0.6,0.56854475,393.49408
0.0008,3.46e-05,0.0,0.7,0.56827384,393.63925
0.0008,3.46e-05,0.0,0.8,0.56815445,393.70358
0.0008,3.46e-05,0.0,0.9,0.56809384,393.73608
0.0008,3.46e-05,0.0,1.0,0.5680604,393.75436
0.00081,1.73e-05,0.0,0.0,0.38582277,301.9632
0.00081,1.73e-05,0.0,0.1,0.59449244,391.3808
0.00081,1.73e-05,0.0,0.2,0.77406496,390.6562
0.00081,1.73e-05,0.0,0.3,0.63601166,390.3743
0.00081,1.73e-05,0.0,0.4,0.5673485,394.70807
0.00081,1.73e-05,0.0,0.5,0.56932545,393.081
0.00081,1.73e-05,0.0,0.6,0.5685448,393.49408
0.00081,1.73e-05,0.0,0.7,0.56827384,393.63925
0.00081,1.73e-05,0.0,0.8,0.56815445,393.70358
0.00081,1.73e-05,0.0,0.9,0.56809384,393.73608
0.00081,1.73e-05,0.0,1.0,0.5680604,393.75436
0.00081,1.73e-05,5e-06,0.0,0.38583112,301.9645
0.00081,1.73e-05,5e-06,0.1,0.5944924,391.38086
0.00081,1.73e-05,5e-06,0.2,0.774065,390.65616
0.00081,1.73e-05,5e-06,0.3,0.63601303,390.37442
0.00081,1.73e-05,5e-06,0.4,0.5673481,394.70822
0.00081,1.73e-05,5e-06,0.5,0.5693254,393.081
0.00081,1.73e-05,5e-06,0.6,0.5685448,393.49408
0.00081,1.73e-05,5e-06,0.7,0.56827384,393.63925
0.00081,1.73e-05,5e-06,0.8,0.56815445,393.70358
0.00081,1.73e-05,5e-06,0.9,0.56809384,393.73608
0.00081,1.73e-05,5e-06,1.0,0.5680604,393.75436
0.00082,0.0,0.0,0.0,0.3858342,301.9649
0.00082,0.0,0.0,0.1,0.5944926,391.38147
0.00082,0.0,0.0,0.2,0.7740675,390.65555
0.00082,0.0,0.0,0.3,0.6360083,390.37393
0.00082,0.0,0.0,0.4,0.5673485,394.70782
0.00082,0.0,0.0,0.5,0.5693254,393.081
0.00082,0.0,0.0,0.6,0.56854486,393.49408
0.00082,0.0,0.0,0.7,0.56827384,393.63925
0.00082,0.0,0.0,0.8,0.56815445,393.70358
0.00082,0.0,0.0,0.9,0.56809384,393.73608
0.00082,0.0,0.0,1.0,0.5680604,393.75436
0.00082,0.0,1e-05,0.0,0.385851,301.9673
0.00082,0.0,1e-05,0.1,0.5944926,391.38156
0.00082,0.0,1e-05,0.2,0.7740677,390.65543
0.00082,0.0,1e-05,0.3,0.63601154,390.37415
0.00082,0.0,1e-05,0.4,0.5673483,394.70816
0.00082,0.0,1e-05,0.5,0.56932545,393.081
0.00082,0.0,1e-05,0.6,0.5685448,393.49408
0.00082,0.0,1e-05,0.7,0.56827384,393.63925
0.00082,0.0,1e-05,0.8,0.56815445,393.70358
0.00082,0.0,1e-05,0.9,0.56809384,393.73608
0.00082,0.0,1e-05,1.0,0.5680604,393.75436
0.00081,1.73e-05,1e-05,0.0,0.3858396,301.9656
0.00081,1.73e-05,1e-05,0.1,0.5944924,391.38092
0.00081,1.73e-05,1e-05,0.2,0.77406526,390.65613
0.00081,1.73e-05,1e-05,0.3,0.6360145,390.37445
0.00081,1.73e-05,1e-05,0.4,0.5673478,394.70834
0.00081,1.73e-05,1e-05,0.5,0.56932545,393.081
0.00081,1.73e-05,1e-05,0.6,0.5685448,393.49408
0.00081,1.73e-05,1e-05,0.7,0.56827384,393.63925
0.00081,1.73e-05,1e-05,0.8,0.56815445,393.70358
0.00081,1.73e-05,1e-05,0.9,0.56809384,393.73608
0.00081,1.73e-05,1e-05,1.0,0.5680604,393.75436
0.0008,3.46e-05,1e-05,0.0,0.38582796,301.96393
0.0008,3.46e-05,1e-05,0.1,0.5944923,391.38013
0.0008,3.46e-05,1e-05,0.2,0.7740627,390.6566
0.0008,3.46e-05,1e-05,0.3,0.636018,390.37482
0.0008,3.46e-05,1e-05,0.4,0.56734765,394.70862
0.0008,3.46e-05,1e-05,0.5,0.5693255,393.081
0.0008,3.46e-05,1e-05,0.6,0.56854486,393.49408
0.0008,3.46e-05,1e-05,0.7,0.56827384,393.63925
0.0008,3.46e-05,1e-05,0.8,0.5681544,393.70358
0.0008,3.46e-05,1e-05,0.9,0.56809384,393.73608
0.0008,3.46e-05,1e-05,1.0,0.5680604,393.75436
0.00079,5.1e-05,0.0,0.0,0.38580164,301.9601
0.00079,5.1e-05,0.0,0.1,0.59449226,391.37943
0.00079,5.1e-05,0.0,0.2,0.77406013,390.65695
0.00079,5.1e-05,0.0,0.3,0.6360173,390.37497
0.00079,5.1e-05,0.0,0.4,0.56734776,394.7084
0.00079,5.1e-05,0.0,0.5,0.5693254,393.081
0.00079,5.1e-05,0.0,0.6,0.5685448,393.49408
0.00079,5.1e-05,0.0,0.7,0.5682738,393.63925
0.00079,5.1e-05,0.0,0.8,0.5681544,393.70358
0.00079,5.1e-05,0.0,0.9,0.56809384,393.73608
0.00079,5.1e-05,0.0,1.0,0.5680604,393.75433
0.00079,5.1e-05,1e-05,0.0,0.38581815,301.96262
0.00079,5.1e-05,1e-05,0.1,0.5944924,391.37955
0.00079,5.1e-05,1e-05,0.2,0.7740603,390.65695
0.00079,5.1e-05,1e-05,0.3,0.63602036,390.37506
0.00079,5.1e-05,1e-05,0.4,0.5673473,394.70883
0.00079,5.1e-05,1e-05,0.5,0.5693255,393.081
0.00079,5.1e-05,1e-05,0.6,0.5685448,393.49408
0.00079,5.1e-05,1e-05,0.7,0.5682738,393.63925
0.00079,5.1e-05,1e-05,0.8,0.56815445,393.70358
0.00079,5.1e-05,1e-05,0.9,0.56809384,393.73608
0.00079,5.1e-05,1e-05,1.0,0.5680604,393.75433
0.00078,1e-04,1e-05,0.0,0.38575056,301.9526
0.00078,1e-04,1e-05,0.1,0.5944916,391.37454
0.00078,1e-04,1e-05,0.2,0.7740427,390.66055
0.00078,1e-04,1e-05,0.3,0.6360473,390.37723
0.00078,1e-04,1e-05,0.4,0.56734437,394.71066
0.00078,1e-04,1e-05,0.5,0.56932557,393.081
0.00078,1e-04,1e-05,0.6,0.56854486,393.49408
0.00078,1e-04,1e-05,0.7,0.5682739,393.63925
0.00078,1e-04,1e-05,0.8,0.56815445,393.70358
0.00078,1e-04,1e-05,0.9,0.5680938,393.73608
0.00078,1e-04,1e-05,1.0,0.5680604,393.75436
0.00079,8.27e-05,0.0,0.0,0.38574532,301.95184
0.00079,8.27e-05,0.0,0.1,0.59449166,391.37518
0.00079,8.27e-05,0.0,0.2,0.7740451,390.65997
0.00079,8.27e-05,0.0,0.3,0.6360414,390.37677
0.00079,8.27e-05,0.0,0.4,0.5673452,394.71008
0.00079,8.27e-05,0.0,0.5,0.56932557,393.081
0.00079,8.27e-05,0.0,0.6,0.56854486,393.49408
0.00079,8.27e-05,0.0,0.7,0.56827384,393.63925
0.00079,8.27e-05,0.0,0.8,0.56815445,393.70358
0.00079,8.27e-05,0.0,0.9,0.56809384,393.73608
0.00079,8.27e-05,0.0,1.0,0.5680604,393.75436
0.00079,8.27e-05,1e-05,0.0,0.38576195,301.95425
0.00079,8.27e-05,1e-05,0.1,0.5944917,391.37527
0.00079,8.27e-05,1e-05,0.2,0.77404547,390.65997
0.00079,8.27e-05,1e-05,0.3,0.6360441,390.37695
0.00079,8.27e-05,1e-05,0.4,0.56734484,394.71042
0.00079,8.27e-05,1e-05,0.5,0.56932557,393.081
0.00079,8.27e-05,1e-05,0.6,0.56854475,393.49408
0.00079,8.27e-05,1e-05,0.7,0.5682739,393.63925
0.00079,8.27e-05,1e-05,0.8,0.56815445,393.70358
0.00079,8.27e-05,1e-05,0.9,0.56809384,393.73608
0.00079,8.27e-05,1e-05,1.0,0.5680604,393.75436
0.0008,1e-04,0.0,0.0,0.3856952,301.94443
0.0008,1e-04,0.0,0.1,0.59449095,391.3712
0.0008,1e-04,0.0,0.2,0.77403045,390.6628
0.0008,1e-04,0.0,0.3,0.636064,390.3787
0.0008,1e-04,0.0,0.4,0.56734264,394.71173
0.0008,1e-04,0.0,0.5,0.56932575,393.08096
0.0008,1e-04,0.0,0.6,0.56854475,393.49408
0.0008,1e-04,0.0,0.7,0.5682738,393.63925
0.0008,1e-04,0.0,0.8,0.56815445,393.70358
0.0008,1e-04,0.0,0.9,0.5680938,393.73608
0.0008,1e-04,0.0,1.0,0.5680604,393.75436
0.0008,6.69e-05,0.0,0.0,0.38575417,301.9532
0.0008,6.69e-05,0.0,0.1,0.5944917,391.3757
0.0008,6.69e-05,0.0,0.2,0.77404696,390.65955
0.0008,6.69e-05,0.0,0.3,0.6360392,390.3766
0.0008,6.69e-05,0.0,0.4,0.5673453,394.71005
0.0008,6.69e-05,0.0,0.5,0.5693255,393.081
0.0008,6.69e-05,0.0,0.6,0.5685448,393.49408
0.0008,6.69e-05,0.0,0.7,0.56827384,393.63925
0.0008,6.69e-05,0.0,0.8,0.56815445,393.70358
0.0008,6.69e-05,0.0,0.9,0.56809384,393.73608
0.0008,6.69e-05,0.0,1.0,0.5680604,393.75436
0.0008,6.69e-05,1e-05,0.0,0.3857708,301.9555
0.0008,6.69e-05,1e-05,0.1,0.5944918,391.37576
0.0008,6.69e-05,1e-05,0.2,0.7740471,390.65955
0.0008,6.69e-05,1e-05,0.3,0.63604224,390.37677
0.0008,6.69e-05,1e-05,0.4,0.5673448,394.7103
0.0008,6.69e-05,1e-05,0.5,0.5693255,393.081
0.0008,6.69e-05,1e-05,0.6,0.56854486,393.49408
0.0008,6.69e-05,1e-05,0.7,0.56827384,393.63925
0.0008,6.69e-05,1e-05,0.8,0.56815445,393.70358
0.0008,6.69e-05,1e-05,0.9,0.56809384,393.73608
0.0008,6.69e-05,1e-05,1.0,0.5680604,393.75436
0.00083,1.73e-05,0.0,0.0,0.38578424,301.95752
0.00083,1.73e-05,0.0,0.1,0.5944921,391.37747
0.00083,1.73e-05,0.0,0.2,0.7740539,390.6582
0.00083,1.73e-05,0.0,0.3,0.6360312,390.37582
0.00083,1.73e-05,0.0,0.4,0.5673462,394.7096
0.00083,1.73e-05,0.0,0.5,0.5693255,393.081
0.00083,1.73e-05,0.0,0.6,0.5685448,393.49408
0.00083,1.73e-05,0.0,0.7,0.56827384,393.63925
0.00083,1.73e-05,0.0,0.8,0.56815445,393.70358
0.00083,1.73e-05,0.0,0.9,0.56809384,393.73608
0.00083,1.73e-05,0.0,1.0,0.5680604,393.75436
0.00084,0.0,0.0,0.0,0.38579586,301.95917
0.00084,0.0,0.0,0.1,0.5944921,391.37827
0.00084,0.0,0.0,0.2,0.7740565,390.6577
0.00084,0.0,0.0,0.3,0.6360283,390.3756
0.00084,0.0,0.0,0.4,0.56734645,394.70938
0.00084,0.0,0.0,0.5,0.5693254,393.081
0.00084,0.0,0.0,0.6,0.5685448,393.49408
0.00084,0.0,0.0,0.7,0.5682738,393.63925
0.00084,0.0,0.0,0.8,0.56815445,393.70358
0.00084,0.0,0.0,0.9,0.56809384,393.73608
0.00084,0.0,0.0,1.0,0.5680604,393.75433
0.00084,0.0,1e-05,0.0,0.38581255,301.96167
0.00084,0.0,1e-05,0.1,0.59449214,391.37833
0.00084,0.0,1e-05,0.2,0.7740568,390.65768
0.00084,0.0,1e-05,0.3,0.63603127,390.37573
0.00084,0.0,1e-05,0.4,0.5673458,394.7097
0.00084,0.0,1e-05,0.5,0.56932545,393.081
0.00084,0.0,1e-05,0.6,0.5685448,393.49408
0.00084,0.0,1e-05,0.7,0.5682738,393.63925
0.00084,0.0,1e-05,0.8,0.56815445,393.70358
0.00084,0.0,1e-05,0.9,0.56809384,393.73608
0.00084,0.0,1e-05,1.0,0.5680604,393.75433
0.00083,1.73e-05,1e-05,0.0,0.3858012,301.96002
0.00083,1.73e-05,1e-05,0.1,0.5944921,391.3776
0.00083,1.73e-05,1e-05,0.2,0.7740541,390.65814
0.00083,1.73e-05,1e-05,0.3,0.6360343,390.376
0.00083,1.73e-05,1e-05,0.4,0.5673457,394.7098
0.00083,1.73e-05,1e-05,0.5,0.56932545,393.081
0.00083,1.73e-05,1e-05,0.6,0.5685448,393.49408
0.00083,1.73e-05,1e-05,0.7,0.5682738,393.63925
0.00083,1.73e-05,1e-05,0.8,0.5681544,393.70358
0.00083,1.73e-05,1e-05,0.9,0.56809384,393.73608
0.00083,1.73e-05,1e-05,1.0,0.5680604,393.75436
0.00082,3.46e-05,0.0,0.0,0.38577282,301.9559
0.00082,3.46e-05,0.0,0.1,0.5944919,391.37677
0.00082,3.46e-05,0.0,0.2,0.7740512,390.65884
0.00082,3.46e-05,0.0,0.3,0.63603455,390.3761
0.00082,3.46e-05,0.0,0.4,0.5673457,394.70972
0.00082,3.46e-05,0.0,0.5,0.5693255,393.081
0.00082,3.46e-05,0.0,0.6,0.56854486,393.49408
0.00082,3.46e-05,0.0,0.7,0.5682738,393.63925
0.00082,3.46e-05,0.0,0.8,0.5681544,393.70358
0.00082,3.46e-05,0.0,0.9,0.56809384,393.73608
0.00082,3.46e-05,0.0,1.0,0.5680604,393.75436
0.00081,5.1e-05,0.0,0.0,0.38576305,301.95444
0.00081,5.1e-05,0.0,0.1,0.59449184,391.3762
0.00081,5.1e-05,0.0,0.2,0.7740492,390.65918
0.00081,5.1e-05,0.0,0.3,0.6360371,390.37634
0.00081,5.1e-05,0.0,0.4,0.5673455,394.70993
0.00081,5.1e-05,0.0,0.5,0.5693255,393.081
0.00081,5.1e-05,0.0,0.6,0.5685448,393.49408
0.00081,5.1e-05,0.0,0.7,0.5682738,393.63925
0.00081,5.1e-05,0.0,0.8,0.56815445,393.70358
0.00081,5.1e-05,0.0,0.9,0.56809384,393.73608
0.00081,5.1e-05,0.0,1.0,0.5680604,393.75436
0.00082,3.46e-05,1e-05,0.0,0.38578948,301.9583
0.00082,3.46e-05,1e-05,0.1,0.59449196,391.37686
0.00082,3.46e-05,1e-05,0.2,0.7740516,390.6587
0.00082,3.46e-05,1e-05,0.3,0.63603765,390.37628
0.00082,3.46e-05,1e-05,0.4,0.5673452,394.71005
0.00082,3.46e-05,1e-05,0.5,0.56932545,393.081
0.00082,3.46e-05,1e-05,0.6,0.5685448,393.49408
0.00082,3.46e-05,1e-05,0.7,0.5682738,393.63925
0.00082,3.46e-05,1e-05,0.8,0.5681544,393.70358
0.00082,3.46e-05,1e-05,0.9,0.56809384,393.73608
0.00082,3.46e-05,1e-05,1.0,0.5680604,393.75436
0.00081,5.1e-05,1e-05,0.0,0.3857799,301.95685
0.00081,5.1e-05,1e-05,0.1,0.5944917,391.37628
0.00081,5.1e-05,1e-05,0.2,0.77404934,390.65918
0.00081,5.1e-05,1e-05,0.3,0.6360401,390.37656
0.00081,5.1e-05,1e-05,0.4,0.56734496,394.71014
0.00081,5.1e-05,1e-05,0.5,0.5693255,393.081
0.00081,5.1e-05,1e-05,0.6,0.5685448,393.49408
0.00081,5.1e-05,1e-05,0.7,0.5682738,393.63925
0.00081,5.1e-05,1e-05,0.8,0.56815445,393.70358
0.00081,5.1e-05,1e-05,0.9,0.56809384,393.73608
0.00081,5.1e-05,1e-05,1.0,0.5680604,393.75436
0.0008,1e-04,1e-05,0.0,0.38571203,301.94696
0.0008,1e-04,1e-05,0.1,0.594491,391.3713
0.0008,1e-04,1e-05,0.2,0.7740306,390.66275
0.0008,1e-04,1e-05,0.3,0.63606685,390.37885
0.0008,1e-04,1e-05,0.4,0.5673421,394.712
0.0008,1e-04,1e-05,0.5,0.56932575,393.08096
0.0008,1e-04,1e-05,0.6,0.5685447,393.49408
0.0008,1e-04,1e-05,0.7,0.5682738,393.63925
0.0008,1e-04,1e-05,0.8,0.56815445,393.70358
0.0008,1e-04,1e-05,0.9,0.5680938,393.73608
0.0008,1e-04,1e-05,1.0,0.5680604,393.75436
0.00081,8.27e-05,0.0,0.0,0.38570675,301.94626
0.00081,8.27e-05,0.0,0.1,0.5944912,391.3719
0.00081,8.27e-05,0.0,0.2,0.7740334,390.66226
0.00081,8.27e-05,0.0,0.3,0.6360606,390.3784
0.00081,8.27e-05,0.0,0.4,0.567343,394.71155
0.00081,8.27e-05,0.0,0.5,0.5693257,393.08096
0.00081,8.27e-05,0.0,0.6,0.56854475,393.49408
0.00081,8.27e-05,0.0,0.7,0.5682738,393.63925
0.00081,8.27e-05,0.0,0.8,0.56815445,393.70358
0.00081,8.27e-05,0.0,0.9,0.5680938,393.73608
0.00081,8.27e-05,0.0,1.0,0.5680604,393.75436
0.00081,8.27e-05,1e-05,0.0,0.38572356,301.94858
0.00081,8.27e-05,1e-05,0.1,0.5944912,391.37195
0.00081,8.27e-05,1e-05,0.2,0.7740334,390.66226
0.00081,8.27e-05,1e-05,0.3,0.6360639,390.37854
0.00081,8.27e-05,1e-05,0.4,0.56734234,394.7118
0.00081,8.27e-05,1e-05,0.5,0.56932575,393.08096
0.00081,8.27e-05,1e-05,0.6,0.56854475,393.49408
0.00081,8.27e-05,1e-05,0.7,0.5682738,393.63925
0.00081,8.27e-05,1e-05,0.8,0.56815445,393.70358
0.00081,8.27e-05,1e-05,0.9,0.5680938,393.73608
0.00081,8.27e-05,1e-05,1.0,0.5680604,393.75436
0.00082,1e-04,0.0,0.0,0.38565683,301.93875
0.00082,1e-04,0.0,0.1,0.5944904,391.36792
0.00082,1e-04,0.0,0.2,0.7740183,390.66537
0.00082,1e-04,0.0,0.3,0.63608366,390.38034
0.00082,1e-04,0.0,0.4,0.5673404,394.7132
0.00082,1e-04,0.0,0.5,0.5693257,393.08093
0.00082,1e-04,0.0,0.6,0.56854475,393.49405
0.00082,1e-04,0.0,0.7,0.56827384,393.63925
0.00082,1e-04,0.0,0.8,0.56815445,393.70358
0.00082,1e-04,0.0,0.9,0.56809384,393.73608
0.00082,1e-04,0.0,1.0,0.5680604,393.75436
0.00082,6.69e-05,0.0,0.0,0.38571566,301.94742
0.00082,6.69e-05,0.0,0.1,0.5944912,391.3724
0.00082,6.69e-05,0.0,0.2,0.7740351,390.662
0.00082,6.69e-05,0.0,0.3,0.6360588,390.37823
0.00082,6.69e-05,0.0,0.4,0.567343,394.71143
0.00082,6.69e-05,0.0,0.5,0.56932557,393.08096
0.00082,6.69e-05,0.0,0.6,0.56854475,393.49408
0.00082,6.69e-05,0.0,0.7,0.5682738,393.63925
0.00082,6.69e-05,0.0,0.8,0.56815445,393.70358
0.00082,6.69e-05,0.0,0.9,0.5680938,393.73608
0.00082,6.69e-05,0.0,1.0,0.5680604,393.75436
0.00082,6.69e-05,1e-05,0.0,0.38573232,301.94992
0.00082,6.69e-05,1e-05,0.1,0.59449124,391.3725
0.00082,6.69e-05,1e-05,0.2,0.7740355,390.6619
0.00082,6.69e-05,1e-05,0.3,0.6360617,390.37836
0.00082,6.69e-05,1e-05,0.4,0.56734246,394.71167
0.00082,6.69e-05,1e-05,0.5,0.5693257,393.08096
0.00082,6.69e-05,1e-05,0.6,0.56854475,393.49408
0.00082,6.69e-05,1e-05,0.7,0.5682738,393.63925
0.00082,6.69e-05,1e-05,0.8,0.56815445,393.70358
0.00082,6.69e-05,1e-05,0.9,0.5680938,393.73608
0.00082,6.69e-05,1e-05,1.0,0.5680604,393.75436
0.00085,1.73e-05,0.0,0.0,0.38574594,301.9519
0.00085,1.73e-05,0.0,0.1,0.5944914,391.37427
0.00085,1.73e-05,0.0,0.2,0.7740424,390.66058
0.00085,1.73e-05,0.0,0.3,0.63605094,390.37744
0.00085,1.73e-05,0.0,0.4,0.5673438,394.71097
0.00085,1.73e-05,0.0,0.5,0.56932557,393.081
0.00085,1.73e-05,0.0,0.6,0.56854486,393.49408
0.00085,1.73e-05,0.0,0.7,0.56827384,393.63925
0.00085,1.73e-05,0.0,0.8,0.56815445,393.70358
0.00085,1.73e-05,0.0,0.9,0.5680938,393.73608
0.00085,1.73e-05,0.0,1.0,0.5680604,393.75436
0.00085,1.73e-05,5e-06,0.0,0.38575447,301.9532
0.00085,1.73e-05,5e-06,0.1,0.5944915,391.37433
0.00085,1.73e-05,5e-06,0.2,0.7740425,390.66058
0.00085,1.73e-05,5e-06,0.3,0.6360524,390.37747
0.00085,1.73e-05,5e-06,0.4,0.56734353,394.71115
0.00085,1.73e-05,5e-06,0.5,0.56932557,393.08096
0.00085,1.73e-05,5e-06,0.6,0.56854486,393.49408
0.00085,1.73e-05,5e-06,0.7,0.56827384,393.63925
0.00085,1.73e-05,5e-06,0.8,0.56815445,393.70358
0.00085,1.73e-05,5e-06,0.9,0.5680938,393.73608
0.00085,1.73e-05,5e-06,1.0,0.5680604,393.75436
0.00086,0.0,0.0,0.0,0.38575754,301.95358
0.00086,0.0,0.0,0.1,0.5944916,391.37497
0.00086,0.0,0.0,0.2,0.7740453,390.65997
0.00086,0.0,0.0,0.3,0.6360477,390.37714
0.00086,0.0,0.0,0.4,0.5673441,394.71082
0.00086,0.0,0.0,0.5,0.56932557,393.081
0.00086,0.0,0.0,0.6,0.56854475,393.49408
0.00086,0.0,0.0,0.7,0.56827384,393.63925
0.00086,0.0,0.0,0.8,0.56815445,393.70358
0.00086,0.0,0.0,0.9,0.56809384,393.73608
0.00086,0.0,0.0,1.0,0.5680604,393.75436
0.00086,0.0,1e-05,0.0,0.38577414,301.956
0.00086,0.0,1e-05,0.1,0.5944916,391.37503
0.00086,0.0,1e-05,0.2,0.7740458,390.6599
0.00086,0.0,1e-05,0.3,0.63605064,390.37732
0.00086,0.0,1e-05,0.4,0.5673436,394.7111
0.00086,0.0,1e-05,0.5,0.56932557,393.081
0.00086,0.0,1e-05,0.6,0.5685448,393.49408
0.00086,0.0,1e-05,0.7,0.5682739,393.63925
0.00086,0.0,1e-05,0.8,0.56815445,393.70358
0.00086,0.0,1e-05,0.9,0.56809384,393.73608
0.00086,0.0,1e-05,1.0,0.5680604,393.75436
0.00085,1.73e-05,1e-05,0.0,0.3857627,301.9543
0.00085,1.73e-05,1e-05,0.1,0.5944914,391.37436
0.00085,1.73e-05,1e-05,0.2,0.7740428,390.66052
0.00085,1.73e-05,1e-05,0.3,0.63605404,390.37756
0.00085,1.73e-05,1e-05,0.4,0.5673433,394.7113
0.00085,1.73e-05,1e-05,0.5,0.56932557,393.081
0.00085,1.73e-05,1e-05,0.6,0.56854486,393.49408
0.00085,1.73e-05,1e-05,0.7,0.56827384,393.63925
0.00085,1.73e-05,1e-05,0.8,0.56815445,393.70358
0.00085,1.73e-05,1e-05,0.9,0.5680938,393.73608
0.00085,1.73e-05,1e-05,1.0,0.5680604,393.75436
0.00084,3.46e-05,0.0,0.0,0.38573447,301.9503
0.00084,3.46e-05,0.0,0.1,0.59449136,391.37347
0.00084,3.46e-05,0.0,0.2,0.77403986,390.6611
0.00084,3.46e-05,0.0,0.3,0.63605416,390.37772
0.00084,3.46e-05,0.0,0.4,0.56734353,394.71118
0.00084,3.46e-05,0.0,0.5,0.56932557,393.081
0.00084,3.46e-05,0.0,0.6,0.5685448,393.49408
0.00084,3.46e-05,0.0,0.7,0.56827384,393.63925
0.00084,3.46e-05,0.0,0.8,0.56815445,393.70358
0.00084,3.46e-05,0.0,0.9,0.5680938,393.73608
0.00084,3.46e-05,0.0,1.0,0.5680604,393.75436
0.00084,3.46e-05,1e-05,0.0,0.38575125,301.95267
0.00084,3.46e-05,1e-05,0.1,0.5944913,391.3736
0.00084,3.46e-05,1e-05,0.2,0.77404016,390.66098
0.00084,3.46e-05,1e-05,0.3,0.63605714,390.37787
0.00084,3.46e-05,1e-05,0.4,0.5673429,394.71143
0.00084,3.46e-05,1e-05,0.5,0.5693256,393.08096
0.00084,3.46e-05,1e-05,0.6,0.5685448,393.49408
0.00084,3.46e-05,1e-05,0.7,0.5682738,393.63925
0.00084,3.46e-05,1e-05,0.8,0.56815445,393.70358
0.00084,3.46e-05,1e-05,0.9,0.5680938,393.73608
0.00084,3.46e-05,1e-05,1.0,0.5680604,393.75436
0.00083,5.1e-05,0.0,0.0,0.3857245,301.94873
0.00083,5.1e-05,0.0,0.1,0.5944913,391.37292
0.00083,5.1e-05,0.0,0.2,0.77403736,390.66153
0.00083,5.1e-05,0.0,0.3,0.63605666,390.37796
0.00083,5.1e-05,0.0,0.4,0.5673433,394.71133
0.00083,5.1e-05,0.0,0.5,0.5693256,393.08096
0.00083,5.1e-05,0.0,0.6,0.56854475,393.49408
0.00083,5.1e-05,0.0,0.7,0.5682738,393.63925
0.00083,5.1e-05,0.0,0.8,0.56815445,393.70358
0.00083,5.1e-05,0.0,0.9,0.5680938,393.73608
0.00083,5.1e-05,0.0,1.0,0.5680604,393.75436
0.00083,5.1e-05,1e-05,0.0,0.38574135,301.95117
0.00083,5.1e-05,1e-05,0.1,0.59449124,391.37305
0.00083,5.1e-05,1e-05,0.2,0.7740376,390.66144
0.00083,5.1e-05,1e-05,0.3,0.63605976,390.37814
0.00083,5.1e-05,1e-05,0.4,0.5673427,394.7116
0.00083,5.1e-05,1e-05,0.5,0.56932557,393.08096
0.00083,5.1e-05,1e-05,0.6,0.56854475,393.49408
0.00083,5.1e-05,1e-05,0.7,0.5682738,393.63925
0.00083,5.1e-05,1e-05,0.8,0.56815445,393.70358
0.00083,5.1e-05,1e-05,0.9,0.5680938,393.73608
0.00083,5.1e-05,1e-05,1.0,0.5680604,393.75436
0.00082,1e-04,1e-05,0.0,0.38567364,301.94128
0.00082,1e-04,1e-05,0.1,0.59449047,391.36798
0.00082,1e-04,1e-05,0.2,0.7740183,390.6653
0.00082,1e-04,1e-05,0.3,0.63608664,390.38052
0.00082,1e-04,1e-05,0.4,0.5673398,394.7134
0.00082,1e-04,1e-05,0.5,0.56932575,393.08093
0.00082,1e-04,1e-05,0.6,0.56854486,393.49405
0.00082,1e-04,1e-05,0.7,0.56827384,393.63925
0.00082,1e-04,1e-05,0.8,0.56815445,393.70358
0.00082,1e-04,1e-05,0.9,0.56809384,393.73608
0.00082,1e-04,1e-05,1.0,0.5680604,393.75436
0.00083,8.27e-05,0.0,0.0,0.38566813,301.94043
0.00083,8.27e-05,0.0,0.1,0.5944906,391.36862
0.00083,8.27e-05,0.0,0.2,0.7740211,390.66467
0.00083,8.27e-05,0.0,0.3,0.63608056,390.38004
0.00083,8.27e-05,0.0,0.4,0.5673407,394.7131
0.00083,8.27e-05,0.0,0.5,0.5693257,393.08093
0.00083,8.27e-05,0.0,0.6,0.5685448,393.49405
0.00083,8.27e-05,0.0,0.7,0.56827384,393.63925
0.00083,8.27e-05,0.0,0.8,0.56815445,393.70358
0.00083,8.27e-05,0.0,0.9,0.56809384,393.73608
0.00083,8.27e-05,0.0,1.0,0.5680604,393.75436
0.00083,8.27e-05,1e-05,0.0,0.38568506,301.94296
0.00083,8.27e-05,1e-05,0.1,0.5944906,391.36868
0.00083,8.27e-05,1e-05,0.2,0.7740213,390.66464
0.00083,8.27e-05,1e-05,0.3,0.6360833,390.3802
0.00083,8.27e-05,1e-05,0.4,0.5673402,394.71323
0.00083,8.27e-05,1e-05,0.5,0.5693257,393.08093
0.00083,8.27e-05,1e-05,0.6,0.56854475,393.49405
0.00083,8.27e-05,1e-05,0.7,0.5682738,393.63925
0.00083,8.27e-05,1e-05,0.8,0.56815445,393.70358
0.00083,8.27e-05,1e-05,0.9,0.56809384,393.73608
0.00083,8.27e-05,1e-05,1.0,0.5680604,393.75436
0.00084,1e-04,0.0,0.0,0.38561836,301.93314
0.00084,1e-04,0.0,0.1,0.5944899,391.36462
0.00084,1e-04,0.0,0.2,0.7740055,390.66785
0.00084,1e-04,0.0,0.3,0.63610286,390.38202
0.00084,1e-04,0.0,0.4,0.56733805,394.71466
0.00084,1e-04,0.0,0.5,0.5693258,393.0808
0.00084,1e-04,0.0,0.6,0.5685449,393.49405
0.00084,1e-04,0.0,0.7,0.56827384,393.63925
0.00084,1e-04,0.0,0.8,0.56815445,393.70358
0.00084,1e-04,0.0,0.9,0.56809384,393.73608
0.00084,1e-04,0.0,1.0,0.5680604,393.75436
0.00084,6.69e-05,0.0,0.0,0.38567704,301.9418
0.00084,6.69e-05,0.0,0.1,0.59449065,391.3691
0.00084,6.69e-05,0.0,0.2,0.77402323,390.66425
0.00084,6.69e-05,0.0,0.3,0.6360785,390.37988
0.00084,6.69e-05,0.0,0.4,0.56734085,394.71292
0.00084,6.69e-05,0.0,0.5,0.5693257,393.0809
0.00084,6.69e-05,0.0,0.6,0.5685448,393.49405
0.00084,6.69e-05,0.0,0.7,0.56827384,393.63925
0.00084,6.69e-05,0.0,0.8,0.56815445,393.70358
0.00084,6.69e-05,0.0,0.9,0.56809384,393.73608
0.00084,6.69e-05,0.0,1.0,0.5680604,393.75436
0.00084,6.69e-05,1e-05,0.0,0.38569385,301.94418
0.00084,6.69e-05,1e-05,0.1,0.5944907,391.36923
0.00084,6.69e-05,1e-05,0.2,0.77402353,390.66415
0.00084,6.69e-05,1e-05,0.3,0.63608146,390.38
0.00084,6.69e-05,1e-05,0.4,0.5673402,394.7132
0.00084,6.69e-05,1e-05,0.5,0.5693257,393.08093
0.00084,6.69e-05,1e-05,0.6,0.5685448,393.49405
0.00084,6.69e-05,1e-05,0.7,0.56827384,393.63925
0.00084,6.69e-05,1e-05,0.8,0.56815445,393.70358
0.00084,6.69e-05,1e-05,0.9,0.56809384,393.73608
0.00084,6.69e-05,1e-05,1.0,0.5680604,393.75436
0.00087,1.73e-05,0.0,0.0,0.38570747,301.94635
0.00087,1.73e-05,0.0,0.1,0.5944909,391.371
0.00087,1.73e-05,0.0,0.2,0.77403057,390.66278
0.00087,1.73e-05,0.0,0.3,0.63607067,390.379
0.00087,1.73e-05,0.0,0.4,0.5673416,394.71237
0.00087,1.73e-05,0.0,0.5,0.56932575,393.08093
0.00087,1.73e-05,0.0,0.6,0.5685447,393.49408
0.00087,1.73e-05,0.0,0.7,0.5682738,393.63925
0.00087,1.73e-05,0.0,0.8,0.56815445,393.70358
0.00087,1.73e-05,0.0,0.9,0.56809384,393.73608
0.00087,1.73e-05,0.0,1.0,0.5680604,393.75436
0.00086,3.46e-05,0.0,0.0,0.38569602,301.94452
0.00086,3.46e-05,0.0,0.1,0.59449077,391.37024
0.00086,3.46e-05,0.0,0.2,0.7740278,390.6633
0.00086,3.46e-05,0.0,0.3,0.63607365,390.37943
0.00086,3.46e-05,0.0,0.4,0.5673412,394.71262
0.00086,3.46e-05,0.0,0.5,0.5693257,393.08093
0.00086,3.46e-05,0.0,0.6,0.56854475,393.49408
0.00086,3.46e-05,0.0,0.7,0.5682738,393.63925
0.00086,3.46e-05,0.0,0.8,0.56815445,393.70358
0.00086,3.46e-05,0.0,0.9,0.56809384,393.73608
0.00086,3.46e-05,0.0,1.0,0.5680604,393.75436
0.00088,0.0,0.0,0.0,0.38571894,301.94778
0.00088,0.0,0.0,0.1,0.5944912,391.37173
0.00088,0.0,0.0,0.2,0.7740334,390.66235
0.00088,0.0,0.0,0.3,0.63606745,390.37872
0.00088,0.0,0.0,0.4,0.5673418,394.71213
0.00088,0.0,0.0,0.5,0.56932575,393.08096
0.00088,0.0,0.0,0.6,0.56854475,393.49408
0.00088,0.0,0.0,0.7,0.5682738,393.63925
0.00088,0.0,0.0,0.8,0.56815445,393.70358
0.00088,0.0,0.0,0.9,0.5680938,393.73608
0.00088,0.0,0.0,1.0,0.5680604,393.75436
0.00088,0.0,1e-05,0.0,0.38573566,301.95038
0.00088,0.0,1e-05,0.1,0.59449124,391.3718
0.00088,0.0,1e-05,0.2,0.7740337,390.66223
0.00088,0.0,1e-05,0.3,0.6360705,390.37885
0.00088,0.0,1e-05,0.4,0.5673414,394.71246
0.00088,0.0,1e-05,0.5,0.5693257,393.08093
0.00088,0.0,1e-05,0.6,0.5685447,393.49408
0.00088,0.0,1e-05,0.7,0.5682738,393.63925
0.00088,0.0,1e-05,0.8,0.56815445,393.70358
0.00088,0.0,1e-05,0.9,0.56809384,393.73608
0.00088,0.0,1e-05,1.0,0.5680604,393.75436
0.00087,1.73e-05,1e-05,0.0,0.3857242,301.94864
0.00087,1.73e-05,1e-05,0.1,0.59449106,391.37112
0.00087,1.73e-05,1e-05,0.2,0.7740309,390.66275
0.00087,1.73e-05,1e-05,0.3,0.6360736,390.37918
0.00087,1.73e-05,1e-05,0.4,0.5673411,394.71268
0.00087,1.73e-05,1e-05,0.5,0.5693257,393.08093
0.00087,1.73e-05,1e-05,0.6,0.56854475,393.49408
0.00087,1.73e-05,1e-05,0.7,0.5682738,393.63925
0.00087,1.73e-05,1e-05,0.8,0.56815445,393.70358
0.00087,1.73e-05,1e-05,0.9,0.56809384,393.73608
0.00087,1.73e-05,1e-05,1.0,0.5680604,393.75436
0.00086,3.46e-05,1e-05,0.0,0.38571274,301.94702
0.00086,3.46e-05,1e-05,0.1,0.5944908,391.3704
0.00086,3.46e-05,1e-05,0.2,0.77402836,390.66324
0.00086,3.46e-05,1e-05,0.3,0.6360767,390.37955
0.00086,3.46e-05,1e-05,0.4,0.5673407,394.71292
0.00086,3.46e-05,1e-05,0.5,0.5693257,393.08093
0.00086,3.46e-05,1e-05,0.6,0.5685448,393.49405
0.00086,3.46e-05,1e-05,0.7,0.5682738,393.63925
0.00086,3.46e-05,1e-05,0.8,0.56815445,393.70358
0.00086,3.46e-05,1e-05,0.9,0.56809384,393.73608
0.00086,3.46e-05,1e-05,1.0,0.5680604,393.75436
0.00085,5.1e-05,0.0,0.0,0.38568607,301.94308
0.00085,5.1e-05,0.0,0.1,0.5944907,391.3697
0.00085,5.1e-05,0.0,0.2,0.7740253,390.66385
0.00085,5.1e-05,0.0,0.3,0.63607633,390.37967
0.00085,5.1e-05,0.0,0.4,0.5673409,394.7127
0.00085,5.1e-05,0.0,0.5,0.5693257,393.08093
0.00085,5.1e-05,0.0,0.6,0.5685448,393.49405
0.00085,5.1e-05,0.0,0.7,0.5682738,393.63925
0.00085,5.1e-05,0.0,0.8,0.56815445,393.70358
0.00085,5.1e-05,0.0,0.9,0.56809384,393.73608
0.00085,5.1e-05,0.0,1.0,0.5680604,393.75436
0.00085,5.1e-05,1e-05,0.0,0.38570294,301.94556
0.00085,5.1e-05,1e-05,0.1,0.59449077,391.36978
0.00085,5.1e-05,1e-05,0.2,0.7740256,390.6638
0.00085,5.1e-05,1e-05,0.3,0.6360792,390.37976
0.00085,5.1e-05,1e-05,0.4,0.56734055,394.7131
0.00085,5.1e-05,1e-05,0.5,0.5693257,393.0809
0.00085,5.1e-05,1e-05,0.6,0.5685448,393.49405
0.00085,5.1e-05,1e-05,0.7,0.56827384,393.63925
0.00085,5.1e-05,1e-05,0.8,0.56815445,393.70358
0.00085,5.1e-05,1e-05,0.9,0.56809384,393.73608
0.00085,5.1e-05,1e-05,1.0,0.5680604,393.75436
0.00084,1e-04,1e-05,0.0,0.38563514,301.9356
0.00084,1e-04,1e-05,0.1,0.59448993,391.36475
0.00084,1e-04,1e-05,0.2,0.77400553,390.6678
0.00084,1e-04,1e-05,0.3,0.63610584,390.38217
0.00084,1e-04,1e-05,0.4,0.5673374,394.71487
0.00084,1e-04,1e-05,0.5,0.5693258,393.0808
0.00084,1e-04,1e-05,0.6,0.5685449,393.49405
0.00084,1e-04,1e-05,0.7,0.56827384,393.63922
0.00084,1e-04,1e-05,0.8,0.56815445,393.70358
0.00084,1e-04,1e-05,0.9,0.56809384,393.73608
0.00084,1e-04,1e-05,1.0,0.5680604,393.75436
0.00085,8.27e-05,0.0,0.0,0.38562983,301.93478
0.00085,8.27e-05,0.0,0.1,0.5944899,391.3653
0.00085,8.27e-05,0.0,0.2,0.7740086,390.6672
0.00085,8.27e-05,0.0,0.3,0.6360998,390.38174
0.00085,8.27e-05,0.0,0.4,0.5673382,394.71445
0.00085,8.27e-05,0.0,0.5,0.5693258,393.08084
0.00085,8.27e-05,0.0,0.6,0.56854486,393.49405
0.00085,8.27e-05,0.0,0.7,0.5682738,393.63922
0.00085,8.27e-05,0.0,0.8,0.56815445,393.70358
0.00085,8.27e-05,0.0,0.9,0.56809384,393.73608
0.00085,8.27e-05,0.0,1.0,0.5680604,393.75436
0.00086,1e-04,0.0,0.0,0.38557985,301.9275
0.00086,1e-04,0.0,0.1,0.5944893,391.36145
0.00086,1e-04,0.0,0.2,0.7739924,390.6704
0.00086,1e-04,0.0,0.3,0.636122,390.3838
0.00086,1e-04,0.0,0.4,0.5673357,394.71603
0.00086,1e-04,0.0,0.5,0.56932586,393.0808
0.00086,1e-04,0.0,0.6,0.5685449,393.49405
0.00086,1e-04,0.0,0.7,0.56827384,393.63922
0.00086,1e-04,0.0,0.8,0.5681545,393.70358
0.00086,1e-04,0.0,0.9,0.5680938,393.73608
0.00086,1e-04,0.0,1.0,0.5680604,393.75436
0.00085,8.27e-05,1e-05,0.0,0.38564658,301.9373
0.00085,8.27e-05,1e-05,0.1,0.59449,391.36548
0.00085,8.27e-05,1e-05,0.2,0.7740085,390.66724
0.00085,8.27e-05,1e-05,0.3,0.6361025,390.3819
0.00085,8.27e-05,1e-05,0.4,0.56733775,394.7147
0.00085,8.27e-05,1e-05,0.5,0.5693258,393.0808
0.00085,8.27e-05,1e-05,0.6,0.5685449,393.49405
0.00085,8.27e-05,1e-05,0.7,0.56827384,393.63925
0.00085,8.27e-05,1e-05,0.8,0.56815445,393.70358
0.00085,8.27e-05,1e-05,0.9,0.56809384,393.73608
0.00085,8.27e-05,1e-05,1.0,0.5680604,393.75436
0.00089,1.73e-05,0.0,0.0,0.385669,301.9405
0.00089,1.73e-05,0.0,0.1,0.59449035,391.3677
0.00089,1.73e-05,0.0,0.2,0.77401817,390.6653
0.00089,1.73e-05,0.0,0.3,0.63609,390.38074
0.00089,1.73e-05,0.0,0.4,0.5673391,394.71384
0.00089,1.73e-05,0.0,0.5,0.56932575,393.08093
0.00089,1.73e-05,0.0,0.6,0.56854486,393.49405
0.00089,1.73e-05,0.0,0.7,0.5682738,393.63925
0.00089,1.73e-05,0.0,0.8,0.56815445,393.70358
0.00089,1.73e-05,0.0,0.9,0.56809384,393.73608
0.00089,1.73e-05,0.0,1.0,0.5680604,393.75436
0.0009,0.0,0.0,0.0,0.38568038,301.94226
0.0009,0.0,0.0,0.1,0.5944906,391.3684
0.0009,0.0,0.0,0.2,0.77402097,390.66464
0.0009,0.0,0.0,0.3,0.6360869,390.38043
0.0009,0.0,0.0,0.4,0.56733954,394.71356
0.0009,0.0,0.0,0.5,0.5693257,393.08093
0.0009,0.0,0.0,0.6,0.56854475,393.49405
0.0009,0.0,0.0,0.7,0.56827384,393.63922
0.0009,0.0,0.0,0.8,0.56815445,393.70358
0.0009,0.0,0.0,0.9,0.56809384,393.73608
0.0009,0.0,0.0,1.0,0.5680604,393.75436
0.0009,0.0,1e-05,0.0,0.38569713,301.94464
0.0009,0.0,1e-05,0.1,0.5944906,391.3685
0.0009,0.0,1e-05,0.2,0.7740215,390.6646
0.0009,0.0,1e-05,0.3,0.6360897,390.38055
0.0009,0.0,1e-05,0.4,0.567339,394.714
0.0009,0.0,1e-05,0.5,0.5693257,393.0809
0.0009,0.0,1e-05,0.6,0.56854486,393.49405
0.0009,0.0,1e-05,0.7,0.56827384,393.63922
0.0009,0.0,1e-05,0.8,0.56815445,393.70358
0.0009,0.0,1e-05,0.9,0.56809384,393.73608
0.0009,0.0,1e-05,1.0,0.5680604,393.75436
0.00086,6.69e-05,0.0,0.0,0.3856386,301.93607
0.00086,6.69e-05,0.0,0.1,0.59449,391.36584
0.00086,6.69e-05,0.0,0.2,0.77401066,390.66684
0.00086,6.69e-05,0.0,0.3,0.6360978,390.3815
0.00086,6.69e-05,0.0,0.4,0.56733847,394.71436
0.00086,6.69e-05,0.0,0.5,0.5693258,393.08084
0.00086,6.69e-05,0.0,0.6,0.5685449,393.49405
0.00086,6.69e-05,0.0,0.7,0.5682738,393.63922
0.00086,6.69e-05,0.0,0.8,0.56815445,393.70358
0.00086,6.69e-05,0.0,0.9,0.56809384,393.73608
0.00086,6.69e-05,0.0,1.0,0.5680604,393.75436
0.00086,6.69e-05,1e-05,0.0,0.38565546,301.93854
0.00086,6.69e-05,1e-05,0.1,0.59449005,391.36597
0.00086,6.69e-05,1e-05,0.2,0.77401066,390.66678
0.00086,6.69e-05,1e-05,0.3,0.63610053,390.38168
0.00086,6.69e-05,1e-05,0.4,0.56733805,394.71463
0.00086,6.69e-05,1e-05,0.5,0.5693258,393.08084
0.00086,6.69e-05,1e-05,0.6,0.56854486,393.49405
0.00086,6.69e-05,1e-05,0.7,0.56827384,393.63922
0.00086,6.69e-05,1e-05,0.8,0.56815445,393.70358
0.00086,6.69e-05,1e-05,0.9,0.56809384,393.73608
0.00086,6.69e-05,1e-05,1.0,0.5680604,393.75436
0.00088,3.46e-05,0.0,0.0,0.38565755,301.93884
0.00088,3.46e-05,0.0,0.1,0.59449035,391.36694
0.00088,3.46e-05,0.0,0.2,0.7740153,390.6658
0.00088,3.46e-05,0.0,0.3,0.6360931,390.38107
0.00088,3.46e-05,0.0,0.4,0.567339,394.7141
0.00088,3.46e-05,0.0,0.5,0.56932575,393.08084
0.00088,3.46e-05,0.0,0.6,0.56854486,393.49405
0.00088,3.46e-05,0.0,0.7,0.56827384,393.63925
0.00088,3.46e-05,0.0,0.8,0.56815445,393.70358
0.00088,3.46e-05,0.0,0.9,0.56809384,393.73608
0.00088,3.46e-05,0.0,1.0,0.5680604,393.75436
0.00089,1.73e-05,1e-05,0.0,0.3856858,301.943
0.00089,1.73e-05,1e-05,0.1,0.5944905,391.3678
0.00089,1.73e-05,1e-05,0.2,0.7740184,390.66528
0.00089,1.73e-05,1e-05,0.3,0.6360931,390.38086
0.00089,1.73e-05,1e-05,0.4,0.5673388,394.7142
0.00089,1.73e-05,1e-05,0.5,0.5693258,393.08084
0.00089,1.73e-05,1e-05,0.6,0.56854486,393.49405
0.00089,1.73e-05,1e-05,0.7,0.56827384,393.63925
0.00089,1.73e-05,1e-05,0.8,0.56815445,393.70358
0.00089,1.73e-05,1e-05,0.9,0.56809384,393.73608
0.00089,1.73e-05,1e-05,1.0,0.5680604,393.75436
0.00087,5.1e-05,0.0,0.0,0.38564768,301.93744
0.00087,5.1e-05,0.0,0.1,0.5944902,391.3664
0.00087,5.1e-05,0.0,0.2,0.77401286,390.66635
0.00087,5.1e-05,0.0,0.3,0.63609576,390.3813
0.00087,5.1e-05,0.0,0.4,0.5673387,394.71423
0.00087,5.1e-05,0.0,0.5,0.56932575,393.08084
0.00087,5.1e-05,0.0,0.6,0.5685449,393.49405
0.00087,5.1e-05,0.0,0.7,0.5682738,393.63922
0.00087,5.1e-05,0.0,0.8,0.56815445,393.70358
0.00087,5.1e-05,0.0,0.9,0.56809384,393.73608
0.00087,5.1e-05,0.0,1.0,0.5680604,393.75436
0.00088,3.46e-05,1e-05,0.0,0.38567427,301.9413
0.00088,3.46e-05,1e-05,0.1,0.59449035,391.36707
0.00088,3.46e-05,1e-05,0.2,0.7740156,390.6658
0.00088,3.46e-05,1e-05,0.3,0.63609606,390.38123
0.00088,3.46e-05,1e-05,0.4,0.56733847,394.71436
0.00088,3.46e-05,1e-05,0.5,0.56932575,393.08084
0.00088,3.46e-05,1e-05,0.6,0.5685449,393.49405
0.00088,3.46e-05,1e-05,0.7,0.56827384,393.63925
0.00088,3.46e-05,1e-05,0.8,0.56815445,393.70358
0.00088,3.46e-05,1e-05,0.9,0.56809384,393.73608
0.00088,3.46e-05,1e-05,1.0,0.5680604,393.75436
0.00087,5.1e-05,1e-05,0.0,0.38566437,301.93988
0.00087,5.1e-05,1e-05,0.1,0.5944903,391.3665
0.00087,5.1e-05,1e-05,0.2,0.7740133,390.6663
0.00087,5.1e-05,1e-05,0.3,0.6360986,390.38144
0.00087,5.1e-05,1e-05,0.4,0.56733817,394.7145
0.00087,5.1e-05,1e-05,0.5,0.56932575,393.08084
0.00087,5.1e-05,1e-05,0.6,0.5685449,393.49405
0.00087,5.1e-05,1e-05,0.7,0.5682738,393.63922
0.00087,5.1e-05,1e-05,0.8,0.56815445,393.70358
0.00087,5.1e-05,1e-05,0.9,0.56809384,393.73608
0.00087,5.1e-05,1e-05,1.0,0.5680604,393.75436
0.00086,1e-04,1e-05,0.0,0.3855967,301.92978
0.00086,1e-04,1e-05,0.1,0.59448934,391.3615
0.00086,1e-04,1e-05,0.2,0.7739927,390.67038
0.00086,1e-04,1e-05,0.3,0.6361248,390.38403
0.00086,1e-04,1e-05,0.4,0.56733525,394.7163
0.00086,1e-04,1e-05,0.5,0.5693259,393.0808
0.00086,1e-04,1e-05,0.6,0.56854486,393.49405
0.00086,1e-04,1e-05,0.7,0.56827384,393.63922
0.00086,1e-04,1e-05,0.8,0.5681545,393.70358
0.00086,1e-04,1e-05,0.9,0.5680938,393.73608
0.00086,1e-04,1e-05,1.0,0.5680604,393.75436
0.00087,8.27e-05,0.0,0.0,0.38559145,301.92914
0.00087,8.27e-05,0.0,0.1,0.5944895,391.36212
0.00087,8.27e-05,0.0,0.2,0.77399534,390.6697
0.00087,8.27e-05,0.0,0.3,0.636119,390.38345
0.00087,8.27e-05,0.0,0.4,0.5673361,394.71585
0.00087,8.27e-05,0.0,0.5,0.56932586,393.0808
0.00087,8.27e-05,0.0,0.6,0.56854486,393.49405
0.00087,8.27e-05,0.0,0.7,0.56827384,393.63922
0.00087,8.27e-05,0.0,0.8,0.5681545,393.70358
0.00087,8.27e-05,0.0,0.9,0.5680938,393.73608
0.00087,8.27e-05,0.0,1.0,0.5680604,393.75436
0.00087,8.31e-05,5e-06,0.0,0.38559896,301.93024
0.00087,8.31e-05,5e-06,0.1,0.5944896,391.36212
0.00087,8.31e-05,5e-06,0.2,0.7739952,390.66983
0.00087,8.31e-05,5e-06,0.3,0.6361207,390.3836
0.00087,8.31e-05,5e-06,0.4,0.56733567,394.71603
0.00087,8.31e-05,5e-06,0.5,0.56932586,393.0808
0.00087,8.31e-05,5e-06,0.6,0.5685449,393.49405
0.00087,8.31e-05,5e-06,0.7,0.56827384,393.63922
0.00087,8.31e-05,5e-06,0.8,0.5681545,393.70358
0.00087,8.31e-05,5e-06,0.9,0.5680938,393.73608
0.00087,8.31e-05,5e-06,1.0,0.5680604,393.75436
0.00088,1e-04,0.0,0.0,0.3855415,301.92175
0.00088,1e-04,0.0,0.1,0.5944887,391.35812
0.00088,1e-04,0.0,0.2,0.77397877,390.6729
0.00088,1e-04,0.0,0.3,0.63614124,390.3856
0.00088,1e-04,0.0,0.4,0.5673334,394.71756
0.00088,1e-04,0.0,0.5,0.56932604,393.0808
0.00088,1e-04,0.0,0.6,0.568545,393.49405
0.00088,1e-04,0.0,0.7,0.56827384,393.63922
0.00088,1e-04,0.0,0.8,0.56815445,393.70358
0.00088,1e-04,0.0,0.9,0.56809384,393.73608
0.00088,1e-04,0.0,1.0,0.5680604,393.75436
0.00087,8.27e-05,1e-05,0.0,0.38560802,301.9316
0.00087,8.27e-05,1e-05,0.1,0.5944896,391.36224
0.00087,8.27e-05,1e-05,0.2,0.77399534,390.6697
0.00087,8.27e-05,1e-05,0.3,0.63612187,390.3836
0.00087,8.27e-05,1e-05,0.4,0.56733537,394.71613
0.00087,8.27e-05,1e-05,0.5,0.5693259,393.0808
0.00087,8.27e-05,1e-05,0.6,0.5685449,393.49405
0.00087,8.27e-05,1e-05,0.7,0.56827384,393.63922
0.00087,8.27e-05,1e-05,0.8,0.5681545,393.70358
0.00087,8.27e-05,1e-05,0.9,0.5680938,393.73608
0.00087,8.27e-05,1e-05,1.0,0.5680604,393.75436
0.0009,3.46e-05,0.0,0.0,0.38561893,301.93332
0.0009,3.46e-05,0.0,0.1,0.59448975,391.3637
0.0009,3.46e-05,0.0,0.2,0.7740027,390.66843
0.0009,3.46e-05,0.0,0.3,0.6361127,390.38275
0.0009,3.46e-05,0.0,0.4,0.56733656,394.71545
0.0009,3.46e-05,0.0,0.5,0.5693259,393.0808
0.0009,3.46e-05,0.0,0.6,0.5685449,393.49405
0.0009,3.46e-05,0.0,0.7,0.56827384,393.63922
0.0009,3.46e-05,0.0,0.8,0.56815445,393.70358
0.0009,3.46e-05,0.0,0.9,0.56809384,393.73608
0.0009,3.46e-05,0.0,1.0,0.5680604,393.75436
0.00092,0.0,0.0,0.0,0.3856418,301.9366
0.00092,0.0,0.0,0.1,0.59448993,391.36514
0.00092,0.0,0.0,0.2,0.7740087,390.66727
0.00092,0.0,0.0,0.3,0.6361063,390.38205
0.00092,0.0,0.0,0.4,0.5673374,394.71497
0.00092,0.0,0.0,0.5,0.56932586,393.0808
0.00092,0.0,0.0,0.6,0.5685449,393.49405
0.00092,0.0,0.0,0.7,0.56827384,393.63922
0.00092,0.0,0.0,0.8,0.56815445,393.70358
0.00092,0.0,0.0,0.9,0.56809384,393.73608
0.00092,0.0,0.0,1.0,0.5680604,393.75436
0.00092,0.0,1e-05,0.0,0.38565874,301.93896
0.00092,0.0,1e-05,0.1,0.59449,391.36523
0.00092,0.0,1e-05,0.2,0.77400875,390.6673
0.00092,0.0,1e-05,0.3,0.63610923,390.38235
0.00092,0.0,1e-05,0.4,0.56733674,394.71524
0.00092,0.0,1e-05,0.5,0.56932575,393.0808
0.00092,0.0,1e-05,0.6,0.5685449,393.49405
0.00092,0.0,1e-05,0.7,0.5682738,393.63922
0.00092,0.0,1e-05,0.8,0.56815445,393.70358
0.00092,0.0,1e-05,0.9,0.56809384,393.73608
0.00092,0.0,1e-05,1.0,0.5680604,393.75436
0.00091,1.73e-05,1e-05,0.0,0.3856473,301.93738
0.00091,1.73e-05,1e-05,0.1,0.59448993,391.36453
0.00091,1.73e-05,1e-05,0.2,0.7740056,390.6678
0.00091,1.73e-05,1e-05,0.3,0.63611233,390.38257
0.00091,1.73e-05,1e-05,0.4,0.56733656,394.7155
0.00091,1.73e-05,1e-05,0.5,0.56932586,393.0808
0.00091,1.73e-05,1e-05,0.6,0.5685449,393.49405
0.00091,1.73e-05,1e-05,0.7,0.5682738,393.63922
0.00091,1.73e-05,1e-05,0.8,0.56815445,393.70358
0.00091,1.73e-05,1e-05,0.9,0.56809384,393.73608
0.00091,1.73e-05,1e-05,1.0,0.5680604,393.75436
0.00091,1.73e-05,0.0,0.0,0.3856305,301.93484
0.00091,1.73e-05,0.0,0.1,0.5944898,391.36444
0.00091,1.73e-05,0.0,0.2,0.77400565,390.66782
0.00091,1.73e-05,0.0,0.3,0.6361093,390.38245
0.00091,1.73e-05,0.0,0.4,0.5673369,394.71512
0.00091,1.73e-05,0.0,0.5,0.56932586,393.0808
0.00091,1.73e-05,0.0,0.6,0.5685449,393.49405
0.00091,1.73e-05,0.0,0.7,0.56827384,393.63922
0.00091,1.73e-05,0.0,0.8,0.56815445,393.70358
0.00091,1.73e-05,0.0,0.9,0.56809384,393.73608
0.00091,1.73e-05,0.0,1.0,0.5680604,393.75436
0.00088,6.69e-05,0.0,0.0,0.38560018,301.93048
0.00088,6.69e-05,0.0,0.1,0.59448963,391.36264
0.00088,6.69e-05,0.0,0.2,0.77399766,390.66925
0.00088,6.69e-05,0.0,0.3,0.6361172,390.38318
0.00088,6.69e-05,0.0,0.4,0.56733596,394.71576
0.00088,6.69e-05,0.0,0.5,0.5693258,393.0808
0.00088,6.69e-05,0.0,0.6,0.56854486,393.49405
0.00088,6.69e-05,0.0,0.7,0.56827384,393.63922
0.00088,6.69e-05,0.0,0.8,0.56815445,393.70358
0.00088,6.69e-05,0.0,0.9,0.5680938,393.73608
0.00088,6.69e-05,0.0,1.0,0.5680604,393.75436
0.00088,6.69e-05,1e-05,0.0,0.38561693,301.9329
0.00088,6.69e-05,1e-05,0.1,0.5944897,391.36273
0.00088,6.69e-05,1e-05,0.2,0.7739976,390.66925
0.00088,6.69e-05,1e-05,0.3,0.63612,390.3834
0.00088,6.69e-05,1e-05,0.4,0.5673357,394.71603
0.00088,6.69e-05,1e-05,0.5,0.56932586,393.0808
0.00088,6.69e-05,1e-05,0.6,0.5685449,393.49405
0.00088,6.69e-05,1e-05,0.7,0.56827384,393.63922
0.00088,6.69e-05,1e-05,0.8,0.5681545,393.70358
0.00088,6.69e-05,1e-05,0.9,0.5680938,393.73608
0.00088,6.69e-05,1e-05,1.0,0.5680604,393.75436
0.00089,5.1e-05,0.0,0.0,0.3856092,301.93176
0.00089,5.1e-05,0.0,0.1,0.59448975,391.36316
0.00089,5.1e-05,0.0,0.2,0.7739998,390.6689
0.00089,5.1e-05,0.0,0.3,0.6361148,390.383
0.00089,5.1e-05,0.0,0.4,0.5673363,394.71558
0.00089,5.1e-05,0.0,0.5,0.5693258,393.0808
0.00089,5.1e-05,0.0,0.6,0.56854486,393.49405
0.00089,5.1e-05,0.0,0.7,0.56827384,393.63922
0.00089,5.1e-05,0.0,0.8,0.56815445,393.70358
0.00089,5.1e-05,0.0,0.9,0.56809384,393.73608
0.00089,5.1e-05,0.0,1.0,0.5680604,393.75436
0.0009,3.46e-05,1e-05,0.0,0.3856358,301.93564
0.0009,3.46e-05,1e-05,0.1,0.59448975,391.36383
0.0009,3.46e-05,1e-05,0.2,0.77400273,390.6683
0.0009,3.46e-05,1e-05,0.3,0.6361153,390.38293
0.0009,3.46e-05,1e-05,0.4,0.5673361,394.71576
0.0009,3.46e-05,1e-05,0.5,0.56932586,393.0808
0.0009,3.46e-05,1e-05,0.6,0.5685449,393.49405
0.0009,3.46e-05,1e-05,0.7,0.56827384,393.63922
0.0009,3.46e-05,1e-05,0.8,0.56815445,393.70358
0.0009,3.46e-05,1e-05,0.9,0.56809384,393.73608
0.0009,3.46e-05,1e-05,1.0,0.5680604,393.75436
0.00089,5.1e-05,1e-05,0.0,0.38562593,301.9342
0.00089,5.1e-05,1e-05,0.1,0.59448975,391.36325
0.00089,5.1e-05,1e-05,0.2,0.7740001,390.66888
0.00089,5.1e-05,1e-05,0.3,0.6361178,390.38318
0.00089,5.1e-05,1e-05,0.4,0.5673358,394.71588
0.00089,5.1e-05,1e-05,0.5,0.56932586,393.0808
0.00089,5.1e-05,1e-05,0.6,0.56854486,393.49405
0.00089,5.1e-05,1e-05,0.7,0.56827384,393.63922
0.00089,5.1e-05,1e-05,0.8,0.56815445,393.70358
0.00089,5.1e-05,1e-05,0.9,0.5680938,393.73608
0.00089,5.1e-05,1e-05,1.0,0.5680604,393.75436
0.00088,1e-04,1e-05,0.0,0.38555807,301.9242
0.00088,1e-04,1e-05,0.1,0.59448874,391.35825
0.00088,1e-04,1e-05,0.2,0.77397877,390.67285
0.00088,1e-04,1e-05,0.3,0.63614404,390.3858
0.00088,1e-04,1e-05,0.4,0.567333,394.71783
0.00088,1e-04,1e-05,0.5,0.569326,393.08078
0.00088,1e-04,1e-05,0.6,0.5685449,393.49405
0.00088,1e-04,1e-05,0.7,0.56827384,393.63922
0.00088,1e-04,1e-05,0.8,0.56815445,393.70358
0.00088,1e-04,1e-05,0.9,0.56809384,393.73608
0.00088,1e-04,1e-05,1.0,0.5680604,393.75436
0.000956,7.74e-06,5e-06,0.0,0.3855672,301.9255
0.000956,7.74e-06,5e-06,0.1,0.5944887,391.3583
0.000956,7.74e-06,5e-06,0.2,0.7739801,390.67267
0.000956,7.74e-06,5e-06,0.3,0.6361479,390.38596
0.000956,7.74e-06,5e-06,0.4,0.56733245,394.71826
0.000956,7.74e-06,5e-06,0.5,0.569326,393.08078
0.000956,7.74e-06,5e-06,0.6,0.568545,393.49405
0.000956,7.74e-06,5e-06,0.7,0.56827384,393.63922
0.000956,7.74e-06,5e-06,0.8,0.5681545,393.70358
0.000956,7.74e-06,5e-06,0.9,0.56809384,393.73608
0.000956,7.74e-06,5e-06,1.0,0.5680604,393.75436
0.00096,0.0,0.0,0.0,0.38556492,301.92523
0.00096,0.0,0.0,0.1,0.59448886,391.3587
0.00096,0.0,0.0,0.2,0.7739817,390.6723
0.00096,0.0,0.0,0.3,0.6361446,390.3857
0.00096,0.0,0.0,0.4,0.56733274,394.718
0.00096,0.0,0.0,0.5,0.56932604,393.0808
0.00096,0.0,0.0,0.6,0.56854504,393.49405
0.00096,0.0,0.0,0.7,0.56827384,393.63922
0.00096,0.0,0.0,0.8,0.5681545,393.70358
0.00096,0.0,0.0,0.9,0.5680938,393.73608
0.00096,0.0,0.0,1.0,0.5680604,393.75436
0.00096,0.0,1e-05,0.0,0.38558176,301.92764
0.00096,0.0,1e-05,0.1,0.594489,391.35883
0.00096,0.0,1e-05,0.2,0.7739818,390.6724
0.00096,0.0,1e-05,0.3,0.63614756,390.3859
0.00096,0.0,1e-05,0.4,0.56733245,394.7183
0.00096,0.0,1e-05,0.5,0.569326,393.08078
0.00096,0.0,1e-05,0.6,0.568545,393.49405
0.00096,0.0,1e-05,0.7,0.56827384,393.63922
0.00096,0.0,1e-05,0.8,0.5681545,393.70358
0.00096,0.0,1e-05,0.9,0.56809384,393.73608
0.00096,0.0,1e-05,1.0,0.5680604,393.75436
0.00094,0.0,0.0,0.0,0.3856035,301.93085
0.00094,0.0,0.0,0.1,0.5944896,391.36194
0.00094,0.0,0.0,0.2,0.77399534,390.66965
0.00094,0.0,0.0,0.3,0.6361255,390.38385
0.00094,0.0,0.0,0.4,0.567335,394.71643
0.00094,0.0,0.0,0.5,0.5693259,393.0808
0.00094,0.0,0.0,0.6,0.56854486,393.49405
0.00094,0.0,0.0,0.7,0.56827384,393.63922
0.00094,0.0,0.0,0.8,0.56815445,393.70358
0.00094,0.0,0.0,0.9,0.5680938,393.73608
0.00094,0.0,0.0,1.0,0.5680604,393.75436
0.00094,0.0,1e-05,0.0,0.38562024,301.93335
0.00094,0.0,1e-05,0.1,0.5944896,391.36206
0.00094,0.0,1e-05,0.2,0.7739953,390.6697
0.00094,0.0,1e-05,0.3,0.6361282,390.3841
0.00094,0.0,1e-05,0.4,0.5673346,394.71677
0.00094,0.0,1e-05,0.5,0.5693259,393.0808
0.00094,0.0,1e-05,0.6,0.56854486,393.49405
0.00094,0.0,1e-05,0.7,0.56827384,393.63922
0.00094,0.0,1e-05,0.8,0.56815445,393.70358
0.00094,0.0,1e-05,0.9,0.5680938,393.73608
0.00094,0.0,1e-05,1.0,0.5680604,393.75436
0.00093,1.73e-05,5e-06,0.0,0.3856005,301.93048
0.00093,1.73e-05,5e-06,0.1,0.59448946,391.3613
0.00093,1.73e-05,5e-06,0.2,0.7739925,390.67038
0.00093,1.73e-05,5e-06,0.3,0.63613,390.38437
0.00093,1.73e-05,5e-06,0.4,0.56733465,394.71677
0.00093,1.73e-05,5e-06,0.5,0.569326,393.0808
0.00093,1.73e-05,5e-06,0.6,0.5685449,393.49405
0.00093,1.73e-05,5e-06,0.7,0.56827384,393.63922
0.00093,1.73e-05,5e-06,0.8,0.5681545,393.70358
0.00093,1.73e-05,5e-06,0.9,0.5680938,393.73608
0.00093,1.73e-05,5e-06,1.0,0.5680604,393.75436
0.00093,1.73e-05,0.0,0.0,0.3855921,301.92917
0.00093,1.73e-05,0.0,0.1,0.5944894,391.36124
0.00093,1.73e-05,0.0,0.2,0.77399254,390.67035
0.00093,1.73e-05,0.0,0.3,0.6361284,390.38422
0.00093,1.73e-05,0.0,0.4,0.56733465,394.71667
0.00093,1.73e-05,0.0,0.5,0.5693259,393.0808
0.00093,1.73e-05,0.0,0.6,0.5685449,393.49405
0.00093,1.73e-05,0.0,0.7,0.56827384,393.63922
0.00093,1.73e-05,0.0,0.8,0.5681545,393.70358
0.00093,1.73e-05,0.0,0.9,0.5680938,393.73608
0.00093,1.73e-05,0.0,1.0,0.5680604,393.75436
0.00095,1.73e-05,1e-05,0.0,0.38557038,301.926
0.00095,1.73e-05,1e-05,0.1,0.59448874,391.35803
0.00095,1.73e-05,1e-05,0.2,0.7739786,390.673
0.00095,1.73e-05,1e-05,0.3,0.63615054,390.38617
0.00095,1.73e-05,1e-05,0.4,0.567332,394.71844
0.00095,1.73e-05,1e-05,0.5,0.5693261,393.08078
0.00095,1.73e-05,1e-05,0.6,0.568545,393.49405
0.00095,1.73e-05,1e-05,0.7,0.56827384,393.63922
0.00095,1.73e-05,1e-05,0.8,0.56815445,393.70358
0.00095,1.73e-05,1e-05,0.9,0.56809384,393.73608
0.00095,1.73e-05,1e-05,1.0,0.5680604,393.75436
0.00095,1.73e-05,0.0,0.0,0.38555357,301.92358
0.00095,1.73e-05,0.0,0.1,0.5944888,391.35794
0.00095,1.73e-05,0.0,0.2,0.7739785,390.67297
0.00095,1.73e-05,0.0,0.3,0.6361476,390.38596
0.00095,1.73e-05,0.0,0.4,0.5673323,394.7182
0.00095,1.73e-05,0.0,0.5,0.569326,393.08078
0.00095,1.73e-05,0.0,0.6,0.568545,393.49405
0.00095,1.73e-05,0.0,0.7,0.56827384,393.63922
0.00095,1.73e-05,0.0,0.8,0.5681545,393.70358
0.00095,1.73e-05,0.0,0.9,0.56809384,393.73608
0.00095,1.73e-05,0.0,1.0,0.5680604,393.75436
0.00093,1.73e-05,1e-05,0.0,0.3856088,301.93167
0.00093,1.73e-05,1e-05,0.1,0.59448934,391.36133
0.00093,1.73e-05,1e-05,0.2,0.77399266,390.67035
0.00093,1.73e-05,1e-05,0.3,0.6361314,390.38446
0.00093,1.73e-05,1e-05,0.4,0.5673344,394.7169
0.00093,1.73e-05,1e-05,0.5,0.5693259,393.0808
0.00093,1.73e-05,1e-05,0.6,0.56854486,393.49405
0.00093,1.73e-05,1e-05,0.7,0.56827384,393.63922
0.00093,1.73e-05,1e-05,0.8,0.5681545,393.70358
0.00093,1.73e-05,1e-05,0.9,0.5680938,393.73608
0.00093,1.73e-05,1e-05,1.0,0.5680604,393.75436
0.00089,8.27e-05,0.0,0.0,0.38555288,301.9235
0.00089,8.27e-05,0.0,0.1,0.5944889,391.3589
0.00089,8.27e-05,0.0,0.2,0.773982,390.67233
0.00089,8.27e-05,0.0,0.3,0.6361379,390.38535
0.00089,8.27e-05,0.0,0.4,0.56733394,394.71732
0.00089,8.27e-05,0.0,0.5,0.5693261,393.0808
0.00089,8.27e-05,0.0,0.6,0.5685449,393.49405
0.00089,8.27e-05,0.0,0.7,0.56827384,393.63922
0.00089,8.27e-05,0.0,0.8,0.5681545,393.70358
0.00089,8.27e-05,0.0,0.9,0.5680938,393.73608
0.00089,8.27e-05,0.0,1.0,0.5680604,393.75436
0.0009,6.69e-05,0.0,0.0,0.38556165,301.92477
0.0009,6.69e-05,0.0,0.1,0.5944891,391.3594
0.0009,6.69e-05,0.0,0.2,0.77398396,390.67194
0.0009,6.69e-05,0.0,0.3,0.63613623,390.38507
0.0009,6.69e-05,0.0,0.4,0.567334,394.71713
0.0009,6.69e-05,0.0,0.5,0.56932604,393.0808
0.0009,6.69e-05,0.0,0.6,0.5685449,393.49405
0.0009,6.69e-05,0.0,0.7,0.56827384,393.63922
0.0009,6.69e-05,0.0,0.8,0.5681545,393.70358
0.0009,6.69e-05,0.0,0.9,0.5680938,393.73608
0.0009,6.69e-05,0.0,1.0,0.5680604,393.75436
0.00089,8.27e-05,1e-05,0.0,0.38556954,301.9259
0.00089,8.27e-05,1e-05,0.1,0.5944889,391.35898
0.00089,8.27e-05,1e-05,0.2,0.77398205,390.6723
0.00089,8.27e-05,1e-05,0.3,0.6361409,390.3855
0.00089,8.27e-05,1e-05,0.4,0.5673334,394.71765
0.00089,8.27e-05,1e-05,0.5,0.56932604,393.0808
0.00089,8.27e-05,1e-05,0.6,0.568545,393.49405
0.00089,8.27e-05,1e-05,0.7,0.56827384,393.63922
0.00089,8.27e-05,1e-05,0.8,0.5681545,393.70358
0.00089,8.27e-05,1e-05,0.9,0.56809384,393.73608
0.00089,8.27e-05,1e-05,1.0,0.5680604,393.75436
0.0009,1e-04,0.0,0.0,0.38550302,301.9161
0.0009,1e-04,0.0,0.1,0.5944881,391.35492
0.0009,1e-04,0.0,0.2,0.7739646,390.67575
0.0009,1e-04,0.0,0.3,0.6361604,390.38748
0.0009,1e-04,0.0,0.4,0.567331,394.71896
0.0009,1e-04,0.0,0.5,0.56932616,393.08078
0.0009,1e-04,0.0,0.6,0.56854504,393.49405
0.0009,1e-04,0.0,0.7,0.56827384,393.63922
0.0009,1e-04,0.0,0.8,0.5681545,393.70358
0.0009,1e-04,0.0,0.9,0.56809384,393.73608
0.0009,1e-04,0.0,1.0,0.5680604,393.75436
0.00092,3.46e-05,0.0,0.0,0.38558054,301.92752
0.00092,3.46e-05,0.0,0.1,0.5944892,391.3605
0.00092,3.46e-05,0.0,0.2,0.77398896,390.671
0.00092,3.46e-05,0.0,0.3,0.63613164,390.38458
0.00092,3.46e-05,0.0,0.4,0.5673345,394.7168
0.00092,3.46e-05,0.0,0.5,0.5693259,393.0808
0.00092,3.46e-05,0.0,0.6,0.5685449,393.49405
0.00092,3.46e-05,0.0,0.7,0.56827384,393.63922
0.00092,3.46e-05,0.0,0.8,0.5681545,393.70358
0.00092,3.46e-05,0.0,0.9,0.5680938,393.73608
0.00092,3.46e-05,0.0,1.0,0.5680604,393.75436
0.00091,5.1e-05,0.0,0.0,0.3855706,301.9261
0.00091,5.1e-05,0.0,0.1,0.5944891,391.35995
0.00091,5.1e-05,0.0,0.2,0.7739864,390.67142
0.00091,5.1e-05,0.0,0.3,0.63613415,390.38492
0.00091,5.1e-05,0.0,0.4,0.5673341,394.71695
0.00091,5.1e-05,0.0,0.5,0.56932604,393.0808
0.00091,5.1e-05,0.0,0.6,0.5685449,393.49405
0.00091,5.1e-05,0.0,0.7,0.56827384,393.63922
0.00091,5.1e-05,0.0,0.8,0.5681545,393.70358
0.00091,5.1e-05,0.0,0.9,0.5680938,393.73608
0.00091,5.1e-05,0.0,1.0,0.5680604,393.75436
0.00092,3.46e-05,1e-05,0.0,0.38559732,301.9299
0.00092,3.46e-05,1e-05,0.1,0.59448916,391.3606
0.00092,3.46e-05,1e-05,0.2,0.7739893,390.6709
0.00092,3.46e-05,1e-05,0.3,0.6361345,390.38486
0.00092,3.46e-05,1e-05,0.4,0.56733406,394.71716
0.00092,3.46e-05,1e-05,0.5,0.56932604,393.0808
0.00092,3.46e-05,1e-05,0.6,0.5685449,393.49405
0.00092,3.46e-05,1e-05,0.7,0.56827384,393.63922
0.00092,3.46e-05,1e-05,0.8,0.5681545,393.70358
0.00092,3.46e-05,1e-05,0.9,0.5680938,393.73608
0.00092,3.46e-05,1e-05,1.0,0.5680604,393.75436
0.0009,6.69e-05,1e-05,0.0,0.38557845,301.9272
0.0009,6.69e-05,1e-05,0.1,0.59448916,391.35947
0.0009,6.69e-05,1e-05,0.2,0.7739843,390.67188
0.0009,6.69e-05,1e-05,0.3,0.6361392,390.38528
0.0009,6.69e-05,1e-05,0.4,0.5673335,394.71756
0.0009,6.69e-05,1e-05,0.5,0.56932604,393.0808
0.0009,6.69e-05,1e-05,0.6,0.5685449,393.49405
0.0009,6.69e-05,1e-05,0.7,0.56827384,393.63922
0.0009,6.69e-05,1e-05,0.8,0.5681545,393.70358
0.0009,6.69e-05,1e-05,0.9,0.5680938,393.73608
0.0009,6.69e-05,1e-05,1.0,0.5680604,393.75436
0.00091,5.1e-05,1e-05,0.0,0.38558742,301.92853
0.00091,5.1e-05,1e-05,0.1,0.5944891,391.36008
0.00091,5.1e-05,1e-05,0.2,0.77398676,390.67142
0.00091,5.1e-05,1e-05,0.3,0.6361368,390.38507
0.00091,5.1e-05,1e-05,0.4,0.5673339,394.71738
0.00091,5.1e-05,1e-05,0.5,0.56932604,393.0808
0.00091,5.1e-05,1e-05,0.6,0.5685449,393.49405
0.00091,5.1e-05,1e-05,0.7,0.56827384,393.63922
0.00091,5.1e-05,1e-05,0.8,0.5681545,393.70358
0.00091,5.1e-05,1e-05,0.9,0.5680938,393.73608
0.00091,5.1e-05,1e-05,1.0,0.5680604,393.75436
0.00098,0.0,0.0,0.0,0.38552666,301.91962
0.00098,0.0,0.0,0.1,0.5944882,391.35547
0.00098,0.0,0.0,0.2,0.7739674,390.67526
0.00098,0.0,0.0,0.3,0.6361636,390.3875
0.00098,0.0,0.0,0.4,0.56733054,394.7195
0.00098,0.0,0.0,0.5,0.5693261,393.08078
0.00098,0.0,0.0,0.6,0.56854504,393.49405
0.00098,0.0,0.0,0.7,0.56827384,393.63922
0.00098,0.0,0.0,0.8,0.5681545,393.70358
0.00098,0.0,0.0,0.9,0.56809384,393.73608
0.00098,0.0,0.0,1.0,0.5680604,393.75436
0.00098,0.0,1e-05,0.0,0.38554344,301.92194
0.00098,0.0,1e-05,0.1,0.5944884,391.35553
0.00098,0.0,1e-05,0.2,0.7739677,390.67526
0.00098,0.0,1e-05,0.3,0.6361664,390.3877
0.00098,0.0,1e-05,0.4,0.56733,394.71982
0.00098,0.0,1e-05,0.5,0.56932616,393.08078
0.00098,0.0,1e-05,0.6,0.56854504,393.49405
0.00098,0.0,1e-05,0.7,0.56827384,393.63922
0.00098,0.0,1e-05,0.8,0.5681545,393.70358
0.00098,0.0,1e-05,0.9,0.56809384,393.73608
0.00098,0.0,1e-05,1.0,0.5680604,393.75436
0.000969,1.48e-05,0.0,0.0,0.38552147,301.9188
0.000969,1.48e-05,0.0,0.1,0.59448814,391.35526
0.000969,1.48e-05,0.0,0.2,0.77396643,390.6754
0.000969,1.48e-05,0.0,0.3,0.63616395,390.38754
0.000969,1.48e-05,0.0,0.4,0.5673306,394.7195
0.000969,1.48e-05,0.0,0.5,0.56932616,393.08078
0.000969,1.48e-05,0.0,0.6,0.56854504,393.49405
0.000969,1.48e-05,0.0,0.7,0.56827384,393.63922
0.000969,1.48e-05,0.0,0.8,0.5681545,393.70358
0.000969,1.48e-05,0.0,0.9,0.56809384,393.73608
0.000969,1.48e-05,0.0,1.0,0.5680604,393.75436
0.000985,1.33e-05,0.0,0.0,0.38549328,301.91467
0.000985,1.33e-05,0.0,0.1,0.594488,391.3528
0.000985,1.33e-05,0.0,0.2,0.7739558,390.67764
0.000985,1.33e-05,0.0,0.3,0.636178,390.38898
0.000985,1.33e-05,0.0,0.4,0.56732893,394.72043
0.000985,1.33e-05,0.0,0.5,0.569326,393.08075
0.000985,1.33e-05,0.0,0.6,0.56854504,393.49405
0.000985,1.33e-05,0.0,0.7,0.5682738,393.63922
0.000985,1.33e-05,0.0,0.8,0.5681546,393.70358
0.000985,1.33e-05,0.0,0.9,0.5680938,393.73608
0.000985,1.33e-05,0.0,1.0,0.5680604,393.75436
0.001,0.0,0.0,0.0,0.38548812,301.9139
0.001,0.0,0.0,0.1,0.5944878,391.3522
0.001,0.0,0.0,0.2,0.7739527,390.67813
0.001,0.0,0.0,0.3,0.63618255,390.3894
0.001,0.0,0.0,0.4,0.5673282,394.72086
0.001,0.0,0.0,0.5,0.5693261,393.08075
0.001,0.0,0.0,0.6,0.568545,393.49405
0.001,0.0,0.0,0.7,0.5682738,393.63922
0.001,0.0,0.0,0.8,0.5681546,393.70358
0.001,0.0,0.0,0.9,0.5680938,393.73608
0.001,0.0,0.0,1.0,0.5680604,393.75436
0.0009,1e-04,1e-05,0.0,0.38551983,301.91855
0.0009,1e-04,1e-05,0.1,0.59448814,391.35498
0.0009,1e-04,1e-05,0.2,0.77396464,390.6757
0.0009,1e-04,1e-05,0.3,0.63616294,390.38757
0.0009,1e-04,1e-05,0.4,0.5673308,394.7193
0.0009,1e-04,1e-05,0.5,0.5693261,393.08078
0.0009,1e-04,1e-05,0.6,0.56854504,393.49405
0.0009,1e-04,1e-05,0.7,0.56827384,393.63922
0.0009,1e-04,1e-05,0.8,0.5681545,393.70358
0.0009,1e-04,1e-05,0.9,0.56809384,393.73608
0.0009,1e-04,1e-05,1.0,0.5680604,393.75436
0.00097,1.5e-05,1e-05,0.0,0.3855359,301.92105
0.00097,1.5e-05,1e-05,0.1,0.5944883,391.35513
0.00097,1.5e-05,1e-05,0.2,0.7739655,390.67557
0.00097,1.5e-05,1e-05,0.3,0.6361678,390.38788
0.00097,1.5e-05,1e-05,0.4,0.5673299,394.71985
0.00097,1.5e-05,1e-05,0.5,0.56932604,393.08075
0.00097,1.5e-05,1e-05,0.6,0.56854504,393.49405
0.00097,1.5e-05,1e-05,0.7,0.56827384,393.63922
0.00097,1.5e-05,1e-05,0.8,0.5681545,393.70358
0.00097,1.5e-05,1e-05,0.9,0.5680938,393.73608
0.00097,1.5e-05,1e-05,1.0,0.5680604,393.75436
0.001,0.0,1e-05,0.0,0.38550493,301.91632
0.001,0.0,1e-05,0.1,0.5944877,391.3523
0.001,0.0,1e-05,0.2,0.7739529,390.67816
0.001,0.0,1e-05,0.3,0.63618535,390.3897
0.001,0.0,1e-05,0.4,0.5673278,394.72113
0.001,0.0,1e-05,0.5,0.5693261,393.08075
0.001,0.0,1e-05,0.6,0.5685449,393.49405
0.001,0.0,1e-05,0.7,0.5682738,393.63922
0.001,0.0,1e-05,0.8,0.5681546,393.70358
0.001,0.0,1e-05,0.9,0.5680938,393.73608
0.001,0.0,1e-05,1.0,0.5680604,393.75436
0.000985,1.33e-05,1e-05,0.0,0.38551,301.91714
0.000985,1.33e-05,1e-05,0.1,0.594488,391.35294
0.000985,1.33e-05,1e-05,0.2,0.7739557,390.6776
0.000985,1.33e-05,1e-05,0.3,0.6361808,390.38928
0.000985,1.33e-05,1e-05,0.4,0.5673283,394.7207
0.000985,1.33e-05,1e-05,0.5,0.56932604,393.08075
0.000985,1.33e-05,1e-05,0.6,0.56854504,393.49405
0.000985,1.33e-05,1e-05,0.7,0.5682738,393.63922
0.000985,1.33e-05,1e-05,0.8,0.5681546,393.70358
0.000985,1.33e-05,1e-05,0.9,0.5680938,393.73608
0.000985,1.33e-05,1e-05,1.0,0.5680604,393.75436
0.001,2e-05,0.0,0.0,0.38545263,301.90872
0.001,2e-05,0.0,0.1,0.5944873,391.3495
0.001,2e-05,0.0,0.2,0.7739404,390.6804
0.001,2e-05,0.0,0.3,0.6361967,390.39087
0.001,2e-05,0.0,0.4,0.56732655,394.72186
0.001,2e-05,0.0,0.5,0.5693261,393.08072
0.001,2e-05,0.0,0.6,0.5685449,393.49405
0.001,2e-05,0.0,0.7,0.5682738,393.63922
0.001,2e-05,0.0,0.8,0.5681546,393.70358
0.001,2e-05,0.0,0.9,0.5680938,393.73608
0.001,2e-05,0.0,1.0,0.5680604,393.75436
0.000919,6.7e-05,0.0,0.0,0.38552502,301.91934
0.000919,6.7e-05,0.0,0.1,0.59448844,391.3563
0.000919,6.7e-05,0.0,0.2,0.77397066,390.6746
0.000919,6.7e-05,0.0,0.3,0.6361544,390.3868
0.000919,6.7e-05,0.0,0.4,0.5673318,394.71857
0.000919,6.7e-05,0.0,0.5,0.5693261,393.08078
0.000919,6.7e-05,0.0,0.6,0.56854504,393.49405
0.000919,6.7e-05,0.0,0.7,0.56827384,393.63922
0.000919,6.7e-05,0.0,0.8,0.5681544,393.70358
0.000919,6.7e-05,0.0,0.9,0.56809384,393.73608
0.000919,6.7e-05,0.0,1.0,0.5680604,393.75436
0.00094,3.46e-05,0.0,0.0,0.38554218,301.92184
0.00094,3.46e-05,0.0,0.1,0.59448874,391.35724
0.00094,3.46e-05,0.0,0.2,0.7739752,390.67374
0.00094,3.46e-05,0.0,0.3,0.6361509,390.38638
0.00094,3.46e-05,0.0,0.4,0.5673321,394.71835
0.00094,3.46e-05,0.0,0.5,0.56932604,393.08078
0.00094,3.46e-05,0.0,0.6,0.568545,393.49405
0.00094,3.46e-05,0.0,0.7,0.56827384,393.63922
0.00094,3.46e-05,0.0,0.8,0.5681545,393.70358
0.00094,3.46e-05,0.0,0.9,0.56809384,393.73608
0.00094,3.46e-05,0.0,1.0,0.5680604,393.75436
0.000961,3.25e-05,0.0,0.0,0.38550535,301.91647
0.000961,3.25e-05,0.0,0.1,0.59448814,391.35413
0.000961,3.25e-05,0.0,0.2,0.7739613,390.67633
0.000961,3.25e-05,0.0,0.3,0.63616925,390.3882
0.000961,3.25e-05,0.0,0.4,0.56733,394.71985
0.000961,3.25e-05,0.0,0.5,0.569326,393.08078
0.000961,3.25e-05,0.0,0.6,0.56854504,393.49405
0.000961,3.25e-05,0.0,0.7,0.56827384,393.63922
0.000961,3.25e-05,0.0,0.8,0.5681545,393.70358
0.000961,3.25e-05,0.0,0.9,0.5680938,393.73608
0.000961,3.25e-05,0.0,1.0,0.5680604,393.75436
0.000961,3.26e-05,1e-05,0.0,0.38552198,301.91882
0.000961,3.26e-05,1e-05,0.1,0.59448814,391.3542
0.000961,3.26e-05,1e-05,0.2,0.77396137,390.67636
0.000961,3.26e-05,1e-05,0.3,0.636172,390.38846
0.000961,3.26e-05,1e-05,0.4,0.5673294,394.72012
0.000961,3.26e-05,1e-05,0.5,0.56932604,393.08075
0.000961,3.26e-05,1e-05,0.6,0.568545,393.49405
0.000961,3.26e-05,1e-05,0.7,0.56827384,393.63922
0.000961,3.26e-05,1e-05,0.8,0.5681545,393.70358
0.000961,3.26e-05,1e-05,0.9,0.5680938,393.73608
0.000961,3.26e-05,1e-05,1.0,0.5680604,393.75436
0.000941,3.46e-05,1e-05,0.0,0.38555712,301.92404
0.000941,3.46e-05,1e-05,0.1,0.5944887,391.3572
0.000941,3.46e-05,1e-05,0.2,0.7739745,390.67383
0.000941,3.46e-05,1e-05,0.3,0.63615453,390.3867
0.000941,3.46e-05,1e-05,0.4,0.56733155,394.7187
0.000941,3.46e-05,1e-05,0.5,0.5693262,393.0808
0.000941,3.46e-05,1e-05,0.6,0.56854504,393.49405
0.000941,3.46e-05,1e-05,0.7,0.56827384,393.63922
0.000941,3.46e-05,1e-05,0.8,0.5681545,393.70358
0.000941,3.46e-05,1e-05,0.9,0.56809384,393.73608
0.000941,3.46e-05,1e-05,1.0,0.5680604,393.75436
0.000946,4.29e-05,5e-06,0.0,0.3855242,301.9192
0.000946,4.29e-05,5e-06,0.1,0.59448814,391.35526
0.000946,4.29e-05,5e-06,0.2,0.7739659,390.67554
0.000946,4.29e-05,5e-06,0.3,0.636164,390.38757
0.000946,4.29e-05,5e-06,0.4,0.5673306,394.71948
0.000946,4.29e-05,5e-06,0.5,0.5693261,393.08078
0.000946,4.29e-05,5e-06,0.6,0.56854504,393.49405
0.000946,4.29e-05,5e-06,0.7,0.56827384,393.63922
0.000946,4.29e-05,5e-06,0.8,0.5681545,393.70358
0.000946,4.29e-05,5e-06,0.9,0.56809384,393.73608
0.000946,4.29e-05,5e-06,1.0,0.5680604,393.75436
0.00091,8.32e-05,5e-06,0.0,0.38552186,301.91885
0.00091,8.32e-05,5e-06,0.1,0.59448826,391.3556
0.00091,8.32e-05,5e-06,0.2,0.77396756,390.67517
0.00091,8.32e-05,5e-06,0.3,0.63615906,390.3873
0.00091,8.32e-05,5e-06,0.4,0.56733125,394.71884
0.00091,8.32e-05,5e-06,0.5,0.5693261,393.08078
0.00091,8.32e-05,5e-06,0.6,0.56854504,393.49405
0.00091,8.32e-05,5e-06,0.7,0.56827384,393.63922
0.00091,8.32e-05,5e-06,0.8,0.5681545,393.70358
0.00091,8.32e-05,5e-06,0.9,0.56809384,393.73608
0.00091,8.32e-05,5e-06,1.0,0.5680604,393.75436
0.00092,1e-04,0.0,0.0,0.38546437,301.91037
0.00092,1e-04,0.0,0.1,0.59448767,391.35162
0.00092,1e-04,0.0,0.2,0.7739499,390.67862
0.00092,1e-04,0.0,0.3,0.6361791,390.3894
0.00092,1e-04,0.0,0.4,0.56732893,394.7204
0.00092,1e-04,0.0,0.5,0.56932604,393.08075
0.00092,1e-04,0.0,0.6,0.568545,393.49405
0.00092,1e-04,0.0,0.7,0.5682738,393.63922
0.00092,1e-04,0.0,0.8,0.5681546,393.70358
0.00092,1e-04,0.0,0.9,0.5680938,393.73608
0.00092,1e-04,0.0,1.0,0.5680604,393.75436
0.00091,8.27e-05,0.0,0.0,0.38551453,301.91776
0.00091,8.27e-05,0.0,0.1,0.5944883,391.35565
0.00091,8.27e-05,0.0,0.2,0.77396786,390.67508
0.00091,8.27e-05,0.0,0.3,0.6361574,390.3871
0.00091,8.27e-05,0.0,0.4,0.56733155,394.71872
0.00091,8.27e-05,0.0,0.5,0.5693262,393.08078
0.00091,8.27e-05,0.0,0.6,0.56854504,393.49405
0.00091,8.27e-05,0.0,0.7,0.56827384,393.63922
0.00091,8.27e-05,0.0,0.8,0.5681545,393.70358
0.00091,8.27e-05,0.0,0.9,0.56809384,393.73608
0.00091,8.27e-05,0.0,1.0,0.5680604,393.75436
0.00091,8.27e-05,1e-05,0.0,0.3855312,301.92023
0.00091,8.27e-05,1e-05,0.1,0.5944884,391.35574
0.00091,8.27e-05,1e-05,0.2,0.7739678,390.6751
0.00091,8.27e-05,1e-05,0.3,0.63616014,390.38736
0.00091,8.27e-05,1e-05,0.4,0.5673311,394.7191
0.00091,8.27e-05,1e-05,0.5,0.5693261,393.08078
0.00091,8.27e-05,1e-05,0.6,0.56854504,393.49405
0.00091,8.27e-05,1e-05,0.7,0.56827384,393.63922
0.00091,8.27e-05,1e-05,0.8,0.5681545,393.70358
0.00091,8.27e-05,1e-05,0.9,0.56809384,393.73608
0.00091,8.27e-05,1e-05,1.0,0.5680604,393.75436
0.000931,5.09e-05,0.0,0.0,0.3855305,301.92017
0.000931,5.09e-05,0.0,0.1,0.59448856,391.3565
0.000931,5.09e-05,0.0,0.2,0.77397174,390.67435
0.000931,5.09e-05,0.0,0.3,0.63615406,390.38678
0.000931,5.09e-05,0.0,0.4,0.5673317,394.71857
0.000931,5.09e-05,0.0,0.5,0.5693261,393.08078
0.000931,5.09e-05,0.0,0.6,0.56854504,393.49405
0.000931,5.09e-05,0.0,0.7,0.56827384,393.63922
0.000931,5.09e-05,0.0,0.8,0.5681544,393.70358
0.000931,5.09e-05,0.0,0.9,0.56809384,393.73608
0.000931,5.09e-05,0.0,1.0,0.5680604,393.75436
0.000931,5.09e-05,1e-05,0.0,0.3855473,301.92264
0.000931,5.09e-05,1e-05,0.1,0.5944886,391.35657
0.000931,5.09e-05,1e-05,0.2,0.77397186,390.67435
0.000931,5.09e-05,1e-05,0.3,0.636157,390.38693
0.000931,5.09e-05,1e-05,0.4,0.5673313,394.71875
0.000931,5.09e-05,1e-05,0.5,0.56932616,393.08078
0.000931,5.09e-05,1e-05,0.6,0.56854504,393.49405
0.000931,5.09e-05,1e-05,0.7,0.56827384,393.63922
0.000931,5.09e-05,1e-05,0.8,0.5681544,393.70358
0.000931,5.09e-05,1e-05,0.9,0.56809384,393.73608
0.000931,5.09e-05,1e-05,1.0,0.5680604,393.75436
0.00092,6.73e-05,1e-05,0.0,0.38553935,301.92142
0.00092,6.73e-05,1e-05,0.1,0.59448844,391.35617
0.00092,6.73e-05,1e-05,0.2,0.77397007,390.67477
0.00092,6.73e-05,1e-05,0.3,0.6361584,390.38702
0.00092,6.73e-05,1e-05,0.4,0.56733114,394.7189
0.00092,6.73e-05,1e-05,0.5,0.5693262,393.08078
0.00092,6.73e-05,1e-05,0.6,0.56854504,393.49405
0.00092,6.73e-05,1e-05,0.7,0.56827384,393.63922
0.00092,6.73e-05,1e-05,0.8,0.5681545,393.70358
0.00092,6.73e-05,1e-05,0.9,0.56809384,393.73608
0.00092,6.73e-05,1e-05,1.0,0.5680604,393.75436
0.000982,3.11e-05,0.0,0.0,0.3854676,301.91095
0.000982,3.11e-05,0.0,0.1,0.5944875,391.35092
0.000982,3.11e-05,0.0,0.2,0.7739469,390.67926
0.000982,3.11e-05,0.0,0.3,0.63618785,390.39008
0.000982,3.11e-05,0.0,0.4,0.5673276,394.72116
0.000982,3.11e-05,0.0,0.5,0.569326,393.08072
0.000982,3.11e-05,0.0,0.6,0.56854486,393.49405
0.000982,3.11e-05,0.0,0.7,0.5682738,393.63922
0.000982,3.11e-05,0.0,0.8,0.5681546,393.70358
0.000982,3.11e-05,0.0,0.9,0.5680938,393.73608
0.000982,3.11e-05,0.0,1.0,0.5680604,393.75436
0.001,2e-05,1e-05,0.0,0.38546932,301.91116
0.001,2e-05,1e-05,0.1,0.5944873,391.34958
0.001,2e-05,1e-05,0.2,0.7739401,390.68042
0.001,2e-05,1e-05,0.3,0.63619936,390.3912
0.001,2e-05,1e-05,0.4,0.5673261,394.72223
0.001,2e-05,1e-05,0.5,0.5693262,393.08072
0.001,2e-05,1e-05,0.6,0.5685449,393.49405
0.001,2e-05,1e-05,0.7,0.5682739,393.63922
0.001,2e-05,1e-05,0.8,0.5681546,393.70358
0.001,2e-05,1e-05,0.9,0.5680938,393.73608
0.001,2e-05,1e-05,1.0,0.5680604,393.75436
0.000929,8.31e-05,0.0,0.0,0.38547716,301.91232
0.000929,8.31e-05,0.0,0.1,0.5944878,391.35245
0.000929,8.31e-05,0.0,0.2,0.7739536,390.6779
0.000929,8.31e-05,0.0,0.3,0.6361755,390.38895
0.000929,8.31e-05,0.0,0.4,0.56732935,394.72018
0.000929,8.31e-05,0.0,0.5,0.56932604,393.08075
0.000929,8.31e-05,0.0,0.6,0.568545,393.49405
0.000929,8.31e-05,0.0,0.7,0.5682738,393.63922
0.000929,8.31e-05,0.0,0.8,0.5681546,393.70358
0.000929,8.31e-05,0.0,0.9,0.5680938,393.73608
0.000929,8.31e-05,0.0,1.0,0.5680604,393.75436
0.00092,1e-04,1e-05,0.0,0.38548118,301.9129
0.00092,1e-04,1e-05,0.1,0.5944876,391.35175
0.00092,1e-04,1e-05,0.2,0.7739501,390.67853
0.00092,1e-04,1e-05,0.3,0.63618207,390.3896
0.00092,1e-04,1e-05,0.4,0.5673285,394.7206
0.00092,1e-04,1e-05,0.5,0.56932604,393.08075
0.00092,1e-04,1e-05,0.6,0.568545,393.49405
0.00092,1e-04,1e-05,0.7,0.5682738,393.63922
0.00092,1e-04,1e-05,0.8,0.5681546,393.70358
0.00092,1e-04,1e-05,0.9,0.5680938,393.73608
0.00092,1e-04,1e-05,1.0,0.5680604,393.75436
0.00094,1e-04,0.0,0.0,0.38542598,301.9048
0.00094,1e-04,0.0,0.1,0.594487,391.34836
0.00094,1e-04,0.0,0.2,0.7739347,390.6816
0.00094,1e-04,0.0,0.3,0.63619787,390.39133
0.00094,1e-04,0.0,0.4,0.56732666,394.72183
0.00094,1e-04,0.0,0.5,0.5693262,393.08072
0.00094,1e-04,0.0,0.6,0.5685449,393.49402
0.00094,1e-04,0.0,0.7,0.5682739,393.63922
0.00094,1e-04,0.0,0.8,0.5681546,393.70355
0.00094,1e-04,0.0,0.9,0.5680938,393.73608
0.00094,1e-04,0.0,1.0,0.5680604,393.75436
0.000982,3.12e-05,1e-05,0.0,0.38548422,301.91324
0.000982,3.12e-05,1e-05,0.1,0.5944876,391.35098
0.000982,3.12e-05,1e-05,0.2,0.7739467,390.67935
0.000982,3.12e-05,1e-05,0.3,0.6361907,390.3903
0.000982,3.12e-05,1e-05,0.4,0.56732726,394.72147
0.000982,3.12e-05,1e-05,0.5,0.5693261,393.08075
0.000982,3.12e-05,1e-05,0.6,0.56854486,393.49405
0.000982,3.12e-05,1e-05,0.7,0.5682738,393.63922
0.000982,3.12e-05,1e-05,0.8,0.5681546,393.70358
0.000982,3.12e-05,1e-05,0.9,0.5680938,393.73608
0.000982,3.12e-05,1e-05,1.0,0.5680604,393.75436
0.001,3.99e-05,0.0,0.0,0.3854174,301.9035
0.001,3.99e-05,0.0,0.1,0.5944868,391.34677
0.001,3.99e-05,0.0,0.2,0.7739274,390.6831
0.001,3.99e-05,0.0,0.3,0.6362109,390.39252
0.001,3.99e-05,0.0,0.4,0.567325,394.723
0.001,3.99e-05,0.0,0.5,0.56932616,393.08072
0.001,3.99e-05,0.0,0.6,0.56854486,393.49402
0.001,3.99e-05,0.0,0.7,0.5682739,393.63922
0.001,3.99e-05,0.0,0.8,0.5681546,393.70355
0.001,3.99e-05,0.0,0.9,0.5680938,393.73608
0.001,3.99e-05,0.0,1.0,0.5680604,393.75433
0.00097,4.56e-05,0.0,0.0,0.38546482,301.9104
0.00097,4.56e-05,0.0,0.1,0.59448755,391.3509
0.00097,4.56e-05,0.0,0.2,0.7739467,390.6793
0.00097,4.56e-05,0.0,0.3,0.6361869,390.39005
0.00097,4.56e-05,0.0,0.4,0.5673278,394.72113
0.00097,4.56e-05,0.0,0.5,0.569326,393.08072
0.00097,4.56e-05,0.0,0.6,0.56854486,393.49405
0.00097,4.56e-05,0.0,0.7,0.5682738,393.63922
0.00097,4.56e-05,0.0,0.8,0.5681546,393.70358
0.00097,4.56e-05,0.0,0.9,0.5680938,393.73608
0.00097,4.56e-05,0.0,1.0,0.5680604,393.75436
0.00097,4.55e-05,1e-05,0.0,0.38548186,301.91296
0.00097,4.55e-05,1e-05,0.1,0.5944876,391.35098
0.00097,4.55e-05,1e-05,0.2,0.77394694,390.6793
0.00097,4.55e-05,1e-05,0.3,0.63618976,390.3903
0.00097,4.55e-05,1e-05,0.4,0.5673273,394.72137
0.00097,4.55e-05,1e-05,0.5,0.5693261,393.08072
0.00097,4.55e-05,1e-05,0.6,0.56854486,393.49405
0.00097,4.55e-05,1e-05,0.7,0.5682738,393.63922
0.00097,4.55e-05,1e-05,0.8,0.5681546,393.70358
0.00097,4.55e-05,1e-05,0.9,0.5680938,393.73608
0.00097,4.55e-05,1e-05,1.0,0.5680604,393.75436
0.000939,6.68e-05,0.0,0.0,0.38548684,301.9137
0.000939,6.68e-05,0.0,0.1,0.5944879,391.35312
0.000939,6.68e-05,0.0,0.2,0.7739564,390.67746
0.000939,6.68e-05,0.0,0.3,0.63617307,390.38873
0.000939,6.68e-05,0.0,0.4,0.56732947,394.72003
0.000939,6.68e-05,0.0,0.5,0.569326,393.08075
0.000939,6.68e-05,0.0,0.6,0.568545,393.49405
0.000939,6.68e-05,0.0,0.7,0.5682738,393.63922
0.000939,6.68e-05,0.0,0.8,0.5681545,393.70358
0.000939,6.68e-05,0.0,0.9,0.5680938,393.73608
0.000939,6.68e-05,0.0,1.0,0.5680604,393.75436
0.000952,5.11e-05,0.0,0.0,0.38548952,301.91418
0.000952,5.11e-05,0.0,0.1,0.594488,391.35312
0.000952,5.11e-05,0.0,0.2,0.7739567,390.6774
0.000952,5.11e-05,0.0,0.3,0.636174,390.38873
0.000952,5.11e-05,0.0,0.4,0.5673293,394.72015
0.000952,5.11e-05,0.0,0.5,0.56932604,393.08075
0.000952,5.11e-05,0.0,0.6,0.568545,393.49405
0.000952,5.11e-05,0.0,0.7,0.56827384,393.63922
0.000952,5.11e-05,0.0,0.8,0.5681546,393.70358
0.000952,5.11e-05,0.0,0.9,0.5680938,393.73608
0.000952,5.11e-05,0.0,1.0,0.5680604,393.75436
0.000952,5.12e-05,1e-05,0.0,0.38550645,301.91656
0.000952,5.12e-05,1e-05,0.1,0.59448797,391.35318
0.000952,5.12e-05,1e-05,0.2,0.7739567,390.6774
0.000952,5.12e-05,1e-05,0.3,0.63617694,390.38895
0.000952,5.12e-05,1e-05,0.4,0.567329,394.7204
0.000952,5.12e-05,1e-05,0.5,0.569326,393.08075
0.000952,5.12e-05,1e-05,0.6,0.56854504,393.49405
0.000952,5.12e-05,1e-05,0.7,0.5682738,393.63922
0.000952,5.12e-05,1e-05,0.8,0.5681546,393.70358
0.000952,5.12e-05,1e-05,0.9,0.5680938,393.73608
0.000952,5.12e-05,1e-05,1.0,0.5680604,393.75436
0.000929,8.27e-05,1e-05,0.0,0.3854945,301.9149
0.000929,8.27e-05,1e-05,0.1,0.5944878,391.35263
0.000929,8.27e-05,1e-05,0.2,0.77395403,390.67786
0.000929,8.27e-05,1e-05,0.3,0.636178,390.3891
0.000929,8.27e-05,1e-05,0.4,0.5673289,394.7204
0.000929,8.27e-05,1e-05,0.5,0.56932604,393.08075
0.000929,8.27e-05,1e-05,0.6,0.56854504,393.49405
0.000929,8.27e-05,1e-05,0.7,0.5682738,393.63922
0.000929,8.27e-05,1e-05,0.8,0.5681546,393.70358
0.000929,8.27e-05,1e-05,0.9,0.5680938,393.73608
0.000929,8.27e-05,1e-05,1.0,0.5680604,393.75436
0.000939,6.69e-05,1e-05,0.0,0.38550344,301.91617
0.000939,6.69e-05,1e-05,0.1,0.594488,391.35318
0.000939,6.69e-05,1e-05,0.2,0.7739566,390.67743
0.000939,6.69e-05,1e-05,0.3,0.6361761,390.38892
0.000939,6.69e-05,1e-05,0.4,0.56732917,394.72034
0.000939,6.69e-05,1e-05,0.5,0.569326,393.08075
0.000939,6.69e-05,1e-05,0.6,0.56854504,393.49405
0.000939,6.69e-05,1e-05,0.7,0.5682738,393.63922
0.000939,6.69e-05,1e-05,0.8,0.5681546,393.70358
0.000939,6.69e-05,1e-05,0.9,0.5680938,393.73608
0.000939,6.69e-05,1e-05,1.0,0.5680604,393.75436
0.000985,5.12e-05,0.0,0.0,0.385426,301.90475
0.000985,5.12e-05,0.0,0.1,0.5944869,391.3477
0.000985,5.12e-05,0.0,0.2,0.77393126,390.68222
0.000985,5.12e-05,0.0,0.3,0.63620514,390.39188
0.000985,5.12e-05,0.0,0.4,0.56732583,394.72244
0.000985,5.12e-05,0.0,0.5,0.56932604,393.08072
0.000985,5.12e-05,0.0,0.6,0.56854486,393.494
0.000985,5.12e-05,0.0,0.7,0.5682739,393.63922
0.000985,5.12e-05,0.0,0.8,0.5681546,393.70355
0.000985,5.12e-05,0.0,0.9,0.5680938,393.73608
0.000985,5.12e-05,0.0,1.0,0.5680604,393.75436
0.001,4e-05,1e-05,0.0,0.38543376,301.90588
0.001,4e-05,1e-05,0.1,0.5944868,391.34686
0.001,4e-05,1e-05,0.2,0.7739275,390.683
0.001,4e-05,1e-05,0.3,0.63621396,390.39273
0.001,4e-05,1e-05,0.4,0.56732446,394.72327
0.001,4e-05,1e-05,0.5,0.56932604,393.08072
0.001,4e-05,1e-05,0.6,0.5685449,393.49402
0.001,4e-05,1e-05,0.7,0.5682739,393.63922
0.001,4e-05,1e-05,0.8,0.5681545,393.70355
0.001,4e-05,1e-05,0.9,0.5680938,393.73608
0.001,4e-05,1e-05,1.0,0.56806034,393.75433
0.000947,8.46e-05,5.22e-06,0.0,0.3854486,301.90814
0.000947,8.46e-05,5.22e-06,0.1,0.59448737,391.3494
0.000947,8.46e-05,5.22e-06,0.2,0.77393943,390.6806
0.000947,8.46e-05,5.22e-06,0.3,0.6361947,390.39093
0.000947,8.46e-05,5.22e-06,0.4,0.56732696,394.7217
0.000947,8.46e-05,5.22e-06,0.5,0.5693261,393.08072
0.000947,8.46e-05,5.22e-06,0.6,0.5685449,393.49405
0.000947,8.46e-05,5.22e-06,0.7,0.56827384,393.63922
0.000947,8.46e-05,5.22e-06,0.8,0.5681546,393.70358
0.000947,8.46e-05,5.22e-06,0.9,0.5680938,393.73608
0.000947,8.46e-05,5.22e-06,1.0,0.5680604,393.75436
0.000949,8.32e-05,0.0,0.0,0.38543847,301.90665
0.000949,8.32e-05,0.0,0.1,0.59448725,391.3492
0.000949,8.32e-05,0.0,0.2,0.77393866,390.6808
0.000949,8.32e-05,0.0,0.3,0.63619435,390.39084
0.000949,8.32e-05,0.0,0.4,0.56732696,394.72162
0.000949,8.32e-05,0.0,0.5,0.5693261,393.08072
0.000949,8.32e-05,0.0,0.6,0.5685449,393.49405
0.000949,8.32e-05,0.0,0.7,0.5682738,393.63922
0.000949,8.32e-05,0.0,0.8,0.5681545,393.70358
0.000949,8.32e-05,0.0,0.9,0.5680938,393.73608
0.000949,8.32e-05,0.0,1.0,0.5680604,393.75436
0.00094,1e-04,1e-05,0.0,0.3854426,301.90726
0.00094,1e-04,1e-05,0.1,0.594487,391.34845
0.00094,1e-04,1e-05,0.2,0.77393484,390.68158
0.00094,1e-04,1e-05,0.3,0.63620067,390.39157
0.00094,1e-04,1e-05,0.4,0.56732625,394.7221
0.00094,1e-04,1e-05,0.5,0.5693261,393.08072
0.00094,1e-04,1e-05,0.6,0.5685449,393.49402
0.00094,1e-04,1e-05,0.7,0.5682739,393.63922
0.00094,1e-04,1e-05,0.8,0.5681546,393.70355
0.00094,1e-04,1e-05,0.9,0.5680938,393.73608
0.00094,1e-04,1e-05,1.0,0.5680604,393.75433
0.00096,1e-04,0.0,0.0,0.3853874,301.89914
0.00096,1e-04,0.0,0.1,0.5944866,391.34518
0.00096,1e-04,0.0,0.2,0.77391934,390.68457
0.00096,1e-04,0.0,0.3,0.63621646,390.39334
0.00096,1e-04,0.0,0.4,0.56732446,394.72327
0.00096,1e-04,0.0,0.5,0.5693261,393.08072
0.00096,1e-04,0.0,0.6,0.5685448,393.494
0.00096,1e-04,0.0,0.7,0.5682739,393.63922
0.00096,1e-04,0.0,0.8,0.56815445,393.70355
0.00096,1e-04,0.0,0.9,0.5680938,393.73608
0.00096,1e-04,0.0,1.0,0.56806034,393.75433
0.000986,5.12e-05,1e-05,0.0,0.38544086,301.90698
0.000986,5.12e-05,1e-05,0.1,0.5944868,391.34763
0.000986,5.12e-05,1e-05,0.2,0.77393085,390.68234
0.000986,5.12e-05,1e-05,0.3,0.63620883,390.3922
0.000986,5.12e-05,1e-05,0.4,0.56732523,394.72284
0.000986,5.12e-05,1e-05,0.5,0.5693261,393.08072
0.000986,5.12e-05,1e-05,0.6,0.5685449,393.49402
0.000986,5.12e-05,1e-05,0.7,0.5682739,393.63922
0.000986,5.12e-05,1e-05,0.8,0.5681546,393.70355
0.000986,5.12e-05,1e-05,0.9,0.5680938,393.73608
0.000986,5.12e-05,1e-05,1.0,0.5680604,393.75433
0.001,5.99e-05,0.0,0.0,0.38538176,301.89822
0.001,5.99e-05,0.0,0.1,0.59448636,391.34412
0.001,5.99e-05,0.0,0.2,0.7739141,390.68558
0.001,5.99e-05,0.0,0.3,0.6362253,390.3942
0.001,5.99e-05,0.0,0.4,0.5673234,394.72388
0.001,5.99e-05,0.0,0.5,0.5693262,393.0807
0.001,5.99e-05,0.0,0.6,0.5685448,393.494
0.001,5.99e-05,0.0,0.7,0.56827396,393.63922
0.001,5.99e-05,0.0,0.8,0.56815445,393.70355
0.001,5.99e-05,0.0,0.9,0.56809384,393.73608
0.001,5.99e-05,0.0,1.0,0.56806034,393.75433
0.000985,6.06e-05,5e-06,0.0,0.38541785,301.90353
0.000985,6.06e-05,5e-06,0.1,0.5944868,391.34647
0.000985,6.06e-05,5e-06,0.2,0.7739256,390.68344
0.000985,6.06e-05,5e-06,0.3,0.63621324,390.39273
0.000985,6.06e-05,5e-06,0.4,0.56732446,394.72318
0.000985,6.06e-05,5e-06,0.5,0.569326,393.08072
0.000985,6.06e-05,5e-06,0.6,0.5685449,393.49402
0.000985,6.06e-05,5e-06,0.7,0.5682739,393.63922
0.000985,6.06e-05,5e-06,0.8,0.5681545,393.70355
0.000985,6.06e-05,5e-06,0.9,0.5680938,393.73608
0.000985,6.06e-05,5e-06,1.0,0.56806034,393.75433
0.000969,6.1e-05,1e-05,0.0,0.38545614,301.90918
0.000969,6.1e-05,1e-05,0.1,0.5944873,391.34912
0.000969,6.1e-05,1e-05,0.2,0.7739378,390.68094
0.000969,6.1e-05,1e-05,0.3,0.63619965,390.39136
0.000969,6.1e-05,1e-05,0.4,0.5673262,394.72214
0.000969,6.1e-05,1e-05,0.5,0.56932616,393.08075
0.000969,6.1e-05,1e-05,0.6,0.5685449,393.49402
0.000969,6.1e-05,1e-05,0.7,0.5682739,393.63922
0.000969,6.1e-05,1e-05,0.8,0.5681545,393.70358
0.000969,6.1e-05,1e-05,0.9,0.5680938,393.73608
0.000969,6.1e-05,1e-05,1.0,0.5680604,393.75436
0.00097,6.1e-05,0.0,0.0,0.38543746,301.90646
0.00097,6.1e-05,0.0,0.1,0.59448713,391.34885
0.00097,6.1e-05,0.0,0.2,0.7739368,390.68127
0.00097,6.1e-05,0.0,0.3,0.636198,390.3912
0.00097,6.1e-05,0.0,0.4,0.5673266,394.72192
0.00097,6.1e-05,0.0,0.5,0.5693262,393.08072
0.00097,6.1e-05,0.0,0.6,0.56854486,393.49405
0.00097,6.1e-05,0.0,0.7,0.5682739,393.63922
0.00097,6.1e-05,0.0,0.8,0.5681545,393.70358
0.00097,6.1e-05,0.0,0.9,0.5680938,393.73608
0.00097,6.1e-05,0.0,1.0,0.5680604,393.75436
0.000956,6.85e-05,0.0,0.0,0.385451,301.90848
0.000956,6.85e-05,0.0,0.1,0.59448737,391.35004
0.000956,6.85e-05,0.0,0.2,0.77394265,390.68002
0.000956,6.85e-05,0.0,0.3,0.6361902,390.39044
0.000956,6.85e-05,0.0,0.4,0.5673276,394.72125
0.000956,6.85e-05,0.0,0.5,0.5693261,393.08072
0.000956,6.85e-05,0.0,0.6,0.5685449,393.49405
0.000956,6.85e-05,0.0,0.7,0.5682738,393.63922
0.000956,6.85e-05,0.0,0.8,0.5681546,393.70358
0.000956,6.85e-05,0.0,0.9,0.5680938,393.73608
0.000956,6.85e-05,0.0,1.0,0.5680604,393.75436
0.000955,6.85e-05,1e-05,0.0,0.38546976,301.91125
0.000955,6.85e-05,1e-05,0.1,0.59448737,391.35028
0.000955,6.85e-05,1e-05,0.2,0.77394354,390.67987
0.000955,6.85e-05,1e-05,0.3,0.6361922,390.39047
0.000955,6.85e-05,1e-05,0.4,0.5673272,394.72153
0.000955,6.85e-05,1e-05,0.5,0.56932604,393.08075
0.000955,6.85e-05,1e-05,0.6,0.5685449,393.49405
0.000955,6.85e-05,1e-05,0.7,0.5682738,393.63922
0.000955,6.85e-05,1e-05,0.8,0.5681546,393.70358
0.000955,6.85e-05,1e-05,0.9,0.5680938,393.73608
0.000955,6.85e-05,1e-05,1.0,0.5680604,393.75436
0.000949,8.32e-05,1e-05,0.0,0.38545522,301.909
0.000949,8.32e-05,1e-05,0.1,0.59448737,391.34933
0.000949,8.32e-05,1e-05,0.2,0.7739388,390.68073
0.000949,8.32e-05,1e-05,0.3,0.63619703,390.39102
0.000949,8.32e-05,1e-05,0.4,0.5673265,394.72186
0.000949,8.32e-05,1e-05,0.5,0.5693261,393.08072
0.000949,8.32e-05,1e-05,0.6,0.5685449,393.49405
0.000949,8.32e-05,1e-05,0.7,0.5682739,393.63922
0.000949,8.32e-05,1e-05,0.8,0.5681546,393.70358
0.000949,8.32e-05,1e-05,0.9,0.5680938,393.73608
0.000949,8.32e-05,1e-05,1.0,0.5680604,393.75436
0.000969,8.21e-05,0.0,0.0,0.38540193,301.90125
0.000969,8.21e-05,0.0,0.1,0.5944866,391.3461
0.000969,8.21e-05,0.0,0.2,0.773924,390.6837
0.000969,8.21e-05,0.0,0.3,0.6362123,390.3927
0.000969,8.21e-05,0.0,0.4,0.56732494,394.72305
0.000969,8.21e-05,0.0,0.5,0.5693261,393.08072
0.000969,8.21e-05,0.0,0.6,0.5685448,393.494
0.000969,8.21e-05,0.0,0.7,0.5682739,393.63922
0.000969,8.21e-05,0.0,0.8,0.5681545,393.70355
0.000969,8.21e-05,0.0,0.9,0.5680938,393.73608
0.000969,8.21e-05,0.0,1.0,0.56806034,393.75433
0.000985,6.99e-05,0.0,0.0,0.38539284,301.89987
0.000985,6.99e-05,0.0,0.1,0.59448653,391.34518
0.000985,6.99e-05,0.0,0.2,0.77391946,390.68457
0.000985,6.99e-05,0.0,0.3,0.6362185,390.3935
0.000985,6.99e-05,0.0,0.4,0.5673242,394.72345
0.000985,6.99e-05,0.0,0.5,0.5693261,393.08072
0.000985,6.99e-05,0.0,0.6,0.5685448,393.494
0.000985,6.99e-05,0.0,0.7,0.5682739,393.63922
0.000985,6.99e-05,0.0,0.8,0.56815445,393.70355
0.000985,6.99e-05,0.0,0.9,0.56809384,393.73608
0.000985,6.99e-05,0.0,1.0,0.56806034,393.75433
0.001,6e-05,1e-05,0.0,0.38539827,301.90057
0.001,6e-05,1e-05,0.1,0.5944865,391.3442
0.001,6e-05,1e-05,0.2,0.7739136,390.6856
0.001,6e-05,1e-05,0.3,0.6362282,390.39447
0.001,6e-05,1e-05,0.4,0.56732273,394.72424
0.001,6e-05,1e-05,0.5,0.5693262,393.0807
0.001,6e-05,1e-05,0.6,0.56854486,393.49405
0.001,6e-05,1e-05,0.7,0.56827396,393.63922
0.001,6e-05,1e-05,0.8,0.56815445,393.70355
0.001,6e-05,1e-05,0.9,0.56809384,393.73608
0.001,6e-05,1e-05,1.0,0.56806034,393.75433
0.00096,1e-04,1e-05,0.0,0.38540423,301.90155
0.00096,1e-04,1e-05,0.1,0.5944866,391.34528
0.00096,1e-04,1e-05,0.2,0.7739193,390.68457
0.00096,1e-04,1e-05,0.3,0.6362194,390.39362
0.00096,1e-04,1e-05,0.4,0.5673239,394.72357
0.00096,1e-04,1e-05,0.5,0.56932604,393.08072
0.00096,1e-04,1e-05,0.6,0.5685448,393.494
0.00096,1e-04,1e-05,0.7,0.5682739,393.63922
0.00096,1e-04,1e-05,0.8,0.56815445,393.70355
0.00096,1e-04,1e-05,0.9,0.56809384,393.73608
0.00096,1e-04,1e-05,1.0,0.56806034,393.75433
0.00098,1e-04,0.0,0.0,0.385349,301.8935
0.00098,1e-04,0.0,0.1,0.59448606,391.34198
0.00098,1e-04,0.0,0.2,0.7739031,390.68777
0.00098,1e-04,0.0,0.3,0.6362351,390.39536
0.00098,1e-04,0.0,0.4,0.5673222,394.7247
0.00098,1e-04,0.0,0.5,0.5693262,393.0807
0.00098,1e-04,0.0,0.6,0.56854486,393.494
0.00098,1e-04,0.0,0.7,0.56827396,393.63922
0.00098,1e-04,0.0,0.8,0.56815445,393.70355
0.00098,1e-04,0.0,0.9,0.56809384,393.73608
0.00098,1e-04,0.0,1.0,0.56806034,393.75433
0.001,8e-05,0.0,0.0,0.38534597,301.893
0.001,8e-05,0.0,0.1,0.59448594,391.34146
0.001,8e-05,0.0,0.2,0.7739006,390.68826
0.001,8e-05,0.0,0.3,0.6362396,390.3958
0.001,8e-05,0.0,0.4,0.56732166,394.72513
0.001,8e-05,0.0,0.5,0.5693262,393.0807
0.001,8e-05,0.0,0.6,0.5685448,393.494
0.001,8e-05,0.0,0.7,0.568274,393.63922
0.001,8e-05,0.0,0.8,0.5681545,393.70355
0.001,8e-05,0.0,0.9,0.56809384,393.73608
0.001,8e-05,0.0,1.0,0.5680604,393.75433
0.000985,7e-05,1e-05,0.0,0.38540944,301.9023
0.000985,7e-05,1e-05,0.1,0.5944866,391.34528
0.000985,7e-05,1e-05,0.2,0.7739196,390.6845
0.000985,7e-05,1e-05,0.3,0.63622123,390.39365
0.000985,7e-05,1e-05,0.4,0.56732345,394.72366
0.000985,7e-05,1e-05,0.5,0.56932604,393.08072
0.000985,7e-05,1e-05,0.6,0.5685448,393.494
0.000985,7e-05,1e-05,0.7,0.5682739,393.63922
0.000985,7e-05,1e-05,0.8,0.56815445,393.70355
0.000985,7e-05,1e-05,0.9,0.56809384,393.73608
0.000985,7e-05,1e-05,1.0,0.56806034,393.75433
0.00097,8.26e-05,1e-05,0.0,0.38541588,301.90323
0.00097,8.26e-05,1e-05,0.1,0.59448665,391.34595
0.00097,8.26e-05,1e-05,0.2,0.77392274,390.68393
0.00097,8.26e-05,1e-05,0.3,0.63621604,390.39313
0.00097,8.26e-05,1e-05,0.4,0.5673243,394.72336
0.00097,8.26e-05,1e-05,0.5,0.5693261,393.08072
0.00097,8.26e-05,1e-05,0.6,0.56854486,393.49402
0.00097,8.26e-05,1e-05,0.7,0.5682739,393.63922
0.00097,8.26e-05,1e-05,0.8,0.56815445,393.70355
0.00097,8.26e-05,1e-05,0.9,0.5680938,393.73608
0.00097,8.26e-05,1e-05,1.0,0.56806034,393.75433
0.000987,8.62e-05,0.0,0.0,0.38535997,301.89502
0.000987,8.62e-05,0.0,0.1,0.5944861,391.34268
0.000987,8.62e-05,0.0,0.2,0.77390695,390.687
0.000987,8.62e-05,0.0,0.3,0.63623184,390.39502
0.000987,8.62e-05,0.0,0.4,0.56732255,394.7245
0.000987,8.62e-05,0.0,0.5,0.56932616,393.0807
0.000987,8.62e-05,0.0,0.6,0.56854486,393.494
0.000987,8.62e-05,0.0,0.7,0.56827396,393.63922
0.000987,8.62e-05,0.0,0.8,0.56815445,393.70355
0.000987,8.62e-05,0.0,0.9,0.56809384,393.73608
0.000987,8.62e-05,0.0,1.0,0.56806034,393.75433
0.001,8e-05,1e-05,0.0,0.38536283,301.89545
0.001,8e-05,1e-05,0.1,0.59448606,391.34152
0.001,8e-05,1e-05,0.2,0.77390057,390.68832
0.001,8e-05,1e-05,0.3,0.63624233,390.39612
0.001,8e-05,1e-05,0.4,0.56732106,394.7254
0.001,8e-05,1e-05,0.5,0.5693262,393.0807
0.001,8e-05,1e-05,0.6,0.56854486,393.49402
0.001,8e-05,1e-05,0.7,0.568274,393.63922
0.001,8e-05,1e-05,0.8,0.5681545,393.70355
0.001,8e-05,1e-05,0.9,0.56809384,393.73608
0.001,8e-05,1e-05,1.0,0.5680604,393.75433
0.00098,1e-04,1e-05,0.0,0.3853658,301.89584
0.00098,1e-04,1e-05,0.1,0.59448606,391.34207
0.00098,1e-04,1e-05,0.2,0.7739032,390.68777
0.00098,1e-04,1e-05,0.3,0.63623786,390.39557
0.00098,1e-04,1e-05,0.4,0.5673217,394.72507
0.00098,1e-04,1e-05,0.5,0.5693262,393.0807
0.00098,1e-04,1e-05,0.6,0.56854486,393.494
0.00098,1e-04,1e-05,0.7,0.568274,393.63922
0.00098,1e-04,1e-05,0.8,0.5681545,393.70355
0.00098,1e-04,1e-05,0.9,0.56809384,393.73608
0.00098,1e-04,1e-05,1.0,0.5680604,393.75433
0.001,1e-04,0.0,0.0,0.3853105,301.8878
0.001,1e-04,0.0,0.1,0.5944855,391.33875
0.001,1e-04,0.0,0.2,0.7738865,390.69107
0.001,1e-04,0.0,0.3,0.6362535,390.3975
0.001,1e-04,0.0,0.4,0.5673198,394.72604
0.001,1e-04,0.0,0.5,0.5693262,393.0807
0.001,1e-04,0.0,0.6,0.5685449,393.494
0.001,1e-04,0.0,0.7,0.56827396,393.6392
0.001,1e-04,0.0,0.8,0.5681545,393.70355
0.001,1e-04,0.0,0.9,0.5680939,393.73608
0.001,1e-04,0.0,1.0,0.5680604,393.75433
0.000987,8.62e-05,1e-05,0.0,0.38537663,301.89743
0.000987,8.62e-05,1e-05,0.1,0.59448624,391.34277
0.000987,8.62e-05,1e-05,0.2,0.77390695,390.68704
0.000987,8.62e-05,1e-05,0.3,0.63623476,390.39517
0.000987,8.62e-05,1e-05,0.4,0.56732213,394.72476
0.000987,8.62e-05,1e-05,0.5,0.5693262,393.0807
0.000987,8.62e-05,1e-05,0.6,0.56854486,393.494
0.000987,8.62e-05,1e-05,0.7,0.56827396,393.63922
0.000987,8.62e-05,1e-05,0.8,0.56815445,393.70355
0.000987,8.62e-05,1e-05,0.9,0.56809384,393.73608
0.000987,8.62e-05,1e-05,1.0,0.56806034,393.75433
0.001,1e-04,1e-05,0.0,0.3853272,301.89023
0.001,1e-04,1e-05,0.1,0.59448546,391.33884
0.001,1e-04,1e-05,0.2,0.77388644,390.6911
0.001,1e-04,1e-05,0.3,0.63625616,390.39777
0.001,1e-04,1e-05,0.4,0.5673194,394.7264
0.001,1e-04,1e-05,0.5,0.5693262,393.0807
0.001,1e-04,1e-05,0.6,0.56854486,393.494
0.001,1e-04,1e-05,0.7,0.56827396,393.6392
0.001,1e-04,1e-05,0.8,0.5681545,393.70355
0.001,1e-04,1e-05,0.9,0.5680939,393.73608
0.001,1e-04,1e-05,1.0,0.5680604,393.75433
