X,Y,Z,t,V,T
0.0,2e-05,1e-05,0.0,1.0,300.0039998
0.0,2e-05,1e-05,0.1,1.0,422.5518941
0.0,2e-05,1e-05,0.2,1.0,461.8139417
0.0,2e-05,1e-05,0.3,1.0,472.9762857
0.0,2e-05,1e-05,0.4,1.0,477.4145781
0.0,2e-05,1e-05,0.5,1.0,479.3036757
0.0,2e-05,1e-05,0.6,1.0,479.9136583
0.0,2e-05,1e-05,0.7,1.0,480.0226279
0.0,2e-05,1e-05,0.8,1.0,480.0176718
0.0,2e-05,1e-05,0.9,1.0,480.0266629
0.0,2e-05,1e-05,1.0,1.0,480.0309239
0.0,2e-05,0.0,0.0,1.0,300.0039998
0.0,2e-05,0.0,0.1,1.0,422.5519016
0.0,2e-05,0.0,0.2,1.0,461.8139517
0.0,2e-05,0.0,0.3,1.0,472.9762964
0.0,2e-05,0.0,0.4,1.0,477.414589
0.0,2e-05,0.0,0.5,1.0,479.3036868
0.0,2e-05,0.0,0.6,1.0,479.9136694
0.0,2e-05,0.0,0.7,1.0,480.0226391
0.0,2e-05,0.0,0.8,1.0,480.0176829
0.0,2e-05,0.0,0.9,1.0,480.0266741
0.0,2e-05,0.0,1.0,1.0,480.030935
1.28e-05,1.38e-05,1e-05,0.0,0.987159103,300.0039999
1.28e-05,1.38e-05,1e-05,0.1,0.987159103,422.557143
1.28e-05,1.38e-05,1e-05,0.2,0.987159103,461.8208761
1.28e-05,1.38e-05,1e-05,0.3,0.987159103,472.9836993
1.28e-05,1.38e-05,1e-05,0.4,0.987159103,477.4221822
1.28e-05,1.38e-05,1e-05,0.5,0.987159103,479.311361
1.28e-05,1.38e-05,1e-05,0.6,0.987159103,479.9213698
1.28e-05,1.38e-05,1e-05,0.7,0.987159103,480.0303441
1.28e-05,1.38e-05,1e-05,0.8,0.987159103,480.0253877
1.28e-05,1.38e-05,1e-05,0.9,0.987159103,480.0343793
1.28e-05,1.38e-05,1e-05,1.0,0.987159103,480.0386404
0.0,0.0,0.0,0.0,1.0,300.0039998
0.0,0.0,0.0,0.1,1.0,422.5420927
0.0,0.0,0.0,0.2,1.0,461.8009996
0.0,0.0,0.0,0.3,1.0,472.9624506
0.0,0.0,0.0,0.4,1.0,477.400388
0.0,0.0,0.0,0.5,1.0,479.2893345
0.0,0.0,0.0,0.6,1.0,479.8992683
0.0,0.0,0.0,0.7,1.0,480.0082292
0.0,0.0,0.0,0.8,1.0,480.0032734
0.0,0.0,0.0,0.9,1.0,480.0122639
0.0,0.0,0.0,1.0,1.0,480.0165245
1.28e-05,1.38e-05,0.0,0.0,0.987152761,300.0039999
1.28e-05,1.38e-05,0.0,0.1,0.987152761,422.5571455
1.28e-05,1.38e-05,0.0,0.2,0.987152761,461.8208794
1.28e-05,1.38e-05,0.0,0.3,0.987152761,472.9837028
1.28e-05,1.38e-05,0.0,0.4,0.987152761,477.4221858
1.28e-05,1.38e-05,0.0,0.5,0.987152761,479.3113646
1.28e-05,1.38e-05,0.0,0.6,0.987152761,479.9213734
1.28e-05,1.38e-05,0.0,0.7,0.987152761,480.0303477
1.28e-05,1.38e-05,0.0,0.8,0.987152761,480.0253913
1.28e-05,1.38e-05,0.0,0.9,0.987152761,480.0343829
1.28e-05,1.38e-05,0.0,1.0,0.987152761,480.038644
0.0,0.0,1e-05,0.0,1.0,300.0039998
0.0,0.0,1e-05,0.1,1.0,422.5420927
0.0,0.0,1e-05,0.2,1.0,461.8009996
0.0,0.0,1e-05,0.3,1.0,472.9624507
0.0,0.0,1e-05,0.4,1.0,477.400388
0.0,0.0,1e-05,0.5,1.0,479.2893345
0.0,0.0,1e-05,0.6,1.0,479.8992684
0.0,0.0,1e-05,0.7,1.0,480.0082293
0.0,0.0,1e-05,0.8,1.0,480.0032735
0.0,0.0,1e-05,0.9,1.0,480.012264
0.0,0.0,1e-05,1.0,1.0,480.0165246
2e-05,0.0,1e-05,0.0,0.98,300.0039998
2e-05,0.0,1e-05,0.1,0.98,422.5540706
2e-05,0.0,1e-05,0.2,0.98,461.8168249
2e-05,0.0,1e-05,0.3,0.98,472.9793698
2e-05,0.0,1e-05,0.4,0.98,477.4177421
2e-05,0.0,1e-05,0.5,0.98,479.3068737
2e-05,0.0,1e-05,0.6,0.98,479.9168674
2e-05,0.0,1e-05,0.7,0.98,480.0258389
2e-05,0.0,1e-05,0.8,0.98,480.0208827
2e-05,0.0,1e-05,0.9,0.98,480.029874
2e-05,0.0,1e-05,1.0,0.98,480.034135
2e-05,0.0,0.0,0.0,0.98,300.0039998
2e-05,0.0,0.0,0.1,0.98,422.5540706
2e-05,0.0,0.0,0.2,0.98,461.8168249
2e-05,0.0,0.0,0.3,0.98,472.9793698
2e-05,0.0,0.0,0.4,0.98,477.4177421
2e-05,0.0,0.0,0.5,0.98,479.3068738
2e-05,0.0,0.0,0.6,0.98,479.9168674
2e-05,0.0,0.0,0.7,0.98,480.0258389
2e-05,0.0,0.0,0.8,0.98,480.0208827
2e-05,0.0,0.0,0.9,0.98,480.029874
2e-05,0.0,0.0,1.0,0.98,480.0341351
0.0,4.01e-05,0.0,0.0,1.0,300.0039998
0.0,4.01e-05,0.0,0.1,1.0,422.5567997
0.0,4.01e-05,0.0,0.2,1.0,461.8204198
0.0,4.01e-05,0.0,0.3,1.0,472.9832109
0.0,4.01e-05,0.0,0.4,1.0,477.421681
0.0,4.01e-05,0.0,0.5,1.0,479.3108543
0.0,4.01e-05,0.0,0.6,1.0,479.9208613
0.0,4.01e-05,0.0,0.7,1.0,480.0298353
0.0,4.01e-05,0.0,0.8,1.0,480.0248789
0.0,4.01e-05,0.0,0.9,1.0,480.0338705
0.0,4.01e-05,0.0,1.0,1.0,480.0381316
0.0,4e-05,1e-05,0.0,1.0,300.0039998
0.0,4e-05,1e-05,0.1,1.0,422.5567933
0.0,4e-05,1e-05,0.2,1.0,461.8204113
0.0,4e-05,1e-05,0.3,1.0,472.9832018
0.0,4e-05,1e-05,0.4,1.0,477.4216717
0.0,4e-05,1e-05,0.5,1.0,479.3108449
0.0,4e-05,1e-05,0.6,1.0,479.9208519
0.0,4e-05,1e-05,0.7,1.0,480.0298259
0.0,4e-05,1e-05,0.8,1.0,480.0248695
0.0,4e-05,1e-05,0.9,1.0,480.033861
0.0,4e-05,1e-05,1.0,1.0,480.0381222
1.47e-05,3.02e-05,0.0,0.0,0.985253166,300.0039999
1.47e-05,3.02e-05,0.0,0.1,0.985253166,422.5638944
1.47e-05,3.02e-05,0.0,0.2,0.985253166,461.8297926
1.47e-05,3.02e-05,0.0,0.3,0.985253166,472.9932313
1.47e-05,3.02e-05,0.0,0.4,0.985253166,477.431959
1.47e-05,3.02e-05,0.0,0.5,0.985253166,479.3212419
1.47e-05,3.02e-05,0.0,0.6,0.985253166,479.9312843
1.47e-05,3.02e-05,0.0,0.7,0.985253166,480.0402646
1.47e-05,3.02e-05,0.0,0.8,0.985253166,480.035308
1.47e-05,3.02e-05,0.0,0.9,0.985253166,480.0443
1.47e-05,3.02e-05,0.0,1.0,0.985253166,480.0485614
1.48e-05,4.94e-05,0.0,0.0,0.985167734,300.0039999
1.48e-05,4.94e-05,0.0,0.1,0.985167734,422.5663401
1.48e-05,4.94e-05,0.0,0.2,0.985167734,461.8330224
1.48e-05,4.94e-05,0.0,0.3,0.985167734,472.9966841
1.48e-05,4.94e-05,0.0,0.4,0.985167734,477.4355004
1.48e-05,4.94e-05,0.0,0.5,0.985167734,479.324821
1.48e-05,4.94e-05,0.0,0.6,0.985167734,479.9348757
1.48e-05,4.94e-05,0.0,0.7,0.985167734,480.0438581
1.48e-05,4.94e-05,0.0,0.8,0.985167734,480.0389014
1.48e-05,4.94e-05,0.0,0.9,0.985167734,480.0478936
1.48e-05,4.94e-05,0.0,1.0,0.985167734,480.0521551
0.0,6.01e-05,0.0,0.0,1.0,300.0039998
0.0,6.01e-05,0.0,0.1,1.0,422.5567771
0.0,6.01e-05,0.0,0.2,1.0,461.8203899
0.0,6.01e-05,0.0,0.3,1.0,472.983179
0.0,6.01e-05,0.0,0.4,1.0,477.4216483
0.0,6.01e-05,0.0,0.5,1.0,479.3108212
0.0,6.01e-05,0.0,0.6,1.0,479.9208281
0.0,6.01e-05,0.0,0.7,1.0,480.0298021
0.0,6.01e-05,0.0,0.8,1.0,480.0248457
0.0,6.01e-05,0.0,0.9,1.0,480.0338373
0.0,6.01e-05,0.0,1.0,1.0,480.0380984
0.0,6e-05,1e-05,0.0,1.0,300.0039998
0.0,6e-05,1e-05,0.1,1.0,422.5567933
0.0,6e-05,1e-05,0.2,1.0,461.8204113
0.0,6e-05,1e-05,0.3,1.0,472.9832018
0.0,6e-05,1e-05,0.4,1.0,477.4216717
0.0,6e-05,1e-05,0.5,1.0,479.3108449
0.0,6e-05,1e-05,0.6,1.0,479.9208519
0.0,6e-05,1e-05,0.7,1.0,480.0298259
0.0,6e-05,1e-05,0.8,1.0,480.0248695
0.0,6e-05,1e-05,0.9,1.0,480.033861
0.0,6e-05,1e-05,1.0,1.0,480.0381222
1.58e-05,4.94e-05,1e-05,0.0,0.98421414,300.0039999
1.58e-05,4.94e-05,1e-05,0.1,0.98421414,422.5669043
1.58e-05,4.94e-05,1e-05,0.2,0.98421414,461.833768
1.58e-05,4.94e-05,1e-05,0.3,0.98421414,472.9974812
1.58e-05,4.94e-05,1e-05,0.4,0.98421414,477.4363181
1.58e-05,4.94e-05,1e-05,0.5,0.98421414,479.3256474
1.58e-05,4.94e-05,1e-05,0.6,0.98421414,479.9357049
1.58e-05,4.94e-05,1e-05,0.7,0.98421414,480.0446879
1.58e-05,4.94e-05,1e-05,0.8,0.98421414,480.0397311
1.58e-05,4.94e-05,1e-05,0.9,0.98421414,480.0487234
1.58e-05,4.94e-05,1e-05,1.0,0.98421414,480.0529849
1.48e-05,3.02e-05,1e-05,0.0,0.985192051,300.0039999
1.48e-05,3.02e-05,1e-05,0.1,0.985192051,422.5639185
1.48e-05,3.02e-05,1e-05,0.2,0.985192051,461.8298245
1.48e-05,3.02e-05,1e-05,0.3,0.985192051,472.9932654
1.48e-05,3.02e-05,1e-05,0.4,0.985192051,477.431994
1.48e-05,3.02e-05,1e-05,0.5,0.985192051,479.3212773
1.48e-05,3.02e-05,1e-05,0.6,0.985192051,479.9313199
1.48e-05,3.02e-05,1e-05,0.7,0.985192051,480.0403002
1.48e-05,3.02e-05,1e-05,0.8,0.985192051,480.0353435
1.48e-05,3.02e-05,1e-05,0.9,0.985192051,480.0443356
1.48e-05,3.02e-05,1e-05,1.0,0.985192051,480.0485969
2.98e-05,1.76e-05,0.0,0.0,0.970175585,300.0039999
2.98e-05,1.76e-05,0.0,0.1,0.970175585,422.5686281
2.98e-05,1.76e-05,0.0,0.2,0.970175585,461.8360586
2.98e-05,1.76e-05,0.0,0.3,0.970175585,472.9999328
2.98e-05,1.76e-05,0.0,0.4,0.970175585,477.4388339
2.98e-05,1.76e-05,0.0,0.5,0.970175585,479.3281905
2.98e-05,1.76e-05,0.0,0.6,0.970175585,479.9382568
2.98e-05,1.76e-05,0.0,0.7,0.970175585,480.0472413
2.98e-05,1.76e-05,0.0,0.8,0.970175585,480.0422845
2.98e-05,1.76e-05,0.0,0.9,0.970175585,480.0512769
2.98e-05,1.76e-05,0.0,1.0,0.970175585,480.0555384
3.09e-05,1.78e-05,1e-05,0.0,0.96907483,300.0039999
3.09e-05,1.78e-05,1e-05,0.1,0.96907483,422.56934
3.09e-05,1.78e-05,1e-05,0.2,0.96907483,461.8370002
3.09e-05,1.78e-05,1e-05,0.3,0.96907483,473.0009397
3.09e-05,1.78e-05,1e-05,0.4,0.96907483,477.4398667
3.09e-05,1.78e-05,1e-05,0.5,0.96907483,479.3292344
3.09e-05,1.78e-05,1e-05,0.6,0.96907483,479.9393042
3.09e-05,1.78e-05,1e-05,0.7,0.96907483,480.0482894
3.09e-05,1.78e-05,1e-05,0.8,0.96907483,480.0433325
3.09e-05,1.78e-05,1e-05,0.9,0.96907483,480.052325
3.09e-05,1.78e-05,1e-05,1.0,0.96907483,480.0565865
4.02e-05,6.93e-06,5.05e-06,0.0,0.95978164,300.0039999
4.02e-05,6.93e-06,5.05e-06,0.1,0.95978164,422.5711078
4.02e-05,6.93e-06,5.05e-06,0.2,0.95978164,461.8393494
4.02e-05,6.93e-06,5.05e-06,0.3,0.95978164,473.0034541
4.02e-05,6.93e-06,5.05e-06,0.4,0.95978164,477.4424469
4.02e-05,6.93e-06,5.05e-06,0.5,0.95978164,479.3318426
4.02e-05,6.93e-06,5.05e-06,0.6,0.95978164,479.9419215
4.02e-05,6.93e-06,5.05e-06,0.7,0.95978164,480.0509083
4.02e-05,6.93e-06,5.05e-06,0.8,0.95978164,480.0459514
4.02e-05,6.93e-06,5.05e-06,0.9,0.95978164,480.0549439
4.02e-05,6.93e-06,5.05e-06,1.0,0.95978164,480.0592056
4e-05,0.0,1e-05,0.0,0.96,300.0039998
4e-05,0.0,1e-05,0.1,0.96,422.5655011
4e-05,0.0,1e-05,0.2,0.96,461.831946
4e-05,0.0,1e-05,0.3,0.96,472.9955398
4e-05,0.0,1e-05,0.4,0.96,477.4343296
4e-05,0.0,1e-05,0.5,0.96,479.3236388
4e-05,0.0,1e-05,0.6,0.96,479.9336898
4e-05,0.0,1e-05,0.7,0.96,480.0426715
4e-05,0.0,1e-05,0.8,0.96,480.0377148
4e-05,0.0,1e-05,0.9,0.96,480.046707
4e-05,0.0,1e-05,1.0,0.96,480.0509684
4e-05,0.0,0.0,0.0,0.96,300.0039998
4e-05,0.0,0.0,0.1,0.96,422.5655011
4e-05,0.0,0.0,0.2,0.96,461.8319459
4e-05,0.0,0.0,0.3,0.96,472.9955398
4e-05,0.0,0.0,0.4,0.96,477.4343295
4e-05,0.0,0.0,0.5,0.96,479.3236388
4e-05,0.0,0.0,0.6,0.96,479.9336897
4e-05,0.0,0.0,0.7,0.96,480.0426715
4e-05,0.0,0.0,0.8,0.96,480.0377148
4e-05,0.0,0.0,0.9,0.96,480.046707
4e-05,0.0,0.0,1.0,0.96,480.0509684
0.0,8e-05,0.0,0.0,1.0,300.0039998
0.0,8e-05,0.0,0.1,1.0,422.5518964
0.0,8e-05,0.0,0.2,1.0,461.8139448
0.0,8e-05,0.0,0.3,1.0,472.976289
0.0,8e-05,0.0,0.4,1.0,477.4145815
0.0,8e-05,0.0,0.5,1.0,479.3036791
0.0,8e-05,0.0,0.6,1.0,479.9136618
0.0,8e-05,0.0,0.7,1.0,480.0226314
0.0,8e-05,0.0,0.8,1.0,480.0176752
0.0,8e-05,0.0,0.9,1.0,480.0266664
0.0,8e-05,0.0,1.0,1.0,480.0309274
0.0,8e-05,1e-05,0.0,1.0,300.0039998
0.0,8e-05,1e-05,0.1,1.0,422.5518941
0.0,8e-05,1e-05,0.2,1.0,461.8139417
0.0,8e-05,1e-05,0.3,1.0,472.9762857
0.0,8e-05,1e-05,0.4,1.0,477.4145781
0.0,8e-05,1e-05,0.5,1.0,479.3036757
0.0,8e-05,1e-05,0.6,1.0,479.9136583
0.0,8e-05,1e-05,0.7,1.0,480.0226279
0.0,8e-05,1e-05,0.8,1.0,480.0176718
0.0,8e-05,1e-05,0.9,1.0,480.026663
0.0,8e-05,1e-05,1.0,1.0,480.0309239
1.49e-05,8.68e-05,0.0,0.0,0.985149597,300.0039999
1.49e-05,8.68e-05,0.0,0.1,0.985149597,422.5580382
1.49e-05,8.68e-05,0.0,0.2,0.985149597,461.8220595
1.49e-05,8.68e-05,0.0,0.3,0.985149597,472.9849646
1.49e-05,8.68e-05,0.0,0.4,0.985149597,477.4234801
1.49e-05,8.68e-05,0.0,0.5,0.985149597,479.3126727
1.49e-05,8.68e-05,0.0,0.6,0.985149597,479.922686
1.49e-05,8.68e-05,0.0,0.7,0.985149597,480.0316611
1.49e-05,8.68e-05,0.0,0.8,0.985149597,480.0267047
1.49e-05,8.68e-05,0.0,0.9,0.985149597,480.0356963
1.49e-05,8.68e-05,0.0,1.0,0.985149597,480.0399575
0.0,0.0001,0.0,0.0,1.0,300.0039998
0.0,0.0001,0.0,0.1,1.0,422.5420928
0.0,0.0001,0.0,0.2,1.0,461.8009996
0.0,0.0001,0.0,0.3,1.0,472.9624507
0.0,0.0001,0.0,0.4,1.0,477.400388
0.0,0.0001,0.0,0.5,1.0,479.2893345
0.0,0.0001,0.0,0.6,1.0,479.8992684
0.0,0.0001,0.0,0.7,1.0,480.0082293
0.0,0.0001,0.0,0.8,1.0,480.0032735
0.0,0.0001,0.0,0.9,1.0,480.012264
0.0,0.0001,0.0,1.0,1.0,480.0165246
0.0,0.0001,1e-05,0.0,1.0,300.0039998
0.0,0.0001,1e-05,0.1,1.0,422.5420927
0.0,0.0001,1e-05,0.2,1.0,461.8009996
0.0,0.0001,1e-05,0.3,1.0,472.9624507
0.0,0.0001,1e-05,0.4,1.0,477.400388
0.0,0.0001,1e-05,0.5,1.0,479.2893345
0.0,0.0001,1e-05,0.6,1.0,479.8992683
0.0,0.0001,1e-05,0.7,1.0,480.0082292
0.0,0.0001,1e-05,0.8,1.0,480.0032735
0.0,0.0001,1e-05,0.9,1.0,480.0122639
0.0,0.0001,1e-05,1.0,1.0,480.0165245
1.5e-05,8.68e-05,1e-05,0.0,0.984992331,300.0039999
1.5e-05,8.68e-05,1e-05,0.1,0.984992331,422.5581403
1.5e-05,8.68e-05,1e-05,0.2,0.984992331,461.8221944
1.5e-05,8.68e-05,1e-05,0.3,0.984992331,472.9851089
1.5e-05,8.68e-05,1e-05,0.4,0.984992331,477.4236281
1.5e-05,8.68e-05,1e-05,0.5,0.984992331,479.3128223
1.5e-05,8.68e-05,1e-05,0.6,0.984992331,479.9228361
1.5e-05,8.68e-05,1e-05,0.7,0.984992331,480.0318113
1.5e-05,8.68e-05,1e-05,0.8,0.984992331,480.0268548
1.5e-05,8.68e-05,1e-05,0.9,0.984992331,480.0358465
1.5e-05,8.68e-05,1e-05,1.0,0.984992331,480.0401076
1.78e-05,6.9e-05,0.0,0.0,0.982158626,300.0039999
1.78e-05,6.9e-05,0.0,0.1,0.982158626,422.5658996
1.78e-05,6.9e-05,0.0,0.2,0.982158626,461.8324427
1.78e-05,6.9e-05,0.0,0.3,0.982158626,472.9960648
1.78e-05,6.9e-05,0.0,0.4,0.982158626,477.4348654
1.78e-05,6.9e-05,0.0,0.5,0.982158626,479.3241793
1.78e-05,6.9e-05,0.0,0.6,0.982158626,479.9342318
1.78e-05,6.9e-05,0.0,0.7,0.982158626,480.0432139
1.78e-05,6.9e-05,0.0,0.8,0.982158626,480.0382572
1.78e-05,6.9e-05,0.0,0.9,0.982158626,480.0472494
1.78e-05,6.9e-05,0.0,1.0,0.982158626,480.0515108
1.82e-05,6.9e-05,1e-05,0.0,0.981817255,300.0039999
1.82e-05,6.9e-05,1e-05,0.1,0.981817255,422.5661123
1.82e-05,6.9e-05,1e-05,0.2,0.981817255,461.832724
1.82e-05,6.9e-05,1e-05,0.3,0.981817255,472.9963655
1.82e-05,6.9e-05,1e-05,0.4,0.981817255,477.4351738
1.82e-05,6.9e-05,1e-05,0.5,0.981817255,479.324491
1.82e-05,6.9e-05,1e-05,0.6,0.981817255,479.9345446
1.82e-05,6.9e-05,1e-05,0.7,0.981817255,480.0435269
1.82e-05,6.9e-05,1e-05,0.8,0.981817255,480.0385701
1.82e-05,6.9e-05,1e-05,0.9,0.981817255,480.0475624
1.82e-05,6.9e-05,1e-05,1.0,0.981817255,480.0518238
2.9e-05,5.47e-05,0.0,0.0,0.971015793,300.0039999
2.9e-05,5.47e-05,0.0,0.1,0.971015793,422.5744539
2.9e-05,5.47e-05,0.0,0.2,0.971015793,461.8437507
2.9e-05,5.47e-05,0.0,0.3,0.971015793,473.0081556
2.9e-05,5.47e-05,0.0,0.4,0.971015793,477.4472675
2.9e-05,5.47e-05,0.0,0.5,0.971015793,479.336714
2.9e-05,5.47e-05,0.0,0.6,0.971015793,479.9468093
2.9e-05,5.47e-05,0.0,0.7,0.971015793,480.055799
2.9e-05,5.47e-05,0.0,0.8,0.971015793,480.0508419
2.9e-05,5.47e-05,0.0,0.9,0.971015793,480.0598347
2.9e-05,5.47e-05,0.0,1.0,0.971015793,480.0640965
3.04e-05,3.9e-05,0.0,0.0,0.969604074,300.0039999
3.04e-05,3.9e-05,0.0,0.1,0.969604074,422.5746565
3.04e-05,3.9e-05,0.0,0.2,0.969604074,461.8440201
3.04e-05,3.9e-05,0.0,0.3,0.969604074,473.0084439
3.04e-05,3.9e-05,0.0,0.4,0.969604074,477.4475634
3.04e-05,3.9e-05,0.0,0.5,0.969604074,479.3370131
3.04e-05,3.9e-05,0.0,0.6,0.969604074,479.9471094
3.04e-05,3.9e-05,0.0,0.7,0.969604074,480.0560993
3.04e-05,3.9e-05,0.0,0.8,0.969604074,480.0511422
3.04e-05,3.9e-05,0.0,0.9,0.969604074,480.0601351
3.04e-05,3.9e-05,0.0,1.0,0.969604074,480.0643968
3e-05,5.43e-05,1e-05,0.0,0.97000026,300.0039999
3e-05,5.43e-05,1e-05,0.1,0.97000026,422.5750561
3e-05,5.43e-05,1e-05,0.2,0.97000026,461.8445472
3e-05,5.43e-05,1e-05,0.3,0.97000026,473.0090073
3e-05,5.43e-05,1e-05,0.4,0.97000026,477.4481413
3e-05,5.43e-05,1e-05,0.5,0.97000026,479.3375971
3e-05,5.43e-05,1e-05,0.6,0.97000026,479.9476954
3e-05,5.43e-05,1e-05,0.7,0.97000026,480.0566856
3e-05,5.43e-05,1e-05,0.8,0.97000026,480.0517285
3e-05,5.43e-05,1e-05,0.9,0.97000026,480.0607214
3e-05,5.43e-05,1e-05,1.0,0.97000026,480.0649832
3.04e-05,3.9e-05,1e-05,0.0,0.969557891,300.0039999
3.04e-05,3.9e-05,1e-05,0.1,0.969557891,422.5746757
3.04e-05,3.9e-05,1e-05,0.2,0.969557891,461.8440455
3.04e-05,3.9e-05,1e-05,0.3,0.969557891,473.0084711
3.04e-05,3.9e-05,1e-05,0.4,0.969557891,477.4475913
3.04e-05,3.9e-05,1e-05,0.5,0.969557891,479.3370413
3.04e-05,3.9e-05,1e-05,0.6,0.969557891,479.9471377
3.04e-05,3.9e-05,1e-05,0.7,0.969557891,480.0561276
3.04e-05,3.9e-05,1e-05,0.8,0.969557891,480.0511705
3.04e-05,3.9e-05,1e-05,0.9,0.969557891,480.0601633
3.04e-05,3.9e-05,1e-05,1.0,0.969557891,480.0644251
4.46e-05,3.16e-05,0.0,0.0,0.955389862,300.0039999
4.46e-05,3.16e-05,0.0,0.1,0.955389862,422.5813109
4.46e-05,3.16e-05,0.0,0.2,0.955389862,461.852831
4.46e-05,3.16e-05,0.0,0.3,0.955389862,473.0178676
4.46e-05,3.16e-05,0.0,0.4,0.955389862,477.4572312
4.46e-05,3.16e-05,0.0,0.5,0.955389862,479.3467846
4.46e-05,3.16e-05,0.0,0.6,0.955389862,479.9569144
4.46e-05,3.16e-05,0.0,0.7,0.955389862,480.0659103
4.46e-05,3.16e-05,0.0,0.8,0.955389862,480.060953
4.46e-05,3.16e-05,0.0,0.9,0.955389862,480.0699463
4.46e-05,3.16e-05,0.0,1.0,0.955389862,480.0742083
4.45e-05,3.15e-05,1e-05,0.0,0.955504231,300.0039999
4.45e-05,3.15e-05,1e-05,0.1,0.955504231,422.5812271
4.45e-05,3.15e-05,1e-05,0.2,0.955504231,461.85272
4.45e-05,3.15e-05,1e-05,0.3,0.955504231,473.017749
4.45e-05,3.15e-05,1e-05,0.4,0.955504231,477.4571094
4.45e-05,3.15e-05,1e-05,0.5,0.955504231,479.3466615
4.45e-05,3.15e-05,1e-05,0.6,0.955504231,479.956791
4.45e-05,3.15e-05,1e-05,0.7,0.955504231,480.0657867
4.45e-05,3.15e-05,1e-05,0.8,0.955504231,480.0608294
4.45e-05,3.15e-05,1e-05,0.9,0.955504231,480.0698227
4.45e-05,3.15e-05,1e-05,1.0,0.955504231,480.0740847
5.1e-05,1.68e-05,1e-05,0.0,0.9490182,300.0039999
5.1e-05,1.68e-05,1e-05,0.1,0.9490182,422.5801033
5.1e-05,1.68e-05,1e-05,0.2,0.9490182,461.8512495
5.1e-05,1.68e-05,1e-05,0.3,0.9490182,473.0161797
5.1e-05,1.68e-05,1e-05,0.4,0.9490182,477.4555011
5.1e-05,1.68e-05,1e-05,0.5,0.9490182,479.3450365
5.1e-05,1.68e-05,1e-05,0.6,0.9490182,479.9551606
5.1e-05,1.68e-05,1e-05,0.7,0.9490182,480.0641554
5.1e-05,1.68e-05,1e-05,0.8,0.9490182,480.0591981
5.1e-05,1.68e-05,1e-05,0.9,0.9490182,480.0681913
5.1e-05,1.68e-05,1e-05,1.0,0.9490182,480.0724533
5.1e-05,1.68e-05,0.0,0.0,0.949016181,300.0039999
5.1e-05,1.68e-05,0.0,0.1,0.949016181,422.5801116
5.1e-05,1.68e-05,0.0,0.2,0.949016181,461.8512603
5.1e-05,1.68e-05,0.0,0.3,0.949016181,473.0161913
5.1e-05,1.68e-05,0.0,0.4,0.949016181,477.455513
5.1e-05,1.68e-05,0.0,0.5,0.949016181,479.3450486
5.1e-05,1.68e-05,0.0,0.6,0.949016181,479.9551726
5.1e-05,1.68e-05,0.0,0.7,0.949016181,480.0641674
5.1e-05,1.68e-05,0.0,0.8,0.949016181,480.0592102
5.1e-05,1.68e-05,0.0,0.9,0.949016181,480.0682034
5.1e-05,1.68e-05,0.0,1.0,0.949016181,480.0724653
6e-05,0.0,1e-05,0.0,0.94,300.0039998
6e-05,0.0,1e-05,0.1,0.94,422.5763915
6e-05,0.0,1e-05,0.2,0.94,461.8463699
6e-05,0.0,1e-05,0.3,0.94,473.010968
6e-05,0.0,1e-05,0.4,0.94,477.4501576
6e-05,0.0,1e-05,0.5,0.94,479.3396369
6e-05,0.0,1e-05,0.6,0.94,479.9497428
6e-05,0.0,1e-05,0.7,0.94,480.0587343
6e-05,0.0,1e-05,0.8,0.94,480.0537772
6e-05,0.0,1e-05,0.9,0.94,480.0627702
6e-05,0.0,1e-05,1.0,0.94,480.067032
6e-05,0.0,0.0,0.0,0.94,300.0039998
6e-05,0.0,0.0,0.1,0.94,422.5763916
6e-05,0.0,0.0,0.2,0.94,461.8463699
6e-05,0.0,0.0,0.3,0.94,473.010968
6e-05,0.0,0.0,0.4,0.94,477.4501576
6e-05,0.0,0.0,0.5,0.94,479.3396369
6e-05,0.0,0.0,0.6,0.94,479.9497428
6e-05,0.0,0.0,0.7,0.94,480.0587343
6e-05,0.0,0.0,0.8,0.94,480.0537772
6e-05,0.0,0.0,0.9,0.94,480.0627701
6e-05,0.0,0.0,1.0,0.94,480.067032
2e-05,0.0001,0.0,0.0,0.98,300.0039998
2e-05,0.0001,0.0,0.1,0.98,422.5540706
2e-05,0.0001,0.0,0.2,0.98,461.8168249
2e-05,0.0001,0.0,0.3,0.98,472.9793698
2e-05,0.0001,0.0,0.4,0.98,477.4177421
2e-05,0.0001,0.0,0.5,0.98,479.3068738
2e-05,0.0001,0.0,0.6,0.98,479.9168674
2e-05,0.0001,0.0,0.7,0.98,480.0258389
2e-05,0.0001,0.0,0.8,0.98,480.0208827
2e-05,0.0001,0.0,0.9,0.98,480.029874
2e-05,0.0001,0.0,1.0,0.98,480.0341351
2e-05,0.0001,1e-05,0.0,0.98,300.0039998
2e-05,0.0001,1e-05,0.1,0.98,422.5540706
2e-05,0.0001,1e-05,0.2,0.98,461.8168249
2e-05,0.0001,1e-05,0.3,0.98,472.9793698
2e-05,0.0001,1e-05,0.4,0.98,477.4177421
2e-05,0.0001,1e-05,0.5,0.98,479.3068737
2e-05,0.0001,1e-05,0.6,0.98,479.9168674
2e-05,0.0001,1e-05,0.7,0.98,480.0258389
2e-05,0.0001,1e-05,0.8,0.98,480.0208827
2e-05,0.0001,1e-05,0.9,0.98,480.029874
2e-05,0.0001,1e-05,1.0,0.98,480.034135
3.01e-05,8.51e-05,0.0,0.0,0.969906414,300.0039999
3.01e-05,8.51e-05,0.0,0.1,0.969906414,422.5676646
3.01e-05,8.51e-05,0.0,0.2,0.969906414,461.8347867
3.01e-05,8.51e-05,0.0,0.3,0.969906414,472.9985733
3.01e-05,8.51e-05,0.0,0.4,0.969906414,477.4374394
3.01e-05,8.51e-05,0.0,0.5,0.969906414,479.3267812
3.01e-05,8.51e-05,0.0,0.6,0.969906414,479.9368427
3.01e-05,8.51e-05,0.0,0.7,0.969906414,480.0458264
3.01e-05,8.51e-05,0.0,0.8,0.969906414,480.0408696
3.01e-05,8.51e-05,0.0,0.9,0.969906414,480.0498619
3.01e-05,8.51e-05,0.0,1.0,0.969906414,480.0541234
3.11e-05,8.54e-05,1e-05,0.0,0.96893089,300.0039999
3.11e-05,8.54e-05,1e-05,0.1,0.96893089,422.5681105
3.11e-05,8.54e-05,1e-05,0.2,0.96893089,461.8353768
3.11e-05,8.54e-05,1e-05,0.3,0.96893089,472.9992043
3.11e-05,8.54e-05,1e-05,0.4,0.96893089,477.4380868
3.11e-05,8.54e-05,1e-05,0.5,0.96893089,479.3274355
3.11e-05,8.54e-05,1e-05,0.6,0.96893089,479.9374993
3.11e-05,8.54e-05,1e-05,0.7,0.96893089,480.0464833
3.11e-05,8.54e-05,1e-05,0.8,0.96893089,480.0415265
3.11e-05,8.54e-05,1e-05,0.9,0.96893089,480.0505189
3.11e-05,8.54e-05,1e-05,1.0,0.96893089,480.0547804
3.83e-05,6.75e-05,0.0,0.0,0.961693177,300.0039999
3.83e-05,6.75e-05,0.0,0.1,0.961693177,422.577992
3.83e-05,6.75e-05,0.0,0.2,0.961693177,461.8484368
3.83e-05,6.75e-05,0.0,0.3,0.961693177,473.0131679
3.83e-05,6.75e-05,0.0,0.4,0.961693177,477.4524098
3.83e-05,6.75e-05,0.0,0.5,0.961693177,479.3419115
3.83e-05,6.75e-05,0.0,0.6,0.961693177,479.9520246
3.83e-05,6.75e-05,0.0,0.7,0.961693177,480.0610174
3.83e-05,6.75e-05,0.0,0.8,0.961693177,480.0560603
3.83e-05,6.75e-05,0.0,0.9,0.961693177,480.0650533
3.83e-05,6.75e-05,0.0,1.0,0.961693177,480.0693152
3.9e-05,6.75e-05,1e-05,0.0,0.961012939,300.0039999
3.9e-05,6.75e-05,1e-05,0.1,0.961012939,422.5783778
3.9e-05,6.75e-05,1e-05,0.2,0.961012939,461.8489474
3.9e-05,6.75e-05,1e-05,0.3,0.961012939,473.0137139
3.9e-05,6.75e-05,1e-05,0.4,0.961012939,477.4529699
3.9e-05,6.75e-05,1e-05,0.5,0.961012939,479.3424776
3.9e-05,6.75e-05,1e-05,0.6,0.961012939,479.9525926
3.9e-05,6.75e-05,1e-05,0.7,0.961012939,480.0615859
3.9e-05,6.75e-05,1e-05,0.8,0.961012939,480.0566287
3.9e-05,6.75e-05,1e-05,0.9,0.961012939,480.0656218
3.9e-05,6.75e-05,1e-05,1.0,0.961012939,480.0698836
4.82e-05,4.88e-05,0.0,0.0,0.95178329,300.0039999
4.82e-05,4.88e-05,0.0,0.1,0.95178329,422.5853477
4.82e-05,4.88e-05,0.0,0.2,0.95178329,461.858169
4.82e-05,4.88e-05,0.0,0.3,0.95178329,473.0235755
4.82e-05,4.88e-05,0.0,0.4,0.95178329,477.4630862
4.82e-05,4.88e-05,0.0,0.5,0.95178329,479.3527022
4.82e-05,4.88e-05,0.0,0.6,0.95178329,479.9628523
4.82e-05,4.88e-05,0.0,0.7,0.95178329,480.0718517
4.82e-05,4.88e-05,0.0,0.8,0.95178329,480.0668943
4.82e-05,4.88e-05,0.0,0.9,0.95178329,480.0758879
4.82e-05,4.88e-05,0.0,1.0,0.95178329,480.08015
4.82e-05,4.88e-05,1e-05,0.0,0.951779017,300.0039999
4.82e-05,4.88e-05,1e-05,0.1,0.951779017,422.5853498
4.82e-05,4.88e-05,1e-05,0.2,0.951779017,461.8581718
4.82e-05,4.88e-05,1e-05,0.3,0.951779017,473.0235785
4.82e-05,4.88e-05,1e-05,0.4,0.951779017,477.4630893
4.82e-05,4.88e-05,1e-05,0.5,0.951779017,479.3527054
4.82e-05,4.88e-05,1e-05,0.6,0.951779017,479.9628554
4.82e-05,4.88e-05,1e-05,0.7,0.951779017,480.0718549
4.82e-05,4.88e-05,1e-05,0.8,0.951779017,480.0668974
4.82e-05,4.88e-05,1e-05,0.9,0.951779017,480.075891
4.82e-05,4.88e-05,1e-05,1.0,0.951779017,480.0801531
6.07e-05,3.3e-05,0.0,0.0,0.93934258,300.0039999
6.07e-05,3.3e-05,0.0,0.1,0.93934258,422.5902925
6.07e-05,3.3e-05,0.0,0.2,0.93934258,461.8647274
6.07e-05,3.3e-05,0.0,0.3,0.93934258,473.0305925
6.07e-05,3.3e-05,0.0,0.4,0.93934258,477.4702858
6.07e-05,3.3e-05,0.0,0.5,0.93934258,479.3599795
6.07e-05,3.3e-05,0.0,0.6,0.93934258,479.9701547
6.07e-05,3.3e-05,0.0,0.7,0.93934258,480.0791586
6.07e-05,3.3e-05,0.0,0.8,0.93934258,480.0742009
6.07e-05,3.3e-05,0.0,0.9,0.93934258,480.0831949
6.07e-05,3.3e-05,0.0,1.0,0.93934258,480.0874572
6.1e-05,3.3e-05,1e-05,0.0,0.939007213,300.0039999
6.1e-05,3.3e-05,1e-05,0.1,0.939007213,422.5904692
6.1e-05,3.3e-05,1e-05,0.2,0.939007213,461.8649616
6.1e-05,3.3e-05,1e-05,0.3,0.939007213,473.030843
6.1e-05,3.3e-05,1e-05,0.4,0.939007213,477.4705429
6.1e-05,3.3e-05,1e-05,0.5,0.939007213,479.3602393
6.1e-05,3.3e-05,1e-05,0.6,0.939007213,479.9704154
6.1e-05,3.3e-05,1e-05,0.7,0.939007213,480.0794194
6.1e-05,3.3e-05,1e-05,0.8,0.939007213,480.0744618
6.1e-05,3.3e-05,1e-05,0.9,0.939007213,480.0834557
6.1e-05,3.3e-05,1e-05,1.0,0.939007213,480.087718
7e-05,1.73e-05,1e-05,0.0,0.93,300.0039999
7e-05,1.73e-05,1e-05,0.1,0.93,422.5904121
7e-05,1.73e-05,1e-05,0.2,0.93,461.8649104
7e-05,1.73e-05,1e-05,0.3,0.93,473.0307932
7e-05,1.73e-05,1e-05,0.4,0.93,477.470494
7e-05,1.73e-05,1e-05,0.5,0.93,479.3601908
7e-05,1.73e-05,1e-05,0.6,0.93,479.9703669
7e-05,1.73e-05,1e-05,0.7,0.93,480.0793709
7e-05,1.73e-05,1e-05,0.8,0.93,480.0744133
7e-05,1.73e-05,1e-05,0.9,0.93,480.0834073
7e-05,1.73e-05,1e-05,1.0,0.93,480.0876696
7e-05,1.73e-05,0.0,0.0,0.93,300.0039999
7e-05,1.73e-05,0.0,0.1,0.93,422.590412
7e-05,1.73e-05,0.0,0.2,0.93,461.8649104
7e-05,1.73e-05,0.0,0.3,0.93,473.0307932
7e-05,1.73e-05,0.0,0.4,0.93,477.470494
7e-05,1.73e-05,0.0,0.5,0.93,479.3601908
7e-05,1.73e-05,0.0,0.6,0.93,479.9703669
7e-05,1.73e-05,0.0,0.7,0.93,480.0793709
7e-05,1.73e-05,0.0,0.8,0.93,480.0744133
7e-05,1.73e-05,0.0,0.9,0.93,480.0834073
7e-05,1.73e-05,0.0,1.0,0.93,480.0876696
8e-05,0.0,1e-05,0.0,0.92,300.0039998
8e-05,0.0,1e-05,0.1,0.92,422.586749
8e-05,0.0,1e-05,0.2,0.92,461.8601041
8e-05,0.0,1e-05,0.3,0.92,473.0256616
8e-05,0.0,1e-05,0.4,0.92,477.4652334
8e-05,0.0,1e-05,0.5,0.92,479.3548752
8e-05,0.0,1e-05,0.6,0.92,479.9650336
8e-05,0.0,1e-05,0.7,0.92,480.0740344
8e-05,0.0,1e-05,0.8,0.92,480.069077
8e-05,0.0,1e-05,0.9,0.92,480.0780706
8e-05,0.0,1e-05,1.0,0.92,480.0823328
8e-05,0.0,0.0,0.0,0.92,300.0039998
8e-05,0.0,0.0,0.1,0.92,422.5867491
8e-05,0.0,0.0,0.2,0.92,461.8601041
8e-05,0.0,0.0,0.3,0.92,473.0256617
8e-05,0.0,0.0,0.4,0.92,477.4652334
8e-05,0.0,0.0,0.5,0.92,479.3548752
8e-05,0.0,0.0,0.6,0.92,479.9650336
8e-05,0.0,0.0,0.7,0.92,480.0740344
8e-05,0.0,0.0,0.8,0.92,480.069077
8e-05,0.0,0.0,0.9,0.92,480.0780707
8e-05,0.0,0.0,1.0,0.92,480.0823329
4e-05,0.0001,0.0,0.0,0.96,300.0039998
4e-05,0.0001,0.0,0.1,0.96,422.5655011
4e-05,0.0001,0.0,0.2,0.96,461.8319459
4e-05,0.0001,0.0,0.3,0.96,472.9955398
4e-05,0.0001,0.0,0.4,0.96,477.4343295
4e-05,0.0001,0.0,0.5,0.96,479.3236387
4e-05,0.0001,0.0,0.6,0.96,479.9336897
4e-05,0.0001,0.0,0.7,0.96,480.0426715
4e-05,0.0001,0.0,0.8,0.96,480.0377148
4e-05,0.0001,0.0,0.9,0.96,480.046707
4e-05,0.0001,0.0,1.0,0.96,480.0509684
4e-05,0.0001,1e-05,0.0,0.96,300.0039998
4e-05,0.0001,1e-05,0.1,0.96,422.5655011
4e-05,0.0001,1e-05,0.2,0.96,461.8319459
4e-05,0.0001,1e-05,0.3,0.96,472.9955398
4e-05,0.0001,1e-05,0.4,0.96,477.4343295
4e-05,0.0001,1e-05,0.5,0.96,479.3236387
4e-05,0.0001,1e-05,0.6,0.96,479.9336897
4e-05,0.0001,1e-05,0.7,0.96,480.0426715
4e-05,0.0001,1e-05,0.8,0.96,480.0377148
4e-05,0.0001,1e-05,0.9,0.96,480.0467069
4e-05,0.0001,1e-05,1.0,0.96,480.0509684
5e-05,8.27e-05,0.0,0.0,0.95,300.0039999
5e-05,8.27e-05,0.0,0.1,0.95,422.5797882
5e-05,8.27e-05,0.0,0.2,0.95,461.8508311
5e-05,8.27e-05,0.0,0.3,0.95,473.0157321
5e-05,8.27e-05,0.0,0.4,0.95,477.4550418
5e-05,8.27e-05,0.0,0.5,0.95,479.3445723
5e-05,8.27e-05,0.0,0.6,0.95,479.9546947
5e-05,8.27e-05,0.0,0.7,0.95,480.0636892
5e-05,8.27e-05,0.0,0.8,0.95,480.0587319
5e-05,8.27e-05,0.0,0.9,0.95,480.0677251
5e-05,8.27e-05,0.0,1.0,0.95,480.0719871
5e-05,8.27e-05,1e-05,0.0,0.95,300.0039999
5e-05,8.27e-05,1e-05,0.1,0.95,422.5797882
5e-05,8.27e-05,1e-05,0.2,0.95,461.8508311
5e-05,8.27e-05,1e-05,0.3,0.95,473.0157321
5e-05,8.27e-05,1e-05,0.4,0.95,477.4550418
5e-05,8.27e-05,1e-05,0.5,0.95,479.3445723
5e-05,8.27e-05,1e-05,0.6,0.95,479.9546947
5e-05,8.27e-05,1e-05,0.7,0.95,480.0636892
5e-05,8.27e-05,1e-05,0.8,0.95,480.058732
5e-05,8.27e-05,1e-05,0.9,0.95,480.0677252
5e-05,8.27e-05,1e-05,1.0,0.95,480.0719871
5.9e-05,6.55e-05,0.0,0.0,0.940969448,300.0039999
5.9e-05,6.55e-05,0.0,0.1,0.940969448,422.5897261
5.9e-05,6.55e-05,0.0,0.2,0.940969448,461.8639754
5.9e-05,6.55e-05,0.0,0.3,0.940969448,473.0297877
5.9e-05,6.55e-05,0.0,0.4,0.940969448,477.46946
5.9e-05,6.55e-05,0.0,0.5,0.940969448,479.3591448
5.9e-05,6.55e-05,0.0,0.6,0.940969448,479.9693171
5.9e-05,6.55e-05,0.0,0.7,0.940969448,480.0783204
5.9e-05,6.55e-05,0.0,0.8,0.940969448,480.0733628
5.9e-05,6.55e-05,0.0,0.9,0.940969448,480.0823567
5.9e-05,6.55e-05,0.0,1.0,0.940969448,480.086619
5.98e-05,6.56e-05,1e-05,0.0,0.940208106,300.0039999
5.98e-05,6.56e-05,1e-05,0.1,0.940208106,422.5901037
5.98e-05,6.56e-05,1e-05,0.2,0.940208106,461.8644759
5.98e-05,6.56e-05,1e-05,0.3,0.940208106,473.0303232
5.98e-05,6.56e-05,1e-05,0.4,0.940208106,477.4700094
5.98e-05,6.56e-05,1e-05,0.5,0.940208106,479.3597001
5.98e-05,6.56e-05,1e-05,0.6,0.940208106,479.9698743
5.98e-05,6.56e-05,1e-05,0.7,0.940208106,480.078878
5.98e-05,6.56e-05,1e-05,0.8,0.940208106,480.0739204
5.98e-05,6.56e-05,1e-05,0.9,0.940208106,480.0829143
5.98e-05,6.56e-05,1e-05,1.0,0.940208106,480.0871766
6.93e-05,4.98e-05,0.0,0.0,0.930701735,300.0039999
6.93e-05,4.98e-05,0.0,0.1,0.930701735,422.5965903
6.93e-05,4.98e-05,0.0,0.2,0.930701735,461.8730671
6.93e-05,4.98e-05,0.0,0.3,0.930701735,473.0395124
6.93e-05,4.98e-05,0.0,0.4,0.930701735,477.4794368
6.93e-05,4.98e-05,0.0,0.5,0.930701735,479.3692288
6.93e-05,4.98e-05,0.0,0.6,0.930701735,479.9794357
6.93e-05,4.98e-05,0.0,0.7,0.930701735,480.0884452
6.93e-05,4.98e-05,0.0,0.8,0.930701735,480.0834873
6.93e-05,4.98e-05,0.0,0.9,0.930701735,480.0924817
6.93e-05,4.98e-05,0.0,1.0,0.930701735,480.0967442
6.96e-05,4.97e-05,5e-06,0.0,0.930414728,300.004
6.96e-05,4.97e-05,5e-06,0.1,0.930414728,422.5982711
6.96e-05,4.97e-05,5e-06,0.2,0.930414728,461.8752872
6.96e-05,4.97e-05,5e-06,0.3,0.930414728,473.0418859
6.96e-05,4.97e-05,5e-06,0.4,0.930414728,477.4818712
6.96e-05,4.97e-05,5e-06,0.5,0.930414728,479.3716891
6.96e-05,4.97e-05,5e-06,0.6,0.930414728,479.9819044
6.96e-05,4.97e-05,5e-06,0.7,0.930414728,480.0909154
6.96e-05,4.97e-05,5e-06,0.8,0.930414728,480.0859575
6.96e-05,4.97e-05,5e-06,0.9,0.930414728,480.094952
6.96e-05,4.97e-05,5e-06,1.0,0.930414728,480.0992146
6.91e-05,4.98e-05,1e-05,0.0,0.930860592,300.0039999
6.91e-05,4.98e-05,1e-05,0.1,0.930860592,422.5965079
6.91e-05,4.98e-05,1e-05,0.2,0.930860592,461.8729577
6.91e-05,4.98e-05,1e-05,0.3,0.930860592,473.0393955
6.91e-05,4.98e-05,1e-05,0.4,0.930860592,477.4793168
6.91e-05,4.98e-05,1e-05,0.5,0.930860592,479.3691074
6.91e-05,4.98e-05,1e-05,0.6,0.930860592,479.9793139
6.91e-05,4.98e-05,1e-05,0.7,0.930860592,480.0883234
6.91e-05,4.98e-05,1e-05,0.8,0.930860592,480.0833655
6.91e-05,4.98e-05,1e-05,0.9,0.930860592,480.0923599
6.91e-05,4.98e-05,1e-05,1.0,0.930860592,480.0966224
8.01e-05,3.37e-05,0.0,0.0,0.919919047,300.0039999
8.01e-05,3.37e-05,0.0,0.1,0.919919047,422.6004818
8.01e-05,3.37e-05,0.0,0.2,0.919919047,461.878238
8.01e-05,3.37e-05,0.0,0.3,0.919919047,473.0450468
8.01e-05,3.37e-05,0.0,0.4,0.919919047,477.4851161
8.01e-05,3.37e-05,0.0,0.5,0.919919047,479.3749697
8.01e-05,3.37e-05,0.0,0.6,0.919919047,479.9851965
8.01e-05,3.37e-05,0.0,0.7,0.919919047,480.0942095
8.01e-05,3.37e-05,0.0,0.8,0.919919047,480.0892515
8.01e-05,3.37e-05,0.0,0.9,0.919919047,480.0982462
8.01e-05,3.37e-05,0.0,1.0,0.919919047,480.1025088
8.05e-05,3.36e-05,1e-05,0.0,0.919536022,300.0039999
8.05e-05,3.36e-05,1e-05,0.1,0.919536022,422.6006614
8.05e-05,3.36e-05,1e-05,0.2,0.919536022,461.8784764
8.05e-05,3.36e-05,1e-05,0.3,0.919536022,473.0453019
8.05e-05,3.36e-05,1e-05,0.4,0.919536022,477.4853778
8.05e-05,3.36e-05,1e-05,0.5,0.919536022,479.3752342
8.05e-05,3.36e-05,1e-05,0.6,0.919536022,479.9854619
8.05e-05,3.36e-05,1e-05,0.7,0.919536022,480.0944751
8.05e-05,3.36e-05,1e-05,0.8,0.919536022,480.0895171
8.05e-05,3.36e-05,1e-05,0.9,0.919536022,480.0985118
8.05e-05,3.36e-05,1e-05,1.0,0.919536022,480.1027744
9e-05,1.73e-05,0.0,0.0,0.91,300.0039999
9e-05,1.73e-05,0.0,0.1,0.91,422.6005064
9e-05,1.73e-05,0.0,0.2,0.91,461.8783031
9e-05,1.73e-05,0.0,0.3,0.91,473.0451231
9e-05,1.73e-05,0.0,0.4,0.91,477.4851973
9e-05,1.73e-05,0.0,0.5,0.91,479.3750528
9e-05,1.73e-05,0.0,0.6,0.91,479.9852803
9e-05,1.73e-05,0.0,0.7,0.91,480.0942933
9e-05,1.73e-05,0.0,0.8,0.91,480.0893354
9e-05,1.73e-05,0.0,0.9,0.91,480.0983301
9e-05,1.73e-05,0.0,1.0,0.91,480.1025927
9e-05,1.73e-05,1e-05,0.0,0.91,300.0039999
9e-05,1.73e-05,1e-05,0.1,0.91,422.6005064
9e-05,1.73e-05,1e-05,0.2,0.91,461.8783031
9e-05,1.73e-05,1e-05,0.3,0.91,473.0451231
9e-05,1.73e-05,1e-05,0.4,0.91,477.4851973
9e-05,1.73e-05,1e-05,0.5,0.91,479.3750528
9e-05,1.73e-05,1e-05,0.6,0.91,479.9852803
9e-05,1.73e-05,1e-05,0.7,0.91,480.0942933
9e-05,1.73e-05,1e-05,0.8,0.91,480.0893354
9e-05,1.73e-05,1e-05,0.9,0.91,480.0983301
9e-05,1.73e-05,1e-05,1.0,0.91,480.1025927
0.0001,0.0,1e-05,0.0,0.9,300.0039998
0.0001,0.0,1e-05,0.1,0.9,422.5965804
0.0001,0.0,1e-05,0.2,0.9,461.8731551
0.0001,0.0,1e-05,0.3,0.9,473.0396273
0.0001,0.0,1e-05,0.4,0.9,477.4795637
0.0001,0.0,1e-05,0.5,0.9,479.3693605
0.0001,0.0,1e-05,0.6,0.9,479.979569
0.0001,0.0,1e-05,0.7,0.9,480.0885786
0.0001,0.0,1e-05,0.8,0.9,480.0836209
0.0001,0.0,1e-05,0.9,0.9,480.0926152
0.0001,0.0,1e-05,1.0,0.9,480.0968777
0.0001,0.0,0.0,0.0,0.9,300.0039998
0.0001,0.0,0.0,0.1,0.9,422.5965804
0.0001,0.0,0.0,0.2,0.9,461.8731551
0.0001,0.0,0.0,0.3,0.9,473.0396274
0.0001,0.0,0.0,0.4,0.9,477.4795637
0.0001,0.0,0.0,0.5,0.9,479.3693605
0.0001,0.0,0.0,0.6,0.9,479.979569
0.0001,0.0,0.0,0.7,0.9,480.0885786
0.0001,0.0,0.0,0.8,0.9,480.0836209
0.0001,0.0,0.0,0.9,0.9,480.0926152
0.0001,0.0,0.0,1.0,0.9,480.0968777
6e-05,0.0001,0.0,0.0,0.94,300.0039998
6e-05,0.0001,0.0,0.1,0.94,422.5763915
6e-05,0.0001,0.0,0.2,0.94,461.8463699
6e-05,0.0001,0.0,0.3,0.94,473.010968
6e-05,0.0001,0.0,0.4,0.94,477.4501576
6e-05,0.0001,0.0,0.5,0.94,479.3396369
6e-05,0.0001,0.0,0.6,0.94,479.9497428
6e-05,0.0001,0.0,0.7,0.94,480.0587343
6e-05,0.0001,0.0,0.8,0.94,480.0537772
6e-05,0.0001,0.0,0.9,0.94,480.0627701
6e-05,0.0001,0.0,1.0,0.94,480.0670319
6e-05,0.0001,1e-05,0.0,0.94,300.0039998
6e-05,0.0001,1e-05,0.1,0.94,422.5763916
6e-05,0.0001,1e-05,0.2,0.94,461.8463699
6e-05,0.0001,1e-05,0.3,0.94,473.010968
6e-05,0.0001,1e-05,0.4,0.94,477.4501576
6e-05,0.0001,1e-05,0.5,0.94,479.3396368
6e-05,0.0001,1e-05,0.6,0.94,479.9497428
6e-05,0.0001,1e-05,0.7,0.94,480.0587343
6e-05,0.0001,1e-05,0.8,0.94,480.0537772
6e-05,0.0001,1e-05,0.9,0.94,480.0627701
6e-05,0.0001,1e-05,1.0,0.94,480.0670319
7e-05,8.27e-05,1e-05,0.0,0.93,300.0039999
7e-05,8.27e-05,1e-05,0.1,0.93,422.590412
7e-05,8.27e-05,1e-05,0.2,0.93,461.8649104
7e-05,8.27e-05,1e-05,0.3,0.93,473.0307932
7e-05,8.27e-05,1e-05,0.4,0.93,477.470494
7e-05,8.27e-05,1e-05,0.5,0.93,479.3601907
7e-05,8.27e-05,1e-05,0.6,0.93,479.9703669
7e-05,8.27e-05,1e-05,0.7,0.93,480.0793709
7e-05,8.27e-05,1e-05,0.8,0.93,480.0744133
7e-05,8.27e-05,1e-05,0.9,0.93,480.0834073
7e-05,8.27e-05,1e-05,1.0,0.93,480.0876696
7e-05,8.27e-05,0.0,0.0,0.93,300.0039999
7e-05,8.27e-05,0.0,0.1,0.93,422.5904121
7e-05,8.27e-05,0.0,0.2,0.93,461.8649104
7e-05,8.27e-05,0.0,0.3,0.93,473.0307933
7e-05,8.27e-05,0.0,0.4,0.93,477.470494
7e-05,8.27e-05,0.0,0.5,0.93,479.3601908
7e-05,8.27e-05,0.0,0.6,0.93,479.9703669
7e-05,8.27e-05,0.0,0.7,0.93,480.0793709
7e-05,8.27e-05,0.0,0.8,0.93,480.0744133
7e-05,8.27e-05,0.0,0.9,0.93,480.0834073
7e-05,8.27e-05,0.0,1.0,0.93,480.0876696
7.93e-05,6.63e-05,0.0,0.0,0.920654134,300.0039999
7.93e-05,6.63e-05,0.0,0.1,0.920654134,422.600114
7.93e-05,6.63e-05,0.0,0.2,0.920654134,461.87775
7.93e-05,6.63e-05,0.0,0.3,0.920654134,473.0445247
7.93e-05,6.63e-05,0.0,0.4,0.920654134,477.4845804
7.93e-05,6.63e-05,0.0,0.5,0.920654134,479.3744282
7.93e-05,6.63e-05,0.0,0.6,0.920654134,479.9846531
7.93e-05,6.63e-05,0.0,0.7,0.920654134,480.0936658
7.93e-05,6.63e-05,0.0,0.8,0.920654134,480.0887078
7.93e-05,6.63e-05,0.0,0.9,0.920654134,480.0977024
7.93e-05,6.63e-05,0.0,1.0,0.920654134,480.1019651
8e-05,6.63e-05,1e-05,0.0,0.92,300.0039999
8e-05,6.63e-05,1e-05,0.1,0.92,422.6004451
8e-05,6.63e-05,1e-05,0.2,0.92,461.8781893
8e-05,6.63e-05,1e-05,0.3,0.92,473.0449947
8e-05,6.63e-05,1e-05,0.4,0.92,477.4850627
8e-05,6.63e-05,1e-05,0.5,0.92,479.3749156
8e-05,6.63e-05,1e-05,0.6,0.92,479.9851422
8e-05,6.63e-05,1e-05,0.7,0.92,480.0941552
8e-05,6.63e-05,1e-05,0.8,0.92,480.0891972
8e-05,6.63e-05,1e-05,0.9,0.92,480.0981919
8e-05,6.63e-05,1e-05,1.0,0.92,480.1024546
8.94e-05,5.04e-05,0.0,0.0,0.91055454,300.0039999
8.94e-05,5.04e-05,0.0,0.1,0.91055454,422.6067752
8.94e-05,5.04e-05,0.0,0.2,0.91055454,461.8865794
8.94e-05,5.04e-05,0.0,0.3,0.91055454,473.0539702
8.94e-05,5.04e-05,0.0,0.4,0.91055454,477.4942713
8.94e-05,5.04e-05,0.0,0.5,0.91055454,479.3842234
8.94e-05,5.04e-05,0.0,0.6,0.91055454,479.9944821
8.94e-05,5.04e-05,0.0,0.7,0.91055454,480.1035007
8.94e-05,5.04e-05,0.0,0.8,0.91055454,480.0985425
8.94e-05,5.04e-05,0.0,0.9,0.91055454,480.1075376
8.94e-05,5.04e-05,0.0,1.0,0.91055454,480.1118005
8.95e-05,5.06e-05,1e-05,0.0,0.910490469,300.0039999
8.95e-05,5.06e-05,1e-05,0.1,0.910490469,422.606806
8.95e-05,5.06e-05,1e-05,0.2,0.910490469,461.8866204
8.95e-05,5.06e-05,1e-05,0.3,0.910490469,473.0540141
8.95e-05,5.06e-05,1e-05,0.4,0.910490469,477.4943163
8.95e-05,5.06e-05,1e-05,0.5,0.910490469,479.3842689
8.95e-05,5.06e-05,1e-05,0.6,0.910490469,479.9945277
8.95e-05,5.06e-05,1e-05,0.7,0.910490469,480.1035464
8.95e-05,5.06e-05,1e-05,0.8,0.910490469,480.0985882
8.95e-05,5.06e-05,1e-05,0.9,0.910490469,480.1075833
8.95e-05,5.06e-05,1e-05,1.0,0.910490469,480.1118462
0.0001,3.46e-05,0.0,0.0,0.9,300.0039999
0.0001,3.46e-05,0.0,0.1,0.9,422.6104549
0.0001,3.46e-05,0.0,0.2,0.9,461.891476
0.0001,3.46e-05,0.0,0.3,0.9,473.0592124
0.0001,3.46e-05,0.0,0.4,0.9,477.4996514
0.0001,3.46e-05,0.0,0.5,0.9,479.3896621
0.0001,3.46e-05,0.0,0.6,0.9,479.9999397
0.0001,3.46e-05,0.0,0.7,0.9,480.1089617
0.0001,3.46e-05,0.0,0.8,0.9,480.1040034
0.0001,3.46e-05,0.0,0.9,0.9,480.1129987
0.0001,3.46e-05,0.0,1.0,0.9,480.1172617
0.0001,3.41e-05,5e-06,0.0,0.900036093,300.004
0.0001,3.41e-05,5e-06,0.1,0.900036093,422.6118759
0.0001,3.41e-05,5e-06,0.2,0.900036093,461.8933521
0.0001,3.41e-05,5e-06,0.3,0.900036093,473.0612179
0.0001,3.41e-05,5e-06,0.4,0.900036093,477.5017083
0.0001,3.41e-05,5e-06,0.5,0.900036093,479.3917409
0.0001,3.41e-05,5e-06,0.6,0.900036093,480.0020256
0.0001,3.41e-05,5e-06,0.7,0.900036093,480.1110488
0.0001,3.41e-05,5e-06,0.8,0.900036093,480.1060904
0.0001,3.41e-05,5e-06,0.9,0.900036093,480.1150859
0.0001,3.41e-05,5e-06,1.0,0.900036093,480.119349
0.0001,3.46e-05,1e-05,0.0,0.9,300.0039999
0.0001,3.46e-05,1e-05,0.1,0.9,422.6104549
0.0001,3.46e-05,1e-05,0.2,0.9,461.891476
0.0001,3.46e-05,1e-05,0.3,0.9,473.0592124
0.0001,3.46e-05,1e-05,0.4,0.9,477.4996514
0.0001,3.46e-05,1e-05,0.5,0.9,479.3896621
0.0001,3.46e-05,1e-05,0.6,0.9,479.9999397
0.0001,3.46e-05,1e-05,0.7,0.9,480.1089617
0.0001,3.46e-05,1e-05,0.8,0.9,480.1040034
0.0001,3.46e-05,1e-05,0.9,0.9,480.1129987
0.0001,3.46e-05,1e-05,1.0,0.9,480.1172617
0.00011,1.73e-05,1e-05,0.0,0.89,300.0039999
0.00011,1.73e-05,1e-05,0.1,0.89,422.6100777
0.00011,1.73e-05,1e-05,0.2,0.89,461.8910158
0.00011,1.73e-05,1e-05,0.3,0.89,473.0587283
0.00011,1.73e-05,1e-05,0.4,0.89,477.4991583
0.00011,1.73e-05,1e-05,0.5,0.89,479.389165
0.00011,1.73e-05,1e-05,0.6,0.89,479.9994413
0.00011,1.73e-05,1e-05,0.7,0.89,480.108463
0.00011,1.73e-05,1e-05,0.8,0.89,480.1035048
0.00011,1.73e-05,1e-05,0.9,0.89,480.1125001
0.00011,1.73e-05,1e-05,1.0,0.89,480.1167631
0.00011,1.73e-05,0.0,0.0,0.89,300.0039999
0.00011,1.73e-05,0.0,0.1,0.89,422.6100777
0.00011,1.73e-05,0.0,0.2,0.89,461.8910158
0.00011,1.73e-05,0.0,0.3,0.89,473.0587283
0.00011,1.73e-05,0.0,0.4,0.89,477.4991583
0.00011,1.73e-05,0.0,0.5,0.89,479.389165
0.00011,1.73e-05,0.0,0.6,0.89,479.9994413
0.00011,1.73e-05,0.0,0.7,0.89,480.108463
0.00011,1.73e-05,0.0,0.8,0.89,480.1035048
0.00011,1.73e-05,0.0,0.9,0.89,480.1125001
0.00011,1.73e-05,0.0,1.0,0.89,480.1167631
0.00012,0.0,1e-05,0.0,0.88,300.0039998
0.00012,0.0,1e-05,0.1,0.88,422.605892
0.00012,0.0,1e-05,0.2,0.88,461.8855294
0.00012,0.0,1e-05,0.3,0.88,473.0528716
0.00012,0.0,1e-05,0.4,0.88,477.4931549
0.00012,0.0,1e-05,0.5,0.88,479.3830991
0.00012,0.0,1e-05,0.6,0.88,479.9933553
0.00012,0.0,1e-05,0.7,0.88,480.1023733
0.00012,0.0,1e-05,0.8,0.88,480.0974153
0.00012,0.0,1e-05,0.9,0.88,480.1064102
0.00012,0.0,1e-05,1.0,0.88,480.1106731
0.00012,0.0,0.0,0.0,0.88,300.0039998
0.00012,0.0,0.0,0.1,0.88,422.6058919
0.00012,0.0,0.0,0.2,0.88,461.8855293
0.00012,0.0,0.0,0.3,0.88,473.0528716
0.00012,0.0,0.0,0.4,0.88,477.4931549
0.00012,0.0,0.0,0.5,0.88,479.3830991
0.00012,0.0,0.0,0.6,0.88,479.9933553
0.00012,0.0,0.0,0.7,0.88,480.1023732
0.00012,0.0,0.0,0.8,0.88,480.0974152
0.00012,0.0,0.0,0.9,0.88,480.1064102
0.00012,0.0,0.0,1.0,0.88,480.1106731
8e-05,0.0001,0.0,0.0,0.92,300.0039998
8e-05,0.0001,0.0,0.1,0.92,422.5867491
8e-05,0.0001,0.0,0.2,0.92,461.8601041
8e-05,0.0001,0.0,0.3,0.92,473.0256616
8e-05,0.0001,0.0,0.4,0.92,477.4652334
8e-05,0.0001,0.0,0.5,0.92,479.3548752
8e-05,0.0001,0.0,0.6,0.92,479.9650336
8e-05,0.0001,0.0,0.7,0.92,480.0740344
8e-05,0.0001,0.0,0.8,0.92,480.069077
8e-05,0.0001,0.0,0.9,0.92,480.0780707
8e-05,0.0001,0.0,1.0,0.92,480.0823328
8e-05,0.0001,1e-05,0.0,0.92,300.0039998
8e-05,0.0001,1e-05,0.1,0.92,422.5867491
8e-05,0.0001,1e-05,0.2,0.92,461.8601041
8e-05,0.0001,1e-05,0.3,0.92,473.0256616
8e-05,0.0001,1e-05,0.4,0.92,477.4652334
8e-05,0.0001,1e-05,0.5,0.92,479.3548752
8e-05,0.0001,1e-05,0.6,0.92,479.9650336
8e-05,0.0001,1e-05,0.7,0.92,480.0740344
8e-05,0.0001,1e-05,0.8,0.92,480.069077
8e-05,0.0001,1e-05,0.9,0.92,480.0780707
8e-05,0.0001,1e-05,1.0,0.92,480.0823328
9e-05,8.27e-05,1e-05,0.0,0.91,300.0039999
9e-05,8.27e-05,1e-05,0.1,0.91,422.6005064
9e-05,8.27e-05,1e-05,0.2,0.91,461.8783031
9e-05,8.27e-05,1e-05,0.3,0.91,473.0451231
9e-05,8.27e-05,1e-05,0.4,0.91,477.4851973
9e-05,8.27e-05,1e-05,0.5,0.91,479.3750528
9e-05,8.27e-05,1e-05,0.6,0.91,479.9852803
9e-05,8.27e-05,1e-05,0.7,0.91,480.0942933
9e-05,8.27e-05,1e-05,0.8,0.91,480.0893354
9e-05,8.27e-05,1e-05,0.9,0.91,480.09833
9e-05,8.27e-05,1e-05,1.0,0.91,480.1025927
9e-05,8.3e-05,5e-06,0.0,0.910036504,300.0039999
9e-05,8.3e-05,5e-06,0.1,0.910036504,422.6018778
9e-05,8.3e-05,5e-06,0.2,0.910036504,461.8801137
9e-05,8.3e-05,5e-06,0.3,0.910036504,473.0470586
9e-05,8.3e-05,5e-06,0.4,0.910036504,477.4871824
9e-05,8.3e-05,5e-06,0.5,0.910036504,479.3770591
9e-05,8.3e-05,5e-06,0.6,0.910036504,479.9872934
9e-05,8.3e-05,5e-06,0.7,0.910036504,480.0963077
9e-05,8.3e-05,5e-06,0.8,0.910036504,480.0913497
9e-05,8.3e-05,5e-06,0.9,0.910036504,480.1003444
9e-05,8.3e-05,5e-06,1.0,0.910036504,480.1046071
9.01e-05,8.27e-05,0.0,0.0,0.909856922,300.0039999
9.01e-05,8.27e-05,0.0,0.1,0.909856922,422.6005749
9.01e-05,8.27e-05,0.0,0.2,0.909856922,461.878394
9.01e-05,8.27e-05,0.0,0.3,0.909856922,473.0452205
9.01e-05,8.27e-05,0.0,0.4,0.909856922,477.4852972
9.01e-05,8.27e-05,0.0,0.5,0.909856922,479.3751538
9.01e-05,8.27e-05,0.0,0.6,0.909856922,479.9853816
9.01e-05,8.27e-05,0.0,0.7,0.909856922,480.0943947
9.01e-05,8.27e-05,0.0,0.8,0.909856922,480.0894368
9.01e-05,8.27e-05,0.0,0.9,0.909856922,480.0984314
9.01e-05,8.27e-05,0.0,1.0,0.909856922,480.1026941
0.0001,6.69e-05,1e-05,0.0,0.9,300.0039999
0.0001,6.69e-05,1e-05,0.1,0.9,422.6101445
0.0001,6.69e-05,1e-05,0.2,0.9,461.8910661
0.0001,6.69e-05,1e-05,0.3,0.9,473.0587742
0.0001,6.69e-05,1e-05,0.4,0.9,477.499202
0.0001,6.69e-05,1e-05,0.5,0.9,479.3892079
0.0001,6.69e-05,1e-05,0.6,0.9,479.9994839
0.0001,6.69e-05,1e-05,0.7,0.9,480.1085056
0.0001,6.69e-05,1e-05,0.8,0.9,480.1035473
0.0001,6.69e-05,1e-05,0.9,0.9,480.1125427
0.0001,6.69e-05,1e-05,1.0,0.9,480.1168057
0.0001,6.69e-05,0.0,0.0,0.9,300.0039999
0.0001,6.69e-05,0.0,0.1,0.9,422.6101445
0.0001,6.69e-05,0.0,0.2,0.9,461.8910661
0.0001,6.69e-05,0.0,0.3,0.9,473.0587743
0.0001,6.69e-05,0.0,0.4,0.9,477.499202
0.0001,6.69e-05,0.0,0.5,0.9,479.3892079
0.0001,6.69e-05,0.0,0.6,0.9,479.999484
0.0001,6.69e-05,0.0,0.7,0.9,480.1085056
0.0001,6.69e-05,0.0,0.8,0.9,480.1035474
0.0001,6.69e-05,0.0,0.9,0.9,480.1125427
0.0001,6.69e-05,0.0,1.0,0.9,480.1168057
0.00011,5.09e-05,0.0,0.0,0.890002631,300.0039999
0.00011,5.09e-05,0.0,0.1,0.890002631,422.6166144
0.00011,5.09e-05,0.0,0.2,0.890002631,461.8996478
0.00011,5.09e-05,0.0,0.3,0.890002631,473.0679559
0.00011,5.09e-05,0.0,0.4,0.890002631,477.5086227
0.00011,5.09e-05,0.0,0.5,0.890002631,479.3987303
0.00011,5.09e-05,0.0,0.6,0.890002631,480.0090392
0.00011,5.09e-05,0.0,0.7,0.890002631,480.1180666
0.00011,5.09e-05,0.0,0.8,0.890002631,480.1131081
0.00011,5.09e-05,0.0,0.9,0.890002631,480.1221039
0.00011,5.09e-05,0.0,1.0,0.890002631,480.1263672
0.00011,5.09e-05,1e-05,0.0,0.890002592,300.0039999
0.00011,5.09e-05,1e-05,0.1,0.890002592,422.6166144
0.00011,5.09e-05,1e-05,0.2,0.890002592,461.8996478
0.00011,5.09e-05,1e-05,0.3,0.890002592,473.0679559
0.00011,5.09e-05,1e-05,0.4,0.890002592,477.5086227
0.00011,5.09e-05,1e-05,0.5,0.890002592,479.3987303
0.00011,5.09e-05,1e-05,0.6,0.890002592,480.0090392
0.00011,5.09e-05,1e-05,0.7,0.890002592,480.1180667
0.00011,5.09e-05,1e-05,0.8,0.890002592,480.1131082
0.00011,5.09e-05,1e-05,0.9,0.890002592,480.122104
0.00011,5.09e-05,1e-05,1.0,0.890002592,480.1263672
0.00012,3.46e-05,0.0,0.0,0.88,300.0039999
0.00012,3.46e-05,0.0,0.1,0.88,422.6197675
0.00012,3.46e-05,0.0,0.2,0.88,461.9038517
0.00012,3.46e-05,0.0,0.3,0.88,473.0724582
0.00012,3.46e-05,0.0,0.4,0.88,477.5132442
0.00012,3.46e-05,0.0,0.5,0.88,479.4034023
0.00012,3.46e-05,0.0,0.6,0.88,480.0137275
0.00012,3.46e-05,0.0,0.7,0.88,480.1227579
0.00012,3.46e-05,0.0,0.8,0.88,480.1177993
0.00012,3.46e-05,0.0,0.9,0.88,480.1267953
0.00012,3.46e-05,0.0,1.0,0.88,480.1310586
0.00012,3.46e-05,1e-05,0.0,0.88,300.0039999
0.00012,3.46e-05,1e-05,0.1,0.88,422.6197676
0.00012,3.46e-05,1e-05,0.2,0.88,461.9038517
0.00012,3.46e-05,1e-05,0.3,0.88,473.0724582
0.00012,3.46e-05,1e-05,0.4,0.88,477.5132442
0.00012,3.46e-05,1e-05,0.5,0.88,479.4034023
0.00012,3.46e-05,1e-05,0.6,0.88,480.0137276
0.00012,3.46e-05,1e-05,0.7,0.88,480.1227579
0.00012,3.46e-05,1e-05,0.8,0.88,480.1177993
0.00012,3.46e-05,1e-05,0.9,0.88,480.1267953
0.00012,3.46e-05,1e-05,1.0,0.88,480.1310587
0.00013,1.73e-05,1e-05,0.0,0.87,300.0039999
0.00013,1.73e-05,1e-05,0.1,0.87,422.6191323
0.00013,1.73e-05,1e-05,0.2,0.87,461.9030549
0.00013,1.73e-05,1e-05,0.3,0.87,473.071615
0.00013,1.73e-05,1e-05,0.4,0.87,477.5123831
0.00013,1.73e-05,1e-05,0.5,0.87,479.4025336
0.00013,1.73e-05,1e-05,0.6,0.87,480.0128563
0.00013,1.73e-05,1e-05,0.7,0.87,480.1218861
0.00013,1.73e-05,1e-05,0.8,0.87,480.1169276
0.00013,1.73e-05,1e-05,0.9,0.87,480.1259236
0.00013,1.73e-05,1e-05,1.0,0.87,480.1301869
0.00013,1.73e-05,0.0,0.0,0.87,300.0039999
0.00013,1.73e-05,0.0,0.1,0.87,422.6191324
0.00013,1.73e-05,0.0,0.2,0.87,461.9030549
0.00013,1.73e-05,0.0,0.3,0.87,473.071615
0.00013,1.73e-05,0.0,0.4,0.87,477.5123831
0.00013,1.73e-05,0.0,0.5,0.87,479.4025336
0.00013,1.73e-05,0.0,0.6,0.87,480.0128563
0.00013,1.73e-05,0.0,0.7,0.87,480.1218861
0.00013,1.73e-05,0.0,0.8,0.87,480.1169276
0.00013,1.73e-05,0.0,0.9,0.87,480.1259236
0.00013,1.73e-05,0.0,1.0,0.87,480.1301869
0.00014,0.0,1e-05,0.0,0.86,300.0039998
0.00014,0.0,1e-05,0.1,0.86,422.6146898
0.00014,0.0,1e-05,0.2,0.86,461.8972329
0.00014,0.0,1e-05,0.3,0.86,473.0654004
0.00014,0.0,1e-05,0.4,0.86,477.5060131
0.00014,0.0,1e-05,0.5,0.86,479.3960972
0.00014,0.0,1e-05,0.6,0.86,480.0063985
0.00014,0.0,1e-05,0.7,0.86,480.1154244
0.00014,0.0,1e-05,0.8,0.86,480.1104662
0.00014,0.0,1e-05,0.9,0.86,480.1194618
0.00014,0.0,1e-05,1.0,0.86,480.1237249
0.00014,0.0,0.0,0.0,0.86,300.0039998
0.00014,0.0,0.0,0.1,0.86,422.6146898
0.00014,0.0,0.0,0.2,0.86,461.8972329
0.00014,0.0,0.0,0.3,0.86,473.0654004
0.00014,0.0,0.0,0.4,0.86,477.5060131
0.00014,0.0,0.0,0.5,0.86,479.3960971
0.00014,0.0,0.0,0.6,0.86,480.0063985
0.00014,0.0,0.0,0.7,0.86,480.1154244
0.00014,0.0,0.0,0.8,0.86,480.1104662
0.00014,0.0,0.0,0.9,0.86,480.1194618
0.00014,0.0,0.0,1.0,0.86,480.1237249
0.0001,0.0001,0.0,0.0,0.9,300.0039998
0.0001,0.0001,0.0,0.1,0.9,422.5965804
0.0001,0.0001,0.0,0.2,0.9,461.8731551
0.0001,0.0001,0.0,0.3,0.9,473.0396274
0.0001,0.0001,0.0,0.4,0.9,477.4795637
0.0001,0.0001,0.0,0.5,0.9,479.3693605
0.0001,0.0001,0.0,0.6,0.9,479.979569
0.0001,0.0001,0.0,0.7,0.9,480.0885786
0.0001,0.0001,0.0,0.8,0.9,480.0836209
0.0001,0.0001,0.0,0.9,0.9,480.0926152
0.0001,0.0001,0.0,1.0,0.9,480.0968777
0.0001,0.0001,1e-05,0.0,0.9,300.0039998
0.0001,0.0001,1e-05,0.1,0.9,422.5965804
0.0001,0.0001,1e-05,0.2,0.9,461.8731551
0.0001,0.0001,1e-05,0.3,0.9,473.0396273
0.0001,0.0001,1e-05,0.4,0.9,477.4795637
0.0001,0.0001,1e-05,0.5,0.9,479.3693605
0.0001,0.0001,1e-05,0.6,0.9,479.979569
0.0001,0.0001,1e-05,0.7,0.9,480.0885786
0.0001,0.0001,1e-05,0.8,0.9,480.0836209
0.0001,0.0001,1e-05,0.9,0.9,480.0926152
0.0001,0.0001,1e-05,1.0,0.9,480.0968777
0.00011,8.27e-05,1e-05,0.0,0.89,300.0039999
0.00011,8.27e-05,1e-05,0.1,0.89,422.6100777
0.00011,8.27e-05,1e-05,0.2,0.89,461.8910158
0.00011,8.27e-05,1e-05,0.3,0.89,473.0587283
0.00011,8.27e-05,1e-05,0.4,0.89,477.4991582
0.00011,8.27e-05,1e-05,0.5,0.89,479.389165
0.00011,8.27e-05,1e-05,0.6,0.89,479.9994413
0.00011,8.27e-05,1e-05,0.7,0.89,480.108463
0.00011,8.27e-05,1e-05,0.8,0.89,480.1035048
0.00011,8.27e-05,1e-05,0.9,0.89,480.1125001
0.00011,8.27e-05,1e-05,1.0,0.89,480.1167631
0.00011,8.27e-05,0.0,0.0,0.89,300.0039999
0.00011,8.27e-05,0.0,0.1,0.89,422.6100777
0.00011,8.27e-05,0.0,0.2,0.89,461.8910158
0.00011,8.27e-05,0.0,0.3,0.89,473.0587283
0.00011,8.27e-05,0.0,0.4,0.89,477.4991583
0.00011,8.27e-05,0.0,0.5,0.89,479.389165
0.00011,8.27e-05,0.0,0.6,0.89,479.9994413
0.00011,8.27e-05,0.0,0.7,0.89,480.108463
0.00011,8.27e-05,0.0,0.8,0.89,480.1035048
0.00011,8.27e-05,0.0,0.9,0.89,480.1125001
0.00011,8.27e-05,0.0,1.0,0.89,480.1167631
0.00012,6.69e-05,1e-05,0.0,0.88,300.0039999
0.00012,6.69e-05,1e-05,0.1,0.88,422.6194571
0.00012,6.69e-05,1e-05,0.2,0.88,461.9034418
0.00012,6.69e-05,1e-05,0.3,0.88,473.0720199
0.00012,6.69e-05,1e-05,0.4,0.88,477.5127947
0.00012,6.69e-05,1e-05,0.5,0.88,479.4029481
0.00012,6.69e-05,1e-05,0.6,0.88,480.0132718
0.00012,6.69e-05,1e-05,0.7,0.88,480.1223018
0.00012,6.69e-05,1e-05,0.8,0.88,480.1173432
0.00012,6.69e-05,1e-05,0.9,0.88,480.1263392
0.00012,6.69e-05,1e-05,1.0,0.88,480.1306026
0.00012,6.69e-05,0.0,0.0,0.88,300.0039999
0.00012,6.69e-05,0.0,0.1,0.88,422.6194571
0.00012,6.69e-05,0.0,0.2,0.88,461.9034418
0.00012,6.69e-05,0.0,0.3,0.88,473.07202
0.00012,6.69e-05,0.0,0.4,0.88,477.5127947
0.00012,6.69e-05,0.0,0.5,0.88,479.4029481
0.00012,6.69e-05,0.0,0.6,0.88,480.0132718
0.00012,6.69e-05,0.0,0.7,0.88,480.1223018
0.00012,6.69e-05,0.0,0.8,0.88,480.1173433
0.00012,6.69e-05,0.0,0.9,0.88,480.1263392
0.00012,6.69e-05,0.0,1.0,0.88,480.1306026
0.00013,5.1e-05,0.0,0.0,0.870000439,300.0039999
0.00013,5.1e-05,0.0,0.1,0.870000439,422.6256697
0.00013,5.1e-05,0.0,0.2,0.870000439,461.9116878
0.00013,5.1e-05,0.0,0.3,0.870000439,473.0808437
0.00013,5.1e-05,0.0,0.4,0.870000439,477.5218487
0.00013,5.1e-05,0.0,0.5,0.870000439,479.4120999
0.00013,5.1e-05,0.0,0.6,0.870000439,480.0224553
0.00013,5.1e-05,0.0,0.7,0.870000439,480.1314909
0.00013,5.1e-05,0.0,0.8,0.870000439,480.1265321
0.00013,5.1e-05,0.0,0.9,0.870000439,480.1355285
0.00013,5.1e-05,0.0,1.0,0.870000439,480.1397921
0.00013,5.1e-05,1e-05,0.0,0.870000432,300.0039999
0.00013,5.1e-05,1e-05,0.1,0.870000432,422.6256698
0.00013,5.1e-05,1e-05,0.2,0.870000432,461.9116878
0.00013,5.1e-05,1e-05,0.3,0.870000432,473.0808437
0.00013,5.1e-05,1e-05,0.4,0.870000432,477.5218487
0.00013,5.1e-05,1e-05,0.5,0.870000432,479.4121
0.00013,5.1e-05,1e-05,0.6,0.870000432,480.0224553
0.00013,5.1e-05,1e-05,0.7,0.870000432,480.1314909
0.00013,5.1e-05,1e-05,0.8,0.870000432,480.1265322
0.00013,5.1e-05,1e-05,0.9,0.870000432,480.1355286
0.00013,5.1e-05,1e-05,1.0,0.870000432,480.1397921
0.00014,3.44e-05,5e-06,0.0,0.860000073,300.004
0.00014,3.44e-05,5e-06,0.1,0.860000073,422.6300478
0.00014,3.44e-05,5e-06,0.2,0.860000073,461.9175125
0.00014,3.44e-05,5e-06,0.3,0.860000073,473.0870793
0.00014,3.44e-05,5e-06,0.4,0.860000073,477.5282483
0.00014,3.44e-05,5e-06,0.5,0.860000073,479.4185691
0.00014,3.44e-05,5e-06,0.6,0.860000073,480.028947
0.00014,3.44e-05,5e-06,0.7,0.860000073,480.1379865
0.00014,3.44e-05,5e-06,0.8,0.860000073,480.1330277
0.00014,3.44e-05,5e-06,0.9,0.860000073,480.1420244
0.00014,3.44e-05,5e-06,1.0,0.860000073,480.1462881
0.00014,3.46e-05,0.0,0.0,0.86,300.0039999
0.00014,3.46e-05,0.0,0.1,0.86,422.6285664
0.00014,3.46e-05,0.0,0.2,0.86,461.9155566
0.00014,3.46e-05,0.0,0.3,0.86,473.0849884
0.00014,3.46e-05,0.0,0.4,0.86,477.5261038
0.00014,3.46e-05,0.0,0.5,0.86,479.4164018
0.00014,3.46e-05,0.0,0.6,0.86,480.0267723
0.00014,3.46e-05,0.0,0.7,0.86,480.1358105
0.00014,3.46e-05,0.0,0.8,0.86,480.1308517
0.00014,3.46e-05,0.0,0.9,0.86,480.1398483
0.00014,3.46e-05,0.0,1.0,0.86,480.144112
0.00014,3.46e-05,1e-05,0.0,0.86,300.0039999
0.00014,3.46e-05,1e-05,0.1,0.86,422.6285664
0.00014,3.46e-05,1e-05,0.2,0.86,461.9155566
0.00014,3.46e-05,1e-05,0.3,0.86,473.0849884
0.00014,3.46e-05,1e-05,0.4,0.86,477.5261038
0.00014,3.46e-05,1e-05,0.5,0.86,479.4164018
0.00014,3.46e-05,1e-05,0.6,0.86,480.0267723
0.00014,3.46e-05,1e-05,0.7,0.86,480.1358105
0.00014,3.46e-05,1e-05,0.8,0.86,480.1308517
0.00014,3.46e-05,1e-05,0.9,0.86,480.1398483
0.00014,3.46e-05,1e-05,1.0,0.86,480.144112
0.00015,1.73e-05,1e-05,0.0,0.85,300.0039999
0.00015,1.73e-05,1e-05,0.1,0.85,422.6276762
0.00015,1.73e-05,1e-05,0.2,0.85,461.9144261
0.00015,1.73e-05,1e-05,0.3,0.85,473.0837892
0.00015,1.73e-05,1e-05,0.4,0.85,477.5248778
0.00015,1.73e-05,1e-05,0.5,0.85,479.4151644
0.00015,1.73e-05,1e-05,0.6,0.85,480.0255312
0.00015,1.73e-05,1e-05,0.7,0.85,480.1345686
0.00015,1.73e-05,1e-05,0.8,0.85,480.1296099
0.00015,1.73e-05,1e-05,0.9,0.85,480.1386064
0.00015,1.73e-05,1e-05,1.0,0.85,480.1428701
0.00015,1.73e-05,0.0,0.0,0.85,300.0039999
0.00015,1.73e-05,0.0,0.1,0.85,422.6276762
0.00015,1.73e-05,0.0,0.2,0.85,461.9144262
0.00015,1.73e-05,0.0,0.3,0.85,473.0837892
0.00015,1.73e-05,0.0,0.4,0.85,477.5248779
0.00015,1.73e-05,0.0,0.5,0.85,479.4151644
0.00015,1.73e-05,0.0,0.6,0.85,480.0255312
0.00015,1.73e-05,0.0,0.7,0.85,480.1345687
0.00015,1.73e-05,0.0,0.8,0.85,480.12961
0.00015,1.73e-05,0.0,0.9,0.85,480.1386065
0.00015,1.73e-05,0.0,1.0,0.85,480.1428701
0.00016,0.0,1e-05,0.0,0.84,300.0039998
0.00016,0.0,1e-05,0.1,0.84,422.6229798
0.00016,0.0,1e-05,0.2,0.84,461.9082716
0.00016,0.0,1e-05,0.3,0.84,473.0772197
0.00016,0.0,1e-05,0.4,0.84,477.5181439
0.00016,0.0,1e-05,0.5,0.84,479.4083603
0.00016,0.0,1e-05,0.6,0.84,480.0187045
0.00016,0.0,1e-05,0.7,0.84,480.1277379
0.00016,0.0,1e-05,0.8,0.84,480.1227794
0.00016,0.0,1e-05,0.9,0.84,480.1317756
0.00016,0.0,1e-05,1.0,0.84,480.136039
0.00016,0.0,0.0,0.0,0.84,300.0039998
0.00016,0.0,0.0,0.1,0.84,422.6229798
0.00016,0.0,0.0,0.2,0.84,461.9082716
0.00016,0.0,0.0,0.3,0.84,473.0772197
0.00016,0.0,0.0,0.4,0.84,477.5181439
0.00016,0.0,0.0,0.5,0.84,479.4083604
0.00016,0.0,0.0,0.6,0.84,480.0187045
0.00016,0.0,0.0,0.7,0.84,480.1277379
0.00016,0.0,0.0,0.8,0.84,480.1227794
0.00016,0.0,0.0,0.9,0.84,480.1317756
0.00016,0.0,0.0,1.0,0.84,480.136039
0.00012,0.0001,0.0,0.0,0.88,300.0039998
0.00012,0.0001,0.0,0.1,0.88,422.6058919
0.00012,0.0001,0.0,0.2,0.88,461.8855293
0.00012,0.0001,0.0,0.3,0.88,473.0528716
0.00012,0.0001,0.0,0.4,0.88,477.4931549
0.00012,0.0001,0.0,0.5,0.88,479.3830991
0.00012,0.0001,0.0,0.6,0.88,479.9933553
0.00012,0.0001,0.0,0.7,0.88,480.1023732
0.00012,0.0001,0.0,0.8,0.88,480.0974152
0.00012,0.0001,0.0,0.9,0.88,480.1064102
0.00012,0.0001,0.0,1.0,0.88,480.1106731
0.00012,0.0001,1e-05,0.0,0.88,300.0039998
0.00012,0.0001,1e-05,0.1,0.88,422.605892
0.00012,0.0001,1e-05,0.2,0.88,461.8855294
0.00012,0.0001,1e-05,0.3,0.88,473.0528716
0.00012,0.0001,1e-05,0.4,0.88,477.4931549
0.00012,0.0001,1e-05,0.5,0.88,479.3830991
0.00012,0.0001,1e-05,0.6,0.88,479.9933553
0.00012,0.0001,1e-05,0.7,0.88,480.1023733
0.00012,0.0001,1e-05,0.8,0.88,480.0974153
0.00012,0.0001,1e-05,0.9,0.88,480.1064102
0.00012,0.0001,1e-05,1.0,0.88,480.1106731
0.00013,8.27e-05,1e-05,0.0,0.87,300.0039999
0.00013,8.27e-05,1e-05,0.1,0.87,422.6191323
0.00013,8.27e-05,1e-05,0.2,0.87,461.9030549
0.00013,8.27e-05,1e-05,0.3,0.87,473.071615
0.00013,8.27e-05,1e-05,0.4,0.87,477.5123831
0.00013,8.27e-05,1e-05,0.5,0.87,479.4025336
0.00013,8.27e-05,1e-05,0.6,0.87,480.0128563
0.00013,8.27e-05,1e-05,0.7,0.87,480.1218861
0.00013,8.27e-05,1e-05,0.8,0.87,480.1169276
0.00013,8.27e-05,1e-05,0.9,0.87,480.1259236
0.00013,8.27e-05,1e-05,1.0,0.87,480.1301869
0.00013,8.27e-05,0.0,0.0,0.87,300.0039999
0.00013,8.27e-05,0.0,0.1,0.87,422.6191324
0.00013,8.27e-05,0.0,0.2,0.87,461.9030549
0.00013,8.27e-05,0.0,0.3,0.87,473.071615
0.00013,8.27e-05,0.0,0.4,0.87,477.5123831
0.00013,8.27e-05,0.0,0.5,0.87,479.4025335
0.00013,8.27e-05,0.0,0.6,0.87,480.0128563
0.00013,8.27e-05,0.0,0.7,0.87,480.1218861
0.00013,8.27e-05,0.0,0.8,0.87,480.1169276
0.00013,8.27e-05,0.0,0.9,0.87,480.1259236
0.00013,8.27e-05,0.0,1.0,0.87,480.1301869
0.00014,6.69e-05,1e-05,0.0,0.86,300.0039999
0.00014,6.69e-05,1e-05,0.1,0.86,422.628256
0.00014,6.69e-05,1e-05,0.2,0.86,461.9151467
0.00014,6.69e-05,1e-05,0.3,0.86,473.0845502
0.00014,6.69e-05,1e-05,0.4,0.86,477.5256543
0.00014,6.69e-05,1e-05,0.5,0.86,479.4159475
0.00014,6.69e-05,1e-05,0.6,0.86,480.0263165
0.00014,6.69e-05,1e-05,0.7,0.86,480.1353544
0.00014,6.69e-05,1e-05,0.8,0.86,480.1303956
0.00014,6.69e-05,1e-05,0.9,0.86,480.1393922
0.00014,6.69e-05,1e-05,1.0,0.86,480.1436559
0.00014,6.69e-05,0.0,0.0,0.86,300.0039999
0.00014,6.69e-05,0.0,0.1,0.86,422.628256
0.00014,6.69e-05,0.0,0.2,0.86,461.9151467
0.00014,6.69e-05,0.0,0.3,0.86,473.0845502
0.00014,6.69e-05,0.0,0.4,0.86,477.5256543
0.00014,6.69e-05,0.0,0.5,0.86,479.4159475
0.00014,6.69e-05,0.0,0.6,0.86,480.0263165
0.00014,6.69e-05,0.0,0.7,0.86,480.1353544
0.00014,6.69e-05,0.0,0.8,0.86,480.1303956
0.00014,6.69e-05,0.0,0.9,0.86,480.1393922
0.00014,6.69e-05,0.0,1.0,0.86,480.1436558
0.00015,5.1e-05,0.0,0.0,0.850000073,300.0039999
0.00015,5.1e-05,0.0,0.1,0.850000073,422.6342141
0.00015,5.1e-05,0.0,0.2,0.850000073,461.9230597
0.00015,5.1e-05,0.0,0.3,0.850000073,473.0930186
0.00015,5.1e-05,0.0,0.4,0.850000073,477.5343441
0.00015,5.1e-05,0.0,0.5,0.850000073,479.4247315
0.00015,5.1e-05,0.0,0.6,0.850000073,480.0351308
0.00015,5.1e-05,0.0,0.7,0.850000073,480.1441741
0.00015,5.1e-05,0.0,0.8,0.850000073,480.1392152
0.00015,5.1e-05,0.0,0.9,0.850000073,480.1482122
0.00015,5.1e-05,0.0,1.0,0.850000073,480.152476
0.00015,5.1e-05,1e-05,0.0,0.850000072,300.0039999
0.00015,5.1e-05,1e-05,0.1,0.850000072,422.6342141
0.00015,5.1e-05,1e-05,0.2,0.850000072,461.9230597
0.00015,5.1e-05,1e-05,0.3,0.850000072,473.0930186
0.00015,5.1e-05,1e-05,0.4,0.850000072,477.5343441
0.00015,5.1e-05,1e-05,0.5,0.850000072,479.4247315
0.00015,5.1e-05,1e-05,0.6,0.850000072,480.0351308
0.00015,5.1e-05,1e-05,0.7,0.850000072,480.1441741
0.00015,5.1e-05,1e-05,0.8,0.850000072,480.1392152
0.00015,5.1e-05,1e-05,0.9,0.850000072,480.1482122
0.00015,5.1e-05,1e-05,1.0,0.850000072,480.152476
0.00016,3.46e-05,0.0,0.0,0.84,300.0039999
0.00016,3.46e-05,0.0,0.1,0.84,422.6368574
0.00016,3.46e-05,0.0,0.2,0.84,461.9265966
0.00016,3.46e-05,0.0,0.3,0.84,473.096809
0.00016,3.46e-05,0.0,0.4,0.84,477.538236
0.00016,3.46e-05,0.0,0.5,0.84,479.4286664
0.00016,3.46e-05,0.0,0.6,0.84,480.0390797
0.00016,3.46e-05,0.0,0.7,0.84,480.1481254
0.00016,3.46e-05,0.0,0.8,0.84,480.1431664
0.00016,3.46e-05,0.0,0.9,0.84,480.1521635
0.00016,3.46e-05,0.0,1.0,0.84,480.1564275
0.00016,3.46e-05,1e-05,0.0,0.84,300.0039999
0.00016,3.46e-05,1e-05,0.1,0.84,422.6368574
0.00016,3.46e-05,1e-05,0.2,0.84,461.9265966
0.00016,3.46e-05,1e-05,0.3,0.84,473.096809
0.00016,3.46e-05,1e-05,0.4,0.84,477.538236
0.00016,3.46e-05,1e-05,0.5,0.84,479.4286664
0.00016,3.46e-05,1e-05,0.6,0.84,480.0390797
0.00016,3.46e-05,1e-05,0.7,0.84,480.1481254
0.00016,3.46e-05,1e-05,0.8,0.84,480.1431664
0.00016,3.46e-05,1e-05,0.9,0.84,480.1521635
0.00016,3.46e-05,1e-05,1.0,0.84,480.1564275
0.00017,1.73e-05,1e-05,0.0,0.83,300.0039999
0.00017,1.73e-05,1e-05,0.1,0.83,422.6357149
0.00017,1.73e-05,1e-05,0.2,0.83,461.9251352
0.00017,1.73e-05,1e-05,0.3,0.83,473.0952565
0.00017,1.73e-05,1e-05,0.4,0.83,477.536648
0.00017,1.73e-05,1e-05,0.5,0.83,479.4270631
0.00017,1.73e-05,1e-05,0.6,0.83,480.0374714
0.00017,1.73e-05,1e-05,0.7,0.83,480.1465162
0.00017,1.73e-05,1e-05,0.8,0.83,480.1415573
0.00017,1.73e-05,1e-05,0.9,0.83,480.1505543
0.00017,1.73e-05,1e-05,1.0,0.83,480.1548182
0.00017,1.73e-05,0.0,0.0,0.83,300.0039999
0.00017,1.73e-05,0.0,0.1,0.83,422.6357149
0.00017,1.73e-05,0.0,0.2,0.83,461.9251352
0.00017,1.73e-05,0.0,0.3,0.83,473.0952565
0.00017,1.73e-05,0.0,0.4,0.83,477.536648
0.00017,1.73e-05,0.0,0.5,0.83,479.4270631
0.00017,1.73e-05,0.0,0.6,0.83,480.0374714
0.00017,1.73e-05,0.0,0.7,0.83,480.1465162
0.00017,1.73e-05,0.0,0.8,0.83,480.1415573
0.00017,1.73e-05,0.0,0.9,0.83,480.1505543
0.00017,1.73e-05,0.0,1.0,0.83,480.1548182
0.00018,0.0,1e-05,0.0,0.82,300.0039998
0.00018,0.0,1e-05,0.1,0.82,422.6307673
0.00018,0.0,1e-05,0.2,0.82,461.9186508
0.00018,0.0,1e-05,0.3,0.82,473.0883347
0.00018,0.0,1e-05,0.4,0.82,477.5295529
0.00018,0.0,1e-05,0.5,0.82,479.4198941
0.00018,0.0,1e-05,0.6,0.82,480.0302786
0.00018,0.0,1e-05,0.7,0.82,480.139319
0.00018,0.0,1e-05,0.8,0.82,480.1343604
0.00018,0.0,1e-05,0.9,0.82,480.143357
0.00018,0.0,1e-05,1.0,0.82,480.1476208
0.00018,0.0,0.0,0.0,0.82,300.0039998
0.00018,0.0,0.0,0.1,0.82,422.6307673
0.00018,0.0,0.0,0.2,0.82,461.9186508
0.00018,0.0,0.0,0.3,0.82,473.0883347
0.00018,0.0,0.0,0.4,0.82,477.5295529
0.00018,0.0,0.0,0.5,0.82,479.4198941
0.00018,0.0,0.0,0.6,0.82,480.0302787
0.00018,0.0,0.0,0.7,0.82,480.1393191
0.00018,0.0,0.0,0.8,0.82,480.1343604
0.00018,0.0,0.0,0.9,0.82,480.1433571
0.00018,0.0,0.0,1.0,0.82,480.1476208
0.00014,0.0001,0.0,0.0,0.86,300.0039998
0.00014,0.0001,0.0,0.1,0.86,422.6146899
0.00014,0.0001,0.0,0.2,0.86,461.897233
0.00014,0.0001,0.0,0.3,0.86,473.0654005
0.00014,0.0001,0.0,0.4,0.86,477.5060131
0.00014,0.0001,0.0,0.5,0.86,479.3960972
0.00014,0.0001,0.0,0.6,0.86,480.0063986
0.00014,0.0001,0.0,0.7,0.86,480.1154245
0.00014,0.0001,0.0,0.8,0.86,480.1104662
0.00014,0.0001,0.0,0.9,0.86,480.1194618
0.00014,0.0001,0.0,1.0,0.86,480.123725
0.00014,9.31e-05,5e-06,0.0,0.86,300.0039999
0.00014,9.31e-05,5e-06,0.1,0.86,422.6201755
0.00014,9.31e-05,5e-06,0.2,0.86,461.9044761
0.00014,9.31e-05,5e-06,0.3,0.86,473.0731433
0.00014,9.31e-05,5e-06,0.4,0.86,477.5139546
0.00014,9.31e-05,5e-06,0.5,0.86,479.4041233
0.00014,9.31e-05,5e-06,0.6,0.86,480.014452
0.00014,9.31e-05,5e-06,0.7,0.86,480.1234827
0.00014,9.31e-05,5e-06,0.8,0.86,480.1185243
0.00014,9.31e-05,5e-06,0.9,0.86,480.1275203
0.00014,9.31e-05,5e-06,1.0,0.86,480.1317836
0.00014,0.0001,1e-05,0.0,0.86,300.0039998
0.00014,0.0001,1e-05,0.1,0.86,422.6146899
0.00014,0.0001,1e-05,0.2,0.86,461.897233
0.00014,0.0001,1e-05,0.3,0.86,473.0654005
0.00014,0.0001,1e-05,0.4,0.86,477.5060131
0.00014,0.0001,1e-05,0.5,0.86,479.3960972
0.00014,0.0001,1e-05,0.6,0.86,480.0063986
0.00014,0.0001,1e-05,0.7,0.86,480.1154244
0.00014,0.0001,1e-05,0.8,0.86,480.1104662
0.00014,0.0001,1e-05,0.9,0.86,480.1194618
0.00014,0.0001,1e-05,1.0,0.86,480.123725
0.00015,8.27e-05,1e-05,0.0,0.85,300.0039999
0.00015,8.27e-05,1e-05,0.1,0.85,422.6276762
0.00015,8.27e-05,1e-05,0.2,0.85,461.9144261
0.00015,8.27e-05,1e-05,0.3,0.85,473.0837892
0.00015,8.27e-05,1e-05,0.4,0.85,477.5248778
0.00015,8.27e-05,1e-05,0.5,0.85,479.4151644
0.00015,8.27e-05,1e-05,0.6,0.85,480.0255312
0.00015,8.27e-05,1e-05,0.7,0.85,480.1345686
0.00015,8.27e-05,1e-05,0.8,0.85,480.1296099
0.00015,8.27e-05,1e-05,0.9,0.85,480.1386064
0.00015,8.27e-05,1e-05,1.0,0.85,480.1428701
0.00015,8.27e-05,0.0,0.0,0.85,300.0039999
0.00015,8.27e-05,0.0,0.1,0.85,422.6276762
0.00015,8.27e-05,0.0,0.2,0.85,461.9144261
0.00015,8.27e-05,0.0,0.3,0.85,473.0837892
0.00015,8.27e-05,0.0,0.4,0.85,477.5248778
0.00015,8.27e-05,0.0,0.5,0.85,479.4151644
0.00015,8.27e-05,0.0,0.6,0.85,480.0255312
0.00015,8.27e-05,0.0,0.7,0.85,480.1345686
0.00015,8.27e-05,0.0,0.8,0.85,480.1296099
0.00015,8.27e-05,0.0,0.9,0.85,480.1386064
0.00015,8.27e-05,0.0,1.0,0.85,480.1428701
0.00016,6.69e-05,1e-05,0.0,0.84,300.0039999
0.00016,6.69e-05,1e-05,0.1,0.84,422.6365469
0.00016,6.69e-05,1e-05,0.2,0.84,461.9261866
0.00016,6.69e-05,1e-05,0.3,0.84,473.0963707
0.00016,6.69e-05,1e-05,0.4,0.84,477.5377865
0.00016,6.69e-05,1e-05,0.5,0.84,479.4282121
0.00016,6.69e-05,1e-05,0.6,0.84,480.0386238
0.00016,6.69e-05,1e-05,0.7,0.84,480.1476692
0.00016,6.69e-05,1e-05,0.8,0.84,480.1427102
0.00016,6.69e-05,1e-05,0.9,0.84,480.1517074
0.00016,6.69e-05,1e-05,1.0,0.84,480.1559713
0.00016,6.69e-05,0.0,0.0,0.84,300.0039999
0.00016,6.69e-05,0.0,0.1,0.84,422.6365469
0.00016,6.69e-05,0.0,0.2,0.84,461.9261866
0.00016,6.69e-05,0.0,0.3,0.84,473.0963707
0.00016,6.69e-05,0.0,0.4,0.84,477.5377865
0.00016,6.69e-05,0.0,0.5,0.84,479.4282121
0.00016,6.69e-05,0.0,0.6,0.84,480.0386238
0.00016,6.69e-05,0.0,0.7,0.84,480.1476693
0.00016,6.69e-05,0.0,0.8,0.84,480.1427103
0.00016,6.69e-05,0.0,0.9,0.84,480.1517074
0.00016,6.69e-05,0.0,1.0,0.84,480.1559713
0.00017,5.1e-05,0.0,0.0,0.830000012,300.0039999
0.00017,5.1e-05,0.0,0.1,0.830000012,422.6422532
0.00017,5.1e-05,0.0,0.2,0.830000012,461.9337693
0.00017,5.1e-05,0.0,0.3,0.830000012,473.1044865
0.00017,5.1e-05,0.0,0.4,0.830000012,477.5461149
0.00017,5.1e-05,0.0,0.5,0.830000012,479.4366308
0.00017,5.1e-05,0.0,0.6,0.830000012,480.0470717
0.00017,5.1e-05,0.0,0.7,0.830000012,480.1561223
0.00017,5.1e-05,0.0,0.8,0.830000012,480.1511631
0.00017,5.1e-05,0.0,0.9,0.830000012,480.1601606
0.00017,5.1e-05,0.0,1.0,0.830000012,480.1644248
0.00017,5.1e-05,1e-05,0.0,0.830000012,300.0039999
0.00017,5.1e-05,1e-05,0.1,0.830000012,422.6422532
0.00017,5.1e-05,1e-05,0.2,0.830000012,461.9337693
0.00017,5.1e-05,1e-05,0.3,0.830000012,473.1044865
0.00017,5.1e-05,1e-05,0.4,0.830000012,477.5461149
0.00017,5.1e-05,1e-05,0.5,0.830000012,479.4366308
0.00017,5.1e-05,1e-05,0.6,0.830000012,480.0470717
0.00017,5.1e-05,1e-05,0.7,0.830000012,480.1561223
0.00017,5.1e-05,1e-05,0.8,0.830000012,480.1511631
0.00017,5.1e-05,1e-05,0.9,0.830000012,480.1601606
0.00017,5.1e-05,1e-05,1.0,0.830000012,480.1644248
0.00018,3.44e-05,5e-06,0.0,0.820000002,300.004
0.00018,3.44e-05,5e-06,0.1,0.820000002,422.6461277
0.00018,3.44e-05,5e-06,0.2,0.820000002,461.9389337
0.00018,3.44e-05,5e-06,0.3,0.820000002,473.110017
0.00018,3.44e-05,5e-06,0.4,0.820000002,477.5517917
0.00018,3.44e-05,5e-06,0.5,0.820000002,479.4423697
0.00018,3.44e-05,5e-06,0.6,0.820000002,480.0528307
0.00018,3.44e-05,5e-06,0.7,0.820000002,480.1618848
0.00018,3.44e-05,5e-06,0.8,0.820000002,480.1569255
0.00018,3.44e-05,5e-06,0.9,0.820000002,480.1659233
0.00018,3.44e-05,5e-06,1.0,0.820000002,480.1701876
0.00018,3.46e-05,0.0,0.0,0.82,300.0039999
0.00018,3.46e-05,0.0,0.1,0.82,422.6446457
0.00018,3.46e-05,0.0,0.2,0.82,461.9369769
0.00018,3.46e-05,0.0,0.3,0.82,473.1079253
0.00018,3.46e-05,0.0,0.4,0.82,477.5496463
0.00018,3.46e-05,0.0,0.5,0.82,479.4402015
0.00018,3.46e-05,0.0,0.6,0.82,480.0506551
0.00018,3.46e-05,0.0,0.7,0.82,480.1597078
0.00018,3.46e-05,0.0,0.8,0.82,480.1547487
0.00018,3.46e-05,0.0,0.9,0.82,480.1637463
0.00018,3.46e-05,0.0,1.0,0.82,480.1680105
0.00018,3.46e-05,1e-05,0.0,0.82,300.0039999
0.00018,3.46e-05,1e-05,0.1,0.82,422.6446457
0.00018,3.46e-05,1e-05,0.2,0.82,461.9369769
0.00018,3.46e-05,1e-05,0.3,0.82,473.1079253
0.00018,3.46e-05,1e-05,0.4,0.82,477.5496463
0.00018,3.46e-05,1e-05,0.5,0.82,479.4402015
0.00018,3.46e-05,1e-05,0.6,0.82,480.0506551
0.00018,3.46e-05,1e-05,0.7,0.82,480.1597079
0.00018,3.46e-05,1e-05,0.8,0.82,480.1547487
0.00018,3.46e-05,1e-05,0.9,0.82,480.1637463
0.00018,3.46e-05,1e-05,1.0,0.82,480.1680105
0.00019,1.73e-05,0.0,0.0,0.81,300.0039999
0.00019,1.73e-05,0.0,0.1,0.81,422.6432536
0.00019,1.73e-05,0.0,0.2,0.81,461.9351873
0.00019,1.73e-05,0.0,0.3,0.81,473.1060222
0.00019,1.73e-05,0.0,0.4,0.81,477.5476987
0.00019,1.73e-05,0.0,0.5,0.81,479.4382349
0.00019,1.73e-05,0.0,0.6,0.81,480.0486824
0.00019,1.73e-05,0.0,0.7,0.81,480.1577339
0.00019,1.73e-05,0.0,0.8,0.81,480.1527748
0.00019,1.73e-05,0.0,0.9,0.81,480.1617724
0.00019,1.73e-05,0.0,1.0,0.81,480.1660365
0.00019,1.73e-05,1e-05,0.0,0.81,300.0039999
0.00019,1.73e-05,1e-05,0.1,0.81,422.6432536
0.00019,1.73e-05,1e-05,0.2,0.81,461.9351873
0.00019,1.73e-05,1e-05,0.3,0.81,473.1060222
0.00019,1.73e-05,1e-05,0.4,0.81,477.5476987
0.00019,1.73e-05,1e-05,0.5,0.81,479.4382349
0.00019,1.73e-05,1e-05,0.6,0.81,480.0486824
0.00019,1.73e-05,1e-05,0.7,0.81,480.1577339
0.00019,1.73e-05,1e-05,0.8,0.81,480.1527748
0.00019,1.73e-05,1e-05,0.9,0.81,480.1617724
0.00019,1.73e-05,1e-05,1.0,0.81,480.1660365
0.0002,0.0,1e-05,0.0,0.8,300.0039998
0.0002,0.0,1e-05,0.1,0.8,422.6380575
0.0002,0.0,1e-05,0.2,0.8,461.9283756
0.0002,0.0,1e-05,0.3,0.8,473.0987507
0.0002,0.0,1e-05,0.4,0.8,477.5402451
0.0002,0.0,1e-05,0.5,0.8,479.4307036
0.0002,0.0,1e-05,0.6,0.8,480.041126
0.0002,0.0,1e-05,0.7,0.8,480.150173
0.0002,0.0,1e-05,0.8,0.8,480.1452142
0.0002,0.0,1e-05,0.9,0.8,480.1542113
0.0002,0.0,1e-05,1.0,0.8,480.1584753
0.0002,0.0,0.0,0.0,0.8,300.0039998
0.0002,0.0,0.0,0.1,0.8,422.6380575
0.0002,0.0,0.0,0.2,0.8,461.9283756
0.0002,0.0,0.0,0.3,0.8,473.0987507
0.0002,0.0,0.0,0.4,0.8,477.5402452
0.0002,0.0,0.0,0.5,0.8,479.4307036
0.0002,0.0,0.0,0.6,0.8,480.041126
0.0002,0.0,0.0,0.7,0.8,480.150173
0.0002,0.0,0.0,0.8,0.8,480.1452142
0.0002,0.0,0.0,0.9,0.8,480.1542113
0.0002,0.0,0.0,1.0,0.8,480.1584753
0.00016,0.0001,0.0,0.0,0.84,300.0039998
0.00016,0.0001,0.0,0.1,0.84,422.6229798
0.00016,0.0001,0.0,0.2,0.84,461.9082716
0.00016,0.0001,0.0,0.3,0.84,473.0772197
0.00016,0.0001,0.0,0.4,0.84,477.5181439
0.00016,0.0001,0.0,0.5,0.84,479.4083604
0.00016,0.0001,0.0,0.6,0.84,480.0187045
0.00016,0.0001,0.0,0.7,0.84,480.1277379
0.00016,0.0001,0.0,0.8,0.84,480.1227794
0.00016,0.0001,0.0,0.9,0.84,480.1317756
0.00016,0.0001,0.0,1.0,0.84,480.136039
0.00016,0.0001,1e-05,0.0,0.84,300.0039998
0.00016,0.0001,1e-05,0.1,0.84,422.6229798
0.00016,0.0001,1e-05,0.2,0.84,461.9082716
0.00016,0.0001,1e-05,0.3,0.84,473.0772197
0.00016,0.0001,1e-05,0.4,0.84,477.5181439
0.00016,0.0001,1e-05,0.5,0.84,479.4083603
0.00016,0.0001,1e-05,0.6,0.84,480.0187045
0.00016,0.0001,1e-05,0.7,0.84,480.1277379
0.00016,0.0001,1e-05,0.8,0.84,480.1227794
0.00016,0.0001,1e-05,0.9,0.84,480.1317756
0.00016,0.0001,1e-05,1.0,0.84,480.136039
0.00017,8.27e-05,0.0,0.0,0.83,300.0039999
0.00017,8.27e-05,0.0,0.1,0.83,422.6357149
0.00017,8.27e-05,0.0,0.2,0.83,461.9251352
0.00017,8.27e-05,0.0,0.3,0.83,473.0952565
0.00017,8.27e-05,0.0,0.4,0.83,477.536648
0.00017,8.27e-05,0.0,0.5,0.83,479.4270631
0.00017,8.27e-05,0.0,0.6,0.83,480.0374714
0.00017,8.27e-05,0.0,0.7,0.83,480.1465162
0.00017,8.27e-05,0.0,0.8,0.83,480.1415573
0.00017,8.27e-05,0.0,0.9,0.83,480.1505543
0.00017,8.27e-05,0.0,1.0,0.83,480.1548182
0.00017,8.27e-05,1e-05,0.0,0.83,300.0039999
0.00017,8.27e-05,1e-05,0.1,0.83,422.6357148
0.00017,8.27e-05,1e-05,0.2,0.83,461.9251352
0.00017,8.27e-05,1e-05,0.3,0.83,473.0952565
0.00017,8.27e-05,1e-05,0.4,0.83,477.536648
0.00017,8.27e-05,1e-05,0.5,0.83,479.4270631
0.00017,8.27e-05,1e-05,0.6,0.83,480.0374714
0.00017,8.27e-05,1e-05,0.7,0.83,480.1465162
0.00017,8.27e-05,1e-05,0.8,0.83,480.1415573
0.00017,8.27e-05,1e-05,0.9,0.83,480.1505543
0.00017,8.27e-05,1e-05,1.0,0.83,480.1548182
0.00018,6.69e-05,1e-05,0.0,0.82,300.0039999
0.00018,6.69e-05,1e-05,0.1,0.82,422.6443353
0.00018,6.69e-05,1e-05,0.2,0.82,461.9365669
0.00018,6.69e-05,1e-05,0.3,0.82,473.107487
0.00018,6.69e-05,1e-05,0.4,0.82,477.5491967
0.00018,6.69e-05,1e-05,0.5,0.82,479.4397472
0.00018,6.69e-05,1e-05,0.6,0.82,480.0501992
0.00018,6.69e-05,1e-05,0.7,0.82,480.1592517
0.00018,6.69e-05,1e-05,0.8,0.82,480.1542925
0.00018,6.69e-05,1e-05,0.9,0.82,480.1632901
0.00018,6.69e-05,1e-05,1.0,0.82,480.1675544
0.00018,6.69e-05,0.0,0.0,0.82,300.0039999
0.00018,6.69e-05,0.0,0.1,0.82,422.6443353
0.00018,6.69e-05,0.0,0.2,0.82,461.9365669
0.00018,6.69e-05,0.0,0.3,0.82,473.107487
0.00018,6.69e-05,0.0,0.4,0.82,477.5491967
0.00018,6.69e-05,0.0,0.5,0.82,479.4397472
0.00018,6.69e-05,0.0,0.6,0.82,480.0501992
0.00018,6.69e-05,0.0,0.7,0.82,480.1592517
0.00018,6.69e-05,0.0,0.8,0.82,480.1542925
0.00018,6.69e-05,0.0,0.9,0.82,480.1632901
0.00018,6.69e-05,0.0,1.0,0.82,480.1675544
0.00019,5.1e-05,0.0,0.0,0.810000002,300.0039999
0.00019,5.1e-05,0.0,0.1,0.810000002,422.6497923
0.00019,5.1e-05,0.0,0.2,0.810000002,461.943822
0.00019,5.1e-05,0.0,0.3,0.810000002,473.1152527
0.00019,5.1e-05,0.0,0.4,0.810000002,477.5571662
0.00019,5.1e-05,0.0,0.5,0.810000002,479.4478032
0.00019,5.1e-05,0.0,0.6,0.810000002,480.0582833
0.00019,5.1e-05,0.0,0.7,0.810000002,480.1673406
0.00019,5.1e-05,0.0,0.8,0.810000002,480.1623813
0.00019,5.1e-05,0.0,0.9,0.810000002,480.1713793
0.00019,5.1e-05,0.0,1.0,0.810000002,480.1756437
0.00019,5.1e-05,1e-05,0.0,0.810000002,300.0039999
0.00019,5.1e-05,1e-05,0.1,0.810000002,422.6497923
0.00019,5.1e-05,1e-05,0.2,0.810000002,461.943822
0.00019,5.1e-05,1e-05,0.3,0.810000002,473.1152527
0.00019,5.1e-05,1e-05,0.4,0.810000002,477.5571662
0.00019,5.1e-05,1e-05,0.5,0.810000002,479.4478032
0.00019,5.1e-05,1e-05,0.6,0.810000002,480.0582833
0.00019,5.1e-05,1e-05,0.7,0.810000002,480.1673406
0.00019,5.1e-05,1e-05,0.8,0.810000002,480.1623813
0.00019,5.1e-05,1e-05,0.9,0.810000002,480.1713793
0.00019,5.1e-05,1e-05,1.0,0.810000002,480.1756437
0.0002,3.46e-05,0.0,0.0,0.8,300.0039999
0.0002,3.46e-05,0.0,0.1,0.8,422.6519367
0.0002,3.46e-05,0.0,0.2,0.8,461.9467028
0.0002,3.46e-05,0.0,0.3,0.8,473.1183424
0.0002,3.46e-05,0.0,0.4,0.8,477.5603397
0.0002,3.46e-05,0.0,0.5,0.8,479.4510122
0.0002,3.46e-05,0.0,0.6,0.8,480.0615037
0.0002,3.46e-05,0.0,0.7,0.8,480.170563
0.0002,3.46e-05,0.0,0.8,0.8,480.1656037
0.0002,3.46e-05,0.0,0.9,0.8,480.1746018
0.0002,3.46e-05,0.0,1.0,0.8,480.1788663
0.0002,3.46e-05,1e-05,0.0,0.8,300.0039999
0.0002,3.46e-05,1e-05,0.1,0.8,422.6519367
0.0002,3.46e-05,1e-05,0.2,0.8,461.9467028
0.0002,3.46e-05,1e-05,0.3,0.8,473.1183424
0.0002,3.46e-05,1e-05,0.4,0.8,477.5603397
0.0002,3.46e-05,1e-05,0.5,0.8,479.4510122
0.0002,3.46e-05,1e-05,0.6,0.8,480.0615037
0.0002,3.46e-05,1e-05,0.7,0.8,480.170563
0.0002,3.46e-05,1e-05,0.8,0.8,480.1656037
0.0002,3.46e-05,1e-05,0.9,0.8,480.1746018
0.0002,3.46e-05,1e-05,1.0,0.8,480.1788663
0.00021,1.73e-05,1e-05,0.0,0.79,300.0039999
0.00021,1.73e-05,1e-05,0.1,0.79,422.6502974
0.00021,1.73e-05,1e-05,0.2,0.79,461.9445874
0.00021,1.73e-05,1e-05,0.3,0.79,473.1160911
0.00021,1.73e-05,1e-05,0.4,0.79,477.5580351
0.00021,1.73e-05,1e-05,0.5,0.79,479.4486847
0.00021,1.73e-05,1e-05,0.6,0.79,480.0591689
0.00021,1.73e-05,1e-05,0.7,0.79,480.1682268
0.00021,1.73e-05,1e-05,0.8,0.79,480.1632676
0.00021,1.73e-05,1e-05,0.9,0.79,480.1722656
0.00021,1.73e-05,1e-05,1.0,0.79,480.17653
0.00021,1.73e-05,0.0,0.0,0.79,300.0039999
0.00021,1.73e-05,0.0,0.1,0.79,422.6502974
0.00021,1.73e-05,0.0,0.2,0.79,461.9445874
0.00021,1.73e-05,0.0,0.3,0.79,473.1160911
0.00021,1.73e-05,0.0,0.4,0.79,477.5580351
0.00021,1.73e-05,0.0,0.5,0.79,479.4486847
0.00021,1.73e-05,0.0,0.6,0.79,480.0591689
0.00021,1.73e-05,0.0,0.7,0.79,480.1682268
0.00021,1.73e-05,0.0,0.8,0.79,480.1632676
0.00021,1.73e-05,0.0,0.9,0.79,480.1722656
0.00021,1.73e-05,0.0,1.0,0.79,480.17653
0.00022,0.0,1e-05,0.0,0.78,300.0039998
0.00022,0.0,1e-05,0.1,0.78,422.644855
0.00022,0.0,1e-05,0.2,0.78,461.9374508
0.00022,0.0,1e-05,0.3,0.78,473.1084724
0.00022,0.0,1e-05,0.4,0.78,477.5502254
0.00022,0.0,1e-05,0.5,0.78,479.4407935
0.00022,0.0,1e-05,0.6,0.78,480.0512514
0.00022,0.0,1e-05,0.7,0.78,480.1603045
0.00022,0.0,1e-05,0.8,0.78,480.1553456
0.00022,0.0,1e-05,0.9,0.78,480.1643431
0.00022,0.0,1e-05,1.0,0.78,480.1686074
0.00022,0.0,0.0,0.0,0.78,300.0039998
0.00022,0.0,0.0,0.1,0.78,422.644855
0.00022,0.0,0.0,0.2,0.78,461.9374508
0.00022,0.0,0.0,0.3,0.78,473.1084724
0.00022,0.0,0.0,0.4,0.78,477.5502254
0.00022,0.0,0.0,0.5,0.78,479.4407935
0.00022,0.0,0.0,0.6,0.78,480.0512514
0.00022,0.0,0.0,0.7,0.78,480.1603045
0.00022,0.0,0.0,0.8,0.78,480.1553456
0.00022,0.0,0.0,0.9,0.78,480.1643431
0.00022,0.0,0.0,1.0,0.78,480.1686074
0.00018,0.0001,0.0,0.0,0.82,300.0039998
0.00018,0.0001,0.0,0.1,0.82,422.6307673
0.00018,0.0001,0.0,0.2,0.82,461.9186508
0.00018,0.0001,0.0,0.3,0.82,473.0883347
0.00018,0.0001,0.0,0.4,0.82,477.5295529
0.00018,0.0001,0.0,0.5,0.82,479.4198941
0.00018,0.0001,0.0,0.6,0.82,480.0302787
0.00018,0.0001,0.0,0.7,0.82,480.139319
0.00018,0.0001,0.0,0.8,0.82,480.1343604
0.00018,0.0001,0.0,0.9,0.82,480.143357
0.00018,0.0001,0.0,1.0,0.82,480.1476208
0.00018,0.0001,1e-05,0.0,0.82,300.0039998
0.00018,0.0001,1e-05,0.1,0.82,422.6307673
0.00018,0.0001,1e-05,0.2,0.82,461.9186508
0.00018,0.0001,1e-05,0.3,0.82,473.0883347
0.00018,0.0001,1e-05,0.4,0.82,477.5295529
0.00018,0.0001,1e-05,0.5,0.82,479.4198941
0.00018,0.0001,1e-05,0.6,0.82,480.0302787
0.00018,0.0001,1e-05,0.7,0.82,480.139319
0.00018,0.0001,1e-05,0.8,0.82,480.1343604
0.00018,0.0001,1e-05,0.9,0.82,480.143357
0.00018,0.0001,1e-05,1.0,0.82,480.1476208
0.00019,8.27e-05,0.0,0.0,0.81,300.0039999
0.00019,8.27e-05,0.0,0.1,0.81,422.6432536
0.00019,8.27e-05,0.0,0.2,0.81,461.9351873
0.00019,8.27e-05,0.0,0.3,0.81,473.1060222
0.00019,8.27e-05,0.0,0.4,0.81,477.5476987
0.00019,8.27e-05,0.0,0.5,0.81,479.4382349
0.00019,8.27e-05,0.0,0.6,0.81,480.0486824
0.00019,8.27e-05,0.0,0.7,0.81,480.1577339
0.00019,8.27e-05,0.0,0.8,0.81,480.1527748
0.00019,8.27e-05,0.0,0.9,0.81,480.1617724
0.00019,8.27e-05,0.0,1.0,0.81,480.1660365
0.00019,8.27e-05,1e-05,0.0,0.81,300.0039999
0.00019,8.27e-05,1e-05,0.1,0.81,422.6432536
0.00019,8.27e-05,1e-05,0.2,0.81,461.9351873
0.00019,8.27e-05,1e-05,0.3,0.81,473.1060222
0.00019,8.27e-05,1e-05,0.4,0.81,477.5476987
0.00019,8.27e-05,1e-05,0.5,0.81,479.4382349
0.00019,8.27e-05,1e-05,0.6,0.81,480.0486824
0.00019,8.27e-05,1e-05,0.7,0.81,480.1577339
0.00019,8.27e-05,1e-05,0.8,0.81,480.1527748
0.00019,8.27e-05,1e-05,0.9,0.81,480.1617724
0.00019,8.27e-05,1e-05,1.0,0.81,480.1660365
0.0002,6.69e-05,1e-05,0.0,0.8,300.0039999
0.0002,6.69e-05,1e-05,0.1,0.8,422.6516262
0.0002,6.69e-05,1e-05,0.2,0.8,461.9462928
0.0002,6.69e-05,1e-05,0.3,0.8,473.1179041
0.0002,6.69e-05,1e-05,0.4,0.8,477.5598901
0.0002,6.69e-05,1e-05,0.5,0.8,479.4505578
0.0002,6.69e-05,1e-05,0.6,0.8,480.0610478
0.0002,6.69e-05,1e-05,0.7,0.8,480.1701068
0.0002,6.69e-05,1e-05,0.8,0.8,480.1651475
0.0002,6.69e-05,1e-05,0.9,0.8,480.1741456
0.0002,6.69e-05,1e-05,1.0,0.8,480.1784101
0.0002,6.69e-05,0.0,0.0,0.8,300.0039999
0.0002,6.69e-05,0.0,0.1,0.8,422.6516262
0.0002,6.69e-05,0.0,0.2,0.8,461.9462928
0.0002,6.69e-05,0.0,0.3,0.8,473.1179041
0.0002,6.69e-05,0.0,0.4,0.8,477.5598901
0.0002,6.69e-05,0.0,0.5,0.8,479.4505578
0.0002,6.69e-05,0.0,0.6,0.8,480.0610478
0.0002,6.69e-05,0.0,0.7,0.8,480.1701068
0.0002,6.69e-05,0.0,0.8,0.8,480.1651475
0.0002,6.69e-05,0.0,0.9,0.8,480.1741456
0.0002,6.69e-05,0.0,1.0,0.8,480.1784101
0.00021,5.1e-05,0.0,0.0,0.79,300.0039999
0.00021,5.1e-05,0.0,0.1,0.79,422.6568365
0.00021,5.1e-05,0.0,0.2,0.79,461.9532226
0.00021,5.1e-05,0.0,0.3,0.79,473.1253222
0.00021,5.1e-05,0.0,0.4,0.79,477.5675032
0.00021,5.1e-05,0.0,0.5,0.79,479.4582536
0.00021,5.1e-05,0.0,0.6,0.79,480.0687704
0.00021,5.1e-05,0.0,0.7,0.79,480.1778341
0.00021,5.1e-05,0.0,0.8,0.79,480.1728746
0.00021,5.1e-05,0.0,0.9,0.79,480.1818731
0.00021,5.1e-05,0.0,1.0,0.79,480.1861377
0.00021,5.1e-05,1e-05,0.0,0.79,300.0039999
0.00021,5.1e-05,1e-05,0.1,0.79,422.6568365
0.00021,5.1e-05,1e-05,0.2,0.79,461.9532226
0.00021,5.1e-05,1e-05,0.3,0.79,473.1253222
0.00021,5.1e-05,1e-05,0.4,0.79,477.5675032
0.00021,5.1e-05,1e-05,0.5,0.79,479.4582536
0.00021,5.1e-05,1e-05,0.6,0.79,480.0687704
0.00021,5.1e-05,1e-05,0.7,0.79,480.1778341
0.00021,5.1e-05,1e-05,0.8,0.79,480.1728746
0.00021,5.1e-05,1e-05,0.9,0.79,480.1818731
0.00021,5.1e-05,1e-05,1.0,0.79,480.1861377
0.00022,3.46e-05,0.0,0.0,0.78,300.0039999
0.00022,3.46e-05,0.0,0.1,0.78,422.658735
0.00022,3.46e-05,0.0,0.2,0.78,461.955779
0.00022,3.46e-05,0.0,0.3,0.78,473.1280653
0.00022,3.46e-05,0.0,0.4,0.78,477.5703211
0.00022,3.46e-05,0.0,0.5,0.78,479.4611032
0.00022,3.46e-05,0.0,0.6,0.78,480.0716303
0.00022,3.46e-05,0.0,0.7,0.78,480.1806957
0.00022,3.46e-05,0.0,0.8,0.78,480.1757362
0.00022,3.46e-05,0.0,0.9,0.78,480.1847348
0.00022,3.46e-05,0.0,1.0,0.78,480.1889995
0.00022,3.46e-05,1e-05,0.0,0.78,300.0039999
0.00022,3.46e-05,1e-05,0.1,0.78,422.658735
0.00022,3.46e-05,1e-05,0.2,0.78,461.955779
0.00022,3.46e-05,1e-05,0.3,0.78,473.1280652
0.00022,3.46e-05,1e-05,0.4,0.78,477.5703211
0.00022,3.46e-05,1e-05,0.5,0.78,479.4611032
0.00022,3.46e-05,1e-05,0.6,0.78,480.0716302
0.00022,3.46e-05,1e-05,0.7,0.78,480.1806957
0.00022,3.46e-05,1e-05,0.8,0.78,480.1757362
0.00022,3.46e-05,1e-05,0.9,0.78,480.1847348
0.00022,3.46e-05,1e-05,1.0,0.78,480.1889995
0.00023,1.73e-05,1e-05,0.0,0.77,300.0039999
0.00023,1.73e-05,1e-05,0.1,0.77,422.6568508
0.00023,1.73e-05,1e-05,0.2,0.77,461.9533401
0.00023,1.73e-05,1e-05,0.3,0.77,473.1254681
0.00023,1.73e-05,1e-05,0.4,0.77,477.5676617
0.00023,1.73e-05,1e-05,0.5,0.77,479.4584172
0.00023,1.73e-05,1e-05,0.6,0.77,480.0689357
0.00023,1.73e-05,1e-05,0.7,0.77,480.1779995
0.00023,1.73e-05,1e-05,0.8,0.77,480.1730402
0.00023,1.73e-05,1e-05,0.9,0.77,480.1820386
0.00023,1.73e-05,1e-05,1.0,0.77,480.1863032
0.00023,1.73e-05,0.0,0.0,0.77,300.0039999
0.00023,1.73e-05,0.0,0.1,0.77,422.6568508
0.00023,1.73e-05,0.0,0.2,0.77,461.9533401
0.00023,1.73e-05,0.0,0.3,0.77,473.1254681
0.00023,1.73e-05,0.0,0.4,0.77,477.5676617
0.00023,1.73e-05,0.0,0.5,0.77,479.4584172
0.00023,1.73e-05,0.0,0.6,0.77,480.0689357
0.00023,1.73e-05,0.0,0.7,0.77,480.1779995
0.00023,1.73e-05,0.0,0.8,0.77,480.1730402
0.00023,1.73e-05,0.0,0.9,0.77,480.1820386
0.00023,1.73e-05,0.0,1.0,0.77,480.1863032
0.00024,0.0,1e-05,0.0,0.76,300.0039998
0.00024,0.0,1e-05,0.1,0.76,422.6511645
0.00024,0.0,1e-05,0.2,0.76,461.9458809
0.00024,0.0,1e-05,0.3,0.76,473.1175043
0.00024,0.0,1e-05,0.4,0.76,477.559498
0.00024,0.0,1e-05,0.5,0.76,479.4501683
0.00024,0.0,1e-05,0.6,0.76,480.0606593
0.00024,0.0,1e-05,0.7,0.76,480.1697181
0.00024,0.0,1e-05,0.8,0.76,480.164759
0.00024,0.0,1e-05,0.9,0.76,480.173757
0.00024,0.0,1e-05,1.0,0.76,480.1780215
0.00024,0.0,0.0,0.0,0.76,300.0039998
0.00024,0.0,0.0,0.1,0.76,422.6511645
0.00024,0.0,0.0,0.2,0.76,461.9458809
0.00024,0.0,0.0,0.3,0.76,473.1175043
0.00024,0.0,0.0,0.4,0.76,477.559498
0.00024,0.0,0.0,0.5,0.76,479.4501683
0.00024,0.0,0.0,0.6,0.76,480.0606593
0.00024,0.0,0.0,0.7,0.76,480.1697181
0.00024,0.0,0.0,0.8,0.76,480.164759
0.00024,0.0,0.0,0.9,0.76,480.173757
0.00024,0.0,0.0,1.0,0.76,480.1780214
0.0002,0.0001,0.0,0.0,0.8,300.0039998
0.0002,0.0001,0.0,0.1,0.8,422.6380575
0.0002,0.0001,0.0,0.2,0.8,461.9283756
0.0002,0.0001,0.0,0.3,0.8,473.0987507
0.0002,0.0001,0.0,0.4,0.8,477.5402451
0.0002,0.0001,0.0,0.5,0.8,479.4307036
0.0002,0.0001,0.0,0.6,0.8,480.041126
0.0002,0.0001,0.0,0.7,0.8,480.150173
0.0002,0.0001,0.0,0.8,0.8,480.1452142
0.0002,0.0001,0.0,0.9,0.8,480.1542113
0.0002,0.0001,0.0,1.0,0.8,480.1584753
0.0002,0.0001,1e-05,0.0,0.8,300.0039998
0.0002,0.0001,1e-05,0.1,0.8,422.6380575
0.0002,0.0001,1e-05,0.2,0.8,461.9283756
0.0002,0.0001,1e-05,0.3,0.8,473.0987507
0.0002,0.0001,1e-05,0.4,0.8,477.5402452
0.0002,0.0001,1e-05,0.5,0.8,479.4307036
0.0002,0.0001,1e-05,0.6,0.8,480.041126
0.0002,0.0001,1e-05,0.7,0.8,480.150173
0.0002,0.0001,1e-05,0.8,0.8,480.1452142
0.0002,0.0001,1e-05,0.9,0.8,480.1542113
0.0002,0.0001,1e-05,1.0,0.8,480.1584753
0.00021,8.31e-05,5e-06,0.0,0.79,300.0039999
0.00021,8.31e-05,5e-06,0.1,0.79,422.6516496
0.00021,8.31e-05,5e-06,0.2,0.79,461.9463729
0.00021,8.31e-05,5e-06,0.3,0.79,473.1179998
0.00021,8.31e-05,5e-06,0.4,0.79,477.5599927
0.00021,8.31e-05,5e-06,0.5,0.79,479.4506632
0.00021,8.31e-05,5e-06,0.6,0.79,480.0611541
0.00021,8.31e-05,5e-06,0.7,0.79,480.1702132
0.00021,8.31e-05,5e-06,0.8,0.79,480.1652539
0.00021,8.31e-05,5e-06,0.9,0.79,480.174252
0.00021,8.31e-05,5e-06,1.0,0.79,480.1785165
0.00021,8.27e-05,0.0,0.0,0.79,300.0039999
0.00021,8.27e-05,0.0,0.1,0.79,422.6502974
0.00021,8.27e-05,0.0,0.2,0.79,461.9445874
0.00021,8.27e-05,0.0,0.3,0.79,473.1160911
0.00021,8.27e-05,0.0,0.4,0.79,477.5580351
0.00021,8.27e-05,0.0,0.5,0.79,479.4486847
0.00021,8.27e-05,0.0,0.6,0.79,480.0591689
0.00021,8.27e-05,0.0,0.7,0.79,480.1682268
0.00021,8.27e-05,0.0,0.8,0.79,480.1632676
0.00021,8.27e-05,0.0,0.9,0.79,480.1722656
0.00021,8.27e-05,0.0,1.0,0.79,480.17653
0.00021,8.27e-05,1e-05,0.0,0.79,300.0039999
0.00021,8.27e-05,1e-05,0.1,0.79,422.6502974
0.00021,8.27e-05,1e-05,0.2,0.79,461.9445874
0.00021,8.27e-05,1e-05,0.3,0.79,473.1160911
0.00021,8.27e-05,1e-05,0.4,0.79,477.5580351
0.00021,8.27e-05,1e-05,0.5,0.79,479.4486847
0.00021,8.27e-05,1e-05,0.6,0.79,480.0591689
0.00021,8.27e-05,1e-05,0.7,0.79,480.1682268
0.00021,8.27e-05,1e-05,0.8,0.79,480.1632676
0.00021,8.27e-05,1e-05,0.9,0.79,480.1722656
0.00021,8.27e-05,1e-05,1.0,0.79,480.17653
0.00022,6.69e-05,1e-05,0.0,0.78,300.0039999
0.00022,6.69e-05,1e-05,0.1,0.78,422.6584245
0.00022,6.69e-05,1e-05,0.2,0.78,461.955369
0.00022,6.69e-05,1e-05,0.3,0.78,473.1276269
0.00022,6.69e-05,1e-05,0.4,0.78,477.5698715
0.00022,6.69e-05,1e-05,0.5,0.78,479.4606488
0.00022,6.69e-05,1e-05,0.6,0.78,480.0711743
0.00022,6.69e-05,1e-05,0.7,0.78,480.1802395
0.00022,6.69e-05,1e-05,0.8,0.78,480.17528
0.00022,6.69e-05,1e-05,0.9,0.78,480.1842785
0.00022,6.69e-05,1e-05,1.0,0.78,480.1885433
0.00022,6.69e-05,0.0,0.0,0.78,300.0039999
0.00022,6.69e-05,0.0,0.1,0.78,422.6584245
0.00022,6.69e-05,0.0,0.2,0.78,461.955369
0.00022,6.69e-05,0.0,0.3,0.78,473.1276269
0.00022,6.69e-05,0.0,0.4,0.78,477.5698715
0.00022,6.69e-05,0.0,0.5,0.78,479.4606488
0.00022,6.69e-05,0.0,0.6,0.78,480.0711743
0.00022,6.69e-05,0.0,0.7,0.78,480.1802395
0.00022,6.69e-05,0.0,0.8,0.78,480.17528
0.00022,6.69e-05,0.0,0.9,0.78,480.1842785
0.00022,6.69e-05,0.0,1.0,0.78,480.1885433
0.00023,5.1e-05,0.0,0.0,0.77,300.0039999
0.00023,5.1e-05,0.0,0.1,0.77,422.6633902
0.00023,5.1e-05,0.0,0.2,0.77,461.9619757
0.00023,5.1e-05,0.0,0.3,0.77,473.1346997
0.00023,5.1e-05,0.0,0.4,0.77,477.5771303
0.00023,5.1e-05,0.0,0.5,0.77,479.4679866
0.00023,5.1e-05,0.0,0.6,0.77,480.0785377
0.00023,5.1e-05,0.0,0.7,0.77,480.1876073
0.00023,5.1e-05,0.0,0.8,0.77,480.1826477
0.00023,5.1e-05,0.0,0.9,0.77,480.1916466
0.00023,5.1e-05,0.0,1.0,0.77,480.1959115
0.00023,5.1e-05,1e-05,0.0,0.77,300.0039999
0.00023,5.1e-05,1e-05,0.1,0.77,422.6633903
0.00023,5.1e-05,1e-05,0.2,0.77,461.9619757
0.00023,5.1e-05,1e-05,0.3,0.77,473.1346997
0.00023,5.1e-05,1e-05,0.4,0.77,477.5771303
0.00023,5.1e-05,1e-05,0.5,0.77,479.4679866
0.00023,5.1e-05,1e-05,0.6,0.77,480.0785377
0.00023,5.1e-05,1e-05,0.7,0.77,480.1876073
0.00023,5.1e-05,1e-05,0.8,0.77,480.1826477
0.00023,5.1e-05,1e-05,0.9,0.77,480.1916466
0.00023,5.1e-05,1e-05,1.0,0.77,480.1959115
0.00024,3.46e-05,0.0,0.0,0.76,300.0039999
0.00024,3.46e-05,0.0,0.1,0.76,422.6650452
0.00024,3.46e-05,0.0,0.2,0.76,461.9642101
0.00024,3.46e-05,0.0,0.3,0.76,473.1370982
0.00024,3.46e-05,0.0,0.4,0.76,477.5795948
0.00024,3.46e-05,0.0,0.5,0.76,479.4704791
0.00024,3.46e-05,0.0,0.6,0.76,480.0810392
0.00024,3.46e-05,0.0,0.7,0.76,480.1901103
0.00024,3.46e-05,0.0,0.8,0.76,480.1851507
0.00024,3.46e-05,0.0,0.9,0.76,480.1941497
0.00024,3.46e-05,0.0,1.0,0.76,480.1984146
0.00024,3.46e-05,1e-05,0.0,0.76,300.0039999
0.00024,3.46e-05,1e-05,0.1,0.76,422.6650452
0.00024,3.46e-05,1e-05,0.2,0.76,461.9642101
0.00024,3.46e-05,1e-05,0.3,0.76,473.1370982
0.00024,3.46e-05,1e-05,0.4,0.76,477.5795948
0.00024,3.46e-05,1e-05,0.5,0.76,479.4704791
0.00024,3.46e-05,1e-05,0.6,0.76,480.0810392
0.00024,3.46e-05,1e-05,0.7,0.76,480.1901103
0.00024,3.46e-05,1e-05,0.8,0.76,480.1851507
0.00024,3.46e-05,1e-05,0.9,0.76,480.1941497
0.00024,3.46e-05,1e-05,1.0,0.76,480.1984146
0.000251,1.68e-05,5e-06,0.0,0.748507463,300.0039999
0.000251,1.68e-05,5e-06,0.1,0.748507463,422.6646761
0.000251,1.68e-05,5e-06,0.2,0.748507463,461.9637781
0.000251,1.68e-05,5e-06,0.3,0.748507463,473.1366477
0.000251,1.68e-05,5e-06,0.4,0.748507463,477.5791378
0.000251,1.68e-05,5e-06,0.5,0.748507463,479.4700191
0.000251,1.68e-05,5e-06,0.6,0.748507463,480.0805783
0.000251,1.68e-05,5e-06,0.7,0.748507463,480.1896492
0.000251,1.68e-05,5e-06,0.8,0.748507463,480.1846896
0.000251,1.68e-05,5e-06,0.9,0.748507463,480.1936885
0.000251,1.68e-05,5e-06,1.0,0.748507463,480.1979535
0.00025,1.73e-05,1e-05,0.0,0.75,300.0039999
0.00025,1.73e-05,1e-05,0.1,0.75,422.6629182
0.00025,1.73e-05,1e-05,0.2,0.75,461.9614497
0.00025,1.73e-05,1e-05,0.3,0.75,473.1341573
0.00025,1.73e-05,1e-05,0.4,0.75,477.5765828
0.00025,1.73e-05,1e-05,0.5,0.75,479.4674367
0.00025,1.73e-05,1e-05,0.6,0.75,480.077987
0.00025,1.73e-05,1e-05,0.7,0.75,480.1870563
0.00025,1.73e-05,1e-05,0.8,0.75,480.1820968
0.00025,1.73e-05,1e-05,0.9,0.75,480.1910956
0.00025,1.73e-05,1e-05,1.0,0.75,480.1953605
0.00025,1.73e-05,0.0,0.0,0.75,300.0039999
0.00025,1.73e-05,0.0,0.1,0.75,422.6629182
0.00025,1.73e-05,0.0,0.2,0.75,461.9614497
0.00025,1.73e-05,0.0,0.3,0.75,473.1341573
0.00025,1.73e-05,0.0,0.4,0.75,477.5765828
0.00025,1.73e-05,0.0,0.5,0.75,479.4674367
0.00025,1.73e-05,0.0,0.6,0.75,480.077987
0.00025,1.73e-05,0.0,0.7,0.75,480.1870563
0.00025,1.73e-05,0.0,0.8,0.75,480.1820968
0.00025,1.73e-05,0.0,0.9,0.75,480.1910956
0.00025,1.73e-05,0.0,1.0,0.75,480.1953605
0.00026,0.0,1e-05,0.0,0.74,300.0039998
0.00026,0.0,1e-05,0.1,0.74,422.65699
0.00026,0.0,1e-05,0.2,0.74,461.9536699
0.00026,0.0,1e-05,0.3,0.74,473.1258506
0.00026,0.0,1e-05,0.4,0.74,477.5680673
0.00026,0.0,1e-05,0.5,0.74,479.4588321
0.00026,0.0,1e-05,0.6,0.74,480.0693537
0.00026,0.0,1e-05,0.7,0.74,480.1784178
0.00026,0.0,1e-05,0.8,0.74,480.1734586
0.00026,0.0,1e-05,0.9,0.74,480.182457
0.00026,0.0,1e-05,1.0,0.74,480.1867217
0.00026,0.0,0.0,0.0,0.74,300.0039998
0.00026,0.0,0.0,0.1,0.74,422.65699
0.00026,0.0,0.0,0.2,0.74,461.9536699
0.00026,0.0,0.0,0.3,0.74,473.1258506
0.00026,0.0,0.0,0.4,0.74,477.5680673
0.00026,0.0,0.0,0.5,0.74,479.4588321
0.00026,0.0,0.0,0.6,0.74,480.0693537
0.00026,0.0,0.0,0.7,0.74,480.1784178
0.00026,0.0,0.0,0.8,0.74,480.1734587
0.00026,0.0,0.0,0.9,0.74,480.182457
0.00026,0.0,0.0,1.0,0.74,480.1867217
0.00022,0.0001,0.0,0.0,0.78,300.0039998
0.00022,0.0001,0.0,0.1,0.78,422.644855
0.00022,0.0001,0.0,0.2,0.78,461.9374508
0.00022,0.0001,0.0,0.3,0.78,473.1084724
0.00022,0.0001,0.0,0.4,0.78,477.5502254
0.00022,0.0001,0.0,0.5,0.78,479.4407935
0.00022,0.0001,0.0,0.6,0.78,480.0512514
0.00022,0.0001,0.0,0.7,0.78,480.1603045
0.00022,0.0001,0.0,0.8,0.78,480.1553456
0.00022,0.0001,0.0,0.9,0.78,480.1643431
0.00022,0.0001,0.0,1.0,0.78,480.1686074
0.00022,0.0001,1e-05,0.0,0.78,300.0039998
0.00022,0.0001,1e-05,0.1,0.78,422.644855
0.00022,0.0001,1e-05,0.2,0.78,461.9374508
0.00022,0.0001,1e-05,0.3,0.78,473.1084724
0.00022,0.0001,1e-05,0.4,0.78,477.5502254
0.00022,0.0001,1e-05,0.5,0.78,479.4407935
0.00022,0.0001,1e-05,0.6,0.78,480.0512514
0.00022,0.0001,1e-05,0.7,0.78,480.1603045
0.00022,0.0001,1e-05,0.8,0.78,480.1553456
0.00022,0.0001,1e-05,0.9,0.78,480.1643431
0.00022,0.0001,1e-05,1.0,0.78,480.1686074
0.00023,8.27e-05,0.0,0.0,0.77,300.0039999
0.00023,8.27e-05,0.0,0.1,0.77,422.6568508
0.00023,8.27e-05,0.0,0.2,0.77,461.9533401
0.00023,8.27e-05,0.0,0.3,0.77,473.1254681
0.00023,8.27e-05,0.0,0.4,0.77,477.5676617
0.00023,8.27e-05,0.0,0.5,0.77,479.4584172
0.00023,8.27e-05,0.0,0.6,0.77,480.0689357
0.00023,8.27e-05,0.0,0.7,0.77,480.1779995
0.00023,8.27e-05,0.0,0.8,0.77,480.1730402
0.00023,8.27e-05,0.0,0.9,0.77,480.1820386
0.00023,8.27e-05,0.0,1.0,0.77,480.1863032
0.00023,8.27e-05,1e-05,0.0,0.77,300.0039999
0.00023,8.27e-05,1e-05,0.1,0.77,422.6568508
0.00023,8.27e-05,1e-05,0.2,0.77,461.9533401
0.00023,8.27e-05,1e-05,0.3,0.77,473.1254681
0.00023,8.27e-05,1e-05,0.4,0.77,477.5676617
0.00023,8.27e-05,1e-05,0.5,0.77,479.4584172
0.00023,8.27e-05,1e-05,0.6,0.77,480.0689357
0.00023,8.27e-05,1e-05,0.7,0.77,480.1779995
0.00023,8.27e-05,1e-05,0.8,0.77,480.1730402
0.00023,8.27e-05,1e-05,0.9,0.77,480.1820386
0.00023,8.27e-05,1e-05,1.0,0.77,480.1863032
0.00024,6.69e-05,1e-05,0.0,0.76,300.0039999
0.00024,6.69e-05,1e-05,0.1,0.76,422.6647347
0.00024,6.69e-05,1e-05,0.2,0.76,461.9638
0.00024,6.69e-05,1e-05,0.3,0.76,473.1366598
0.00024,6.69e-05,1e-05,0.4,0.76,477.5791452
0.00024,6.69e-05,1e-05,0.5,0.76,479.4700247
0.00024,6.69e-05,1e-05,0.6,0.76,480.0805832
0.00024,6.69e-05,1e-05,0.7,0.76,480.1896541
0.00024,6.69e-05,1e-05,0.8,0.76,480.1846945
0.00024,6.69e-05,1e-05,0.9,0.76,480.1936934
0.00024,6.69e-05,1e-05,1.0,0.76,480.1979584
0.00024,6.69e-05,0.0,0.0,0.76,300.0039999
0.00024,6.69e-05,0.0,0.1,0.76,422.6647347
0.00024,6.69e-05,0.0,0.2,0.76,461.9638
0.00024,6.69e-05,0.0,0.3,0.76,473.1366598
0.00024,6.69e-05,0.0,0.4,0.76,477.5791452
0.00024,6.69e-05,0.0,0.5,0.76,479.4700247
0.00024,6.69e-05,0.0,0.6,0.76,480.0805832
0.00024,6.69e-05,0.0,0.7,0.76,480.1896541
0.00024,6.69e-05,0.0,0.8,0.76,480.1846945
0.00024,6.69e-05,0.0,0.9,0.76,480.1936934
0.00024,6.69e-05,0.0,1.0,0.76,480.1979584
0.00025,5.1e-05,0.0,0.0,0.75,300.0039999
0.00025,5.1e-05,0.0,0.1,0.75,422.669458
0.00025,5.1e-05,0.0,0.2,0.75,461.9700858
0.00025,5.1e-05,0.0,0.3,0.75,473.1433894
0.00025,5.1e-05,0.0,0.4,0.75,477.5860519
0.00025,5.1e-05,0.0,0.5,0.75,479.4770066
0.00025,5.1e-05,0.0,0.6,0.75,480.0875895
0.00025,5.1e-05,0.0,0.7,0.75,480.1966646
0.00025,5.1e-05,0.0,0.8,0.75,480.1917049
0.00025,5.1e-05,0.0,0.9,0.75,480.2007041
0.00025,5.1e-05,0.0,1.0,0.75,480.2049692
0.00025,5.1e-05,1e-05,0.0,0.75,300.0039999
0.00025,5.1e-05,1e-05,0.1,0.75,422.669458
0.00025,5.1e-05,1e-05,0.2,0.75,461.9700858
0.00025,5.1e-05,1e-05,0.3,0.75,473.1433894
0.00025,5.1e-05,1e-05,0.4,0.75,477.5860519
0.00025,5.1e-05,1e-05,0.5,0.75,479.4770066
0.00025,5.1e-05,1e-05,0.6,0.75,480.0875895
0.00025,5.1e-05,1e-05,0.7,0.75,480.1966646
0.00025,5.1e-05,1e-05,0.8,0.75,480.1917049
0.00025,5.1e-05,1e-05,0.9,0.75,480.2007041
0.00025,5.1e-05,1e-05,1.0,0.75,480.2049693
0.00026,3.46e-05,0.0,0.0,0.74,300.0039999
0.00026,3.46e-05,0.0,0.1,0.74,422.6708714
0.00026,3.46e-05,0.0,0.2,0.74,461.972
0.00026,3.46e-05,0.0,0.3,0.74,473.1454454
0.00026,3.46e-05,0.0,0.4,0.74,477.5881651
0.00026,3.46e-05,0.0,0.5,0.74,479.4791439
0.00026,3.46e-05,0.0,0.6,0.74,480.0897346
0.00026,3.46e-05,0.0,0.7,0.74,480.198811
0.00026,3.46e-05,0.0,0.8,0.74,480.1938513
0.00026,3.46e-05,0.0,0.9,0.74,480.2028507
0.00026,3.46e-05,0.0,1.0,0.74,480.2071158
0.00026,3.46e-05,1e-05,0.0,0.74,300.0039999
0.00026,3.46e-05,1e-05,0.1,0.74,422.6708714
0.00026,3.46e-05,1e-05,0.2,0.74,461.972
0.00026,3.46e-05,1e-05,0.3,0.74,473.1454454
0.00026,3.46e-05,1e-05,0.4,0.74,477.5881651
0.00026,3.46e-05,1e-05,0.5,0.74,479.4791439
0.00026,3.46e-05,1e-05,0.6,0.74,480.0897346
0.00026,3.46e-05,1e-05,0.7,0.74,480.198811
0.00026,3.46e-05,1e-05,0.8,0.74,480.1938513
0.00026,3.46e-05,1e-05,0.9,0.74,480.2028507
0.00026,3.46e-05,1e-05,1.0,0.74,480.2071158
0.00027,1.73e-05,1e-05,0.0,0.73,300.0039999
0.00027,1.73e-05,1e-05,0.1,0.73,422.6685036
0.00027,1.73e-05,1e-05,0.2,0.73,461.9689203
0.00027,1.73e-05,1e-05,0.3,0.73,473.1421628
0.00027,1.73e-05,1e-05,0.4,0.73,477.5848025
0.00027,1.73e-05,1e-05,0.5,0.73,479.4757471
0.00027,1.73e-05,1e-05,0.6,0.73,480.0863268
0.00027,1.73e-05,1e-05,0.7,0.73,480.1954012
0.00027,1.73e-05,1e-05,0.8,0.73,480.1904416
0.00027,1.73e-05,1e-05,0.9,0.73,480.1994407
0.00027,1.73e-05,1e-05,1.0,0.73,480.2037058
0.00027,1.73e-05,0.0,0.0,0.73,300.0039999
0.00027,1.73e-05,0.0,0.1,0.73,422.6685036
0.00027,1.73e-05,0.0,0.2,0.73,461.9689203
0.00027,1.73e-05,0.0,0.3,0.73,473.1421628
0.00027,1.73e-05,0.0,0.4,0.73,477.5848025
0.00027,1.73e-05,0.0,0.5,0.73,479.4757471
0.00027,1.73e-05,0.0,0.6,0.73,480.0863268
0.00027,1.73e-05,0.0,0.7,0.73,480.1954012
0.00027,1.73e-05,0.0,0.8,0.73,480.1904416
0.00027,1.73e-05,0.0,0.9,0.73,480.1994407
0.00027,1.73e-05,0.0,1.0,0.73,480.2037058
0.000272,9.57e-06,5e-06,0.0,0.72761194,300.0039999
0.000272,9.57e-06,5e-06,0.1,0.72761194,422.6671952
0.000272,9.57e-06,5e-06,0.2,0.72761194,461.9672035
0.000272,9.57e-06,5e-06,0.3,0.72761194,473.1403298
0.000272,9.57e-06,5e-06,0.4,0.72761194,477.5829234
0.000272,9.57e-06,5e-06,0.5,0.72761194,479.4738485
0.000272,9.57e-06,5e-06,0.6,0.72761194,480.0844218
0.000272,9.57e-06,5e-06,0.7,0.72761194,480.193495
0.000272,9.57e-06,5e-06,0.8,0.72761194,480.1885355
0.000272,9.57e-06,5e-06,0.9,0.72761194,480.1975346
0.000272,9.57e-06,5e-06,1.0,0.72761194,480.2017996
0.00028,0.0,1e-05,0.0,0.72,300.0039998
0.00028,0.0,1e-05,0.1,0.72,422.6623354
0.00028,0.0,1e-05,0.2,0.72,461.9608218
0.00028,0.0,1e-05,0.3,0.72,473.1335151
0.00028,0.0,1e-05,0.4,0.72,477.5759371
0.00028,0.0,1e-05,0.5,0.72,479.4667889
0.00028,0.0,1e-05,0.6,0.72,480.0773386
0.00028,0.0,1e-05,0.7,0.72,480.1864075
0.00028,0.0,1e-05,0.8,0.72,480.1814483
0.00028,0.0,1e-05,0.9,0.72,480.190447
0.00028,0.0,1e-05,1.0,0.72,480.1947118
0.00028,0.0,0.0,0.0,0.72,300.0039998
0.00028,0.0,0.0,0.1,0.72,422.6623354
0.00028,0.0,0.0,0.2,0.72,461.9608218
0.00028,0.0,0.0,0.3,0.72,473.133515
0.00028,0.0,0.0,0.4,0.72,477.575937
0.00028,0.0,0.0,0.5,0.72,479.4667889
0.00028,0.0,0.0,0.6,0.72,480.0773386
0.00028,0.0,0.0,0.7,0.72,480.1864075
0.00028,0.0,0.0,0.8,0.72,480.1814483
0.00028,0.0,0.0,0.9,0.72,480.1904469
0.00028,0.0,0.0,1.0,0.72,480.1947118
0.00024,0.0001,0.0,0.0,0.76,300.0039998
0.00024,0.0001,0.0,0.1,0.76,422.6511645
0.00024,0.0001,0.0,0.2,0.76,461.9458809
0.00024,0.0001,0.0,0.3,0.76,473.1175043
0.00024,0.0001,0.0,0.4,0.76,477.559498
0.00024,0.0001,0.0,0.5,0.76,479.4501683
0.00024,0.0001,0.0,0.6,0.76,480.0606592
0.00024,0.0001,0.0,0.7,0.76,480.1697181
0.00024,0.0001,0.0,0.8,0.76,480.164759
0.00024,0.0001,0.0,0.9,0.76,480.173757
0.00024,0.0001,0.0,1.0,0.76,480.1780214
0.00024,0.0001,1e-05,0.0,0.76,300.0039998
0.00024,0.0001,1e-05,0.1,0.76,422.6511645
0.00024,0.0001,1e-05,0.2,0.76,461.9458809
0.00024,0.0001,1e-05,0.3,0.76,473.1175043
0.00024,0.0001,1e-05,0.4,0.76,477.559498
0.00024,0.0001,1e-05,0.5,0.76,479.4501683
0.00024,0.0001,1e-05,0.6,0.76,480.0606592
0.00024,0.0001,1e-05,0.7,0.76,480.1697181
0.00024,0.0001,1e-05,0.8,0.76,480.164759
0.00024,0.0001,1e-05,0.9,0.76,480.173757
0.00024,0.0001,1e-05,1.0,0.76,480.1780214
0.00025,8.27e-05,0.0,0.0,0.75,300.0039999
0.00025,8.27e-05,0.0,0.1,0.75,422.6629182
0.00025,8.27e-05,0.0,0.2,0.75,461.9614497
0.00025,8.27e-05,0.0,0.3,0.75,473.1341573
0.00025,8.27e-05,0.0,0.4,0.75,477.5765828
0.00025,8.27e-05,0.0,0.5,0.75,479.4674367
0.00025,8.27e-05,0.0,0.6,0.75,480.077987
0.00025,8.27e-05,0.0,0.7,0.75,480.1870563
0.00025,8.27e-05,0.0,0.8,0.75,480.1820968
0.00025,8.27e-05,0.0,0.9,0.75,480.1910956
0.00025,8.27e-05,0.0,1.0,0.75,480.1953605
0.00025,8.27e-05,1e-05,0.0,0.75,300.0039999
0.00025,8.27e-05,1e-05,0.1,0.75,422.6629182
0.00025,8.27e-05,1e-05,0.2,0.75,461.9614497
0.00025,8.27e-05,1e-05,0.3,0.75,473.1341573
0.00025,8.27e-05,1e-05,0.4,0.75,477.5765828
0.00025,8.27e-05,1e-05,0.5,0.75,479.4674367
0.00025,8.27e-05,1e-05,0.6,0.75,480.077987
0.00025,8.27e-05,1e-05,0.7,0.75,480.1870563
0.00025,8.27e-05,1e-05,0.8,0.75,480.1820968
0.00025,8.27e-05,1e-05,0.9,0.75,480.1910956
0.00025,8.27e-05,1e-05,1.0,0.75,480.1953605
0.00026,6.69e-05,1e-05,0.0,0.74,300.0039999
0.00026,6.69e-05,1e-05,0.1,0.74,422.6705608
0.00026,6.69e-05,1e-05,0.2,0.74,461.9715899
0.00026,6.69e-05,1e-05,0.3,0.74,473.145007
0.00026,6.69e-05,1e-05,0.4,0.74,477.5877154
0.00026,6.69e-05,1e-05,0.5,0.74,479.4786895
0.00026,6.69e-05,1e-05,0.6,0.74,480.0892786
0.00026,6.69e-05,1e-05,0.7,0.74,480.1983548
0.00026,6.69e-05,1e-05,0.8,0.74,480.1933951
0.00026,6.69e-05,1e-05,0.9,0.74,480.2023944
0.00026,6.69e-05,1e-05,1.0,0.74,480.2066595
0.00026,6.69e-05,0.0,0.0,0.74,300.0039999
0.00026,6.69e-05,0.0,0.1,0.74,422.6705609
0.00026,6.69e-05,0.0,0.2,0.74,461.9715899
0.00026,6.69e-05,0.0,0.3,0.74,473.145007
0.00026,6.69e-05,0.0,0.4,0.74,477.5877154
0.00026,6.69e-05,0.0,0.5,0.74,479.4786895
0.00026,6.69e-05,0.0,0.6,0.74,480.0892786
0.00026,6.69e-05,0.0,0.7,0.74,480.1983548
0.00026,6.69e-05,0.0,0.8,0.74,480.1933951
0.00026,6.69e-05,0.0,0.9,0.74,480.2023944
0.00026,6.69e-05,0.0,1.0,0.74,480.2066595
0.00027,5.1e-05,0.0,0.0,0.73,300.0039999
0.00027,5.1e-05,0.0,0.1,0.73,422.6750437
0.00027,5.1e-05,0.0,0.2,0.73,461.9775568
0.00027,5.1e-05,0.0,0.3,0.73,473.1513953
0.00027,5.1e-05,0.0,0.4,0.73,477.5942719
0.00027,5.1e-05,0.0,0.5,0.73,479.4853175
0.00027,5.1e-05,0.0,0.6,0.73,480.0959297
0.00027,5.1e-05,0.0,0.7,0.73,480.2050099
0.00027,5.1e-05,0.0,0.8,0.73,480.2000501
0.00027,5.1e-05,0.0,0.9,0.73,480.2090497
0.00027,5.1e-05,0.0,1.0,0.73,480.213315
0.00027,5.1e-05,1e-05,0.0,0.73,300.0039999
0.00027,5.1e-05,1e-05,0.1,0.73,422.6750437
0.00027,5.1e-05,1e-05,0.2,0.73,461.9775568
0.00027,5.1e-05,1e-05,0.3,0.73,473.1513953
0.00027,5.1e-05,1e-05,0.4,0.73,477.594272
0.00027,5.1e-05,1e-05,0.5,0.73,479.4853175
0.00027,5.1e-05,1e-05,0.6,0.73,480.0959297
0.00027,5.1e-05,1e-05,0.7,0.73,480.2050099
0.00027,5.1e-05,1e-05,0.8,0.73,480.2000501
0.00027,5.1e-05,1e-05,0.9,0.73,480.2090497
0.00027,5.1e-05,1e-05,1.0,0.73,480.213315
0.00028,3.46e-05,1e-05,0.0,0.72,300.0039999
0.00028,3.46e-05,1e-05,0.1,0.72,422.6762174
0.00028,3.46e-05,1e-05,0.2,0.72,461.9791527
0.00028,3.46e-05,1e-05,0.3,0.72,473.1531107
0.00028,3.46e-05,1e-05,0.4,0.72,477.5960357
0.00028,3.46e-05,1e-05,0.5,0.72,479.4871015
0.00028,3.46e-05,1e-05,0.6,0.72,480.0977204
0.00028,3.46e-05,1e-05,0.7,0.72,480.2068017
0.00028,3.46e-05,1e-05,0.8,0.72,480.2018419
0.00028,3.46e-05,1e-05,0.9,0.72,480.2108415
0.00028,3.46e-05,1e-05,1.0,0.72,480.2151069
0.00028,3.46e-05,0.0,0.0,0.72,300.0039999
0.00028,3.46e-05,0.0,0.1,0.72,422.6762174
0.00028,3.46e-05,0.0,0.2,0.72,461.9791527
0.00028,3.46e-05,0.0,0.3,0.72,473.1531107
0.00028,3.46e-05,0.0,0.4,0.72,477.5960357
0.00028,3.46e-05,0.0,0.5,0.72,479.4871015
0.00028,3.46e-05,0.0,0.6,0.72,480.0977204
0.00028,3.46e-05,0.0,0.7,0.72,480.2068017
0.00028,3.46e-05,0.0,0.8,0.72,480.2018419
0.00028,3.46e-05,0.0,0.9,0.72,480.2108415
0.00028,3.46e-05,0.0,1.0,0.72,480.2151069
0.00029,1.73e-05,1e-05,0.0,0.71,300.0039999
0.00029,1.73e-05,1e-05,0.1,0.71,422.6736107
0.00029,1.73e-05,1e-05,0.2,0.71,461.9757554
0.00029,1.73e-05,1e-05,0.3,0.71,473.1494882
0.00029,1.73e-05,1e-05,0.4,0.71,477.5923243
0.00029,1.73e-05,1e-05,0.5,0.71,479.4833522
0.00029,1.73e-05,1e-05,0.6,0.71,480.0939588
0.00029,1.73e-05,1e-05,0.7,0.71,480.2030378
0.00029,1.73e-05,1e-05,0.8,0.71,480.1980782
0.00029,1.73e-05,1e-05,0.9,0.71,480.2070776
0.00029,1.73e-05,1e-05,1.0,0.71,480.2113429
0.00029,1.73e-05,0.0,0.0,0.71,300.0039999
0.00029,1.73e-05,0.0,0.1,0.71,422.6736107
0.00029,1.73e-05,0.0,0.2,0.71,461.9757554
0.00029,1.73e-05,0.0,0.3,0.71,473.1494882
0.00029,1.73e-05,0.0,0.4,0.71,477.5923243
0.00029,1.73e-05,0.0,0.5,0.71,479.4833522
0.00029,1.73e-05,0.0,0.6,0.71,480.0939588
0.00029,1.73e-05,0.0,0.7,0.71,480.2030378
0.00029,1.73e-05,0.0,0.8,0.71,480.1980781
0.00029,1.73e-05,0.0,0.9,0.71,480.2070776
0.00029,1.73e-05,0.0,1.0,0.71,480.2113429
0.0003,0.0,1e-05,0.0,0.7,300.0039998
0.0003,0.0,1e-05,0.1,0.7,422.6672042
0.0003,0.0,1e-05,0.2,0.7,461.9673401
0.0003,0.0,1e-05,0.3,0.7,473.1405013
0.0003,0.0,1e-05,0.4,0.7,477.5831107
0.0003,0.0,1e-05,0.5,0.7,479.474042
0.0003,0.0,1e-05,0.6,0.7,480.0846174
0.0003,0.0,1e-05,0.7,0.7,480.1936908
0.0003,0.0,1e-05,0.8,0.7,480.1887315
0.0003,0.0,1e-05,0.9,0.7,480.1977304
0.0003,0.0,1e-05,1.0,0.7,480.2019955
0.0003,0.0,0.0,0.0,0.7,300.0039998
0.0003,0.0,0.0,0.1,0.7,422.6672043
0.0003,0.0,0.0,0.2,0.7,461.9673401
0.0003,0.0,0.0,0.3,0.7,473.1405013
0.0003,0.0,0.0,0.4,0.7,477.5831107
0.0003,0.0,0.0,0.5,0.7,479.474042
0.0003,0.0,0.0,0.6,0.7,480.0846174
0.0003,0.0,0.0,0.7,0.7,480.1936908
0.0003,0.0,0.0,0.8,0.7,480.1887315
0.0003,0.0,0.0,0.9,0.7,480.1977304
0.0003,0.0,0.0,1.0,0.7,480.2019955
0.00026,0.0001,0.0,0.0,0.74,300.0039998
0.00026,0.0001,0.0,0.1,0.74,422.65699
0.00026,0.0001,0.0,0.2,0.74,461.9536699
0.00026,0.0001,0.0,0.3,0.74,473.1258506
0.00026,0.0001,0.0,0.4,0.74,477.5680673
0.00026,0.0001,0.0,0.5,0.74,479.4588321
0.00026,0.0001,0.0,0.6,0.74,480.0693537
0.00026,0.0001,0.0,0.7,0.74,480.1784178
0.00026,0.0001,0.0,0.8,0.74,480.1734586
0.00026,0.0001,0.0,0.9,0.74,480.182457
0.00026,0.0001,0.0,1.0,0.74,480.1867216
0.00026,0.0001,1e-05,0.0,0.74,300.0039998
0.00026,0.0001,1e-05,0.1,0.74,422.65699
0.00026,0.0001,1e-05,0.2,0.74,461.9536699
0.00026,0.0001,1e-05,0.3,0.74,473.1258506
0.00026,0.0001,1e-05,0.4,0.74,477.5680673
0.00026,0.0001,1e-05,0.5,0.74,479.4588321
0.00026,0.0001,1e-05,0.6,0.74,480.0693537
0.00026,0.0001,1e-05,0.7,0.74,480.1784178
0.00026,0.0001,1e-05,0.8,0.74,480.1734586
0.00026,0.0001,1e-05,0.9,0.74,480.182457
0.00026,0.0001,1e-05,1.0,0.74,480.1867217
0.00027,8.27e-05,0.0,0.0,0.73,300.0039999
0.00027,8.27e-05,0.0,0.1,0.73,422.6685036
0.00027,8.27e-05,0.0,0.2,0.73,461.9689203
0.00027,8.27e-05,0.0,0.3,0.73,473.1421628
0.00027,8.27e-05,0.0,0.4,0.73,477.5848025
0.00027,8.27e-05,0.0,0.5,0.73,479.4757471
0.00027,8.27e-05,0.0,0.6,0.73,480.0863268
0.00027,8.27e-05,0.0,0.7,0.73,480.1954012
0.00027,8.27e-05,0.0,0.8,0.73,480.1904416
0.00027,8.27e-05,0.0,0.9,0.73,480.1994407
0.00027,8.27e-05,0.0,1.0,0.73,480.2037058
0.00027,8.27e-05,1e-05,0.0,0.73,300.0039999
0.00027,8.27e-05,1e-05,0.1,0.73,422.6685036
0.00027,8.27e-05,1e-05,0.2,0.73,461.9689203
0.00027,8.27e-05,1e-05,0.3,0.73,473.1421628
0.00027,8.27e-05,1e-05,0.4,0.73,477.5848025
0.00027,8.27e-05,1e-05,0.5,0.73,479.4757471
0.00027,8.27e-05,1e-05,0.6,0.73,480.0863268
0.00027,8.27e-05,1e-05,0.7,0.73,480.1954012
0.00027,8.27e-05,1e-05,0.8,0.73,480.1904416
0.00027,8.27e-05,1e-05,0.9,0.73,480.1994407
0.00027,8.27e-05,1e-05,1.0,0.73,480.2037058
0.00028,6.69e-05,1e-05,0.0,0.72,300.0039999
0.00028,6.69e-05,1e-05,0.1,0.72,422.6759068
0.00028,6.69e-05,1e-05,0.2,0.72,461.9787426
0.00028,6.69e-05,1e-05,0.3,0.72,473.1526723
0.00028,6.69e-05,1e-05,0.4,0.72,477.595586
0.00028,6.69e-05,1e-05,0.5,0.72,479.4866471
0.00028,6.69e-05,1e-05,0.6,0.72,480.0972644
0.00028,6.69e-05,1e-05,0.7,0.72,480.2063454
0.00028,6.69e-05,1e-05,0.8,0.72,480.2013856
0.00028,6.69e-05,1e-05,0.9,0.72,480.2103852
0.00028,6.69e-05,1e-05,1.0,0.72,480.2146506
0.00028,6.69e-05,0.0,0.0,0.72,300.0039999
0.00028,6.69e-05,0.0,0.1,0.72,422.6759069
0.00028,6.69e-05,0.0,0.2,0.72,461.9787426
0.00028,6.69e-05,0.0,0.3,0.72,473.1526723
0.00028,6.69e-05,0.0,0.4,0.72,477.595586
0.00028,6.69e-05,0.0,0.5,0.72,479.4866471
0.00028,6.69e-05,0.0,0.6,0.72,480.0972644
0.00028,6.69e-05,0.0,0.7,0.72,480.2063454
0.00028,6.69e-05,0.0,0.8,0.72,480.2013856
0.00028,6.69e-05,0.0,0.9,0.72,480.2103852
0.00028,6.69e-05,0.0,1.0,0.72,480.2146506
0.00029,5.1e-05,0.0,0.0,0.71,300.0039999
0.00029,5.1e-05,0.0,0.1,0.71,422.680151
0.00029,5.1e-05,0.0,0.2,0.71,461.9843923
0.00029,5.1e-05,0.0,0.3,0.71,473.1587211
0.00029,5.1e-05,0.0,0.4,0.71,477.6017942
0.00029,5.1e-05,0.0,0.5,0.71,479.4929229
0.00029,5.1e-05,0.0,0.6,0.71,480.1035621
0.00029,5.1e-05,0.0,0.7,0.71,480.2126469
0.00029,5.1e-05,0.0,0.8,0.71,480.207687
0.00029,5.1e-05,0.0,0.9,0.71,480.216687
0.00029,5.1e-05,0.0,1.0,0.71,480.2209525
0.00029,5.1e-05,1e-05,0.0,0.71,300.0039999
0.00029,5.1e-05,1e-05,0.1,0.71,422.680151
0.00029,5.1e-05,1e-05,0.2,0.71,461.9843923
0.00029,5.1e-05,1e-05,0.3,0.71,473.1587211
0.00029,5.1e-05,1e-05,0.4,0.71,477.6017942
0.00029,5.1e-05,1e-05,0.5,0.71,479.4929229
0.00029,5.1e-05,1e-05,0.6,0.71,480.1035621
0.00029,5.1e-05,1e-05,0.7,0.71,480.2126469
0.00029,5.1e-05,1e-05,0.8,0.71,480.207687
0.00029,5.1e-05,1e-05,0.9,0.71,480.216687
0.00029,5.1e-05,1e-05,1.0,0.71,480.2209525
0.0003,3.46e-05,1e-05,0.0,0.7,300.0039999
0.0003,3.46e-05,1e-05,0.1,0.7,422.6810868
0.0003,3.46e-05,1e-05,0.2,0.7,461.9856717
0.0003,3.46e-05,1e-05,0.3,0.7,473.1600978
0.0003,3.46e-05,1e-05,0.4,0.7,477.6032102
0.0003,3.46e-05,1e-05,0.5,0.7,479.4943555
0.0003,3.46e-05,1e-05,0.6,0.7,480.105
0.0003,3.46e-05,1e-05,0.7,0.7,480.2140857
0.0003,3.46e-05,1e-05,0.8,0.7,480.2091259
0.0003,3.46e-05,1e-05,0.9,0.7,480.2181258
0.0003,3.46e-05,1e-05,1.0,0.7,480.2223914
0.0003,3.46e-05,0.0,0.0,0.7,300.0039999
0.0003,3.46e-05,0.0,0.1,0.7,422.6810868
0.0003,3.46e-05,0.0,0.2,0.7,461.9856717
0.0003,3.46e-05,0.0,0.3,0.7,473.1600978
0.0003,3.46e-05,0.0,0.4,0.7,477.6032101
0.0003,3.46e-05,0.0,0.5,0.7,479.4943555
0.0003,3.46e-05,0.0,0.6,0.7,480.105
0.0003,3.46e-05,0.0,0.7,0.7,480.2140857
0.0003,3.46e-05,0.0,0.8,0.7,480.2091259
0.0003,3.46e-05,0.0,0.9,0.7,480.2181258
0.0003,3.46e-05,0.0,1.0,0.7,480.2223914
0.00031,1.73e-05,0.0,0.0,0.69,300.0039999
0.00031,1.73e-05,0.0,0.1,0.69,422.6782428
0.00031,1.73e-05,0.0,0.2,0.69,461.9819586
0.00031,1.73e-05,0.0,0.3,0.69,473.156137
0.00031,1.73e-05,0.0,0.4,0.69,477.5991517
0.00031,1.73e-05,0.0,0.5,0.69,479.4902552
0.00031,1.73e-05,0.0,0.6,0.69,480.1008863
0.00031,1.73e-05,0.0,0.7,0.69,480.2099695
0.00031,1.73e-05,0.0,0.8,0.69,480.2050098
0.00031,1.73e-05,0.0,0.9,0.69,480.2140095
0.00031,1.73e-05,0.0,1.0,0.69,480.218275
0.00031,1.73e-05,1e-05,0.0,0.69,300.0039999
0.00031,1.73e-05,1e-05,0.1,0.69,422.6782428
0.00031,1.73e-05,1e-05,0.2,0.69,461.9819585
0.00031,1.73e-05,1e-05,0.3,0.69,473.156137
0.00031,1.73e-05,1e-05,0.4,0.69,477.5991516
0.00031,1.73e-05,1e-05,0.5,0.69,479.4902552
0.00031,1.73e-05,1e-05,0.6,0.69,480.1008863
0.00031,1.73e-05,1e-05,0.7,0.69,480.2099695
0.00031,1.73e-05,1e-05,0.8,0.69,480.2050098
0.00031,1.73e-05,1e-05,0.9,0.69,480.2140095
0.00031,1.73e-05,1e-05,1.0,0.69,480.218275
0.00032,0.0,1e-05,0.0,0.68,300.0039998
0.00032,0.0,1e-05,0.1,0.68,422.6715997
0.00032,0.0,1e-05,0.2,0.68,461.9732279
0.00032,0.0,1e-05,0.3,0.68,473.1468125
0.00032,0.0,1e-05,0.4,0.68,477.5895916
0.00032,0.0,1e-05,0.5,0.68,479.4805947
0.00032,0.0,1e-05,0.6,0.68,480.0911934
0.00032,0.0,1e-05,0.7,0.68,480.2002708
0.00032,0.0,1e-05,0.8,0.68,480.1953114
0.00032,0.0,1e-05,0.9,0.68,480.2043106
0.00032,0.0,1e-05,1.0,0.68,480.2085758
0.00032,0.0,0.0,0.0,0.68,300.0039998
0.00032,0.0,0.0,0.1,0.68,422.6715997
0.00032,0.0,0.0,0.2,0.68,461.9732279
0.00032,0.0,0.0,0.3,0.68,473.1468125
0.00032,0.0,0.0,0.4,0.68,477.5895915
0.00032,0.0,0.0,0.5,0.68,479.4805947
0.00032,0.0,0.0,0.6,0.68,480.0911934
0.00032,0.0,0.0,0.7,0.68,480.2002707
0.00032,0.0,0.0,0.8,0.68,480.1953114
0.00032,0.0,0.0,0.9,0.68,480.2043106
0.00032,0.0,0.0,1.0,0.68,480.2085758
0.00028,0.0001,0.0,0.0,0.72,300.0039998
0.00028,0.0001,0.0,0.1,0.72,422.6623354
0.00028,0.0001,0.0,0.2,0.72,461.9608218
0.00028,0.0001,0.0,0.3,0.72,473.133515
0.00028,0.0001,0.0,0.4,0.72,477.575937
0.00028,0.0001,0.0,0.5,0.72,479.4667889
0.00028,0.0001,0.0,0.6,0.72,480.0773386
0.00028,0.0001,0.0,0.7,0.72,480.1864075
0.00028,0.0001,0.0,0.8,0.72,480.1814483
0.00028,0.0001,0.0,0.9,0.72,480.1904469
0.00028,0.0001,0.0,1.0,0.72,480.1947118
0.00028,0.0001,1e-05,0.0,0.72,300.0039998
0.00028,0.0001,1e-05,0.1,0.72,422.6623354
0.00028,0.0001,1e-05,0.2,0.72,461.9608218
0.00028,0.0001,1e-05,0.3,0.72,473.1335151
0.00028,0.0001,1e-05,0.4,0.72,477.5759371
0.00028,0.0001,1e-05,0.5,0.72,479.4667889
0.00028,0.0001,1e-05,0.6,0.72,480.0773386
0.00028,0.0001,1e-05,0.7,0.72,480.1864075
0.00028,0.0001,1e-05,0.8,0.72,480.1814483
0.00028,0.0001,1e-05,0.9,0.72,480.1904469
0.00028,0.0001,1e-05,1.0,0.72,480.1947118
0.00029,8.27e-05,0.0,0.0,0.71,300.0039999
0.00029,8.27e-05,0.0,0.1,0.71,422.6736107
0.00029,8.27e-05,0.0,0.2,0.71,461.9757554
0.00029,8.27e-05,0.0,0.3,0.71,473.1494882
0.00029,8.27e-05,0.0,0.4,0.71,477.5923243
0.00029,8.27e-05,0.0,0.5,0.71,479.4833522
0.00029,8.27e-05,0.0,0.6,0.71,480.0939588
0.00029,8.27e-05,0.0,0.7,0.71,480.2030378
0.00029,8.27e-05,0.0,0.8,0.71,480.1980781
0.00029,8.27e-05,0.0,0.9,0.71,480.2070776
0.00029,8.27e-05,0.0,1.0,0.71,480.2113429
0.00029,8.31e-05,5e-06,0.0,0.71,300.0039999
0.00029,8.31e-05,5e-06,0.1,0.71,422.6749632
0.00029,8.31e-05,5e-06,0.2,0.71,461.9775413
0.00029,8.31e-05,5e-06,0.3,0.71,473.1513973
0.00029,8.31e-05,5e-06,0.4,0.71,477.5942823
0.00029,8.31e-05,5e-06,0.5,0.71,479.485331
0.00029,8.31e-05,5e-06,0.6,0.71,480.0959444
0.00029,8.31e-05,5e-06,0.7,0.71,480.2050246
0.00029,8.31e-05,5e-06,0.8,0.71,480.2000649
0.00029,8.31e-05,5e-06,0.9,0.71,480.2090644
0.00029,8.31e-05,5e-06,1.0,0.71,480.2133297
0.00029,8.27e-05,1e-05,0.0,0.71,300.0039999
0.00029,8.27e-05,1e-05,0.1,0.71,422.6736107
0.00029,8.27e-05,1e-05,0.2,0.71,461.9757554
0.00029,8.27e-05,1e-05,0.3,0.71,473.1494882
0.00029,8.27e-05,1e-05,0.4,0.71,477.5923243
0.00029,8.27e-05,1e-05,0.5,0.71,479.4833522
0.00029,8.27e-05,1e-05,0.6,0.71,480.0939588
0.00029,8.27e-05,1e-05,0.7,0.71,480.2030378
0.00029,8.27e-05,1e-05,0.8,0.71,480.1980781
0.00029,8.27e-05,1e-05,0.9,0.71,480.2070776
0.00029,8.27e-05,1e-05,1.0,0.71,480.2113429
0.0003,6.69e-05,1e-05,0.0,0.7,300.0039999
0.0003,6.69e-05,1e-05,0.1,0.7,422.6807762
0.0003,6.69e-05,1e-05,0.2,0.7,461.9852616
0.0003,6.69e-05,1e-05,0.3,0.7,473.1596593
0.0003,6.69e-05,1e-05,0.4,0.7,477.6027605
0.0003,6.69e-05,1e-05,0.5,0.7,479.493901
0.0003,6.69e-05,1e-05,0.6,0.7,480.104544
0.0003,6.69e-05,1e-05,0.7,0.7,480.2136294
0.0003,6.69e-05,1e-05,0.8,0.7,480.2086696
0.0003,6.69e-05,1e-05,0.9,0.7,480.2176695
0.0003,6.69e-05,1e-05,1.0,0.7,480.221935
0.0003,6.69e-05,0.0,0.0,0.7,300.0039999
0.0003,6.69e-05,0.0,0.1,0.7,422.6807762
0.0003,6.69e-05,0.0,0.2,0.7,461.9852616
0.0003,6.69e-05,0.0,0.3,0.7,473.1596593
0.0003,6.69e-05,0.0,0.4,0.7,477.6027605
0.0003,6.69e-05,0.0,0.5,0.7,479.493901
0.0003,6.69e-05,0.0,0.6,0.7,480.104544
0.0003,6.69e-05,0.0,0.7,0.7,480.2136294
0.0003,6.69e-05,0.0,0.8,0.7,480.2086696
0.0003,6.69e-05,0.0,0.9,0.7,480.2176695
0.0003,6.69e-05,0.0,1.0,0.7,480.2219351
0.00031,5.1e-05,0.0,0.0,0.69,300.0039999
0.00031,5.1e-05,0.0,0.1,0.69,422.6847834
0.00031,5.1e-05,0.0,0.2,0.69,461.9905957
0.00031,5.1e-05,0.0,0.3,0.69,473.1653703
0.00031,5.1e-05,0.0,0.4,0.69,477.6086219
0.00031,5.1e-05,0.0,0.5,0.69,479.4998263
0.00031,5.1e-05,0.0,0.6,0.69,480.11049
0.00031,5.1e-05,0.0,0.7,0.69,480.219579
0.00031,5.1e-05,0.0,0.8,0.69,480.2146191
0.00031,5.1e-05,0.0,0.9,0.69,480.2236193
0.00031,5.1e-05,0.0,1.0,0.69,480.2278849
0.00031,5.1e-05,1e-05,0.0,0.69,300.0039999
0.00031,5.1e-05,1e-05,0.1,0.69,422.6847834
0.00031,5.1e-05,1e-05,0.2,0.69,461.9905957
0.00031,5.1e-05,1e-05,0.3,0.69,473.1653703
0.00031,5.1e-05,1e-05,0.4,0.69,477.6086219
0.00031,5.1e-05,1e-05,0.5,0.69,479.4998263
0.00031,5.1e-05,1e-05,0.6,0.69,480.11049
0.00031,5.1e-05,1e-05,0.7,0.69,480.219579
0.00031,5.1e-05,1e-05,0.8,0.69,480.2146191
0.00031,5.1e-05,1e-05,0.9,0.69,480.2236193
0.00031,5.1e-05,1e-05,1.0,0.69,480.2278849
0.00032,3.46e-05,1e-05,0.0,0.68,300.0039999
0.00032,3.46e-05,1e-05,0.1,0.68,422.6854828
0.00032,3.46e-05,1e-05,0.2,0.68,461.9915602
0.00032,3.46e-05,1e-05,0.3,0.68,473.1664097
0.00032,3.46e-05,1e-05,0.4,0.68,477.6096917
0.00032,3.46e-05,1e-05,0.5,0.68,479.5009089
0.00032,3.46e-05,1e-05,0.6,0.68,480.1115768
0.00032,3.46e-05,1e-05,0.7,0.68,480.2206665
0.00032,3.46e-05,1e-05,0.8,0.68,480.2157065
0.00032,3.46e-05,1e-05,0.9,0.68,480.2247068
0.00032,3.46e-05,1e-05,1.0,0.68,480.2289725
0.00032,3.46e-05,0.0,0.0,0.68,300.0039999
0.00032,3.46e-05,0.0,0.1,0.68,422.6854828
0.00032,3.46e-05,0.0,0.2,0.68,461.9915602
0.00032,3.46e-05,0.0,0.3,0.68,473.1664097
0.00032,3.46e-05,0.0,0.4,0.68,477.6096917
0.00032,3.46e-05,0.0,0.5,0.68,479.5009089
0.00032,3.46e-05,0.0,0.6,0.68,480.1115768
0.00032,3.46e-05,0.0,0.7,0.68,480.2206665
0.00032,3.46e-05,0.0,0.8,0.68,480.2157065
0.00032,3.46e-05,0.0,0.9,0.68,480.2247068
0.00032,3.46e-05,0.0,1.0,0.68,480.2289725
0.00033,1.73e-05,1e-05,0.0,0.67,300.0039999
0.00033,1.73e-05,1e-05,0.1,0.67,422.682403
0.00033,1.73e-05,1e-05,0.2,0.67,461.9875327
0.00033,1.73e-05,1e-05,0.3,0.67,473.1621123
0.00033,1.73e-05,1e-05,0.4,0.67,477.6052876
0.00033,1.73e-05,1e-05,0.5,0.67,479.4964593
0.00033,1.73e-05,1e-05,0.6,0.67,480.1071124
0.00033,1.73e-05,1e-05,0.7,0.67,480.2161994
0.00033,1.73e-05,1e-05,0.8,0.67,480.2112396
0.00033,1.73e-05,1e-05,0.9,0.67,480.2202396
0.00033,1.73e-05,1e-05,1.0,0.67,480.2245052
0.00033,1.73e-05,0.0,0.0,0.67,300.0039999
0.00033,1.73e-05,0.0,0.1,0.67,422.682403
0.00033,1.73e-05,0.0,0.2,0.67,461.9875327
0.00033,1.73e-05,0.0,0.3,0.67,473.1621123
0.00033,1.73e-05,0.0,0.4,0.67,477.6052876
0.00033,1.73e-05,0.0,0.5,0.67,479.4964593
0.00033,1.73e-05,0.0,0.6,0.67,480.1071124
0.00033,1.73e-05,0.0,0.7,0.67,480.2161994
0.00033,1.73e-05,0.0,0.8,0.67,480.2112396
0.00033,1.73e-05,0.0,0.9,0.67,480.2202396
0.00033,1.73e-05,0.0,1.0,0.67,480.2245052
0.00034,0.0,1e-05,0.0,0.66,300.0039998
0.00034,0.0,1e-05,0.1,0.66,422.6755247
0.00034,0.0,1e-05,0.2,0.66,461.9784882
0.00034,0.0,1e-05,0.3,0.66,473.1524515
0.00034,0.0,1e-05,0.4,0.66,477.5953824
0.00034,0.0,1e-05,0.5,0.66,479.4864499
0.00034,0.0,1e-05,0.6,0.66,480.0970694
0.00034,0.0,1e-05,0.7,0.66,480.2061503
0.00034,0.0,1e-05,0.8,0.66,480.2011909
0.00034,0.0,1e-05,0.9,0.66,480.2101904
0.00034,0.0,1e-05,1.0,0.66,480.2144557
0.00034,0.0,0.0,0.0,0.66,300.0039998
0.00034,0.0,0.0,0.1,0.66,422.6755247
0.00034,0.0,0.0,0.2,0.66,461.9784882
0.00034,0.0,0.0,0.3,0.66,473.1524515
0.00034,0.0,0.0,0.4,0.66,477.5953824
0.00034,0.0,0.0,0.5,0.66,479.4864499
0.00034,0.0,0.0,0.6,0.66,480.0970694
0.00034,0.0,0.0,0.7,0.66,480.2061503
0.00034,0.0,0.0,0.8,0.66,480.2011909
0.00034,0.0,0.0,0.9,0.66,480.2101904
0.00034,0.0,0.0,1.0,0.66,480.2144557
0.0003,0.0001,0.0,0.0,0.7,300.0039998
0.0003,0.0001,0.0,0.1,0.7,422.6672043
0.0003,0.0001,0.0,0.2,0.7,461.9673401
0.0003,0.0001,0.0,0.3,0.7,473.1405013
0.0003,0.0001,0.0,0.4,0.7,477.5831107
0.0003,0.0001,0.0,0.5,0.7,479.474042
0.0003,0.0001,0.0,0.6,0.7,480.0846174
0.0003,0.0001,0.0,0.7,0.7,480.1936908
0.0003,0.0001,0.0,0.8,0.7,480.1887315
0.0003,0.0001,0.0,0.9,0.7,480.1977304
0.0003,0.0001,0.0,1.0,0.7,480.2019955
0.0003,0.0001,1e-05,0.0,0.7,300.0039998
0.0003,0.0001,1e-05,0.1,0.7,422.6672043
0.0003,0.0001,1e-05,0.2,0.7,461.9673401
0.0003,0.0001,1e-05,0.3,0.7,473.1405013
0.0003,0.0001,1e-05,0.4,0.7,477.5831107
0.0003,0.0001,1e-05,0.5,0.7,479.474042
0.0003,0.0001,1e-05,0.6,0.7,480.0846174
0.0003,0.0001,1e-05,0.7,0.7,480.1936908
0.0003,0.0001,1e-05,0.8,0.7,480.1887315
0.0003,0.0001,1e-05,0.9,0.7,480.1977304
0.0003,0.0001,1e-05,1.0,0.7,480.2019955
0.00031,8.27e-05,0.0,0.0,0.69,300.0039999
0.00031,8.27e-05,0.0,0.1,0.69,422.6782428
0.00031,8.27e-05,0.0,0.2,0.69,461.9819585
0.00031,8.27e-05,0.0,0.3,0.69,473.156137
0.00031,8.27e-05,0.0,0.4,0.69,477.5991516
0.00031,8.27e-05,0.0,0.5,0.69,479.4902552
0.00031,8.27e-05,0.0,0.6,0.69,480.1008863
0.00031,8.27e-05,0.0,0.7,0.69,480.2099695
0.00031,8.27e-05,0.0,0.8,0.69,480.2050098
0.00031,8.27e-05,0.0,0.9,0.69,480.2140095
0.00031,8.27e-05,0.0,1.0,0.69,480.218275
0.00031,8.27e-05,1e-05,0.0,0.69,300.0039999
0.00031,8.27e-05,1e-05,0.1,0.69,422.6782428
0.00031,8.27e-05,1e-05,0.2,0.69,461.9819585
0.00031,8.27e-05,1e-05,0.3,0.69,473.156137
0.00031,8.27e-05,1e-05,0.4,0.69,477.5991516
0.00031,8.27e-05,1e-05,0.5,0.69,479.4902552
0.00031,8.27e-05,1e-05,0.6,0.69,480.1008863
0.00031,8.27e-05,1e-05,0.7,0.69,480.2099695
0.00031,8.27e-05,1e-05,0.8,0.69,480.2050098
0.00031,8.27e-05,1e-05,0.9,0.69,480.2140095
0.00031,8.27e-05,1e-05,1.0,0.69,480.218275
0.00032,6.69e-05,1e-05,0.0,0.68,300.0039999
0.00032,6.69e-05,1e-05,0.1,0.68,422.6851722
0.00032,6.69e-05,1e-05,0.2,0.68,461.99115
0.00032,6.69e-05,1e-05,0.3,0.68,473.1659712
0.00032,6.69e-05,1e-05,0.4,0.68,477.609242
0.00032,6.69e-05,1e-05,0.5,0.68,479.5004544
0.00032,6.69e-05,1e-05,0.6,0.68,480.1111207
0.00032,6.69e-05,1e-05,0.7,0.68,480.2202101
0.00032,6.69e-05,1e-05,0.8,0.68,480.2152502
0.00032,6.69e-05,1e-05,0.9,0.68,480.2242504
0.00032,6.69e-05,1e-05,1.0,0.68,480.2285161
0.00032,6.69e-05,0.0,0.0,0.68,300.0039999
0.00032,6.69e-05,0.0,0.1,0.68,422.6851722
0.00032,6.69e-05,0.0,0.2,0.68,461.99115
0.00032,6.69e-05,0.0,0.3,0.68,473.1659712
0.00032,6.69e-05,0.0,0.4,0.68,477.609242
0.00032,6.69e-05,0.0,0.5,0.68,479.5004544
0.00032,6.69e-05,0.0,0.6,0.68,480.1111207
0.00032,6.69e-05,0.0,0.7,0.68,480.2202101
0.00032,6.69e-05,0.0,0.8,0.68,480.2152502
0.00032,6.69e-05,0.0,0.9,0.68,480.2242504
0.00032,6.69e-05,0.0,1.0,0.68,480.2285161
0.00033,5.1e-05,0.0,0.0,0.67,300.0039999
0.00033,5.1e-05,0.0,0.1,0.67,422.6889438
0.00033,5.1e-05,0.0,0.2,0.67,461.9961701
0.00033,5.1e-05,0.0,0.3,0.67,473.1713458
0.00033,5.1e-05,0.0,0.4,0.67,477.6147582
0.00033,5.1e-05,0.0,0.5,0.67,479.5060307
0.00033,5.1e-05,0.0,0.6,0.67,480.1167164
0.00033,5.1e-05,0.0,0.7,0.67,480.2258092
0.00033,5.1e-05,0.0,0.8,0.67,480.2208492
0.00033,5.1e-05,0.0,0.9,0.67,480.2298497
0.00033,5.1e-05,0.0,1.0,0.67,480.2341155
0.00033,5.1e-05,1e-05,0.0,0.67,300.0039999
0.00033,5.1e-05,1e-05,0.1,0.67,422.6889438
0.00033,5.1e-05,1e-05,0.2,0.67,461.9961701
0.00033,5.1e-05,1e-05,0.3,0.67,473.1713458
0.00033,5.1e-05,1e-05,0.4,0.67,477.6147582
0.00033,5.1e-05,1e-05,0.5,0.67,479.5060307
0.00033,5.1e-05,1e-05,0.6,0.67,480.1167164
0.00033,5.1e-05,1e-05,0.7,0.67,480.2258092
0.00033,5.1e-05,1e-05,0.8,0.67,480.2208492
0.00033,5.1e-05,1e-05,0.9,0.67,480.2298497
0.00033,5.1e-05,1e-05,1.0,0.67,480.2341155
0.00034,3.46e-05,1e-05,0.0,0.66,300.0039999
0.00034,3.46e-05,1e-05,0.1,0.66,422.6894082
0.00034,3.46e-05,1e-05,0.2,0.66,461.9968211
0.00034,3.46e-05,1e-05,0.3,0.66,473.1720494
0.00034,3.46e-05,1e-05,0.4,0.66,477.6154833
0.00034,3.46e-05,1e-05,0.5,0.66,479.5067648
0.00034,3.46e-05,1e-05,0.6,0.66,480.1174535
0.00034,3.46e-05,1e-05,0.7,0.66,480.2265467
0.00034,3.46e-05,1e-05,0.8,0.66,480.2215867
0.00034,3.46e-05,1e-05,0.9,0.66,480.2305872
0.00034,3.46e-05,1e-05,1.0,0.66,480.2348531
0.00034,3.46e-05,0.0,0.0,0.66,300.0039999
0.00034,3.46e-05,0.0,0.1,0.66,422.6894082
0.00034,3.46e-05,0.0,0.2,0.66,461.9968211
0.00034,3.46e-05,0.0,0.3,0.66,473.1720494
0.00034,3.46e-05,0.0,0.4,0.66,477.6154833
0.00034,3.46e-05,0.0,0.5,0.66,479.5067648
0.00034,3.46e-05,0.0,0.6,0.66,480.1174535
0.00034,3.46e-05,0.0,0.7,0.66,480.2265467
0.00034,3.46e-05,0.0,0.8,0.66,480.2215867
0.00034,3.46e-05,0.0,0.9,0.66,480.2305872
0.00034,3.46e-05,0.0,1.0,0.66,480.2348531
0.00035,1.73e-05,1e-05,0.0,0.65,300.0039999
0.00035,1.73e-05,1e-05,0.1,0.65,422.6860941
0.00035,1.73e-05,1e-05,0.2,0.65,461.9924805
0.00035,1.73e-05,1e-05,0.3,0.65,473.1674166
0.00035,1.73e-05,1e-05,0.4,0.65,477.6107349
0.00035,1.73e-05,1e-05,0.5,0.65,479.5019671
0.00035,1.73e-05,1e-05,0.6,0.65,480.1126399
0.00035,1.73e-05,1e-05,0.7,0.65,480.2217302
0.00035,1.73e-05,1e-05,0.8,0.65,480.2167704
0.00035,1.73e-05,1e-05,0.9,0.65,480.2257706
0.00035,1.73e-05,1e-05,1.0,0.65,480.2300363
0.00035,1.73e-05,0.0,0.0,0.65,300.0039999
0.00035,1.73e-05,0.0,0.1,0.65,422.6860941
0.00035,1.73e-05,0.0,0.2,0.65,461.9924805
0.00035,1.73e-05,0.0,0.3,0.65,473.1674166
0.00035,1.73e-05,0.0,0.4,0.65,477.6107349
0.00035,1.73e-05,0.0,0.5,0.65,479.5019671
0.00035,1.73e-05,0.0,0.6,0.65,480.1126399
0.00035,1.73e-05,0.0,0.7,0.65,480.2217302
0.00035,1.73e-05,0.0,0.8,0.65,480.2167704
0.00035,1.73e-05,0.0,0.9,0.65,480.2257706
0.00035,1.73e-05,0.0,1.0,0.65,480.2300363
0.00036,0.0,1e-05,0.0,0.64,300.0039998
0.00036,0.0,1e-05,0.1,0.64,422.6789819
0.00036,0.0,1e-05,0.2,0.64,461.9831236
0.00036,0.0,1e-05,0.3,0.64,473.1574211
0.00036,0.0,1e-05,0.4,0.64,477.600486
0.00036,0.0,1e-05,0.5,0.64,479.4916102
0.00036,0.0,1e-05,0.6,0.64,480.1022481
0.00036,0.0,1e-05,0.7,0.64,480.2113322
0.00036,0.0,1e-05,0.8,0.64,480.2063727
0.00036,0.0,1e-05,0.9,0.64,480.2153723
0.00036,0.0,1e-05,1.0,0.64,480.2196378
0.00036,0.0,0.0,0.0,0.64,300.0039998
0.00036,0.0,0.0,0.1,0.64,422.6789819
0.00036,0.0,0.0,0.2,0.64,461.9831236
0.00036,0.0,0.0,0.3,0.64,473.1574211
0.00036,0.0,0.0,0.4,0.64,477.600486
0.00036,0.0,0.0,0.5,0.64,479.4916102
0.00036,0.0,0.0,0.6,0.64,480.1022481
0.00036,0.0,0.0,0.7,0.64,480.2113322
0.00036,0.0,0.0,0.8,0.64,480.2063727
0.00036,0.0,0.0,0.9,0.64,480.2153724
0.00036,0.0,0.0,1.0,0.64,480.2196379
0.00032,0.0001,0.0,0.0,0.68,300.0039998
0.00032,0.0001,0.0,0.1,0.68,422.6715998
0.00032,0.0001,0.0,0.2,0.68,461.973228
0.00032,0.0001,0.0,0.3,0.68,473.1468125
0.00032,0.0001,0.0,0.4,0.68,477.5895916
0.00032,0.0001,0.0,0.5,0.68,479.4805947
0.00032,0.0001,0.0,0.6,0.68,480.0911935
0.00032,0.0001,0.0,0.7,0.68,480.2002708
0.00032,0.0001,0.0,0.8,0.68,480.1953114
0.00032,0.0001,0.0,0.9,0.68,480.2043106
0.00032,0.0001,0.0,1.0,0.68,480.2085759
0.00032,9.31e-05,5e-06,0.0,0.68,300.0039999
0.00032,9.31e-05,5e-06,0.1,0.68,422.6770879
0.00032,9.31e-05,5e-06,0.2,0.68,461.9804745
0.00032,9.31e-05,5e-06,0.3,0.68,473.154559
0.00032,9.31e-05,5e-06,0.4,0.68,477.5975368
0.00032,9.31e-05,5e-06,0.5,0.68,479.4886246
0.00032,9.31e-05,5e-06,0.6,0.68,480.0992506
0.00032,9.31e-05,5e-06,0.7,0.68,480.2083329
0.00032,9.31e-05,5e-06,0.8,0.68,480.2033733
0.00032,9.31e-05,5e-06,0.9,0.68,480.2123729
0.00032,9.31e-05,5e-06,1.0,0.68,480.2166383
0.00032,0.0001,1e-05,0.0,0.68,300.0039998
0.00032,0.0001,1e-05,0.1,0.68,422.6715998
0.00032,0.0001,1e-05,0.2,0.68,461.9732279
0.00032,0.0001,1e-05,0.3,0.68,473.1468125
0.00032,0.0001,1e-05,0.4,0.68,477.5895916
0.00032,0.0001,1e-05,0.5,0.68,479.4805947
0.00032,0.0001,1e-05,0.6,0.68,480.0911934
0.00032,0.0001,1e-05,0.7,0.68,480.2002708
0.00032,0.0001,1e-05,0.8,0.68,480.1953114
0.00032,0.0001,1e-05,0.9,0.68,480.2043106
0.00032,0.0001,1e-05,1.0,0.68,480.2085758
0.00033,8.27e-05,1e-05,0.0,0.67,300.0039999
0.00033,8.27e-05,1e-05,0.1,0.67,422.682403
0.00033,8.27e-05,1e-05,0.2,0.67,461.9875327
0.00033,8.27e-05,1e-05,0.3,0.67,473.1621123
0.00033,8.27e-05,1e-05,0.4,0.67,477.6052876
0.00033,8.27e-05,1e-05,0.5,0.67,479.4964593
0.00033,8.27e-05,1e-05,0.6,0.67,480.1071124
0.00033,8.27e-05,1e-05,0.7,0.67,480.2161994
0.00033,8.27e-05,1e-05,0.8,0.67,480.2112396
0.00033,8.27e-05,1e-05,0.9,0.67,480.2202396
0.00033,8.27e-05,1e-05,1.0,0.67,480.2245052
0.00033,8.27e-05,0.0,0.0,0.67,300.0039999
0.00033,8.27e-05,0.0,0.1,0.67,422.682403
0.00033,8.27e-05,0.0,0.2,0.67,461.9875327
0.00033,8.27e-05,0.0,0.3,0.67,473.1621122
0.00033,8.27e-05,0.0,0.4,0.67,477.6052876
0.00033,8.27e-05,0.0,0.5,0.67,479.4964593
0.00033,8.27e-05,0.0,0.6,0.67,480.1071124
0.00033,8.27e-05,0.0,0.7,0.67,480.2161994
0.00033,8.27e-05,0.0,0.8,0.67,480.2112396
0.00033,8.27e-05,0.0,0.9,0.67,480.2202396
0.00033,8.27e-05,0.0,1.0,0.67,480.2245052
0.00034,0.0001,0.0,0.0,0.66,300.0039998
0.00034,0.0001,0.0,0.1,0.66,422.6755247
0.00034,0.0001,0.0,0.2,0.66,461.9784882
0.00034,0.0001,0.0,0.3,0.66,473.1524515
0.00034,0.0001,0.0,0.4,0.66,477.5953824
0.00034,0.0001,0.0,0.5,0.66,479.4864499
0.00034,0.0001,0.0,0.6,0.66,480.0970694
0.00034,0.0001,0.0,0.7,0.66,480.2061504
0.00034,0.0001,0.0,0.8,0.66,480.2011909
0.00034,0.0001,0.0,0.9,0.66,480.2101904
0.00034,0.0001,0.0,1.0,0.66,480.2144557
0.00034,6.69e-05,1e-05,0.0,0.66,300.0039999
0.00034,6.69e-05,1e-05,0.1,0.66,422.6890976
0.00034,6.69e-05,1e-05,0.2,0.66,461.9964109
0.00034,6.69e-05,1e-05,0.3,0.66,473.1716109
0.00034,6.69e-05,1e-05,0.4,0.66,477.6150335
0.00034,6.69e-05,1e-05,0.5,0.66,479.5063103
0.00034,6.69e-05,1e-05,0.6,0.66,480.1169974
0.00034,6.69e-05,1e-05,0.7,0.66,480.2260904
0.00034,6.69e-05,1e-05,0.8,0.66,480.2211304
0.00034,6.69e-05,1e-05,0.9,0.66,480.2301309
0.00034,6.69e-05,1e-05,1.0,0.66,480.2343967
0.00034,6.69e-05,0.0,0.0,0.66,300.0039999
0.00034,6.69e-05,0.0,0.1,0.66,422.6890976
0.00034,6.69e-05,0.0,0.2,0.66,461.9964109
0.00034,6.69e-05,0.0,0.3,0.66,473.1716109
0.00034,6.69e-05,0.0,0.4,0.66,477.6150335
0.00034,6.69e-05,0.0,0.5,0.66,479.5063103
0.00034,6.69e-05,0.0,0.6,0.66,480.1169974
0.00034,6.69e-05,0.0,0.7,0.66,480.2260904
0.00034,6.69e-05,0.0,0.8,0.66,480.2211304
0.00034,6.69e-05,0.0,0.9,0.66,480.2301309
0.00034,6.69e-05,0.0,1.0,0.66,480.2343967
0.00035,5.1e-05,0.0,0.0,0.65,300.0039999
0.00035,5.1e-05,0.0,0.1,0.65,422.6926351
0.00035,5.1e-05,0.0,0.2,0.65,462.0011183
0.00035,5.1e-05,0.0,0.3,0.65,473.1766505
0.00035,5.1e-05,0.0,0.4,0.65,477.6202058
0.00035,5.1e-05,0.0,0.5,0.65,479.5115389
0.00035,5.1e-05,0.0,0.6,0.65,480.1222442
0.00035,5.1e-05,0.0,0.7,0.65,480.2313403
0.00035,5.1e-05,0.0,0.8,0.65,480.2263803
0.00035,5.1e-05,0.0,0.9,0.65,480.235381
0.00035,5.1e-05,0.0,1.0,0.65,480.2396469
0.00035,5.1e-05,1e-05,0.0,0.65,300.0039999
0.00035,5.1e-05,1e-05,0.1,0.65,422.6926351
0.00035,5.1e-05,1e-05,0.2,0.65,462.0011183
0.00035,5.1e-05,1e-05,0.3,0.65,473.1766505
0.00035,5.1e-05,1e-05,0.4,0.65,477.6202058
0.00035,5.1e-05,1e-05,0.5,0.65,479.5115388
0.00035,5.1e-05,1e-05,0.6,0.65,480.1222442
0.00035,5.1e-05,1e-05,0.7,0.65,480.2313403
0.00035,5.1e-05,1e-05,0.8,0.65,480.2263803
0.00035,5.1e-05,1e-05,0.9,0.65,480.235381
0.00035,5.1e-05,1e-05,1.0,0.65,480.2396469
0.00036,3.44e-05,5e-06,0.0,0.64,300.004
0.00036,3.44e-05,5e-06,0.1,0.64,422.6943483
0.00036,3.44e-05,5e-06,0.2,0.64,462.0034145
0.00036,3.44e-05,5e-06,0.3,0.64,473.1791121
0.00036,3.44e-05,5e-06,0.4,0.64,477.6227336
0.00036,3.44e-05,5e-06,0.5,0.64,479.5140948
0.00036,3.44e-05,5e-06,0.6,0.64,480.1248092
0.00036,3.44e-05,5e-06,0.7,0.64,480.2339069
0.00036,3.44e-05,5e-06,0.8,0.64,480.2289468
0.00036,3.44e-05,5e-06,0.9,0.64,480.2379476
0.00036,3.44e-05,5e-06,1.0,0.64,480.2422137
0.00036,3.46e-05,1e-05,0.0,0.64,300.0039999
0.00036,3.46e-05,1e-05,0.1,0.64,422.6928658
0.00036,3.46e-05,1e-05,0.2,0.64,462.001457
0.00036,3.46e-05,1e-05,0.3,0.64,473.1770195
0.00036,3.46e-05,1e-05,0.4,0.64,477.6205874
0.00036,3.46e-05,1e-05,0.5,0.64,479.5119257
0.00036,3.46e-05,1e-05,0.6,0.64,480.1226327
0.00036,3.46e-05,1e-05,0.7,0.64,480.2317291
0.00036,3.46e-05,1e-05,0.8,0.64,480.2267691
0.00036,3.46e-05,1e-05,0.9,0.64,480.2357698
0.00036,3.46e-05,1e-05,1.0,0.64,480.2400357
0.00036,3.46e-05,0.0,0.0,0.64,300.0039999
0.00036,3.46e-05,0.0,0.1,0.64,422.6928658
0.00036,3.46e-05,0.0,0.2,0.64,462.001457
0.00036,3.46e-05,0.0,0.3,0.64,473.1770195
0.00036,3.46e-05,0.0,0.4,0.64,477.6205874
0.00036,3.46e-05,0.0,0.5,0.64,479.5119257
0.00036,3.46e-05,0.0,0.6,0.64,480.1226327
0.00036,3.46e-05,0.0,0.7,0.64,480.2317291
0.00036,3.46e-05,0.0,0.8,0.64,480.2267691
0.00036,3.46e-05,0.0,0.9,0.64,480.2357698
0.00036,3.46e-05,0.0,1.0,0.64,480.2400357
0.00037,1.73e-05,0.0,0.0,0.63,300.0039999
0.00037,1.73e-05,0.0,0.1,0.63,422.6893184
0.00037,1.73e-05,0.0,0.2,0.63,461.9968046
0.00037,1.73e-05,0.0,0.3,0.63,473.1720526
0.00037,1.73e-05,0.0,0.4,0.63,477.615496
0.00037,1.73e-05,0.0,0.5,0.63,479.5067811
0.00037,1.73e-05,0.0,0.6,0.63,480.117471
0.00037,1.73e-05,0.0,0.7,0.63,480.2265643
0.00037,1.73e-05,0.0,0.8,0.63,480.2216045
0.00037,1.73e-05,0.0,0.9,0.63,480.2306049
0.00037,1.73e-05,0.0,1.0,0.63,480.2348707
0.00037,1.73e-05,1e-05,0.0,0.63,300.0039999
0.00037,1.73e-05,1e-05,0.1,0.63,422.6893184
0.00037,1.73e-05,1e-05,0.2,0.63,461.9968046
0.00037,1.73e-05,1e-05,0.3,0.63,473.1720526
0.00037,1.73e-05,1e-05,0.4,0.63,477.615496
0.00037,1.73e-05,1e-05,0.5,0.63,479.5067811
0.00037,1.73e-05,1e-05,0.6,0.63,480.117471
0.00037,1.73e-05,1e-05,0.7,0.63,480.2265643
0.00037,1.73e-05,1e-05,0.8,0.63,480.2216045
0.00037,1.73e-05,1e-05,0.9,0.63,480.2306049
0.00037,1.73e-05,1e-05,1.0,0.63,480.2348707
0.00037,1.04e-05,5e-06,0.0,0.63,300.0039999
0.00037,1.04e-05,5e-06,0.1,0.63,422.6877809
0.00037,1.04e-05,5e-06,0.2,0.63,461.9947742
0.00037,1.04e-05,5e-06,0.3,0.63,473.169882
0.00037,1.04e-05,5e-06,0.4,0.63,477.6132697
0.00037,1.04e-05,5e-06,0.5,0.63,479.5045311
0.00037,1.04e-05,5e-06,0.6,0.63,480.1152134
0.00037,1.04e-05,5e-06,0.7,0.63,480.2243053
0.00037,1.04e-05,5e-06,0.8,0.63,480.2193455
0.00037,1.04e-05,5e-06,0.9,0.63,480.2283458
0.00037,1.04e-05,5e-06,1.0,0.63,480.2326116
0.00038,0.0,1e-05,0.0,0.62,300.0039998
0.00038,0.0,1e-05,0.1,0.62,422.6819735
0.00038,0.0,1e-05,0.2,0.62,461.9871363
0.00038,0.0,1e-05,0.3,0.62,473.1617234
0.00038,0.0,1e-05,0.4,0.62,477.6049044
0.00038,0.0,1e-05,0.5,0.62,479.4960779
0.00038,0.0,1e-05,0.6,0.62,480.1067317
0.00038,0.0,1e-05,0.7,0.62,480.2158185
0.00038,0.0,1e-05,0.8,0.62,480.210859
0.00038,0.0,1e-05,0.9,0.62,480.2198588
0.00038,0.0,1e-05,1.0,0.62,480.2241244
0.00038,0.0,0.0,0.0,0.62,300.0039998
0.00038,0.0,0.0,0.1,0.62,422.6819735
0.00038,0.0,0.0,0.2,0.62,461.9871363
0.00038,0.0,0.0,0.3,0.62,473.1617234
0.00038,0.0,0.0,0.4,0.62,477.6049044
0.00038,0.0,0.0,0.5,0.62,479.4960778
0.00038,0.0,0.0,0.6,0.62,480.1067317
0.00038,0.0,0.0,0.7,0.62,480.2158184
0.00038,0.0,0.0,0.8,0.62,480.2108589
0.00038,0.0,0.0,0.9,0.62,480.2198588
0.00038,0.0,0.0,1.0,0.62,480.2241244
0.00034,0.0001,1e-05,0.0,0.66,300.0039998
0.00034,0.0001,1e-05,0.1,0.66,422.6755247
0.00034,0.0001,1e-05,0.2,0.66,461.9784882
0.00034,0.0001,1e-05,0.3,0.66,473.1524515
0.00034,0.0001,1e-05,0.4,0.66,477.5953824
0.00034,0.0001,1e-05,0.5,0.66,479.4864499
0.00034,0.0001,1e-05,0.6,0.66,480.0970694
0.00034,0.0001,1e-05,0.7,0.66,480.2061503
0.00034,0.0001,1e-05,0.8,0.66,480.2011909
0.00034,0.0001,1e-05,0.9,0.66,480.2101904
0.00034,0.0001,1e-05,1.0,0.66,480.2144557
0.00035,8.27e-05,1e-05,0.0,0.65,300.0039999
0.00035,8.27e-05,1e-05,0.1,0.65,422.6860941
0.00035,8.27e-05,1e-05,0.2,0.65,461.9924805
0.00035,8.27e-05,1e-05,0.3,0.65,473.1674166
0.00035,8.27e-05,1e-05,0.4,0.65,477.6107349
0.00035,8.27e-05,1e-05,0.5,0.65,479.5019671
0.00035,8.27e-05,1e-05,0.6,0.65,480.1126399
0.00035,8.27e-05,1e-05,0.7,0.65,480.2217302
0.00035,8.27e-05,1e-05,0.8,0.65,480.2167704
0.00035,8.27e-05,1e-05,0.9,0.65,480.2257706
0.00035,8.27e-05,1e-05,1.0,0.65,480.2300363
0.00035,8.27e-05,0.0,0.0,0.65,300.0039999
0.00035,8.27e-05,0.0,0.1,0.65,422.6860941
0.00035,8.27e-05,0.0,0.2,0.65,461.9924805
0.00035,8.27e-05,0.0,0.3,0.65,473.1674166
0.00035,8.27e-05,0.0,0.4,0.65,477.6107349
0.00035,8.27e-05,0.0,0.5,0.65,479.5019671
0.00035,8.27e-05,0.0,0.6,0.65,480.1126399
0.00035,8.27e-05,0.0,0.7,0.65,480.2217302
0.00035,8.27e-05,0.0,0.8,0.65,480.2167704
0.00035,8.27e-05,0.0,0.9,0.65,480.2257706
0.00035,8.27e-05,0.0,1.0,0.65,480.2300363
0.000355,7.48e-05,5e-06,0.0,0.645,300.004
0.000355,7.48e-05,5e-06,0.1,0.645,422.6912532
0.000355,7.48e-05,5e-06,0.2,0.645,461.9993104
0.000355,7.48e-05,5e-06,0.3,0.645,473.1747213
0.000355,7.48e-05,5e-06,0.4,0.645,477.6182286
0.000355,7.48e-05,5e-06,0.5,0.645,479.5095412
0.000355,7.48e-05,5e-06,0.6,0.645,480.1202399
0.000355,7.48e-05,5e-06,0.7,0.645,480.2293349
0.000355,7.48e-05,5e-06,0.8,0.645,480.2243749
0.000355,7.48e-05,5e-06,0.9,0.645,480.2333755
0.000355,7.48e-05,5e-06,1.0,0.645,480.2376414
0.00036,0.0001,0.0,0.0,0.64,300.0039998
0.00036,0.0001,0.0,0.1,0.64,422.6789819
0.00036,0.0001,0.0,0.2,0.64,461.9831236
0.00036,0.0001,0.0,0.3,0.64,473.1574211
0.00036,0.0001,0.0,0.4,0.64,477.600486
0.00036,0.0001,0.0,0.5,0.64,479.4916102
0.00036,0.0001,0.0,0.6,0.64,480.1022481
0.00036,0.0001,0.0,0.7,0.64,480.2113321
0.00036,0.0001,0.0,0.8,0.64,480.2063727
0.00036,0.0001,0.0,0.9,0.64,480.2153723
0.00036,0.0001,0.0,1.0,0.64,480.2196378
0.00036,6.69e-05,1e-05,0.0,0.64,300.0039999
0.00036,6.69e-05,1e-05,0.1,0.64,422.6925552
0.00036,6.69e-05,1e-05,0.2,0.64,462.0010468
0.00036,6.69e-05,1e-05,0.3,0.64,473.176581
0.00036,6.69e-05,1e-05,0.4,0.64,477.6201376
0.00036,6.69e-05,1e-05,0.5,0.64,479.5114712
0.00036,6.69e-05,1e-05,0.6,0.64,480.1221766
0.00036,6.69e-05,1e-05,0.7,0.64,480.2312728
0.00036,6.69e-05,1e-05,0.8,0.64,480.2263127
0.00036,6.69e-05,1e-05,0.9,0.64,480.2353134
0.00036,6.69e-05,1e-05,1.0,0.64,480.2395794
0.00036,6.69e-05,0.0,0.0,0.64,300.0039999
0.00036,6.69e-05,0.0,0.1,0.64,422.6925552
0.00036,6.69e-05,0.0,0.2,0.64,462.0010468
0.00036,6.69e-05,0.0,0.3,0.64,473.176581
0.00036,6.69e-05,0.0,0.4,0.64,477.6201376
0.00036,6.69e-05,0.0,0.5,0.64,479.5114712
0.00036,6.69e-05,0.0,0.6,0.64,480.1221766
0.00036,6.69e-05,0.0,0.7,0.64,480.2312728
0.00036,6.69e-05,0.0,0.8,0.64,480.2263127
0.00036,6.69e-05,0.0,0.9,0.64,480.2353134
0.00036,6.69e-05,0.0,1.0,0.64,480.2395794
0.00037,5.1e-05,0.0,0.0,0.63,300.0039999
0.00037,5.1e-05,0.0,0.1,0.63,422.6958596
0.00037,5.1e-05,0.0,0.2,0.63,462.0054426
0.00037,5.1e-05,0.0,0.3,0.63,473.1812867
0.00037,5.1e-05,0.0,0.4,0.63,477.6249671
0.00037,5.1e-05,0.0,0.5,0.63,479.5163532
0.00037,5.1e-05,0.0,0.6,0.63,480.1270756
0.00037,5.1e-05,0.0,0.7,0.63,480.2361747
0.00037,5.1e-05,0.0,0.8,0.63,480.2312146
0.00037,5.1e-05,0.0,0.9,0.63,480.2402155
0.00037,5.1e-05,0.0,1.0,0.63,480.2444816
0.00037,5.1e-05,1e-05,0.0,0.63,300.0039999
0.00037,5.1e-05,1e-05,0.1,0.63,422.6958596
0.00037,5.1e-05,1e-05,0.2,0.63,462.0054426
0.00037,5.1e-05,1e-05,0.3,0.63,473.1812867
0.00037,5.1e-05,1e-05,0.4,0.63,477.6249671
0.00037,5.1e-05,1e-05,0.5,0.63,479.5163532
0.00037,5.1e-05,1e-05,0.6,0.63,480.1270756
0.00037,5.1e-05,1e-05,0.7,0.63,480.2361747
0.00037,5.1e-05,1e-05,0.8,0.63,480.2312146
0.00037,5.1e-05,1e-05,0.9,0.63,480.2402155
0.00037,5.1e-05,1e-05,1.0,0.63,480.2444816
0.00038,3.46e-05,1e-05,0.0,0.62,300.0039999
0.00038,3.46e-05,1e-05,0.1,0.62,422.6958577
0.00038,3.46e-05,1e-05,0.2,0.62,462.0054701
0.00038,3.46e-05,1e-05,0.3,0.62,473.1813223
0.00038,3.46e-05,1e-05,0.4,0.62,477.6250063
0.00038,3.46e-05,1e-05,0.5,0.62,479.5163938
0.00038,3.46e-05,1e-05,0.6,0.62,480.1271168
0.00038,3.46e-05,1e-05,0.7,0.62,480.2362159
0.00038,3.46e-05,1e-05,0.8,0.62,480.2312559
0.00038,3.46e-05,1e-05,0.9,0.62,480.2402567
0.00038,3.46e-05,1e-05,1.0,0.62,480.2445228
0.00038,3.46e-05,0.0,0.0,0.62,300.0039999
0.00038,3.46e-05,0.0,0.1,0.62,422.6958577
0.00038,3.46e-05,0.0,0.2,0.62,462.0054701
0.00038,3.46e-05,0.0,0.3,0.62,473.1813223
0.00038,3.46e-05,0.0,0.4,0.62,477.6250063
0.00038,3.46e-05,0.0,0.5,0.62,479.5163938
0.00038,3.46e-05,0.0,0.6,0.62,480.1271168
0.00038,3.46e-05,0.0,0.7,0.62,480.2362159
0.00038,3.46e-05,0.0,0.8,0.62,480.2312559
0.00038,3.46e-05,0.0,0.9,0.62,480.2402567
0.00038,3.46e-05,0.0,1.0,0.62,480.2445228
0.00039,1.73e-05,0.0,0.0,0.61,300.0039999
0.00039,1.73e-05,0.0,0.1,0.61,422.6920782
0.00039,1.73e-05,0.0,0.2,0.61,462.000507
0.00039,1.73e-05,0.0,0.3,0.61,473.1760224
0.00039,1.73e-05,0.0,0.4,0.61,477.6195729
0.00039,1.73e-05,0.0,0.5,0.61,479.5109035
0.00039,1.73e-05,0.0,0.6,0.61,480.1216081
0.00039,1.73e-05,0.0,0.7,0.61,480.2307039
0.00039,1.73e-05,0.0,0.8,0.61,480.225744
0.00039,1.73e-05,0.0,0.9,0.61,480.2347446
0.00039,1.73e-05,0.0,1.0,0.61,480.2390106
0.00039,1.73e-05,1e-05,0.0,0.61,300.0039999
0.00039,1.73e-05,1e-05,0.1,0.61,422.6920782
0.00039,1.73e-05,1e-05,0.2,0.61,462.000507
0.00039,1.73e-05,1e-05,0.3,0.61,473.1760224
0.00039,1.73e-05,1e-05,0.4,0.61,477.6195729
0.00039,1.73e-05,1e-05,0.5,0.61,479.5109035
0.00039,1.73e-05,1e-05,0.6,0.61,480.1216081
0.00039,1.73e-05,1e-05,0.7,0.61,480.2307039
0.00039,1.73e-05,1e-05,0.8,0.61,480.225744
0.00039,1.73e-05,1e-05,0.9,0.61,480.2347446
0.00039,1.73e-05,1e-05,1.0,0.61,480.2390106
0.0004,0.0,1e-05,0.0,0.6,300.0039998
0.0004,0.0,1e-05,0.1,0.6,422.6845015
0.0004,0.0,1e-05,0.2,0.6,461.9905283
0.0004,0.0,1e-05,0.3,0.6,473.1653605
0.0004,0.0,1e-05,0.4,0.6,477.6086398
0.0004,0.0,1e-05,0.5,0.6,479.4998548
0.0004,0.0,1e-05,0.6,0.6,480.1105221
0.0004,0.0,1e-05,0.7,0.6,480.2196112
0.0004,0.0,1e-05,0.8,0.6,480.2146517
0.0004,0.0,1e-05,0.9,0.6,480.2236517
0.0004,0.0,1e-05,1.0,0.6,480.2279174
0.000405,8.66e-06,5e-06,0.0,0.595,300.0039999
0.000405,8.66e-06,5e-06,0.1,0.595,422.6914467
0.000405,8.66e-06,5e-06,0.2,0.595,461.999711
0.000405,8.66e-06,5e-06,0.3,0.595,473.1751791
0.000405,8.66e-06,5e-06,0.4,0.595,477.6187115
0.000405,8.66e-06,5e-06,0.5,0.595,479.5100342
0.000405,8.66e-06,5e-06,0.6,0.595,480.1207363
0.000405,8.66e-06,5e-06,0.7,0.595,480.2298316
0.000405,8.66e-06,5e-06,0.8,0.595,480.2248718
0.000405,8.66e-06,5e-06,0.9,0.595,480.2338723
0.000405,8.66e-06,5e-06,1.0,0.595,480.2381382
0.0004,0.0,0.0,0.0,0.6,300.0039998
0.0004,0.0,0.0,0.1,0.6,422.6845015
0.0004,0.0,0.0,0.2,0.6,461.9905283
0.0004,0.0,0.0,0.3,0.6,473.1653605
0.0004,0.0,0.0,0.4,0.6,477.6086398
0.0004,0.0,0.0,0.5,0.6,479.4998549
0.0004,0.0,0.0,0.6,0.6,480.1105222
0.0004,0.0,0.0,0.7,0.6,480.2196112
0.0004,0.0,0.0,0.8,0.6,480.2146517
0.0004,0.0,0.0,0.9,0.6,480.2236517
0.0004,0.0,0.0,1.0,0.6,480.2279174
0.00036,0.0001,1e-05,0.0,0.64,300.0039998
0.00036,0.0001,1e-05,0.1,0.64,422.6789819
0.00036,0.0001,1e-05,0.2,0.64,461.9831236
0.00036,0.0001,1e-05,0.3,0.64,473.1574211
0.00036,0.0001,1e-05,0.4,0.64,477.600486
0.00036,0.0001,1e-05,0.5,0.64,479.4916102
0.00036,0.0001,1e-05,0.6,0.64,480.1022481
0.00036,0.0001,1e-05,0.7,0.64,480.2113322
0.00036,0.0001,1e-05,0.8,0.64,480.2063727
0.00036,0.0001,1e-05,0.9,0.64,480.2153724
0.00036,0.0001,1e-05,1.0,0.64,480.2196378
0.00037,8.27e-05,0.0,0.0,0.63,300.0039999
0.00037,8.27e-05,0.0,0.1,0.63,422.6893184
0.00037,8.27e-05,0.0,0.2,0.63,461.9968046
0.00037,8.27e-05,0.0,0.3,0.63,473.1720526
0.00037,8.27e-05,0.0,0.4,0.63,477.615496
0.00037,8.27e-05,0.0,0.5,0.63,479.5067811
0.00037,8.27e-05,0.0,0.6,0.63,480.1174711
0.00037,8.27e-05,0.0,0.7,0.63,480.2265643
0.00037,8.27e-05,0.0,0.8,0.63,480.2216045
0.00037,8.27e-05,0.0,0.9,0.63,480.2306049
0.00037,8.27e-05,0.0,1.0,0.63,480.2348707
0.00037,8.27e-05,1e-05,0.0,0.63,300.0039999
0.00037,8.27e-05,1e-05,0.1,0.63,422.6893184
0.00037,8.27e-05,1e-05,0.2,0.63,461.9968046
0.00037,8.27e-05,1e-05,0.3,0.63,473.1720526
0.00037,8.27e-05,1e-05,0.4,0.63,477.615496
0.00037,8.27e-05,1e-05,0.5,0.63,479.5067812
0.00037,8.27e-05,1e-05,0.6,0.63,480.1174711
0.00037,8.27e-05,1e-05,0.7,0.63,480.2265643
0.00037,8.27e-05,1e-05,0.8,0.63,480.2216045
0.00037,8.27e-05,1e-05,0.9,0.63,480.2306049
0.00037,8.27e-05,1e-05,1.0,0.63,480.2348707
0.00038,0.0001,0.0,0.0,0.62,300.0039998
0.00038,0.0001,0.0,0.1,0.62,422.6819735
0.00038,0.0001,0.0,0.2,0.62,461.9871363
0.00038,0.0001,0.0,0.3,0.62,473.1617234
0.00038,0.0001,0.0,0.4,0.62,477.6049044
0.00038,0.0001,0.0,0.5,0.62,479.4960779
0.00038,0.0001,0.0,0.6,0.62,480.1067317
0.00038,0.0001,0.0,0.7,0.62,480.2158185
0.00038,0.0001,0.0,0.8,0.62,480.210859
0.00038,0.0001,0.0,0.9,0.62,480.2198588
0.00038,0.0001,0.0,1.0,0.62,480.2241244
0.00038,6.69e-05,1e-05,0.0,0.62,300.0039999
0.00038,6.69e-05,1e-05,0.1,0.62,422.6955471
0.00038,6.69e-05,1e-05,0.2,0.62,462.0050599
0.00038,6.69e-05,1e-05,0.3,0.62,473.1808838
0.00038,6.69e-05,1e-05,0.4,0.62,477.6245566
0.00038,6.69e-05,1e-05,0.5,0.62,479.5159393
0.00038,6.69e-05,1e-05,0.6,0.62,480.1266607
0.00038,6.69e-05,1e-05,0.7,0.62,480.2357596
0.00038,6.69e-05,1e-05,0.8,0.62,480.2307995
0.00038,6.69e-05,1e-05,0.9,0.62,480.2398003
0.00038,6.69e-05,1e-05,1.0,0.62,480.2440664
0.00038,6.69e-05,0.0,0.0,0.62,300.0039999
0.00038,6.69e-05,0.0,0.1,0.62,422.6955471
0.00038,6.69e-05,0.0,0.2,0.62,462.0050599
0.00038,6.69e-05,0.0,0.3,0.62,473.1808838
0.00038,6.69e-05,0.0,0.4,0.62,477.6245566
0.00038,6.69e-05,0.0,0.5,0.62,479.5159393
0.00038,6.69e-05,0.0,0.6,0.62,480.1266607
0.00038,6.69e-05,0.0,0.7,0.62,480.2357596
0.00038,6.69e-05,0.0,0.8,0.62,480.2307995
0.00038,6.69e-05,0.0,0.9,0.62,480.2398003
0.00038,6.69e-05,0.0,1.0,0.62,480.2440664
0.00039,5.1e-05,0.0,0.0,0.61,300.0039999
0.00039,5.1e-05,0.0,0.1,0.61,422.6986195
0.00039,5.1e-05,0.0,0.2,0.61,462.0091452
0.00039,5.1e-05,0.0,0.3,0.61,473.1852567
0.00039,5.1e-05,0.0,0.4,0.61,477.6290443
0.00039,5.1e-05,0.0,0.5,0.61,479.5204758
0.00039,5.1e-05,0.0,0.6,0.61,480.1312129
0.00039,5.1e-05,0.0,0.7,0.61,480.2403145
0.00039,5.1e-05,0.0,0.8,0.61,480.2353544
0.00039,5.1e-05,0.0,0.9,0.61,480.2443555
0.00039,5.1e-05,0.0,1.0,0.61,480.2486216
0.00039,5.1e-05,1e-05,0.0,0.61,300.0039999
0.00039,5.1e-05,1e-05,0.1,0.61,422.6986195
0.00039,5.1e-05,1e-05,0.2,0.61,462.0091452
0.00039,5.1e-05,1e-05,0.3,0.61,473.1852567
0.00039,5.1e-05,1e-05,0.4,0.61,477.6290443
0.00039,5.1e-05,1e-05,0.5,0.61,479.5204758
0.00039,5.1e-05,1e-05,0.6,0.61,480.1312129
0.00039,5.1e-05,1e-05,0.7,0.61,480.2403145
0.00039,5.1e-05,1e-05,0.8,0.61,480.2353544
0.00039,5.1e-05,1e-05,0.9,0.61,480.2443555
0.00039,5.1e-05,1e-05,1.0,0.61,480.2486216
0.000395,5.9e-05,5e-06,0.0,0.605,300.004
0.000395,5.9e-05,5e-06,0.1,0.605,422.7002835
0.000395,5.9e-05,5e-06,0.2,0.605,462.0113554
0.000395,5.9e-05,5e-06,0.3,0.605,473.1876221
0.000395,5.9e-05,5e-06,0.4,0.605,477.6314716
0.000395,5.9e-05,5e-06,0.5,0.605,479.5229294
0.000395,5.9e-05,5e-06,0.6,0.605,480.1336751
0.000395,5.9e-05,5e-06,0.7,0.605,480.2427782
0.000395,5.9e-05,5e-06,0.8,0.605,480.237818
0.000395,5.9e-05,5e-06,0.9,0.605,480.2468191
0.000395,5.9e-05,5e-06,1.0,0.605,480.2510854
0.0004,3.46e-05,1e-05,0.0,0.6,300.0039999
0.0004,3.46e-05,1e-05,0.1,0.6,422.698386
0.0004,3.46e-05,1e-05,0.2,0.6,462.0088625
0.0004,3.46e-05,1e-05,0.3,0.6,473.1849598
0.0004,3.46e-05,1e-05,0.4,0.6,477.6287421
0.0004,3.46e-05,1e-05,0.5,0.6,479.5201713
0.0004,3.46e-05,1e-05,0.6,0.6,480.1309077
0.0004,3.46e-05,1e-05,0.7,0.6,480.2400091
0.0004,3.46e-05,1e-05,0.8,0.6,480.235049
0.0004,3.46e-05,1e-05,0.9,0.6,480.24405
0.0004,3.46e-05,1e-05,1.0,0.6,480.2483162
0.0004,3.46e-05,0.0,0.0,0.6,300.0039999
0.0004,3.46e-05,0.0,0.1,0.6,422.698386
0.0004,3.46e-05,0.0,0.2,0.6,462.0088625
0.0004,3.46e-05,0.0,0.3,0.6,473.1849598
0.0004,3.46e-05,0.0,0.4,0.6,477.6287421
0.0004,3.46e-05,0.0,0.5,0.6,479.5201713
0.0004,3.46e-05,0.0,0.6,0.6,480.1309077
0.0004,3.46e-05,0.0,0.7,0.6,480.2400091
0.0004,3.46e-05,0.0,0.8,0.6,480.235049
0.0004,3.46e-05,0.0,0.9,0.6,480.24405
0.0004,3.46e-05,0.0,1.0,0.6,480.2483162
0.00041,1.73e-05,1e-05,0.0,0.59,300.0039999
0.00041,1.73e-05,1e-05,0.1,0.59,422.6943752
0.00041,1.73e-05,1e-05,0.2,0.59,462.0035895
0.00041,1.73e-05,1e-05,0.3,0.59,473.1793277
0.00041,1.73e-05,1e-05,0.4,0.59,477.6229676
0.00041,1.73e-05,1e-05,0.5,0.59,479.5143361
0.00041,1.73e-05,1e-05,0.6,0.59,480.1250529
0.00041,1.73e-05,1e-05,0.7,0.59,480.2341508
0.00041,1.73e-05,1e-05,0.8,0.59,480.2291909
0.00041,1.73e-05,1e-05,0.9,0.59,480.2381916
0.00041,1.73e-05,1e-05,1.0,0.59,480.2424576
0.00041,1.73e-05,0.0,0.0,0.59,300.0039999
0.00041,1.73e-05,0.0,0.1,0.59,422.6943752
0.00041,1.73e-05,0.0,0.2,0.59,462.0035895
0.00041,1.73e-05,0.0,0.3,0.59,473.1793277
0.00041,1.73e-05,0.0,0.4,0.59,477.6229676
0.00041,1.73e-05,0.0,0.5,0.59,479.5143361
0.00041,1.73e-05,0.0,0.6,0.59,480.1250529
0.00041,1.73e-05,0.0,0.7,0.59,480.2341508
0.00041,1.73e-05,0.0,0.8,0.59,480.2291909
0.00041,1.73e-05,0.0,0.9,0.59,480.2381916
0.00041,1.73e-05,0.0,1.0,0.59,480.2424576
0.00042,0.0,1e-05,0.0,0.58,300.0039998
0.00042,0.0,1e-05,0.1,0.58,422.6865676
0.00042,0.0,1e-05,0.2,0.58,461.9933013
0.00042,0.0,1e-05,0.3,0.58,473.168334
0.00042,0.0,1e-05,0.4,0.58,477.6116937
0.00042,0.0,1e-05,0.5,0.58,479.5029428
0.00042,0.0,1e-05,0.6,0.58,480.1136212
0.00042,0.0,1e-05,0.7,0.58,480.2227121
0.00042,0.0,1e-05,0.8,0.58,480.2177526
0.00042,0.0,1e-05,0.9,0.58,480.2267527
0.00042,0.0,1e-05,1.0,0.58,480.2310184
0.00042,0.0,0.0,0.0,0.58,300.0039998
0.00042,0.0,0.0,0.1,0.58,422.6865676
0.00042,0.0,0.0,0.2,0.58,461.9933013
0.00042,0.0,0.0,0.3,0.58,473.168334
0.00042,0.0,0.0,0.4,0.58,477.6116937
0.00042,0.0,0.0,0.5,0.58,479.5029428
0.00042,0.0,0.0,0.6,0.58,480.1136212
0.00042,0.0,0.0,0.7,0.58,480.2227121
0.00042,0.0,0.0,0.8,0.58,480.2177525
0.00042,0.0,0.0,0.9,0.58,480.2267527
0.00042,0.0,0.0,1.0,0.58,480.2310184
0.00038,0.0001,1e-05,0.0,0.62,300.0039998
0.00038,0.0001,1e-05,0.1,0.62,422.6819735
0.00038,0.0001,1e-05,0.2,0.62,461.9871363
0.00038,0.0001,1e-05,0.3,0.62,473.1617234
0.00038,0.0001,1e-05,0.4,0.62,477.6049044
0.00038,0.0001,1e-05,0.5,0.62,479.4960779
0.00038,0.0001,1e-05,0.6,0.62,480.1067317
0.00038,0.0001,1e-05,0.7,0.62,480.2158184
0.00038,0.0001,1e-05,0.8,0.62,480.2108589
0.00038,0.0001,1e-05,0.9,0.62,480.2198588
0.00038,0.0001,1e-05,1.0,0.62,480.2241244
0.00039,8.31e-05,5e-06,0.0,0.61,300.0039999
0.00039,8.31e-05,5e-06,0.1,0.61,422.6934309
0.00039,8.31e-05,5e-06,0.2,0.61,462.0022931
0.00039,8.31e-05,5e-06,0.3,0.61,473.1779317
0.00039,8.31e-05,5e-06,0.4,0.61,477.6215312
0.00039,8.31e-05,5e-06,0.5,0.61,479.5128827
0.00039,8.31e-05,5e-06,0.6,0.61,480.123594
0.00039,8.31e-05,5e-06,0.7,0.61,480.232691
0.00039,8.31e-05,5e-06,0.8,0.61,480.2277311
0.00039,8.31e-05,5e-06,0.9,0.61,480.2367317
0.00039,8.31e-05,5e-06,1.0,0.61,480.2409977
0.00039,8.27e-05,0.0,0.0,0.61,300.0039999
0.00039,8.27e-05,0.0,0.1,0.61,422.6920782
0.00039,8.27e-05,0.0,0.2,0.61,462.000507
0.00039,8.27e-05,0.0,0.3,0.61,473.1760224
0.00039,8.27e-05,0.0,0.4,0.61,477.6195729
0.00039,8.27e-05,0.0,0.5,0.61,479.5109035
0.00039,8.27e-05,0.0,0.6,0.61,480.1216081
0.00039,8.27e-05,0.0,0.7,0.61,480.2307039
0.00039,8.27e-05,0.0,0.8,0.61,480.225744
0.00039,8.27e-05,0.0,0.9,0.61,480.2347446
0.00039,8.27e-05,0.0,1.0,0.61,480.2390106
0.00039,8.27e-05,1e-05,0.0,0.61,300.0039999
0.00039,8.27e-05,1e-05,0.1,0.61,422.6920782
0.00039,8.27e-05,1e-05,0.2,0.61,462.000507
0.00039,8.27e-05,1e-05,0.3,0.61,473.1760224
0.00039,8.27e-05,1e-05,0.4,0.61,477.6195729
0.00039,8.27e-05,1e-05,0.5,0.61,479.5109035
0.00039,8.27e-05,1e-05,0.6,0.61,480.1216081
0.00039,8.27e-05,1e-05,0.7,0.61,480.2307039
0.00039,8.27e-05,1e-05,0.8,0.61,480.225744
0.00039,8.27e-05,1e-05,0.9,0.61,480.2347446
0.00039,8.27e-05,1e-05,1.0,0.61,480.2390106
0.0004,0.0001,0.0,0.0,0.6,300.0039998
0.0004,0.0001,0.0,0.1,0.6,422.6845015
0.0004,0.0001,0.0,0.2,0.6,461.9905283
0.0004,0.0001,0.0,0.3,0.6,473.1653605
0.0004,0.0001,0.0,0.4,0.6,477.6086398
0.0004,0.0001,0.0,0.5,0.6,479.4998548
0.0004,0.0001,0.0,0.6,0.6,480.1105221
0.0004,0.0001,0.0,0.7,0.6,480.2196112
0.0004,0.0001,0.0,0.8,0.6,480.2146517
0.0004,0.0001,0.0,0.9,0.6,480.2236517
0.0004,0.0001,0.0,1.0,0.6,480.2279174
0.0004,6.69e-05,1e-05,0.0,0.6,300.0039999
0.0004,6.69e-05,1e-05,0.1,0.6,422.6980754
0.0004,6.69e-05,1e-05,0.2,0.6,462.0084523
0.0004,6.69e-05,1e-05,0.3,0.6,473.1845213
0.0004,6.69e-05,1e-05,0.4,0.6,477.6282923
0.0004,6.69e-05,1e-05,0.5,0.6,479.5197167
0.0004,6.69e-05,1e-05,0.6,0.6,480.1304516
0.0004,6.69e-05,1e-05,0.7,0.6,480.2395527
0.0004,6.69e-05,1e-05,0.8,0.6,480.2345927
0.0004,6.69e-05,1e-05,0.9,0.6,480.2435936
0.0004,6.69e-05,1e-05,1.0,0.6,480.2478598
0.0004,6.69e-05,0.0,0.0,0.6,300.0039999
0.0004,6.69e-05,0.0,0.1,0.6,422.6980754
0.0004,6.69e-05,0.0,0.2,0.6,462.0084523
0.0004,6.69e-05,0.0,0.3,0.6,473.1845213
0.0004,6.69e-05,0.0,0.4,0.6,477.6282923
0.0004,6.69e-05,0.0,0.5,0.6,479.5197167
0.0004,6.69e-05,0.0,0.6,0.6,480.1304516
0.0004,6.69e-05,0.0,0.7,0.6,480.2395527
0.0004,6.69e-05,0.0,0.8,0.6,480.2345927
0.0004,6.69e-05,0.0,0.9,0.6,480.2435936
0.0004,6.69e-05,0.0,1.0,0.6,480.2478598
0.00041,5.1e-05,0.0,0.0,0.59,300.0039999
0.00041,5.1e-05,0.0,0.1,0.59,422.7009166
0.00041,5.1e-05,0.0,0.2,0.59,462.0122279
0.00041,5.1e-05,0.0,0.3,0.59,473.1885622
0.00041,5.1e-05,0.0,0.4,0.59,477.6324392
0.00041,5.1e-05,0.0,0.5,0.59,479.5239085
0.00041,5.1e-05,0.0,0.6,0.59,480.1346579
0.00041,5.1e-05,0.0,0.7,0.59,480.2437616
0.00041,5.1e-05,0.0,0.8,0.59,480.2388014
0.00041,5.1e-05,0.0,0.9,0.59,480.2478026
0.00041,5.1e-05,0.0,1.0,0.59,480.2520689
0.00041,5.1e-05,1e-05,0.0,0.59,300.0039999
0.00041,5.1e-05,1e-05,0.1,0.59,422.7009166
0.00041,5.1e-05,1e-05,0.2,0.59,462.0122279
0.00041,5.1e-05,1e-05,0.3,0.59,473.1885622
0.00041,5.1e-05,1e-05,0.4,0.59,477.6324392
0.00041,5.1e-05,1e-05,0.5,0.59,479.5239085
0.00041,5.1e-05,1e-05,0.6,0.59,480.1346579
0.00041,5.1e-05,1e-05,0.7,0.59,480.2437616
0.00041,5.1e-05,1e-05,0.8,0.59,480.2388014
0.00041,5.1e-05,1e-05,0.9,0.59,480.2478026
0.00041,5.1e-05,1e-05,1.0,0.59,480.2520689
0.00042,3.46e-05,1e-05,0.0,0.58,300.0039999
0.00042,3.46e-05,1e-05,0.1,0.58,422.7004523
0.00042,3.46e-05,1e-05,0.2,0.58,462.0116358
0.00042,3.46e-05,1e-05,0.3,0.58,473.1879336
0.00042,3.46e-05,1e-05,0.4,0.58,477.6317964
0.00042,3.46e-05,1e-05,0.5,0.58,479.5232596
0.00042,3.46e-05,1e-05,0.6,0.58,480.1340071
0.00042,3.46e-05,1e-05,0.7,0.58,480.2431103
0.00042,3.46e-05,1e-05,0.8,0.58,480.2381502
0.00042,3.46e-05,1e-05,0.9,0.58,480.2471514
0.00042,3.46e-05,1e-05,1.0,0.58,480.2514176
0.00042,3.46e-05,0.0,0.0,0.58,300.0039999
0.00042,3.46e-05,0.0,0.1,0.58,422.7004523
0.00042,3.46e-05,0.0,0.2,0.58,462.0116358
0.00042,3.46e-05,0.0,0.3,0.58,473.1879336
0.00042,3.46e-05,0.0,0.4,0.58,477.6317964
0.00042,3.46e-05,0.0,0.5,0.58,479.5232596
0.00042,3.46e-05,0.0,0.6,0.58,480.1340071
0.00042,3.46e-05,0.0,0.7,0.58,480.2431104
0.00042,3.46e-05,0.0,0.8,0.58,480.2381502
0.00042,3.46e-05,0.0,0.9,0.58,480.2471514
0.00042,3.46e-05,0.0,1.0,0.58,480.2514176
0.00043,1.73e-05,1e-05,0.0,0.57,300.0039999
0.00043,1.73e-05,1e-05,0.1,0.57,422.696211
0.00043,1.73e-05,1e-05,0.2,0.57,462.0060538
0.00043,1.73e-05,1e-05,0.3,0.57,473.1819701
0.00043,1.73e-05,1e-05,0.4,0.57,477.6256816
0.00043,1.73e-05,1e-05,0.5,0.57,479.5170803
0.00043,1.73e-05,1e-05,0.6,0.57,480.127807
0.00043,1.73e-05,1e-05,0.7,0.57,480.2369065
0.00043,1.73e-05,1e-05,0.8,0.57,480.2319466
0.00043,1.73e-05,1e-05,0.9,0.57,480.2409474
0.00043,1.73e-05,1e-05,1.0,0.57,480.2452135
0.00043,1.73e-05,0.0,0.0,0.57,300.0039999
0.00043,1.73e-05,0.0,0.1,0.57,422.696211
0.00043,1.73e-05,0.0,0.2,0.57,462.0060538
0.00043,1.73e-05,0.0,0.3,0.57,473.1819701
0.00043,1.73e-05,0.0,0.4,0.57,477.6256816
0.00043,1.73e-05,0.0,0.5,0.57,479.5170803
0.00043,1.73e-05,0.0,0.6,0.57,480.127807
0.00043,1.73e-05,0.0,0.7,0.57,480.2369065
0.00043,1.73e-05,0.0,0.8,0.57,480.2319466
0.00043,1.73e-05,0.0,0.9,0.57,480.2409474
0.00043,1.73e-05,0.0,1.0,0.57,480.2452135
0.00044,0.0,1e-05,0.0,0.56,300.0039998
0.00044,0.0,1e-05,0.1,0.56,422.6881731
0.00044,0.0,1e-05,0.2,0.56,461.9954567
0.00044,0.0,1e-05,0.3,0.56,473.1706453
0.00044,0.0,1e-05,0.4,0.56,477.6140676
0.00044,0.0,1e-05,0.5,0.56,479.5053432
0.00044,0.0,1e-05,0.6,0.56,480.1160301
0.00044,0.0,1e-05,0.7,0.56,480.2251225
0.00044,0.0,1e-05,0.8,0.56,480.2201629
0.00044,0.0,1e-05,0.9,0.56,480.2291631
0.00044,0.0,1e-05,1.0,0.56,480.233429
0.00044,0.0,0.0,0.0,0.56,300.0039998
0.00044,0.0,0.0,0.1,0.56,422.6881731
0.00044,0.0,0.0,0.2,0.56,461.9954567
0.00044,0.0,0.0,0.3,0.56,473.1706452
0.00044,0.0,0.0,0.4,0.56,477.6140676
0.00044,0.0,0.0,0.5,0.56,479.5053432
0.00044,0.0,0.0,0.6,0.56,480.1160301
0.00044,0.0,0.0,0.7,0.56,480.2251225
0.00044,0.0,0.0,0.8,0.56,480.2201629
0.00044,0.0,0.0,0.9,0.56,480.2291631
0.00044,0.0,0.0,1.0,0.56,480.233429
0.0004,0.0001,1e-05,0.0,0.6,300.0039998
0.0004,0.0001,1e-05,0.1,0.6,422.6845015
0.0004,0.0001,1e-05,0.2,0.6,461.9905283
0.0004,0.0001,1e-05,0.3,0.6,473.1653605
0.0004,0.0001,1e-05,0.4,0.6,477.6086398
0.0004,0.0001,1e-05,0.5,0.6,479.4998548
0.0004,0.0001,1e-05,0.6,0.6,480.1105221
0.0004,0.0001,1e-05,0.7,0.6,480.2196112
0.0004,0.0001,1e-05,0.8,0.6,480.2146517
0.0004,0.0001,1e-05,0.9,0.6,480.2236517
0.0004,0.0001,1e-05,1.0,0.6,480.2279174
0.00041,8.27e-05,0.0,0.0,0.59,300.0039999
0.00041,8.27e-05,0.0,0.1,0.59,422.6943752
0.00041,8.27e-05,0.0,0.2,0.59,462.0035895
0.00041,8.27e-05,0.0,0.3,0.59,473.1793277
0.00041,8.27e-05,0.0,0.4,0.59,477.6229676
0.00041,8.27e-05,0.0,0.5,0.59,479.5143361
0.00041,8.27e-05,0.0,0.6,0.59,480.1250529
0.00041,8.27e-05,0.0,0.7,0.59,480.2341508
0.00041,8.27e-05,0.0,0.8,0.59,480.2291909
0.00041,8.27e-05,0.0,0.9,0.59,480.2381916
0.00041,8.27e-05,0.0,1.0,0.59,480.2424577
0.00041,8.27e-05,1e-05,0.0,0.59,300.0039999
0.00041,8.27e-05,1e-05,0.1,0.59,422.6943752
0.00041,8.27e-05,1e-05,0.2,0.59,462.0035895
0.00041,8.27e-05,1e-05,0.3,0.59,473.1793277
0.00041,8.27e-05,1e-05,0.4,0.59,477.6229676
0.00041,8.27e-05,1e-05,0.5,0.59,479.5143361
0.00041,8.27e-05,1e-05,0.6,0.59,480.1250529
0.00041,8.27e-05,1e-05,0.7,0.59,480.2341508
0.00041,8.27e-05,1e-05,0.8,0.59,480.2291909
0.00041,8.27e-05,1e-05,0.9,0.59,480.2381916
0.00041,8.27e-05,1e-05,1.0,0.59,480.2424576
0.00042,0.0001,0.0,0.0,0.58,300.0039998
0.00042,0.0001,0.0,0.1,0.58,422.6865676
0.00042,0.0001,0.0,0.2,0.58,461.9933013
0.00042,0.0001,0.0,0.3,0.58,473.168334
0.00042,0.0001,0.0,0.4,0.58,477.6116937
0.00042,0.0001,0.0,0.5,0.58,479.5029428
0.00042,0.0001,0.0,0.6,0.58,480.1136212
0.00042,0.0001,0.0,0.7,0.58,480.2227121
0.00042,0.0001,0.0,0.8,0.58,480.2177526
0.00042,0.0001,0.0,0.9,0.58,480.2267527
0.00042,0.0001,0.0,1.0,0.58,480.2310184
0.00042,6.69e-05,1e-05,0.0,0.58,300.0039999
0.00042,6.69e-05,1e-05,0.1,0.58,422.7001417
0.00042,6.69e-05,1e-05,0.2,0.58,462.0112256
0.00042,6.69e-05,1e-05,0.3,0.58,473.1874951
0.00042,6.69e-05,1e-05,0.4,0.58,477.6313466
0.00042,6.69e-05,1e-05,0.5,0.58,479.522805
0.00042,6.69e-05,1e-05,0.6,0.58,480.133551
0.00042,6.69e-05,1e-05,0.7,0.58,480.242654
0.00042,6.69e-05,1e-05,0.8,0.58,480.2376939
0.00042,6.69e-05,1e-05,0.9,0.58,480.246695
0.00042,6.69e-05,1e-05,1.0,0.58,480.2509612
0.00042,6.69e-05,0.0,0.0,0.58,300.0039999
0.00042,6.69e-05,0.0,0.1,0.58,422.7001417
0.00042,6.69e-05,0.0,0.2,0.58,462.0112256
0.00042,6.69e-05,0.0,0.3,0.58,473.1874951
0.00042,6.69e-05,0.0,0.4,0.58,477.6313466
0.00042,6.69e-05,0.0,0.5,0.58,479.522805
0.00042,6.69e-05,0.0,0.6,0.58,480.133551
0.00042,6.69e-05,0.0,0.7,0.58,480.242654
0.00042,6.69e-05,0.0,0.8,0.58,480.2376939
0.00042,6.69e-05,0.0,0.9,0.58,480.246695
0.00042,6.69e-05,0.0,1.0,0.58,480.2509612
0.00043,5.1e-05,0.0,0.0,0.57,300.0039999
0.00043,5.1e-05,0.0,0.1,0.57,422.7027525
0.00043,5.1e-05,0.0,0.2,0.57,462.0146922
0.00043,5.1e-05,0.0,0.3,0.57,473.1912048
0.00043,5.1e-05,0.0,0.4,0.57,477.6351532
0.00043,5.1e-05,0.0,0.5,0.57,479.5266528
0.00043,5.1e-05,0.0,0.6,0.57,480.1374121
0.00043,5.1e-05,0.0,0.7,0.57,480.2465174
0.00043,5.1e-05,0.0,0.8,0.57,480.2415573
0.00043,5.1e-05,0.0,0.9,0.57,480.2505586
0.00043,5.1e-05,0.0,1.0,0.57,480.2548249
0.00043,5.1e-05,1e-05,0.0,0.57,300.0039999
0.00043,5.1e-05,1e-05,0.1,0.57,422.7027525
0.00043,5.1e-05,1e-05,0.2,0.57,462.0146922
0.00043,5.1e-05,1e-05,0.3,0.57,473.1912048
0.00043,5.1e-05,1e-05,0.4,0.57,477.6351532
0.00043,5.1e-05,1e-05,0.5,0.57,479.5266528
0.00043,5.1e-05,1e-05,0.6,0.57,480.1374121
0.00043,5.1e-05,1e-05,0.7,0.57,480.2465174
0.00043,5.1e-05,1e-05,0.8,0.57,480.2415573
0.00043,5.1e-05,1e-05,0.9,0.57,480.2505586
0.00043,5.1e-05,1e-05,1.0,0.57,480.2548249
0.00044,3.46e-05,1e-05,0.0,0.56,300.0039999
0.00044,3.46e-05,1e-05,0.1,0.56,422.702058
0.00044,3.46e-05,1e-05,0.2,0.56,462.0137915
0.00044,3.46e-05,1e-05,0.3,0.56,473.1902452
0.00044,3.46e-05,1e-05,0.4,0.56,477.6341705
0.00044,3.46e-05,1e-05,0.5,0.56,479.5256602
0.00044,3.46e-05,1e-05,0.6,0.56,480.1364163
0.00044,3.46e-05,1e-05,0.7,0.56,480.245521
0.00044,3.46e-05,1e-05,0.8,0.56,480.2405609
0.00044,3.46e-05,1e-05,0.9,0.56,480.2495621
0.00044,3.46e-05,1e-05,1.0,0.56,480.2538284
0.00044,3.46e-05,0.0,0.0,0.56,300.0039999
0.00044,3.46e-05,0.0,0.1,0.56,422.702058
0.00044,3.46e-05,0.0,0.2,0.56,462.0137915
0.00044,3.46e-05,0.0,0.3,0.56,473.1902452
0.00044,3.46e-05,0.0,0.4,0.56,477.6341705
0.00044,3.46e-05,0.0,0.5,0.56,479.5256602
0.00044,3.46e-05,0.0,0.6,0.56,480.1364163
0.00044,3.46e-05,0.0,0.7,0.56,480.245521
0.00044,3.46e-05,0.0,0.8,0.56,480.2405609
0.00044,3.46e-05,0.0,0.9,0.56,480.2495621
0.00044,3.46e-05,0.0,1.0,0.56,480.2538284
0.00045,1.73e-05,0.0,0.0,0.55,300.0039999
0.00045,1.73e-05,0.0,0.1,0.55,422.6975867
0.00045,1.73e-05,0.0,0.2,0.55,462.0079009
0.00045,1.73e-05,0.0,0.3,0.55,473.1839509
0.00045,1.73e-05,0.0,0.4,0.55,477.627716
0.00045,1.73e-05,0.0,0.5,0.55,479.5191374
0.00045,1.73e-05,0.0,0.6,0.55,480.1298714
0.00045,1.73e-05,0.0,0.7,0.55,480.2389722
0.00045,1.73e-05,0.0,0.8,0.55,480.2340123
0.00045,1.73e-05,0.0,0.9,0.55,480.2430132
0.00045,1.73e-05,0.0,1.0,0.55,480.2472793
0.00045,1.73e-05,1e-05,0.0,0.55,300.0039999
0.00045,1.73e-05,1e-05,0.1,0.55,422.6975867
0.00045,1.73e-05,1e-05,0.2,0.55,462.0079009
0.00045,1.73e-05,1e-05,0.3,0.55,473.1839509
0.00045,1.73e-05,1e-05,0.4,0.55,477.627716
0.00045,1.73e-05,1e-05,0.5,0.55,479.5191374
0.00045,1.73e-05,1e-05,0.6,0.55,480.1298714
0.00045,1.73e-05,1e-05,0.7,0.55,480.2389722
0.00045,1.73e-05,1e-05,0.8,0.55,480.2340123
0.00045,1.73e-05,1e-05,0.9,0.55,480.2430132
0.00045,1.73e-05,1e-05,1.0,0.55,480.2472793
0.00046,0.0,1e-05,0.0,0.54,300.0039998
0.00046,0.0,1e-05,0.1,0.54,422.6893192
0.00046,0.0,1e-05,0.2,0.54,461.9969954
0.00046,0.0,1e-05,0.3,0.54,473.1722954
0.00046,0.0,1e-05,0.4,0.54,477.6157624
0.00046,0.0,1e-05,0.5,0.54,479.5070569
0.00046,0.0,1e-05,0.6,0.54,480.11775
0.00046,0.0,1e-05,0.7,0.54,480.2268434
0.00046,0.0,1e-05,0.8,0.54,480.2218839
0.00046,0.0,1e-05,0.9,0.54,480.2308841
0.00046,0.0,1e-05,1.0,0.54,480.23515
0.00046,0.0,0.0,0.0,0.54,300.0039998
0.00046,0.0,0.0,0.1,0.54,422.6893192
0.00046,0.0,0.0,0.2,0.54,461.9969954
0.00046,0.0,0.0,0.3,0.54,473.1722954
0.00046,0.0,0.0,0.4,0.54,477.6157624
0.00046,0.0,0.0,0.5,0.54,479.507057
0.00046,0.0,0.0,0.6,0.54,480.11775
0.00046,0.0,0.0,0.7,0.54,480.2268434
0.00046,0.0,0.0,0.8,0.54,480.2218839
0.00046,0.0,0.0,0.9,0.54,480.2308842
0.00046,0.0,0.0,1.0,0.54,480.23515
0.00042,0.0001,1e-05,0.0,0.58,300.0039998
0.00042,0.0001,1e-05,0.1,0.58,422.6865676
0.00042,0.0001,1e-05,0.2,0.58,461.9933013
0.00042,0.0001,1e-05,0.3,0.58,473.168334
0.00042,0.0001,1e-05,0.4,0.58,477.6116937
0.00042,0.0001,1e-05,0.5,0.58,479.5029428
0.00042,0.0001,1e-05,0.6,0.58,480.1136212
0.00042,0.0001,1e-05,0.7,0.58,480.2227121
0.00042,0.0001,1e-05,0.8,0.58,480.2177525
0.00042,0.0001,1e-05,0.9,0.58,480.2267527
0.00042,0.0001,1e-05,1.0,0.58,480.2310184
0.00043,8.27e-05,0.0,0.0,0.57,300.0039999
0.00043,8.27e-05,0.0,0.1,0.57,422.696211
0.00043,8.27e-05,0.0,0.2,0.57,462.0060538
0.00043,8.27e-05,0.0,0.3,0.57,473.1819701
0.00043,8.27e-05,0.0,0.4,0.57,477.6256816
0.00043,8.27e-05,0.0,0.5,0.57,479.5170803
0.00043,8.27e-05,0.0,0.6,0.57,480.127807
0.00043,8.27e-05,0.0,0.7,0.57,480.2369065
0.00043,8.27e-05,0.0,0.8,0.57,480.2319466
0.00043,8.27e-05,0.0,0.9,0.57,480.2409474
0.00043,8.27e-05,0.0,1.0,0.57,480.2452135
0.00043,8.27e-05,1e-05,0.0,0.57,300.0039999
0.00043,8.27e-05,1e-05,0.1,0.57,422.696211
0.00043,8.27e-05,1e-05,0.2,0.57,462.0060538
0.00043,8.27e-05,1e-05,0.3,0.57,473.1819701
0.00043,8.27e-05,1e-05,0.4,0.57,477.6256816
0.00043,8.27e-05,1e-05,0.5,0.57,479.5170803
0.00043,8.27e-05,1e-05,0.6,0.57,480.127807
0.00043,8.27e-05,1e-05,0.7,0.57,480.2369065
0.00043,8.27e-05,1e-05,0.8,0.57,480.2319466
0.00043,8.27e-05,1e-05,0.9,0.57,480.2409474
0.00043,8.27e-05,1e-05,1.0,0.57,480.2452135
0.00044,0.0001,0.0,0.0,0.56,300.0039998
0.00044,0.0001,0.0,0.1,0.56,422.6881731
0.00044,0.0001,0.0,0.2,0.56,461.9954566
0.00044,0.0001,0.0,0.3,0.56,473.1706452
0.00044,0.0001,0.0,0.4,0.56,477.6140676
0.00044,0.0001,0.0,0.5,0.56,479.5053432
0.00044,0.0001,0.0,0.6,0.56,480.1160301
0.00044,0.0001,0.0,0.7,0.56,480.2251225
0.00044,0.0001,0.0,0.8,0.56,480.2201629
0.00044,0.0001,0.0,0.9,0.56,480.2291631
0.00044,0.0001,0.0,1.0,0.56,480.233429
0.00044,6.69e-05,1e-05,0.0,0.56,300.0039999
0.00044,6.69e-05,1e-05,0.1,0.56,422.7017474
0.00044,6.69e-05,1e-05,0.2,0.56,462.0133812
0.00044,6.69e-05,1e-05,0.3,0.56,473.1898066
0.00044,6.69e-05,1e-05,0.4,0.56,477.6337207
0.00044,6.69e-05,1e-05,0.5,0.56,479.5252056
0.00044,6.69e-05,1e-05,0.6,0.56,480.1359602
0.00044,6.69e-05,1e-05,0.7,0.56,480.2450646
0.00044,6.69e-05,1e-05,0.8,0.56,480.2401045
0.00044,6.69e-05,1e-05,0.9,0.56,480.2491057
0.00044,6.69e-05,1e-05,1.0,0.56,480.253372
0.00044,6.69e-05,0.0,0.0,0.56,300.0039999
0.00044,6.69e-05,0.0,0.1,0.56,422.7017474
0.00044,6.69e-05,0.0,0.2,0.56,462.0133812
0.00044,6.69e-05,0.0,0.3,0.56,473.1898066
0.00044,6.69e-05,0.0,0.4,0.56,477.6337207
0.00044,6.69e-05,0.0,0.5,0.56,479.5252056
0.00044,6.69e-05,0.0,0.6,0.56,480.1359602
0.00044,6.69e-05,0.0,0.7,0.56,480.2450646
0.00044,6.69e-05,0.0,0.8,0.56,480.2401045
0.00044,6.69e-05,0.0,0.9,0.56,480.2491057
0.00044,6.69e-05,0.0,1.0,0.56,480.253372
0.00045,5.1e-05,0.0,0.0,0.55,300.0039999
0.00045,5.1e-05,0.0,0.1,0.55,422.7041283
0.00045,5.1e-05,0.0,0.2,0.55,462.0165394
0.00045,5.1e-05,0.0,0.3,0.55,473.1931856
0.00045,5.1e-05,0.0,0.4,0.55,477.6371877
0.00045,5.1e-05,0.0,0.5,0.55,479.5287101
0.00045,5.1e-05,0.0,0.6,0.55,480.1394766
0.00045,5.1e-05,0.0,0.7,0.55,480.2485833
0.00045,5.1e-05,0.0,0.8,0.55,480.2436231
0.00045,5.1e-05,0.0,0.9,0.55,480.2526244
0.00045,5.1e-05,0.0,1.0,0.55,480.2568908
0.00045,5.1e-05,1e-05,0.0,0.55,300.0039999
0.00045,5.1e-05,1e-05,0.1,0.55,422.7041284
0.00045,5.1e-05,1e-05,0.2,0.55,462.0165394
0.00045,5.1e-05,1e-05,0.3,0.55,473.1931856
0.00045,5.1e-05,1e-05,0.4,0.55,477.6371877
0.00045,5.1e-05,1e-05,0.5,0.55,479.5287101
0.00045,5.1e-05,1e-05,0.6,0.55,480.1394767
0.00045,5.1e-05,1e-05,0.7,0.55,480.2485833
0.00045,5.1e-05,1e-05,0.8,0.55,480.2436231
0.00045,5.1e-05,1e-05,0.9,0.55,480.2526244
0.00045,5.1e-05,1e-05,1.0,0.55,480.2568908
0.00046,3.46e-05,1e-05,0.0,0.54,300.0039999
0.00046,3.46e-05,1e-05,0.1,0.54,422.7032042
0.00046,3.46e-05,1e-05,0.2,0.54,462.0153304
0.00046,3.46e-05,1e-05,0.3,0.54,473.1918955
0.00046,3.46e-05,1e-05,0.4,0.54,477.6358656
0.00046,3.46e-05,1e-05,0.5,0.54,479.5273742
0.00046,3.46e-05,1e-05,0.6,0.54,480.1381364
0.00046,3.46e-05,1e-05,0.7,0.54,480.2472422
0.00046,3.46e-05,1e-05,0.8,0.54,480.242282
0.00046,3.46e-05,1e-05,0.9,0.54,480.2512833
0.00046,3.46e-05,1e-05,1.0,0.54,480.2555497
0.00046,3.46e-05,0.0,0.0,0.54,300.0039999
0.00046,3.46e-05,0.0,0.1,0.54,422.7032042
0.00046,3.46e-05,0.0,0.2,0.54,462.0153304
0.00046,3.46e-05,0.0,0.3,0.54,473.1918955
0.00046,3.46e-05,0.0,0.4,0.54,477.6358656
0.00046,3.46e-05,0.0,0.5,0.54,479.5273742
0.00046,3.46e-05,0.0,0.6,0.54,480.1381364
0.00046,3.46e-05,0.0,0.7,0.54,480.2472422
0.00046,3.46e-05,0.0,0.8,0.54,480.242282
0.00046,3.46e-05,0.0,0.9,0.54,480.2512833
0.00046,3.46e-05,0.0,1.0,0.54,480.2555497
0.00047,1.73e-05,0.0,0.0,0.53,300.0039999
0.00047,1.73e-05,0.0,0.1,0.53,422.6985034
0.00047,1.73e-05,0.0,0.2,0.53,462.0091318
0.00047,1.73e-05,0.0,0.3,0.53,473.1852709
0.00047,1.73e-05,0.0,0.4,0.53,477.6290717
0.00047,1.73e-05,0.0,0.5,0.53,479.5205083
0.00047,1.73e-05,0.0,0.6,0.53,480.1312472
0.00047,1.73e-05,0.0,0.7,0.53,480.2403488
0.00047,1.73e-05,0.0,0.8,0.53,480.2353889
0.00047,1.73e-05,0.0,0.9,0.53,480.2443898
0.00047,1.73e-05,0.0,1.0,0.53,480.248656
0.00047,1.73e-05,1e-05,0.0,0.53,300.0039999
0.00047,1.73e-05,1e-05,0.1,0.53,422.6985034
0.00047,1.73e-05,1e-05,0.2,0.53,462.0091317
0.00047,1.73e-05,1e-05,0.3,0.53,473.1852709
0.00047,1.73e-05,1e-05,0.4,0.53,477.6290717
0.00047,1.73e-05,1e-05,0.5,0.53,479.5205083
0.00047,1.73e-05,1e-05,0.6,0.53,480.1312472
0.00047,1.73e-05,1e-05,0.7,0.53,480.2403488
0.00047,1.73e-05,1e-05,0.8,0.53,480.2353889
0.00047,1.73e-05,1e-05,0.9,0.53,480.2443898
0.00047,1.73e-05,1e-05,1.0,0.53,480.248656
0.00048,0.0,1e-05,0.0,0.52,300.0039998
0.00048,0.0,1e-05,0.1,0.52,422.6900065
0.00048,0.0,1e-05,0.2,0.52,461.9979184
0.00048,0.0,1e-05,0.3,0.52,473.1732852
0.00048,0.0,1e-05,0.4,0.52,477.6167791
0.00048,0.0,1e-05,0.5,0.52,479.5080849
0.00048,0.0,1e-05,0.6,0.52,480.1187816
0.00048,0.0,1e-05,0.7,0.52,480.2278757
0.00048,0.0,1e-05,0.8,0.52,480.2229161
0.00048,0.0,1e-05,0.9,0.52,480.2319165
0.00048,0.0,1e-05,1.0,0.52,480.2361823
0.00048,0.0,0.0,0.0,0.52,300.0039998
0.00048,0.0,0.0,0.1,0.52,422.6900065
0.00048,0.0,0.0,0.2,0.52,461.9979184
0.00048,0.0,0.0,0.3,0.52,473.1732852
0.00048,0.0,0.0,0.4,0.52,477.616779
0.00048,0.0,0.0,0.5,0.52,479.5080849
0.00048,0.0,0.0,0.6,0.52,480.1187816
0.00048,0.0,0.0,0.7,0.52,480.2278757
0.00048,0.0,0.0,0.8,0.52,480.2229161
0.00048,0.0,0.0,0.9,0.52,480.2319164
0.00048,0.0,0.0,1.0,0.52,480.2361823
0.00044,0.0001,1e-05,0.0,0.56,300.0039998
0.00044,0.0001,1e-05,0.1,0.56,422.6881731
0.00044,0.0001,1e-05,0.2,0.56,461.9954567
0.00044,0.0001,1e-05,0.3,0.56,473.1706453
0.00044,0.0001,1e-05,0.4,0.56,477.6140676
0.00044,0.0001,1e-05,0.5,0.56,479.5053432
0.00044,0.0001,1e-05,0.6,0.56,480.1160301
0.00044,0.0001,1e-05,0.7,0.56,480.2251225
0.00044,0.0001,1e-05,0.8,0.56,480.2201629
0.00044,0.0001,1e-05,0.9,0.56,480.2291631
0.00044,0.0001,1e-05,1.0,0.56,480.233429
0.00045,8.27e-05,0.0,0.0,0.55,300.0039999
0.00045,8.27e-05,0.0,0.1,0.55,422.6975867
0.00045,8.27e-05,0.0,0.2,0.55,462.0079009
0.00045,8.27e-05,0.0,0.3,0.55,473.1839509
0.00045,8.27e-05,0.0,0.4,0.55,477.627716
0.00045,8.27e-05,0.0,0.5,0.55,479.5191374
0.00045,8.27e-05,0.0,0.6,0.55,480.1298714
0.00045,8.27e-05,0.0,0.7,0.55,480.2389722
0.00045,8.27e-05,0.0,0.8,0.55,480.2340123
0.00045,8.27e-05,0.0,0.9,0.55,480.2430132
0.00045,8.27e-05,0.0,1.0,0.55,480.2472793
0.00045,8.27e-05,1e-05,0.0,0.55,300.0039999
0.00045,8.27e-05,1e-05,0.1,0.55,422.6975867
0.00045,8.27e-05,1e-05,0.2,0.55,462.0079009
0.00045,8.27e-05,1e-05,0.3,0.55,473.1839509
0.00045,8.27e-05,1e-05,0.4,0.55,477.627716
0.00045,8.27e-05,1e-05,0.5,0.55,479.5191374
0.00045,8.27e-05,1e-05,0.6,0.55,480.1298714
0.00045,8.27e-05,1e-05,0.7,0.55,480.2389722
0.00045,8.27e-05,1e-05,0.8,0.55,480.2340123
0.00045,8.27e-05,1e-05,0.9,0.55,480.2430132
0.00045,8.27e-05,1e-05,1.0,0.55,480.2472793
0.00046,0.0001,0.0,0.0,0.54,300.0039998
0.00046,0.0001,0.0,0.1,0.54,422.6893192
0.00046,0.0001,0.0,0.2,0.54,461.9969954
0.00046,0.0001,0.0,0.3,0.54,473.1722954
0.00046,0.0001,0.0,0.4,0.54,477.6157624
0.00046,0.0001,0.0,0.5,0.54,479.507057
0.00046,0.0001,0.0,0.6,0.54,480.11775
0.00046,0.0001,0.0,0.7,0.54,480.2268434
0.00046,0.0001,0.0,0.8,0.54,480.2218839
0.00046,0.0001,0.0,0.9,0.54,480.2308841
0.00046,0.0001,0.0,1.0,0.54,480.23515
0.00046,6.69e-05,1e-05,0.0,0.54,300.0039999
0.00046,6.69e-05,1e-05,0.1,0.54,422.7028936
0.00046,6.69e-05,1e-05,0.2,0.54,462.0149202
0.00046,6.69e-05,1e-05,0.3,0.54,473.191457
0.00046,6.69e-05,1e-05,0.4,0.54,477.6354158
0.00046,6.69e-05,1e-05,0.5,0.54,479.5269196
0.00046,6.69e-05,1e-05,0.6,0.54,480.1376803
0.00046,6.69e-05,1e-05,0.7,0.54,480.2467858
0.00046,6.69e-05,1e-05,0.8,0.54,480.2418256
0.00046,6.69e-05,1e-05,0.9,0.54,480.2508269
0.00046,6.69e-05,1e-05,1.0,0.54,480.2550933
0.00046,6.69e-05,0.0,0.0,0.54,300.0039999
0.00046,6.69e-05,0.0,0.1,0.54,422.7028936
0.00046,6.69e-05,0.0,0.2,0.54,462.0149202
0.00046,6.69e-05,0.0,0.3,0.54,473.191457
0.00046,6.69e-05,0.0,0.4,0.54,477.6354158
0.00046,6.69e-05,0.0,0.5,0.54,479.5269196
0.00046,6.69e-05,0.0,0.6,0.54,480.1376803
0.00046,6.69e-05,0.0,0.7,0.54,480.2467858
0.00046,6.69e-05,0.0,0.8,0.54,480.2418256
0.00046,6.69e-05,0.0,0.9,0.54,480.2508269
0.00046,6.69e-05,0.0,1.0,0.54,480.2550933
0.00047,5.1e-05,0.0,0.0,0.53,300.0039999
0.00047,5.1e-05,0.0,0.1,0.53,422.7050451
0.00047,5.1e-05,0.0,0.2,0.53,462.0177704
0.00047,5.1e-05,0.0,0.3,0.53,473.1945057
0.00047,5.1e-05,0.0,0.4,0.53,477.6385436
0.00047,5.1e-05,0.0,0.5,0.53,479.530081
0.00047,5.1e-05,0.0,0.6,0.53,480.1408525
0.00047,5.1e-05,0.0,0.7,0.53,480.24996
0.00047,5.1e-05,0.0,0.8,0.53,480.2449998
0.00047,5.1e-05,0.0,0.9,0.53,480.2540012
0.00047,5.1e-05,0.0,1.0,0.53,480.2582676
0.00047,5.1e-05,1e-05,0.0,0.53,300.0039999
0.00047,5.1e-05,1e-05,0.1,0.53,422.7050451
0.00047,5.1e-05,1e-05,0.2,0.53,462.0177704
0.00047,5.1e-05,1e-05,0.3,0.53,473.1945057
0.00047,5.1e-05,1e-05,0.4,0.53,477.6385436
0.00047,5.1e-05,1e-05,0.5,0.53,479.530081
0.00047,5.1e-05,1e-05,0.6,0.53,480.1408525
0.00047,5.1e-05,1e-05,0.7,0.53,480.24996
0.00047,5.1e-05,1e-05,0.8,0.53,480.2449998
0.00047,5.1e-05,1e-05,0.9,0.53,480.2540012
0.00047,5.1e-05,1e-05,1.0,0.53,480.2582676
0.000475,4.28e-05,5e-06,0.0,0.525,300.004
0.000475,4.28e-05,5e-06,0.1,0.525,422.7064277
0.000475,4.28e-05,5e-06,0.2,0.525,462.0195994
0.000475,4.28e-05,5e-06,0.3,0.525,473.1964616
0.000475,4.28e-05,5e-06,0.4,0.525,477.64055
0.000475,4.28e-05,5e-06,0.5,0.525,479.5321089
0.000475,4.28e-05,5e-06,0.6,0.525,480.1428874
0.000475,4.28e-05,5e-06,0.7,0.525,480.251996
0.000475,4.28e-05,5e-06,0.8,0.525,480.2470358
0.000475,4.28e-05,5e-06,0.9,0.525,480.2560373
0.000475,4.28e-05,5e-06,1.0,0.525,480.2603038
0.00048,3.46e-05,0.0,0.0,0.52,300.0039999
0.00048,3.46e-05,0.0,0.1,0.52,422.7038916
0.00048,3.46e-05,0.0,0.2,0.52,462.0162535
0.00048,3.46e-05,0.0,0.3,0.52,473.1928854
0.00048,3.46e-05,0.0,0.4,0.52,477.6368823
0.00048,3.46e-05,0.0,0.5,0.52,479.5284023
0.00048,3.46e-05,0.0,0.6,0.52,480.1391681
0.00048,3.46e-05,0.0,0.7,0.52,480.2482745
0.00048,3.46e-05,0.0,0.8,0.52,480.2433144
0.00048,3.46e-05,0.0,0.9,0.52,480.2523157
0.00048,3.46e-05,0.0,1.0,0.52,480.2565821
0.00048,3.46e-05,1e-05,0.0,0.52,300.0039999
0.00048,3.46e-05,1e-05,0.1,0.52,422.7038916
0.00048,3.46e-05,1e-05,0.2,0.52,462.0162535
0.00048,3.46e-05,1e-05,0.3,0.52,473.1928854
0.00048,3.46e-05,1e-05,0.4,0.52,477.6368823
0.00048,3.46e-05,1e-05,0.5,0.52,479.5284023
0.00048,3.46e-05,1e-05,0.6,0.52,480.1391681
0.00048,3.46e-05,1e-05,0.7,0.52,480.2482745
0.00048,3.46e-05,1e-05,0.8,0.52,480.2433144
0.00048,3.46e-05,1e-05,0.9,0.52,480.2523157
0.00048,3.46e-05,1e-05,1.0,0.52,480.2565821
0.00049,1.73e-05,0.0,0.0,0.51,300.0039999
0.00049,1.73e-05,0.0,0.1,0.51,422.6989616
0.00049,1.73e-05,0.0,0.2,0.51,462.009747
0.00049,1.73e-05,0.0,0.3,0.51,473.1859307
0.00049,1.73e-05,0.0,0.4,0.51,477.6297495
0.00049,1.73e-05,0.0,0.5,0.51,479.5211936
0.00049,1.73e-05,0.0,0.6,0.51,480.131935
0.00049,1.73e-05,0.0,0.7,0.51,480.241037
0.00049,1.73e-05,0.0,0.8,0.51,480.236077
0.00049,1.73e-05,0.0,0.9,0.51,480.245078
0.00049,1.73e-05,0.0,1.0,0.51,480.2493442
0.00049,1.73e-05,1e-05,0.0,0.51,300.0039999
0.00049,1.73e-05,1e-05,0.1,0.51,422.6989616
0.00049,1.73e-05,1e-05,0.2,0.51,462.009747
0.00049,1.73e-05,1e-05,0.3,0.51,473.1859307
0.00049,1.73e-05,1e-05,0.4,0.51,477.6297495
0.00049,1.73e-05,1e-05,0.5,0.51,479.5211936
0.00049,1.73e-05,1e-05,0.6,0.51,480.131935
0.00049,1.73e-05,1e-05,0.7,0.51,480.241037
0.00049,1.73e-05,1e-05,0.8,0.51,480.2360771
0.00049,1.73e-05,1e-05,0.9,0.51,480.245078
0.00049,1.73e-05,1e-05,1.0,0.51,480.2493442
0.0005,0.0,1e-05,0.0,0.5,300.0039998
0.0005,0.0,1e-05,0.1,0.5,422.6902355
0.0005,0.0,1e-05,0.2,0.5,461.998226
0.0005,0.0,1e-05,0.3,0.5,473.1736151
0.0005,0.0,1e-05,0.4,0.5,477.6171179
0.0005,0.0,1e-05,0.5,0.5,479.5084275
0.0005,0.0,1e-05,0.6,0.5,480.1191255
0.0005,0.0,1e-05,0.7,0.5,480.2282197
0.0005,0.0,1e-05,0.8,0.5,480.2232602
0.0005,0.0,1e-05,0.9,0.5,480.2322605
0.0005,0.0,1e-05,1.0,0.5,480.2365264
0.0005,0.0,0.0,0.0,0.5,300.0039998
0.0005,0.0,0.0,0.1,0.5,422.6902355
0.0005,0.0,0.0,0.2,0.5,461.998226
0.0005,0.0,0.0,0.3,0.5,473.1736151
0.0005,0.0,0.0,0.4,0.5,477.6171179
0.0005,0.0,0.0,0.5,0.5,479.5084275
0.0005,0.0,0.0,0.6,0.5,480.1191255
0.0005,0.0,0.0,0.7,0.5,480.2282198
0.0005,0.0,0.0,0.8,0.5,480.2232602
0.0005,0.0,0.0,0.9,0.5,480.2322605
0.0005,0.0,0.0,1.0,0.5,480.2365264
0.00046,0.0001,1e-05,0.0,0.54,300.0039998
0.00046,0.0001,1e-05,0.1,0.54,422.6893192
0.00046,0.0001,1e-05,0.2,0.54,461.9969954
0.00046,0.0001,1e-05,0.3,0.54,473.1722954
0.00046,0.0001,1e-05,0.4,0.54,477.6157624
0.00046,0.0001,1e-05,0.5,0.54,479.507057
0.00046,0.0001,1e-05,0.6,0.54,480.11775
0.00046,0.0001,1e-05,0.7,0.54,480.2268434
0.00046,0.0001,1e-05,0.8,0.54,480.2218839
0.00046,0.0001,1e-05,0.9,0.54,480.2308842
0.00046,0.0001,1e-05,1.0,0.54,480.23515
0.00047,8.27e-05,0.0,0.0,0.53,300.0039999
0.00047,8.27e-05,0.0,0.1,0.53,422.6985034
0.00047,8.27e-05,0.0,0.2,0.53,462.0091317
0.00047,8.27e-05,0.0,0.3,0.53,473.1852709
0.00047,8.27e-05,0.0,0.4,0.53,477.6290717
0.00047,8.27e-05,0.0,0.5,0.53,479.5205083
0.00047,8.27e-05,0.0,0.6,0.53,480.1312472
0.00047,8.27e-05,0.0,0.7,0.53,480.2403488
0.00047,8.27e-05,0.0,0.8,0.53,480.2353889
0.00047,8.27e-05,0.0,0.9,0.53,480.2443898
0.00047,8.27e-05,0.0,1.0,0.53,480.248656
0.00047,8.27e-05,1e-05,0.0,0.53,300.0039999
0.00047,8.27e-05,1e-05,0.1,0.53,422.6985034
0.00047,8.27e-05,1e-05,0.2,0.53,462.0091318
0.00047,8.27e-05,1e-05,0.3,0.53,473.1852709
0.00047,8.27e-05,1e-05,0.4,0.53,477.6290717
0.00047,8.27e-05,1e-05,0.5,0.53,479.5205083
0.00047,8.27e-05,1e-05,0.6,0.53,480.1312472
0.00047,8.27e-05,1e-05,0.7,0.53,480.2403488
0.00047,8.27e-05,1e-05,0.8,0.53,480.2353889
0.00047,8.27e-05,1e-05,0.9,0.53,480.2443898
0.00047,8.27e-05,1e-05,1.0,0.53,480.248656
0.00048,0.0001,0.0,0.0,0.52,300.0039998
0.00048,0.0001,0.0,0.1,0.52,422.6900065
0.00048,0.0001,0.0,0.2,0.52,461.9979184
0.00048,0.0001,0.0,0.3,0.52,473.1732852
0.00048,0.0001,0.0,0.4,0.52,477.6167791
0.00048,0.0001,0.0,0.5,0.52,479.5080849
0.00048,0.0001,0.0,0.6,0.52,480.1187816
0.00048,0.0001,0.0,0.7,0.52,480.2278757
0.00048,0.0001,0.0,0.8,0.52,480.2229161
0.00048,0.0001,0.0,0.9,0.52,480.2319165
0.00048,0.0001,0.0,1.0,0.52,480.2361823
0.00048,6.69e-05,1e-05,0.0,0.52,300.0039999
0.00048,6.69e-05,1e-05,0.1,0.52,422.703581
0.00048,6.69e-05,1e-05,0.2,0.52,462.0158433
0.00048,6.69e-05,1e-05,0.3,0.52,473.1924469
0.00048,6.69e-05,1e-05,0.4,0.52,477.6364325
0.00048,6.69e-05,1e-05,0.5,0.52,479.5279477
0.00048,6.69e-05,1e-05,0.6,0.52,480.138712
0.00048,6.69e-05,1e-05,0.7,0.52,480.2478181
0.00048,6.69e-05,1e-05,0.8,0.52,480.242858
0.00048,6.69e-05,1e-05,0.9,0.52,480.2518593
0.00048,6.69e-05,1e-05,1.0,0.52,480.2561257
0.00048,6.69e-05,0.0,0.0,0.52,300.0039999
0.00048,6.69e-05,0.0,0.1,0.52,422.703581
0.00048,6.69e-05,0.0,0.2,0.52,462.0158433
0.00048,6.69e-05,0.0,0.3,0.52,473.1924469
0.00048,6.69e-05,0.0,0.4,0.52,477.6364325
0.00048,6.69e-05,0.0,0.5,0.52,479.5279477
0.00048,6.69e-05,0.0,0.6,0.52,480.138712
0.00048,6.69e-05,0.0,0.7,0.52,480.2478182
0.00048,6.69e-05,0.0,0.8,0.52,480.242858
0.00048,6.69e-05,0.0,0.9,0.52,480.2518593
0.00048,6.69e-05,0.0,1.0,0.52,480.2561257
0.00049,5.1e-05,1e-05,0.0,0.51,300.0039999
0.00049,5.1e-05,1e-05,0.1,0.51,422.7055033
0.00049,5.1e-05,1e-05,0.2,0.51,462.0183857
0.00049,5.1e-05,1e-05,0.3,0.51,473.1951656
0.00049,5.1e-05,1e-05,0.4,0.51,477.6392213
0.00049,5.1e-05,1e-05,0.5,0.51,479.5307664
0.00049,5.1e-05,1e-05,0.6,0.51,480.1415403
0.00049,5.1e-05,1e-05,0.7,0.51,480.2506482
0.00049,5.1e-05,1e-05,0.8,0.51,480.245688
0.00049,5.1e-05,1e-05,0.9,0.51,480.2546894
0.00049,5.1e-05,1e-05,1.0,0.51,480.2589558
0.00049,5.1e-05,0.0,0.0,0.51,300.0039999
0.00049,5.1e-05,0.0,0.1,0.51,422.7055033
0.00049,5.1e-05,0.0,0.2,0.51,462.0183857
0.00049,5.1e-05,0.0,0.3,0.51,473.1951656
0.00049,5.1e-05,0.0,0.4,0.51,477.6392213
0.00049,5.1e-05,0.0,0.5,0.51,479.5307664
0.00049,5.1e-05,0.0,0.6,0.51,480.1415403
0.00049,5.1e-05,0.0,0.7,0.51,480.2506482
0.00049,5.1e-05,0.0,0.8,0.51,480.245688
0.00049,5.1e-05,0.0,0.9,0.51,480.2546894
0.00049,5.1e-05,0.0,1.0,0.51,480.2589558
0.0005,3.46e-05,0.0,0.0,0.5,300.0039999
0.0005,3.46e-05,0.0,0.1,0.5,422.7041207
0.0005,3.46e-05,0.0,0.2,0.5,462.0165611
0.0005,3.46e-05,0.0,0.3,0.5,473.1932153
0.0005,3.46e-05,0.0,0.4,0.5,477.6372211
0.0005,3.46e-05,0.0,0.5,0.5,479.5287449
0.0005,3.46e-05,0.0,0.6,0.5,480.139512
0.0005,3.46e-05,0.0,0.7,0.5,480.2486186
0.0005,3.46e-05,0.0,0.8,0.5,480.2436585
0.0005,3.46e-05,0.0,0.9,0.5,480.2526598
0.0005,3.46e-05,0.0,1.0,0.5,480.2569262
0.0005,3.46e-05,1e-05,0.0,0.5,300.0039999
0.0005,3.46e-05,1e-05,0.1,0.5,422.7041207
0.0005,3.46e-05,1e-05,0.2,0.5,462.0165611
0.0005,3.46e-05,1e-05,0.3,0.5,473.1932153
0.0005,3.46e-05,1e-05,0.4,0.5,477.6372212
0.0005,3.46e-05,1e-05,0.5,0.5,479.5287449
0.0005,3.46e-05,1e-05,0.6,0.5,480.139512
0.0005,3.46e-05,1e-05,0.7,0.5,480.2486186
0.0005,3.46e-05,1e-05,0.8,0.5,480.2436585
0.0005,3.46e-05,1e-05,0.9,0.5,480.2526598
0.0005,3.46e-05,1e-05,1.0,0.5,480.2569262
0.00051,1.73e-05,0.0,0.0,0.49,300.0039999
0.00051,1.73e-05,0.0,0.1,0.49,422.6989616
0.00051,1.73e-05,0.0,0.2,0.49,462.009747
0.00051,1.73e-05,0.0,0.3,0.49,473.1859307
0.00051,1.73e-05,0.0,0.4,0.49,477.6297495
0.00051,1.73e-05,0.0,0.5,0.49,479.5211936
0.00051,1.73e-05,0.0,0.6,0.49,480.131935
0.00051,1.73e-05,0.0,0.7,0.49,480.241037
0.00051,1.73e-05,0.0,0.8,0.49,480.2360771
0.00051,1.73e-05,0.0,0.9,0.49,480.245078
0.00051,1.73e-05,0.0,1.0,0.49,480.2493442
0.00051,1.73e-05,1e-05,0.0,0.49,300.0039999
0.00051,1.73e-05,1e-05,0.1,0.49,422.6989616
0.00051,1.73e-05,1e-05,0.2,0.49,462.009747
0.00051,1.73e-05,1e-05,0.3,0.49,473.1859307
0.00051,1.73e-05,1e-05,0.4,0.49,477.6297495
0.00051,1.73e-05,1e-05,0.5,0.49,479.5211936
0.00051,1.73e-05,1e-05,0.6,0.49,480.131935
0.00051,1.73e-05,1e-05,0.7,0.49,480.241037
0.00051,1.73e-05,1e-05,0.8,0.49,480.2360771
0.00051,1.73e-05,1e-05,0.9,0.49,480.245078
0.00051,1.73e-05,1e-05,1.0,0.49,480.2493442
0.00052,0.0,1e-05,0.0,0.48,300.0039998
0.00052,0.0,1e-05,0.1,0.48,422.6900065
0.00052,0.0,1e-05,0.2,0.48,461.9979184
0.00052,0.0,1e-05,0.3,0.48,473.1732852
0.00052,0.0,1e-05,0.4,0.48,477.616779
0.00052,0.0,1e-05,0.5,0.48,479.5080849
0.00052,0.0,1e-05,0.6,0.48,480.1187816
0.00052,0.0,1e-05,0.7,0.48,480.2278757
0.00052,0.0,1e-05,0.8,0.48,480.2229161
0.00052,0.0,1e-05,0.9,0.48,480.2319164
0.00052,0.0,1e-05,1.0,0.48,480.2361823
0.00052,0.0,0.0,0.0,0.48,300.0039998
0.00052,0.0,0.0,0.1,0.48,422.6900065
0.00052,0.0,0.0,0.2,0.48,461.9979184
0.00052,0.0,0.0,0.3,0.48,473.1732852
0.00052,0.0,0.0,0.4,0.48,477.6167791
0.00052,0.0,0.0,0.5,0.48,479.5080849
0.00052,0.0,0.0,0.6,0.48,480.1187816
0.00052,0.0,0.0,0.7,0.48,480.2278757
0.00052,0.0,0.0,0.8,0.48,480.2229161
0.00052,0.0,0.0,0.9,0.48,480.2319165
0.00052,0.0,0.0,1.0,0.48,480.2361824
0.00048,0.0001,1e-05,0.0,0.52,300.0039998
0.00048,0.0001,1e-05,0.1,0.52,422.6900065
0.00048,0.0001,1e-05,0.2,0.52,461.9979184
0.00048,0.0001,1e-05,0.3,0.52,473.1732852
0.00048,0.0001,1e-05,0.4,0.52,477.6167791
0.00048,0.0001,1e-05,0.5,0.52,479.5080849
0.00048,0.0001,1e-05,0.6,0.52,480.1187816
0.00048,0.0001,1e-05,0.7,0.52,480.2278757
0.00048,0.0001,1e-05,0.8,0.52,480.2229161
0.00048,0.0001,1e-05,0.9,0.52,480.2319165
0.00048,0.0001,1e-05,1.0,0.52,480.2361823
0.00049,8.27e-05,0.0,0.0,0.51,300.0039999
0.00049,8.27e-05,0.0,0.1,0.51,422.6989616
0.00049,8.27e-05,0.0,0.2,0.51,462.0097471
0.00049,8.27e-05,0.0,0.3,0.51,473.1859308
0.00049,8.27e-05,0.0,0.4,0.51,477.6297495
0.00049,8.27e-05,0.0,0.5,0.51,479.5211936
0.00049,8.27e-05,0.0,0.6,0.51,480.131935
0.00049,8.27e-05,0.0,0.7,0.51,480.241037
0.00049,8.27e-05,0.0,0.8,0.51,480.2360771
0.00049,8.27e-05,0.0,0.9,0.51,480.245078
0.00049,8.27e-05,0.0,1.0,0.51,480.2493442
0.00049,8.27e-05,1e-05,0.0,0.51,300.0039999
0.00049,8.27e-05,1e-05,0.1,0.51,422.6989616
0.00049,8.27e-05,1e-05,0.2,0.51,462.009747
0.00049,8.27e-05,1e-05,0.3,0.51,473.1859307
0.00049,8.27e-05,1e-05,0.4,0.51,477.6297494
0.00049,8.27e-05,1e-05,0.5,0.51,479.5211936
0.00049,8.27e-05,1e-05,0.6,0.51,480.131935
0.00049,8.27e-05,1e-05,0.7,0.51,480.241037
0.00049,8.27e-05,1e-05,0.8,0.51,480.236077
0.00049,8.27e-05,1e-05,0.9,0.51,480.245078
0.00049,8.27e-05,1e-05,1.0,0.51,480.2493442
0.0005,0.0001,0.0,0.0,0.5,300.0039998
0.0005,0.0001,0.0,0.1,0.5,422.6902355
0.0005,0.0001,0.0,0.2,0.5,461.998226
0.0005,0.0001,0.0,0.3,0.5,473.1736151
0.0005,0.0001,0.0,0.4,0.5,477.6171179
0.0005,0.0001,0.0,0.5,0.5,479.5084275
0.0005,0.0001,0.0,0.6,0.5,480.1191255
0.0005,0.0001,0.0,0.7,0.5,480.2282198
0.0005,0.0001,0.0,0.8,0.5,480.2232602
0.0005,0.0001,0.0,0.9,0.5,480.2322605
0.0005,0.0001,0.0,1.0,0.5,480.2365264
0.0005,6.69e-05,1e-05,0.0,0.5,300.0039999
0.0005,6.69e-05,1e-05,0.1,0.5,422.7038101
0.0005,6.69e-05,1e-05,0.2,0.5,462.0161509
0.0005,6.69e-05,1e-05,0.3,0.5,473.1927768
0.0005,6.69e-05,1e-05,0.4,0.5,477.6367714
0.0005,6.69e-05,1e-05,0.5,0.5,479.5282903
0.0005,6.69e-05,1e-05,0.6,0.5,480.1390559
0.0005,6.69e-05,1e-05,0.7,0.5,480.2481622
0.0005,6.69e-05,1e-05,0.8,0.5,480.2432021
0.0005,6.69e-05,1e-05,0.9,0.5,480.2522034
0.0005,6.69e-05,1e-05,1.0,0.5,480.2564698
0.0005,6.69e-05,0.0,0.0,0.5,300.0039999
0.0005,6.69e-05,0.0,0.1,0.5,422.7038101
0.0005,6.69e-05,0.0,0.2,0.5,462.0161509
0.0005,6.69e-05,0.0,0.3,0.5,473.1927768
0.0005,6.69e-05,0.0,0.4,0.5,477.6367714
0.0005,6.69e-05,0.0,0.5,0.5,479.5282903
0.0005,6.69e-05,0.0,0.6,0.5,480.1390559
0.0005,6.69e-05,0.0,0.7,0.5,480.2481622
0.0005,6.69e-05,0.0,0.8,0.5,480.2432021
0.0005,6.69e-05,0.0,0.9,0.5,480.2522034
0.0005,6.69e-05,0.0,1.0,0.5,480.2564698
0.00051,5.1e-05,1e-05,0.0,0.49,300.0039999
0.00051,5.1e-05,1e-05,0.1,0.49,422.7055033
0.00051,5.1e-05,1e-05,0.2,0.49,462.0183857
0.00051,5.1e-05,1e-05,0.3,0.49,473.1951656
0.00051,5.1e-05,1e-05,0.4,0.49,477.6392213
0.00051,5.1e-05,1e-05,0.5,0.49,479.5307664
0.00051,5.1e-05,1e-05,0.6,0.49,480.1415403
0.00051,5.1e-05,1e-05,0.7,0.49,480.2506482
0.00051,5.1e-05,1e-05,0.8,0.49,480.245688
0.00051,5.1e-05,1e-05,0.9,0.49,480.2546894
0.00051,5.1e-05,1e-05,1.0,0.49,480.2589558
0.00051,5.1e-05,0.0,0.0,0.49,300.0039999
0.00051,5.1e-05,0.0,0.1,0.49,422.7055033
0.00051,5.1e-05,0.0,0.2,0.49,462.0183857
0.00051,5.1e-05,0.0,0.3,0.49,473.1951656
0.00051,5.1e-05,0.0,0.4,0.49,477.6392213
0.00051,5.1e-05,0.0,0.5,0.49,479.5307664
0.00051,5.1e-05,0.0,0.6,0.49,480.1415403
0.00051,5.1e-05,0.0,0.7,0.49,480.2506482
0.00051,5.1e-05,0.0,0.8,0.49,480.245688
0.00051,5.1e-05,0.0,0.9,0.49,480.2546894
0.00051,5.1e-05,0.0,1.0,0.49,480.2589558
0.00052,3.46e-05,0.0,0.0,0.48,300.0039999
0.00052,3.46e-05,0.0,0.1,0.48,422.7038916
0.00052,3.46e-05,0.0,0.2,0.48,462.0162535
0.00052,3.46e-05,0.0,0.3,0.48,473.1928854
0.00052,3.46e-05,0.0,0.4,0.48,477.6368823
0.00052,3.46e-05,0.0,0.5,0.48,479.5284023
0.00052,3.46e-05,0.0,0.6,0.48,480.1391681
0.00052,3.46e-05,0.0,0.7,0.48,480.2482746
0.00052,3.46e-05,0.0,0.8,0.48,480.2433144
0.00052,3.46e-05,0.0,0.9,0.48,480.2523157
0.00052,3.46e-05,0.0,1.0,0.48,480.2565821
0.00052,3.46e-05,1e-05,0.0,0.48,300.0039999
0.00052,3.46e-05,1e-05,0.1,0.48,422.7038916
0.00052,3.46e-05,1e-05,0.2,0.48,462.0162535
0.00052,3.46e-05,1e-05,0.3,0.48,473.1928854
0.00052,3.46e-05,1e-05,0.4,0.48,477.6368823
0.00052,3.46e-05,1e-05,0.5,0.48,479.5284023
0.00052,3.46e-05,1e-05,0.6,0.48,480.1391681
0.00052,3.46e-05,1e-05,0.7,0.48,480.2482745
0.00052,3.46e-05,1e-05,0.8,0.48,480.2433144
0.00052,3.46e-05,1e-05,0.9,0.48,480.2523157
0.00052,3.46e-05,1e-05,1.0,0.48,480.2565821
0.00053,1.73e-05,0.0,0.0,0.47,300.0039999
0.00053,1.73e-05,0.0,0.1,0.47,422.6985034
0.00053,1.73e-05,0.0,0.2,0.47,462.0091317
0.00053,1.73e-05,0.0,0.3,0.47,473.1852709
0.00053,1.73e-05,0.0,0.4,0.47,477.6290717
0.00053,1.73e-05,0.0,0.5,0.47,479.5205083
0.00053,1.73e-05,0.0,0.6,0.47,480.1312472
0.00053,1.73e-05,0.0,0.7,0.47,480.2403488
0.00053,1.73e-05,0.0,0.8,0.47,480.2353889
0.00053,1.73e-05,0.0,0.9,0.47,480.2443898
0.00053,1.73e-05,0.0,1.0,0.47,480.248656
0.00053,1.73e-05,1e-05,0.0,0.47,300.0039999
0.00053,1.73e-05,1e-05,0.1,0.47,422.6985034
0.00053,1.73e-05,1e-05,0.2,0.47,462.0091317
0.00053,1.73e-05,1e-05,0.3,0.47,473.1852709
0.00053,1.73e-05,1e-05,0.4,0.47,477.6290717
0.00053,1.73e-05,1e-05,0.5,0.47,479.5205083
0.00053,1.73e-05,1e-05,0.6,0.47,480.1312472
0.00053,1.73e-05,1e-05,0.7,0.47,480.2403488
0.00053,1.73e-05,1e-05,0.8,0.47,480.2353889
0.00053,1.73e-05,1e-05,0.9,0.47,480.2443898
0.00053,1.73e-05,1e-05,1.0,0.47,480.248656
0.00054,0.0,1e-05,0.0,0.46,300.0039998
0.00054,0.0,1e-05,0.1,0.46,422.6893192
0.00054,0.0,1e-05,0.2,0.46,461.9969955
0.00054,0.0,1e-05,0.3,0.46,473.1722955
0.00054,0.0,1e-05,0.4,0.46,477.6157625
0.00054,0.0,1e-05,0.5,0.46,479.507057
0.00054,0.0,1e-05,0.6,0.46,480.11775
0.00054,0.0,1e-05,0.7,0.46,480.2268435
0.00054,0.0,1e-05,0.8,0.46,480.2218839
0.00054,0.0,1e-05,0.9,0.46,480.2308842
0.00054,0.0,1e-05,1.0,0.46,480.2351501
0.00054,6.93e-06,5e-06,0.0,0.46,300.0039999
0.00054,6.93e-06,5e-06,0.1,0.46,422.6948081
0.00054,6.93e-06,5e-06,0.2,0.46,462.0042431
0.00054,6.93e-06,5e-06,0.3,0.46,473.1800431
0.00054,6.93e-06,5e-06,0.4,0.46,477.6237089
0.00054,6.93e-06,5e-06,0.5,0.46,479.515088
0.00054,6.93e-06,5e-06,0.6,0.46,480.1258084
0.00054,6.93e-06,5e-06,0.7,0.46,480.2349067
0.00054,6.93e-06,5e-06,0.8,0.46,480.2299469
0.00054,6.93e-06,5e-06,0.9,0.46,480.2389476
0.00054,6.93e-06,5e-06,1.0,0.46,480.2432137
0.00054,0.0,0.0,0.0,0.46,300.0039998
0.00054,0.0,0.0,0.1,0.46,422.6893192
0.00054,0.0,0.0,0.2,0.46,461.9969955
0.00054,0.0,0.0,0.3,0.46,473.1722955
0.00054,0.0,0.0,0.4,0.46,477.6157625
0.00054,0.0,0.0,0.5,0.46,479.507057
0.00054,0.0,0.0,0.6,0.46,480.11775
0.00054,0.0,0.0,0.7,0.46,480.2268435
0.00054,0.0,0.0,0.8,0.46,480.2218839
0.00054,0.0,0.0,0.9,0.46,480.2308842
0.00054,0.0,0.0,1.0,0.46,480.2351501
0.0005,0.0001,1e-05,0.0,0.5,300.0039998
0.0005,0.0001,1e-05,0.1,0.5,422.6902355
0.0005,0.0001,1e-05,0.2,0.5,461.998226
0.0005,0.0001,1e-05,0.3,0.5,473.1736151
0.0005,0.0001,1e-05,0.4,0.5,477.6171179
0.0005,0.0001,1e-05,0.5,0.5,479.5084275
0.0005,0.0001,1e-05,0.6,0.5,480.1191255
0.0005,0.0001,1e-05,0.7,0.5,480.2282198
0.0005,0.0001,1e-05,0.8,0.5,480.2232602
0.0005,0.0001,1e-05,0.9,0.5,480.2322605
0.0005,0.0001,1e-05,1.0,0.5,480.2365264
0.00051,8.27e-05,0.0,0.0,0.49,300.0039999
0.00051,8.27e-05,0.0,0.1,0.49,422.6989616
0.00051,8.27e-05,0.0,0.2,0.49,462.009747
0.00051,8.27e-05,0.0,0.3,0.49,473.1859307
0.00051,8.27e-05,0.0,0.4,0.49,477.6297494
0.00051,8.27e-05,0.0,0.5,0.49,479.5211936
0.00051,8.27e-05,0.0,0.6,0.49,480.1319349
0.00051,8.27e-05,0.0,0.7,0.49,480.241037
0.00051,8.27e-05,0.0,0.8,0.49,480.236077
0.00051,8.27e-05,0.0,0.9,0.49,480.245078
0.00051,8.27e-05,0.0,1.0,0.49,480.2493442
0.00051,8.27e-05,1e-05,0.0,0.49,300.0039999
0.00051,8.27e-05,1e-05,0.1,0.49,422.6989616
0.00051,8.27e-05,1e-05,0.2,0.49,462.0097471
0.00051,8.27e-05,1e-05,0.3,0.49,473.1859308
0.00051,8.27e-05,1e-05,0.4,0.49,477.6297495
0.00051,8.27e-05,1e-05,0.5,0.49,479.5211936
0.00051,8.27e-05,1e-05,0.6,0.49,480.131935
0.00051,8.27e-05,1e-05,0.7,0.49,480.241037
0.00051,8.27e-05,1e-05,0.8,0.49,480.2360771
0.00051,8.27e-05,1e-05,0.9,0.49,480.245078
0.00051,8.27e-05,1e-05,1.0,0.49,480.2493442
0.00052,0.0001,0.0,0.0,0.48,300.0039998
0.00052,0.0001,0.0,0.1,0.48,422.6900065
0.00052,0.0001,0.0,0.2,0.48,461.9979184
0.00052,0.0001,0.0,0.3,0.48,473.1732852
0.00052,0.0001,0.0,0.4,0.48,477.6167791
0.00052,0.0001,0.0,0.5,0.48,479.5080849
0.00052,0.0001,0.0,0.6,0.48,480.1187816
0.00052,0.0001,0.0,0.7,0.48,480.2278757
0.00052,0.0001,0.0,0.8,0.48,480.2229161
0.00052,0.0001,0.0,0.9,0.48,480.2319165
0.00052,0.0001,0.0,1.0,0.48,480.2361823
0.00052,6.69e-05,0.0,0.0,0.48,300.0039999
0.00052,6.69e-05,0.0,0.1,0.48,422.703581
0.00052,6.69e-05,0.0,0.2,0.48,462.0158433
0.00052,6.69e-05,0.0,0.3,0.48,473.1924469
0.00052,6.69e-05,0.0,0.4,0.48,477.6364325
0.00052,6.69e-05,0.0,0.5,0.48,479.5279477
0.00052,6.69e-05,0.0,0.6,0.48,480.138712
0.00052,6.69e-05,0.0,0.7,0.48,480.2478181
0.00052,6.69e-05,0.0,0.8,0.48,480.242858
0.00052,6.69e-05,0.0,0.9,0.48,480.2518593
0.00052,6.69e-05,0.0,1.0,0.48,480.2561257
0.00052,6.69e-05,1e-05,0.0,0.48,300.0039999
0.00052,6.69e-05,1e-05,0.1,0.48,422.703581
0.00052,6.69e-05,1e-05,0.2,0.48,462.0158433
0.00052,6.69e-05,1e-05,0.3,0.48,473.1924469
0.00052,6.69e-05,1e-05,0.4,0.48,477.6364325
0.00052,6.69e-05,1e-05,0.5,0.48,479.5279477
0.00052,6.69e-05,1e-05,0.6,0.48,480.138712
0.00052,6.69e-05,1e-05,0.7,0.48,480.2478182
0.00052,6.69e-05,1e-05,0.8,0.48,480.242858
0.00052,6.69e-05,1e-05,0.9,0.48,480.2518593
0.00052,6.69e-05,1e-05,1.0,0.48,480.2561257
0.00053,5.1e-05,1e-05,0.0,0.47,300.0039999
0.00053,5.1e-05,1e-05,0.1,0.47,422.7050451
0.00053,5.1e-05,1e-05,0.2,0.47,462.0177704
0.00053,5.1e-05,1e-05,0.3,0.47,473.1945057
0.00053,5.1e-05,1e-05,0.4,0.47,477.6385436
0.00053,5.1e-05,1e-05,0.5,0.47,479.530081
0.00053,5.1e-05,1e-05,0.6,0.47,480.1408525
0.00053,5.1e-05,1e-05,0.7,0.47,480.24996
0.00053,5.1e-05,1e-05,0.8,0.47,480.2449998
0.00053,5.1e-05,1e-05,0.9,0.47,480.2540012
0.00053,5.1e-05,1e-05,1.0,0.47,480.2582676
0.00053,5.1e-05,0.0,0.0,0.47,300.0039999
0.00053,5.1e-05,0.0,0.1,0.47,422.7050451
0.00053,5.1e-05,0.0,0.2,0.47,462.0177704
0.00053,5.1e-05,0.0,0.3,0.47,473.1945057
0.00053,5.1e-05,0.0,0.4,0.47,477.6385436
0.00053,5.1e-05,0.0,0.5,0.47,479.530081
0.00053,5.1e-05,0.0,0.6,0.47,480.1408525
0.00053,5.1e-05,0.0,0.7,0.47,480.24996
0.00053,5.1e-05,0.0,0.8,0.47,480.2449998
0.00053,5.1e-05,0.0,0.9,0.47,480.2540012
0.00053,5.1e-05,0.0,1.0,0.47,480.2582676
0.00054,3.46e-05,0.0,0.0,0.46,300.0039999
0.00054,3.46e-05,0.0,0.1,0.46,422.7032042
0.00054,3.46e-05,0.0,0.2,0.46,462.0153304
0.00054,3.46e-05,0.0,0.3,0.46,473.1918955
0.00054,3.46e-05,0.0,0.4,0.46,477.6358656
0.00054,3.46e-05,0.0,0.5,0.46,479.5273742
0.00054,3.46e-05,0.0,0.6,0.46,480.1381364
0.00054,3.46e-05,0.0,0.7,0.46,480.2472422
0.00054,3.46e-05,0.0,0.8,0.46,480.242282
0.00054,3.46e-05,0.0,0.9,0.46,480.2512833
0.00054,3.46e-05,0.0,1.0,0.46,480.2555497
0.00054,3.46e-05,1e-05,0.0,0.46,300.0039999
0.00054,3.46e-05,1e-05,0.1,0.46,422.7032042
0.00054,3.46e-05,1e-05,0.2,0.46,462.0153304
0.00054,3.46e-05,1e-05,0.3,0.46,473.1918955
0.00054,3.46e-05,1e-05,0.4,0.46,477.6358656
0.00054,3.46e-05,1e-05,0.5,0.46,479.5273742
0.00054,3.46e-05,1e-05,0.6,0.46,480.1381364
0.00054,3.46e-05,1e-05,0.7,0.46,480.2472422
0.00054,3.46e-05,1e-05,0.8,0.46,480.242282
0.00054,3.46e-05,1e-05,0.9,0.46,480.2512833
0.00054,3.46e-05,1e-05,1.0,0.46,480.2555497
0.00055,1.73e-05,0.0,0.0,0.45,300.0039999
0.00055,1.73e-05,0.0,0.1,0.45,422.6975867
0.00055,1.73e-05,0.0,0.2,0.45,462.0079009
0.00055,1.73e-05,0.0,0.3,0.45,473.1839509
0.00055,1.73e-05,0.0,0.4,0.45,477.627716
0.00055,1.73e-05,0.0,0.5,0.45,479.5191374
0.00055,1.73e-05,0.0,0.6,0.45,480.1298714
0.00055,1.73e-05,0.0,0.7,0.45,480.2389722
0.00055,1.73e-05,0.0,0.8,0.45,480.2340123
0.00055,1.73e-05,0.0,0.9,0.45,480.2430132
0.00055,1.73e-05,0.0,1.0,0.45,480.2472793
0.00055,1.73e-05,1e-05,0.0,0.45,300.0039999
0.00055,1.73e-05,1e-05,0.1,0.45,422.6975867
0.00055,1.73e-05,1e-05,0.2,0.45,462.0079009
0.00055,1.73e-05,1e-05,0.3,0.45,473.1839509
0.00055,1.73e-05,1e-05,0.4,0.45,477.627716
0.00055,1.73e-05,1e-05,0.5,0.45,479.5191374
0.00055,1.73e-05,1e-05,0.6,0.45,480.1298714
0.00055,1.73e-05,1e-05,0.7,0.45,480.2389722
0.00055,1.73e-05,1e-05,0.8,0.45,480.2340123
0.00055,1.73e-05,1e-05,0.9,0.45,480.2430132
0.00055,1.73e-05,1e-05,1.0,0.45,480.2472793
0.00056,0.0,1e-05,0.0,0.44,300.0039998
0.00056,0.0,1e-05,0.1,0.44,422.6881731
0.00056,0.0,1e-05,0.2,0.44,461.9954567
0.00056,0.0,1e-05,0.3,0.44,473.1706453
0.00056,0.0,1e-05,0.4,0.44,477.6140676
0.00056,0.0,1e-05,0.5,0.44,479.5053432
0.00056,0.0,1e-05,0.6,0.44,480.1160301
0.00056,0.0,1e-05,0.7,0.44,480.2251225
0.00056,0.0,1e-05,0.8,0.44,480.2201629
0.00056,0.0,1e-05,0.9,0.44,480.2291631
0.00056,0.0,1e-05,1.0,0.44,480.233429
0.00056,0.0,0.0,0.0,0.44,300.0039998
0.00056,0.0,0.0,0.1,0.44,422.6881731
0.00056,0.0,0.0,0.2,0.44,461.9954567
0.00056,0.0,0.0,0.3,0.44,473.1706453
0.00056,0.0,0.0,0.4,0.44,477.6140676
0.00056,0.0,0.0,0.5,0.44,479.5053432
0.00056,0.0,0.0,0.6,0.44,480.1160301
0.00056,0.0,0.0,0.7,0.44,480.2251225
0.00056,0.0,0.0,0.8,0.44,480.2201629
0.00056,0.0,0.0,0.9,0.44,480.2291631
0.00056,0.0,0.0,1.0,0.44,480.233429
0.00052,0.0001,1e-05,0.0,0.48,300.0039998
0.00052,0.0001,1e-05,0.1,0.48,422.6900065
0.00052,0.0001,1e-05,0.2,0.48,461.9979184
0.00052,0.0001,1e-05,0.3,0.48,473.1732852
0.00052,0.0001,1e-05,0.4,0.48,477.616779
0.00052,0.0001,1e-05,0.5,0.48,479.5080849
0.00052,0.0001,1e-05,0.6,0.48,480.1187816
0.00052,0.0001,1e-05,0.7,0.48,480.2278757
0.00052,0.0001,1e-05,0.8,0.48,480.2229161
0.00052,0.0001,1e-05,0.9,0.48,480.2319164
0.00052,0.0001,1e-05,1.0,0.48,480.2361823
0.00053,8.27e-05,0.0,0.0,0.47,300.0039999
0.00053,8.27e-05,0.0,0.1,0.47,422.6985034
0.00053,8.27e-05,0.0,0.2,0.47,462.0091318
0.00053,8.27e-05,0.0,0.3,0.47,473.1852709
0.00053,8.27e-05,0.0,0.4,0.47,477.6290717
0.00053,8.27e-05,0.0,0.5,0.47,479.5205083
0.00053,8.27e-05,0.0,0.6,0.47,480.1312472
0.00053,8.27e-05,0.0,0.7,0.47,480.2403488
0.00053,8.27e-05,0.0,0.8,0.47,480.2353889
0.00053,8.27e-05,0.0,0.9,0.47,480.2443898
0.00053,8.27e-05,0.0,1.0,0.47,480.248656
0.00053,8.27e-05,1e-05,0.0,0.47,300.0039999
0.00053,8.27e-05,1e-05,0.1,0.47,422.6985034
0.00053,8.27e-05,1e-05,0.2,0.47,462.0091318
0.00053,8.27e-05,1e-05,0.3,0.47,473.1852709
0.00053,8.27e-05,1e-05,0.4,0.47,477.6290717
0.00053,8.27e-05,1e-05,0.5,0.47,479.5205083
0.00053,8.27e-05,1e-05,0.6,0.47,480.1312472
0.00053,8.27e-05,1e-05,0.7,0.47,480.2403488
0.00053,8.27e-05,1e-05,0.8,0.47,480.2353889
0.00053,8.27e-05,1e-05,0.9,0.47,480.2443898
0.00053,8.27e-05,1e-05,1.0,0.47,480.248656
0.00054,0.0001,0.0,0.0,0.46,300.0039998
0.00054,0.0001,0.0,0.1,0.46,422.6893192
0.00054,0.0001,0.0,0.2,0.46,461.9969954
0.00054,0.0001,0.0,0.3,0.46,473.1722954
0.00054,0.0001,0.0,0.4,0.46,477.6157624
0.00054,0.0001,0.0,0.5,0.46,479.5070569
0.00054,0.0001,0.0,0.6,0.46,480.11775
0.00054,0.0001,0.0,0.7,0.46,480.2268434
0.00054,0.0001,0.0,0.8,0.46,480.2218839
0.00054,0.0001,0.0,0.9,0.46,480.2308841
0.00054,0.0001,0.0,1.0,0.46,480.23515
0.00054,6.69e-05,0.0,0.0,0.46,300.0039999
0.00054,6.69e-05,0.0,0.1,0.46,422.7028936
0.00054,6.69e-05,0.0,0.2,0.46,462.0149202
0.00054,6.69e-05,0.0,0.3,0.46,473.191457
0.00054,6.69e-05,0.0,0.4,0.46,477.6354158
0.00054,6.69e-05,0.0,0.5,0.46,479.5269196
0.00054,6.69e-05,0.0,0.6,0.46,480.1376803
0.00054,6.69e-05,0.0,0.7,0.46,480.2467858
0.00054,6.69e-05,0.0,0.8,0.46,480.2418256
0.00054,6.69e-05,0.0,0.9,0.46,480.2508269
0.00054,6.69e-05,0.0,1.0,0.46,480.2550933
0.00054,6.69e-05,1e-05,0.0,0.46,300.0039999
0.00054,6.69e-05,1e-05,0.1,0.46,422.7028936
0.00054,6.69e-05,1e-05,0.2,0.46,462.0149202
0.00054,6.69e-05,1e-05,0.3,0.46,473.191457
0.00054,6.69e-05,1e-05,0.4,0.46,477.6354158
0.00054,6.69e-05,1e-05,0.5,0.46,479.5269196
0.00054,6.69e-05,1e-05,0.6,0.46,480.1376803
0.00054,6.69e-05,1e-05,0.7,0.46,480.2467858
0.00054,6.69e-05,1e-05,0.8,0.46,480.2418256
0.00054,6.69e-05,1e-05,0.9,0.46,480.2508269
0.00054,6.69e-05,1e-05,1.0,0.46,480.2550933
0.00055,5.1e-05,0.0,0.0,0.45,300.0039999
0.00055,5.1e-05,0.0,0.1,0.45,422.7041284
0.00055,5.1e-05,0.0,0.2,0.45,462.0165394
0.00055,5.1e-05,0.0,0.3,0.45,473.1931856
0.00055,5.1e-05,0.0,0.4,0.45,477.6371877
0.00055,5.1e-05,0.0,0.5,0.45,479.5287101
0.00055,5.1e-05,0.0,0.6,0.45,480.1394767
0.00055,5.1e-05,0.0,0.7,0.45,480.2485833
0.00055,5.1e-05,0.0,0.8,0.45,480.2436231
0.00055,5.1e-05,0.0,0.9,0.45,480.2526244
0.00055,5.1e-05,0.0,1.0,0.45,480.2568908
0.00055,5.1e-05,1e-05,0.0,0.45,300.0039999
0.00055,5.1e-05,1e-05,0.1,0.45,422.7041283
0.00055,5.1e-05,1e-05,0.2,0.45,462.0165394
0.00055,5.1e-05,1e-05,0.3,0.45,473.1931856
0.00055,5.1e-05,1e-05,0.4,0.45,477.6371877
0.00055,5.1e-05,1e-05,0.5,0.45,479.5287101
0.00055,5.1e-05,1e-05,0.6,0.45,480.1394766
0.00055,5.1e-05,1e-05,0.7,0.45,480.2485833
0.00055,5.1e-05,1e-05,0.8,0.45,480.2436231
0.00055,5.1e-05,1e-05,0.9,0.45,480.2526244
0.00055,5.1e-05,1e-05,1.0,0.45,480.2568908
0.00056,5.1e-05,5e-06,0.0,0.44,300.004
0.00056,5.1e-05,5e-06,0.1,0.44,422.7050318
0.00056,5.1e-05,5e-06,0.2,0.44,462.0177183
0.00056,5.1e-05,5e-06,0.3,0.44,473.194443
0.00056,5.1e-05,5e-06,0.4,0.44,477.6384761
0.00056,5.1e-05,5e-06,0.5,0.44,479.5300116
0.00056,5.1e-05,5e-06,0.6,0.44,480.1407825
0.00056,5.1e-05,5e-06,0.7,0.44,480.2498899
0.00056,5.1e-05,5e-06,0.8,0.44,480.2449297
0.00056,5.1e-05,5e-06,0.9,0.44,480.2539311
0.00056,5.1e-05,5e-06,1.0,0.44,480.2581975
0.00056,3.46e-05,0.0,0.0,0.44,300.0039999
0.00056,3.46e-05,0.0,0.1,0.44,422.702058
0.00056,3.46e-05,0.0,0.2,0.44,462.0137915
0.00056,3.46e-05,0.0,0.3,0.44,473.1902452
0.00056,3.46e-05,0.0,0.4,0.44,477.6341705
0.00056,3.46e-05,0.0,0.5,0.44,479.5256602
0.00056,3.46e-05,0.0,0.6,0.44,480.1364163
0.00056,3.46e-05,0.0,0.7,0.44,480.245521
0.00056,3.46e-05,0.0,0.8,0.44,480.2405609
0.00056,3.46e-05,0.0,0.9,0.44,480.2495621
0.00056,3.46e-05,0.0,1.0,0.44,480.2538284
0.00056,3.46e-05,1e-05,0.0,0.44,300.0039999
0.00056,3.46e-05,1e-05,0.1,0.44,422.702058
0.00056,3.46e-05,1e-05,0.2,0.44,462.0137915
0.00056,3.46e-05,1e-05,0.3,0.44,473.1902452
0.00056,3.46e-05,1e-05,0.4,0.44,477.6341705
0.00056,3.46e-05,1e-05,0.5,0.44,479.5256602
0.00056,3.46e-05,1e-05,0.6,0.44,480.1364163
0.00056,3.46e-05,1e-05,0.7,0.44,480.245521
0.00056,3.46e-05,1e-05,0.8,0.44,480.2405609
0.00056,3.46e-05,1e-05,0.9,0.44,480.2495621
0.00056,3.46e-05,1e-05,1.0,0.44,480.2538284
0.00057,1.73e-05,0.0,0.0,0.43,300.0039999
0.00057,1.73e-05,0.0,0.1,0.43,422.696211
0.00057,1.73e-05,0.0,0.2,0.43,462.0060538
0.00057,1.73e-05,0.0,0.3,0.43,473.1819701
0.00057,1.73e-05,0.0,0.4,0.43,477.6256816
0.00057,1.73e-05,0.0,0.5,0.43,479.5170803
0.00057,1.73e-05,0.0,0.6,0.43,480.1278069
0.00057,1.73e-05,0.0,0.7,0.43,480.2369065
0.00057,1.73e-05,0.0,0.8,0.43,480.2319466
0.00057,1.73e-05,0.0,0.9,0.43,480.2409474
0.00057,1.73e-05,0.0,1.0,0.43,480.2452135
0.00057,1.73e-05,1e-05,0.0,0.43,300.0039999
0.00057,1.73e-05,1e-05,0.1,0.43,422.696211
0.00057,1.73e-05,1e-05,0.2,0.43,462.0060538
0.00057,1.73e-05,1e-05,0.3,0.43,473.1819701
0.00057,1.73e-05,1e-05,0.4,0.43,477.6256816
0.00057,1.73e-05,1e-05,0.5,0.43,479.5170803
0.00057,1.73e-05,1e-05,0.6,0.43,480.127807
0.00057,1.73e-05,1e-05,0.7,0.43,480.2369065
0.00057,1.73e-05,1e-05,0.8,0.43,480.2319466
0.00057,1.73e-05,1e-05,0.9,0.43,480.2409474
0.00057,1.73e-05,1e-05,1.0,0.43,480.2452135
0.00058,0.0,1e-05,0.0,0.42,300.0039998
0.00058,0.0,1e-05,0.1,0.42,422.6865676
0.00058,0.0,1e-05,0.2,0.42,461.9933013
0.00058,0.0,1e-05,0.3,0.42,473.168334
0.00058,0.0,1e-05,0.4,0.42,477.6116937
0.00058,0.0,1e-05,0.5,0.42,479.5029428
0.00058,0.0,1e-05,0.6,0.42,480.1136212
0.00058,0.0,1e-05,0.7,0.42,480.2227121
0.00058,0.0,1e-05,0.8,0.42,480.2177526
0.00058,0.0,1e-05,0.9,0.42,480.2267527
0.00058,0.0,1e-05,1.0,0.42,480.2310184
0.00058,0.0,0.0,0.0,0.42,300.0039998
0.00058,0.0,0.0,0.1,0.42,422.6865676
0.00058,0.0,0.0,0.2,0.42,461.9933013
0.00058,0.0,0.0,0.3,0.42,473.1683339
0.00058,0.0,0.0,0.4,0.42,477.6116937
0.00058,0.0,0.0,0.5,0.42,479.5029428
0.00058,0.0,0.0,0.6,0.42,480.1136211
0.00058,0.0,0.0,0.7,0.42,480.2227121
0.00058,0.0,0.0,0.8,0.42,480.2177525
0.00058,0.0,0.0,0.9,0.42,480.2267527
0.00058,0.0,0.0,1.0,0.42,480.2310184
0.00054,0.0001,1e-05,0.0,0.46,300.0039998
0.00054,0.0001,1e-05,0.1,0.46,422.6893192
0.00054,0.0001,1e-05,0.2,0.46,461.9969955
0.00054,0.0001,1e-05,0.3,0.46,473.1722954
0.00054,0.0001,1e-05,0.4,0.46,477.6157624
0.00054,0.0001,1e-05,0.5,0.46,479.507057
0.00054,0.0001,1e-05,0.6,0.46,480.11775
0.00054,0.0001,1e-05,0.7,0.46,480.2268434
0.00054,0.0001,1e-05,0.8,0.46,480.2218839
0.00054,0.0001,1e-05,0.9,0.46,480.2308842
0.00054,0.0001,1e-05,1.0,0.46,480.23515
0.00055,8.31e-05,5e-06,0.0,0.45,300.0039999
0.00055,8.31e-05,5e-06,0.1,0.45,422.6989395
0.00055,8.31e-05,5e-06,0.2,0.45,462.009687
0.00055,8.31e-05,5e-06,0.3,0.45,473.1858603
0.00055,8.31e-05,5e-06,0.4,0.45,477.6296744
0.00055,8.31e-05,5e-06,0.5,0.45,479.5211166
0.00055,8.31e-05,5e-06,0.6,0.45,480.1318574
0.00055,8.31e-05,5e-06,0.7,0.45,480.2409594
0.00055,8.31e-05,5e-06,0.8,0.45,480.2359994
0.00055,8.31e-05,5e-06,0.9,0.45,480.2450004
0.00055,8.31e-05,5e-06,1.0,0.45,480.2492666
0.00055,8.27e-05,0.0,0.0,0.45,300.0039999
0.00055,8.27e-05,0.0,0.1,0.45,422.6975867
0.00055,8.27e-05,0.0,0.2,0.45,462.0079008
0.00055,8.27e-05,0.0,0.3,0.45,473.1839509
0.00055,8.27e-05,0.0,0.4,0.45,477.627716
0.00055,8.27e-05,0.0,0.5,0.45,479.5191374
0.00055,8.27e-05,0.0,0.6,0.45,480.1298714
0.00055,8.27e-05,0.0,0.7,0.45,480.2389722
0.00055,8.27e-05,0.0,0.8,0.45,480.2340123
0.00055,8.27e-05,0.0,0.9,0.45,480.2430132
0.00055,8.27e-05,0.0,1.0,0.45,480.2472793
0.00055,8.27e-05,1e-05,0.0,0.45,300.0039999
0.00055,8.27e-05,1e-05,0.1,0.45,422.6975867
0.00055,8.27e-05,1e-05,0.2,0.45,462.0079008
0.00055,8.27e-05,1e-05,0.3,0.45,473.1839509
0.00055,8.27e-05,1e-05,0.4,0.45,477.627716
0.00055,8.27e-05,1e-05,0.5,0.45,479.5191374
0.00055,8.27e-05,1e-05,0.6,0.45,480.1298714
0.00055,8.27e-05,1e-05,0.7,0.45,480.2389722
0.00055,8.27e-05,1e-05,0.8,0.45,480.2340123
0.00055,8.27e-05,1e-05,0.9,0.45,480.2430132
0.00055,8.27e-05,1e-05,1.0,0.45,480.2472793
0.00056,0.0001,0.0,0.0,0.44,300.0039998
0.00056,0.0001,0.0,0.1,0.44,422.6881731
0.00056,0.0001,0.0,0.2,0.44,461.9954567
0.00056,0.0001,0.0,0.3,0.44,473.1706453
0.00056,0.0001,0.0,0.4,0.44,477.6140676
0.00056,0.0001,0.0,0.5,0.44,479.5053432
0.00056,0.0001,0.0,0.6,0.44,480.1160301
0.00056,0.0001,0.0,0.7,0.44,480.2251225
0.00056,0.0001,0.0,0.8,0.44,480.2201629
0.00056,0.0001,0.0,0.9,0.44,480.2291631
0.00056,0.0001,0.0,1.0,0.44,480.233429
0.00056,6.69e-05,0.0,0.0,0.44,300.0039999
0.00056,6.69e-05,0.0,0.1,0.44,422.7017474
0.00056,6.69e-05,0.0,0.2,0.44,462.0133812
0.00056,6.69e-05,0.0,0.3,0.44,473.1898066
0.00056,6.69e-05,0.0,0.4,0.44,477.6337207
0.00056,6.69e-05,0.0,0.5,0.44,479.5252057
0.00056,6.69e-05,0.0,0.6,0.44,480.1359602
0.00056,6.69e-05,0.0,0.7,0.44,480.2450646
0.00056,6.69e-05,0.0,0.8,0.44,480.2401045
0.00056,6.69e-05,0.0,0.9,0.44,480.2491057
0.00056,6.69e-05,0.0,1.0,0.44,480.253372
0.00056,6.69e-05,1e-05,0.0,0.44,300.0039999
0.00056,6.69e-05,1e-05,0.1,0.44,422.7017474
0.00056,6.69e-05,1e-05,0.2,0.44,462.0133812
0.00056,6.69e-05,1e-05,0.3,0.44,473.1898066
0.00056,6.69e-05,1e-05,0.4,0.44,477.6337207
0.00056,6.69e-05,1e-05,0.5,0.44,479.5252056
0.00056,6.69e-05,1e-05,0.6,0.44,480.1359601
0.00056,6.69e-05,1e-05,0.7,0.44,480.2450646
0.00056,6.69e-05,1e-05,0.8,0.44,480.2401045
0.00056,6.69e-05,1e-05,0.9,0.44,480.2491057
0.00056,6.69e-05,1e-05,1.0,0.44,480.253372
0.00057,5.1e-05,1e-05,0.0,0.43,300.0039999
0.00057,5.1e-05,1e-05,0.1,0.43,422.7027525
0.00057,5.1e-05,1e-05,0.2,0.43,462.0146922
0.00057,5.1e-05,1e-05,0.3,0.43,473.1912048
0.00057,5.1e-05,1e-05,0.4,0.43,477.6351532
0.00057,5.1e-05,1e-05,0.5,0.43,479.5266528
0.00057,5.1e-05,1e-05,0.6,0.43,480.1374121
0.00057,5.1e-05,1e-05,0.7,0.43,480.2465174
0.00057,5.1e-05,1e-05,0.8,0.43,480.2415573
0.00057,5.1e-05,1e-05,0.9,0.43,480.2505586
0.00057,5.1e-05,1e-05,1.0,0.43,480.2548249
0.00057,5.1e-05,0.0,0.0,0.43,300.0039999
0.00057,5.1e-05,0.0,0.1,0.43,422.7027525
0.00057,5.1e-05,0.0,0.2,0.43,462.0146922
0.00057,5.1e-05,0.0,0.3,0.43,473.1912048
0.00057,5.1e-05,0.0,0.4,0.43,477.6351532
0.00057,5.1e-05,0.0,0.5,0.43,479.5266528
0.00057,5.1e-05,0.0,0.6,0.43,480.1374121
0.00057,5.1e-05,0.0,0.7,0.43,480.2465174
0.00057,5.1e-05,0.0,0.8,0.43,480.2415573
0.00057,5.1e-05,0.0,0.9,0.43,480.2505586
0.00057,5.1e-05,0.0,1.0,0.43,480.2548249
0.00058,3.46e-05,1e-05,0.0,0.42,300.0039999
0.00058,3.46e-05,1e-05,0.1,0.42,422.7004523
0.00058,3.46e-05,1e-05,0.2,0.42,462.0116358
0.00058,3.46e-05,1e-05,0.3,0.42,473.1879336
0.00058,3.46e-05,1e-05,0.4,0.42,477.6317964
0.00058,3.46e-05,1e-05,0.5,0.42,479.5232596
0.00058,3.46e-05,1e-05,0.6,0.42,480.1340071
0.00058,3.46e-05,1e-05,0.7,0.42,480.2431104
0.00058,3.46e-05,1e-05,0.8,0.42,480.2381502
0.00058,3.46e-05,1e-05,0.9,0.42,480.2471514
0.00058,3.46e-05,1e-05,1.0,0.42,480.2514176
0.00058,3.46e-05,0.0,0.0,0.42,300.0039999
0.00058,3.46e-05,0.0,0.1,0.42,422.7004523
0.00058,3.46e-05,0.0,0.2,0.42,462.0116358
0.00058,3.46e-05,0.0,0.3,0.42,473.1879336
0.00058,3.46e-05,0.0,0.4,0.42,477.6317964
0.00058,3.46e-05,0.0,0.5,0.42,479.5232596
0.00058,3.46e-05,0.0,0.6,0.42,480.1340071
0.00058,3.46e-05,0.0,0.7,0.42,480.2431104
0.00058,3.46e-05,0.0,0.8,0.42,480.2381502
0.00058,3.46e-05,0.0,0.9,0.42,480.2471514
0.00058,3.46e-05,0.0,1.0,0.42,480.2514176
0.00059,1.73e-05,0.0,0.0,0.41,300.0039999
0.00059,1.73e-05,0.0,0.1,0.41,422.6943752
0.00059,1.73e-05,0.0,0.2,0.41,462.0035895
0.00059,1.73e-05,0.0,0.3,0.41,473.1793277
0.00059,1.73e-05,0.0,0.4,0.41,477.6229676
0.00059,1.73e-05,0.0,0.5,0.41,479.5143361
0.00059,1.73e-05,0.0,0.6,0.41,480.1250529
0.00059,1.73e-05,0.0,0.7,0.41,480.2341508
0.00059,1.73e-05,0.0,0.8,0.41,480.2291909
0.00059,1.73e-05,0.0,0.9,0.41,480.2381916
0.00059,1.73e-05,0.0,1.0,0.41,480.2424576
0.00059,1.73e-05,1e-05,0.0,0.41,300.0039999
0.00059,1.73e-05,1e-05,0.1,0.41,422.6943752
0.00059,1.73e-05,1e-05,0.2,0.41,462.0035895
0.00059,1.73e-05,1e-05,0.3,0.41,473.1793277
0.00059,1.73e-05,1e-05,0.4,0.41,477.6229676
0.00059,1.73e-05,1e-05,0.5,0.41,479.5143361
0.00059,1.73e-05,1e-05,0.6,0.41,480.1250529
0.00059,1.73e-05,1e-05,0.7,0.41,480.2341508
0.00059,1.73e-05,1e-05,0.8,0.41,480.2291909
0.00059,1.73e-05,1e-05,0.9,0.41,480.2381916
0.00059,1.73e-05,1e-05,1.0,0.41,480.2424576
0.0006,0.0,1e-05,0.0,0.4,300.0039998
0.0006,0.0,1e-05,0.1,0.4,422.6845015
0.0006,0.0,1e-05,0.2,0.4,461.9905283
0.0006,0.0,1e-05,0.3,0.4,473.1653604
0.0006,0.0,1e-05,0.4,0.4,477.6086398
0.0006,0.0,1e-05,0.5,0.4,479.4998548
0.0006,0.0,1e-05,0.6,0.4,480.1105221
0.0006,0.0,1e-05,0.7,0.4,480.2196112
0.0006,0.0,1e-05,0.8,0.4,480.2146517
0.0006,0.0,1e-05,0.9,0.4,480.2236517
0.0006,0.0,1e-05,1.0,0.4,480.2279174
0.0006,0.0,0.0,0.0,0.4,300.0039998
0.0006,0.0,0.0,0.1,0.4,422.6845015
0.0006,0.0,0.0,0.2,0.4,461.9905283
0.0006,0.0,0.0,0.3,0.4,473.1653605
0.0006,0.0,0.0,0.4,0.4,477.6086398
0.0006,0.0,0.0,0.5,0.4,479.4998548
0.0006,0.0,0.0,0.6,0.4,480.1105221
0.0006,0.0,0.0,0.7,0.4,480.2196112
0.0006,0.0,0.0,0.8,0.4,480.2146517
0.0006,0.0,0.0,0.9,0.4,480.2236517
0.0006,0.0,0.0,1.0,0.4,480.2279174
0.00056,0.0001,1e-05,0.0,0.44,300.0039998
0.00056,0.0001,1e-05,0.1,0.44,422.6881731
0.00056,0.0001,1e-05,0.2,0.44,461.9954567
0.00056,0.0001,1e-05,0.3,0.44,473.1706452
0.00056,0.0001,1e-05,0.4,0.44,477.6140676
0.00056,0.0001,1e-05,0.5,0.44,479.5053432
0.00056,0.0001,1e-05,0.6,0.44,480.1160301
0.00056,0.0001,1e-05,0.7,0.44,480.2251225
0.00056,0.0001,1e-05,0.8,0.44,480.2201629
0.00056,0.0001,1e-05,0.9,0.44,480.2291631
0.00056,0.0001,1e-05,1.0,0.44,480.233429
0.00057,8.27e-05,0.0,0.0,0.43,300.0039999
0.00057,8.27e-05,0.0,0.1,0.43,422.696211
0.00057,8.27e-05,0.0,0.2,0.43,462.0060538
0.00057,8.27e-05,0.0,0.3,0.43,473.1819701
0.00057,8.27e-05,0.0,0.4,0.43,477.6256816
0.00057,8.27e-05,0.0,0.5,0.43,479.5170803
0.00057,8.27e-05,0.0,0.6,0.43,480.127807
0.00057,8.27e-05,0.0,0.7,0.43,480.2369065
0.00057,8.27e-05,0.0,0.8,0.43,480.2319466
0.00057,8.27e-05,0.0,0.9,0.43,480.2409474
0.00057,8.27e-05,0.0,1.0,0.43,480.2452135
0.00057,8.27e-05,1e-05,0.0,0.43,300.0039999
0.00057,8.27e-05,1e-05,0.1,0.43,422.696211
0.00057,8.27e-05,1e-05,0.2,0.43,462.0060538
0.00057,8.27e-05,1e-05,0.3,0.43,473.1819701
0.00057,8.27e-05,1e-05,0.4,0.43,477.6256816
0.00057,8.27e-05,1e-05,0.5,0.43,479.5170803
0.00057,8.27e-05,1e-05,0.6,0.43,480.127807
0.00057,8.27e-05,1e-05,0.7,0.43,480.2369065
0.00057,8.27e-05,1e-05,0.8,0.43,480.2319466
0.00057,8.27e-05,1e-05,0.9,0.43,480.2409474
0.00057,8.27e-05,1e-05,1.0,0.43,480.2452135
0.00058,0.0001,0.0,0.0,0.42,300.0039998
0.00058,0.0001,0.0,0.1,0.42,422.6865676
0.00058,0.0001,0.0,0.2,0.42,461.9933013
0.00058,0.0001,0.0,0.3,0.42,473.168334
0.00058,0.0001,0.0,0.4,0.42,477.6116937
0.00058,0.0001,0.0,0.5,0.42,479.5029428
0.00058,0.0001,0.0,0.6,0.42,480.1136212
0.00058,0.0001,0.0,0.7,0.42,480.2227121
0.00058,0.0001,0.0,0.8,0.42,480.2177525
0.00058,0.0001,0.0,0.9,0.42,480.2267527
0.00058,0.0001,0.0,1.0,0.42,480.2310184
0.00058,6.69e-05,0.0,0.0,0.42,300.0039999
0.00058,6.69e-05,0.0,0.1,0.42,422.7001417
0.00058,6.69e-05,0.0,0.2,0.42,462.0112256
0.00058,6.69e-05,0.0,0.3,0.42,473.1874951
0.00058,6.69e-05,0.0,0.4,0.42,477.6313466
0.00058,6.69e-05,0.0,0.5,0.42,479.522805
0.00058,6.69e-05,0.0,0.6,0.42,480.133551
0.00058,6.69e-05,0.0,0.7,0.42,480.242654
0.00058,6.69e-05,0.0,0.8,0.42,480.2376939
0.00058,6.69e-05,0.0,0.9,0.42,480.246695
0.00058,6.69e-05,0.0,1.0,0.42,480.2509612
0.00058,6.69e-05,1e-05,0.0,0.42,300.0039999
0.00058,6.69e-05,1e-05,0.1,0.42,422.7001417
0.00058,6.69e-05,1e-05,0.2,0.42,462.0112256
0.00058,6.69e-05,1e-05,0.3,0.42,473.1874951
0.00058,6.69e-05,1e-05,0.4,0.42,477.6313466
0.00058,6.69e-05,1e-05,0.5,0.42,479.522805
0.00058,6.69e-05,1e-05,0.6,0.42,480.133551
0.00058,6.69e-05,1e-05,0.7,0.42,480.242654
0.00058,6.69e-05,1e-05,0.8,0.42,480.2376939
0.00058,6.69e-05,1e-05,0.9,0.42,480.246695
0.00058,6.69e-05,1e-05,1.0,0.42,480.2509612
0.00059,5.1e-05,1e-05,0.0,0.41,300.0039999
0.00059,5.1e-05,1e-05,0.1,0.41,422.7009166
0.00059,5.1e-05,1e-05,0.2,0.41,462.0122279
0.00059,5.1e-05,1e-05,0.3,0.41,473.1885622
0.00059,5.1e-05,1e-05,0.4,0.41,477.6324392
0.00059,5.1e-05,1e-05,0.5,0.41,479.5239085
0.00059,5.1e-05,1e-05,0.6,0.41,480.1346579
0.00059,5.1e-05,1e-05,0.7,0.41,480.2437616
0.00059,5.1e-05,1e-05,0.8,0.41,480.2388014
0.00059,5.1e-05,1e-05,0.9,0.41,480.2478026
0.00059,5.1e-05,1e-05,1.0,0.41,480.2520689
0.00059,5.1e-05,0.0,0.0,0.41,300.0039999
0.00059,5.1e-05,0.0,0.1,0.41,422.7009166
0.00059,5.1e-05,0.0,0.2,0.41,462.0122279
0.00059,5.1e-05,0.0,0.3,0.41,473.1885622
0.00059,5.1e-05,0.0,0.4,0.41,477.6324391
0.00059,5.1e-05,0.0,0.5,0.41,479.5239085
0.00059,5.1e-05,0.0,0.6,0.41,480.1346579
0.00059,5.1e-05,0.0,0.7,0.41,480.2437616
0.00059,5.1e-05,0.0,0.8,0.41,480.2388014
0.00059,5.1e-05,0.0,0.9,0.41,480.2478026
0.00059,5.1e-05,0.0,1.0,0.41,480.2520689
0.0006,3.46e-05,0.0,0.0,0.4,300.0039999
0.0006,3.46e-05,0.0,0.1,0.4,422.698386
0.0006,3.46e-05,0.0,0.2,0.4,462.0088625
0.0006,3.46e-05,0.0,0.3,0.4,473.1849598
0.0006,3.46e-05,0.0,0.4,0.4,477.6287421
0.0006,3.46e-05,0.0,0.5,0.4,479.5201713
0.0006,3.46e-05,0.0,0.6,0.4,480.1309077
0.0006,3.46e-05,0.0,0.7,0.4,480.2400091
0.0006,3.46e-05,0.0,0.8,0.4,480.235049
0.0006,3.46e-05,0.0,0.9,0.4,480.24405
0.0006,3.46e-05,0.0,1.0,0.4,480.2483162
0.0006,3.46e-05,1e-05,0.0,0.4,300.0039999
0.0006,3.46e-05,1e-05,0.1,0.4,422.698386
0.0006,3.46e-05,1e-05,0.2,0.4,462.0088625
0.0006,3.46e-05,1e-05,0.3,0.4,473.1849598
0.0006,3.46e-05,1e-05,0.4,0.4,477.6287421
0.0006,3.46e-05,1e-05,0.5,0.4,479.5201713
0.0006,3.46e-05,1e-05,0.6,0.4,480.1309077
0.0006,3.46e-05,1e-05,0.7,0.4,480.2400091
0.0006,3.46e-05,1e-05,0.8,0.4,480.235049
0.0006,3.46e-05,1e-05,0.9,0.4,480.24405
0.0006,3.46e-05,1e-05,1.0,0.4,480.2483162
0.00061,1.73e-05,0.0,0.0,0.39,300.0039999
0.00061,1.73e-05,0.0,0.1,0.39,422.6920782
0.00061,1.73e-05,0.0,0.2,0.39,462.000507
0.00061,1.73e-05,0.0,0.3,0.39,473.1760224
0.00061,1.73e-05,0.0,0.4,0.39,477.6195729
0.00061,1.73e-05,0.0,0.5,0.39,479.5109035
0.00061,1.73e-05,0.0,0.6,0.39,480.1216081
0.00061,1.73e-05,0.0,0.7,0.39,480.2307039
0.00061,1.73e-05,0.0,0.8,0.39,480.225744
0.00061,1.73e-05,0.0,0.9,0.39,480.2347446
0.00061,1.73e-05,0.0,1.0,0.39,480.2390106
0.00061,1.73e-05,1e-05,0.0,0.39,300.0039999
0.00061,1.73e-05,1e-05,0.1,0.39,422.6920782
0.00061,1.73e-05,1e-05,0.2,0.39,462.000507
0.00061,1.73e-05,1e-05,0.3,0.39,473.1760224
0.00061,1.73e-05,1e-05,0.4,0.39,477.6195729
0.00061,1.73e-05,1e-05,0.5,0.39,479.5109035
0.00061,1.73e-05,1e-05,0.6,0.39,480.1216081
0.00061,1.73e-05,1e-05,0.7,0.39,480.2307039
0.00061,1.73e-05,1e-05,0.8,0.39,480.225744
0.00061,1.73e-05,1e-05,0.9,0.39,480.2347446
0.00061,1.73e-05,1e-05,1.0,0.39,480.2390106
0.00062,0.0,1e-05,0.0,0.38,300.0039998
0.00062,0.0,1e-05,0.1,0.38,422.6819735
0.00062,0.0,1e-05,0.2,0.38,461.9871363
0.00062,0.0,1e-05,0.3,0.38,473.1617234
0.00062,0.0,1e-05,0.4,0.38,477.6049044
0.00062,0.0,1e-05,0.5,0.38,479.4960779
0.00062,0.0,1e-05,0.6,0.38,480.1067317
0.00062,0.0,1e-05,0.7,0.38,480.2158184
0.00062,0.0,1e-05,0.8,0.38,480.2108589
0.00062,0.0,1e-05,0.9,0.38,480.2198588
0.00062,0.0,1e-05,1.0,0.38,480.2241244
0.00062,0.0,0.0,0.0,0.38,300.0039998
0.00062,0.0,0.0,0.1,0.38,422.6819735
0.00062,0.0,0.0,0.2,0.38,461.9871363
0.00062,0.0,0.0,0.3,0.38,473.1617234
0.00062,0.0,0.0,0.4,0.38,477.6049044
0.00062,0.0,0.0,0.5,0.38,479.4960779
0.00062,0.0,0.0,0.6,0.38,480.1067317
0.00062,0.0,0.0,0.7,0.38,480.2158185
0.00062,0.0,0.0,0.8,0.38,480.210859
0.00062,0.0,0.0,0.9,0.38,480.2198588
0.00062,0.0,0.0,1.0,0.38,480.2241244
0.00058,0.0001,1e-05,0.0,0.42,300.0039998
0.00058,0.0001,1e-05,0.1,0.42,422.6865676
0.00058,0.0001,1e-05,0.2,0.42,461.9933013
0.00058,0.0001,1e-05,0.3,0.42,473.168334
0.00058,0.0001,1e-05,0.4,0.42,477.6116937
0.00058,0.0001,1e-05,0.5,0.42,479.5029428
0.00058,0.0001,1e-05,0.6,0.42,480.1136212
0.00058,0.0001,1e-05,0.7,0.42,480.2227121
0.00058,0.0001,1e-05,0.8,0.42,480.2177526
0.00058,0.0001,1e-05,0.9,0.42,480.2267527
0.00058,0.0001,1e-05,1.0,0.42,480.2310184
0.00059,8.27e-05,0.0,0.0,0.41,300.0039999
0.00059,8.27e-05,0.0,0.1,0.41,422.6943752
0.00059,8.27e-05,0.0,0.2,0.41,462.0035895
0.00059,8.27e-05,0.0,0.3,0.41,473.1793277
0.00059,8.27e-05,0.0,0.4,0.41,477.6229676
0.00059,8.27e-05,0.0,0.5,0.41,479.5143361
0.00059,8.27e-05,0.0,0.6,0.41,480.1250529
0.00059,8.27e-05,0.0,0.7,0.41,480.2341508
0.00059,8.27e-05,0.0,0.8,0.41,480.2291909
0.00059,8.27e-05,0.0,0.9,0.41,480.2381916
0.00059,8.27e-05,0.0,1.0,0.41,480.2424577
0.00059,8.27e-05,1e-05,0.0,0.41,300.0039999
0.00059,8.27e-05,1e-05,0.1,0.41,422.6943752
0.00059,8.27e-05,1e-05,0.2,0.41,462.0035895
0.00059,8.27e-05,1e-05,0.3,0.41,473.1793277
0.00059,8.27e-05,1e-05,0.4,0.41,477.6229676
0.00059,8.27e-05,1e-05,0.5,0.41,479.5143361
0.00059,8.27e-05,1e-05,0.6,0.41,480.1250529
0.00059,8.27e-05,1e-05,0.7,0.41,480.2341508
0.00059,8.27e-05,1e-05,0.8,0.41,480.2291909
0.00059,8.27e-05,1e-05,0.9,0.41,480.2381916
0.00059,8.27e-05,1e-05,1.0,0.41,480.2424577
0.0006,0.0001,0.0,0.0,0.4,300.0039998
0.0006,0.0001,0.0,0.1,0.4,422.6845015
0.0006,0.0001,0.0,0.2,0.4,461.9905283
0.0006,0.0001,0.0,0.3,0.4,473.1653605
0.0006,0.0001,0.0,0.4,0.4,477.6086398
0.0006,0.0001,0.0,0.5,0.4,479.4998548
0.0006,0.0001,0.0,0.6,0.4,480.1105221
0.0006,0.0001,0.0,0.7,0.4,480.2196112
0.0006,0.0001,0.0,0.8,0.4,480.2146517
0.0006,0.0001,0.0,0.9,0.4,480.2236517
0.0006,0.0001,0.0,1.0,0.4,480.2279174
0.0006,6.69e-05,0.0,0.0,0.4,300.0039999
0.0006,6.69e-05,0.0,0.1,0.4,422.6980754
0.0006,6.69e-05,0.0,0.2,0.4,462.0084523
0.0006,6.69e-05,0.0,0.3,0.4,473.1845213
0.0006,6.69e-05,0.0,0.4,0.4,477.6282924
0.0006,6.69e-05,0.0,0.5,0.4,479.5197167
0.0006,6.69e-05,0.0,0.6,0.4,480.1304516
0.0006,6.69e-05,0.0,0.7,0.4,480.2395527
0.0006,6.69e-05,0.0,0.8,0.4,480.2345927
0.0006,6.69e-05,0.0,0.9,0.4,480.2435937
0.0006,6.69e-05,0.0,1.0,0.4,480.2478598
0.0006,6.69e-05,1e-05,0.0,0.4,300.0039999
0.0006,6.69e-05,1e-05,0.1,0.4,422.6980754
0.0006,6.69e-05,1e-05,0.2,0.4,462.0084523
0.0006,6.69e-05,1e-05,0.3,0.4,473.1845213
0.0006,6.69e-05,1e-05,0.4,0.4,477.6282923
0.0006,6.69e-05,1e-05,0.5,0.4,479.5197167
0.0006,6.69e-05,1e-05,0.6,0.4,480.1304516
0.0006,6.69e-05,1e-05,0.7,0.4,480.2395527
0.0006,6.69e-05,1e-05,0.8,0.4,480.2345927
0.0006,6.69e-05,1e-05,0.9,0.4,480.2435936
0.0006,6.69e-05,1e-05,1.0,0.4,480.2478598
0.00061,5.1e-05,1e-05,0.0,0.39,300.0039999
0.00061,5.1e-05,1e-05,0.1,0.39,422.6986195
0.00061,5.1e-05,1e-05,0.2,0.39,462.0091452
0.00061,5.1e-05,1e-05,0.3,0.39,473.1852567
0.00061,5.1e-05,1e-05,0.4,0.39,477.6290443
0.00061,5.1e-05,1e-05,0.5,0.39,479.5204758
0.00061,5.1e-05,1e-05,0.6,0.39,480.1312129
0.00061,5.1e-05,1e-05,0.7,0.39,480.2403145
0.00061,5.1e-05,1e-05,0.8,0.39,480.2353544
0.00061,5.1e-05,1e-05,0.9,0.39,480.2443555
0.00061,5.1e-05,1e-05,1.0,0.39,480.2486216
0.00061,5.1e-05,0.0,0.0,0.39,300.0039999
0.00061,5.1e-05,0.0,0.1,0.39,422.6986195
0.00061,5.1e-05,0.0,0.2,0.39,462.0091452
0.00061,5.1e-05,0.0,0.3,0.39,473.1852567
0.00061,5.1e-05,0.0,0.4,0.39,477.6290443
0.00061,5.1e-05,0.0,0.5,0.39,479.5204758
0.00061,5.1e-05,0.0,0.6,0.39,480.1312129
0.00061,5.1e-05,0.0,0.7,0.39,480.2403145
0.00061,5.1e-05,0.0,0.8,0.39,480.2353544
0.00061,5.1e-05,0.0,0.9,0.39,480.2443554
0.00061,5.1e-05,0.0,1.0,0.39,480.2486216
0.00062,3.46e-05,0.0,0.0,0.38,300.0039999
0.00062,3.46e-05,0.0,0.1,0.38,422.6958577
0.00062,3.46e-05,0.0,0.2,0.38,462.0054701
0.00062,3.46e-05,0.0,0.3,0.38,473.1813223
0.00062,3.46e-05,0.0,0.4,0.38,477.6250063
0.00062,3.46e-05,0.0,0.5,0.38,479.5163938
0.00062,3.46e-05,0.0,0.6,0.38,480.1271168
0.00062,3.46e-05,0.0,0.7,0.38,480.2362159
0.00062,3.46e-05,0.0,0.8,0.38,480.2312559
0.00062,3.46e-05,0.0,0.9,0.38,480.2402567
0.00062,3.46e-05,0.0,1.0,0.38,480.2445228
0.00062,3.46e-05,1e-05,0.0,0.38,300.0039999
0.00062,3.46e-05,1e-05,0.1,0.38,422.6958577
0.00062,3.46e-05,1e-05,0.2,0.38,462.0054701
0.00062,3.46e-05,1e-05,0.3,0.38,473.1813223
0.00062,3.46e-05,1e-05,0.4,0.38,477.6250063
0.00062,3.46e-05,1e-05,0.5,0.38,479.5163938
0.00062,3.46e-05,1e-05,0.6,0.38,480.1271168
0.00062,3.46e-05,1e-05,0.7,0.38,480.2362159
0.00062,3.46e-05,1e-05,0.8,0.38,480.2312559
0.00062,3.46e-05,1e-05,0.9,0.38,480.2402567
0.00062,3.46e-05,1e-05,1.0,0.38,480.2445228
0.00063,1.73e-05,5e-06,0.0,0.37,300.0039999
0.00063,1.73e-05,5e-06,0.1,0.37,422.690852
0.00063,1.73e-05,5e-06,0.2,0.37,461.9988296
0.00063,1.73e-05,5e-06,0.3,0.37,473.1742173
0.00063,1.73e-05,5e-06,0.4,0.37,477.6177162
0.00063,1.73e-05,5e-06,0.5,0.37,479.509025
0.00063,1.73e-05,5e-06,0.6,0.37,480.1197225
0.00063,1.73e-05,5e-06,0.7,0.37,480.2288172
0.00063,1.73e-05,5e-06,0.8,0.37,480.2238573
0.00063,1.73e-05,5e-06,0.9,0.37,480.2328578
0.00063,1.73e-05,5e-06,1.0,0.37,480.2371237
0.00063,1.73e-05,0.0,0.0,0.37,300.0039999
0.00063,1.73e-05,0.0,0.1,0.37,422.6893184
0.00063,1.73e-05,0.0,0.2,0.37,461.9968046
0.00063,1.73e-05,0.0,0.3,0.37,473.1720526
0.00063,1.73e-05,0.0,0.4,0.37,477.615496
0.00063,1.73e-05,0.0,0.5,0.37,479.5067812
0.00063,1.73e-05,0.0,0.6,0.37,480.1174711
0.00063,1.73e-05,0.0,0.7,0.37,480.2265643
0.00063,1.73e-05,0.0,0.8,0.37,480.2216045
0.00063,1.73e-05,0.0,0.9,0.37,480.2306049
0.00063,1.73e-05,0.0,1.0,0.37,480.2348707
0.00063,1.73e-05,1e-05,0.0,0.37,300.0039999
0.00063,1.73e-05,1e-05,0.1,0.37,422.6893184
0.00063,1.73e-05,1e-05,0.2,0.37,461.9968046
0.00063,1.73e-05,1e-05,0.3,0.37,473.1720526
0.00063,1.73e-05,1e-05,0.4,0.37,477.615496
0.00063,1.73e-05,1e-05,0.5,0.37,479.5067812
0.00063,1.73e-05,1e-05,0.6,0.37,480.1174711
0.00063,1.73e-05,1e-05,0.7,0.37,480.2265643
0.00063,1.73e-05,1e-05,0.8,0.37,480.2216045
0.00063,1.73e-05,1e-05,0.9,0.37,480.2306049
0.00063,1.73e-05,1e-05,1.0,0.37,480.2348707
0.00064,0.0,1e-05,0.0,0.36,300.0039998
0.00064,0.0,1e-05,0.1,0.36,422.6789819
0.00064,0.0,1e-05,0.2,0.36,461.9831236
0.00064,0.0,1e-05,0.3,0.36,473.1574211
0.00064,0.0,1e-05,0.4,0.36,477.600486
0.00064,0.0,1e-05,0.5,0.36,479.4916102
0.00064,0.0,1e-05,0.6,0.36,480.1022481
0.00064,0.0,1e-05,0.7,0.36,480.2113322
0.00064,0.0,1e-05,0.8,0.36,480.2063727
0.00064,0.0,1e-05,0.9,0.36,480.2153724
0.00064,0.0,1e-05,1.0,0.36,480.2196378
0.00064,0.0,0.0,0.0,0.36,300.0039998
0.00064,0.0,0.0,0.1,0.36,422.6789819
0.00064,0.0,0.0,0.2,0.36,461.9831236
0.00064,0.0,0.0,0.3,0.36,473.1574211
0.00064,0.0,0.0,0.4,0.36,477.600486
0.00064,0.0,0.0,0.5,0.36,479.4916102
0.00064,0.0,0.0,0.6,0.36,480.1022481
0.00064,0.0,0.0,0.7,0.36,480.2113322
0.00064,0.0,0.0,0.8,0.36,480.2063727
0.00064,0.0,0.0,0.9,0.36,480.2153724
0.00064,0.0,0.0,1.0,0.36,480.2196378
0.0006,0.0001,1e-05,0.0,0.4,300.0039998
0.0006,0.0001,1e-05,0.1,0.4,422.6845015
0.0006,0.0001,1e-05,0.2,0.4,461.9905283
0.0006,0.0001,1e-05,0.3,0.4,473.1653604
0.0006,0.0001,1e-05,0.4,0.4,477.6086398
0.0006,0.0001,1e-05,0.5,0.4,479.4998548
0.0006,0.0001,1e-05,0.6,0.4,480.1105221
0.0006,0.0001,1e-05,0.7,0.4,480.2196112
0.0006,0.0001,1e-05,0.8,0.4,480.2146517
0.0006,0.0001,1e-05,0.9,0.4,480.2236517
0.0006,0.0001,1e-05,1.0,0.4,480.2279174
0.00061,8.27e-05,0.0,0.0,0.39,300.0039999
0.00061,8.27e-05,0.0,0.1,0.39,422.6920782
0.00061,8.27e-05,0.0,0.2,0.39,462.000507
0.00061,8.27e-05,0.0,0.3,0.39,473.1760224
0.00061,8.27e-05,0.0,0.4,0.39,477.6195729
0.00061,8.27e-05,0.0,0.5,0.39,479.5109035
0.00061,8.27e-05,0.0,0.6,0.39,480.1216081
0.00061,8.27e-05,0.0,0.7,0.39,480.2307039
0.00061,8.27e-05,0.0,0.8,0.39,480.225744
0.00061,8.27e-05,0.0,0.9,0.39,480.2347446
0.00061,8.27e-05,0.0,1.0,0.39,480.2390106
0.00061,8.27e-05,1e-05,0.0,0.39,300.0039999
0.00061,8.27e-05,1e-05,0.1,0.39,422.6920782
0.00061,8.27e-05,1e-05,0.2,0.39,462.000507
0.00061,8.27e-05,1e-05,0.3,0.39,473.1760224
0.00061,8.27e-05,1e-05,0.4,0.39,477.6195729
0.00061,8.27e-05,1e-05,0.5,0.39,479.5109035
0.00061,8.27e-05,1e-05,0.6,0.39,480.1216081
0.00061,8.27e-05,1e-05,0.7,0.39,480.2307039
0.00061,8.27e-05,1e-05,0.8,0.39,480.225744
0.00061,8.27e-05,1e-05,0.9,0.39,480.2347446
0.00061,8.27e-05,1e-05,1.0,0.39,480.2390106
0.00062,0.0001,0.0,0.0,0.38,300.0039998
0.00062,0.0001,0.0,0.1,0.38,422.6819735
0.00062,0.0001,0.0,0.2,0.38,461.9871363
0.00062,0.0001,0.0,0.3,0.38,473.1617234
0.00062,0.0001,0.0,0.4,0.38,477.6049044
0.00062,0.0001,0.0,0.5,0.38,479.4960778
0.00062,0.0001,0.0,0.6,0.38,480.1067317
0.00062,0.0001,0.0,0.7,0.38,480.2158184
0.00062,0.0001,0.0,0.8,0.38,480.2108589
0.00062,0.0001,0.0,0.9,0.38,480.2198588
0.00062,0.0001,0.0,1.0,0.38,480.2241244
0.00062,6.69e-05,0.0,0.0,0.38,300.0039999
0.00062,6.69e-05,0.0,0.1,0.38,422.6955471
0.00062,6.69e-05,0.0,0.2,0.38,462.0050599
0.00062,6.69e-05,0.0,0.3,0.38,473.1808838
0.00062,6.69e-05,0.0,0.4,0.38,477.6245566
0.00062,6.69e-05,0.0,0.5,0.38,479.5159393
0.00062,6.69e-05,0.0,0.6,0.38,480.1266607
0.00062,6.69e-05,0.0,0.7,0.38,480.2357596
0.00062,6.69e-05,0.0,0.8,0.38,480.2307995
0.00062,6.69e-05,0.0,0.9,0.38,480.2398003
0.00062,6.69e-05,0.0,1.0,0.38,480.2440664
0.00062,6.69e-05,1e-05,0.0,0.38,300.0039999
0.00062,6.69e-05,1e-05,0.1,0.38,422.6955471
0.00062,6.69e-05,1e-05,0.2,0.38,462.0050599
0.00062,6.69e-05,1e-05,0.3,0.38,473.1808838
0.00062,6.69e-05,1e-05,0.4,0.38,477.6245566
0.00062,6.69e-05,1e-05,0.5,0.38,479.5159393
0.00062,6.69e-05,1e-05,0.6,0.38,480.1266607
0.00062,6.69e-05,1e-05,0.7,0.38,480.2357596
0.00062,6.69e-05,1e-05,0.8,0.38,480.2307995
0.00062,6.69e-05,1e-05,0.9,0.38,480.2398003
0.00062,6.69e-05,1e-05,1.0,0.38,480.2440664
0.00063,5.1e-05,1e-05,0.0,0.37,300.0039999
0.00063,5.1e-05,1e-05,0.1,0.37,422.6958596
0.00063,5.1e-05,1e-05,0.2,0.37,462.0054426
0.00063,5.1e-05,1e-05,0.3,0.37,473.1812867
0.00063,5.1e-05,1e-05,0.4,0.37,477.6249671
0.00063,5.1e-05,1e-05,0.5,0.37,479.5163532
0.00063,5.1e-05,1e-05,0.6,0.37,480.1270756
0.00063,5.1e-05,1e-05,0.7,0.37,480.2361747
0.00063,5.1e-05,1e-05,0.8,0.37,480.2312146
0.00063,5.1e-05,1e-05,0.9,0.37,480.2402155
0.00063,5.1e-05,1e-05,1.0,0.37,480.2444816
0.00063,5.1e-05,0.0,0.0,0.37,300.0039999
0.00063,5.1e-05,0.0,0.1,0.37,422.6958596
0.00063,5.1e-05,0.0,0.2,0.37,462.0054426
0.00063,5.1e-05,0.0,0.3,0.37,473.1812867
0.00063,5.1e-05,0.0,0.4,0.37,477.6249671
0.00063,5.1e-05,0.0,0.5,0.37,479.5163532
0.00063,5.1e-05,0.0,0.6,0.37,480.1270756
0.00063,5.1e-05,0.0,0.7,0.37,480.2361747
0.00063,5.1e-05,0.0,0.8,0.37,480.2312146
0.00063,5.1e-05,0.0,0.9,0.37,480.2402155
0.00063,5.1e-05,0.0,1.0,0.37,480.2444816
0.00064,3.46e-05,0.0,0.0,0.36,300.0039999
0.00064,3.46e-05,0.0,0.1,0.36,422.6928658
0.00064,3.46e-05,0.0,0.2,0.36,462.001457
0.00064,3.46e-05,0.0,0.3,0.36,473.1770195
0.00064,3.46e-05,0.0,0.4,0.36,477.6205874
0.00064,3.46e-05,0.0,0.5,0.36,479.5119257
0.00064,3.46e-05,0.0,0.6,0.36,480.1226327
0.00064,3.46e-05,0.0,0.7,0.36,480.2317291
0.00064,3.46e-05,0.0,0.8,0.36,480.2267691
0.00064,3.46e-05,0.0,0.9,0.36,480.2357698
0.00064,3.46e-05,0.0,1.0,0.36,480.2400357
0.00064,3.46e-05,1e-05,0.0,0.36,300.0039999
0.00064,3.46e-05,1e-05,0.1,0.36,422.6928658
0.00064,3.46e-05,1e-05,0.2,0.36,462.001457
0.00064,3.46e-05,1e-05,0.3,0.36,473.1770195
0.00064,3.46e-05,1e-05,0.4,0.36,477.6205874
0.00064,3.46e-05,1e-05,0.5,0.36,479.5119257
0.00064,3.46e-05,1e-05,0.6,0.36,480.1226327
0.00064,3.46e-05,1e-05,0.7,0.36,480.2317291
0.00064,3.46e-05,1e-05,0.8,0.36,480.2267691
0.00064,3.46e-05,1e-05,0.9,0.36,480.2357698
0.00064,3.46e-05,1e-05,1.0,0.36,480.2400357
0.00065,1.73e-05,0.0,0.0,0.35,300.0039999
0.00065,1.73e-05,0.0,0.1,0.35,422.6860941
0.00065,1.73e-05,0.0,0.2,0.35,461.9924805
0.00065,1.73e-05,0.0,0.3,0.35,473.1674166
0.00065,1.73e-05,0.0,0.4,0.35,477.6107349
0.00065,1.73e-05,0.0,0.5,0.35,479.5019671
0.00065,1.73e-05,0.0,0.6,0.35,480.1126399
0.00065,1.73e-05,0.0,0.7,0.35,480.2217302
0.00065,1.73e-05,0.0,0.8,0.35,480.2167704
0.00065,1.73e-05,0.0,0.9,0.35,480.2257706
0.00065,1.73e-05,0.0,1.0,0.35,480.2300363
0.00065,1.73e-05,1e-05,0.0,0.35,300.0039999
0.00065,1.73e-05,1e-05,0.1,0.35,422.6860941
0.00065,1.73e-05,1e-05,0.2,0.35,461.9924805
0.00065,1.73e-05,1e-05,0.3,0.35,473.1674166
0.00065,1.73e-05,1e-05,0.4,0.35,477.6107349
0.00065,1.73e-05,1e-05,0.5,0.35,479.5019671
0.00065,1.73e-05,1e-05,0.6,0.35,480.1126399
0.00065,1.73e-05,1e-05,0.7,0.35,480.2217302
0.00065,1.73e-05,1e-05,0.8,0.35,480.2167704
0.00065,1.73e-05,1e-05,0.9,0.35,480.2257706
0.00065,1.73e-05,1e-05,1.0,0.35,480.2300363
0.00066,0.0,1e-05,0.0,0.34,300.0039998
0.00066,0.0,1e-05,0.1,0.34,422.6755248
0.00066,0.0,1e-05,0.2,0.34,461.9784882
0.00066,0.0,1e-05,0.3,0.34,473.1524515
0.00066,0.0,1e-05,0.4,0.34,477.5953824
0.00066,0.0,1e-05,0.5,0.34,479.4864499
0.00066,0.0,1e-05,0.6,0.34,480.0970694
0.00066,0.0,1e-05,0.7,0.34,480.2061503
0.00066,0.0,1e-05,0.8,0.34,480.2011909
0.00066,0.0,1e-05,0.9,0.34,480.2101904
0.00066,0.0,1e-05,1.0,0.34,480.2144557
0.00066,0.0,0.0,0.0,0.34,300.0039998
0.00066,0.0,0.0,0.1,0.34,422.6755247
0.00066,0.0,0.0,0.2,0.34,461.9784882
0.00066,0.0,0.0,0.3,0.34,473.1524515
0.00066,0.0,0.0,0.4,0.34,477.5953824
0.00066,0.0,0.0,0.5,0.34,479.4864499
0.00066,0.0,0.0,0.6,0.34,480.0970694
0.00066,0.0,0.0,0.7,0.34,480.2061503
0.00066,0.0,0.0,0.8,0.34,480.2011909
0.00066,0.0,0.0,0.9,0.34,480.2101904
0.00066,0.0,0.0,1.0,0.34,480.2144557
0.00062,0.0001,1e-05,0.0,0.38,300.0039998
0.00062,0.0001,1e-05,0.1,0.38,422.6819735
0.00062,0.0001,1e-05,0.2,0.38,461.9871363
0.00062,0.0001,1e-05,0.3,0.38,473.1617234
0.00062,0.0001,1e-05,0.4,0.38,477.6049044
0.00062,0.0001,1e-05,0.5,0.38,479.4960779
0.00062,0.0001,1e-05,0.6,0.38,480.1067317
0.00062,0.0001,1e-05,0.7,0.38,480.2158185
0.00062,0.0001,1e-05,0.8,0.38,480.210859
0.00062,0.0001,1e-05,0.9,0.38,480.2198588
0.00062,0.0001,1e-05,1.0,0.38,480.2241244
0.00063,8.27e-05,0.0,0.0,0.37,300.0039999
0.00063,8.27e-05,0.0,0.1,0.37,422.6893184
0.00063,8.27e-05,0.0,0.2,0.37,461.9968046
0.00063,8.27e-05,0.0,0.3,0.37,473.1720526
0.00063,8.27e-05,0.0,0.4,0.37,477.615496
0.00063,8.27e-05,0.0,0.5,0.37,479.5067811
0.00063,8.27e-05,0.0,0.6,0.37,480.117471
0.00063,8.27e-05,0.0,0.7,0.37,480.2265643
0.00063,8.27e-05,0.0,0.8,0.37,480.2216045
0.00063,8.27e-05,0.0,0.9,0.37,480.2306049
0.00063,8.27e-05,0.0,1.0,0.37,480.2348707
0.00063,8.31e-05,5e-06,0.0,0.37,300.0039999
0.00063,8.31e-05,5e-06,0.1,0.37,422.6906711
0.00063,8.31e-05,5e-06,0.2,0.37,461.9985907
0.00063,8.31e-05,5e-06,0.3,0.37,473.1739619
0.00063,8.31e-05,5e-06,0.4,0.37,477.6174542
0.00063,8.31e-05,5e-06,0.5,0.37,479.5087603
0.00063,8.31e-05,5e-06,0.6,0.37,480.1194569
0.00063,8.31e-05,5e-06,0.7,0.37,480.2285514
0.00063,8.31e-05,5e-06,0.8,0.37,480.2235915
0.00063,8.31e-05,5e-06,0.9,0.37,480.232592
0.00063,8.31e-05,5e-06,1.0,0.37,480.2368579
0.00063,8.27e-05,1e-05,0.0,0.37,300.0039999
0.00063,8.27e-05,1e-05,0.1,0.37,422.6893184
0.00063,8.27e-05,1e-05,0.2,0.37,461.9968046
0.00063,8.27e-05,1e-05,0.3,0.37,473.1720526
0.00063,8.27e-05,1e-05,0.4,0.37,477.615496
0.00063,8.27e-05,1e-05,0.5,0.37,479.5067811
0.00063,8.27e-05,1e-05,0.6,0.37,480.117471
0.00063,8.27e-05,1e-05,0.7,0.37,480.2265643
0.00063,8.27e-05,1e-05,0.8,0.37,480.2216045
0.00063,8.27e-05,1e-05,0.9,0.37,480.2306049
0.00063,8.27e-05,1e-05,1.0,0.37,480.2348707
0.00064,0.0001,0.0,0.0,0.36,300.0039998
0.00064,0.0001,0.0,0.1,0.36,422.6789819
0.00064,0.0001,0.0,0.2,0.36,461.9831236
0.00064,0.0001,0.0,0.3,0.36,473.1574211
0.00064,0.0001,0.0,0.4,0.36,477.600486
0.00064,0.0001,0.0,0.5,0.36,479.4916102
0.00064,0.0001,0.0,0.6,0.36,480.1022481
0.00064,0.0001,0.0,0.7,0.36,480.2113322
0.00064,0.0001,0.0,0.8,0.36,480.2063727
0.00064,0.0001,0.0,0.9,0.36,480.2153724
0.00064,0.0001,0.0,1.0,0.36,480.2196378
0.00064,6.69e-05,0.0,0.0,0.36,300.0039999
0.00064,6.69e-05,0.0,0.1,0.36,422.6925552
0.00064,6.69e-05,0.0,0.2,0.36,462.0010468
0.00064,6.69e-05,0.0,0.3,0.36,473.176581
0.00064,6.69e-05,0.0,0.4,0.36,477.6201376
0.00064,6.69e-05,0.0,0.5,0.36,479.5114712
0.00064,6.69e-05,0.0,0.6,0.36,480.1221766
0.00064,6.69e-05,0.0,0.7,0.36,480.2312728
0.00064,6.69e-05,0.0,0.8,0.36,480.2263127
0.00064,6.69e-05,0.0,0.9,0.36,480.2353134
0.00064,6.69e-05,0.0,1.0,0.36,480.2395794
0.00064,6.69e-05,1e-05,0.0,0.36,300.0039999
0.00064,6.69e-05,1e-05,0.1,0.36,422.6925552
0.00064,6.69e-05,1e-05,0.2,0.36,462.0010468
0.00064,6.69e-05,1e-05,0.3,0.36,473.176581
0.00064,6.69e-05,1e-05,0.4,0.36,477.6201376
0.00064,6.69e-05,1e-05,0.5,0.36,479.5114712
0.00064,6.69e-05,1e-05,0.6,0.36,480.1221766
0.00064,6.69e-05,1e-05,0.7,0.36,480.2312728
0.00064,6.69e-05,1e-05,0.8,0.36,480.2263127
0.00064,6.69e-05,1e-05,0.9,0.36,480.2353134
0.00064,6.69e-05,1e-05,1.0,0.36,480.2395794
0.00065,5.1e-05,1e-05,0.0,0.35,300.0039999
0.00065,5.1e-05,1e-05,0.1,0.35,422.6926351
0.00065,5.1e-05,1e-05,0.2,0.35,462.0011183
0.00065,5.1e-05,1e-05,0.3,0.35,473.1766505
0.00065,5.1e-05,1e-05,0.4,0.35,477.6202058
0.00065,5.1e-05,1e-05,0.5,0.35,479.5115388
0.00065,5.1e-05,1e-05,0.6,0.35,480.1222442
0.00065,5.1e-05,1e-05,0.7,0.35,480.2313403
0.00065,5.1e-05,1e-05,0.8,0.35,480.2263803
0.00065,5.1e-05,1e-05,0.9,0.35,480.235381
0.00065,5.1e-05,1e-05,1.0,0.35,480.2396469
0.00065,5.1e-05,0.0,0.0,0.35,300.0039999
0.00065,5.1e-05,0.0,0.1,0.35,422.6926351
0.00065,5.1e-05,0.0,0.2,0.35,462.0011183
0.00065,5.1e-05,0.0,0.3,0.35,473.1766505
0.00065,5.1e-05,0.0,0.4,0.35,477.6202058
0.00065,5.1e-05,0.0,0.5,0.35,479.5115389
0.00065,5.1e-05,0.0,0.6,0.35,480.1222442
0.00065,5.1e-05,0.0,0.7,0.35,480.2313403
0.00065,5.1e-05,0.0,0.8,0.35,480.2263803
0.00065,5.1e-05,0.0,0.9,0.35,480.235381
0.00065,5.1e-05,0.0,1.0,0.35,480.2396469
0.00066,3.46e-05,1e-05,0.0,0.34,300.0039999
0.00066,3.46e-05,1e-05,0.1,0.34,422.6894082
0.00066,3.46e-05,1e-05,0.2,0.34,461.9968211
0.00066,3.46e-05,1e-05,0.3,0.34,473.1720494
0.00066,3.46e-05,1e-05,0.4,0.34,477.6154833
0.00066,3.46e-05,1e-05,0.5,0.34,479.5067648
0.00066,3.46e-05,1e-05,0.6,0.34,480.1174535
0.00066,3.46e-05,1e-05,0.7,0.34,480.2265467
0.00066,3.46e-05,1e-05,0.8,0.34,480.2215867
0.00066,3.46e-05,1e-05,0.9,0.34,480.2305872
0.00066,3.46e-05,1e-05,1.0,0.34,480.2348531
0.00066,3.46e-05,0.0,0.0,0.34,300.0039999
0.00066,3.46e-05,0.0,0.1,0.34,422.6894082
0.00066,3.46e-05,0.0,0.2,0.34,461.9968211
0.00066,3.46e-05,0.0,0.3,0.34,473.1720494
0.00066,3.46e-05,0.0,0.4,0.34,477.6154833
0.00066,3.46e-05,0.0,0.5,0.34,479.5067648
0.00066,3.46e-05,0.0,0.6,0.34,480.1174535
0.00066,3.46e-05,0.0,0.7,0.34,480.2265467
0.00066,3.46e-05,0.0,0.8,0.34,480.2215867
0.00066,3.46e-05,0.0,0.9,0.34,480.2305872
0.00066,3.46e-05,0.0,1.0,0.34,480.2348531
0.00067,1.73e-05,0.0,0.0,0.33,300.0039999
0.00067,1.73e-05,0.0,0.1,0.33,422.682403
0.00067,1.73e-05,0.0,0.2,0.33,461.9875327
0.00067,1.73e-05,0.0,0.3,0.33,473.1621123
0.00067,1.73e-05,0.0,0.4,0.33,477.6052876
0.00067,1.73e-05,0.0,0.5,0.33,479.4964593
0.00067,1.73e-05,0.0,0.6,0.33,480.1071124
0.00067,1.73e-05,0.0,0.7,0.33,480.2161994
0.00067,1.73e-05,0.0,0.8,0.33,480.2112396
0.00067,1.73e-05,0.0,0.9,0.33,480.2202396
0.00067,1.73e-05,0.0,1.0,0.33,480.2245052
0.00067,1.73e-05,1e-05,0.0,0.33,300.0039999
0.00067,1.73e-05,1e-05,0.1,0.33,422.682403
0.00067,1.73e-05,1e-05,0.2,0.33,461.9875327
0.00067,1.73e-05,1e-05,0.3,0.33,473.1621123
0.00067,1.73e-05,1e-05,0.4,0.33,477.6052876
0.00067,1.73e-05,1e-05,0.5,0.33,479.4964593
0.00067,1.73e-05,1e-05,0.6,0.33,480.1071124
0.00067,1.73e-05,1e-05,0.7,0.33,480.2161994
0.00067,1.73e-05,1e-05,0.8,0.33,480.2112396
0.00067,1.73e-05,1e-05,0.9,0.33,480.2202396
0.00067,1.73e-05,1e-05,1.0,0.33,480.2245052
0.00068,0.0,1e-05,0.0,0.32,300.0039998
0.00068,0.0,1e-05,0.1,0.32,422.6715997
0.00068,0.0,1e-05,0.2,0.32,461.9732279
0.00068,0.0,1e-05,0.3,0.32,473.1468125
0.00068,0.0,1e-05,0.4,0.32,477.5895915
0.00068,0.0,1e-05,0.5,0.32,479.4805947
0.00068,0.0,1e-05,0.6,0.32,480.0911934
0.00068,0.0,1e-05,0.7,0.32,480.2002707
0.00068,0.0,1e-05,0.8,0.32,480.1953114
0.00068,0.0,1e-05,0.9,0.32,480.2043106
0.00068,0.0,1e-05,1.0,0.32,480.2085758
0.00068,0.0,0.0,0.0,0.32,300.0039998
0.00068,0.0,0.0,0.1,0.32,422.6715997
0.00068,0.0,0.0,0.2,0.32,461.9732279
0.00068,0.0,0.0,0.3,0.32,473.1468125
0.00068,0.0,0.0,0.4,0.32,477.5895916
0.00068,0.0,0.0,0.5,0.32,479.4805947
0.00068,0.0,0.0,0.6,0.32,480.0911934
0.00068,0.0,0.0,0.7,0.32,480.2002708
0.00068,0.0,0.0,0.8,0.32,480.1953114
0.00068,0.0,0.0,0.9,0.32,480.2043106
0.00068,0.0,0.0,1.0,0.32,480.2085758
0.00064,0.0001,1e-05,0.0,0.36,300.0039998
0.00064,0.0001,1e-05,0.1,0.36,422.6789819
0.00064,0.0001,1e-05,0.2,0.36,461.9831236
0.00064,0.0001,1e-05,0.3,0.36,473.1574211
0.00064,0.0001,1e-05,0.4,0.36,477.600486
0.00064,0.0001,1e-05,0.5,0.36,479.4916102
0.00064,0.0001,1e-05,0.6,0.36,480.1022481
0.00064,0.0001,1e-05,0.7,0.36,480.2113322
0.00064,0.0001,1e-05,0.8,0.36,480.2063727
0.00064,0.0001,1e-05,0.9,0.36,480.2153724
0.00064,0.0001,1e-05,1.0,0.36,480.2196378
0.00065,8.27e-05,0.0,0.0,0.35,300.0039999
0.00065,8.27e-05,0.0,0.1,0.35,422.6860941
0.00065,8.27e-05,0.0,0.2,0.35,461.9924805
0.00065,8.27e-05,0.0,0.3,0.35,473.1674166
0.00065,8.27e-05,0.0,0.4,0.35,477.6107349
0.00065,8.27e-05,0.0,0.5,0.35,479.5019671
0.00065,8.27e-05,0.0,0.6,0.35,480.1126399
0.00065,8.27e-05,0.0,0.7,0.35,480.2217302
0.00065,8.27e-05,0.0,0.8,0.35,480.2167704
0.00065,8.27e-05,0.0,0.9,0.35,480.2257706
0.00065,8.27e-05,0.0,1.0,0.35,480.2300363
0.00065,8.27e-05,1e-05,0.0,0.35,300.0039999
0.00065,8.27e-05,1e-05,0.1,0.35,422.6860941
0.00065,8.27e-05,1e-05,0.2,0.35,461.9924805
0.00065,8.27e-05,1e-05,0.3,0.35,473.1674166
0.00065,8.27e-05,1e-05,0.4,0.35,477.6107349
0.00065,8.27e-05,1e-05,0.5,0.35,479.5019671
0.00065,8.27e-05,1e-05,0.6,0.35,480.1126399
0.00065,8.27e-05,1e-05,0.7,0.35,480.2217302
0.00065,8.27e-05,1e-05,0.8,0.35,480.2167704
0.00065,8.27e-05,1e-05,0.9,0.35,480.2257706
0.00065,8.27e-05,1e-05,1.0,0.35,480.2300363
0.00066,0.0001,0.0,0.0,0.34,300.0039998
0.00066,0.0001,0.0,0.1,0.34,422.6755248
0.00066,0.0001,0.0,0.2,0.34,461.9784882
0.00066,0.0001,0.0,0.3,0.34,473.1524515
0.00066,0.0001,0.0,0.4,0.34,477.5953824
0.00066,0.0001,0.0,0.5,0.34,479.4864499
0.00066,0.0001,0.0,0.6,0.34,480.0970694
0.00066,0.0001,0.0,0.7,0.34,480.2061503
0.00066,0.0001,0.0,0.8,0.34,480.2011909
0.00066,0.0001,0.0,0.9,0.34,480.2101904
0.00066,0.0001,0.0,1.0,0.34,480.2144557
0.00066,6.69e-05,0.0,0.0,0.34,300.0039999
0.00066,6.69e-05,0.0,0.1,0.34,422.6890976
0.00066,6.69e-05,0.0,0.2,0.34,461.9964109
0.00066,6.69e-05,0.0,0.3,0.34,473.1716109
0.00066,6.69e-05,0.0,0.4,0.34,477.6150335
0.00066,6.69e-05,0.0,0.5,0.34,479.5063103
0.00066,6.69e-05,0.0,0.6,0.34,480.1169974
0.00066,6.69e-05,0.0,0.7,0.34,480.2260904
0.00066,6.69e-05,0.0,0.8,0.34,480.2211304
0.00066,6.69e-05,0.0,0.9,0.34,480.2301309
0.00066,6.69e-05,0.0,1.0,0.34,480.2343967
0.00066,6.69e-05,1e-05,0.0,0.34,300.0039999
0.00066,6.69e-05,1e-05,0.1,0.34,422.6890976
0.00066,6.69e-05,1e-05,0.2,0.34,461.9964109
0.00066,6.69e-05,1e-05,0.3,0.34,473.1716109
0.00066,6.69e-05,1e-05,0.4,0.34,477.6150335
0.00066,6.69e-05,1e-05,0.5,0.34,479.5063103
0.00066,6.69e-05,1e-05,0.6,0.34,480.1169974
0.00066,6.69e-05,1e-05,0.7,0.34,480.2260904
0.00066,6.69e-05,1e-05,0.8,0.34,480.2211304
0.00066,6.69e-05,1e-05,0.9,0.34,480.2301309
0.00066,6.69e-05,1e-05,1.0,0.34,480.2343967
0.00067,5.1e-05,1e-05,0.0,0.33,300.0039999
0.00067,5.1e-05,1e-05,0.1,0.33,422.6889438
0.00067,5.1e-05,1e-05,0.2,0.33,461.9961701
0.00067,5.1e-05,1e-05,0.3,0.33,473.1713458
0.00067,5.1e-05,1e-05,0.4,0.33,477.6147582
0.00067,5.1e-05,1e-05,0.5,0.33,479.5060307
0.00067,5.1e-05,1e-05,0.6,0.33,480.1167164
0.00067,5.1e-05,1e-05,0.7,0.33,480.2258092
0.00067,5.1e-05,1e-05,0.8,0.33,480.2208492
0.00067,5.1e-05,1e-05,0.9,0.33,480.2298497
0.00067,5.1e-05,1e-05,1.0,0.33,480.2341155
0.00067,5.1e-05,0.0,0.0,0.33,300.0039999
0.00067,5.1e-05,0.0,0.1,0.33,422.6889438
0.00067,5.1e-05,0.0,0.2,0.33,461.9961701
0.00067,5.1e-05,0.0,0.3,0.33,473.1713458
0.00067,5.1e-05,0.0,0.4,0.33,477.6147582
0.00067,5.1e-05,0.0,0.5,0.33,479.5060307
0.00067,5.1e-05,0.0,0.6,0.33,480.1167164
0.00067,5.1e-05,0.0,0.7,0.33,480.2258092
0.00067,5.1e-05,0.0,0.8,0.33,480.2208492
0.00067,5.1e-05,0.0,0.9,0.33,480.2298497
0.00067,5.1e-05,0.0,1.0,0.33,480.2341155
0.000675,4.28e-05,5e-06,0.0,0.325,300.004
0.000675,4.28e-05,5e-06,0.1,0.325,422.6891727
0.000675,4.28e-05,5e-06,0.2,0.325,461.9964526
0.000675,4.28e-05,5e-06,0.3,0.325,473.1716437
0.000675,4.28e-05,5e-06,0.4,0.325,477.6150619
0.000675,4.28e-05,5e-06,0.5,0.325,479.506337
0.000675,4.28e-05,5e-06,0.6,0.325,480.1170236
0.000675,4.28e-05,5e-06,0.7,0.325,480.2261166
0.000675,4.28e-05,5e-06,0.8,0.325,480.2211565
0.000675,4.28e-05,5e-06,0.9,0.325,480.230157
0.000675,4.28e-05,5e-06,1.0,0.325,480.2344228
0.00068,3.46e-05,0.0,0.0,0.32,300.0039999
0.00068,3.46e-05,0.0,0.1,0.32,422.6854828
0.00068,3.46e-05,0.0,0.2,0.32,461.9915602
0.00068,3.46e-05,0.0,0.3,0.32,473.1664097
0.00068,3.46e-05,0.0,0.4,0.32,477.6096917
0.00068,3.46e-05,0.0,0.5,0.32,479.5009089
0.00068,3.46e-05,0.0,0.6,0.32,480.1115768
0.00068,3.46e-05,0.0,0.7,0.32,480.2206665
0.00068,3.46e-05,0.0,0.8,0.32,480.2157065
0.00068,3.46e-05,0.0,0.9,0.32,480.2247068
0.00068,3.46e-05,0.0,1.0,0.32,480.2289725
0.00068,3.46e-05,1e-05,0.0,0.32,300.0039999
0.00068,3.46e-05,1e-05,0.1,0.32,422.6854828
0.00068,3.46e-05,1e-05,0.2,0.32,461.9915602
0.00068,3.46e-05,1e-05,0.3,0.32,473.1664097
0.00068,3.46e-05,1e-05,0.4,0.32,477.6096917
0.00068,3.46e-05,1e-05,0.5,0.32,479.500909
0.00068,3.46e-05,1e-05,0.6,0.32,480.1115768
0.00068,3.46e-05,1e-05,0.7,0.32,480.2206665
0.00068,3.46e-05,1e-05,0.8,0.32,480.2157065
0.00068,3.46e-05,1e-05,0.9,0.32,480.2247068
0.00068,3.46e-05,1e-05,1.0,0.32,480.2289725
0.00069,1.73e-05,1e-05,0.0,0.31,300.0039999
0.00069,1.73e-05,1e-05,0.1,0.31,422.6782428
0.00069,1.73e-05,1e-05,0.2,0.31,461.9819585
0.00069,1.73e-05,1e-05,0.3,0.31,473.156137
0.00069,1.73e-05,1e-05,0.4,0.31,477.5991516
0.00069,1.73e-05,1e-05,0.5,0.31,479.4902552
0.00069,1.73e-05,1e-05,0.6,0.31,480.1008863
0.00069,1.73e-05,1e-05,0.7,0.31,480.2099695
0.00069,1.73e-05,1e-05,0.8,0.31,480.2050098
0.00069,1.73e-05,1e-05,0.9,0.31,480.2140095
0.00069,1.73e-05,1e-05,1.0,0.31,480.218275
0.00069,1.73e-05,0.0,0.0,0.31,300.0039999
0.00069,1.73e-05,0.0,0.1,0.31,422.6782428
0.00069,1.73e-05,0.0,0.2,0.31,461.9819586
0.00069,1.73e-05,0.0,0.3,0.31,473.156137
0.00069,1.73e-05,0.0,0.4,0.31,477.5991517
0.00069,1.73e-05,0.0,0.5,0.31,479.4902552
0.00069,1.73e-05,0.0,0.6,0.31,480.1008863
0.00069,1.73e-05,0.0,0.7,0.31,480.2099695
0.00069,1.73e-05,0.0,0.8,0.31,480.2050098
0.00069,1.73e-05,0.0,0.9,0.31,480.2140096
0.00069,1.73e-05,0.0,1.0,0.31,480.218275
0.0007,0.0,1e-05,0.0,0.3,300.0039998
0.0007,0.0,1e-05,0.1,0.3,422.6672043
0.0007,0.0,1e-05,0.2,0.3,461.9673401
0.0007,0.0,1e-05,0.3,0.3,473.1405013
0.0007,0.0,1e-05,0.4,0.3,477.5831107
0.0007,0.0,1e-05,0.5,0.3,479.474042
0.0007,0.0,1e-05,0.6,0.3,480.0846174
0.0007,0.0,1e-05,0.7,0.3,480.1936908
0.0007,0.0,1e-05,0.8,0.3,480.1887315
0.0007,0.0,1e-05,0.9,0.3,480.1977304
0.0007,0.0,1e-05,1.0,0.3,480.2019955
0.0007,0.0,0.0,0.0,0.3,300.0039998
0.0007,0.0,0.0,0.1,0.3,422.6672042
0.0007,0.0,0.0,0.2,0.3,461.9673401
0.0007,0.0,0.0,0.3,0.3,473.1405013
0.0007,0.0,0.0,0.4,0.3,477.5831107
0.0007,0.0,0.0,0.5,0.3,479.474042
0.0007,0.0,0.0,0.6,0.3,480.0846174
0.0007,0.0,0.0,0.7,0.3,480.1936908
0.0007,0.0,0.0,0.8,0.3,480.1887315
0.0007,0.0,0.0,0.9,0.3,480.1977304
0.0007,0.0,0.0,1.0,0.3,480.2019955
0.00066,0.0001,1e-05,0.0,0.34,300.0039998
0.00066,0.0001,1e-05,0.1,0.34,422.6755247
0.00066,0.0001,1e-05,0.2,0.34,461.9784882
0.00066,0.0001,1e-05,0.3,0.34,473.1524515
0.00066,0.0001,1e-05,0.4,0.34,477.5953824
0.00066,0.0001,1e-05,0.5,0.34,479.4864499
0.00066,0.0001,1e-05,0.6,0.34,480.0970694
0.00066,0.0001,1e-05,0.7,0.34,480.2061503
0.00066,0.0001,1e-05,0.8,0.34,480.2011909
0.00066,0.0001,1e-05,0.9,0.34,480.2101904
0.00066,0.0001,1e-05,1.0,0.34,480.2144557
0.00067,8.27e-05,0.0,0.0,0.33,300.0039999
0.00067,8.27e-05,0.0,0.1,0.33,422.682403
0.00067,8.27e-05,0.0,0.2,0.33,461.9875327
0.00067,8.27e-05,0.0,0.3,0.33,473.1621123
0.00067,8.27e-05,0.0,0.4,0.33,477.6052876
0.00067,8.27e-05,0.0,0.5,0.33,479.4964593
0.00067,8.27e-05,0.0,0.6,0.33,480.1071124
0.00067,8.27e-05,0.0,0.7,0.33,480.2161994
0.00067,8.27e-05,0.0,0.8,0.33,480.2112396
0.00067,8.27e-05,0.0,0.9,0.33,480.2202396
0.00067,8.27e-05,0.0,1.0,0.33,480.2245052
0.00067,8.27e-05,1e-05,0.0,0.33,300.0039999
0.00067,8.27e-05,1e-05,0.1,0.33,422.682403
0.00067,8.27e-05,1e-05,0.2,0.33,461.9875327
0.00067,8.27e-05,1e-05,0.3,0.33,473.1621123
0.00067,8.27e-05,1e-05,0.4,0.33,477.6052876
0.00067,8.27e-05,1e-05,0.5,0.33,479.4964593
0.00067,8.27e-05,1e-05,0.6,0.33,480.1071124
0.00067,8.27e-05,1e-05,0.7,0.33,480.2161994
0.00067,8.27e-05,1e-05,0.8,0.33,480.2112396
0.00067,8.27e-05,1e-05,0.9,0.33,480.2202396
0.00067,8.27e-05,1e-05,1.0,0.33,480.2245052
0.00068,0.0001,0.0,0.0,0.32,300.0039998
0.00068,0.0001,0.0,0.1,0.32,422.6715997
0.00068,0.0001,0.0,0.2,0.32,461.9732279
0.00068,0.0001,0.0,0.3,0.32,473.1468125
0.00068,0.0001,0.0,0.4,0.32,477.5895915
0.00068,0.0001,0.0,0.5,0.32,479.4805947
0.00068,0.0001,0.0,0.6,0.32,480.0911934
0.00068,0.0001,0.0,0.7,0.32,480.2002707
0.00068,0.0001,0.0,0.8,0.32,480.1953114
0.00068,0.0001,0.0,0.9,0.32,480.2043106
0.00068,0.0001,0.0,1.0,0.32,480.2085758
0.00068,6.69e-05,0.0,0.0,0.32,300.0039999
0.00068,6.69e-05,0.0,0.1,0.32,422.6851722
0.00068,6.69e-05,0.0,0.2,0.32,461.99115
0.00068,6.69e-05,0.0,0.3,0.32,473.1659712
0.00068,6.69e-05,0.0,0.4,0.32,477.609242
0.00068,6.69e-05,0.0,0.5,0.32,479.5004544
0.00068,6.69e-05,0.0,0.6,0.32,480.1111207
0.00068,6.69e-05,0.0,0.7,0.32,480.2202101
0.00068,6.69e-05,0.0,0.8,0.32,480.2152502
0.00068,6.69e-05,0.0,0.9,0.32,480.2242504
0.00068,6.69e-05,0.0,1.0,0.32,480.2285161
0.00068,6.69e-05,1e-05,0.0,0.32,300.0039999
0.00068,6.69e-05,1e-05,0.1,0.32,422.6851722
0.00068,6.69e-05,1e-05,0.2,0.32,461.99115
0.00068,6.69e-05,1e-05,0.3,0.32,473.1659712
0.00068,6.69e-05,1e-05,0.4,0.32,477.609242
0.00068,6.69e-05,1e-05,0.5,0.32,479.5004544
0.00068,6.69e-05,1e-05,0.6,0.32,480.1111207
0.00068,6.69e-05,1e-05,0.7,0.32,480.2202101
0.00068,6.69e-05,1e-05,0.8,0.32,480.2152502
0.00068,6.69e-05,1e-05,0.9,0.32,480.2242504
0.00068,6.69e-05,1e-05,1.0,0.32,480.2285161
0.00069,5.1e-05,0.0,0.0,0.31,300.0039999
0.00069,5.1e-05,0.0,0.1,0.31,422.6847834
0.00069,5.1e-05,0.0,0.2,0.31,461.9905957
0.00069,5.1e-05,0.0,0.3,0.31,473.1653703
0.00069,5.1e-05,0.0,0.4,0.31,477.6086219
0.00069,5.1e-05,0.0,0.5,0.31,479.4998263
0.00069,5.1e-05,0.0,0.6,0.31,480.11049
0.00069,5.1e-05,0.0,0.7,0.31,480.219579
0.00069,5.1e-05,0.0,0.8,0.31,480.2146191
0.00069,5.1e-05,0.0,0.9,0.31,480.2236193
0.00069,5.1e-05,0.0,1.0,0.31,480.2278849
0.00069,5.1e-05,1e-05,0.0,0.31,300.0039999
0.00069,5.1e-05,1e-05,0.1,0.31,422.6847834
0.00069,5.1e-05,1e-05,0.2,0.31,461.9905957
0.00069,5.1e-05,1e-05,0.3,0.31,473.1653703
0.00069,5.1e-05,1e-05,0.4,0.31,477.6086219
0.00069,5.1e-05,1e-05,0.5,0.31,479.4998263
0.00069,5.1e-05,1e-05,0.6,0.31,480.11049
0.00069,5.1e-05,1e-05,0.7,0.31,480.219579
0.00069,5.1e-05,1e-05,0.8,0.31,480.2146191
0.00069,5.1e-05,1e-05,0.9,0.31,480.2236193
0.00069,5.1e-05,1e-05,1.0,0.31,480.2278849
0.0007,3.46e-05,0.0,0.0,0.3,300.0039999
0.0007,3.46e-05,0.0,0.1,0.3,422.6810868
0.0007,3.46e-05,0.0,0.2,0.3,461.9856717
0.0007,3.46e-05,0.0,0.3,0.3,473.1600978
0.0007,3.46e-05,0.0,0.4,0.3,477.6032101
0.0007,3.46e-05,0.0,0.5,0.3,479.4943555
0.0007,3.46e-05,0.0,0.6,0.3,480.105
0.0007,3.46e-05,0.0,0.7,0.3,480.2140857
0.0007,3.46e-05,0.0,0.8,0.3,480.2091259
0.0007,3.46e-05,0.0,0.9,0.3,480.2181258
0.0007,3.46e-05,0.0,1.0,0.3,480.2223914
0.0007,3.46e-05,1e-05,0.0,0.3,300.0039999
0.0007,3.46e-05,1e-05,0.1,0.3,422.6810868
0.0007,3.46e-05,1e-05,0.2,0.3,461.9856717
0.0007,3.46e-05,1e-05,0.3,0.3,473.1600978
0.0007,3.46e-05,1e-05,0.4,0.3,477.6032102
0.0007,3.46e-05,1e-05,0.5,0.3,479.4943555
0.0007,3.46e-05,1e-05,0.6,0.3,480.1050001
0.0007,3.46e-05,1e-05,0.7,0.3,480.2140858
0.0007,3.46e-05,1e-05,0.8,0.3,480.2091259
0.0007,3.46e-05,1e-05,0.9,0.3,480.2181258
0.0007,3.46e-05,1e-05,1.0,0.3,480.2223914
0.00071,1.73e-05,0.0,0.0,0.29,300.0039999
0.00071,1.73e-05,0.0,0.1,0.29,422.6736107
0.00071,1.73e-05,0.0,0.2,0.29,461.9757554
0.00071,1.73e-05,0.0,0.3,0.29,473.1494882
0.00071,1.73e-05,0.0,0.4,0.29,477.5923243
0.00071,1.73e-05,0.0,0.5,0.29,479.4833522
0.00071,1.73e-05,0.0,0.6,0.29,480.0939588
0.00071,1.73e-05,0.0,0.7,0.29,480.2030378
0.00071,1.73e-05,0.0,0.8,0.29,480.1980782
0.00071,1.73e-05,0.0,0.9,0.29,480.2070776
0.00071,1.73e-05,0.0,1.0,0.29,480.2113429
0.00071,1.73e-05,1e-05,0.0,0.29,300.0039999
0.00071,1.73e-05,1e-05,0.1,0.29,422.6736107
0.00071,1.73e-05,1e-05,0.2,0.29,461.9757554
0.00071,1.73e-05,1e-05,0.3,0.29,473.1494882
0.00071,1.73e-05,1e-05,0.4,0.29,477.5923243
0.00071,1.73e-05,1e-05,0.5,0.29,479.4833522
0.00071,1.73e-05,1e-05,0.6,0.29,480.0939588
0.00071,1.73e-05,1e-05,0.7,0.29,480.2030378
0.00071,1.73e-05,1e-05,0.8,0.29,480.1980782
0.00071,1.73e-05,1e-05,0.9,0.29,480.2070776
0.00071,1.73e-05,1e-05,1.0,0.29,480.2113429
0.00072,0.0,0.0,0.0,0.28,300.0039998
0.00072,0.0,0.0,0.1,0.28,422.6623354
0.00072,0.0,0.0,0.2,0.28,461.9608218
0.00072,0.0,0.0,0.3,0.28,473.133515
0.00072,0.0,0.0,0.4,0.28,477.575937
0.00072,0.0,0.0,0.5,0.28,479.4667889
0.00072,0.0,0.0,0.6,0.28,480.0773386
0.00072,0.0,0.0,0.7,0.28,480.1864075
0.00072,0.0,0.0,0.8,0.28,480.1814483
0.00072,0.0,0.0,0.9,0.28,480.1904469
0.00072,0.0,0.0,1.0,0.28,480.1947118
0.00072,0.0,1e-05,0.0,0.28,300.0039998
0.00072,0.0,1e-05,0.1,0.28,422.6623354
0.00072,0.0,1e-05,0.2,0.28,461.9608218
0.00072,0.0,1e-05,0.3,0.28,473.133515
0.00072,0.0,1e-05,0.4,0.28,477.575937
0.00072,0.0,1e-05,0.5,0.28,479.4667889
0.00072,0.0,1e-05,0.6,0.28,480.0773386
0.00072,0.0,1e-05,0.7,0.28,480.1864075
0.00072,0.0,1e-05,0.8,0.28,480.1814483
0.00072,0.0,1e-05,0.9,0.28,480.1904469
0.00072,0.0,1e-05,1.0,0.28,480.1947118
0.00068,0.0001,1e-05,0.0,0.32,300.0039998
0.00068,0.0001,1e-05,0.1,0.32,422.6715997
0.00068,0.0001,1e-05,0.2,0.32,461.9732279
0.00068,0.0001,1e-05,0.3,0.32,473.1468125
0.00068,0.0001,1e-05,0.4,0.32,477.5895916
0.00068,0.0001,1e-05,0.5,0.32,479.4805947
0.00068,0.0001,1e-05,0.6,0.32,480.0911934
0.00068,0.0001,1e-05,0.7,0.32,480.2002708
0.00068,0.0001,1e-05,0.8,0.32,480.1953114
0.00068,0.0001,1e-05,0.9,0.32,480.2043106
0.00068,0.0001,1e-05,1.0,0.32,480.2085758
0.00069,8.27e-05,0.0,0.0,0.31,300.0039999
0.00069,8.27e-05,0.0,0.1,0.31,422.6782428
0.00069,8.27e-05,0.0,0.2,0.31,461.9819586
0.00069,8.27e-05,0.0,0.3,0.31,473.1561371
0.00069,8.27e-05,0.0,0.4,0.31,477.5991517
0.00069,8.27e-05,0.0,0.5,0.31,479.4902552
0.00069,8.27e-05,0.0,0.6,0.31,480.1008863
0.00069,8.27e-05,0.0,0.7,0.31,480.2099695
0.00069,8.27e-05,0.0,0.8,0.31,480.2050098
0.00069,8.27e-05,0.0,0.9,0.31,480.2140096
0.00069,8.27e-05,0.0,1.0,0.31,480.218275
0.00069,8.27e-05,1e-05,0.0,0.31,300.0039999
0.00069,8.27e-05,1e-05,0.1,0.31,422.6782428
0.00069,8.27e-05,1e-05,0.2,0.31,461.9819585
0.00069,8.27e-05,1e-05,0.3,0.31,473.156137
0.00069,8.27e-05,1e-05,0.4,0.31,477.5991516
0.00069,8.27e-05,1e-05,0.5,0.31,479.4902552
0.00069,8.27e-05,1e-05,0.6,0.31,480.1008863
0.00069,8.27e-05,1e-05,0.7,0.31,480.2099695
0.00069,8.27e-05,1e-05,0.8,0.31,480.2050098
0.00069,8.27e-05,1e-05,0.9,0.31,480.2140095
0.00069,8.27e-05,1e-05,1.0,0.31,480.218275
0.0007,0.0001,0.0,0.0,0.3,300.0039998
0.0007,0.0001,0.0,0.1,0.3,422.6672043
0.0007,0.0001,0.0,0.2,0.3,461.9673401
0.0007,0.0001,0.0,0.3,0.3,473.1405013
0.0007,0.0001,0.0,0.4,0.3,477.5831107
0.0007,0.0001,0.0,0.5,0.3,479.474042
0.0007,0.0001,0.0,0.6,0.3,480.0846174
0.0007,0.0001,0.0,0.7,0.3,480.1936908
0.0007,0.0001,0.0,0.8,0.3,480.1887315
0.0007,0.0001,0.0,0.9,0.3,480.1977304
0.0007,0.0001,0.0,1.0,0.3,480.2019955
0.0007,6.69e-05,0.0,0.0,0.3,300.0039999
0.0007,6.69e-05,0.0,0.1,0.3,422.6807762
0.0007,6.69e-05,0.0,0.2,0.3,461.9852616
0.0007,6.69e-05,0.0,0.3,0.3,473.1596593
0.0007,6.69e-05,0.0,0.4,0.3,477.6027605
0.0007,6.69e-05,0.0,0.5,0.3,479.493901
0.0007,6.69e-05,0.0,0.6,0.3,480.104544
0.0007,6.69e-05,0.0,0.7,0.3,480.2136294
0.0007,6.69e-05,0.0,0.8,0.3,480.2086696
0.0007,6.69e-05,0.0,0.9,0.3,480.2176695
0.0007,6.69e-05,0.0,1.0,0.3,480.2219351
0.0007,6.69e-05,1e-05,0.0,0.3,300.0039999
0.0007,6.69e-05,1e-05,0.1,0.3,422.6807762
0.0007,6.69e-05,1e-05,0.2,0.3,461.9852616
0.0007,6.69e-05,1e-05,0.3,0.3,473.1596593
0.0007,6.69e-05,1e-05,0.4,0.3,477.6027605
0.0007,6.69e-05,1e-05,0.5,0.3,479.493901
0.0007,6.69e-05,1e-05,0.6,0.3,480.104544
0.0007,6.69e-05,1e-05,0.7,0.3,480.2136294
0.0007,6.69e-05,1e-05,0.8,0.3,480.2086696
0.0007,6.69e-05,1e-05,0.9,0.3,480.2176695
0.0007,6.69e-05,1e-05,1.0,0.3,480.2219351
0.00073,1.73e-05,0.0,0.0,0.27,300.0039999
0.00073,1.73e-05,0.0,0.1,0.27,422.6685036
0.00073,1.73e-05,0.0,0.2,0.27,461.9689203
0.00073,1.73e-05,0.0,0.3,0.27,473.1421628
0.00073,1.73e-05,0.0,0.4,0.27,477.5848025
0.00073,1.73e-05,0.0,0.5,0.27,479.4757471
0.00073,1.73e-05,0.0,0.6,0.27,480.0863268
0.00073,1.73e-05,0.0,0.7,0.27,480.1954012
0.00073,1.73e-05,0.0,0.8,0.27,480.1904416
0.00073,1.73e-05,0.0,0.9,0.27,480.1994407
0.00073,1.73e-05,0.0,1.0,0.27,480.2037058
0.00074,0.0,0.0,0.0,0.26,300.0039998
0.00074,0.0,0.0,0.1,0.26,422.65699
0.00074,0.0,0.0,0.2,0.26,461.9536699
0.00074,0.0,0.0,0.3,0.26,473.1258506
0.00074,0.0,0.0,0.4,0.26,477.5680673
0.00074,0.0,0.0,0.5,0.26,479.4588321
0.00074,0.0,0.0,0.6,0.26,480.0693537
0.00074,0.0,0.0,0.7,0.26,480.1784178
0.00074,0.0,0.0,0.8,0.26,480.1734586
0.00074,0.0,0.0,0.9,0.26,480.182457
0.00074,0.0,0.0,1.0,0.26,480.1867217
0.00074,0.0,1e-05,0.0,0.26,300.0039998
0.00074,0.0,1e-05,0.1,0.26,422.65699
0.00074,0.0,1e-05,0.2,0.26,461.9536699
0.00074,0.0,1e-05,0.3,0.26,473.1258506
0.00074,0.0,1e-05,0.4,0.26,477.5680673
0.00074,0.0,1e-05,0.5,0.26,479.4588321
0.00074,0.0,1e-05,0.6,0.26,480.0693537
0.00074,0.0,1e-05,0.7,0.26,480.1784178
0.00074,0.0,1e-05,0.8,0.26,480.1734586
0.00074,0.0,1e-05,0.9,0.26,480.182457
0.00074,0.0,1e-05,1.0,0.26,480.1867216
0.00072,3.46e-05,0.0,0.0,0.28,300.0039999
0.00072,3.46e-05,0.0,0.1,0.28,422.6762174
0.00072,3.46e-05,0.0,0.2,0.28,461.9791527
0.00072,3.46e-05,0.0,0.3,0.28,473.1531108
0.00072,3.46e-05,0.0,0.4,0.28,477.5960357
0.00072,3.46e-05,0.0,0.5,0.28,479.4871015
0.00072,3.46e-05,0.0,0.6,0.28,480.0977204
0.00072,3.46e-05,0.0,0.7,0.28,480.2068017
0.00072,3.46e-05,0.0,0.8,0.28,480.2018419
0.00072,3.46e-05,0.0,0.9,0.28,480.2108415
0.00072,3.46e-05,0.0,1.0,0.28,480.2151069
0.00071,5.1e-05,0.0,0.0,0.29,300.0039999
0.00071,5.1e-05,0.0,0.1,0.29,422.680151
0.00071,5.1e-05,0.0,0.2,0.29,461.9843923
0.00071,5.1e-05,0.0,0.3,0.29,473.1587211
0.00071,5.1e-05,0.0,0.4,0.29,477.6017942
0.00071,5.1e-05,0.0,0.5,0.29,479.4929229
0.00071,5.1e-05,0.0,0.6,0.29,480.1035621
0.00071,5.1e-05,0.0,0.7,0.29,480.2126469
0.00071,5.1e-05,0.0,0.8,0.29,480.207687
0.00071,5.1e-05,0.0,0.9,0.29,480.216687
0.00071,5.1e-05,0.0,1.0,0.29,480.2209525
0.00071,5.1e-05,1e-05,0.0,0.29,300.0039999
0.00071,5.1e-05,1e-05,0.1,0.29,422.680151
0.00071,5.1e-05,1e-05,0.2,0.29,461.9843923
0.00071,5.1e-05,1e-05,0.3,0.29,473.1587211
0.00071,5.1e-05,1e-05,0.4,0.29,477.6017942
0.00071,5.1e-05,1e-05,0.5,0.29,479.4929229
0.00071,5.1e-05,1e-05,0.6,0.29,480.1035621
0.00071,5.1e-05,1e-05,0.7,0.29,480.2126469
0.00071,5.1e-05,1e-05,0.8,0.29,480.207687
0.00071,5.1e-05,1e-05,0.9,0.29,480.216687
0.00071,5.1e-05,1e-05,1.0,0.29,480.2209525
0.00072,3.46e-05,1e-05,0.0,0.28,300.0039999
0.00072,3.46e-05,1e-05,0.1,0.28,422.6762174
0.00072,3.46e-05,1e-05,0.2,0.28,461.9791527
0.00072,3.46e-05,1e-05,0.3,0.28,473.1531107
0.00072,3.46e-05,1e-05,0.4,0.28,477.5960357
0.00072,3.46e-05,1e-05,0.5,0.28,479.4871015
0.00072,3.46e-05,1e-05,0.6,0.28,480.0977204
0.00072,3.46e-05,1e-05,0.7,0.28,480.2068017
0.00072,3.46e-05,1e-05,0.8,0.28,480.2018419
0.00072,3.46e-05,1e-05,0.9,0.28,480.2108415
0.00072,3.46e-05,1e-05,1.0,0.28,480.2151069
0.00073,1.73e-05,1e-05,0.0,0.27,300.0039999
0.00073,1.73e-05,1e-05,0.1,0.27,422.6685036
0.00073,1.73e-05,1e-05,0.2,0.27,461.9689203
0.00073,1.73e-05,1e-05,0.3,0.27,473.1421628
0.00073,1.73e-05,1e-05,0.4,0.27,477.5848025
0.00073,1.73e-05,1e-05,0.5,0.27,479.4757471
0.00073,1.73e-05,1e-05,0.6,0.27,480.0863268
0.00073,1.73e-05,1e-05,0.7,0.27,480.1954012
0.00073,1.73e-05,1e-05,0.8,0.27,480.1904416
0.00073,1.73e-05,1e-05,0.9,0.27,480.1994407
0.00073,1.73e-05,1e-05,1.0,0.27,480.2037058
0.0007,0.0001,1e-05,0.0,0.3,300.0039998
0.0007,0.0001,1e-05,0.1,0.3,422.6672043
0.0007,0.0001,1e-05,0.2,0.3,461.9673401
0.0007,0.0001,1e-05,0.3,0.3,473.1405013
0.0007,0.0001,1e-05,0.4,0.3,477.5831107
0.0007,0.0001,1e-05,0.5,0.3,479.474042
0.0007,0.0001,1e-05,0.6,0.3,480.0846174
0.0007,0.0001,1e-05,0.7,0.3,480.1936908
0.0007,0.0001,1e-05,0.8,0.3,480.1887315
0.0007,0.0001,1e-05,0.9,0.3,480.1977304
0.0007,0.0001,1e-05,1.0,0.3,480.2019955
0.00071,8.27e-05,0.0,0.0,0.29,300.0039999
0.00071,8.27e-05,0.0,0.1,0.29,422.6736107
0.00071,8.27e-05,0.0,0.2,0.29,461.9757554
0.00071,8.27e-05,0.0,0.3,0.29,473.1494882
0.00071,8.27e-05,0.0,0.4,0.29,477.5923243
0.00071,8.27e-05,0.0,0.5,0.29,479.4833522
0.00071,8.27e-05,0.0,0.6,0.29,480.0939588
0.00071,8.27e-05,0.0,0.7,0.29,480.2030378
0.00071,8.27e-05,0.0,0.8,0.29,480.1980782
0.00071,8.27e-05,0.0,0.9,0.29,480.2070776
0.00071,8.27e-05,0.0,1.0,0.29,480.2113429
0.00071,8.27e-05,1e-05,0.0,0.29,300.0039999
0.00071,8.27e-05,1e-05,0.1,0.29,422.6736107
0.00071,8.27e-05,1e-05,0.2,0.29,461.9757554
0.00071,8.27e-05,1e-05,0.3,0.29,473.1494882
0.00071,8.27e-05,1e-05,0.4,0.29,477.5923243
0.00071,8.27e-05,1e-05,0.5,0.29,479.4833522
0.00071,8.27e-05,1e-05,0.6,0.29,480.0939588
0.00071,8.27e-05,1e-05,0.7,0.29,480.2030378
0.00071,8.27e-05,1e-05,0.8,0.29,480.1980782
0.00071,8.27e-05,1e-05,0.9,0.29,480.2070776
0.00071,8.27e-05,1e-05,1.0,0.29,480.2113429
0.00072,0.0001,0.0,0.0,0.28,300.0039998
0.00072,0.0001,0.0,0.1,0.28,422.6623354
0.00072,0.0001,0.0,0.2,0.28,461.9608218
0.00072,0.0001,0.0,0.3,0.28,473.1335151
0.00072,0.0001,0.0,0.4,0.28,477.5759371
0.00072,0.0001,0.0,0.5,0.28,479.4667889
0.00072,0.0001,0.0,0.6,0.28,480.0773386
0.00072,0.0001,0.0,0.7,0.28,480.1864075
0.00072,0.0001,0.0,0.8,0.28,480.1814483
0.00072,0.0001,0.0,0.9,0.28,480.190447
0.00072,0.0001,0.0,1.0,0.28,480.1947118
0.00072,6.69e-05,0.0,0.0,0.28,300.0039999
0.00072,6.69e-05,0.0,0.1,0.28,422.6759068
0.00072,6.69e-05,0.0,0.2,0.28,461.9787426
0.00072,6.69e-05,0.0,0.3,0.28,473.1526723
0.00072,6.69e-05,0.0,0.4,0.28,477.595586
0.00072,6.69e-05,0.0,0.5,0.28,479.4866471
0.00072,6.69e-05,0.0,0.6,0.28,480.0972644
0.00072,6.69e-05,0.0,0.7,0.28,480.2063454
0.00072,6.69e-05,0.0,0.8,0.28,480.2013856
0.00072,6.69e-05,0.0,0.9,0.28,480.2103852
0.00072,6.69e-05,0.0,1.0,0.28,480.2146506
0.00072,6.69e-05,1e-05,0.0,0.28,300.0039999
0.00072,6.69e-05,1e-05,0.1,0.28,422.6759069
0.00072,6.69e-05,1e-05,0.2,0.28,461.9787426
0.00072,6.69e-05,1e-05,0.3,0.28,473.1526723
0.00072,6.69e-05,1e-05,0.4,0.28,477.595586
0.00072,6.69e-05,1e-05,0.5,0.28,479.4866471
0.00072,6.69e-05,1e-05,0.6,0.28,480.0972644
0.00072,6.69e-05,1e-05,0.7,0.28,480.2063454
0.00072,6.69e-05,1e-05,0.8,0.28,480.2013856
0.00072,6.69e-05,1e-05,0.9,0.28,480.2103852
0.00072,6.69e-05,1e-05,1.0,0.28,480.2146506
0.00076,0.0,0.0,0.0,0.24,300.0039998
0.00076,0.0,0.0,0.1,0.24,422.6511645
0.00076,0.0,0.0,0.2,0.24,461.9458809
0.00076,0.0,0.0,0.3,0.24,473.1175043
0.00076,0.0,0.0,0.4,0.24,477.5594981
0.00076,0.0,0.0,0.5,0.24,479.4501683
0.00076,0.0,0.0,0.6,0.24,480.0606593
0.00076,0.0,0.0,0.7,0.24,480.1697181
0.00076,0.0,0.0,0.8,0.24,480.164759
0.00076,0.0,0.0,0.9,0.24,480.173757
0.00076,0.0,0.0,1.0,0.24,480.1780215
0.00076,0.0,1e-05,0.0,0.24,300.0039998
0.00076,0.0,1e-05,0.1,0.24,422.6511645
0.00076,0.0,1e-05,0.2,0.24,461.9458809
0.00076,0.0,1e-05,0.3,0.24,473.1175043
0.00076,0.0,1e-05,0.4,0.24,477.559498
0.00076,0.0,1e-05,0.5,0.24,479.4501683
0.00076,0.0,1e-05,0.6,0.24,480.0606592
0.00076,0.0,1e-05,0.7,0.24,480.1697181
0.00076,0.0,1e-05,0.8,0.24,480.164759
0.00076,0.0,1e-05,0.9,0.24,480.173757
0.00076,0.0,1e-05,1.0,0.24,480.1780214
0.00075,1.73e-05,0.0,0.0,0.25,300.0039999
0.00075,1.73e-05,0.0,0.1,0.25,422.6629182
0.00075,1.73e-05,0.0,0.2,0.25,461.9614498
0.00075,1.73e-05,0.0,0.3,0.25,473.1341573
0.00075,1.73e-05,0.0,0.4,0.25,477.5765828
0.00075,1.73e-05,0.0,0.5,0.25,479.4674367
0.00075,1.73e-05,0.0,0.6,0.25,480.077987
0.00075,1.73e-05,0.0,0.7,0.25,480.1870563
0.00075,1.73e-05,0.0,0.8,0.25,480.1820969
0.00075,1.73e-05,0.0,0.9,0.25,480.1910956
0.00075,1.73e-05,0.0,1.0,0.25,480.1953605
0.00075,1.73e-05,1e-05,0.0,0.25,300.0039999
0.00075,1.73e-05,1e-05,0.1,0.25,422.6629182
0.00075,1.73e-05,1e-05,0.2,0.25,461.9614497
0.00075,1.73e-05,1e-05,0.3,0.25,473.1341573
0.00075,1.73e-05,1e-05,0.4,0.25,477.5765828
0.00075,1.73e-05,1e-05,0.5,0.25,479.4674367
0.00075,1.73e-05,1e-05,0.6,0.25,480.077987
0.00075,1.73e-05,1e-05,0.7,0.25,480.1870563
0.00075,1.73e-05,1e-05,0.8,0.25,480.1820968
0.00075,1.73e-05,1e-05,0.9,0.25,480.1910956
0.00075,1.73e-05,1e-05,1.0,0.25,480.1953605
0.00074,3.46e-05,0.0,0.0,0.26,300.0039999
0.00074,3.46e-05,0.0,0.1,0.26,422.6708714
0.00074,3.46e-05,0.0,0.2,0.26,461.972
0.00074,3.46e-05,0.0,0.3,0.26,473.1454454
0.00074,3.46e-05,0.0,0.4,0.26,477.5881651
0.00074,3.46e-05,0.0,0.5,0.26,479.4791439
0.00074,3.46e-05,0.0,0.6,0.26,480.0897346
0.00074,3.46e-05,0.0,0.7,0.26,480.198811
0.00074,3.46e-05,0.0,0.8,0.26,480.1938513
0.00074,3.46e-05,0.0,0.9,0.26,480.2028507
0.00074,3.46e-05,0.0,1.0,0.26,480.2071158
0.00073,5.1e-05,0.0,0.0,0.27,300.0039999
0.00073,5.1e-05,0.0,0.1,0.27,422.6750437
0.00073,5.1e-05,0.0,0.2,0.27,461.9775568
0.00073,5.1e-05,0.0,0.3,0.27,473.1513953
0.00073,5.1e-05,0.0,0.4,0.27,477.5942719
0.00073,5.1e-05,0.0,0.5,0.27,479.4853175
0.00073,5.1e-05,0.0,0.6,0.27,480.0959297
0.00073,5.1e-05,0.0,0.7,0.27,480.2050099
0.00073,5.1e-05,0.0,0.8,0.27,480.2000501
0.00073,5.1e-05,0.0,0.9,0.27,480.2090497
0.00073,5.1e-05,0.0,1.0,0.27,480.213315
0.00073,5.1e-05,1e-05,0.0,0.27,300.0039999
0.00073,5.1e-05,1e-05,0.1,0.27,422.6750437
0.00073,5.1e-05,1e-05,0.2,0.27,461.9775568
0.00073,5.1e-05,1e-05,0.3,0.27,473.1513953
0.00073,5.1e-05,1e-05,0.4,0.27,477.594272
0.00073,5.1e-05,1e-05,0.5,0.27,479.4853175
0.00073,5.1e-05,1e-05,0.6,0.27,480.0959297
0.00073,5.1e-05,1e-05,0.7,0.27,480.2050099
0.00073,5.1e-05,1e-05,0.8,0.27,480.2000501
0.00073,5.1e-05,1e-05,0.9,0.27,480.2090497
0.00073,5.1e-05,1e-05,1.0,0.27,480.213315
0.00074,3.46e-05,1e-05,0.0,0.26,300.0039999
0.00074,3.46e-05,1e-05,0.1,0.26,422.6708714
0.00074,3.46e-05,1e-05,0.2,0.26,461.972
0.00074,3.46e-05,1e-05,0.3,0.26,473.1454454
0.00074,3.46e-05,1e-05,0.4,0.26,477.5881651
0.00074,3.46e-05,1e-05,0.5,0.26,479.4791439
0.00074,3.46e-05,1e-05,0.6,0.26,480.0897346
0.00074,3.46e-05,1e-05,0.7,0.26,480.198811
0.00074,3.46e-05,1e-05,0.8,0.26,480.1938513
0.00074,3.46e-05,1e-05,0.9,0.26,480.2028507
0.00074,3.46e-05,1e-05,1.0,0.26,480.2071158
0.00072,0.0001,1e-05,0.0,0.28,300.0039998
0.00072,0.0001,1e-05,0.1,0.28,422.6623354
0.00072,0.0001,1e-05,0.2,0.28,461.9608218
0.00072,0.0001,1e-05,0.3,0.28,473.133515
0.00072,0.0001,1e-05,0.4,0.28,477.575937
0.00072,0.0001,1e-05,0.5,0.28,479.4667889
0.00072,0.0001,1e-05,0.6,0.28,480.0773386
0.00072,0.0001,1e-05,0.7,0.28,480.1864075
0.00072,0.0001,1e-05,0.8,0.28,480.1814483
0.00072,0.0001,1e-05,0.9,0.28,480.1904469
0.00072,0.0001,1e-05,1.0,0.28,480.1947118
0.00073,8.27e-05,0.0,0.0,0.27,300.0039999
0.00073,8.27e-05,0.0,0.1,0.27,422.6685036
0.00073,8.27e-05,0.0,0.2,0.27,461.9689203
0.00073,8.27e-05,0.0,0.3,0.27,473.1421628
0.00073,8.27e-05,0.0,0.4,0.27,477.5848025
0.00073,8.27e-05,0.0,0.5,0.27,479.4757471
0.00073,8.27e-05,0.0,0.6,0.27,480.0863268
0.00073,8.27e-05,0.0,0.7,0.27,480.1954012
0.00073,8.27e-05,0.0,0.8,0.27,480.1904416
0.00073,8.27e-05,0.0,0.9,0.27,480.1994407
0.00073,8.27e-05,0.0,1.0,0.27,480.2037058
0.00073,8.27e-05,1e-05,0.0,0.27,300.0039999
0.00073,8.27e-05,1e-05,0.1,0.27,422.6685036
0.00073,8.27e-05,1e-05,0.2,0.27,461.9689203
0.00073,8.27e-05,1e-05,0.3,0.27,473.1421628
0.00073,8.27e-05,1e-05,0.4,0.27,477.5848025
0.00073,8.27e-05,1e-05,0.5,0.27,479.4757471
0.00073,8.27e-05,1e-05,0.6,0.27,480.0863268
0.00073,8.27e-05,1e-05,0.7,0.27,480.1954012
0.00073,8.27e-05,1e-05,0.8,0.27,480.1904416
0.00073,8.27e-05,1e-05,0.9,0.27,480.1994408
0.00073,8.27e-05,1e-05,1.0,0.27,480.2037058
0.00074,0.0001,0.0,0.0,0.26,300.0039998
0.00074,0.0001,0.0,0.1,0.26,422.65699
0.00074,0.0001,0.0,0.2,0.26,461.9536699
0.00074,0.0001,0.0,0.3,0.26,473.1258506
0.00074,0.0001,0.0,0.4,0.26,477.5680673
0.00074,0.0001,0.0,0.5,0.26,479.4588321
0.00074,0.0001,0.0,0.6,0.26,480.0693537
0.00074,0.0001,0.0,0.7,0.26,480.1784178
0.00074,0.0001,0.0,0.8,0.26,480.1734586
0.00074,0.0001,0.0,0.9,0.26,480.182457
0.00074,0.0001,0.0,1.0,0.26,480.1867216
0.00074,6.69e-05,0.0,0.0,0.26,300.0039999
0.00074,6.69e-05,0.0,0.1,0.26,422.6705608
0.00074,6.69e-05,0.0,0.2,0.26,461.9715899
0.00074,6.69e-05,0.0,0.3,0.26,473.145007
0.00074,6.69e-05,0.0,0.4,0.26,477.5877154
0.00074,6.69e-05,0.0,0.5,0.26,479.4786895
0.00074,6.69e-05,0.0,0.6,0.26,480.0892786
0.00074,6.69e-05,0.0,0.7,0.26,480.1983548
0.00074,6.69e-05,0.0,0.8,0.26,480.1933951
0.00074,6.69e-05,0.0,0.9,0.26,480.2023944
0.00074,6.69e-05,0.0,1.0,0.26,480.2066595
0.00074,6.69e-05,1e-05,0.0,0.26,300.0039999
0.00074,6.69e-05,1e-05,0.1,0.26,422.6705608
0.00074,6.69e-05,1e-05,0.2,0.26,461.9715899
0.00074,6.69e-05,1e-05,0.3,0.26,473.145007
0.00074,6.69e-05,1e-05,0.4,0.26,477.5877154
0.00074,6.69e-05,1e-05,0.5,0.26,479.4786895
0.00074,6.69e-05,1e-05,0.6,0.26,480.0892786
0.00074,6.69e-05,1e-05,0.7,0.26,480.1983548
0.00074,6.69e-05,1e-05,0.8,0.26,480.1933951
0.00074,6.69e-05,1e-05,0.9,0.26,480.2023944
0.00074,6.69e-05,1e-05,1.0,0.26,480.2066595
0.00078,0.0,0.0,0.0,0.22,300.0039998
0.00078,0.0,0.0,0.1,0.22,422.644855
0.00078,0.0,0.0,0.2,0.22,461.9374508
0.00078,0.0,0.0,0.3,0.22,473.1084724
0.00078,0.0,0.0,0.4,0.22,477.5502254
0.00078,0.0,0.0,0.5,0.22,479.4407935
0.00078,0.0,0.0,0.6,0.22,480.0512514
0.00078,0.0,0.0,0.7,0.22,480.1603045
0.00078,0.0,0.0,0.8,0.22,480.1553456
0.00078,0.0,0.0,0.9,0.22,480.1643431
0.00078,0.0,0.0,1.0,0.22,480.1686074
0.00078,0.0,1e-05,0.0,0.22,300.0039998
0.00078,0.0,1e-05,0.1,0.22,422.644855
0.00078,0.0,1e-05,0.2,0.22,461.9374508
0.00078,0.0,1e-05,0.3,0.22,473.1084724
0.00078,0.0,1e-05,0.4,0.22,477.5502254
0.00078,0.0,1e-05,0.5,0.22,479.4407935
0.00078,0.0,1e-05,0.6,0.22,480.0512514
0.00078,0.0,1e-05,0.7,0.22,480.1603045
0.00078,0.0,1e-05,0.8,0.22,480.1553456
0.00078,0.0,1e-05,0.9,0.22,480.1643432
0.00078,0.0,1e-05,1.0,0.22,480.1686074
0.00077,1.73e-05,1e-05,0.0,0.23,300.0039999
0.00077,1.73e-05,1e-05,0.1,0.23,422.6568508
0.00077,1.73e-05,1e-05,0.2,0.23,461.9533401
0.00077,1.73e-05,1e-05,0.3,0.23,473.1254681
0.00077,1.73e-05,1e-05,0.4,0.23,477.5676617
0.00077,1.73e-05,1e-05,0.5,0.23,479.4584172
0.00077,1.73e-05,1e-05,0.6,0.23,480.0689357
0.00077,1.73e-05,1e-05,0.7,0.23,480.1779995
0.00077,1.73e-05,1e-05,0.8,0.23,480.1730402
0.00077,1.73e-05,1e-05,0.9,0.23,480.1820386
0.00077,1.73e-05,1e-05,1.0,0.23,480.1863032
0.00077,1.73e-05,0.0,0.0,0.23,300.0039999
0.00077,1.73e-05,0.0,0.1,0.23,422.6568508
0.00077,1.73e-05,0.0,0.2,0.23,461.9533401
0.00077,1.73e-05,0.0,0.3,0.23,473.1254681
0.00077,1.73e-05,0.0,0.4,0.23,477.5676617
0.00077,1.73e-05,0.0,0.5,0.23,479.4584172
0.00077,1.73e-05,0.0,0.6,0.23,480.0689357
0.00077,1.73e-05,0.0,0.7,0.23,480.1779995
0.00077,1.73e-05,0.0,0.8,0.23,480.1730402
0.00077,1.73e-05,0.0,0.9,0.23,480.1820386
0.00077,1.73e-05,0.0,1.0,0.23,480.1863032
0.00076,3.46e-05,1e-05,0.0,0.24,300.0039999
0.00076,3.46e-05,1e-05,0.1,0.24,422.6650452
0.00076,3.46e-05,1e-05,0.2,0.24,461.9642101
0.00076,3.46e-05,1e-05,0.3,0.24,473.1370982
0.00076,3.46e-05,1e-05,0.4,0.24,477.5795948
0.00076,3.46e-05,1e-05,0.5,0.24,479.4704791
0.00076,3.46e-05,1e-05,0.6,0.24,480.0810392
0.00076,3.46e-05,1e-05,0.7,0.24,480.1901103
0.00076,3.46e-05,1e-05,0.8,0.24,480.1851507
0.00076,3.46e-05,1e-05,0.9,0.24,480.1941497
0.00076,3.46e-05,1e-05,1.0,0.24,480.1984147
0.00076,3.46e-05,0.0,0.0,0.24,300.0039999
0.00076,3.46e-05,0.0,0.1,0.24,422.6650452
0.00076,3.46e-05,0.0,0.2,0.24,461.9642101
0.00076,3.46e-05,0.0,0.3,0.24,473.1370982
0.00076,3.46e-05,0.0,0.4,0.24,477.5795948
0.00076,3.46e-05,0.0,0.5,0.24,479.4704791
0.00076,3.46e-05,0.0,0.6,0.24,480.0810392
0.00076,3.46e-05,0.0,0.7,0.24,480.1901103
0.00076,3.46e-05,0.0,0.8,0.24,480.1851507
0.00076,3.46e-05,0.0,0.9,0.24,480.1941497
0.00076,3.46e-05,0.0,1.0,0.24,480.1984146
0.00075,5.1e-05,0.0,0.0,0.25,300.0039999
0.00075,5.1e-05,0.0,0.1,0.25,422.669458
0.00075,5.1e-05,0.0,0.2,0.25,461.9700858
0.00075,5.1e-05,0.0,0.3,0.25,473.1433894
0.00075,5.1e-05,0.0,0.4,0.25,477.5860519
0.00075,5.1e-05,0.0,0.5,0.25,479.4770066
0.00075,5.1e-05,0.0,0.6,0.25,480.0875895
0.00075,5.1e-05,0.0,0.7,0.25,480.1966646
0.00075,5.1e-05,0.0,0.8,0.25,480.1917049
0.00075,5.1e-05,0.0,0.9,0.25,480.2007041
0.00075,5.1e-05,0.0,1.0,0.25,480.2049692
0.00075,5.1e-05,1e-05,0.0,0.25,300.0039999
0.00075,5.1e-05,1e-05,0.1,0.25,422.669458
0.00075,5.1e-05,1e-05,0.2,0.25,461.9700858
0.00075,5.1e-05,1e-05,0.3,0.25,473.1433894
0.00075,5.1e-05,1e-05,0.4,0.25,477.5860519
0.00075,5.1e-05,1e-05,0.5,0.25,479.4770066
0.00075,5.1e-05,1e-05,0.6,0.25,480.0875895
0.00075,5.1e-05,1e-05,0.7,0.25,480.1966646
0.00075,5.1e-05,1e-05,0.8,0.25,480.1917049
0.00075,5.1e-05,1e-05,0.9,0.25,480.2007041
0.00075,5.1e-05,1e-05,1.0,0.25,480.2049693
0.00074,0.0001,1e-05,0.0,0.26,300.0039998
0.00074,0.0001,1e-05,0.1,0.26,422.65699
0.00074,0.0001,1e-05,0.2,0.26,461.9536699
0.00074,0.0001,1e-05,0.3,0.26,473.1258506
0.00074,0.0001,1e-05,0.4,0.26,477.5680673
0.00074,0.0001,1e-05,0.5,0.26,479.4588321
0.00074,0.0001,1e-05,0.6,0.26,480.0693537
0.00074,0.0001,1e-05,0.7,0.26,480.1784178
0.00074,0.0001,1e-05,0.8,0.26,480.1734586
0.00074,0.0001,1e-05,0.9,0.26,480.182457
0.00074,0.0001,1e-05,1.0,0.26,480.1867217
0.00075,8.27e-05,0.0,0.0,0.25,300.0039999
0.00075,8.27e-05,0.0,0.1,0.25,422.6629182
0.00075,8.27e-05,0.0,0.2,0.25,461.9614497
0.00075,8.27e-05,0.0,0.3,0.25,473.1341573
0.00075,8.27e-05,0.0,0.4,0.25,477.5765828
0.00075,8.27e-05,0.0,0.5,0.25,479.4674367
0.00075,8.27e-05,0.0,0.6,0.25,480.077987
0.00075,8.27e-05,0.0,0.7,0.25,480.1870563
0.00075,8.27e-05,0.0,0.8,0.25,480.1820968
0.00075,8.27e-05,0.0,0.9,0.25,480.1910956
0.00075,8.27e-05,0.0,1.0,0.25,480.1953605
0.00075,8.27e-05,1e-05,0.0,0.25,300.0039999
0.00075,8.27e-05,1e-05,0.1,0.25,422.6629182
0.00075,8.27e-05,1e-05,0.2,0.25,461.9614497
0.00075,8.27e-05,1e-05,0.3,0.25,473.1341573
0.00075,8.27e-05,1e-05,0.4,0.25,477.5765828
0.00075,8.27e-05,1e-05,0.5,0.25,479.4674367
0.00075,8.27e-05,1e-05,0.6,0.25,480.077987
0.00075,8.27e-05,1e-05,0.7,0.25,480.1870563
0.00075,8.27e-05,1e-05,0.8,0.25,480.1820968
0.00075,8.27e-05,1e-05,0.9,0.25,480.1910956
0.00075,8.27e-05,1e-05,1.0,0.25,480.1953605
0.00076,0.0001,0.0,0.0,0.24,300.0039998
0.00076,0.0001,0.0,0.1,0.24,422.6511645
0.00076,0.0001,0.0,0.2,0.24,461.9458809
0.00076,0.0001,0.0,0.3,0.24,473.1175043
0.00076,0.0001,0.0,0.4,0.24,477.559498
0.00076,0.0001,0.0,0.5,0.24,479.4501683
0.00076,0.0001,0.0,0.6,0.24,480.0606592
0.00076,0.0001,0.0,0.7,0.24,480.1697181
0.00076,0.0001,0.0,0.8,0.24,480.164759
0.00076,0.0001,0.0,0.9,0.24,480.173757
0.00076,0.0001,0.0,1.0,0.24,480.1780214
0.00076,6.69e-05,0.0,0.0,0.24,300.0039999
0.00076,6.69e-05,0.0,0.1,0.24,422.6647347
0.00076,6.69e-05,0.0,0.2,0.24,461.9638
0.00076,6.69e-05,0.0,0.3,0.24,473.1366598
0.00076,6.69e-05,0.0,0.4,0.24,477.5791452
0.00076,6.69e-05,0.0,0.5,0.24,479.4700246
0.00076,6.69e-05,0.0,0.6,0.24,480.0805832
0.00076,6.69e-05,0.0,0.7,0.24,480.1896541
0.00076,6.69e-05,0.0,0.8,0.24,480.1846945
0.00076,6.69e-05,0.0,0.9,0.24,480.1936934
0.00076,6.69e-05,0.0,1.0,0.24,480.1979584
0.00076,6.69e-05,1e-05,0.0,0.24,300.0039999
0.00076,6.69e-05,1e-05,0.1,0.24,422.6647347
0.00076,6.69e-05,1e-05,0.2,0.24,461.9638
0.00076,6.69e-05,1e-05,0.3,0.24,473.1366598
0.00076,6.69e-05,1e-05,0.4,0.24,477.5791452
0.00076,6.69e-05,1e-05,0.5,0.24,479.4700247
0.00076,6.69e-05,1e-05,0.6,0.24,480.0805832
0.00076,6.69e-05,1e-05,0.7,0.24,480.1896541
0.00076,6.69e-05,1e-05,0.8,0.24,480.1846945
0.00076,6.69e-05,1e-05,0.9,0.24,480.1936934
0.00076,6.69e-05,1e-05,1.0,0.24,480.1979584
0.00079,1.73e-05,0.0,0.0,0.21,300.0039999
0.00079,1.73e-05,0.0,0.1,0.21,422.6502974
0.00079,1.73e-05,0.0,0.2,0.21,461.9445874
0.00079,1.73e-05,0.0,0.3,0.21,473.1160912
0.00079,1.73e-05,0.0,0.4,0.21,477.5580351
0.00079,1.73e-05,0.0,0.5,0.21,479.4486847
0.00079,1.73e-05,0.0,0.6,0.21,480.0591689
0.00079,1.73e-05,0.0,0.7,0.21,480.1682268
0.00079,1.73e-05,0.0,0.8,0.21,480.1632676
0.00079,1.73e-05,0.0,0.9,0.21,480.1722656
0.00079,1.73e-05,0.0,1.0,0.21,480.17653
0.0008,0.0,1e-05,0.0,0.2,300.0039998
0.0008,0.0,1e-05,0.1,0.2,422.6380575
0.0008,0.0,1e-05,0.2,0.2,461.9283756
0.0008,0.0,1e-05,0.3,0.2,473.0987507
0.0008,0.0,1e-05,0.4,0.2,477.5402451
0.0008,0.0,1e-05,0.5,0.2,479.4307036
0.0008,0.0,1e-05,0.6,0.2,480.041126
0.0008,0.0,1e-05,0.7,0.2,480.150173
0.0008,0.0,1e-05,0.8,0.2,480.1452142
0.0008,0.0,1e-05,0.9,0.2,480.1542113
0.0008,0.0,1e-05,1.0,0.2,480.1584753
0.0008,0.0,0.0,0.0,0.2,300.0039998
0.0008,0.0,0.0,0.1,0.2,422.6380575
0.0008,0.0,0.0,0.2,0.2,461.9283756
0.0008,0.0,0.0,0.3,0.2,473.0987507
0.0008,0.0,0.0,0.4,0.2,477.5402452
0.0008,0.0,0.0,0.5,0.2,479.4307036
0.0008,0.0,0.0,0.6,0.2,480.041126
0.0008,0.0,0.0,0.7,0.2,480.150173
0.0008,0.0,0.0,0.8,0.2,480.1452142
0.0008,0.0,0.0,0.9,0.2,480.1542113
0.0008,0.0,0.0,1.0,0.2,480.1584753
0.00079,1.73e-05,1e-05,0.0,0.21,300.0039999
0.00079,1.73e-05,1e-05,0.1,0.21,422.6502974
0.00079,1.73e-05,1e-05,0.2,0.21,461.9445874
0.00079,1.73e-05,1e-05,0.3,0.21,473.1160911
0.00079,1.73e-05,1e-05,0.4,0.21,477.5580351
0.00079,1.73e-05,1e-05,0.5,0.21,479.4486847
0.00079,1.73e-05,1e-05,0.6,0.21,480.0591689
0.00079,1.73e-05,1e-05,0.7,0.21,480.1682268
0.00079,1.73e-05,1e-05,0.8,0.21,480.1632676
0.00079,1.73e-05,1e-05,0.9,0.21,480.1722656
0.00079,1.73e-05,1e-05,1.0,0.21,480.17653
0.00078,3.46e-05,0.0,0.0,0.22,300.0039999
0.00078,3.46e-05,0.0,0.1,0.22,422.658735
0.00078,3.46e-05,0.0,0.2,0.22,461.9557791
0.00078,3.46e-05,0.0,0.3,0.22,473.1280653
0.00078,3.46e-05,0.0,0.4,0.22,477.5703211
0.00078,3.46e-05,0.0,0.5,0.22,479.4611032
0.00078,3.46e-05,0.0,0.6,0.22,480.0716303
0.00078,3.46e-05,0.0,0.7,0.22,480.1806957
0.00078,3.46e-05,0.0,0.8,0.22,480.1757362
0.00078,3.46e-05,0.0,0.9,0.22,480.1847348
0.00078,3.46e-05,0.0,1.0,0.22,480.1889995
0.00078,3.46e-05,1e-05,0.0,0.22,300.0039999
0.00078,3.46e-05,1e-05,0.1,0.22,422.658735
0.00078,3.46e-05,1e-05,0.2,0.22,461.955779
0.00078,3.46e-05,1e-05,0.3,0.22,473.1280653
0.00078,3.46e-05,1e-05,0.4,0.22,477.5703211
0.00078,3.46e-05,1e-05,0.5,0.22,479.4611032
0.00078,3.46e-05,1e-05,0.6,0.22,480.0716303
0.00078,3.46e-05,1e-05,0.7,0.22,480.1806957
0.00078,3.46e-05,1e-05,0.8,0.22,480.1757362
0.00078,3.46e-05,1e-05,0.9,0.22,480.1847348
0.00078,3.46e-05,1e-05,1.0,0.22,480.1889995
0.00077,5.1e-05,0.0,0.0,0.23,300.0039999
0.00077,5.1e-05,0.0,0.1,0.23,422.6633902
0.00077,5.1e-05,0.0,0.2,0.23,461.9619757
0.00077,5.1e-05,0.0,0.3,0.23,473.1346997
0.00077,5.1e-05,0.0,0.4,0.23,477.5771303
0.00077,5.1e-05,0.0,0.5,0.23,479.4679866
0.00077,5.1e-05,0.0,0.6,0.23,480.0785377
0.00077,5.1e-05,0.0,0.7,0.23,480.1876073
0.00077,5.1e-05,0.0,0.8,0.23,480.1826477
0.00077,5.1e-05,0.0,0.9,0.23,480.1916466
0.00077,5.1e-05,0.0,1.0,0.23,480.1959115
0.00077,5.1e-05,1e-05,0.0,0.23,300.0039999
0.00077,5.1e-05,1e-05,0.1,0.23,422.6633903
0.00077,5.1e-05,1e-05,0.2,0.23,461.9619758
0.00077,5.1e-05,1e-05,0.3,0.23,473.1346997
0.00077,5.1e-05,1e-05,0.4,0.23,477.5771303
0.00077,5.1e-05,1e-05,0.5,0.23,479.4679866
0.00077,5.1e-05,1e-05,0.6,0.23,480.0785377
0.00077,5.1e-05,1e-05,0.7,0.23,480.1876073
0.00077,5.1e-05,1e-05,0.8,0.23,480.1826477
0.00077,5.1e-05,1e-05,0.9,0.23,480.1916466
0.00077,5.1e-05,1e-05,1.0,0.23,480.1959115
0.00076,0.0001,1e-05,0.0,0.24,300.0039998
0.00076,0.0001,1e-05,0.1,0.24,422.6511645
0.00076,0.0001,1e-05,0.2,0.24,461.9458809
0.00076,0.0001,1e-05,0.3,0.24,473.1175043
0.00076,0.0001,1e-05,0.4,0.24,477.5594981
0.00076,0.0001,1e-05,0.5,0.24,479.4501683
0.00076,0.0001,1e-05,0.6,0.24,480.0606593
0.00076,0.0001,1e-05,0.7,0.24,480.1697181
0.00076,0.0001,1e-05,0.8,0.24,480.164759
0.00076,0.0001,1e-05,0.9,0.24,480.173757
0.00076,0.0001,1e-05,1.0,0.24,480.1780215
0.00077,8.27e-05,0.0,0.0,0.23,300.0039999
0.00077,8.27e-05,0.0,0.1,0.23,422.6568508
0.00077,8.27e-05,0.0,0.2,0.23,461.9533401
0.00077,8.27e-05,0.0,0.3,0.23,473.1254681
0.00077,8.27e-05,0.0,0.4,0.23,477.5676617
0.00077,8.27e-05,0.0,0.5,0.23,479.4584172
0.00077,8.27e-05,0.0,0.6,0.23,480.0689357
0.00077,8.27e-05,0.0,0.7,0.23,480.1779995
0.00077,8.27e-05,0.0,0.8,0.23,480.1730402
0.00077,8.27e-05,0.0,0.9,0.23,480.1820386
0.00077,8.27e-05,0.0,1.0,0.23,480.1863032
0.00077,8.27e-05,1e-05,0.0,0.23,300.0039999
0.00077,8.27e-05,1e-05,0.1,0.23,422.6568508
0.00077,8.27e-05,1e-05,0.2,0.23,461.9533401
0.00077,8.27e-05,1e-05,0.3,0.23,473.1254681
0.00077,8.27e-05,1e-05,0.4,0.23,477.5676617
0.00077,8.27e-05,1e-05,0.5,0.23,479.4584172
0.00077,8.27e-05,1e-05,0.6,0.23,480.0689357
0.00077,8.27e-05,1e-05,0.7,0.23,480.1779995
0.00077,8.27e-05,1e-05,0.8,0.23,480.1730402
0.00077,8.27e-05,1e-05,0.9,0.23,480.1820386
0.00077,8.27e-05,1e-05,1.0,0.23,480.1863032
0.00078,0.0001,0.0,0.0,0.22,300.0039998
0.00078,0.0001,0.0,0.1,0.22,422.644855
0.00078,0.0001,0.0,0.2,0.22,461.9374508
0.00078,0.0001,0.0,0.3,0.22,473.1084724
0.00078,0.0001,0.0,0.4,0.22,477.5502254
0.00078,0.0001,0.0,0.5,0.22,479.4407935
0.00078,0.0001,0.0,0.6,0.22,480.0512514
0.00078,0.0001,0.0,0.7,0.22,480.1603045
0.00078,0.0001,0.0,0.8,0.22,480.1553456
0.00078,0.0001,0.0,0.9,0.22,480.1643431
0.00078,0.0001,0.0,1.0,0.22,480.1686074
0.00078,6.69e-05,0.0,0.0,0.22,300.0039999
0.00078,6.69e-05,0.0,0.1,0.22,422.6584245
0.00078,6.69e-05,0.0,0.2,0.22,461.955369
0.00078,6.69e-05,0.0,0.3,0.22,473.1276269
0.00078,6.69e-05,0.0,0.4,0.22,477.5698715
0.00078,6.69e-05,0.0,0.5,0.22,479.4606488
0.00078,6.69e-05,0.0,0.6,0.22,480.0711743
0.00078,6.69e-05,0.0,0.7,0.22,480.1802395
0.00078,6.69e-05,0.0,0.8,0.22,480.17528
0.00078,6.69e-05,0.0,0.9,0.22,480.1842785
0.00078,6.69e-05,0.0,1.0,0.22,480.1885433
0.00078,6.69e-05,1e-05,0.0,0.22,300.0039999
0.00078,6.69e-05,1e-05,0.1,0.22,422.6584245
0.00078,6.69e-05,1e-05,0.2,0.22,461.955369
0.00078,6.69e-05,1e-05,0.3,0.22,473.1276269
0.00078,6.69e-05,1e-05,0.4,0.22,477.5698715
0.00078,6.69e-05,1e-05,0.5,0.22,479.4606488
0.00078,6.69e-05,1e-05,0.6,0.22,480.0711743
0.00078,6.69e-05,1e-05,0.7,0.22,480.1802395
0.00078,6.69e-05,1e-05,0.8,0.22,480.17528
0.00078,6.69e-05,1e-05,0.9,0.22,480.1842785
0.00078,6.69e-05,1e-05,1.0,0.22,480.1885433
0.0008,3.46e-05,0.0,0.0,0.2,300.0039999
0.0008,3.46e-05,0.0,0.1,0.2,422.6519367
0.0008,3.46e-05,0.0,0.2,0.2,461.9467028
0.0008,3.46e-05,0.0,0.3,0.2,473.1183425
0.0008,3.46e-05,0.0,0.4,0.2,477.5603397
0.0008,3.46e-05,0.0,0.5,0.2,479.4510122
0.0008,3.46e-05,0.0,0.6,0.2,480.0615037
0.0008,3.46e-05,0.0,0.7,0.2,480.170563
0.0008,3.46e-05,0.0,0.8,0.2,480.1656037
0.0008,3.46e-05,0.0,0.9,0.2,480.1746018
0.0008,3.46e-05,0.0,1.0,0.2,480.1788663
0.00081,1.73e-05,0.0,0.0,0.19,300.0039999
0.00081,1.73e-05,0.0,0.1,0.19,422.6432536
0.00081,1.73e-05,0.0,0.2,0.19,461.9351873
0.00081,1.73e-05,0.0,0.3,0.19,473.1060222
0.00081,1.73e-05,0.0,0.4,0.19,477.5476987
0.00081,1.73e-05,0.0,0.5,0.19,479.4382349
0.00081,1.73e-05,0.0,0.6,0.19,480.0486824
0.00081,1.73e-05,0.0,0.7,0.19,480.1577339
0.00081,1.73e-05,0.0,0.8,0.19,480.1527748
0.00081,1.73e-05,0.0,0.9,0.19,480.1617723
0.00081,1.73e-05,0.0,1.0,0.19,480.1660365
0.00081,1.73e-05,5e-06,0.0,0.19,300.0039999
0.00081,1.73e-05,5e-06,0.1,0.19,422.6447866
0.00081,1.73e-05,5e-06,0.2,0.19,461.9372115
0.00081,1.73e-05,5e-06,0.3,0.19,473.108186
0.00081,1.73e-05,5e-06,0.4,0.19,477.5499181
0.00081,1.73e-05,5e-06,0.5,0.19,479.4404778
0.00081,1.73e-05,5e-06,0.6,0.19,480.050933
0.00081,1.73e-05,5e-06,0.7,0.19,480.1599859
0.00081,1.73e-05,5e-06,0.8,0.19,480.1550267
0.00081,1.73e-05,5e-06,0.9,0.19,480.1640244
0.00081,1.73e-05,5e-06,1.0,0.19,480.1682886
0.00082,0.0,0.0,0.0,0.18,300.0039998
0.00082,0.0,0.0,0.1,0.18,422.6307673
0.00082,0.0,0.0,0.2,0.18,461.9186508
0.00082,0.0,0.0,0.3,0.18,473.0883347
0.00082,0.0,0.0,0.4,0.18,477.5295529
0.00082,0.0,0.0,0.5,0.18,479.4198941
0.00082,0.0,0.0,0.6,0.18,480.0302787
0.00082,0.0,0.0,0.7,0.18,480.139319
0.00082,0.0,0.0,0.8,0.18,480.1343604
0.00082,0.0,0.0,0.9,0.18,480.143357
0.00082,0.0,0.0,1.0,0.18,480.1476208
0.00082,0.0,1e-05,0.0,0.18,300.0039998
0.00082,0.0,1e-05,0.1,0.18,422.6307673
0.00082,0.0,1e-05,0.2,0.18,461.9186508
0.00082,0.0,1e-05,0.3,0.18,473.0883347
0.00082,0.0,1e-05,0.4,0.18,477.5295529
0.00082,0.0,1e-05,0.5,0.18,479.4198941
0.00082,0.0,1e-05,0.6,0.18,480.0302787
0.00082,0.0,1e-05,0.7,0.18,480.139319
0.00082,0.0,1e-05,0.8,0.18,480.1343604
0.00082,0.0,1e-05,0.9,0.18,480.1433571
0.00082,0.0,1e-05,1.0,0.18,480.1476208
0.00081,1.73e-05,1e-05,0.0,0.19,300.0039999
0.00081,1.73e-05,1e-05,0.1,0.19,422.6432536
0.00081,1.73e-05,1e-05,0.2,0.19,461.9351873
0.00081,1.73e-05,1e-05,0.3,0.19,473.1060222
0.00081,1.73e-05,1e-05,0.4,0.19,477.5476987
0.00081,1.73e-05,1e-05,0.5,0.19,479.4382349
0.00081,1.73e-05,1e-05,0.6,0.19,480.0486824
0.00081,1.73e-05,1e-05,0.7,0.19,480.1577339
0.00081,1.73e-05,1e-05,0.8,0.19,480.1527748
0.00081,1.73e-05,1e-05,0.9,0.19,480.1617724
0.00081,1.73e-05,1e-05,1.0,0.19,480.1660365
0.0008,3.46e-05,1e-05,0.0,0.2,300.0039999
0.0008,3.46e-05,1e-05,0.1,0.2,422.6519367
0.0008,3.46e-05,1e-05,0.2,0.2,461.9467028
0.0008,3.46e-05,1e-05,0.3,0.2,473.1183425
0.0008,3.46e-05,1e-05,0.4,0.2,477.5603397
0.0008,3.46e-05,1e-05,0.5,0.2,479.4510122
0.0008,3.46e-05,1e-05,0.6,0.2,480.0615037
0.0008,3.46e-05,1e-05,0.7,0.2,480.170563
0.0008,3.46e-05,1e-05,0.8,0.2,480.1656037
0.0008,3.46e-05,1e-05,0.9,0.2,480.1746018
0.0008,3.46e-05,1e-05,1.0,0.2,480.1788663
0.00079,5.1e-05,0.0,0.0,0.21,300.0039999
0.00079,5.1e-05,0.0,0.1,0.21,422.6568365
0.00079,5.1e-05,0.0,0.2,0.21,461.9532226
0.00079,5.1e-05,0.0,0.3,0.21,473.1253222
0.00079,5.1e-05,0.0,0.4,0.21,477.5675032
0.00079,5.1e-05,0.0,0.5,0.21,479.4582536
0.00079,5.1e-05,0.0,0.6,0.21,480.0687704
0.00079,5.1e-05,0.0,0.7,0.21,480.1778341
0.00079,5.1e-05,0.0,0.8,0.21,480.1728746
0.00079,5.1e-05,0.0,0.9,0.21,480.1818731
0.00079,5.1e-05,0.0,1.0,0.21,480.1861377
0.00079,5.1e-05,1e-05,0.0,0.21,300.0039999
0.00079,5.1e-05,1e-05,0.1,0.21,422.6568365
0.00079,5.1e-05,1e-05,0.2,0.21,461.9532226
0.00079,5.1e-05,1e-05,0.3,0.21,473.1253223
0.00079,5.1e-05,1e-05,0.4,0.21,477.5675032
0.00079,5.1e-05,1e-05,0.5,0.21,479.4582536
0.00079,5.1e-05,1e-05,0.6,0.21,480.0687704
0.00079,5.1e-05,1e-05,0.7,0.21,480.1778341
0.00079,5.1e-05,1e-05,0.8,0.21,480.1728746
0.00079,5.1e-05,1e-05,0.9,0.21,480.1818731
0.00079,5.1e-05,1e-05,1.0,0.21,480.1861377
0.00078,0.0001,1e-05,0.0,0.22,300.0039998
0.00078,0.0001,1e-05,0.1,0.22,422.644855
0.00078,0.0001,1e-05,0.2,0.22,461.9374508
0.00078,0.0001,1e-05,0.3,0.22,473.1084724
0.00078,0.0001,1e-05,0.4,0.22,477.5502254
0.00078,0.0001,1e-05,0.5,0.22,479.4407935
0.00078,0.0001,1e-05,0.6,0.22,480.0512514
0.00078,0.0001,1e-05,0.7,0.22,480.1603045
0.00078,0.0001,1e-05,0.8,0.22,480.1553456
0.00078,0.0001,1e-05,0.9,0.22,480.1643431
0.00078,0.0001,1e-05,1.0,0.22,480.1686074
0.00079,8.27e-05,0.0,0.0,0.21,300.0039999
0.00079,8.27e-05,0.0,0.1,0.21,422.6502974
0.00079,8.27e-05,0.0,0.2,0.21,461.9445874
0.00079,8.27e-05,0.0,0.3,0.21,473.1160911
0.00079,8.27e-05,0.0,0.4,0.21,477.5580351
0.00079,8.27e-05,0.0,0.5,0.21,479.4486847
0.00079,8.27e-05,0.0,0.6,0.21,480.0591689
0.00079,8.27e-05,0.0,0.7,0.21,480.1682268
0.00079,8.27e-05,0.0,0.8,0.21,480.1632676
0.00079,8.27e-05,0.0,0.9,0.21,480.1722656
0.00079,8.27e-05,0.0,1.0,0.21,480.17653
0.00079,8.27e-05,1e-05,0.0,0.21,300.0039999
0.00079,8.27e-05,1e-05,0.1,0.21,422.6502974
0.00079,8.27e-05,1e-05,0.2,0.21,461.9445874
0.00079,8.27e-05,1e-05,0.3,0.21,473.1160911
0.00079,8.27e-05,1e-05,0.4,0.21,477.5580351
0.00079,8.27e-05,1e-05,0.5,0.21,479.4486847
0.00079,8.27e-05,1e-05,0.6,0.21,480.0591689
0.00079,8.27e-05,1e-05,0.7,0.21,480.1682268
0.00079,8.27e-05,1e-05,0.8,0.21,480.1632676
0.00079,8.27e-05,1e-05,0.9,0.21,480.1722656
0.00079,8.27e-05,1e-05,1.0,0.21,480.17653
0.0008,0.0001,0.0,0.0,0.2,300.0039998
0.0008,0.0001,0.0,0.1,0.2,422.6380575
0.0008,0.0001,0.0,0.2,0.2,461.9283756
0.0008,0.0001,0.0,0.3,0.2,473.0987507
0.0008,0.0001,0.0,0.4,0.2,477.5402452
0.0008,0.0001,0.0,0.5,0.2,479.4307036
0.0008,0.0001,0.0,0.6,0.2,480.041126
0.0008,0.0001,0.0,0.7,0.2,480.150173
0.0008,0.0001,0.0,0.8,0.2,480.1452142
0.0008,0.0001,0.0,0.9,0.2,480.1542113
0.0008,0.0001,0.0,1.0,0.2,480.1584753
0.0008,6.69e-05,0.0,0.0,0.200000002,300.0039999
0.0008,6.69e-05,0.0,0.1,0.200000002,422.6516262
0.0008,6.69e-05,0.0,0.2,0.200000002,461.9462928
0.0008,6.69e-05,0.0,0.3,0.200000002,473.1179041
0.0008,6.69e-05,0.0,0.4,0.200000002,477.5598901
0.0008,6.69e-05,0.0,0.5,0.200000002,479.4505578
0.0008,6.69e-05,0.0,0.6,0.200000002,480.0610478
0.0008,6.69e-05,0.0,0.7,0.200000002,480.1701068
0.0008,6.69e-05,0.0,0.8,0.200000002,480.1651475
0.0008,6.69e-05,0.0,0.9,0.200000002,480.1741456
0.0008,6.69e-05,0.0,1.0,0.200000002,480.1784101
0.0008,6.69e-05,1e-05,0.0,0.200000002,300.0039999
0.0008,6.69e-05,1e-05,0.1,0.200000002,422.6516262
0.0008,6.69e-05,1e-05,0.2,0.200000002,461.9462928
0.0008,6.69e-05,1e-05,0.3,0.200000002,473.1179041
0.0008,6.69e-05,1e-05,0.4,0.200000002,477.5598901
0.0008,6.69e-05,1e-05,0.5,0.200000002,479.4505578
0.0008,6.69e-05,1e-05,0.6,0.200000002,480.0610478
0.0008,6.69e-05,1e-05,0.7,0.200000002,480.1701068
0.0008,6.69e-05,1e-05,0.8,0.200000002,480.1651475
0.0008,6.69e-05,1e-05,0.9,0.200000002,480.1741456
0.0008,6.69e-05,1e-05,1.0,0.200000002,480.1784101
0.00083,1.73e-05,0.0,0.0,0.17,300.0039999
0.00083,1.73e-05,0.0,0.1,0.17,422.6357149
0.00083,1.73e-05,0.0,0.2,0.17,461.9251352
0.00083,1.73e-05,0.0,0.3,0.17,473.0952565
0.00083,1.73e-05,0.0,0.4,0.17,477.536648
0.00083,1.73e-05,0.0,0.5,0.17,479.4270631
0.00083,1.73e-05,0.0,0.6,0.17,480.0374714
0.00083,1.73e-05,0.0,0.7,0.17,480.1465162
0.00083,1.73e-05,0.0,0.8,0.17,480.1415573
0.00083,1.73e-05,0.0,0.9,0.17,480.1505543
0.00083,1.73e-05,0.0,1.0,0.17,480.1548182
0.00084,0.0,0.0,0.0,0.16,300.0039998
0.00084,0.0,0.0,0.1,0.16,422.6229798
0.00084,0.0,0.0,0.2,0.16,461.9082716
0.00084,0.0,0.0,0.3,0.16,473.0772197
0.00084,0.0,0.0,0.4,0.16,477.5181439
0.00084,0.0,0.0,0.5,0.16,479.4083604
0.00084,0.0,0.0,0.6,0.16,480.0187045
0.00084,0.0,0.0,0.7,0.16,480.1277379
0.00084,0.0,0.0,0.8,0.16,480.1227794
0.00084,0.0,0.0,0.9,0.16,480.1317756
0.00084,0.0,0.0,1.0,0.16,480.136039
0.00084,0.0,1e-05,0.0,0.16,300.0039998
0.00084,0.0,1e-05,0.1,0.16,422.6229798
0.00084,0.0,1e-05,0.2,0.16,461.9082716
0.00084,0.0,1e-05,0.3,0.16,473.0772197
0.00084,0.0,1e-05,0.4,0.16,477.5181439
0.00084,0.0,1e-05,0.5,0.16,479.4083603
0.00084,0.0,1e-05,0.6,0.16,480.0187045
0.00084,0.0,1e-05,0.7,0.16,480.1277379
0.00084,0.0,1e-05,0.8,0.16,480.1227794
0.00084,0.0,1e-05,0.9,0.16,480.1317756
0.00084,0.0,1e-05,1.0,0.16,480.136039
0.00083,1.73e-05,1e-05,0.0,0.17,300.0039999
0.00083,1.73e-05,1e-05,0.1,0.17,422.6357148
0.00083,1.73e-05,1e-05,0.2,0.17,461.9251352
0.00083,1.73e-05,1e-05,0.3,0.17,473.0952565
0.00083,1.73e-05,1e-05,0.4,0.17,477.536648
0.00083,1.73e-05,1e-05,0.5,0.17,479.4270631
0.00083,1.73e-05,1e-05,0.6,0.17,480.0374714
0.00083,1.73e-05,1e-05,0.7,0.17,480.1465161
0.00083,1.73e-05,1e-05,0.8,0.17,480.1415572
0.00083,1.73e-05,1e-05,0.9,0.17,480.1505543
0.00083,1.73e-05,1e-05,1.0,0.17,480.1548182
0.00082,3.46e-05,0.0,0.0,0.18,300.0039999
0.00082,3.46e-05,0.0,0.1,0.18,422.6446457
0.00082,3.46e-05,0.0,0.2,0.18,461.9369769
0.00082,3.46e-05,0.0,0.3,0.18,473.1079253
0.00082,3.46e-05,0.0,0.4,0.18,477.5496463
0.00082,3.46e-05,0.0,0.5,0.18,479.4402015
0.00082,3.46e-05,0.0,0.6,0.18,480.0506551
0.00082,3.46e-05,0.0,0.7,0.18,480.1597079
0.00082,3.46e-05,0.0,0.8,0.18,480.1547487
0.00082,3.46e-05,0.0,0.9,0.18,480.1637463
0.00082,3.46e-05,0.0,1.0,0.18,480.1680106
0.00081,5.1e-05,0.0,0.0,0.190000002,300.0039999
0.00081,5.1e-05,0.0,0.1,0.190000002,422.6497923
0.00081,5.1e-05,0.0,0.2,0.190000002,461.943822
0.00081,5.1e-05,0.0,0.3,0.190000002,473.1152527
0.00081,5.1e-05,0.0,0.4,0.190000002,477.5571662
0.00081,5.1e-05,0.0,0.5,0.190000002,479.4478032
0.00081,5.1e-05,0.0,0.6,0.190000002,480.0582833
0.00081,5.1e-05,0.0,0.7,0.190000002,480.1673406
0.00081,5.1e-05,0.0,0.8,0.190000002,480.1623813
0.00081,5.1e-05,0.0,0.9,0.190000002,480.1713793
0.00081,5.1e-05,0.0,1.0,0.190000002,480.1756437
0.00082,3.46e-05,1e-05,0.0,0.18,300.0039999
0.00082,3.46e-05,1e-05,0.1,0.18,422.6446457
0.00082,3.46e-05,1e-05,0.2,0.18,461.9369769
0.00082,3.46e-05,1e-05,0.3,0.18,473.1079253
0.00082,3.46e-05,1e-05,0.4,0.18,477.5496463
0.00082,3.46e-05,1e-05,0.5,0.18,479.4402015
0.00082,3.46e-05,1e-05,0.6,0.18,480.0506551
0.00082,3.46e-05,1e-05,0.7,0.18,480.1597079
0.00082,3.46e-05,1e-05,0.8,0.18,480.1547487
0.00082,3.46e-05,1e-05,0.9,0.18,480.1637463
0.00082,3.46e-05,1e-05,1.0,0.18,480.1680105
0.00081,5.1e-05,1e-05,0.0,0.190000002,300.0039999
0.00081,5.1e-05,1e-05,0.1,0.190000002,422.6497923
0.00081,5.1e-05,1e-05,0.2,0.190000002,461.943822
0.00081,5.1e-05,1e-05,0.3,0.190000002,473.1152527
0.00081,5.1e-05,1e-05,0.4,0.190000002,477.5571662
0.00081,5.1e-05,1e-05,0.5,0.190000002,479.4478032
0.00081,5.1e-05,1e-05,0.6,0.190000002,480.0582833
0.00081,5.1e-05,1e-05,0.7,0.190000002,480.1673406
0.00081,5.1e-05,1e-05,0.8,0.190000002,480.1623813
0.00081,5.1e-05,1e-05,0.9,0.190000002,480.1713793
0.00081,5.1e-05,1e-05,1.0,0.190000002,480.1756437
0.0008,0.0001,1e-05,0.0,0.2,300.0039998
0.0008,0.0001,1e-05,0.1,0.2,422.6380575
0.0008,0.0001,1e-05,0.2,0.2,461.9283756
0.0008,0.0001,1e-05,0.3,0.2,473.0987507
0.0008,0.0001,1e-05,0.4,0.2,477.5402451
0.0008,0.0001,1e-05,0.5,0.2,479.4307036
0.0008,0.0001,1e-05,0.6,0.2,480.041126
0.0008,0.0001,1e-05,0.7,0.2,480.150173
0.0008,0.0001,1e-05,0.8,0.2,480.1452142
0.0008,0.0001,1e-05,0.9,0.2,480.1542113
0.0008,0.0001,1e-05,1.0,0.2,480.1584753
0.00081,8.27e-05,0.0,0.0,0.19,300.0039999
0.00081,8.27e-05,0.0,0.1,0.19,422.6432536
0.00081,8.27e-05,0.0,0.2,0.19,461.9351873
0.00081,8.27e-05,0.0,0.3,0.19,473.1060222
0.00081,8.27e-05,0.0,0.4,0.19,477.5476987
0.00081,8.27e-05,0.0,0.5,0.19,479.4382349
0.00081,8.27e-05,0.0,0.6,0.19,480.0486824
0.00081,8.27e-05,0.0,0.7,0.19,480.1577339
0.00081,8.27e-05,0.0,0.8,0.19,480.1527748
0.00081,8.27e-05,0.0,0.9,0.19,480.1617723
0.00081,8.27e-05,0.0,1.0,0.19,480.1660365
0.00081,8.27e-05,1e-05,0.0,0.19,300.0039999
0.00081,8.27e-05,1e-05,0.1,0.19,422.6432536
0.00081,8.27e-05,1e-05,0.2,0.19,461.9351873
0.00081,8.27e-05,1e-05,0.3,0.19,473.1060222
0.00081,8.27e-05,1e-05,0.4,0.19,477.5476987
0.00081,8.27e-05,1e-05,0.5,0.19,479.4382349
0.00081,8.27e-05,1e-05,0.6,0.19,480.0486824
0.00081,8.27e-05,1e-05,0.7,0.19,480.1577339
0.00081,8.27e-05,1e-05,0.8,0.19,480.1527748
0.00081,8.27e-05,1e-05,0.9,0.19,480.1617724
0.00081,8.27e-05,1e-05,1.0,0.19,480.1660365
0.00082,0.0001,0.0,0.0,0.18,300.0039998
0.00082,0.0001,0.0,0.1,0.18,422.6307673
0.00082,0.0001,0.0,0.2,0.18,461.9186508
0.00082,0.0001,0.0,0.3,0.18,473.0883347
0.00082,0.0001,0.0,0.4,0.18,477.5295529
0.00082,0.0001,0.0,0.5,0.18,479.4198941
0.00082,0.0001,0.0,0.6,0.18,480.0302787
0.00082,0.0001,0.0,0.7,0.18,480.139319
0.00082,0.0001,0.0,0.8,0.18,480.1343604
0.00082,0.0001,0.0,0.9,0.18,480.1433571
0.00082,0.0001,0.0,1.0,0.18,480.1476208
0.00082,6.69e-05,0.0,0.0,0.18000001,300.0039999
0.00082,6.69e-05,0.0,0.1,0.18000001,422.6443353
0.00082,6.69e-05,0.0,0.2,0.18000001,461.9365669
0.00082,6.69e-05,0.0,0.3,0.18000001,473.107487
0.00082,6.69e-05,0.0,0.4,0.18000001,477.5491967
0.00082,6.69e-05,0.0,0.5,0.18000001,479.4397472
0.00082,6.69e-05,0.0,0.6,0.18000001,480.0501992
0.00082,6.69e-05,0.0,0.7,0.18000001,480.1592517
0.00082,6.69e-05,0.0,0.8,0.18000001,480.1542925
0.00082,6.69e-05,0.0,0.9,0.18000001,480.1632901
0.00082,6.69e-05,0.0,1.0,0.18000001,480.1675544
0.00082,6.69e-05,1e-05,0.0,0.18000001,300.0039999
0.00082,6.69e-05,1e-05,0.1,0.18000001,422.6443353
0.00082,6.69e-05,1e-05,0.2,0.18000001,461.9365669
0.00082,6.69e-05,1e-05,0.3,0.18000001,473.107487
0.00082,6.69e-05,1e-05,0.4,0.18000001,477.5491967
0.00082,6.69e-05,1e-05,0.5,0.18000001,479.4397472
0.00082,6.69e-05,1e-05,0.6,0.18000001,480.0501992
0.00082,6.69e-05,1e-05,0.7,0.18000001,480.1592517
0.00082,6.69e-05,1e-05,0.8,0.18000001,480.1542925
0.00082,6.69e-05,1e-05,0.9,0.18000001,480.1632901
0.00082,6.69e-05,1e-05,1.0,0.18000001,480.1675544
0.00085,1.73e-05,0.0,0.0,0.15,300.0039999
0.00085,1.73e-05,0.0,0.1,0.15,422.6276762
0.00085,1.73e-05,0.0,0.2,0.15,461.9144261
0.00085,1.73e-05,0.0,0.3,0.15,473.0837892
0.00085,1.73e-05,0.0,0.4,0.15,477.5248778
0.00085,1.73e-05,0.0,0.5,0.15,479.4151644
0.00085,1.73e-05,0.0,0.6,0.15,480.0255312
0.00085,1.73e-05,0.0,0.7,0.15,480.1345686
0.00085,1.73e-05,0.0,0.8,0.15,480.1296099
0.00085,1.73e-05,0.0,0.9,0.15,480.1386064
0.00085,1.73e-05,0.0,1.0,0.15,480.1428701
0.00085,1.73e-05,5e-06,0.0,0.15,300.0039999
0.00085,1.73e-05,5e-06,0.1,0.15,422.629209
0.00085,1.73e-05,5e-06,0.2,0.15,461.9164501
0.00085,1.73e-05,5e-06,0.3,0.15,473.0859528
0.00085,1.73e-05,5e-06,0.4,0.15,477.5270969
0.00085,1.73e-05,5e-06,0.5,0.15,479.4174071
0.00085,1.73e-05,5e-06,0.6,0.15,480.0277815
0.00085,1.73e-05,5e-06,0.7,0.15,480.1368203
0.00085,1.73e-05,5e-06,0.8,0.15,480.1318616
0.00085,1.73e-05,5e-06,0.9,0.15,480.1408582
0.00085,1.73e-05,5e-06,1.0,0.15,480.1451219
0.00086,0.0,0.0,0.0,0.14,300.0039998
0.00086,0.0,0.0,0.1,0.14,422.6146899
0.00086,0.0,0.0,0.2,0.14,461.897233
0.00086,0.0,0.0,0.3,0.14,473.0654005
0.00086,0.0,0.0,0.4,0.14,477.5060131
0.00086,0.0,0.0,0.5,0.14,479.3960972
0.00086,0.0,0.0,0.6,0.14,480.0063986
0.00086,0.0,0.0,0.7,0.14,480.1154244
0.00086,0.0,0.0,0.8,0.14,480.1104662
0.00086,0.0,0.0,0.9,0.14,480.1194618
0.00086,0.0,0.0,1.0,0.14,480.1237249
0.00086,0.0,1e-05,0.0,0.14,300.0039998
0.00086,0.0,1e-05,0.1,0.14,422.6146898
0.00086,0.0,1e-05,0.2,0.14,461.8972329
0.00086,0.0,1e-05,0.3,0.14,473.0654004
0.00086,0.0,1e-05,0.4,0.14,477.5060131
0.00086,0.0,1e-05,0.5,0.14,479.3960972
0.00086,0.0,1e-05,0.6,0.14,480.0063985
0.00086,0.0,1e-05,0.7,0.14,480.1154244
0.00086,0.0,1e-05,0.8,0.14,480.1104662
0.00086,0.0,1e-05,0.9,0.14,480.1194618
0.00086,0.0,1e-05,1.0,0.14,480.1237249
0.00085,1.73e-05,1e-05,0.0,0.15,300.0039999
0.00085,1.73e-05,1e-05,0.1,0.15,422.6276762
0.00085,1.73e-05,1e-05,0.2,0.15,461.9144261
0.00085,1.73e-05,1e-05,0.3,0.15,473.0837892
0.00085,1.73e-05,1e-05,0.4,0.15,477.5248778
0.00085,1.73e-05,1e-05,0.5,0.15,479.4151644
0.00085,1.73e-05,1e-05,0.6,0.15,480.0255312
0.00085,1.73e-05,1e-05,0.7,0.15,480.1345686
0.00085,1.73e-05,1e-05,0.8,0.15,480.1296099
0.00085,1.73e-05,1e-05,0.9,0.15,480.1386064
0.00085,1.73e-05,1e-05,1.0,0.15,480.1428701
0.00084,3.46e-05,0.0,0.0,0.16,300.0039999
0.00084,3.46e-05,0.0,0.1,0.16,422.6368574
0.00084,3.46e-05,0.0,0.2,0.16,461.9265966
0.00084,3.46e-05,0.0,0.3,0.16,473.096809
0.00084,3.46e-05,0.0,0.4,0.16,477.538236
0.00084,3.46e-05,0.0,0.5,0.16,479.4286664
0.00084,3.46e-05,0.0,0.6,0.16,480.0390797
0.00084,3.46e-05,0.0,0.7,0.16,480.1481254
0.00084,3.46e-05,0.0,0.8,0.16,480.1431664
0.00084,3.46e-05,0.0,0.9,0.16,480.1521635
0.00084,3.46e-05,0.0,1.0,0.16,480.1564275
0.00084,3.46e-05,1e-05,0.0,0.16,300.0039999
0.00084,3.46e-05,1e-05,0.1,0.16,422.6368574
0.00084,3.46e-05,1e-05,0.2,0.16,461.9265966
0.00084,3.46e-05,1e-05,0.3,0.16,473.096809
0.00084,3.46e-05,1e-05,0.4,0.16,477.538236
0.00084,3.46e-05,1e-05,0.5,0.16,479.4286664
0.00084,3.46e-05,1e-05,0.6,0.16,480.0390797
0.00084,3.46e-05,1e-05,0.7,0.16,480.1481254
0.00084,3.46e-05,1e-05,0.8,0.16,480.1431664
0.00084,3.46e-05,1e-05,0.9,0.16,480.1521635
0.00084,3.46e-05,1e-05,1.0,0.16,480.1564275
0.00083,5.1e-05,0.0,0.0,0.170000013,300.0039999
0.00083,5.1e-05,0.0,0.1,0.170000013,422.6422532
0.00083,5.1e-05,0.0,0.2,0.170000013,461.9337693
0.00083,5.1e-05,0.0,0.3,0.170000013,473.1044865
0.00083,5.1e-05,0.0,0.4,0.170000013,477.5461149
0.00083,5.1e-05,0.0,0.5,0.170000013,479.4366308
0.00083,5.1e-05,0.0,0.6,0.170000013,480.0470717
0.00083,5.1e-05,0.0,0.7,0.170000013,480.1561223
0.00083,5.1e-05,0.0,0.8,0.170000013,480.1511631
0.00083,5.1e-05,0.0,0.9,0.170000013,480.1601606
0.00083,5.1e-05,0.0,1.0,0.170000013,480.1644248
0.00083,5.1e-05,1e-05,0.0,0.170000013,300.0039999
0.00083,5.1e-05,1e-05,0.1,0.170000013,422.6422532
0.00083,5.1e-05,1e-05,0.2,0.170000013,461.9337693
0.00083,5.1e-05,1e-05,0.3,0.170000013,473.1044865
0.00083,5.1e-05,1e-05,0.4,0.170000013,477.5461149
0.00083,5.1e-05,1e-05,0.5,0.170000013,479.4366308
0.00083,5.1e-05,1e-05,0.6,0.170000013,480.0470718
0.00083,5.1e-05,1e-05,0.7,0.170000013,480.1561223
0.00083,5.1e-05,1e-05,0.8,0.170000013,480.1511631
0.00083,5.1e-05,1e-05,0.9,0.170000013,480.1601606
0.00083,5.1e-05,1e-05,1.0,0.170000013,480.1644248
0.00082,0.0001,1e-05,0.0,0.18,300.0039998
0.00082,0.0001,1e-05,0.1,0.18,422.6307673
0.00082,0.0001,1e-05,0.2,0.18,461.9186508
0.00082,0.0001,1e-05,0.3,0.18,473.0883347
0.00082,0.0001,1e-05,0.4,0.18,477.5295529
0.00082,0.0001,1e-05,0.5,0.18,479.4198941
0.00082,0.0001,1e-05,0.6,0.18,480.0302787
0.00082,0.0001,1e-05,0.7,0.18,480.139319
0.00082,0.0001,1e-05,0.8,0.18,480.1343604
0.00082,0.0001,1e-05,0.9,0.18,480.143357
0.00082,0.0001,1e-05,1.0,0.18,480.1476208
0.00083,8.27e-05,0.0,0.0,0.17,300.0039999
0.00083,8.27e-05,0.0,0.1,0.17,422.6357149
0.00083,8.27e-05,0.0,0.2,0.17,461.9251352
0.00083,8.27e-05,0.0,0.3,0.17,473.0952565
0.00083,8.27e-05,0.0,0.4,0.17,477.536648
0.00083,8.27e-05,0.0,0.5,0.17,479.4270631
0.00083,8.27e-05,0.0,0.6,0.17,480.0374714
0.00083,8.27e-05,0.0,0.7,0.17,480.1465162
0.00083,8.27e-05,0.0,0.8,0.17,480.1415573
0.00083,8.27e-05,0.0,0.9,0.17,480.1505543
0.00083,8.27e-05,0.0,1.0,0.17,480.1548182
0.00083,8.27e-05,1e-05,0.0,0.17,300.0039999
0.00083,8.27e-05,1e-05,0.1,0.17,422.6357148
0.00083,8.27e-05,1e-05,0.2,0.17,461.9251352
0.00083,8.27e-05,1e-05,0.3,0.17,473.0952565
0.00083,8.27e-05,1e-05,0.4,0.17,477.536648
0.00083,8.27e-05,1e-05,0.5,0.17,479.4270631
0.00083,8.27e-05,1e-05,0.6,0.17,480.0374714
0.00083,8.27e-05,1e-05,0.7,0.17,480.1465162
0.00083,8.27e-05,1e-05,0.8,0.17,480.1415573
0.00083,8.27e-05,1e-05,0.9,0.17,480.1505543
0.00083,8.27e-05,1e-05,1.0,0.17,480.1548182
0.00084,0.0001,0.0,0.0,0.16,300.0039998
0.00084,0.0001,0.0,0.1,0.16,422.6229798
0.00084,0.0001,0.0,0.2,0.16,461.9082716
0.00084,0.0001,0.0,0.3,0.16,473.0772197
0.00084,0.0001,0.0,0.4,0.16,477.5181439
0.00084,0.0001,0.0,0.5,0.16,479.4083603
0.00084,0.0001,0.0,0.6,0.16,480.0187045
0.00084,0.0001,0.0,0.7,0.16,480.1277379
0.00084,0.0001,0.0,0.8,0.16,480.1227794
0.00084,0.0001,0.0,0.9,0.16,480.1317756
0.00084,0.0001,0.0,1.0,0.16,480.136039
0.00084,6.69e-05,0.0,0.0,0.160000063,300.0039999
0.00084,6.69e-05,0.0,0.1,0.160000063,422.6365469
0.00084,6.69e-05,0.0,0.2,0.160000063,461.9261866
0.00084,6.69e-05,0.0,0.3,0.160000063,473.0963708
0.00084,6.69e-05,0.0,0.4,0.160000063,477.5377865
0.00084,6.69e-05,0.0,0.5,0.160000063,479.4282121
0.00084,6.69e-05,0.0,0.6,0.160000063,480.0386239
0.00084,6.69e-05,0.0,0.7,0.160000063,480.1476693
0.00084,6.69e-05,0.0,0.8,0.160000063,480.1427103
0.00084,6.69e-05,0.0,0.9,0.160000063,480.1517074
0.00084,6.69e-05,0.0,1.0,0.160000063,480.1559713
0.00084,6.69e-05,1e-05,0.0,0.160000063,300.0039999
0.00084,6.69e-05,1e-05,0.1,0.160000063,422.6365469
0.00084,6.69e-05,1e-05,0.2,0.160000063,461.9261866
0.00084,6.69e-05,1e-05,0.3,0.160000063,473.0963708
0.00084,6.69e-05,1e-05,0.4,0.160000063,477.5377865
0.00084,6.69e-05,1e-05,0.5,0.160000063,479.4282121
0.00084,6.69e-05,1e-05,0.6,0.160000063,480.0386239
0.00084,6.69e-05,1e-05,0.7,0.160000063,480.1476693
0.00084,6.69e-05,1e-05,0.8,0.160000063,480.1427103
0.00084,6.69e-05,1e-05,0.9,0.160000063,480.1517074
0.00084,6.69e-05,1e-05,1.0,0.160000063,480.1559713
0.00087,1.73e-05,0.0,0.0,0.13,300.0039999
0.00087,1.73e-05,0.0,0.1,0.13,422.6191324
0.00087,1.73e-05,0.0,0.2,0.13,461.9030549
0.00087,1.73e-05,0.0,0.3,0.13,473.071615
0.00087,1.73e-05,0.0,0.4,0.13,477.5123831
0.00087,1.73e-05,0.0,0.5,0.13,479.4025335
0.00087,1.73e-05,0.0,0.6,0.13,480.0128563
0.00087,1.73e-05,0.0,0.7,0.13,480.1218861
0.00087,1.73e-05,0.0,0.8,0.13,480.1169276
0.00087,1.73e-05,0.0,0.9,0.13,480.1259236
0.00087,1.73e-05,0.0,1.0,0.13,480.1301869
0.00086,3.46e-05,0.0,0.0,0.14,300.0039999
0.00086,3.46e-05,0.0,0.1,0.14,422.6285665
0.00086,3.46e-05,0.0,0.2,0.14,461.9155566
0.00086,3.46e-05,0.0,0.3,0.14,473.0849884
0.00086,3.46e-05,0.0,0.4,0.14,477.5261038
0.00086,3.46e-05,0.0,0.5,0.14,479.4164018
0.00086,3.46e-05,0.0,0.6,0.14,480.0267723
0.00086,3.46e-05,0.0,0.7,0.14,480.1358105
0.00086,3.46e-05,0.0,0.8,0.14,480.1308517
0.00086,3.46e-05,0.0,0.9,0.14,480.1398483
0.00086,3.46e-05,0.0,1.0,0.14,480.144112
0.00088,0.0,0.0,0.0,0.12,300.0039998
0.00088,0.0,0.0,0.1,0.12,422.6058919
0.00088,0.0,0.0,0.2,0.12,461.8855293
0.00088,0.0,0.0,0.3,0.12,473.0528716
0.00088,0.0,0.0,0.4,0.12,477.4931549
0.00088,0.0,0.0,0.5,0.12,479.3830991
0.00088,0.0,0.0,0.6,0.12,479.9933553
0.00088,0.0,0.0,0.7,0.12,480.1023732
0.00088,0.0,0.0,0.8,0.12,480.0974152
0.00088,0.0,0.0,0.9,0.12,480.1064102
0.00088,0.0,0.0,1.0,0.12,480.1106731
0.00088,0.0,1e-05,0.0,0.12,300.0039998
0.00088,0.0,1e-05,0.1,0.12,422.605892
0.00088,0.0,1e-05,0.2,0.12,461.8855294
0.00088,0.0,1e-05,0.3,0.12,473.0528716
0.00088,0.0,1e-05,0.4,0.12,477.4931549
0.00088,0.0,1e-05,0.5,0.12,479.3830991
0.00088,0.0,1e-05,0.6,0.12,479.9933553
0.00088,0.0,1e-05,0.7,0.12,480.1023733
0.00088,0.0,1e-05,0.8,0.12,480.0974153
0.00088,0.0,1e-05,0.9,0.12,480.1064103
0.00088,0.0,1e-05,1.0,0.12,480.1106731
0.00087,1.73e-05,1e-05,0.0,0.13,300.0039999
0.00087,1.73e-05,1e-05,0.1,0.13,422.6191324
0.00087,1.73e-05,1e-05,0.2,0.13,461.9030549
0.00087,1.73e-05,1e-05,0.3,0.13,473.071615
0.00087,1.73e-05,1e-05,0.4,0.13,477.5123832
0.00087,1.73e-05,1e-05,0.5,0.13,479.4025336
0.00087,1.73e-05,1e-05,0.6,0.13,480.0128563
0.00087,1.73e-05,1e-05,0.7,0.13,480.1218861
0.00087,1.73e-05,1e-05,0.8,0.13,480.1169277
0.00087,1.73e-05,1e-05,0.9,0.13,480.1259236
0.00087,1.73e-05,1e-05,1.0,0.13,480.1301869
0.00086,3.46e-05,1e-05,0.0,0.14,300.0039999
0.00086,3.46e-05,1e-05,0.1,0.14,422.6285664
0.00086,3.46e-05,1e-05,0.2,0.14,461.9155566
0.00086,3.46e-05,1e-05,0.3,0.14,473.0849884
0.00086,3.46e-05,1e-05,0.4,0.14,477.5261038
0.00086,3.46e-05,1e-05,0.5,0.14,479.4164018
0.00086,3.46e-05,1e-05,0.6,0.14,480.0267723
0.00086,3.46e-05,1e-05,0.7,0.14,480.1358105
0.00086,3.46e-05,1e-05,0.8,0.14,480.1308517
0.00086,3.46e-05,1e-05,0.9,0.14,480.1398483
0.00086,3.46e-05,1e-05,1.0,0.14,480.144112
0.00085,5.1e-05,0.0,0.0,0.150000075,300.0039999
0.00085,5.1e-05,0.0,0.1,0.150000075,422.6342141
0.00085,5.1e-05,0.0,0.2,0.150000075,461.9230598
0.00085,5.1e-05,0.0,0.3,0.150000075,473.0930186
0.00085,5.1e-05,0.0,0.4,0.150000075,477.5343442
0.00085,5.1e-05,0.0,0.5,0.150000075,479.4247315
0.00085,5.1e-05,0.0,0.6,0.150000075,480.0351309
0.00085,5.1e-05,0.0,0.7,0.150000075,480.1441742
0.00085,5.1e-05,0.0,0.8,0.150000075,480.1392152
0.00085,5.1e-05,0.0,0.9,0.150000075,480.1482122
0.00085,5.1e-05,0.0,1.0,0.150000075,480.1524761
0.00085,5.1e-05,1e-05,0.0,0.150000076,300.0039999
0.00085,5.1e-05,1e-05,0.1,0.150000076,422.6342141
0.00085,5.1e-05,1e-05,0.2,0.150000076,461.9230598
0.00085,5.1e-05,1e-05,0.3,0.150000076,473.0930186
0.00085,5.1e-05,1e-05,0.4,0.150000076,477.5343442
0.00085,5.1e-05,1e-05,0.5,0.150000076,479.4247316
0.00085,5.1e-05,1e-05,0.6,0.150000076,480.0351309
0.00085,5.1e-05,1e-05,0.7,0.150000076,480.1441742
0.00085,5.1e-05,1e-05,0.8,0.150000076,480.1392152
0.00085,5.1e-05,1e-05,0.9,0.150000076,480.1482122
0.00085,5.1e-05,1e-05,1.0,0.150000076,480.1524761
0.00084,0.0001,1e-05,0.0,0.16,300.0039998
0.00084,0.0001,1e-05,0.1,0.16,422.6229798
0.00084,0.0001,1e-05,0.2,0.16,461.9082716
0.00084,0.0001,1e-05,0.3,0.16,473.0772197
0.00084,0.0001,1e-05,0.4,0.16,477.518144
0.00084,0.0001,1e-05,0.5,0.16,479.4083604
0.00084,0.0001,1e-05,0.6,0.16,480.0187045
0.00084,0.0001,1e-05,0.7,0.16,480.1277379
0.00084,0.0001,1e-05,0.8,0.16,480.1227795
0.00084,0.0001,1e-05,0.9,0.16,480.1317756
0.00084,0.0001,1e-05,1.0,0.16,480.136039
0.00085,8.27e-05,0.0,0.0,0.15,300.0039999
0.00085,8.27e-05,0.0,0.1,0.15,422.6276762
0.00085,8.27e-05,0.0,0.2,0.15,461.9144262
0.00085,8.27e-05,0.0,0.3,0.15,473.0837892
0.00085,8.27e-05,0.0,0.4,0.15,477.5248779
0.00085,8.27e-05,0.0,0.5,0.15,479.4151644
0.00085,8.27e-05,0.0,0.6,0.15,480.0255312
0.00085,8.27e-05,0.0,0.7,0.15,480.1345687
0.00085,8.27e-05,0.0,0.8,0.15,480.12961
0.00085,8.27e-05,0.0,0.9,0.15,480.1386065
0.00085,8.27e-05,0.0,1.0,0.15,480.1428701
0.00086,0.0001,0.0,0.0,0.14,300.0039998
0.00086,0.0001,0.0,0.1,0.14,422.6146899
0.00086,0.0001,0.0,0.2,0.14,461.897233
0.00086,0.0001,0.0,0.3,0.14,473.0654005
0.00086,0.0001,0.0,0.4,0.14,477.5060131
0.00086,0.0001,0.0,0.5,0.14,479.3960972
0.00086,0.0001,0.0,0.6,0.14,480.0063986
0.00086,0.0001,0.0,0.7,0.14,480.1154244
0.00086,0.0001,0.0,0.8,0.14,480.1104662
0.00086,0.0001,0.0,0.9,0.14,480.1194618
0.00086,0.0001,0.0,1.0,0.14,480.123725
0.00085,8.27e-05,1e-05,0.0,0.15,300.0039999
0.00085,8.27e-05,1e-05,0.1,0.15,422.6276762
0.00085,8.27e-05,1e-05,0.2,0.15,461.9144261
0.00085,8.27e-05,1e-05,0.3,0.15,473.0837892
0.00085,8.27e-05,1e-05,0.4,0.15,477.5248778
0.00085,8.27e-05,1e-05,0.5,0.15,479.4151644
0.00085,8.27e-05,1e-05,0.6,0.15,480.0255312
0.00085,8.27e-05,1e-05,0.7,0.15,480.1345686
0.00085,8.27e-05,1e-05,0.8,0.15,480.1296099
0.00085,8.27e-05,1e-05,0.9,0.15,480.1386064
0.00085,8.27e-05,1e-05,1.0,0.15,480.1428701
0.00089,1.73e-05,0.0,0.0,0.11,300.0039999
0.00089,1.73e-05,0.0,0.1,0.11,422.6100777
0.00089,1.73e-05,0.0,0.2,0.11,461.8910158
0.00089,1.73e-05,0.0,0.3,0.11,473.0587283
0.00089,1.73e-05,0.0,0.4,0.11,477.4991583
0.00089,1.73e-05,0.0,0.5,0.11,479.389165
0.00089,1.73e-05,0.0,0.6,0.11,479.9994413
0.00089,1.73e-05,0.0,0.7,0.11,480.108463
0.00089,1.73e-05,0.0,0.8,0.11,480.1035048
0.00089,1.73e-05,0.0,0.9,0.11,480.1125001
0.00089,1.73e-05,0.0,1.0,0.11,480.1167631
0.0009,0.0,0.0,0.0,0.1,300.0039998
0.0009,0.0,0.0,0.1,0.1,422.5965804
0.0009,0.0,0.0,0.2,0.1,461.8731551
0.0009,0.0,0.0,0.3,0.1,473.0396274
0.0009,0.0,0.0,0.4,0.1,477.4795637
0.0009,0.0,0.0,0.5,0.1,479.3693605
0.0009,0.0,0.0,0.6,0.1,479.979569
0.0009,0.0,0.0,0.7,0.1,480.0885786
0.0009,0.0,0.0,0.8,0.1,480.0836209
0.0009,0.0,0.0,0.9,0.1,480.0926152
0.0009,0.0,0.0,1.0,0.1,480.0968778
0.0009,0.0,1e-05,0.0,0.1,300.0039998
0.0009,0.0,1e-05,0.1,0.1,422.5965804
0.0009,0.0,1e-05,0.2,0.1,461.8731551
0.0009,0.0,1e-05,0.3,0.1,473.0396273
0.0009,0.0,1e-05,0.4,0.1,477.4795637
0.0009,0.0,1e-05,0.5,0.1,479.3693605
0.0009,0.0,1e-05,0.6,0.1,479.979569
0.0009,0.0,1e-05,0.7,0.1,480.0885786
0.0009,0.0,1e-05,0.8,0.1,480.0836209
0.0009,0.0,1e-05,0.9,0.1,480.0926152
0.0009,0.0,1e-05,1.0,0.1,480.0968777
0.00086,6.69e-05,0.0,0.0,0.140000376,300.0039999
0.00086,6.69e-05,0.0,0.1,0.140000376,422.6282561
0.00086,6.69e-05,0.0,0.2,0.140000376,461.9151469
0.00086,6.69e-05,0.0,0.3,0.140000376,473.0845504
0.00086,6.69e-05,0.0,0.4,0.140000376,477.5256545
0.00086,6.69e-05,0.0,0.5,0.140000376,479.4159478
0.00086,6.69e-05,0.0,0.6,0.140000376,480.0263167
0.00086,6.69e-05,0.0,0.7,0.140000376,480.1353546
0.00086,6.69e-05,0.0,0.8,0.140000376,480.1303959
0.00086,6.69e-05,0.0,0.9,0.140000376,480.1393924
0.00086,6.69e-05,0.0,1.0,0.140000376,480.1436561
0.00086,6.69e-05,1e-05,0.0,0.140000378,300.0039999
0.00086,6.69e-05,1e-05,0.1,0.140000378,422.6282562
0.00086,6.69e-05,1e-05,0.2,0.140000378,461.9151469
0.00086,6.69e-05,1e-05,0.3,0.140000378,473.0845504
0.00086,6.69e-05,1e-05,0.4,0.140000378,477.5256545
0.00086,6.69e-05,1e-05,0.5,0.140000378,479.4159478
0.00086,6.69e-05,1e-05,0.6,0.140000378,480.0263167
0.00086,6.69e-05,1e-05,0.7,0.140000378,480.1353546
0.00086,6.69e-05,1e-05,0.8,0.140000378,480.1303959
0.00086,6.69e-05,1e-05,0.9,0.140000378,480.1393924
0.00086,6.69e-05,1e-05,1.0,0.140000378,480.1436561
0.00088,3.46e-05,0.0,0.0,0.12,300.0039999
0.00088,3.46e-05,0.0,0.1,0.12,422.6197676
0.00088,3.46e-05,0.0,0.2,0.12,461.9038517
0.00088,3.46e-05,0.0,0.3,0.12,473.0724582
0.00088,3.46e-05,0.0,0.4,0.12,477.5132442
0.00088,3.46e-05,0.0,0.5,0.12,479.4034023
0.00088,3.46e-05,0.0,0.6,0.12,480.0137276
0.00088,3.46e-05,0.0,0.7,0.12,480.1227579
0.00088,3.46e-05,0.0,0.8,0.12,480.1177993
0.00088,3.46e-05,0.0,0.9,0.12,480.1267953
0.00088,3.46e-05,0.0,1.0,0.12,480.1310587
0.00089,1.73e-05,1e-05,0.0,0.11,300.0039999
0.00089,1.73e-05,1e-05,0.1,0.11,422.6100777
0.00089,1.73e-05,1e-05,0.2,0.11,461.8910158
0.00089,1.73e-05,1e-05,0.3,0.11,473.0587283
0.00089,1.73e-05,1e-05,0.4,0.11,477.4991582
0.00089,1.73e-05,1e-05,0.5,0.11,479.389165
0.00089,1.73e-05,1e-05,0.6,0.11,479.9994413
0.00089,1.73e-05,1e-05,0.7,0.11,480.108463
0.00089,1.73e-05,1e-05,0.8,0.11,480.1035048
0.00089,1.73e-05,1e-05,0.9,0.11,480.1125001
0.00089,1.73e-05,1e-05,1.0,0.11,480.1167631
0.00087,5.1e-05,0.0,0.0,0.130000451,300.0039999
0.00087,5.1e-05,0.0,0.1,0.130000451,422.62567
0.00087,5.1e-05,0.0,0.2,0.130000451,461.9116881
0.00087,5.1e-05,0.0,0.3,0.130000451,473.080844
0.00087,5.1e-05,0.0,0.4,0.130000451,477.521849
0.00087,5.1e-05,0.0,0.5,0.130000451,479.4121003
0.00087,5.1e-05,0.0,0.6,0.130000451,480.0224556
0.00087,5.1e-05,0.0,0.7,0.130000451,480.1314912
0.00087,5.1e-05,0.0,0.8,0.130000451,480.1265325
0.00087,5.1e-05,0.0,0.9,0.130000451,480.1355289
0.00087,5.1e-05,0.0,1.0,0.130000451,480.1397924
0.00088,3.46e-05,1e-05,0.0,0.12,300.0039999
0.00088,3.46e-05,1e-05,0.1,0.12,422.6197676
0.00088,3.46e-05,1e-05,0.2,0.12,461.9038517
0.00088,3.46e-05,1e-05,0.3,0.12,473.0724582
0.00088,3.46e-05,1e-05,0.4,0.12,477.5132442
0.00088,3.46e-05,1e-05,0.5,0.12,479.4034023
0.00088,3.46e-05,1e-05,0.6,0.12,480.0137276
0.00088,3.46e-05,1e-05,0.7,0.12,480.1227579
0.00088,3.46e-05,1e-05,0.8,0.12,480.1177993
0.00088,3.46e-05,1e-05,0.9,0.12,480.1267953
0.00088,3.46e-05,1e-05,1.0,0.12,480.1310587
0.00087,5.1e-05,1e-05,0.0,0.130000453,300.0039999
0.00087,5.1e-05,1e-05,0.1,0.130000453,422.62567
0.00087,5.1e-05,1e-05,0.2,0.130000453,461.9116881
0.00087,5.1e-05,1e-05,0.3,0.130000453,473.080844
0.00087,5.1e-05,1e-05,0.4,0.130000453,477.5218491
0.00087,5.1e-05,1e-05,0.5,0.130000453,479.4121003
0.00087,5.1e-05,1e-05,0.6,0.130000453,480.0224556
0.00087,5.1e-05,1e-05,0.7,0.130000453,480.1314912
0.00087,5.1e-05,1e-05,0.8,0.130000453,480.1265325
0.00087,5.1e-05,1e-05,0.9,0.130000453,480.1355289
0.00087,5.1e-05,1e-05,1.0,0.130000453,480.1397924
0.00086,0.0001,1e-05,0.0,0.14,300.0039998
0.00086,0.0001,1e-05,0.1,0.14,422.6146898
0.00086,0.0001,1e-05,0.2,0.14,461.8972329
0.00086,0.0001,1e-05,0.3,0.14,473.0654004
0.00086,0.0001,1e-05,0.4,0.14,477.5060131
0.00086,0.0001,1e-05,0.5,0.14,479.3960971
0.00086,0.0001,1e-05,0.6,0.14,480.0063985
0.00086,0.0001,1e-05,0.7,0.14,480.1154244
0.00086,0.0001,1e-05,0.8,0.14,480.1104662
0.00086,0.0001,1e-05,0.9,0.14,480.1194618
0.00086,0.0001,1e-05,1.0,0.14,480.1237249
0.00087,8.27e-05,0.0,0.0,0.13,300.0039999
0.00087,8.27e-05,0.0,0.1,0.13,422.6191323
0.00087,8.27e-05,0.0,0.2,0.13,461.9030549
0.00087,8.27e-05,0.0,0.3,0.13,473.071615
0.00087,8.27e-05,0.0,0.4,0.13,477.5123831
0.00087,8.27e-05,0.0,0.5,0.13,479.4025335
0.00087,8.27e-05,0.0,0.6,0.13,480.0128563
0.00087,8.27e-05,0.0,0.7,0.13,480.1218861
0.00087,8.27e-05,0.0,0.8,0.13,480.1169276
0.00087,8.27e-05,0.0,0.9,0.13,480.1259236
0.00087,8.27e-05,0.0,1.0,0.13,480.1301869
0.00087,8.31e-05,5e-06,0.0,0.130000377,300.0039999
0.00087,8.31e-05,5e-06,0.1,0.130000377,422.6204844
0.00087,8.31e-05,5e-06,0.2,0.130000377,461.9048401
0.00087,8.31e-05,5e-06,0.3,0.130000377,473.0735234
0.00087,8.31e-05,5e-06,0.4,0.130000377,477.5143405
0.00087,8.31e-05,5e-06,0.5,0.130000377,479.4045117
0.00087,8.31e-05,5e-06,0.6,0.130000377,480.0148412
0.00087,8.31e-05,5e-06,0.7,0.130000377,480.1238722
0.00087,8.31e-05,5e-06,0.8,0.130000377,480.1189137
0.00087,8.31e-05,5e-06,0.9,0.130000377,480.1279097
0.00087,8.31e-05,5e-06,1.0,0.130000377,480.1321731
0.00088,0.0001,0.0,0.0,0.12,300.0039998
0.00088,0.0001,0.0,0.1,0.12,422.605892
0.00088,0.0001,0.0,0.2,0.12,461.8855294
0.00088,0.0001,0.0,0.3,0.12,473.0528716
0.00088,0.0001,0.0,0.4,0.12,477.4931549
0.00088,0.0001,0.0,0.5,0.12,479.3830991
0.00088,0.0001,0.0,0.6,0.12,479.9933553
0.00088,0.0001,0.0,0.7,0.12,480.1023733
0.00088,0.0001,0.0,0.8,0.12,480.0974153
0.00088,0.0001,0.0,0.9,0.12,480.1064102
0.00088,0.0001,0.0,1.0,0.12,480.1106731
0.00087,8.27e-05,1e-05,0.0,0.13,300.0039999
0.00087,8.27e-05,1e-05,0.1,0.13,422.6191323
0.00087,8.27e-05,1e-05,0.2,0.13,461.9030549
0.00087,8.27e-05,1e-05,0.3,0.13,473.071615
0.00087,8.27e-05,1e-05,0.4,0.13,477.5123831
0.00087,8.27e-05,1e-05,0.5,0.13,479.4025335
0.00087,8.27e-05,1e-05,0.6,0.13,480.0128563
0.00087,8.27e-05,1e-05,0.7,0.13,480.1218861
0.00087,8.27e-05,1e-05,0.8,0.13,480.1169276
0.00087,8.27e-05,1e-05,0.9,0.13,480.1259236
0.00087,8.27e-05,1e-05,1.0,0.13,480.1301869
0.0009,3.46e-05,0.0,0.0,0.1,300.0039999
0.0009,3.46e-05,0.0,0.1,0.1,422.6104549
0.0009,3.46e-05,0.0,0.2,0.1,461.891476
0.0009,3.46e-05,0.0,0.3,0.1,473.0592124
0.0009,3.46e-05,0.0,0.4,0.1,477.4996514
0.0009,3.46e-05,0.0,0.5,0.1,479.3896621
0.0009,3.46e-05,0.0,0.6,0.1,479.9999397
0.0009,3.46e-05,0.0,0.7,0.1,480.1089617
0.0009,3.46e-05,0.0,0.8,0.1,480.1040034
0.0009,3.46e-05,0.0,0.9,0.1,480.1129987
0.0009,3.46e-05,0.0,1.0,0.1,480.1172618
0.00092,0.0,0.0,0.0,0.08,300.0039998
0.00092,0.0,0.0,0.1,0.08,422.5867491
0.00092,0.0,0.0,0.2,0.08,461.8601041
0.00092,0.0,0.0,0.3,0.08,473.0256616
0.00092,0.0,0.0,0.4,0.08,477.4652334
0.00092,0.0,0.0,0.5,0.08,479.3548752
0.00092,0.0,0.0,0.6,0.08,479.9650336
0.00092,0.0,0.0,0.7,0.08,480.0740344
0.00092,0.0,0.0,0.8,0.08,480.069077
0.00092,0.0,0.0,0.9,0.08,480.0780706
0.00092,0.0,0.0,1.0,0.08,480.0823328
0.00092,0.0,1e-05,0.0,0.08,300.0039998
0.00092,0.0,1e-05,0.1,0.08,422.5867491
0.00092,0.0,1e-05,0.2,0.08,461.8601041
0.00092,0.0,1e-05,0.3,0.08,473.0256617
0.00092,0.0,1e-05,0.4,0.08,477.4652334
0.00092,0.0,1e-05,0.5,0.08,479.3548752
0.00092,0.0,1e-05,0.6,0.08,479.9650336
0.00092,0.0,1e-05,0.7,0.08,480.0740344
0.00092,0.0,1e-05,0.8,0.08,480.069077
0.00092,0.0,1e-05,0.9,0.08,480.0780707
0.00092,0.0,1e-05,1.0,0.08,480.0823329
0.00091,1.73e-05,1e-05,0.0,0.09,300.0039999
0.00091,1.73e-05,1e-05,0.1,0.09,422.6005064
0.00091,1.73e-05,1e-05,0.2,0.09,461.8783031
0.00091,1.73e-05,1e-05,0.3,0.09,473.0451231
0.00091,1.73e-05,1e-05,0.4,0.09,477.4851973
0.00091,1.73e-05,1e-05,0.5,0.09,479.3750528
0.00091,1.73e-05,1e-05,0.6,0.09,479.9852803
0.00091,1.73e-05,1e-05,0.7,0.09,480.0942933
0.00091,1.73e-05,1e-05,0.8,0.09,480.0893354
0.00091,1.73e-05,1e-05,0.9,0.09,480.0983301
0.00091,1.73e-05,1e-05,1.0,0.09,480.1025927
0.00091,1.73e-05,0.0,0.0,0.09,300.0039999
0.00091,1.73e-05,0.0,0.1,0.09,422.6005064
0.00091,1.73e-05,0.0,0.2,0.09,461.8783031
0.00091,1.73e-05,0.0,0.3,0.09,473.0451231
0.00091,1.73e-05,0.0,0.4,0.09,477.4851973
0.00091,1.73e-05,0.0,0.5,0.09,479.3750528
0.00091,1.73e-05,0.0,0.6,0.09,479.9852803
0.00091,1.73e-05,0.0,0.7,0.09,480.0942933
0.00091,1.73e-05,0.0,0.8,0.09,480.0893354
0.00091,1.73e-05,0.0,0.9,0.09,480.09833
0.00091,1.73e-05,0.0,1.0,0.09,480.1025927
0.00088,6.69e-05,0.0,0.0,0.120002255,300.0039999
0.00088,6.69e-05,0.0,0.1,0.120002255,422.6194581
0.00088,6.69e-05,0.0,0.2,0.120002255,461.903443
0.00088,6.69e-05,0.0,0.3,0.120002255,473.0720213
0.00088,6.69e-05,0.0,0.4,0.120002255,477.512796
0.00088,6.69e-05,0.0,0.5,0.120002255,479.4029494
0.00088,6.69e-05,0.0,0.6,0.120002255,480.0132731
0.00088,6.69e-05,0.0,0.7,0.120002255,480.1223032
0.00088,6.69e-05,0.0,0.8,0.120002255,480.1173446
0.00088,6.69e-05,0.0,0.9,0.120002255,480.1263406
0.00088,6.69e-05,0.0,1.0,0.120002255,480.1306039
0.00088,6.69e-05,1e-05,0.0,0.120002266,300.0039999
0.00088,6.69e-05,1e-05,0.1,0.120002266,422.6194581
0.00088,6.69e-05,1e-05,0.2,0.120002266,461.903443
0.00088,6.69e-05,1e-05,0.3,0.120002266,473.0720213
0.00088,6.69e-05,1e-05,0.4,0.120002266,477.5127961
0.00088,6.69e-05,1e-05,0.5,0.120002266,479.4029494
0.00088,6.69e-05,1e-05,0.6,0.120002266,480.0132731
0.00088,6.69e-05,1e-05,0.7,0.120002266,480.1223032
0.00088,6.69e-05,1e-05,0.8,0.120002266,480.1173446
0.00088,6.69e-05,1e-05,0.9,0.120002266,480.1263406
0.00088,6.69e-05,1e-05,1.0,0.120002266,480.1306039
0.00089,5.1e-05,0.0,0.0,0.110002706,300.0039999
0.00089,5.1e-05,0.0,0.1,0.110002706,422.6166159
0.00089,5.1e-05,0.0,0.2,0.110002706,461.8996498
0.00089,5.1e-05,0.0,0.3,0.110002706,473.0679581
0.00089,5.1e-05,0.0,0.4,0.110002706,477.508625
0.00089,5.1e-05,0.0,0.5,0.110002706,479.3987326
0.00089,5.1e-05,0.0,0.6,0.110002706,480.0090415
0.00089,5.1e-05,0.0,0.7,0.110002706,480.1180689
0.00089,5.1e-05,0.0,0.8,0.110002706,480.1131105
0.00089,5.1e-05,0.0,0.9,0.110002706,480.1221062
0.00089,5.1e-05,0.0,1.0,0.110002706,480.1263695
0.0009,3.46e-05,1e-05,0.0,0.1,300.0039999
0.0009,3.46e-05,1e-05,0.1,0.1,422.6104549
0.0009,3.46e-05,1e-05,0.2,0.1,461.891476
0.0009,3.46e-05,1e-05,0.3,0.1,473.0592124
0.0009,3.46e-05,1e-05,0.4,0.1,477.4996514
0.0009,3.46e-05,1e-05,0.5,0.1,479.3896621
0.0009,3.46e-05,1e-05,0.6,0.1,479.9999397
0.0009,3.46e-05,1e-05,0.7,0.1,480.1089617
0.0009,3.46e-05,1e-05,0.8,0.1,480.1040034
0.0009,3.46e-05,1e-05,0.9,0.1,480.1129987
0.0009,3.46e-05,1e-05,1.0,0.1,480.1172617
0.00089,5.1e-05,1e-05,0.0,0.110002719,300.0039999
0.00089,5.1e-05,1e-05,0.1,0.110002719,422.6166159
0.00089,5.1e-05,1e-05,0.2,0.110002719,461.8996498
0.00089,5.1e-05,1e-05,0.3,0.110002719,473.0679581
0.00089,5.1e-05,1e-05,0.4,0.110002719,477.508625
0.00089,5.1e-05,1e-05,0.5,0.110002719,479.3987326
0.00089,5.1e-05,1e-05,0.6,0.110002719,480.0090415
0.00089,5.1e-05,1e-05,0.7,0.110002719,480.118069
0.00089,5.1e-05,1e-05,0.8,0.110002719,480.1131105
0.00089,5.1e-05,1e-05,0.9,0.110002719,480.1221063
0.00089,5.1e-05,1e-05,1.0,0.110002719,480.1263695
0.00088,0.0001,1e-05,0.0,0.12,300.0039998
0.00088,0.0001,1e-05,0.1,0.12,422.6058919
0.00088,0.0001,1e-05,0.2,0.12,461.8855293
0.00088,0.0001,1e-05,0.3,0.12,473.0528716
0.00088,0.0001,1e-05,0.4,0.12,477.4931549
0.00088,0.0001,1e-05,0.5,0.12,479.3830991
0.00088,0.0001,1e-05,0.6,0.12,479.9933553
0.00088,0.0001,1e-05,0.7,0.12,480.1023732
0.00088,0.0001,1e-05,0.8,0.12,480.0974152
0.00088,0.0001,1e-05,0.9,0.12,480.1064102
0.00088,0.0001,1e-05,1.0,0.12,480.1106731
0.000956,7.74e-06,5e-06,0.0,0.044483186,300.0039999
0.000956,7.74e-06,5e-06,0.1,0.044483186,422.5738946
0.000956,7.74e-06,5e-06,0.2,0.044483186,461.8430373
0.000956,7.74e-06,5e-06,0.3,0.044483186,473.0073981
0.000956,7.74e-06,5e-06,0.4,0.044483186,477.4464929
0.000956,7.74e-06,5e-06,0.5,0.044483186,479.3359319
0.000956,7.74e-06,5e-06,0.6,0.044483186,479.9460248
0.000956,7.74e-06,5e-06,0.7,0.044483186,480.0550141
0.000956,7.74e-06,5e-06,0.8,0.044483186,480.0500571
0.000956,7.74e-06,5e-06,0.9,0.044483186,480.0590498
0.000956,7.74e-06,5e-06,1.0,0.044483186,480.0633116
0.00096,0.0,0.0,0.0,0.04,300.0039998
0.00096,0.0,0.0,0.1,0.04,422.5655011
0.00096,0.0,0.0,0.2,0.04,461.8319459
0.00096,0.0,0.0,0.3,0.04,472.9955398
0.00096,0.0,0.0,0.4,0.04,477.4343295
0.00096,0.0,0.0,0.5,0.04,479.3236387
0.00096,0.0,0.0,0.6,0.04,479.9336897
0.00096,0.0,0.0,0.7,0.04,480.0426715
0.00096,0.0,0.0,0.8,0.04,480.0377148
0.00096,0.0,0.0,0.9,0.04,480.046707
0.00096,0.0,0.0,1.0,0.04,480.0509684
0.00096,0.0,1e-05,0.0,0.04,300.0039998
0.00096,0.0,1e-05,0.1,0.04,422.5655011
0.00096,0.0,1e-05,0.2,0.04,461.831946
0.00096,0.0,1e-05,0.3,0.04,472.9955398
0.00096,0.0,1e-05,0.4,0.04,477.4343296
0.00096,0.0,1e-05,0.5,0.04,479.3236388
0.00096,0.0,1e-05,0.6,0.04,479.9336898
0.00096,0.0,1e-05,0.7,0.04,480.0426715
0.00096,0.0,1e-05,0.8,0.04,480.0377148
0.00096,0.0,1e-05,0.9,0.04,480.046707
0.00096,0.0,1e-05,1.0,0.04,480.0509684
0.00094,0.0,0.0,0.0,0.06,300.0039998
0.00094,0.0,0.0,0.1,0.06,422.5763916
0.00094,0.0,0.0,0.2,0.06,461.84637
0.00094,0.0,0.0,0.3,0.06,473.010968
0.00094,0.0,0.0,0.4,0.06,477.4501576
0.00094,0.0,0.0,0.5,0.06,479.3396369
0.00094,0.0,0.0,0.6,0.06,479.9497428
0.00094,0.0,0.0,0.7,0.06,480.0587343
0.00094,0.0,0.0,0.8,0.06,480.0537772
0.00094,0.0,0.0,0.9,0.06,480.0627702
0.00094,0.0,0.0,1.0,0.06,480.067032
0.00094,0.0,1e-05,0.0,0.06,300.0039998
0.00094,0.0,1e-05,0.1,0.06,422.5763916
0.00094,0.0,1e-05,0.2,0.06,461.84637
0.00094,0.0,1e-05,0.3,0.06,473.010968
0.00094,0.0,1e-05,0.4,0.06,477.4501576
0.00094,0.0,1e-05,0.5,0.06,479.3396369
0.00094,0.0,1e-05,0.6,0.06,479.9497428
0.00094,0.0,1e-05,0.7,0.06,480.0587343
0.00094,0.0,1e-05,0.8,0.06,480.0537772
0.00094,0.0,1e-05,0.9,0.06,480.0627701
0.00094,0.0,1e-05,1.0,0.06,480.067032
0.00093,1.73e-05,5e-06,0.0,0.069914457,300.0039999
0.00093,1.73e-05,5e-06,0.1,0.069914457,422.5919
0.00093,1.73e-05,5e-06,0.2,0.069914457,461.8668748
0.00093,1.73e-05,5e-06,0.3,0.069914457,473.0328931
0.00093,1.73e-05,5e-06,0.4,0.069914457,477.4726477
0.00093,1.73e-05,5e-06,0.5,0.069914457,479.3623674
0.00093,1.73e-05,5e-06,0.6,0.069914457,479.972551
0.00093,1.73e-05,5e-06,0.7,0.069914457,480.0815563
0.00093,1.73e-05,5e-06,0.8,0.069914457,480.0765987
0.00093,1.73e-05,5e-06,0.9,0.069914457,480.0855927
0.00093,1.73e-05,5e-06,1.0,0.069914457,480.0898551
0.00093,1.73e-05,0.0,0.0,0.07,300.0039999
0.00093,1.73e-05,0.0,0.1,0.07,422.590412
0.00093,1.73e-05,0.0,0.2,0.07,461.8649104
0.00093,1.73e-05,0.0,0.3,0.07,473.0307932
0.00093,1.73e-05,0.0,0.4,0.07,477.470494
0.00093,1.73e-05,0.0,0.5,0.07,479.3601908
0.00093,1.73e-05,0.0,0.6,0.07,479.9703669
0.00093,1.73e-05,0.0,0.7,0.07,480.0793709
0.00093,1.73e-05,0.0,0.8,0.07,480.0744133
0.00093,1.73e-05,0.0,0.9,0.07,480.0834073
0.00093,1.73e-05,0.0,1.0,0.07,480.0876696
0.00095,1.73e-05,1e-05,0.0,0.05,300.0039999
0.00095,1.73e-05,1e-05,0.1,0.05,422.5797882
0.00095,1.73e-05,1e-05,0.2,0.05,461.8508311
0.00095,1.73e-05,1e-05,0.3,0.05,473.0157321
0.00095,1.73e-05,1e-05,0.4,0.05,477.4550418
0.00095,1.73e-05,1e-05,0.5,0.05,479.3445723
0.00095,1.73e-05,1e-05,0.6,0.05,479.9546947
0.00095,1.73e-05,1e-05,0.7,0.05,480.0636892
0.00095,1.73e-05,1e-05,0.8,0.05,480.058732
0.00095,1.73e-05,1e-05,0.9,0.05,480.0677252
0.00095,1.73e-05,1e-05,1.0,0.05,480.0719871
0.00095,1.73e-05,0.0,0.0,0.05,300.0039999
0.00095,1.73e-05,0.0,0.1,0.05,422.5797882
0.00095,1.73e-05,0.0,0.2,0.05,461.8508311
0.00095,1.73e-05,0.0,0.3,0.05,473.0157321
0.00095,1.73e-05,0.0,0.4,0.05,477.4550418
0.00095,1.73e-05,0.0,0.5,0.05,479.3445723
0.00095,1.73e-05,0.0,0.6,0.05,479.9546947
0.00095,1.73e-05,0.0,0.7,0.05,480.0636892
0.00095,1.73e-05,0.0,0.8,0.05,480.058732
0.00095,1.73e-05,0.0,0.9,0.05,480.0677252
0.00095,1.73e-05,0.0,1.0,0.05,480.0719871
0.00093,1.73e-05,1e-05,0.0,0.07,300.0039999
0.00093,1.73e-05,1e-05,0.1,0.07,422.590412
0.00093,1.73e-05,1e-05,0.2,0.07,461.8649104
0.00093,1.73e-05,1e-05,0.3,0.07,473.0307932
0.00093,1.73e-05,1e-05,0.4,0.07,477.470494
0.00093,1.73e-05,1e-05,0.5,0.07,479.3601908
0.00093,1.73e-05,1e-05,0.6,0.07,479.9703669
0.00093,1.73e-05,1e-05,0.7,0.07,480.0793709
0.00093,1.73e-05,1e-05,0.8,0.07,480.0744133
0.00093,1.73e-05,1e-05,0.9,0.07,480.0834073
0.00093,1.73e-05,1e-05,1.0,0.07,480.0876696
0.00089,8.27e-05,0.0,0.0,0.11,300.0039999
0.00089,8.27e-05,0.0,0.1,0.11,422.6100777
0.00089,8.27e-05,0.0,0.2,0.11,461.8910158
0.00089,8.27e-05,0.0,0.3,0.11,473.0587283
0.00089,8.27e-05,0.0,0.4,0.11,477.4991582
0.00089,8.27e-05,0.0,0.5,0.11,479.389165
0.00089,8.27e-05,0.0,0.6,0.11,479.9994413
0.00089,8.27e-05,0.0,0.7,0.11,480.108463
0.00089,8.27e-05,0.0,0.8,0.11,480.1035048
0.00089,8.27e-05,0.0,0.9,0.11,480.1125001
0.00089,8.27e-05,0.0,1.0,0.11,480.1167631
0.0009,6.69e-05,0.0,0.0,0.10001353,300.0039999
0.0009,6.69e-05,0.0,0.1,0.10001353,422.6101505
0.0009,6.69e-05,0.0,0.2,0.10001353,461.891074
0.0009,6.69e-05,0.0,0.3,0.10001353,473.0587827
0.0009,6.69e-05,0.0,0.4,0.10001353,477.4992106
0.0009,6.69e-05,0.0,0.5,0.10001353,479.3892166
0.0009,6.69e-05,0.0,0.6,0.10001353,479.9994927
0.0009,6.69e-05,0.0,0.7,0.10001353,480.1085144
0.0009,6.69e-05,0.0,0.8,0.10001353,480.1035561
0.0009,6.69e-05,0.0,0.9,0.10001353,480.1125514
0.0009,6.69e-05,0.0,1.0,0.10001353,480.1168144
0.00089,8.27e-05,1e-05,0.0,0.11,300.0039999
0.00089,8.27e-05,1e-05,0.1,0.11,422.6100777
0.00089,8.27e-05,1e-05,0.2,0.11,461.8910158
0.00089,8.27e-05,1e-05,0.3,0.11,473.0587283
0.00089,8.27e-05,1e-05,0.4,0.11,477.4991583
0.00089,8.27e-05,1e-05,0.5,0.11,479.389165
0.00089,8.27e-05,1e-05,0.6,0.11,479.9994413
0.00089,8.27e-05,1e-05,0.7,0.11,480.108463
0.00089,8.27e-05,1e-05,0.8,0.11,480.1035048
0.00089,8.27e-05,1e-05,0.9,0.11,480.1125001
0.00089,8.27e-05,1e-05,1.0,0.11,480.1167631
0.0009,0.0001,0.0,0.0,0.1,300.0039998
0.0009,0.0001,0.0,0.1,0.1,422.5965804
0.0009,0.0001,0.0,0.2,0.1,461.8731551
0.0009,0.0001,0.0,0.3,0.1,473.0396273
0.0009,0.0001,0.0,0.4,0.1,477.4795637
0.0009,0.0001,0.0,0.5,0.1,479.3693605
0.0009,0.0001,0.0,0.6,0.1,479.979569
0.0009,0.0001,0.0,0.7,0.1,480.0885786
0.0009,0.0001,0.0,0.8,0.1,480.0836209
0.0009,0.0001,0.0,0.9,0.1,480.0926152
0.0009,0.0001,0.0,1.0,0.1,480.0968777
0.00092,3.46e-05,0.0,0.0,0.08,300.0039999
0.00092,3.46e-05,0.0,0.1,0.08,422.6006225
0.00092,3.46e-05,0.0,0.2,0.08,461.8784236
0.00092,3.46e-05,0.0,0.3,0.08,473.0452451
0.00092,3.46e-05,0.0,0.4,0.08,477.4853195
0.00092,3.46e-05,0.0,0.5,0.08,479.3751752
0.00092,3.46e-05,0.0,0.6,0.08,479.9854027
0.00092,3.46e-05,0.0,0.7,0.08,480.0944158
0.00092,3.46e-05,0.0,0.8,0.08,480.0894579
0.00092,3.46e-05,0.0,0.9,0.08,480.0984525
0.00092,3.46e-05,0.0,1.0,0.08,480.1027152
0.00091,5.1e-05,0.0,0.0,0.08980367,300.0039999
0.00091,5.1e-05,0.0,0.1,0.08980367,422.6069463
0.00091,5.1e-05,0.0,0.2,0.08980367,461.8868066
0.00091,5.1e-05,0.0,0.3,0.08980367,473.0542133
0.00091,5.1e-05,0.0,0.4,0.08980367,477.4945207
0.00091,5.1e-05,0.0,0.5,0.08980367,479.3844756
0.00091,5.1e-05,0.0,0.6,0.08980367,479.9947351
0.00091,5.1e-05,0.0,0.7,0.08980367,480.1037539
0.00091,5.1e-05,0.0,0.8,0.08980367,480.0987957
0.00091,5.1e-05,0.0,0.9,0.08980367,480.1077908
0.00091,5.1e-05,0.0,1.0,0.08980367,480.1120537
0.00092,3.46e-05,1e-05,0.0,0.08,300.0039999
0.00092,3.46e-05,1e-05,0.1,0.08,422.6006225
0.00092,3.46e-05,1e-05,0.2,0.08,461.8784236
0.00092,3.46e-05,1e-05,0.3,0.08,473.0452451
0.00092,3.46e-05,1e-05,0.4,0.08,477.4853195
0.00092,3.46e-05,1e-05,0.5,0.08,479.3751752
0.00092,3.46e-05,1e-05,0.6,0.08,479.9854027
0.00092,3.46e-05,1e-05,0.7,0.08,480.0944158
0.00092,3.46e-05,1e-05,0.8,0.08,480.0894578
0.00092,3.46e-05,1e-05,0.9,0.08,480.0984525
0.00092,3.46e-05,1e-05,1.0,0.08,480.1027152
0.0009,6.69e-05,1e-05,0.0,0.100013595,300.0039999
0.0009,6.69e-05,1e-05,0.1,0.100013595,422.6101505
0.0009,6.69e-05,1e-05,0.2,0.100013595,461.891074
0.0009,6.69e-05,1e-05,0.3,0.100013595,473.0587827
0.0009,6.69e-05,1e-05,0.4,0.100013595,477.4992106
0.0009,6.69e-05,1e-05,0.5,0.100013595,479.3892166
0.0009,6.69e-05,1e-05,0.6,0.100013595,479.9994927
0.0009,6.69e-05,1e-05,0.7,0.100013595,480.1085144
0.0009,6.69e-05,1e-05,0.8,0.100013595,480.1035561
0.0009,6.69e-05,1e-05,0.9,0.100013595,480.1125515
0.0009,6.69e-05,1e-05,1.0,0.100013595,480.1168144
0.00091,5.1e-05,1e-05,0.0,0.090016314,300.0039999
0.00091,5.1e-05,1e-05,0.1,0.090016314,422.6070508
0.00091,5.1e-05,1e-05,0.2,0.090016314,461.8869453
0.00091,5.1e-05,1e-05,0.3,0.090016314,473.0543618
0.00091,5.1e-05,1e-05,0.4,0.090016314,477.4946731
0.00091,5.1e-05,1e-05,0.5,0.090016314,479.3846295
0.00091,5.1e-05,1e-05,0.6,0.090016314,479.9948896
0.00091,5.1e-05,1e-05,0.7,0.090016314,480.1039085
0.00091,5.1e-05,1e-05,0.8,0.090016314,480.0989503
0.00091,5.1e-05,1e-05,0.9,0.090016314,480.1079454
0.00091,5.1e-05,1e-05,1.0,0.090016314,480.1122083
0.00098,0.0,0.0,0.0,0.02,300.0039998
0.00098,0.0,0.0,0.1,0.02,422.5540706
0.00098,0.0,0.0,0.2,0.02,461.816825
0.00098,0.0,0.0,0.3,0.02,472.9793698
0.00098,0.0,0.0,0.4,0.02,477.4177421
0.00098,0.0,0.0,0.5,0.02,479.3068738
0.00098,0.0,0.0,0.6,0.02,479.9168674
0.00098,0.0,0.0,0.7,0.02,480.0258389
0.00098,0.0,0.0,0.8,0.02,480.0208827
0.00098,0.0,0.0,0.9,0.02,480.029874
0.00098,0.0,0.0,1.0,0.02,480.0341351
0.00098,0.0,1e-05,0.0,0.02,300.0039998
0.00098,0.0,1e-05,0.1,0.02,422.5540706
0.00098,0.0,1e-05,0.2,0.02,461.8168249
0.00098,0.0,1e-05,0.3,0.02,472.9793698
0.00098,0.0,1e-05,0.4,0.02,477.4177421
0.00098,0.0,1e-05,0.5,0.02,479.3068737
0.00098,0.0,1e-05,0.6,0.02,479.9168673
0.00098,0.0,1e-05,0.7,0.02,480.0258389
0.00098,0.0,1e-05,0.8,0.02,480.0208827
0.00098,0.0,1e-05,0.9,0.02,480.029874
0.00098,0.0,1e-05,1.0,0.02,480.034135
0.000969,1.48e-05,0.0,0.0,0.03079911,300.0039999
0.000969,1.48e-05,0.0,0.1,0.03079911,422.5680281
0.000969,1.48e-05,0.0,0.2,0.03079911,461.8352677
0.000969,1.48e-05,0.0,0.3,0.03079911,472.9990876
0.000969,1.48e-05,0.0,0.4,0.03079911,477.4379671
0.000969,1.48e-05,0.0,0.5,0.03079911,479.3273145
0.000969,1.48e-05,0.0,0.6,0.03079911,479.9373779
0.000969,1.48e-05,0.0,0.7,0.03079911,480.0463619
0.000969,1.48e-05,0.0,0.8,0.03079911,480.0414051
0.000969,1.48e-05,0.0,0.9,0.03079911,480.0503974
0.000969,1.48e-05,0.0,1.0,0.03079911,480.0546589
0.000985,1.33e-05,0.0,0.0,0.015249103,300.0039999
0.000985,1.33e-05,0.0,0.1,0.015249103,422.558356
0.000985,1.33e-05,0.0,0.2,0.015249103,461.8224794
0.000985,1.33e-05,0.0,0.3,0.015249103,472.9854136
0.000985,1.33e-05,0.0,0.4,0.015249103,477.4239406
0.000985,1.33e-05,0.0,0.5,0.015249103,479.3131381
0.000985,1.33e-05,0.0,0.6,0.015249103,479.923153
0.000985,1.33e-05,0.0,0.7,0.015249103,480.0321284
0.000985,1.33e-05,0.0,0.8,0.015249103,480.0271719
0.000985,1.33e-05,0.0,0.9,0.015249103,480.0361636
0.000985,1.33e-05,0.0,1.0,0.015249103,480.0404248
0.001,0.0,0.0,0.0,0.0,300.0039998
0.001,0.0,0.0,0.1,0.0,422.5420927
0.001,0.0,0.0,0.2,0.0,461.8009996
0.001,0.0,0.0,0.3,0.0,472.9624507
0.001,0.0,0.0,0.4,0.0,477.400388
0.001,0.0,0.0,0.5,0.0,479.2893345
0.001,0.0,0.0,0.6,0.0,479.8992683
0.001,0.0,0.0,0.7,0.0,480.0082292
0.001,0.0,0.0,0.8,0.0,480.0032734
0.001,0.0,0.0,0.9,0.0,480.0122639
0.001,0.0,0.0,1.0,0.0,480.0165245
0.0009,0.0001,1e-05,0.0,0.1,300.0039998
0.0009,0.0001,1e-05,0.1,0.1,422.5965804
0.0009,0.0001,1e-05,0.2,0.1,461.8731551
0.0009,0.0001,1e-05,0.3,0.1,473.0396274
0.0009,0.0001,1e-05,0.4,0.1,477.4795637
0.0009,0.0001,1e-05,0.5,0.1,479.3693605
0.0009,0.0001,1e-05,0.6,0.1,479.979569
0.0009,0.0001,1e-05,0.7,0.1,480.0885786
0.0009,0.0001,1e-05,0.8,0.1,480.0836209
0.0009,0.0001,1e-05,0.9,0.1,480.0926152
0.0009,0.0001,1e-05,1.0,0.1,480.0968777
0.00097,1.5e-05,1e-05,0.0,0.029969297,300.0039999
0.00097,1.5e-05,1e-05,0.1,0.029969297,422.5676319
0.00097,1.5e-05,1e-05,0.2,0.029969297,461.8347434
0.00097,1.5e-05,1e-05,0.3,0.029969297,472.9985269
0.00097,1.5e-05,1e-05,0.4,0.029969297,477.4373919
0.00097,1.5e-05,1e-05,0.5,0.029969297,479.3267332
0.00097,1.5e-05,1e-05,0.6,0.029969297,479.9367945
0.00097,1.5e-05,1e-05,0.7,0.029969297,480.0457781
0.00097,1.5e-05,1e-05,0.8,0.029969297,480.0408213
0.00097,1.5e-05,1e-05,0.9,0.029969297,480.0498137
0.00097,1.5e-05,1e-05,1.0,0.029969297,480.0540752
0.001,0.0,1e-05,0.0,0.0,300.0039998
0.001,0.0,1e-05,0.1,0.0,422.5420927
0.001,0.0,1e-05,0.2,0.0,461.8009996
0.001,0.0,1e-05,0.3,0.0,472.9624507
0.001,0.0,1e-05,0.4,0.0,477.400388
0.001,0.0,1e-05,0.5,0.0,479.2893345
0.001,0.0,1e-05,0.6,0.0,479.8992684
0.001,0.0,1e-05,0.7,0.0,480.0082293
0.001,0.0,1e-05,0.8,0.0,480.0032735
0.001,0.0,1e-05,0.9,0.0,480.012264
0.001,0.0,1e-05,1.0,0.0,480.0165246
0.000985,1.33e-05,1e-05,0.0,0.015031928,300.0039999
0.000985,1.33e-05,1e-05,0.1,0.015031928,422.5582325
0.000985,1.33e-05,1e-05,0.2,0.015031928,461.8223162
0.000985,1.33e-05,1e-05,0.3,0.015031928,472.985239
0.000985,1.33e-05,1e-05,0.4,0.015031928,477.4237616
0.000985,1.33e-05,1e-05,0.5,0.015031928,479.3129572
0.000985,1.33e-05,1e-05,0.6,0.015031928,479.9229715
0.000985,1.33e-05,1e-05,0.7,0.015031928,480.0319467
0.000985,1.33e-05,1e-05,0.8,0.015031928,480.0269903
0.000985,1.33e-05,1e-05,0.9,0.015031928,480.0359819
0.000985,1.33e-05,1e-05,1.0,0.015031928,480.0402431
0.001,2e-05,0.0,0.0,0.0,300.0039998
0.001,2e-05,0.0,0.1,0.0,422.5518964
0.001,2e-05,0.0,0.2,0.0,461.8139448
0.001,2e-05,0.0,0.3,0.0,472.976289
0.001,2e-05,0.0,0.4,0.0,477.4145815
0.001,2e-05,0.0,0.5,0.0,479.3036791
0.001,2e-05,0.0,0.6,0.0,479.9136618
0.001,2e-05,0.0,0.7,0.0,480.0226314
0.001,2e-05,0.0,0.8,0.0,480.0176752
0.001,2e-05,0.0,0.9,0.0,480.0266664
0.001,2e-05,0.0,1.0,0.0,480.0309274
0.000919,6.7e-05,0.0,0.0,0.081186697,300.0039999
0.000919,6.7e-05,0.0,0.1,0.081186697,422.6008942
0.000919,6.7e-05,0.0,0.2,0.081186697,461.8787861
0.000919,6.7e-05,0.0,0.3,0.081186697,473.0456334
0.000919,6.7e-05,0.0,0.4,0.081186697,477.4857181
0.000919,6.7e-05,0.0,0.5,0.081186697,479.3755782
0.000919,6.7e-05,0.0,0.6,0.081186697,479.9858071
0.000919,6.7e-05,0.0,0.7,0.081186697,480.0948205
0.000919,6.7e-05,0.0,0.8,0.081186697,480.0898625
0.000919,6.7e-05,0.0,0.9,0.081186697,480.0988572
0.000919,6.7e-05,0.0,1.0,0.081186697,480.1031198
0.00094,3.46e-05,0.0,0.0,0.059578102,300.0039999
0.00094,3.46e-05,0.0,0.1,0.059578102,422.5900396
0.00094,3.46e-05,0.0,0.2,0.059578102,461.8643907
0.00094,3.46e-05,0.0,0.3,0.059578102,473.030232
0.00094,3.46e-05,0.0,0.4,0.059578102,477.4699158
0.00094,3.46e-05,0.0,0.5,0.059578102,479.3596055
0.00094,3.46e-05,0.0,0.6,0.059578102,479.9697794
0.00094,3.46e-05,0.0,0.7,0.059578102,480.078783
0.00094,3.46e-05,0.0,0.8,0.059578102,480.0738254
0.00094,3.46e-05,0.0,0.9,0.059578102,480.0828193
0.00094,3.46e-05,0.0,1.0,0.059578102,480.0870816
0.000961,3.25e-05,0.0,0.0,0.038961757,300.0039999
0.000961,3.25e-05,0.0,0.1,0.038961757,422.5783684
0.000961,3.25e-05,0.0,0.2,0.038961757,461.8489349
0.000961,3.25e-05,0.0,0.3,0.038961757,473.0137006
0.000961,3.25e-05,0.0,0.4,0.038961757,477.4529562
0.000961,3.25e-05,0.0,0.5,0.038961757,479.3424637
0.000961,3.25e-05,0.0,0.6,0.038961757,479.9525788
0.000961,3.25e-05,0.0,0.7,0.038961757,480.061572
0.000961,3.25e-05,0.0,0.8,0.038961757,480.0566148
0.000961,3.25e-05,0.0,0.9,0.038961757,480.0656079
0.000961,3.25e-05,0.0,1.0,0.038961757,480.0698697
0.000961,3.26e-05,1e-05,0.0,0.038746101,300.0039999
0.000961,3.26e-05,1e-05,0.1,0.038746101,422.5782519
0.000961,3.26e-05,1e-05,0.2,0.038746101,461.8487807
0.000961,3.26e-05,1e-05,0.3,0.038746101,473.0135356
0.000961,3.26e-05,1e-05,0.4,0.038746101,477.452787
0.000961,3.26e-05,1e-05,0.5,0.038746101,479.3422927
0.000961,3.26e-05,1e-05,0.6,0.038746101,479.9524072
0.000961,3.26e-05,1e-05,0.7,0.038746101,480.0614003
0.000961,3.26e-05,1e-05,0.8,0.038746101,480.0564431
0.000961,3.26e-05,1e-05,0.9,0.038746101,480.0654362
0.000961,3.26e-05,1e-05,1.0,0.038746101,480.069698
0.000941,3.46e-05,1e-05,0.0,0.059224295,300.0039999
0.000941,3.46e-05,1e-05,0.1,0.059224295,422.5898508
0.000941,3.46e-05,1e-05,0.2,0.059224295,461.8641405
0.000941,3.46e-05,1e-05,0.3,0.059224295,473.0299643
0.000941,3.46e-05,1e-05,0.4,0.059224295,477.4696412
0.000941,3.46e-05,1e-05,0.5,0.059224295,479.3593279
0.000941,3.46e-05,1e-05,0.6,0.059224295,479.9695008
0.000941,3.46e-05,1e-05,0.7,0.059224295,480.0785043
0.000941,3.46e-05,1e-05,0.8,0.059224295,480.0735467
0.000941,3.46e-05,1e-05,0.9,0.059224295,480.0825406
0.000941,3.46e-05,1e-05,1.0,0.059224295,480.0868029
0.000946,4.29e-05,5e-06,0.0,0.053846568,300.004
0.000946,4.29e-05,5e-06,0.1,0.053846568,422.5896377
0.000946,4.29e-05,5e-06,0.2,0.053846568,461.8638461
0.000946,4.29e-05,5e-06,0.3,0.053846568,473.0296469
0.000946,4.29e-05,5e-06,0.4,0.053846568,477.4693145
0.000946,4.29e-05,5e-06,0.5,0.053846568,479.3589973
0.000946,4.29e-05,5e-06,0.6,0.053846568,479.9691689
0.000946,4.29e-05,5e-06,0.7,0.053846568,480.0781722
0.000946,4.29e-05,5e-06,0.8,0.053846568,480.0732145
0.000946,4.29e-05,5e-06,0.9,0.053846568,480.0822085
0.000946,4.29e-05,5e-06,1.0,0.053846568,480.0864707
0.00091,8.32e-05,5e-06,0.0,0.090234762,300.0039999
0.00091,8.32e-05,5e-06,0.1,0.090234762,422.6019473
0.00091,8.32e-05,5e-06,0.2,0.090234762,461.8802065
0.00091,8.32e-05,5e-06,0.3,0.090234762,473.047158
0.00091,8.32e-05,5e-06,0.4,0.090234762,477.4872845
0.00091,8.32e-05,5e-06,0.5,0.090234762,479.3771622
0.00091,8.32e-05,5e-06,0.6,0.090234762,479.9873969
0.00091,8.32e-05,5e-06,0.7,0.090234762,480.0964112
0.00091,8.32e-05,5e-06,0.8,0.090234762,480.0914532
0.00091,8.32e-05,5e-06,0.9,0.090234762,480.100448
0.00091,8.32e-05,5e-06,1.0,0.090234762,480.1047107
0.00092,0.0001,0.0,0.0,0.08,300.0039998
0.00092,0.0001,0.0,0.1,0.08,422.5867491
0.00092,0.0001,0.0,0.2,0.08,461.8601041
0.00092,0.0001,0.0,0.3,0.08,473.0256616
0.00092,0.0001,0.0,0.4,0.08,477.4652334
0.00092,0.0001,0.0,0.5,0.08,479.3548752
0.00092,0.0001,0.0,0.6,0.08,479.9650336
0.00092,0.0001,0.0,0.7,0.08,480.0740344
0.00092,0.0001,0.0,0.8,0.08,480.069077
0.00092,0.0001,0.0,0.9,0.08,480.0780707
0.00092,0.0001,0.0,1.0,0.08,480.0823328
0.00091,8.27e-05,0.0,0.0,0.09,300.0039999
0.00091,8.27e-05,0.0,0.1,0.09,422.6005064
0.00091,8.27e-05,0.0,0.2,0.09,461.8783031
0.00091,8.27e-05,0.0,0.3,0.09,473.0451231
0.00091,8.27e-05,0.0,0.4,0.09,477.4851973
0.00091,8.27e-05,0.0,0.5,0.09,479.3750528
0.00091,8.27e-05,0.0,0.6,0.09,479.9852803
0.00091,8.27e-05,0.0,0.7,0.09,480.0942933
0.00091,8.27e-05,0.0,0.8,0.09,480.0893354
0.00091,8.27e-05,0.0,0.9,0.09,480.0983301
0.00091,8.27e-05,0.0,1.0,0.09,480.1025927
0.00091,8.27e-05,1e-05,0.0,0.09,300.0039999
0.00091,8.27e-05,1e-05,0.1,0.09,422.6005064
0.00091,8.27e-05,1e-05,0.2,0.09,461.8783031
0.00091,8.27e-05,1e-05,0.3,0.09,473.0451231
0.00091,8.27e-05,1e-05,0.4,0.09,477.4851973
0.00091,8.27e-05,1e-05,0.5,0.09,479.3750528
0.00091,8.27e-05,1e-05,0.6,0.09,479.9852803
0.00091,8.27e-05,1e-05,0.7,0.09,480.0942933
0.00091,8.27e-05,1e-05,0.8,0.09,480.0893354
0.00091,8.27e-05,1e-05,0.9,0.09,480.0983301
0.00091,8.27e-05,1e-05,1.0,0.09,480.1025927
0.000931,5.09e-05,0.0,0.0,0.069057829,300.0039999
0.000931,5.09e-05,0.0,0.1,0.069057829,422.5964609
0.000931,5.09e-05,0.0,0.2,0.069057829,461.8728955
0.000931,5.09e-05,0.0,0.3,0.069057829,473.0393289
0.000931,5.09e-05,0.0,0.4,0.069057829,477.4792485
0.000931,5.09e-05,0.0,0.5,0.069057829,479.3690384
0.000931,5.09e-05,0.0,0.6,0.069057829,479.9792447
0.000931,5.09e-05,0.0,0.7,0.069057829,480.0882541
0.000931,5.09e-05,0.0,0.8,0.069057829,480.0832962
0.000931,5.09e-05,0.0,0.9,0.069057829,480.0922906
0.000931,5.09e-05,0.0,1.0,0.069057829,480.0965531
0.000931,5.09e-05,1e-05,0.0,0.069139522,300.0039999
0.000931,5.09e-05,1e-05,0.1,0.069139522,422.5965033
0.000931,5.09e-05,1e-05,0.2,0.069139522,461.8729517
0.000931,5.09e-05,1e-05,0.3,0.069139522,473.039389
0.000931,5.09e-05,1e-05,0.4,0.069139522,477.4793102
0.000931,5.09e-05,1e-05,0.5,0.069139522,479.3691008
0.000931,5.09e-05,1e-05,0.6,0.069139522,479.9793072
0.000931,5.09e-05,1e-05,0.7,0.069139522,480.0883166
0.000931,5.09e-05,1e-05,0.8,0.069139522,480.0833588
0.000931,5.09e-05,1e-05,0.9,0.069139522,480.0923532
0.000931,5.09e-05,1e-05,1.0,0.069139522,480.0966157
0.00092,6.73e-05,1e-05,0.0,0.080278427,300.0039999
0.00092,6.73e-05,1e-05,0.1,0.080278427,422.6003646
0.00092,6.73e-05,1e-05,0.2,0.080278427,461.8780839
0.00092,6.73e-05,1e-05,0.3,0.080278427,473.0448822
0.00092,6.73e-05,1e-05,0.4,0.080278427,477.4849473
0.00092,6.73e-05,1e-05,0.5,0.080278427,479.3747991
0.00092,6.73e-05,1e-05,0.6,0.080278427,479.9850253
0.00092,6.73e-05,1e-05,0.7,0.080278427,480.0940382
0.00092,6.73e-05,1e-05,0.8,0.080278427,480.0890802
0.00092,6.73e-05,1e-05,0.9,0.080278427,480.0980749
0.00092,6.73e-05,1e-05,1.0,0.080278427,480.1023375
0.000982,3.11e-05,0.0,0.0,0.018290785,300.0039999
0.000982,3.11e-05,0.0,0.1,0.018290785,422.5662031
0.000982,3.11e-05,0.0,0.2,0.018290785,461.8328439
0.000982,3.11e-05,0.0,0.3,0.018290785,472.9964937
0.000982,3.11e-05,0.0,0.4,0.018290785,477.4353054
0.000982,3.11e-05,0.0,0.5,0.018290785,479.324624
0.000982,3.11e-05,0.0,0.6,0.018290785,479.934678
0.000982,3.11e-05,0.0,0.7,0.018290785,480.0436604
0.000982,3.11e-05,0.0,0.8,0.018290785,480.0387036
0.000982,3.11e-05,0.0,0.9,0.018290785,480.0476958
0.000982,3.11e-05,0.0,1.0,0.018290785,480.0519573
0.001,2e-05,1e-05,0.0,0.0,300.0039998
0.001,2e-05,1e-05,0.1,0.0,422.5518941
0.001,2e-05,1e-05,0.2,0.0,461.8139417
0.001,2e-05,1e-05,0.3,0.0,472.9762857
0.001,2e-05,1e-05,0.4,0.0,477.4145781
0.001,2e-05,1e-05,0.5,0.0,479.3036757
0.001,2e-05,1e-05,0.6,0.0,479.9136583
0.001,2e-05,1e-05,0.7,0.0,480.0226279
0.001,2e-05,1e-05,0.8,0.0,480.0176718
0.001,2e-05,1e-05,0.9,0.0,480.0266629
0.001,2e-05,1e-05,1.0,0.0,480.0309239
0.000929,8.31e-05,0.0,0.0,0.070983971,300.0039999
0.000929,8.31e-05,0.0,0.1,0.070983971,422.5907683
0.000929,8.31e-05,0.0,0.2,0.070983971,461.8653837
0.000929,8.31e-05,0.0,0.3,0.070983971,473.0312998
0.000929,8.31e-05,0.0,0.4,0.070983971,477.4710138
0.000929,8.31e-05,0.0,0.5,0.070983971,479.3607162
0.000929,8.31e-05,0.0,0.6,0.070983971,479.9708942
0.000929,8.31e-05,0.0,0.7,0.070983971,480.0798985
0.000929,8.31e-05,0.0,0.8,0.070983971,480.0749409
0.000929,8.31e-05,0.0,0.9,0.070983971,480.0839349
0.000929,8.31e-05,0.0,1.0,0.070983971,480.0881972
0.00092,0.0001,1e-05,0.0,0.08,300.0039998
0.00092,0.0001,1e-05,0.1,0.08,422.5867491
0.00092,0.0001,1e-05,0.2,0.08,461.8601041
0.00092,0.0001,1e-05,0.3,0.08,473.0256617
0.00092,0.0001,1e-05,0.4,0.08,477.4652334
0.00092,0.0001,1e-05,0.5,0.08,479.3548752
0.00092,0.0001,1e-05,0.6,0.08,479.9650336
0.00092,0.0001,1e-05,0.7,0.08,480.0740344
0.00092,0.0001,1e-05,0.8,0.08,480.069077
0.00092,0.0001,1e-05,0.9,0.08,480.0780707
0.00092,0.0001,1e-05,1.0,0.08,480.0823328
0.00094,0.0001,0.0,0.0,0.06,300.0039998
0.00094,0.0001,0.0,0.1,0.06,422.5763916
0.00094,0.0001,0.0,0.2,0.06,461.84637
0.00094,0.0001,0.0,0.3,0.06,473.010968
0.00094,0.0001,0.0,0.4,0.06,477.4501576
0.00094,0.0001,0.0,0.5,0.06,479.3396369
0.00094,0.0001,0.0,0.6,0.06,479.9497428
0.00094,0.0001,0.0,0.7,0.06,480.0587343
0.00094,0.0001,0.0,0.8,0.06,480.0537772
0.00094,0.0001,0.0,0.9,0.06,480.0627702
0.00094,0.0001,0.0,1.0,0.06,480.067032
0.000982,3.12e-05,1e-05,0.0,0.01819126,300.0039999
0.000982,3.12e-05,1e-05,0.1,0.01819126,422.5661533
0.000982,3.12e-05,1e-05,0.2,0.01819126,461.832778
0.000982,3.12e-05,1e-05,0.3,0.01819126,472.9964233
0.000982,3.12e-05,1e-05,0.4,0.01819126,477.4352331
0.000982,3.12e-05,1e-05,0.5,0.01819126,479.324551
0.000982,3.12e-05,1e-05,0.6,0.01819126,479.9346047
0.000982,3.12e-05,1e-05,0.7,0.01819126,480.043587
0.000982,3.12e-05,1e-05,0.8,0.01819126,480.0386303
0.000982,3.12e-05,1e-05,0.9,0.01819126,480.0476225
0.000982,3.12e-05,1e-05,1.0,0.01819126,480.051884
0.001,3.99e-05,0.0,0.0,0.0,300.0039998
0.001,3.99e-05,0.0,0.1,0.0,422.5567771
0.001,3.99e-05,0.0,0.2,0.0,461.82039
0.001,3.99e-05,0.0,0.3,0.0,472.983179
0.001,3.99e-05,0.0,0.4,0.0,477.4216483
0.001,3.99e-05,0.0,0.5,0.0,479.3108212
0.001,3.99e-05,0.0,0.6,0.0,479.9208282
0.001,3.99e-05,0.0,0.7,0.0,480.0298021
0.001,3.99e-05,0.0,0.8,0.0,480.0248457
0.001,3.99e-05,0.0,0.9,0.0,480.0338373
0.001,3.99e-05,0.0,1.0,0.0,480.0380984
0.00097,4.56e-05,0.0,0.0,0.030050118,300.0039999
0.00097,4.56e-05,0.0,0.1,0.030050118,422.575081
0.00097,4.56e-05,0.0,0.2,0.030050118,461.8445802
0.00097,4.56e-05,0.0,0.3,0.030050118,473.0090426
0.00097,4.56e-05,0.0,0.4,0.030050118,477.4481775
0.00097,4.56e-05,0.0,0.5,0.030050118,479.3376337
0.00097,4.56e-05,0.0,0.6,0.030050118,479.9477321
0.00097,4.56e-05,0.0,0.7,0.030050118,480.0567224
0.00097,4.56e-05,0.0,0.8,0.030050118,480.0517653
0.00097,4.56e-05,0.0,0.9,0.030050118,480.0607581
0.00097,4.56e-05,0.0,1.0,0.030050118,480.0650199
0.00097,4.55e-05,1e-05,0.0,0.029748862,300.0039999
0.00097,4.55e-05,1e-05,0.1,0.029748862,422.5748998
0.00097,4.55e-05,1e-05,0.2,0.029748862,461.8443406
0.00097,4.55e-05,1e-05,0.3,0.029748862,473.0087863
0.00097,4.55e-05,1e-05,0.4,0.029748862,477.4479146
0.00097,4.55e-05,1e-05,0.5,0.029748862,479.337368
0.00097,4.55e-05,1e-05,0.6,0.029748862,479.9474655
0.00097,4.55e-05,1e-05,0.7,0.029748862,480.0564556
0.00097,4.55e-05,1e-05,0.8,0.029748862,480.0514985
0.00097,4.55e-05,1e-05,0.9,0.029748862,480.0604914
0.00097,4.55e-05,1e-05,1.0,0.029748862,480.0647531
0.000939,6.68e-05,0.0,0.0,0.061341194,300.0039999
0.000939,6.68e-05,0.0,0.1,0.061341194,422.5906986
0.000939,6.68e-05,0.0,0.2,0.061341194,461.8652654
0.000939,6.68e-05,0.0,0.3,0.061341194,473.031168
0.000939,6.68e-05,0.0,0.4,0.061341194,477.4708762
0.000939,6.68e-05,0.0,0.5,0.061341194,479.3605763
0.000939,6.68e-05,0.0,0.6,0.061341194,479.9707535
0.000939,6.68e-05,0.0,0.7,0.061341194,480.0797577
0.000939,6.68e-05,0.0,0.8,0.061341194,480.0748001
0.000939,6.68e-05,0.0,0.9,0.061341194,480.0837941
0.000939,6.68e-05,0.0,1.0,0.061341194,480.0880564
0.000952,5.11e-05,0.0,0.0,0.048187362,300.0039999
0.000952,5.11e-05,0.0,0.1,0.048187362,422.5853326
0.000952,5.11e-05,0.0,0.2,0.048187362,461.858149
0.000952,5.11e-05,0.0,0.3,0.048187362,473.0235542
0.000952,5.11e-05,0.0,0.4,0.048187362,477.4630643
0.000952,5.11e-05,0.0,0.5,0.048187362,479.3526801
0.000952,5.11e-05,0.0,0.6,0.048187362,479.9628301
0.000952,5.11e-05,0.0,0.7,0.048187362,480.0718295
0.000952,5.11e-05,0.0,0.8,0.048187362,480.0668721
0.000952,5.11e-05,0.0,0.9,0.048187362,480.0758657
0.000952,5.11e-05,0.0,1.0,0.048187362,480.0801278
0.000952,5.12e-05,1e-05,0.0,0.048396512,300.0039999
0.000952,5.12e-05,1e-05,0.1,0.048396512,422.5854468
0.000952,5.12e-05,1e-05,0.2,0.048396512,461.8583002
0.000952,5.12e-05,1e-05,0.3,0.048396512,473.0237159
0.000952,5.12e-05,1e-05,0.4,0.048396512,477.4632302
0.000952,5.12e-05,1e-05,0.5,0.048396512,479.3528478
0.000952,5.12e-05,1e-05,0.6,0.048396512,479.9629983
0.000952,5.12e-05,1e-05,0.7,0.048396512,480.0719979
0.000952,5.12e-05,1e-05,0.8,0.048396512,480.0670404
0.000952,5.12e-05,1e-05,0.9,0.048396512,480.076034
0.000952,5.12e-05,1e-05,1.0,0.048396512,480.0802961
0.000929,8.27e-05,1e-05,0.0,0.070810447,300.0039999
0.000929,8.27e-05,1e-05,0.1,0.070810447,422.5908237
0.000929,8.27e-05,1e-05,0.2,0.070810447,461.8654563
0.000929,8.27e-05,1e-05,0.3,0.070810447,473.0313774
0.000929,8.27e-05,1e-05,0.4,0.070810447,477.4710933
0.000929,8.27e-05,1e-05,0.5,0.070810447,479.3607965
0.000929,8.27e-05,1e-05,0.6,0.070810447,479.9709748
0.000929,8.27e-05,1e-05,0.7,0.070810447,480.0799792
0.000929,8.27e-05,1e-05,0.8,0.070810447,480.0750215
0.000929,8.27e-05,1e-05,0.9,0.070810447,480.0840155
0.000929,8.27e-05,1e-05,1.0,0.070810447,480.0882778
0.000939,6.69e-05,1e-05,0.0,0.061133566,300.0039999
0.000939,6.69e-05,1e-05,0.1,0.061133566,422.590558
0.000939,6.69e-05,1e-05,0.2,0.061133566,461.8650793
0.000939,6.69e-05,1e-05,0.3,0.061133566,473.0309688
0.000939,6.69e-05,1e-05,0.4,0.061133566,477.470672
0.000939,6.69e-05,1e-05,0.5,0.061133566,479.3603698
0.000939,6.69e-05,1e-05,0.6,0.061133566,479.9705463
0.000939,6.69e-05,1e-05,0.7,0.061133566,480.0795504
0.000939,6.69e-05,1e-05,0.8,0.061133566,480.0745928
0.000939,6.69e-05,1e-05,0.9,0.061133566,480.0835868
0.000939,6.69e-05,1e-05,1.0,0.061133566,480.0878491
0.000985,5.12e-05,0.0,0.0,0.014810038,300.0039999
0.000985,5.12e-05,0.0,0.1,0.014810038,422.5663208
0.000985,5.12e-05,0.0,0.2,0.014810038,461.8329969
0.000985,5.12e-05,0.0,0.3,0.014810038,472.9966568
0.000985,5.12e-05,0.0,0.4,0.014810038,477.4354724
0.000985,5.12e-05,0.0,0.5,0.014810038,479.3247927
0.000985,5.12e-05,0.0,0.6,0.014810038,479.9348473
0.000985,5.12e-05,0.0,0.7,0.014810038,480.0438297
0.000985,5.12e-05,0.0,0.8,0.014810038,480.038873
0.000985,5.12e-05,0.0,0.9,0.014810038,480.0478652
0.000985,5.12e-05,0.0,1.0,0.014810038,480.0521267
0.001,4e-05,1e-05,0.0,0.0,300.0039998
0.001,4e-05,1e-05,0.1,0.0,422.5567933
0.001,4e-05,1e-05,0.2,0.0,461.8204113
0.001,4e-05,1e-05,0.3,0.0,472.9832018
0.001,4e-05,1e-05,0.4,0.0,477.4216717
0.001,4e-05,1e-05,0.5,0.0,479.3108449
0.001,4e-05,1e-05,0.6,0.0,479.9208519
0.001,4e-05,1e-05,0.7,0.0,480.0298259
0.001,4e-05,1e-05,0.8,0.0,480.0248695
0.001,4e-05,1e-05,0.9,0.0,480.033861
0.001,4e-05,1e-05,1.0,0.0,480.0381222
0.000947,8.46e-05,5.22e-06,0.0,0.053215477,300.0039999
0.000947,8.46e-05,5.22e-06,0.1,0.053215477,422.5822817
0.000947,8.46e-05,5.22e-06,0.2,0.053215477,461.8541308
0.000947,8.46e-05,5.22e-06,0.3,0.053215477,473.0192609
0.000947,8.46e-05,5.22e-06,0.4,0.053215477,477.4586618
0.000947,8.46e-05,5.22e-06,0.5,0.053215477,479.3482311
0.000947,8.46e-05,5.22e-06,0.6,0.053215477,479.958366
0.000947,8.46e-05,5.22e-06,0.7,0.053215477,480.0673628
0.000947,8.46e-05,5.22e-06,0.8,0.053215477,480.0624054
0.000947,8.46e-05,5.22e-06,0.9,0.053215477,480.0713988
0.000947,8.46e-05,5.22e-06,1.0,0.053215477,480.0756608
0.000949,8.32e-05,0.0,0.0,0.050949514,300.0039999
0.000949,8.32e-05,0.0,0.1,0.050949514,422.5800799
0.000949,8.32e-05,0.0,0.2,0.050949514,461.8512184
0.000949,8.32e-05,0.0,0.3,0.050949514,473.0161465
0.000949,8.32e-05,0.0,0.4,0.050949514,477.455467
0.000949,8.32e-05,0.0,0.5,0.050949514,479.3450021
0.000949,8.32e-05,0.0,0.6,0.050949514,479.955126
0.000949,8.32e-05,0.0,0.7,0.050949514,480.0641208
0.000949,8.32e-05,0.0,0.8,0.050949514,480.0591635
0.000949,8.32e-05,0.0,0.9,0.050949514,480.0681568
0.000949,8.32e-05,0.0,1.0,0.050949514,480.0724187
0.00094,0.0001,1e-05,0.0,0.06,300.0039998
0.00094,0.0001,1e-05,0.1,0.06,422.5763915
0.00094,0.0001,1e-05,0.2,0.06,461.8463699
0.00094,0.0001,1e-05,0.3,0.06,473.010968
0.00094,0.0001,1e-05,0.4,0.06,477.4501576
0.00094,0.0001,1e-05,0.5,0.06,479.3396368
0.00094,0.0001,1e-05,0.6,0.06,479.9497428
0.00094,0.0001,1e-05,0.7,0.06,480.0587343
0.00094,0.0001,1e-05,0.8,0.06,480.0537772
0.00094,0.0001,1e-05,0.9,0.06,480.0627701
0.00094,0.0001,1e-05,1.0,0.06,480.0670319
0.00096,0.0001,0.0,0.0,0.04,300.0039998
0.00096,0.0001,0.0,0.1,0.04,422.5655011
0.00096,0.0001,0.0,0.2,0.04,461.8319459
0.00096,0.0001,0.0,0.3,0.04,472.9955398
0.00096,0.0001,0.0,0.4,0.04,477.4343295
0.00096,0.0001,0.0,0.5,0.04,479.3236387
0.00096,0.0001,0.0,0.6,0.04,479.9336897
0.00096,0.0001,0.0,0.7,0.04,480.0426715
0.00096,0.0001,0.0,0.8,0.04,480.0377148
0.00096,0.0001,0.0,0.9,0.04,480.046707
0.00096,0.0001,0.0,1.0,0.04,480.0509684
0.000986,5.12e-05,1e-05,0.0,0.014360075,300.0039999
0.000986,5.12e-05,1e-05,0.1,0.014360075,422.5660531
0.000986,5.12e-05,1e-05,0.2,0.014360075,461.8326431
0.000986,5.12e-05,1e-05,0.3,0.014360075,472.9962785
0.000986,5.12e-05,1e-05,0.4,0.014360075,477.4350844
0.000986,5.12e-05,1e-05,0.5,0.014360075,479.3244006
0.000986,5.12e-05,1e-05,0.6,0.014360075,479.9344538
0.000986,5.12e-05,1e-05,0.7,0.014360075,480.043436
0.000986,5.12e-05,1e-05,0.8,0.014360075,480.0384793
0.000986,5.12e-05,1e-05,0.9,0.014360075,480.0474715
0.000986,5.12e-05,1e-05,1.0,0.014360075,480.051733
0.001,5.99e-05,0.0,0.0,0.0,300.0039998
0.001,5.99e-05,0.0,0.1,0.0,422.5567997
0.001,5.99e-05,0.0,0.2,0.0,461.8204198
0.001,5.99e-05,0.0,0.3,0.0,472.9832109
0.001,5.99e-05,0.0,0.4,0.0,477.421681
0.001,5.99e-05,0.0,0.5,0.0,479.3108543
0.001,5.99e-05,0.0,0.6,0.0,479.9208613
0.001,5.99e-05,0.0,0.7,0.0,480.0298353
0.001,5.99e-05,0.0,0.8,0.0,480.0248789
0.001,5.99e-05,0.0,0.9,0.0,480.0338705
0.001,5.99e-05,0.0,1.0,0.0,480.0381316
0.000985,6.06e-05,5e-06,0.0,0.014595493,300.004
0.000985,6.06e-05,5e-06,0.1,0.014595493,422.5670498
0.000985,6.06e-05,5e-06,0.2,0.014595493,461.8339591
0.000985,6.06e-05,5e-06,0.3,0.014595493,472.9976853
0.000985,6.06e-05,5e-06,0.4,0.014595493,477.4365272
0.000985,6.06e-05,5e-06,0.5,0.014595493,479.3258588
0.000985,6.06e-05,5e-06,0.6,0.014595493,479.935917
0.000985,6.06e-05,5e-06,0.7,0.014595493,480.0449001
0.000985,6.06e-05,5e-06,0.8,0.014595493,480.0399433
0.000985,6.06e-05,5e-06,0.9,0.014595493,480.0489356
0.000985,6.06e-05,5e-06,1.0,0.014595493,480.053197
0.000969,6.1e-05,1e-05,0.0,0.030514613,300.0039999
0.000969,6.1e-05,1e-05,0.1,0.030514613,422.5747226
0.000969,6.1e-05,1e-05,0.2,0.030514613,461.8441075
0.000969,6.1e-05,1e-05,0.3,0.030514613,473.0085374
0.000969,6.1e-05,1e-05,0.4,0.030514613,477.4476594
0.000969,6.1e-05,1e-05,0.5,0.030514613,479.33711
0.000969,6.1e-05,1e-05,0.6,0.030514613,479.9472067
0.000969,6.1e-05,1e-05,0.7,0.030514613,480.0561966
0.000969,6.1e-05,1e-05,0.8,0.030514613,480.0512396
0.000969,6.1e-05,1e-05,0.9,0.030514613,480.0602324
0.000969,6.1e-05,1e-05,1.0,0.030514613,480.0644942
0.00097,6.1e-05,0.0,0.0,0.030376055,300.0039999
0.00097,6.1e-05,0.0,0.1,0.030376055,422.5746423
0.00097,6.1e-05,0.0,0.2,0.030376055,461.8440014
0.00097,6.1e-05,0.0,0.3,0.030376055,473.0084239
0.00097,6.1e-05,0.0,0.4,0.030376055,477.4475429
0.00097,6.1e-05,0.0,0.5,0.030376055,479.3369924
0.00097,6.1e-05,0.0,0.6,0.030376055,479.9470886
0.00097,6.1e-05,0.0,0.7,0.030376055,480.0560785
0.00097,6.1e-05,0.0,0.8,0.030376055,480.0511214
0.00097,6.1e-05,0.0,0.9,0.030376055,480.0601143
0.00097,6.1e-05,0.0,1.0,0.030376055,480.064376
0.000956,6.85e-05,0.0,0.0,0.044476039,300.0039999
0.000956,6.85e-05,0.0,0.1,0.044476039,422.5812125
0.000956,6.85e-05,0.0,0.2,0.044476039,461.8527007
0.000956,6.85e-05,0.0,0.3,0.044476039,473.0177283
0.000956,6.85e-05,0.0,0.4,0.044476039,477.4570882
0.000956,6.85e-05,0.0,0.5,0.044476039,479.3466401
0.000956,6.85e-05,0.0,0.6,0.044476039,479.9567694
0.000956,6.85e-05,0.0,0.7,0.044476039,480.0657652
0.000956,6.85e-05,0.0,0.8,0.044476039,480.0608079
0.000956,6.85e-05,0.0,0.9,0.044476039,480.0698012
0.000956,6.85e-05,0.0,1.0,0.044476039,480.0740632
0.000955,6.85e-05,1e-05,0.0,0.044814434,300.0039999
0.000955,6.85e-05,1e-05,0.1,0.044814434,422.5813954
0.000955,6.85e-05,1e-05,0.2,0.044814434,461.8529429
0.000955,6.85e-05,1e-05,0.3,0.044814434,473.0179873
0.000955,6.85e-05,1e-05,0.4,0.044814434,477.457354
0.000955,6.85e-05,1e-05,0.5,0.044814434,479.3469087
0.000955,6.85e-05,1e-05,0.6,0.044814434,479.957039
0.000955,6.85e-05,1e-05,0.7,0.044814434,480.0660349
0.000955,6.85e-05,1e-05,0.8,0.044814434,480.0610776
0.000955,6.85e-05,1e-05,0.9,0.044814434,480.0700709
0.000955,6.85e-05,1e-05,1.0,0.044814434,480.0743329
0.000949,8.32e-05,1e-05,0.0,0.050952891,300.0039999
0.000949,8.32e-05,1e-05,0.1,0.050952891,422.5800807
0.000949,8.32e-05,1e-05,0.2,0.050952891,461.8512196
0.000949,8.32e-05,1e-05,0.3,0.050952891,473.0161477
0.000949,8.32e-05,1e-05,0.4,0.050952891,477.4554683
0.000949,8.32e-05,1e-05,0.5,0.050952891,479.3450034
0.000949,8.32e-05,1e-05,0.6,0.050952891,479.9551273
0.000949,8.32e-05,1e-05,0.7,0.050952891,480.0641221
0.000949,8.32e-05,1e-05,0.8,0.050952891,480.0591648
0.000949,8.32e-05,1e-05,0.9,0.050952891,480.068158
0.000949,8.32e-05,1e-05,1.0,0.050952891,480.07242
0.000969,8.21e-05,0.0,0.0,0.030854901,300.0039999
0.000969,8.21e-05,0.0,0.1,0.030854901,422.5693439
0.000969,8.21e-05,0.0,0.2,0.030854901,461.8370052
0.000969,8.21e-05,0.0,0.3,0.030854901,473.000945
0.000969,8.21e-05,0.0,0.4,0.030854901,477.4398722
0.000969,8.21e-05,0.0,0.5,0.030854901,479.3292399
0.000969,8.21e-05,0.0,0.6,0.030854901,479.9393098
0.000969,8.21e-05,0.0,0.7,0.030854901,480.0482949
0.000969,8.21e-05,0.0,0.8,0.030854901,480.0433381
0.000969,8.21e-05,0.0,0.9,0.030854901,480.0523305
0.000969,8.21e-05,0.0,1.0,0.030854901,480.0565921
0.000985,6.99e-05,0.0,0.0,0.014558049,300.0039999
0.000985,6.99e-05,0.0,0.1,0.014558049,422.5637501
0.000985,6.99e-05,0.0,0.2,0.014558049,461.8296019
0.000985,6.99e-05,0.0,0.3,0.014558049,472.9930275
0.000985,6.99e-05,0.0,0.4,0.014558049,477.4317499
0.000985,6.99e-05,0.0,0.5,0.014558049,479.3210306
0.000985,6.99e-05,0.0,0.6,0.014558049,479.9310723
0.000985,6.99e-05,0.0,0.7,0.014558049,480.0400525
0.000985,6.99e-05,0.0,0.8,0.014558049,480.0350958
0.000985,6.99e-05,0.0,0.9,0.014558049,480.0440879
0.000985,6.99e-05,0.0,1.0,0.014558049,480.0483493
0.001,6e-05,1e-05,0.0,0.0,300.0039998
0.001,6e-05,1e-05,0.1,0.0,422.5567933
0.001,6e-05,1e-05,0.2,0.0,461.8204113
0.001,6e-05,1e-05,0.3,0.0,472.9832018
0.001,6e-05,1e-05,0.4,0.0,477.4216717
0.001,6e-05,1e-05,0.5,0.0,479.3108449
0.001,6e-05,1e-05,0.6,0.0,479.9208519
0.001,6e-05,1e-05,0.7,0.0,480.0298259
0.001,6e-05,1e-05,0.8,0.0,480.0248695
0.001,6e-05,1e-05,0.9,0.0,480.033861
0.001,6e-05,1e-05,1.0,0.0,480.0381222
0.00096,0.0001,1e-05,0.0,0.04,300.0039998
0.00096,0.0001,1e-05,0.1,0.04,422.5655011
0.00096,0.0001,1e-05,0.2,0.04,461.8319459
0.00096,0.0001,1e-05,0.3,0.04,472.9955398
0.00096,0.0001,1e-05,0.4,0.04,477.4343295
0.00096,0.0001,1e-05,0.5,0.04,479.3236387
0.00096,0.0001,1e-05,0.6,0.04,479.9336897
0.00096,0.0001,1e-05,0.7,0.04,480.0426715
0.00096,0.0001,1e-05,0.8,0.04,480.0377148
0.00096,0.0001,1e-05,0.9,0.04,480.046707
0.00096,0.0001,1e-05,1.0,0.04,480.0509684
0.00098,0.0001,0.0,0.0,0.02,300.0039998
0.00098,0.0001,0.0,0.1,0.02,422.5540706
0.00098,0.0001,0.0,0.2,0.02,461.8168249
0.00098,0.0001,0.0,0.3,0.02,472.9793698
0.00098,0.0001,0.0,0.4,0.02,477.4177421
0.00098,0.0001,0.0,0.5,0.02,479.3068737
0.00098,0.0001,0.0,0.6,0.02,479.9168674
0.00098,0.0001,0.0,0.7,0.02,480.0258389
0.00098,0.0001,0.0,0.8,0.02,480.0208827
0.00098,0.0001,0.0,0.9,0.02,480.029874
0.00098,0.0001,0.0,1.0,0.02,480.034135
0.001,8e-05,0.0,0.0,0.0,300.0039998
0.001,8e-05,0.0,0.1,0.0,422.5519016
0.001,8e-05,0.0,0.2,0.0,461.8139517
0.001,8e-05,0.0,0.3,0.0,472.9762964
0.001,8e-05,0.0,0.4,0.0,477.414589
0.001,8e-05,0.0,0.5,0.0,479.3036868
0.001,8e-05,0.0,0.6,0.0,479.9136694
0.001,8e-05,0.0,0.7,0.0,480.0226391
0.001,8e-05,0.0,0.8,0.0,480.0176829
0.001,8e-05,0.0,0.9,0.0,480.0266741
0.001,8e-05,0.0,1.0,0.0,480.030935
0.000985,7e-05,1e-05,0.0,0.014653809,300.0039999
0.000985,7e-05,1e-05,0.1,0.014653809,422.5637993
0.000985,7e-05,1e-05,0.2,0.014653809,461.8296669
0.000985,7e-05,1e-05,0.3,0.014653809,472.993097
0.000985,7e-05,1e-05,0.4,0.014653809,477.4318212
0.000985,7e-05,1e-05,0.5,0.014653809,479.3211026
0.000985,7e-05,1e-05,0.6,0.014653809,479.9311446
0.000985,7e-05,1e-05,0.7,0.014653809,480.0401248
0.000985,7e-05,1e-05,0.8,0.014653809,480.0351682
0.000985,7e-05,1e-05,0.9,0.014653809,480.0441602
0.000985,7e-05,1e-05,1.0,0.014653809,480.0484216
0.00097,8.26e-05,1e-05,0.0,0.02978383,300.0039999
0.00097,8.26e-05,1e-05,0.1,0.02978383,422.5685557
0.00097,8.26e-05,1e-05,0.2,0.02978383,461.8359629
0.00097,8.26e-05,1e-05,0.3,0.02978383,472.9998305
0.00097,8.26e-05,1e-05,0.4,0.02978383,477.4387289
0.00097,8.26e-05,1e-05,0.5,0.02978383,479.3280845
0.00097,8.26e-05,1e-05,0.6,0.02978383,479.9381504
0.00097,8.26e-05,1e-05,0.7,0.02978383,480.0471348
0.00097,8.26e-05,1e-05,0.8,0.02978383,480.042178
0.00097,8.26e-05,1e-05,0.9,0.02978383,480.0511704
0.00097,8.26e-05,1e-05,1.0,0.02978383,480.0554319
0.000987,8.62e-05,0.0,0.0,0.012665174,300.0039999
0.000987,8.62e-05,0.0,0.1,0.012665174,422.5570297
0.000987,8.62e-05,0.0,0.2,0.012665174,461.8207265
0.000987,8.62e-05,0.0,0.3,0.012665174,472.9835393
0.000987,8.62e-05,0.0,0.4,0.012665174,477.4220181
0.000987,8.62e-05,0.0,0.5,0.012665174,479.3111951
0.000987,8.62e-05,0.0,0.6,0.012665174,479.9212034
0.000987,8.62e-05,0.0,0.7,0.012665174,480.0301776
0.000987,8.62e-05,0.0,0.8,0.012665174,480.0252212
0.000987,8.62e-05,0.0,0.9,0.012665174,480.0342127
0.000987,8.62e-05,0.0,1.0,0.012665174,480.0384739
0.001,8e-05,1e-05,0.0,0.0,300.0039998
0.001,8e-05,1e-05,0.1,0.0,422.5518941
0.001,8e-05,1e-05,0.2,0.0,461.8139417
0.001,8e-05,1e-05,0.3,0.0,472.9762857
0.001,8e-05,1e-05,0.4,0.0,477.4145781
0.001,8e-05,1e-05,0.5,0.0,479.3036757
0.001,8e-05,1e-05,0.6,0.0,479.9136583
0.001,8e-05,1e-05,0.7,0.0,480.022628
0.001,8e-05,1e-05,0.8,0.0,480.0176718
0.001,8e-05,1e-05,0.9,0.0,480.026663
0.001,8e-05,1e-05,1.0,0.0,480.0309239
0.00098,0.0001,1e-05,0.0,0.02,300.0039998
0.00098,0.0001,1e-05,0.1,0.02,422.5540706
0.00098,0.0001,1e-05,0.2,0.02,461.816825
0.00098,0.0001,1e-05,0.3,0.02,472.9793698
0.00098,0.0001,1e-05,0.4,0.02,477.4177421
0.00098,0.0001,1e-05,0.5,0.02,479.3068738
0.00098,0.0001,1e-05,0.6,0.02,479.9168674
0.00098,0.0001,1e-05,0.7,0.02,480.025839
0.00098,0.0001,1e-05,0.8,0.02,480.0208827
0.00098,0.0001,1e-05,0.9,0.02,480.029874
0.00098,0.0001,1e-05,1.0,0.02,480.0341351
0.001,0.0001,0.0,0.0,0.0,300.0039998
0.001,0.0001,0.0,0.1,0.0,422.5420928
0.001,0.0001,0.0,0.2,0.0,461.8009996
0.001,0.0001,0.0,0.3,0.0,472.9624507
0.001,0.0001,0.0,0.4,0.0,477.400388
0.001,0.0001,0.0,0.5,0.0,479.2893345
0.001,0.0001,0.0,0.6,0.0,479.8992684
0.001,0.0001,0.0,0.7,0.0,480.0082293
0.001,0.0001,0.0,0.8,0.0,480.0032735
0.001,0.0001,0.0,0.9,0.0,480.012264
0.001,0.0001,0.0,1.0,0.0,480.0165246
0.000987,8.62e-05,1e-05,0.0,0.012768162,300.0039999
0.000987,8.62e-05,1e-05,0.1,0.012768162,422.5570819
0.000987,8.62e-05,1e-05,0.2,0.012768162,461.8207954
0.000987,8.62e-05,1e-05,0.3,0.012768162,472.983613
0.000987,8.62e-05,1e-05,0.4,0.012768162,477.4220937
0.000987,8.62e-05,1e-05,0.5,0.012768162,479.3112715
0.000987,8.62e-05,1e-05,0.6,0.012768162,479.92128
0.000987,8.62e-05,1e-05,0.7,0.012768162,480.0302542
0.000987,8.62e-05,1e-05,0.8,0.012768162,480.0252978
0.000987,8.62e-05,1e-05,0.9,0.012768162,480.0342894
0.000987,8.62e-05,1e-05,1.0,0.012768162,480.0385505
0.001,0.0001,1e-05,0.0,0.0,300.0039998
0.001,0.0001,1e-05,0.1,0.0,422.5420927
0.001,0.0001,1e-05,0.2,0.0,461.8009996
0.001,0.0001,1e-05,0.3,0.0,472.9624507
0.001,0.0001,1e-05,0.4,0.0,477.400388
0.001,0.0001,1e-05,0.5,0.0,479.2893345
0.001,0.0001,1e-05,0.6,0.0,479.8992683
0.001,0.0001,1e-05,0.7,0.0,480.0082292
0.001,0.0001,1e-05,0.8,0.0,480.0032735
0.001,0.0001,1e-05,0.9,0.0,480.0122639
0.001,0.0001,1e-05,1.0,0.0,480.0165245
