X,Y,Z,t,V,T
0.0,2e-05,1e-05,0.0,1.0,300.0019999
0.0,2e-05,1e-05,0.1,1.0,361.275947
0.0,2e-05,1e-05,0.2,1.0,380.9069708
0.0,2e-05,1e-05,0.3,1.0,386.4881429
0.0,2e-05,1e-05,0.4,1.0,388.707289
0.0,2e-05,1e-05,0.5,1.0,389.6782326
0.0,2e-05,1e-05,0.6,1.0,389.9705175
0.0,2e-05,1e-05,0.7,1.0,390.0098297
0.0,2e-05,1e-05,0.8,1.0,390.002975
0.0,2e-05,1e-05,0.9,1.0,390.0079627
0.0,2e-05,1e-05,1.0,1.0,390.0129175
0.0,2e-05,0.0,0.0,1.0,300.0019999
0.0,2e-05,0.0,0.1,1.0,361.2759508
0.0,2e-05,0.0,0.2,1.0,380.9069758
0.0,2e-05,0.0,0.3,1.0,386.4881482
0.0,2e-05,0.0,0.4,1.0,388.7072945
0.0,2e-05,0.0,0.5,1.0,389.6782381
0.0,2e-05,0.0,0.6,1.0,389.9705231
0.0,2e-05,0.0,0.7,1.0,390.0098353
0.0,2e-05,0.0,0.8,1.0,390.0029806
0.0,2e-05,0.0,0.9,1.0,390.0079683
0.0,2e-05,0.0,1.0,1.0,390.0129231
1.28e-05,1.38e-05,1e-05,0.0,0.987159103,300.0019999
1.28e-05,1.38e-05,1e-05,0.1,0.987159103,361.2785715
1.28e-05,1.38e-05,1e-05,0.2,0.987159103,380.9104381
1.28e-05,1.38e-05,1e-05,0.3,0.987159103,386.4918497
1.28e-05,1.38e-05,1e-05,0.4,0.987159103,388.7110911
1.28e-05,1.38e-05,1e-05,0.5,0.987159103,389.6820763
1.28e-05,1.38e-05,1e-05,0.6,0.987159103,389.9743738
1.28e-05,1.38e-05,1e-05,0.7,0.987159103,390.0136877
1.28e-05,1.38e-05,1e-05,0.8,0.987159103,390.0068327
1.28e-05,1.38e-05,1e-05,0.9,0.987159103,390.0118206
1.28e-05,1.38e-05,1e-05,1.0,0.987159103,390.0167756
0.0,0.0,0.0,0.0,1.0,300.0019999
0.0,0.0,0.0,0.1,1.0,361.2710464
0.0,0.0,0.0,0.2,1.0,380.9004998
0.0,0.0,0.0,0.3,1.0,386.4812253
0.0,0.0,0.0,0.4,1.0,388.700194
0.0,0.0,0.0,0.5,1.0,389.6710598
0.0,0.0,0.0,0.6,1.0,389.9633214
0.0,0.0,0.0,0.7,1.0,390.0026305
0.0,0.0,0.0,0.8,1.0,389.9957763
0.0,0.0,0.0,0.9,1.0,390.0007636
0.0,0.0,0.0,1.0,1.0,390.005718
1.28e-05,1.38e-05,0.0,0.0,0.987152761,300.002
1.28e-05,1.38e-05,0.0,0.1,0.987152761,361.2785727
1.28e-05,1.38e-05,0.0,0.2,0.987152761,380.9104397
1.28e-05,1.38e-05,0.0,0.3,0.987152761,386.4918514
1.28e-05,1.38e-05,0.0,0.4,0.987152761,388.7110929
1.28e-05,1.38e-05,0.0,0.5,0.987152761,389.6820781
1.28e-05,1.38e-05,0.0,0.6,0.987152761,389.9743756
1.28e-05,1.38e-05,0.0,0.7,0.987152761,390.0136896
1.28e-05,1.38e-05,0.0,0.8,0.987152761,390.0068345
1.28e-05,1.38e-05,0.0,0.9,0.987152761,390.0118224
1.28e-05,1.38e-05,0.0,1.0,0.987152761,390.0167775
0.0,0.0,1e-05,0.0,1.0,300.0019999
0.0,0.0,1e-05,0.1,1.0,361.2710464
0.0,0.0,1e-05,0.2,1.0,380.9004998
0.0,0.0,1e-05,0.3,1.0,386.4812254
0.0,0.0,1e-05,0.4,1.0,388.700194
0.0,0.0,1e-05,0.5,1.0,389.6710599
0.0,0.0,1e-05,0.6,1.0,389.9633214
0.0,0.0,1e-05,0.7,1.0,390.0026305
0.0,0.0,1e-05,0.8,1.0,389.9957763
0.0,0.0,1e-05,0.9,1.0,390.0007636
0.0,0.0,1e-05,1.0,1.0,390.005718
2e-05,0.0,1e-05,0.0,0.98,300.0019999
2e-05,0.0,1e-05,0.1,0.98,361.2770353
2e-05,0.0,1e-05,0.2,0.98,380.9084125
2e-05,0.0,1e-05,0.3,0.98,386.4896849
2e-05,0.0,1e-05,0.4,0.98,388.708871
2e-05,0.0,1e-05,0.5,0.98,389.6798321
2e-05,0.0,1e-05,0.6,0.98,389.9721223
2e-05,0.0,1e-05,0.7,0.98,390.0114352
2e-05,0.0,1e-05,0.8,0.98,390.0045804
2e-05,0.0,1e-05,0.9,0.98,390.0095681
2e-05,0.0,1e-05,1.0,0.98,390.014523
2e-05,0.0,0.0,0.0,0.98,300.0019999
2e-05,0.0,0.0,0.1,0.98,361.2770353
2e-05,0.0,0.0,0.2,0.98,380.9084125
2e-05,0.0,0.0,0.3,0.98,386.4896849
2e-05,0.0,0.0,0.4,0.98,388.7088711
2e-05,0.0,0.0,0.5,0.98,389.6798321
2e-05,0.0,0.0,0.6,0.98,389.9721223
2e-05,0.0,0.0,0.7,0.98,390.0114352
2e-05,0.0,0.0,0.8,0.98,390.0045804
2e-05,0.0,0.0,0.9,0.98,390.0095681
2e-05,0.0,0.0,1.0,0.98,390.014523
0.0,4.01e-05,0.0,0.0,1.0,300.0019999
0.0,4.01e-05,0.0,0.1,1.0,361.2783998
0.0,4.01e-05,0.0,0.2,1.0,380.9102099
0.0,4.01e-05,0.0,0.3,1.0,386.4916054
0.0,4.01e-05,0.0,0.4,1.0,388.7108405
0.0,4.01e-05,0.0,0.5,1.0,389.6818229
0.0,4.01e-05,0.0,0.6,1.0,389.9741195
0.0,4.01e-05,0.0,0.7,1.0,390.0134334
0.0,4.01e-05,0.0,0.8,1.0,390.0065784
0.0,4.01e-05,0.0,0.9,1.0,390.0115662
0.0,4.01e-05,0.0,1.0,1.0,390.0165212
0.0,4e-05,1e-05,0.0,1.0,300.0019999
0.0,4e-05,1e-05,0.1,1.0,361.2783966
0.0,4e-05,1e-05,0.2,1.0,380.9102056
0.0,4e-05,1e-05,0.3,1.0,386.4916009
0.0,4e-05,1e-05,0.4,1.0,388.7108358
0.0,4e-05,1e-05,0.5,1.0,389.6818182
0.0,4e-05,1e-05,0.6,1.0,389.9741148
0.0,4e-05,1e-05,0.7,1.0,390.0134286
0.0,4e-05,1e-05,0.8,1.0,390.0065736
0.0,4e-05,1e-05,0.9,1.0,390.0115615
0.0,4e-05,1e-05,1.0,1.0,390.0165165
1.47e-05,3.02e-05,0.0,0.0,0.985253166,300.002
1.47e-05,3.02e-05,0.0,0.1,0.985253166,361.2819472
1.47e-05,3.02e-05,0.0,0.2,0.985253166,380.9148963
1.47e-05,3.02e-05,0.0,0.3,0.985253166,386.4966156
1.47e-05,3.02e-05,0.0,0.4,0.985253166,388.7159795
1.47e-05,3.02e-05,0.0,0.5,0.985253166,389.6870182
1.47e-05,3.02e-05,0.0,0.6,0.985253166,389.9793318
1.47e-05,3.02e-05,0.0,0.7,0.985253166,390.0186479
1.47e-05,3.02e-05,0.0,0.8,0.985253166,390.0117925
1.47e-05,3.02e-05,0.0,0.9,0.985253166,390.0167807
1.47e-05,3.02e-05,0.0,1.0,0.985253166,390.021736
1.48e-05,4.94e-05,0.0,0.0,0.985167734,300.002
1.48e-05,4.94e-05,0.0,0.1,0.985167734,361.2831701
1.48e-05,4.94e-05,0.0,0.2,0.985167734,380.9165112
1.48e-05,4.94e-05,0.0,0.3,0.985167734,386.498342
1.48e-05,4.94e-05,0.0,0.4,0.985167734,388.7177502
1.48e-05,4.94e-05,0.0,0.5,0.985167734,389.6888083
1.48e-05,4.94e-05,0.0,0.6,0.985167734,389.9811278
1.48e-05,4.94e-05,0.0,0.7,0.985167734,390.0204447
1.48e-05,4.94e-05,0.0,0.8,0.985167734,390.0135891
1.48e-05,4.94e-05,0.0,0.9,0.985167734,390.0185774
1.48e-05,4.94e-05,0.0,1.0,0.985167734,390.0235328
0.0,6.01e-05,0.0,0.0,1.0,300.0019999
0.0,6.01e-05,0.0,0.1,1.0,361.2783885
0.0,6.01e-05,0.0,0.2,1.0,380.910195
0.0,6.01e-05,0.0,0.3,1.0,386.4915895
0.0,6.01e-05,0.0,0.4,1.0,388.7108241
0.0,6.01e-05,0.0,0.5,1.0,389.6818064
0.0,6.01e-05,0.0,0.6,1.0,389.9741029
0.0,6.01e-05,0.0,0.7,1.0,390.0134168
0.0,6.01e-05,0.0,0.8,1.0,390.0065618
0.0,6.01e-05,0.0,0.9,1.0,390.0115496
0.0,6.01e-05,0.0,1.0,1.0,390.0165047
0.0,6e-05,1e-05,0.0,1.0,300.0019999
0.0,6e-05,1e-05,0.1,1.0,361.2783966
0.0,6e-05,1e-05,0.2,1.0,380.9102056
0.0,6e-05,1e-05,0.3,1.0,386.4916009
0.0,6e-05,1e-05,0.4,1.0,388.7108358
0.0,6e-05,1e-05,0.5,1.0,389.6818182
0.0,6e-05,1e-05,0.6,1.0,389.9741148
0.0,6e-05,1e-05,0.7,1.0,390.0134286
0.0,6e-05,1e-05,0.8,1.0,390.0065736
0.0,6e-05,1e-05,0.9,1.0,390.0115615
0.0,6e-05,1e-05,1.0,1.0,390.0165165
1.58e-05,4.94e-05,1e-05,0.0,0.98421414,300.002
1.58e-05,4.94e-05,1e-05,0.1,0.98421414,361.2834521
1.58e-05,4.94e-05,1e-05,0.2,0.98421414,380.916884
1.58e-05,4.94e-05,1e-05,0.3,0.98421414,386.4987406
1.58e-05,4.94e-05,1e-05,0.4,0.98421414,388.718159
1.58e-05,4.94e-05,1e-05,0.5,0.98421414,389.6892217
1.58e-05,4.94e-05,1e-05,0.6,0.98421414,389.9815425
1.58e-05,4.94e-05,1e-05,0.7,0.98421414,390.0208595
1.58e-05,4.94e-05,1e-05,0.8,0.98421414,390.014004
1.58e-05,4.94e-05,1e-05,0.9,0.98421414,390.0189923
1.58e-05,4.94e-05,1e-05,1.0,0.98421414,390.0239477
1.48e-05,3.02e-05,1e-05,0.0,0.985192051,300.002
1.48e-05,3.02e-05,1e-05,0.1,0.985192051,361.2819593
1.48e-05,3.02e-05,1e-05,0.2,0.985192051,380.9149123
1.48e-05,3.02e-05,1e-05,0.3,0.985192051,386.4966327
1.48e-05,3.02e-05,1e-05,0.4,0.985192051,388.715997
1.48e-05,3.02e-05,1e-05,0.5,0.985192051,389.6870359
1.48e-05,3.02e-05,1e-05,0.6,0.985192051,389.9793496
1.48e-05,3.02e-05,1e-05,0.7,0.985192051,390.0186657
1.48e-05,3.02e-05,1e-05,0.8,0.985192051,390.0118103
1.48e-05,3.02e-05,1e-05,0.9,0.985192051,390.0167985
1.48e-05,3.02e-05,1e-05,1.0,0.985192051,390.0217538
2.98e-05,1.76e-05,0.0,0.0,0.970175585,300.002
2.98e-05,1.76e-05,0.0,0.1,0.970175585,361.284314
2.98e-05,1.76e-05,0.0,0.2,0.970175585,380.9180293
2.98e-05,1.76e-05,0.0,0.3,0.970175585,386.4999664
2.98e-05,1.76e-05,0.0,0.4,0.970175585,388.7194169
2.98e-05,1.76e-05,0.0,0.5,0.970175585,389.6904936
2.98e-05,1.76e-05,0.0,0.6,0.970175585,389.9828186
2.98e-05,1.76e-05,0.0,0.7,0.970175585,390.0221362
2.98e-05,1.76e-05,0.0,0.8,0.970175585,390.0152806
2.98e-05,1.76e-05,0.0,0.9,0.970175585,390.0202689
2.98e-05,1.76e-05,0.0,1.0,0.970175585,390.0252244
3.09e-05,1.78e-05,1e-05,0.0,0.96907483,300.002
3.09e-05,1.78e-05,1e-05,0.1,0.96907483,361.28467
3.09e-05,1.78e-05,1e-05,0.2,0.96907483,380.9185001
3.09e-05,1.78e-05,1e-05,0.3,0.96907483,386.5004698
3.09e-05,1.78e-05,1e-05,0.4,0.96907483,388.7199333
3.09e-05,1.78e-05,1e-05,0.5,0.96907483,389.6910157
3.09e-05,1.78e-05,1e-05,0.6,0.96907483,389.9833424
3.09e-05,1.78e-05,1e-05,0.7,0.96907483,390.0226602
3.09e-05,1.78e-05,1e-05,0.8,0.96907483,390.0158045
3.09e-05,1.78e-05,1e-05,0.9,0.96907483,390.0207929
3.09e-05,1.78e-05,1e-05,1.0,0.96907483,390.0257485
4.02e-05,6.93e-06,5.05e-06,0.0,0.95978164,300.002
4.02e-05,6.93e-06,5.05e-06,0.1,0.95978164,361.2855539
4.02e-05,6.93e-06,5.05e-06,0.2,0.95978164,380.9196747
4.02e-05,6.93e-06,5.05e-06,0.3,0.95978164,386.501727
4.02e-05,6.93e-06,5.05e-06,0.4,0.95978164,388.7212235
4.02e-05,6.93e-06,5.05e-06,0.5,0.95978164,389.6923202
4.02e-05,6.93e-06,5.05e-06,0.6,0.95978164,389.9846512
4.02e-05,6.93e-06,5.05e-06,0.7,0.95978164,390.0239697
4.02e-05,6.93e-06,5.05e-06,0.8,0.95978164,390.0171139
4.02e-05,6.93e-06,5.05e-06,0.9,0.95978164,390.0221023
4.02e-05,6.93e-06,5.05e-06,1.0,0.95978164,390.0270579
4e-05,0.0,1e-05,0.0,0.96,300.0019999
4e-05,0.0,1e-05,0.1,0.96,361.2827506
4e-05,0.0,1e-05,0.2,0.96,380.915973
4e-05,0.0,1e-05,0.3,0.96,386.4977699
4e-05,0.0,1e-05,0.4,0.96,388.7171648
4e-05,0.0,1e-05,0.5,0.96,389.6882171
4e-05,0.0,1e-05,0.6,0.96,389.9805347
4e-05,0.0,1e-05,0.7,0.96,390.0198514
4e-05,0.0,1e-05,0.8,0.96,390.0129959
4e-05,0.0,1e-05,0.9,0.96,390.0179841
4e-05,0.0,1e-05,1.0,0.96,390.0229395
4e-05,0.0,0.0,0.0,0.96,300.0019999
4e-05,0.0,0.0,0.1,0.96,361.2827506
4e-05,0.0,0.0,0.2,0.96,380.915973
4e-05,0.0,0.0,0.3,0.96,386.4977699
4e-05,0.0,0.0,0.4,0.96,388.7171648
4e-05,0.0,0.0,0.5,0.96,389.688217
4e-05,0.0,0.0,0.6,0.96,389.9805347
4e-05,0.0,0.0,0.7,0.96,390.0198514
4e-05,0.0,0.0,0.8,0.96,390.0129959
4e-05,0.0,0.0,0.9,0.96,390.0179841
4e-05,0.0,0.0,1.0,0.96,390.0229395
0.0,8e-05,0.0,0.0,1.0,300.0019999
0.0,8e-05,0.0,0.1,1.0,361.2759482
0.0,8e-05,0.0,0.2,1.0,380.9069724
0.0,8e-05,0.0,0.3,1.0,386.4881445
0.0,8e-05,0.0,0.4,1.0,388.7072907
0.0,8e-05,0.0,0.5,1.0,389.6782343
0.0,8e-05,0.0,0.6,1.0,389.9705192
0.0,8e-05,0.0,0.7,1.0,390.0098315
0.0,8e-05,0.0,0.8,1.0,390.0029767
0.0,8e-05,0.0,0.9,1.0,390.0079644
0.0,8e-05,0.0,1.0,1.0,390.0129192
0.0,8e-05,1e-05,0.0,1.0,300.0019999
0.0,8e-05,1e-05,0.1,1.0,361.275947
0.0,8e-05,1e-05,0.2,1.0,380.9069708
0.0,8e-05,1e-05,0.3,1.0,386.4881429
0.0,8e-05,1e-05,0.4,1.0,388.707289
0.0,8e-05,1e-05,0.5,1.0,389.6782326
0.0,8e-05,1e-05,0.6,1.0,389.9705175
0.0,8e-05,1e-05,0.7,1.0,390.0098297
0.0,8e-05,1e-05,0.8,1.0,390.002975
0.0,8e-05,1e-05,0.9,1.0,390.0079627
0.0,8e-05,1e-05,1.0,1.0,390.0129175
1.49e-05,8.68e-05,0.0,0.0,0.985149597,300.0019999
1.49e-05,8.68e-05,0.0,0.1,0.985149597,361.2790191
1.49e-05,8.68e-05,0.0,0.2,0.985149597,380.9110297
1.49e-05,8.68e-05,0.0,0.3,0.985149597,386.4924823
1.49e-05,8.68e-05,0.0,0.4,0.985149597,388.71174
1.49e-05,8.68e-05,0.0,0.5,0.985149597,389.6827324
1.49e-05,8.68e-05,0.0,0.6,0.985149597,389.975032
1.49e-05,8.68e-05,0.0,0.7,0.985149597,390.0143462
1.49e-05,8.68e-05,0.0,0.8,0.985149597,390.0074912
1.49e-05,8.68e-05,0.0,0.9,0.985149597,390.0124791
1.49e-05,8.68e-05,0.0,1.0,0.985149597,390.0174342
0.0,0.0001,0.0,0.0,1.0,300.0019999
0.0,0.0001,0.0,0.1,1.0,361.2710464
0.0,0.0001,0.0,0.2,1.0,380.9004998
0.0,0.0001,0.0,0.3,1.0,386.4812254
0.0,0.0001,0.0,0.4,1.0,388.700194
0.0,0.0001,0.0,0.5,1.0,389.6710599
0.0,0.0001,0.0,0.6,1.0,389.9633214
0.0,0.0001,0.0,0.7,1.0,390.0026305
0.0,0.0001,0.0,0.8,1.0,389.9957763
0.0,0.0001,0.0,0.9,1.0,390.0007636
0.0,0.0001,0.0,1.0,1.0,390.005718
0.0,0.0001,1e-05,0.0,1.0,300.0019999
0.0,0.0001,1e-05,0.1,1.0,361.2710464
0.0,0.0001,1e-05,0.2,1.0,380.9004998
0.0,0.0001,1e-05,0.3,1.0,386.4812253
0.0,0.0001,1e-05,0.4,1.0,388.700194
0.0,0.0001,1e-05,0.5,1.0,389.6710598
0.0,0.0001,1e-05,0.6,1.0,389.9633214
0.0,0.0001,1e-05,0.7,1.0,390.0026305
0.0,0.0001,1e-05,0.8,1.0,389.9957763
0.0,0.0001,1e-05,0.9,1.0,390.0007636
0.0,0.0001,1e-05,1.0,1.0,390.005718
1.5e-05,8.68e-05,1e-05,0.0,0.984992331,300.002
1.5e-05,8.68e-05,1e-05,0.1,0.984992331,361.2790702
1.5e-05,8.68e-05,1e-05,0.2,0.984992331,380.9110972
1.5e-05,8.68e-05,1e-05,0.3,0.984992331,386.4925544
1.5e-05,8.68e-05,1e-05,0.4,0.984992331,388.711814
1.5e-05,8.68e-05,1e-05,0.5,0.984992331,389.6828072
1.5e-05,8.68e-05,1e-05,0.6,0.984992331,389.9751071
1.5e-05,8.68e-05,1e-05,0.7,0.984992331,390.0144213
1.5e-05,8.68e-05,1e-05,0.8,0.984992331,390.0075662
1.5e-05,8.68e-05,1e-05,0.9,0.984992331,390.0125542
1.5e-05,8.68e-05,1e-05,1.0,0.984992331,390.0175092
1.78e-05,6.9e-05,0.0,0.0,0.982158626,300.002
1.78e-05,6.9e-05,0.0,0.1,0.982158626,361.2829498
1.78e-05,6.9e-05,0.0,0.2,0.982158626,380.9162214
1.78e-05,6.9e-05,0.0,0.3,0.982158626,386.4980324
1.78e-05,6.9e-05,0.0,0.4,0.982158626,388.7174327
1.78e-05,6.9e-05,0.0,0.5,0.982158626,389.6884874
1.78e-05,6.9e-05,0.0,0.6,0.982158626,389.9808058
1.78e-05,6.9e-05,0.0,0.7,0.982158626,390.0201225
1.78e-05,6.9e-05,0.0,0.8,0.982158626,390.013267
1.78e-05,6.9e-05,0.0,0.9,0.982158626,390.0182553
1.78e-05,6.9e-05,0.0,1.0,0.982158626,390.0232107
1.82e-05,6.9e-05,1e-05,0.0,0.981817255,300.002
1.82e-05,6.9e-05,1e-05,0.1,0.981817255,361.2830562
1.82e-05,6.9e-05,1e-05,0.2,0.981817255,380.916362
1.82e-05,6.9e-05,1e-05,0.3,0.981817255,386.4981827
1.82e-05,6.9e-05,1e-05,0.4,0.981817255,388.7175869
1.82e-05,6.9e-05,1e-05,0.5,0.981817255,389.6886433
1.82e-05,6.9e-05,1e-05,0.6,0.981817255,389.9809622
1.82e-05,6.9e-05,1e-05,0.7,0.981817255,390.020279
1.82e-05,6.9e-05,1e-05,0.8,0.981817255,390.0134235
1.82e-05,6.9e-05,1e-05,0.9,0.981817255,390.0184118
1.82e-05,6.9e-05,1e-05,1.0,0.981817255,390.0233672
2.9e-05,5.47e-05,0.0,0.0,0.971015793,300.002
2.9e-05,5.47e-05,0.0,0.1,0.971015793,361.2872269
2.9e-05,5.47e-05,0.0,0.2,0.971015793,380.9218754
2.9e-05,5.47e-05,0.0,0.3,0.971015793,386.5040778
2.9e-05,5.47e-05,0.0,0.4,0.971015793,388.7236338
2.9e-05,5.47e-05,0.0,0.5,0.971015793,389.6947566
2.9e-05,5.47e-05,0.0,0.6,0.971015793,389.9870955
2.9e-05,5.47e-05,0.0,0.7,0.971015793,390.026415
2.9e-05,5.47e-05,0.0,0.8,0.971015793,390.019559
2.9e-05,5.47e-05,0.0,0.9,0.971015793,390.0245476
2.9e-05,5.47e-05,0.0,1.0,0.971015793,390.0295033
3.04e-05,3.9e-05,0.0,0.0,0.969604074,300.002
3.04e-05,3.9e-05,0.0,0.1,0.969604074,361.2873282
3.04e-05,3.9e-05,0.0,0.2,0.969604074,380.92201
3.04e-05,3.9e-05,0.0,0.3,0.969604074,386.5042219
3.04e-05,3.9e-05,0.0,0.4,0.969604074,388.7237817
3.04e-05,3.9e-05,0.0,0.5,0.969604074,389.6949062
3.04e-05,3.9e-05,0.0,0.6,0.969604074,389.9872456
3.04e-05,3.9e-05,0.0,0.7,0.969604074,390.0265651
3.04e-05,3.9e-05,0.0,0.8,0.969604074,390.0197091
3.04e-05,3.9e-05,0.0,0.9,0.969604074,390.0246978
3.04e-05,3.9e-05,0.0,1.0,0.969604074,390.0296535
3e-05,5.43e-05,1e-05,0.0,0.97000026,300.002
3e-05,5.43e-05,1e-05,0.1,0.97000026,361.287528
3e-05,5.43e-05,1e-05,0.2,0.97000026,380.9222736
3e-05,5.43e-05,1e-05,0.3,0.97000026,386.5045037
3e-05,5.43e-05,1e-05,0.4,0.97000026,388.7240706
3e-05,5.43e-05,1e-05,0.5,0.97000026,389.6951983
3e-05,5.43e-05,1e-05,0.6,0.97000026,389.9875386
3e-05,5.43e-05,1e-05,0.7,0.97000026,390.0268583
3e-05,5.43e-05,1e-05,0.8,0.97000026,390.0200023
3e-05,5.43e-05,1e-05,0.9,0.97000026,390.0249909
3e-05,5.43e-05,1e-05,1.0,0.97000026,390.0299466
3.04e-05,3.9e-05,1e-05,0.0,0.969557891,300.002
3.04e-05,3.9e-05,1e-05,0.1,0.969557891,361.2873378
3.04e-05,3.9e-05,1e-05,0.2,0.969557891,380.9220227
3.04e-05,3.9e-05,1e-05,0.3,0.969557891,386.5042355
3.04e-05,3.9e-05,1e-05,0.4,0.969557891,388.7237957
3.04e-05,3.9e-05,1e-05,0.5,0.969557891,389.6949203
3.04e-05,3.9e-05,1e-05,0.6,0.969557891,389.9872597
3.04e-05,3.9e-05,1e-05,0.7,0.969557891,390.0265793
3.04e-05,3.9e-05,1e-05,0.8,0.969557891,390.0197233
3.04e-05,3.9e-05,1e-05,0.9,0.969557891,390.0247119
3.04e-05,3.9e-05,1e-05,1.0,0.969557891,390.0296676
4.46e-05,3.16e-05,0.0,0.0,0.955389862,300.002
4.46e-05,3.16e-05,0.0,0.1,0.955389862,361.2906555
4.46e-05,3.16e-05,0.0,0.2,0.955389862,380.9264155
4.46e-05,3.16e-05,0.0,0.3,0.955389862,386.5089338
4.46e-05,3.16e-05,0.0,0.4,0.955389862,388.7286156
4.46e-05,3.16e-05,0.0,0.5,0.955389862,389.6997934
4.46e-05,3.16e-05,0.0,0.6,0.955389862,389.9921488
4.46e-05,3.16e-05,0.0,0.7,0.955389862,390.0314705
4.46e-05,3.16e-05,0.0,0.8,0.955389862,390.0246142
4.46e-05,3.16e-05,0.0,0.9,0.955389862,390.0296031
4.46e-05,3.16e-05,0.0,1.0,0.955389862,390.0345591
4.45e-05,3.15e-05,1e-05,0.0,0.955504231,300.002
4.45e-05,3.15e-05,1e-05,0.1,0.955504231,361.2906135
4.45e-05,3.15e-05,1e-05,0.2,0.955504231,380.92636
4.45e-05,3.15e-05,1e-05,0.3,0.955504231,386.5088745
4.45e-05,3.15e-05,1e-05,0.4,0.955504231,388.7285547
4.45e-05,3.15e-05,1e-05,0.5,0.955504231,389.6997318
4.45e-05,3.15e-05,1e-05,0.6,0.955504231,389.9920871
4.45e-05,3.15e-05,1e-05,0.7,0.955504231,390.0314088
4.45e-05,3.15e-05,1e-05,0.8,0.955504231,390.0245524
4.45e-05,3.15e-05,1e-05,0.9,0.955504231,390.0295413
4.45e-05,3.15e-05,1e-05,1.0,0.955504231,390.0344973
5.1e-05,1.68e-05,1e-05,0.0,0.9490182,300.002
5.1e-05,1.68e-05,1e-05,0.1,0.9490182,361.2900517
5.1e-05,1.68e-05,1e-05,0.2,0.9490182,380.9256247
5.1e-05,1.68e-05,1e-05,0.3,0.9490182,386.5080899
5.1e-05,1.68e-05,1e-05,0.4,0.9490182,388.7277505
5.1e-05,1.68e-05,1e-05,0.5,0.9490182,389.6989191
5.1e-05,1.68e-05,1e-05,0.6,0.9490182,389.9912718
5.1e-05,1.68e-05,1e-05,0.7,0.9490182,390.0305931
5.1e-05,1.68e-05,1e-05,0.8,0.9490182,390.0237368
5.1e-05,1.68e-05,1e-05,0.9,0.9490182,390.0287256
5.1e-05,1.68e-05,1e-05,1.0,0.9490182,390.0336816
5.1e-05,1.68e-05,0.0,0.0,0.949016181,300.002
5.1e-05,1.68e-05,0.0,0.1,0.949016181,361.2900558
5.1e-05,1.68e-05,0.0,0.2,0.949016181,380.9256302
5.1e-05,1.68e-05,0.0,0.3,0.949016181,386.5080957
5.1e-05,1.68e-05,0.0,0.4,0.949016181,388.7277565
5.1e-05,1.68e-05,0.0,0.5,0.949016181,389.6989251
5.1e-05,1.68e-05,0.0,0.6,0.949016181,389.9912778
5.1e-05,1.68e-05,0.0,0.7,0.949016181,390.0305991
5.1e-05,1.68e-05,0.0,0.8,0.949016181,390.0237429
5.1e-05,1.68e-05,0.0,0.9,0.949016181,390.0287317
5.1e-05,1.68e-05,0.0,1.0,0.949016181,390.0336876
6e-05,0.0,1e-05,0.0,0.94,300.0019999
6e-05,0.0,1e-05,0.1,0.94,361.2881958
6e-05,0.0,1e-05,0.2,0.94,380.923185
6e-05,0.0,1e-05,0.3,0.94,386.505484
6e-05,0.0,1e-05,0.4,0.94,388.7250788
6e-05,0.0,1e-05,0.5,0.94,389.6962185
6e-05,0.0,1e-05,0.6,0.94,389.9885625
6e-05,0.0,1e-05,0.7,0.94,390.0278826
6e-05,0.0,1e-05,0.8,0.94,390.0210265
6e-05,0.0,1e-05,0.9,0.94,390.0260152
6e-05,0.0,1e-05,1.0,0.94,390.030971
6e-05,0.0,0.0,0.0,0.94,300.0019999
6e-05,0.0,0.0,0.1,0.94,361.2881958
6e-05,0.0,0.0,0.2,0.94,380.923185
6e-05,0.0,0.0,0.3,0.94,386.505484
6e-05,0.0,0.0,0.4,0.94,388.7250788
6e-05,0.0,0.0,0.5,0.94,389.6962185
6e-05,0.0,0.0,0.6,0.94,389.9885625
6e-05,0.0,0.0,0.7,0.94,390.0278826
6e-05,0.0,0.0,0.8,0.94,390.0210265
6e-05,0.0,0.0,0.9,0.94,390.0260152
6e-05,0.0,0.0,1.0,0.94,390.030971
2e-05,0.0001,0.0,0.0,0.98,300.0019999
2e-05,0.0001,0.0,0.1,0.98,361.2770353
2e-05,0.0001,0.0,0.2,0.98,380.9084125
2e-05,0.0001,0.0,0.3,0.98,386.4896849
2e-05,0.0001,0.0,0.4,0.98,388.7088711
2e-05,0.0001,0.0,0.5,0.98,389.6798321
2e-05,0.0001,0.0,0.6,0.98,389.9721223
2e-05,0.0001,0.0,0.7,0.98,390.0114352
2e-05,0.0001,0.0,0.8,0.98,390.0045804
2e-05,0.0001,0.0,0.9,0.98,390.0095681
2e-05,0.0001,0.0,1.0,0.98,390.014523
2e-05,0.0001,1e-05,0.0,0.98,300.0019999
2e-05,0.0001,1e-05,0.1,0.98,361.2770353
2e-05,0.0001,1e-05,0.2,0.98,380.9084125
2e-05,0.0001,1e-05,0.3,0.98,386.4896849
2e-05,0.0001,1e-05,0.4,0.98,388.7088711
2e-05,0.0001,1e-05,0.5,0.98,389.6798321
2e-05,0.0001,1e-05,0.6,0.98,389.9721223
2e-05,0.0001,1e-05,0.7,0.98,390.0114352
2e-05,0.0001,1e-05,0.8,0.98,390.0045804
2e-05,0.0001,1e-05,0.9,0.98,390.0095681
2e-05,0.0001,1e-05,1.0,0.98,390.014523
3.01e-05,8.51e-05,0.0,0.0,0.969906414,300.002
3.01e-05,8.51e-05,0.0,0.1,0.969906414,361.2838323
3.01e-05,8.51e-05,0.0,0.2,0.969906414,380.9173934
3.01e-05,8.51e-05,0.0,0.3,0.969906414,386.4992866
3.01e-05,8.51e-05,0.0,0.4,0.969906414,388.7187197
3.01e-05,8.51e-05,0.0,0.5,0.969906414,389.6897887
3.01e-05,8.51e-05,0.0,0.6,0.969906414,389.9821115
3.01e-05,8.51e-05,0.0,0.7,0.969906414,390.0214288
3.01e-05,8.51e-05,0.0,0.8,0.969906414,390.0145732
3.01e-05,8.51e-05,0.0,0.9,0.969906414,390.0195615
3.01e-05,8.51e-05,0.0,1.0,0.969906414,390.0245169
3.11e-05,8.54e-05,1e-05,0.0,0.96893089,300.002
3.11e-05,8.54e-05,1e-05,0.1,0.96893089,361.2840552
3.11e-05,8.54e-05,1e-05,0.2,0.96893089,380.9176884
3.11e-05,8.54e-05,1e-05,0.3,0.96893089,386.4996022
3.11e-05,8.54e-05,1e-05,0.4,0.96893089,388.7190434
3.11e-05,8.54e-05,1e-05,0.5,0.96893089,389.690116
3.11e-05,8.54e-05,1e-05,0.6,0.96893089,389.9824398
3.11e-05,8.54e-05,1e-05,0.7,0.96893089,390.0217572
3.11e-05,8.54e-05,1e-05,0.8,0.96893089,390.0149016
3.11e-05,8.54e-05,1e-05,0.9,0.96893089,390.01989
3.11e-05,8.54e-05,1e-05,1.0,0.96893089,390.0248454
3.83e-05,6.75e-05,0.0,0.0,0.961693177,300.002
3.83e-05,6.75e-05,0.0,0.1,0.961693177,361.288996
3.83e-05,6.75e-05,0.0,0.2,0.961693177,380.9242184
3.83e-05,6.75e-05,0.0,0.3,0.961693177,386.5065839
3.83e-05,6.75e-05,0.0,0.4,0.961693177,388.7262049
3.83e-05,6.75e-05,0.0,0.5,0.961693177,389.6973561
3.83e-05,6.75e-05,0.0,0.6,0.961693177,389.9897035
3.83e-05,6.75e-05,0.0,0.7,0.961693177,390.0290242
3.83e-05,6.75e-05,0.0,0.8,0.961693177,390.022168
3.83e-05,6.75e-05,0.0,0.9,0.961693177,390.0271567
3.83e-05,6.75e-05,0.0,1.0,0.961693177,390.0321126
3.9e-05,6.75e-05,1e-05,0.0,0.961012939,300.002
3.9e-05,6.75e-05,1e-05,0.1,0.961012939,361.2891889
3.9e-05,6.75e-05,1e-05,0.2,0.961012939,380.9244737
3.9e-05,6.75e-05,1e-05,0.3,0.961012939,386.506857
3.9e-05,6.75e-05,1e-05,0.4,0.961012939,388.7264849
3.9e-05,6.75e-05,1e-05,0.5,0.961012939,389.6976392
3.9e-05,6.75e-05,1e-05,0.6,0.961012939,389.9899876
3.9e-05,6.75e-05,1e-05,0.7,0.961012939,390.0293084
3.9e-05,6.75e-05,1e-05,0.8,0.961012939,390.0224522
3.9e-05,6.75e-05,1e-05,0.9,0.961012939,390.0274409
3.9e-05,6.75e-05,1e-05,1.0,0.961012939,390.0323968
4.82e-05,4.88e-05,0.0,0.0,0.95178329,300.002
4.82e-05,4.88e-05,0.0,0.1,0.95178329,361.2926738
4.82e-05,4.88e-05,0.0,0.2,0.95178329,380.9290845
4.82e-05,4.88e-05,0.0,0.3,0.95178329,386.5117878
4.82e-05,4.88e-05,0.0,0.4,0.95178329,388.7315431
4.82e-05,4.88e-05,0.0,0.5,0.95178329,389.7027531
4.82e-05,4.88e-05,0.0,0.6,0.95178329,389.9951182
4.82e-05,4.88e-05,0.0,0.7,0.95178329,390.0344412
4.82e-05,4.88e-05,0.0,0.8,0.95178329,390.0275847
4.82e-05,4.88e-05,0.0,0.9,0.95178329,390.0325737
4.82e-05,4.88e-05,0.0,1.0,0.95178329,390.0375299
4.82e-05,4.88e-05,1e-05,0.0,0.951779017,300.002
4.82e-05,4.88e-05,1e-05,0.1,0.951779017,361.2926749
4.82e-05,4.88e-05,1e-05,0.2,0.951779017,380.9290859
4.82e-05,4.88e-05,1e-05,0.3,0.951779017,386.5117893
4.82e-05,4.88e-05,1e-05,0.4,0.951779017,388.7315446
4.82e-05,4.88e-05,1e-05,0.5,0.951779017,389.7027546
4.82e-05,4.88e-05,1e-05,0.6,0.951779017,389.9951198
4.82e-05,4.88e-05,1e-05,0.7,0.951779017,390.0344428
4.82e-05,4.88e-05,1e-05,0.8,0.951779017,390.0275862
4.82e-05,4.88e-05,1e-05,0.9,0.951779017,390.0325753
4.82e-05,4.88e-05,1e-05,1.0,0.951779017,390.0375314
6.07e-05,3.3e-05,0.0,0.0,0.93934258,300.002
6.07e-05,3.3e-05,0.0,0.1,0.93934258,361.2951463
6.07e-05,3.3e-05,0.0,0.2,0.93934258,380.9323637
6.07e-05,3.3e-05,0.0,0.3,0.93934258,386.5152962
6.07e-05,3.3e-05,0.0,0.4,0.93934258,388.7351429
6.07e-05,3.3e-05,0.0,0.5,0.93934258,389.7063928
6.07e-05,3.3e-05,0.0,0.6,0.93934258,389.99877
6.07e-05,3.3e-05,0.0,0.7,0.93934258,390.0380946
6.07e-05,3.3e-05,0.0,0.8,0.93934258,390.0312377
6.07e-05,3.3e-05,0.0,0.9,0.93934258,390.036227
6.07e-05,3.3e-05,0.0,1.0,0.93934258,390.0411833
6.1e-05,3.3e-05,1e-05,0.0,0.939007213,300.002
6.1e-05,3.3e-05,1e-05,0.1,0.939007213,361.2952346
6.1e-05,3.3e-05,1e-05,0.2,0.939007213,380.9324808
6.1e-05,3.3e-05,1e-05,0.3,0.939007213,386.5154215
6.1e-05,3.3e-05,1e-05,0.4,0.939007213,388.7352714
6.1e-05,3.3e-05,1e-05,0.5,0.939007213,389.7065227
6.1e-05,3.3e-05,1e-05,0.6,0.939007213,389.9989003
6.1e-05,3.3e-05,1e-05,0.7,0.939007213,390.038225
6.1e-05,3.3e-05,1e-05,0.8,0.939007213,390.0313681
6.1e-05,3.3e-05,1e-05,0.9,0.939007213,390.0363574
6.1e-05,3.3e-05,1e-05,1.0,0.939007213,390.0413138
7e-05,1.73e-05,1e-05,0.0,0.93,300.002
7e-05,1.73e-05,1e-05,0.1,0.93,361.295206
7e-05,1.73e-05,1e-05,0.2,0.93,380.9324552
7e-05,1.73e-05,1e-05,0.3,0.93,386.5153966
7e-05,1.73e-05,1e-05,0.4,0.93,388.735247
7e-05,1.73e-05,1e-05,0.5,0.93,389.7064985
7e-05,1.73e-05,1e-05,0.6,0.93,389.9988761
7e-05,1.73e-05,1e-05,0.7,0.93,390.0382008
7e-05,1.73e-05,1e-05,0.8,0.93,390.0313439
7e-05,1.73e-05,1e-05,0.9,0.93,390.0363332
7e-05,1.73e-05,1e-05,1.0,0.93,390.0412895
7e-05,1.73e-05,0.0,0.0,0.93,300.002
7e-05,1.73e-05,0.0,0.1,0.93,361.295206
7e-05,1.73e-05,0.0,0.2,0.93,380.9324552
7e-05,1.73e-05,0.0,0.3,0.93,386.5153966
7e-05,1.73e-05,0.0,0.4,0.93,388.735247
7e-05,1.73e-05,0.0,0.5,0.93,389.7064985
7e-05,1.73e-05,0.0,0.6,0.93,389.9988761
7e-05,1.73e-05,0.0,0.7,0.93,390.0382008
7e-05,1.73e-05,0.0,0.8,0.93,390.0313439
7e-05,1.73e-05,0.0,0.9,0.93,390.0363332
7e-05,1.73e-05,0.0,1.0,0.93,390.0412895
8e-05,0.0,1e-05,0.0,0.92,300.0019999
8e-05,0.0,1e-05,0.1,0.92,361.2933745
8e-05,0.0,1e-05,0.2,0.92,380.930052
8e-05,0.0,1e-05,0.3,0.92,386.5128308
8e-05,0.0,1e-05,0.4,0.92,388.7326167
8e-05,0.0,1e-05,0.5,0.92,389.7038399
8e-05,0.0,1e-05,0.6,0.92,389.9962091
8e-05,0.0,1e-05,0.7,0.92,390.0355326
8e-05,0.0,1e-05,0.8,0.92,390.0286759
8e-05,0.0,1e-05,0.9,0.92,390.033665
8e-05,0.0,1e-05,1.0,0.92,390.0386212
8e-05,0.0,0.0,0.0,0.92,300.0019999
8e-05,0.0,0.0,0.1,0.92,361.2933745
8e-05,0.0,0.0,0.2,0.92,380.9300521
8e-05,0.0,0.0,0.3,0.92,386.5128308
8e-05,0.0,0.0,0.4,0.92,388.7326167
8e-05,0.0,0.0,0.5,0.92,389.7038399
8e-05,0.0,0.0,0.6,0.92,389.9962091
8e-05,0.0,0.0,0.7,0.92,390.0355326
8e-05,0.0,0.0,0.8,0.92,390.0286759
8e-05,0.0,0.0,0.9,0.92,390.033665
8e-05,0.0,0.0,1.0,0.92,390.0386212
4e-05,0.0001,0.0,0.0,0.96,300.0019999
4e-05,0.0001,0.0,0.1,0.96,361.2827505
4e-05,0.0001,0.0,0.2,0.96,380.915973
4e-05,0.0001,0.0,0.3,0.96,386.4977699
4e-05,0.0001,0.0,0.4,0.96,388.7171648
4e-05,0.0001,0.0,0.5,0.96,389.688217
4e-05,0.0001,0.0,0.6,0.96,389.9805347
4e-05,0.0001,0.0,0.7,0.96,390.0198513
4e-05,0.0001,0.0,0.8,0.96,390.0129959
4e-05,0.0001,0.0,0.9,0.96,390.0179841
4e-05,0.0001,0.0,1.0,0.96,390.0229395
4e-05,0.0001,1e-05,0.0,0.96,300.0019999
4e-05,0.0001,1e-05,0.1,0.96,361.2827505
4e-05,0.0001,1e-05,0.2,0.96,380.915973
4e-05,0.0001,1e-05,0.3,0.96,386.4977699
4e-05,0.0001,1e-05,0.4,0.96,388.7171647
4e-05,0.0001,1e-05,0.5,0.96,389.688217
4e-05,0.0001,1e-05,0.6,0.96,389.9805347
4e-05,0.0001,1e-05,0.7,0.96,390.0198513
4e-05,0.0001,1e-05,0.8,0.96,390.0129959
4e-05,0.0001,1e-05,0.9,0.96,390.0179841
4e-05,0.0001,1e-05,1.0,0.96,390.0229395
5e-05,8.27e-05,0.0,0.0,0.95,300.002
5e-05,8.27e-05,0.0,0.1,0.95,361.2898941
5e-05,8.27e-05,0.0,0.2,0.95,380.9254156
5e-05,8.27e-05,0.0,0.3,0.95,386.507866
5e-05,8.27e-05,0.0,0.4,0.95,388.7275209
5e-05,8.27e-05,0.0,0.5,0.95,389.6986869
5e-05,8.27e-05,0.0,0.6,0.95,389.9910388
5e-05,8.27e-05,0.0,0.7,0.95,390.03036
5e-05,8.27e-05,0.0,0.8,0.95,390.0235038
5e-05,8.27e-05,0.0,0.9,0.95,390.0284926
5e-05,8.27e-05,0.0,1.0,0.95,390.0334485
5e-05,8.27e-05,1e-05,0.0,0.95,300.002
5e-05,8.27e-05,1e-05,0.1,0.95,361.2898941
5e-05,8.27e-05,1e-05,0.2,0.95,380.9254156
5e-05,8.27e-05,1e-05,0.3,0.95,386.507866
5e-05,8.27e-05,1e-05,0.4,0.95,388.7275209
5e-05,8.27e-05,1e-05,0.5,0.95,389.6986869
5e-05,8.27e-05,1e-05,0.6,0.95,389.9910388
5e-05,8.27e-05,1e-05,0.7,0.95,390.03036
5e-05,8.27e-05,1e-05,0.8,0.95,390.0235038
5e-05,8.27e-05,1e-05,0.9,0.95,390.0284926
5e-05,8.27e-05,1e-05,1.0,0.95,390.0334485
5.9e-05,6.55e-05,0.0,0.0,0.940969448,300.002
5.9e-05,6.55e-05,0.0,0.1,0.940969448,361.294863
5.9e-05,6.55e-05,0.0,0.2,0.940969448,380.9319877
5.9e-05,6.55e-05,0.0,0.3,0.940969448,386.5148938
5.9e-05,6.55e-05,0.0,0.4,0.940969448,388.73473
5.9e-05,6.55e-05,0.0,0.5,0.940969448,389.7059753
5.9e-05,6.55e-05,0.0,0.6,0.940969448,389.9983511
5.9e-05,6.55e-05,0.0,0.7,0.940969448,390.0376755
5.9e-05,6.55e-05,0.0,0.8,0.940969448,390.0308187
5.9e-05,6.55e-05,0.0,0.9,0.940969448,390.0358079
5.9e-05,6.55e-05,0.0,1.0,0.940969448,390.0407643
5.98e-05,6.56e-05,1e-05,0.0,0.940208106,300.002
5.98e-05,6.56e-05,1e-05,0.1,0.940208106,361.2950519
5.98e-05,6.56e-05,1e-05,0.2,0.940208106,380.932238
5.98e-05,6.56e-05,1e-05,0.3,0.940208106,386.5151616
5.98e-05,6.56e-05,1e-05,0.4,0.940208106,388.7350047
5.98e-05,6.56e-05,1e-05,0.5,0.940208106,389.7062531
5.98e-05,6.56e-05,1e-05,0.6,0.940208106,389.9986298
5.98e-05,6.56e-05,1e-05,0.7,0.940208106,390.0379543
5.98e-05,6.56e-05,1e-05,0.8,0.940208106,390.0310975
5.98e-05,6.56e-05,1e-05,0.9,0.940208106,390.0360867
5.98e-05,6.56e-05,1e-05,1.0,0.940208106,390.0410431
6.93e-05,4.98e-05,0.0,0.0,0.930701735,300.002
6.93e-05,4.98e-05,0.0,0.1,0.930701735,361.2982952
6.93e-05,4.98e-05,0.0,0.2,0.930701735,380.9365335
6.93e-05,4.98e-05,0.0,0.3,0.930701735,386.5197562
6.93e-05,4.98e-05,0.0,0.4,0.930701735,388.7397184
6.93e-05,4.98e-05,0.0,0.5,0.930701735,389.7110188
6.93e-05,4.98e-05,0.0,0.6,0.930701735,390.0034112
6.93e-05,4.98e-05,0.0,0.7,0.930701735,390.0427378
6.93e-05,4.98e-05,0.0,0.8,0.930701735,390.0358806
6.93e-05,4.98e-05,0.0,0.9,0.930701735,390.0408701
6.93e-05,4.98e-05,0.0,1.0,0.930701735,390.0458267
6.96e-05,4.97e-05,5e-06,0.0,0.930414728,300.002
6.96e-05,4.97e-05,5e-06,0.1,0.930414728,361.2991356
6.96e-05,4.97e-05,5e-06,0.2,0.930414728,380.9376436
6.96e-05,4.97e-05,5e-06,0.3,0.930414728,386.5209429
6.96e-05,4.97e-05,5e-06,0.4,0.930414728,388.7409356
6.96e-05,4.97e-05,5e-06,0.5,0.930414728,389.7122494
6.96e-05,4.97e-05,5e-06,0.6,0.930414728,390.0046458
6.96e-05,4.97e-05,5e-06,0.7,0.930414728,390.0439729
6.96e-05,4.97e-05,5e-06,0.8,0.930414728,390.0371156
6.96e-05,4.97e-05,5e-06,0.9,0.930414728,390.0421052
6.96e-05,4.97e-05,5e-06,1.0,0.930414728,390.0470619
6.91e-05,4.98e-05,1e-05,0.0,0.930860592,300.002
6.91e-05,4.98e-05,1e-05,0.1,0.930860592,361.2982539
6.91e-05,4.98e-05,1e-05,0.2,0.930860592,380.9364789
6.91e-05,4.98e-05,1e-05,0.3,0.930860592,386.5196977
6.91e-05,4.98e-05,1e-05,0.4,0.930860592,388.7396584
6.91e-05,4.98e-05,1e-05,0.5,0.930860592,389.7109581
6.91e-05,4.98e-05,1e-05,0.6,0.930860592,390.0033503
6.91e-05,4.98e-05,1e-05,0.7,0.930860592,390.0426769
6.91e-05,4.98e-05,1e-05,0.8,0.930860592,390.0358197
6.91e-05,4.98e-05,1e-05,0.9,0.930860592,390.0408092
6.91e-05,4.98e-05,1e-05,1.0,0.930860592,390.0457658
8.01e-05,3.37e-05,0.0,0.0,0.919919047,300.002
8.01e-05,3.37e-05,0.0,0.1,0.919919047,361.3002409
8.01e-05,3.37e-05,0.0,0.2,0.919919047,380.939119
8.01e-05,3.37e-05,0.0,0.3,0.919919047,386.5225234
8.01e-05,3.37e-05,0.0,0.4,0.919919047,388.742558
8.01e-05,3.37e-05,0.0,0.5,0.919919047,389.7138901
8.01e-05,3.37e-05,0.0,0.6,0.919919047,390.006292
8.01e-05,3.37e-05,0.0,0.7,0.919919047,390.0456199
8.01e-05,3.37e-05,0.0,0.8,0.919919047,390.0387625
8.01e-05,3.37e-05,0.0,0.9,0.919919047,390.0437522
8.01e-05,3.37e-05,0.0,1.0,0.919919047,390.0487089
8.05e-05,3.36e-05,1e-05,0.0,0.919536022,300.002
8.05e-05,3.36e-05,1e-05,0.1,0.919536022,361.3003307
8.05e-05,3.36e-05,1e-05,0.2,0.919536022,380.9392382
8.05e-05,3.36e-05,1e-05,0.3,0.919536022,386.5226509
8.05e-05,3.36e-05,1e-05,0.4,0.919536022,388.7426889
8.05e-05,3.36e-05,1e-05,0.5,0.919536022,389.7140224
8.05e-05,3.36e-05,1e-05,0.6,0.919536022,390.0064248
8.05e-05,3.36e-05,1e-05,0.7,0.919536022,390.0457527
8.05e-05,3.36e-05,1e-05,0.8,0.919536022,390.0388953
8.05e-05,3.36e-05,1e-05,0.9,0.919536022,390.043885
8.05e-05,3.36e-05,1e-05,1.0,0.919536022,390.0488418
9e-05,1.73e-05,0.0,0.0,0.91,300.002
9e-05,1.73e-05,0.0,0.1,0.91,361.3002532
9e-05,1.73e-05,0.0,0.2,0.91,380.9391515
9e-05,1.73e-05,0.0,0.3,0.91,386.5225616
9e-05,1.73e-05,0.0,0.4,0.91,388.7425986
9e-05,1.73e-05,0.0,0.5,0.91,389.7139317
9e-05,1.73e-05,0.0,0.6,0.91,390.0063339
9e-05,1.73e-05,0.0,0.7,0.91,390.0456619
9e-05,1.73e-05,0.0,0.8,0.91,390.0388045
9e-05,1.73e-05,0.0,0.9,0.91,390.0437941
9e-05,1.73e-05,0.0,1.0,0.91,390.0487509
9e-05,1.73e-05,1e-05,0.0,0.91,300.002
9e-05,1.73e-05,1e-05,0.1,0.91,361.3002532
9e-05,1.73e-05,1e-05,0.2,0.91,380.9391515
9e-05,1.73e-05,1e-05,0.3,0.91,386.5225616
9e-05,1.73e-05,1e-05,0.4,0.91,388.7425986
9e-05,1.73e-05,1e-05,0.5,0.91,389.7139317
9e-05,1.73e-05,1e-05,0.6,0.91,390.0063339
9e-05,1.73e-05,1e-05,0.7,0.91,390.0456619
9e-05,1.73e-05,1e-05,0.8,0.91,390.0388045
9e-05,1.73e-05,1e-05,0.9,0.91,390.0437941
9e-05,1.73e-05,1e-05,1.0,0.91,390.0487509
0.0001,0.0,1e-05,0.0,0.9,300.0019999
0.0001,0.0,1e-05,0.1,0.9,361.2982902
0.0001,0.0,1e-05,0.2,0.9,380.9365775
0.0001,0.0,1e-05,0.3,0.9,386.5198137
0.0001,0.0,1e-05,0.4,0.9,388.7397819
0.0001,0.0,1e-05,0.5,0.9,389.7110847
0.0001,0.0,1e-05,0.6,0.9,390.0034779
0.0001,0.0,1e-05,0.7,0.9,390.0428045
0.0001,0.0,1e-05,0.8,0.9,390.0359474
0.0001,0.0,1e-05,0.9,0.9,390.0409369
0.0001,0.0,1e-05,1.0,0.9,390.0458935
0.0001,0.0,0.0,0.0,0.9,300.0019999
0.0001,0.0,0.0,0.1,0.9,361.2982902
0.0001,0.0,0.0,0.2,0.9,380.9365775
0.0001,0.0,0.0,0.3,0.9,386.5198137
0.0001,0.0,0.0,0.4,0.9,388.7397819
0.0001,0.0,0.0,0.5,0.9,389.7110847
0.0001,0.0,0.0,0.6,0.9,390.0034779
0.0001,0.0,0.0,0.7,0.9,390.0428046
0.0001,0.0,0.0,0.8,0.9,390.0359474
0.0001,0.0,0.0,0.9,0.9,390.0409369
0.0001,0.0,0.0,1.0,0.9,390.0458935
6e-05,0.0001,0.0,0.0,0.94,300.0019999
6e-05,0.0001,0.0,0.1,0.94,361.2881958
6e-05,0.0001,0.0,0.2,0.94,380.923185
6e-05,0.0001,0.0,0.3,0.94,386.505484
6e-05,0.0001,0.0,0.4,0.94,388.7250788
6e-05,0.0001,0.0,0.5,0.94,389.6962185
6e-05,0.0001,0.0,0.6,0.94,389.9885625
6e-05,0.0001,0.0,0.7,0.94,390.0278826
6e-05,0.0001,0.0,0.8,0.94,390.0210265
6e-05,0.0001,0.0,0.9,0.94,390.0260152
6e-05,0.0001,0.0,1.0,0.94,390.030971
6e-05,0.0001,1e-05,0.0,0.94,300.0019999
6e-05,0.0001,1e-05,0.1,0.94,361.2881958
6e-05,0.0001,1e-05,0.2,0.94,380.923185
6e-05,0.0001,1e-05,0.3,0.94,386.505484
6e-05,0.0001,1e-05,0.4,0.94,388.7250788
6e-05,0.0001,1e-05,0.5,0.94,389.6962185
6e-05,0.0001,1e-05,0.6,0.94,389.9885625
6e-05,0.0001,1e-05,0.7,0.94,390.0278826
6e-05,0.0001,1e-05,0.8,0.94,390.0210265
6e-05,0.0001,1e-05,0.9,0.94,390.0260152
6e-05,0.0001,1e-05,1.0,0.94,390.030971
7e-05,8.27e-05,1e-05,0.0,0.93,300.002
7e-05,8.27e-05,1e-05,0.1,0.93,361.295206
7e-05,8.27e-05,1e-05,0.2,0.93,380.9324552
7e-05,8.27e-05,1e-05,0.3,0.93,386.5153966
7e-05,8.27e-05,1e-05,0.4,0.93,388.735247
7e-05,8.27e-05,1e-05,0.5,0.93,389.7064985
7e-05,8.27e-05,1e-05,0.6,0.93,389.9988761
7e-05,8.27e-05,1e-05,0.7,0.93,390.0382008
7e-05,8.27e-05,1e-05,0.8,0.93,390.0313439
7e-05,8.27e-05,1e-05,0.9,0.93,390.0363332
7e-05,8.27e-05,1e-05,1.0,0.93,390.0412895
7e-05,8.27e-05,0.0,0.0,0.93,300.002
7e-05,8.27e-05,0.0,0.1,0.93,361.295206
7e-05,8.27e-05,0.0,0.2,0.93,380.9324552
7e-05,8.27e-05,0.0,0.3,0.93,386.5153966
7e-05,8.27e-05,0.0,0.4,0.93,388.735247
7e-05,8.27e-05,0.0,0.5,0.93,389.7064985
7e-05,8.27e-05,0.0,0.6,0.93,389.9988761
7e-05,8.27e-05,0.0,0.7,0.93,390.0382008
7e-05,8.27e-05,0.0,0.8,0.93,390.0313439
7e-05,8.27e-05,0.0,0.9,0.93,390.0363332
7e-05,8.27e-05,0.0,1.0,0.93,390.0412895
7.93e-05,6.63e-05,0.0,0.0,0.920654134,300.002
7.93e-05,6.63e-05,0.0,0.1,0.920654134,361.300057
7.93e-05,6.63e-05,0.0,0.2,0.920654134,380.938875
7.93e-05,6.63e-05,0.0,0.3,0.920654134,386.5222623
7.93e-05,6.63e-05,0.0,0.4,0.920654134,388.7422902
7.93e-05,6.63e-05,0.0,0.5,0.920654134,389.7136193
7.93e-05,6.63e-05,0.0,0.6,0.920654134,390.0060203
7.93e-05,6.63e-05,0.0,0.7,0.920654134,390.0453481
7.93e-05,6.63e-05,0.0,0.8,0.920654134,390.0384907
7.93e-05,6.63e-05,0.0,0.9,0.920654134,390.0434803
7.93e-05,6.63e-05,0.0,1.0,0.920654134,390.0484371
8e-05,6.63e-05,1e-05,0.0,0.92,300.002
8e-05,6.63e-05,1e-05,0.1,0.92,361.3002226
8e-05,6.63e-05,1e-05,0.2,0.92,380.9390947
8e-05,6.63e-05,1e-05,0.3,0.92,386.5224974
8e-05,6.63e-05,1e-05,0.4,0.92,388.7425313
8e-05,6.63e-05,1e-05,0.5,0.92,389.7138631
8e-05,6.63e-05,1e-05,0.6,0.92,390.0062649
8e-05,6.63e-05,1e-05,0.7,0.92,390.0455928
8e-05,6.63e-05,1e-05,0.8,0.92,390.0387354
8e-05,6.63e-05,1e-05,0.9,0.92,390.043725
8e-05,6.63e-05,1e-05,1.0,0.92,390.0486818
8.94e-05,5.04e-05,0.0,0.0,0.91055454,300.002
8.94e-05,5.04e-05,0.0,0.1,0.91055454,361.3033876
8.94e-05,5.04e-05,0.0,0.2,0.91055454,380.9432897
8.94e-05,5.04e-05,0.0,0.3,0.91055454,386.5269851
8.94e-05,5.04e-05,0.0,0.4,0.91055454,388.7471356
8.94e-05,5.04e-05,0.0,0.5,0.91055454,389.7185184
8.94e-05,5.04e-05,0.0,0.6,0.91055454,390.0109355
8.94e-05,5.04e-05,0.0,0.7,0.91055454,390.0502655
8.94e-05,5.04e-05,0.0,0.8,0.91055454,390.0434077
8.94e-05,5.04e-05,0.0,0.9,0.91055454,390.0483976
8.94e-05,5.04e-05,0.0,1.0,0.91055454,390.0533546
8.95e-05,5.06e-05,1e-05,0.0,0.910490469,300.002
8.95e-05,5.06e-05,1e-05,0.1,0.910490469,361.303403
8.95e-05,5.06e-05,1e-05,0.2,0.910490469,380.9433102
8.95e-05,5.06e-05,1e-05,0.3,0.910490469,386.527007
8.95e-05,5.06e-05,1e-05,0.4,0.910490469,388.7471582
8.95e-05,5.06e-05,1e-05,0.5,0.910490469,389.7185411
8.95e-05,5.06e-05,1e-05,0.6,0.910490469,390.0109584
8.95e-05,5.06e-05,1e-05,0.7,0.910490469,390.0502883
8.95e-05,5.06e-05,1e-05,0.8,0.910490469,390.0434305
8.95e-05,5.06e-05,1e-05,0.9,0.910490469,390.0484205
8.95e-05,5.06e-05,1e-05,1.0,0.910490469,390.0533775
0.0001,3.46e-05,0.0,0.0,0.9,300.002
0.0001,3.46e-05,0.0,0.1,0.9,361.3052275
0.0001,3.46e-05,0.0,0.2,0.9,380.945738
0.0001,3.46e-05,0.0,0.3,0.9,386.5296062
0.0001,3.46e-05,0.0,0.4,0.9,388.7498257
0.0001,3.46e-05,0.0,0.5,0.9,389.7212385
0.0001,3.46e-05,0.0,0.6,0.9,390.0136648
0.0001,3.46e-05,0.0,0.7,0.9,390.0529959
0.0001,3.46e-05,0.0,0.8,0.9,390.046138
0.0001,3.46e-05,0.0,0.9,0.9,390.051128
0.0001,3.46e-05,0.0,1.0,0.9,390.0560852
0.0001,3.41e-05,5e-06,0.0,0.900036093,300.002
0.0001,3.41e-05,5e-06,0.1,0.900036093,361.305938
0.0001,3.41e-05,5e-06,0.2,0.900036093,380.946676
0.0001,3.41e-05,5e-06,0.3,0.900036093,386.5306089
0.0001,3.41e-05,5e-06,0.4,0.900036093,388.7508542
0.0001,3.41e-05,5e-06,0.5,0.900036093,389.7222782
0.0001,3.41e-05,5e-06,0.6,0.900036093,390.0147079
0.0001,3.41e-05,5e-06,0.7,0.900036093,390.0540395
0.0001,3.41e-05,5e-06,0.8,0.900036093,390.0471814
0.0001,3.41e-05,5e-06,0.9,0.900036093,390.0521715
0.0001,3.41e-05,5e-06,1.0,0.900036093,390.0571288
0.0001,3.46e-05,1e-05,0.0,0.9,300.002
0.0001,3.46e-05,1e-05,0.1,0.9,361.3052275
0.0001,3.46e-05,1e-05,0.2,0.9,380.945738
0.0001,3.46e-05,1e-05,0.3,0.9,386.5296062
0.0001,3.46e-05,1e-05,0.4,0.9,388.7498257
0.0001,3.46e-05,1e-05,0.5,0.9,389.7212385
0.0001,3.46e-05,1e-05,0.6,0.9,390.0136648
0.0001,3.46e-05,1e-05,0.7,0.9,390.0529959
0.0001,3.46e-05,1e-05,0.8,0.9,390.046138
0.0001,3.46e-05,1e-05,0.9,0.9,390.051128
0.0001,3.46e-05,1e-05,1.0,0.9,390.0560852
0.00011,1.73e-05,1e-05,0.0,0.89,300.002
0.00011,1.73e-05,1e-05,0.1,0.89,361.3050389
0.00011,1.73e-05,1e-05,0.2,0.89,380.9455079
0.00011,1.73e-05,1e-05,0.3,0.89,386.5293641
0.00011,1.73e-05,1e-05,0.4,0.89,388.7495791
0.00011,1.73e-05,1e-05,0.5,0.89,389.7209899
0.00011,1.73e-05,1e-05,0.6,0.89,390.0134156
0.00011,1.73e-05,1e-05,0.7,0.89,390.0527466
0.00011,1.73e-05,1e-05,0.8,0.89,390.0458887
0.00011,1.73e-05,1e-05,0.9,0.89,390.0508787
0.00011,1.73e-05,1e-05,1.0,0.89,390.0558359
0.00011,1.73e-05,0.0,0.0,0.89,300.002
0.00011,1.73e-05,0.0,0.1,0.89,361.3050389
0.00011,1.73e-05,0.0,0.2,0.89,380.9455079
0.00011,1.73e-05,0.0,0.3,0.89,386.5293641
0.00011,1.73e-05,0.0,0.4,0.89,388.7495791
0.00011,1.73e-05,0.0,0.5,0.89,389.7209899
0.00011,1.73e-05,0.0,0.6,0.89,390.0134156
0.00011,1.73e-05,0.0,0.7,0.89,390.0527466
0.00011,1.73e-05,0.0,0.8,0.89,390.0458887
0.00011,1.73e-05,0.0,0.9,0.89,390.0508787
0.00011,1.73e-05,0.0,1.0,0.89,390.0558359
0.00012,0.0,1e-05,0.0,0.88,300.0019999
0.00012,0.0,1e-05,0.1,0.88,361.302946
0.00012,0.0,1e-05,0.2,0.88,380.9427647
0.00012,0.0,1e-05,0.3,0.88,386.5264358
0.00012,0.0,1e-05,0.4,0.88,388.7465775
0.00012,0.0,1e-05,0.5,0.88,389.7179561
0.00012,0.0,1e-05,0.6,0.88,390.0103721
0.00012,0.0,1e-05,0.7,0.88,390.0497018
0.00012,0.0,1e-05,0.8,0.88,390.0428441
0.00012,0.0,1e-05,0.9,0.88,390.047834
0.00012,0.0,1e-05,1.0,0.88,390.052791
0.00012,0.0,0.0,0.0,0.88,300.0019999
0.00012,0.0,0.0,0.1,0.88,361.302946
0.00012,0.0,0.0,0.2,0.88,380.9427647
0.00012,0.0,0.0,0.3,0.88,386.5264358
0.00012,0.0,0.0,0.4,0.88,388.7465775
0.00012,0.0,0.0,0.5,0.88,389.7179561
0.00012,0.0,0.0,0.6,0.88,390.0103721
0.00012,0.0,0.0,0.7,0.88,390.0497018
0.00012,0.0,0.0,0.8,0.88,390.0428441
0.00012,0.0,0.0,0.9,0.88,390.0478339
0.00012,0.0,0.0,1.0,0.88,390.052791
8e-05,0.0001,0.0,0.0,0.92,300.0019999
8e-05,0.0001,0.0,0.1,0.92,361.2933745
8e-05,0.0001,0.0,0.2,0.92,380.930052
8e-05,0.0001,0.0,0.3,0.92,386.5128308
8e-05,0.0001,0.0,0.4,0.92,388.7326167
8e-05,0.0001,0.0,0.5,0.92,389.7038399
8e-05,0.0001,0.0,0.6,0.92,389.9962091
8e-05,0.0001,0.0,0.7,0.92,390.0355326
8e-05,0.0001,0.0,0.8,0.92,390.0286759
8e-05,0.0001,0.0,0.9,0.92,390.033665
8e-05,0.0001,0.0,1.0,0.92,390.0386212
8e-05,0.0001,1e-05,0.0,0.92,300.0019999
8e-05,0.0001,1e-05,0.1,0.92,361.2933745
8e-05,0.0001,1e-05,0.2,0.92,380.930052
8e-05,0.0001,1e-05,0.3,0.92,386.5128308
8e-05,0.0001,1e-05,0.4,0.92,388.7326167
8e-05,0.0001,1e-05,0.5,0.92,389.7038399
8e-05,0.0001,1e-05,0.6,0.92,389.9962091
8e-05,0.0001,1e-05,0.7,0.92,390.0355326
8e-05,0.0001,1e-05,0.8,0.92,390.0286759
8e-05,0.0001,1e-05,0.9,0.92,390.033665
8e-05,0.0001,1e-05,1.0,0.92,390.0386212
9e-05,8.27e-05,1e-05,0.0,0.91,300.002
9e-05,8.27e-05,1e-05,0.1,0.91,361.3002532
9e-05,8.27e-05,1e-05,0.2,0.91,380.9391515
9e-05,8.27e-05,1e-05,0.3,0.91,386.5225616
9e-05,8.27e-05,1e-05,0.4,0.91,388.7425986
9e-05,8.27e-05,1e-05,0.5,0.91,389.7139317
9e-05,8.27e-05,1e-05,0.6,0.91,390.0063339
9e-05,8.27e-05,1e-05,0.7,0.91,390.0456619
9e-05,8.27e-05,1e-05,0.8,0.91,390.0388045
9e-05,8.27e-05,1e-05,0.9,0.91,390.0437941
9e-05,8.27e-05,1e-05,1.0,0.91,390.0487509
9e-05,8.3e-05,5e-06,0.0,0.910036504,300.002
9e-05,8.3e-05,5e-06,0.1,0.910036504,361.3009389
9e-05,8.3e-05,5e-06,0.2,0.910036504,380.9400569
9e-05,8.3e-05,5e-06,0.3,0.910036504,386.5235293
9e-05,8.3e-05,5e-06,0.4,0.910036504,388.7435912
9e-05,8.3e-05,5e-06,0.5,0.910036504,389.7149352
9e-05,8.3e-05,5e-06,0.6,0.910036504,390.0073407
9e-05,8.3e-05,5e-06,0.7,0.910036504,390.046669
9e-05,8.3e-05,5e-06,0.8,0.910036504,390.0398115
9e-05,8.3e-05,5e-06,0.9,0.910036504,390.0448012
9e-05,8.3e-05,5e-06,1.0,0.910036504,390.0497581
9.01e-05,8.27e-05,0.0,0.0,0.909856922,300.002
9.01e-05,8.27e-05,0.0,0.1,0.909856922,361.3002874
9.01e-05,8.27e-05,0.0,0.2,0.909856922,380.939197
9.01e-05,8.27e-05,0.0,0.3,0.909856922,386.5226102
9.01e-05,8.27e-05,0.0,0.4,0.909856922,388.7426486
9.01e-05,8.27e-05,0.0,0.5,0.909856922,389.7139822
9.01e-05,8.27e-05,0.0,0.6,0.909856922,390.0063846
9.01e-05,8.27e-05,0.0,0.7,0.909856922,390.0457126
9.01e-05,8.27e-05,0.0,0.8,0.909856922,390.0388551
9.01e-05,8.27e-05,0.0,0.9,0.909856922,390.0438448
9.01e-05,8.27e-05,0.0,1.0,0.909856922,390.0488016
0.0001,6.69e-05,1e-05,0.0,0.9,300.002
0.0001,6.69e-05,1e-05,0.1,0.9,361.3050723
0.0001,6.69e-05,1e-05,0.2,0.9,380.9455331
0.0001,6.69e-05,1e-05,0.3,0.9,386.5293871
0.0001,6.69e-05,1e-05,0.4,0.9,388.749601
0.0001,6.69e-05,1e-05,0.5,0.9,389.7210114
0.0001,6.69e-05,1e-05,0.6,0.9,390.0134369
0.0001,6.69e-05,1e-05,0.7,0.9,390.0527679
0.0001,6.69e-05,1e-05,0.8,0.9,390.04591
0.0001,6.69e-05,1e-05,0.9,0.9,390.0509
0.0001,6.69e-05,1e-05,1.0,0.9,390.0558572
0.0001,6.69e-05,0.0,0.0,0.9,300.002
0.0001,6.69e-05,0.0,0.1,0.9,361.3050723
0.0001,6.69e-05,0.0,0.2,0.9,380.9455331
0.0001,6.69e-05,0.0,0.3,0.9,386.5293871
0.0001,6.69e-05,0.0,0.4,0.9,388.749601
0.0001,6.69e-05,0.0,0.5,0.9,389.7210114
0.0001,6.69e-05,0.0,0.6,0.9,390.0134369
0.0001,6.69e-05,0.0,0.7,0.9,390.0527679
0.0001,6.69e-05,0.0,0.8,0.9,390.04591
0.0001,6.69e-05,0.0,0.9,0.9,390.0509
0.0001,6.69e-05,0.0,1.0,0.9,390.0558572
0.00011,5.09e-05,0.0,0.0,0.890002631,300.002
0.00011,5.09e-05,0.0,0.1,0.890002631,361.3083072
0.00011,5.09e-05,0.0,0.2,0.890002631,380.9498239
0.00011,5.09e-05,0.0,0.3,0.890002631,386.5339779
0.00011,5.09e-05,0.0,0.4,0.890002631,388.7543114
0.00011,5.09e-05,0.0,0.5,0.890002631,389.725774
0.00011,5.09e-05,0.0,0.6,0.890002631,390.0182152
0.00011,5.09e-05,0.0,0.7,0.890002631,390.0575483
0.00011,5.09e-05,0.0,0.8,0.890002631,390.05069
0.00011,5.09e-05,0.0,0.9,0.890002631,390.0556803
0.00011,5.09e-05,0.0,1.0,0.890002631,390.0606378
0.00011,5.09e-05,1e-05,0.0,0.890002592,300.002
0.00011,5.09e-05,1e-05,0.1,0.890002592,361.3083072
0.00011,5.09e-05,1e-05,0.2,0.890002592,380.9498239
0.00011,5.09e-05,1e-05,0.3,0.890002592,386.533978
0.00011,5.09e-05,1e-05,0.4,0.890002592,388.7543114
0.00011,5.09e-05,1e-05,0.5,0.890002592,389.725774
0.00011,5.09e-05,1e-05,0.6,0.890002592,390.0182152
0.00011,5.09e-05,1e-05,0.7,0.890002592,390.0575483
0.00011,5.09e-05,1e-05,0.8,0.890002592,390.0506901
0.00011,5.09e-05,1e-05,0.9,0.890002592,390.0556804
0.00011,5.09e-05,1e-05,1.0,0.890002592,390.0606378
0.00012,3.46e-05,0.0,0.0,0.88,300.002
0.00012,3.46e-05,0.0,0.1,0.88,361.3098838
0.00012,3.46e-05,0.0,0.2,0.88,380.9519258
0.00012,3.46e-05,0.0,0.3,0.88,386.5362291
0.00012,3.46e-05,0.0,0.4,0.88,388.7566221
0.00012,3.46e-05,0.0,0.5,0.88,389.7281107
0.00012,3.46e-05,0.0,0.6,0.88,390.0205598
0.00012,3.46e-05,0.0,0.7,0.88,390.0598939
0.00012,3.46e-05,0.0,0.8,0.88,390.0530355
0.00012,3.46e-05,0.0,0.9,0.88,390.0580259
0.00012,3.46e-05,0.0,1.0,0.88,390.0629834
0.00012,3.46e-05,1e-05,0.0,0.88,300.002
0.00012,3.46e-05,1e-05,0.1,0.88,361.3098838
0.00012,3.46e-05,1e-05,0.2,0.88,380.9519259
0.00012,3.46e-05,1e-05,0.3,0.88,386.5362291
0.00012,3.46e-05,1e-05,0.4,0.88,388.7566221
0.00012,3.46e-05,1e-05,0.5,0.88,389.7281107
0.00012,3.46e-05,1e-05,0.6,0.88,390.0205598
0.00012,3.46e-05,1e-05,0.7,0.88,390.0598939
0.00012,3.46e-05,1e-05,0.8,0.88,390.0530355
0.00012,3.46e-05,1e-05,0.9,0.88,390.0580259
0.00012,3.46e-05,1e-05,1.0,0.88,390.0629835
0.00013,1.73e-05,1e-05,0.0,0.87,300.002
0.00013,1.73e-05,1e-05,0.1,0.87,361.3095662
0.00013,1.73e-05,1e-05,0.2,0.87,380.9515274
0.00013,1.73e-05,1e-05,0.3,0.87,386.5358075
0.00013,1.73e-05,1e-05,0.4,0.87,388.7561916
0.00013,1.73e-05,1e-05,0.5,0.87,389.7276762
0.00013,1.73e-05,1e-05,0.6,0.87,390.0201241
0.00013,1.73e-05,1e-05,0.7,0.87,390.0594581
0.00013,1.73e-05,1e-05,0.8,0.87,390.0525996
0.00013,1.73e-05,1e-05,0.9,0.87,390.05759
0.00013,1.73e-05,1e-05,1.0,0.87,390.0625476
0.00013,1.73e-05,0.0,0.0,0.87,300.002
0.00013,1.73e-05,0.0,0.1,0.87,361.3095662
0.00013,1.73e-05,0.0,0.2,0.87,380.9515274
0.00013,1.73e-05,0.0,0.3,0.87,386.5358075
0.00013,1.73e-05,0.0,0.4,0.87,388.7561916
0.00013,1.73e-05,0.0,0.5,0.87,389.7276762
0.00013,1.73e-05,0.0,0.6,0.87,390.0201241
0.00013,1.73e-05,0.0,0.7,0.87,390.0594581
0.00013,1.73e-05,0.0,0.8,0.87,390.0525996
0.00013,1.73e-05,0.0,0.9,0.87,390.05759
0.00013,1.73e-05,0.0,1.0,0.87,390.0625476
0.00014,0.0,1e-05,0.0,0.86,300.0019999
0.00014,0.0,1e-05,0.1,0.86,361.3073449
0.00014,0.0,1e-05,0.2,0.86,380.9486165
0.00014,0.0,1e-05,0.3,0.86,386.5327002
0.00014,0.0,1e-05,0.4,0.86,388.7530065
0.00014,0.0,1e-05,0.5,0.86,389.7244571
0.00014,0.0,1e-05,0.6,0.86,390.0168947
0.00014,0.0,1e-05,0.7,0.86,390.0562273
0.00014,0.0,1e-05,0.8,0.86,390.0493691
0.00014,0.0,1e-05,0.9,0.86,390.0543593
0.00014,0.0,1e-05,1.0,0.86,390.0593167
0.00014,0.0,0.0,0.0,0.86,300.0019999
0.00014,0.0,0.0,0.1,0.86,361.3073449
0.00014,0.0,0.0,0.2,0.86,380.9486165
0.00014,0.0,0.0,0.3,0.86,386.5327002
0.00014,0.0,0.0,0.4,0.86,388.7530065
0.00014,0.0,0.0,0.5,0.86,389.7244571
0.00014,0.0,0.0,0.6,0.86,390.0168947
0.00014,0.0,0.0,0.7,0.86,390.0562273
0.00014,0.0,0.0,0.8,0.86,390.0493691
0.00014,0.0,0.0,0.9,0.86,390.0543593
0.00014,0.0,0.0,1.0,0.86,390.0593167
0.0001,0.0001,0.0,0.0,0.9,300.0019999
0.0001,0.0001,0.0,0.1,0.9,361.2982902
0.0001,0.0001,0.0,0.2,0.9,380.9365775
0.0001,0.0001,0.0,0.3,0.9,386.5198137
0.0001,0.0001,0.0,0.4,0.9,388.7397819
0.0001,0.0001,0.0,0.5,0.9,389.7110847
0.0001,0.0001,0.0,0.6,0.9,390.0034779
0.0001,0.0001,0.0,0.7,0.9,390.0428046
0.0001,0.0001,0.0,0.8,0.9,390.0359474
0.0001,0.0001,0.0,0.9,0.9,390.0409369
0.0001,0.0001,0.0,1.0,0.9,390.0458935
0.0001,0.0001,1e-05,0.0,0.9,300.0019999
0.0001,0.0001,1e-05,0.1,0.9,361.2982902
0.0001,0.0001,1e-05,0.2,0.9,380.9365775
0.0001,0.0001,1e-05,0.3,0.9,386.5198137
0.0001,0.0001,1e-05,0.4,0.9,388.7397819
0.0001,0.0001,1e-05,0.5,0.9,389.7110847
0.0001,0.0001,1e-05,0.6,0.9,390.0034779
0.0001,0.0001,1e-05,0.7,0.9,390.0428045
0.0001,0.0001,1e-05,0.8,0.9,390.0359474
0.0001,0.0001,1e-05,0.9,0.9,390.0409369
0.0001,0.0001,1e-05,1.0,0.9,390.0458935
0.00011,8.27e-05,1e-05,0.0,0.89,300.002
0.00011,8.27e-05,1e-05,0.1,0.89,361.3050389
0.00011,8.27e-05,1e-05,0.2,0.89,380.9455079
0.00011,8.27e-05,1e-05,0.3,0.89,386.5293641
0.00011,8.27e-05,1e-05,0.4,0.89,388.7495791
0.00011,8.27e-05,1e-05,0.5,0.89,389.7209899
0.00011,8.27e-05,1e-05,0.6,0.89,390.0134156
0.00011,8.27e-05,1e-05,0.7,0.89,390.0527466
0.00011,8.27e-05,1e-05,0.8,0.89,390.0458887
0.00011,8.27e-05,1e-05,0.9,0.89,390.0508787
0.00011,8.27e-05,1e-05,1.0,0.89,390.0558359
0.00011,8.27e-05,0.0,0.0,0.89,300.002
0.00011,8.27e-05,0.0,0.1,0.89,361.3050389
0.00011,8.27e-05,0.0,0.2,0.89,380.9455079
0.00011,8.27e-05,0.0,0.3,0.89,386.5293641
0.00011,8.27e-05,0.0,0.4,0.89,388.7495791
0.00011,8.27e-05,0.0,0.5,0.89,389.7209899
0.00011,8.27e-05,0.0,0.6,0.89,390.0134156
0.00011,8.27e-05,0.0,0.7,0.89,390.0527466
0.00011,8.27e-05,0.0,0.8,0.89,390.0458887
0.00011,8.27e-05,0.0,0.9,0.89,390.0508787
0.00011,8.27e-05,0.0,1.0,0.89,390.0558359
0.00012,6.69e-05,1e-05,0.0,0.88,300.002
0.00012,6.69e-05,1e-05,0.1,0.88,361.3097286
0.00012,6.69e-05,1e-05,0.2,0.88,380.9517209
0.00012,6.69e-05,1e-05,0.3,0.88,386.53601
0.00012,6.69e-05,1e-05,0.4,0.88,388.7563973
0.00012,6.69e-05,1e-05,0.5,0.88,389.7278835
0.00012,6.69e-05,1e-05,0.6,0.88,390.0203318
0.00012,6.69e-05,1e-05,0.7,0.88,390.0596659
0.00012,6.69e-05,1e-05,0.8,0.88,390.0528074
0.00012,6.69e-05,1e-05,0.9,0.88,390.0577979
0.00012,6.69e-05,1e-05,1.0,0.88,390.0627554
0.00012,6.69e-05,0.0,0.0,0.88,300.002
0.00012,6.69e-05,0.0,0.1,0.88,361.3097286
0.00012,6.69e-05,0.0,0.2,0.88,380.9517209
0.00012,6.69e-05,0.0,0.3,0.88,386.53601
0.00012,6.69e-05,0.0,0.4,0.88,388.7563974
0.00012,6.69e-05,0.0,0.5,0.88,389.7278835
0.00012,6.69e-05,0.0,0.6,0.88,390.0203318
0.00012,6.69e-05,0.0,0.7,0.88,390.0596659
0.00012,6.69e-05,0.0,0.8,0.88,390.0528074
0.00012,6.69e-05,0.0,0.9,0.88,390.0577979
0.00012,6.69e-05,0.0,1.0,0.88,390.0627554
0.00013,5.1e-05,0.0,0.0,0.870000439,300.002
0.00013,5.1e-05,0.0,0.1,0.870000439,361.3128349
0.00013,5.1e-05,0.0,0.2,0.870000439,380.9558439
0.00013,5.1e-05,0.0,0.3,0.870000439,386.5404218
0.00013,5.1e-05,0.0,0.4,0.870000439,388.7609244
0.00013,5.1e-05,0.0,0.5,0.870000439,389.7324608
0.00013,5.1e-05,0.0,0.6,0.870000439,390.0249243
0.00013,5.1e-05,0.0,0.7,0.870000439,390.0642604
0.00013,5.1e-05,0.0,0.8,0.870000439,390.0574016
0.00013,5.1e-05,0.0,0.9,0.870000439,390.0623922
0.00013,5.1e-05,0.0,1.0,0.870000439,390.06735
0.00013,5.1e-05,1e-05,0.0,0.870000432,300.002
0.00013,5.1e-05,1e-05,0.1,0.870000432,361.3128349
0.00013,5.1e-05,1e-05,0.2,0.870000432,380.9558439
0.00013,5.1e-05,1e-05,0.3,0.870000432,386.5404218
0.00013,5.1e-05,1e-05,0.4,0.870000432,388.7609244
0.00013,5.1e-05,1e-05,0.5,0.870000432,389.7324608
0.00013,5.1e-05,1e-05,0.6,0.870000432,390.0249243
0.00013,5.1e-05,1e-05,0.7,0.870000432,390.0642604
0.00013,5.1e-05,1e-05,0.8,0.870000432,390.0574016
0.00013,5.1e-05,1e-05,0.9,0.870000432,390.0623923
0.00013,5.1e-05,1e-05,1.0,0.870000432,390.0673501
0.00014,3.44e-05,5e-06,0.0,0.860000073,300.002
0.00014,3.44e-05,5e-06,0.1,0.860000073,361.3150239
0.00014,3.44e-05,5e-06,0.2,0.860000073,380.9587563
0.00014,3.44e-05,5e-06,0.3,0.860000073,386.5435396
0.00014,3.44e-05,5e-06,0.4,0.860000073,388.7641241
0.00014,3.44e-05,5e-06,0.5,0.860000073,389.7356964
0.00014,3.44e-05,5e-06,0.6,0.860000073,390.0281707
0.00014,3.44e-05,5e-06,0.7,0.860000073,390.0675081
0.00014,3.44e-05,5e-06,0.8,0.860000073,390.0606491
0.00014,3.44e-05,5e-06,0.9,0.860000073,390.06564
0.00014,3.44e-05,5e-06,1.0,0.860000073,390.070598
0.00014,3.46e-05,0.0,0.0,0.86,300.002
0.00014,3.46e-05,0.0,0.1,0.86,361.3142832
0.00014,3.46e-05,0.0,0.2,0.86,380.9577783
0.00014,3.46e-05,0.0,0.3,0.86,386.5424942
0.00014,3.46e-05,0.0,0.4,0.86,388.7630519
0.00014,3.46e-05,0.0,0.5,0.86,389.7346124
0.00014,3.46e-05,0.0,0.6,0.86,390.0270831
0.00014,3.46e-05,0.0,0.7,0.86,390.0664202
0.00014,3.46e-05,0.0,0.8,0.86,390.0595612
0.00014,3.46e-05,0.0,0.9,0.86,390.064552
0.00014,3.46e-05,0.0,1.0,0.86,390.0695099
0.00014,3.46e-05,1e-05,0.0,0.86,300.002
0.00014,3.46e-05,1e-05,0.1,0.86,361.3142832
0.00014,3.46e-05,1e-05,0.2,0.86,380.9577783
0.00014,3.46e-05,1e-05,0.3,0.86,386.5424942
0.00014,3.46e-05,1e-05,0.4,0.86,388.7630519
0.00014,3.46e-05,1e-05,0.5,0.86,389.7346124
0.00014,3.46e-05,1e-05,0.6,0.86,390.0270831
0.00014,3.46e-05,1e-05,0.7,0.86,390.0664202
0.00014,3.46e-05,1e-05,0.8,0.86,390.0595612
0.00014,3.46e-05,1e-05,0.9,0.86,390.064552
0.00014,3.46e-05,1e-05,1.0,0.86,390.0695099
0.00015,1.73e-05,1e-05,0.0,0.85,300.002
0.00015,1.73e-05,1e-05,0.1,0.85,361.3138381
0.00015,1.73e-05,1e-05,0.2,0.85,380.9572131
0.00015,1.73e-05,1e-05,0.3,0.85,386.5418946
0.00015,1.73e-05,1e-05,0.4,0.85,388.7624389
0.00015,1.73e-05,1e-05,0.5,0.85,389.7339935
0.00015,1.73e-05,1e-05,0.6,0.85,390.0264625
0.00015,1.73e-05,1e-05,0.7,0.85,390.0657992
0.00015,1.73e-05,1e-05,0.8,0.85,390.0589404
0.00015,1.73e-05,1e-05,0.9,0.85,390.0639311
0.00015,1.73e-05,1e-05,1.0,0.85,390.068889
0.00015,1.73e-05,0.0,0.0,0.85,300.002
0.00015,1.73e-05,0.0,0.1,0.85,361.3138381
0.00015,1.73e-05,0.0,0.2,0.85,380.9572131
0.00015,1.73e-05,0.0,0.3,0.85,386.5418946
0.00015,1.73e-05,0.0,0.4,0.85,388.7624389
0.00015,1.73e-05,0.0,0.5,0.85,389.7339936
0.00015,1.73e-05,0.0,0.6,0.85,390.0264625
0.00015,1.73e-05,0.0,0.7,0.85,390.0657992
0.00015,1.73e-05,0.0,0.8,0.85,390.0589404
0.00015,1.73e-05,0.0,0.9,0.85,390.0639311
0.00015,1.73e-05,0.0,1.0,0.85,390.068889
0.00016,0.0,1e-05,0.0,0.84,300.0019999
0.00016,0.0,1e-05,0.1,0.84,361.3114899
0.00016,0.0,1e-05,0.2,0.84,380.9541358
0.00016,0.0,1e-05,0.3,0.84,386.5386098
0.00016,0.0,1e-05,0.4,0.84,388.759072
0.00016,0.0,1e-05,0.5,0.84,389.7305906
0.00016,0.0,1e-05,0.6,0.84,390.0230487
0.00016,0.0,1e-05,0.7,0.84,390.0623839
0.00016,0.0,1e-05,0.8,0.84,390.0555253
0.00016,0.0,1e-05,0.9,0.84,390.0605159
0.00016,0.0,1e-05,1.0,0.84,390.0654736
0.00016,0.0,0.0,0.0,0.84,300.0019999
0.00016,0.0,0.0,0.1,0.84,361.3114899
0.00016,0.0,0.0,0.2,0.84,380.9541358
0.00016,0.0,0.0,0.3,0.84,386.5386098
0.00016,0.0,0.0,0.4,0.84,388.759072
0.00016,0.0,0.0,0.5,0.84,389.7305906
0.00016,0.0,0.0,0.6,0.84,390.0230487
0.00016,0.0,0.0,0.7,0.84,390.0623839
0.00016,0.0,0.0,0.8,0.84,390.0555253
0.00016,0.0,0.0,0.9,0.84,390.0605159
0.00016,0.0,0.0,1.0,0.84,390.0654736
0.00012,0.0001,0.0,0.0,0.88,300.0019999
0.00012,0.0001,0.0,0.1,0.88,361.302946
0.00012,0.0001,0.0,0.2,0.88,380.9427647
0.00012,0.0001,0.0,0.3,0.88,386.5264358
0.00012,0.0001,0.0,0.4,0.88,388.7465775
0.00012,0.0001,0.0,0.5,0.88,389.7179561
0.00012,0.0001,0.0,0.6,0.88,390.0103721
0.00012,0.0001,0.0,0.7,0.88,390.0497018
0.00012,0.0001,0.0,0.8,0.88,390.0428441
0.00012,0.0001,0.0,0.9,0.88,390.0478339
0.00012,0.0001,0.0,1.0,0.88,390.052791
0.00012,0.0001,1e-05,0.0,0.88,300.0019999
0.00012,0.0001,1e-05,0.1,0.88,361.302946
0.00012,0.0001,1e-05,0.2,0.88,380.9427647
0.00012,0.0001,1e-05,0.3,0.88,386.5264358
0.00012,0.0001,1e-05,0.4,0.88,388.7465775
0.00012,0.0001,1e-05,0.5,0.88,389.7179561
0.00012,0.0001,1e-05,0.6,0.88,390.0103721
0.00012,0.0001,1e-05,0.7,0.88,390.0497018
0.00012,0.0001,1e-05,0.8,0.88,390.0428441
0.00012,0.0001,1e-05,0.9,0.88,390.047834
0.00012,0.0001,1e-05,1.0,0.88,390.052791
0.00013,8.27e-05,1e-05,0.0,0.87,300.002
0.00013,8.27e-05,1e-05,0.1,0.87,361.3095662
0.00013,8.27e-05,1e-05,0.2,0.87,380.9515274
0.00013,8.27e-05,1e-05,0.3,0.87,386.5358075
0.00013,8.27e-05,1e-05,0.4,0.87,388.7561916
0.00013,8.27e-05,1e-05,0.5,0.87,389.7276762
0.00013,8.27e-05,1e-05,0.6,0.87,390.0201241
0.00013,8.27e-05,1e-05,0.7,0.87,390.0594581
0.00013,8.27e-05,1e-05,0.8,0.87,390.0525996
0.00013,8.27e-05,1e-05,0.9,0.87,390.05759
0.00013,8.27e-05,1e-05,1.0,0.87,390.0625476
0.00013,8.27e-05,0.0,0.0,0.87,300.002
0.00013,8.27e-05,0.0,0.1,0.87,361.3095662
0.00013,8.27e-05,0.0,0.2,0.87,380.9515274
0.00013,8.27e-05,0.0,0.3,0.87,386.5358075
0.00013,8.27e-05,0.0,0.4,0.87,388.7561916
0.00013,8.27e-05,0.0,0.5,0.87,389.7276762
0.00013,8.27e-05,0.0,0.6,0.87,390.0201241
0.00013,8.27e-05,0.0,0.7,0.87,390.0594581
0.00013,8.27e-05,0.0,0.8,0.87,390.0525996
0.00013,8.27e-05,0.0,0.9,0.87,390.05759
0.00013,8.27e-05,0.0,1.0,0.87,390.0625476
0.00014,6.69e-05,1e-05,0.0,0.86,300.002
0.00014,6.69e-05,1e-05,0.1,0.86,361.314128
0.00014,6.69e-05,1e-05,0.2,0.86,380.9575733
0.00014,6.69e-05,1e-05,0.3,0.86,386.5422751
0.00014,6.69e-05,1e-05,0.4,0.86,388.7628271
0.00014,6.69e-05,1e-05,0.5,0.86,389.7343852
0.00014,6.69e-05,1e-05,0.6,0.86,390.0268552
0.00014,6.69e-05,1e-05,0.7,0.86,390.0661921
0.00014,6.69e-05,1e-05,0.8,0.86,390.0593332
0.00014,6.69e-05,1e-05,0.9,0.86,390.064324
0.00014,6.69e-05,1e-05,1.0,0.86,390.0692819
0.00014,6.69e-05,0.0,0.0,0.86,300.002
0.00014,6.69e-05,0.0,0.1,0.86,361.314128
0.00014,6.69e-05,0.0,0.2,0.86,380.9575733
0.00014,6.69e-05,0.0,0.3,0.86,386.5422751
0.00014,6.69e-05,0.0,0.4,0.86,388.7628271
0.00014,6.69e-05,0.0,0.5,0.86,389.7343852
0.00014,6.69e-05,0.0,0.6,0.86,390.0268552
0.00014,6.69e-05,0.0,0.7,0.86,390.0661921
0.00014,6.69e-05,0.0,0.8,0.86,390.0593332
0.00014,6.69e-05,0.0,0.9,0.86,390.064324
0.00014,6.69e-05,0.0,1.0,0.86,390.0692819
0.00015,5.1e-05,0.0,0.0,0.850000073,300.002
0.00015,5.1e-05,0.0,0.1,0.850000073,361.317107
0.00015,5.1e-05,0.0,0.2,0.850000073,380.9615299
0.00015,5.1e-05,0.0,0.3,0.850000073,386.5465093
0.00015,5.1e-05,0.0,0.4,0.850000073,388.7671721
0.00015,5.1e-05,0.0,0.5,0.850000073,389.7387785
0.00015,5.1e-05,0.0,0.6,0.850000073,390.0312631
0.00015,5.1e-05,0.0,0.7,0.850000073,390.0706019
0.00015,5.1e-05,0.0,0.8,0.850000073,390.0637427
0.00015,5.1e-05,0.0,0.9,0.850000073,390.0687337
0.00015,5.1e-05,0.0,1.0,0.850000073,390.0736918
0.00015,5.1e-05,1e-05,0.0,0.850000072,300.002
0.00015,5.1e-05,1e-05,0.1,0.850000072,361.317107
0.00015,5.1e-05,1e-05,0.2,0.850000072,380.9615299
0.00015,5.1e-05,1e-05,0.3,0.850000072,386.5465093
0.00015,5.1e-05,1e-05,0.4,0.850000072,388.7671721
0.00015,5.1e-05,1e-05,0.5,0.850000072,389.7387785
0.00015,5.1e-05,1e-05,0.6,0.850000072,390.0312631
0.00015,5.1e-05,1e-05,0.7,0.850000072,390.0706019
0.00015,5.1e-05,1e-05,0.8,0.850000072,390.0637427
0.00015,5.1e-05,1e-05,0.9,0.850000072,390.0687337
0.00015,5.1e-05,1e-05,1.0,0.850000072,390.0736918
0.00016,3.46e-05,0.0,0.0,0.84,300.002
0.00016,3.46e-05,0.0,0.1,0.84,361.3184287
0.00016,3.46e-05,0.0,0.2,0.84,380.9632983
0.00016,3.46e-05,0.0,0.3,0.84,386.5484045
0.00016,3.46e-05,0.0,0.4,0.84,388.769118
0.00016,3.46e-05,0.0,0.5,0.84,389.7407466
0.00016,3.46e-05,0.0,0.6,0.84,390.0332378
0.00016,3.46e-05,0.0,0.7,0.84,390.0725775
0.00016,3.46e-05,0.0,0.8,0.84,390.0657181
0.00016,3.46e-05,0.0,0.9,0.84,390.0707092
0.00016,3.46e-05,0.0,1.0,0.84,390.0756675
0.00016,3.46e-05,1e-05,0.0,0.84,300.002
0.00016,3.46e-05,1e-05,0.1,0.84,361.3184287
0.00016,3.46e-05,1e-05,0.2,0.84,380.9632983
0.00016,3.46e-05,1e-05,0.3,0.84,386.5484045
0.00016,3.46e-05,1e-05,0.4,0.84,388.769118
0.00016,3.46e-05,1e-05,0.5,0.84,389.7407466
0.00016,3.46e-05,1e-05,0.6,0.84,390.0332378
0.00016,3.46e-05,1e-05,0.7,0.84,390.0725775
0.00016,3.46e-05,1e-05,0.8,0.84,390.0657181
0.00016,3.46e-05,1e-05,0.9,0.84,390.0707092
0.00016,3.46e-05,1e-05,1.0,0.84,390.0756675
0.00017,1.73e-05,1e-05,0.0,0.83,300.002
0.00017,1.73e-05,1e-05,0.1,0.83,361.3178574
0.00017,1.73e-05,1e-05,0.2,0.83,380.9625676
0.00017,1.73e-05,1e-05,0.3,0.83,386.5476283
0.00017,1.73e-05,1e-05,0.4,0.83,388.768324
0.00017,1.73e-05,1e-05,0.5,0.83,389.7399447
0.00017,1.73e-05,1e-05,0.6,0.83,390.0324336
0.00017,1.73e-05,1e-05,0.7,0.83,390.0717729
0.00017,1.73e-05,1e-05,0.8,0.83,390.0649136
0.00017,1.73e-05,1e-05,0.9,0.83,390.0699047
0.00017,1.73e-05,1e-05,1.0,0.83,390.0748629
0.00017,1.73e-05,0.0,0.0,0.83,300.002
0.00017,1.73e-05,0.0,0.1,0.83,361.3178574
0.00017,1.73e-05,0.0,0.2,0.83,380.9625676
0.00017,1.73e-05,0.0,0.3,0.83,386.5476283
0.00017,1.73e-05,0.0,0.4,0.83,388.768324
0.00017,1.73e-05,0.0,0.5,0.83,389.7399447
0.00017,1.73e-05,0.0,0.6,0.83,390.0324335
0.00017,1.73e-05,0.0,0.7,0.83,390.0717729
0.00017,1.73e-05,0.0,0.8,0.83,390.0649136
0.00017,1.73e-05,0.0,0.9,0.83,390.0699047
0.00017,1.73e-05,0.0,1.0,0.83,390.0748629
0.00018,0.0,1e-05,0.0,0.82,300.0019999
0.00018,0.0,1e-05,0.1,0.82,361.3153837
0.00018,0.0,1e-05,0.2,0.82,380.9593254
0.00018,0.0,1e-05,0.3,0.82,386.5441673
0.00018,0.0,1e-05,0.4,0.82,388.7647765
0.00018,0.0,1e-05,0.5,0.82,389.7363592
0.00018,0.0,1e-05,0.6,0.82,390.0288366
0.00018,0.0,1e-05,0.7,0.82,390.0681744
0.00018,0.0,1e-05,0.8,0.82,390.0613154
0.00018,0.0,1e-05,0.9,0.82,390.0663063
0.00018,0.0,1e-05,1.0,0.82,390.0712643
0.00018,0.0,0.0,0.0,0.82,300.0019999
0.00018,0.0,0.0,0.1,0.82,361.3153837
0.00018,0.0,0.0,0.2,0.82,380.9593254
0.00018,0.0,0.0,0.3,0.82,386.5441674
0.00018,0.0,0.0,0.4,0.82,388.7647765
0.00018,0.0,0.0,0.5,0.82,389.7363592
0.00018,0.0,0.0,0.6,0.82,390.0288366
0.00018,0.0,0.0,0.7,0.82,390.0681744
0.00018,0.0,0.0,0.8,0.82,390.0613154
0.00018,0.0,0.0,0.9,0.82,390.0663063
0.00018,0.0,0.0,1.0,0.82,390.0712643
0.00014,0.0001,0.0,0.0,0.86,300.0019999
0.00014,0.0001,0.0,0.1,0.86,361.3073449
0.00014,0.0001,0.0,0.2,0.86,380.9486165
0.00014,0.0001,0.0,0.3,0.86,386.5327002
0.00014,0.0001,0.0,0.4,0.86,388.7530066
0.00014,0.0001,0.0,0.5,0.86,389.7244571
0.00014,0.0001,0.0,0.6,0.86,390.0168947
0.00014,0.0001,0.0,0.7,0.86,390.0562273
0.00014,0.0001,0.0,0.8,0.86,390.0493691
0.00014,0.0001,0.0,0.9,0.86,390.0543594
0.00014,0.0001,0.0,1.0,0.86,390.0593167
0.00014,9.31e-05,5e-06,0.0,0.86,300.002
0.00014,9.31e-05,5e-06,0.1,0.86,361.3100877
0.00014,9.31e-05,5e-06,0.2,0.86,380.9522381
0.00014,9.31e-05,5e-06,0.3,0.86,386.5365717
0.00014,9.31e-05,5e-06,0.4,0.86,388.7569773
0.00014,9.31e-05,5e-06,0.5,0.86,389.7284713
0.00014,9.31e-05,5e-06,0.6,0.86,390.020922
0.00014,9.31e-05,5e-06,0.7,0.86,390.0602564
0.00014,9.31e-05,5e-06,0.8,0.86,390.0533979
0.00014,9.31e-05,5e-06,0.9,0.86,390.0583883
0.00014,9.31e-05,5e-06,1.0,0.86,390.0633459
0.00014,0.0001,1e-05,0.0,0.86,300.0019999
0.00014,0.0001,1e-05,0.1,0.86,361.3073449
0.00014,0.0001,1e-05,0.2,0.86,380.9486165
0.00014,0.0001,1e-05,0.3,0.86,386.5327002
0.00014,0.0001,1e-05,0.4,0.86,388.7530065
0.00014,0.0001,1e-05,0.5,0.86,389.7244571
0.00014,0.0001,1e-05,0.6,0.86,390.0168947
0.00014,0.0001,1e-05,0.7,0.86,390.0562273
0.00014,0.0001,1e-05,0.8,0.86,390.0493691
0.00014,0.0001,1e-05,0.9,0.86,390.0543593
0.00014,0.0001,1e-05,1.0,0.86,390.0593167
0.00015,8.27e-05,1e-05,0.0,0.85,300.002
0.00015,8.27e-05,1e-05,0.1,0.85,361.3138381
0.00015,8.27e-05,1e-05,0.2,0.85,380.9572131
0.00015,8.27e-05,1e-05,0.3,0.85,386.5418946
0.00015,8.27e-05,1e-05,0.4,0.85,388.7624389
0.00015,8.27e-05,1e-05,0.5,0.85,389.7339935
0.00015,8.27e-05,1e-05,0.6,0.85,390.0264625
0.00015,8.27e-05,1e-05,0.7,0.85,390.0657992
0.00015,8.27e-05,1e-05,0.8,0.85,390.0589404
0.00015,8.27e-05,1e-05,0.9,0.85,390.0639311
0.00015,8.27e-05,1e-05,1.0,0.85,390.068889
0.00015,8.27e-05,0.0,0.0,0.85,300.002
0.00015,8.27e-05,0.0,0.1,0.85,361.3138381
0.00015,8.27e-05,0.0,0.2,0.85,380.9572131
0.00015,8.27e-05,0.0,0.3,0.85,386.5418946
0.00015,8.27e-05,0.0,0.4,0.85,388.7624389
0.00015,8.27e-05,0.0,0.5,0.85,389.7339935
0.00015,8.27e-05,0.0,0.6,0.85,390.0264625
0.00015,8.27e-05,0.0,0.7,0.85,390.0657992
0.00015,8.27e-05,0.0,0.8,0.85,390.0589404
0.00015,8.27e-05,0.0,0.9,0.85,390.0639311
0.00015,8.27e-05,0.0,1.0,0.85,390.068889
0.00016,6.69e-05,1e-05,0.0,0.84,300.002
0.00016,6.69e-05,1e-05,0.1,0.84,361.3182734
0.00016,6.69e-05,1e-05,0.2,0.84,380.9630933
0.00016,6.69e-05,1e-05,0.3,0.84,386.5481854
0.00016,6.69e-05,1e-05,0.4,0.84,388.7688932
0.00016,6.69e-05,1e-05,0.5,0.84,389.7405194
0.00016,6.69e-05,1e-05,0.6,0.84,390.0330098
0.00016,6.69e-05,1e-05,0.7,0.84,390.0723494
0.00016,6.69e-05,1e-05,0.8,0.84,390.0654901
0.00016,6.69e-05,1e-05,0.9,0.84,390.0704812
0.00016,6.69e-05,1e-05,1.0,0.84,390.0754394
0.00016,6.69e-05,0.0,0.0,0.84,300.002
0.00016,6.69e-05,0.0,0.1,0.84,361.3182735
0.00016,6.69e-05,0.0,0.2,0.84,380.9630933
0.00016,6.69e-05,0.0,0.3,0.84,386.5481854
0.00016,6.69e-05,0.0,0.4,0.84,388.7688932
0.00016,6.69e-05,0.0,0.5,0.84,389.7405194
0.00016,6.69e-05,0.0,0.6,0.84,390.0330098
0.00016,6.69e-05,0.0,0.7,0.84,390.0723494
0.00016,6.69e-05,0.0,0.8,0.84,390.0654901
0.00016,6.69e-05,0.0,0.9,0.84,390.0704812
0.00016,6.69e-05,0.0,1.0,0.84,390.0754394
0.00017,5.1e-05,0.0,0.0,0.830000012,300.002
0.00017,5.1e-05,0.0,0.1,0.830000012,361.3211266
0.00017,5.1e-05,0.0,0.2,0.830000012,380.9668847
0.00017,5.1e-05,0.0,0.3,0.830000012,386.5522432
0.00017,5.1e-05,0.0,0.4,0.830000012,388.7730574
0.00017,5.1e-05,0.0,0.5,0.830000012,389.74473
0.00017,5.1e-05,0.0,0.6,0.830000012,390.0372344
0.00017,5.1e-05,0.0,0.7,0.830000012,390.0765759
0.00017,5.1e-05,0.0,0.8,0.830000012,390.0697162
0.00017,5.1e-05,0.0,0.9,0.830000012,390.0747075
0.00017,5.1e-05,0.0,1.0,0.830000012,390.079666
0.00017,5.1e-05,1e-05,0.0,0.830000012,300.002
0.00017,5.1e-05,1e-05,0.1,0.830000012,361.3211266
0.00017,5.1e-05,1e-05,0.2,0.830000012,380.9668847
0.00017,5.1e-05,1e-05,0.3,0.830000012,386.5522433
0.00017,5.1e-05,1e-05,0.4,0.830000012,388.7730574
0.00017,5.1e-05,1e-05,0.5,0.830000012,389.74473
0.00017,5.1e-05,1e-05,0.6,0.830000012,390.0372344
0.00017,5.1e-05,1e-05,0.7,0.830000012,390.0765759
0.00017,5.1e-05,1e-05,0.8,0.830000012,390.0697162
0.00017,5.1e-05,1e-05,0.9,0.830000012,390.0747076
0.00017,5.1e-05,1e-05,1.0,0.830000012,390.079666
0.00018,3.44e-05,5e-06,0.0,0.820000002,300.002
0.00018,3.44e-05,5e-06,0.1,0.820000002,361.3230639
0.00018,3.44e-05,5e-06,0.2,0.820000002,380.9694668
0.00018,3.44e-05,5e-06,0.3,0.820000002,386.5550085
0.00018,3.44e-05,5e-06,0.4,0.820000002,388.7758958
0.00018,3.44e-05,5e-06,0.5,0.820000002,389.7476003
0.00018,3.44e-05,5e-06,0.6,0.820000002,390.0401144
0.00018,3.44e-05,5e-06,0.7,0.820000002,390.0794571
0.00018,3.44e-05,5e-06,0.8,0.820000002,390.0725972
0.00018,3.44e-05,5e-06,0.9,0.820000002,390.0775887
0.00018,3.44e-05,5e-06,1.0,0.820000002,390.0825473
0.00018,3.46e-05,0.0,0.0,0.82,300.002
0.00018,3.46e-05,0.0,0.1,0.82,361.3223229
0.00018,3.46e-05,0.0,0.2,0.82,380.9684885
0.00018,3.46e-05,0.0,0.3,0.82,386.5539626
0.00018,3.46e-05,0.0,0.4,0.82,388.7748231
0.00018,3.46e-05,0.0,0.5,0.82,389.7465159
0.00018,3.46e-05,0.0,0.6,0.82,390.0390264
0.00018,3.46e-05,0.0,0.7,0.82,390.0783687
0.00018,3.46e-05,0.0,0.8,0.82,390.0715089
0.00018,3.46e-05,0.0,0.9,0.82,390.0765003
0.00018,3.46e-05,0.0,1.0,0.82,390.0814589
0.00018,3.46e-05,1e-05,0.0,0.82,300.002
0.00018,3.46e-05,1e-05,0.1,0.82,361.3223229
0.00018,3.46e-05,1e-05,0.2,0.82,380.9684885
0.00018,3.46e-05,1e-05,0.3,0.82,386.5539626
0.00018,3.46e-05,1e-05,0.4,0.82,388.7748231
0.00018,3.46e-05,1e-05,0.5,0.82,389.7465159
0.00018,3.46e-05,1e-05,0.6,0.82,390.0390264
0.00018,3.46e-05,1e-05,0.7,0.82,390.0783687
0.00018,3.46e-05,1e-05,0.8,0.82,390.0715089
0.00018,3.46e-05,1e-05,0.9,0.82,390.0765003
0.00018,3.46e-05,1e-05,1.0,0.82,390.0814589
0.00019,1.73e-05,0.0,0.0,0.81,300.002
0.00019,1.73e-05,0.0,0.1,0.81,361.3216268
0.00019,1.73e-05,0.0,0.2,0.81,380.9675936
0.00019,1.73e-05,0.0,0.3,0.81,386.5530111
0.00019,1.73e-05,0.0,0.4,0.81,388.7738494
0.00019,1.73e-05,0.0,0.5,0.81,389.7455323
0.00019,1.73e-05,0.0,0.6,0.81,390.0380399
0.00019,1.73e-05,0.0,0.7,0.81,390.0773817
0.00019,1.73e-05,0.0,0.8,0.81,390.070522
0.00019,1.73e-05,0.0,0.9,0.81,390.0755134
0.00019,1.73e-05,0.0,1.0,0.81,390.0804719
0.00019,1.73e-05,1e-05,0.0,0.81,300.002
0.00019,1.73e-05,1e-05,0.1,0.81,361.3216268
0.00019,1.73e-05,1e-05,0.2,0.81,380.9675936
0.00019,1.73e-05,1e-05,0.3,0.81,386.5530111
0.00019,1.73e-05,1e-05,0.4,0.81,388.7738494
0.00019,1.73e-05,1e-05,0.5,0.81,389.7455323
0.00019,1.73e-05,1e-05,0.6,0.81,390.0380399
0.00019,1.73e-05,1e-05,0.7,0.81,390.0773817
0.00019,1.73e-05,1e-05,0.8,0.81,390.070522
0.00019,1.73e-05,1e-05,0.9,0.81,390.0755134
0.00019,1.73e-05,1e-05,1.0,0.81,390.0804719
0.0002,0.0,1e-05,0.0,0.8,300.0019999
0.0002,0.0,1e-05,0.1,0.8,361.3190287
0.0002,0.0,1e-05,0.2,0.8,380.9641878
0.0002,0.0,1e-05,0.3,0.8,386.5493753
0.0002,0.0,1e-05,0.4,0.8,388.7701226
0.0002,0.0,1e-05,0.5,0.8,389.7417656
0.0002,0.0,1e-05,0.6,0.8,390.0342612
0.0002,0.0,1e-05,0.7,0.8,390.0736013
0.0002,0.0,1e-05,0.8,0.8,390.0667419
0.0002,0.0,1e-05,0.9,0.8,390.0717331
0.0002,0.0,1e-05,1.0,0.8,390.0766914
0.0002,0.0,0.0,0.0,0.8,300.0019999
0.0002,0.0,0.0,0.1,0.8,361.3190287
0.0002,0.0,0.0,0.2,0.8,380.9641878
0.0002,0.0,0.0,0.3,0.8,386.5493753
0.0002,0.0,0.0,0.4,0.8,388.7701226
0.0002,0.0,0.0,0.5,0.8,389.7417656
0.0002,0.0,0.0,0.6,0.8,390.0342612
0.0002,0.0,0.0,0.7,0.8,390.0736013
0.0002,0.0,0.0,0.8,0.8,390.0667419
0.0002,0.0,0.0,0.9,0.8,390.0717331
0.0002,0.0,0.0,1.0,0.8,390.0766914
0.00016,0.0001,0.0,0.0,0.84,300.0019999
0.00016,0.0001,0.0,0.1,0.84,361.3114899
0.00016,0.0001,0.0,0.2,0.84,380.9541358
0.00016,0.0001,0.0,0.3,0.84,386.5386098
0.00016,0.0001,0.0,0.4,0.84,388.759072
0.00016,0.0001,0.0,0.5,0.84,389.7305906
0.00016,0.0001,0.0,0.6,0.84,390.0230487
0.00016,0.0001,0.0,0.7,0.84,390.0623839
0.00016,0.0001,0.0,0.8,0.84,390.0555253
0.00016,0.0001,0.0,0.9,0.84,390.0605159
0.00016,0.0001,0.0,1.0,0.84,390.0654736
0.00016,0.0001,1e-05,0.0,0.84,300.0019999
0.00016,0.0001,1e-05,0.1,0.84,361.3114899
0.00016,0.0001,1e-05,0.2,0.84,380.9541358
0.00016,0.0001,1e-05,0.3,0.84,386.5386098
0.00016,0.0001,1e-05,0.4,0.84,388.759072
0.00016,0.0001,1e-05,0.5,0.84,389.7305906
0.00016,0.0001,1e-05,0.6,0.84,390.0230487
0.00016,0.0001,1e-05,0.7,0.84,390.0623839
0.00016,0.0001,1e-05,0.8,0.84,390.0555253
0.00016,0.0001,1e-05,0.9,0.84,390.0605159
0.00016,0.0001,1e-05,1.0,0.84,390.0654736
0.00017,8.27e-05,0.0,0.0,0.83,300.002
0.00017,8.27e-05,0.0,0.1,0.83,361.3178574
0.00017,8.27e-05,0.0,0.2,0.83,380.9625676
0.00017,8.27e-05,0.0,0.3,0.83,386.5476283
0.00017,8.27e-05,0.0,0.4,0.83,388.768324
0.00017,8.27e-05,0.0,0.5,0.83,389.7399447
0.00017,8.27e-05,0.0,0.6,0.83,390.0324335
0.00017,8.27e-05,0.0,0.7,0.83,390.0717729
0.00017,8.27e-05,0.0,0.8,0.83,390.0649136
0.00017,8.27e-05,0.0,0.9,0.83,390.0699047
0.00017,8.27e-05,0.0,1.0,0.83,390.0748629
0.00017,8.27e-05,1e-05,0.0,0.83,300.002
0.00017,8.27e-05,1e-05,0.1,0.83,361.3178574
0.00017,8.27e-05,1e-05,0.2,0.83,380.9625676
0.00017,8.27e-05,1e-05,0.3,0.83,386.5476283
0.00017,8.27e-05,1e-05,0.4,0.83,388.768324
0.00017,8.27e-05,1e-05,0.5,0.83,389.7399447
0.00017,8.27e-05,1e-05,0.6,0.83,390.0324335
0.00017,8.27e-05,1e-05,0.7,0.83,390.0717729
0.00017,8.27e-05,1e-05,0.8,0.83,390.0649136
0.00017,8.27e-05,1e-05,0.9,0.83,390.0699047
0.00017,8.27e-05,1e-05,1.0,0.83,390.0748629
0.00018,6.69e-05,1e-05,0.0,0.82,300.002
0.00018,6.69e-05,1e-05,0.1,0.82,361.3221676
0.00018,6.69e-05,1e-05,0.2,0.82,380.9682835
0.00018,6.69e-05,1e-05,0.3,0.82,386.5537435
0.00018,6.69e-05,1e-05,0.4,0.82,388.7745984
0.00018,6.69e-05,1e-05,0.5,0.82,389.7462886
0.00018,6.69e-05,1e-05,0.6,0.82,390.0387984
0.00018,6.69e-05,1e-05,0.7,0.82,390.0781406
0.00018,6.69e-05,1e-05,0.8,0.82,390.0712808
0.00018,6.69e-05,1e-05,0.9,0.82,390.0762722
0.00018,6.69e-05,1e-05,1.0,0.82,390.0812308
0.00018,6.69e-05,0.0,0.0,0.82,300.002
0.00018,6.69e-05,0.0,0.1,0.82,361.3221676
0.00018,6.69e-05,0.0,0.2,0.82,380.9682835
0.00018,6.69e-05,0.0,0.3,0.82,386.5537435
0.00018,6.69e-05,0.0,0.4,0.82,388.7745984
0.00018,6.69e-05,0.0,0.5,0.82,389.7462886
0.00018,6.69e-05,0.0,0.6,0.82,390.0387984
0.00018,6.69e-05,0.0,0.7,0.82,390.0781406
0.00018,6.69e-05,0.0,0.8,0.82,390.0712808
0.00018,6.69e-05,0.0,0.9,0.82,390.0762722
0.00018,6.69e-05,0.0,1.0,0.82,390.0812308
0.00019,5.1e-05,0.0,0.0,0.810000002,300.002
0.00019,5.1e-05,0.0,0.1,0.810000002,361.3248961
0.00019,5.1e-05,0.0,0.2,0.810000002,380.971911
0.00019,5.1e-05,0.0,0.3,0.810000002,386.5576264
0.00019,5.1e-05,0.0,0.4,0.810000002,388.7785831
0.00019,5.1e-05,0.0,0.5,0.810000002,389.7503179
0.00019,5.1e-05,0.0,0.6,0.810000002,390.0428411
0.00019,5.1e-05,0.0,0.7,0.810000002,390.082185
0.00019,5.1e-05,0.0,0.8,0.810000002,390.0753249
0.00019,5.1e-05,0.0,0.9,0.810000002,390.0803165
0.00019,5.1e-05,0.0,1.0,0.810000002,390.0852753
0.00019,5.1e-05,1e-05,0.0,0.810000002,300.002
0.00019,5.1e-05,1e-05,0.1,0.810000002,361.3248962
0.00019,5.1e-05,1e-05,0.2,0.810000002,380.971911
0.00019,5.1e-05,1e-05,0.3,0.810000002,386.5576264
0.00019,5.1e-05,1e-05,0.4,0.810000002,388.7785831
0.00019,5.1e-05,1e-05,0.5,0.810000002,389.7503179
0.00019,5.1e-05,1e-05,0.6,0.810000002,390.0428411
0.00019,5.1e-05,1e-05,0.7,0.810000002,390.082185
0.00019,5.1e-05,1e-05,0.8,0.810000002,390.0753249
0.00019,5.1e-05,1e-05,0.9,0.810000002,390.0803165
0.00019,5.1e-05,1e-05,1.0,0.810000002,390.0852753
0.0002,3.46e-05,0.0,0.0,0.8,300.002
0.0002,3.46e-05,0.0,0.1,0.8,361.3259684
0.0002,3.46e-05,0.0,0.2,0.8,380.9733514
0.0002,3.46e-05,0.0,0.3,0.8,386.5591712
0.0002,3.46e-05,0.0,0.4,0.8,388.7801699
0.0002,3.46e-05,0.0,0.5,0.8,389.7519229
0.0002,3.46e-05,0.0,0.6,0.8,390.0444515
0.0002,3.46e-05,0.0,0.7,0.8,390.0837962
0.0002,3.46e-05,0.0,0.8,0.8,390.076936
0.0002,3.46e-05,0.0,0.9,0.8,390.0819277
0.0002,3.46e-05,0.0,1.0,0.8,390.0868866
0.0002,3.46e-05,1e-05,0.0,0.8,300.002
0.0002,3.46e-05,1e-05,0.1,0.8,361.3259683
0.0002,3.46e-05,1e-05,0.2,0.8,380.9733514
0.0002,3.46e-05,1e-05,0.3,0.8,386.5591712
0.0002,3.46e-05,1e-05,0.4,0.8,388.7801699
0.0002,3.46e-05,1e-05,0.5,0.8,389.7519229
0.0002,3.46e-05,1e-05,0.6,0.8,390.0444515
0.0002,3.46e-05,1e-05,0.7,0.8,390.0837962
0.0002,3.46e-05,1e-05,0.8,0.8,390.076936
0.0002,3.46e-05,1e-05,0.9,0.8,390.0819277
0.0002,3.46e-05,1e-05,1.0,0.8,390.0868866
0.00021,1.73e-05,1e-05,0.0,0.79,300.002
0.00021,1.73e-05,1e-05,0.1,0.79,361.3251487
0.00021,1.73e-05,1e-05,0.2,0.79,380.9722937
0.00021,1.73e-05,1e-05,0.3,0.79,386.5580456
0.00021,1.73e-05,1e-05,0.4,0.79,388.7790176
0.00021,1.73e-05,1e-05,0.5,0.79,389.7507588
0.00021,1.73e-05,1e-05,0.6,0.79,390.043284
0.00021,1.73e-05,1e-05,0.7,0.79,390.0826281
0.00021,1.73e-05,1e-05,0.8,0.79,390.075768
0.00021,1.73e-05,1e-05,0.9,0.79,390.0807597
0.00021,1.73e-05,1e-05,1.0,0.79,390.0857185
0.00021,1.73e-05,0.0,0.0,0.79,300.002
0.00021,1.73e-05,0.0,0.1,0.79,361.3251487
0.00021,1.73e-05,0.0,0.2,0.79,380.9722937
0.00021,1.73e-05,0.0,0.3,0.79,386.5580456
0.00021,1.73e-05,0.0,0.4,0.79,388.7790176
0.00021,1.73e-05,0.0,0.5,0.79,389.7507588
0.00021,1.73e-05,0.0,0.6,0.79,390.043284
0.00021,1.73e-05,0.0,0.7,0.79,390.0826281
0.00021,1.73e-05,0.0,0.8,0.79,390.075768
0.00021,1.73e-05,0.0,0.9,0.79,390.0807597
0.00021,1.73e-05,0.0,1.0,0.79,390.0857185
0.00022,0.0,1e-05,0.0,0.78,300.0019999
0.00022,0.0,1e-05,0.1,0.78,361.3224275
0.00022,0.0,1e-05,0.2,0.78,380.9687254
0.00022,0.0,1e-05,0.3,0.78,386.5542362
0.00022,0.0,1e-05,0.4,0.78,388.7751127
0.00022,0.0,1e-05,0.5,0.78,389.7468121
0.00022,0.0,1e-05,0.6,0.78,390.0393246
0.00022,0.0,1e-05,0.7,0.78,390.078667
0.00022,0.0,1e-05,0.8,0.78,390.0718072
0.00022,0.0,1e-05,0.9,0.78,390.0767987
0.00022,0.0,1e-05,1.0,0.78,390.0817573
0.00022,0.0,0.0,0.0,0.78,300.0019999
0.00022,0.0,0.0,0.1,0.78,361.3224275
0.00022,0.0,0.0,0.2,0.78,380.9687254
0.00022,0.0,0.0,0.3,0.78,386.5542362
0.00022,0.0,0.0,0.4,0.78,388.7751127
0.00022,0.0,0.0,0.5,0.78,389.7468121
0.00022,0.0,0.0,0.6,0.78,390.0393246
0.00022,0.0,0.0,0.7,0.78,390.078667
0.00022,0.0,0.0,0.8,0.78,390.0718072
0.00022,0.0,0.0,0.9,0.78,390.0767987
0.00022,0.0,0.0,1.0,0.78,390.0817573
0.00018,0.0001,0.0,0.0,0.82,300.0019999
0.00018,0.0001,0.0,0.1,0.82,361.3153837
0.00018,0.0001,0.0,0.2,0.82,380.9593254
0.00018,0.0001,0.0,0.3,0.82,386.5441674
0.00018,0.0001,0.0,0.4,0.82,388.7647765
0.00018,0.0001,0.0,0.5,0.82,389.7363592
0.00018,0.0001,0.0,0.6,0.82,390.0288366
0.00018,0.0001,0.0,0.7,0.82,390.0681744
0.00018,0.0001,0.0,0.8,0.82,390.0613154
0.00018,0.0001,0.0,0.9,0.82,390.0663063
0.00018,0.0001,0.0,1.0,0.82,390.0712643
0.00018,0.0001,1e-05,0.0,0.82,300.0019999
0.00018,0.0001,1e-05,0.1,0.82,361.3153837
0.00018,0.0001,1e-05,0.2,0.82,380.9593254
0.00018,0.0001,1e-05,0.3,0.82,386.5441674
0.00018,0.0001,1e-05,0.4,0.82,388.7647765
0.00018,0.0001,1e-05,0.5,0.82,389.7363592
0.00018,0.0001,1e-05,0.6,0.82,390.0288366
0.00018,0.0001,1e-05,0.7,0.82,390.0681744
0.00018,0.0001,1e-05,0.8,0.82,390.0613154
0.00018,0.0001,1e-05,0.9,0.82,390.0663063
0.00018,0.0001,1e-05,1.0,0.82,390.0712643
0.00019,8.27e-05,0.0,0.0,0.81,300.002
0.00019,8.27e-05,0.0,0.1,0.81,361.3216268
0.00019,8.27e-05,0.0,0.2,0.81,380.9675936
0.00019,8.27e-05,0.0,0.3,0.81,386.5530111
0.00019,8.27e-05,0.0,0.4,0.81,388.7738494
0.00019,8.27e-05,0.0,0.5,0.81,389.7455323
0.00019,8.27e-05,0.0,0.6,0.81,390.0380399
0.00019,8.27e-05,0.0,0.7,0.81,390.0773817
0.00019,8.27e-05,0.0,0.8,0.81,390.070522
0.00019,8.27e-05,0.0,0.9,0.81,390.0755134
0.00019,8.27e-05,0.0,1.0,0.81,390.0804719
0.00019,8.27e-05,1e-05,0.0,0.81,300.002
0.00019,8.27e-05,1e-05,0.1,0.81,361.3216268
0.00019,8.27e-05,1e-05,0.2,0.81,380.9675936
0.00019,8.27e-05,1e-05,0.3,0.81,386.5530111
0.00019,8.27e-05,1e-05,0.4,0.81,388.7738494
0.00019,8.27e-05,1e-05,0.5,0.81,389.7455323
0.00019,8.27e-05,1e-05,0.6,0.81,390.0380399
0.00019,8.27e-05,1e-05,0.7,0.81,390.0773817
0.00019,8.27e-05,1e-05,0.8,0.81,390.070522
0.00019,8.27e-05,1e-05,0.9,0.81,390.0755134
0.00019,8.27e-05,1e-05,1.0,0.81,390.0804719
0.0002,6.69e-05,1e-05,0.0,0.8,300.002
0.0002,6.69e-05,1e-05,0.1,0.8,361.3258131
0.0002,6.69e-05,1e-05,0.2,0.8,380.9731464
0.0002,6.69e-05,1e-05,0.3,0.8,386.5589521
0.0002,6.69e-05,1e-05,0.4,0.8,388.7799451
0.0002,6.69e-05,1e-05,0.5,0.8,389.7516956
0.0002,6.69e-05,1e-05,0.6,0.8,390.0442235
0.0002,6.69e-05,1e-05,0.7,0.8,390.0835681
0.0002,6.69e-05,1e-05,0.8,0.8,390.0767079
0.0002,6.69e-05,1e-05,0.9,0.8,390.0816996
0.0002,6.69e-05,1e-05,1.0,0.8,390.0866585
0.0002,6.69e-05,0.0,0.0,0.8,300.002
0.0002,6.69e-05,0.0,0.1,0.8,361.3258131
0.0002,6.69e-05,0.0,0.2,0.8,380.9731464
0.0002,6.69e-05,0.0,0.3,0.8,386.5589521
0.0002,6.69e-05,0.0,0.4,0.8,388.7799451
0.0002,6.69e-05,0.0,0.5,0.8,389.7516956
0.0002,6.69e-05,0.0,0.6,0.8,390.0442236
0.0002,6.69e-05,0.0,0.7,0.8,390.0835681
0.0002,6.69e-05,0.0,0.8,0.8,390.0767079
0.0002,6.69e-05,0.0,0.9,0.8,390.0816996
0.0002,6.69e-05,0.0,1.0,0.8,390.0866585
0.00021,5.1e-05,0.0,0.0,0.79,300.002
0.00021,5.1e-05,0.0,0.1,0.79,361.3284182
0.00021,5.1e-05,0.0,0.2,0.79,380.9766113
0.00021,5.1e-05,0.0,0.3,0.79,386.5626611
0.00021,5.1e-05,0.0,0.4,0.79,388.7837516
0.00021,5.1e-05,0.0,0.5,0.79,389.7555447
0.00021,5.1e-05,0.0,0.6,0.79,390.0480854
0.00021,5.1e-05,0.0,0.7,0.79,390.0874317
0.00021,5.1e-05,0.0,0.8,0.79,390.0805712
0.00021,5.1e-05,0.0,0.9,0.79,390.0855631
0.00021,5.1e-05,0.0,1.0,0.79,390.0905222
0.00021,5.1e-05,1e-05,0.0,0.79,300.002
0.00021,5.1e-05,1e-05,0.1,0.79,361.3284182
0.00021,5.1e-05,1e-05,0.2,0.79,380.9766113
0.00021,5.1e-05,1e-05,0.3,0.79,386.5626611
0.00021,5.1e-05,1e-05,0.4,0.79,388.7837516
0.00021,5.1e-05,1e-05,0.5,0.79,389.7555447
0.00021,5.1e-05,1e-05,0.6,0.79,390.0480854
0.00021,5.1e-05,1e-05,0.7,0.79,390.0874317
0.00021,5.1e-05,1e-05,0.8,0.79,390.0805712
0.00021,5.1e-05,1e-05,0.9,0.79,390.0855631
0.00021,5.1e-05,1e-05,1.0,0.79,390.0905222
0.00022,3.46e-05,0.0,0.0,0.78,300.002
0.00022,3.46e-05,0.0,0.1,0.78,361.3293675
0.00022,3.46e-05,0.0,0.2,0.78,380.9778895
0.00022,3.46e-05,0.0,0.3,0.78,386.5640326
0.00022,3.46e-05,0.0,0.4,0.78,388.7851605
0.00022,3.46e-05,0.0,0.5,0.78,389.7569699
0.00022,3.46e-05,0.0,0.6,0.78,390.0495156
0.00022,3.46e-05,0.0,0.7,0.78,390.0888625
0.00022,3.46e-05,0.0,0.8,0.78,390.0820019
0.00022,3.46e-05,0.0,0.9,0.78,390.0869939
0.00022,3.46e-05,0.0,1.0,0.78,390.091953
0.00022,3.46e-05,1e-05,0.0,0.78,300.002
0.00022,3.46e-05,1e-05,0.1,0.78,361.3293675
0.00022,3.46e-05,1e-05,0.2,0.78,380.9778895
0.00022,3.46e-05,1e-05,0.3,0.78,386.5640326
0.00022,3.46e-05,1e-05,0.4,0.78,388.7851605
0.00022,3.46e-05,1e-05,0.5,0.78,389.7569699
0.00022,3.46e-05,1e-05,0.6,0.78,390.0495156
0.00022,3.46e-05,1e-05,0.7,0.78,390.0888625
0.00022,3.46e-05,1e-05,0.8,0.78,390.0820019
0.00022,3.46e-05,1e-05,0.9,0.78,390.0869939
0.00022,3.46e-05,1e-05,1.0,0.78,390.091953
0.00023,1.73e-05,1e-05,0.0,0.77,300.002
0.00023,1.73e-05,1e-05,0.1,0.77,361.3284254
0.00023,1.73e-05,1e-05,0.2,0.77,380.9766701
0.00023,1.73e-05,1e-05,0.3,0.77,386.562734
0.00023,1.73e-05,1e-05,0.4,0.77,388.7838309
0.00023,1.73e-05,1e-05,0.5,0.77,389.7556266
0.00023,1.73e-05,1e-05,0.6,0.77,390.0481681
0.00023,1.73e-05,1e-05,0.7,0.77,390.0875144
0.00023,1.73e-05,1e-05,0.8,0.77,390.0806539
0.00023,1.73e-05,1e-05,0.9,0.77,390.0856459
0.00023,1.73e-05,1e-05,1.0,0.77,390.0906049
0.00023,1.73e-05,0.0,0.0,0.77,300.002
0.00023,1.73e-05,0.0,0.1,0.77,361.3284254
0.00023,1.73e-05,0.0,0.2,0.77,380.9766701
0.00023,1.73e-05,0.0,0.3,0.77,386.562734
0.00023,1.73e-05,0.0,0.4,0.77,388.7838309
0.00023,1.73e-05,0.0,0.5,0.77,389.7556266
0.00023,1.73e-05,0.0,0.6,0.77,390.0481681
0.00023,1.73e-05,0.0,0.7,0.77,390.0875144
0.00023,1.73e-05,0.0,0.8,0.77,390.0806539
0.00023,1.73e-05,0.0,0.9,0.77,390.0856459
0.00023,1.73e-05,0.0,1.0,0.77,390.0906049
0.00024,0.0,1e-05,0.0,0.76,300.0019999
0.00024,0.0,1e-05,0.1,0.76,361.3255822
0.00024,0.0,1e-05,0.2,0.76,380.9729404
0.00024,0.0,1e-05,0.3,0.76,386.5587521
0.00024,0.0,1e-05,0.4,0.76,388.779749
0.00024,0.0,1e-05,0.5,0.76,389.7515009
0.00024,0.0,1e-05,0.6,0.76,390.0440293
0.00024,0.0,1e-05,0.7,0.76,390.0833738
0.00024,0.0,1e-05,0.8,0.76,390.0765136
0.00024,0.0,1e-05,0.9,0.76,390.0815053
0.00024,0.0,1e-05,1.0,0.76,390.0864642
0.00024,0.0,0.0,0.0,0.76,300.0019999
0.00024,0.0,0.0,0.1,0.76,361.3255822
0.00024,0.0,0.0,0.2,0.76,380.9729404
0.00024,0.0,0.0,0.3,0.76,386.5587521
0.00024,0.0,0.0,0.4,0.76,388.779749
0.00024,0.0,0.0,0.5,0.76,389.7515009
0.00024,0.0,0.0,0.6,0.76,390.0440293
0.00024,0.0,0.0,0.7,0.76,390.0833738
0.00024,0.0,0.0,0.8,0.76,390.0765136
0.00024,0.0,0.0,0.9,0.76,390.0815053
0.00024,0.0,0.0,1.0,0.76,390.0864642
0.0002,0.0001,0.0,0.0,0.8,300.0019999
0.0002,0.0001,0.0,0.1,0.8,361.3190287
0.0002,0.0001,0.0,0.2,0.8,380.9641878
0.0002,0.0001,0.0,0.3,0.8,386.5493753
0.0002,0.0001,0.0,0.4,0.8,388.7701226
0.0002,0.0001,0.0,0.5,0.8,389.7417656
0.0002,0.0001,0.0,0.6,0.8,390.0342611
0.0002,0.0001,0.0,0.7,0.8,390.0736013
0.0002,0.0001,0.0,0.8,0.8,390.0667419
0.0002,0.0001,0.0,0.9,0.8,390.0717331
0.0002,0.0001,0.0,1.0,0.8,390.0766914
0.0002,0.0001,1e-05,0.0,0.8,300.0019999
0.0002,0.0001,1e-05,0.1,0.8,361.3190287
0.0002,0.0001,1e-05,0.2,0.8,380.9641878
0.0002,0.0001,1e-05,0.3,0.8,386.5493753
0.0002,0.0001,1e-05,0.4,0.8,388.7701226
0.0002,0.0001,1e-05,0.5,0.8,389.7417656
0.0002,0.0001,1e-05,0.6,0.8,390.0342612
0.0002,0.0001,1e-05,0.7,0.8,390.0736013
0.0002,0.0001,1e-05,0.8,0.8,390.0667419
0.0002,0.0001,1e-05,0.9,0.8,390.0717331
0.0002,0.0001,1e-05,1.0,0.8,390.0766914
0.00021,8.31e-05,5e-06,0.0,0.79,300.002
0.00021,8.31e-05,5e-06,0.1,0.79,361.3258248
0.00021,8.31e-05,5e-06,0.2,0.79,380.9731864
0.00021,8.31e-05,5e-06,0.3,0.79,386.5589999
0.00021,8.31e-05,5e-06,0.4,0.79,388.7799964
0.00021,8.31e-05,5e-06,0.5,0.79,389.7517483
0.00021,8.31e-05,5e-06,0.6,0.79,390.0442767
0.00021,8.31e-05,5e-06,0.7,0.79,390.0836213
0.00021,8.31e-05,5e-06,0.8,0.79,390.0767611
0.00021,8.31e-05,5e-06,0.9,0.79,390.0817528
0.00021,8.31e-05,5e-06,1.0,0.79,390.0867117
0.00021,8.27e-05,0.0,0.0,0.79,300.002
0.00021,8.27e-05,0.0,0.1,0.79,361.3251487
0.00021,8.27e-05,0.0,0.2,0.79,380.9722937
0.00021,8.27e-05,0.0,0.3,0.79,386.5580456
0.00021,8.27e-05,0.0,0.4,0.79,388.7790176
0.00021,8.27e-05,0.0,0.5,0.79,389.7507588
0.00021,8.27e-05,0.0,0.6,0.79,390.043284
0.00021,8.27e-05,0.0,0.7,0.79,390.0826281
0.00021,8.27e-05,0.0,0.8,0.79,390.075768
0.00021,8.27e-05,0.0,0.9,0.79,390.0807596
0.00021,8.27e-05,0.0,1.0,0.79,390.0857185
0.00021,8.27e-05,1e-05,0.0,0.79,300.002
0.00021,8.27e-05,1e-05,0.1,0.79,361.3251487
0.00021,8.27e-05,1e-05,0.2,0.79,380.9722937
0.00021,8.27e-05,1e-05,0.3,0.79,386.5580456
0.00021,8.27e-05,1e-05,0.4,0.79,388.7790176
0.00021,8.27e-05,1e-05,0.5,0.79,389.7507588
0.00021,8.27e-05,1e-05,0.6,0.79,390.043284
0.00021,8.27e-05,1e-05,0.7,0.79,390.0826281
0.00021,8.27e-05,1e-05,0.8,0.79,390.075768
0.00021,8.27e-05,1e-05,0.9,0.79,390.0807596
0.00021,8.27e-05,1e-05,1.0,0.79,390.0857185
0.00022,6.69e-05,1e-05,0.0,0.78,300.002
0.00022,6.69e-05,1e-05,0.1,0.78,361.3292123
0.00022,6.69e-05,1e-05,0.2,0.78,380.9776845
0.00022,6.69e-05,1e-05,0.3,0.78,386.5638134
0.00022,6.69e-05,1e-05,0.4,0.78,388.7849357
0.00022,6.69e-05,1e-05,0.5,0.78,389.7567427
0.00022,6.69e-05,1e-05,0.6,0.78,390.0492876
0.00022,6.69e-05,1e-05,0.7,0.78,390.0886344
0.00022,6.69e-05,1e-05,0.8,0.78,390.0817738
0.00022,6.69e-05,1e-05,0.9,0.78,390.0867658
0.00022,6.69e-05,1e-05,1.0,0.78,390.0917249
0.00022,6.69e-05,0.0,0.0,0.78,300.002
0.00022,6.69e-05,0.0,0.1,0.78,361.3292123
0.00022,6.69e-05,0.0,0.2,0.78,380.9776845
0.00022,6.69e-05,0.0,0.3,0.78,386.5638134
0.00022,6.69e-05,0.0,0.4,0.78,388.7849357
0.00022,6.69e-05,0.0,0.5,0.78,389.7567427
0.00022,6.69e-05,0.0,0.6,0.78,390.0492876
0.00022,6.69e-05,0.0,0.7,0.78,390.0886344
0.00022,6.69e-05,0.0,0.8,0.78,390.0817738
0.00022,6.69e-05,0.0,0.9,0.78,390.0867658
0.00022,6.69e-05,0.0,1.0,0.78,390.0917249
0.00023,5.1e-05,0.0,0.0,0.77,300.002
0.00023,5.1e-05,0.0,0.1,0.77,361.3316951
0.00023,5.1e-05,0.0,0.2,0.77,380.9809879
0.00023,5.1e-05,0.0,0.3,0.77,386.5673498
0.00023,5.1e-05,0.0,0.4,0.77,388.7885651
0.00023,5.1e-05,0.0,0.5,0.77,389.7604127
0.00023,5.1e-05,0.0,0.6,0.77,390.0529698
0.00023,5.1e-05,0.0,0.7,0.77,390.0923182
0.00023,5.1e-05,0.0,0.8,0.77,390.0854574
0.00023,5.1e-05,0.0,0.9,0.77,390.0904496
0.00023,5.1e-05,0.0,1.0,0.77,390.0954089
0.00023,5.1e-05,1e-05,0.0,0.77,300.002
0.00023,5.1e-05,1e-05,0.1,0.77,361.3316951
0.00023,5.1e-05,1e-05,0.2,0.77,380.9809879
0.00023,5.1e-05,1e-05,0.3,0.77,386.5673498
0.00023,5.1e-05,1e-05,0.4,0.77,388.7885651
0.00023,5.1e-05,1e-05,0.5,0.77,389.7604127
0.00023,5.1e-05,1e-05,0.6,0.77,390.0529698
0.00023,5.1e-05,1e-05,0.7,0.77,390.0923182
0.00023,5.1e-05,1e-05,0.8,0.77,390.0854574
0.00023,5.1e-05,1e-05,0.9,0.77,390.0904496
0.00023,5.1e-05,1e-05,1.0,0.77,390.0954089
0.00024,3.46e-05,0.0,0.0,0.76,300.002
0.00024,3.46e-05,0.0,0.1,0.76,361.3325226
0.00024,3.46e-05,0.0,0.2,0.76,380.982105
0.00024,3.46e-05,0.0,0.3,0.76,386.5685491
0.00024,3.46e-05,0.0,0.4,0.76,388.7897974
0.00024,3.46e-05,0.0,0.5,0.76,389.7616593
0.00024,3.46e-05,0.0,0.6,0.76,390.0542208
0.00024,3.46e-05,0.0,0.7,0.76,390.0935697
0.00024,3.46e-05,0.0,0.8,0.76,390.0867088
0.00024,3.46e-05,0.0,0.9,0.76,390.0917011
0.00024,3.46e-05,0.0,1.0,0.76,390.0966605
0.00024,3.46e-05,1e-05,0.0,0.76,300.002
0.00024,3.46e-05,1e-05,0.1,0.76,361.3325226
0.00024,3.46e-05,1e-05,0.2,0.76,380.982105
0.00024,3.46e-05,1e-05,0.3,0.76,386.5685491
0.00024,3.46e-05,1e-05,0.4,0.76,388.7897974
0.00024,3.46e-05,1e-05,0.5,0.76,389.7616593
0.00024,3.46e-05,1e-05,0.6,0.76,390.0542208
0.00024,3.46e-05,1e-05,0.7,0.76,390.0935697
0.00024,3.46e-05,1e-05,0.8,0.76,390.0867088
0.00024,3.46e-05,1e-05,0.9,0.76,390.0917011
0.00024,3.46e-05,1e-05,1.0,0.76,390.0966605
0.000251,1.68e-05,5e-06,0.0,0.748507463,300.002
0.000251,1.68e-05,5e-06,0.1,0.748507463,361.3323381
0.000251,1.68e-05,5e-06,0.2,0.748507463,380.981889
0.000251,1.68e-05,5e-06,0.3,0.748507463,386.5683238
0.000251,1.68e-05,5e-06,0.4,0.748507463,388.7895689
0.000251,1.68e-05,5e-06,0.5,0.748507463,389.7614293
0.000251,1.68e-05,5e-06,0.6,0.748507463,390.0539903
0.000251,1.68e-05,5e-06,0.7,0.748507463,390.0933392
0.000251,1.68e-05,5e-06,0.8,0.748507463,390.0864783
0.000251,1.68e-05,5e-06,0.9,0.748507463,390.0914705
0.000251,1.68e-05,5e-06,1.0,0.748507463,390.0964299
0.00025,1.73e-05,1e-05,0.0,0.75,300.002
0.00025,1.73e-05,1e-05,0.1,0.75,361.3314591
0.00025,1.73e-05,1e-05,0.2,0.75,380.9807249
0.00025,1.73e-05,1e-05,0.3,0.75,386.5670786
0.00025,1.73e-05,1e-05,0.4,0.75,388.7882914
0.00025,1.73e-05,1e-05,0.5,0.75,389.7601377
0.00025,1.73e-05,1e-05,0.6,0.75,390.0526945
0.00025,1.73e-05,1e-05,0.7,0.75,390.0920427
0.00025,1.73e-05,1e-05,0.8,0.75,390.085182
0.00025,1.73e-05,1e-05,0.9,0.75,390.0901741
0.00025,1.73e-05,1e-05,1.0,0.75,390.0951334
0.00025,1.73e-05,0.0,0.0,0.75,300.002
0.00025,1.73e-05,0.0,0.1,0.75,361.3314591
0.00025,1.73e-05,0.0,0.2,0.75,380.9807249
0.00025,1.73e-05,0.0,0.3,0.75,386.5670786
0.00025,1.73e-05,0.0,0.4,0.75,388.7882914
0.00025,1.73e-05,0.0,0.5,0.75,389.7601377
0.00025,1.73e-05,0.0,0.6,0.75,390.0526945
0.00025,1.73e-05,0.0,0.7,0.75,390.0920427
0.00025,1.73e-05,0.0,0.8,0.75,390.085182
0.00025,1.73e-05,0.0,0.9,0.75,390.0901741
0.00025,1.73e-05,0.0,1.0,0.75,390.0951334
0.00026,0.0,1e-05,0.0,0.74,300.0019999
0.00026,0.0,1e-05,0.1,0.74,361.328495
0.00026,0.0,1e-05,0.2,0.74,380.976835
0.00026,0.0,1e-05,0.3,0.74,386.5629253
0.00026,0.0,1e-05,0.4,0.74,388.7840337
0.00026,0.0,1e-05,0.5,0.74,389.7558342
0.00026,0.0,1e-05,0.6,0.74,390.0483772
0.00026,0.0,1e-05,0.7,0.74,390.0877236
0.00026,0.0,1e-05,0.8,0.74,390.0808631
0.00026,0.0,1e-05,0.9,0.74,390.085855
0.00026,0.0,1e-05,1.0,0.74,390.0908141
0.00026,0.0,0.0,0.0,0.74,300.0019999
0.00026,0.0,0.0,0.1,0.74,361.328495
0.00026,0.0,0.0,0.2,0.74,380.976835
0.00026,0.0,0.0,0.3,0.74,386.5629253
0.00026,0.0,0.0,0.4,0.74,388.7840337
0.00026,0.0,0.0,0.5,0.74,389.7558342
0.00026,0.0,0.0,0.6,0.74,390.0483772
0.00026,0.0,0.0,0.7,0.74,390.0877236
0.00026,0.0,0.0,0.8,0.74,390.0808631
0.00026,0.0,0.0,0.9,0.74,390.085855
0.00026,0.0,0.0,1.0,0.74,390.0908141
0.00022,0.0001,0.0,0.0,0.78,300.0019999
0.00022,0.0001,0.0,0.1,0.78,361.3224275
0.00022,0.0001,0.0,0.2,0.78,380.9687254
0.00022,0.0001,0.0,0.3,0.78,386.5542362
0.00022,0.0001,0.0,0.4,0.78,388.7751127
0.00022,0.0001,0.0,0.5,0.78,389.7468121
0.00022,0.0001,0.0,0.6,0.78,390.0393246
0.00022,0.0001,0.0,0.7,0.78,390.078667
0.00022,0.0001,0.0,0.8,0.78,390.0718073
0.00022,0.0001,0.0,0.9,0.78,390.0767987
0.00022,0.0001,0.0,1.0,0.78,390.0817573
0.00022,0.0001,1e-05,0.0,0.78,300.0019999
0.00022,0.0001,1e-05,0.1,0.78,361.3224275
0.00022,0.0001,1e-05,0.2,0.78,380.9687254
0.00022,0.0001,1e-05,0.3,0.78,386.5542362
0.00022,0.0001,1e-05,0.4,0.78,388.7751127
0.00022,0.0001,1e-05,0.5,0.78,389.7468121
0.00022,0.0001,1e-05,0.6,0.78,390.0393246
0.00022,0.0001,1e-05,0.7,0.78,390.078667
0.00022,0.0001,1e-05,0.8,0.78,390.0718072
0.00022,0.0001,1e-05,0.9,0.78,390.0767987
0.00022,0.0001,1e-05,1.0,0.78,390.0817573
0.00023,8.27e-05,0.0,0.0,0.77,300.002
0.00023,8.27e-05,0.0,0.1,0.77,361.3284254
0.00023,8.27e-05,0.0,0.2,0.77,380.97667
0.00023,8.27e-05,0.0,0.3,0.77,386.562734
0.00023,8.27e-05,0.0,0.4,0.77,388.7838309
0.00023,8.27e-05,0.0,0.5,0.77,389.7556266
0.00023,8.27e-05,0.0,0.6,0.77,390.0481681
0.00023,8.27e-05,0.0,0.7,0.77,390.0875144
0.00023,8.27e-05,0.0,0.8,0.77,390.0806539
0.00023,8.27e-05,0.0,0.9,0.77,390.0856459
0.00023,8.27e-05,0.0,1.0,0.77,390.0906049
0.00023,8.27e-05,1e-05,0.0,0.77,300.002
0.00023,8.27e-05,1e-05,0.1,0.77,361.3284254
0.00023,8.27e-05,1e-05,0.2,0.77,380.9766701
0.00023,8.27e-05,1e-05,0.3,0.77,386.562734
0.00023,8.27e-05,1e-05,0.4,0.77,388.7838309
0.00023,8.27e-05,1e-05,0.5,0.77,389.7556266
0.00023,8.27e-05,1e-05,0.6,0.77,390.0481681
0.00023,8.27e-05,1e-05,0.7,0.77,390.0875144
0.00023,8.27e-05,1e-05,0.8,0.77,390.0806539
0.00023,8.27e-05,1e-05,0.9,0.77,390.0856459
0.00023,8.27e-05,1e-05,1.0,0.77,390.0906049
0.00024,6.69e-05,1e-05,0.0,0.76,300.002
0.00024,6.69e-05,1e-05,0.1,0.76,361.3323673
0.00024,6.69e-05,1e-05,0.2,0.76,380.9819
0.00024,6.69e-05,1e-05,0.3,0.76,386.5683299
0.00024,6.69e-05,1e-05,0.4,0.76,388.7895726
0.00024,6.69e-05,1e-05,0.5,0.76,389.761432
0.00024,6.69e-05,1e-05,0.6,0.76,390.0539928
0.00024,6.69e-05,1e-05,0.7,0.76,390.0933416
0.00024,6.69e-05,1e-05,0.8,0.76,390.0864807
0.00024,6.69e-05,1e-05,0.9,0.76,390.0914729
0.00024,6.69e-05,1e-05,1.0,0.76,390.0964323
0.00024,6.69e-05,0.0,0.0,0.76,300.002
0.00024,6.69e-05,0.0,0.1,0.76,361.3323673
0.00024,6.69e-05,0.0,0.2,0.76,380.9819
0.00024,6.69e-05,0.0,0.3,0.76,386.5683299
0.00024,6.69e-05,0.0,0.4,0.76,388.7895726
0.00024,6.69e-05,0.0,0.5,0.76,389.761432
0.00024,6.69e-05,0.0,0.6,0.76,390.0539928
0.00024,6.69e-05,0.0,0.7,0.76,390.0933416
0.00024,6.69e-05,0.0,0.8,0.76,390.0864807
0.00024,6.69e-05,0.0,0.9,0.76,390.0914729
0.00024,6.69e-05,0.0,1.0,0.76,390.0964323
0.00025,5.1e-05,0.0,0.0,0.75,300.002
0.00025,5.1e-05,0.0,0.1,0.75,361.334729
0.00025,5.1e-05,0.0,0.2,0.75,380.9850429
0.00025,5.1e-05,0.0,0.3,0.75,386.5716947
0.00025,5.1e-05,0.0,0.4,0.75,388.7930259
0.00025,5.1e-05,0.0,0.5,0.75,389.7649241
0.00025,5.1e-05,0.0,0.6,0.75,390.0574964
0.00025,5.1e-05,0.0,0.7,0.75,390.0968468
0.00025,5.1e-05,0.0,0.8,0.75,390.0899857
0.00025,5.1e-05,0.0,0.9,0.75,390.0949781
0.00025,5.1e-05,0.0,1.0,0.75,390.0999377
0.00025,5.1e-05,1e-05,0.0,0.75,300.002
0.00025,5.1e-05,1e-05,0.1,0.75,361.334729
0.00025,5.1e-05,1e-05,0.2,0.75,380.9850429
0.00025,5.1e-05,1e-05,0.3,0.75,386.5716947
0.00025,5.1e-05,1e-05,0.4,0.75,388.7930259
0.00025,5.1e-05,1e-05,0.5,0.75,389.7649241
0.00025,5.1e-05,1e-05,0.6,0.75,390.0574964
0.00025,5.1e-05,1e-05,0.7,0.75,390.0968468
0.00025,5.1e-05,1e-05,0.8,0.75,390.0899857
0.00025,5.1e-05,1e-05,0.9,0.75,390.0949781
0.00025,5.1e-05,1e-05,1.0,0.75,390.0999377
0.00026,3.46e-05,0.0,0.0,0.74,300.002
0.00026,3.46e-05,0.0,0.1,0.74,361.3354357
0.00026,3.46e-05,0.0,0.2,0.74,380.986
0.00026,3.46e-05,0.0,0.3,0.74,386.5727227
0.00026,3.46e-05,0.0,0.4,0.74,388.7940825
0.00026,3.46e-05,0.0,0.5,0.74,389.7659931
0.00026,3.46e-05,0.0,0.6,0.74,390.0585692
0.00026,3.46e-05,0.0,0.7,0.74,390.09792
0.00026,3.46e-05,0.0,0.8,0.74,390.0910588
0.00026,3.46e-05,0.0,0.9,0.74,390.0960513
0.00026,3.46e-05,0.0,1.0,0.74,390.1010109
0.00026,3.46e-05,1e-05,0.0,0.74,300.002
0.00026,3.46e-05,1e-05,0.1,0.74,361.3354357
0.00026,3.46e-05,1e-05,0.2,0.74,380.986
0.00026,3.46e-05,1e-05,0.3,0.74,386.5727227
0.00026,3.46e-05,1e-05,0.4,0.74,388.7940825
0.00026,3.46e-05,1e-05,0.5,0.74,389.7659931
0.00026,3.46e-05,1e-05,0.6,0.74,390.0585692
0.00026,3.46e-05,1e-05,0.7,0.74,390.09792
0.00026,3.46e-05,1e-05,0.8,0.74,390.0910588
0.00026,3.46e-05,1e-05,0.9,0.74,390.0960513
0.00026,3.46e-05,1e-05,1.0,0.74,390.1010109
0.00027,1.73e-05,1e-05,0.0,0.73,300.002
0.00027,1.73e-05,1e-05,0.1,0.73,361.3342518
0.00027,1.73e-05,1e-05,0.2,0.73,380.9844601
0.00027,1.73e-05,1e-05,0.3,0.73,386.5710814
0.00027,1.73e-05,1e-05,0.4,0.73,388.7924012
0.00027,1.73e-05,1e-05,0.5,0.73,389.7642942
0.00027,1.73e-05,1e-05,0.6,0.73,390.056865
0.00027,1.73e-05,1e-05,0.7,0.73,390.0962151
0.00027,1.73e-05,1e-05,0.8,0.73,390.089354
0.00027,1.73e-05,1e-05,0.9,0.73,390.0943464
0.00027,1.73e-05,1e-05,1.0,0.73,390.099306
0.00027,1.73e-05,0.0,0.0,0.73,300.002
0.00027,1.73e-05,0.0,0.1,0.73,361.3342518
0.00027,1.73e-05,0.0,0.2,0.73,380.9844601
0.00027,1.73e-05,0.0,0.3,0.73,386.5710814
0.00027,1.73e-05,0.0,0.4,0.73,388.7924012
0.00027,1.73e-05,0.0,0.5,0.73,389.7642942
0.00027,1.73e-05,0.0,0.6,0.73,390.056865
0.00027,1.73e-05,0.0,0.7,0.73,390.0962151
0.00027,1.73e-05,0.0,0.8,0.73,390.089354
0.00027,1.73e-05,0.0,0.9,0.73,390.0943464
0.00027,1.73e-05,0.0,1.0,0.73,390.099306
0.000272,9.57e-06,5e-06,0.0,0.72761194,300.002
0.000272,9.57e-06,5e-06,0.1,0.72761194,361.3335976
0.000272,9.57e-06,5e-06,0.2,0.72761194,380.9836018
0.000272,9.57e-06,5e-06,0.3,0.72761194,386.5701649
0.000272,9.57e-06,5e-06,0.4,0.72761194,388.7914617
0.000272,9.57e-06,5e-06,0.5,0.72761194,389.7633446
0.000272,9.57e-06,5e-06,0.6,0.72761194,390.0559124
0.000272,9.57e-06,5e-06,0.7,0.72761194,390.0952621
0.000272,9.57e-06,5e-06,0.8,0.72761194,390.0884011
0.000272,9.57e-06,5e-06,0.9,0.72761194,390.0933934
0.000272,9.57e-06,5e-06,1.0,0.72761194,390.0983529
0.00028,0.0,1e-05,0.0,0.72,300.0019999
0.00028,0.0,1e-05,0.1,0.72,361.3311677
0.00028,0.0,1e-05,0.2,0.72,380.9804109
0.00028,0.0,1e-05,0.3,0.72,386.5667575
0.00028,0.0,1e-05,0.4,0.72,388.7879685
0.00028,0.0,1e-05,0.5,0.72,389.7598138
0.00028,0.0,1e-05,0.6,0.72,390.0523702
0.00028,0.0,1e-05,0.7,0.72,390.0917184
0.00028,0.0,1e-05,0.8,0.72,390.0848577
0.00028,0.0,1e-05,0.9,0.72,390.0898498
0.00028,0.0,1e-05,1.0,0.72,390.0948091
0.00028,0.0,0.0,0.0,0.72,300.0019999
0.00028,0.0,0.0,0.1,0.72,361.3311677
0.00028,0.0,0.0,0.2,0.72,380.9804109
0.00028,0.0,0.0,0.3,0.72,386.5667575
0.00028,0.0,0.0,0.4,0.72,388.7879685
0.00028,0.0,0.0,0.5,0.72,389.7598138
0.00028,0.0,0.0,0.6,0.72,390.0523702
0.00028,0.0,0.0,0.7,0.72,390.0917184
0.00028,0.0,0.0,0.8,0.72,390.0848577
0.00028,0.0,0.0,0.9,0.72,390.0898498
0.00028,0.0,0.0,1.0,0.72,390.0948091
0.00024,0.0001,0.0,0.0,0.76,300.0019999
0.00024,0.0001,0.0,0.1,0.76,361.3255822
0.00024,0.0001,0.0,0.2,0.76,380.9729404
0.00024,0.0001,0.0,0.3,0.76,386.5587521
0.00024,0.0001,0.0,0.4,0.76,388.779749
0.00024,0.0001,0.0,0.5,0.76,389.7515009
0.00024,0.0001,0.0,0.6,0.76,390.0440293
0.00024,0.0001,0.0,0.7,0.76,390.0833738
0.00024,0.0001,0.0,0.8,0.76,390.0765136
0.00024,0.0001,0.0,0.9,0.76,390.0815053
0.00024,0.0001,0.0,1.0,0.76,390.0864642
0.00024,0.0001,1e-05,0.0,0.76,300.0019999
0.00024,0.0001,1e-05,0.1,0.76,361.3255822
0.00024,0.0001,1e-05,0.2,0.76,380.9729404
0.00024,0.0001,1e-05,0.3,0.76,386.5587521
0.00024,0.0001,1e-05,0.4,0.76,388.779749
0.00024,0.0001,1e-05,0.5,0.76,389.7515009
0.00024,0.0001,1e-05,0.6,0.76,390.0440293
0.00024,0.0001,1e-05,0.7,0.76,390.0833738
0.00024,0.0001,1e-05,0.8,0.76,390.0765136
0.00024,0.0001,1e-05,0.9,0.76,390.0815053
0.00024,0.0001,1e-05,1.0,0.76,390.0864642
0.00025,8.27e-05,0.0,0.0,0.75,300.002
0.00025,8.27e-05,0.0,0.1,0.75,361.3314591
0.00025,8.27e-05,0.0,0.2,0.75,380.9807249
0.00025,8.27e-05,0.0,0.3,0.75,386.5670786
0.00025,8.27e-05,0.0,0.4,0.75,388.7882914
0.00025,8.27e-05,0.0,0.5,0.75,389.7601377
0.00025,8.27e-05,0.0,0.6,0.75,390.0526945
0.00025,8.27e-05,0.0,0.7,0.75,390.0920427
0.00025,8.27e-05,0.0,0.8,0.75,390.085182
0.00025,8.27e-05,0.0,0.9,0.75,390.0901741
0.00025,8.27e-05,0.0,1.0,0.75,390.0951334
0.00025,8.27e-05,1e-05,0.0,0.75,300.002
0.00025,8.27e-05,1e-05,0.1,0.75,361.3314591
0.00025,8.27e-05,1e-05,0.2,0.75,380.9807249
0.00025,8.27e-05,1e-05,0.3,0.75,386.5670786
0.00025,8.27e-05,1e-05,0.4,0.75,388.7882914
0.00025,8.27e-05,1e-05,0.5,0.75,389.7601377
0.00025,8.27e-05,1e-05,0.6,0.75,390.0526945
0.00025,8.27e-05,1e-05,0.7,0.75,390.0920427
0.00025,8.27e-05,1e-05,0.8,0.75,390.085182
0.00025,8.27e-05,1e-05,0.9,0.75,390.0901741
0.00025,8.27e-05,1e-05,1.0,0.75,390.0951334
0.00026,6.69e-05,1e-05,0.0,0.74,300.002
0.00026,6.69e-05,1e-05,0.1,0.74,361.3352804
0.00026,6.69e-05,1e-05,0.2,0.74,380.9857949
0.00026,6.69e-05,1e-05,0.3,0.74,386.5725035
0.00026,6.69e-05,1e-05,0.4,0.74,388.7938577
0.00026,6.69e-05,1e-05,0.5,0.74,389.7657658
0.00026,6.69e-05,1e-05,0.6,0.74,390.0583411
0.00026,6.69e-05,1e-05,0.7,0.74,390.0976919
0.00026,6.69e-05,1e-05,0.8,0.74,390.0908307
0.00026,6.69e-05,1e-05,0.9,0.74,390.0958232
0.00026,6.69e-05,1e-05,1.0,0.74,390.1007828
0.00026,6.69e-05,0.0,0.0,0.74,300.002
0.00026,6.69e-05,0.0,0.1,0.74,361.3352804
0.00026,6.69e-05,0.0,0.2,0.74,380.985795
0.00026,6.69e-05,0.0,0.3,0.74,386.5725035
0.00026,6.69e-05,0.0,0.4,0.74,388.7938577
0.00026,6.69e-05,0.0,0.5,0.74,389.7657658
0.00026,6.69e-05,0.0,0.6,0.74,390.0583411
0.00026,6.69e-05,0.0,0.7,0.74,390.0976919
0.00026,6.69e-05,0.0,0.8,0.74,390.0908307
0.00026,6.69e-05,0.0,0.9,0.74,390.0958232
0.00026,6.69e-05,0.0,1.0,0.74,390.1007828
0.00027,5.1e-05,0.0,0.0,0.73,300.002
0.00027,5.1e-05,0.0,0.1,0.73,361.3375218
0.00027,5.1e-05,0.0,0.2,0.73,380.9887784
0.00027,5.1e-05,0.0,0.3,0.73,386.5756976
0.00027,5.1e-05,0.0,0.4,0.73,388.797136
0.00027,5.1e-05,0.0,0.5,0.73,389.7690808
0.00027,5.1e-05,0.0,0.6,0.73,390.0616672
0.00027,5.1e-05,0.0,0.7,0.73,390.1010194
0.00027,5.1e-05,0.0,0.8,0.73,390.094158
0.00027,5.1e-05,0.0,0.9,0.73,390.0991506
0.00027,5.1e-05,0.0,1.0,0.73,390.1041104
0.00027,5.1e-05,1e-05,0.0,0.73,300.002
0.00027,5.1e-05,1e-05,0.1,0.73,361.3375219
0.00027,5.1e-05,1e-05,0.2,0.73,380.9887784
0.00027,5.1e-05,1e-05,0.3,0.73,386.5756976
0.00027,5.1e-05,1e-05,0.4,0.73,388.797136
0.00027,5.1e-05,1e-05,0.5,0.73,389.7690808
0.00027,5.1e-05,1e-05,0.6,0.73,390.0616672
0.00027,5.1e-05,1e-05,0.7,0.73,390.1010194
0.00027,5.1e-05,1e-05,0.8,0.73,390.094158
0.00027,5.1e-05,1e-05,0.9,0.73,390.0991506
0.00027,5.1e-05,1e-05,1.0,0.73,390.1041104
0.00028,3.46e-05,1e-05,0.0,0.72,300.002
0.00028,3.46e-05,1e-05,0.1,0.72,361.3381087
0.00028,3.46e-05,1e-05,0.2,0.72,380.9895764
0.00028,3.46e-05,1e-05,0.3,0.72,386.5765554
0.00028,3.46e-05,1e-05,0.4,0.72,388.7980178
0.00028,3.46e-05,1e-05,0.5,0.72,389.7699731
0.00028,3.46e-05,1e-05,0.6,0.72,390.0625627
0.00028,3.46e-05,1e-05,0.7,0.72,390.1019153
0.00028,3.46e-05,1e-05,0.8,0.72,390.0950538
0.00028,3.46e-05,1e-05,0.9,0.72,390.1000465
0.00028,3.46e-05,1e-05,1.0,0.72,390.1050064
0.00028,3.46e-05,0.0,0.0,0.72,300.002
0.00028,3.46e-05,0.0,0.1,0.72,361.3381087
0.00028,3.46e-05,0.0,0.2,0.72,380.9895764
0.00028,3.46e-05,0.0,0.3,0.72,386.5765554
0.00028,3.46e-05,0.0,0.4,0.72,388.7980178
0.00028,3.46e-05,0.0,0.5,0.72,389.7699731
0.00028,3.46e-05,0.0,0.6,0.72,390.0625627
0.00028,3.46e-05,0.0,0.7,0.72,390.1019153
0.00028,3.46e-05,0.0,0.8,0.72,390.0950538
0.00028,3.46e-05,0.0,0.9,0.72,390.1000465
0.00028,3.46e-05,0.0,1.0,0.72,390.1050064
0.00029,1.73e-05,1e-05,0.0,0.71,300.002
0.00029,1.73e-05,1e-05,0.1,0.71,361.3368054
0.00029,1.73e-05,1e-05,0.2,0.71,380.9878777
0.00029,1.73e-05,1e-05,0.3,0.71,386.5747441
0.00029,1.73e-05,1e-05,0.4,0.71,388.7961621
0.00029,1.73e-05,1e-05,0.5,0.71,389.7680979
0.00029,1.73e-05,1e-05,0.6,0.71,390.0606816
0.00029,1.73e-05,1e-05,0.7,0.71,390.1000334
0.00029,1.73e-05,1e-05,0.8,0.71,390.093172
0.00029,1.73e-05,1e-05,0.9,0.71,390.0981646
0.00029,1.73e-05,1e-05,1.0,0.71,390.1031244
0.00029,1.73e-05,0.0,0.0,0.71,300.002
0.00029,1.73e-05,0.0,0.1,0.71,361.3368054
0.00029,1.73e-05,0.0,0.2,0.71,380.9878777
0.00029,1.73e-05,0.0,0.3,0.71,386.5747441
0.00029,1.73e-05,0.0,0.4,0.71,388.7961621
0.00029,1.73e-05,0.0,0.5,0.71,389.7680979
0.00029,1.73e-05,0.0,0.6,0.71,390.0606816
0.00029,1.73e-05,0.0,0.7,0.71,390.1000334
0.00029,1.73e-05,0.0,0.8,0.71,390.093172
0.00029,1.73e-05,0.0,0.9,0.71,390.0981646
0.00029,1.73e-05,0.0,1.0,0.71,390.1031244
0.0003,0.0,1e-05,0.0,0.7,300.0019999
0.0003,0.0,1e-05,0.1,0.7,361.3336021
0.0003,0.0,1e-05,0.2,0.7,380.98367
0.0003,0.0,1e-05,0.3,0.7,386.5702506
0.0003,0.0,1e-05,0.4,0.7,388.7915554
0.0003,0.0,1e-05,0.5,0.7,389.7634415
0.0003,0.0,1e-05,0.6,0.7,390.0560102
0.0003,0.0,1e-05,0.7,0.7,390.09536
0.0003,0.0,1e-05,0.8,0.7,390.088499
0.0003,0.0,1e-05,0.9,0.7,390.0934913
0.0003,0.0,1e-05,1.0,0.7,390.0984508
0.0003,0.0,0.0,0.0,0.7,300.0019999
0.0003,0.0,0.0,0.1,0.7,361.3336021
0.0003,0.0,0.0,0.2,0.7,380.9836701
0.0003,0.0,0.0,0.3,0.7,386.5702506
0.0003,0.0,0.0,0.4,0.7,388.7915554
0.0003,0.0,0.0,0.5,0.7,389.7634415
0.0003,0.0,0.0,0.6,0.7,390.0560102
0.0003,0.0,0.0,0.7,0.7,390.09536
0.0003,0.0,0.0,0.8,0.7,390.088499
0.0003,0.0,0.0,0.9,0.7,390.0934913
0.0003,0.0,0.0,1.0,0.7,390.0984508
0.00026,0.0001,0.0,0.0,0.74,300.0019999
0.00026,0.0001,0.0,0.1,0.74,361.328495
0.00026,0.0001,0.0,0.2,0.74,380.976835
0.00026,0.0001,0.0,0.3,0.74,386.5629253
0.00026,0.0001,0.0,0.4,0.74,388.7840337
0.00026,0.0001,0.0,0.5,0.74,389.7558342
0.00026,0.0001,0.0,0.6,0.74,390.0483772
0.00026,0.0001,0.0,0.7,0.74,390.0877236
0.00026,0.0001,0.0,0.8,0.74,390.0808631
0.00026,0.0001,0.0,0.9,0.74,390.085855
0.00026,0.0001,0.0,1.0,0.74,390.0908141
0.00026,0.0001,1e-05,0.0,0.74,300.0019999
0.00026,0.0001,1e-05,0.1,0.74,361.328495
0.00026,0.0001,1e-05,0.2,0.74,380.976835
0.00026,0.0001,1e-05,0.3,0.74,386.5629253
0.00026,0.0001,1e-05,0.4,0.74,388.7840337
0.00026,0.0001,1e-05,0.5,0.74,389.7558342
0.00026,0.0001,1e-05,0.6,0.74,390.0483772
0.00026,0.0001,1e-05,0.7,0.74,390.0877236
0.00026,0.0001,1e-05,0.8,0.74,390.0808631
0.00026,0.0001,1e-05,0.9,0.74,390.085855
0.00026,0.0001,1e-05,1.0,0.74,390.0908141
0.00027,8.27e-05,0.0,0.0,0.73,300.002
0.00027,8.27e-05,0.0,0.1,0.73,361.3342518
0.00027,8.27e-05,0.0,0.2,0.73,380.9844601
0.00027,8.27e-05,0.0,0.3,0.73,386.5710814
0.00027,8.27e-05,0.0,0.4,0.73,388.7924012
0.00027,8.27e-05,0.0,0.5,0.73,389.7642942
0.00027,8.27e-05,0.0,0.6,0.73,390.056865
0.00027,8.27e-05,0.0,0.7,0.73,390.0962151
0.00027,8.27e-05,0.0,0.8,0.73,390.0893541
0.00027,8.27e-05,0.0,0.9,0.73,390.0943464
0.00027,8.27e-05,0.0,1.0,0.73,390.099306
0.00027,8.27e-05,1e-05,0.0,0.73,300.002
0.00027,8.27e-05,1e-05,0.1,0.73,361.3342518
0.00027,8.27e-05,1e-05,0.2,0.73,380.9844601
0.00027,8.27e-05,1e-05,0.3,0.73,386.5710814
0.00027,8.27e-05,1e-05,0.4,0.73,388.7924012
0.00027,8.27e-05,1e-05,0.5,0.73,389.7642942
0.00027,8.27e-05,1e-05,0.6,0.73,390.056865
0.00027,8.27e-05,1e-05,0.7,0.73,390.0962151
0.00027,8.27e-05,1e-05,0.8,0.73,390.089354
0.00027,8.27e-05,1e-05,0.9,0.73,390.0943464
0.00027,8.27e-05,1e-05,1.0,0.73,390.099306
0.00028,6.69e-05,1e-05,0.0,0.72,300.002
0.00028,6.69e-05,1e-05,0.1,0.72,361.3379534
0.00028,6.69e-05,1e-05,0.2,0.72,380.9893713
0.00028,6.69e-05,1e-05,0.3,0.72,386.5763362
0.00028,6.69e-05,1e-05,0.4,0.72,388.797793
0.00028,6.69e-05,1e-05,0.5,0.72,389.7697458
0.00028,6.69e-05,1e-05,0.6,0.72,390.0623346
0.00028,6.69e-05,1e-05,0.7,0.72,390.1016872
0.00028,6.69e-05,1e-05,0.8,0.72,390.0948257
0.00028,6.69e-05,1e-05,0.9,0.72,390.0998183
0.00028,6.69e-05,1e-05,1.0,0.72,390.1047782
0.00028,6.69e-05,0.0,0.0,0.72,300.002
0.00028,6.69e-05,0.0,0.1,0.72,361.3379534
0.00028,6.69e-05,0.0,0.2,0.72,380.9893713
0.00028,6.69e-05,0.0,0.3,0.72,386.5763362
0.00028,6.69e-05,0.0,0.4,0.72,388.797793
0.00028,6.69e-05,0.0,0.5,0.72,389.7697458
0.00028,6.69e-05,0.0,0.6,0.72,390.0623346
0.00028,6.69e-05,0.0,0.7,0.72,390.1016872
0.00028,6.69e-05,0.0,0.8,0.72,390.0948257
0.00028,6.69e-05,0.0,0.9,0.72,390.0998183
0.00028,6.69e-05,0.0,1.0,0.72,390.1047782
0.00029,5.1e-05,0.0,0.0,0.71,300.002
0.00029,5.1e-05,0.0,0.1,0.71,361.3400755
0.00029,5.1e-05,0.0,0.2,0.71,380.9921961
0.00029,5.1e-05,0.0,0.3,0.71,386.5793606
0.00029,5.1e-05,0.0,0.4,0.71,388.8008971
0.00029,5.1e-05,0.0,0.5,0.71,389.7728847
0.00029,5.1e-05,0.0,0.6,0.71,390.065484
0.00029,5.1e-05,0.0,0.7,0.71,390.1048379
0.00029,5.1e-05,0.0,0.8,0.71,390.0979762
0.00029,5.1e-05,0.0,0.9,0.71,390.102969
0.00029,5.1e-05,0.0,1.0,0.71,390.1079291
0.00029,5.1e-05,1e-05,0.0,0.71,300.002
0.00029,5.1e-05,1e-05,0.1,0.71,361.3400755
0.00029,5.1e-05,1e-05,0.2,0.71,380.9921961
0.00029,5.1e-05,1e-05,0.3,0.71,386.5793606
0.00029,5.1e-05,1e-05,0.4,0.71,388.8008971
0.00029,5.1e-05,1e-05,0.5,0.71,389.7728847
0.00029,5.1e-05,1e-05,0.6,0.71,390.065484
0.00029,5.1e-05,1e-05,0.7,0.71,390.1048379
0.00029,5.1e-05,1e-05,0.8,0.71,390.0979762
0.00029,5.1e-05,1e-05,0.9,0.71,390.102969
0.00029,5.1e-05,1e-05,1.0,0.71,390.1079291
0.0003,3.46e-05,1e-05,0.0,0.7,300.002
0.0003,3.46e-05,1e-05,0.1,0.7,361.3405434
0.0003,3.46e-05,1e-05,0.2,0.7,380.9928359
0.0003,3.46e-05,1e-05,0.3,0.7,386.5800489
0.0003,3.46e-05,1e-05,0.4,0.7,388.8016051
0.0003,3.46e-05,1e-05,0.5,0.7,389.7736012
0.0003,3.46e-05,1e-05,0.6,0.7,390.0662031
0.0003,3.46e-05,1e-05,0.7,0.7,390.1055573
0.0003,3.46e-05,1e-05,0.8,0.7,390.0986955
0.0003,3.46e-05,1e-05,0.9,0.7,390.1036884
0.0003,3.46e-05,1e-05,1.0,0.7,390.1086485
0.0003,3.46e-05,0.0,0.0,0.7,300.002
0.0003,3.46e-05,0.0,0.1,0.7,361.3405434
0.0003,3.46e-05,0.0,0.2,0.7,380.9928358
0.0003,3.46e-05,0.0,0.3,0.7,386.5800489
0.0003,3.46e-05,0.0,0.4,0.7,388.8016051
0.0003,3.46e-05,0.0,0.5,0.7,389.7736012
0.0003,3.46e-05,0.0,0.6,0.7,390.0662031
0.0003,3.46e-05,0.0,0.7,0.7,390.1055573
0.0003,3.46e-05,0.0,0.8,0.7,390.0986955
0.0003,3.46e-05,0.0,0.9,0.7,390.1036884
0.0003,3.46e-05,0.0,1.0,0.7,390.1086485
0.00031,1.73e-05,0.0,0.0,0.69,300.002
0.00031,1.73e-05,0.0,0.1,0.69,361.3391214
0.00031,1.73e-05,0.0,0.2,0.69,380.9909793
0.00031,1.73e-05,0.0,0.3,0.69,386.5780685
0.00031,1.73e-05,0.0,0.4,0.69,388.7995758
0.00031,1.73e-05,0.0,0.5,0.69,389.7715505
0.00031,1.73e-05,0.0,0.6,0.69,390.0641459
0.00031,1.73e-05,0.0,0.7,0.69,390.1034992
0.00031,1.73e-05,0.0,0.8,0.69,390.0966376
0.00031,1.73e-05,0.0,0.9,0.69,390.1016304
0.00031,1.73e-05,0.0,1.0,0.69,390.1065904
0.00031,1.73e-05,1e-05,0.0,0.69,300.002
0.00031,1.73e-05,1e-05,0.1,0.69,361.3391214
0.00031,1.73e-05,1e-05,0.2,0.69,380.9909793
0.00031,1.73e-05,1e-05,0.3,0.69,386.5780685
0.00031,1.73e-05,1e-05,0.4,0.69,388.7995758
0.00031,1.73e-05,1e-05,0.5,0.69,389.7715505
0.00031,1.73e-05,1e-05,0.6,0.69,390.0641459
0.00031,1.73e-05,1e-05,0.7,0.69,390.1034992
0.00031,1.73e-05,1e-05,0.8,0.69,390.0966376
0.00031,1.73e-05,1e-05,0.9,0.69,390.1016304
0.00031,1.73e-05,1e-05,1.0,0.69,390.1065904
0.00032,0.0,1e-05,0.0,0.68,300.0019999
0.00032,0.0,1e-05,0.1,0.68,361.3357999
0.00032,0.0,1e-05,0.2,0.68,380.986614
0.00032,0.0,1e-05,0.3,0.68,386.5734062
0.00032,0.0,1e-05,0.4,0.68,388.7947958
0.00032,0.0,1e-05,0.5,0.68,389.7667188
0.00032,0.0,1e-05,0.6,0.68,390.0592987
0.00032,0.0,1e-05,0.7,0.68,390.0986499
0.00032,0.0,1e-05,0.8,0.68,390.0917887
0.00032,0.0,1e-05,0.9,0.68,390.0967812
0.00032,0.0,1e-05,1.0,0.68,390.1017409
0.00032,0.0,0.0,0.0,0.68,300.0019999
0.00032,0.0,0.0,0.1,0.68,361.3357999
0.00032,0.0,0.0,0.2,0.68,380.986614
0.00032,0.0,0.0,0.3,0.68,386.5734062
0.00032,0.0,0.0,0.4,0.68,388.7947958
0.00032,0.0,0.0,0.5,0.68,389.7667188
0.00032,0.0,0.0,0.6,0.68,390.0592987
0.00032,0.0,0.0,0.7,0.68,390.0986499
0.00032,0.0,0.0,0.8,0.68,390.0917887
0.00032,0.0,0.0,0.9,0.68,390.0967812
0.00032,0.0,0.0,1.0,0.68,390.1017409
0.00028,0.0001,0.0,0.0,0.72,300.0019999
0.00028,0.0001,0.0,0.1,0.72,361.3311677
0.00028,0.0001,0.0,0.2,0.72,380.9804109
0.00028,0.0001,0.0,0.3,0.72,386.5667575
0.00028,0.0001,0.0,0.4,0.72,388.7879685
0.00028,0.0001,0.0,0.5,0.72,389.7598138
0.00028,0.0001,0.0,0.6,0.72,390.0523702
0.00028,0.0001,0.0,0.7,0.72,390.0917184
0.00028,0.0001,0.0,0.8,0.72,390.0848577
0.00028,0.0001,0.0,0.9,0.72,390.0898498
0.00028,0.0001,0.0,1.0,0.72,390.0948091
0.00028,0.0001,1e-05,0.0,0.72,300.0019999
0.00028,0.0001,1e-05,0.1,0.72,361.3311677
0.00028,0.0001,1e-05,0.2,0.72,380.9804109
0.00028,0.0001,1e-05,0.3,0.72,386.5667575
0.00028,0.0001,1e-05,0.4,0.72,388.7879685
0.00028,0.0001,1e-05,0.5,0.72,389.7598138
0.00028,0.0001,1e-05,0.6,0.72,390.0523702
0.00028,0.0001,1e-05,0.7,0.72,390.0917184
0.00028,0.0001,1e-05,0.8,0.72,390.0848577
0.00028,0.0001,1e-05,0.9,0.72,390.0898498
0.00028,0.0001,1e-05,1.0,0.72,390.0948091
0.00029,8.27e-05,0.0,0.0,0.71,300.002
0.00029,8.27e-05,0.0,0.1,0.71,361.3368054
0.00029,8.27e-05,0.0,0.2,0.71,380.9878777
0.00029,8.27e-05,0.0,0.3,0.71,386.5747441
0.00029,8.27e-05,0.0,0.4,0.71,388.7961621
0.00029,8.27e-05,0.0,0.5,0.71,389.7680979
0.00029,8.27e-05,0.0,0.6,0.71,390.0606816
0.00029,8.27e-05,0.0,0.7,0.71,390.1000334
0.00029,8.27e-05,0.0,0.8,0.71,390.093172
0.00029,8.27e-05,0.0,0.9,0.71,390.0981646
0.00029,8.27e-05,0.0,1.0,0.71,390.1031244
0.00029,8.31e-05,5e-06,0.0,0.71,300.002
0.00029,8.31e-05,5e-06,0.1,0.71,361.3374816
0.00029,8.31e-05,5e-06,0.2,0.71,380.9887706
0.00029,8.31e-05,5e-06,0.3,0.71,386.5756986
0.00029,8.31e-05,5e-06,0.4,0.71,388.7971411
0.00029,8.31e-05,5e-06,0.5,0.71,389.7690876
0.00029,8.31e-05,5e-06,0.6,0.71,390.0616745
0.00029,8.31e-05,5e-06,0.7,0.71,390.1010268
0.00029,8.31e-05,5e-06,0.8,0.71,390.0941653
0.00029,8.31e-05,5e-06,0.9,0.71,390.099158
0.00029,8.31e-05,5e-06,1.0,0.71,390.1041178
0.00029,8.27e-05,1e-05,0.0,0.71,300.002
0.00029,8.27e-05,1e-05,0.1,0.71,361.3368054
0.00029,8.27e-05,1e-05,0.2,0.71,380.9878777
0.00029,8.27e-05,1e-05,0.3,0.71,386.5747441
0.00029,8.27e-05,1e-05,0.4,0.71,388.7961621
0.00029,8.27e-05,1e-05,0.5,0.71,389.7680979
0.00029,8.27e-05,1e-05,0.6,0.71,390.0606816
0.00029,8.27e-05,1e-05,0.7,0.71,390.1000334
0.00029,8.27e-05,1e-05,0.8,0.71,390.093172
0.00029,8.27e-05,1e-05,0.9,0.71,390.0981646
0.00029,8.27e-05,1e-05,1.0,0.71,390.1031244
0.0003,6.69e-05,1e-05,0.0,0.7,300.002
0.0003,6.69e-05,1e-05,0.1,0.7,361.3403881
0.0003,6.69e-05,1e-05,0.2,0.7,380.9926308
0.0003,6.69e-05,1e-05,0.3,0.7,386.5798297
0.0003,6.69e-05,1e-05,0.4,0.7,388.8013802
0.0003,6.69e-05,1e-05,0.5,0.7,389.7733739
0.0003,6.69e-05,1e-05,0.6,0.7,390.065975
0.0003,6.69e-05,1e-05,0.7,0.7,390.1053292
0.0003,6.69e-05,1e-05,0.8,0.7,390.0984674
0.0003,6.69e-05,1e-05,0.9,0.7,390.1034603
0.0003,6.69e-05,1e-05,1.0,0.7,390.1084203
0.0003,6.69e-05,0.0,0.0,0.7,300.002
0.0003,6.69e-05,0.0,0.1,0.7,361.3403881
0.0003,6.69e-05,0.0,0.2,0.7,380.9926308
0.0003,6.69e-05,0.0,0.3,0.7,386.5798297
0.0003,6.69e-05,0.0,0.4,0.7,388.8013802
0.0003,6.69e-05,0.0,0.5,0.7,389.7733739
0.0003,6.69e-05,0.0,0.6,0.7,390.065975
0.0003,6.69e-05,0.0,0.7,0.7,390.1053292
0.0003,6.69e-05,0.0,0.8,0.7,390.0984674
0.0003,6.69e-05,0.0,0.9,0.7,390.1034603
0.0003,6.69e-05,0.0,1.0,0.7,390.1084203
0.00031,5.1e-05,0.0,0.0,0.69,300.002
0.00031,5.1e-05,0.0,0.1,0.69,361.3423917
0.00031,5.1e-05,0.0,0.2,0.69,380.9952979
0.00031,5.1e-05,0.0,0.3,0.69,386.5826851
0.00031,5.1e-05,0.0,0.4,0.69,388.8043109
0.00031,5.1e-05,0.0,0.5,0.69,389.7763374
0.00031,5.1e-05,0.0,0.6,0.69,390.0689485
0.00031,5.1e-05,0.0,0.7,0.69,390.1083039
0.00031,5.1e-05,0.0,0.8,0.69,390.1014419
0.00031,5.1e-05,0.0,0.9,0.69,390.106435
0.00031,5.1e-05,0.0,1.0,0.69,390.1113952
0.00031,5.1e-05,1e-05,0.0,0.69,300.002
0.00031,5.1e-05,1e-05,0.1,0.69,361.3423917
0.00031,5.1e-05,1e-05,0.2,0.69,380.9952979
0.00031,5.1e-05,1e-05,0.3,0.69,386.5826851
0.00031,5.1e-05,1e-05,0.4,0.69,388.8043109
0.00031,5.1e-05,1e-05,0.5,0.69,389.7763375
0.00031,5.1e-05,1e-05,0.6,0.69,390.0689485
0.00031,5.1e-05,1e-05,0.7,0.69,390.1083039
0.00031,5.1e-05,1e-05,0.8,0.69,390.1014419
0.00031,5.1e-05,1e-05,0.9,0.69,390.106435
0.00031,5.1e-05,1e-05,1.0,0.69,390.1113952
0.00032,3.46e-05,1e-05,0.0,0.68,300.002
0.00032,3.46e-05,1e-05,0.1,0.68,361.3427414
0.00032,3.46e-05,1e-05,0.2,0.68,380.9957801
0.00032,3.46e-05,1e-05,0.3,0.68,386.5832048
0.00032,3.46e-05,1e-05,0.4,0.68,388.8048459
0.00032,3.46e-05,1e-05,0.5,0.68,389.7768789
0.00032,3.46e-05,1e-05,0.6,0.68,390.069492
0.00032,3.46e-05,1e-05,0.7,0.68,390.1088476
0.00032,3.46e-05,1e-05,0.8,0.68,390.1019856
0.00032,3.46e-05,1e-05,0.9,0.68,390.1069787
0.00032,3.46e-05,1e-05,1.0,0.68,390.1119389
0.00032,3.46e-05,0.0,0.0,0.68,300.002
0.00032,3.46e-05,0.0,0.1,0.68,361.3427414
0.00032,3.46e-05,0.0,0.2,0.68,380.9957801
0.00032,3.46e-05,0.0,0.3,0.68,386.5832048
0.00032,3.46e-05,0.0,0.4,0.68,388.8048459
0.00032,3.46e-05,0.0,0.5,0.68,389.7768789
0.00032,3.46e-05,0.0,0.6,0.68,390.069492
0.00032,3.46e-05,0.0,0.7,0.68,390.1088476
0.00032,3.46e-05,0.0,0.8,0.68,390.1019856
0.00032,3.46e-05,0.0,0.9,0.68,390.1069787
0.00032,3.46e-05,0.0,1.0,0.68,390.1119389
0.00033,1.73e-05,1e-05,0.0,0.67,300.002
0.00033,1.73e-05,1e-05,0.1,0.67,361.3412015
0.00033,1.73e-05,1e-05,0.2,0.67,380.9937663
0.00033,1.73e-05,1e-05,0.3,0.67,386.5810561
0.00033,1.73e-05,1e-05,0.4,0.67,388.8026438
0.00033,1.73e-05,1e-05,0.5,0.67,389.7746535
0.00033,1.73e-05,1e-05,0.6,0.67,390.0672594
0.00033,1.73e-05,1e-05,0.7,0.67,390.1066141
0.00033,1.73e-05,1e-05,0.8,0.67,390.0997523
0.00033,1.73e-05,1e-05,0.9,0.67,390.1047452
0.00033,1.73e-05,1e-05,1.0,0.67,390.1097054
0.00033,1.73e-05,0.0,0.0,0.67,300.002
0.00033,1.73e-05,0.0,0.1,0.67,361.3412015
0.00033,1.73e-05,0.0,0.2,0.67,380.9937663
0.00033,1.73e-05,0.0,0.3,0.67,386.5810561
0.00033,1.73e-05,0.0,0.4,0.67,388.8026438
0.00033,1.73e-05,0.0,0.5,0.67,389.7746535
0.00033,1.73e-05,0.0,0.6,0.67,390.0672594
0.00033,1.73e-05,0.0,0.7,0.67,390.1066141
0.00033,1.73e-05,0.0,0.8,0.67,390.0997523
0.00033,1.73e-05,0.0,0.9,0.67,390.1047452
0.00033,1.73e-05,0.0,1.0,0.67,390.1097054
0.00034,0.0,1e-05,0.0,0.66,300.0019999
0.00034,0.0,1e-05,0.1,0.66,361.3377624
0.00034,0.0,1e-05,0.2,0.66,380.9892441
0.00034,0.0,1e-05,0.3,0.66,386.5762258
0.00034,0.0,1e-05,0.4,0.66,388.7976912
0.00034,0.0,1e-05,0.5,0.66,389.7696474
0.00034,0.0,1e-05,0.6,0.66,390.0622372
0.00034,0.0,1e-05,0.7,0.66,390.1015897
0.00034,0.0,1e-05,0.8,0.66,390.0947283
0.00034,0.0,1e-05,0.9,0.66,390.0997209
0.00034,0.0,1e-05,1.0,0.66,390.1046808
0.00034,0.0,0.0,0.0,0.66,300.0019999
0.00034,0.0,0.0,0.1,0.66,361.3377624
0.00034,0.0,0.0,0.2,0.66,380.9892441
0.00034,0.0,0.0,0.3,0.66,386.5762258
0.00034,0.0,0.0,0.4,0.66,388.7976912
0.00034,0.0,0.0,0.5,0.66,389.7696474
0.00034,0.0,0.0,0.6,0.66,390.0622372
0.00034,0.0,0.0,0.7,0.66,390.1015897
0.00034,0.0,0.0,0.8,0.66,390.0947283
0.00034,0.0,0.0,0.9,0.66,390.0997209
0.00034,0.0,0.0,1.0,0.66,390.1046808
0.0003,0.0001,0.0,0.0,0.7,300.0019999
0.0003,0.0001,0.0,0.1,0.7,361.3336021
0.0003,0.0001,0.0,0.2,0.7,380.98367
0.0003,0.0001,0.0,0.3,0.7,386.5702506
0.0003,0.0001,0.0,0.4,0.7,388.7915554
0.0003,0.0001,0.0,0.5,0.7,389.7634415
0.0003,0.0001,0.0,0.6,0.7,390.0560102
0.0003,0.0001,0.0,0.7,0.7,390.09536
0.0003,0.0001,0.0,0.8,0.7,390.088499
0.0003,0.0001,0.0,0.9,0.7,390.0934913
0.0003,0.0001,0.0,1.0,0.7,390.0984508
0.0003,0.0001,1e-05,0.0,0.7,300.0019999
0.0003,0.0001,1e-05,0.1,0.7,361.3336021
0.0003,0.0001,1e-05,0.2,0.7,380.9836701
0.0003,0.0001,1e-05,0.3,0.7,386.5702506
0.0003,0.0001,1e-05,0.4,0.7,388.7915554
0.0003,0.0001,1e-05,0.5,0.7,389.7634415
0.0003,0.0001,1e-05,0.6,0.7,390.0560102
0.0003,0.0001,1e-05,0.7,0.7,390.09536
0.0003,0.0001,1e-05,0.8,0.7,390.088499
0.0003,0.0001,1e-05,0.9,0.7,390.0934913
0.0003,0.0001,1e-05,1.0,0.7,390.0984508
0.00031,8.27e-05,0.0,0.0,0.69,300.002
0.00031,8.27e-05,0.0,0.1,0.69,361.3391214
0.00031,8.27e-05,0.0,0.2,0.69,380.9909793
0.00031,8.27e-05,0.0,0.3,0.69,386.5780685
0.00031,8.27e-05,0.0,0.4,0.69,388.7995758
0.00031,8.27e-05,0.0,0.5,0.69,389.7715505
0.00031,8.27e-05,0.0,0.6,0.69,390.0641459
0.00031,8.27e-05,0.0,0.7,0.69,390.1034992
0.00031,8.27e-05,0.0,0.8,0.69,390.0966376
0.00031,8.27e-05,0.0,0.9,0.69,390.1016304
0.00031,8.27e-05,0.0,1.0,0.69,390.1065903
0.00031,8.27e-05,1e-05,0.0,0.69,300.002
0.00031,8.27e-05,1e-05,0.1,0.69,361.3391214
0.00031,8.27e-05,1e-05,0.2,0.69,380.9909793
0.00031,8.27e-05,1e-05,0.3,0.69,386.5780685
0.00031,8.27e-05,1e-05,0.4,0.69,388.7995758
0.00031,8.27e-05,1e-05,0.5,0.69,389.7715505
0.00031,8.27e-05,1e-05,0.6,0.69,390.0641459
0.00031,8.27e-05,1e-05,0.7,0.69,390.1034992
0.00031,8.27e-05,1e-05,0.8,0.69,390.0966376
0.00031,8.27e-05,1e-05,0.9,0.69,390.1016304
0.00031,8.27e-05,1e-05,1.0,0.69,390.1065904
0.00032,6.69e-05,1e-05,0.0,0.68,300.002
0.00032,6.69e-05,1e-05,0.1,0.68,361.3425861
0.00032,6.69e-05,1e-05,0.2,0.68,380.995575
0.00032,6.69e-05,1e-05,0.3,0.68,386.5829856
0.00032,6.69e-05,1e-05,0.4,0.68,388.804621
0.00032,6.69e-05,1e-05,0.5,0.68,389.7766516
0.00032,6.69e-05,1e-05,0.6,0.68,390.0692639
0.00032,6.69e-05,1e-05,0.7,0.68,390.1086195
0.00032,6.69e-05,1e-05,0.8,0.68,390.1017575
0.00032,6.69e-05,1e-05,0.9,0.68,390.1067505
0.00032,6.69e-05,1e-05,1.0,0.68,390.1117108
0.00032,6.69e-05,0.0,0.0,0.68,300.002
0.00032,6.69e-05,0.0,0.1,0.68,361.3425861
0.00032,6.69e-05,0.0,0.2,0.68,380.995575
0.00032,6.69e-05,0.0,0.3,0.68,386.5829856
0.00032,6.69e-05,0.0,0.4,0.68,388.804621
0.00032,6.69e-05,0.0,0.5,0.68,389.7766516
0.00032,6.69e-05,0.0,0.6,0.68,390.0692639
0.00032,6.69e-05,0.0,0.7,0.68,390.1086195
0.00032,6.69e-05,0.0,0.8,0.68,390.1017575
0.00032,6.69e-05,0.0,0.9,0.68,390.1067505
0.00032,6.69e-05,0.0,1.0,0.68,390.1117108
0.00033,5.1e-05,0.0,0.0,0.67,300.002
0.00033,5.1e-05,0.0,0.1,0.67,361.3444719
0.00033,5.1e-05,0.0,0.2,0.67,380.9980851
0.00033,5.1e-05,0.0,0.3,0.67,386.5856729
0.00033,5.1e-05,0.0,0.4,0.67,388.8073791
0.00033,5.1e-05,0.0,0.5,0.67,389.7794406
0.00033,5.1e-05,0.0,0.6,0.67,390.0720622
0.00033,5.1e-05,0.0,0.7,0.67,390.111419
0.00033,5.1e-05,0.0,0.8,0.67,390.1045568
0.00033,5.1e-05,0.0,0.9,0.67,390.10955
0.00033,5.1e-05,0.0,1.0,0.67,390.1145104
0.00033,5.1e-05,1e-05,0.0,0.67,300.002
0.00033,5.1e-05,1e-05,0.1,0.67,361.3444719
0.00033,5.1e-05,1e-05,0.2,0.67,380.9980851
0.00033,5.1e-05,1e-05,0.3,0.67,386.5856729
0.00033,5.1e-05,1e-05,0.4,0.67,388.8073791
0.00033,5.1e-05,1e-05,0.5,0.67,389.7794406
0.00033,5.1e-05,1e-05,0.6,0.67,390.0720622
0.00033,5.1e-05,1e-05,0.7,0.67,390.111419
0.00033,5.1e-05,1e-05,0.8,0.67,390.1045568
0.00033,5.1e-05,1e-05,0.9,0.67,390.10955
0.00033,5.1e-05,1e-05,1.0,0.67,390.1145104
0.00034,3.46e-05,1e-05,0.0,0.66,300.002
0.00034,3.46e-05,1e-05,0.1,0.66,361.3447041
0.00034,3.46e-05,1e-05,0.2,0.66,380.9984105
0.00034,3.46e-05,1e-05,0.3,0.66,386.5860247
0.00034,3.46e-05,1e-05,0.4,0.66,388.8077416
0.00034,3.46e-05,1e-05,0.5,0.66,389.7798078
0.00034,3.46e-05,1e-05,0.6,0.66,390.0724308
0.00034,3.46e-05,1e-05,0.7,0.66,390.1117877
0.00034,3.46e-05,1e-05,0.8,0.66,390.1049255
0.00034,3.46e-05,1e-05,0.9,0.66,390.1099187
0.00034,3.46e-05,1e-05,1.0,0.66,390.1148791
0.00034,3.46e-05,0.0,0.0,0.66,300.002
0.00034,3.46e-05,0.0,0.1,0.66,361.3447041
0.00034,3.46e-05,0.0,0.2,0.66,380.9984105
0.00034,3.46e-05,0.0,0.3,0.66,386.5860247
0.00034,3.46e-05,0.0,0.4,0.66,388.8077416
0.00034,3.46e-05,0.0,0.5,0.66,389.7798078
0.00034,3.46e-05,0.0,0.6,0.66,390.0724308
0.00034,3.46e-05,0.0,0.7,0.66,390.1117877
0.00034,3.46e-05,0.0,0.8,0.66,390.1049255
0.00034,3.46e-05,0.0,0.9,0.66,390.1099187
0.00034,3.46e-05,0.0,1.0,0.66,390.1148791
0.00035,1.73e-05,1e-05,0.0,0.65,300.002
0.00035,1.73e-05,1e-05,0.1,0.65,361.343047
0.00035,1.73e-05,1e-05,0.2,0.65,380.9962403
0.00035,1.73e-05,1e-05,0.3,0.65,386.5837083
0.00035,1.73e-05,1e-05,0.4,0.65,388.8053675
0.00035,1.73e-05,1e-05,0.5,0.65,389.7774083
0.00035,1.73e-05,1e-05,0.6,0.65,390.0700236
0.00035,1.73e-05,1e-05,0.7,0.65,390.1093795
0.00035,1.73e-05,1e-05,0.8,0.65,390.1025175
0.00035,1.73e-05,1e-05,0.9,0.65,390.1075106
0.00035,1.73e-05,1e-05,1.0,0.65,390.1124709
0.00035,1.73e-05,0.0,0.0,0.65,300.002
0.00035,1.73e-05,0.0,0.1,0.65,361.343047
0.00035,1.73e-05,0.0,0.2,0.65,380.9962403
0.00035,1.73e-05,0.0,0.3,0.65,386.5837083
0.00035,1.73e-05,0.0,0.4,0.65,388.8053674
0.00035,1.73e-05,0.0,0.5,0.65,389.7774083
0.00035,1.73e-05,0.0,0.6,0.65,390.0700236
0.00035,1.73e-05,0.0,0.7,0.65,390.1093795
0.00035,1.73e-05,0.0,0.8,0.65,390.1025175
0.00035,1.73e-05,0.0,0.9,0.65,390.1075106
0.00035,1.73e-05,0.0,1.0,0.65,390.1124709
0.00036,0.0,1e-05,0.0,0.64,300.0019999
0.00036,0.0,1e-05,0.1,0.64,361.339491
0.00036,0.0,1e-05,0.2,0.64,380.9915618
0.00036,0.0,1e-05,0.3,0.64,386.5787105
0.00036,0.0,1e-05,0.4,0.64,388.800243
0.00036,0.0,1e-05,0.5,0.64,389.7722283
0.00036,0.0,1e-05,0.6,0.64,390.0648269
0.00036,0.0,1e-05,0.7,0.64,390.1041806
0.00036,0.0,1e-05,0.8,0.64,390.097319
0.00036,0.0,1e-05,0.9,0.64,390.1023117
0.00036,0.0,1e-05,1.0,0.64,390.1072717
0.00036,0.0,0.0,0.0,0.64,300.0019999
0.00036,0.0,0.0,0.1,0.64,361.339491
0.00036,0.0,0.0,0.2,0.64,380.9915618
0.00036,0.0,0.0,0.3,0.64,386.5787105
0.00036,0.0,0.0,0.4,0.64,388.800243
0.00036,0.0,0.0,0.5,0.64,389.7722283
0.00036,0.0,0.0,0.6,0.64,390.0648269
0.00036,0.0,0.0,0.7,0.64,390.1041806
0.00036,0.0,0.0,0.8,0.64,390.097319
0.00036,0.0,0.0,0.9,0.64,390.1023118
0.00036,0.0,0.0,1.0,0.64,390.1072718
0.00032,0.0001,0.0,0.0,0.68,300.0019999
0.00032,0.0001,0.0,0.1,0.68,361.3357999
0.00032,0.0001,0.0,0.2,0.68,380.986614
0.00032,0.0001,0.0,0.3,0.68,386.5734063
0.00032,0.0001,0.0,0.4,0.68,388.7947958
0.00032,0.0001,0.0,0.5,0.68,389.7667189
0.00032,0.0001,0.0,0.6,0.68,390.0592988
0.00032,0.0001,0.0,0.7,0.68,390.09865
0.00032,0.0001,0.0,0.8,0.68,390.0917887
0.00032,0.0001,0.0,0.9,0.68,390.0967812
0.00032,0.0001,0.0,1.0,0.68,390.1017409
0.00032,9.31e-05,5e-06,0.0,0.68,300.002
0.00032,9.31e-05,5e-06,0.1,0.68,361.3385439
0.00032,9.31e-05,5e-06,0.2,0.68,380.9902373
0.00032,9.31e-05,5e-06,0.3,0.68,386.5772795
0.00032,9.31e-05,5e-06,0.4,0.68,388.7987684
0.00032,9.31e-05,5e-06,0.5,0.68,389.770735
0.00032,9.31e-05,5e-06,0.6,0.68,390.063328
0.00032,9.31e-05,5e-06,0.7,0.68,390.1026809
0.00032,9.31e-05,5e-06,0.8,0.68,390.0958194
0.00032,9.31e-05,5e-06,0.9,0.68,390.1008121
0.00032,9.31e-05,5e-06,1.0,0.68,390.105772
0.00032,0.0001,1e-05,0.0,0.68,300.0019999
0.00032,0.0001,1e-05,0.1,0.68,361.3357999
0.00032,0.0001,1e-05,0.2,0.68,380.986614
0.00032,0.0001,1e-05,0.3,0.68,386.5734062
0.00032,0.0001,1e-05,0.4,0.68,388.7947958
0.00032,0.0001,1e-05,0.5,0.68,389.7667188
0.00032,0.0001,1e-05,0.6,0.68,390.0592987
0.00032,0.0001,1e-05,0.7,0.68,390.09865
0.00032,0.0001,1e-05,0.8,0.68,390.0917887
0.00032,0.0001,1e-05,0.9,0.68,390.0967812
0.00032,0.0001,1e-05,1.0,0.68,390.1017409
0.00033,8.27e-05,1e-05,0.0,0.67,300.002
0.00033,8.27e-05,1e-05,0.1,0.67,361.3412015
0.00033,8.27e-05,1e-05,0.2,0.67,380.9937663
0.00033,8.27e-05,1e-05,0.3,0.67,386.5810561
0.00033,8.27e-05,1e-05,0.4,0.67,388.8026438
0.00033,8.27e-05,1e-05,0.5,0.67,389.7746535
0.00033,8.27e-05,1e-05,0.6,0.67,390.0672594
0.00033,8.27e-05,1e-05,0.7,0.67,390.1066141
0.00033,8.27e-05,1e-05,0.8,0.67,390.0997523
0.00033,8.27e-05,1e-05,0.9,0.67,390.1047452
0.00033,8.27e-05,1e-05,1.0,0.67,390.1097054
0.00033,8.27e-05,0.0,0.0,0.67,300.002
0.00033,8.27e-05,0.0,0.1,0.67,361.3412015
0.00033,8.27e-05,0.0,0.2,0.67,380.9937663
0.00033,8.27e-05,0.0,0.3,0.67,386.5810561
0.00033,8.27e-05,0.0,0.4,0.67,388.8026438
0.00033,8.27e-05,0.0,0.5,0.67,389.7746535
0.00033,8.27e-05,0.0,0.6,0.67,390.0672594
0.00033,8.27e-05,0.0,0.7,0.67,390.1066141
0.00033,8.27e-05,0.0,0.8,0.67,390.0997523
0.00033,8.27e-05,0.0,0.9,0.67,390.1047452
0.00033,8.27e-05,0.0,1.0,0.67,390.1097054
0.00034,0.0001,0.0,0.0,0.66,300.0019999
0.00034,0.0001,0.0,0.1,0.66,361.3377624
0.00034,0.0001,0.0,0.2,0.66,380.9892441
0.00034,0.0001,0.0,0.3,0.66,386.5762258
0.00034,0.0001,0.0,0.4,0.66,388.7976912
0.00034,0.0001,0.0,0.5,0.66,389.7696474
0.00034,0.0001,0.0,0.6,0.66,390.0622372
0.00034,0.0001,0.0,0.7,0.66,390.1015897
0.00034,0.0001,0.0,0.8,0.66,390.0947283
0.00034,0.0001,0.0,0.9,0.66,390.0997209
0.00034,0.0001,0.0,1.0,0.66,390.1046808
0.00034,6.69e-05,1e-05,0.0,0.66,300.002
0.00034,6.69e-05,1e-05,0.1,0.66,361.3445488
0.00034,6.69e-05,1e-05,0.2,0.66,380.9982055
0.00034,6.69e-05,1e-05,0.3,0.66,386.5858055
0.00034,6.69e-05,1e-05,0.4,0.66,388.8075168
0.00034,6.69e-05,1e-05,0.5,0.66,389.7795805
0.00034,6.69e-05,1e-05,0.6,0.66,390.0722027
0.00034,6.69e-05,1e-05,0.7,0.66,390.1115596
0.00034,6.69e-05,1e-05,0.8,0.66,390.1046974
0.00034,6.69e-05,1e-05,0.9,0.66,390.1096906
0.00034,6.69e-05,1e-05,1.0,0.66,390.114651
0.00034,6.69e-05,0.0,0.0,0.66,300.002
0.00034,6.69e-05,0.0,0.1,0.66,361.3445488
0.00034,6.69e-05,0.0,0.2,0.66,380.9982055
0.00034,6.69e-05,0.0,0.3,0.66,386.5858055
0.00034,6.69e-05,0.0,0.4,0.66,388.8075168
0.00034,6.69e-05,0.0,0.5,0.66,389.7795805
0.00034,6.69e-05,0.0,0.6,0.66,390.0722027
0.00034,6.69e-05,0.0,0.7,0.66,390.1115596
0.00034,6.69e-05,0.0,0.8,0.66,390.1046974
0.00034,6.69e-05,0.0,0.9,0.66,390.1096906
0.00034,6.69e-05,0.0,1.0,0.66,390.114651
0.00035,5.1e-05,0.0,0.0,0.65,300.002
0.00035,5.1e-05,0.0,0.1,0.65,361.3463175
0.00035,5.1e-05,0.0,0.2,0.65,381.0005591
0.00035,5.1e-05,0.0,0.3,0.65,386.5883252
0.00035,5.1e-05,0.0,0.4,0.65,388.8101029
0.00035,5.1e-05,0.0,0.5,0.65,389.7821955
0.00035,5.1e-05,0.0,0.6,0.65,390.0748265
0.00035,5.1e-05,0.0,0.7,0.65,390.1141845
0.00035,5.1e-05,0.0,0.8,0.65,390.1073221
0.00035,5.1e-05,0.0,0.9,0.65,390.1123155
0.00035,5.1e-05,0.0,1.0,0.65,390.117276
0.00035,5.1e-05,1e-05,0.0,0.65,300.002
0.00035,5.1e-05,1e-05,0.1,0.65,361.3463175
0.00035,5.1e-05,1e-05,0.2,0.65,381.0005591
0.00035,5.1e-05,1e-05,0.3,0.65,386.5883252
0.00035,5.1e-05,1e-05,0.4,0.65,388.8101029
0.00035,5.1e-05,1e-05,0.5,0.65,389.7821955
0.00035,5.1e-05,1e-05,0.6,0.65,390.0748265
0.00035,5.1e-05,1e-05,0.7,0.65,390.1141845
0.00035,5.1e-05,1e-05,0.8,0.65,390.1073221
0.00035,5.1e-05,1e-05,0.9,0.65,390.1123155
0.00035,5.1e-05,1e-05,1.0,0.65,390.117276
0.00036,3.44e-05,5e-06,0.0,0.64,300.002
0.00036,3.44e-05,5e-06,0.1,0.64,361.3471742
0.00036,3.44e-05,5e-06,0.2,0.64,381.0017072
0.00036,3.44e-05,5e-06,0.3,0.64,386.589556
0.00036,3.44e-05,5e-06,0.4,0.64,388.8113668
0.00036,3.44e-05,5e-06,0.5,0.64,389.7834739
0.00036,3.44e-05,5e-06,0.6,0.64,390.0761092
0.00036,3.44e-05,5e-06,0.7,0.64,390.1154678
0.00036,3.44e-05,5e-06,0.8,0.64,390.1086053
0.00036,3.44e-05,5e-06,0.9,0.64,390.1135987
0.00036,3.44e-05,5e-06,1.0,0.64,390.1185593
0.00036,3.46e-05,1e-05,0.0,0.64,300.002
0.00036,3.46e-05,1e-05,0.1,0.64,361.3464329
0.00036,3.46e-05,1e-05,0.2,0.64,381.0007285
0.00036,3.46e-05,1e-05,0.3,0.64,386.5885097
0.00036,3.46e-05,1e-05,0.4,0.64,388.8102937
0.00036,3.46e-05,1e-05,0.5,0.64,389.782389
0.00036,3.46e-05,1e-05,0.6,0.64,390.0750208
0.00036,3.46e-05,1e-05,0.7,0.64,390.1143789
0.00036,3.46e-05,1e-05,0.8,0.64,390.1075165
0.00036,3.46e-05,1e-05,0.9,0.64,390.1125098
0.00036,3.46e-05,1e-05,1.0,0.64,390.1174704
0.00036,3.46e-05,0.0,0.0,0.64,300.002
0.00036,3.46e-05,0.0,0.1,0.64,361.3464329
0.00036,3.46e-05,0.0,0.2,0.64,381.0007285
0.00036,3.46e-05,0.0,0.3,0.64,386.5885097
0.00036,3.46e-05,0.0,0.4,0.64,388.8102937
0.00036,3.46e-05,0.0,0.5,0.64,389.782389
0.00036,3.46e-05,0.0,0.6,0.64,390.0750208
0.00036,3.46e-05,0.0,0.7,0.64,390.1143789
0.00036,3.46e-05,0.0,0.8,0.64,390.1075165
0.00036,3.46e-05,0.0,0.9,0.64,390.1125098
0.00036,3.46e-05,0.0,1.0,0.64,390.1174704
0.00037,1.73e-05,0.0,0.0,0.63,300.002
0.00037,1.73e-05,0.0,0.1,0.63,361.3446592
0.00037,1.73e-05,0.0,0.2,0.63,380.9984023
0.00037,1.73e-05,0.0,0.3,0.63,386.5860263
0.00037,1.73e-05,0.0,0.4,0.63,388.807748
0.00037,1.73e-05,0.0,0.5,0.63,389.779816
0.00037,1.73e-05,0.0,0.6,0.63,390.0724396
0.00037,1.73e-05,0.0,0.7,0.63,390.1117966
0.00037,1.73e-05,0.0,0.8,0.63,390.1049343
0.00037,1.73e-05,0.0,0.9,0.63,390.1099276
0.00037,1.73e-05,0.0,1.0,0.63,390.114888
0.00037,1.73e-05,1e-05,0.0,0.63,300.002
0.00037,1.73e-05,1e-05,0.1,0.63,361.3446592
0.00037,1.73e-05,1e-05,0.2,0.63,380.9984023
0.00037,1.73e-05,1e-05,0.3,0.63,386.5860263
0.00037,1.73e-05,1e-05,0.4,0.63,388.807748
0.00037,1.73e-05,1e-05,0.5,0.63,389.779816
0.00037,1.73e-05,1e-05,0.6,0.63,390.0724396
0.00037,1.73e-05,1e-05,0.7,0.63,390.1117966
0.00037,1.73e-05,1e-05,0.8,0.63,390.1049343
0.00037,1.73e-05,1e-05,0.9,0.63,390.1099275
0.00037,1.73e-05,1e-05,1.0,0.63,390.114888
0.00037,1.04e-05,5e-06,0.0,0.63,300.002
0.00037,1.04e-05,5e-06,0.1,0.63,361.3438904
0.00037,1.04e-05,5e-06,0.2,0.63,380.9973871
0.00037,1.04e-05,5e-06,0.3,0.63,386.584941
0.00037,1.04e-05,5e-06,0.4,0.63,388.8066348
0.00037,1.04e-05,5e-06,0.5,0.63,389.7786907
0.00037,1.04e-05,5e-06,0.6,0.63,390.0713106
0.00037,1.04e-05,5e-06,0.7,0.63,390.1106671
0.00037,1.04e-05,5e-06,0.8,0.63,390.1038049
0.00037,1.04e-05,5e-06,0.9,0.63,390.1087981
0.00037,1.04e-05,5e-06,1.0,0.63,390.1137584
0.00038,0.0,1e-05,0.0,0.62,300.0019999
0.00038,0.0,1e-05,0.1,0.62,361.3409868
0.00038,0.0,1e-05,0.2,0.62,380.9935681
0.00038,0.0,1e-05,0.3,0.62,386.5808617
0.00038,0.0,1e-05,0.4,0.62,388.8024522
0.00038,0.0,1e-05,0.5,0.62,389.7744628
0.00038,0.0,1e-05,0.6,0.62,390.0670691
0.00038,0.0,1e-05,0.7,0.62,390.1064237
0.00038,0.0,1e-05,0.8,0.62,390.0995619
0.00038,0.0,1e-05,0.9,0.62,390.1045548
0.00038,0.0,1e-05,1.0,0.62,390.109515
0.00038,0.0,0.0,0.0,0.62,300.0019999
0.00038,0.0,0.0,0.1,0.62,361.3409867
0.00038,0.0,0.0,0.2,0.62,380.9935681
0.00038,0.0,0.0,0.3,0.62,386.5808617
0.00038,0.0,0.0,0.4,0.62,388.8024522
0.00038,0.0,0.0,0.5,0.62,389.7744628
0.00038,0.0,0.0,0.6,0.62,390.0670691
0.00038,0.0,0.0,0.7,0.62,390.1064237
0.00038,0.0,0.0,0.8,0.62,390.0995619
0.00038,0.0,0.0,0.9,0.62,390.1045548
0.00038,0.0,0.0,1.0,0.62,390.109515
0.00034,0.0001,1e-05,0.0,0.66,300.0019999
0.00034,0.0001,1e-05,0.1,0.66,361.3377624
0.00034,0.0001,1e-05,0.2,0.66,380.9892441
0.00034,0.0001,1e-05,0.3,0.66,386.5762258
0.00034,0.0001,1e-05,0.4,0.66,388.7976912
0.00034,0.0001,1e-05,0.5,0.66,389.7696473
0.00034,0.0001,1e-05,0.6,0.66,390.0622372
0.00034,0.0001,1e-05,0.7,0.66,390.1015897
0.00034,0.0001,1e-05,0.8,0.66,390.0947283
0.00034,0.0001,1e-05,0.9,0.66,390.0997209
0.00034,0.0001,1e-05,1.0,0.66,390.1046808
0.00035,8.27e-05,1e-05,0.0,0.65,300.002
0.00035,8.27e-05,1e-05,0.1,0.65,361.343047
0.00035,8.27e-05,1e-05,0.2,0.65,380.9962403
0.00035,8.27e-05,1e-05,0.3,0.65,386.5837083
0.00035,8.27e-05,1e-05,0.4,0.65,388.8053674
0.00035,8.27e-05,1e-05,0.5,0.65,389.7774083
0.00035,8.27e-05,1e-05,0.6,0.65,390.0700236
0.00035,8.27e-05,1e-05,0.7,0.65,390.1093795
0.00035,8.27e-05,1e-05,0.8,0.65,390.1025175
0.00035,8.27e-05,1e-05,0.9,0.65,390.1075106
0.00035,8.27e-05,1e-05,1.0,0.65,390.1124708
0.00035,8.27e-05,0.0,0.0,0.65,300.002
0.00035,8.27e-05,0.0,0.1,0.65,361.343047
0.00035,8.27e-05,0.0,0.2,0.65,380.9962403
0.00035,8.27e-05,0.0,0.3,0.65,386.5837083
0.00035,8.27e-05,0.0,0.4,0.65,388.8053675
0.00035,8.27e-05,0.0,0.5,0.65,389.7774083
0.00035,8.27e-05,0.0,0.6,0.65,390.0700236
0.00035,8.27e-05,0.0,0.7,0.65,390.1093795
0.00035,8.27e-05,0.0,0.8,0.65,390.1025175
0.00035,8.27e-05,0.0,0.9,0.65,390.1075106
0.00035,8.27e-05,0.0,1.0,0.65,390.1124709
0.000355,7.48e-05,5e-06,0.0,0.645,300.002
0.000355,7.48e-05,5e-06,0.1,0.645,361.3456266
0.000355,7.48e-05,5e-06,0.2,0.645,380.9996552
0.000355,7.48e-05,5e-06,0.3,0.645,386.5873606
0.000355,7.48e-05,5e-06,0.4,0.645,388.8091143
0.000355,7.48e-05,5e-06,0.5,0.645,389.7811964
0.000355,7.48e-05,5e-06,0.6,0.645,390.0738242
0.000355,7.48e-05,5e-06,0.7,0.645,390.1131818
0.000355,7.48e-05,5e-06,0.8,0.645,390.1063195
0.000355,7.48e-05,5e-06,0.9,0.645,390.1113128
0.000355,7.48e-05,5e-06,1.0,0.645,390.1162733
0.00036,0.0001,0.0,0.0,0.64,300.0019999
0.00036,0.0001,0.0,0.1,0.64,361.339491
0.00036,0.0001,0.0,0.2,0.64,380.9915618
0.00036,0.0001,0.0,0.3,0.64,386.5787105
0.00036,0.0001,0.0,0.4,0.64,388.800243
0.00036,0.0001,0.0,0.5,0.64,389.7722283
0.00036,0.0001,0.0,0.6,0.64,390.0648269
0.00036,0.0001,0.0,0.7,0.64,390.1041806
0.00036,0.0001,0.0,0.8,0.64,390.0973189
0.00036,0.0001,0.0,0.9,0.64,390.1023117
0.00036,0.0001,0.0,1.0,0.64,390.1072717
0.00036,6.69e-05,1e-05,0.0,0.64,300.002
0.00036,6.69e-05,1e-05,0.1,0.64,361.3462776
0.00036,6.69e-05,1e-05,0.2,0.64,381.0005234
0.00036,6.69e-05,1e-05,0.3,0.64,386.5882905
0.00036,6.69e-05,1e-05,0.4,0.64,388.8100688
0.00036,6.69e-05,1e-05,0.5,0.64,389.7821617
0.00036,6.69e-05,1e-05,0.6,0.64,390.0747927
0.00036,6.69e-05,1e-05,0.7,0.64,390.1141507
0.00036,6.69e-05,1e-05,0.8,0.64,390.1072883
0.00036,6.69e-05,1e-05,0.9,0.64,390.1122817
0.00036,6.69e-05,1e-05,1.0,0.64,390.1172422
0.00036,6.69e-05,0.0,0.0,0.64,300.002
0.00036,6.69e-05,0.0,0.1,0.64,361.3462776
0.00036,6.69e-05,0.0,0.2,0.64,381.0005234
0.00036,6.69e-05,0.0,0.3,0.64,386.5882905
0.00036,6.69e-05,0.0,0.4,0.64,388.8100688
0.00036,6.69e-05,0.0,0.5,0.64,389.7821617
0.00036,6.69e-05,0.0,0.6,0.64,390.0747927
0.00036,6.69e-05,0.0,0.7,0.64,390.1141507
0.00036,6.69e-05,0.0,0.8,0.64,390.1072883
0.00036,6.69e-05,0.0,0.9,0.64,390.1122817
0.00036,6.69e-05,0.0,1.0,0.64,390.1172422
0.00037,5.1e-05,0.0,0.0,0.63,300.002
0.00037,5.1e-05,0.0,0.1,0.63,361.3479298
0.00037,5.1e-05,0.0,0.2,0.63,381.0027213
0.00037,5.1e-05,0.0,0.3,0.63,386.5906434
0.00037,5.1e-05,0.0,0.4,0.63,388.8124835
0.00037,5.1e-05,0.0,0.5,0.63,389.7846034
0.00037,5.1e-05,0.0,0.6,0.63,390.0772426
0.00037,5.1e-05,0.0,0.7,0.63,390.1166017
0.00037,5.1e-05,0.0,0.8,0.63,390.1097391
0.00037,5.1e-05,0.0,0.9,0.63,390.1147326
0.00037,5.1e-05,0.0,1.0,0.63,390.1196933
0.00037,5.1e-05,1e-05,0.0,0.63,300.002
0.00037,5.1e-05,1e-05,0.1,0.63,361.3479298
0.00037,5.1e-05,1e-05,0.2,0.63,381.0027213
0.00037,5.1e-05,1e-05,0.3,0.63,386.5906434
0.00037,5.1e-05,1e-05,0.4,0.63,388.8124835
0.00037,5.1e-05,1e-05,0.5,0.63,389.7846034
0.00037,5.1e-05,1e-05,0.6,0.63,390.0772426
0.00037,5.1e-05,1e-05,0.7,0.63,390.1166017
0.00037,5.1e-05,1e-05,0.8,0.63,390.1097391
0.00037,5.1e-05,1e-05,0.9,0.63,390.1147326
0.00037,5.1e-05,1e-05,1.0,0.63,390.1196933
0.00038,3.46e-05,1e-05,0.0,0.62,300.002
0.00038,3.46e-05,1e-05,0.1,0.62,361.3479289
0.00038,3.46e-05,1e-05,0.2,0.62,381.0027351
0.00038,3.46e-05,1e-05,0.3,0.62,386.5906611
0.00038,3.46e-05,1e-05,0.4,0.62,388.8125032
0.00038,3.46e-05,1e-05,0.5,0.62,389.7846238
0.00038,3.46e-05,1e-05,0.6,0.62,390.0772632
0.00038,3.46e-05,1e-05,0.7,0.62,390.1166223
0.00038,3.46e-05,1e-05,0.8,0.62,390.1097597
0.00038,3.46e-05,1e-05,0.9,0.62,390.1147532
0.00038,3.46e-05,1e-05,1.0,0.62,390.1197139
0.00038,3.46e-05,0.0,0.0,0.62,300.002
0.00038,3.46e-05,0.0,0.1,0.62,361.3479289
0.00038,3.46e-05,0.0,0.2,0.62,381.0027351
0.00038,3.46e-05,0.0,0.3,0.62,386.5906611
0.00038,3.46e-05,0.0,0.4,0.62,388.8125032
0.00038,3.46e-05,0.0,0.5,0.62,389.7846238
0.00038,3.46e-05,0.0,0.6,0.62,390.0772632
0.00038,3.46e-05,0.0,0.7,0.62,390.1166223
0.00038,3.46e-05,0.0,0.8,0.62,390.1097597
0.00038,3.46e-05,0.0,0.9,0.62,390.1147532
0.00038,3.46e-05,0.0,1.0,0.62,390.1197139
0.00039,1.73e-05,0.0,0.0,0.61,300.002
0.00039,1.73e-05,0.0,0.1,0.61,361.3460391
0.00039,1.73e-05,0.0,0.2,0.61,381.0002535
0.00039,1.73e-05,0.0,0.3,0.61,386.5880112
0.00039,1.73e-05,0.0,0.4,0.61,388.8097865
0.00039,1.73e-05,0.0,0.5,0.61,389.7818779
0.00039,1.73e-05,0.0,0.6,0.61,390.0745084
0.00039,1.73e-05,0.0,0.7,0.61,390.1138663
0.00039,1.73e-05,0.0,0.8,0.61,390.107004
0.00039,1.73e-05,0.0,0.9,0.61,390.1119973
0.00039,1.73e-05,0.0,1.0,0.61,390.1169578
0.00039,1.73e-05,1e-05,0.0,0.61,300.002
0.00039,1.73e-05,1e-05,0.1,0.61,361.3460391
0.00039,1.73e-05,1e-05,0.2,0.61,381.0002535
0.00039,1.73e-05,1e-05,0.3,0.61,386.5880112
0.00039,1.73e-05,1e-05,0.4,0.61,388.8097865
0.00039,1.73e-05,1e-05,0.5,0.61,389.7818779
0.00039,1.73e-05,1e-05,0.6,0.61,390.0745084
0.00039,1.73e-05,1e-05,0.7,0.61,390.1138663
0.00039,1.73e-05,1e-05,0.8,0.61,390.107004
0.00039,1.73e-05,1e-05,0.9,0.61,390.1119973
0.00039,1.73e-05,1e-05,1.0,0.61,390.1169578
0.0004,0.0,1e-05,0.0,0.6,300.0019999
0.0004,0.0,1e-05,0.1,0.6,361.3422507
0.0004,0.0,1e-05,0.2,0.6,380.9952641
0.0004,0.0,1e-05,0.3,0.6,386.5826802
0.0004,0.0,1e-05,0.4,0.6,388.8043199
0.0004,0.0,1e-05,0.5,0.6,389.7763519
0.0004,0.0,1e-05,0.6,0.6,390.0689646
0.0004,0.0,1e-05,0.7,0.6,390.1083201
0.0004,0.0,1e-05,0.8,0.6,390.1014581
0.0004,0.0,1e-05,0.9,0.6,390.1064512
0.0004,0.0,1e-05,1.0,0.6,390.1114114
0.000405,8.66e-06,5e-06,0.0,0.595,300.002
0.000405,8.66e-06,5e-06,0.1,0.595,361.3457234
0.000405,8.66e-06,5e-06,0.2,0.595,380.9998555
0.000405,8.66e-06,5e-06,0.3,0.595,386.5875896
0.000405,8.66e-06,5e-06,0.4,0.595,388.8093558
0.000405,8.66e-06,5e-06,0.5,0.595,389.7814431
0.000405,8.66e-06,5e-06,0.6,0.595,390.0740725
0.000405,8.66e-06,5e-06,0.7,0.595,390.1134302
0.000405,8.66e-06,5e-06,0.8,0.595,390.1065679
0.000405,8.66e-06,5e-06,0.9,0.595,390.1115612
0.000405,8.66e-06,5e-06,1.0,0.595,390.1165217
0.0004,0.0,0.0,0.0,0.6,300.0019999
0.0004,0.0,0.0,0.1,0.6,361.3422508
0.0004,0.0,0.0,0.2,0.6,380.9952641
0.0004,0.0,0.0,0.3,0.6,386.5826802
0.0004,0.0,0.0,0.4,0.6,388.8043199
0.0004,0.0,0.0,0.5,0.6,389.7763519
0.0004,0.0,0.0,0.6,0.6,390.0689646
0.0004,0.0,0.0,0.7,0.6,390.1083201
0.0004,0.0,0.0,0.8,0.6,390.1014582
0.0004,0.0,0.0,0.9,0.6,390.1064512
0.0004,0.0,0.0,1.0,0.6,390.1114114
0.00036,0.0001,1e-05,0.0,0.64,300.0019999
0.00036,0.0001,1e-05,0.1,0.64,361.339491
0.00036,0.0001,1e-05,0.2,0.64,380.9915618
0.00036,0.0001,1e-05,0.3,0.64,386.5787105
0.00036,0.0001,1e-05,0.4,0.64,388.800243
0.00036,0.0001,1e-05,0.5,0.64,389.7722283
0.00036,0.0001,1e-05,0.6,0.64,390.0648269
0.00036,0.0001,1e-05,0.7,0.64,390.1041806
0.00036,0.0001,1e-05,0.8,0.64,390.097319
0.00036,0.0001,1e-05,0.9,0.64,390.1023117
0.00036,0.0001,1e-05,1.0,0.64,390.1072718
0.00037,8.27e-05,0.0,0.0,0.63,300.002
0.00037,8.27e-05,0.0,0.1,0.63,361.3446592
0.00037,8.27e-05,0.0,0.2,0.63,380.9984023
0.00037,8.27e-05,0.0,0.3,0.63,386.5860263
0.00037,8.27e-05,0.0,0.4,0.63,388.807748
0.00037,8.27e-05,0.0,0.5,0.63,389.779816
0.00037,8.27e-05,0.0,0.6,0.63,390.0724396
0.00037,8.27e-05,0.0,0.7,0.63,390.1117966
0.00037,8.27e-05,0.0,0.8,0.63,390.1049343
0.00037,8.27e-05,0.0,0.9,0.63,390.1099276
0.00037,8.27e-05,0.0,1.0,0.63,390.114888
0.00037,8.27e-05,1e-05,0.0,0.63,300.002
0.00037,8.27e-05,1e-05,0.1,0.63,361.3446592
0.00037,8.27e-05,1e-05,0.2,0.63,380.9984023
0.00037,8.27e-05,1e-05,0.3,0.63,386.5860263
0.00037,8.27e-05,1e-05,0.4,0.63,388.807748
0.00037,8.27e-05,1e-05,0.5,0.63,389.779816
0.00037,8.27e-05,1e-05,0.6,0.63,390.0724396
0.00037,8.27e-05,1e-05,0.7,0.63,390.1117966
0.00037,8.27e-05,1e-05,0.8,0.63,390.1049343
0.00037,8.27e-05,1e-05,0.9,0.63,390.1099276
0.00037,8.27e-05,1e-05,1.0,0.63,390.114888
0.00038,0.0001,0.0,0.0,0.62,300.0019999
0.00038,0.0001,0.0,0.1,0.62,361.3409868
0.00038,0.0001,0.0,0.2,0.62,380.9935681
0.00038,0.0001,0.0,0.3,0.62,386.5808617
0.00038,0.0001,0.0,0.4,0.62,388.8024522
0.00038,0.0001,0.0,0.5,0.62,389.7744628
0.00038,0.0001,0.0,0.6,0.62,390.0670691
0.00038,0.0001,0.0,0.7,0.62,390.1064237
0.00038,0.0001,0.0,0.8,0.62,390.0995619
0.00038,0.0001,0.0,0.9,0.62,390.1045548
0.00038,0.0001,0.0,1.0,0.62,390.109515
0.00038,6.69e-05,1e-05,0.0,0.62,300.002
0.00038,6.69e-05,1e-05,0.1,0.62,361.3477736
0.00038,6.69e-05,1e-05,0.2,0.62,381.00253
0.00038,6.69e-05,1e-05,0.3,0.62,386.5904419
0.00038,6.69e-05,1e-05,0.4,0.62,388.8122783
0.00038,6.69e-05,1e-05,0.5,0.62,389.7843965
0.00038,6.69e-05,1e-05,0.6,0.62,390.0770351
0.00038,6.69e-05,1e-05,0.7,0.62,390.1163941
0.00038,6.69e-05,1e-05,0.8,0.62,390.1095315
0.00038,6.69e-05,1e-05,0.9,0.62,390.114525
0.00038,6.69e-05,1e-05,1.0,0.62,390.1194857
0.00038,6.69e-05,0.0,0.0,0.62,300.002
0.00038,6.69e-05,0.0,0.1,0.62,361.3477736
0.00038,6.69e-05,0.0,0.2,0.62,381.00253
0.00038,6.69e-05,0.0,0.3,0.62,386.5904419
0.00038,6.69e-05,0.0,0.4,0.62,388.8122783
0.00038,6.69e-05,0.0,0.5,0.62,389.7843965
0.00038,6.69e-05,0.0,0.6,0.62,390.0770351
0.00038,6.69e-05,0.0,0.7,0.62,390.1163941
0.00038,6.69e-05,0.0,0.8,0.62,390.1095315
0.00038,6.69e-05,0.0,0.9,0.62,390.114525
0.00038,6.69e-05,0.0,1.0,0.62,390.1194857
0.00039,5.1e-05,0.0,0.0,0.61,300.002
0.00039,5.1e-05,0.0,0.1,0.61,361.3493097
0.00039,5.1e-05,0.0,0.2,0.61,381.0045726
0.00039,5.1e-05,0.0,0.3,0.61,386.5926283
0.00039,5.1e-05,0.0,0.4,0.61,388.8145221
0.00039,5.1e-05,0.0,0.5,0.61,389.7866654
0.00039,5.1e-05,0.0,0.6,0.61,390.0793116
0.00039,5.1e-05,0.0,0.7,0.61,390.1186716
0.00039,5.1e-05,0.0,0.8,0.61,390.1118088
0.00039,5.1e-05,0.0,0.9,0.61,390.1168024
0.00039,5.1e-05,0.0,1.0,0.61,390.1217632
0.00039,5.1e-05,1e-05,0.0,0.61,300.002
0.00039,5.1e-05,1e-05,0.1,0.61,361.3493097
0.00039,5.1e-05,1e-05,0.2,0.61,381.0045726
0.00039,5.1e-05,1e-05,0.3,0.61,386.5926283
0.00039,5.1e-05,1e-05,0.4,0.61,388.8145221
0.00039,5.1e-05,1e-05,0.5,0.61,389.7866654
0.00039,5.1e-05,1e-05,0.6,0.61,390.0793116
0.00039,5.1e-05,1e-05,0.7,0.61,390.1186716
0.00039,5.1e-05,1e-05,0.8,0.61,390.1118088
0.00039,5.1e-05,1e-05,0.9,0.61,390.1168024
0.00039,5.1e-05,1e-05,1.0,0.61,390.1217632
0.000395,5.9e-05,5e-06,0.0,0.605,300.002
0.000395,5.9e-05,5e-06,0.1,0.605,361.3501417
0.000395,5.9e-05,5e-06,0.2,0.605,381.0056777
0.000395,5.9e-05,5e-06,0.3,0.605,386.5938111
0.000395,5.9e-05,5e-06,0.4,0.605,388.8157358
0.000395,5.9e-05,5e-06,0.5,0.605,389.7878926
0.000395,5.9e-05,5e-06,0.6,0.605,390.0805428
0.000395,5.9e-05,5e-06,0.7,0.605,390.1199034
0.000395,5.9e-05,5e-06,0.8,0.605,390.1130405
0.000395,5.9e-05,5e-06,0.9,0.605,390.1180342
0.000395,5.9e-05,5e-06,1.0,0.605,390.1229951
0.0004,3.46e-05,1e-05,0.0,0.6,300.002
0.0004,3.46e-05,1e-05,0.1,0.6,361.349193
0.0004,3.46e-05,1e-05,0.2,0.6,381.0044313
0.0004,3.46e-05,1e-05,0.3,0.6,386.5924799
0.0004,3.46e-05,1e-05,0.4,0.6,388.8143711
0.0004,3.46e-05,1e-05,0.5,0.6,389.7865131
0.0004,3.46e-05,1e-05,0.6,0.6,390.0791589
0.0004,3.46e-05,1e-05,0.7,0.6,390.1185189
0.0004,3.46e-05,1e-05,0.8,0.6,390.1116561
0.0004,3.46e-05,1e-05,0.9,0.6,390.1166497
0.0004,3.46e-05,1e-05,1.0,0.6,390.1216105
0.0004,3.46e-05,0.0,0.0,0.6,300.002
0.0004,3.46e-05,0.0,0.1,0.6,361.349193
0.0004,3.46e-05,0.0,0.2,0.6,381.0044313
0.0004,3.46e-05,0.0,0.3,0.6,386.5924799
0.0004,3.46e-05,0.0,0.4,0.6,388.8143711
0.0004,3.46e-05,0.0,0.5,0.6,389.7865131
0.0004,3.46e-05,0.0,0.6,0.6,390.0791589
0.0004,3.46e-05,0.0,0.7,0.6,390.1185189
0.0004,3.46e-05,0.0,0.8,0.6,390.1116561
0.0004,3.46e-05,0.0,0.9,0.6,390.1166497
0.0004,3.46e-05,0.0,1.0,0.6,390.1216105
0.00041,1.73e-05,1e-05,0.0,0.59,300.002
0.00041,1.73e-05,1e-05,0.1,0.59,361.3471876
0.00041,1.73e-05,1e-05,0.2,0.59,381.0017948
0.00041,1.73e-05,1e-05,0.3,0.59,386.5896638
0.00041,1.73e-05,1e-05,0.4,0.59,388.8114838
0.00041,1.73e-05,1e-05,0.5,0.59,389.7835947
0.00041,1.73e-05,1e-05,0.6,0.59,390.0762311
0.00041,1.73e-05,1e-05,0.7,0.59,390.1155898
0.00041,1.73e-05,1e-05,0.8,0.59,390.1087273
0.00041,1.73e-05,1e-05,0.9,0.59,390.1137207
0.00041,1.73e-05,1e-05,1.0,0.59,390.1186813
0.00041,1.73e-05,0.0,0.0,0.59,300.002
0.00041,1.73e-05,0.0,0.1,0.59,361.3471876
0.00041,1.73e-05,0.0,0.2,0.59,381.0017948
0.00041,1.73e-05,0.0,0.3,0.59,386.5896638
0.00041,1.73e-05,0.0,0.4,0.59,388.8114838
0.00041,1.73e-05,0.0,0.5,0.59,389.7835947
0.00041,1.73e-05,0.0,0.6,0.59,390.0762311
0.00041,1.73e-05,0.0,0.7,0.59,390.1155898
0.00041,1.73e-05,0.0,0.8,0.59,390.1087273
0.00041,1.73e-05,0.0,0.9,0.59,390.1137207
0.00041,1.73e-05,0.0,1.0,0.59,390.1186813
0.00042,0.0,1e-05,0.0,0.58,300.0019999
0.00042,0.0,1e-05,0.1,0.58,361.3432838
0.00042,0.0,1e-05,0.2,0.58,380.9966506
0.00042,0.0,1e-05,0.3,0.58,386.584167
0.00042,0.0,1e-05,0.4,0.58,388.8058469
0.00042,0.0,1e-05,0.5,0.58,389.7778964
0.00042,0.0,1e-05,0.6,0.58,390.0705144
0.00042,0.0,1e-05,0.7,0.58,390.1098705
0.00042,0.0,1e-05,0.8,0.58,390.1030085
0.00042,0.0,1e-05,0.9,0.58,390.1080016
0.00042,0.0,1e-05,1.0,0.58,390.1129619
0.00042,0.0,0.0,0.0,0.58,300.0019999
0.00042,0.0,0.0,0.1,0.58,361.3432838
0.00042,0.0,0.0,0.2,0.58,380.9966506
0.00042,0.0,0.0,0.3,0.58,386.584167
0.00042,0.0,0.0,0.4,0.58,388.8058469
0.00042,0.0,0.0,0.5,0.58,389.7778964
0.00042,0.0,0.0,0.6,0.58,390.0705144
0.00042,0.0,0.0,0.7,0.58,390.1098705
0.00042,0.0,0.0,0.8,0.58,390.1030085
0.00042,0.0,0.0,0.9,0.58,390.1080016
0.00042,0.0,0.0,1.0,0.58,390.1129619
0.00038,0.0001,1e-05,0.0,0.62,300.0019999
0.00038,0.0001,1e-05,0.1,0.62,361.3409867
0.00038,0.0001,1e-05,0.2,0.62,380.9935681
0.00038,0.0001,1e-05,0.3,0.62,386.5808617
0.00038,0.0001,1e-05,0.4,0.62,388.8024522
0.00038,0.0001,1e-05,0.5,0.62,389.7744628
0.00038,0.0001,1e-05,0.6,0.62,390.0670691
0.00038,0.0001,1e-05,0.7,0.62,390.1064237
0.00038,0.0001,1e-05,0.8,0.62,390.0995619
0.00038,0.0001,1e-05,0.9,0.62,390.1045548
0.00038,0.0001,1e-05,1.0,0.62,390.109515
0.00039,8.31e-05,5e-06,0.0,0.61,300.002
0.00039,8.31e-05,5e-06,0.1,0.61,361.3467154
0.00039,8.31e-05,5e-06,0.2,0.61,381.0011465
0.00039,8.31e-05,5e-06,0.3,0.61,386.5889658
0.00039,8.31e-05,5e-06,0.4,0.61,388.8107656
0.00039,8.31e-05,5e-06,0.5,0.61,389.7828677
0.00039,8.31e-05,5e-06,0.6,0.61,390.0755015
0.00039,8.31e-05,5e-06,0.7,0.61,390.1148599
0.00039,8.31e-05,5e-06,0.8,0.61,390.1079974
0.00039,8.31e-05,5e-06,0.9,0.61,390.1129908
0.00039,8.31e-05,5e-06,1.0,0.61,390.1179514
0.00039,8.27e-05,0.0,0.0,0.61,300.002
0.00039,8.27e-05,0.0,0.1,0.61,361.3460391
0.00039,8.27e-05,0.0,0.2,0.61,381.0002535
0.00039,8.27e-05,0.0,0.3,0.61,386.5880112
0.00039,8.27e-05,0.0,0.4,0.61,388.8097865
0.00039,8.27e-05,0.0,0.5,0.61,389.7818779
0.00039,8.27e-05,0.0,0.6,0.61,390.0745084
0.00039,8.27e-05,0.0,0.7,0.61,390.1138663
0.00039,8.27e-05,0.0,0.8,0.61,390.107004
0.00039,8.27e-05,0.0,0.9,0.61,390.1119973
0.00039,8.27e-05,0.0,1.0,0.61,390.1169578
0.00039,8.27e-05,1e-05,0.0,0.61,300.002
0.00039,8.27e-05,1e-05,0.1,0.61,361.3460391
0.00039,8.27e-05,1e-05,0.2,0.61,381.0002535
0.00039,8.27e-05,1e-05,0.3,0.61,386.5880112
0.00039,8.27e-05,1e-05,0.4,0.61,388.8097865
0.00039,8.27e-05,1e-05,0.5,0.61,389.7818779
0.00039,8.27e-05,1e-05,0.6,0.61,390.0745084
0.00039,8.27e-05,1e-05,0.7,0.61,390.1138663
0.00039,8.27e-05,1e-05,0.8,0.61,390.107004
0.00039,8.27e-05,1e-05,0.9,0.61,390.1119973
0.00039,8.27e-05,1e-05,1.0,0.61,390.1169578
0.0004,0.0001,0.0,0.0,0.6,300.0019999
0.0004,0.0001,0.0,0.1,0.6,361.3422507
0.0004,0.0001,0.0,0.2,0.6,380.9952641
0.0004,0.0001,0.0,0.3,0.6,386.5826802
0.0004,0.0001,0.0,0.4,0.6,388.8043199
0.0004,0.0001,0.0,0.5,0.6,389.7763519
0.0004,0.0001,0.0,0.6,0.6,390.0689646
0.0004,0.0001,0.0,0.7,0.6,390.1083201
0.0004,0.0001,0.0,0.8,0.6,390.1014581
0.0004,0.0001,0.0,0.9,0.6,390.1064512
0.0004,0.0001,0.0,1.0,0.6,390.1114114
0.0004,6.69e-05,1e-05,0.0,0.6,300.002
0.0004,6.69e-05,1e-05,0.1,0.6,361.3490377
0.0004,6.69e-05,1e-05,0.2,0.6,381.0042262
0.0004,6.69e-05,1e-05,0.3,0.6,386.5922606
0.0004,6.69e-05,1e-05,0.4,0.6,388.8141462
0.0004,6.69e-05,1e-05,0.5,0.6,389.7862858
0.0004,6.69e-05,1e-05,0.6,0.6,390.0789308
0.0004,6.69e-05,1e-05,0.7,0.6,390.1182907
0.0004,6.69e-05,1e-05,0.8,0.6,390.111428
0.0004,6.69e-05,1e-05,0.9,0.6,390.1164216
0.0004,6.69e-05,1e-05,1.0,0.6,390.1213823
0.0004,6.69e-05,0.0,0.0,0.6,300.002
0.0004,6.69e-05,0.0,0.1,0.6,361.3490377
0.0004,6.69e-05,0.0,0.2,0.6,381.0042262
0.0004,6.69e-05,0.0,0.3,0.6,386.5922606
0.0004,6.69e-05,0.0,0.4,0.6,388.8141462
0.0004,6.69e-05,0.0,0.5,0.6,389.7862858
0.0004,6.69e-05,0.0,0.6,0.6,390.0789308
0.0004,6.69e-05,0.0,0.7,0.6,390.1182907
0.0004,6.69e-05,0.0,0.8,0.6,390.111428
0.0004,6.69e-05,0.0,0.9,0.6,390.1164216
0.0004,6.69e-05,0.0,1.0,0.6,390.1213823
0.00041,5.1e-05,0.0,0.0,0.59,300.002
0.00041,5.1e-05,0.0,0.1,0.59,361.3504583
0.00041,5.1e-05,0.0,0.2,0.59,381.0061139
0.00041,5.1e-05,0.0,0.3,0.59,386.5942811
0.00041,5.1e-05,0.0,0.4,0.59,388.8162196
0.00041,5.1e-05,0.0,0.5,0.59,389.7883823
0.00041,5.1e-05,0.0,0.6,0.59,390.0810343
0.00041,5.1e-05,0.0,0.7,0.59,390.1203951
0.00041,5.1e-05,0.0,0.8,0.59,390.1135322
0.00041,5.1e-05,0.0,0.9,0.59,390.1185259
0.00041,5.1e-05,0.0,1.0,0.59,390.1234868
0.00041,5.1e-05,1e-05,0.0,0.59,300.002
0.00041,5.1e-05,1e-05,0.1,0.59,361.3504583
0.00041,5.1e-05,1e-05,0.2,0.59,381.0061139
0.00041,5.1e-05,1e-05,0.3,0.59,386.5942811
0.00041,5.1e-05,1e-05,0.4,0.59,388.8162196
0.00041,5.1e-05,1e-05,0.5,0.59,389.7883823
0.00041,5.1e-05,1e-05,0.6,0.59,390.0810343
0.00041,5.1e-05,1e-05,0.7,0.59,390.1203951
0.00041,5.1e-05,1e-05,0.8,0.59,390.1135322
0.00041,5.1e-05,1e-05,0.9,0.59,390.1185259
0.00041,5.1e-05,1e-05,1.0,0.59,390.1234868
0.00042,3.46e-05,1e-05,0.0,0.58,300.002
0.00042,3.46e-05,1e-05,0.1,0.58,361.3502262
0.00042,3.46e-05,1e-05,0.2,0.58,381.0058179
0.00042,3.46e-05,1e-05,0.3,0.58,386.5939668
0.00042,3.46e-05,1e-05,0.4,0.58,388.8158982
0.00042,3.46e-05,1e-05,0.5,0.58,389.7880578
0.00042,3.46e-05,1e-05,0.6,0.58,390.0807089
0.00042,3.46e-05,1e-05,0.7,0.58,390.1200695
0.00042,3.46e-05,1e-05,0.8,0.58,390.1132066
0.00042,3.46e-05,1e-05,0.9,0.58,390.1182003
0.00042,3.46e-05,1e-05,1.0,0.58,390.1231612
0.00042,3.46e-05,0.0,0.0,0.58,300.002
0.00042,3.46e-05,0.0,0.1,0.58,361.3502262
0.00042,3.46e-05,0.0,0.2,0.58,381.0058179
0.00042,3.46e-05,0.0,0.3,0.58,386.5939668
0.00042,3.46e-05,0.0,0.4,0.58,388.8158982
0.00042,3.46e-05,0.0,0.5,0.58,389.7880578
0.00042,3.46e-05,0.0,0.6,0.58,390.0807089
0.00042,3.46e-05,0.0,0.7,0.58,390.1200695
0.00042,3.46e-05,0.0,0.8,0.58,390.1132066
0.00042,3.46e-05,0.0,0.9,0.58,390.1182003
0.00042,3.46e-05,0.0,1.0,0.58,390.1231612
0.00043,1.73e-05,1e-05,0.0,0.57,300.002
0.00043,1.73e-05,1e-05,0.1,0.57,361.3481055
0.00043,1.73e-05,1e-05,0.2,0.57,381.0030269
0.00043,1.73e-05,1e-05,0.3,0.57,386.5909851
0.00043,1.73e-05,1e-05,0.4,0.57,388.8128408
0.00043,1.73e-05,1e-05,0.5,0.57,389.7849672
0.00043,1.73e-05,1e-05,0.6,0.57,390.0776083
0.00043,1.73e-05,1e-05,0.7,0.57,390.1169676
0.00043,1.73e-05,1e-05,0.8,0.57,390.110105
0.00043,1.73e-05,1e-05,0.9,0.57,390.1150985
0.00043,1.73e-05,1e-05,1.0,0.57,390.1200592
0.00043,1.73e-05,0.0,0.0,0.57,300.002
0.00043,1.73e-05,0.0,0.1,0.57,361.3481055
0.00043,1.73e-05,0.0,0.2,0.57,381.0030269
0.00043,1.73e-05,0.0,0.3,0.57,386.5909851
0.00043,1.73e-05,0.0,0.4,0.57,388.8128408
0.00043,1.73e-05,0.0,0.5,0.57,389.7849672
0.00043,1.73e-05,0.0,0.6,0.57,390.0776083
0.00043,1.73e-05,0.0,0.7,0.57,390.1169676
0.00043,1.73e-05,0.0,0.8,0.57,390.110105
0.00043,1.73e-05,0.0,0.9,0.57,390.1150985
0.00043,1.73e-05,0.0,1.0,0.57,390.1200592
0.00044,0.0,1e-05,0.0,0.56,300.0019999
0.00044,0.0,1e-05,0.1,0.56,361.3440866
0.00044,0.0,1e-05,0.2,0.56,380.9977283
0.00044,0.0,1e-05,0.3,0.56,386.5853226
0.00044,0.0,1e-05,0.4,0.56,388.8070338
0.00044,0.0,1e-05,0.5,0.56,389.7790969
0.00044,0.0,1e-05,0.6,0.56,390.071719
0.00044,0.0,1e-05,0.7,0.56,390.1110757
0.00044,0.0,1e-05,0.8,0.56,390.1042136
0.00044,0.0,1e-05,0.9,0.56,390.1092067
0.00044,0.0,1e-05,1.0,0.56,390.1141671
0.00044,0.0,0.0,0.0,0.56,300.0019999
0.00044,0.0,0.0,0.1,0.56,361.3440866
0.00044,0.0,0.0,0.2,0.56,380.9977283
0.00044,0.0,0.0,0.3,0.56,386.5853226
0.00044,0.0,0.0,0.4,0.56,388.8070338
0.00044,0.0,0.0,0.5,0.56,389.7790969
0.00044,0.0,0.0,0.6,0.56,390.071719
0.00044,0.0,0.0,0.7,0.56,390.1110757
0.00044,0.0,0.0,0.8,0.56,390.1042136
0.00044,0.0,0.0,0.9,0.56,390.1092067
0.00044,0.0,0.0,1.0,0.56,390.1141671
0.0004,0.0001,1e-05,0.0,0.6,300.0019999
0.0004,0.0001,1e-05,0.1,0.6,361.3422507
0.0004,0.0001,1e-05,0.2,0.6,380.9952641
0.0004,0.0001,1e-05,0.3,0.6,386.5826802
0.0004,0.0001,1e-05,0.4,0.6,388.8043199
0.0004,0.0001,1e-05,0.5,0.6,389.7763519
0.0004,0.0001,1e-05,0.6,0.6,390.0689646
0.0004,0.0001,1e-05,0.7,0.6,390.1083201
0.0004,0.0001,1e-05,0.8,0.6,390.1014581
0.0004,0.0001,1e-05,0.9,0.6,390.1064512
0.0004,0.0001,1e-05,1.0,0.6,390.1114114
0.00041,8.27e-05,0.0,0.0,0.59,300.002
0.00041,8.27e-05,0.0,0.1,0.59,361.3471876
0.00041,8.27e-05,0.0,0.2,0.59,381.0017948
0.00041,8.27e-05,0.0,0.3,0.59,386.5896639
0.00041,8.27e-05,0.0,0.4,0.59,388.8114838
0.00041,8.27e-05,0.0,0.5,0.59,389.7835947
0.00041,8.27e-05,0.0,0.6,0.59,390.0762311
0.00041,8.27e-05,0.0,0.7,0.59,390.1155898
0.00041,8.27e-05,0.0,0.8,0.59,390.1087273
0.00041,8.27e-05,0.0,0.9,0.59,390.1137207
0.00041,8.27e-05,0.0,1.0,0.59,390.1186813
0.00041,8.27e-05,1e-05,0.0,0.59,300.002
0.00041,8.27e-05,1e-05,0.1,0.59,361.3471876
0.00041,8.27e-05,1e-05,0.2,0.59,381.0017948
0.00041,8.27e-05,1e-05,0.3,0.59,386.5896639
0.00041,8.27e-05,1e-05,0.4,0.59,388.8114838
0.00041,8.27e-05,1e-05,0.5,0.59,389.7835947
0.00041,8.27e-05,1e-05,0.6,0.59,390.0762311
0.00041,8.27e-05,1e-05,0.7,0.59,390.1155898
0.00041,8.27e-05,1e-05,0.8,0.59,390.1087273
0.00041,8.27e-05,1e-05,0.9,0.59,390.1137207
0.00041,8.27e-05,1e-05,1.0,0.59,390.1186813
0.00042,0.0001,0.0,0.0,0.58,300.0019999
0.00042,0.0001,0.0,0.1,0.58,361.3432838
0.00042,0.0001,0.0,0.2,0.58,380.9966506
0.00042,0.0001,0.0,0.3,0.58,386.584167
0.00042,0.0001,0.0,0.4,0.58,388.8058469
0.00042,0.0001,0.0,0.5,0.58,389.7778964
0.00042,0.0001,0.0,0.6,0.58,390.0705144
0.00042,0.0001,0.0,0.7,0.58,390.1098705
0.00042,0.0001,0.0,0.8,0.58,390.1030085
0.00042,0.0001,0.0,0.9,0.58,390.1080016
0.00042,0.0001,0.0,1.0,0.58,390.1129619
0.00042,6.69e-05,1e-05,0.0,0.58,300.002
0.00042,6.69e-05,1e-05,0.1,0.58,361.3500708
0.00042,6.69e-05,1e-05,0.2,0.58,381.0056128
0.00042,6.69e-05,1e-05,0.3,0.58,386.5937475
0.00042,6.69e-05,1e-05,0.4,0.58,388.8156733
0.00042,6.69e-05,1e-05,0.5,0.58,389.7878304
0.00042,6.69e-05,1e-05,0.6,0.58,390.0804808
0.00042,6.69e-05,1e-05,0.7,0.58,390.1198413
0.00042,6.69e-05,1e-05,0.8,0.58,390.1129785
0.00042,6.69e-05,1e-05,0.9,0.58,390.1179721
0.00042,6.69e-05,1e-05,1.0,0.58,390.122933
0.00042,6.69e-05,0.0,0.0,0.58,300.002
0.00042,6.69e-05,0.0,0.1,0.58,361.3500708
0.00042,6.69e-05,0.0,0.2,0.58,381.0056128
0.00042,6.69e-05,0.0,0.3,0.58,386.5937475
0.00042,6.69e-05,0.0,0.4,0.58,388.8156733
0.00042,6.69e-05,0.0,0.5,0.58,389.7878304
0.00042,6.69e-05,0.0,0.6,0.58,390.0804808
0.00042,6.69e-05,0.0,0.7,0.58,390.1198413
0.00042,6.69e-05,0.0,0.8,0.58,390.1129785
0.00042,6.69e-05,0.0,0.9,0.58,390.1179721
0.00042,6.69e-05,0.0,1.0,0.58,390.122933
0.00043,5.1e-05,0.0,0.0,0.57,300.002
0.00043,5.1e-05,0.0,0.1,0.57,361.3513763
0.00043,5.1e-05,0.0,0.2,0.57,381.0073461
0.00043,5.1e-05,0.0,0.3,0.57,386.5956024
0.00043,5.1e-05,0.0,0.4,0.57,388.8175766
0.00043,5.1e-05,0.0,0.5,0.57,389.7897549
0.00043,5.1e-05,0.0,0.6,0.57,390.0824116
0.00043,5.1e-05,0.0,0.7,0.57,390.121773
0.00043,5.1e-05,0.0,0.8,0.57,390.11491
0.00043,5.1e-05,0.0,0.9,0.57,390.1199038
0.00043,5.1e-05,0.0,1.0,0.57,390.1248648
0.00043,5.1e-05,1e-05,0.0,0.57,300.002
0.00043,5.1e-05,1e-05,0.1,0.57,361.3513763
0.00043,5.1e-05,1e-05,0.2,0.57,381.0073461
0.00043,5.1e-05,1e-05,0.3,0.57,386.5956024
0.00043,5.1e-05,1e-05,0.4,0.57,388.8175766
0.00043,5.1e-05,1e-05,0.5,0.57,389.7897549
0.00043,5.1e-05,1e-05,0.6,0.57,390.0824116
0.00043,5.1e-05,1e-05,0.7,0.57,390.121773
0.00043,5.1e-05,1e-05,0.8,0.57,390.11491
0.00043,5.1e-05,1e-05,0.9,0.57,390.1199038
0.00043,5.1e-05,1e-05,1.0,0.57,390.1248648
0.00044,3.46e-05,1e-05,0.0,0.56,300.002
0.00044,3.46e-05,1e-05,0.1,0.56,361.351029
0.00044,3.46e-05,1e-05,0.2,0.56,381.0068957
0.00044,3.46e-05,1e-05,0.3,0.56,386.5951226
0.00044,3.46e-05,1e-05,0.4,0.56,388.8170853
0.00044,3.46e-05,1e-05,0.5,0.56,389.7892585
0.00044,3.46e-05,1e-05,0.6,0.56,390.0819136
0.00044,3.46e-05,1e-05,0.7,0.56,390.1212748
0.00044,3.46e-05,1e-05,0.8,0.56,390.1144119
0.00044,3.46e-05,1e-05,0.9,0.56,390.1194056
0.00044,3.46e-05,1e-05,1.0,0.56,390.1243666
0.00044,3.46e-05,0.0,0.0,0.56,300.002
0.00044,3.46e-05,0.0,0.1,0.56,361.351029
0.00044,3.46e-05,0.0,0.2,0.56,381.0068957
0.00044,3.46e-05,0.0,0.3,0.56,386.5951226
0.00044,3.46e-05,0.0,0.4,0.56,388.8170853
0.00044,3.46e-05,0.0,0.5,0.56,389.7892585
0.00044,3.46e-05,0.0,0.6,0.56,390.0819136
0.00044,3.46e-05,0.0,0.7,0.56,390.1212748
0.00044,3.46e-05,0.0,0.8,0.56,390.1144119
0.00044,3.46e-05,0.0,0.9,0.56,390.1194056
0.00044,3.46e-05,0.0,1.0,0.56,390.1243666
0.00045,1.73e-05,0.0,0.0,0.55,300.002
0.00045,1.73e-05,0.0,0.1,0.55,361.3487934
0.00045,1.73e-05,0.0,0.2,0.55,381.0039504
0.00045,1.73e-05,0.0,0.3,0.55,386.5919754
0.00045,1.73e-05,0.0,0.4,0.55,388.813858
0.00045,1.73e-05,0.0,0.5,0.55,389.7859961
0.00045,1.73e-05,0.0,0.6,0.55,390.0786407
0.00045,1.73e-05,0.0,0.7,0.55,390.1180004
0.00045,1.73e-05,0.0,0.8,0.55,390.1111378
0.00045,1.73e-05,0.0,0.9,0.55,390.1161313
0.00045,1.73e-05,0.0,1.0,0.55,390.1210921
0.00045,1.73e-05,1e-05,0.0,0.55,300.002
0.00045,1.73e-05,1e-05,0.1,0.55,361.3487934
0.00045,1.73e-05,1e-05,0.2,0.55,381.0039504
0.00045,1.73e-05,1e-05,0.3,0.55,386.5919754
0.00045,1.73e-05,1e-05,0.4,0.55,388.813858
0.00045,1.73e-05,1e-05,0.5,0.55,389.7859961
0.00045,1.73e-05,1e-05,0.6,0.55,390.0786407
0.00045,1.73e-05,1e-05,0.7,0.55,390.1180004
0.00045,1.73e-05,1e-05,0.8,0.55,390.1111378
0.00045,1.73e-05,1e-05,0.9,0.55,390.1161313
0.00045,1.73e-05,1e-05,1.0,0.55,390.1210921
0.00046,0.0,1e-05,0.0,0.54,300.0019999
0.00046,0.0,1e-05,0.1,0.54,361.3446596
0.00046,0.0,1e-05,0.2,0.54,380.9984977
0.00046,0.0,1e-05,0.3,0.54,386.5861477
0.00046,0.0,1e-05,0.4,0.54,388.8078812
0.00046,0.0,1e-05,0.5,0.54,389.7799541
0.00046,0.0,1e-05,0.6,0.54,390.0725791
0.00046,0.0,1e-05,0.7,0.54,390.1119362
0.00046,0.0,1e-05,0.8,0.54,390.105074
0.00046,0.0,1e-05,0.9,0.54,390.1100672
0.00046,0.0,1e-05,1.0,0.54,390.1150276
0.00046,0.0,0.0,0.0,0.54,300.0019999
0.00046,0.0,0.0,0.1,0.54,361.3446596
0.00046,0.0,0.0,0.2,0.54,380.9984977
0.00046,0.0,0.0,0.3,0.54,386.5861477
0.00046,0.0,0.0,0.4,0.54,388.8078812
0.00046,0.0,0.0,0.5,0.54,389.7799541
0.00046,0.0,0.0,0.6,0.54,390.0725791
0.00046,0.0,0.0,0.7,0.54,390.1119362
0.00046,0.0,0.0,0.8,0.54,390.105074
0.00046,0.0,0.0,0.9,0.54,390.1100672
0.00046,0.0,0.0,1.0,0.54,390.1150276
0.00042,0.0001,1e-05,0.0,0.58,300.0019999
0.00042,0.0001,1e-05,0.1,0.58,361.3432838
0.00042,0.0001,1e-05,0.2,0.58,380.9966506
0.00042,0.0001,1e-05,0.3,0.58,386.584167
0.00042,0.0001,1e-05,0.4,0.58,388.8058469
0.00042,0.0001,1e-05,0.5,0.58,389.7778964
0.00042,0.0001,1e-05,0.6,0.58,390.0705143
0.00042,0.0001,1e-05,0.7,0.58,390.1098705
0.00042,0.0001,1e-05,0.8,0.58,390.1030085
0.00042,0.0001,1e-05,0.9,0.58,390.1080016
0.00042,0.0001,1e-05,1.0,0.58,390.1129619
0.00043,8.27e-05,0.0,0.0,0.57,300.002
0.00043,8.27e-05,0.0,0.1,0.57,361.3481055
0.00043,8.27e-05,0.0,0.2,0.57,381.0030269
0.00043,8.27e-05,0.0,0.3,0.57,386.5909851
0.00043,8.27e-05,0.0,0.4,0.57,388.8128408
0.00043,8.27e-05,0.0,0.5,0.57,389.7849672
0.00043,8.27e-05,0.0,0.6,0.57,390.0776083
0.00043,8.27e-05,0.0,0.7,0.57,390.1169676
0.00043,8.27e-05,0.0,0.8,0.57,390.110105
0.00043,8.27e-05,0.0,0.9,0.57,390.1150985
0.00043,8.27e-05,0.0,1.0,0.57,390.1200592
0.00043,8.27e-05,1e-05,0.0,0.57,300.002
0.00043,8.27e-05,1e-05,0.1,0.57,361.3481055
0.00043,8.27e-05,1e-05,0.2,0.57,381.0030269
0.00043,8.27e-05,1e-05,0.3,0.57,386.5909851
0.00043,8.27e-05,1e-05,0.4,0.57,388.8128408
0.00043,8.27e-05,1e-05,0.5,0.57,389.7849672
0.00043,8.27e-05,1e-05,0.6,0.57,390.0776083
0.00043,8.27e-05,1e-05,0.7,0.57,390.1169676
0.00043,8.27e-05,1e-05,0.8,0.57,390.110105
0.00043,8.27e-05,1e-05,0.9,0.57,390.1150985
0.00043,8.27e-05,1e-05,1.0,0.57,390.1200592
0.00044,0.0001,0.0,0.0,0.56,300.0019999
0.00044,0.0001,0.0,0.1,0.56,361.3440866
0.00044,0.0001,0.0,0.2,0.56,380.9977283
0.00044,0.0001,0.0,0.3,0.56,386.5853226
0.00044,0.0001,0.0,0.4,0.56,388.8070338
0.00044,0.0001,0.0,0.5,0.56,389.7790969
0.00044,0.0001,0.0,0.6,0.56,390.071719
0.00044,0.0001,0.0,0.7,0.56,390.1110757
0.00044,0.0001,0.0,0.8,0.56,390.1042136
0.00044,0.0001,0.0,0.9,0.56,390.1092067
0.00044,0.0001,0.0,1.0,0.56,390.1141671
0.00044,6.69e-05,1e-05,0.0,0.56,300.002
0.00044,6.69e-05,1e-05,0.1,0.56,361.3508737
0.00044,6.69e-05,1e-05,0.2,0.56,381.0066906
0.00044,6.69e-05,1e-05,0.3,0.56,386.5949033
0.00044,6.69e-05,1e-05,0.4,0.56,388.8168604
0.00044,6.69e-05,1e-05,0.5,0.56,389.7890311
0.00044,6.69e-05,1e-05,0.6,0.56,390.0816856
0.00044,6.69e-05,1e-05,0.7,0.56,390.1210466
0.00044,6.69e-05,1e-05,0.8,0.56,390.1141837
0.00044,6.69e-05,1e-05,0.9,0.56,390.1191774
0.00044,6.69e-05,1e-05,1.0,0.56,390.1241384
0.00044,6.69e-05,0.0,0.0,0.56,300.002
0.00044,6.69e-05,0.0,0.1,0.56,361.3508737
0.00044,6.69e-05,0.0,0.2,0.56,381.0066906
0.00044,6.69e-05,0.0,0.3,0.56,386.5949033
0.00044,6.69e-05,0.0,0.4,0.56,388.8168604
0.00044,6.69e-05,0.0,0.5,0.56,389.7890311
0.00044,6.69e-05,0.0,0.6,0.56,390.0816856
0.00044,6.69e-05,0.0,0.7,0.56,390.1210466
0.00044,6.69e-05,0.0,0.8,0.56,390.1141837
0.00044,6.69e-05,0.0,0.9,0.56,390.1191774
0.00044,6.69e-05,0.0,1.0,0.56,390.1241384
0.00045,5.1e-05,0.0,0.0,0.55,300.002
0.00045,5.1e-05,0.0,0.1,0.55,361.3520642
0.00045,5.1e-05,0.0,0.2,0.55,381.0082697
0.00045,5.1e-05,0.0,0.3,0.55,386.5965928
0.00045,5.1e-05,0.0,0.4,0.55,388.8185939
0.00045,5.1e-05,0.0,0.5,0.55,389.7907838
0.00045,5.1e-05,0.0,0.6,0.55,390.0834441
0.00045,5.1e-05,0.0,0.7,0.55,390.1228059
0.00045,5.1e-05,0.0,0.8,0.55,390.1159429
0.00045,5.1e-05,0.0,0.9,0.55,390.1209367
0.00045,5.1e-05,0.0,1.0,0.55,390.1258977
0.00045,5.1e-05,1e-05,0.0,0.55,300.002
0.00045,5.1e-05,1e-05,0.1,0.55,361.3520642
0.00045,5.1e-05,1e-05,0.2,0.55,381.0082697
0.00045,5.1e-05,1e-05,0.3,0.55,386.5965928
0.00045,5.1e-05,1e-05,0.4,0.55,388.8185939
0.00045,5.1e-05,1e-05,0.5,0.55,389.7907838
0.00045,5.1e-05,1e-05,0.6,0.55,390.0834441
0.00045,5.1e-05,1e-05,0.7,0.55,390.1228059
0.00045,5.1e-05,1e-05,0.8,0.55,390.1159429
0.00045,5.1e-05,1e-05,0.9,0.55,390.1209367
0.00045,5.1e-05,1e-05,1.0,0.55,390.1258977
0.00046,3.46e-05,1e-05,0.0,0.54,300.002
0.00046,3.46e-05,1e-05,0.1,0.54,361.3516021
0.00046,3.46e-05,1e-05,0.2,0.54,381.0076652
0.00046,3.46e-05,1e-05,0.3,0.54,386.5959478
0.00046,3.46e-05,1e-05,0.4,0.54,388.8179328
0.00046,3.46e-05,1e-05,0.5,0.54,389.7901157
0.00046,3.46e-05,1e-05,0.6,0.54,390.0827738
0.00046,3.46e-05,1e-05,0.7,0.54,390.1221354
0.00046,3.46e-05,1e-05,0.8,0.54,390.1152724
0.00046,3.46e-05,1e-05,0.9,0.54,390.1202662
0.00046,3.46e-05,1e-05,1.0,0.54,390.1252272
0.00046,3.46e-05,0.0,0.0,0.54,300.002
0.00046,3.46e-05,0.0,0.1,0.54,361.3516021
0.00046,3.46e-05,0.0,0.2,0.54,381.0076652
0.00046,3.46e-05,0.0,0.3,0.54,386.5959478
0.00046,3.46e-05,0.0,0.4,0.54,388.8179328
0.00046,3.46e-05,0.0,0.5,0.54,389.7901157
0.00046,3.46e-05,0.0,0.6,0.54,390.0827738
0.00046,3.46e-05,0.0,0.7,0.54,390.1221354
0.00046,3.46e-05,0.0,0.8,0.54,390.1152724
0.00046,3.46e-05,0.0,0.9,0.54,390.1202662
0.00046,3.46e-05,0.0,1.0,0.54,390.1252271
0.00047,1.73e-05,0.0,0.0,0.53,300.002
0.00047,1.73e-05,0.0,0.1,0.53,361.3492517
0.00047,1.73e-05,0.0,0.2,0.53,381.0045659
0.00047,1.73e-05,0.0,0.3,0.53,386.5926354
0.00047,1.73e-05,0.0,0.4,0.53,388.8145359
0.00047,1.73e-05,0.0,0.5,0.53,389.7866818
0.00047,1.73e-05,0.0,0.6,0.53,390.0793287
0.00047,1.73e-05,0.0,0.7,0.53,390.1186888
0.00047,1.73e-05,0.0,0.8,0.53,390.111826
0.00047,1.73e-05,0.0,0.9,0.53,390.1168196
0.00047,1.73e-05,0.0,1.0,0.53,390.1217804
0.00047,1.73e-05,1e-05,0.0,0.53,300.002
0.00047,1.73e-05,1e-05,0.1,0.53,361.3492517
0.00047,1.73e-05,1e-05,0.2,0.53,381.0045659
0.00047,1.73e-05,1e-05,0.3,0.53,386.5926354
0.00047,1.73e-05,1e-05,0.4,0.53,388.8145359
0.00047,1.73e-05,1e-05,0.5,0.53,389.7866818
0.00047,1.73e-05,1e-05,0.6,0.53,390.0793287
0.00047,1.73e-05,1e-05,0.7,0.53,390.1186888
0.00047,1.73e-05,1e-05,0.8,0.53,390.111826
0.00047,1.73e-05,1e-05,0.9,0.53,390.1168196
0.00047,1.73e-05,1e-05,1.0,0.53,390.1217804
0.00048,0.0,1e-05,0.0,0.52,300.0019999
0.00048,0.0,1e-05,0.1,0.52,361.3450032
0.00048,0.0,1e-05,0.2,0.52,380.9989592
0.00048,0.0,1e-05,0.3,0.52,386.5866426
0.00048,0.0,1e-05,0.4,0.52,388.8083895
0.00048,0.0,1e-05,0.5,0.52,389.7804682
0.00048,0.0,1e-05,0.6,0.52,390.073095
0.00048,0.0,1e-05,0.7,0.52,390.1124523
0.00048,0.0,1e-05,0.8,0.52,390.1055901
0.00048,0.0,1e-05,0.9,0.52,390.1105833
0.00048,0.0,1e-05,1.0,0.52,390.1155438
0.00048,0.0,0.0,0.0,0.52,300.0019999
0.00048,0.0,0.0,0.1,0.52,361.3450032
0.00048,0.0,0.0,0.2,0.52,380.9989592
0.00048,0.0,0.0,0.3,0.52,386.5866426
0.00048,0.0,0.0,0.4,0.52,388.8083895
0.00048,0.0,0.0,0.5,0.52,389.7804682
0.00048,0.0,0.0,0.6,0.52,390.073095
0.00048,0.0,0.0,0.7,0.52,390.1124523
0.00048,0.0,0.0,0.8,0.52,390.1055901
0.00048,0.0,0.0,0.9,0.52,390.1105833
0.00048,0.0,0.0,1.0,0.52,390.1155438
0.00044,0.0001,1e-05,0.0,0.56,300.0019999
0.00044,0.0001,1e-05,0.1,0.56,361.3440866
0.00044,0.0001,1e-05,0.2,0.56,380.9977283
0.00044,0.0001,1e-05,0.3,0.56,386.5853226
0.00044,0.0001,1e-05,0.4,0.56,388.8070338
0.00044,0.0001,1e-05,0.5,0.56,389.7790969
0.00044,0.0001,1e-05,0.6,0.56,390.071719
0.00044,0.0001,1e-05,0.7,0.56,390.1110757
0.00044,0.0001,1e-05,0.8,0.56,390.1042136
0.00044,0.0001,1e-05,0.9,0.56,390.1092067
0.00044,0.0001,1e-05,1.0,0.56,390.1141671
0.00045,8.27e-05,0.0,0.0,0.55,300.002
0.00045,8.27e-05,0.0,0.1,0.55,361.3487934
0.00045,8.27e-05,0.0,0.2,0.55,381.0039504
0.00045,8.27e-05,0.0,0.3,0.55,386.5919754
0.00045,8.27e-05,0.0,0.4,0.55,388.813858
0.00045,8.27e-05,0.0,0.5,0.55,389.7859961
0.00045,8.27e-05,0.0,0.6,0.55,390.0786407
0.00045,8.27e-05,0.0,0.7,0.55,390.1180004
0.00045,8.27e-05,0.0,0.8,0.55,390.1111378
0.00045,8.27e-05,0.0,0.9,0.55,390.1161313
0.00045,8.27e-05,0.0,1.0,0.55,390.1210921
0.00045,8.27e-05,1e-05,0.0,0.55,300.002
0.00045,8.27e-05,1e-05,0.1,0.55,361.3487934
0.00045,8.27e-05,1e-05,0.2,0.55,381.0039504
0.00045,8.27e-05,1e-05,0.3,0.55,386.5919754
0.00045,8.27e-05,1e-05,0.4,0.55,388.813858
0.00045,8.27e-05,1e-05,0.5,0.55,389.7859961
0.00045,8.27e-05,1e-05,0.6,0.55,390.0786407
0.00045,8.27e-05,1e-05,0.7,0.55,390.1180004
0.00045,8.27e-05,1e-05,0.8,0.55,390.1111378
0.00045,8.27e-05,1e-05,0.9,0.55,390.1161313
0.00045,8.27e-05,1e-05,1.0,0.55,390.1210921
0.00046,0.0001,0.0,0.0,0.54,300.0019999
0.00046,0.0001,0.0,0.1,0.54,361.3446596
0.00046,0.0001,0.0,0.2,0.54,380.9984977
0.00046,0.0001,0.0,0.3,0.54,386.5861477
0.00046,0.0001,0.0,0.4,0.54,388.8078812
0.00046,0.0001,0.0,0.5,0.54,389.7799541
0.00046,0.0001,0.0,0.6,0.54,390.0725791
0.00046,0.0001,0.0,0.7,0.54,390.1119362
0.00046,0.0001,0.0,0.8,0.54,390.105074
0.00046,0.0001,0.0,0.9,0.54,390.1100672
0.00046,0.0001,0.0,1.0,0.54,390.1150276
0.00046,6.69e-05,1e-05,0.0,0.54,300.002
0.00046,6.69e-05,1e-05,0.1,0.54,361.3514468
0.00046,6.69e-05,1e-05,0.2,0.54,381.0074601
0.00046,6.69e-05,1e-05,0.3,0.54,386.5957285
0.00046,6.69e-05,1e-05,0.4,0.54,388.8177079
0.00046,6.69e-05,1e-05,0.5,0.54,389.7898884
0.00046,6.69e-05,1e-05,0.6,0.54,390.0825457
0.00046,6.69e-05,1e-05,0.7,0.54,390.1219072
0.00046,6.69e-05,1e-05,0.8,0.54,390.1150442
0.00046,6.69e-05,1e-05,0.9,0.54,390.120038
0.00046,6.69e-05,1e-05,1.0,0.54,390.124999
0.00046,6.69e-05,0.0,0.0,0.54,300.002
0.00046,6.69e-05,0.0,0.1,0.54,361.3514468
0.00046,6.69e-05,0.0,0.2,0.54,381.0074601
0.00046,6.69e-05,0.0,0.3,0.54,386.5957285
0.00046,6.69e-05,0.0,0.4,0.54,388.8177079
0.00046,6.69e-05,0.0,0.5,0.54,389.7898884
0.00046,6.69e-05,0.0,0.6,0.54,390.0825457
0.00046,6.69e-05,0.0,0.7,0.54,390.1219072
0.00046,6.69e-05,0.0,0.8,0.54,390.1150442
0.00046,6.69e-05,0.0,0.9,0.54,390.120038
0.00046,6.69e-05,0.0,1.0,0.54,390.1249989
0.00047,5.1e-05,0.0,0.0,0.53,300.002
0.00047,5.1e-05,0.0,0.1,0.53,361.3525225
0.00047,5.1e-05,0.0,0.2,0.53,381.0088852
0.00047,5.1e-05,0.0,0.3,0.53,386.5972528
0.00047,5.1e-05,0.0,0.4,0.53,388.8192718
0.00047,5.1e-05,0.0,0.5,0.53,389.7914695
0.00047,5.1e-05,0.0,0.6,0.53,390.0841321
0.00047,5.1e-05,0.0,0.7,0.53,390.1234942
0.00047,5.1e-05,0.0,0.8,0.53,390.1166312
0.00047,5.1e-05,0.0,0.9,0.53,390.121625
0.00047,5.1e-05,0.0,1.0,0.53,390.1265861
0.00047,5.1e-05,1e-05,0.0,0.53,300.002
0.00047,5.1e-05,1e-05,0.1,0.53,361.3525225
0.00047,5.1e-05,1e-05,0.2,0.53,381.0088852
0.00047,5.1e-05,1e-05,0.3,0.53,386.5972528
0.00047,5.1e-05,1e-05,0.4,0.53,388.8192718
0.00047,5.1e-05,1e-05,0.5,0.53,389.7914695
0.00047,5.1e-05,1e-05,0.6,0.53,390.0841321
0.00047,5.1e-05,1e-05,0.7,0.53,390.1234942
0.00047,5.1e-05,1e-05,0.8,0.53,390.1166312
0.00047,5.1e-05,1e-05,0.9,0.53,390.121625
0.00047,5.1e-05,1e-05,1.0,0.53,390.1265861
0.000475,4.28e-05,5e-06,0.0,0.525,300.002
0.000475,4.28e-05,5e-06,0.1,0.525,361.3532138
0.000475,4.28e-05,5e-06,0.2,0.525,381.0097997
0.000475,4.28e-05,5e-06,0.3,0.525,386.5982308
0.000475,4.28e-05,5e-06,0.4,0.525,388.820275
0.000475,4.28e-05,5e-06,0.5,0.525,389.7924838
0.000475,4.28e-05,5e-06,0.6,0.525,390.0851497
0.000475,4.28e-05,5e-06,0.7,0.525,390.1245123
0.000475,4.28e-05,5e-06,0.8,0.525,390.1176491
0.000475,4.28e-05,5e-06,0.9,0.525,390.122643
0.000475,4.28e-05,5e-06,1.0,0.525,390.1276041
0.00048,3.46e-05,0.0,0.0,0.52,300.002
0.00048,3.46e-05,0.0,0.1,0.52,361.3519458
0.00048,3.46e-05,0.0,0.2,0.52,381.0081267
0.00048,3.46e-05,0.0,0.3,0.52,386.5964427
0.00048,3.46e-05,0.0,0.4,0.52,388.8184411
0.00048,3.46e-05,0.0,0.5,0.52,389.7906299
0.00048,3.46e-05,0.0,0.6,0.52,390.0832898
0.00048,3.46e-05,0.0,0.7,0.52,390.1226516
0.00048,3.46e-05,0.0,0.8,0.52,390.1157885
0.00048,3.46e-05,0.0,0.9,0.52,390.1207823
0.00048,3.46e-05,0.0,1.0,0.52,390.1257434
0.00048,3.46e-05,1e-05,0.0,0.52,300.002
0.00048,3.46e-05,1e-05,0.1,0.52,361.3519458
0.00048,3.46e-05,1e-05,0.2,0.52,381.0081267
0.00048,3.46e-05,1e-05,0.3,0.52,386.5964427
0.00048,3.46e-05,1e-05,0.4,0.52,388.8184411
0.00048,3.46e-05,1e-05,0.5,0.52,389.7906299
0.00048,3.46e-05,1e-05,0.6,0.52,390.0832898
0.00048,3.46e-05,1e-05,0.7,0.52,390.1226516
0.00048,3.46e-05,1e-05,0.8,0.52,390.1157885
0.00048,3.46e-05,1e-05,0.9,0.52,390.1207823
0.00048,3.46e-05,1e-05,1.0,0.52,390.1257434
0.00049,1.73e-05,0.0,0.0,0.51,300.002
0.00049,1.73e-05,0.0,0.1,0.51,361.3494808
0.00049,1.73e-05,0.0,0.2,0.51,381.0048735
0.00049,1.73e-05,0.0,0.3,0.51,386.5929654
0.00049,1.73e-05,0.0,0.4,0.51,388.8148747
0.00049,1.73e-05,0.0,0.5,0.51,389.7870245
0.00049,1.73e-05,0.0,0.6,0.51,390.0796727
0.00049,1.73e-05,0.0,0.7,0.51,390.1190328
0.00049,1.73e-05,0.0,0.8,0.51,390.1121701
0.00049,1.73e-05,0.0,0.9,0.51,390.1171637
0.00049,1.73e-05,0.0,1.0,0.51,390.1221245
0.00049,1.73e-05,1e-05,0.0,0.51,300.002
0.00049,1.73e-05,1e-05,0.1,0.51,361.3494808
0.00049,1.73e-05,1e-05,0.2,0.51,381.0048735
0.00049,1.73e-05,1e-05,0.3,0.51,386.5929654
0.00049,1.73e-05,1e-05,0.4,0.51,388.8148747
0.00049,1.73e-05,1e-05,0.5,0.51,389.7870245
0.00049,1.73e-05,1e-05,0.6,0.51,390.0796727
0.00049,1.73e-05,1e-05,0.7,0.51,390.1190328
0.00049,1.73e-05,1e-05,0.8,0.51,390.1121701
0.00049,1.73e-05,1e-05,0.9,0.51,390.1171637
0.00049,1.73e-05,1e-05,1.0,0.51,390.1221245
0.0005,0.0,1e-05,0.0,0.5,300.0019999
0.0005,0.0,1e-05,0.1,0.5,361.3451178
0.0005,0.0,1e-05,0.2,0.5,380.999113
0.0005,0.0,1e-05,0.3,0.5,386.5868075
0.0005,0.0,1e-05,0.4,0.5,388.8085589
0.0005,0.0,1e-05,0.5,0.5,389.7806396
0.0005,0.0,1e-05,0.6,0.5,390.0732669
0.0005,0.0,1e-05,0.7,0.5,390.1126243
0.0005,0.0,1e-05,0.8,0.5,390.1057621
0.0005,0.0,1e-05,0.9,0.5,390.1107553
0.0005,0.0,1e-05,1.0,0.5,390.1157158
0.0005,0.0,0.0,0.0,0.5,300.0019999
0.0005,0.0,0.0,0.1,0.5,361.3451178
0.0005,0.0,0.0,0.2,0.5,380.999113
0.0005,0.0,0.0,0.3,0.5,386.5868075
0.0005,0.0,0.0,0.4,0.5,388.8085589
0.0005,0.0,0.0,0.5,0.5,389.7806396
0.0005,0.0,0.0,0.6,0.5,390.0732669
0.0005,0.0,0.0,0.7,0.5,390.1126243
0.0005,0.0,0.0,0.8,0.5,390.1057621
0.0005,0.0,0.0,0.9,0.5,390.1107553
0.0005,0.0,0.0,1.0,0.5,390.1157158
0.00046,0.0001,1e-05,0.0,0.54,300.0019999
0.00046,0.0001,1e-05,0.1,0.54,361.3446596
0.00046,0.0001,1e-05,0.2,0.54,380.9984977
0.00046,0.0001,1e-05,0.3,0.54,386.5861477
0.00046,0.0001,1e-05,0.4,0.54,388.8078812
0.00046,0.0001,1e-05,0.5,0.54,389.7799541
0.00046,0.0001,1e-05,0.6,0.54,390.0725791
0.00046,0.0001,1e-05,0.7,0.54,390.1119362
0.00046,0.0001,1e-05,0.8,0.54,390.105074
0.00046,0.0001,1e-05,0.9,0.54,390.1100672
0.00046,0.0001,1e-05,1.0,0.54,390.1150276
0.00047,8.27e-05,0.0,0.0,0.53,300.002
0.00047,8.27e-05,0.0,0.1,0.53,361.3492517
0.00047,8.27e-05,0.0,0.2,0.53,381.0045659
0.00047,8.27e-05,0.0,0.3,0.53,386.5926354
0.00047,8.27e-05,0.0,0.4,0.53,388.8145359
0.00047,8.27e-05,0.0,0.5,0.53,389.7866818
0.00047,8.27e-05,0.0,0.6,0.53,390.0793287
0.00047,8.27e-05,0.0,0.7,0.53,390.1186888
0.00047,8.27e-05,0.0,0.8,0.53,390.111826
0.00047,8.27e-05,0.0,0.9,0.53,390.1168196
0.00047,8.27e-05,0.0,1.0,0.53,390.1217804
0.00047,8.27e-05,1e-05,0.0,0.53,300.002
0.00047,8.27e-05,1e-05,0.1,0.53,361.3492517
0.00047,8.27e-05,1e-05,0.2,0.53,381.0045659
0.00047,8.27e-05,1e-05,0.3,0.53,386.5926354
0.00047,8.27e-05,1e-05,0.4,0.53,388.8145359
0.00047,8.27e-05,1e-05,0.5,0.53,389.7866818
0.00047,8.27e-05,1e-05,0.6,0.53,390.0793287
0.00047,8.27e-05,1e-05,0.7,0.53,390.1186888
0.00047,8.27e-05,1e-05,0.8,0.53,390.111826
0.00047,8.27e-05,1e-05,0.9,0.53,390.1168196
0.00047,8.27e-05,1e-05,1.0,0.53,390.1217804
0.00048,0.0001,0.0,0.0,0.52,300.0019999
0.00048,0.0001,0.0,0.1,0.52,361.3450032
0.00048,0.0001,0.0,0.2,0.52,380.9989592
0.00048,0.0001,0.0,0.3,0.52,386.5866426
0.00048,0.0001,0.0,0.4,0.52,388.8083895
0.00048,0.0001,0.0,0.5,0.52,389.7804682
0.00048,0.0001,0.0,0.6,0.52,390.073095
0.00048,0.0001,0.0,0.7,0.52,390.1124523
0.00048,0.0001,0.0,0.8,0.52,390.1055901
0.00048,0.0001,0.0,0.9,0.52,390.1105833
0.00048,0.0001,0.0,1.0,0.52,390.1155438
0.00048,6.69e-05,1e-05,0.0,0.52,300.002
0.00048,6.69e-05,1e-05,0.1,0.52,361.3517905
0.00048,6.69e-05,1e-05,0.2,0.52,381.0079216
0.00048,6.69e-05,1e-05,0.3,0.52,386.5962234
0.00048,6.69e-05,1e-05,0.4,0.52,388.8182163
0.00048,6.69e-05,1e-05,0.5,0.52,389.7904026
0.00048,6.69e-05,1e-05,0.6,0.52,390.0830617
0.00048,6.69e-05,1e-05,0.7,0.52,390.1224234
0.00048,6.69e-05,1e-05,0.8,0.52,390.1155604
0.00048,6.69e-05,1e-05,0.9,0.52,390.1205541
0.00048,6.69e-05,1e-05,1.0,0.52,390.1255152
0.00048,6.69e-05,0.0,0.0,0.52,300.002
0.00048,6.69e-05,0.0,0.1,0.52,361.3517905
0.00048,6.69e-05,0.0,0.2,0.52,381.0079216
0.00048,6.69e-05,0.0,0.3,0.52,386.5962234
0.00048,6.69e-05,0.0,0.4,0.52,388.8182163
0.00048,6.69e-05,0.0,0.5,0.52,389.7904026
0.00048,6.69e-05,0.0,0.6,0.52,390.0830617
0.00048,6.69e-05,0.0,0.7,0.52,390.1224234
0.00048,6.69e-05,0.0,0.8,0.52,390.1155604
0.00048,6.69e-05,0.0,0.9,0.52,390.1205541
0.00048,6.69e-05,0.0,1.0,0.52,390.1255152
0.00049,5.1e-05,1e-05,0.0,0.51,300.002
0.00049,5.1e-05,1e-05,0.1,0.51,361.3527516
0.00049,5.1e-05,1e-05,0.2,0.51,381.0091928
0.00049,5.1e-05,1e-05,0.3,0.51,386.5975828
0.00049,5.1e-05,1e-05,0.4,0.51,388.8196107
0.00049,5.1e-05,1e-05,0.5,0.51,389.7918123
0.00049,5.1e-05,1e-05,0.6,0.51,390.0844761
0.00049,5.1e-05,1e-05,0.7,0.51,390.1238383
0.00049,5.1e-05,1e-05,0.8,0.51,390.1169752
0.00049,5.1e-05,1e-05,0.9,0.51,390.1219691
0.00049,5.1e-05,1e-05,1.0,0.51,390.1269302
0.00049,5.1e-05,0.0,0.0,0.51,300.002
0.00049,5.1e-05,0.0,0.1,0.51,361.3527516
0.00049,5.1e-05,0.0,0.2,0.51,381.0091928
0.00049,5.1e-05,0.0,0.3,0.51,386.5975828
0.00049,5.1e-05,0.0,0.4,0.51,388.8196107
0.00049,5.1e-05,0.0,0.5,0.51,389.7918123
0.00049,5.1e-05,0.0,0.6,0.51,390.0844761
0.00049,5.1e-05,0.0,0.7,0.51,390.1238383
0.00049,5.1e-05,0.0,0.8,0.51,390.1169752
0.00049,5.1e-05,0.0,0.9,0.51,390.1219691
0.00049,5.1e-05,0.0,1.0,0.51,390.1269302
0.0005,3.46e-05,0.0,0.0,0.5,300.002
0.0005,3.46e-05,0.0,0.1,0.5,361.3520603
0.0005,3.46e-05,0.0,0.2,0.5,381.0082806
0.0005,3.46e-05,0.0,0.3,0.5,386.5966077
0.0005,3.46e-05,0.0,0.4,0.5,388.8186106
0.0005,3.46e-05,0.0,0.5,0.5,389.7908013
0.0005,3.46e-05,0.0,0.6,0.5,390.0834618
0.0005,3.46e-05,0.0,0.7,0.5,390.1228236
0.0005,3.46e-05,0.0,0.8,0.5,390.1159606
0.0005,3.46e-05,0.0,0.9,0.5,390.1209544
0.0005,3.46e-05,0.0,1.0,0.5,390.1259154
0.0005,3.46e-05,1e-05,0.0,0.5,300.002
0.0005,3.46e-05,1e-05,0.1,0.5,361.3520603
0.0005,3.46e-05,1e-05,0.2,0.5,381.0082806
0.0005,3.46e-05,1e-05,0.3,0.5,386.5966077
0.0005,3.46e-05,1e-05,0.4,0.5,388.8186106
0.0005,3.46e-05,1e-05,0.5,0.5,389.7908013
0.0005,3.46e-05,1e-05,0.6,0.5,390.0834618
0.0005,3.46e-05,1e-05,0.7,0.5,390.1228236
0.0005,3.46e-05,1e-05,0.8,0.5,390.1159606
0.0005,3.46e-05,1e-05,0.9,0.5,390.1209544
0.0005,3.46e-05,1e-05,1.0,0.5,390.1259154
0.00051,1.73e-05,0.0,0.0,0.49,300.002
0.00051,1.73e-05,0.0,0.1,0.49,361.3494808
0.00051,1.73e-05,0.0,0.2,0.49,381.0048735
0.00051,1.73e-05,0.0,0.3,0.49,386.5929654
0.00051,1.73e-05,0.0,0.4,0.49,388.8148747
0.00051,1.73e-05,0.0,0.5,0.49,389.7870245
0.00051,1.73e-05,0.0,0.6,0.49,390.0796727
0.00051,1.73e-05,0.0,0.7,0.49,390.1190328
0.00051,1.73e-05,0.0,0.8,0.49,390.1121701
0.00051,1.73e-05,0.0,0.9,0.49,390.1171637
0.00051,1.73e-05,0.0,1.0,0.49,390.1221245
0.00051,1.73e-05,1e-05,0.0,0.49,300.002
0.00051,1.73e-05,1e-05,0.1,0.49,361.3494808
0.00051,1.73e-05,1e-05,0.2,0.49,381.0048735
0.00051,1.73e-05,1e-05,0.3,0.49,386.5929654
0.00051,1.73e-05,1e-05,0.4,0.49,388.8148747
0.00051,1.73e-05,1e-05,0.5,0.49,389.7870245
0.00051,1.73e-05,1e-05,0.6,0.49,390.0796727
0.00051,1.73e-05,1e-05,0.7,0.49,390.1190328
0.00051,1.73e-05,1e-05,0.8,0.49,390.1121701
0.00051,1.73e-05,1e-05,0.9,0.49,390.1171637
0.00051,1.73e-05,1e-05,1.0,0.49,390.1221245
0.00052,0.0,1e-05,0.0,0.48,300.0019999
0.00052,0.0,1e-05,0.1,0.48,361.3450032
0.00052,0.0,1e-05,0.2,0.48,380.9989592
0.00052,0.0,1e-05,0.3,0.48,386.5866426
0.00052,0.0,1e-05,0.4,0.48,388.8083895
0.00052,0.0,1e-05,0.5,0.48,389.7804682
0.00052,0.0,1e-05,0.6,0.48,390.073095
0.00052,0.0,1e-05,0.7,0.48,390.1124523
0.00052,0.0,1e-05,0.8,0.48,390.1055901
0.00052,0.0,1e-05,0.9,0.48,390.1105833
0.00052,0.0,1e-05,1.0,0.48,390.1155438
0.00052,0.0,0.0,0.0,0.48,300.0019999
0.00052,0.0,0.0,0.1,0.48,361.3450032
0.00052,0.0,0.0,0.2,0.48,380.9989592
0.00052,0.0,0.0,0.3,0.48,386.5866426
0.00052,0.0,0.0,0.4,0.48,388.8083895
0.00052,0.0,0.0,0.5,0.48,389.7804682
0.00052,0.0,0.0,0.6,0.48,390.073095
0.00052,0.0,0.0,0.7,0.48,390.1124523
0.00052,0.0,0.0,0.8,0.48,390.1055901
0.00052,0.0,0.0,0.9,0.48,390.1105833
0.00052,0.0,0.0,1.0,0.48,390.1155438
0.00048,0.0001,1e-05,0.0,0.52,300.0019999
0.00048,0.0001,1e-05,0.1,0.52,361.3450032
0.00048,0.0001,1e-05,0.2,0.52,380.9989592
0.00048,0.0001,1e-05,0.3,0.52,386.5866426
0.00048,0.0001,1e-05,0.4,0.52,388.8083895
0.00048,0.0001,1e-05,0.5,0.52,389.7804682
0.00048,0.0001,1e-05,0.6,0.52,390.073095
0.00048,0.0001,1e-05,0.7,0.52,390.1124523
0.00048,0.0001,1e-05,0.8,0.52,390.1055901
0.00048,0.0001,1e-05,0.9,0.52,390.1105833
0.00048,0.0001,1e-05,1.0,0.52,390.1155438
0.00049,8.27e-05,0.0,0.0,0.51,300.002
0.00049,8.27e-05,0.0,0.1,0.51,361.3494808
0.00049,8.27e-05,0.0,0.2,0.51,381.0048735
0.00049,8.27e-05,0.0,0.3,0.51,386.5929654
0.00049,8.27e-05,0.0,0.4,0.51,388.8148747
0.00049,8.27e-05,0.0,0.5,0.51,389.7870245
0.00049,8.27e-05,0.0,0.6,0.51,390.0796727
0.00049,8.27e-05,0.0,0.7,0.51,390.1190328
0.00049,8.27e-05,0.0,0.8,0.51,390.1121701
0.00049,8.27e-05,0.0,0.9,0.51,390.1171637
0.00049,8.27e-05,0.0,1.0,0.51,390.1221245
0.00049,8.27e-05,1e-05,0.0,0.51,300.002
0.00049,8.27e-05,1e-05,0.1,0.51,361.3494808
0.00049,8.27e-05,1e-05,0.2,0.51,381.0048735
0.00049,8.27e-05,1e-05,0.3,0.51,386.5929654
0.00049,8.27e-05,1e-05,0.4,0.51,388.8148747
0.00049,8.27e-05,1e-05,0.5,0.51,389.7870245
0.00049,8.27e-05,1e-05,0.6,0.51,390.0796727
0.00049,8.27e-05,1e-05,0.7,0.51,390.1190328
0.00049,8.27e-05,1e-05,0.8,0.51,390.1121701
0.00049,8.27e-05,1e-05,0.9,0.51,390.1171637
0.00049,8.27e-05,1e-05,1.0,0.51,390.1221245
0.0005,0.0001,0.0,0.0,0.5,300.0019999
0.0005,0.0001,0.0,0.1,0.5,361.3451178
0.0005,0.0001,0.0,0.2,0.5,380.999113
0.0005,0.0001,0.0,0.3,0.5,386.5868075
0.0005,0.0001,0.0,0.4,0.5,388.8085589
0.0005,0.0001,0.0,0.5,0.5,389.7806396
0.0005,0.0001,0.0,0.6,0.5,390.0732669
0.0005,0.0001,0.0,0.7,0.5,390.1126243
0.0005,0.0001,0.0,0.8,0.5,390.1057621
0.0005,0.0001,0.0,0.9,0.5,390.1107553
0.0005,0.0001,0.0,1.0,0.5,390.1157158
0.0005,6.69e-05,1e-05,0.0,0.5,300.002
0.0005,6.69e-05,1e-05,0.1,0.5,361.351905
0.0005,6.69e-05,1e-05,0.2,0.5,381.0080755
0.0005,6.69e-05,1e-05,0.3,0.5,386.5963884
0.0005,6.69e-05,1e-05,0.4,0.5,388.8183857
0.0005,6.69e-05,1e-05,0.5,0.5,389.7905739
0.0005,6.69e-05,1e-05,0.6,0.5,390.0832337
0.0005,6.69e-05,1e-05,0.7,0.5,390.1225954
0.0005,6.69e-05,1e-05,0.8,0.5,390.1157324
0.0005,6.69e-05,1e-05,0.9,0.5,390.1207262
0.0005,6.69e-05,1e-05,1.0,0.5,390.1256872
0.0005,6.69e-05,0.0,0.0,0.5,300.002
0.0005,6.69e-05,0.0,0.1,0.5,361.351905
0.0005,6.69e-05,0.0,0.2,0.5,381.0080755
0.0005,6.69e-05,0.0,0.3,0.5,386.5963884
0.0005,6.69e-05,0.0,0.4,0.5,388.8183857
0.0005,6.69e-05,0.0,0.5,0.5,389.7905739
0.0005,6.69e-05,0.0,0.6,0.5,390.0832337
0.0005,6.69e-05,0.0,0.7,0.5,390.1225954
0.0005,6.69e-05,0.0,0.8,0.5,390.1157324
0.0005,6.69e-05,0.0,0.9,0.5,390.1207262
0.0005,6.69e-05,0.0,1.0,0.5,390.1256872
0.00051,5.1e-05,1e-05,0.0,0.49,300.002
0.00051,5.1e-05,1e-05,0.1,0.49,361.3527516
0.00051,5.1e-05,1e-05,0.2,0.49,381.0091928
0.00051,5.1e-05,1e-05,0.3,0.49,386.5975828
0.00051,5.1e-05,1e-05,0.4,0.49,388.8196107
0.00051,5.1e-05,1e-05,0.5,0.49,389.7918123
0.00051,5.1e-05,1e-05,0.6,0.49,390.0844761
0.00051,5.1e-05,1e-05,0.7,0.49,390.1238383
0.00051,5.1e-05,1e-05,0.8,0.49,390.1169752
0.00051,5.1e-05,1e-05,0.9,0.49,390.1219691
0.00051,5.1e-05,1e-05,1.0,0.49,390.1269302
0.00051,5.1e-05,0.0,0.0,0.49,300.002
0.00051,5.1e-05,0.0,0.1,0.49,361.3527516
0.00051,5.1e-05,0.0,0.2,0.49,381.0091928
0.00051,5.1e-05,0.0,0.3,0.49,386.5975828
0.00051,5.1e-05,0.0,0.4,0.49,388.8196107
0.00051,5.1e-05,0.0,0.5,0.49,389.7918123
0.00051,5.1e-05,0.0,0.6,0.49,390.0844761
0.00051,5.1e-05,0.0,0.7,0.49,390.1238383
0.00051,5.1e-05,0.0,0.8,0.49,390.1169752
0.00051,5.1e-05,0.0,0.9,0.49,390.1219691
0.00051,5.1e-05,0.0,1.0,0.49,390.1269302
0.00052,3.46e-05,0.0,0.0,0.48,300.002
0.00052,3.46e-05,0.0,0.1,0.48,361.3519458
0.00052,3.46e-05,0.0,0.2,0.48,381.0081267
0.00052,3.46e-05,0.0,0.3,0.48,386.5964427
0.00052,3.46e-05,0.0,0.4,0.48,388.8184411
0.00052,3.46e-05,0.0,0.5,0.48,389.7906299
0.00052,3.46e-05,0.0,0.6,0.48,390.0832898
0.00052,3.46e-05,0.0,0.7,0.48,390.1226516
0.00052,3.46e-05,0.0,0.8,0.48,390.1157885
0.00052,3.46e-05,0.0,0.9,0.48,390.1207823
0.00052,3.46e-05,0.0,1.0,0.48,390.1257434
0.00052,3.46e-05,1e-05,0.0,0.48,300.002
0.00052,3.46e-05,1e-05,0.1,0.48,361.3519458
0.00052,3.46e-05,1e-05,0.2,0.48,381.0081267
0.00052,3.46e-05,1e-05,0.3,0.48,386.5964427
0.00052,3.46e-05,1e-05,0.4,0.48,388.8184411
0.00052,3.46e-05,1e-05,0.5,0.48,389.7906299
0.00052,3.46e-05,1e-05,0.6,0.48,390.0832898
0.00052,3.46e-05,1e-05,0.7,0.48,390.1226516
0.00052,3.46e-05,1e-05,0.8,0.48,390.1157885
0.00052,3.46e-05,1e-05,0.9,0.48,390.1207823
0.00052,3.46e-05,1e-05,1.0,0.48,390.1257434
0.00053,1.73e-05,0.0,0.0,0.47,300.002
0.00053,1.73e-05,0.0,0.1,0.47,361.3492517
0.00053,1.73e-05,0.0,0.2,0.47,381.0045659
0.00053,1.73e-05,0.0,0.3,0.47,386.5926354
0.00053,1.73e-05,0.0,0.4,0.47,388.8145359
0.00053,1.73e-05,0.0,0.5,0.47,389.7866818
0.00053,1.73e-05,0.0,0.6,0.47,390.0793287
0.00053,1.73e-05,0.0,0.7,0.47,390.1186888
0.00053,1.73e-05,0.0,0.8,0.47,390.111826
0.00053,1.73e-05,0.0,0.9,0.47,390.1168196
0.00053,1.73e-05,0.0,1.0,0.47,390.1217804
0.00053,1.73e-05,1e-05,0.0,0.47,300.002
0.00053,1.73e-05,1e-05,0.1,0.47,361.3492517
0.00053,1.73e-05,1e-05,0.2,0.47,381.0045659
0.00053,1.73e-05,1e-05,0.3,0.47,386.5926354
0.00053,1.73e-05,1e-05,0.4,0.47,388.8145359
0.00053,1.73e-05,1e-05,0.5,0.47,389.7866818
0.00053,1.73e-05,1e-05,0.6,0.47,390.0793287
0.00053,1.73e-05,1e-05,0.7,0.47,390.1186888
0.00053,1.73e-05,1e-05,0.8,0.47,390.111826
0.00053,1.73e-05,1e-05,0.9,0.47,390.1168196
0.00053,1.73e-05,1e-05,1.0,0.47,390.1217804
0.00054,0.0,1e-05,0.0,0.46,300.0019999
0.00054,0.0,1e-05,0.1,0.46,361.3446596
0.00054,0.0,1e-05,0.2,0.46,380.9984977
0.00054,0.0,1e-05,0.3,0.46,386.5861477
0.00054,0.0,1e-05,0.4,0.46,388.8078812
0.00054,0.0,1e-05,0.5,0.46,389.7799541
0.00054,0.0,1e-05,0.6,0.46,390.0725791
0.00054,0.0,1e-05,0.7,0.46,390.1119362
0.00054,0.0,1e-05,0.8,0.46,390.105074
0.00054,0.0,1e-05,0.9,0.46,390.1100672
0.00054,0.0,1e-05,1.0,0.46,390.1150276
0.00054,6.93e-06,5e-06,0.0,0.46,300.002
0.00054,6.93e-06,5e-06,0.1,0.46,361.3474041
0.00054,6.93e-06,5e-06,0.2,0.46,381.0021216
0.00054,6.93e-06,5e-06,0.3,0.46,386.5900215
0.00054,6.93e-06,5e-06,0.4,0.46,388.8118545
0.00054,6.93e-06,5e-06,0.5,0.46,389.7839708
0.00054,6.93e-06,5e-06,0.6,0.46,390.0766089
0.00054,6.93e-06,5e-06,0.7,0.46,390.1159678
0.00054,6.93e-06,5e-06,0.8,0.46,390.1091052
0.00054,6.93e-06,5e-06,0.9,0.46,390.1140987
0.00054,6.93e-06,5e-06,1.0,0.46,390.1190593
0.00054,0.0,0.0,0.0,0.46,300.0019999
0.00054,0.0,0.0,0.1,0.46,361.3446596
0.00054,0.0,0.0,0.2,0.46,380.9984977
0.00054,0.0,0.0,0.3,0.46,386.5861477
0.00054,0.0,0.0,0.4,0.46,388.8078812
0.00054,0.0,0.0,0.5,0.46,389.7799541
0.00054,0.0,0.0,0.6,0.46,390.0725791
0.00054,0.0,0.0,0.7,0.46,390.1119362
0.00054,0.0,0.0,0.8,0.46,390.105074
0.00054,0.0,0.0,0.9,0.46,390.1100672
0.00054,0.0,0.0,1.0,0.46,390.1150276
0.0005,0.0001,1e-05,0.0,0.5,300.0019999
0.0005,0.0001,1e-05,0.1,0.5,361.3451178
0.0005,0.0001,1e-05,0.2,0.5,380.999113
0.0005,0.0001,1e-05,0.3,0.5,386.5868075
0.0005,0.0001,1e-05,0.4,0.5,388.8085589
0.0005,0.0001,1e-05,0.5,0.5,389.7806396
0.0005,0.0001,1e-05,0.6,0.5,390.0732669
0.0005,0.0001,1e-05,0.7,0.5,390.1126243
0.0005,0.0001,1e-05,0.8,0.5,390.1057621
0.0005,0.0001,1e-05,0.9,0.5,390.1107553
0.0005,0.0001,1e-05,1.0,0.5,390.1157158
0.00051,8.27e-05,0.0,0.0,0.49,300.002
0.00051,8.27e-05,0.0,0.1,0.49,361.3494808
0.00051,8.27e-05,0.0,0.2,0.49,381.0048735
0.00051,8.27e-05,0.0,0.3,0.49,386.5929654
0.00051,8.27e-05,0.0,0.4,0.49,388.8148747
0.00051,8.27e-05,0.0,0.5,0.49,389.7870245
0.00051,8.27e-05,0.0,0.6,0.49,390.0796726
0.00051,8.27e-05,0.0,0.7,0.49,390.1190328
0.00051,8.27e-05,0.0,0.8,0.49,390.1121701
0.00051,8.27e-05,0.0,0.9,0.49,390.1171637
0.00051,8.27e-05,0.0,1.0,0.49,390.1221245
0.00051,8.27e-05,1e-05,0.0,0.49,300.002
0.00051,8.27e-05,1e-05,0.1,0.49,361.3494808
0.00051,8.27e-05,1e-05,0.2,0.49,381.0048735
0.00051,8.27e-05,1e-05,0.3,0.49,386.5929654
0.00051,8.27e-05,1e-05,0.4,0.49,388.8148747
0.00051,8.27e-05,1e-05,0.5,0.49,389.7870245
0.00051,8.27e-05,1e-05,0.6,0.49,390.0796727
0.00051,8.27e-05,1e-05,0.7,0.49,390.1190328
0.00051,8.27e-05,1e-05,0.8,0.49,390.1121701
0.00051,8.27e-05,1e-05,0.9,0.49,390.1171637
0.00051,8.27e-05,1e-05,1.0,0.49,390.1221245
0.00052,0.0001,0.0,0.0,0.48,300.0019999
0.00052,0.0001,0.0,0.1,0.48,361.3450032
0.00052,0.0001,0.0,0.2,0.48,380.9989592
0.00052,0.0001,0.0,0.3,0.48,386.5866426
0.00052,0.0001,0.0,0.4,0.48,388.8083895
0.00052,0.0001,0.0,0.5,0.48,389.7804682
0.00052,0.0001,0.0,0.6,0.48,390.073095
0.00052,0.0001,0.0,0.7,0.48,390.1124523
0.00052,0.0001,0.0,0.8,0.48,390.1055901
0.00052,0.0001,0.0,0.9,0.48,390.1105833
0.00052,0.0001,0.0,1.0,0.48,390.1155438
0.00052,6.69e-05,0.0,0.0,0.48,300.002
0.00052,6.69e-05,0.0,0.1,0.48,361.3517905
0.00052,6.69e-05,0.0,0.2,0.48,381.0079216
0.00052,6.69e-05,0.0,0.3,0.48,386.5962234
0.00052,6.69e-05,0.0,0.4,0.48,388.8182163
0.00052,6.69e-05,0.0,0.5,0.48,389.7904026
0.00052,6.69e-05,0.0,0.6,0.48,390.0830617
0.00052,6.69e-05,0.0,0.7,0.48,390.1224234
0.00052,6.69e-05,0.0,0.8,0.48,390.1155604
0.00052,6.69e-05,0.0,0.9,0.48,390.1205541
0.00052,6.69e-05,0.0,1.0,0.48,390.1255152
0.00052,6.69e-05,1e-05,0.0,0.48,300.002
0.00052,6.69e-05,1e-05,0.1,0.48,361.3517905
0.00052,6.69e-05,1e-05,0.2,0.48,381.0079216
0.00052,6.69e-05,1e-05,0.3,0.48,386.5962234
0.00052,6.69e-05,1e-05,0.4,0.48,388.8182163
0.00052,6.69e-05,1e-05,0.5,0.48,389.7904026
0.00052,6.69e-05,1e-05,0.6,0.48,390.0830617
0.00052,6.69e-05,1e-05,0.7,0.48,390.1224234
0.00052,6.69e-05,1e-05,0.8,0.48,390.1155604
0.00052,6.69e-05,1e-05,0.9,0.48,390.1205541
0.00052,6.69e-05,1e-05,1.0,0.48,390.1255152
0.00053,5.1e-05,1e-05,0.0,0.47,300.002
0.00053,5.1e-05,1e-05,0.1,0.47,361.3525225
0.00053,5.1e-05,1e-05,0.2,0.47,381.0088852
0.00053,5.1e-05,1e-05,0.3,0.47,386.5972528
0.00053,5.1e-05,1e-05,0.4,0.47,388.8192718
0.00053,5.1e-05,1e-05,0.5,0.47,389.7914695
0.00053,5.1e-05,1e-05,0.6,0.47,390.0841321
0.00053,5.1e-05,1e-05,0.7,0.47,390.1234942
0.00053,5.1e-05,1e-05,0.8,0.47,390.1166312
0.00053,5.1e-05,1e-05,0.9,0.47,390.121625
0.00053,5.1e-05,1e-05,1.0,0.47,390.1265861
0.00053,5.1e-05,0.0,0.0,0.47,300.002
0.00053,5.1e-05,0.0,0.1,0.47,361.3525225
0.00053,5.1e-05,0.0,0.2,0.47,381.0088852
0.00053,5.1e-05,0.0,0.3,0.47,386.5972528
0.00053,5.1e-05,0.0,0.4,0.47,388.8192718
0.00053,5.1e-05,0.0,0.5,0.47,389.7914695
0.00053,5.1e-05,0.0,0.6,0.47,390.0841321
0.00053,5.1e-05,0.0,0.7,0.47,390.1234942
0.00053,5.1e-05,0.0,0.8,0.47,390.1166312
0.00053,5.1e-05,0.0,0.9,0.47,390.121625
0.00053,5.1e-05,0.0,1.0,0.47,390.1265861
0.00054,3.46e-05,0.0,0.0,0.46,300.002
0.00054,3.46e-05,0.0,0.1,0.46,361.3516021
0.00054,3.46e-05,0.0,0.2,0.46,381.0076652
0.00054,3.46e-05,0.0,0.3,0.46,386.5959478
0.00054,3.46e-05,0.0,0.4,0.46,388.8179328
0.00054,3.46e-05,0.0,0.5,0.46,389.7901157
0.00054,3.46e-05,0.0,0.6,0.46,390.0827738
0.00054,3.46e-05,0.0,0.7,0.46,390.1221354
0.00054,3.46e-05,0.0,0.8,0.46,390.1152724
0.00054,3.46e-05,0.0,0.9,0.46,390.1202662
0.00054,3.46e-05,0.0,1.0,0.46,390.1252271
0.00054,3.46e-05,1e-05,0.0,0.46,300.002
0.00054,3.46e-05,1e-05,0.1,0.46,361.3516021
0.00054,3.46e-05,1e-05,0.2,0.46,381.0076652
0.00054,3.46e-05,1e-05,0.3,0.46,386.5959478
0.00054,3.46e-05,1e-05,0.4,0.46,388.8179328
0.00054,3.46e-05,1e-05,0.5,0.46,389.7901157
0.00054,3.46e-05,1e-05,0.6,0.46,390.0827738
0.00054,3.46e-05,1e-05,0.7,0.46,390.1221354
0.00054,3.46e-05,1e-05,0.8,0.46,390.1152724
0.00054,3.46e-05,1e-05,0.9,0.46,390.1202662
0.00054,3.46e-05,1e-05,1.0,0.46,390.1252272
0.00055,1.73e-05,0.0,0.0,0.45,300.002
0.00055,1.73e-05,0.0,0.1,0.45,361.3487934
0.00055,1.73e-05,0.0,0.2,0.45,381.0039504
0.00055,1.73e-05,0.0,0.3,0.45,386.5919754
0.00055,1.73e-05,0.0,0.4,0.45,388.813858
0.00055,1.73e-05,0.0,0.5,0.45,389.7859961
0.00055,1.73e-05,0.0,0.6,0.45,390.0786407
0.00055,1.73e-05,0.0,0.7,0.45,390.1180004
0.00055,1.73e-05,0.0,0.8,0.45,390.1111378
0.00055,1.73e-05,0.0,0.9,0.45,390.1161313
0.00055,1.73e-05,0.0,1.0,0.45,390.1210921
0.00055,1.73e-05,1e-05,0.0,0.45,300.002
0.00055,1.73e-05,1e-05,0.1,0.45,361.3487934
0.00055,1.73e-05,1e-05,0.2,0.45,381.0039504
0.00055,1.73e-05,1e-05,0.3,0.45,386.5919754
0.00055,1.73e-05,1e-05,0.4,0.45,388.813858
0.00055,1.73e-05,1e-05,0.5,0.45,389.7859961
0.00055,1.73e-05,1e-05,0.6,0.45,390.0786407
0.00055,1.73e-05,1e-05,0.7,0.45,390.1180004
0.00055,1.73e-05,1e-05,0.8,0.45,390.1111378
0.00055,1.73e-05,1e-05,0.9,0.45,390.1161313
0.00055,1.73e-05,1e-05,1.0,0.45,390.1210921
0.00056,0.0,1e-05,0.0,0.44,300.0019999
0.00056,0.0,1e-05,0.1,0.44,361.3440866
0.00056,0.0,1e-05,0.2,0.44,380.9977283
0.00056,0.0,1e-05,0.3,0.44,386.5853226
0.00056,0.0,1e-05,0.4,0.44,388.8070338
0.00056,0.0,1e-05,0.5,0.44,389.7790969
0.00056,0.0,1e-05,0.6,0.44,390.071719
0.00056,0.0,1e-05,0.7,0.44,390.1110757
0.00056,0.0,1e-05,0.8,0.44,390.1042136
0.00056,0.0,1e-05,0.9,0.44,390.1092067
0.00056,0.0,1e-05,1.0,0.44,390.1141671
0.00056,0.0,0.0,0.0,0.44,300.0019999
0.00056,0.0,0.0,0.1,0.44,361.3440866
0.00056,0.0,0.0,0.2,0.44,380.9977283
0.00056,0.0,0.0,0.3,0.44,386.5853226
0.00056,0.0,0.0,0.4,0.44,388.8070338
0.00056,0.0,0.0,0.5,0.44,389.7790969
0.00056,0.0,0.0,0.6,0.44,390.071719
0.00056,0.0,0.0,0.7,0.44,390.1110757
0.00056,0.0,0.0,0.8,0.44,390.1042136
0.00056,0.0,0.0,0.9,0.44,390.1092067
0.00056,0.0,0.0,1.0,0.44,390.1141671
0.00052,0.0001,1e-05,0.0,0.48,300.0019999
0.00052,0.0001,1e-05,0.1,0.48,361.3450032
0.00052,0.0001,1e-05,0.2,0.48,380.9989592
0.00052,0.0001,1e-05,0.3,0.48,386.5866426
0.00052,0.0001,1e-05,0.4,0.48,388.8083895
0.00052,0.0001,1e-05,0.5,0.48,389.7804682
0.00052,0.0001,1e-05,0.6,0.48,390.073095
0.00052,0.0001,1e-05,0.7,0.48,390.1124523
0.00052,0.0001,1e-05,0.8,0.48,390.1055901
0.00052,0.0001,1e-05,0.9,0.48,390.1105833
0.00052,0.0001,1e-05,1.0,0.48,390.1155438
0.00053,8.27e-05,0.0,0.0,0.47,300.002
0.00053,8.27e-05,0.0,0.1,0.47,361.3492517
0.00053,8.27e-05,0.0,0.2,0.47,381.0045659
0.00053,8.27e-05,0.0,0.3,0.47,386.5926354
0.00053,8.27e-05,0.0,0.4,0.47,388.8145359
0.00053,8.27e-05,0.0,0.5,0.47,389.7866818
0.00053,8.27e-05,0.0,0.6,0.47,390.0793287
0.00053,8.27e-05,0.0,0.7,0.47,390.1186888
0.00053,8.27e-05,0.0,0.8,0.47,390.111826
0.00053,8.27e-05,0.0,0.9,0.47,390.1168196
0.00053,8.27e-05,0.0,1.0,0.47,390.1217804
0.00053,8.27e-05,1e-05,0.0,0.47,300.002
0.00053,8.27e-05,1e-05,0.1,0.47,361.3492517
0.00053,8.27e-05,1e-05,0.2,0.47,381.0045659
0.00053,8.27e-05,1e-05,0.3,0.47,386.5926354
0.00053,8.27e-05,1e-05,0.4,0.47,388.8145359
0.00053,8.27e-05,1e-05,0.5,0.47,389.7866818
0.00053,8.27e-05,1e-05,0.6,0.47,390.0793287
0.00053,8.27e-05,1e-05,0.7,0.47,390.1186888
0.00053,8.27e-05,1e-05,0.8,0.47,390.111826
0.00053,8.27e-05,1e-05,0.9,0.47,390.1168196
0.00053,8.27e-05,1e-05,1.0,0.47,390.1217804
0.00054,0.0001,0.0,0.0,0.46,300.0019999
0.00054,0.0001,0.0,0.1,0.46,361.3446596
0.00054,0.0001,0.0,0.2,0.46,380.9984977
0.00054,0.0001,0.0,0.3,0.46,386.5861477
0.00054,0.0001,0.0,0.4,0.46,388.8078812
0.00054,0.0001,0.0,0.5,0.46,389.7799541
0.00054,0.0001,0.0,0.6,0.46,390.0725791
0.00054,0.0001,0.0,0.7,0.46,390.1119362
0.00054,0.0001,0.0,0.8,0.46,390.105074
0.00054,0.0001,0.0,0.9,0.46,390.1100672
0.00054,0.0001,0.0,1.0,0.46,390.1150276
0.00054,6.69e-05,0.0,0.0,0.46,300.002
0.00054,6.69e-05,0.0,0.1,0.46,361.3514468
0.00054,6.69e-05,0.0,0.2,0.46,381.0074601
0.00054,6.69e-05,0.0,0.3,0.46,386.5957285
0.00054,6.69e-05,0.0,0.4,0.46,388.8177079
0.00054,6.69e-05,0.0,0.5,0.46,389.7898884
0.00054,6.69e-05,0.0,0.6,0.46,390.0825457
0.00054,6.69e-05,0.0,0.7,0.46,390.1219072
0.00054,6.69e-05,0.0,0.8,0.46,390.1150442
0.00054,6.69e-05,0.0,0.9,0.46,390.120038
0.00054,6.69e-05,0.0,1.0,0.46,390.1249989
0.00054,6.69e-05,1e-05,0.0,0.46,300.002
0.00054,6.69e-05,1e-05,0.1,0.46,361.3514468
0.00054,6.69e-05,1e-05,0.2,0.46,381.0074601
0.00054,6.69e-05,1e-05,0.3,0.46,386.5957285
0.00054,6.69e-05,1e-05,0.4,0.46,388.8177079
0.00054,6.69e-05,1e-05,0.5,0.46,389.7898884
0.00054,6.69e-05,1e-05,0.6,0.46,390.0825457
0.00054,6.69e-05,1e-05,0.7,0.46,390.1219072
0.00054,6.69e-05,1e-05,0.8,0.46,390.1150442
0.00054,6.69e-05,1e-05,0.9,0.46,390.120038
0.00054,6.69e-05,1e-05,1.0,0.46,390.124999
0.00055,5.1e-05,0.0,0.0,0.45,300.002
0.00055,5.1e-05,0.0,0.1,0.45,361.3520642
0.00055,5.1e-05,0.0,0.2,0.45,381.0082697
0.00055,5.1e-05,0.0,0.3,0.45,386.5965928
0.00055,5.1e-05,0.0,0.4,0.45,388.8185939
0.00055,5.1e-05,0.0,0.5,0.45,389.7907838
0.00055,5.1e-05,0.0,0.6,0.45,390.0834441
0.00055,5.1e-05,0.0,0.7,0.45,390.1228059
0.00055,5.1e-05,0.0,0.8,0.45,390.1159429
0.00055,5.1e-05,0.0,0.9,0.45,390.1209367
0.00055,5.1e-05,0.0,1.0,0.45,390.1258977
0.00055,5.1e-05,1e-05,0.0,0.45,300.002
0.00055,5.1e-05,1e-05,0.1,0.45,361.3520642
0.00055,5.1e-05,1e-05,0.2,0.45,381.0082697
0.00055,5.1e-05,1e-05,0.3,0.45,386.5965928
0.00055,5.1e-05,1e-05,0.4,0.45,388.8185939
0.00055,5.1e-05,1e-05,0.5,0.45,389.7907838
0.00055,5.1e-05,1e-05,0.6,0.45,390.0834441
0.00055,5.1e-05,1e-05,0.7,0.45,390.1228059
0.00055,5.1e-05,1e-05,0.8,0.45,390.1159429
0.00055,5.1e-05,1e-05,0.9,0.45,390.1209367
0.00055,5.1e-05,1e-05,1.0,0.45,390.1258977
0.00056,5.1e-05,5e-06,0.0,0.44,300.002
0.00056,5.1e-05,5e-06,0.1,0.44,361.3525159
0.00056,5.1e-05,5e-06,0.2,0.44,381.0088592
0.00056,5.1e-05,5e-06,0.3,0.44,386.5972215
0.00056,5.1e-05,5e-06,0.4,0.44,388.819238
0.00056,5.1e-05,5e-06,0.5,0.44,389.7914348
0.00056,5.1e-05,5e-06,0.6,0.44,390.0840971
0.00056,5.1e-05,5e-06,0.7,0.44,390.1234592
0.00056,5.1e-05,5e-06,0.8,0.44,390.1165961
0.00056,5.1e-05,5e-06,0.9,0.44,390.12159
0.00056,5.1e-05,5e-06,1.0,0.44,390.126551
0.00056,3.46e-05,0.0,0.0,0.44,300.002
0.00056,3.46e-05,0.0,0.1,0.44,361.351029
0.00056,3.46e-05,0.0,0.2,0.44,381.0068957
0.00056,3.46e-05,0.0,0.3,0.44,386.5951226
0.00056,3.46e-05,0.0,0.4,0.44,388.8170853
0.00056,3.46e-05,0.0,0.5,0.44,389.7892585
0.00056,3.46e-05,0.0,0.6,0.44,390.0819136
0.00056,3.46e-05,0.0,0.7,0.44,390.1212748
0.00056,3.46e-05,0.0,0.8,0.44,390.1144119
0.00056,3.46e-05,0.0,0.9,0.44,390.1194056
0.00056,3.46e-05,0.0,1.0,0.44,390.1243666
0.00056,3.46e-05,1e-05,0.0,0.44,300.002
0.00056,3.46e-05,1e-05,0.1,0.44,361.351029
0.00056,3.46e-05,1e-05,0.2,0.44,381.0068957
0.00056,3.46e-05,1e-05,0.3,0.44,386.5951226
0.00056,3.46e-05,1e-05,0.4,0.44,388.8170853
0.00056,3.46e-05,1e-05,0.5,0.44,389.7892585
0.00056,3.46e-05,1e-05,0.6,0.44,390.0819136
0.00056,3.46e-05,1e-05,0.7,0.44,390.1212748
0.00056,3.46e-05,1e-05,0.8,0.44,390.1144119
0.00056,3.46e-05,1e-05,0.9,0.44,390.1194056
0.00056,3.46e-05,1e-05,1.0,0.44,390.1243666
0.00057,1.73e-05,0.0,0.0,0.43,300.002
0.00057,1.73e-05,0.0,0.1,0.43,361.3481055
0.00057,1.73e-05,0.0,0.2,0.43,381.0030269
0.00057,1.73e-05,0.0,0.3,0.43,386.5909851
0.00057,1.73e-05,0.0,0.4,0.43,388.8128408
0.00057,1.73e-05,0.0,0.5,0.43,389.7849672
0.00057,1.73e-05,0.0,0.6,0.43,390.0776083
0.00057,1.73e-05,0.0,0.7,0.43,390.1169676
0.00057,1.73e-05,0.0,0.8,0.43,390.110105
0.00057,1.73e-05,0.0,0.9,0.43,390.1150985
0.00057,1.73e-05,0.0,1.0,0.43,390.1200592
0.00057,1.73e-05,1e-05,0.0,0.43,300.002
0.00057,1.73e-05,1e-05,0.1,0.43,361.3481055
0.00057,1.73e-05,1e-05,0.2,0.43,381.0030269
0.00057,1.73e-05,1e-05,0.3,0.43,386.5909851
0.00057,1.73e-05,1e-05,0.4,0.43,388.8128408
0.00057,1.73e-05,1e-05,0.5,0.43,389.7849672
0.00057,1.73e-05,1e-05,0.6,0.43,390.0776083
0.00057,1.73e-05,1e-05,0.7,0.43,390.1169676
0.00057,1.73e-05,1e-05,0.8,0.43,390.110105
0.00057,1.73e-05,1e-05,0.9,0.43,390.1150985
0.00057,1.73e-05,1e-05,1.0,0.43,390.1200592
0.00058,0.0,1e-05,0.0,0.42,300.0019999
0.00058,0.0,1e-05,0.1,0.42,361.3432838
0.00058,0.0,1e-05,0.2,0.42,380.9966506
0.00058,0.0,1e-05,0.3,0.42,386.584167
0.00058,0.0,1e-05,0.4,0.42,388.8058469
0.00058,0.0,1e-05,0.5,0.42,389.7778964
0.00058,0.0,1e-05,0.6,0.42,390.0705144
0.00058,0.0,1e-05,0.7,0.42,390.1098705
0.00058,0.0,1e-05,0.8,0.42,390.1030085
0.00058,0.0,1e-05,0.9,0.42,390.1080016
0.00058,0.0,1e-05,1.0,0.42,390.1129619
0.00058,0.0,0.0,0.0,0.42,300.0019999
0.00058,0.0,0.0,0.1,0.42,361.3432838
0.00058,0.0,0.0,0.2,0.42,380.9966506
0.00058,0.0,0.0,0.3,0.42,386.584167
0.00058,0.0,0.0,0.4,0.42,388.8058469
0.00058,0.0,0.0,0.5,0.42,389.7778964
0.00058,0.0,0.0,0.6,0.42,390.0705143
0.00058,0.0,0.0,0.7,0.42,390.1098705
0.00058,0.0,0.0,0.8,0.42,390.1030085
0.00058,0.0,0.0,0.9,0.42,390.1080016
0.00058,0.0,0.0,1.0,0.42,390.1129619
0.00054,0.0001,1e-05,0.0,0.46,300.0019999
0.00054,0.0001,1e-05,0.1,0.46,361.3446596
0.00054,0.0001,1e-05,0.2,0.46,380.9984977
0.00054,0.0001,1e-05,0.3,0.46,386.5861477
0.00054,0.0001,1e-05,0.4,0.46,388.8078812
0.00054,0.0001,1e-05,0.5,0.46,389.7799541
0.00054,0.0001,1e-05,0.6,0.46,390.0725791
0.00054,0.0001,1e-05,0.7,0.46,390.1119362
0.00054,0.0001,1e-05,0.8,0.46,390.105074
0.00054,0.0001,1e-05,0.9,0.46,390.1100672
0.00054,0.0001,1e-05,1.0,0.46,390.1150276
0.00055,8.31e-05,5e-06,0.0,0.45,300.002
0.00055,8.31e-05,5e-06,0.1,0.45,361.3494698
0.00055,8.31e-05,5e-06,0.2,0.45,381.0048435
0.00055,8.31e-05,5e-06,0.3,0.45,386.5929301
0.00055,8.31e-05,5e-06,0.4,0.45,388.8148372
0.00055,8.31e-05,5e-06,0.5,0.45,389.786986
0.00055,8.31e-05,5e-06,0.6,0.45,390.0796339
0.00055,8.31e-05,5e-06,0.7,0.45,390.118994
0.00055,8.31e-05,5e-06,0.8,0.45,390.1121313
0.00055,8.31e-05,5e-06,0.9,0.45,390.1171249
0.00055,8.31e-05,5e-06,1.0,0.45,390.1220857
0.00055,8.27e-05,0.0,0.0,0.45,300.002
0.00055,8.27e-05,0.0,0.1,0.45,361.3487934
0.00055,8.27e-05,0.0,0.2,0.45,381.0039504
0.00055,8.27e-05,0.0,0.3,0.45,386.5919754
0.00055,8.27e-05,0.0,0.4,0.45,388.813858
0.00055,8.27e-05,0.0,0.5,0.45,389.7859961
0.00055,8.27e-05,0.0,0.6,0.45,390.0786407
0.00055,8.27e-05,0.0,0.7,0.45,390.1180004
0.00055,8.27e-05,0.0,0.8,0.45,390.1111378
0.00055,8.27e-05,0.0,0.9,0.45,390.1161313
0.00055,8.27e-05,0.0,1.0,0.45,390.1210921
0.00055,8.27e-05,1e-05,0.0,0.45,300.002
0.00055,8.27e-05,1e-05,0.1,0.45,361.3487934
0.00055,8.27e-05,1e-05,0.2,0.45,381.0039504
0.00055,8.27e-05,1e-05,0.3,0.45,386.5919754
0.00055,8.27e-05,1e-05,0.4,0.45,388.813858
0.00055,8.27e-05,1e-05,0.5,0.45,389.7859961
0.00055,8.27e-05,1e-05,0.6,0.45,390.0786407
0.00055,8.27e-05,1e-05,0.7,0.45,390.1180004
0.00055,8.27e-05,1e-05,0.8,0.45,390.1111378
0.00055,8.27e-05,1e-05,0.9,0.45,390.1161313
0.00055,8.27e-05,1e-05,1.0,0.45,390.1210921
0.00056,0.0001,0.0,0.0,0.44,300.0019999
0.00056,0.0001,0.0,0.1,0.44,361.3440866
0.00056,0.0001,0.0,0.2,0.44,380.9977283
0.00056,0.0001,0.0,0.3,0.44,386.5853226
0.00056,0.0001,0.0,0.4,0.44,388.8070338
0.00056,0.0001,0.0,0.5,0.44,389.7790969
0.00056,0.0001,0.0,0.6,0.44,390.071719
0.00056,0.0001,0.0,0.7,0.44,390.1110757
0.00056,0.0001,0.0,0.8,0.44,390.1042136
0.00056,0.0001,0.0,0.9,0.44,390.1092067
0.00056,0.0001,0.0,1.0,0.44,390.1141671
0.00056,6.69e-05,0.0,0.0,0.44,300.002
0.00056,6.69e-05,0.0,0.1,0.44,361.3508737
0.00056,6.69e-05,0.0,0.2,0.44,381.0066906
0.00056,6.69e-05,0.0,0.3,0.44,386.5949033
0.00056,6.69e-05,0.0,0.4,0.44,388.8168604
0.00056,6.69e-05,0.0,0.5,0.44,389.7890311
0.00056,6.69e-05,0.0,0.6,0.44,390.0816856
0.00056,6.69e-05,0.0,0.7,0.44,390.1210466
0.00056,6.69e-05,0.0,0.8,0.44,390.1141837
0.00056,6.69e-05,0.0,0.9,0.44,390.1191774
0.00056,6.69e-05,0.0,1.0,0.44,390.1241384
0.00056,6.69e-05,1e-05,0.0,0.44,300.002
0.00056,6.69e-05,1e-05,0.1,0.44,361.3508737
0.00056,6.69e-05,1e-05,0.2,0.44,381.0066906
0.00056,6.69e-05,1e-05,0.3,0.44,386.5949033
0.00056,6.69e-05,1e-05,0.4,0.44,388.8168604
0.00056,6.69e-05,1e-05,0.5,0.44,389.7890311
0.00056,6.69e-05,1e-05,0.6,0.44,390.0816856
0.00056,6.69e-05,1e-05,0.7,0.44,390.1210466
0.00056,6.69e-05,1e-05,0.8,0.44,390.1141837
0.00056,6.69e-05,1e-05,0.9,0.44,390.1191774
0.00056,6.69e-05,1e-05,1.0,0.44,390.1241384
0.00057,5.1e-05,1e-05,0.0,0.43,300.002
0.00057,5.1e-05,1e-05,0.1,0.43,361.3513763
0.00057,5.1e-05,1e-05,0.2,0.43,381.0073461
0.00057,5.1e-05,1e-05,0.3,0.43,386.5956024
0.00057,5.1e-05,1e-05,0.4,0.43,388.8175766
0.00057,5.1e-05,1e-05,0.5,0.43,389.7897549
0.00057,5.1e-05,1e-05,0.6,0.43,390.0824116
0.00057,5.1e-05,1e-05,0.7,0.43,390.121773
0.00057,5.1e-05,1e-05,0.8,0.43,390.11491
0.00057,5.1e-05,1e-05,0.9,0.43,390.1199038
0.00057,5.1e-05,1e-05,1.0,0.43,390.1248648
0.00057,5.1e-05,0.0,0.0,0.43,300.002
0.00057,5.1e-05,0.0,0.1,0.43,361.3513763
0.00057,5.1e-05,0.0,0.2,0.43,381.0073461
0.00057,5.1e-05,0.0,0.3,0.43,386.5956024
0.00057,5.1e-05,0.0,0.4,0.43,388.8175766
0.00057,5.1e-05,0.0,0.5,0.43,389.7897549
0.00057,5.1e-05,0.0,0.6,0.43,390.0824116
0.00057,5.1e-05,0.0,0.7,0.43,390.121773
0.00057,5.1e-05,0.0,0.8,0.43,390.11491
0.00057,5.1e-05,0.0,0.9,0.43,390.1199038
0.00057,5.1e-05,0.0,1.0,0.43,390.1248648
0.00058,3.46e-05,1e-05,0.0,0.42,300.002
0.00058,3.46e-05,1e-05,0.1,0.42,361.3502262
0.00058,3.46e-05,1e-05,0.2,0.42,381.0058179
0.00058,3.46e-05,1e-05,0.3,0.42,386.5939668
0.00058,3.46e-05,1e-05,0.4,0.42,388.8158982
0.00058,3.46e-05,1e-05,0.5,0.42,389.7880578
0.00058,3.46e-05,1e-05,0.6,0.42,390.0807089
0.00058,3.46e-05,1e-05,0.7,0.42,390.1200695
0.00058,3.46e-05,1e-05,0.8,0.42,390.1132066
0.00058,3.46e-05,1e-05,0.9,0.42,390.1182003
0.00058,3.46e-05,1e-05,1.0,0.42,390.1231612
0.00058,3.46e-05,0.0,0.0,0.42,300.002
0.00058,3.46e-05,0.0,0.1,0.42,361.3502262
0.00058,3.46e-05,0.0,0.2,0.42,381.0058179
0.00058,3.46e-05,0.0,0.3,0.42,386.5939668
0.00058,3.46e-05,0.0,0.4,0.42,388.8158982
0.00058,3.46e-05,0.0,0.5,0.42,389.7880578
0.00058,3.46e-05,0.0,0.6,0.42,390.0807089
0.00058,3.46e-05,0.0,0.7,0.42,390.1200695
0.00058,3.46e-05,0.0,0.8,0.42,390.1132066
0.00058,3.46e-05,0.0,0.9,0.42,390.1182003
0.00058,3.46e-05,0.0,1.0,0.42,390.1231612
0.00059,1.73e-05,0.0,0.0,0.41,300.002
0.00059,1.73e-05,0.0,0.1,0.41,361.3471876
0.00059,1.73e-05,0.0,0.2,0.41,381.0017948
0.00059,1.73e-05,0.0,0.3,0.41,386.5896639
0.00059,1.73e-05,0.0,0.4,0.41,388.8114838
0.00059,1.73e-05,0.0,0.5,0.41,389.7835947
0.00059,1.73e-05,0.0,0.6,0.41,390.0762311
0.00059,1.73e-05,0.0,0.7,0.41,390.1155898
0.00059,1.73e-05,0.0,0.8,0.41,390.1087273
0.00059,1.73e-05,0.0,0.9,0.41,390.1137207
0.00059,1.73e-05,0.0,1.0,0.41,390.1186813
0.00059,1.73e-05,1e-05,0.0,0.41,300.002
0.00059,1.73e-05,1e-05,0.1,0.41,361.3471876
0.00059,1.73e-05,1e-05,0.2,0.41,381.0017948
0.00059,1.73e-05,1e-05,0.3,0.41,386.5896638
0.00059,1.73e-05,1e-05,0.4,0.41,388.8114838
0.00059,1.73e-05,1e-05,0.5,0.41,389.7835947
0.00059,1.73e-05,1e-05,0.6,0.41,390.0762311
0.00059,1.73e-05,1e-05,0.7,0.41,390.1155898
0.00059,1.73e-05,1e-05,0.8,0.41,390.1087273
0.00059,1.73e-05,1e-05,0.9,0.41,390.1137207
0.00059,1.73e-05,1e-05,1.0,0.41,390.1186813
0.0006,0.0,1e-05,0.0,0.4,300.0019999
0.0006,0.0,1e-05,0.1,0.4,361.3422507
0.0006,0.0,1e-05,0.2,0.4,380.9952641
0.0006,0.0,1e-05,0.3,0.4,386.5826802
0.0006,0.0,1e-05,0.4,0.4,388.8043199
0.0006,0.0,1e-05,0.5,0.4,389.7763519
0.0006,0.0,1e-05,0.6,0.4,390.0689646
0.0006,0.0,1e-05,0.7,0.4,390.1083201
0.0006,0.0,1e-05,0.8,0.4,390.1014581
0.0006,0.0,1e-05,0.9,0.4,390.1064512
0.0006,0.0,1e-05,1.0,0.4,390.1114114
0.0006,0.0,0.0,0.0,0.4,300.0019999
0.0006,0.0,0.0,0.1,0.4,361.3422507
0.0006,0.0,0.0,0.2,0.4,380.9952641
0.0006,0.0,0.0,0.3,0.4,386.5826802
0.0006,0.0,0.0,0.4,0.4,388.8043199
0.0006,0.0,0.0,0.5,0.4,389.7763519
0.0006,0.0,0.0,0.6,0.4,390.0689646
0.0006,0.0,0.0,0.7,0.4,390.1083201
0.0006,0.0,0.0,0.8,0.4,390.1014581
0.0006,0.0,0.0,0.9,0.4,390.1064512
0.0006,0.0,0.0,1.0,0.4,390.1114114
0.00056,0.0001,1e-05,0.0,0.44,300.0019999
0.00056,0.0001,1e-05,0.1,0.44,361.3440866
0.00056,0.0001,1e-05,0.2,0.44,380.9977283
0.00056,0.0001,1e-05,0.3,0.44,386.5853226
0.00056,0.0001,1e-05,0.4,0.44,388.8070338
0.00056,0.0001,1e-05,0.5,0.44,389.7790969
0.00056,0.0001,1e-05,0.6,0.44,390.071719
0.00056,0.0001,1e-05,0.7,0.44,390.1110757
0.00056,0.0001,1e-05,0.8,0.44,390.1042136
0.00056,0.0001,1e-05,0.9,0.44,390.1092067
0.00056,0.0001,1e-05,1.0,0.44,390.1141671
0.00057,8.27e-05,0.0,0.0,0.43,300.002
0.00057,8.27e-05,0.0,0.1,0.43,361.3481055
0.00057,8.27e-05,0.0,0.2,0.43,381.0030269
0.00057,8.27e-05,0.0,0.3,0.43,386.5909851
0.00057,8.27e-05,0.0,0.4,0.43,388.8128408
0.00057,8.27e-05,0.0,0.5,0.43,389.7849672
0.00057,8.27e-05,0.0,0.6,0.43,390.0776083
0.00057,8.27e-05,0.0,0.7,0.43,390.1169676
0.00057,8.27e-05,0.0,0.8,0.43,390.110105
0.00057,8.27e-05,0.0,0.9,0.43,390.1150985
0.00057,8.27e-05,0.0,1.0,0.43,390.1200592
0.00057,8.27e-05,1e-05,0.0,0.43,300.002
0.00057,8.27e-05,1e-05,0.1,0.43,361.3481055
0.00057,8.27e-05,1e-05,0.2,0.43,381.0030269
0.00057,8.27e-05,1e-05,0.3,0.43,386.5909851
0.00057,8.27e-05,1e-05,0.4,0.43,388.8128408
0.00057,8.27e-05,1e-05,0.5,0.43,389.7849672
0.00057,8.27e-05,1e-05,0.6,0.43,390.0776083
0.00057,8.27e-05,1e-05,0.7,0.43,390.1169676
0.00057,8.27e-05,1e-05,0.8,0.43,390.110105
0.00057,8.27e-05,1e-05,0.9,0.43,390.1150985
0.00057,8.27e-05,1e-05,1.0,0.43,390.1200592
0.00058,0.0001,0.0,0.0,0.42,300.0019999
0.00058,0.0001,0.0,0.1,0.42,361.3432838
0.00058,0.0001,0.0,0.2,0.42,380.9966506
0.00058,0.0001,0.0,0.3,0.42,386.584167
0.00058,0.0001,0.0,0.4,0.42,388.8058469
0.00058,0.0001,0.0,0.5,0.42,389.7778964
0.00058,0.0001,0.0,0.6,0.42,390.0705143
0.00058,0.0001,0.0,0.7,0.42,390.1098705
0.00058,0.0001,0.0,0.8,0.42,390.1030085
0.00058,0.0001,0.0,0.9,0.42,390.1080016
0.00058,0.0001,0.0,1.0,0.42,390.1129619
0.00058,6.69e-05,0.0,0.0,0.42,300.002
0.00058,6.69e-05,0.0,0.1,0.42,361.3500708
0.00058,6.69e-05,0.0,0.2,0.42,381.0056128
0.00058,6.69e-05,0.0,0.3,0.42,386.5937475
0.00058,6.69e-05,0.0,0.4,0.42,388.8156733
0.00058,6.69e-05,0.0,0.5,0.42,389.7878304
0.00058,6.69e-05,0.0,0.6,0.42,390.0804808
0.00058,6.69e-05,0.0,0.7,0.42,390.1198413
0.00058,6.69e-05,0.0,0.8,0.42,390.1129785
0.00058,6.69e-05,0.0,0.9,0.42,390.1179721
0.00058,6.69e-05,0.0,1.0,0.42,390.122933
0.00058,6.69e-05,1e-05,0.0,0.42,300.002
0.00058,6.69e-05,1e-05,0.1,0.42,361.3500708
0.00058,6.69e-05,1e-05,0.2,0.42,381.0056128
0.00058,6.69e-05,1e-05,0.3,0.42,386.5937475
0.00058,6.69e-05,1e-05,0.4,0.42,388.8156733
0.00058,6.69e-05,1e-05,0.5,0.42,389.7878304
0.00058,6.69e-05,1e-05,0.6,0.42,390.0804808
0.00058,6.69e-05,1e-05,0.7,0.42,390.1198413
0.00058,6.69e-05,1e-05,0.8,0.42,390.1129785
0.00058,6.69e-05,1e-05,0.9,0.42,390.1179721
0.00058,6.69e-05,1e-05,1.0,0.42,390.122933
0.00059,5.1e-05,1e-05,0.0,0.41,300.002
0.00059,5.1e-05,1e-05,0.1,0.41,361.3504583
0.00059,5.1e-05,1e-05,0.2,0.41,381.0061139
0.00059,5.1e-05,1e-05,0.3,0.41,386.5942811
0.00059,5.1e-05,1e-05,0.4,0.41,388.8162196
0.00059,5.1e-05,1e-05,0.5,0.41,389.7883823
0.00059,5.1e-05,1e-05,0.6,0.41,390.0810343
0.00059,5.1e-05,1e-05,0.7,0.41,390.1203951
0.00059,5.1e-05,1e-05,0.8,0.41,390.1135322
0.00059,5.1e-05,1e-05,0.9,0.41,390.1185259
0.00059,5.1e-05,1e-05,1.0,0.41,390.1234868
0.00059,5.1e-05,0.0,0.0,0.41,300.002
0.00059,5.1e-05,0.0,0.1,0.41,361.3504583
0.00059,5.1e-05,0.0,0.2,0.41,381.0061139
0.00059,5.1e-05,0.0,0.3,0.41,386.5942811
0.00059,5.1e-05,0.0,0.4,0.41,388.8162196
0.00059,5.1e-05,0.0,0.5,0.41,389.7883823
0.00059,5.1e-05,0.0,0.6,0.41,390.0810343
0.00059,5.1e-05,0.0,0.7,0.41,390.1203951
0.00059,5.1e-05,0.0,0.8,0.41,390.1135322
0.00059,5.1e-05,0.0,0.9,0.41,390.1185259
0.00059,5.1e-05,0.0,1.0,0.41,390.1234868
0.0006,3.46e-05,0.0,0.0,0.4,300.002
0.0006,3.46e-05,0.0,0.1,0.4,361.349193
0.0006,3.46e-05,0.0,0.2,0.4,381.0044313
0.0006,3.46e-05,0.0,0.3,0.4,386.5924799
0.0006,3.46e-05,0.0,0.4,0.4,388.8143711
0.0006,3.46e-05,0.0,0.5,0.4,389.7865131
0.0006,3.46e-05,0.0,0.6,0.4,390.0791589
0.0006,3.46e-05,0.0,0.7,0.4,390.1185189
0.0006,3.46e-05,0.0,0.8,0.4,390.1116561
0.0006,3.46e-05,0.0,0.9,0.4,390.1166497
0.0006,3.46e-05,0.0,1.0,0.4,390.1216105
0.0006,3.46e-05,1e-05,0.0,0.4,300.002
0.0006,3.46e-05,1e-05,0.1,0.4,361.349193
0.0006,3.46e-05,1e-05,0.2,0.4,381.0044313
0.0006,3.46e-05,1e-05,0.3,0.4,386.5924799
0.0006,3.46e-05,1e-05,0.4,0.4,388.8143711
0.0006,3.46e-05,1e-05,0.5,0.4,389.7865131
0.0006,3.46e-05,1e-05,0.6,0.4,390.0791589
0.0006,3.46e-05,1e-05,0.7,0.4,390.1185189
0.0006,3.46e-05,1e-05,0.8,0.4,390.1116561
0.0006,3.46e-05,1e-05,0.9,0.4,390.1166497
0.0006,3.46e-05,1e-05,1.0,0.4,390.1216105
0.00061,1.73e-05,0.0,0.0,0.39,300.002
0.00061,1.73e-05,0.0,0.1,0.39,361.3460391
0.00061,1.73e-05,0.0,0.2,0.39,381.0002535
0.00061,1.73e-05,0.0,0.3,0.39,386.5880112
0.00061,1.73e-05,0.0,0.4,0.39,388.8097865
0.00061,1.73e-05,0.0,0.5,0.39,389.7818779
0.00061,1.73e-05,0.0,0.6,0.39,390.0745084
0.00061,1.73e-05,0.0,0.7,0.39,390.1138663
0.00061,1.73e-05,0.0,0.8,0.39,390.107004
0.00061,1.73e-05,0.0,0.9,0.39,390.1119973
0.00061,1.73e-05,0.0,1.0,0.39,390.1169578
0.00061,1.73e-05,1e-05,0.0,0.39,300.002
0.00061,1.73e-05,1e-05,0.1,0.39,361.3460391
0.00061,1.73e-05,1e-05,0.2,0.39,381.0002535
0.00061,1.73e-05,1e-05,0.3,0.39,386.5880112
0.00061,1.73e-05,1e-05,0.4,0.39,388.8097865
0.00061,1.73e-05,1e-05,0.5,0.39,389.7818779
0.00061,1.73e-05,1e-05,0.6,0.39,390.0745084
0.00061,1.73e-05,1e-05,0.7,0.39,390.1138663
0.00061,1.73e-05,1e-05,0.8,0.39,390.107004
0.00061,1.73e-05,1e-05,0.9,0.39,390.1119973
0.00061,1.73e-05,1e-05,1.0,0.39,390.1169578
0.00062,0.0,1e-05,0.0,0.38,300.0019999
0.00062,0.0,1e-05,0.1,0.38,361.3409868
0.00062,0.0,1e-05,0.2,0.38,380.9935681
0.00062,0.0,1e-05,0.3,0.38,386.5808617
0.00062,0.0,1e-05,0.4,0.38,388.8024522
0.00062,0.0,1e-05,0.5,0.38,389.7744628
0.00062,0.0,1e-05,0.6,0.38,390.0670691
0.00062,0.0,1e-05,0.7,0.38,390.1064237
0.00062,0.0,1e-05,0.8,0.38,390.0995619
0.00062,0.0,1e-05,0.9,0.38,390.1045548
0.00062,0.0,1e-05,1.0,0.38,390.109515
0.00062,0.0,0.0,0.0,0.38,300.0019999
0.00062,0.0,0.0,0.1,0.38,361.3409867
0.00062,0.0,0.0,0.2,0.38,380.9935681
0.00062,0.0,0.0,0.3,0.38,386.5808617
0.00062,0.0,0.0,0.4,0.38,388.8024522
0.00062,0.0,0.0,0.5,0.38,389.7744628
0.00062,0.0,0.0,0.6,0.38,390.0670691
0.00062,0.0,0.0,0.7,0.38,390.1064237
0.00062,0.0,0.0,0.8,0.38,390.0995619
0.00062,0.0,0.0,0.9,0.38,390.1045548
0.00062,0.0,0.0,1.0,0.38,390.109515
0.00058,0.0001,1e-05,0.0,0.42,300.0019999
0.00058,0.0001,1e-05,0.1,0.42,361.3432838
0.00058,0.0001,1e-05,0.2,0.42,380.9966506
0.00058,0.0001,1e-05,0.3,0.42,386.584167
0.00058,0.0001,1e-05,0.4,0.42,388.8058469
0.00058,0.0001,1e-05,0.5,0.42,389.7778964
0.00058,0.0001,1e-05,0.6,0.42,390.0705144
0.00058,0.0001,1e-05,0.7,0.42,390.1098705
0.00058,0.0001,1e-05,0.8,0.42,390.1030085
0.00058,0.0001,1e-05,0.9,0.42,390.1080016
0.00058,0.0001,1e-05,1.0,0.42,390.1129619
0.00059,8.27e-05,0.0,0.0,0.41,300.002
0.00059,8.27e-05,0.0,0.1,0.41,361.3471876
0.00059,8.27e-05,0.0,0.2,0.41,381.0017948
0.00059,8.27e-05,0.0,0.3,0.41,386.5896639
0.00059,8.27e-05,0.0,0.4,0.41,388.8114838
0.00059,8.27e-05,0.0,0.5,0.41,389.7835947
0.00059,8.27e-05,0.0,0.6,0.41,390.0762311
0.00059,8.27e-05,0.0,0.7,0.41,390.1155898
0.00059,8.27e-05,0.0,0.8,0.41,390.1087273
0.00059,8.27e-05,0.0,0.9,0.41,390.1137207
0.00059,8.27e-05,0.0,1.0,0.41,390.1186813
0.00059,8.27e-05,1e-05,0.0,0.41,300.002
0.00059,8.27e-05,1e-05,0.1,0.41,361.3471876
0.00059,8.27e-05,1e-05,0.2,0.41,381.0017948
0.00059,8.27e-05,1e-05,0.3,0.41,386.5896639
0.00059,8.27e-05,1e-05,0.4,0.41,388.8114838
0.00059,8.27e-05,1e-05,0.5,0.41,389.7835947
0.00059,8.27e-05,1e-05,0.6,0.41,390.0762311
0.00059,8.27e-05,1e-05,0.7,0.41,390.1155898
0.00059,8.27e-05,1e-05,0.8,0.41,390.1087273
0.00059,8.27e-05,1e-05,0.9,0.41,390.1137207
0.00059,8.27e-05,1e-05,1.0,0.41,390.1186813
0.0006,0.0001,0.0,0.0,0.4,300.0019999
0.0006,0.0001,0.0,0.1,0.4,361.3422507
0.0006,0.0001,0.0,0.2,0.4,380.9952641
0.0006,0.0001,0.0,0.3,0.4,386.5826802
0.0006,0.0001,0.0,0.4,0.4,388.8043199
0.0006,0.0001,0.0,0.5,0.4,389.7763519
0.0006,0.0001,0.0,0.6,0.4,390.0689646
0.0006,0.0001,0.0,0.7,0.4,390.1083201
0.0006,0.0001,0.0,0.8,0.4,390.1014581
0.0006,0.0001,0.0,0.9,0.4,390.1064512
0.0006,0.0001,0.0,1.0,0.4,390.1114114
0.0006,6.69e-05,0.0,0.0,0.4,300.002
0.0006,6.69e-05,0.0,0.1,0.4,361.3490377
0.0006,6.69e-05,0.0,0.2,0.4,381.0042262
0.0006,6.69e-05,0.0,0.3,0.4,386.5922606
0.0006,6.69e-05,0.0,0.4,0.4,388.8141462
0.0006,6.69e-05,0.0,0.5,0.4,389.7862858
0.0006,6.69e-05,0.0,0.6,0.4,390.0789308
0.0006,6.69e-05,0.0,0.7,0.4,390.1182907
0.0006,6.69e-05,0.0,0.8,0.4,390.111428
0.0006,6.69e-05,0.0,0.9,0.4,390.1164216
0.0006,6.69e-05,0.0,1.0,0.4,390.1213823
0.0006,6.69e-05,1e-05,0.0,0.4,300.002
0.0006,6.69e-05,1e-05,0.1,0.4,361.3490377
0.0006,6.69e-05,1e-05,0.2,0.4,381.0042262
0.0006,6.69e-05,1e-05,0.3,0.4,386.5922606
0.0006,6.69e-05,1e-05,0.4,0.4,388.8141462
0.0006,6.69e-05,1e-05,0.5,0.4,389.7862858
0.0006,6.69e-05,1e-05,0.6,0.4,390.0789308
0.0006,6.69e-05,1e-05,0.7,0.4,390.1182907
0.0006,6.69e-05,1e-05,0.8,0.4,390.111428
0.0006,6.69e-05,1e-05,0.9,0.4,390.1164216
0.0006,6.69e-05,1e-05,1.0,0.4,390.1213823
0.00061,5.1e-05,1e-05,0.0,0.39,300.002
0.00061,5.1e-05,1e-05,0.1,0.39,361.3493097
0.00061,5.1e-05,1e-05,0.2,0.39,381.0045726
0.00061,5.1e-05,1e-05,0.3,0.39,386.5926283
0.00061,5.1e-05,1e-05,0.4,0.39,388.8145221
0.00061,5.1e-05,1e-05,0.5,0.39,389.7866654
0.00061,5.1e-05,1e-05,0.6,0.39,390.0793116
0.00061,5.1e-05,1e-05,0.7,0.39,390.1186716
0.00061,5.1e-05,1e-05,0.8,0.39,390.1118088
0.00061,5.1e-05,1e-05,0.9,0.39,390.1168024
0.00061,5.1e-05,1e-05,1.0,0.39,390.1217632
0.00061,5.1e-05,0.0,0.0,0.39,300.002
0.00061,5.1e-05,0.0,0.1,0.39,361.3493097
0.00061,5.1e-05,0.0,0.2,0.39,381.0045726
0.00061,5.1e-05,0.0,0.3,0.39,386.5926283
0.00061,5.1e-05,0.0,0.4,0.39,388.8145221
0.00061,5.1e-05,0.0,0.5,0.39,389.7866654
0.00061,5.1e-05,0.0,0.6,0.39,390.0793116
0.00061,5.1e-05,0.0,0.7,0.39,390.1186716
0.00061,5.1e-05,0.0,0.8,0.39,390.1118088
0.00061,5.1e-05,0.0,0.9,0.39,390.1168024
0.00061,5.1e-05,0.0,1.0,0.39,390.1217632
0.00062,3.46e-05,0.0,0.0,0.38,300.002
0.00062,3.46e-05,0.0,0.1,0.38,361.3479289
0.00062,3.46e-05,0.0,0.2,0.38,381.0027351
0.00062,3.46e-05,0.0,0.3,0.38,386.5906611
0.00062,3.46e-05,0.0,0.4,0.38,388.8125032
0.00062,3.46e-05,0.0,0.5,0.38,389.7846238
0.00062,3.46e-05,0.0,0.6,0.38,390.0772632
0.00062,3.46e-05,0.0,0.7,0.38,390.1166223
0.00062,3.46e-05,0.0,0.8,0.38,390.1097597
0.00062,3.46e-05,0.0,0.9,0.38,390.1147532
0.00062,3.46e-05,0.0,1.0,0.38,390.1197139
0.00062,3.46e-05,1e-05,0.0,0.38,300.002
0.00062,3.46e-05,1e-05,0.1,0.38,361.3479289
0.00062,3.46e-05,1e-05,0.2,0.38,381.0027351
0.00062,3.46e-05,1e-05,0.3,0.38,386.5906611
0.00062,3.46e-05,1e-05,0.4,0.38,388.8125032
0.00062,3.46e-05,1e-05,0.5,0.38,389.7846238
0.00062,3.46e-05,1e-05,0.6,0.38,390.0772632
0.00062,3.46e-05,1e-05,0.7,0.38,390.1166223
0.00062,3.46e-05,1e-05,0.8,0.38,390.1097597
0.00062,3.46e-05,1e-05,0.9,0.38,390.1147532
0.00062,3.46e-05,1e-05,1.0,0.38,390.1197139
0.00063,1.73e-05,5e-06,0.0,0.37,300.002
0.00063,1.73e-05,5e-06,0.1,0.37,361.345426
0.00063,1.73e-05,5e-06,0.2,0.37,380.9994148
0.00063,1.73e-05,5e-06,0.3,0.37,386.5871086
0.00063,1.73e-05,5e-06,0.4,0.37,388.8088581
0.00063,1.73e-05,5e-06,0.5,0.37,389.7809383
0.00063,1.73e-05,5e-06,0.6,0.37,390.0735655
0.00063,1.73e-05,5e-06,0.7,0.37,390.112923
0.00063,1.73e-05,5e-06,0.8,0.37,390.1060607
0.00063,1.73e-05,5e-06,0.9,0.37,390.1110539
0.00063,1.73e-05,5e-06,1.0,0.37,390.1160144
0.00063,1.73e-05,0.0,0.0,0.37,300.002
0.00063,1.73e-05,0.0,0.1,0.37,361.3446592
0.00063,1.73e-05,0.0,0.2,0.37,380.9984023
0.00063,1.73e-05,0.0,0.3,0.37,386.5860263
0.00063,1.73e-05,0.0,0.4,0.37,388.807748
0.00063,1.73e-05,0.0,0.5,0.37,389.779816
0.00063,1.73e-05,0.0,0.6,0.37,390.0724396
0.00063,1.73e-05,0.0,0.7,0.37,390.1117966
0.00063,1.73e-05,0.0,0.8,0.37,390.1049343
0.00063,1.73e-05,0.0,0.9,0.37,390.1099276
0.00063,1.73e-05,0.0,1.0,0.37,390.114888
0.00063,1.73e-05,1e-05,0.0,0.37,300.002
0.00063,1.73e-05,1e-05,0.1,0.37,361.3446592
0.00063,1.73e-05,1e-05,0.2,0.37,380.9984023
0.00063,1.73e-05,1e-05,0.3,0.37,386.5860263
0.00063,1.73e-05,1e-05,0.4,0.37,388.807748
0.00063,1.73e-05,1e-05,0.5,0.37,389.779816
0.00063,1.73e-05,1e-05,0.6,0.37,390.0724396
0.00063,1.73e-05,1e-05,0.7,0.37,390.1117966
0.00063,1.73e-05,1e-05,0.8,0.37,390.1049343
0.00063,1.73e-05,1e-05,0.9,0.37,390.1099276
0.00063,1.73e-05,1e-05,1.0,0.37,390.114888
0.00064,0.0,1e-05,0.0,0.36,300.0019999
0.00064,0.0,1e-05,0.1,0.36,361.339491
0.00064,0.0,1e-05,0.2,0.36,380.9915618
0.00064,0.0,1e-05,0.3,0.36,386.5787105
0.00064,0.0,1e-05,0.4,0.36,388.800243
0.00064,0.0,1e-05,0.5,0.36,389.7722283
0.00064,0.0,1e-05,0.6,0.36,390.0648269
0.00064,0.0,1e-05,0.7,0.36,390.1041806
0.00064,0.0,1e-05,0.8,0.36,390.097319
0.00064,0.0,1e-05,0.9,0.36,390.1023117
0.00064,0.0,1e-05,1.0,0.36,390.1072718
0.00064,0.0,0.0,0.0,0.36,300.0019999
0.00064,0.0,0.0,0.1,0.36,361.339491
0.00064,0.0,0.0,0.2,0.36,380.9915618
0.00064,0.0,0.0,0.3,0.36,386.5787105
0.00064,0.0,0.0,0.4,0.36,388.800243
0.00064,0.0,0.0,0.5,0.36,389.7722283
0.00064,0.0,0.0,0.6,0.36,390.0648269
0.00064,0.0,0.0,0.7,0.36,390.1041806
0.00064,0.0,0.0,0.8,0.36,390.097319
0.00064,0.0,0.0,0.9,0.36,390.1023117
0.00064,0.0,0.0,1.0,0.36,390.1072718
0.0006,0.0001,1e-05,0.0,0.4,300.0019999
0.0006,0.0001,1e-05,0.1,0.4,361.3422507
0.0006,0.0001,1e-05,0.2,0.4,380.9952641
0.0006,0.0001,1e-05,0.3,0.4,386.5826802
0.0006,0.0001,1e-05,0.4,0.4,388.8043199
0.0006,0.0001,1e-05,0.5,0.4,389.7763519
0.0006,0.0001,1e-05,0.6,0.4,390.0689646
0.0006,0.0001,1e-05,0.7,0.4,390.1083201
0.0006,0.0001,1e-05,0.8,0.4,390.1014581
0.0006,0.0001,1e-05,0.9,0.4,390.1064512
0.0006,0.0001,1e-05,1.0,0.4,390.1114114
0.00061,8.27e-05,0.0,0.0,0.39,300.002
0.00061,8.27e-05,0.0,0.1,0.39,361.3460391
0.00061,8.27e-05,0.0,0.2,0.39,381.0002535
0.00061,8.27e-05,0.0,0.3,0.39,386.5880112
0.00061,8.27e-05,0.0,0.4,0.39,388.8097865
0.00061,8.27e-05,0.0,0.5,0.39,389.7818779
0.00061,8.27e-05,0.0,0.6,0.39,390.0745084
0.00061,8.27e-05,0.0,0.7,0.39,390.1138663
0.00061,8.27e-05,0.0,0.8,0.39,390.107004
0.00061,8.27e-05,0.0,0.9,0.39,390.1119973
0.00061,8.27e-05,0.0,1.0,0.39,390.1169578
0.00061,8.27e-05,1e-05,0.0,0.39,300.002
0.00061,8.27e-05,1e-05,0.1,0.39,361.3460391
0.00061,8.27e-05,1e-05,0.2,0.39,381.0002535
0.00061,8.27e-05,1e-05,0.3,0.39,386.5880112
0.00061,8.27e-05,1e-05,0.4,0.39,388.8097865
0.00061,8.27e-05,1e-05,0.5,0.39,389.7818779
0.00061,8.27e-05,1e-05,0.6,0.39,390.0745084
0.00061,8.27e-05,1e-05,0.7,0.39,390.1138663
0.00061,8.27e-05,1e-05,0.8,0.39,390.107004
0.00061,8.27e-05,1e-05,0.9,0.39,390.1119973
0.00061,8.27e-05,1e-05,1.0,0.39,390.1169578
0.00062,0.0001,0.0,0.0,0.38,300.0019999
0.00062,0.0001,0.0,0.1,0.38,361.3409867
0.00062,0.0001,0.0,0.2,0.38,380.9935681
0.00062,0.0001,0.0,0.3,0.38,386.5808617
0.00062,0.0001,0.0,0.4,0.38,388.8024522
0.00062,0.0001,0.0,0.5,0.38,389.7744628
0.00062,0.0001,0.0,0.6,0.38,390.0670691
0.00062,0.0001,0.0,0.7,0.38,390.1064237
0.00062,0.0001,0.0,0.8,0.38,390.0995619
0.00062,0.0001,0.0,0.9,0.38,390.1045548
0.00062,0.0001,0.0,1.0,0.38,390.109515
0.00062,6.69e-05,0.0,0.0,0.38,300.002
0.00062,6.69e-05,0.0,0.1,0.38,361.3477736
0.00062,6.69e-05,0.0,0.2,0.38,381.00253
0.00062,6.69e-05,0.0,0.3,0.38,386.5904419
0.00062,6.69e-05,0.0,0.4,0.38,388.8122783
0.00062,6.69e-05,0.0,0.5,0.38,389.7843965
0.00062,6.69e-05,0.0,0.6,0.38,390.0770351
0.00062,6.69e-05,0.0,0.7,0.38,390.1163941
0.00062,6.69e-05,0.0,0.8,0.38,390.1095315
0.00062,6.69e-05,0.0,0.9,0.38,390.114525
0.00062,6.69e-05,0.0,1.0,0.38,390.1194857
0.00062,6.69e-05,1e-05,0.0,0.38,300.002
0.00062,6.69e-05,1e-05,0.1,0.38,361.3477736
0.00062,6.69e-05,1e-05,0.2,0.38,381.00253
0.00062,6.69e-05,1e-05,0.3,0.38,386.5904419
0.00062,6.69e-05,1e-05,0.4,0.38,388.8122783
0.00062,6.69e-05,1e-05,0.5,0.38,389.7843965
0.00062,6.69e-05,1e-05,0.6,0.38,390.0770351
0.00062,6.69e-05,1e-05,0.7,0.38,390.1163941
0.00062,6.69e-05,1e-05,0.8,0.38,390.1095315
0.00062,6.69e-05,1e-05,0.9,0.38,390.114525
0.00062,6.69e-05,1e-05,1.0,0.38,390.1194857
0.00063,5.1e-05,1e-05,0.0,0.37,300.002
0.00063,5.1e-05,1e-05,0.1,0.37,361.3479298
0.00063,5.1e-05,1e-05,0.2,0.37,381.0027213
0.00063,5.1e-05,1e-05,0.3,0.37,386.5906434
0.00063,5.1e-05,1e-05,0.4,0.37,388.8124835
0.00063,5.1e-05,1e-05,0.5,0.37,389.7846034
0.00063,5.1e-05,1e-05,0.6,0.37,390.0772426
0.00063,5.1e-05,1e-05,0.7,0.37,390.1166017
0.00063,5.1e-05,1e-05,0.8,0.37,390.1097391
0.00063,5.1e-05,1e-05,0.9,0.37,390.1147326
0.00063,5.1e-05,1e-05,1.0,0.37,390.1196933
0.00063,5.1e-05,0.0,0.0,0.37,300.002
0.00063,5.1e-05,0.0,0.1,0.37,361.3479298
0.00063,5.1e-05,0.0,0.2,0.37,381.0027213
0.00063,5.1e-05,0.0,0.3,0.37,386.5906434
0.00063,5.1e-05,0.0,0.4,0.37,388.8124835
0.00063,5.1e-05,0.0,0.5,0.37,389.7846034
0.00063,5.1e-05,0.0,0.6,0.37,390.0772426
0.00063,5.1e-05,0.0,0.7,0.37,390.1166017
0.00063,5.1e-05,0.0,0.8,0.37,390.1097391
0.00063,5.1e-05,0.0,0.9,0.37,390.1147326
0.00063,5.1e-05,0.0,1.0,0.37,390.1196933
0.00064,3.46e-05,0.0,0.0,0.36,300.002
0.00064,3.46e-05,0.0,0.1,0.36,361.3464329
0.00064,3.46e-05,0.0,0.2,0.36,381.0007285
0.00064,3.46e-05,0.0,0.3,0.36,386.5885097
0.00064,3.46e-05,0.0,0.4,0.36,388.8102937
0.00064,3.46e-05,0.0,0.5,0.36,389.782389
0.00064,3.46e-05,0.0,0.6,0.36,390.0750208
0.00064,3.46e-05,0.0,0.7,0.36,390.1143789
0.00064,3.46e-05,0.0,0.8,0.36,390.1075165
0.00064,3.46e-05,0.0,0.9,0.36,390.1125098
0.00064,3.46e-05,0.0,1.0,0.36,390.1174704
0.00064,3.46e-05,1e-05,0.0,0.36,300.002
0.00064,3.46e-05,1e-05,0.1,0.36,361.3464329
0.00064,3.46e-05,1e-05,0.2,0.36,381.0007285
0.00064,3.46e-05,1e-05,0.3,0.36,386.5885097
0.00064,3.46e-05,1e-05,0.4,0.36,388.8102937
0.00064,3.46e-05,1e-05,0.5,0.36,389.782389
0.00064,3.46e-05,1e-05,0.6,0.36,390.0750208
0.00064,3.46e-05,1e-05,0.7,0.36,390.1143789
0.00064,3.46e-05,1e-05,0.8,0.36,390.1075165
0.00064,3.46e-05,1e-05,0.9,0.36,390.1125099
0.00064,3.46e-05,1e-05,1.0,0.36,390.1174704
0.00065,1.73e-05,0.0,0.0,0.35,300.002
0.00065,1.73e-05,0.0,0.1,0.35,361.343047
0.00065,1.73e-05,0.0,0.2,0.35,380.9962403
0.00065,1.73e-05,0.0,0.3,0.35,386.5837083
0.00065,1.73e-05,0.0,0.4,0.35,388.8053674
0.00065,1.73e-05,0.0,0.5,0.35,389.7774083
0.00065,1.73e-05,0.0,0.6,0.35,390.0700236
0.00065,1.73e-05,0.0,0.7,0.35,390.1093795
0.00065,1.73e-05,0.0,0.8,0.35,390.1025175
0.00065,1.73e-05,0.0,0.9,0.35,390.1075106
0.00065,1.73e-05,0.0,1.0,0.35,390.1124708
0.00065,1.73e-05,1e-05,0.0,0.35,300.002
0.00065,1.73e-05,1e-05,0.1,0.35,361.343047
0.00065,1.73e-05,1e-05,0.2,0.35,380.9962403
0.00065,1.73e-05,1e-05,0.3,0.35,386.5837083
0.00065,1.73e-05,1e-05,0.4,0.35,388.8053675
0.00065,1.73e-05,1e-05,0.5,0.35,389.7774083
0.00065,1.73e-05,1e-05,0.6,0.35,390.0700236
0.00065,1.73e-05,1e-05,0.7,0.35,390.1093795
0.00065,1.73e-05,1e-05,0.8,0.35,390.1025175
0.00065,1.73e-05,1e-05,0.9,0.35,390.1075106
0.00065,1.73e-05,1e-05,1.0,0.35,390.1124709
0.00066,0.0,1e-05,0.0,0.34,300.0019999
0.00066,0.0,1e-05,0.1,0.34,361.3377624
0.00066,0.0,1e-05,0.2,0.34,380.9892441
0.00066,0.0,1e-05,0.3,0.34,386.5762258
0.00066,0.0,1e-05,0.4,0.34,388.7976912
0.00066,0.0,1e-05,0.5,0.34,389.7696474
0.00066,0.0,1e-05,0.6,0.34,390.0622372
0.00066,0.0,1e-05,0.7,0.34,390.1015897
0.00066,0.0,1e-05,0.8,0.34,390.0947283
0.00066,0.0,1e-05,0.9,0.34,390.0997209
0.00066,0.0,1e-05,1.0,0.34,390.1046808
0.00066,0.0,0.0,0.0,0.34,300.0019999
0.00066,0.0,0.0,0.1,0.34,361.3377624
0.00066,0.0,0.0,0.2,0.34,380.9892441
0.00066,0.0,0.0,0.3,0.34,386.5762258
0.00066,0.0,0.0,0.4,0.34,388.7976912
0.00066,0.0,0.0,0.5,0.34,389.7696474
0.00066,0.0,0.0,0.6,0.34,390.0622372
0.00066,0.0,0.0,0.7,0.34,390.1015897
0.00066,0.0,0.0,0.8,0.34,390.0947283
0.00066,0.0,0.0,0.9,0.34,390.0997209
0.00066,0.0,0.0,1.0,0.34,390.1046808
0.00062,0.0001,1e-05,0.0,0.38,300.0019999
0.00062,0.0001,1e-05,0.1,0.38,361.3409867
0.00062,0.0001,1e-05,0.2,0.38,380.9935681
0.00062,0.0001,1e-05,0.3,0.38,386.5808617
0.00062,0.0001,1e-05,0.4,0.38,388.8024522
0.00062,0.0001,1e-05,0.5,0.38,389.7744628
0.00062,0.0001,1e-05,0.6,0.38,390.0670691
0.00062,0.0001,1e-05,0.7,0.38,390.1064237
0.00062,0.0001,1e-05,0.8,0.38,390.0995619
0.00062,0.0001,1e-05,0.9,0.38,390.1045548
0.00062,0.0001,1e-05,1.0,0.38,390.109515
0.00063,8.27e-05,0.0,0.0,0.37,300.002
0.00063,8.27e-05,0.0,0.1,0.37,361.3446592
0.00063,8.27e-05,0.0,0.2,0.37,380.9984023
0.00063,8.27e-05,0.0,0.3,0.37,386.5860263
0.00063,8.27e-05,0.0,0.4,0.37,388.807748
0.00063,8.27e-05,0.0,0.5,0.37,389.779816
0.00063,8.27e-05,0.0,0.6,0.37,390.0724396
0.00063,8.27e-05,0.0,0.7,0.37,390.1117966
0.00063,8.27e-05,0.0,0.8,0.37,390.1049343
0.00063,8.27e-05,0.0,0.9,0.37,390.1099276
0.00063,8.27e-05,0.0,1.0,0.37,390.114888
0.00063,8.31e-05,5e-06,0.0,0.37,300.002
0.00063,8.31e-05,5e-06,0.1,0.37,361.3453356
0.00063,8.31e-05,5e-06,0.2,0.37,380.9992953
0.00063,8.31e-05,5e-06,0.3,0.37,386.5869809
0.00063,8.31e-05,5e-06,0.4,0.37,388.8087271
0.00063,8.31e-05,5e-06,0.5,0.37,389.7808059
0.00063,8.31e-05,5e-06,0.6,0.37,390.0734326
0.00063,8.31e-05,5e-06,0.7,0.37,390.1127901
0.00063,8.31e-05,5e-06,0.8,0.37,390.1059278
0.00063,8.31e-05,5e-06,0.9,0.37,390.110921
0.00063,8.31e-05,5e-06,1.0,0.37,390.1158815
0.00063,8.27e-05,1e-05,0.0,0.37,300.002
0.00063,8.27e-05,1e-05,0.1,0.37,361.3446592
0.00063,8.27e-05,1e-05,0.2,0.37,380.9984023
0.00063,8.27e-05,1e-05,0.3,0.37,386.5860263
0.00063,8.27e-05,1e-05,0.4,0.37,388.807748
0.00063,8.27e-05,1e-05,0.5,0.37,389.779816
0.00063,8.27e-05,1e-05,0.6,0.37,390.0724396
0.00063,8.27e-05,1e-05,0.7,0.37,390.1117966
0.00063,8.27e-05,1e-05,0.8,0.37,390.1049343
0.00063,8.27e-05,1e-05,0.9,0.37,390.1099276
0.00063,8.27e-05,1e-05,1.0,0.37,390.114888
0.00064,0.0001,0.0,0.0,0.36,300.0019999
0.00064,0.0001,0.0,0.1,0.36,361.339491
0.00064,0.0001,0.0,0.2,0.36,380.9915618
0.00064,0.0001,0.0,0.3,0.36,386.5787105
0.00064,0.0001,0.0,0.4,0.36,388.800243
0.00064,0.0001,0.0,0.5,0.36,389.7722283
0.00064,0.0001,0.0,0.6,0.36,390.0648269
0.00064,0.0001,0.0,0.7,0.36,390.1041806
0.00064,0.0001,0.0,0.8,0.36,390.097319
0.00064,0.0001,0.0,0.9,0.36,390.1023118
0.00064,0.0001,0.0,1.0,0.36,390.1072718
0.00064,6.69e-05,0.0,0.0,0.36,300.002
0.00064,6.69e-05,0.0,0.1,0.36,361.3462776
0.00064,6.69e-05,0.0,0.2,0.36,381.0005234
0.00064,6.69e-05,0.0,0.3,0.36,386.5882905
0.00064,6.69e-05,0.0,0.4,0.36,388.8100688
0.00064,6.69e-05,0.0,0.5,0.36,389.7821617
0.00064,6.69e-05,0.0,0.6,0.36,390.0747927
0.00064,6.69e-05,0.0,0.7,0.36,390.1141507
0.00064,6.69e-05,0.0,0.8,0.36,390.1072883
0.00064,6.69e-05,0.0,0.9,0.36,390.1122817
0.00064,6.69e-05,0.0,1.0,0.36,390.1172422
0.00064,6.69e-05,1e-05,0.0,0.36,300.002
0.00064,6.69e-05,1e-05,0.1,0.36,361.3462776
0.00064,6.69e-05,1e-05,0.2,0.36,381.0005234
0.00064,6.69e-05,1e-05,0.3,0.36,386.5882905
0.00064,6.69e-05,1e-05,0.4,0.36,388.8100688
0.00064,6.69e-05,1e-05,0.5,0.36,389.7821617
0.00064,6.69e-05,1e-05,0.6,0.36,390.0747927
0.00064,6.69e-05,1e-05,0.7,0.36,390.1141507
0.00064,6.69e-05,1e-05,0.8,0.36,390.1072883
0.00064,6.69e-05,1e-05,0.9,0.36,390.1122817
0.00064,6.69e-05,1e-05,1.0,0.36,390.1172422
0.00065,5.1e-05,1e-05,0.0,0.35,300.002
0.00065,5.1e-05,1e-05,0.1,0.35,361.3463175
0.00065,5.1e-05,1e-05,0.2,0.35,381.0005591
0.00065,5.1e-05,1e-05,0.3,0.35,386.5883252
0.00065,5.1e-05,1e-05,0.4,0.35,388.8101029
0.00065,5.1e-05,1e-05,0.5,0.35,389.7821955
0.00065,5.1e-05,1e-05,0.6,0.35,390.0748265
0.00065,5.1e-05,1e-05,0.7,0.35,390.1141845
0.00065,5.1e-05,1e-05,0.8,0.35,390.1073221
0.00065,5.1e-05,1e-05,0.9,0.35,390.1123155
0.00065,5.1e-05,1e-05,1.0,0.35,390.117276
0.00065,5.1e-05,0.0,0.0,0.35,300.002
0.00065,5.1e-05,0.0,0.1,0.35,361.3463175
0.00065,5.1e-05,0.0,0.2,0.35,381.0005591
0.00065,5.1e-05,0.0,0.3,0.35,386.5883252
0.00065,5.1e-05,0.0,0.4,0.35,388.8101029
0.00065,5.1e-05,0.0,0.5,0.35,389.7821955
0.00065,5.1e-05,0.0,0.6,0.35,390.0748265
0.00065,5.1e-05,0.0,0.7,0.35,390.1141845
0.00065,5.1e-05,0.0,0.8,0.35,390.1073221
0.00065,5.1e-05,0.0,0.9,0.35,390.1123155
0.00065,5.1e-05,0.0,1.0,0.35,390.117276
0.00066,3.46e-05,1e-05,0.0,0.34,300.002
0.00066,3.46e-05,1e-05,0.1,0.34,361.3447041
0.00066,3.46e-05,1e-05,0.2,0.34,380.9984105
0.00066,3.46e-05,1e-05,0.3,0.34,386.5860247
0.00066,3.46e-05,1e-05,0.4,0.34,388.8077416
0.00066,3.46e-05,1e-05,0.5,0.34,389.7798078
0.00066,3.46e-05,1e-05,0.6,0.34,390.0724308
0.00066,3.46e-05,1e-05,0.7,0.34,390.1117877
0.00066,3.46e-05,1e-05,0.8,0.34,390.1049255
0.00066,3.46e-05,1e-05,0.9,0.34,390.1099187
0.00066,3.46e-05,1e-05,1.0,0.34,390.1148791
0.00066,3.46e-05,0.0,0.0,0.34,300.002
0.00066,3.46e-05,0.0,0.1,0.34,361.3447041
0.00066,3.46e-05,0.0,0.2,0.34,380.9984105
0.00066,3.46e-05,0.0,0.3,0.34,386.5860247
0.00066,3.46e-05,0.0,0.4,0.34,388.8077416
0.00066,3.46e-05,0.0,0.5,0.34,389.7798078
0.00066,3.46e-05,0.0,0.6,0.34,390.0724308
0.00066,3.46e-05,0.0,0.7,0.34,390.1117877
0.00066,3.46e-05,0.0,0.8,0.34,390.1049255
0.00066,3.46e-05,0.0,0.9,0.34,390.1099187
0.00066,3.46e-05,0.0,1.0,0.34,390.1148792
0.00067,1.73e-05,0.0,0.0,0.33,300.002
0.00067,1.73e-05,0.0,0.1,0.33,361.3412015
0.00067,1.73e-05,0.0,0.2,0.33,380.9937663
0.00067,1.73e-05,0.0,0.3,0.33,386.5810561
0.00067,1.73e-05,0.0,0.4,0.33,388.8026438
0.00067,1.73e-05,0.0,0.5,0.33,389.7746535
0.00067,1.73e-05,0.0,0.6,0.33,390.0672594
0.00067,1.73e-05,0.0,0.7,0.33,390.1066141
0.00067,1.73e-05,0.0,0.8,0.33,390.0997523
0.00067,1.73e-05,0.0,0.9,0.33,390.1047452
0.00067,1.73e-05,0.0,1.0,0.33,390.1097054
0.00067,1.73e-05,1e-05,0.0,0.33,300.002
0.00067,1.73e-05,1e-05,0.1,0.33,361.3412015
0.00067,1.73e-05,1e-05,0.2,0.33,380.9937663
0.00067,1.73e-05,1e-05,0.3,0.33,386.5810561
0.00067,1.73e-05,1e-05,0.4,0.33,388.8026438
0.00067,1.73e-05,1e-05,0.5,0.33,389.7746535
0.00067,1.73e-05,1e-05,0.6,0.33,390.0672594
0.00067,1.73e-05,1e-05,0.7,0.33,390.1066141
0.00067,1.73e-05,1e-05,0.8,0.33,390.0997523
0.00067,1.73e-05,1e-05,0.9,0.33,390.1047452
0.00067,1.73e-05,1e-05,1.0,0.33,390.1097054
0.00068,0.0,1e-05,0.0,0.32,300.0019999
0.00068,0.0,1e-05,0.1,0.32,361.3357999
0.00068,0.0,1e-05,0.2,0.32,380.986614
0.00068,0.0,1e-05,0.3,0.32,386.5734062
0.00068,0.0,1e-05,0.4,0.32,388.7947958
0.00068,0.0,1e-05,0.5,0.32,389.7667188
0.00068,0.0,1e-05,0.6,0.32,390.0592987
0.00068,0.0,1e-05,0.7,0.32,390.0986499
0.00068,0.0,1e-05,0.8,0.32,390.0917887
0.00068,0.0,1e-05,0.9,0.32,390.0967812
0.00068,0.0,1e-05,1.0,0.32,390.1017409
0.00068,0.0,0.0,0.0,0.32,300.0019999
0.00068,0.0,0.0,0.1,0.32,361.3357999
0.00068,0.0,0.0,0.2,0.32,380.986614
0.00068,0.0,0.0,0.3,0.32,386.5734062
0.00068,0.0,0.0,0.4,0.32,388.7947958
0.00068,0.0,0.0,0.5,0.32,389.7667188
0.00068,0.0,0.0,0.6,0.32,390.0592987
0.00068,0.0,0.0,0.7,0.32,390.0986499
0.00068,0.0,0.0,0.8,0.32,390.0917887
0.00068,0.0,0.0,0.9,0.32,390.0967812
0.00068,0.0,0.0,1.0,0.32,390.1017409
0.00064,0.0001,1e-05,0.0,0.36,300.0019999
0.00064,0.0001,1e-05,0.1,0.36,361.339491
0.00064,0.0001,1e-05,0.2,0.36,380.9915618
0.00064,0.0001,1e-05,0.3,0.36,386.5787105
0.00064,0.0001,1e-05,0.4,0.36,388.800243
0.00064,0.0001,1e-05,0.5,0.36,389.7722283
0.00064,0.0001,1e-05,0.6,0.36,390.0648269
0.00064,0.0001,1e-05,0.7,0.36,390.1041806
0.00064,0.0001,1e-05,0.8,0.36,390.097319
0.00064,0.0001,1e-05,0.9,0.36,390.1023117
0.00064,0.0001,1e-05,1.0,0.36,390.1072718
0.00065,8.27e-05,0.0,0.0,0.35,300.002
0.00065,8.27e-05,0.0,0.1,0.35,361.343047
0.00065,8.27e-05,0.0,0.2,0.35,380.9962403
0.00065,8.27e-05,0.0,0.3,0.35,386.5837083
0.00065,8.27e-05,0.0,0.4,0.35,388.8053675
0.00065,8.27e-05,0.0,0.5,0.35,389.7774083
0.00065,8.27e-05,0.0,0.6,0.35,390.0700236
0.00065,8.27e-05,0.0,0.7,0.35,390.1093795
0.00065,8.27e-05,0.0,0.8,0.35,390.1025175
0.00065,8.27e-05,0.0,0.9,0.35,390.1075106
0.00065,8.27e-05,0.0,1.0,0.35,390.1124709
0.00065,8.27e-05,1e-05,0.0,0.35,300.002
0.00065,8.27e-05,1e-05,0.1,0.35,361.343047
0.00065,8.27e-05,1e-05,0.2,0.35,380.9962403
0.00065,8.27e-05,1e-05,0.3,0.35,386.5837083
0.00065,8.27e-05,1e-05,0.4,0.35,388.8053675
0.00065,8.27e-05,1e-05,0.5,0.35,389.7774083
0.00065,8.27e-05,1e-05,0.6,0.35,390.0700236
0.00065,8.27e-05,1e-05,0.7,0.35,390.1093795
0.00065,8.27e-05,1e-05,0.8,0.35,390.1025175
0.00065,8.27e-05,1e-05,0.9,0.35,390.1075106
0.00065,8.27e-05,1e-05,1.0,0.35,390.1124709
0.00066,0.0001,0.0,0.0,0.34,300.0019999
0.00066,0.0001,0.0,0.1,0.34,361.3377624
0.00066,0.0001,0.0,0.2,0.34,380.9892441
0.00066,0.0001,0.0,0.3,0.34,386.5762258
0.00066,0.0001,0.0,0.4,0.34,388.7976912
0.00066,0.0001,0.0,0.5,0.34,389.7696473
0.00066,0.0001,0.0,0.6,0.34,390.0622372
0.00066,0.0001,0.0,0.7,0.34,390.1015897
0.00066,0.0001,0.0,0.8,0.34,390.0947283
0.00066,0.0001,0.0,0.9,0.34,390.0997209
0.00066,0.0001,0.0,1.0,0.34,390.1046808
0.00066,6.69e-05,0.0,0.0,0.34,300.002
0.00066,6.69e-05,0.0,0.1,0.34,361.3445488
0.00066,6.69e-05,0.0,0.2,0.34,380.9982055
0.00066,6.69e-05,0.0,0.3,0.34,386.5858055
0.00066,6.69e-05,0.0,0.4,0.34,388.8075168
0.00066,6.69e-05,0.0,0.5,0.34,389.7795805
0.00066,6.69e-05,0.0,0.6,0.34,390.0722027
0.00066,6.69e-05,0.0,0.7,0.34,390.1115596
0.00066,6.69e-05,0.0,0.8,0.34,390.1046974
0.00066,6.69e-05,0.0,0.9,0.34,390.1096906
0.00066,6.69e-05,0.0,1.0,0.34,390.114651
0.00066,6.69e-05,1e-05,0.0,0.34,300.002
0.00066,6.69e-05,1e-05,0.1,0.34,361.3445488
0.00066,6.69e-05,1e-05,0.2,0.34,380.9982055
0.00066,6.69e-05,1e-05,0.3,0.34,386.5858055
0.00066,6.69e-05,1e-05,0.4,0.34,388.8075168
0.00066,6.69e-05,1e-05,0.5,0.34,389.7795805
0.00066,6.69e-05,1e-05,0.6,0.34,390.0722027
0.00066,6.69e-05,1e-05,0.7,0.34,390.1115596
0.00066,6.69e-05,1e-05,0.8,0.34,390.1046974
0.00066,6.69e-05,1e-05,0.9,0.34,390.1096906
0.00066,6.69e-05,1e-05,1.0,0.34,390.114651
0.00067,5.1e-05,1e-05,0.0,0.33,300.002
0.00067,5.1e-05,1e-05,0.1,0.33,361.3444719
0.00067,5.1e-05,1e-05,0.2,0.33,380.9980851
0.00067,5.1e-05,1e-05,0.3,0.33,386.5856729
0.00067,5.1e-05,1e-05,0.4,0.33,388.8073791
0.00067,5.1e-05,1e-05,0.5,0.33,389.7794406
0.00067,5.1e-05,1e-05,0.6,0.33,390.0720622
0.00067,5.1e-05,1e-05,0.7,0.33,390.111419
0.00067,5.1e-05,1e-05,0.8,0.33,390.1045568
0.00067,5.1e-05,1e-05,0.9,0.33,390.10955
0.00067,5.1e-05,1e-05,1.0,0.33,390.1145104
0.00067,5.1e-05,0.0,0.0,0.33,300.002
0.00067,5.1e-05,0.0,0.1,0.33,361.3444719
0.00067,5.1e-05,0.0,0.2,0.33,380.9980851
0.00067,5.1e-05,0.0,0.3,0.33,386.5856729
0.00067,5.1e-05,0.0,0.4,0.33,388.8073791
0.00067,5.1e-05,0.0,0.5,0.33,389.7794406
0.00067,5.1e-05,0.0,0.6,0.33,390.0720622
0.00067,5.1e-05,0.0,0.7,0.33,390.111419
0.00067,5.1e-05,0.0,0.8,0.33,390.1045568
0.00067,5.1e-05,0.0,0.9,0.33,390.10955
0.00067,5.1e-05,0.0,1.0,0.33,390.1145104
0.000675,4.28e-05,5e-06,0.0,0.325,300.002
0.000675,4.28e-05,5e-06,0.1,0.325,361.3445863
0.000675,4.28e-05,5e-06,0.2,0.325,380.9982263
0.000675,4.28e-05,5e-06,0.3,0.325,386.5858219
0.000675,4.28e-05,5e-06,0.4,0.325,388.807531
0.000675,4.28e-05,5e-06,0.5,0.325,389.7795938
0.000675,4.28e-05,5e-06,0.6,0.325,390.0722158
0.000675,4.28e-05,5e-06,0.7,0.325,390.1115726
0.000675,4.28e-05,5e-06,0.8,0.325,390.1047104
0.000675,4.28e-05,5e-06,0.9,0.325,390.1097036
0.000675,4.28e-05,5e-06,1.0,0.325,390.114664
0.00068,3.46e-05,0.0,0.0,0.32,300.002
0.00068,3.46e-05,0.0,0.1,0.32,361.3427414
0.00068,3.46e-05,0.0,0.2,0.32,380.9957801
0.00068,3.46e-05,0.0,0.3,0.32,386.5832048
0.00068,3.46e-05,0.0,0.4,0.32,388.8048459
0.00068,3.46e-05,0.0,0.5,0.32,389.7768789
0.00068,3.46e-05,0.0,0.6,0.32,390.069492
0.00068,3.46e-05,0.0,0.7,0.32,390.1088476
0.00068,3.46e-05,0.0,0.8,0.32,390.1019856
0.00068,3.46e-05,0.0,0.9,0.32,390.1069787
0.00068,3.46e-05,0.0,1.0,0.32,390.1119389
0.00068,3.46e-05,1e-05,0.0,0.32,300.002
0.00068,3.46e-05,1e-05,0.1,0.32,361.3427414
0.00068,3.46e-05,1e-05,0.2,0.32,380.9957801
0.00068,3.46e-05,1e-05,0.3,0.32,386.5832048
0.00068,3.46e-05,1e-05,0.4,0.32,388.8048459
0.00068,3.46e-05,1e-05,0.5,0.32,389.7768789
0.00068,3.46e-05,1e-05,0.6,0.32,390.069492
0.00068,3.46e-05,1e-05,0.7,0.32,390.1088476
0.00068,3.46e-05,1e-05,0.8,0.32,390.1019856
0.00068,3.46e-05,1e-05,0.9,0.32,390.1069787
0.00068,3.46e-05,1e-05,1.0,0.32,390.1119389
0.00069,1.73e-05,1e-05,0.0,0.31,300.002
0.00069,1.73e-05,1e-05,0.1,0.31,361.3391214
0.00069,1.73e-05,1e-05,0.2,0.31,380.9909793
0.00069,1.73e-05,1e-05,0.3,0.31,386.5780685
0.00069,1.73e-05,1e-05,0.4,0.31,388.7995758
0.00069,1.73e-05,1e-05,0.5,0.31,389.7715505
0.00069,1.73e-05,1e-05,0.6,0.31,390.0641459
0.00069,1.73e-05,1e-05,0.7,0.31,390.1034992
0.00069,1.73e-05,1e-05,0.8,0.31,390.0966376
0.00069,1.73e-05,1e-05,0.9,0.31,390.1016304
0.00069,1.73e-05,1e-05,1.0,0.31,390.1065904
0.00069,1.73e-05,0.0,0.0,0.31,300.002
0.00069,1.73e-05,0.0,0.1,0.31,361.3391214
0.00069,1.73e-05,0.0,0.2,0.31,380.9909793
0.00069,1.73e-05,0.0,0.3,0.31,386.5780685
0.00069,1.73e-05,0.0,0.4,0.31,388.7995758
0.00069,1.73e-05,0.0,0.5,0.31,389.7715505
0.00069,1.73e-05,0.0,0.6,0.31,390.0641459
0.00069,1.73e-05,0.0,0.7,0.31,390.1034992
0.00069,1.73e-05,0.0,0.8,0.31,390.0966376
0.00069,1.73e-05,0.0,0.9,0.31,390.1016304
0.00069,1.73e-05,0.0,1.0,0.31,390.1065904
0.0007,0.0,1e-05,0.0,0.3,300.0019999
0.0007,0.0,1e-05,0.1,0.3,361.3336021
0.0007,0.0,1e-05,0.2,0.3,380.98367
0.0007,0.0,1e-05,0.3,0.3,386.5702506
0.0007,0.0,1e-05,0.4,0.3,388.7915554
0.0007,0.0,1e-05,0.5,0.3,389.7634415
0.0007,0.0,1e-05,0.6,0.3,390.0560102
0.0007,0.0,1e-05,0.7,0.3,390.09536
0.0007,0.0,1e-05,0.8,0.3,390.088499
0.0007,0.0,1e-05,0.9,0.3,390.0934913
0.0007,0.0,1e-05,1.0,0.3,390.0984508
0.0007,0.0,0.0,0.0,0.3,300.0019999
0.0007,0.0,0.0,0.1,0.3,361.3336021
0.0007,0.0,0.0,0.2,0.3,380.98367
0.0007,0.0,0.0,0.3,0.3,386.5702506
0.0007,0.0,0.0,0.4,0.3,388.7915554
0.0007,0.0,0.0,0.5,0.3,389.7634415
0.0007,0.0,0.0,0.6,0.3,390.0560102
0.0007,0.0,0.0,0.7,0.3,390.09536
0.0007,0.0,0.0,0.8,0.3,390.088499
0.0007,0.0,0.0,0.9,0.3,390.0934913
0.0007,0.0,0.0,1.0,0.3,390.0984508
0.00066,0.0001,1e-05,0.0,0.34,300.0019999
0.00066,0.0001,1e-05,0.1,0.34,361.3377624
0.00066,0.0001,1e-05,0.2,0.34,380.9892441
0.00066,0.0001,1e-05,0.3,0.34,386.5762258
0.00066,0.0001,1e-05,0.4,0.34,388.7976912
0.00066,0.0001,1e-05,0.5,0.34,389.7696474
0.00066,0.0001,1e-05,0.6,0.34,390.0622372
0.00066,0.0001,1e-05,0.7,0.34,390.1015897
0.00066,0.0001,1e-05,0.8,0.34,390.0947283
0.00066,0.0001,1e-05,0.9,0.34,390.0997209
0.00066,0.0001,1e-05,1.0,0.34,390.1046808
0.00067,8.27e-05,0.0,0.0,0.33,300.002
0.00067,8.27e-05,0.0,0.1,0.33,361.3412015
0.00067,8.27e-05,0.0,0.2,0.33,380.9937663
0.00067,8.27e-05,0.0,0.3,0.33,386.5810561
0.00067,8.27e-05,0.0,0.4,0.33,388.8026438
0.00067,8.27e-05,0.0,0.5,0.33,389.7746535
0.00067,8.27e-05,0.0,0.6,0.33,390.0672594
0.00067,8.27e-05,0.0,0.7,0.33,390.1066141
0.00067,8.27e-05,0.0,0.8,0.33,390.0997523
0.00067,8.27e-05,0.0,0.9,0.33,390.1047452
0.00067,8.27e-05,0.0,1.0,0.33,390.1097054
0.00067,8.27e-05,1e-05,0.0,0.33,300.002
0.00067,8.27e-05,1e-05,0.1,0.33,361.3412015
0.00067,8.27e-05,1e-05,0.2,0.33,380.9937663
0.00067,8.27e-05,1e-05,0.3,0.33,386.5810561
0.00067,8.27e-05,1e-05,0.4,0.33,388.8026438
0.00067,8.27e-05,1e-05,0.5,0.33,389.7746535
0.00067,8.27e-05,1e-05,0.6,0.33,390.0672594
0.00067,8.27e-05,1e-05,0.7,0.33,390.1066141
0.00067,8.27e-05,1e-05,0.8,0.33,390.0997523
0.00067,8.27e-05,1e-05,0.9,0.33,390.1047452
0.00067,8.27e-05,1e-05,1.0,0.33,390.1097054
0.00068,0.0001,0.0,0.0,0.32,300.0019999
0.00068,0.0001,0.0,0.1,0.32,361.3357999
0.00068,0.0001,0.0,0.2,0.32,380.986614
0.00068,0.0001,0.0,0.3,0.32,386.5734062
0.00068,0.0001,0.0,0.4,0.32,388.7947958
0.00068,0.0001,0.0,0.5,0.32,389.7667188
0.00068,0.0001,0.0,0.6,0.32,390.0592987
0.00068,0.0001,0.0,0.7,0.32,390.0986499
0.00068,0.0001,0.0,0.8,0.32,390.0917887
0.00068,0.0001,0.0,0.9,0.32,390.0967812
0.00068,0.0001,0.0,1.0,0.32,390.1017409
0.00068,6.69e-05,0.0,0.0,0.32,300.002
0.00068,6.69e-05,0.0,0.1,0.32,361.3425861
0.00068,6.69e-05,0.0,0.2,0.32,380.995575
0.00068,6.69e-05,0.0,0.3,0.32,386.5829856
0.00068,6.69e-05,0.0,0.4,0.32,388.804621
0.00068,6.69e-05,0.0,0.5,0.32,389.7766516
0.00068,6.69e-05,0.0,0.6,0.32,390.0692639
0.00068,6.69e-05,0.0,0.7,0.32,390.1086195
0.00068,6.69e-05,0.0,0.8,0.32,390.1017575
0.00068,6.69e-05,0.0,0.9,0.32,390.1067505
0.00068,6.69e-05,0.0,1.0,0.32,390.1117108
0.00068,6.69e-05,1e-05,0.0,0.32,300.002
0.00068,6.69e-05,1e-05,0.1,0.32,361.3425861
0.00068,6.69e-05,1e-05,0.2,0.32,380.995575
0.00068,6.69e-05,1e-05,0.3,0.32,386.5829856
0.00068,6.69e-05,1e-05,0.4,0.32,388.804621
0.00068,6.69e-05,1e-05,0.5,0.32,389.7766516
0.00068,6.69e-05,1e-05,0.6,0.32,390.0692639
0.00068,6.69e-05,1e-05,0.7,0.32,390.1086195
0.00068,6.69e-05,1e-05,0.8,0.32,390.1017575
0.00068,6.69e-05,1e-05,0.9,0.32,390.1067505
0.00068,6.69e-05,1e-05,1.0,0.32,390.1117108
0.00069,5.1e-05,0.0,0.0,0.31,300.002
0.00069,5.1e-05,0.0,0.1,0.31,361.3423917
0.00069,5.1e-05,0.0,0.2,0.31,380.9952979
0.00069,5.1e-05,0.0,0.3,0.31,386.5826851
0.00069,5.1e-05,0.0,0.4,0.31,388.8043109
0.00069,5.1e-05,0.0,0.5,0.31,389.7763375
0.00069,5.1e-05,0.0,0.6,0.31,390.0689485
0.00069,5.1e-05,0.0,0.7,0.31,390.1083039
0.00069,5.1e-05,0.0,0.8,0.31,390.1014419
0.00069,5.1e-05,0.0,0.9,0.31,390.106435
0.00069,5.1e-05,0.0,1.0,0.31,390.1113952
0.00069,5.1e-05,1e-05,0.0,0.31,300.002
0.00069,5.1e-05,1e-05,0.1,0.31,361.3423917
0.00069,5.1e-05,1e-05,0.2,0.31,380.9952979
0.00069,5.1e-05,1e-05,0.3,0.31,386.5826851
0.00069,5.1e-05,1e-05,0.4,0.31,388.8043109
0.00069,5.1e-05,1e-05,0.5,0.31,389.7763374
0.00069,5.1e-05,1e-05,0.6,0.31,390.0689485
0.00069,5.1e-05,1e-05,0.7,0.31,390.1083039
0.00069,5.1e-05,1e-05,0.8,0.31,390.1014419
0.00069,5.1e-05,1e-05,0.9,0.31,390.106435
0.00069,5.1e-05,1e-05,1.0,0.31,390.1113952
0.0007,3.46e-05,0.0,0.0,0.3,300.002
0.0007,3.46e-05,0.0,0.1,0.3,361.3405434
0.0007,3.46e-05,0.0,0.2,0.3,380.9928358
0.0007,3.46e-05,0.0,0.3,0.3,386.5800489
0.0007,3.46e-05,0.0,0.4,0.3,388.8016051
0.0007,3.46e-05,0.0,0.5,0.3,389.7736012
0.0007,3.46e-05,0.0,0.6,0.3,390.0662031
0.0007,3.46e-05,0.0,0.7,0.3,390.1055573
0.0007,3.46e-05,0.0,0.8,0.3,390.0986955
0.0007,3.46e-05,0.0,0.9,0.3,390.1036884
0.0007,3.46e-05,0.0,1.0,0.3,390.1086485
0.0007,3.46e-05,1e-05,0.0,0.3,300.002
0.0007,3.46e-05,1e-05,0.1,0.3,361.3405434
0.0007,3.46e-05,1e-05,0.2,0.3,380.9928359
0.0007,3.46e-05,1e-05,0.3,0.3,386.5800489
0.0007,3.46e-05,1e-05,0.4,0.3,388.8016051
0.0007,3.46e-05,1e-05,0.5,0.3,389.7736012
0.0007,3.46e-05,1e-05,0.6,0.3,390.0662031
0.0007,3.46e-05,1e-05,0.7,0.3,390.1055573
0.0007,3.46e-05,1e-05,0.8,0.3,390.0986955
0.0007,3.46e-05,1e-05,0.9,0.3,390.1036884
0.0007,3.46e-05,1e-05,1.0,0.3,390.1086485
0.00071,1.73e-05,0.0,0.0,0.29,300.002
0.00071,1.73e-05,0.0,0.1,0.29,361.3368054
0.00071,1.73e-05,0.0,0.2,0.29,380.9878777
0.00071,1.73e-05,0.0,0.3,0.29,386.5747441
0.00071,1.73e-05,0.0,0.4,0.29,388.7961621
0.00071,1.73e-05,0.0,0.5,0.29,389.7680979
0.00071,1.73e-05,0.0,0.6,0.29,390.0606816
0.00071,1.73e-05,0.0,0.7,0.29,390.1000334
0.00071,1.73e-05,0.0,0.8,0.29,390.093172
0.00071,1.73e-05,0.0,0.9,0.29,390.0981646
0.00071,1.73e-05,0.0,1.0,0.29,390.1031244
0.00071,1.73e-05,1e-05,0.0,0.29,300.002
0.00071,1.73e-05,1e-05,0.1,0.29,361.3368054
0.00071,1.73e-05,1e-05,0.2,0.29,380.9878777
0.00071,1.73e-05,1e-05,0.3,0.29,386.5747441
0.00071,1.73e-05,1e-05,0.4,0.29,388.7961621
0.00071,1.73e-05,1e-05,0.5,0.29,389.7680979
0.00071,1.73e-05,1e-05,0.6,0.29,390.0606816
0.00071,1.73e-05,1e-05,0.7,0.29,390.1000334
0.00071,1.73e-05,1e-05,0.8,0.29,390.093172
0.00071,1.73e-05,1e-05,0.9,0.29,390.0981646
0.00071,1.73e-05,1e-05,1.0,0.29,390.1031244
0.00072,0.0,0.0,0.0,0.28,300.0019999
0.00072,0.0,0.0,0.1,0.28,361.3311677
0.00072,0.0,0.0,0.2,0.28,380.9804109
0.00072,0.0,0.0,0.3,0.28,386.5667575
0.00072,0.0,0.0,0.4,0.28,388.7879685
0.00072,0.0,0.0,0.5,0.28,389.7598138
0.00072,0.0,0.0,0.6,0.28,390.0523702
0.00072,0.0,0.0,0.7,0.28,390.0917184
0.00072,0.0,0.0,0.8,0.28,390.0848577
0.00072,0.0,0.0,0.9,0.28,390.0898498
0.00072,0.0,0.0,1.0,0.28,390.0948091
0.00072,0.0,1e-05,0.0,0.28,300.0019999
0.00072,0.0,1e-05,0.1,0.28,361.3311677
0.00072,0.0,1e-05,0.2,0.28,380.9804109
0.00072,0.0,1e-05,0.3,0.28,386.5667575
0.00072,0.0,1e-05,0.4,0.28,388.7879685
0.00072,0.0,1e-05,0.5,0.28,389.7598138
0.00072,0.0,1e-05,0.6,0.28,390.0523702
0.00072,0.0,1e-05,0.7,0.28,390.0917184
0.00072,0.0,1e-05,0.8,0.28,390.0848577
0.00072,0.0,1e-05,0.9,0.28,390.0898498
0.00072,0.0,1e-05,1.0,0.28,390.0948091
0.00068,0.0001,1e-05,0.0,0.32,300.0019999
0.00068,0.0001,1e-05,0.1,0.32,361.3357999
0.00068,0.0001,1e-05,0.2,0.32,380.986614
0.00068,0.0001,1e-05,0.3,0.32,386.5734062
0.00068,0.0001,1e-05,0.4,0.32,388.7947958
0.00068,0.0001,1e-05,0.5,0.32,389.7667188
0.00068,0.0001,1e-05,0.6,0.32,390.0592987
0.00068,0.0001,1e-05,0.7,0.32,390.0986499
0.00068,0.0001,1e-05,0.8,0.32,390.0917887
0.00068,0.0001,1e-05,0.9,0.32,390.0967812
0.00068,0.0001,1e-05,1.0,0.32,390.1017409
0.00069,8.27e-05,0.0,0.0,0.31,300.002
0.00069,8.27e-05,0.0,0.1,0.31,361.3391214
0.00069,8.27e-05,0.0,0.2,0.31,380.9909793
0.00069,8.27e-05,0.0,0.3,0.31,386.5780685
0.00069,8.27e-05,0.0,0.4,0.31,388.7995758
0.00069,8.27e-05,0.0,0.5,0.31,389.7715505
0.00069,8.27e-05,0.0,0.6,0.31,390.0641459
0.00069,8.27e-05,0.0,0.7,0.31,390.1034992
0.00069,8.27e-05,0.0,0.8,0.31,390.0966376
0.00069,8.27e-05,0.0,0.9,0.31,390.1016304
0.00069,8.27e-05,0.0,1.0,0.31,390.1065904
0.00069,8.27e-05,1e-05,0.0,0.31,300.002
0.00069,8.27e-05,1e-05,0.1,0.31,361.3391214
0.00069,8.27e-05,1e-05,0.2,0.31,380.9909793
0.00069,8.27e-05,1e-05,0.3,0.31,386.5780685
0.00069,8.27e-05,1e-05,0.4,0.31,388.7995758
0.00069,8.27e-05,1e-05,0.5,0.31,389.7715505
0.00069,8.27e-05,1e-05,0.6,0.31,390.0641459
0.00069,8.27e-05,1e-05,0.7,0.31,390.1034992
0.00069,8.27e-05,1e-05,0.8,0.31,390.0966376
0.00069,8.27e-05,1e-05,0.9,0.31,390.1016304
0.00069,8.27e-05,1e-05,1.0,0.31,390.1065904
0.0007,0.0001,0.0,0.0,0.3,300.0019999
0.0007,0.0001,0.0,0.1,0.3,361.3336021
0.0007,0.0001,0.0,0.2,0.3,380.98367
0.0007,0.0001,0.0,0.3,0.3,386.5702506
0.0007,0.0001,0.0,0.4,0.3,388.7915554
0.0007,0.0001,0.0,0.5,0.3,389.7634415
0.0007,0.0001,0.0,0.6,0.3,390.0560102
0.0007,0.0001,0.0,0.7,0.3,390.09536
0.0007,0.0001,0.0,0.8,0.3,390.088499
0.0007,0.0001,0.0,0.9,0.3,390.0934913
0.0007,0.0001,0.0,1.0,0.3,390.0984508
0.0007,6.69e-05,0.0,0.0,0.3,300.002
0.0007,6.69e-05,0.0,0.1,0.3,361.3403881
0.0007,6.69e-05,0.0,0.2,0.3,380.9926308
0.0007,6.69e-05,0.0,0.3,0.3,386.5798297
0.0007,6.69e-05,0.0,0.4,0.3,388.8013802
0.0007,6.69e-05,0.0,0.5,0.3,389.7733739
0.0007,6.69e-05,0.0,0.6,0.3,390.065975
0.0007,6.69e-05,0.0,0.7,0.3,390.1053292
0.0007,6.69e-05,0.0,0.8,0.3,390.0984674
0.0007,6.69e-05,0.0,0.9,0.3,390.1034603
0.0007,6.69e-05,0.0,1.0,0.3,390.1084203
0.0007,6.69e-05,1e-05,0.0,0.3,300.002
0.0007,6.69e-05,1e-05,0.1,0.3,361.3403881
0.0007,6.69e-05,1e-05,0.2,0.3,380.9926308
0.0007,6.69e-05,1e-05,0.3,0.3,386.5798297
0.0007,6.69e-05,1e-05,0.4,0.3,388.8013802
0.0007,6.69e-05,1e-05,0.5,0.3,389.7733739
0.0007,6.69e-05,1e-05,0.6,0.3,390.065975
0.0007,6.69e-05,1e-05,0.7,0.3,390.1053292
0.0007,6.69e-05,1e-05,0.8,0.3,390.0984674
0.0007,6.69e-05,1e-05,0.9,0.3,390.1034603
0.0007,6.69e-05,1e-05,1.0,0.3,390.1084203
0.00073,1.73e-05,0.0,0.0,0.27,300.002
0.00073,1.73e-05,0.0,0.1,0.27,361.3342518
0.00073,1.73e-05,0.0,0.2,0.27,380.9844601
0.00073,1.73e-05,0.0,0.3,0.27,386.5710814
0.00073,1.73e-05,0.0,0.4,0.27,388.7924012
0.00073,1.73e-05,0.0,0.5,0.27,389.7642942
0.00073,1.73e-05,0.0,0.6,0.27,390.056865
0.00073,1.73e-05,0.0,0.7,0.27,390.0962151
0.00073,1.73e-05,0.0,0.8,0.27,390.089354
0.00073,1.73e-05,0.0,0.9,0.27,390.0943464
0.00073,1.73e-05,0.0,1.0,0.27,390.099306
0.00074,0.0,0.0,0.0,0.26,300.0019999
0.00074,0.0,0.0,0.1,0.26,361.328495
0.00074,0.0,0.0,0.2,0.26,380.976835
0.00074,0.0,0.0,0.3,0.26,386.5629253
0.00074,0.0,0.0,0.4,0.26,388.7840337
0.00074,0.0,0.0,0.5,0.26,389.7558342
0.00074,0.0,0.0,0.6,0.26,390.0483772
0.00074,0.0,0.0,0.7,0.26,390.0877236
0.00074,0.0,0.0,0.8,0.26,390.0808631
0.00074,0.0,0.0,0.9,0.26,390.085855
0.00074,0.0,0.0,1.0,0.26,390.0908141
0.00074,0.0,1e-05,0.0,0.26,300.0019999
0.00074,0.0,1e-05,0.1,0.26,361.328495
0.00074,0.0,1e-05,0.2,0.26,380.976835
0.00074,0.0,1e-05,0.3,0.26,386.5629253
0.00074,0.0,1e-05,0.4,0.26,388.7840337
0.00074,0.0,1e-05,0.5,0.26,389.7558342
0.00074,0.0,1e-05,0.6,0.26,390.0483772
0.00074,0.0,1e-05,0.7,0.26,390.0877236
0.00074,0.0,1e-05,0.8,0.26,390.0808631
0.00074,0.0,1e-05,0.9,0.26,390.085855
0.00074,0.0,1e-05,1.0,0.26,390.0908141
0.00072,3.46e-05,0.0,0.0,0.28,300.002
0.00072,3.46e-05,0.0,0.1,0.28,361.3381087
0.00072,3.46e-05,0.0,0.2,0.28,380.9895764
0.00072,3.46e-05,0.0,0.3,0.28,386.5765554
0.00072,3.46e-05,0.0,0.4,0.28,388.7980178
0.00072,3.46e-05,0.0,0.5,0.28,389.7699731
0.00072,3.46e-05,0.0,0.6,0.28,390.0625627
0.00072,3.46e-05,0.0,0.7,0.28,390.1019153
0.00072,3.46e-05,0.0,0.8,0.28,390.0950538
0.00072,3.46e-05,0.0,0.9,0.28,390.1000465
0.00072,3.46e-05,0.0,1.0,0.28,390.1050064
0.00071,5.1e-05,0.0,0.0,0.29,300.002
0.00071,5.1e-05,0.0,0.1,0.29,361.3400755
0.00071,5.1e-05,0.0,0.2,0.29,380.9921961
0.00071,5.1e-05,0.0,0.3,0.29,386.5793606
0.00071,5.1e-05,0.0,0.4,0.29,388.8008971
0.00071,5.1e-05,0.0,0.5,0.29,389.7728847
0.00071,5.1e-05,0.0,0.6,0.29,390.065484
0.00071,5.1e-05,0.0,0.7,0.29,390.1048379
0.00071,5.1e-05,0.0,0.8,0.29,390.0979762
0.00071,5.1e-05,0.0,0.9,0.29,390.102969
0.00071,5.1e-05,0.0,1.0,0.29,390.1079291
0.00071,5.1e-05,1e-05,0.0,0.29,300.002
0.00071,5.1e-05,1e-05,0.1,0.29,361.3400755
0.00071,5.1e-05,1e-05,0.2,0.29,380.9921961
0.00071,5.1e-05,1e-05,0.3,0.29,386.5793606
0.00071,5.1e-05,1e-05,0.4,0.29,388.8008971
0.00071,5.1e-05,1e-05,0.5,0.29,389.7728847
0.00071,5.1e-05,1e-05,0.6,0.29,390.065484
0.00071,5.1e-05,1e-05,0.7,0.29,390.1048379
0.00071,5.1e-05,1e-05,0.8,0.29,390.0979762
0.00071,5.1e-05,1e-05,0.9,0.29,390.102969
0.00071,5.1e-05,1e-05,1.0,0.29,390.1079291
0.00072,3.46e-05,1e-05,0.0,0.28,300.002
0.00072,3.46e-05,1e-05,0.1,0.28,361.3381087
0.00072,3.46e-05,1e-05,0.2,0.28,380.9895764
0.00072,3.46e-05,1e-05,0.3,0.28,386.5765554
0.00072,3.46e-05,1e-05,0.4,0.28,388.7980178
0.00072,3.46e-05,1e-05,0.5,0.28,389.7699731
0.00072,3.46e-05,1e-05,0.6,0.28,390.0625627
0.00072,3.46e-05,1e-05,0.7,0.28,390.1019153
0.00072,3.46e-05,1e-05,0.8,0.28,390.0950538
0.00072,3.46e-05,1e-05,0.9,0.28,390.1000465
0.00072,3.46e-05,1e-05,1.0,0.28,390.1050064
0.00073,1.73e-05,1e-05,0.0,0.27,300.002
0.00073,1.73e-05,1e-05,0.1,0.27,361.3342518
0.00073,1.73e-05,1e-05,0.2,0.27,380.9844601
0.00073,1.73e-05,1e-05,0.3,0.27,386.5710814
0.00073,1.73e-05,1e-05,0.4,0.27,388.7924012
0.00073,1.73e-05,1e-05,0.5,0.27,389.7642942
0.00073,1.73e-05,1e-05,0.6,0.27,390.056865
0.00073,1.73e-05,1e-05,0.7,0.27,390.0962151
0.00073,1.73e-05,1e-05,0.8,0.27,390.089354
0.00073,1.73e-05,1e-05,0.9,0.27,390.0943464
0.00073,1.73e-05,1e-05,1.0,0.27,390.099306
0.0007,0.0001,1e-05,0.0,0.3,300.0019999
0.0007,0.0001,1e-05,0.1,0.3,361.3336021
0.0007,0.0001,1e-05,0.2,0.3,380.98367
0.0007,0.0001,1e-05,0.3,0.3,386.5702506
0.0007,0.0001,1e-05,0.4,0.3,388.7915554
0.0007,0.0001,1e-05,0.5,0.3,389.7634415
0.0007,0.0001,1e-05,0.6,0.3,390.0560102
0.0007,0.0001,1e-05,0.7,0.3,390.09536
0.0007,0.0001,1e-05,0.8,0.3,390.088499
0.0007,0.0001,1e-05,0.9,0.3,390.0934913
0.0007,0.0001,1e-05,1.0,0.3,390.0984508
0.00071,8.27e-05,0.0,0.0,0.29,300.002
0.00071,8.27e-05,0.0,0.1,0.29,361.3368054
0.00071,8.27e-05,0.0,0.2,0.29,380.9878777
0.00071,8.27e-05,0.0,0.3,0.29,386.5747441
0.00071,8.27e-05,0.0,0.4,0.29,388.7961621
0.00071,8.27e-05,0.0,0.5,0.29,389.7680979
0.00071,8.27e-05,0.0,0.6,0.29,390.0606816
0.00071,8.27e-05,0.0,0.7,0.29,390.1000334
0.00071,8.27e-05,0.0,0.8,0.29,390.093172
0.00071,8.27e-05,0.0,0.9,0.29,390.0981646
0.00071,8.27e-05,0.0,1.0,0.29,390.1031244
0.00071,8.27e-05,1e-05,0.0,0.29,300.002
0.00071,8.27e-05,1e-05,0.1,0.29,361.3368054
0.00071,8.27e-05,1e-05,0.2,0.29,380.9878777
0.00071,8.27e-05,1e-05,0.3,0.29,386.5747441
0.00071,8.27e-05,1e-05,0.4,0.29,388.7961621
0.00071,8.27e-05,1e-05,0.5,0.29,389.7680979
0.00071,8.27e-05,1e-05,0.6,0.29,390.0606816
0.00071,8.27e-05,1e-05,0.7,0.29,390.1000334
0.00071,8.27e-05,1e-05,0.8,0.29,390.093172
0.00071,8.27e-05,1e-05,0.9,0.29,390.0981646
0.00071,8.27e-05,1e-05,1.0,0.29,390.1031244
0.00072,0.0001,0.0,0.0,0.28,300.0019999
0.00072,0.0001,0.0,0.1,0.28,361.3311677
0.00072,0.0001,0.0,0.2,0.28,380.9804109
0.00072,0.0001,0.0,0.3,0.28,386.5667575
0.00072,0.0001,0.0,0.4,0.28,388.7879685
0.00072,0.0001,0.0,0.5,0.28,389.7598138
0.00072,0.0001,0.0,0.6,0.28,390.0523702
0.00072,0.0001,0.0,0.7,0.28,390.0917184
0.00072,0.0001,0.0,0.8,0.28,390.0848577
0.00072,0.0001,0.0,0.9,0.28,390.0898498
0.00072,0.0001,0.0,1.0,0.28,390.0948091
0.00072,6.69e-05,0.0,0.0,0.28,300.002
0.00072,6.69e-05,0.0,0.1,0.28,361.3379534
0.00072,6.69e-05,0.0,0.2,0.28,380.9893713
0.00072,6.69e-05,0.0,0.3,0.28,386.5763362
0.00072,6.69e-05,0.0,0.4,0.28,388.797793
0.00072,6.69e-05,0.0,0.5,0.28,389.7697458
0.00072,6.69e-05,0.0,0.6,0.28,390.0623346
0.00072,6.69e-05,0.0,0.7,0.28,390.1016872
0.00072,6.69e-05,0.0,0.8,0.28,390.0948257
0.00072,6.69e-05,0.0,0.9,0.28,390.0998183
0.00072,6.69e-05,0.0,1.0,0.28,390.1047782
0.00072,6.69e-05,1e-05,0.0,0.28,300.002
0.00072,6.69e-05,1e-05,0.1,0.28,361.3379534
0.00072,6.69e-05,1e-05,0.2,0.28,380.9893713
0.00072,6.69e-05,1e-05,0.3,0.28,386.5763362
0.00072,6.69e-05,1e-05,0.4,0.28,388.797793
0.00072,6.69e-05,1e-05,0.5,0.28,389.7697458
0.00072,6.69e-05,1e-05,0.6,0.28,390.0623347
0.00072,6.69e-05,1e-05,0.7,0.28,390.1016872
0.00072,6.69e-05,1e-05,0.8,0.28,390.0948257
0.00072,6.69e-05,1e-05,0.9,0.28,390.0998183
0.00072,6.69e-05,1e-05,1.0,0.28,390.1047782
0.00076,0.0,0.0,0.0,0.24,300.0019999
0.00076,0.0,0.0,0.1,0.24,361.3255822
0.00076,0.0,0.0,0.2,0.24,380.9729404
0.00076,0.0,0.0,0.3,0.24,386.5587522
0.00076,0.0,0.0,0.4,0.24,388.779749
0.00076,0.0,0.0,0.5,0.24,389.7515009
0.00076,0.0,0.0,0.6,0.24,390.0440293
0.00076,0.0,0.0,0.7,0.24,390.0833738
0.00076,0.0,0.0,0.8,0.24,390.0765136
0.00076,0.0,0.0,0.9,0.24,390.0815053
0.00076,0.0,0.0,1.0,0.24,390.0864642
0.00076,0.0,1e-05,0.0,0.24,300.0019999
0.00076,0.0,1e-05,0.1,0.24,361.3255822
0.00076,0.0,1e-05,0.2,0.24,380.9729404
0.00076,0.0,1e-05,0.3,0.24,386.5587521
0.00076,0.0,1e-05,0.4,0.24,388.779749
0.00076,0.0,1e-05,0.5,0.24,389.7515009
0.00076,0.0,1e-05,0.6,0.24,390.0440293
0.00076,0.0,1e-05,0.7,0.24,390.0833738
0.00076,0.0,1e-05,0.8,0.24,390.0765136
0.00076,0.0,1e-05,0.9,0.24,390.0815053
0.00076,0.0,1e-05,1.0,0.24,390.0864642
0.00075,1.73e-05,0.0,0.0,0.25,300.002
0.00075,1.73e-05,0.0,0.1,0.25,361.3314591
0.00075,1.73e-05,0.0,0.2,0.25,380.9807249
0.00075,1.73e-05,0.0,0.3,0.25,386.5670786
0.00075,1.73e-05,0.0,0.4,0.25,388.7882914
0.00075,1.73e-05,0.0,0.5,0.25,389.7601377
0.00075,1.73e-05,0.0,0.6,0.25,390.0526945
0.00075,1.73e-05,0.0,0.7,0.25,390.0920428
0.00075,1.73e-05,0.0,0.8,0.25,390.085182
0.00075,1.73e-05,0.0,0.9,0.25,390.0901741
0.00075,1.73e-05,0.0,1.0,0.25,390.0951335
0.00075,1.73e-05,1e-05,0.0,0.25,300.002
0.00075,1.73e-05,1e-05,0.1,0.25,361.3314591
0.00075,1.73e-05,1e-05,0.2,0.25,380.9807249
0.00075,1.73e-05,1e-05,0.3,0.25,386.5670786
0.00075,1.73e-05,1e-05,0.4,0.25,388.7882914
0.00075,1.73e-05,1e-05,0.5,0.25,389.7601377
0.00075,1.73e-05,1e-05,0.6,0.25,390.0526945
0.00075,1.73e-05,1e-05,0.7,0.25,390.0920427
0.00075,1.73e-05,1e-05,0.8,0.25,390.085182
0.00075,1.73e-05,1e-05,0.9,0.25,390.0901741
0.00075,1.73e-05,1e-05,1.0,0.25,390.0951334
0.00074,3.46e-05,0.0,0.0,0.26,300.002
0.00074,3.46e-05,0.0,0.1,0.26,361.3354357
0.00074,3.46e-05,0.0,0.2,0.26,380.986
0.00074,3.46e-05,0.0,0.3,0.26,386.5727227
0.00074,3.46e-05,0.0,0.4,0.26,388.7940825
0.00074,3.46e-05,0.0,0.5,0.26,389.7659931
0.00074,3.46e-05,0.0,0.6,0.26,390.0585692
0.00074,3.46e-05,0.0,0.7,0.26,390.09792
0.00074,3.46e-05,0.0,0.8,0.26,390.0910588
0.00074,3.46e-05,0.0,0.9,0.26,390.0960513
0.00074,3.46e-05,0.0,1.0,0.26,390.1010109
0.00073,5.1e-05,0.0,0.0,0.27,300.002
0.00073,5.1e-05,0.0,0.1,0.27,361.3375218
0.00073,5.1e-05,0.0,0.2,0.27,380.9887784
0.00073,5.1e-05,0.0,0.3,0.27,386.5756976
0.00073,5.1e-05,0.0,0.4,0.27,388.797136
0.00073,5.1e-05,0.0,0.5,0.27,389.7690808
0.00073,5.1e-05,0.0,0.6,0.27,390.0616672
0.00073,5.1e-05,0.0,0.7,0.27,390.1010194
0.00073,5.1e-05,0.0,0.8,0.27,390.094158
0.00073,5.1e-05,0.0,0.9,0.27,390.0991506
0.00073,5.1e-05,0.0,1.0,0.27,390.1041104
0.00073,5.1e-05,1e-05,0.0,0.27,300.002
0.00073,5.1e-05,1e-05,0.1,0.27,361.3375219
0.00073,5.1e-05,1e-05,0.2,0.27,380.9887784
0.00073,5.1e-05,1e-05,0.3,0.27,386.5756976
0.00073,5.1e-05,1e-05,0.4,0.27,388.797136
0.00073,5.1e-05,1e-05,0.5,0.27,389.7690808
0.00073,5.1e-05,1e-05,0.6,0.27,390.0616672
0.00073,5.1e-05,1e-05,0.7,0.27,390.1010194
0.00073,5.1e-05,1e-05,0.8,0.27,390.094158
0.00073,5.1e-05,1e-05,0.9,0.27,390.0991506
0.00073,5.1e-05,1e-05,1.0,0.27,390.1041104
0.00074,3.46e-05,1e-05,0.0,0.26,300.002
0.00074,3.46e-05,1e-05,0.1,0.26,361.3354357
0.00074,3.46e-05,1e-05,0.2,0.26,380.986
0.00074,3.46e-05,1e-05,0.3,0.26,386.5727227
0.00074,3.46e-05,1e-05,0.4,0.26,388.7940825
0.00074,3.46e-05,1e-05,0.5,0.26,389.7659931
0.00074,3.46e-05,1e-05,0.6,0.26,390.0585692
0.00074,3.46e-05,1e-05,0.7,0.26,390.09792
0.00074,3.46e-05,1e-05,0.8,0.26,390.0910588
0.00074,3.46e-05,1e-05,0.9,0.26,390.0960513
0.00074,3.46e-05,1e-05,1.0,0.26,390.1010109
0.00072,0.0001,1e-05,0.0,0.28,300.0019999
0.00072,0.0001,1e-05,0.1,0.28,361.3311677
0.00072,0.0001,1e-05,0.2,0.28,380.9804109
0.00072,0.0001,1e-05,0.3,0.28,386.5667575
0.00072,0.0001,1e-05,0.4,0.28,388.7879685
0.00072,0.0001,1e-05,0.5,0.28,389.7598138
0.00072,0.0001,1e-05,0.6,0.28,390.0523702
0.00072,0.0001,1e-05,0.7,0.28,390.0917184
0.00072,0.0001,1e-05,0.8,0.28,390.0848577
0.00072,0.0001,1e-05,0.9,0.28,390.0898498
0.00072,0.0001,1e-05,1.0,0.28,390.0948091
0.00073,8.27e-05,0.0,0.0,0.27,300.002
0.00073,8.27e-05,0.0,0.1,0.27,361.3342518
0.00073,8.27e-05,0.0,0.2,0.27,380.9844601
0.00073,8.27e-05,0.0,0.3,0.27,386.5710814
0.00073,8.27e-05,0.0,0.4,0.27,388.7924012
0.00073,8.27e-05,0.0,0.5,0.27,389.7642942
0.00073,8.27e-05,0.0,0.6,0.27,390.056865
0.00073,8.27e-05,0.0,0.7,0.27,390.0962151
0.00073,8.27e-05,0.0,0.8,0.27,390.089354
0.00073,8.27e-05,0.0,0.9,0.27,390.0943464
0.00073,8.27e-05,0.0,1.0,0.27,390.099306
0.00073,8.27e-05,1e-05,0.0,0.27,300.002
0.00073,8.27e-05,1e-05,0.1,0.27,361.3342518
0.00073,8.27e-05,1e-05,0.2,0.27,380.9844602
0.00073,8.27e-05,1e-05,0.3,0.27,386.5710814
0.00073,8.27e-05,1e-05,0.4,0.27,388.7924012
0.00073,8.27e-05,1e-05,0.5,0.27,389.7642942
0.00073,8.27e-05,1e-05,0.6,0.27,390.056865
0.00073,8.27e-05,1e-05,0.7,0.27,390.0962151
0.00073,8.27e-05,1e-05,0.8,0.27,390.0893541
0.00073,8.27e-05,1e-05,0.9,0.27,390.0943464
0.00073,8.27e-05,1e-05,1.0,0.27,390.099306
0.00074,0.0001,0.0,0.0,0.26,300.0019999
0.00074,0.0001,0.0,0.1,0.26,361.328495
0.00074,0.0001,0.0,0.2,0.26,380.976835
0.00074,0.0001,0.0,0.3,0.26,386.5629253
0.00074,0.0001,0.0,0.4,0.26,388.7840337
0.00074,0.0001,0.0,0.5,0.26,389.7558342
0.00074,0.0001,0.0,0.6,0.26,390.0483772
0.00074,0.0001,0.0,0.7,0.26,390.0877236
0.00074,0.0001,0.0,0.8,0.26,390.0808631
0.00074,0.0001,0.0,0.9,0.26,390.085855
0.00074,0.0001,0.0,1.0,0.26,390.0908141
0.00074,6.69e-05,0.0,0.0,0.26,300.002
0.00074,6.69e-05,0.0,0.1,0.26,361.3352804
0.00074,6.69e-05,0.0,0.2,0.26,380.9857949
0.00074,6.69e-05,0.0,0.3,0.26,386.5725035
0.00074,6.69e-05,0.0,0.4,0.26,388.7938577
0.00074,6.69e-05,0.0,0.5,0.26,389.7657658
0.00074,6.69e-05,0.0,0.6,0.26,390.0583411
0.00074,6.69e-05,0.0,0.7,0.26,390.0976919
0.00074,6.69e-05,0.0,0.8,0.26,390.0908307
0.00074,6.69e-05,0.0,0.9,0.26,390.0958232
0.00074,6.69e-05,0.0,1.0,0.26,390.1007828
0.00074,6.69e-05,1e-05,0.0,0.26,300.002
0.00074,6.69e-05,1e-05,0.1,0.26,361.3352804
0.00074,6.69e-05,1e-05,0.2,0.26,380.9857949
0.00074,6.69e-05,1e-05,0.3,0.26,386.5725035
0.00074,6.69e-05,1e-05,0.4,0.26,388.7938577
0.00074,6.69e-05,1e-05,0.5,0.26,389.7657658
0.00074,6.69e-05,1e-05,0.6,0.26,390.0583411
0.00074,6.69e-05,1e-05,0.7,0.26,390.0976919
0.00074,6.69e-05,1e-05,0.8,0.26,390.0908307
0.00074,6.69e-05,1e-05,0.9,0.26,390.0958232
0.00074,6.69e-05,1e-05,1.0,0.26,390.1007828
0.00078,0.0,0.0,0.0,0.22,300.0019999
0.00078,0.0,0.0,0.1,0.22,361.3224275
0.00078,0.0,0.0,0.2,0.22,380.9687254
0.00078,0.0,0.0,0.3,0.22,386.5542362
0.00078,0.0,0.0,0.4,0.22,388.7751127
0.00078,0.0,0.0,0.5,0.22,389.7468121
0.00078,0.0,0.0,0.6,0.22,390.0393246
0.00078,0.0,0.0,0.7,0.22,390.078667
0.00078,0.0,0.0,0.8,0.22,390.0718072
0.00078,0.0,0.0,0.9,0.22,390.0767987
0.00078,0.0,0.0,1.0,0.22,390.0817573
0.00078,0.0,1e-05,0.0,0.22,300.0019999
0.00078,0.0,1e-05,0.1,0.22,361.3224275
0.00078,0.0,1e-05,0.2,0.22,380.9687254
0.00078,0.0,1e-05,0.3,0.22,386.5542362
0.00078,0.0,1e-05,0.4,0.22,388.7751127
0.00078,0.0,1e-05,0.5,0.22,389.7468121
0.00078,0.0,1e-05,0.6,0.22,390.0393246
0.00078,0.0,1e-05,0.7,0.22,390.078667
0.00078,0.0,1e-05,0.8,0.22,390.0718073
0.00078,0.0,1e-05,0.9,0.22,390.0767987
0.00078,0.0,1e-05,1.0,0.22,390.0817573
0.00077,1.73e-05,1e-05,0.0,0.23,300.002
0.00077,1.73e-05,1e-05,0.1,0.23,361.3284254
0.00077,1.73e-05,1e-05,0.2,0.23,380.9766701
0.00077,1.73e-05,1e-05,0.3,0.23,386.562734
0.00077,1.73e-05,1e-05,0.4,0.23,388.7838309
0.00077,1.73e-05,1e-05,0.5,0.23,389.7556266
0.00077,1.73e-05,1e-05,0.6,0.23,390.0481681
0.00077,1.73e-05,1e-05,0.7,0.23,390.0875144
0.00077,1.73e-05,1e-05,0.8,0.23,390.080654
0.00077,1.73e-05,1e-05,0.9,0.23,390.0856459
0.00077,1.73e-05,1e-05,1.0,0.23,390.0906049
0.00077,1.73e-05,0.0,0.0,0.23,300.002
0.00077,1.73e-05,0.0,0.1,0.23,361.3284254
0.00077,1.73e-05,0.0,0.2,0.23,380.9766701
0.00077,1.73e-05,0.0,0.3,0.23,386.562734
0.00077,1.73e-05,0.0,0.4,0.23,388.7838309
0.00077,1.73e-05,0.0,0.5,0.23,389.7556266
0.00077,1.73e-05,0.0,0.6,0.23,390.0481681
0.00077,1.73e-05,0.0,0.7,0.23,390.0875144
0.00077,1.73e-05,0.0,0.8,0.23,390.0806539
0.00077,1.73e-05,0.0,0.9,0.23,390.0856459
0.00077,1.73e-05,0.0,1.0,0.23,390.0906049
0.00076,3.46e-05,1e-05,0.0,0.24,300.002
0.00076,3.46e-05,1e-05,0.1,0.24,361.3325226
0.00076,3.46e-05,1e-05,0.2,0.24,380.982105
0.00076,3.46e-05,1e-05,0.3,0.24,386.5685491
0.00076,3.46e-05,1e-05,0.4,0.24,388.7897974
0.00076,3.46e-05,1e-05,0.5,0.24,389.7616593
0.00076,3.46e-05,1e-05,0.6,0.24,390.0542208
0.00076,3.46e-05,1e-05,0.7,0.24,390.0935697
0.00076,3.46e-05,1e-05,0.8,0.24,390.0867088
0.00076,3.46e-05,1e-05,0.9,0.24,390.0917011
0.00076,3.46e-05,1e-05,1.0,0.24,390.0966605
0.00076,3.46e-05,0.0,0.0,0.24,300.002
0.00076,3.46e-05,0.0,0.1,0.24,361.3325226
0.00076,3.46e-05,0.0,0.2,0.24,380.982105
0.00076,3.46e-05,0.0,0.3,0.24,386.5685491
0.00076,3.46e-05,0.0,0.4,0.24,388.7897974
0.00076,3.46e-05,0.0,0.5,0.24,389.7616593
0.00076,3.46e-05,0.0,0.6,0.24,390.0542208
0.00076,3.46e-05,0.0,0.7,0.24,390.0935697
0.00076,3.46e-05,0.0,0.8,0.24,390.0867088
0.00076,3.46e-05,0.0,0.9,0.24,390.0917011
0.00076,3.46e-05,0.0,1.0,0.24,390.0966605
0.00075,5.1e-05,0.0,0.0,0.25,300.002
0.00075,5.1e-05,0.0,0.1,0.25,361.334729
0.00075,5.1e-05,0.0,0.2,0.25,380.9850429
0.00075,5.1e-05,0.0,0.3,0.25,386.5716947
0.00075,5.1e-05,0.0,0.4,0.25,388.7930259
0.00075,5.1e-05,0.0,0.5,0.25,389.7649241
0.00075,5.1e-05,0.0,0.6,0.25,390.0574964
0.00075,5.1e-05,0.0,0.7,0.25,390.0968468
0.00075,5.1e-05,0.0,0.8,0.25,390.0899857
0.00075,5.1e-05,0.0,0.9,0.25,390.0949781
0.00075,5.1e-05,0.0,1.0,0.25,390.0999377
0.00075,5.1e-05,1e-05,0.0,0.25,300.002
0.00075,5.1e-05,1e-05,0.1,0.25,361.334729
0.00075,5.1e-05,1e-05,0.2,0.25,380.9850429
0.00075,5.1e-05,1e-05,0.3,0.25,386.5716947
0.00075,5.1e-05,1e-05,0.4,0.25,388.7930259
0.00075,5.1e-05,1e-05,0.5,0.25,389.7649241
0.00075,5.1e-05,1e-05,0.6,0.25,390.0574964
0.00075,5.1e-05,1e-05,0.7,0.25,390.0968468
0.00075,5.1e-05,1e-05,0.8,0.25,390.0899857
0.00075,5.1e-05,1e-05,0.9,0.25,390.0949781
0.00075,5.1e-05,1e-05,1.0,0.25,390.0999377
0.00074,0.0001,1e-05,0.0,0.26,300.0019999
0.00074,0.0001,1e-05,0.1,0.26,361.328495
0.00074,0.0001,1e-05,0.2,0.26,380.976835
0.00074,0.0001,1e-05,0.3,0.26,386.5629253
0.00074,0.0001,1e-05,0.4,0.26,388.7840337
0.00074,0.0001,1e-05,0.5,0.26,389.7558342
0.00074,0.0001,1e-05,0.6,0.26,390.0483772
0.00074,0.0001,1e-05,0.7,0.26,390.0877236
0.00074,0.0001,1e-05,0.8,0.26,390.0808631
0.00074,0.0001,1e-05,0.9,0.26,390.085855
0.00074,0.0001,1e-05,1.0,0.26,390.0908141
0.00075,8.27e-05,0.0,0.0,0.25,300.002
0.00075,8.27e-05,0.0,0.1,0.25,361.3314591
0.00075,8.27e-05,0.0,0.2,0.25,380.9807249
0.00075,8.27e-05,0.0,0.3,0.25,386.5670786
0.00075,8.27e-05,0.0,0.4,0.25,388.7882914
0.00075,8.27e-05,0.0,0.5,0.25,389.7601377
0.00075,8.27e-05,0.0,0.6,0.25,390.0526945
0.00075,8.27e-05,0.0,0.7,0.25,390.0920427
0.00075,8.27e-05,0.0,0.8,0.25,390.085182
0.00075,8.27e-05,0.0,0.9,0.25,390.0901741
0.00075,8.27e-05,0.0,1.0,0.25,390.0951334
0.00075,8.27e-05,1e-05,0.0,0.25,300.002
0.00075,8.27e-05,1e-05,0.1,0.25,361.3314591
0.00075,8.27e-05,1e-05,0.2,0.25,380.9807249
0.00075,8.27e-05,1e-05,0.3,0.25,386.5670786
0.00075,8.27e-05,1e-05,0.4,0.25,388.7882914
0.00075,8.27e-05,1e-05,0.5,0.25,389.7601377
0.00075,8.27e-05,1e-05,0.6,0.25,390.0526945
0.00075,8.27e-05,1e-05,0.7,0.25,390.0920427
0.00075,8.27e-05,1e-05,0.8,0.25,390.085182
0.00075,8.27e-05,1e-05,0.9,0.25,390.0901741
0.00075,8.27e-05,1e-05,1.0,0.25,390.0951335
0.00076,0.0001,0.0,0.0,0.24,300.0019999
0.00076,0.0001,0.0,0.1,0.24,361.3255822
0.00076,0.0001,0.0,0.2,0.24,380.9729404
0.00076,0.0001,0.0,0.3,0.24,386.5587521
0.00076,0.0001,0.0,0.4,0.24,388.779749
0.00076,0.0001,0.0,0.5,0.24,389.7515009
0.00076,0.0001,0.0,0.6,0.24,390.0440293
0.00076,0.0001,0.0,0.7,0.24,390.0833738
0.00076,0.0001,0.0,0.8,0.24,390.0765136
0.00076,0.0001,0.0,0.9,0.24,390.0815053
0.00076,0.0001,0.0,1.0,0.24,390.0864642
0.00076,6.69e-05,0.0,0.0,0.24,300.002
0.00076,6.69e-05,0.0,0.1,0.24,361.3323673
0.00076,6.69e-05,0.0,0.2,0.24,380.9819
0.00076,6.69e-05,0.0,0.3,0.24,386.5683299
0.00076,6.69e-05,0.0,0.4,0.24,388.7895726
0.00076,6.69e-05,0.0,0.5,0.24,389.761432
0.00076,6.69e-05,0.0,0.6,0.24,390.0539928
0.00076,6.69e-05,0.0,0.7,0.24,390.0933416
0.00076,6.69e-05,0.0,0.8,0.24,390.0864807
0.00076,6.69e-05,0.0,0.9,0.24,390.0914729
0.00076,6.69e-05,0.0,1.0,0.24,390.0964323
0.00076,6.69e-05,1e-05,0.0,0.24,300.002
0.00076,6.69e-05,1e-05,0.1,0.24,361.3323673
0.00076,6.69e-05,1e-05,0.2,0.24,380.9819
0.00076,6.69e-05,1e-05,0.3,0.24,386.5683299
0.00076,6.69e-05,1e-05,0.4,0.24,388.7895726
0.00076,6.69e-05,1e-05,0.5,0.24,389.761432
0.00076,6.69e-05,1e-05,0.6,0.24,390.0539928
0.00076,6.69e-05,1e-05,0.7,0.24,390.0933416
0.00076,6.69e-05,1e-05,0.8,0.24,390.0864807
0.00076,6.69e-05,1e-05,0.9,0.24,390.0914729
0.00076,6.69e-05,1e-05,1.0,0.24,390.0964323
0.00079,1.73e-05,0.0,0.0,0.21,300.002
0.00079,1.73e-05,0.0,0.1,0.21,361.3251487
0.00079,1.73e-05,0.0,0.2,0.21,380.9722937
0.00079,1.73e-05,0.0,0.3,0.21,386.5580456
0.00079,1.73e-05,0.0,0.4,0.21,388.7790176
0.00079,1.73e-05,0.0,0.5,0.21,389.7507588
0.00079,1.73e-05,0.0,0.6,0.21,390.043284
0.00079,1.73e-05,0.0,0.7,0.21,390.0826281
0.00079,1.73e-05,0.0,0.8,0.21,390.075768
0.00079,1.73e-05,0.0,0.9,0.21,390.0807597
0.00079,1.73e-05,0.0,1.0,0.21,390.0857185
0.0008,0.0,1e-05,0.0,0.2,300.0019999
0.0008,0.0,1e-05,0.1,0.2,361.3190287
0.0008,0.0,1e-05,0.2,0.2,380.9641878
0.0008,0.0,1e-05,0.3,0.2,386.5493753
0.0008,0.0,1e-05,0.4,0.2,388.7701226
0.0008,0.0,1e-05,0.5,0.2,389.7417656
0.0008,0.0,1e-05,0.6,0.2,390.0342611
0.0008,0.0,1e-05,0.7,0.2,390.0736013
0.0008,0.0,1e-05,0.8,0.2,390.0667419
0.0008,0.0,1e-05,0.9,0.2,390.0717331
0.0008,0.0,1e-05,1.0,0.2,390.0766914
0.0008,0.0,0.0,0.0,0.2,300.0019999
0.0008,0.0,0.0,0.1,0.2,361.3190287
0.0008,0.0,0.0,0.2,0.2,380.9641878
0.0008,0.0,0.0,0.3,0.2,386.5493753
0.0008,0.0,0.0,0.4,0.2,388.7701226
0.0008,0.0,0.0,0.5,0.2,389.7417656
0.0008,0.0,0.0,0.6,0.2,390.0342612
0.0008,0.0,0.0,0.7,0.2,390.0736013
0.0008,0.0,0.0,0.8,0.2,390.0667419
0.0008,0.0,0.0,0.9,0.2,390.0717331
0.0008,0.0,0.0,1.0,0.2,390.0766914
0.00079,1.73e-05,1e-05,0.0,0.21,300.002
0.00079,1.73e-05,1e-05,0.1,0.21,361.3251487
0.00079,1.73e-05,1e-05,0.2,0.21,380.9722937
0.00079,1.73e-05,1e-05,0.3,0.21,386.5580456
0.00079,1.73e-05,1e-05,0.4,0.21,388.7790176
0.00079,1.73e-05,1e-05,0.5,0.21,389.7507588
0.00079,1.73e-05,1e-05,0.6,0.21,390.043284
0.00079,1.73e-05,1e-05,0.7,0.21,390.0826281
0.00079,1.73e-05,1e-05,0.8,0.21,390.075768
0.00079,1.73e-05,1e-05,0.9,0.21,390.0807597
0.00079,1.73e-05,1e-05,1.0,0.21,390.0857185
0.00078,3.46e-05,0.0,0.0,0.22,300.002
0.00078,3.46e-05,0.0,0.1,0.22,361.3293675
0.00078,3.46e-05,0.0,0.2,0.22,380.9778895
0.00078,3.46e-05,0.0,0.3,0.22,386.5640326
0.00078,3.46e-05,0.0,0.4,0.22,388.7851605
0.00078,3.46e-05,0.0,0.5,0.22,389.7569699
0.00078,3.46e-05,0.0,0.6,0.22,390.0495156
0.00078,3.46e-05,0.0,0.7,0.22,390.0888625
0.00078,3.46e-05,0.0,0.8,0.22,390.0820019
0.00078,3.46e-05,0.0,0.9,0.22,390.0869939
0.00078,3.46e-05,0.0,1.0,0.22,390.091953
0.00078,3.46e-05,1e-05,0.0,0.22,300.002
0.00078,3.46e-05,1e-05,0.1,0.22,361.3293675
0.00078,3.46e-05,1e-05,0.2,0.22,380.9778895
0.00078,3.46e-05,1e-05,0.3,0.22,386.5640326
0.00078,3.46e-05,1e-05,0.4,0.22,388.7851605
0.00078,3.46e-05,1e-05,0.5,0.22,389.7569699
0.00078,3.46e-05,1e-05,0.6,0.22,390.0495156
0.00078,3.46e-05,1e-05,0.7,0.22,390.0888625
0.00078,3.46e-05,1e-05,0.8,0.22,390.0820019
0.00078,3.46e-05,1e-05,0.9,0.22,390.0869939
0.00078,3.46e-05,1e-05,1.0,0.22,390.091953
0.00077,5.1e-05,0.0,0.0,0.23,300.002
0.00077,5.1e-05,0.0,0.1,0.23,361.3316951
0.00077,5.1e-05,0.0,0.2,0.23,380.9809879
0.00077,5.1e-05,0.0,0.3,0.23,386.5673498
0.00077,5.1e-05,0.0,0.4,0.23,388.7885651
0.00077,5.1e-05,0.0,0.5,0.23,389.7604127
0.00077,5.1e-05,0.0,0.6,0.23,390.0529698
0.00077,5.1e-05,0.0,0.7,0.23,390.0923182
0.00077,5.1e-05,0.0,0.8,0.23,390.0854574
0.00077,5.1e-05,0.0,0.9,0.23,390.0904496
0.00077,5.1e-05,0.0,1.0,0.23,390.0954089
0.00077,5.1e-05,1e-05,0.0,0.23,300.002
0.00077,5.1e-05,1e-05,0.1,0.23,361.3316951
0.00077,5.1e-05,1e-05,0.2,0.23,380.9809879
0.00077,5.1e-05,1e-05,0.3,0.23,386.5673498
0.00077,5.1e-05,1e-05,0.4,0.23,388.7885651
0.00077,5.1e-05,1e-05,0.5,0.23,389.7604127
0.00077,5.1e-05,1e-05,0.6,0.23,390.0529698
0.00077,5.1e-05,1e-05,0.7,0.23,390.0923182
0.00077,5.1e-05,1e-05,0.8,0.23,390.0854574
0.00077,5.1e-05,1e-05,0.9,0.23,390.0904496
0.00077,5.1e-05,1e-05,1.0,0.23,390.0954089
0.00076,0.0001,1e-05,0.0,0.24,300.0019999
0.00076,0.0001,1e-05,0.1,0.24,361.3255822
0.00076,0.0001,1e-05,0.2,0.24,380.9729404
0.00076,0.0001,1e-05,0.3,0.24,386.5587522
0.00076,0.0001,1e-05,0.4,0.24,388.779749
0.00076,0.0001,1e-05,0.5,0.24,389.7515009
0.00076,0.0001,1e-05,0.6,0.24,390.0440293
0.00076,0.0001,1e-05,0.7,0.24,390.0833738
0.00076,0.0001,1e-05,0.8,0.24,390.0765136
0.00076,0.0001,1e-05,0.9,0.24,390.0815053
0.00076,0.0001,1e-05,1.0,0.24,390.0864642
0.00077,8.27e-05,0.0,0.0,0.23,300.002
0.00077,8.27e-05,0.0,0.1,0.23,361.3284254
0.00077,8.27e-05,0.0,0.2,0.23,380.9766701
0.00077,8.27e-05,0.0,0.3,0.23,386.562734
0.00077,8.27e-05,0.0,0.4,0.23,388.7838309
0.00077,8.27e-05,0.0,0.5,0.23,389.7556266
0.00077,8.27e-05,0.0,0.6,0.23,390.0481681
0.00077,8.27e-05,0.0,0.7,0.23,390.0875144
0.00077,8.27e-05,0.0,0.8,0.23,390.0806539
0.00077,8.27e-05,0.0,0.9,0.23,390.0856459
0.00077,8.27e-05,0.0,1.0,0.23,390.0906049
0.00077,8.27e-05,1e-05,0.0,0.23,300.002
0.00077,8.27e-05,1e-05,0.1,0.23,361.3284254
0.00077,8.27e-05,1e-05,0.2,0.23,380.97667
0.00077,8.27e-05,1e-05,0.3,0.23,386.562734
0.00077,8.27e-05,1e-05,0.4,0.23,388.7838309
0.00077,8.27e-05,1e-05,0.5,0.23,389.7556266
0.00077,8.27e-05,1e-05,0.6,0.23,390.0481681
0.00077,8.27e-05,1e-05,0.7,0.23,390.0875144
0.00077,8.27e-05,1e-05,0.8,0.23,390.0806539
0.00077,8.27e-05,1e-05,0.9,0.23,390.0856459
0.00077,8.27e-05,1e-05,1.0,0.23,390.0906049
0.00078,0.0001,0.0,0.0,0.22,300.0019999
0.00078,0.0001,0.0,0.1,0.22,361.3224275
0.00078,0.0001,0.0,0.2,0.22,380.9687254
0.00078,0.0001,0.0,0.3,0.22,386.5542362
0.00078,0.0001,0.0,0.4,0.22,388.7751127
0.00078,0.0001,0.0,0.5,0.22,389.7468121
0.00078,0.0001,0.0,0.6,0.22,390.0393246
0.00078,0.0001,0.0,0.7,0.22,390.078667
0.00078,0.0001,0.0,0.8,0.22,390.0718073
0.00078,0.0001,0.0,0.9,0.22,390.0767987
0.00078,0.0001,0.0,1.0,0.22,390.0817573
0.00078,6.69e-05,0.0,0.0,0.22,300.002
0.00078,6.69e-05,0.0,0.1,0.22,361.3292123
0.00078,6.69e-05,0.0,0.2,0.22,380.9776845
0.00078,6.69e-05,0.0,0.3,0.22,386.5638134
0.00078,6.69e-05,0.0,0.4,0.22,388.7849357
0.00078,6.69e-05,0.0,0.5,0.22,389.7567427
0.00078,6.69e-05,0.0,0.6,0.22,390.0492876
0.00078,6.69e-05,0.0,0.7,0.22,390.0886344
0.00078,6.69e-05,0.0,0.8,0.22,390.0817738
0.00078,6.69e-05,0.0,0.9,0.22,390.0867658
0.00078,6.69e-05,0.0,1.0,0.22,390.0917249
0.00078,6.69e-05,1e-05,0.0,0.22,300.002
0.00078,6.69e-05,1e-05,0.1,0.22,361.3292123
0.00078,6.69e-05,1e-05,0.2,0.22,380.9776845
0.00078,6.69e-05,1e-05,0.3,0.22,386.5638134
0.00078,6.69e-05,1e-05,0.4,0.22,388.7849357
0.00078,6.69e-05,1e-05,0.5,0.22,389.7567427
0.00078,6.69e-05,1e-05,0.6,0.22,390.0492876
0.00078,6.69e-05,1e-05,0.7,0.22,390.0886344
0.00078,6.69e-05,1e-05,0.8,0.22,390.0817738
0.00078,6.69e-05,1e-05,0.9,0.22,390.0867658
0.00078,6.69e-05,1e-05,1.0,0.22,390.0917249
0.0008,3.46e-05,0.0,0.0,0.2,300.002
0.0008,3.46e-05,0.0,0.1,0.2,361.3259684
0.0008,3.46e-05,0.0,0.2,0.2,380.9733514
0.0008,3.46e-05,0.0,0.3,0.2,386.5591712
0.0008,3.46e-05,0.0,0.4,0.2,388.7801699
0.0008,3.46e-05,0.0,0.5,0.2,389.7519229
0.0008,3.46e-05,0.0,0.6,0.2,390.0444516
0.0008,3.46e-05,0.0,0.7,0.2,390.0837962
0.0008,3.46e-05,0.0,0.8,0.2,390.076936
0.0008,3.46e-05,0.0,0.9,0.2,390.0819277
0.0008,3.46e-05,0.0,1.0,0.2,390.0868866
0.00081,1.73e-05,0.0,0.0,0.19,300.002
0.00081,1.73e-05,0.0,0.1,0.19,361.3216268
0.00081,1.73e-05,0.0,0.2,0.19,380.9675936
0.00081,1.73e-05,0.0,0.3,0.19,386.5530111
0.00081,1.73e-05,0.0,0.4,0.19,388.7738494
0.00081,1.73e-05,0.0,0.5,0.19,389.7455323
0.00081,1.73e-05,0.0,0.6,0.19,390.0380399
0.00081,1.73e-05,0.0,0.7,0.19,390.0773817
0.00081,1.73e-05,0.0,0.8,0.19,390.070522
0.00081,1.73e-05,0.0,0.9,0.19,390.0755134
0.00081,1.73e-05,0.0,1.0,0.19,390.0804719
0.00081,1.73e-05,5e-06,0.0,0.19,300.002
0.00081,1.73e-05,5e-06,0.1,0.19,361.3223933
0.00081,1.73e-05,5e-06,0.2,0.19,380.9686057
0.00081,1.73e-05,5e-06,0.3,0.19,386.554093
0.00081,1.73e-05,5e-06,0.4,0.19,388.774959
0.00081,1.73e-05,5e-06,0.5,0.19,389.7466541
0.00081,1.73e-05,5e-06,0.6,0.19,390.0391654
0.00081,1.73e-05,5e-06,0.7,0.19,390.0785077
0.00081,1.73e-05,5e-06,0.8,0.19,390.0716479
0.00081,1.73e-05,5e-06,0.9,0.19,390.0766393
0.00081,1.73e-05,5e-06,1.0,0.19,390.0815979
0.00082,0.0,0.0,0.0,0.18,300.0019999
0.00082,0.0,0.0,0.1,0.18,361.3153837
0.00082,0.0,0.0,0.2,0.18,380.9593254
0.00082,0.0,0.0,0.3,0.18,386.5441674
0.00082,0.0,0.0,0.4,0.18,388.7647765
0.00082,0.0,0.0,0.5,0.18,389.7363592
0.00082,0.0,0.0,0.6,0.18,390.0288366
0.00082,0.0,0.0,0.7,0.18,390.0681744
0.00082,0.0,0.0,0.8,0.18,390.0613154
0.00082,0.0,0.0,0.9,0.18,390.0663063
0.00082,0.0,0.0,1.0,0.18,390.0712643
0.00082,0.0,1e-05,0.0,0.18,300.0019999
0.00082,0.0,1e-05,0.1,0.18,361.3153837
0.00082,0.0,1e-05,0.2,0.18,380.9593254
0.00082,0.0,1e-05,0.3,0.18,386.5441674
0.00082,0.0,1e-05,0.4,0.18,388.7647765
0.00082,0.0,1e-05,0.5,0.18,389.7363592
0.00082,0.0,1e-05,0.6,0.18,390.0288366
0.00082,0.0,1e-05,0.7,0.18,390.0681744
0.00082,0.0,1e-05,0.8,0.18,390.0613154
0.00082,0.0,1e-05,0.9,0.18,390.0663063
0.00082,0.0,1e-05,1.0,0.18,390.0712643
0.00081,1.73e-05,1e-05,0.0,0.19,300.002
0.00081,1.73e-05,1e-05,0.1,0.19,361.3216268
0.00081,1.73e-05,1e-05,0.2,0.19,380.9675936
0.00081,1.73e-05,1e-05,0.3,0.19,386.5530111
0.00081,1.73e-05,1e-05,0.4,0.19,388.7738494
0.00081,1.73e-05,1e-05,0.5,0.19,389.7455323
0.00081,1.73e-05,1e-05,0.6,0.19,390.0380399
0.00081,1.73e-05,1e-05,0.7,0.19,390.0773817
0.00081,1.73e-05,1e-05,0.8,0.19,390.070522
0.00081,1.73e-05,1e-05,0.9,0.19,390.0755134
0.00081,1.73e-05,1e-05,1.0,0.19,390.0804719
0.0008,3.46e-05,1e-05,0.0,0.2,300.002
0.0008,3.46e-05,1e-05,0.1,0.2,361.3259684
0.0008,3.46e-05,1e-05,0.2,0.2,380.9733514
0.0008,3.46e-05,1e-05,0.3,0.2,386.5591712
0.0008,3.46e-05,1e-05,0.4,0.2,388.7801699
0.0008,3.46e-05,1e-05,0.5,0.2,389.7519229
0.0008,3.46e-05,1e-05,0.6,0.2,390.0444515
0.0008,3.46e-05,1e-05,0.7,0.2,390.0837962
0.0008,3.46e-05,1e-05,0.8,0.2,390.076936
0.0008,3.46e-05,1e-05,0.9,0.2,390.0819277
0.0008,3.46e-05,1e-05,1.0,0.2,390.0868866
0.00079,5.1e-05,0.0,0.0,0.21,300.002
0.00079,5.1e-05,0.0,0.1,0.21,361.3284182
0.00079,5.1e-05,0.0,0.2,0.21,380.9766113
0.00079,5.1e-05,0.0,0.3,0.21,386.5626611
0.00079,5.1e-05,0.0,0.4,0.21,388.7837516
0.00079,5.1e-05,0.0,0.5,0.21,389.7555447
0.00079,5.1e-05,0.0,0.6,0.21,390.0480854
0.00079,5.1e-05,0.0,0.7,0.21,390.0874317
0.00079,5.1e-05,0.0,0.8,0.21,390.0805712
0.00079,5.1e-05,0.0,0.9,0.21,390.0855631
0.00079,5.1e-05,0.0,1.0,0.21,390.0905222
0.00079,5.1e-05,1e-05,0.0,0.21,300.002
0.00079,5.1e-05,1e-05,0.1,0.21,361.3284182
0.00079,5.1e-05,1e-05,0.2,0.21,380.9766113
0.00079,5.1e-05,1e-05,0.3,0.21,386.5626611
0.00079,5.1e-05,1e-05,0.4,0.21,388.7837516
0.00079,5.1e-05,1e-05,0.5,0.21,389.7555447
0.00079,5.1e-05,1e-05,0.6,0.21,390.0480854
0.00079,5.1e-05,1e-05,0.7,0.21,390.0874317
0.00079,5.1e-05,1e-05,0.8,0.21,390.0805712
0.00079,5.1e-05,1e-05,0.9,0.21,390.0855631
0.00079,5.1e-05,1e-05,1.0,0.21,390.0905222
0.00078,0.0001,1e-05,0.0,0.22,300.0019999
0.00078,0.0001,1e-05,0.1,0.22,361.3224275
0.00078,0.0001,1e-05,0.2,0.22,380.9687254
0.00078,0.0001,1e-05,0.3,0.22,386.5542362
0.00078,0.0001,1e-05,0.4,0.22,388.7751127
0.00078,0.0001,1e-05,0.5,0.22,389.7468121
0.00078,0.0001,1e-05,0.6,0.22,390.0393246
0.00078,0.0001,1e-05,0.7,0.22,390.078667
0.00078,0.0001,1e-05,0.8,0.22,390.0718072
0.00078,0.0001,1e-05,0.9,0.22,390.0767987
0.00078,0.0001,1e-05,1.0,0.22,390.0817573
0.00079,8.27e-05,0.0,0.0,0.21,300.002
0.00079,8.27e-05,0.0,0.1,0.21,361.3251487
0.00079,8.27e-05,0.0,0.2,0.21,380.9722937
0.00079,8.27e-05,0.0,0.3,0.21,386.5580456
0.00079,8.27e-05,0.0,0.4,0.21,388.7790176
0.00079,8.27e-05,0.0,0.5,0.21,389.7507588
0.00079,8.27e-05,0.0,0.6,0.21,390.043284
0.00079,8.27e-05,0.0,0.7,0.21,390.0826281
0.00079,8.27e-05,0.0,0.8,0.21,390.075768
0.00079,8.27e-05,0.0,0.9,0.21,390.0807597
0.00079,8.27e-05,0.0,1.0,0.21,390.0857185
0.00079,8.27e-05,1e-05,0.0,0.21,300.002
0.00079,8.27e-05,1e-05,0.1,0.21,361.3251487
0.00079,8.27e-05,1e-05,0.2,0.21,380.9722937
0.00079,8.27e-05,1e-05,0.3,0.21,386.5580456
0.00079,8.27e-05,1e-05,0.4,0.21,388.7790176
0.00079,8.27e-05,1e-05,0.5,0.21,389.7507588
0.00079,8.27e-05,1e-05,0.6,0.21,390.043284
0.00079,8.27e-05,1e-05,0.7,0.21,390.0826281
0.00079,8.27e-05,1e-05,0.8,0.21,390.075768
0.00079,8.27e-05,1e-05,0.9,0.21,390.0807597
0.00079,8.27e-05,1e-05,1.0,0.21,390.0857185
0.0008,0.0001,0.0,0.0,0.2,300.0019999
0.0008,0.0001,0.0,0.1,0.2,361.3190287
0.0008,0.0001,0.0,0.2,0.2,380.9641878
0.0008,0.0001,0.0,0.3,0.2,386.5493753
0.0008,0.0001,0.0,0.4,0.2,388.7701226
0.0008,0.0001,0.0,0.5,0.2,389.7417656
0.0008,0.0001,0.0,0.6,0.2,390.0342612
0.0008,0.0001,0.0,0.7,0.2,390.0736013
0.0008,0.0001,0.0,0.8,0.2,390.0667419
0.0008,0.0001,0.0,0.9,0.2,390.0717331
0.0008,0.0001,0.0,1.0,0.2,390.0766914
0.0008,6.69e-05,0.0,0.0,0.200000002,300.002
0.0008,6.69e-05,0.0,0.1,0.200000002,361.3258131
0.0008,6.69e-05,0.0,0.2,0.200000002,380.9731464
0.0008,6.69e-05,0.0,0.3,0.200000002,386.5589521
0.0008,6.69e-05,0.0,0.4,0.200000002,388.7799451
0.0008,6.69e-05,0.0,0.5,0.200000002,389.7516956
0.0008,6.69e-05,0.0,0.6,0.200000002,390.0442236
0.0008,6.69e-05,0.0,0.7,0.200000002,390.0835681
0.0008,6.69e-05,0.0,0.8,0.200000002,390.0767079
0.0008,6.69e-05,0.0,0.9,0.200000002,390.0816996
0.0008,6.69e-05,0.0,1.0,0.200000002,390.0866585
0.0008,6.69e-05,1e-05,0.0,0.200000002,300.002
0.0008,6.69e-05,1e-05,0.1,0.200000002,361.3258131
0.0008,6.69e-05,1e-05,0.2,0.200000002,380.9731464
0.0008,6.69e-05,1e-05,0.3,0.200000002,386.5589521
0.0008,6.69e-05,1e-05,0.4,0.200000002,388.7799451
0.0008,6.69e-05,1e-05,0.5,0.200000002,389.7516956
0.0008,6.69e-05,1e-05,0.6,0.200000002,390.0442236
0.0008,6.69e-05,1e-05,0.7,0.200000002,390.0835681
0.0008,6.69e-05,1e-05,0.8,0.200000002,390.0767079
0.0008,6.69e-05,1e-05,0.9,0.200000002,390.0816996
0.0008,6.69e-05,1e-05,1.0,0.200000002,390.0866585
0.00083,1.73e-05,0.0,0.0,0.17,300.002
0.00083,1.73e-05,0.0,0.1,0.17,361.3178574
0.00083,1.73e-05,0.0,0.2,0.17,380.9625676
0.00083,1.73e-05,0.0,0.3,0.17,386.5476283
0.00083,1.73e-05,0.0,0.4,0.17,388.768324
0.00083,1.73e-05,0.0,0.5,0.17,389.7399447
0.00083,1.73e-05,0.0,0.6,0.17,390.0324336
0.00083,1.73e-05,0.0,0.7,0.17,390.0717729
0.00083,1.73e-05,0.0,0.8,0.17,390.0649136
0.00083,1.73e-05,0.0,0.9,0.17,390.0699047
0.00083,1.73e-05,0.0,1.0,0.17,390.0748629
0.00084,0.0,0.0,0.0,0.16,300.0019999
0.00084,0.0,0.0,0.1,0.16,361.3114899
0.00084,0.0,0.0,0.2,0.16,380.9541358
0.00084,0.0,0.0,0.3,0.16,386.5386098
0.00084,0.0,0.0,0.4,0.16,388.759072
0.00084,0.0,0.0,0.5,0.16,389.7305906
0.00084,0.0,0.0,0.6,0.16,390.0230487
0.00084,0.0,0.0,0.7,0.16,390.0623839
0.00084,0.0,0.0,0.8,0.16,390.0555253
0.00084,0.0,0.0,0.9,0.16,390.0605159
0.00084,0.0,0.0,1.0,0.16,390.0654736
0.00084,0.0,1e-05,0.0,0.16,300.0019999
0.00084,0.0,1e-05,0.1,0.16,361.3114899
0.00084,0.0,1e-05,0.2,0.16,380.9541358
0.00084,0.0,1e-05,0.3,0.16,386.5386098
0.00084,0.0,1e-05,0.4,0.16,388.759072
0.00084,0.0,1e-05,0.5,0.16,389.7305906
0.00084,0.0,1e-05,0.6,0.16,390.0230487
0.00084,0.0,1e-05,0.7,0.16,390.0623839
0.00084,0.0,1e-05,0.8,0.16,390.0555253
0.00084,0.0,1e-05,0.9,0.16,390.0605159
0.00084,0.0,1e-05,1.0,0.16,390.0654736
0.00083,1.73e-05,1e-05,0.0,0.17,300.002
0.00083,1.73e-05,1e-05,0.1,0.17,361.3178574
0.00083,1.73e-05,1e-05,0.2,0.17,380.9625676
0.00083,1.73e-05,1e-05,0.3,0.17,386.5476283
0.00083,1.73e-05,1e-05,0.4,0.17,388.768324
0.00083,1.73e-05,1e-05,0.5,0.17,389.7399447
0.00083,1.73e-05,1e-05,0.6,0.17,390.0324335
0.00083,1.73e-05,1e-05,0.7,0.17,390.0717729
0.00083,1.73e-05,1e-05,0.8,0.17,390.0649136
0.00083,1.73e-05,1e-05,0.9,0.17,390.0699047
0.00083,1.73e-05,1e-05,1.0,0.17,390.0748629
0.00082,3.46e-05,0.0,0.0,0.18,300.002
0.00082,3.46e-05,0.0,0.1,0.18,361.3223229
0.00082,3.46e-05,0.0,0.2,0.18,380.9684885
0.00082,3.46e-05,0.0,0.3,0.18,386.5539627
0.00082,3.46e-05,0.0,0.4,0.18,388.7748232
0.00082,3.46e-05,0.0,0.5,0.18,389.7465159
0.00082,3.46e-05,0.0,0.6,0.18,390.0390264
0.00082,3.46e-05,0.0,0.7,0.18,390.0783687
0.00082,3.46e-05,0.0,0.8,0.18,390.0715089
0.00082,3.46e-05,0.0,0.9,0.18,390.0765003
0.00082,3.46e-05,0.0,1.0,0.18,390.0814589
0.00081,5.1e-05,0.0,0.0,0.190000002,300.002
0.00081,5.1e-05,0.0,0.1,0.190000002,361.3248962
0.00081,5.1e-05,0.0,0.2,0.190000002,380.971911
0.00081,5.1e-05,0.0,0.3,0.190000002,386.5576264
0.00081,5.1e-05,0.0,0.4,0.190000002,388.7785831
0.00081,5.1e-05,0.0,0.5,0.190000002,389.7503179
0.00081,5.1e-05,0.0,0.6,0.190000002,390.0428411
0.00081,5.1e-05,0.0,0.7,0.190000002,390.082185
0.00081,5.1e-05,0.0,0.8,0.190000002,390.0753249
0.00081,5.1e-05,0.0,0.9,0.190000002,390.0803165
0.00081,5.1e-05,0.0,1.0,0.190000002,390.0852753
0.00082,3.46e-05,1e-05,0.0,0.18,300.002
0.00082,3.46e-05,1e-05,0.1,0.18,361.3223229
0.00082,3.46e-05,1e-05,0.2,0.18,380.9684885
0.00082,3.46e-05,1e-05,0.3,0.18,386.5539627
0.00082,3.46e-05,1e-05,0.4,0.18,388.7748231
0.00082,3.46e-05,1e-05,0.5,0.18,389.7465159
0.00082,3.46e-05,1e-05,0.6,0.18,390.0390264
0.00082,3.46e-05,1e-05,0.7,0.18,390.0783687
0.00082,3.46e-05,1e-05,0.8,0.18,390.0715089
0.00082,3.46e-05,1e-05,0.9,0.18,390.0765003
0.00082,3.46e-05,1e-05,1.0,0.18,390.0814589
0.00081,5.1e-05,1e-05,0.0,0.190000002,300.002
0.00081,5.1e-05,1e-05,0.1,0.190000002,361.3248962
0.00081,5.1e-05,1e-05,0.2,0.190000002,380.971911
0.00081,5.1e-05,1e-05,0.3,0.190000002,386.5576264
0.00081,5.1e-05,1e-05,0.4,0.190000002,388.7785831
0.00081,5.1e-05,1e-05,0.5,0.190000002,389.7503179
0.00081,5.1e-05,1e-05,0.6,0.190000002,390.0428411
0.00081,5.1e-05,1e-05,0.7,0.190000002,390.082185
0.00081,5.1e-05,1e-05,0.8,0.190000002,390.0753249
0.00081,5.1e-05,1e-05,0.9,0.190000002,390.0803165
0.00081,5.1e-05,1e-05,1.0,0.190000002,390.0852753
0.0008,0.0001,1e-05,0.0,0.2,300.0019999
0.0008,0.0001,1e-05,0.1,0.2,361.3190287
0.0008,0.0001,1e-05,0.2,0.2,380.9641878
0.0008,0.0001,1e-05,0.3,0.2,386.5493753
0.0008,0.0001,1e-05,0.4,0.2,388.7701226
0.0008,0.0001,1e-05,0.5,0.2,389.7417656
0.0008,0.0001,1e-05,0.6,0.2,390.0342611
0.0008,0.0001,1e-05,0.7,0.2,390.0736013
0.0008,0.0001,1e-05,0.8,0.2,390.0667419
0.0008,0.0001,1e-05,0.9,0.2,390.0717331
0.0008,0.0001,1e-05,1.0,0.2,390.0766914
0.00081,8.27e-05,0.0,0.0,0.19,300.002
0.00081,8.27e-05,0.0,0.1,0.19,361.3216268
0.00081,8.27e-05,0.0,0.2,0.19,380.9675936
0.00081,8.27e-05,0.0,0.3,0.19,386.5530111
0.00081,8.27e-05,0.0,0.4,0.19,388.7738494
0.00081,8.27e-05,0.0,0.5,0.19,389.7455323
0.00081,8.27e-05,0.0,0.6,0.19,390.0380399
0.00081,8.27e-05,0.0,0.7,0.19,390.0773817
0.00081,8.27e-05,0.0,0.8,0.19,390.070522
0.00081,8.27e-05,0.0,0.9,0.19,390.0755134
0.00081,8.27e-05,0.0,1.0,0.19,390.0804719
0.00081,8.27e-05,1e-05,0.0,0.19,300.002
0.00081,8.27e-05,1e-05,0.1,0.19,361.3216268
0.00081,8.27e-05,1e-05,0.2,0.19,380.9675936
0.00081,8.27e-05,1e-05,0.3,0.19,386.5530111
0.00081,8.27e-05,1e-05,0.4,0.19,388.7738494
0.00081,8.27e-05,1e-05,0.5,0.19,389.7455323
0.00081,8.27e-05,1e-05,0.6,0.19,390.0380399
0.00081,8.27e-05,1e-05,0.7,0.19,390.0773817
0.00081,8.27e-05,1e-05,0.8,0.19,390.070522
0.00081,8.27e-05,1e-05,0.9,0.19,390.0755134
0.00081,8.27e-05,1e-05,1.0,0.19,390.0804719
0.00082,0.0001,0.0,0.0,0.18,300.0019999
0.00082,0.0001,0.0,0.1,0.18,361.3153837
0.00082,0.0001,0.0,0.2,0.18,380.9593254
0.00082,0.0001,0.0,0.3,0.18,386.5441674
0.00082,0.0001,0.0,0.4,0.18,388.7647765
0.00082,0.0001,0.0,0.5,0.18,389.7363592
0.00082,0.0001,0.0,0.6,0.18,390.0288366
0.00082,0.0001,0.0,0.7,0.18,390.0681744
0.00082,0.0001,0.0,0.8,0.18,390.0613154
0.00082,0.0001,0.0,0.9,0.18,390.0663063
0.00082,0.0001,0.0,1.0,0.18,390.0712643
0.00082,6.69e-05,0.0,0.0,0.18000001,300.002
0.00082,6.69e-05,0.0,0.1,0.18000001,361.3221676
0.00082,6.69e-05,0.0,0.2,0.18000001,380.9682835
0.00082,6.69e-05,0.0,0.3,0.18000001,386.5537435
0.00082,6.69e-05,0.0,0.4,0.18000001,388.7745984
0.00082,6.69e-05,0.0,0.5,0.18000001,389.7462886
0.00082,6.69e-05,0.0,0.6,0.18000001,390.0387984
0.00082,6.69e-05,0.0,0.7,0.18000001,390.0781406
0.00082,6.69e-05,0.0,0.8,0.18000001,390.0712808
0.00082,6.69e-05,0.0,0.9,0.18000001,390.0762722
0.00082,6.69e-05,0.0,1.0,0.18000001,390.0812308
0.00082,6.69e-05,1e-05,0.0,0.18000001,300.002
0.00082,6.69e-05,1e-05,0.1,0.18000001,361.3221676
0.00082,6.69e-05,1e-05,0.2,0.18000001,380.9682835
0.00082,6.69e-05,1e-05,0.3,0.18000001,386.5537435
0.00082,6.69e-05,1e-05,0.4,0.18000001,388.7745984
0.00082,6.69e-05,1e-05,0.5,0.18000001,389.7462886
0.00082,6.69e-05,1e-05,0.6,0.18000001,390.0387984
0.00082,6.69e-05,1e-05,0.7,0.18000001,390.0781406
0.00082,6.69e-05,1e-05,0.8,0.18000001,390.0712808
0.00082,6.69e-05,1e-05,0.9,0.18000001,390.0762722
0.00082,6.69e-05,1e-05,1.0,0.18000001,390.0812308
0.00085,1.73e-05,0.0,0.0,0.15,300.002
0.00085,1.73e-05,0.0,0.1,0.15,361.3138381
0.00085,1.73e-05,0.0,0.2,0.15,380.9572131
0.00085,1.73e-05,0.0,0.3,0.15,386.5418946
0.00085,1.73e-05,0.0,0.4,0.15,388.7624389
0.00085,1.73e-05,0.0,0.5,0.15,389.7339935
0.00085,1.73e-05,0.0,0.6,0.15,390.0264625
0.00085,1.73e-05,0.0,0.7,0.15,390.0657992
0.00085,1.73e-05,0.0,0.8,0.15,390.0589404
0.00085,1.73e-05,0.0,0.9,0.15,390.0639311
0.00085,1.73e-05,0.0,1.0,0.15,390.068889
0.00085,1.73e-05,5e-06,0.0,0.15,300.002
0.00085,1.73e-05,5e-06,0.1,0.15,361.3146045
0.00085,1.73e-05,5e-06,0.2,0.15,380.958225
0.00085,1.73e-05,5e-06,0.3,0.15,386.5429764
0.00085,1.73e-05,5e-06,0.4,0.15,388.7635485
0.00085,1.73e-05,5e-06,0.5,0.15,389.7351152
0.00085,1.73e-05,5e-06,0.6,0.15,390.0275878
0.00085,1.73e-05,5e-06,0.7,0.15,390.0669251
0.00085,1.73e-05,5e-06,0.8,0.15,390.0600661
0.00085,1.73e-05,5e-06,0.9,0.15,390.0650569
0.00085,1.73e-05,5e-06,1.0,0.15,390.0700149
0.00086,0.0,0.0,0.0,0.14,300.0019999
0.00086,0.0,0.0,0.1,0.14,361.3073449
0.00086,0.0,0.0,0.2,0.14,380.9486165
0.00086,0.0,0.0,0.3,0.14,386.5327002
0.00086,0.0,0.0,0.4,0.14,388.7530065
0.00086,0.0,0.0,0.5,0.14,389.7244571
0.00086,0.0,0.0,0.6,0.14,390.0168947
0.00086,0.0,0.0,0.7,0.14,390.0562273
0.00086,0.0,0.0,0.8,0.14,390.0493691
0.00086,0.0,0.0,0.9,0.14,390.0543593
0.00086,0.0,0.0,1.0,0.14,390.0593167
0.00086,0.0,1e-05,0.0,0.14,300.0019999
0.00086,0.0,1e-05,0.1,0.14,361.3073449
0.00086,0.0,1e-05,0.2,0.14,380.9486165
0.00086,0.0,1e-05,0.3,0.14,386.5327002
0.00086,0.0,1e-05,0.4,0.14,388.7530065
0.00086,0.0,1e-05,0.5,0.14,389.7244571
0.00086,0.0,1e-05,0.6,0.14,390.0168947
0.00086,0.0,1e-05,0.7,0.14,390.0562273
0.00086,0.0,1e-05,0.8,0.14,390.0493691
0.00086,0.0,1e-05,0.9,0.14,390.0543593
0.00086,0.0,1e-05,1.0,0.14,390.0593167
0.00085,1.73e-05,1e-05,0.0,0.15,300.002
0.00085,1.73e-05,1e-05,0.1,0.15,361.3138381
0.00085,1.73e-05,1e-05,0.2,0.15,380.9572131
0.00085,1.73e-05,1e-05,0.3,0.15,386.5418946
0.00085,1.73e-05,1e-05,0.4,0.15,388.7624389
0.00085,1.73e-05,1e-05,0.5,0.15,389.7339935
0.00085,1.73e-05,1e-05,0.6,0.15,390.0264625
0.00085,1.73e-05,1e-05,0.7,0.15,390.0657992
0.00085,1.73e-05,1e-05,0.8,0.15,390.0589404
0.00085,1.73e-05,1e-05,0.9,0.15,390.0639311
0.00085,1.73e-05,1e-05,1.0,0.15,390.068889
0.00084,3.46e-05,0.0,0.0,0.16,300.002
0.00084,3.46e-05,0.0,0.1,0.16,361.3184287
0.00084,3.46e-05,0.0,0.2,0.16,380.9632983
0.00084,3.46e-05,0.0,0.3,0.16,386.5484045
0.00084,3.46e-05,0.0,0.4,0.16,388.769118
0.00084,3.46e-05,0.0,0.5,0.16,389.7407466
0.00084,3.46e-05,0.0,0.6,0.16,390.0332378
0.00084,3.46e-05,0.0,0.7,0.16,390.0725775
0.00084,3.46e-05,0.0,0.8,0.16,390.0657181
0.00084,3.46e-05,0.0,0.9,0.16,390.0707092
0.00084,3.46e-05,0.0,1.0,0.16,390.0756675
0.00084,3.46e-05,1e-05,0.0,0.16,300.002
0.00084,3.46e-05,1e-05,0.1,0.16,361.3184287
0.00084,3.46e-05,1e-05,0.2,0.16,380.9632983
0.00084,3.46e-05,1e-05,0.3,0.16,386.5484045
0.00084,3.46e-05,1e-05,0.4,0.16,388.769118
0.00084,3.46e-05,1e-05,0.5,0.16,389.7407466
0.00084,3.46e-05,1e-05,0.6,0.16,390.0332378
0.00084,3.46e-05,1e-05,0.7,0.16,390.0725775
0.00084,3.46e-05,1e-05,0.8,0.16,390.0657181
0.00084,3.46e-05,1e-05,0.9,0.16,390.0707092
0.00084,3.46e-05,1e-05,1.0,0.16,390.0756675
0.00083,5.1e-05,0.0,0.0,0.170000013,300.002
0.00083,5.1e-05,0.0,0.1,0.170000013,361.3211266
0.00083,5.1e-05,0.0,0.2,0.170000013,380.9668847
0.00083,5.1e-05,0.0,0.3,0.170000013,386.5522433
0.00083,5.1e-05,0.0,0.4,0.170000013,388.7730574
0.00083,5.1e-05,0.0,0.5,0.170000013,389.74473
0.00083,5.1e-05,0.0,0.6,0.170000013,390.0372344
0.00083,5.1e-05,0.0,0.7,0.170000013,390.0765759
0.00083,5.1e-05,0.0,0.8,0.170000013,390.0697162
0.00083,5.1e-05,0.0,0.9,0.170000013,390.0747076
0.00083,5.1e-05,0.0,1.0,0.170000013,390.079666
0.00083,5.1e-05,1e-05,0.0,0.170000013,300.002
0.00083,5.1e-05,1e-05,0.1,0.170000013,361.3211266
0.00083,5.1e-05,1e-05,0.2,0.170000013,380.9668847
0.00083,5.1e-05,1e-05,0.3,0.170000013,386.5522433
0.00083,5.1e-05,1e-05,0.4,0.170000013,388.7730574
0.00083,5.1e-05,1e-05,0.5,0.170000013,389.74473
0.00083,5.1e-05,1e-05,0.6,0.170000013,390.0372344
0.00083,5.1e-05,1e-05,0.7,0.170000013,390.0765759
0.00083,5.1e-05,1e-05,0.8,0.170000013,390.0697162
0.00083,5.1e-05,1e-05,0.9,0.170000013,390.0747076
0.00083,5.1e-05,1e-05,1.0,0.170000013,390.079666
0.00082,0.0001,1e-05,0.0,0.18,300.0019999
0.00082,0.0001,1e-05,0.1,0.18,361.3153837
0.00082,0.0001,1e-05,0.2,0.18,380.9593254
0.00082,0.0001,1e-05,0.3,0.18,386.5441674
0.00082,0.0001,1e-05,0.4,0.18,388.7647765
0.00082,0.0001,1e-05,0.5,0.18,389.7363592
0.00082,0.0001,1e-05,0.6,0.18,390.0288366
0.00082,0.0001,1e-05,0.7,0.18,390.0681744
0.00082,0.0001,1e-05,0.8,0.18,390.0613154
0.00082,0.0001,1e-05,0.9,0.18,390.0663063
0.00082,0.0001,1e-05,1.0,0.18,390.0712643
0.00083,8.27e-05,0.0,0.0,0.17,300.002
0.00083,8.27e-05,0.0,0.1,0.17,361.3178574
0.00083,8.27e-05,0.0,0.2,0.17,380.9625676
0.00083,8.27e-05,0.0,0.3,0.17,386.5476283
0.00083,8.27e-05,0.0,0.4,0.17,388.768324
0.00083,8.27e-05,0.0,0.5,0.17,389.7399447
0.00083,8.27e-05,0.0,0.6,0.17,390.0324335
0.00083,8.27e-05,0.0,0.7,0.17,390.0717729
0.00083,8.27e-05,0.0,0.8,0.17,390.0649136
0.00083,8.27e-05,0.0,0.9,0.17,390.0699047
0.00083,8.27e-05,0.0,1.0,0.17,390.0748629
0.00083,8.27e-05,1e-05,0.0,0.17,300.002
0.00083,8.27e-05,1e-05,0.1,0.17,361.3178574
0.00083,8.27e-05,1e-05,0.2,0.17,380.9625676
0.00083,8.27e-05,1e-05,0.3,0.17,386.5476283
0.00083,8.27e-05,1e-05,0.4,0.17,388.768324
0.00083,8.27e-05,1e-05,0.5,0.17,389.7399447
0.00083,8.27e-05,1e-05,0.6,0.17,390.0324335
0.00083,8.27e-05,1e-05,0.7,0.17,390.0717729
0.00083,8.27e-05,1e-05,0.8,0.17,390.0649136
0.00083,8.27e-05,1e-05,0.9,0.17,390.0699047
0.00083,8.27e-05,1e-05,1.0,0.17,390.0748629
0.00084,0.0001,0.0,0.0,0.16,300.0019999
0.00084,0.0001,0.0,0.1,0.16,361.3114899
0.00084,0.0001,0.0,0.2,0.16,380.9541358
0.00084,0.0001,0.0,0.3,0.16,386.5386098
0.00084,0.0001,0.0,0.4,0.16,388.759072
0.00084,0.0001,0.0,0.5,0.16,389.7305906
0.00084,0.0001,0.0,0.6,0.16,390.0230487
0.00084,0.0001,0.0,0.7,0.16,390.0623839
0.00084,0.0001,0.0,0.8,0.16,390.0555253
0.00084,0.0001,0.0,0.9,0.16,390.0605159
0.00084,0.0001,0.0,1.0,0.16,390.0654736
0.00084,6.69e-05,0.0,0.0,0.160000063,300.002
0.00084,6.69e-05,0.0,0.1,0.160000063,361.3182735
0.00084,6.69e-05,0.0,0.2,0.160000063,380.9630933
0.00084,6.69e-05,0.0,0.3,0.160000063,386.5481854
0.00084,6.69e-05,0.0,0.4,0.160000063,388.7688933
0.00084,6.69e-05,0.0,0.5,0.160000063,389.7405194
0.00084,6.69e-05,0.0,0.6,0.160000063,390.0330098
0.00084,6.69e-05,0.0,0.7,0.160000063,390.0723495
0.00084,6.69e-05,0.0,0.8,0.160000063,390.0654901
0.00084,6.69e-05,0.0,0.9,0.160000063,390.0704812
0.00084,6.69e-05,0.0,1.0,0.160000063,390.0754394
0.00084,6.69e-05,1e-05,0.0,0.160000063,300.002
0.00084,6.69e-05,1e-05,0.1,0.160000063,361.3182735
0.00084,6.69e-05,1e-05,0.2,0.160000063,380.9630933
0.00084,6.69e-05,1e-05,0.3,0.160000063,386.5481854
0.00084,6.69e-05,1e-05,0.4,0.160000063,388.7688933
0.00084,6.69e-05,1e-05,0.5,0.160000063,389.7405194
0.00084,6.69e-05,1e-05,0.6,0.160000063,390.0330098
0.00084,6.69e-05,1e-05,0.7,0.160000063,390.0723495
0.00084,6.69e-05,1e-05,0.8,0.160000063,390.0654901
0.00084,6.69e-05,1e-05,0.9,0.160000063,390.0704812
0.00084,6.69e-05,1e-05,1.0,0.160000063,390.0754394
0.00087,1.73e-05,0.0,0.0,0.13,300.002
0.00087,1.73e-05,0.0,0.1,0.13,361.3095662
0.00087,1.73e-05,0.0,0.2,0.13,380.9515274
0.00087,1.73e-05,0.0,0.3,0.13,386.5358075
0.00087,1.73e-05,0.0,0.4,0.13,388.7561916
0.00087,1.73e-05,0.0,0.5,0.13,389.7276762
0.00087,1.73e-05,0.0,0.6,0.13,390.0201241
0.00087,1.73e-05,0.0,0.7,0.13,390.0594581
0.00087,1.73e-05,0.0,0.8,0.13,390.0525996
0.00087,1.73e-05,0.0,0.9,0.13,390.05759
0.00087,1.73e-05,0.0,1.0,0.13,390.0625476
0.00086,3.46e-05,0.0,0.0,0.14,300.002
0.00086,3.46e-05,0.0,0.1,0.14,361.3142832
0.00086,3.46e-05,0.0,0.2,0.14,380.9577783
0.00086,3.46e-05,0.0,0.3,0.14,386.5424942
0.00086,3.46e-05,0.0,0.4,0.14,388.7630519
0.00086,3.46e-05,0.0,0.5,0.14,389.7346124
0.00086,3.46e-05,0.0,0.6,0.14,390.0270831
0.00086,3.46e-05,0.0,0.7,0.14,390.0664202
0.00086,3.46e-05,0.0,0.8,0.14,390.0595612
0.00086,3.46e-05,0.0,0.9,0.14,390.064552
0.00086,3.46e-05,0.0,1.0,0.14,390.0695099
0.00088,0.0,0.0,0.0,0.12,300.0019999
0.00088,0.0,0.0,0.1,0.12,361.302946
0.00088,0.0,0.0,0.2,0.12,380.9427647
0.00088,0.0,0.0,0.3,0.12,386.5264358
0.00088,0.0,0.0,0.4,0.12,388.7465775
0.00088,0.0,0.0,0.5,0.12,389.7179561
0.00088,0.0,0.0,0.6,0.12,390.0103721
0.00088,0.0,0.0,0.7,0.12,390.0497018
0.00088,0.0,0.0,0.8,0.12,390.0428441
0.00088,0.0,0.0,0.9,0.12,390.0478339
0.00088,0.0,0.0,1.0,0.12,390.0527909
0.00088,0.0,1e-05,0.0,0.12,300.0019999
0.00088,0.0,1e-05,0.1,0.12,361.302946
0.00088,0.0,1e-05,0.2,0.12,380.9427647
0.00088,0.0,1e-05,0.3,0.12,386.5264358
0.00088,0.0,1e-05,0.4,0.12,388.7465775
0.00088,0.0,1e-05,0.5,0.12,389.7179561
0.00088,0.0,1e-05,0.6,0.12,390.0103721
0.00088,0.0,1e-05,0.7,0.12,390.0497018
0.00088,0.0,1e-05,0.8,0.12,390.0428441
0.00088,0.0,1e-05,0.9,0.12,390.047834
0.00088,0.0,1e-05,1.0,0.12,390.052791
0.00087,1.73e-05,1e-05,0.0,0.13,300.002
0.00087,1.73e-05,1e-05,0.1,0.13,361.3095662
0.00087,1.73e-05,1e-05,0.2,0.13,380.9515275
0.00087,1.73e-05,1e-05,0.3,0.13,386.5358075
0.00087,1.73e-05,1e-05,0.4,0.13,388.7561916
0.00087,1.73e-05,1e-05,0.5,0.13,389.7276762
0.00087,1.73e-05,1e-05,0.6,0.13,390.0201241
0.00087,1.73e-05,1e-05,0.7,0.13,390.0594581
0.00087,1.73e-05,1e-05,0.8,0.13,390.0525997
0.00087,1.73e-05,1e-05,0.9,0.13,390.0575901
0.00087,1.73e-05,1e-05,1.0,0.13,390.0625476
0.00086,3.46e-05,1e-05,0.0,0.14,300.002
0.00086,3.46e-05,1e-05,0.1,0.14,361.3142832
0.00086,3.46e-05,1e-05,0.2,0.14,380.9577783
0.00086,3.46e-05,1e-05,0.3,0.14,386.5424942
0.00086,3.46e-05,1e-05,0.4,0.14,388.7630519
0.00086,3.46e-05,1e-05,0.5,0.14,389.7346124
0.00086,3.46e-05,1e-05,0.6,0.14,390.0270832
0.00086,3.46e-05,1e-05,0.7,0.14,390.0664202
0.00086,3.46e-05,1e-05,0.8,0.14,390.0595612
0.00086,3.46e-05,1e-05,0.9,0.14,390.064552
0.00086,3.46e-05,1e-05,1.0,0.14,390.0695099
0.00085,5.1e-05,0.0,0.0,0.150000075,300.002
0.00085,5.1e-05,0.0,0.1,0.150000075,361.3171071
0.00085,5.1e-05,0.0,0.2,0.150000075,380.9615299
0.00085,5.1e-05,0.0,0.3,0.150000075,386.5465093
0.00085,5.1e-05,0.0,0.4,0.150000075,388.7671721
0.00085,5.1e-05,0.0,0.5,0.150000075,389.7387785
0.00085,5.1e-05,0.0,0.6,0.150000075,390.0312631
0.00085,5.1e-05,0.0,0.7,0.150000075,390.0706019
0.00085,5.1e-05,0.0,0.8,0.150000075,390.0637427
0.00085,5.1e-05,0.0,0.9,0.150000075,390.0687337
0.00085,5.1e-05,0.0,1.0,0.150000075,390.0736918
0.00085,5.1e-05,1e-05,0.0,0.150000076,300.002
0.00085,5.1e-05,1e-05,0.1,0.150000076,361.3171071
0.00085,5.1e-05,1e-05,0.2,0.150000076,380.9615299
0.00085,5.1e-05,1e-05,0.3,0.150000076,386.5465093
0.00085,5.1e-05,1e-05,0.4,0.150000076,388.7671721
0.00085,5.1e-05,1e-05,0.5,0.150000076,389.7387785
0.00085,5.1e-05,1e-05,0.6,0.150000076,390.0312631
0.00085,5.1e-05,1e-05,0.7,0.150000076,390.0706019
0.00085,5.1e-05,1e-05,0.8,0.150000076,390.0637427
0.00085,5.1e-05,1e-05,0.9,0.150000076,390.0687337
0.00085,5.1e-05,1e-05,1.0,0.150000076,390.0736918
0.00084,0.0001,1e-05,0.0,0.16,300.0019999
0.00084,0.0001,1e-05,0.1,0.16,361.3114899
0.00084,0.0001,1e-05,0.2,0.16,380.9541358
0.00084,0.0001,1e-05,0.3,0.16,386.5386098
0.00084,0.0001,1e-05,0.4,0.16,388.759072
0.00084,0.0001,1e-05,0.5,0.16,389.7305906
0.00084,0.0001,1e-05,0.6,0.16,390.0230487
0.00084,0.0001,1e-05,0.7,0.16,390.0623839
0.00084,0.0001,1e-05,0.8,0.16,390.0555253
0.00084,0.0001,1e-05,0.9,0.16,390.0605159
0.00084,0.0001,1e-05,1.0,0.16,390.0654736
0.00085,8.27e-05,0.0,0.0,0.15,300.002
0.00085,8.27e-05,0.0,0.1,0.15,361.3138381
0.00085,8.27e-05,0.0,0.2,0.15,380.9572131
0.00085,8.27e-05,0.0,0.3,0.15,386.5418946
0.00085,8.27e-05,0.0,0.4,0.15,388.7624389
0.00085,8.27e-05,0.0,0.5,0.15,389.7339936
0.00085,8.27e-05,0.0,0.6,0.15,390.0264625
0.00085,8.27e-05,0.0,0.7,0.15,390.0657992
0.00085,8.27e-05,0.0,0.8,0.15,390.0589404
0.00085,8.27e-05,0.0,0.9,0.15,390.0639311
0.00085,8.27e-05,0.0,1.0,0.15,390.068889
0.00086,0.0001,0.0,0.0,0.14,300.0019999
0.00086,0.0001,0.0,0.1,0.14,361.3073449
0.00086,0.0001,0.0,0.2,0.14,380.9486165
0.00086,0.0001,0.0,0.3,0.14,386.5327002
0.00086,0.0001,0.0,0.4,0.14,388.7530065
0.00086,0.0001,0.0,0.5,0.14,389.7244571
0.00086,0.0001,0.0,0.6,0.14,390.0168947
0.00086,0.0001,0.0,0.7,0.14,390.0562273
0.00086,0.0001,0.0,0.8,0.14,390.0493691
0.00086,0.0001,0.0,0.9,0.14,390.0543593
0.00086,0.0001,0.0,1.0,0.14,390.0593167
0.00085,8.27e-05,1e-05,0.0,0.15,300.002
0.00085,8.27e-05,1e-05,0.1,0.15,361.3138381
0.00085,8.27e-05,1e-05,0.2,0.15,380.9572131
0.00085,8.27e-05,1e-05,0.3,0.15,386.5418946
0.00085,8.27e-05,1e-05,0.4,0.15,388.7624389
0.00085,8.27e-05,1e-05,0.5,0.15,389.7339935
0.00085,8.27e-05,1e-05,0.6,0.15,390.0264625
0.00085,8.27e-05,1e-05,0.7,0.15,390.0657992
0.00085,8.27e-05,1e-05,0.8,0.15,390.0589404
0.00085,8.27e-05,1e-05,0.9,0.15,390.0639311
0.00085,8.27e-05,1e-05,1.0,0.15,390.068889
0.00089,1.73e-05,0.0,0.0,0.11,300.002
0.00089,1.73e-05,0.0,0.1,0.11,361.3050389
0.00089,1.73e-05,0.0,0.2,0.11,380.9455079
0.00089,1.73e-05,0.0,0.3,0.11,386.5293641
0.00089,1.73e-05,0.0,0.4,0.11,388.7495791
0.00089,1.73e-05,0.0,0.5,0.11,389.7209899
0.00089,1.73e-05,0.0,0.6,0.11,390.0134156
0.00089,1.73e-05,0.0,0.7,0.11,390.0527466
0.00089,1.73e-05,0.0,0.8,0.11,390.0458887
0.00089,1.73e-05,0.0,0.9,0.11,390.0508787
0.00089,1.73e-05,0.0,1.0,0.11,390.0558359
0.0009,0.0,0.0,0.0,0.1,300.0019999
0.0009,0.0,0.0,0.1,0.1,361.2982902
0.0009,0.0,0.0,0.2,0.1,380.9365776
0.0009,0.0,0.0,0.3,0.1,386.5198137
0.0009,0.0,0.0,0.4,0.1,388.7397819
0.0009,0.0,0.0,0.5,0.1,389.7110847
0.0009,0.0,0.0,0.6,0.1,390.0034779
0.0009,0.0,0.0,0.7,0.1,390.0428046
0.0009,0.0,0.0,0.8,0.1,390.0359474
0.0009,0.0,0.0,0.9,0.1,390.0409369
0.0009,0.0,0.0,1.0,0.1,390.0458935
0.0009,0.0,1e-05,0.0,0.1,300.0019999
0.0009,0.0,1e-05,0.1,0.1,361.2982902
0.0009,0.0,1e-05,0.2,0.1,380.9365775
0.0009,0.0,1e-05,0.3,0.1,386.5198137
0.0009,0.0,1e-05,0.4,0.1,388.7397819
0.0009,0.0,1e-05,0.5,0.1,389.7110847
0.0009,0.0,1e-05,0.6,0.1,390.0034779
0.0009,0.0,1e-05,0.7,0.1,390.0428045
0.0009,0.0,1e-05,0.8,0.1,390.0359474
0.0009,0.0,1e-05,0.9,0.1,390.0409369
0.0009,0.0,1e-05,1.0,0.1,390.0458935
0.00086,6.69e-05,0.0,0.0,0.140000376,300.002
0.00086,6.69e-05,0.0,0.1,0.140000376,361.3141281
0.00086,6.69e-05,0.0,0.2,0.140000376,380.9575734
0.00086,6.69e-05,0.0,0.3,0.140000376,386.5422752
0.00086,6.69e-05,0.0,0.4,0.140000376,388.7628272
0.00086,6.69e-05,0.0,0.5,0.140000376,389.7343853
0.00086,6.69e-05,0.0,0.6,0.140000376,390.0268553
0.00086,6.69e-05,0.0,0.7,0.140000376,390.0661922
0.00086,6.69e-05,0.0,0.8,0.140000376,390.0593333
0.00086,6.69e-05,0.0,0.9,0.140000376,390.0643241
0.00086,6.69e-05,0.0,1.0,0.140000376,390.069282
0.00086,6.69e-05,1e-05,0.0,0.140000378,300.002
0.00086,6.69e-05,1e-05,0.1,0.140000378,361.3141281
0.00086,6.69e-05,1e-05,0.2,0.140000378,380.9575734
0.00086,6.69e-05,1e-05,0.3,0.140000378,386.5422752
0.00086,6.69e-05,1e-05,0.4,0.140000378,388.7628272
0.00086,6.69e-05,1e-05,0.5,0.140000378,389.7343853
0.00086,6.69e-05,1e-05,0.6,0.140000378,390.0268553
0.00086,6.69e-05,1e-05,0.7,0.140000378,390.0661922
0.00086,6.69e-05,1e-05,0.8,0.140000378,390.0593333
0.00086,6.69e-05,1e-05,0.9,0.140000378,390.0643241
0.00086,6.69e-05,1e-05,1.0,0.140000378,390.069282
0.00088,3.46e-05,0.0,0.0,0.12,300.002
0.00088,3.46e-05,0.0,0.1,0.12,361.3098838
0.00088,3.46e-05,0.0,0.2,0.12,380.9519259
0.00088,3.46e-05,0.0,0.3,0.12,386.5362291
0.00088,3.46e-05,0.0,0.4,0.12,388.7566221
0.00088,3.46e-05,0.0,0.5,0.12,389.7281107
0.00088,3.46e-05,0.0,0.6,0.12,390.0205598
0.00088,3.46e-05,0.0,0.7,0.12,390.0598939
0.00088,3.46e-05,0.0,0.8,0.12,390.0530355
0.00088,3.46e-05,0.0,0.9,0.12,390.0580259
0.00088,3.46e-05,0.0,1.0,0.12,390.0629835
0.00089,1.73e-05,1e-05,0.0,0.11,300.002
0.00089,1.73e-05,1e-05,0.1,0.11,361.3050389
0.00089,1.73e-05,1e-05,0.2,0.11,380.9455079
0.00089,1.73e-05,1e-05,0.3,0.11,386.5293641
0.00089,1.73e-05,1e-05,0.4,0.11,388.7495791
0.00089,1.73e-05,1e-05,0.5,0.11,389.7209899
0.00089,1.73e-05,1e-05,0.6,0.11,390.0134156
0.00089,1.73e-05,1e-05,0.7,0.11,390.0527466
0.00089,1.73e-05,1e-05,0.8,0.11,390.0458887
0.00089,1.73e-05,1e-05,0.9,0.11,390.0508787
0.00089,1.73e-05,1e-05,1.0,0.11,390.0558359
0.00087,5.1e-05,0.0,0.0,0.130000451,300.002
0.00087,5.1e-05,0.0,0.1,0.130000451,361.312835
0.00087,5.1e-05,0.0,0.2,0.130000451,380.9558441
0.00087,5.1e-05,0.0,0.3,0.130000451,386.540422
0.00087,5.1e-05,0.0,0.4,0.130000451,388.7609245
0.00087,5.1e-05,0.0,0.5,0.130000451,389.732461
0.00087,5.1e-05,0.0,0.6,0.130000451,390.0249245
0.00087,5.1e-05,0.0,0.7,0.130000451,390.0642605
0.00087,5.1e-05,0.0,0.8,0.130000451,390.0574018
0.00087,5.1e-05,0.0,0.9,0.130000451,390.0623924
0.00087,5.1e-05,0.0,1.0,0.130000451,390.0673502
0.00088,3.46e-05,1e-05,0.0,0.12,300.002
0.00088,3.46e-05,1e-05,0.1,0.12,361.3098838
0.00088,3.46e-05,1e-05,0.2,0.12,380.9519258
0.00088,3.46e-05,1e-05,0.3,0.12,386.5362291
0.00088,3.46e-05,1e-05,0.4,0.12,388.7566221
0.00088,3.46e-05,1e-05,0.5,0.12,389.7281107
0.00088,3.46e-05,1e-05,0.6,0.12,390.0205598
0.00088,3.46e-05,1e-05,0.7,0.12,390.0598939
0.00088,3.46e-05,1e-05,0.8,0.12,390.0530355
0.00088,3.46e-05,1e-05,0.9,0.12,390.0580259
0.00088,3.46e-05,1e-05,1.0,0.12,390.0629835
0.00087,5.1e-05,1e-05,0.0,0.130000453,300.002
0.00087,5.1e-05,1e-05,0.1,0.130000453,361.312835
0.00087,5.1e-05,1e-05,0.2,0.130000453,380.9558441
0.00087,5.1e-05,1e-05,0.3,0.130000453,386.540422
0.00087,5.1e-05,1e-05,0.4,0.130000453,388.7609245
0.00087,5.1e-05,1e-05,0.5,0.130000453,389.732461
0.00087,5.1e-05,1e-05,0.6,0.130000453,390.0249245
0.00087,5.1e-05,1e-05,0.7,0.130000453,390.0642605
0.00087,5.1e-05,1e-05,0.8,0.130000453,390.0574018
0.00087,5.1e-05,1e-05,0.9,0.130000453,390.0623924
0.00087,5.1e-05,1e-05,1.0,0.130000453,390.0673502
0.00086,0.0001,1e-05,0.0,0.14,300.0019999
0.00086,0.0001,1e-05,0.1,0.14,361.3073449
0.00086,0.0001,1e-05,0.2,0.14,380.9486165
0.00086,0.0001,1e-05,0.3,0.14,386.5327002
0.00086,0.0001,1e-05,0.4,0.14,388.7530065
0.00086,0.0001,1e-05,0.5,0.14,389.7244571
0.00086,0.0001,1e-05,0.6,0.14,390.0168947
0.00086,0.0001,1e-05,0.7,0.14,390.0562273
0.00086,0.0001,1e-05,0.8,0.14,390.0493691
0.00086,0.0001,1e-05,0.9,0.14,390.0543593
0.00086,0.0001,1e-05,1.0,0.14,390.0593167
0.00087,8.27e-05,0.0,0.0,0.13,300.002
0.00087,8.27e-05,0.0,0.1,0.13,361.3095662
0.00087,8.27e-05,0.0,0.2,0.13,380.9515274
0.00087,8.27e-05,0.0,0.3,0.13,386.5358075
0.00087,8.27e-05,0.0,0.4,0.13,388.7561916
0.00087,8.27e-05,0.0,0.5,0.13,389.7276762
0.00087,8.27e-05,0.0,0.6,0.13,390.0201241
0.00087,8.27e-05,0.0,0.7,0.13,390.0594581
0.00087,8.27e-05,0.0,0.8,0.13,390.0525996
0.00087,8.27e-05,0.0,0.9,0.13,390.05759
0.00087,8.27e-05,0.0,1.0,0.13,390.0625476
0.00087,8.31e-05,5e-06,0.0,0.130000377,300.002
0.00087,8.31e-05,5e-06,0.1,0.130000377,361.3102422
0.00087,8.31e-05,5e-06,0.2,0.130000377,380.95242
0.00087,8.31e-05,5e-06,0.3,0.130000377,386.5367617
0.00087,8.31e-05,5e-06,0.4,0.130000377,388.7571702
0.00087,8.31e-05,5e-06,0.5,0.130000377,389.7286656
0.00087,8.31e-05,5e-06,0.6,0.130000377,390.0211167
0.00087,8.31e-05,5e-06,0.7,0.130000377,390.0604511
0.00087,8.31e-05,5e-06,0.8,0.130000377,390.0535926
0.00087,8.31e-05,5e-06,0.9,0.130000377,390.058583
0.00087,8.31e-05,5e-06,1.0,0.130000377,390.0635406
0.00088,0.0001,0.0,0.0,0.12,300.0019999
0.00088,0.0001,0.0,0.1,0.12,361.302946
0.00088,0.0001,0.0,0.2,0.12,380.9427647
0.00088,0.0001,0.0,0.3,0.12,386.5264358
0.00088,0.0001,0.0,0.4,0.12,388.7465775
0.00088,0.0001,0.0,0.5,0.12,389.7179561
0.00088,0.0001,0.0,0.6,0.12,390.0103721
0.00088,0.0001,0.0,0.7,0.12,390.0497018
0.00088,0.0001,0.0,0.8,0.12,390.0428441
0.00088,0.0001,0.0,0.9,0.12,390.047834
0.00088,0.0001,0.0,1.0,0.12,390.052791
0.00087,8.27e-05,1e-05,0.0,0.13,300.002
0.00087,8.27e-05,1e-05,0.1,0.13,361.3095662
0.00087,8.27e-05,1e-05,0.2,0.13,380.9515274
0.00087,8.27e-05,1e-05,0.3,0.13,386.5358075
0.00087,8.27e-05,1e-05,0.4,0.13,388.7561916
0.00087,8.27e-05,1e-05,0.5,0.13,389.7276762
0.00087,8.27e-05,1e-05,0.6,0.13,390.0201241
0.00087,8.27e-05,1e-05,0.7,0.13,390.0594581
0.00087,8.27e-05,1e-05,0.8,0.13,390.0525996
0.00087,8.27e-05,1e-05,0.9,0.13,390.05759
0.00087,8.27e-05,1e-05,1.0,0.13,390.0625476
0.0009,3.46e-05,0.0,0.0,0.1,300.002
0.0009,3.46e-05,0.0,0.1,0.1,361.3052275
0.0009,3.46e-05,0.0,0.2,0.1,380.945738
0.0009,3.46e-05,0.0,0.3,0.1,386.5296062
0.0009,3.46e-05,0.0,0.4,0.1,388.7498257
0.0009,3.46e-05,0.0,0.5,0.1,389.7212386
0.0009,3.46e-05,0.0,0.6,0.1,390.0136648
0.0009,3.46e-05,0.0,0.7,0.1,390.0529959
0.0009,3.46e-05,0.0,0.8,0.1,390.046138
0.0009,3.46e-05,0.0,0.9,0.1,390.051128
0.0009,3.46e-05,0.0,1.0,0.1,390.0560852
0.00092,0.0,0.0,0.0,0.08,300.0019999
0.00092,0.0,0.0,0.1,0.08,361.2933745
0.00092,0.0,0.0,0.2,0.08,380.930052
0.00092,0.0,0.0,0.3,0.08,386.5128308
0.00092,0.0,0.0,0.4,0.08,388.7326167
0.00092,0.0,0.0,0.5,0.08,389.7038399
0.00092,0.0,0.0,0.6,0.08,389.9962091
0.00092,0.0,0.0,0.7,0.08,390.0355326
0.00092,0.0,0.0,0.8,0.08,390.0286759
0.00092,0.0,0.0,0.9,0.08,390.033665
0.00092,0.0,0.0,1.0,0.08,390.0386212
0.00092,0.0,1e-05,0.0,0.08,300.0019999
0.00092,0.0,1e-05,0.1,0.08,361.2933745
0.00092,0.0,1e-05,0.2,0.08,380.9300521
0.00092,0.0,1e-05,0.3,0.08,386.5128308
0.00092,0.0,1e-05,0.4,0.08,388.7326167
0.00092,0.0,1e-05,0.5,0.08,389.7038399
0.00092,0.0,1e-05,0.6,0.08,389.9962091
0.00092,0.0,1e-05,0.7,0.08,390.0355326
0.00092,0.0,1e-05,0.8,0.08,390.0286759
0.00092,0.0,1e-05,0.9,0.08,390.033665
0.00092,0.0,1e-05,1.0,0.08,390.0386212
0.00091,1.73e-05,1e-05,0.0,0.09,300.002
0.00091,1.73e-05,1e-05,0.1,0.09,361.3002532
0.00091,1.73e-05,1e-05,0.2,0.09,380.9391515
0.00091,1.73e-05,1e-05,0.3,0.09,386.5225616
0.00091,1.73e-05,1e-05,0.4,0.09,388.7425986
0.00091,1.73e-05,1e-05,0.5,0.09,389.7139317
0.00091,1.73e-05,1e-05,0.6,0.09,390.0063339
0.00091,1.73e-05,1e-05,0.7,0.09,390.0456619
0.00091,1.73e-05,1e-05,0.8,0.09,390.0388045
0.00091,1.73e-05,1e-05,0.9,0.09,390.0437941
0.00091,1.73e-05,1e-05,1.0,0.09,390.0487509
0.00091,1.73e-05,0.0,0.0,0.09,300.002
0.00091,1.73e-05,0.0,0.1,0.09,361.3002532
0.00091,1.73e-05,0.0,0.2,0.09,380.9391515
0.00091,1.73e-05,0.0,0.3,0.09,386.5225616
0.00091,1.73e-05,0.0,0.4,0.09,388.7425986
0.00091,1.73e-05,0.0,0.5,0.09,389.7139317
0.00091,1.73e-05,0.0,0.6,0.09,390.0063339
0.00091,1.73e-05,0.0,0.7,0.09,390.0456619
0.00091,1.73e-05,0.0,0.8,0.09,390.0388045
0.00091,1.73e-05,0.0,0.9,0.09,390.0437941
0.00091,1.73e-05,0.0,1.0,0.09,390.0487509
0.00088,6.69e-05,0.0,0.0,0.120002255,300.002
0.00088,6.69e-05,0.0,0.1,0.120002255,361.309729
0.00088,6.69e-05,0.0,0.2,0.120002255,380.9517215
0.00088,6.69e-05,0.0,0.3,0.120002255,386.5360106
0.00088,6.69e-05,0.0,0.4,0.120002255,388.756398
0.00088,6.69e-05,0.0,0.5,0.120002255,389.7278842
0.00088,6.69e-05,0.0,0.6,0.120002255,390.0203325
0.00088,6.69e-05,0.0,0.7,0.120002255,390.0596666
0.00088,6.69e-05,0.0,0.8,0.120002255,390.0528081
0.00088,6.69e-05,0.0,0.9,0.120002255,390.0577985
0.00088,6.69e-05,0.0,1.0,0.120002255,390.0627561
0.00088,6.69e-05,1e-05,0.0,0.120002266,300.002
0.00088,6.69e-05,1e-05,0.1,0.120002266,361.309729
0.00088,6.69e-05,1e-05,0.2,0.120002266,380.9517215
0.00088,6.69e-05,1e-05,0.3,0.120002266,386.5360106
0.00088,6.69e-05,1e-05,0.4,0.120002266,388.756398
0.00088,6.69e-05,1e-05,0.5,0.120002266,389.7278842
0.00088,6.69e-05,1e-05,0.6,0.120002266,390.0203325
0.00088,6.69e-05,1e-05,0.7,0.120002266,390.0596666
0.00088,6.69e-05,1e-05,0.8,0.120002266,390.0528081
0.00088,6.69e-05,1e-05,0.9,0.120002266,390.0577986
0.00088,6.69e-05,1e-05,1.0,0.120002266,390.0627561
0.00089,5.1e-05,0.0,0.0,0.110002706,300.002
0.00089,5.1e-05,0.0,0.1,0.110002706,361.308308
0.00089,5.1e-05,0.0,0.2,0.110002706,380.9498249
0.00089,5.1e-05,0.0,0.3,0.110002706,386.5339791
0.00089,5.1e-05,0.0,0.4,0.110002706,388.7543125
0.00089,5.1e-05,0.0,0.5,0.110002706,389.7257751
0.00089,5.1e-05,0.0,0.6,0.110002706,390.0182164
0.00089,5.1e-05,0.0,0.7,0.110002706,390.0575495
0.00089,5.1e-05,0.0,0.8,0.110002706,390.0506912
0.00089,5.1e-05,0.0,0.9,0.110002706,390.0556815
0.00089,5.1e-05,0.0,1.0,0.110002706,390.0606389
0.0009,3.46e-05,1e-05,0.0,0.1,300.002
0.0009,3.46e-05,1e-05,0.1,0.1,361.3052275
0.0009,3.46e-05,1e-05,0.2,0.1,380.945738
0.0009,3.46e-05,1e-05,0.3,0.1,386.5296062
0.0009,3.46e-05,1e-05,0.4,0.1,388.7498257
0.0009,3.46e-05,1e-05,0.5,0.1,389.7212386
0.0009,3.46e-05,1e-05,0.6,0.1,390.0136648
0.0009,3.46e-05,1e-05,0.7,0.1,390.0529959
0.0009,3.46e-05,1e-05,0.8,0.1,390.046138
0.0009,3.46e-05,1e-05,0.9,0.1,390.051128
0.0009,3.46e-05,1e-05,1.0,0.1,390.0560852
0.00089,5.1e-05,1e-05,0.0,0.110002719,300.002
0.00089,5.1e-05,1e-05,0.1,0.110002719,361.308308
0.00089,5.1e-05,1e-05,0.2,0.110002719,380.9498249
0.00089,5.1e-05,1e-05,0.3,0.110002719,386.5339791
0.00089,5.1e-05,1e-05,0.4,0.110002719,388.7543125
0.00089,5.1e-05,1e-05,0.5,0.110002719,389.7257751
0.00089,5.1e-05,1e-05,0.6,0.110002719,390.0182164
0.00089,5.1e-05,1e-05,0.7,0.110002719,390.0575495
0.00089,5.1e-05,1e-05,0.8,0.110002719,390.0506912
0.00089,5.1e-05,1e-05,0.9,0.110002719,390.0556815
0.00089,5.1e-05,1e-05,1.0,0.110002719,390.0606389
0.00088,0.0001,1e-05,0.0,0.12,300.0019999
0.00088,0.0001,1e-05,0.1,0.12,361.302946
0.00088,0.0001,1e-05,0.2,0.12,380.9427647
0.00088,0.0001,1e-05,0.3,0.12,386.5264358
0.00088,0.0001,1e-05,0.4,0.12,388.7465775
0.00088,0.0001,1e-05,0.5,0.12,389.7179561
0.00088,0.0001,1e-05,0.6,0.12,390.0103721
0.00088,0.0001,1e-05,0.7,0.12,390.0497018
0.00088,0.0001,1e-05,0.8,0.12,390.0428441
0.00088,0.0001,1e-05,0.9,0.12,390.0478339
0.00088,0.0001,1e-05,1.0,0.12,390.052791
0.000956,7.74e-06,5e-06,0.0,0.044483186,300.002
0.000956,7.74e-06,5e-06,0.1,0.044483186,361.2869473
0.000956,7.74e-06,5e-06,0.2,0.044483186,380.9215187
0.000956,7.74e-06,5e-06,0.3,0.044483186,386.5036991
0.000956,7.74e-06,5e-06,0.4,0.044483186,388.7232464
0.000956,7.74e-06,5e-06,0.5,0.044483186,389.6943655
0.000956,7.74e-06,5e-06,0.6,0.044483186,389.9867032
0.000956,7.74e-06,5e-06,0.7,0.044483186,390.0260225
0.000956,7.74e-06,5e-06,0.8,0.044483186,390.0191666
0.000956,7.74e-06,5e-06,0.9,0.044483186,390.0241552
0.000956,7.74e-06,5e-06,1.0,0.044483186,390.0291109
0.00096,0.0,0.0,0.0,0.04,300.0019999
0.00096,0.0,0.0,0.1,0.04,361.2827505
0.00096,0.0,0.0,0.2,0.04,380.915973
0.00096,0.0,0.0,0.3,0.04,386.4977699
0.00096,0.0,0.0,0.4,0.04,388.7171648
0.00096,0.0,0.0,0.5,0.04,389.688217
0.00096,0.0,0.0,0.6,0.04,389.9805347
0.00096,0.0,0.0,0.7,0.04,390.0198513
0.00096,0.0,0.0,0.8,0.04,390.0129959
0.00096,0.0,0.0,0.9,0.04,390.0179841
0.00096,0.0,0.0,1.0,0.04,390.0229395
0.00096,0.0,1e-05,0.0,0.04,300.0019999
0.00096,0.0,1e-05,0.1,0.04,361.2827506
0.00096,0.0,1e-05,0.2,0.04,380.915973
0.00096,0.0,1e-05,0.3,0.04,386.4977699
0.00096,0.0,1e-05,0.4,0.04,388.7171648
0.00096,0.0,1e-05,0.5,0.04,389.6882171
0.00096,0.0,1e-05,0.6,0.04,389.9805347
0.00096,0.0,1e-05,0.7,0.04,390.0198514
0.00096,0.0,1e-05,0.8,0.04,390.0129959
0.00096,0.0,1e-05,0.9,0.04,390.0179841
0.00096,0.0,1e-05,1.0,0.04,390.0229395
0.00094,0.0,0.0,0.0,0.06,300.0019999
0.00094,0.0,0.0,0.1,0.06,361.2881958
0.00094,0.0,0.0,0.2,0.06,380.923185
0.00094,0.0,0.0,0.3,0.06,386.505484
0.00094,0.0,0.0,0.4,0.06,388.7250788
0.00094,0.0,0.0,0.5,0.06,389.6962185
0.00094,0.0,0.0,0.6,0.06,389.9885625
0.00094,0.0,0.0,0.7,0.06,390.0278826
0.00094,0.0,0.0,0.8,0.06,390.0210265
0.00094,0.0,0.0,0.9,0.06,390.0260152
0.00094,0.0,0.0,1.0,0.06,390.030971
0.00094,0.0,1e-05,0.0,0.06,300.0019999
0.00094,0.0,1e-05,0.1,0.06,361.2881958
0.00094,0.0,1e-05,0.2,0.06,380.923185
0.00094,0.0,1e-05,0.3,0.06,386.505484
0.00094,0.0,1e-05,0.4,0.06,388.7250788
0.00094,0.0,1e-05,0.5,0.06,389.6962185
0.00094,0.0,1e-05,0.6,0.06,389.9885625
0.00094,0.0,1e-05,0.7,0.06,390.0278826
0.00094,0.0,1e-05,0.8,0.06,390.0210265
0.00094,0.0,1e-05,0.9,0.06,390.0260152
0.00094,0.0,1e-05,1.0,0.06,390.030971
0.00093,1.73e-05,5e-06,0.0,0.069914457,300.002
0.00093,1.73e-05,5e-06,0.1,0.069914457,361.29595
0.00093,1.73e-05,5e-06,0.2,0.069914457,380.9334374
0.00093,1.73e-05,5e-06,0.3,0.069914457,386.5164466
0.00093,1.73e-05,5e-06,0.4,0.069914457,388.7363239
0.00093,1.73e-05,5e-06,0.5,0.069914457,389.7075871
0.00093,1.73e-05,5e-06,0.6,0.069914457,389.9999683
0.00093,1.73e-05,5e-06,0.7,0.069914457,390.0392935
0.00093,1.73e-05,5e-06,0.8,0.069914457,390.0324365
0.00093,1.73e-05,5e-06,0.9,0.069914457,390.0374258
0.00093,1.73e-05,5e-06,1.0,0.069914457,390.0423823
0.00093,1.73e-05,0.0,0.0,0.07,300.002
0.00093,1.73e-05,0.0,0.1,0.07,361.295206
0.00093,1.73e-05,0.0,0.2,0.07,380.9324552
0.00093,1.73e-05,0.0,0.3,0.07,386.5153966
0.00093,1.73e-05,0.0,0.4,0.07,388.735247
0.00093,1.73e-05,0.0,0.5,0.07,389.7064985
0.00093,1.73e-05,0.0,0.6,0.07,389.9988761
0.00093,1.73e-05,0.0,0.7,0.07,390.0382008
0.00093,1.73e-05,0.0,0.8,0.07,390.0313439
0.00093,1.73e-05,0.0,0.9,0.07,390.0363332
0.00093,1.73e-05,0.0,1.0,0.07,390.0412895
0.00095,1.73e-05,1e-05,0.0,0.05,300.002
0.00095,1.73e-05,1e-05,0.1,0.05,361.2898941
0.00095,1.73e-05,1e-05,0.2,0.05,380.9254156
0.00095,1.73e-05,1e-05,0.3,0.05,386.507866
0.00095,1.73e-05,1e-05,0.4,0.05,388.7275209
0.00095,1.73e-05,1e-05,0.5,0.05,389.6986869
0.00095,1.73e-05,1e-05,0.6,0.05,389.9910388
0.00095,1.73e-05,1e-05,0.7,0.05,390.03036
0.00095,1.73e-05,1e-05,0.8,0.05,390.0235038
0.00095,1.73e-05,1e-05,0.9,0.05,390.0284926
0.00095,1.73e-05,1e-05,1.0,0.05,390.0334485
0.00095,1.73e-05,0.0,0.0,0.05,300.002
0.00095,1.73e-05,0.0,0.1,0.05,361.2898941
0.00095,1.73e-05,0.0,0.2,0.05,380.9254156
0.00095,1.73e-05,0.0,0.3,0.05,386.507866
0.00095,1.73e-05,0.0,0.4,0.05,388.7275209
0.00095,1.73e-05,0.0,0.5,0.05,389.6986869
0.00095,1.73e-05,0.0,0.6,0.05,389.9910388
0.00095,1.73e-05,0.0,0.7,0.05,390.03036
0.00095,1.73e-05,0.0,0.8,0.05,390.0235038
0.00095,1.73e-05,0.0,0.9,0.05,390.0284926
0.00095,1.73e-05,0.0,1.0,0.05,390.0334485
0.00093,1.73e-05,1e-05,0.0,0.07,300.002
0.00093,1.73e-05,1e-05,0.1,0.07,361.295206
0.00093,1.73e-05,1e-05,0.2,0.07,380.9324552
0.00093,1.73e-05,1e-05,0.3,0.07,386.5153966
0.00093,1.73e-05,1e-05,0.4,0.07,388.735247
0.00093,1.73e-05,1e-05,0.5,0.07,389.7064985
0.00093,1.73e-05,1e-05,0.6,0.07,389.9988761
0.00093,1.73e-05,1e-05,0.7,0.07,390.0382008
0.00093,1.73e-05,1e-05,0.8,0.07,390.0313439
0.00093,1.73e-05,1e-05,0.9,0.07,390.0363332
0.00093,1.73e-05,1e-05,1.0,0.07,390.0412895
0.00089,8.27e-05,0.0,0.0,0.11,300.002
0.00089,8.27e-05,0.0,0.1,0.11,361.3050389
0.00089,8.27e-05,0.0,0.2,0.11,380.9455079
0.00089,8.27e-05,0.0,0.3,0.11,386.5293641
0.00089,8.27e-05,0.0,0.4,0.11,388.7495791
0.00089,8.27e-05,0.0,0.5,0.11,389.7209899
0.00089,8.27e-05,0.0,0.6,0.11,390.0134156
0.00089,8.27e-05,0.0,0.7,0.11,390.0527466
0.00089,8.27e-05,0.0,0.8,0.11,390.0458887
0.00089,8.27e-05,0.0,0.9,0.11,390.0508787
0.00089,8.27e-05,0.0,1.0,0.11,390.0558359
0.0009,6.69e-05,0.0,0.0,0.10001353,300.002
0.0009,6.69e-05,0.0,0.1,0.10001353,361.3050752
0.0009,6.69e-05,0.0,0.2,0.10001353,380.945537
0.0009,6.69e-05,0.0,0.3,0.10001353,386.5293913
0.0009,6.69e-05,0.0,0.4,0.10001353,388.7496053
0.0009,6.69e-05,0.0,0.5,0.10001353,389.7210157
0.0009,6.69e-05,0.0,0.6,0.10001353,390.0134412
0.0009,6.69e-05,0.0,0.7,0.10001353,390.0527723
0.0009,6.69e-05,0.0,0.8,0.10001353,390.0459143
0.0009,6.69e-05,0.0,0.9,0.10001353,390.0509044
0.0009,6.69e-05,0.0,1.0,0.10001353,390.0558616
0.00089,8.27e-05,1e-05,0.0,0.11,300.002
0.00089,8.27e-05,1e-05,0.1,0.11,361.3050389
0.00089,8.27e-05,1e-05,0.2,0.11,380.9455079
0.00089,8.27e-05,1e-05,0.3,0.11,386.5293641
0.00089,8.27e-05,1e-05,0.4,0.11,388.7495791
0.00089,8.27e-05,1e-05,0.5,0.11,389.7209899
0.00089,8.27e-05,1e-05,0.6,0.11,390.0134156
0.00089,8.27e-05,1e-05,0.7,0.11,390.0527466
0.00089,8.27e-05,1e-05,0.8,0.11,390.0458887
0.00089,8.27e-05,1e-05,0.9,0.11,390.0508787
0.00089,8.27e-05,1e-05,1.0,0.11,390.0558359
0.0009,0.0001,0.0,0.0,0.1,300.0019999
0.0009,0.0001,0.0,0.1,0.1,361.2982902
0.0009,0.0001,0.0,0.2,0.1,380.9365775
0.0009,0.0001,0.0,0.3,0.1,386.5198137
0.0009,0.0001,0.0,0.4,0.1,388.7397819
0.0009,0.0001,0.0,0.5,0.1,389.7110847
0.0009,0.0001,0.0,0.6,0.1,390.0034779
0.0009,0.0001,0.0,0.7,0.1,390.0428045
0.0009,0.0001,0.0,0.8,0.1,390.0359474
0.0009,0.0001,0.0,0.9,0.1,390.0409369
0.0009,0.0001,0.0,1.0,0.1,390.0458935
0.00092,3.46e-05,0.0,0.0,0.08,300.002
0.00092,3.46e-05,0.0,0.1,0.08,361.3003113
0.00092,3.46e-05,0.0,0.2,0.08,380.9392118
0.00092,3.46e-05,0.0,0.3,0.08,386.5226226
0.00092,3.46e-05,0.0,0.4,0.08,388.7426597
0.00092,3.46e-05,0.0,0.5,0.08,389.7139929
0.00092,3.46e-05,0.0,0.6,0.08,390.0063952
0.00092,3.46e-05,0.0,0.7,0.08,390.0457231
0.00092,3.46e-05,0.0,0.8,0.08,390.0388657
0.00092,3.46e-05,0.0,0.9,0.08,390.0438553
0.00092,3.46e-05,0.0,1.0,0.08,390.0488121
0.00091,5.1e-05,0.0,0.0,0.08980367,300.002
0.00091,5.1e-05,0.0,0.1,0.08980367,361.3034731
0.00091,5.1e-05,0.0,0.2,0.08980367,380.9434033
0.00091,5.1e-05,0.0,0.3,0.08980367,386.5271067
0.00091,5.1e-05,0.0,0.4,0.08980367,388.7472604
0.00091,5.1e-05,0.0,0.5,0.08980367,389.7186445
0.00091,5.1e-05,0.0,0.6,0.08980367,390.0110621
0.00091,5.1e-05,0.0,0.7,0.08980367,390.0503921
0.00091,5.1e-05,0.0,0.8,0.08980367,390.0435343
0.00091,5.1e-05,0.0,0.9,0.08980367,390.0485242
0.00091,5.1e-05,0.0,1.0,0.08980367,390.0534812
0.00092,3.46e-05,1e-05,0.0,0.08,300.002
0.00092,3.46e-05,1e-05,0.1,0.08,361.3003112
0.00092,3.46e-05,1e-05,0.2,0.08,380.9392118
0.00092,3.46e-05,1e-05,0.3,0.08,386.5226226
0.00092,3.46e-05,1e-05,0.4,0.08,388.7426597
0.00092,3.46e-05,1e-05,0.5,0.08,389.7139929
0.00092,3.46e-05,1e-05,0.6,0.08,390.0063952
0.00092,3.46e-05,1e-05,0.7,0.08,390.0457231
0.00092,3.46e-05,1e-05,0.8,0.08,390.0388657
0.00092,3.46e-05,1e-05,0.9,0.08,390.0438553
0.00092,3.46e-05,1e-05,1.0,0.08,390.0488121
0.0009,6.69e-05,1e-05,0.0,0.100013595,300.002
0.0009,6.69e-05,1e-05,0.1,0.100013595,361.3050752
0.0009,6.69e-05,1e-05,0.2,0.100013595,380.945537
0.0009,6.69e-05,1e-05,0.3,0.100013595,386.5293913
0.0009,6.69e-05,1e-05,0.4,0.100013595,388.7496053
0.0009,6.69e-05,1e-05,0.5,0.100013595,389.7210157
0.0009,6.69e-05,1e-05,0.6,0.100013595,390.0134412
0.0009,6.69e-05,1e-05,0.7,0.100013595,390.0527723
0.0009,6.69e-05,1e-05,0.8,0.100013595,390.0459143
0.0009,6.69e-05,1e-05,0.9,0.100013595,390.0509044
0.0009,6.69e-05,1e-05,1.0,0.100013595,390.0558616
0.00091,5.1e-05,1e-05,0.0,0.090016314,300.002
0.00091,5.1e-05,1e-05,0.1,0.090016314,361.3035254
0.00091,5.1e-05,1e-05,0.2,0.090016314,380.9434727
0.00091,5.1e-05,1e-05,0.3,0.090016314,386.5271809
0.00091,5.1e-05,1e-05,0.4,0.090016314,388.7473365
0.00091,5.1e-05,1e-05,0.5,0.090016314,389.7187215
0.00091,5.1e-05,1e-05,0.6,0.090016314,390.0111393
0.00091,5.1e-05,1e-05,0.7,0.090016314,390.0504694
0.00091,5.1e-05,1e-05,0.8,0.090016314,390.0436116
0.00091,5.1e-05,1e-05,0.9,0.090016314,390.0486015
0.00091,5.1e-05,1e-05,1.0,0.090016314,390.0535585
0.00098,0.0,0.0,0.0,0.02,300.0019999
0.00098,0.0,0.0,0.1,0.02,361.2770353
0.00098,0.0,0.0,0.2,0.02,380.9084125
0.00098,0.0,0.0,0.3,0.02,386.4896849
0.00098,0.0,0.0,0.4,0.02,388.7088711
0.00098,0.0,0.0,0.5,0.02,389.6798321
0.00098,0.0,0.0,0.6,0.02,389.9721223
0.00098,0.0,0.0,0.7,0.02,390.0114352
0.00098,0.0,0.0,0.8,0.02,390.0045804
0.00098,0.0,0.0,0.9,0.02,390.0095681
0.00098,0.0,0.0,1.0,0.02,390.014523
0.00098,0.0,1e-05,0.0,0.02,300.0019999
0.00098,0.0,1e-05,0.1,0.02,361.2770353
0.00098,0.0,1e-05,0.2,0.02,380.9084125
0.00098,0.0,1e-05,0.3,0.02,386.4896849
0.00098,0.0,1e-05,0.4,0.02,388.708871
0.00098,0.0,1e-05,0.5,0.02,389.679832
0.00098,0.0,1e-05,0.6,0.02,389.9721222
0.00098,0.0,1e-05,0.7,0.02,390.0114352
0.00098,0.0,1e-05,0.8,0.02,390.0045803
0.00098,0.0,1e-05,0.9,0.02,390.0095681
0.00098,0.0,1e-05,1.0,0.02,390.014523
0.000969,1.48e-05,0.0,0.0,0.03079911,300.002
0.000969,1.48e-05,0.0,0.1,0.03079911,361.2840141
0.000969,1.48e-05,0.0,0.2,0.03079911,380.9176339
0.000969,1.48e-05,0.0,0.3,0.03079911,386.4995438
0.000969,1.48e-05,0.0,0.4,0.03079911,388.7189835
0.000969,1.48e-05,0.0,0.5,0.03079911,389.6900555
0.000969,1.48e-05,0.0,0.6,0.03079911,389.9823791
0.000969,1.48e-05,0.0,0.7,0.03079911,390.0216965
0.000969,1.48e-05,0.0,0.8,0.03079911,390.0148409
0.000969,1.48e-05,0.0,0.9,0.03079911,390.0198292
0.000969,1.48e-05,0.0,1.0,0.03079911,390.0247847
0.000985,1.33e-05,0.0,0.0,0.015249103,300.002
0.000985,1.33e-05,0.0,0.1,0.015249103,361.279178
0.000985,1.33e-05,0.0,0.2,0.015249103,380.9112397
0.000985,1.33e-05,0.0,0.3,0.015249103,386.4927068
0.000985,1.33e-05,0.0,0.4,0.015249103,388.7119703
0.000985,1.33e-05,0.0,0.5,0.015249103,389.6829652
0.000985,1.33e-05,0.0,0.6,0.015249103,389.9752656
0.000985,1.33e-05,0.0,0.7,0.015249103,390.0145799
0.000985,1.33e-05,0.0,0.8,0.015249103,390.0077248
0.000985,1.33e-05,0.0,0.9,0.015249103,390.0127127
0.000985,1.33e-05,0.0,1.0,0.015249103,390.0176678
0.001,0.0,0.0,0.0,0.0,300.0019999
0.001,0.0,0.0,0.1,0.0,361.2710464
0.001,0.0,0.0,0.2,0.0,380.9004998
0.001,0.0,0.0,0.3,0.0,386.4812253
0.001,0.0,0.0,0.4,0.0,388.700194
0.001,0.0,0.0,0.5,0.0,389.6710598
0.001,0.0,0.0,0.6,0.0,389.9633214
0.001,0.0,0.0,0.7,0.0,390.0026305
0.001,0.0,0.0,0.8,0.0,389.9957763
0.001,0.0,0.0,0.9,0.0,390.0007636
0.001,0.0,0.0,1.0,0.0,390.005718
0.0009,0.0001,1e-05,0.0,0.1,300.0019999
0.0009,0.0001,1e-05,0.1,0.1,361.2982902
0.0009,0.0001,1e-05,0.2,0.1,380.9365775
0.0009,0.0001,1e-05,0.3,0.1,386.5198137
0.0009,0.0001,1e-05,0.4,0.1,388.7397819
0.0009,0.0001,1e-05,0.5,0.1,389.7110847
0.0009,0.0001,1e-05,0.6,0.1,390.0034779
0.0009,0.0001,1e-05,0.7,0.1,390.0428046
0.0009,0.0001,1e-05,0.8,0.1,390.0359474
0.0009,0.0001,1e-05,0.9,0.1,390.0409369
0.0009,0.0001,1e-05,1.0,0.1,390.0458935
0.00097,1.5e-05,1e-05,0.0,0.029969297,300.002
0.00097,1.5e-05,1e-05,0.1,0.029969297,361.283816
0.00097,1.5e-05,1e-05,0.2,0.029969297,380.9173717
0.00097,1.5e-05,1e-05,0.3,0.029969297,386.4992635
0.00097,1.5e-05,1e-05,0.4,0.029969297,388.7186959
0.00097,1.5e-05,1e-05,0.5,0.029969297,389.6897647
0.00097,1.5e-05,1e-05,0.6,0.029969297,389.9820873
0.00097,1.5e-05,1e-05,0.7,0.029969297,390.0214046
0.00097,1.5e-05,1e-05,0.8,0.029969297,390.014549
0.00097,1.5e-05,1e-05,0.9,0.029969297,390.0195374
0.00097,1.5e-05,1e-05,1.0,0.029969297,390.0244928
0.001,0.0,1e-05,0.0,0.0,300.0019999
0.001,0.0,1e-05,0.1,0.0,361.2710464
0.001,0.0,1e-05,0.2,0.0,380.9004998
0.001,0.0,1e-05,0.3,0.0,386.4812254
0.001,0.0,1e-05,0.4,0.0,388.700194
0.001,0.0,1e-05,0.5,0.0,389.6710599
0.001,0.0,1e-05,0.6,0.0,389.9633214
0.001,0.0,1e-05,0.7,0.0,390.0026305
0.001,0.0,1e-05,0.8,0.0,389.9957764
0.001,0.0,1e-05,0.9,0.0,390.0007636
0.001,0.0,1e-05,1.0,0.0,390.005718
0.000985,1.33e-05,1e-05,0.0,0.015031928,300.0019999
0.000985,1.33e-05,1e-05,0.1,0.015031928,361.2791163
0.000985,1.33e-05,1e-05,0.2,0.015031928,380.9111581
0.000985,1.33e-05,1e-05,0.3,0.015031928,386.4926195
0.000985,1.33e-05,1e-05,0.4,0.015031928,388.7118808
0.000985,1.33e-05,1e-05,0.5,0.015031928,389.6828747
0.000985,1.33e-05,1e-05,0.6,0.015031928,389.9751748
0.000985,1.33e-05,1e-05,0.7,0.015031928,390.0144891
0.000985,1.33e-05,1e-05,0.8,0.015031928,390.007634
0.000985,1.33e-05,1e-05,0.9,0.015031928,390.0126219
0.000985,1.33e-05,1e-05,1.0,0.015031928,390.017577
0.001,2e-05,0.0,0.0,0.0,300.0019999
0.001,2e-05,0.0,0.1,0.0,361.2759482
0.001,2e-05,0.0,0.2,0.0,380.9069724
0.001,2e-05,0.0,0.3,0.0,386.4881445
0.001,2e-05,0.0,0.4,0.0,388.7072907
0.001,2e-05,0.0,0.5,0.0,389.6782343
0.001,2e-05,0.0,0.6,0.0,389.9705192
0.001,2e-05,0.0,0.7,0.0,390.0098315
0.001,2e-05,0.0,0.8,0.0,390.0029767
0.001,2e-05,0.0,0.9,0.0,390.0079644
0.001,2e-05,0.0,1.0,0.0,390.0129192
0.000919,6.7e-05,0.0,0.0,0.081186697,300.002
0.000919,6.7e-05,0.0,0.1,0.081186697,361.3004471
0.000919,6.7e-05,0.0,0.2,0.081186697,380.939393
0.000919,6.7e-05,0.0,0.3,0.081186697,386.5228167
0.000919,6.7e-05,0.0,0.4,0.081186697,388.742859
0.000919,6.7e-05,0.0,0.5,0.081186697,389.7141945
0.000919,6.7e-05,0.0,0.6,0.081186697,390.0065974
0.000919,6.7e-05,0.0,0.7,0.081186697,390.0459254
0.000919,6.7e-05,0.0,0.8,0.081186697,390.039068
0.000919,6.7e-05,0.0,0.9,0.081186697,390.0440577
0.000919,6.7e-05,0.0,1.0,0.081186697,390.0490144
0.00094,3.46e-05,0.0,0.0,0.059578102,300.002
0.00094,3.46e-05,0.0,0.1,0.059578102,361.2950198
0.00094,3.46e-05,0.0,0.2,0.059578102,380.9321954
0.00094,3.46e-05,0.0,0.3,0.059578102,386.515116
0.00094,3.46e-05,0.0,0.4,0.059578102,388.7349579
0.00094,3.46e-05,0.0,0.5,0.059578102,389.7062057
0.00094,3.46e-05,0.0,0.6,0.059578102,389.9985823
0.00094,3.46e-05,0.0,0.7,0.059578102,390.0379068
0.00094,3.46e-05,0.0,0.8,0.059578102,390.03105
0.00094,3.46e-05,0.0,0.9,0.059578102,390.0360392
0.00094,3.46e-05,0.0,1.0,0.059578102,390.0409956
0.000961,3.25e-05,0.0,0.0,0.038961757,300.002
0.000961,3.25e-05,0.0,0.1,0.038961757,361.2891842
0.000961,3.25e-05,0.0,0.2,0.038961757,380.9244674
0.000961,3.25e-05,0.0,0.3,0.038961757,386.5068503
0.000961,3.25e-05,0.0,0.4,0.038961757,388.7264781
0.000961,3.25e-05,0.0,0.5,0.038961757,389.6976323
0.000961,3.25e-05,0.0,0.6,0.038961757,389.9899807
0.000961,3.25e-05,0.0,0.7,0.038961757,390.0293014
0.000961,3.25e-05,0.0,0.8,0.038961757,390.0224452
0.000961,3.25e-05,0.0,0.9,0.038961757,390.027434
0.000961,3.25e-05,0.0,1.0,0.038961757,390.0323899
0.000961,3.26e-05,1e-05,0.0,0.038746101,300.002
0.000961,3.26e-05,1e-05,0.1,0.038746101,361.2891259
0.000961,3.26e-05,1e-05,0.2,0.038746101,380.9243903
0.000961,3.26e-05,1e-05,0.3,0.038746101,386.5067678
0.000961,3.26e-05,1e-05,0.4,0.038746101,388.7263935
0.000961,3.26e-05,1e-05,0.5,0.038746101,389.6975468
0.000961,3.26e-05,1e-05,0.6,0.038746101,389.9898949
0.000961,3.26e-05,1e-05,0.7,0.038746101,390.0292156
0.000961,3.26e-05,1e-05,0.8,0.038746101,390.0223594
0.000961,3.26e-05,1e-05,0.9,0.038746101,390.0273481
0.000961,3.26e-05,1e-05,1.0,0.038746101,390.032304
0.000941,3.46e-05,1e-05,0.0,0.059224295,300.002
0.000941,3.46e-05,1e-05,0.1,0.059224295,361.2949254
0.000941,3.46e-05,1e-05,0.2,0.059224295,380.9320702
0.000941,3.46e-05,1e-05,0.3,0.059224295,386.5149822
0.000941,3.46e-05,1e-05,0.4,0.059224295,388.7348206
0.000941,3.46e-05,1e-05,0.5,0.059224295,389.7060669
0.000941,3.46e-05,1e-05,0.6,0.059224295,389.998443
0.000941,3.46e-05,1e-05,0.7,0.059224295,390.0377675
0.000941,3.46e-05,1e-05,0.8,0.059224295,390.0309106
0.000941,3.46e-05,1e-05,0.9,0.059224295,390.0358999
0.000941,3.46e-05,1e-05,1.0,0.059224295,390.0408562
0.000946,4.29e-05,5e-06,0.0,0.053846568,300.002
0.000946,4.29e-05,5e-06,0.1,0.053846568,361.2948188
0.000946,4.29e-05,5e-06,0.2,0.053846568,380.931923
0.000946,4.29e-05,5e-06,0.3,0.053846568,386.5148234
0.000946,4.29e-05,5e-06,0.4,0.053846568,388.7346572
0.000946,4.29e-05,5e-06,0.5,0.053846568,389.7059015
0.000946,4.29e-05,5e-06,0.6,0.053846568,389.998277
0.000946,4.29e-05,5e-06,0.7,0.053846568,390.0376014
0.000946,4.29e-05,5e-06,0.8,0.053846568,390.0307446
0.000946,4.29e-05,5e-06,0.9,0.053846568,390.0357338
0.000946,4.29e-05,5e-06,1.0,0.053846568,390.0406901
0.00091,8.32e-05,5e-06,0.0,0.090234762,300.002
0.00091,8.32e-05,5e-06,0.1,0.090234762,361.3009737
0.00091,8.32e-05,5e-06,0.2,0.090234762,380.9401033
0.00091,8.32e-05,5e-06,0.3,0.090234762,386.523579
0.00091,8.32e-05,5e-06,0.4,0.090234762,388.7436422
0.00091,8.32e-05,5e-06,0.5,0.090234762,389.7149867
0.00091,8.32e-05,5e-06,0.6,0.090234762,390.0073924
0.00091,8.32e-05,5e-06,0.7,0.090234762,390.0467208
0.00091,8.32e-05,5e-06,0.8,0.090234762,390.0398633
0.00091,8.32e-05,5e-06,0.9,0.090234762,390.044853
0.00091,8.32e-05,5e-06,1.0,0.090234762,390.0498099
0.00092,0.0001,0.0,0.0,0.08,300.0019999
0.00092,0.0001,0.0,0.1,0.08,361.2933745
0.00092,0.0001,0.0,0.2,0.08,380.930052
0.00092,0.0001,0.0,0.3,0.08,386.5128308
0.00092,0.0001,0.0,0.4,0.08,388.7326167
0.00092,0.0001,0.0,0.5,0.08,389.7038399
0.00092,0.0001,0.0,0.6,0.08,389.9962091
0.00092,0.0001,0.0,0.7,0.08,390.0355326
0.00092,0.0001,0.0,0.8,0.08,390.0286759
0.00092,0.0001,0.0,0.9,0.08,390.033665
0.00092,0.0001,0.0,1.0,0.08,390.0386212
0.00091,8.27e-05,0.0,0.0,0.09,300.002
0.00091,8.27e-05,0.0,0.1,0.09,361.3002532
0.00091,8.27e-05,0.0,0.2,0.09,380.9391515
0.00091,8.27e-05,0.0,0.3,0.09,386.5225616
0.00091,8.27e-05,0.0,0.4,0.09,388.7425986
0.00091,8.27e-05,0.0,0.5,0.09,389.7139317
0.00091,8.27e-05,0.0,0.6,0.09,390.0063339
0.00091,8.27e-05,0.0,0.7,0.09,390.0456619
0.00091,8.27e-05,0.0,0.8,0.09,390.0388045
0.00091,8.27e-05,0.0,0.9,0.09,390.0437941
0.00091,8.27e-05,0.0,1.0,0.09,390.0487509
0.00091,8.27e-05,1e-05,0.0,0.09,300.002
0.00091,8.27e-05,1e-05,0.1,0.09,361.3002532
0.00091,8.27e-05,1e-05,0.2,0.09,380.9391515
0.00091,8.27e-05,1e-05,0.3,0.09,386.5225616
0.00091,8.27e-05,1e-05,0.4,0.09,388.7425986
0.00091,8.27e-05,1e-05,0.5,0.09,389.7139317
0.00091,8.27e-05,1e-05,0.6,0.09,390.0063339
0.00091,8.27e-05,1e-05,0.7,0.09,390.0456619
0.00091,8.27e-05,1e-05,0.8,0.09,390.0388045
0.00091,8.27e-05,1e-05,0.9,0.09,390.0437941
0.00091,8.27e-05,1e-05,1.0,0.09,390.0487509
0.000931,5.09e-05,0.0,0.0,0.069057829,300.002
0.000931,5.09e-05,0.0,0.1,0.069057829,361.2982305
0.000931,5.09e-05,0.0,0.2,0.069057829,380.9364478
0.000931,5.09e-05,0.0,0.3,0.069057829,386.5196644
0.000931,5.09e-05,0.0,0.4,0.069057829,388.7396242
0.000931,5.09e-05,0.0,0.5,0.069057829,389.7109236
0.000931,5.09e-05,0.0,0.6,0.069057829,390.0033157
0.000931,5.09e-05,0.0,0.7,0.069057829,390.0426423
0.000931,5.09e-05,0.0,0.8,0.069057829,390.0357851
0.000931,5.09e-05,0.0,0.9,0.069057829,390.0407746
0.000931,5.09e-05,0.0,1.0,0.069057829,390.0457312
0.000931,5.09e-05,1e-05,0.0,0.069139522,300.002
0.000931,5.09e-05,1e-05,0.1,0.069139522,361.2982516
0.000931,5.09e-05,1e-05,0.2,0.069139522,380.9364758
0.000931,5.09e-05,1e-05,0.3,0.069139522,386.5196945
0.000931,5.09e-05,1e-05,0.4,0.069139522,388.7396551
0.000931,5.09e-05,1e-05,0.5,0.069139522,389.7109548
0.000931,5.09e-05,1e-05,0.6,0.069139522,390.0033469
0.000931,5.09e-05,1e-05,0.7,0.069139522,390.0426736
0.000931,5.09e-05,1e-05,0.8,0.069139522,390.0358164
0.000931,5.09e-05,1e-05,0.9,0.069139522,390.0408059
0.000931,5.09e-05,1e-05,1.0,0.069139522,390.0457625
0.00092,6.73e-05,1e-05,0.0,0.080278427,300.002
0.00092,6.73e-05,1e-05,0.1,0.080278427,361.3001823
0.00092,6.73e-05,1e-05,0.2,0.080278427,380.9390419
0.00092,6.73e-05,1e-05,0.3,0.080278427,386.5224411
0.00092,6.73e-05,1e-05,0.4,0.080278427,388.7424736
0.00092,6.73e-05,1e-05,0.5,0.080278427,389.7138048
0.00092,6.73e-05,1e-05,0.6,0.080278427,390.0062064
0.00092,6.73e-05,1e-05,0.7,0.080278427,390.0455343
0.00092,6.73e-05,1e-05,0.8,0.080278427,390.0386769
0.00092,6.73e-05,1e-05,0.9,0.080278427,390.0436665
0.00092,6.73e-05,1e-05,1.0,0.080278427,390.0486233
0.000982,3.11e-05,0.0,0.0,0.018290785,300.002
0.000982,3.11e-05,0.0,0.1,0.018290785,361.2831016
0.000982,3.11e-05,0.0,0.2,0.018290785,380.916422
0.000982,3.11e-05,0.0,0.3,0.018290785,386.4982469
0.000982,3.11e-05,0.0,0.4,0.018290785,388.7176527
0.000982,3.11e-05,0.0,0.5,0.018290785,389.6887098
0.000982,3.11e-05,0.0,0.6,0.018290785,389.9810289
0.000982,3.11e-05,0.0,0.7,0.018290785,390.0203458
0.000982,3.11e-05,0.0,0.8,0.018290785,390.0134903
0.000982,3.11e-05,0.0,0.9,0.018290785,390.0184785
0.000982,3.11e-05,0.0,1.0,0.018290785,390.0234339
0.001,2e-05,1e-05,0.0,0.0,300.0019999
0.001,2e-05,1e-05,0.1,0.0,361.275947
0.001,2e-05,1e-05,0.2,0.0,380.9069708
0.001,2e-05,1e-05,0.3,0.0,386.4881429
0.001,2e-05,1e-05,0.4,0.0,388.707289
0.001,2e-05,1e-05,0.5,0.0,389.6782326
0.001,2e-05,1e-05,0.6,0.0,389.9705175
0.001,2e-05,1e-05,0.7,0.0,390.0098297
0.001,2e-05,1e-05,0.8,0.0,390.002975
0.001,2e-05,1e-05,0.9,0.0,390.0079627
0.001,2e-05,1e-05,1.0,0.0,390.0129175
0.000929,8.31e-05,0.0,0.0,0.070983971,300.002
0.000929,8.31e-05,0.0,0.1,0.070983971,361.2953842
0.000929,8.31e-05,0.0,0.2,0.070983971,380.9326918
0.000929,8.31e-05,0.0,0.3,0.070983971,386.5156499
0.000929,8.31e-05,0.0,0.4,0.070983971,388.7355069
0.000929,8.31e-05,0.0,0.5,0.070983971,389.7067613
0.000929,8.31e-05,0.0,0.6,0.070983971,389.9991398
0.000929,8.31e-05,0.0,0.7,0.070983971,390.0384646
0.000929,8.31e-05,0.0,0.8,0.070983971,390.0316077
0.000929,8.31e-05,0.0,0.9,0.070983971,390.0365969
0.000929,8.31e-05,0.0,1.0,0.070983971,390.0415533
0.00092,0.0001,1e-05,0.0,0.08,300.0019999
0.00092,0.0001,1e-05,0.1,0.08,361.2933745
0.00092,0.0001,1e-05,0.2,0.08,380.9300521
0.00092,0.0001,1e-05,0.3,0.08,386.5128308
0.00092,0.0001,1e-05,0.4,0.08,388.7326167
0.00092,0.0001,1e-05,0.5,0.08,389.7038399
0.00092,0.0001,1e-05,0.6,0.08,389.9962091
0.00092,0.0001,1e-05,0.7,0.08,390.0355326
0.00092,0.0001,1e-05,0.8,0.08,390.0286759
0.00092,0.0001,1e-05,0.9,0.08,390.033665
0.00092,0.0001,1e-05,1.0,0.08,390.0386212
0.00094,0.0001,0.0,0.0,0.06,300.0019999
0.00094,0.0001,0.0,0.1,0.06,361.2881958
0.00094,0.0001,0.0,0.2,0.06,380.923185
0.00094,0.0001,0.0,0.3,0.06,386.505484
0.00094,0.0001,0.0,0.4,0.06,388.7250788
0.00094,0.0001,0.0,0.5,0.06,389.6962185
0.00094,0.0001,0.0,0.6,0.06,389.9885625
0.00094,0.0001,0.0,0.7,0.06,390.0278826
0.00094,0.0001,0.0,0.8,0.06,390.0210266
0.00094,0.0001,0.0,0.9,0.06,390.0260152
0.00094,0.0001,0.0,1.0,0.06,390.030971
0.000982,3.12e-05,1e-05,0.0,0.01819126,300.002
0.000982,3.12e-05,1e-05,0.1,0.01819126,361.2830766
0.000982,3.12e-05,1e-05,0.2,0.01819126,380.916389
0.000982,3.12e-05,1e-05,0.3,0.01819126,386.4982116
0.000982,3.12e-05,1e-05,0.4,0.01819126,388.7176166
0.000982,3.12e-05,1e-05,0.5,0.01819126,389.6886733
0.000982,3.12e-05,1e-05,0.6,0.01819126,389.9809923
0.000982,3.12e-05,1e-05,0.7,0.01819126,390.0203091
0.000982,3.12e-05,1e-05,0.8,0.01819126,390.0134536
0.000982,3.12e-05,1e-05,0.9,0.01819126,390.0184419
0.000982,3.12e-05,1e-05,1.0,0.01819126,390.0233972
0.001,3.99e-05,0.0,0.0,0.0,300.0019999
0.001,3.99e-05,0.0,0.1,0.0,361.2783886
0.001,3.99e-05,0.0,0.2,0.0,380.910195
0.001,3.99e-05,0.0,0.3,0.0,386.4915895
0.001,3.99e-05,0.0,0.4,0.0,388.7108241
0.001,3.99e-05,0.0,0.5,0.0,389.6818064
0.001,3.99e-05,0.0,0.6,0.0,389.974103
0.001,3.99e-05,0.0,0.7,0.0,390.0134168
0.001,3.99e-05,0.0,0.8,0.0,390.0065618
0.001,3.99e-05,0.0,0.9,0.0,390.0115496
0.001,3.99e-05,0.0,1.0,0.0,390.0165047
0.00097,4.56e-05,0.0,0.0,0.030050118,300.002
0.00097,4.56e-05,0.0,0.1,0.030050118,361.2875405
0.00097,4.56e-05,0.0,0.2,0.030050118,380.9222901
0.00097,4.56e-05,0.0,0.3,0.030050118,386.5045213
0.00097,4.56e-05,0.0,0.4,0.030050118,388.7240887
0.00097,4.56e-05,0.0,0.5,0.030050118,389.6952166
0.00097,4.56e-05,0.0,0.6,0.030050118,389.987557
0.00097,4.56e-05,0.0,0.7,0.030050118,390.0268767
0.00097,4.56e-05,0.0,0.8,0.030050118,390.0200206
0.00097,4.56e-05,0.0,0.9,0.030050118,390.0250093
0.00097,4.56e-05,0.0,1.0,0.030050118,390.029965
0.00097,4.55e-05,1e-05,0.0,0.029748862,300.002
0.00097,4.55e-05,1e-05,0.1,0.029748862,361.2874499
0.00097,4.55e-05,1e-05,0.2,0.029748862,380.9221703
0.00097,4.55e-05,1e-05,0.3,0.029748862,386.5043932
0.00097,4.55e-05,1e-05,0.4,0.029748862,388.7239573
0.00097,4.55e-05,1e-05,0.5,0.029748862,389.6950837
0.00097,4.55e-05,1e-05,0.6,0.029748862,389.9874236
0.00097,4.55e-05,1e-05,0.7,0.029748862,390.0267433
0.00097,4.55e-05,1e-05,0.8,0.029748862,390.0198873
0.00097,4.55e-05,1e-05,0.9,0.029748862,390.0248759
0.00097,4.55e-05,1e-05,1.0,0.029748862,390.0298316
0.000939,6.68e-05,0.0,0.0,0.061341194,300.002
0.000939,6.68e-05,0.0,0.1,0.061341194,361.2953493
0.000939,6.68e-05,0.0,0.2,0.061341194,380.9326327
0.000939,6.68e-05,0.0,0.3,0.061341194,386.515584
0.000939,6.68e-05,0.0,0.4,0.061341194,388.7354381
0.000939,6.68e-05,0.0,0.5,0.061341194,389.7066913
0.000939,6.68e-05,0.0,0.6,0.061341194,389.9990694
0.000939,6.68e-05,0.0,0.7,0.061341194,390.0383942
0.000939,6.68e-05,0.0,0.8,0.061341194,390.0315373
0.000939,6.68e-05,0.0,0.9,0.061341194,390.0365266
0.000939,6.68e-05,0.0,1.0,0.061341194,390.0414829
0.000952,5.11e-05,0.0,0.0,0.048187362,300.002
0.000952,5.11e-05,0.0,0.1,0.048187362,361.2926663
0.000952,5.11e-05,0.0,0.2,0.048187362,380.9290745
0.000952,5.11e-05,0.0,0.3,0.048187362,386.5117771
0.000952,5.11e-05,0.0,0.4,0.048187362,388.7315322
0.000952,5.11e-05,0.0,0.5,0.048187362,389.702742
0.000952,5.11e-05,0.0,0.6,0.048187362,389.9951071
0.000952,5.11e-05,0.0,0.7,0.048187362,390.0344301
0.000952,5.11e-05,0.0,0.8,0.048187362,390.0275735
0.000952,5.11e-05,0.0,0.9,0.048187362,390.0325626
0.000952,5.11e-05,0.0,1.0,0.048187362,390.0375187
0.000952,5.12e-05,1e-05,0.0,0.048396512,300.002
0.000952,5.12e-05,1e-05,0.1,0.048396512,361.2927234
0.000952,5.12e-05,1e-05,0.2,0.048396512,380.9291501
0.000952,5.12e-05,1e-05,0.3,0.048396512,386.5118579
0.000952,5.12e-05,1e-05,0.4,0.048396512,388.7316151
0.000952,5.12e-05,1e-05,0.5,0.048396512,389.7028259
0.000952,5.12e-05,1e-05,0.6,0.048396512,389.9951913
0.000952,5.12e-05,1e-05,0.7,0.048396512,390.0345143
0.000952,5.12e-05,1e-05,0.8,0.048396512,390.0276577
0.000952,5.12e-05,1e-05,0.9,0.048396512,390.0326468
0.000952,5.12e-05,1e-05,1.0,0.048396512,390.0376029
0.000929,8.27e-05,1e-05,0.0,0.070810447,300.002
0.000929,8.27e-05,1e-05,0.1,0.070810447,361.2954119
0.000929,8.27e-05,1e-05,0.2,0.070810447,380.9327282
0.000929,8.27e-05,1e-05,0.3,0.070810447,386.5156887
0.000929,8.27e-05,1e-05,0.4,0.070810447,388.7355466
0.000929,8.27e-05,1e-05,0.5,0.070810447,389.7068015
0.000929,8.27e-05,1e-05,0.6,0.070810447,389.9991801
0.000929,8.27e-05,1e-05,0.7,0.070810447,390.0385049
0.000929,8.27e-05,1e-05,0.8,0.070810447,390.031648
0.000929,8.27e-05,1e-05,0.9,0.070810447,390.0366373
0.000929,8.27e-05,1e-05,1.0,0.070810447,390.0415937
0.000939,6.69e-05,1e-05,0.0,0.061133566,300.002
0.000939,6.69e-05,1e-05,0.1,0.061133566,361.295279
0.000939,6.69e-05,1e-05,0.2,0.061133566,380.9325396
0.000939,6.69e-05,1e-05,0.3,0.061133566,386.5154844
0.000939,6.69e-05,1e-05,0.4,0.061133566,388.735336
0.000939,6.69e-05,1e-05,0.5,0.061133566,389.706588
0.000939,6.69e-05,1e-05,0.6,0.061133566,389.9989658
0.000939,6.69e-05,1e-05,0.7,0.061133566,390.0382905
0.000939,6.69e-05,1e-05,0.8,0.061133566,390.0314336
0.000939,6.69e-05,1e-05,0.9,0.061133566,390.0364229
0.000939,6.69e-05,1e-05,1.0,0.061133566,390.0413793
0.000985,5.12e-05,0.0,0.0,0.014810038,300.002
0.000985,5.12e-05,0.0,0.1,0.014810038,361.2831604
0.000985,5.12e-05,0.0,0.2,0.014810038,380.9164985
0.000985,5.12e-05,0.0,0.3,0.014810038,386.4983284
0.000985,5.12e-05,0.0,0.4,0.014810038,388.7177362
0.000985,5.12e-05,0.0,0.5,0.014810038,389.6887942
0.000985,5.12e-05,0.0,0.6,0.014810038,389.9811136
0.000985,5.12e-05,0.0,0.7,0.014810038,390.0204305
0.000985,5.12e-05,0.0,0.8,0.014810038,390.0135749
0.000985,5.12e-05,0.0,0.9,0.014810038,390.0185632
0.000985,5.12e-05,0.0,1.0,0.014810038,390.0235186
0.001,4e-05,1e-05,0.0,0.0,300.0019999
0.001,4e-05,1e-05,0.1,0.0,361.2783966
0.001,4e-05,1e-05,0.2,0.0,380.9102056
0.001,4e-05,1e-05,0.3,0.0,386.4916009
0.001,4e-05,1e-05,0.4,0.0,388.7108358
0.001,4e-05,1e-05,0.5,0.0,389.6818182
0.001,4e-05,1e-05,0.6,0.0,389.9741148
0.001,4e-05,1e-05,0.7,0.0,390.0134286
0.001,4e-05,1e-05,0.8,0.0,390.0065736
0.001,4e-05,1e-05,0.9,0.0,390.0115615
0.001,4e-05,1e-05,1.0,0.0,390.0165165
0.000947,8.46e-05,5.22e-06,0.0,0.053215477,300.002
0.000947,8.46e-05,5.22e-06,0.1,0.053215477,361.2911409
0.000947,8.46e-05,5.22e-06,0.2,0.053215477,380.9270654
0.000947,8.46e-05,5.22e-06,0.3,0.053215477,386.5096305
0.000947,8.46e-05,5.22e-06,0.4,0.053215477,388.7293309
0.000947,8.46e-05,5.22e-06,0.5,0.053215477,389.7005168
0.000947,8.46e-05,5.22e-06,0.6,0.053215477,389.9928748
0.000947,8.46e-05,5.22e-06,0.7,0.053215477,390.0321968
0.000947,8.46e-05,5.22e-06,0.8,0.053215477,390.0253404
0.000947,8.46e-05,5.22e-06,0.9,0.053215477,390.0303293
0.000947,8.46e-05,5.22e-06,1.0,0.053215477,390.0352853
0.000949,8.32e-05,0.0,0.0,0.050949514,300.002
0.000949,8.32e-05,0.0,0.1,0.050949514,361.2900399
0.000949,8.32e-05,0.0,0.2,0.050949514,380.9256092
0.000949,8.32e-05,0.0,0.3,0.050949514,386.5080733
0.000949,8.32e-05,0.0,0.4,0.050949514,388.7277335
0.000949,8.32e-05,0.0,0.5,0.050949514,389.6989019
0.000949,8.32e-05,0.0,0.6,0.050949514,389.9912545
0.000949,8.32e-05,0.0,0.7,0.050949514,390.0305758
0.000949,8.32e-05,0.0,0.8,0.050949514,390.0237195
0.000949,8.32e-05,0.0,0.9,0.050949514,390.0287084
0.000949,8.32e-05,0.0,1.0,0.050949514,390.0336643
0.00094,0.0001,1e-05,0.0,0.06,300.0019999
0.00094,0.0001,1e-05,0.1,0.06,361.2881958
0.00094,0.0001,1e-05,0.2,0.06,380.923185
0.00094,0.0001,1e-05,0.3,0.06,386.505484
0.00094,0.0001,1e-05,0.4,0.06,388.7250788
0.00094,0.0001,1e-05,0.5,0.06,389.6962185
0.00094,0.0001,1e-05,0.6,0.06,389.9885625
0.00094,0.0001,1e-05,0.7,0.06,390.0278826
0.00094,0.0001,1e-05,0.8,0.06,390.0210265
0.00094,0.0001,1e-05,0.9,0.06,390.0260152
0.00094,0.0001,1e-05,1.0,0.06,390.030971
0.00096,0.0001,0.0,0.0,0.04,300.0019999
0.00096,0.0001,0.0,0.1,0.04,361.2827506
0.00096,0.0001,0.0,0.2,0.04,380.915973
0.00096,0.0001,0.0,0.3,0.04,386.4977699
0.00096,0.0001,0.0,0.4,0.04,388.7171648
0.00096,0.0001,0.0,0.5,0.04,389.688217
0.00096,0.0001,0.0,0.6,0.04,389.9805347
0.00096,0.0001,0.0,0.7,0.04,390.0198513
0.00096,0.0001,0.0,0.8,0.04,390.0129959
0.00096,0.0001,0.0,0.9,0.04,390.0179841
0.00096,0.0001,0.0,1.0,0.04,390.0229395
0.000986,5.12e-05,1e-05,0.0,0.014360075,300.002
0.000986,5.12e-05,1e-05,0.1,0.014360075,361.2830266
0.000986,5.12e-05,1e-05,0.2,0.014360075,380.9163216
0.000986,5.12e-05,1e-05,0.3,0.014360075,386.4981393
0.000986,5.12e-05,1e-05,0.4,0.014360075,388.7175422
0.000986,5.12e-05,1e-05,0.5,0.014360075,389.6885981
0.000986,5.12e-05,1e-05,0.6,0.014360075,389.9809168
0.000986,5.12e-05,1e-05,0.7,0.014360075,390.0202336
0.000986,5.12e-05,1e-05,0.8,0.014360075,390.0133781
0.000986,5.12e-05,1e-05,0.9,0.014360075,390.0183664
0.000986,5.12e-05,1e-05,1.0,0.014360075,390.0233217
0.001,5.99e-05,0.0,0.0,0.0,300.0019999
0.001,5.99e-05,0.0,0.1,0.0,361.2783998
0.001,5.99e-05,0.0,0.2,0.0,380.9102099
0.001,5.99e-05,0.0,0.3,0.0,386.4916054
0.001,5.99e-05,0.0,0.4,0.0,388.7108405
0.001,5.99e-05,0.0,0.5,0.0,389.6818229
0.001,5.99e-05,0.0,0.6,0.0,389.9741195
0.001,5.99e-05,0.0,0.7,0.0,390.0134334
0.001,5.99e-05,0.0,0.8,0.0,390.0065784
0.001,5.99e-05,0.0,0.9,0.0,390.0115662
0.001,5.99e-05,0.0,1.0,0.0,390.0165212
0.000985,6.06e-05,5e-06,0.0,0.014595493,300.002
0.000985,6.06e-05,5e-06,0.1,0.014595493,361.2835249
0.000985,6.06e-05,5e-06,0.2,0.014595493,380.9169795
0.000985,6.06e-05,5e-06,0.3,0.014595493,386.4988426
0.000985,6.06e-05,5e-06,0.4,0.014595493,388.7182636
0.000985,6.06e-05,5e-06,0.5,0.014595493,389.6893274
0.000985,6.06e-05,5e-06,0.6,0.014595493,389.9816485
0.000985,6.06e-05,5e-06,0.7,0.014595493,390.0209656
0.000985,6.06e-05,5e-06,0.8,0.014595493,390.01411
0.000985,6.06e-05,5e-06,0.9,0.014595493,390.0190983
0.000985,6.06e-05,5e-06,1.0,0.014595493,390.0240538
0.000969,6.1e-05,1e-05,0.0,0.030514613,300.002
0.000969,6.1e-05,1e-05,0.1,0.030514613,361.2873613
0.000969,6.1e-05,1e-05,0.2,0.030514613,380.9220538
0.000969,6.1e-05,1e-05,0.3,0.030514613,386.5042687
0.000969,6.1e-05,1e-05,0.4,0.030514613,388.7238297
0.000969,6.1e-05,1e-05,0.5,0.030514613,389.6949547
0.000969,6.1e-05,1e-05,0.6,0.030514613,389.9872942
0.000969,6.1e-05,1e-05,0.7,0.030514613,390.0266138
0.000969,6.1e-05,1e-05,0.8,0.030514613,390.0197578
0.000969,6.1e-05,1e-05,0.9,0.030514613,390.0247464
0.000969,6.1e-05,1e-05,1.0,0.030514613,390.0297022
0.00097,6.1e-05,0.0,0.0,0.030376055,300.002
0.00097,6.1e-05,0.0,0.1,0.030376055,361.2873212
0.00097,6.1e-05,0.0,0.2,0.030376055,380.9220007
0.00097,6.1e-05,0.0,0.3,0.030376055,386.504212
0.00097,6.1e-05,0.0,0.4,0.030376055,388.7237715
0.00097,6.1e-05,0.0,0.5,0.030376055,389.6948958
0.00097,6.1e-05,0.0,0.6,0.030376055,389.9872352
0.00097,6.1e-05,0.0,0.7,0.030376055,390.0265547
0.00097,6.1e-05,0.0,0.8,0.030376055,390.0196987
0.00097,6.1e-05,0.0,0.9,0.030376055,390.0246874
0.00097,6.1e-05,0.0,1.0,0.030376055,390.0296431
0.000956,6.85e-05,0.0,0.0,0.044476039,300.002
0.000956,6.85e-05,0.0,0.1,0.044476039,361.2906062
0.000956,6.85e-05,0.0,0.2,0.044476039,380.9263503
0.000956,6.85e-05,0.0,0.3,0.044476039,386.5088641
0.000956,6.85e-05,0.0,0.4,0.044476039,388.7285441
0.000956,6.85e-05,0.0,0.5,0.044476039,389.6997211
0.000956,6.85e-05,0.0,0.6,0.044476039,389.9920763
0.000956,6.85e-05,0.0,0.7,0.044476039,390.031398
0.000956,6.85e-05,0.0,0.8,0.044476039,390.0245417
0.000956,6.85e-05,0.0,0.9,0.044476039,390.0295305
0.000956,6.85e-05,0.0,1.0,0.044476039,390.0344865
0.000955,6.85e-05,1e-05,0.0,0.044814434,300.002
0.000955,6.85e-05,1e-05,0.1,0.044814434,361.2906977
0.000955,6.85e-05,1e-05,0.2,0.044814434,380.9264714
0.000955,6.85e-05,1e-05,0.3,0.044814434,386.5089937
0.000955,6.85e-05,1e-05,0.4,0.044814434,388.728677
0.000955,6.85e-05,1e-05,0.5,0.044814434,389.6998555
0.000955,6.85e-05,1e-05,0.6,0.044814434,389.9922111
0.000955,6.85e-05,1e-05,0.7,0.044814434,390.0315329
0.000955,6.85e-05,1e-05,0.8,0.044814434,390.0246765
0.000955,6.85e-05,1e-05,0.9,0.044814434,390.0296654
0.000955,6.85e-05,1e-05,1.0,0.044814434,390.0346214
0.000949,8.32e-05,1e-05,0.0,0.050952891,300.002
0.000949,8.32e-05,1e-05,0.1,0.050952891,361.2900404
0.000949,8.32e-05,1e-05,0.2,0.050952891,380.9256098
0.000949,8.32e-05,1e-05,0.3,0.050952891,386.5080739
0.000949,8.32e-05,1e-05,0.4,0.050952891,388.7277341
0.000949,8.32e-05,1e-05,0.5,0.050952891,389.6989025
0.000949,8.32e-05,1e-05,0.6,0.050952891,389.9912551
0.000949,8.32e-05,1e-05,0.7,0.050952891,390.0305765
0.000949,8.32e-05,1e-05,0.8,0.050952891,390.0237202
0.000949,8.32e-05,1e-05,0.9,0.050952891,390.028709
0.000949,8.32e-05,1e-05,1.0,0.050952891,390.033665
0.000969,8.21e-05,0.0,0.0,0.030854901,300.002
0.000969,8.21e-05,0.0,0.1,0.030854901,361.2846719
0.000969,8.21e-05,0.0,0.2,0.030854901,380.9185026
0.000969,8.21e-05,0.0,0.3,0.030854901,386.5004725
0.000969,8.21e-05,0.0,0.4,0.030854901,388.7199361
0.000969,8.21e-05,0.0,0.5,0.030854901,389.6910184
0.000969,8.21e-05,0.0,0.6,0.030854901,389.9833452
0.000969,8.21e-05,0.0,0.7,0.030854901,390.022663
0.000969,8.21e-05,0.0,0.8,0.030854901,390.0158073
0.000969,8.21e-05,0.0,0.9,0.030854901,390.0207957
0.000969,8.21e-05,0.0,1.0,0.030854901,390.0257512
0.000985,6.99e-05,0.0,0.0,0.014558049,300.002
0.000985,6.99e-05,0.0,0.1,0.014558049,361.281875
0.000985,6.99e-05,0.0,0.2,0.014558049,380.914801
0.000985,6.99e-05,0.0,0.3,0.014558049,386.4965137
0.000985,6.99e-05,0.0,0.4,0.014558049,388.715875
0.000985,6.99e-05,0.0,0.5,0.014558049,389.6869126
0.000985,6.99e-05,0.0,0.6,0.014558049,389.9792258
0.000985,6.99e-05,0.0,0.7,0.014558049,390.0185419
0.000985,6.99e-05,0.0,0.8,0.014558049,390.0116865
0.000985,6.99e-05,0.0,0.9,0.014558049,390.0166746
0.000985,6.99e-05,0.0,1.0,0.014558049,390.0216299
0.001,6e-05,1e-05,0.0,0.0,300.0019999
0.001,6e-05,1e-05,0.1,0.0,361.2783966
0.001,6e-05,1e-05,0.2,0.0,380.9102056
0.001,6e-05,1e-05,0.3,0.0,386.4916009
0.001,6e-05,1e-05,0.4,0.0,388.7108358
0.001,6e-05,1e-05,0.5,0.0,389.6818182
0.001,6e-05,1e-05,0.6,0.0,389.9741148
0.001,6e-05,1e-05,0.7,0.0,390.0134286
0.001,6e-05,1e-05,0.8,0.0,390.0065736
0.001,6e-05,1e-05,0.9,0.0,390.0115615
0.001,6e-05,1e-05,1.0,0.0,390.0165165
0.00096,0.0001,1e-05,0.0,0.04,300.0019999
0.00096,0.0001,1e-05,0.1,0.04,361.2827506
0.00096,0.0001,1e-05,0.2,0.04,380.915973
0.00096,0.0001,1e-05,0.3,0.04,386.4977699
0.00096,0.0001,1e-05,0.4,0.04,388.7171648
0.00096,0.0001,1e-05,0.5,0.04,389.688217
0.00096,0.0001,1e-05,0.6,0.04,389.9805347
0.00096,0.0001,1e-05,0.7,0.04,390.0198513
0.00096,0.0001,1e-05,0.8,0.04,390.0129959
0.00096,0.0001,1e-05,0.9,0.04,390.0179841
0.00096,0.0001,1e-05,1.0,0.04,390.0229395
0.00098,0.0001,0.0,0.0,0.02,300.0019999
0.00098,0.0001,0.0,0.1,0.02,361.2770353
0.00098,0.0001,0.0,0.2,0.02,380.9084125
0.00098,0.0001,0.0,0.3,0.02,386.4896849
0.00098,0.0001,0.0,0.4,0.02,388.708871
0.00098,0.0001,0.0,0.5,0.02,389.6798321
0.00098,0.0001,0.0,0.6,0.02,389.9721222
0.00098,0.0001,0.0,0.7,0.02,390.0114352
0.00098,0.0001,0.0,0.8,0.02,390.0045804
0.00098,0.0001,0.0,0.9,0.02,390.0095681
0.00098,0.0001,0.0,1.0,0.02,390.014523
0.001,8e-05,0.0,0.0,0.0,300.0019999
0.001,8e-05,0.0,0.1,0.0,361.2759508
0.001,8e-05,0.0,0.2,0.0,380.9069758
0.001,8e-05,0.0,0.3,0.0,386.4881482
0.001,8e-05,0.0,0.4,0.0,388.7072945
0.001,8e-05,0.0,0.5,0.0,389.6782381
0.001,8e-05,0.0,0.6,0.0,389.970523
0.001,8e-05,0.0,0.7,0.0,390.0098353
0.001,8e-05,0.0,0.8,0.0,390.0029806
0.001,8e-05,0.0,0.9,0.0,390.0079682
0.001,8e-05,0.0,1.0,0.0,390.0129231
0.000985,7e-05,1e-05,0.0,0.014653809,300.002
0.000985,7e-05,1e-05,0.1,0.014653809,361.2818996
0.000985,7e-05,1e-05,0.2,0.014653809,380.9148335
0.000985,7e-05,1e-05,0.3,0.014653809,386.4965485
0.000985,7e-05,1e-05,0.4,0.014653809,388.7159106
0.000985,7e-05,1e-05,0.5,0.014653809,389.6869486
0.000985,7e-05,1e-05,0.6,0.014653809,389.979262
0.000985,7e-05,1e-05,0.7,0.014653809,390.018578
0.000985,7e-05,1e-05,0.8,0.014653809,390.0117226
0.000985,7e-05,1e-05,0.9,0.014653809,390.0167108
0.000985,7e-05,1e-05,1.0,0.014653809,390.0216661
0.00097,8.26e-05,1e-05,0.0,0.02978383,300.002
0.00097,8.26e-05,1e-05,0.1,0.02978383,361.2842778
0.00097,8.26e-05,1e-05,0.2,0.02978383,380.9179815
0.00097,8.26e-05,1e-05,0.3,0.02978383,386.4999153
0.00097,8.26e-05,1e-05,0.4,0.02978383,388.7193645
0.00097,8.26e-05,1e-05,0.5,0.02978383,389.6904405
0.00097,8.26e-05,1e-05,0.6,0.02978383,389.9827654
0.00097,8.26e-05,1e-05,0.7,0.02978383,390.022083
0.00097,8.26e-05,1e-05,0.8,0.02978383,390.0152273
0.00097,8.26e-05,1e-05,0.9,0.02978383,390.0202157
0.00097,8.26e-05,1e-05,1.0,0.02978383,390.0251712
0.000987,8.62e-05,0.0,0.0,0.012665174,300.0019999
0.000987,8.62e-05,0.0,0.1,0.012665174,361.2785149
0.000987,8.62e-05,0.0,0.2,0.012665174,380.9103632
0.000987,8.62e-05,0.0,0.3,0.012665174,386.4917697
0.000987,8.62e-05,0.0,0.4,0.012665174,388.7110091
0.000987,8.62e-05,0.0,0.5,0.012665174,389.6819934
0.000987,8.62e-05,0.0,0.6,0.012665174,389.9742906
0.000987,8.62e-05,0.0,0.7,0.012665174,390.0136045
0.000987,8.62e-05,0.0,0.8,0.012665174,390.0067495
0.000987,8.62e-05,0.0,0.9,0.012665174,390.0117374
0.000987,8.62e-05,0.0,1.0,0.012665174,390.0166924
0.001,8e-05,1e-05,0.0,0.0,300.0019999
0.001,8e-05,1e-05,0.1,0.0,361.275947
0.001,8e-05,1e-05,0.2,0.0,380.9069708
0.001,8e-05,1e-05,0.3,0.0,386.4881429
0.001,8e-05,1e-05,0.4,0.0,388.707289
0.001,8e-05,1e-05,0.5,0.0,389.6782326
0.001,8e-05,1e-05,0.6,0.0,389.9705175
0.001,8e-05,1e-05,0.7,0.0,390.0098297
0.001,8e-05,1e-05,0.8,0.0,390.002975
0.001,8e-05,1e-05,0.9,0.0,390.0079627
0.001,8e-05,1e-05,1.0,0.0,390.0129175
0.00098,0.0001,1e-05,0.0,0.02,300.0019999
0.00098,0.0001,1e-05,0.1,0.02,361.2770353
0.00098,0.0001,1e-05,0.2,0.02,380.9084125
0.00098,0.0001,1e-05,0.3,0.02,386.4896849
0.00098,0.0001,1e-05,0.4,0.02,388.7088711
0.00098,0.0001,1e-05,0.5,0.02,389.6798321
0.00098,0.0001,1e-05,0.6,0.02,389.9721223
0.00098,0.0001,1e-05,0.7,0.02,390.0114352
0.00098,0.0001,1e-05,0.8,0.02,390.0045804
0.00098,0.0001,1e-05,0.9,0.02,390.0095681
0.00098,0.0001,1e-05,1.0,0.02,390.014523
0.001,0.0001,0.0,0.0,0.0,300.0019999
0.001,0.0001,0.0,0.1,0.0,361.2710464
0.001,0.0001,0.0,0.2,0.0,380.9004998
0.001,0.0001,0.0,0.3,0.0,386.4812254
0.001,0.0001,0.0,0.4,0.0,388.700194
0.001,0.0001,0.0,0.5,0.0,389.6710599
0.001,0.0001,0.0,0.6,0.0,389.9633214
0.001,0.0001,0.0,0.7,0.0,390.0026305
0.001,0.0001,0.0,0.8,0.0,389.9957763
0.001,0.0001,0.0,0.9,0.0,390.0007636
0.001,0.0001,0.0,1.0,0.0,390.005718
0.000987,8.62e-05,1e-05,0.0,0.012768162,300.002
0.000987,8.62e-05,1e-05,0.1,0.012768162,361.2785409
0.000987,8.62e-05,1e-05,0.2,0.012768162,380.9103977
0.000987,8.62e-05,1e-05,0.3,0.012768162,386.4918065
0.000987,8.62e-05,1e-05,0.4,0.012768162,388.7110468
0.000987,8.62e-05,1e-05,0.5,0.012768162,389.6820316
0.000987,8.62e-05,1e-05,0.6,0.012768162,389.9743289
0.000987,8.62e-05,1e-05,0.7,0.012768162,390.0136428
0.000987,8.62e-05,1e-05,0.8,0.012768162,390.0067878
0.000987,8.62e-05,1e-05,0.9,0.012768162,390.0117757
0.000987,8.62e-05,1e-05,1.0,0.012768162,390.0167307
0.001,0.0001,1e-05,0.0,0.0,300.0019999
0.001,0.0001,1e-05,0.1,0.0,361.2710464
0.001,0.0001,1e-05,0.2,0.0,380.9004998
0.001,0.0001,1e-05,0.3,0.0,386.4812253
0.001,0.0001,1e-05,0.4,0.0,388.700194
0.001,0.0001,1e-05,0.5,0.0,389.6710598
0.001,0.0001,1e-05,0.6,0.0,389.9633214
0.001,0.0001,1e-05,0.7,0.0,390.0026305
0.001,0.0001,1e-05,0.8,0.0,389.9957763
0.001,0.0001,1e-05,0.9,0.0,390.0007636
0.001,0.0001,1e-05,1.0,0.0,390.005718
