x,y,z,t,V,T
0.0,2e-05,1e-05,0.0,0.40454647,300.0555
0.0,2e-05,1e-05,0.1,0.6940741,361.35687
0.0,2e-05,1e-05,0.2,0.46481043,380.5238
0.0,2e-05,1e-05,0.3,0.4774061,386.3731
0.0,2e-05,1e-05,0.4,0.48720273,388.69275
0.0,2e-05,1e-05,0.5,0.4890352,389.45914
0.0,2e-05,1e-05,0.6,0.4893632,389.71323
0.0,2e-05,1e-05,0.7,0.4895997,389.81073
0.0,2e-05,1e-05,0.8,0.48984015,389.8545
0.0,2e-05,1e-05,0.9,0.49005228,389.87695
0.0,2e-05,1e-05,1.0,0.490223,389.88983
0.0,2e-05,0.0,0.0,0.4045492,300.0555
0.0,2e-05,0.0,0.1,0.6940767,361.3566
0.0,2e-05,0.0,0.2,0.46481043,380.5238
0.0,2e-05,0.0,0.3,0.47740585,386.37308
0.0,2e-05,0.0,0.4,0.48720258,388.69275
0.0,2e-05,0.0,0.5,0.48903525,389.45914
0.0,2e-05,0.0,0.6,0.4893632,389.71323
0.0,2e-05,0.0,0.7,0.4895997,389.81073
0.0,2e-05,0.0,0.8,0.48984015,389.8545
0.0,2e-05,0.0,0.9,0.49005228,389.87695
0.0,2e-05,0.0,1.0,0.49022305,389.88983
1.28e-05,1.38e-05,1e-05,0.0,0.40454382,300.05554
1.28e-05,1.38e-05,1e-05,0.1,0.6940722,361.35706
1.28e-05,1.38e-05,1e-05,0.2,0.46481043,380.52383
1.28e-05,1.38e-05,1e-05,0.3,0.4774062,386.3731
1.28e-05,1.38e-05,1e-05,0.4,0.4872027,388.69275
1.28e-05,1.38e-05,1e-05,0.5,0.4890352,389.45914
1.28e-05,1.38e-05,1e-05,0.6,0.489363,389.71323
1.28e-05,1.38e-05,1e-05,0.7,0.4895997,389.81073
1.28e-05,1.38e-05,1e-05,0.8,0.48984015,389.8545
1.28e-05,1.38e-05,1e-05,0.9,0.49005228,389.87695
1.28e-05,1.38e-05,1e-05,1.0,0.490223,389.88983
0.0,0.0,0.0,0.0,0.40457705,300.0552
0.0,0.0,0.0,0.1,0.69410086,361.3536
0.0,0.0,0.0,0.2,0.46481103,380.52304
0.0,0.0,0.0,0.3,0.47740465,386.37286
0.0,0.0,0.0,0.4,0.4872021,388.69272
0.0,0.0,0.0,0.5,0.48903537,389.45908
0.0,0.0,0.0,0.6,0.48936298,389.71323
0.0,0.0,0.0,0.7,0.48959953,389.81073
0.0,0.0,0.0,0.8,0.4898402,389.8545
0.0,0.0,0.0,0.9,0.49005222,389.87692
0.0,0.0,0.0,1.0,0.490223,389.88983
1.28e-05,1.38e-05,0.0,0.0,0.40454793,300.05548
1.28e-05,1.38e-05,0.0,0.1,0.69407517,361.35675
1.28e-05,1.38e-05,0.0,0.2,0.46481037,380.5238
1.28e-05,1.38e-05,0.0,0.3,0.47740614,386.3731
1.28e-05,1.38e-05,0.0,0.4,0.4872027,388.69275
1.28e-05,1.38e-05,0.0,0.5,0.4890352,389.45914
1.28e-05,1.38e-05,0.0,0.6,0.4893632,389.71323
1.28e-05,1.38e-05,0.0,0.7,0.4895997,389.81073
1.28e-05,1.38e-05,0.0,0.8,0.48984015,389.8545
1.28e-05,1.38e-05,0.0,0.9,0.49005228,389.87695
1.28e-05,1.38e-05,0.0,1.0,0.490223,389.88983
0.0,0.0,1e-05,0.0,0.40457436,300.0553
0.0,0.0,1e-05,0.1,0.6940981,361.35388
0.0,0.0,1e-05,0.2,0.46481097,380.52313
0.0,0.0,1e-05,0.3,0.47740465,386.3729
0.0,0.0,1e-05,0.4,0.4872023,388.69272
0.0,0.0,1e-05,0.5,0.48903537,389.45908
0.0,0.0,1e-05,0.6,0.48936293,389.71323
0.0,0.0,1e-05,0.7,0.48959953,389.81073
0.0,0.0,1e-05,0.8,0.48984015,389.8545
0.0,0.0,1e-05,0.9,0.49005222,389.87695
0.0,0.0,1e-05,1.0,0.49022305,389.88983
2e-05,0.0,1e-05,0.0,0.40455768,300.05548
2e-05,0.0,1e-05,0.1,0.6940839,361.3557
2e-05,0.0,1e-05,0.2,0.4648108,380.52362
2e-05,0.0,1e-05,0.3,0.47740546,386.37308
2e-05,0.0,1e-05,0.4,0.4872027,388.69272
2e-05,0.0,1e-05,0.5,0.48903528,389.4591
2e-05,0.0,1e-05,0.6,0.48936313,389.71323
2e-05,0.0,1e-05,0.7,0.4895996,389.81073
2e-05,0.0,1e-05,0.8,0.48984015,389.8545
2e-05,0.0,1e-05,0.9,0.49005228,389.87695
2e-05,0.0,1e-05,1.0,0.49022305,389.88983
2e-05,0.0,0.0,0.0,0.4045608,300.0554
2e-05,0.0,0.0,0.1,0.6940868,361.35532
2e-05,0.0,0.0,0.2,0.4648111,380.52347
2e-05,0.0,0.0,0.3,0.47740546,386.37305
2e-05,0.0,0.0,0.4,0.48720267,388.69272
2e-05,0.0,0.0,0.5,0.4890353,389.4591
2e-05,0.0,0.0,0.6,0.48936316,389.71323
2e-05,0.0,0.0,0.7,0.48959953,389.81073
2e-05,0.0,0.0,0.8,0.48984015,389.8545
2e-05,0.0,0.0,0.9,0.49005228,389.87695
2e-05,0.0,0.0,1.0,0.49022305,389.88983
0.0,4.01e-05,0.0,0.0,0.4045205,300.05582
0.0,4.01e-05,0.0,0.1,0.69405234,361.3596
0.0,4.01e-05,0.0,0.2,0.4648102,380.5245
0.0,4.01e-05,0.0,0.3,0.47740734,386.37335
0.0,4.01e-05,0.0,0.4,0.48720306,388.69284
0.0,4.01e-05,0.0,0.5,0.48903537,389.45917
0.0,4.01e-05,0.0,0.6,0.48936296,389.71323
0.0,4.01e-05,0.0,0.7,0.48959976,389.81073
0.0,4.01e-05,0.0,0.8,0.4898401,389.8545
0.0,4.01e-05,0.0,0.9,0.49005228,389.87692
0.0,4.01e-05,0.0,1.0,0.490223,389.88983
0.0,4e-05,1e-05,0.0,0.40451777,300.0559
0.0,4e-05,1e-05,0.1,0.69404954,361.36
0.0,4e-05,1e-05,0.2,0.4648102,380.52457
0.0,4e-05,1e-05,0.3,0.47740752,386.37335
0.0,4e-05,1e-05,0.4,0.48720297,388.69284
0.0,4e-05,1e-05,0.5,0.48903543,389.45923
0.0,4e-05,1e-05,0.6,0.48936304,389.71323
0.0,4e-05,1e-05,0.7,0.4895997,389.81073
0.0,4e-05,1e-05,0.8,0.4898401,389.8545
0.0,4e-05,1e-05,0.9,0.49005228,389.87692
0.0,4e-05,1e-05,1.0,0.490223,389.88983
1.47e-05,3.02e-05,0.0,0.0,0.40452284,300.05582
1.47e-05,3.02e-05,0.0,0.1,0.694054,361.3594
1.47e-05,3.02e-05,0.0,0.2,0.46481013,380.52444
1.47e-05,3.02e-05,0.0,0.3,0.47740728,386.37335
1.47e-05,3.02e-05,0.0,0.4,0.48720294,388.6928
1.47e-05,3.02e-05,0.0,0.5,0.48903543,389.45917
1.47e-05,3.02e-05,0.0,0.6,0.489363,389.71323
1.47e-05,3.02e-05,0.0,0.7,0.48959976,389.81073
1.47e-05,3.02e-05,0.0,0.8,0.4898401,389.8545
1.47e-05,3.02e-05,0.0,0.9,0.49005228,389.87692
1.47e-05,3.02e-05,0.0,1.0,0.490223,389.88983
1.48e-05,4.94e-05,0.0,0.0,0.4044951,300.05618
1.48e-05,4.94e-05,0.0,0.1,0.69403064,361.3622
1.48e-05,4.94e-05,0.0,0.2,0.46481,380.5252
1.48e-05,4.94e-05,0.0,0.3,0.47740835,386.3737
1.48e-05,4.94e-05,0.0,0.4,0.4872033,388.6929
1.48e-05,4.94e-05,0.0,0.5,0.48903537,389.45926
1.48e-05,4.94e-05,0.0,0.6,0.4893633,389.71326
1.48e-05,4.94e-05,0.0,0.7,0.48959976,389.81076
1.48e-05,4.94e-05,0.0,0.8,0.48984003,389.8545
1.48e-05,4.94e-05,0.0,0.9,0.49005228,389.87692
1.48e-05,4.94e-05,0.0,1.0,0.490223,389.88983
0.0,6.01e-05,0.0,0.0,0.40449256,300.05618
0.0,6.01e-05,0.0,0.1,0.69402814,361.36252
0.0,6.01e-05,0.0,0.2,0.4648096,380.5253
0.0,6.01e-05,0.0,0.3,0.4774086,386.37372
0.0,6.01e-05,0.0,0.4,0.48720333,388.69293
0.0,6.01e-05,0.0,0.5,0.4890355,389.45926
0.0,6.01e-05,0.0,0.6,0.4893632,389.71326
0.0,6.01e-05,0.0,0.7,0.48959976,389.81076
0.0,6.01e-05,0.0,0.8,0.48984003,389.8545
0.0,6.01e-05,0.0,0.9,0.49005228,389.87692
0.0,6.01e-05,0.0,1.0,0.490223,389.88983
0.0,6e-05,1e-05,0.0,0.4044891,300.05618
0.0,6e-05,1e-05,0.1,0.6940253,361.36282
0.0,6e-05,1e-05,0.2,0.4648096,380.52533
0.0,6e-05,1e-05,0.3,0.4774087,386.37378
0.0,6e-05,1e-05,0.4,0.48720354,388.69296
0.0,6e-05,1e-05,0.5,0.48903546,389.45926
0.0,6e-05,1e-05,0.6,0.4893632,389.71326
0.0,6e-05,1e-05,0.7,0.48959976,389.81076
0.0,6e-05,1e-05,0.8,0.48984003,389.8545
0.0,6e-05,1e-05,0.9,0.49005228,389.87692
0.0,6e-05,1e-05,1.0,0.490223,389.88983
1.58e-05,4.94e-05,1e-05,0.0,0.40449154,300.05615
1.58e-05,4.94e-05,1e-05,0.1,0.69402695,361.36264
1.58e-05,4.94e-05,1e-05,0.2,0.46480966,380.5253
1.58e-05,4.94e-05,1e-05,0.3,0.4774088,386.37375
1.58e-05,4.94e-05,1e-05,0.4,0.48720324,388.69293
1.58e-05,4.94e-05,1e-05,0.5,0.4890355,389.45926
1.58e-05,4.94e-05,1e-05,0.6,0.4893632,389.71326
1.58e-05,4.94e-05,1e-05,0.7,0.48959976,389.81076
1.58e-05,4.94e-05,1e-05,0.8,0.48984003,389.8545
1.58e-05,4.94e-05,1e-05,0.9,0.49005228,389.87692
1.58e-05,4.94e-05,1e-05,1.0,0.490223,389.88983
1.48e-05,3.02e-05,1e-05,0.0,0.40451953,300.05582
1.48e-05,3.02e-05,1e-05,0.1,0.694051,361.35974
1.48e-05,3.02e-05,1e-05,0.2,0.46481013,380.52454
1.48e-05,3.02e-05,1e-05,0.3,0.4774075,386.37335
1.48e-05,3.02e-05,1e-05,0.4,0.48720306,388.69284
1.48e-05,3.02e-05,1e-05,0.5,0.48903543,389.45917
1.48e-05,3.02e-05,1e-05,0.6,0.48936304,389.71323
1.48e-05,3.02e-05,1e-05,0.7,0.4895997,389.81073
1.48e-05,3.02e-05,1e-05,0.8,0.4898401,389.8545
1.48e-05,3.02e-05,1e-05,0.9,0.49005228,389.87692
1.48e-05,3.02e-05,1e-05,1.0,0.490223,389.88983
2.98e-05,1.76e-05,0.0,0.0,0.40452856,300.0558
2.98e-05,1.76e-05,0.0,0.1,0.6940583,361.35895
2.98e-05,1.76e-05,0.0,0.2,0.46481043,380.52432
2.98e-05,1.76e-05,0.0,0.3,0.47740692,386.37332
2.98e-05,1.76e-05,0.0,0.4,0.48720297,388.6928
2.98e-05,1.76e-05,0.0,0.5,0.4890355,389.45917
2.98e-05,1.76e-05,0.0,0.6,0.48936296,389.71323
2.98e-05,1.76e-05,0.0,0.7,0.4895997,389.81073
2.98e-05,1.76e-05,0.0,0.8,0.4898401,389.8545
2.98e-05,1.76e-05,0.0,0.9,0.49005234,389.87692
2.98e-05,1.76e-05,0.0,1.0,0.490223,389.88983
3.09e-05,1.78e-05,1e-05,0.0,0.40452343,300.05582
3.09e-05,1.78e-05,1e-05,0.1,0.6940546,361.3593
3.09e-05,1.78e-05,1e-05,0.2,0.46481043,380.52444
3.09e-05,1.78e-05,1e-05,0.3,0.47740716,386.37335
3.09e-05,1.78e-05,1e-05,0.4,0.48720294,388.6928
3.09e-05,1.78e-05,1e-05,0.5,0.48903543,389.45917
3.09e-05,1.78e-05,1e-05,0.6,0.489363,389.71323
3.09e-05,1.78e-05,1e-05,0.7,0.48959976,389.81073
3.09e-05,1.78e-05,1e-05,0.8,0.4898401,389.8545
3.09e-05,1.78e-05,1e-05,0.9,0.49005228,389.87692
3.09e-05,1.78e-05,1e-05,1.0,0.490223,389.88983
4.02e-05,6.93e-06,5.05e-06,0.0,0.40453255,300.05566
4.02e-05,6.93e-06,5.05e-06,0.1,0.6940625,361.35837
4.02e-05,6.93e-06,5.05e-06,0.2,0.46481043,380.52417
4.02e-05,6.93e-06,5.05e-06,0.3,0.4774069,386.37323
4.02e-05,6.93e-06,5.05e-06,0.4,0.48720273,388.6928
4.02e-05,6.93e-06,5.05e-06,0.5,0.4890352,389.45917
4.02e-05,6.93e-06,5.05e-06,0.6,0.489363,389.71323
4.02e-05,6.93e-06,5.05e-06,0.7,0.48959976,389.81073
4.02e-05,6.93e-06,5.05e-06,0.8,0.48984015,389.8545
4.02e-05,6.93e-06,5.05e-06,0.9,0.49005228,389.87695
4.02e-05,6.93e-06,5.05e-06,1.0,0.490223,389.88983
4e-05,0.0,1e-05,0.0,0.40454108,300.05557
4e-05,0.0,1e-05,0.1,0.69406986,361.35742
4e-05,0.0,1e-05,0.2,0.4648106,380.52393
4e-05,0.0,1e-05,0.3,0.47740632,386.37314
4e-05,0.0,1e-05,0.4,0.4872027,388.69278
4e-05,0.0,1e-05,0.5,0.4890352,389.45914
4e-05,0.0,1e-05,0.6,0.489363,389.71323
4e-05,0.0,1e-05,0.7,0.4895997,389.81073
4e-05,0.0,1e-05,0.8,0.48984015,389.8545
4e-05,0.0,1e-05,0.9,0.49005228,389.87695
4e-05,0.0,1e-05,1.0,0.49022293,389.88983
4e-05,0.0,0.0,0.0,0.4045442,300.05554
4e-05,0.0,0.0,0.1,0.6940725,361.3571
4e-05,0.0,0.0,0.2,0.46481073,380.52386
4e-05,0.0,0.0,0.3,0.47740626,386.3731
4e-05,0.0,0.0,0.4,0.4872027,388.69275
4e-05,0.0,0.0,0.5,0.4890352,389.45914
4e-05,0.0,0.0,0.6,0.489363,389.71323
4e-05,0.0,0.0,0.7,0.4895997,389.81073
4e-05,0.0,0.0,0.8,0.48984015,389.8545
4e-05,0.0,0.0,0.9,0.49005228,389.87695
4e-05,0.0,0.0,1.0,0.490223,389.88983
0.0,8e-05,0.0,0.0,0.40446416,300.0565
0.0,8e-05,0.0,0.1,0.6940037,361.3654
0.0,8e-05,0.0,0.2,0.4648091,380.52603
0.0,8e-05,0.0,0.3,0.4774099,386.3739
0.0,8e-05,0.0,0.4,0.48720375,388.69302
0.0,8e-05,0.0,0.5,0.48903552,389.4593
0.0,8e-05,0.0,0.6,0.48936307,389.71326
0.0,8e-05,0.0,0.7,0.48959982,389.8108
0.0,8e-05,0.0,0.8,0.4898401,389.8545
0.0,8e-05,0.0,0.9,0.49005234,389.87692
0.0,8e-05,0.0,1.0,0.49022287,389.88983
0.0,8e-05,1e-05,0.0,0.4044606,300.05652
0.0,8e-05,1e-05,0.1,0.6940011,361.36584
0.0,8e-05,1e-05,0.2,0.46480906,380.52615
0.0,8e-05,1e-05,0.3,0.47741014,386.37396
0.0,8e-05,1e-05,0.4,0.48720366,388.69305
0.0,8e-05,1e-05,0.5,0.48903555,389.4593
0.0,8e-05,1e-05,0.6,0.48936307,389.71326
0.0,8e-05,1e-05,0.7,0.48959976,389.8108
0.0,8e-05,1e-05,0.8,0.48984027,389.8545
0.0,8e-05,1e-05,0.9,0.49005234,389.87692
0.0,8e-05,1e-05,1.0,0.49022287,389.88983
1.49e-05,8.68e-05,0.0,0.0,0.40444237,300.0567
1.49e-05,8.68e-05,0.0,0.1,0.693985,361.36792
1.49e-05,8.68e-05,0.0,0.2,0.46480906,380.52655
1.49e-05,8.68e-05,0.0,0.3,0.47741106,386.3741
1.49e-05,8.68e-05,0.0,0.4,0.48720407,388.6931
1.49e-05,8.68e-05,0.0,0.5,0.48903564,389.45932
1.49e-05,8.68e-05,0.0,0.6,0.48936313,389.71326
1.49e-05,8.68e-05,0.0,0.7,0.4895997,389.8108
1.49e-05,8.68e-05,0.0,0.8,0.48984027,389.8545
1.49e-05,8.68e-05,0.0,0.9,0.49005228,389.87692
1.49e-05,8.68e-05,0.0,1.0,0.49022293,389.88983
0.0,1e-04,0.0,0.0,0.40443593,300.05673
0.0,1e-04,0.0,0.1,0.6939793,361.36847
0.0,1e-04,0.0,0.2,0.46480888,380.5268
0.0,1e-04,0.0,0.3,0.4774113,386.37418
0.0,1e-04,0.0,0.4,0.48720396,388.6931
0.0,1e-04,0.0,0.5,0.48903564,389.45932
0.0,1e-04,0.0,0.6,0.4893632,389.71326
0.0,1e-04,0.0,0.7,0.48959982,389.8108
0.0,1e-04,0.0,0.8,0.48984027,389.8545
0.0,1e-04,0.0,0.9,0.49005228,389.87692
0.0,1e-04,0.0,1.0,0.49022287,389.88983
0.0,1e-04,1e-05,0.0,0.40443248,300.05673
0.0,1e-04,1e-05,0.1,0.6939767,361.36877
0.0,1e-04,1e-05,0.2,0.46480882,380.52686
0.0,1e-04,1e-05,0.3,0.47741145,386.3742
0.0,1e-04,1e-05,0.4,0.4872042,388.6931
0.0,1e-04,1e-05,0.5,0.4890357,389.45932
0.0,1e-04,1e-05,0.6,0.48936313,389.71326
0.0,1e-04,1e-05,0.7,0.48959976,389.8108
0.0,1e-04,1e-05,0.8,0.48984027,389.8545
0.0,1e-04,1e-05,0.9,0.49005228,389.87692
0.0,1e-04,1e-05,1.0,0.49022287,389.88983
1.5e-05,8.68e-05,1e-05,0.0,0.40443918,300.0567
1.5e-05,8.68e-05,1e-05,0.1,0.69398224,361.36813
1.5e-05,8.68e-05,1e-05,0.2,0.46480876,380.5267
1.5e-05,8.68e-05,1e-05,0.3,0.47741103,386.37418
1.5e-05,8.68e-05,1e-05,0.4,0.48720405,388.6931
1.5e-05,8.68e-05,1e-05,0.5,0.4890357,389.45932
1.5e-05,8.68e-05,1e-05,0.6,0.48936313,389.71326
1.5e-05,8.68e-05,1e-05,0.7,0.4895997,389.8108
1.5e-05,8.68e-05,1e-05,0.8,0.48984027,389.8545
1.5e-05,8.68e-05,1e-05,0.9,0.49005228,389.87692
1.5e-05,8.68e-05,1e-05,1.0,0.49022287,389.88983
1.78e-05,6.9e-05,0.0,0.0,0.4044647,300.0565
1.78e-05,6.9e-05,0.0,0.1,0.6940044,361.36533
1.78e-05,6.9e-05,0.0,0.2,0.4648094,380.52603
1.78e-05,6.9e-05,0.0,0.3,0.4774099,386.3739
1.78e-05,6.9e-05,0.0,0.4,0.48720375,388.69302
1.78e-05,6.9e-05,0.0,0.5,0.48903552,389.4593
1.78e-05,6.9e-05,0.0,0.6,0.48936313,389.71326
1.78e-05,6.9e-05,0.0,0.7,0.48959982,389.8108
1.78e-05,6.9e-05,0.0,0.8,0.4898401,389.8545
1.78e-05,6.9e-05,0.0,0.9,0.49005222,389.87692
1.78e-05,6.9e-05,0.0,1.0,0.49022287,389.88983
1.82e-05,6.9e-05,1e-05,0.0,0.40446097,300.05652
1.82e-05,6.9e-05,1e-05,0.1,0.69400144,361.36578
1.82e-05,6.9e-05,1e-05,0.2,0.46480918,380.52615
1.82e-05,6.9e-05,1e-05,0.3,0.47741014,386.37396
1.82e-05,6.9e-05,1e-05,0.4,0.48720366,388.69305
1.82e-05,6.9e-05,1e-05,0.5,0.48903555,389.4593
1.82e-05,6.9e-05,1e-05,0.6,0.48936307,389.71326
1.82e-05,6.9e-05,1e-05,0.7,0.48959976,389.8108
1.82e-05,6.9e-05,1e-05,0.8,0.48984027,389.8545
1.82e-05,6.9e-05,1e-05,0.9,0.49005234,389.87692
1.82e-05,6.9e-05,1e-05,1.0,0.49022287,389.88983
2.9e-05,5.47e-05,0.0,0.0,0.40447617,300.05637
2.9e-05,5.47e-05,0.0,0.1,0.69401395,361.36423
2.9e-05,5.47e-05,0.0,0.2,0.46480948,380.52573
2.9e-05,5.47e-05,0.0,0.3,0.4774093,386.37387
2.9e-05,5.47e-05,0.0,0.4,0.48720354,388.693
2.9e-05,5.47e-05,0.0,0.5,0.48903543,389.4593
2.9e-05,5.47e-05,0.0,0.6,0.4893632,389.71326
2.9e-05,5.47e-05,0.0,0.7,0.48959976,389.81076
2.9e-05,5.47e-05,0.0,0.8,0.48984015,389.8545
2.9e-05,5.47e-05,0.0,0.9,0.49005228,389.87692
2.9e-05,5.47e-05,0.0,1.0,0.490223,389.88983
3.04e-05,3.9e-05,0.0,0.0,0.40449727,300.05612
3.04e-05,3.9e-05,0.0,0.1,0.69403195,361.3621
3.04e-05,3.9e-05,0.0,0.2,0.46480995,380.52518
3.04e-05,3.9e-05,0.0,0.3,0.4774083,386.3737
3.04e-05,3.9e-05,0.0,0.4,0.4872033,388.6929
3.04e-05,3.9e-05,0.0,0.5,0.48903543,389.45926
3.04e-05,3.9e-05,0.0,0.6,0.4893633,389.71326
3.04e-05,3.9e-05,0.0,0.7,0.48959976,389.81076
3.04e-05,3.9e-05,0.0,0.8,0.4898401,389.8545
3.04e-05,3.9e-05,0.0,0.9,0.49005228,389.87692
3.04e-05,3.9e-05,0.0,1.0,0.490223,389.88983
3e-05,5.43e-05,1e-05,0.0,0.40447283,300.05643
3e-05,5.43e-05,1e-05,0.1,0.69401085,361.3646
3e-05,5.43e-05,1e-05,0.2,0.46480954,380.52582
3e-05,5.43e-05,1e-05,0.3,0.47740972,386.37387
3e-05,5.43e-05,1e-05,0.4,0.48720336,388.693
3e-05,5.43e-05,1e-05,0.5,0.48903546,389.4593
3e-05,5.43e-05,1e-05,0.6,0.4893632,389.71326
3e-05,5.43e-05,1e-05,0.7,0.48959982,389.8108
3e-05,5.43e-05,1e-05,0.8,0.48984015,389.8545
3e-05,5.43e-05,1e-05,0.9,0.49005228,389.87692
3e-05,5.43e-05,1e-05,1.0,0.490223,389.88983
3.04e-05,3.9e-05,1e-05,0.0,0.40449384,300.0562
3.04e-05,3.9e-05,1e-05,0.1,0.6940292,361.3624
3.04e-05,3.9e-05,1e-05,0.2,0.46480975,380.5252
3.04e-05,3.9e-05,1e-05,0.3,0.4774084,386.3737
3.04e-05,3.9e-05,1e-05,0.4,0.48720336,388.69293
3.04e-05,3.9e-05,1e-05,0.5,0.4890355,389.45926
3.04e-05,3.9e-05,1e-05,0.6,0.48936325,389.71326
3.04e-05,3.9e-05,1e-05,0.7,0.48959976,389.81076
3.04e-05,3.9e-05,1e-05,0.8,0.48984003,389.8545
3.04e-05,3.9e-05,1e-05,0.9,0.49005228,389.87692
3.04e-05,3.9e-05,1e-05,1.0,0.490223,389.88983
4.46e-05,3.16e-05,0.0,0.0,0.4044962,300.05615
4.46e-05,3.16e-05,0.0,0.1,0.6940309,361.36224
4.46e-05,3.16e-05,0.0,0.2,0.46480995,380.5252
4.46e-05,3.16e-05,0.0,0.3,0.47740835,386.3737
4.46e-05,3.16e-05,0.0,0.4,0.4872033,388.6929
4.46e-05,3.16e-05,0.0,0.5,0.48903537,389.45926
4.46e-05,3.16e-05,0.0,0.6,0.4893633,389.71326
4.46e-05,3.16e-05,0.0,0.7,0.48959976,389.81076
4.46e-05,3.16e-05,0.0,0.8,0.4898401,389.8545
4.46e-05,3.16e-05,0.0,0.9,0.49005228,389.87692
4.46e-05,3.16e-05,0.0,1.0,0.490223,389.88983
4.45e-05,3.15e-05,1e-05,0.0,0.4044931,300.05618
4.45e-05,3.15e-05,1e-05,0.1,0.69402796,361.36255
4.45e-05,3.15e-05,1e-05,0.2,0.46480983,380.5253
4.45e-05,3.15e-05,1e-05,0.3,0.47740865,386.37372
4.45e-05,3.15e-05,1e-05,0.4,0.48720336,388.69293
4.45e-05,3.15e-05,1e-05,0.5,0.4890355,389.45926
4.45e-05,3.15e-05,1e-05,0.6,0.4893632,389.71326
4.45e-05,3.15e-05,1e-05,0.7,0.48959976,389.81076
4.45e-05,3.15e-05,1e-05,0.8,0.48984003,389.8545
4.45e-05,3.15e-05,1e-05,0.9,0.49005228,389.87692
4.45e-05,3.15e-05,1e-05,1.0,0.490223,389.88983
5.1e-05,1.68e-05,1e-05,0.0,0.4045089,300.056
5.1e-05,1.68e-05,1e-05,0.1,0.6940415,361.361
5.1e-05,1.68e-05,1e-05,0.2,0.4648102,380.52484
5.1e-05,1.68e-05,1e-05,0.3,0.477408,386.37357
5.1e-05,1.68e-05,1e-05,0.4,0.48720306,388.69287
5.1e-05,1.68e-05,1e-05,0.5,0.48903543,389.45926
5.1e-05,1.68e-05,1e-05,0.6,0.4893631,389.71323
5.1e-05,1.68e-05,1e-05,0.7,0.4895997,389.81076
5.1e-05,1.68e-05,1e-05,0.8,0.4898401,389.8545
5.1e-05,1.68e-05,1e-05,0.9,0.49005222,389.87692
5.1e-05,1.68e-05,1e-05,1.0,0.490223,389.88983
5.1e-05,1.68e-05,0.0,0.0,0.4045112,300.056
5.1e-05,1.68e-05,0.0,0.1,0.69404423,361.36063
5.1e-05,1.68e-05,0.0,0.2,0.4648103,380.52472
5.1e-05,1.68e-05,0.0,0.3,0.47740793,386.3735
5.1e-05,1.68e-05,0.0,0.4,0.48720318,388.69287
5.1e-05,1.68e-05,0.0,0.5,0.48903543,389.45926
5.1e-05,1.68e-05,0.0,0.6,0.4893631,389.71323
5.1e-05,1.68e-05,0.0,0.7,0.4895997,389.81073
5.1e-05,1.68e-05,0.0,0.8,0.4898401,389.8545
5.1e-05,1.68e-05,0.0,0.9,0.49005222,389.87692
5.1e-05,1.68e-05,0.0,1.0,0.490223,389.88983
6e-05,0.0,1e-05,0.0,0.4045247,300.0558
6e-05,0.0,1e-05,0.1,0.69405544,361.35925
6e-05,0.0,1e-05,0.2,0.46481055,380.52444
6e-05,0.0,1e-05,0.3,0.47740716,386.37335
6e-05,0.0,1e-05,0.4,0.487203,388.6928
6e-05,0.0,1e-05,0.5,0.48903543,389.45917
6e-05,0.0,1e-05,0.6,0.489363,389.71323
6e-05,0.0,1e-05,0.7,0.48959976,389.81073
6e-05,0.0,1e-05,0.8,0.4898401,389.8545
6e-05,0.0,1e-05,0.9,0.49005234,389.87692
6e-05,0.0,1e-05,1.0,0.490223,389.88983
6e-05,0.0,0.0,0.0,0.40452808,300.0558
6e-05,0.0,0.0,0.1,0.69405806,361.35892
6e-05,0.0,0.0,0.2,0.46481037,380.52432
6e-05,0.0,0.0,0.3,0.47740686,386.37332
6e-05,0.0,0.0,0.4,0.48720303,388.6928
6e-05,0.0,0.0,0.5,0.48903543,389.45917
6e-05,0.0,0.0,0.6,0.48936296,389.71323
6e-05,0.0,0.0,0.7,0.4895997,389.81073
6e-05,0.0,0.0,0.8,0.4898401,389.8545
6e-05,0.0,0.0,0.9,0.49005234,389.87692
6e-05,0.0,0.0,1.0,0.490223,389.88983
2e-05,1e-04,0.0,0.0,0.40441984,300.05695
2e-05,1e-04,0.0,0.1,0.69396514,361.3702
2e-05,1e-04,0.0,0.2,0.46480864,380.52716
2e-05,1e-04,0.0,0.3,0.47741202,386.37436
2e-05,1e-04,0.0,0.4,0.48720407,388.69315
2e-05,1e-04,0.0,0.5,0.48903555,389.45935
2e-05,1e-04,0.0,0.6,0.4893632,389.7133
2e-05,1e-04,0.0,0.7,0.4895998,389.8108
2e-05,1e-04,0.0,0.8,0.48984027,389.8545
2e-05,1e-04,0.0,0.9,0.49005228,389.87692
2e-05,1e-04,0.0,1.0,0.49022287,389.88983
2e-05,1e-04,1e-05,0.0,0.4044161,300.05692
2e-05,1e-04,1e-05,0.1,0.6939624,361.3706
2e-05,1e-04,1e-05,0.2,0.46480867,380.52725
2e-05,1e-04,1e-05,0.3,0.47741216,386.37436
2e-05,1e-04,1e-05,0.4,0.4872042,388.69315
2e-05,1e-04,1e-05,0.5,0.4890353,389.45935
2e-05,1e-04,1e-05,0.6,0.4893632,389.7133
2e-05,1e-04,1e-05,0.7,0.4895998,389.8108
2e-05,1e-04,1e-05,0.8,0.48984027,389.8545
2e-05,1e-04,1e-05,0.9,0.49005228,389.87692
2e-05,1e-04,1e-05,1.0,0.49022287,389.88983
3.01e-05,8.51e-05,0.0,0.0,0.40443233,300.05676
3.01e-05,8.51e-05,0.0,0.1,0.6939761,361.36887
3.01e-05,8.51e-05,0.0,0.2,0.46480894,380.5269
3.01e-05,8.51e-05,0.0,0.3,0.47741154,386.3742
3.01e-05,8.51e-05,0.0,0.4,0.48720413,388.69315
3.01e-05,8.51e-05,0.0,0.5,0.48903576,389.45932
3.01e-05,8.51e-05,0.0,0.6,0.48936316,389.71326
3.01e-05,8.51e-05,0.0,0.7,0.48959976,389.8108
3.01e-05,8.51e-05,0.0,0.8,0.48984027,389.8545
3.01e-05,8.51e-05,0.0,0.9,0.49005228,389.87692
3.01e-05,8.51e-05,0.0,1.0,0.49022287,389.88983
3.11e-05,8.54e-05,1e-05,0.0,0.40442783,300.05682
3.11e-05,8.54e-05,1e-05,0.1,0.69397235,361.36932
3.11e-05,8.54e-05,1e-05,0.2,0.46480876,380.5269
3.11e-05,8.54e-05,1e-05,0.3,0.4774117,386.37427
3.11e-05,8.54e-05,1e-05,0.4,0.48720407,388.69315
3.11e-05,8.54e-05,1e-05,0.5,0.4890355,389.45932
3.11e-05,8.54e-05,1e-05,0.6,0.4893632,389.7133
3.11e-05,8.54e-05,1e-05,0.7,0.4895998,389.8108
3.11e-05,8.54e-05,1e-05,0.8,0.48984027,389.8545
3.11e-05,8.54e-05,1e-05,0.9,0.49005228,389.87692
3.11e-05,8.54e-05,1e-05,1.0,0.49022287,389.88983
3.83e-05,6.75e-05,0.0,0.0,0.40445012,300.05658
3.83e-05,6.75e-05,0.0,0.1,0.69399184,361.3671
3.83e-05,6.75e-05,0.0,0.2,0.4648093,380.52646
3.83e-05,6.75e-05,0.0,0.3,0.47741058,386.3741
3.83e-05,6.75e-05,0.0,0.4,0.48720378,388.6931
3.83e-05,6.75e-05,0.0,0.5,0.48903546,389.45932
3.83e-05,6.75e-05,0.0,0.6,0.48936307,389.71326
3.83e-05,6.75e-05,0.0,0.7,0.4895997,389.8108
3.83e-05,6.75e-05,0.0,0.8,0.48984027,389.8545
3.83e-05,6.75e-05,0.0,0.9,0.4900524,389.87692
3.83e-05,6.75e-05,0.0,1.0,0.49022287,389.88983
3.9e-05,6.75e-05,1e-05,0.0,0.4044469,300.0566
3.9e-05,6.75e-05,1e-05,0.1,0.6939885,361.36746
3.9e-05,6.75e-05,1e-05,0.2,0.46480924,380.5265
3.9e-05,6.75e-05,1e-05,0.3,0.4774109,386.3741
3.9e-05,6.75e-05,1e-05,0.4,0.48720396,388.6931
3.9e-05,6.75e-05,1e-05,0.5,0.4890354,389.45932
3.9e-05,6.75e-05,1e-05,0.6,0.48936313,389.71326
3.9e-05,6.75e-05,1e-05,0.7,0.4895997,389.8108
3.9e-05,6.75e-05,1e-05,0.8,0.48984033,389.8545
3.9e-05,6.75e-05,1e-05,0.9,0.49005228,389.87692
3.9e-05,6.75e-05,1e-05,1.0,0.49022293,389.88983
4.82e-05,4.88e-05,0.0,0.0,0.40446848,300.05646
4.82e-05,4.88e-05,0.0,0.1,0.6940072,361.36502
4.82e-05,4.88e-05,0.0,0.2,0.4648097,380.52597
4.82e-05,4.88e-05,0.0,0.3,0.47740984,386.3739
4.82e-05,4.88e-05,0.0,0.4,0.4872036,388.69302
4.82e-05,4.88e-05,0.0,0.5,0.48903552,389.4593
4.82e-05,4.88e-05,0.0,0.6,0.48936313,389.71326
4.82e-05,4.88e-05,0.0,0.7,0.48959982,389.8108
4.82e-05,4.88e-05,0.0,0.8,0.4898401,389.8545
4.82e-05,4.88e-05,0.0,0.9,0.49005234,389.87692
4.82e-05,4.88e-05,0.0,1.0,0.490223,389.88983
4.82e-05,4.88e-05,1e-05,0.0,0.40446502,300.05646
4.82e-05,4.88e-05,1e-05,0.1,0.69400454,361.36533
4.82e-05,4.88e-05,1e-05,0.2,0.46480966,380.52606
4.82e-05,4.88e-05,1e-05,0.3,0.47740996,386.3739
4.82e-05,4.88e-05,1e-05,0.4,0.48720375,388.69302
4.82e-05,4.88e-05,1e-05,0.5,0.48903552,389.4593
4.82e-05,4.88e-05,1e-05,0.6,0.48936313,389.71326
4.82e-05,4.88e-05,1e-05,0.7,0.48959982,389.8108
4.82e-05,4.88e-05,1e-05,0.8,0.4898401,389.8545
4.82e-05,4.88e-05,1e-05,0.9,0.49005234,389.87692
4.82e-05,4.88e-05,1e-05,1.0,0.49022287,389.88983
6.07e-05,3.3e-05,0.0,0.0,0.40448108,300.05634
6.07e-05,3.3e-05,0.0,0.1,0.6940176,361.36377
6.07e-05,3.3e-05,0.0,0.2,0.4648099,380.5256
6.07e-05,3.3e-05,0.0,0.3,0.4774093,386.37384
6.07e-05,3.3e-05,0.0,0.4,0.4872035,388.693
6.07e-05,3.3e-05,0.0,0.5,0.48903555,389.45926
6.07e-05,3.3e-05,0.0,0.6,0.48936325,389.71326
6.07e-05,3.3e-05,0.0,0.7,0.48959976,389.81076
6.07e-05,3.3e-05,0.0,0.8,0.48984015,389.8545
6.07e-05,3.3e-05,0.0,0.9,0.49005228,389.87692
6.07e-05,3.3e-05,0.0,1.0,0.490223,389.88983
6.1e-05,3.3e-05,1e-05,0.0,0.40447697,300.05643
6.1e-05,3.3e-05,1e-05,0.1,0.69401467,361.3641
6.1e-05,3.3e-05,1e-05,0.2,0.46480978,380.52573
6.1e-05,3.3e-05,1e-05,0.3,0.47740933,386.37387
6.1e-05,3.3e-05,1e-05,0.4,0.48720354,388.693
6.1e-05,3.3e-05,1e-05,0.5,0.48903543,389.45926
6.1e-05,3.3e-05,1e-05,0.6,0.4893632,389.71326
6.1e-05,3.3e-05,1e-05,0.7,0.48959976,389.81076
6.1e-05,3.3e-05,1e-05,0.8,0.48984015,389.8545
6.1e-05,3.3e-05,1e-05,0.9,0.49005228,389.87692
6.1e-05,3.3e-05,1e-05,1.0,0.490223,389.88983
7e-05,1.73e-05,1e-05,0.0,0.40449277,300.05615
7e-05,1.73e-05,1e-05,0.1,0.6940274,361.36267
7e-05,1.73e-05,1e-05,0.2,0.46481,380.5253
7e-05,1.73e-05,1e-05,0.3,0.4774088,386.37375
7e-05,1.73e-05,1e-05,0.4,0.4872034,388.69293
7e-05,1.73e-05,1e-05,0.5,0.4890355,389.45926
7e-05,1.73e-05,1e-05,0.6,0.4893632,389.71326
7e-05,1.73e-05,1e-05,0.7,0.48959976,389.81076
7e-05,1.73e-05,1e-05,0.8,0.48984003,389.8545
7e-05,1.73e-05,1e-05,0.9,0.49005228,389.87692
7e-05,1.73e-05,1e-05,1.0,0.490223,389.88983
7e-05,1.73e-05,0.0,0.0,0.40449548,300.05618
7e-05,1.73e-05,0.0,0.1,0.69403,361.3623
7e-05,1.73e-05,0.0,0.2,0.46481004,380.52524
7e-05,1.73e-05,0.0,0.3,0.47740835,386.3737
7e-05,1.73e-05,0.0,0.4,0.48720324,388.69293
7e-05,1.73e-05,0.0,0.5,0.4890355,389.45926
7e-05,1.73e-05,0.0,0.6,0.48936325,389.71326
7e-05,1.73e-05,0.0,0.7,0.48959976,389.81076
7e-05,1.73e-05,0.0,0.8,0.48984003,389.8545
7e-05,1.73e-05,0.0,0.9,0.49005228,389.87692
7e-05,1.73e-05,0.0,1.0,0.490223,389.88983
8e-05,0.0,1e-05,0.0,0.4045084,300.056
8e-05,0.0,1e-05,0.1,0.69404113,361.36102
8e-05,0.0,1e-05,0.2,0.4648103,380.52487
8e-05,0.0,1e-05,0.3,0.4774081,386.3736
8e-05,0.0,1e-05,0.4,0.48720312,388.69287
8e-05,0.0,1e-05,0.5,0.48903543,389.45926
8e-05,0.0,1e-05,0.6,0.4893631,389.71323
8e-05,0.0,1e-05,0.7,0.4895997,389.81076
8e-05,0.0,1e-05,0.8,0.4898401,389.8545
8e-05,0.0,1e-05,0.9,0.49005228,389.87692
8e-05,0.0,1e-05,1.0,0.490223,389.88983
8e-05,0.0,0.0,0.0,0.40451112,300.05597
8e-05,0.0,0.0,0.1,0.694044,361.36066
8e-05,0.0,0.0,0.2,0.46481058,380.52475
8e-05,0.0,0.0,0.3,0.47740793,386.37354
8e-05,0.0,0.0,0.4,0.48720324,388.69287
8e-05,0.0,0.0,0.5,0.48903543,389.45926
8e-05,0.0,0.0,0.6,0.4893631,389.71323
8e-05,0.0,0.0,0.7,0.4895997,389.81073
8e-05,0.0,0.0,0.8,0.4898401,389.8545
8e-05,0.0,0.0,0.9,0.49005222,389.87692
8e-05,0.0,0.0,1.0,0.490223,389.88983
4e-05,1e-04,0.0,0.0,0.4044029,300.05707
4e-05,1e-04,0.0,0.1,0.693951,361.3721
4e-05,1e-04,0.0,0.2,0.46480867,380.52762
4e-05,1e-04,0.0,0.3,0.47741288,386.3745
4e-05,1e-04,0.0,0.4,0.48720437,388.6932
4e-05,1e-04,0.0,0.5,0.48903567,389.45938
4e-05,1e-04,0.0,0.6,0.48936313,389.7133
4e-05,1e-04,0.0,0.7,0.48959976,389.8108
4e-05,1e-04,0.0,0.8,0.4898403,389.8545
4e-05,1e-04,0.0,0.9,0.49005228,389.87692
4e-05,1e-04,0.0,1.0,0.49022287,389.88983
4e-05,1e-04,1e-05,0.0,0.40439954,300.05713
4e-05,1e-04,1e-05,0.1,0.6939479,361.37234
4e-05,1e-04,1e-05,0.2,0.46480852,380.52765
4e-05,1e-04,1e-05,0.3,0.47741312,386.37457
4e-05,1e-04,1e-05,0.4,0.4872044,388.6932
4e-05,1e-04,1e-05,0.5,0.48903555,389.45938
4e-05,1e-04,1e-05,0.6,0.48936313,389.7133
4e-05,1e-04,1e-05,0.7,0.48959976,389.8108
4e-05,1e-04,1e-05,0.8,0.4898404,389.8545
4e-05,1e-04,1e-05,0.9,0.49005228,389.87692
4e-05,1e-04,1e-05,1.0,0.49022287,389.88983
5e-05,8.27e-05,0.0,0.0,0.40441942,300.05695
5e-05,8.27e-05,0.0,0.1,0.6939648,361.3703
5e-05,8.27e-05,0.0,0.2,0.46480885,380.5272
5e-05,8.27e-05,0.0,0.3,0.47741202,386.37436
5e-05,8.27e-05,0.0,0.4,0.4872041,388.69315
5e-05,8.27e-05,0.0,0.5,0.48903555,389.45935
5e-05,8.27e-05,0.0,0.6,0.4893632,389.7133
5e-05,8.27e-05,0.0,0.7,0.4895998,389.8108
5e-05,8.27e-05,0.0,0.8,0.48984027,389.8545
5e-05,8.27e-05,0.0,0.9,0.49005228,389.87692
5e-05,8.27e-05,0.0,1.0,0.49022287,389.88983
5e-05,8.27e-05,1e-05,0.0,0.40441537,300.05698
5e-05,8.27e-05,1e-05,0.1,0.6939621,361.37064
5e-05,8.27e-05,1e-05,0.2,0.4648087,380.52728
5e-05,8.27e-05,1e-05,0.3,0.47741216,386.3744
5e-05,8.27e-05,1e-05,0.4,0.4872042,388.69315
5e-05,8.27e-05,1e-05,0.5,0.48903537,389.45935
5e-05,8.27e-05,1e-05,0.6,0.4893632,389.7133
5e-05,8.27e-05,1e-05,0.7,0.4895998,389.8108
5e-05,8.27e-05,1e-05,0.8,0.48984027,389.8545
5e-05,8.27e-05,1e-05,0.9,0.49005228,389.87692
5e-05,8.27e-05,1e-05,1.0,0.49022287,389.88983
5.9e-05,6.55e-05,0.0,0.0,0.40443614,300.05673
5.9e-05,6.55e-05,0.0,0.1,0.69397944,361.36856
5.9e-05,6.55e-05,0.0,0.2,0.46480918,380.52682
5.9e-05,6.55e-05,0.0,0.3,0.4774114,386.37418
5.9e-05,6.55e-05,0.0,0.4,0.48720396,388.6931
5.9e-05,6.55e-05,0.0,0.5,0.4890357,389.45932
5.9e-05,6.55e-05,0.0,0.6,0.4893632,389.71326
5.9e-05,6.55e-05,0.0,0.7,0.48959976,389.8108
5.9e-05,6.55e-05,0.0,0.8,0.48984027,389.8545
5.9e-05,6.55e-05,0.0,0.9,0.49005228,389.87692
5.9e-05,6.55e-05,0.0,1.0,0.49022287,389.88983
5.98e-05,6.56e-05,1e-05,0.0,0.4044317,300.05676
5.98e-05,6.56e-05,1e-05,0.1,0.6939759,361.36893
5.98e-05,6.56e-05,1e-05,0.2,0.464809,380.5269
5.98e-05,6.56e-05,1e-05,0.3,0.47741157,386.37424
5.98e-05,6.56e-05,1e-05,0.4,0.48720413,388.69315
5.98e-05,6.56e-05,1e-05,0.5,0.48903576,389.45932
5.98e-05,6.56e-05,1e-05,0.6,0.48936316,389.71326
5.98e-05,6.56e-05,1e-05,0.7,0.48959976,389.8108
5.98e-05,6.56e-05,1e-05,0.8,0.48984027,389.8545
5.98e-05,6.56e-05,1e-05,0.9,0.49005228,389.87692
5.98e-05,6.56e-05,1e-05,1.0,0.49022287,389.88983
6.93e-05,4.98e-05,0.0,0.0,0.40444988,300.0566
6.93e-05,4.98e-05,0.0,0.1,0.69399124,361.36722
6.93e-05,4.98e-05,0.0,0.2,0.46480942,380.52646
6.93e-05,4.98e-05,0.0,0.3,0.4774106,386.3741
6.93e-05,4.98e-05,0.0,0.4,0.48720378,388.6931
6.93e-05,4.98e-05,0.0,0.5,0.48903546,389.45932
6.93e-05,4.98e-05,0.0,0.6,0.48936307,389.71326
6.93e-05,4.98e-05,0.0,0.7,0.4895997,389.8108
6.93e-05,4.98e-05,0.0,0.8,0.48984027,389.8545
6.93e-05,4.98e-05,0.0,0.9,0.4900524,389.87692
6.93e-05,4.98e-05,0.0,1.0,0.49022293,389.88983
6.96e-05,4.97e-05,5e-06,0.0,0.4044488,300.0566
6.96e-05,4.97e-05,5e-06,0.1,0.6939899,361.36737
6.96e-05,4.97e-05,5e-06,0.2,0.46480954,380.5265
6.96e-05,4.97e-05,5e-06,0.3,0.47741085,386.3741
6.96e-05,4.97e-05,5e-06,0.4,0.48720384,388.6931
6.96e-05,4.97e-05,5e-06,0.5,0.48903546,389.45932
6.96e-05,4.97e-05,5e-06,0.6,0.48936313,389.71326
6.96e-05,4.97e-05,5e-06,0.7,0.4895997,389.8108
6.96e-05,4.97e-05,5e-06,0.8,0.48984027,389.8545
6.96e-05,4.97e-05,5e-06,0.9,0.49005228,389.87692
6.96e-05,4.97e-05,5e-06,1.0,0.49022293,389.88983
6.91e-05,4.98e-05,1e-05,0.0,0.40444756,300.0566
6.91e-05,4.98e-05,1e-05,0.1,0.6939887,361.36755
6.91e-05,4.98e-05,1e-05,0.2,0.46480948,380.52652
6.91e-05,4.98e-05,1e-05,0.3,0.4774109,386.3741
6.91e-05,4.98e-05,1e-05,0.4,0.4872039,388.6931
6.91e-05,4.98e-05,1e-05,0.5,0.4890354,389.45932
6.91e-05,4.98e-05,1e-05,0.6,0.48936313,389.71326
6.91e-05,4.98e-05,1e-05,0.7,0.4895997,389.8108
6.91e-05,4.98e-05,1e-05,0.8,0.48984033,389.8545
6.91e-05,4.98e-05,1e-05,0.9,0.49005228,389.87692
6.91e-05,4.98e-05,1e-05,1.0,0.49022293,389.88983
8.01e-05,3.37e-05,0.0,0.0,0.40446365,300.0565
8.01e-05,3.37e-05,0.0,0.1,0.6940032,361.3657
8.01e-05,3.37e-05,0.0,0.2,0.4648097,380.52615
8.01e-05,3.37e-05,0.0,0.3,0.47741017,386.37396
8.01e-05,3.37e-05,0.0,0.4,0.48720372,388.69305
8.01e-05,3.37e-05,0.0,0.5,0.48903555,389.4593
8.01e-05,3.37e-05,0.0,0.6,0.48936307,389.71326
8.01e-05,3.37e-05,0.0,0.7,0.4895997,389.8108
8.01e-05,3.37e-05,0.0,0.8,0.48984027,389.8545
8.01e-05,3.37e-05,0.0,0.9,0.49005234,389.87692
8.01e-05,3.37e-05,0.0,1.0,0.49022287,389.88983
8.05e-05,3.36e-05,1e-05,0.0,0.40445992,300.05655
8.05e-05,3.36e-05,1e-05,0.1,0.6940001,361.366
8.05e-05,3.36e-05,1e-05,0.2,0.4648095,380.5262
8.05e-05,3.36e-05,1e-05,0.3,0.4774103,386.37402
8.05e-05,3.36e-05,1e-05,0.4,0.48720366,388.69305
8.05e-05,3.36e-05,1e-05,0.5,0.48903555,389.4593
8.05e-05,3.36e-05,1e-05,0.6,0.48936307,389.71326
8.05e-05,3.36e-05,1e-05,0.7,0.48959976,389.8108
8.05e-05,3.36e-05,1e-05,0.8,0.48984027,389.8545
8.05e-05,3.36e-05,1e-05,0.9,0.4900524,389.87692
8.05e-05,3.36e-05,1e-05,1.0,0.49022287,389.88983
9e-05,1.73e-05,0.0,0.0,0.40447915,300.05637
9e-05,1.73e-05,0.0,0.1,0.6940156,361.36398
9e-05,1.73e-05,0.0,0.2,0.46480972,380.5257
9e-05,1.73e-05,0.0,0.3,0.47740933,386.37384
9e-05,1.73e-05,0.0,0.4,0.48720348,388.693
9e-05,1.73e-05,0.0,0.5,0.48903537,389.45926
9e-05,1.73e-05,0.0,0.6,0.4893632,389.71326
9e-05,1.73e-05,0.0,0.7,0.48959976,389.81076
9e-05,1.73e-05,0.0,0.8,0.48984015,389.8545
9e-05,1.73e-05,0.0,0.9,0.49005228,389.87692
9e-05,1.73e-05,0.0,1.0,0.490223,389.88983
9e-05,1.73e-05,1e-05,0.0,0.4044757,300.05637
9e-05,1.73e-05,1e-05,0.1,0.694013,361.36435
9e-05,1.73e-05,1e-05,0.2,0.46480983,380.52582
9e-05,1.73e-05,1e-05,0.3,0.4774095,386.37387
9e-05,1.73e-05,1e-05,0.4,0.48720342,388.693
9e-05,1.73e-05,1e-05,0.5,0.48903543,389.4593
9e-05,1.73e-05,1e-05,0.6,0.489363,389.71326
9e-05,1.73e-05,1e-05,0.7,0.48959976,389.81076
9e-05,1.73e-05,1e-05,0.8,0.48984015,389.8545
9e-05,1.73e-05,1e-05,0.9,0.49005228,389.87692
9e-05,1.73e-05,1e-05,1.0,0.490223,389.88983
1e-04,0.0,1e-05,0.0,0.40449262,300.05618
1e-04,0.0,1e-05,0.1,0.69402707,361.36276
1e-04,0.0,1e-05,0.2,0.46481013,380.52533
1e-04,0.0,1e-05,0.3,0.47740886,386.37378
1e-04,0.0,1e-05,0.4,0.48720354,388.69293
1e-04,0.0,1e-05,0.5,0.48903546,389.45926
1e-04,0.0,1e-05,0.6,0.4893632,389.71326
1e-04,0.0,1e-05,0.7,0.48959976,389.81076
1e-04,0.0,1e-05,0.8,0.48984003,389.8545
1e-04,0.0,1e-05,0.9,0.49005228,389.87692
1e-04,0.0,1e-05,1.0,0.490223,389.88983
1e-04,0.0,0.0,0.0,0.40449506,300.05618
1e-04,0.0,0.0,0.1,0.6940296,361.36243
1e-04,0.0,0.0,0.2,0.4648102,380.52527
1e-04,0.0,0.0,0.3,0.4774086,386.37372
1e-04,0.0,0.0,0.4,0.48720336,388.69293
1e-04,0.0,0.0,0.5,0.4890355,389.45926
1e-04,0.0,0.0,0.6,0.48936337,389.71326
1e-04,0.0,0.0,0.7,0.48959976,389.81076
1e-04,0.0,0.0,0.8,0.48984003,389.8545
1e-04,0.0,0.0,0.9,0.49005228,389.87692
1e-04,0.0,0.0,1.0,0.490223,389.88983
6e-05,1e-04,0.0,0.0,0.40438676,300.05716
6e-05,1e-04,0.0,0.1,0.6939365,361.37378
6e-05,1e-04,0.0,0.2,0.46480858,380.5281
6e-05,1e-04,0.0,0.3,0.47741365,386.3748
6e-05,1e-04,0.0,0.4,0.4872046,388.69324
6e-05,1e-04,0.0,0.5,0.48903567,389.45938
6e-05,1e-04,0.0,0.6,0.48936307,389.7133
6e-05,1e-04,0.0,0.7,0.48959976,389.8108
6e-05,1e-04,0.0,0.8,0.48984045,389.8545
6e-05,1e-04,0.0,0.9,0.49005228,389.87692
6e-05,1e-04,0.0,1.0,0.49022287,389.88983
6e-05,1e-04,1e-05,0.0,0.40438408,300.05722
6e-05,1e-04,1e-05,0.1,0.69393367,361.37405
6e-05,1e-04,1e-05,0.2,0.46480837,380.52817
6e-05,1e-04,1e-05,0.3,0.47741386,386.3748
6e-05,1e-04,1e-05,0.4,0.4872046,388.69333
6e-05,1e-04,1e-05,0.5,0.4890355,389.45938
6e-05,1e-04,1e-05,0.6,0.48936307,389.7133
6e-05,1e-04,1e-05,0.7,0.48959976,389.8108
6e-05,1e-04,1e-05,0.8,0.48984045,389.8545
6e-05,1e-04,1e-05,0.9,0.49005228,389.87692
6e-05,1e-04,1e-05,1.0,0.49022293,389.8898
7e-05,8.27e-05,1e-05,0.0,0.40440023,300.0571
7e-05,8.27e-05,1e-05,0.1,0.6939478,361.37238
7e-05,8.27e-05,1e-05,0.2,0.4648087,380.52768
7e-05,8.27e-05,1e-05,0.3,0.4774131,386.37457
7e-05,8.27e-05,1e-05,0.4,0.48720434,388.6932
7e-05,8.27e-05,1e-05,0.5,0.48903555,389.45938
7e-05,8.27e-05,1e-05,0.6,0.489363,389.7133
7e-05,8.27e-05,1e-05,0.7,0.48959976,389.8108
7e-05,8.27e-05,1e-05,0.8,0.48984045,389.8545
7e-05,8.27e-05,1e-05,0.9,0.49005228,389.87692
7e-05,8.27e-05,1e-05,1.0,0.49022287,389.88983
7e-05,8.27e-05,0.0,0.0,0.4044027,300.05707
7e-05,8.27e-05,0.0,0.1,0.69395065,361.37216
7e-05,8.27e-05,0.0,0.2,0.46480846,380.52765
7e-05,8.27e-05,0.0,0.3,0.47741276,386.3745
7e-05,8.27e-05,0.0,0.4,0.48720437,388.6932
7e-05,8.27e-05,0.0,0.5,0.48903567,389.45938
7e-05,8.27e-05,0.0,0.6,0.48936313,389.7133
7e-05,8.27e-05,0.0,0.7,0.48959976,389.8108
7e-05,8.27e-05,0.0,0.8,0.4898404,389.8545
7e-05,8.27e-05,0.0,0.9,0.49005228,389.87692
7e-05,8.27e-05,0.0,1.0,0.49022287,389.88983
7.93e-05,6.63e-05,0.0,0.0,0.40441796,300.057
7.93e-05,6.63e-05,0.0,0.1,0.6939638,361.37048
7.93e-05,6.63e-05,0.0,0.2,0.46480906,380.52722
7.93e-05,6.63e-05,0.0,0.3,0.47741222,386.37436
7.93e-05,6.63e-05,0.0,0.4,0.4872043,388.69315
7.93e-05,6.63e-05,0.0,0.5,0.48903537,389.45935
7.93e-05,6.63e-05,0.0,0.6,0.4893632,389.7133
7.93e-05,6.63e-05,0.0,0.7,0.4895998,389.8108
7.93e-05,6.63e-05,0.0,0.8,0.48984027,389.8545
7.93e-05,6.63e-05,0.0,0.9,0.49005228,389.87692
7.93e-05,6.63e-05,0.0,1.0,0.49022287,389.88983
8e-05,6.63e-05,1e-05,0.0,0.40441382,300.057
8e-05,6.63e-05,1e-05,0.1,0.69396067,361.37088
8e-05,6.63e-05,1e-05,0.2,0.46480912,380.5273
8e-05,6.63e-05,1e-05,0.3,0.47741222,386.3744
8e-05,6.63e-05,1e-05,0.4,0.4872042,388.69318
8e-05,6.63e-05,1e-05,0.5,0.48903537,389.45938
8e-05,6.63e-05,1e-05,0.6,0.4893632,389.7133
8e-05,6.63e-05,1e-05,0.7,0.4895998,389.8108
8e-05,6.63e-05,1e-05,0.8,0.48984027,389.8545
8e-05,6.63e-05,1e-05,0.9,0.49005228,389.87692
8e-05,6.63e-05,1e-05,1.0,0.49022287,389.88983
8.94e-05,5.04e-05,0.0,0.0,0.40443206,300.0567
8.94e-05,5.04e-05,0.0,0.1,0.69397616,361.36893
8.94e-05,5.04e-05,0.0,0.2,0.4648092,380.5269
8.94e-05,5.04e-05,0.0,0.3,0.4774117,386.37424
8.94e-05,5.04e-05,0.0,0.4,0.48720416,388.69315
8.94e-05,5.04e-05,0.0,0.5,0.4890357,389.45932
8.94e-05,5.04e-05,0.0,0.6,0.48936316,389.7133
8.94e-05,5.04e-05,0.0,0.7,0.48959976,389.8108
8.94e-05,5.04e-05,0.0,0.8,0.48984027,389.8545
8.94e-05,5.04e-05,0.0,0.9,0.49005228,389.87692
8.94e-05,5.04e-05,0.0,1.0,0.49022287,389.88983
8.95e-05,5.06e-05,1e-05,0.0,0.40442896,300.05682
8.95e-05,5.06e-05,1e-05,0.1,0.69397306,361.36935
8.95e-05,5.06e-05,1e-05,0.2,0.4648092,380.52692
8.95e-05,5.06e-05,1e-05,0.3,0.47741175,386.3743
8.95e-05,5.06e-05,1e-05,0.4,0.48720407,388.69315
8.95e-05,5.06e-05,1e-05,0.5,0.4890355,389.45932
8.95e-05,5.06e-05,1e-05,0.6,0.4893632,389.7133
8.95e-05,5.06e-05,1e-05,0.7,0.4895998,389.8108
8.95e-05,5.06e-05,1e-05,0.8,0.48984027,389.8545
8.95e-05,5.06e-05,1e-05,0.9,0.49005228,389.87692
8.95e-05,5.06e-05,1e-05,1.0,0.49022287,389.88983
1e-04,3.46e-05,0.0,0.0,0.40444678,300.05664
1e-04,3.46e-05,0.0,0.1,0.6939877,361.3676
1e-04,3.46e-05,0.0,0.2,0.4648095,380.52655
1e-04,3.46e-05,0.0,0.3,0.4774111,386.3741
1e-04,3.46e-05,0.0,0.4,0.48720396,388.6931
1e-04,3.46e-05,0.0,0.5,0.48903555,389.45932
1e-04,3.46e-05,0.0,0.6,0.48936313,389.71326
1e-04,3.46e-05,0.0,0.7,0.4895997,389.8108
1e-04,3.46e-05,0.0,0.8,0.48984033,389.8545
1e-04,3.46e-05,0.0,0.9,0.49005228,389.87692
1e-04,3.46e-05,0.0,1.0,0.49022293,389.88983
1e-04,3.41e-05,5e-06,0.0,0.4044457,300.05667
1e-04,3.41e-05,5e-06,0.1,0.69398695,361.3677
1e-04,3.41e-05,5e-06,0.2,0.46480942,380.52655
1e-04,3.41e-05,5e-06,0.3,0.4774111,386.3741
1e-04,3.41e-05,5e-06,0.4,0.48720402,388.6931
1e-04,3.41e-05,5e-06,0.5,0.4890356,389.45932
1e-04,3.41e-05,5e-06,0.6,0.48936307,389.71326
1e-04,3.41e-05,5e-06,0.7,0.4895997,389.8108
1e-04,3.41e-05,5e-06,0.8,0.48984027,389.8545
1e-04,3.41e-05,5e-06,0.9,0.49005228,389.87692
1e-04,3.41e-05,5e-06,1.0,0.49022293,389.88983
1e-04,3.46e-05,1e-05,0.0,0.40444311,300.05667
1e-04,3.46e-05,1e-05,0.1,0.693985,361.36792
1e-04,3.46e-05,1e-05,0.2,0.46480948,380.52667
1e-04,3.46e-05,1e-05,0.3,0.47741133,386.37418
1e-04,3.46e-05,1e-05,0.4,0.48720407,388.6931
1e-04,3.46e-05,1e-05,0.5,0.48903564,389.45932
1e-04,3.46e-05,1e-05,0.6,0.48936313,389.71326
1e-04,3.46e-05,1e-05,0.7,0.4895997,389.8108
1e-04,3.46e-05,1e-05,0.8,0.48984027,389.8545
1e-04,3.46e-05,1e-05,0.9,0.49005228,389.87692
1e-04,3.46e-05,1e-05,1.0,0.49022287,389.88983
0.00011,1.73e-05,1e-05,0.0,0.40445882,300.05655
0.00011,1.73e-05,1e-05,0.1,0.6939987,361.36618
0.00011,1.73e-05,1e-05,0.2,0.46480966,380.52628
0.00011,1.73e-05,1e-05,0.3,0.47741047,386.37402
0.00011,1.73e-05,1e-05,0.4,0.48720366,388.69308
0.00011,1.73e-05,1e-05,0.5,0.4890356,389.45932
0.00011,1.73e-05,1e-05,0.6,0.48936307,389.71326
0.00011,1.73e-05,1e-05,0.7,0.4895997,389.8108
0.00011,1.73e-05,1e-05,0.8,0.48984027,389.8545
0.00011,1.73e-05,1e-05,0.9,0.49005234,389.87692
0.00011,1.73e-05,1e-05,1.0,0.49022287,389.88983
0.00011,1.73e-05,0.0,0.0,0.40446234,300.0565
0.00011,1.73e-05,0.0,0.1,0.6940018,361.3659
0.00011,1.73e-05,0.0,0.2,0.46480983,380.5262
0.00011,1.73e-05,0.0,0.3,0.47741014,386.374
0.00011,1.73e-05,0.0,0.4,0.4872038,388.69305
0.00011,1.73e-05,0.0,0.5,0.48903555,389.4593
0.00011,1.73e-05,0.0,0.6,0.48936307,389.71326
0.00011,1.73e-05,0.0,0.7,0.48959976,389.8108
0.00011,1.73e-05,0.0,0.8,0.48984027,389.8545
0.00011,1.73e-05,0.0,0.9,0.49005234,389.87692
0.00011,1.73e-05,0.0,1.0,0.49022287,389.88983
0.00012,0.0,1e-05,0.0,0.4044758,300.05637
0.00012,0.0,1e-05,0.1,0.6940129,361.3644
0.00012,0.0,1e-05,0.2,0.46481022,380.52582
0.00012,0.0,1e-05,0.3,0.47740972,386.37387
0.00012,0.0,1e-05,0.4,0.48720342,388.693
0.00012,0.0,1e-05,0.5,0.4890355,389.4593
0.00012,0.0,1e-05,0.6,0.48936307,389.71326
0.00012,0.0,1e-05,0.7,0.48959976,389.81076
0.00012,0.0,1e-05,0.8,0.48984015,389.8545
0.00012,0.0,1e-05,0.9,0.49005228,389.87692
0.00012,0.0,1e-05,1.0,0.490223,389.88983
0.00012,0.0,0.0,0.0,0.4044788,300.05637
0.00012,0.0,0.0,0.1,0.6940156,361.3641
0.00012,0.0,0.0,0.2,0.46481,380.52573
0.00012,0.0,0.0,0.3,0.47740945,386.37387
0.00012,0.0,0.0,0.4,0.48720354,388.693
0.00012,0.0,0.0,0.5,0.48903543,389.45926
0.00012,0.0,0.0,0.6,0.4893632,389.71326
0.00012,0.0,0.0,0.7,0.48959976,389.81076
0.00012,0.0,0.0,0.8,0.48984015,389.8545
0.00012,0.0,0.0,0.9,0.49005228,389.87692
0.00012,0.0,0.0,1.0,0.490223,389.88983
8e-05,1e-04,0.0,0.0,0.40437028,300.05737
8e-05,1e-04,0.0,0.1,0.69392216,361.37555
8e-05,1e-04,0.0,0.2,0.4648082,380.52872
8e-05,1e-04,0.0,0.3,0.47741434,386.37497
8e-05,1e-04,0.0,0.4,0.48720497,388.6934
8e-05,1e-04,0.0,0.5,0.4890356,389.45944
8e-05,1e-04,0.0,0.6,0.489363,389.7133
8e-05,1e-04,0.0,0.7,0.4895997,389.8108
8e-05,1e-04,0.0,0.8,0.48984033,389.8545
8e-05,1e-04,0.0,0.9,0.49005228,389.87692
8e-05,1e-04,0.0,1.0,0.49022293,389.8898
8e-05,1e-04,1e-05,0.0,0.4043671,300.0574
8e-05,1e-04,1e-05,0.1,0.69391954,361.3759
8e-05,1e-04,1e-05,0.2,0.46480808,380.52878
8e-05,1e-04,1e-05,0.3,0.47741467,386.37497
8e-05,1e-04,1e-05,0.4,0.48720473,388.69342
8e-05,1e-04,1e-05,0.5,0.4890356,389.45944
8e-05,1e-04,1e-05,0.6,0.48936296,389.7133
8e-05,1e-04,1e-05,0.7,0.4895997,389.8108
8e-05,1e-04,1e-05,0.8,0.4898404,389.8545
8e-05,1e-04,1e-05,0.9,0.49005228,389.87692
8e-05,1e-04,1e-05,1.0,0.49022293,389.8898
9e-05,8.27e-05,1e-05,0.0,0.40438357,300.05722
9e-05,8.27e-05,1e-05,0.1,0.69393337,361.3741
9e-05,8.27e-05,1e-05,0.2,0.46480852,380.52823
9e-05,8.27e-05,1e-05,0.3,0.47741383,386.3748
9e-05,8.27e-05,1e-05,0.4,0.4872048,388.69333
9e-05,8.27e-05,1e-05,0.5,0.48903555,389.45938
9e-05,8.27e-05,1e-05,0.6,0.48936307,389.7133
9e-05,8.27e-05,1e-05,0.7,0.4895997,389.8108
9e-05,8.27e-05,1e-05,0.8,0.48984045,389.8545
9e-05,8.27e-05,1e-05,0.9,0.49005228,389.87692
9e-05,8.27e-05,1e-05,1.0,0.49022287,389.88983
9e-05,8.3e-05,5e-06,0.0,0.4043849,300.0572
9e-05,8.3e-05,5e-06,0.1,0.6939344,361.37402
9e-05,8.3e-05,5e-06,0.2,0.46480858,380.52817
9e-05,8.3e-05,5e-06,0.3,0.4774138,386.3748
9e-05,8.3e-05,5e-06,0.4,0.4872046,388.69333
9e-05,8.3e-05,5e-06,0.5,0.48903555,389.45938
9e-05,8.3e-05,5e-06,0.6,0.48936307,389.7133
9e-05,8.3e-05,5e-06,0.7,0.48959976,389.8108
9e-05,8.3e-05,5e-06,0.8,0.48984045,389.8545
9e-05,8.3e-05,5e-06,0.9,0.49005228,389.87692
9e-05,8.3e-05,5e-06,1.0,0.49022287,389.88983
9.01e-05,8.27e-05,0.0,0.0,0.4043867,300.05716
9.01e-05,8.27e-05,0.0,0.1,0.69393605,361.3739
9.01e-05,8.27e-05,0.0,0.2,0.46480855,380.52814
9.01e-05,8.27e-05,0.0,0.3,0.47741377,386.3748
9.01e-05,8.27e-05,0.0,0.4,0.48720467,388.69327
9.01e-05,8.27e-05,0.0,0.5,0.48903567,389.45938
9.01e-05,8.27e-05,0.0,0.6,0.48936307,389.7133
9.01e-05,8.27e-05,0.0,0.7,0.4895997,389.8108
9.01e-05,8.27e-05,0.0,0.8,0.48984045,389.8545
9.01e-05,8.27e-05,0.0,0.9,0.49005228,389.87692
9.01e-05,8.27e-05,0.0,1.0,0.49022287,389.88983
1e-04,6.69e-05,1e-05,0.0,0.4043974,300.05716
1e-04,6.69e-05,1e-05,0.1,0.69394565,361.3727
1e-04,6.69e-05,1e-05,0.2,0.46480876,380.5278
1e-04,6.69e-05,1e-05,0.3,0.47741312,386.37466
1e-04,6.69e-05,1e-05,0.4,0.48720443,388.6932
1e-04,6.69e-05,1e-05,0.5,0.48903567,389.45938
1e-04,6.69e-05,1e-05,0.6,0.48936296,389.7133
1e-04,6.69e-05,1e-05,0.7,0.48959976,389.8108
1e-04,6.69e-05,1e-05,0.8,0.48984045,389.8545
1e-04,6.69e-05,1e-05,0.9,0.49005228,389.87692
1e-04,6.69e-05,1e-05,1.0,0.49022287,389.88983
1e-04,6.69e-05,0.0,0.0,0.40440038,300.0571
1e-04,6.69e-05,0.0,0.1,0.6939484,361.37244
1e-04,6.69e-05,0.0,0.2,0.464809,380.5277
1e-04,6.69e-05,0.0,0.3,0.47741315,386.37457
1e-04,6.69e-05,0.0,0.4,0.4872044,388.6932
1e-04,6.69e-05,0.0,0.5,0.48903555,389.45938
1e-04,6.69e-05,0.0,0.6,0.48936307,389.7133
1e-04,6.69e-05,0.0,0.7,0.48959976,389.8108
1e-04,6.69e-05,0.0,0.8,0.48984045,389.8545
1e-04,6.69e-05,0.0,0.9,0.49005228,389.87692
1e-04,6.69e-05,0.0,1.0,0.49022287,389.88983
0.00011,5.09e-05,0.0,0.0,0.40441465,300.057
0.00011,5.09e-05,0.0,0.1,0.6939609,361.3709
0.00011,5.09e-05,0.0,0.2,0.46480906,380.52734
0.00011,5.09e-05,0.0,0.3,0.4774123,386.3744
0.00011,5.09e-05,0.0,0.4,0.48720413,388.69318
0.00011,5.09e-05,0.0,0.5,0.48903537,389.45938
0.00011,5.09e-05,0.0,0.6,0.4893632,389.7133
0.00011,5.09e-05,0.0,0.7,0.4895998,389.8108
0.00011,5.09e-05,0.0,0.8,0.48984027,389.8545
0.00011,5.09e-05,0.0,0.9,0.49005228,389.87692
0.00011,5.09e-05,0.0,1.0,0.49022287,389.88983
0.00011,5.09e-05,1e-05,0.0,0.40441197,300.057
0.00011,5.09e-05,1e-05,0.1,0.69395804,361.3712
0.00011,5.09e-05,1e-05,0.2,0.46480897,380.5274
0.00011,5.09e-05,1e-05,0.3,0.47741264,386.37442
0.00011,5.09e-05,1e-05,0.4,0.4872042,388.69318
0.00011,5.09e-05,1e-05,0.5,0.48903555,389.45938
0.00011,5.09e-05,1e-05,0.6,0.48936313,389.7133
0.00011,5.09e-05,1e-05,0.7,0.48959967,389.8108
0.00011,5.09e-05,1e-05,0.8,0.48984027,389.8545
0.00011,5.09e-05,1e-05,0.9,0.49005228,389.87692
0.00011,5.09e-05,1e-05,1.0,0.49022287,389.88983
0.00012,3.46e-05,0.0,0.0,0.40442973,300.0568
0.00012,3.46e-05,0.0,0.1,0.6939734,361.36932
0.00012,3.46e-05,0.0,0.2,0.46480942,380.52692
0.00012,3.46e-05,0.0,0.3,0.4774118,386.3743
0.00012,3.46e-05,0.0,0.4,0.48720407,388.69315
0.00012,3.46e-05,0.0,0.5,0.48903555,389.45932
0.00012,3.46e-05,0.0,0.6,0.4893632,389.7133
0.00012,3.46e-05,0.0,0.7,0.4895998,389.8108
0.00012,3.46e-05,0.0,0.8,0.48984027,389.8545
0.00012,3.46e-05,0.0,0.9,0.49005228,389.87692
0.00012,3.46e-05,0.0,1.0,0.49022287,389.88983
0.00012,3.46e-05,1e-05,0.0,0.4044268,300.05682
0.00012,3.46e-05,1e-05,0.1,0.69397056,361.36957
0.00012,3.46e-05,1e-05,0.2,0.46480918,380.527
0.00012,3.46e-05,1e-05,0.3,0.4774119,386.3743
0.00012,3.46e-05,1e-05,0.4,0.48720405,388.69315
0.00012,3.46e-05,1e-05,0.5,0.48903555,389.45932
0.00012,3.46e-05,1e-05,0.6,0.4893632,389.7133
0.00012,3.46e-05,1e-05,0.7,0.4895998,389.8108
0.00012,3.46e-05,1e-05,0.8,0.48984027,389.8545
0.00012,3.46e-05,1e-05,0.9,0.49005228,389.87692
0.00012,3.46e-05,1e-05,1.0,0.49022287,389.88983
0.00013,1.73e-05,1e-05,0.0,0.40444347,300.05667
0.00013,1.73e-05,1e-05,0.1,0.69398445,361.368
0.00013,1.73e-05,1e-05,0.2,0.4648097,380.52667
0.00013,1.73e-05,1e-05,0.3,0.47741127,386.37418
0.00013,1.73e-05,1e-05,0.4,0.48720407,388.6931
0.00013,1.73e-05,1e-05,0.5,0.48903564,389.45932
0.00013,1.73e-05,1e-05,0.6,0.48936313,389.71326
0.00013,1.73e-05,1e-05,0.7,0.4895997,389.8108
0.00013,1.73e-05,1e-05,0.8,0.48984027,389.8545
0.00013,1.73e-05,1e-05,0.9,0.49005228,389.87692
0.00013,1.73e-05,1e-05,1.0,0.49022287,389.88983
0.00013,1.73e-05,0.0,0.0,0.40444672,300.05664
0.00013,1.73e-05,0.0,0.1,0.69398725,361.36768
0.00013,1.73e-05,0.0,0.2,0.46480972,380.52655
0.00013,1.73e-05,0.0,0.3,0.4774112,386.3741
0.00013,1.73e-05,0.0,0.4,0.48720396,388.6931
0.00013,1.73e-05,0.0,0.5,0.4890356,389.45932
0.00013,1.73e-05,0.0,0.6,0.48936307,389.71326
0.00013,1.73e-05,0.0,0.7,0.4895997,389.8108
0.00013,1.73e-05,0.0,0.8,0.48984027,389.8545
0.00013,1.73e-05,0.0,0.9,0.49005228,389.87692
0.00013,1.73e-05,0.0,1.0,0.49022293,389.88983
0.00014,0.0,1e-05,0.0,0.40445903,300.05655
0.00014,0.0,1e-05,0.1,0.6939986,361.3662
0.00014,0.0,1e-05,0.2,0.46480998,380.5263
0.00014,0.0,1e-05,0.3,0.4774105,386.37402
0.00014,0.0,1e-05,0.4,0.48720372,388.69308
0.00014,0.0,1e-05,0.5,0.48903567,389.45932
0.00014,0.0,1e-05,0.6,0.48936307,389.71326
0.00014,0.0,1e-05,0.7,0.48959976,389.8108
0.00014,0.0,1e-05,0.8,0.48984027,389.8545
0.00014,0.0,1e-05,0.9,0.4900524,389.87692
0.00014,0.0,1e-05,1.0,0.49022287,389.88983
0.00014,0.0,0.0,0.0,0.4044625,300.05652
0.00014,0.0,0.0,0.1,0.6940012,361.3659
0.00014,0.0,0.0,0.2,0.46481004,380.52625
0.00014,0.0,0.0,0.3,0.47741023,386.374
0.00014,0.0,0.0,0.4,0.4872038,388.69305
0.00014,0.0,0.0,0.5,0.4890356,389.4593
0.00014,0.0,0.0,0.6,0.48936307,389.71326
0.00014,0.0,0.0,0.7,0.48959976,389.8108
0.00014,0.0,0.0,0.8,0.48984027,389.8545
0.00014,0.0,0.0,0.9,0.4900524,389.87692
0.00014,0.0,0.0,1.0,0.49022287,389.88983
1e-04,1e-04,0.0,0.0,0.4043542,300.0576
1e-04,1e-04,0.0,0.1,0.69390786,361.3773
1e-04,1e-04,0.0,0.2,0.46480823,380.52902
1e-04,1e-04,0.0,0.3,0.47741532,386.37515
1e-04,1e-04,0.0,0.4,0.48720488,388.6935
1e-04,1e-04,0.0,0.5,0.48903573,389.45944
1e-04,1e-04,0.0,0.6,0.48936296,389.7133
1e-04,1e-04,0.0,0.7,0.4895997,389.8108
1e-04,1e-04,0.0,0.8,0.4898404,389.8545
1e-04,1e-04,0.0,0.9,0.49005234,389.87692
1e-04,1e-04,0.0,1.0,0.49022305,389.8898
1e-04,1e-04,1e-05,0.0,0.40435097,300.05762
1e-04,1e-04,1e-05,0.1,0.6939051,361.37766
1e-04,1e-04,1e-05,0.2,0.46480778,380.52914
1e-04,1e-04,1e-05,0.3,0.47741526,386.37518
1e-04,1e-04,1e-05,0.4,0.48720512,388.69354
1e-04,1e-04,1e-05,0.5,0.4890356,389.45944
1e-04,1e-04,1e-05,0.6,0.489363,389.7133
1e-04,1e-04,1e-05,0.7,0.4895997,389.8108
1e-04,1e-04,1e-05,0.8,0.48984033,389.8545
1e-04,1e-04,1e-05,0.9,0.49005234,389.87692
1e-04,1e-04,1e-05,1.0,0.49022305,389.8898
0.00011,8.27e-05,1e-05,0.0,0.40436688,300.0574
0.00011,8.27e-05,1e-05,0.1,0.6939192,361.37595
0.00011,8.27e-05,1e-05,0.2,0.46480834,380.52878
0.00011,8.27e-05,1e-05,0.3,0.4774148,386.375
0.00011,8.27e-05,1e-05,0.4,0.4872049,388.69342
0.00011,8.27e-05,1e-05,0.5,0.48903567,389.45944
0.00011,8.27e-05,1e-05,0.6,0.48936296,389.7133
0.00011,8.27e-05,1e-05,0.7,0.4895997,389.8108
0.00011,8.27e-05,1e-05,0.8,0.4898404,389.8545
0.00011,8.27e-05,1e-05,0.9,0.49005228,389.87692
0.00011,8.27e-05,1e-05,1.0,0.49022287,389.8898
0.00011,8.27e-05,0.0,0.0,0.4043704,300.05734
0.00011,8.27e-05,0.0,0.1,0.693922,361.3756
0.00011,8.27e-05,0.0,0.2,0.4648085,380.52872
0.00011,8.27e-05,0.0,0.3,0.47741443,386.37497
0.00011,8.27e-05,0.0,0.4,0.4872049,388.6934
0.00011,8.27e-05,0.0,0.5,0.48903567,389.45944
0.00011,8.27e-05,0.0,0.6,0.489363,389.7133
0.00011,8.27e-05,0.0,0.7,0.4895997,389.8108
0.00011,8.27e-05,0.0,0.8,0.48984033,389.8545
0.00011,8.27e-05,0.0,0.9,0.49005228,389.87692
0.00011,8.27e-05,0.0,1.0,0.49022293,389.8898
0.00012,6.69e-05,1e-05,0.0,0.404381,300.05725
0.00012,6.69e-05,1e-05,0.1,0.6939312,361.37445
0.00012,6.69e-05,1e-05,0.2,0.46480864,380.52844
0.00012,6.69e-05,1e-05,0.3,0.47741407,386.37488
0.00012,6.69e-05,1e-05,0.4,0.4872046,388.69336
0.00012,6.69e-05,1e-05,0.5,0.48903555,389.45938
0.00012,6.69e-05,1e-05,0.6,0.489363,389.7133
0.00012,6.69e-05,1e-05,0.7,0.48959976,389.8108
0.00012,6.69e-05,1e-05,0.8,0.4898405,389.8545
0.00012,6.69e-05,1e-05,0.9,0.49005228,389.87692
0.00012,6.69e-05,1e-05,1.0,0.49022287,389.88983
0.00012,6.69e-05,0.0,0.0,0.4043848,300.0572
0.00012,6.69e-05,0.0,0.1,0.69393396,361.37418
0.00012,6.69e-05,0.0,0.2,0.46480876,380.52823
0.00012,6.69e-05,0.0,0.3,0.47741392,386.3748
0.00012,6.69e-05,0.0,0.4,0.4872048,388.69333
0.00012,6.69e-05,0.0,0.5,0.4890355,389.45938
0.00012,6.69e-05,0.0,0.6,0.489363,389.7133
0.00012,6.69e-05,0.0,0.7,0.4895997,389.8108
0.00012,6.69e-05,0.0,0.8,0.48984045,389.8545
0.00012,6.69e-05,0.0,0.9,0.49005228,389.87692
0.00012,6.69e-05,0.0,1.0,0.49022287,389.88983
0.00013,5.1e-05,0.0,0.0,0.40439883,300.05713
0.00013,5.1e-05,0.0,0.1,0.6939464,361.3727
0.00013,5.1e-05,0.0,0.2,0.46480894,380.5278
0.00013,5.1e-05,0.0,0.3,0.47741318,386.37463
0.00013,5.1e-05,0.0,0.4,0.4872045,388.6932
0.00013,5.1e-05,0.0,0.5,0.48903567,389.45938
0.00013,5.1e-05,0.0,0.6,0.48936296,389.7133
0.00013,5.1e-05,0.0,0.7,0.48959976,389.8108
0.00013,5.1e-05,0.0,0.8,0.48984045,389.8545
0.00013,5.1e-05,0.0,0.9,0.49005228,389.87692
0.00013,5.1e-05,0.0,1.0,0.49022287,389.88983
0.00013,5.1e-05,1e-05,0.0,0.40439504,300.05716
0.00013,5.1e-05,1e-05,0.1,0.6939435,361.37302
0.00013,5.1e-05,1e-05,0.2,0.46480888,380.52792
0.00013,5.1e-05,1e-05,0.3,0.47741336,386.3747
0.00013,5.1e-05,1e-05,0.4,0.48720437,388.69324
0.00013,5.1e-05,1e-05,0.5,0.48903555,389.45938
0.00013,5.1e-05,1e-05,0.6,0.48936298,389.7133
0.00013,5.1e-05,1e-05,0.7,0.48959976,389.8108
0.00013,5.1e-05,1e-05,0.8,0.48984045,389.8545
0.00013,5.1e-05,1e-05,0.9,0.49005228,389.87692
0.00013,5.1e-05,1e-05,1.0,0.49022287,389.88983
0.00014,3.44e-05,5e-06,0.0,0.4044121,300.057
0.00014,3.44e-05,5e-06,0.1,0.69395816,361.37128
0.00014,3.44e-05,5e-06,0.2,0.46480924,380.52744
0.00014,3.44e-05,5e-06,0.3,0.47741258,386.37442
0.00014,3.44e-05,5e-06,0.4,0.48720425,388.69318
0.00014,3.44e-05,5e-06,0.5,0.48903555,389.45938
0.00014,3.44e-05,5e-06,0.6,0.48936307,389.7133
0.00014,3.44e-05,5e-06,0.7,0.48959967,389.8108
0.00014,3.44e-05,5e-06,0.8,0.48984027,389.8545
0.00014,3.44e-05,5e-06,0.9,0.49005228,389.87692
0.00014,3.44e-05,5e-06,1.0,0.49022287,389.88983
0.00014,3.46e-05,0.0,0.0,0.40441388,300.057
0.00014,3.46e-05,0.0,0.1,0.693959,361.3711
0.00014,3.46e-05,0.0,0.2,0.46480942,380.5274
0.00014,3.46e-05,0.0,0.3,0.47741255,386.37442
0.00014,3.46e-05,0.0,0.4,0.48720428,388.69318
0.00014,3.46e-05,0.0,0.5,0.48903555,389.45938
0.00014,3.46e-05,0.0,0.6,0.48936313,389.7133
0.00014,3.46e-05,0.0,0.7,0.4895998,389.8108
0.00014,3.46e-05,0.0,0.8,0.48984027,389.8545
0.00014,3.46e-05,0.0,0.9,0.49005228,389.87692
0.00014,3.46e-05,0.0,1.0,0.49022287,389.88983
0.00014,3.46e-05,1e-05,0.0,0.40441,300.057
0.00014,3.46e-05,1e-05,0.1,0.6939565,361.3715
0.00014,3.46e-05,1e-05,0.2,0.46480918,380.52753
0.00014,3.46e-05,1e-05,0.3,0.47741255,386.37445
0.00014,3.46e-05,1e-05,0.4,0.48720437,388.69318
0.00014,3.46e-05,1e-05,0.5,0.4890356,389.45938
0.00014,3.46e-05,1e-05,0.6,0.48936313,389.7133
0.00014,3.46e-05,1e-05,0.7,0.48959967,389.8108
0.00014,3.46e-05,1e-05,0.8,0.48984027,389.8545
0.00014,3.46e-05,1e-05,0.9,0.49005228,389.87692
0.00014,3.46e-05,1e-05,1.0,0.49022287,389.88983
0.00015,1.73e-05,1e-05,0.0,0.40442723,300.05682
0.00015,1.73e-05,1e-05,0.1,0.69397014,361.36963
0.00015,1.73e-05,1e-05,0.2,0.4648094,380.52707
0.00015,1.73e-05,1e-05,0.3,0.47741187,386.37433
0.00015,1.73e-05,1e-05,0.4,0.48720407,388.69315
0.00015,1.73e-05,1e-05,0.5,0.4890355,389.45932
0.00015,1.73e-05,1e-05,0.6,0.4893632,389.7133
0.00015,1.73e-05,1e-05,0.7,0.4895998,389.8108
0.00015,1.73e-05,1e-05,0.8,0.48984027,389.8545
0.00015,1.73e-05,1e-05,0.9,0.49005228,389.87692
0.00015,1.73e-05,1e-05,1.0,0.49022287,389.88983
0.00015,1.73e-05,0.0,0.0,0.4044294,300.0568
0.00015,1.73e-05,0.0,0.1,0.6939732,361.36942
0.00015,1.73e-05,0.0,0.2,0.4648096,380.52692
0.00015,1.73e-05,0.0,0.3,0.47741187,386.3743
0.00015,1.73e-05,0.0,0.4,0.4872041,388.69315
0.00015,1.73e-05,0.0,0.5,0.4890355,389.45932
0.00015,1.73e-05,0.0,0.6,0.4893632,389.7133
0.00015,1.73e-05,0.0,0.7,0.48959985,389.8108
0.00015,1.73e-05,0.0,0.8,0.48984027,389.8545
0.00015,1.73e-05,0.0,0.9,0.49005228,389.87692
0.00015,1.73e-05,0.0,1.0,0.49022287,389.88983
0.00016,0.0,1e-05,0.0,0.40444273,300.0567
0.00016,0.0,1e-05,0.1,0.69398415,361.36807
0.00016,0.0,1e-05,0.2,0.4648097,380.52673
0.00016,0.0,1e-05,0.3,0.47741133,386.37418
0.00016,0.0,1e-05,0.4,0.48720407,388.6931
0.00016,0.0,1e-05,0.5,0.48903564,389.45932
0.00016,0.0,1e-05,0.6,0.48936313,389.71326
0.00016,0.0,1e-05,0.7,0.4895997,389.8108
0.00016,0.0,1e-05,0.8,0.48984027,389.8545
0.00016,0.0,1e-05,0.9,0.49005228,389.87692
0.00016,0.0,1e-05,1.0,0.49022287,389.88983
0.00016,0.0,0.0,0.0,0.40444654,300.05667
0.00016,0.0,0.0,0.1,0.69398725,361.36777
0.00016,0.0,0.0,0.2,0.46480978,380.52664
0.00016,0.0,0.0,0.3,0.47741115,386.3741
0.00016,0.0,0.0,0.4,0.48720396,388.6931
0.00016,0.0,0.0,0.5,0.48903552,389.45932
0.00016,0.0,0.0,0.6,0.48936313,389.71326
0.00016,0.0,0.0,0.7,0.4895997,389.8108
0.00016,0.0,0.0,0.8,0.48984027,389.8545
0.00016,0.0,0.0,0.9,0.49005228,389.87692
0.00016,0.0,0.0,1.0,0.49022293,389.88983
0.00012,1e-04,0.0,0.0,0.40433744,300.05774
0.00012,1e-04,0.0,0.1,0.69389355,361.37906
0.00012,1e-04,0.0,0.2,0.46480793,380.5295
0.00012,1e-04,0.0,0.3,0.47741592,386.3753
0.00012,1e-04,0.0,0.4,0.48720542,388.69357
0.00012,1e-04,0.0,0.5,0.48903567,389.45944
0.00012,1e-04,0.0,0.6,0.489363,389.7133
0.00012,1e-04,0.0,0.7,0.48959994,389.8108
0.00012,1e-04,0.0,0.8,0.48984033,389.8545
0.00012,1e-04,0.0,0.9,0.4900524,389.87692
0.00012,1e-04,0.0,1.0,0.49022305,389.8898
0.00012,1e-04,1e-05,0.0,0.4043343,300.0578
0.00012,1e-04,1e-05,0.1,0.6938908,361.3793
0.00012,1e-04,1e-05,0.2,0.46480793,380.52954
0.00012,1e-04,1e-05,0.3,0.4774163,386.37534
0.00012,1e-04,1e-05,0.4,0.48720527,388.6936
0.00012,1e-04,1e-05,0.5,0.48903567,389.45944
0.00012,1e-04,1e-05,0.6,0.489363,389.7133
0.00012,1e-04,1e-05,0.7,0.48959988,389.8108
0.00012,1e-04,1e-05,0.8,0.48984033,389.8545
0.00012,1e-04,1e-05,0.9,0.4900524,389.87692
0.00012,1e-04,1e-05,1.0,0.49022317,389.8898
0.00013,8.27e-05,1e-05,0.0,0.40435073,300.05762
0.00013,8.27e-05,1e-05,0.1,0.6939047,361.37772
0.00013,8.27e-05,1e-05,0.2,0.4648083,380.52914
0.00013,8.27e-05,1e-05,0.3,0.47741544,386.37518
0.00013,8.27e-05,1e-05,0.4,0.487205,388.69354
0.00013,8.27e-05,1e-05,0.5,0.48903567,389.45944
0.00013,8.27e-05,1e-05,0.6,0.489363,389.7133
0.00013,8.27e-05,1e-05,0.7,0.4895997,389.8108
0.00013,8.27e-05,1e-05,0.8,0.48984033,389.8545
0.00013,8.27e-05,1e-05,0.9,0.49005234,389.87692
0.00013,8.27e-05,1e-05,1.0,0.49022305,389.8898
0.00013,8.27e-05,0.0,0.0,0.4043539,300.05756
0.00013,8.27e-05,0.0,0.1,0.6939076,361.37738
0.00013,8.27e-05,0.0,0.2,0.46480823,380.52905
0.00013,8.27e-05,0.0,0.3,0.47741544,386.37515
0.00013,8.27e-05,0.0,0.4,0.487205,388.69354
0.00013,8.27e-05,0.0,0.5,0.48903573,389.45944
0.00013,8.27e-05,0.0,0.6,0.48936296,389.7133
0.00013,8.27e-05,0.0,0.7,0.4895997,389.8108
0.00013,8.27e-05,0.0,0.8,0.48984033,389.8545
0.00013,8.27e-05,0.0,0.9,0.49005234,389.87692
0.00013,8.27e-05,0.0,1.0,0.49022305,389.8898
0.00014,6.69e-05,1e-05,0.0,0.40436497,300.0575
0.00014,6.69e-05,1e-05,0.1,0.6939169,361.37625
0.00014,6.69e-05,1e-05,0.2,0.46480855,380.5288
0.00014,6.69e-05,1e-05,0.3,0.47741473,386.37506
0.00014,6.69e-05,1e-05,0.4,0.4872049,388.69345
0.00014,6.69e-05,1e-05,0.5,0.48903576,389.45944
0.00014,6.69e-05,1e-05,0.6,0.48936296,389.7133
0.00014,6.69e-05,1e-05,0.7,0.4895997,389.8108
0.00014,6.69e-05,1e-05,0.8,0.4898404,389.8545
0.00014,6.69e-05,1e-05,0.9,0.49005228,389.87692
0.00014,6.69e-05,1e-05,1.0,0.49022293,389.8898
0.00014,6.69e-05,0.0,0.0,0.4043682,300.0574
0.00014,6.69e-05,0.0,0.1,0.6939195,361.37592
0.00014,6.69e-05,0.0,0.2,0.46480852,380.52878
0.00014,6.69e-05,0.0,0.3,0.47741467,386.375
0.00014,6.69e-05,0.0,0.4,0.4872049,388.69342
0.00014,6.69e-05,0.0,0.5,0.48903567,389.45944
0.00014,6.69e-05,0.0,0.6,0.48936296,389.7133
0.00014,6.69e-05,0.0,0.7,0.4895997,389.8108
0.00014,6.69e-05,0.0,0.8,0.4898404,389.8545
0.00014,6.69e-05,0.0,0.9,0.49005228,389.87692
0.00014,6.69e-05,0.0,1.0,0.49022287,389.8898
0.00015,5.1e-05,0.0,0.0,0.40438163,300.05722
0.00015,5.1e-05,0.0,0.1,0.69393194,361.37445
0.00015,5.1e-05,0.0,0.2,0.4648088,380.52838
0.00015,5.1e-05,0.0,0.3,0.47741395,386.37488
0.00015,5.1e-05,0.0,0.4,0.48720467,388.69336
0.00015,5.1e-05,0.0,0.5,0.48903555,389.45938
0.00015,5.1e-05,0.0,0.6,0.48936296,389.7133
0.00015,5.1e-05,0.0,0.7,0.48959976,389.8108
0.00015,5.1e-05,0.0,0.8,0.4898405,389.8545
0.00015,5.1e-05,0.0,0.9,0.49005228,389.87692
0.00015,5.1e-05,0.0,1.0,0.49022287,389.88983
0.00015,5.1e-05,1e-05,0.0,0.40437922,300.05725
0.00015,5.1e-05,1e-05,0.1,0.69392926,361.37473
0.00015,5.1e-05,1e-05,0.2,0.46480867,380.52844
0.00015,5.1e-05,1e-05,0.3,0.4774141,386.37497
0.00015,5.1e-05,1e-05,0.4,0.4872049,388.6934
0.00015,5.1e-05,1e-05,0.5,0.48903555,389.45938
0.00015,5.1e-05,1e-05,0.6,0.489363,389.7133
0.00015,5.1e-05,1e-05,0.7,0.4895997,389.8108
0.00015,5.1e-05,1e-05,0.8,0.48984033,389.8545
0.00015,5.1e-05,1e-05,0.9,0.49005228,389.87692
0.00015,5.1e-05,1e-05,1.0,0.49022287,389.88983
0.00016,3.46e-05,0.0,0.0,0.40439686,300.05716
0.00016,3.46e-05,0.0,0.1,0.69394505,361.3729
0.00016,3.46e-05,0.0,0.2,0.46480936,380.52792
0.00016,3.46e-05,0.0,0.3,0.47741303,386.3747
0.00016,3.46e-05,0.0,0.4,0.48720443,388.6932
0.00016,3.46e-05,0.0,0.5,0.48903555,389.45938
0.00016,3.46e-05,0.0,0.6,0.48936298,389.7133
0.00016,3.46e-05,0.0,0.7,0.48959976,389.8108
0.00016,3.46e-05,0.0,0.8,0.48984045,389.8545
0.00016,3.46e-05,0.0,0.9,0.49005228,389.87692
0.00016,3.46e-05,0.0,1.0,0.49022287,389.88983
0.00016,3.46e-05,1e-05,0.0,0.40439424,300.05716
0.00016,3.46e-05,1e-05,0.1,0.69394195,361.37326
0.00016,3.46e-05,1e-05,0.2,0.46480912,380.528
0.00016,3.46e-05,1e-05,0.3,0.47741356,386.37473
0.00016,3.46e-05,1e-05,0.4,0.4872045,388.69324
0.00016,3.46e-05,1e-05,0.5,0.4890355,389.45938
0.00016,3.46e-05,1e-05,0.6,0.48936298,389.7133
0.00016,3.46e-05,1e-05,0.7,0.48959976,389.8108
0.00016,3.46e-05,1e-05,0.8,0.48984045,389.8545
0.00016,3.46e-05,1e-05,0.9,0.49005228,389.87692
0.00016,3.46e-05,1e-05,1.0,0.49022287,389.88983
0.00017,1.73e-05,1e-05,0.0,0.40440995,300.05698
0.00017,1.73e-05,1e-05,0.1,0.69395626,361.37158
0.00017,1.73e-05,1e-05,0.2,0.4648094,380.52753
0.00017,1.73e-05,1e-05,0.3,0.4774126,386.37448
0.00017,1.73e-05,1e-05,0.4,0.48720437,388.6932
0.00017,1.73e-05,1e-05,0.5,0.48903567,389.45938
0.00017,1.73e-05,1e-05,0.6,0.48936313,389.7133
0.00017,1.73e-05,1e-05,0.7,0.48959967,389.8108
0.00017,1.73e-05,1e-05,0.8,0.48984027,389.8545
0.00017,1.73e-05,1e-05,0.9,0.49005228,389.87692
0.00017,1.73e-05,1e-05,1.0,0.49022287,389.88983
0.00017,1.73e-05,0.0,0.0,0.40441373,300.05698
0.00017,1.73e-05,0.0,0.1,0.69395864,361.3712
0.00017,1.73e-05,0.0,0.2,0.46480942,380.5274
0.00017,1.73e-05,0.0,0.3,0.47741264,386.37442
0.00017,1.73e-05,0.0,0.4,0.48720425,388.69318
0.00017,1.73e-05,0.0,0.5,0.48903555,389.45938
0.00017,1.73e-05,0.0,0.6,0.48936313,389.7133
0.00017,1.73e-05,0.0,0.7,0.48959967,389.8108
0.00017,1.73e-05,0.0,0.8,0.48984027,389.8545
0.00017,1.73e-05,0.0,0.9,0.49005228,389.87692
0.00017,1.73e-05,0.0,1.0,0.49022287,389.88983
0.00018,0.0,1e-05,0.0,0.40442652,300.05682
0.00018,0.0,1e-05,0.1,0.6939699,361.36975
0.00018,0.0,1e-05,0.2,0.46480966,380.5271
0.00018,0.0,1e-05,0.3,0.47741205,386.37433
0.00018,0.0,1e-05,0.4,0.48720407,388.69315
0.00018,0.0,1e-05,0.5,0.4890355,389.45932
0.00018,0.0,1e-05,0.6,0.4893632,389.7133
0.00018,0.0,1e-05,0.7,0.4895998,389.8108
0.00018,0.0,1e-05,0.8,0.48984027,389.8545
0.00018,0.0,1e-05,0.9,0.49005228,389.87692
0.00018,0.0,1e-05,1.0,0.49022287,389.88983
0.00018,0.0,0.0,0.0,0.40442955,300.05682
0.00018,0.0,0.0,0.1,0.693973,361.36942
0.00018,0.0,0.0,0.2,0.46480983,380.52695
0.00018,0.0,0.0,0.3,0.47741193,386.3743
0.00018,0.0,0.0,0.4,0.48720405,388.69315
0.00018,0.0,0.0,0.5,0.4890355,389.45932
0.00018,0.0,0.0,0.6,0.4893632,389.7133
0.00018,0.0,0.0,0.7,0.48959985,389.8108
0.00018,0.0,0.0,0.8,0.48984027,389.8545
0.00018,0.0,0.0,0.9,0.49005228,389.87692
0.00018,0.0,0.0,1.0,0.49022287,389.88983
0.00014,1e-04,0.0,0.0,0.40432087,300.05798
0.00014,1e-04,0.0,0.1,0.6938793,361.38086
0.00014,1e-04,0.0,0.2,0.46480775,380.53
0.00014,1e-04,0.0,0.3,0.47741666,386.37543
0.00014,1e-04,0.0,0.4,0.48720527,388.69363
0.00014,1e-04,0.0,0.5,0.48903576,389.45944
0.00014,1e-04,0.0,0.6,0.4893629,389.71332
0.00014,1e-04,0.0,0.7,0.48959988,389.8108
0.00014,1e-04,0.0,0.8,0.4898404,389.8545
0.00014,1e-04,0.0,0.9,0.49005246,389.87692
0.00014,1e-04,0.0,1.0,0.490223,389.8898
0.00014,9.31e-05,5e-06,0.0,0.40432972,300.0579
0.00014,9.31e-05,5e-06,0.1,0.6938862,361.37997
0.00014,9.31e-05,5e-06,0.2,0.46480772,380.52972
0.00014,9.31e-05,5e-06,0.3,0.47741652,386.37537
0.00014,9.31e-05,5e-06,0.4,0.48720527,388.6936
0.00014,9.31e-05,5e-06,0.5,0.48903567,389.45944
0.00014,9.31e-05,5e-06,0.6,0.489363,389.7133
0.00014,9.31e-05,5e-06,0.7,0.48959988,389.8108
0.00014,9.31e-05,5e-06,0.8,0.4898404,389.8545
0.00014,9.31e-05,5e-06,0.9,0.4900524,389.87692
0.00014,9.31e-05,5e-06,1.0,0.49022305,389.8898
0.00014,1e-04,1e-05,0.0,0.40431783,300.0581
0.00014,1e-04,1e-05,0.1,0.69387656,361.3812
0.00014,1e-04,1e-05,0.2,0.4648077,380.53006
0.00014,1e-04,1e-05,0.3,0.47741687,386.3755
0.00014,1e-04,1e-05,0.4,0.4872054,388.69363
0.00014,1e-04,1e-05,0.5,0.4890356,389.45947
0.00014,1e-04,1e-05,0.6,0.4893629,389.71332
0.00014,1e-04,1e-05,0.7,0.48959976,389.8108
0.00014,1e-04,1e-05,0.8,0.4898404,389.8545
0.00014,1e-04,1e-05,0.9,0.49005246,389.87692
0.00014,1e-04,1e-05,1.0,0.4902231,389.8898
0.00015,8.27e-05,1e-05,0.0,0.40433437,300.05783
0.00015,8.27e-05,1e-05,0.1,0.6938904,361.3795
0.00015,8.27e-05,1e-05,0.2,0.46480805,380.52957
0.00015,8.27e-05,1e-05,0.3,0.47741634,386.37534
0.00015,8.27e-05,1e-05,0.4,0.48720527,388.6936
0.00015,8.27e-05,1e-05,0.5,0.48903567,389.45944
0.00015,8.27e-05,1e-05,0.6,0.489363,389.7133
0.00015,8.27e-05,1e-05,0.7,0.48959988,389.8108
0.00015,8.27e-05,1e-05,0.8,0.48984033,389.8545
0.00015,8.27e-05,1e-05,0.9,0.4900524,389.87692
0.00015,8.27e-05,1e-05,1.0,0.49022317,389.8898
0.00015,8.27e-05,0.0,0.0,0.40433714,300.05777
0.00015,8.27e-05,0.0,0.1,0.6938932,361.37912
0.00015,8.27e-05,0.0,0.2,0.4648083,380.5295
0.00015,8.27e-05,0.0,0.3,0.477416,386.3753
0.00015,8.27e-05,0.0,0.4,0.48720536,388.69357
0.00015,8.27e-05,0.0,0.5,0.48903567,389.45944
0.00015,8.27e-05,0.0,0.6,0.489363,389.7133
0.00015,8.27e-05,0.0,0.7,0.48959994,389.8108
0.00015,8.27e-05,0.0,0.8,0.48984033,389.8545
0.00015,8.27e-05,0.0,0.9,0.4900524,389.87692
0.00015,8.27e-05,0.0,1.0,0.49022305,389.8898
0.00016,6.69e-05,1e-05,0.0,0.4043491,300.05768
0.00016,6.69e-05,1e-05,0.1,0.6939027,361.37796
0.00016,6.69e-05,1e-05,0.2,0.4648082,380.52924
0.00016,6.69e-05,1e-05,0.3,0.47741556,386.3752
0.00016,6.69e-05,1e-05,0.4,0.4872051,388.69354
0.00016,6.69e-05,1e-05,0.5,0.4890356,389.45944
0.00016,6.69e-05,1e-05,0.6,0.489363,389.7133
0.00016,6.69e-05,1e-05,0.7,0.48959982,389.8108
0.00016,6.69e-05,1e-05,0.8,0.48984033,389.8545
0.00016,6.69e-05,1e-05,0.9,0.49005234,389.87692
0.00016,6.69e-05,1e-05,1.0,0.49022305,389.8898
0.00016,6.69e-05,0.0,0.0,0.40435147,300.05765
0.00016,6.69e-05,0.0,0.1,0.69390535,361.3777
0.00016,6.69e-05,0.0,0.2,0.46480832,380.52914
0.00016,6.69e-05,0.0,0.3,0.47741556,386.37518
0.00016,6.69e-05,0.0,0.4,0.48720512,388.69354
0.00016,6.69e-05,0.0,0.5,0.4890356,389.45944
0.00016,6.69e-05,0.0,0.6,0.489363,389.7133
0.00016,6.69e-05,0.0,0.7,0.4895997,389.8108
0.00016,6.69e-05,0.0,0.8,0.48984033,389.8545
0.00016,6.69e-05,0.0,0.9,0.49005234,389.87692
0.00016,6.69e-05,0.0,1.0,0.49022305,389.8898
0.00017,5.1e-05,0.0,0.0,0.40436608,300.05746
0.00017,5.1e-05,0.0,0.1,0.69391763,361.3761
0.00017,5.1e-05,0.0,0.2,0.4648087,380.5288
0.00017,5.1e-05,0.0,0.3,0.4774148,386.37506
0.00017,5.1e-05,0.0,0.4,0.4872049,388.69342
0.00017,5.1e-05,0.0,0.5,0.48903573,389.45944
0.00017,5.1e-05,0.0,0.6,0.48936296,389.7133
0.00017,5.1e-05,0.0,0.7,0.4895997,389.8108
0.00017,5.1e-05,0.0,0.8,0.4898404,389.8545
0.00017,5.1e-05,0.0,0.9,0.49005228,389.87692
0.00017,5.1e-05,0.0,1.0,0.49022293,389.8898
0.00017,5.1e-05,1e-05,0.0,0.40436247,300.0575
0.00017,5.1e-05,1e-05,0.1,0.6939148,361.3765
0.00017,5.1e-05,1e-05,0.2,0.46480846,380.52887
0.00017,5.1e-05,1e-05,0.3,0.47741497,386.37506
0.00017,5.1e-05,1e-05,0.4,0.48720485,388.69348
0.00017,5.1e-05,1e-05,0.5,0.48903584,389.45944
0.00017,5.1e-05,1e-05,0.6,0.48936296,389.7133
0.00017,5.1e-05,1e-05,0.7,0.48959976,389.8108
0.00017,5.1e-05,1e-05,0.8,0.4898404,389.8545
0.00017,5.1e-05,1e-05,0.9,0.49005228,389.87692
0.00017,5.1e-05,1e-05,1.0,0.49022293,389.8898
0.00018,3.44e-05,5e-06,0.0,0.4043795,300.05725
0.00018,3.44e-05,5e-06,0.1,0.6939293,361.37482
0.00018,3.44e-05,5e-06,0.2,0.46480906,380.52847
0.00018,3.44e-05,5e-06,0.3,0.47741413,386.37497
0.00018,3.44e-05,5e-06,0.4,0.48720485,388.6934
0.00018,3.44e-05,5e-06,0.5,0.48903555,389.45938
0.00018,3.44e-05,5e-06,0.6,0.489363,389.7133
0.00018,3.44e-05,5e-06,0.7,0.4895997,389.8108
0.00018,3.44e-05,5e-06,0.8,0.48984033,389.8545
0.00018,3.44e-05,5e-06,0.9,0.49005228,389.87692
0.00018,3.44e-05,5e-06,1.0,0.49022293,389.8898
0.00018,3.46e-05,0.0,0.0,0.40438086,300.05725
0.00018,3.46e-05,0.0,0.1,0.6939306,361.3746
0.00018,3.46e-05,0.0,0.2,0.46480912,380.52844
0.00018,3.46e-05,0.0,0.3,0.4774142,386.37494
0.00018,3.46e-05,0.0,0.4,0.48720467,388.6934
0.00018,3.46e-05,0.0,0.5,0.48903555,389.45938
0.00018,3.46e-05,0.0,0.6,0.489363,389.7133
0.00018,3.46e-05,0.0,0.7,0.48959976,389.8108
0.00018,3.46e-05,0.0,0.8,0.48984045,389.8545
0.00018,3.46e-05,0.0,0.9,0.49005228,389.87692
0.00018,3.46e-05,0.0,1.0,0.49022287,389.88983
0.00018,3.46e-05,1e-05,0.0,0.40437725,300.05725
0.00018,3.46e-05,1e-05,0.1,0.6939279,361.37497
0.00018,3.46e-05,1e-05,0.2,0.464809,380.52853
0.00018,3.46e-05,1e-05,0.3,0.47741407,386.37497
0.00018,3.46e-05,1e-05,0.4,0.48720482,388.6934
0.00018,3.46e-05,1e-05,0.5,0.48903558,389.45938
0.00018,3.46e-05,1e-05,0.6,0.489363,389.7133
0.00018,3.46e-05,1e-05,0.7,0.4895997,389.8108
0.00018,3.46e-05,1e-05,0.8,0.48984033,389.8545
0.00018,3.46e-05,1e-05,0.9,0.49005228,389.87692
0.00018,3.46e-05,1e-05,1.0,0.49022293,389.8898
0.00019,1.73e-05,0.0,0.0,0.40439704,300.05716
0.00019,1.73e-05,0.0,0.1,0.69394433,361.37305
0.00019,1.73e-05,0.0,0.2,0.46480927,380.52795
0.00019,1.73e-05,0.0,0.3,0.4774134,386.3747
0.00019,1.73e-05,0.0,0.4,0.48720443,388.6932
0.00019,1.73e-05,0.0,0.5,0.48903555,389.45938
0.00019,1.73e-05,0.0,0.6,0.48936298,389.7133
0.00019,1.73e-05,0.0,0.7,0.48959976,389.8108
0.00019,1.73e-05,0.0,0.8,0.48984045,389.8545
0.00019,1.73e-05,0.0,0.9,0.49005228,389.87692
0.00019,1.73e-05,0.0,1.0,0.49022287,389.88983
0.00019,1.73e-05,1e-05,0.0,0.40439388,300.05716
0.00019,1.73e-05,1e-05,0.1,0.6939417,361.37338
0.00019,1.73e-05,1e-05,0.2,0.46480915,380.52805
0.00019,1.73e-05,1e-05,0.3,0.47741354,386.37473
0.00019,1.73e-05,1e-05,0.4,0.4872046,388.69324
0.00019,1.73e-05,1e-05,0.5,0.4890355,389.45938
0.00019,1.73e-05,1e-05,0.6,0.48936298,389.7133
0.00019,1.73e-05,1e-05,0.7,0.48959976,389.8108
0.00019,1.73e-05,1e-05,0.8,0.48984045,389.8545
0.00019,1.73e-05,1e-05,0.9,0.49005228,389.87692
0.00019,1.73e-05,1e-05,1.0,0.49022287,389.88983
0.0002,0.0,1e-05,0.0,0.4044099,300.05695
0.0002,0.0,1e-05,0.1,0.69395584,361.37164
0.0002,0.0,1e-05,0.2,0.46480945,380.52753
0.0002,0.0,1e-05,0.3,0.47741276,386.37448
0.0002,0.0,1e-05,0.4,0.48720443,388.6932
0.0002,0.0,1e-05,0.5,0.48903567,389.45938
0.0002,0.0,1e-05,0.6,0.48936313,389.7133
0.0002,0.0,1e-05,0.7,0.48959967,389.8108
0.0002,0.0,1e-05,0.8,0.48984027,389.8545
0.0002,0.0,1e-05,0.9,0.49005228,389.87692
0.0002,0.0,1e-05,1.0,0.49022287,389.88983
0.0002,0.0,0.0,0.0,0.40441367,300.05695
0.0002,0.0,0.0,0.1,0.6939585,361.37128
0.0002,0.0,0.0,0.2,0.46480957,380.5275
0.0002,0.0,0.0,0.3,0.4774126,386.37445
0.0002,0.0,0.0,0.4,0.48720425,388.69318
0.0002,0.0,0.0,0.5,0.48903555,389.45938
0.0002,0.0,0.0,0.6,0.48936313,389.7133
0.0002,0.0,0.0,0.7,0.48959967,389.8108
0.0002,0.0,0.0,0.8,0.48984027,389.8545
0.0002,0.0,0.0,0.9,0.49005228,389.87692
0.0002,0.0,0.0,1.0,0.49022287,389.88983
0.00016,1e-04,0.0,0.0,0.40430507,300.0582
0.00016,1e-04,0.0,0.1,0.69386494,361.38263
0.00016,1e-04,0.0,0.2,0.4648078,380.5303
0.00016,1e-04,0.0,0.3,0.47741777,386.37558
0.00016,1e-04,0.0,0.4,0.4872055,388.69366
0.00016,1e-04,0.0,0.5,0.48903584,389.45947
0.00016,1e-04,0.0,0.6,0.48936296,389.71332
0.00016,1e-04,0.0,0.7,0.48959976,389.81082
0.00016,1e-04,0.0,0.8,0.4898404,389.8545
0.00016,1e-04,0.0,0.9,0.49005246,389.87692
0.00016,1e-04,0.0,1.0,0.4902231,389.8898
0.00016,1e-04,1e-05,0.0,0.40430164,300.05826
0.00016,1e-04,1e-05,0.1,0.6938621,361.383
0.00016,1e-04,1e-05,0.2,0.46480763,380.53036
0.00016,1e-04,1e-05,0.3,0.47741783,386.3756
0.00016,1e-04,1e-05,0.4,0.4872054,388.69373
0.00016,1e-04,1e-05,0.5,0.4890358,389.45947
0.00016,1e-04,1e-05,0.6,0.48936287,389.71332
0.00016,1e-04,1e-05,0.7,0.48959976,389.81082
0.00016,1e-04,1e-05,0.8,0.48984033,389.8545
0.00016,1e-04,1e-05,0.9,0.49005246,389.87692
0.00016,1e-04,1e-05,1.0,0.4902231,389.8898
0.00017,8.27e-05,0.0,0.0,0.40432093,300.05798
0.00017,8.27e-05,0.0,0.1,0.6938787,361.3809
0.00017,8.27e-05,0.0,0.2,0.464808,380.53006
0.00017,8.27e-05,0.0,0.3,0.47741687,386.37546
0.00017,8.27e-05,0.0,0.4,0.48720533,388.69363
0.00017,8.27e-05,0.0,0.5,0.4890357,389.45947
0.00017,8.27e-05,0.0,0.6,0.4893629,389.71332
0.00017,8.27e-05,0.0,0.7,0.48959976,389.8108
0.00017,8.27e-05,0.0,0.8,0.4898404,389.8545
0.00017,8.27e-05,0.0,0.9,0.49005246,389.87692
0.00017,8.27e-05,0.0,1.0,0.490223,389.8898
0.00017,8.27e-05,1e-05,0.0,0.4043184,300.05807
0.00017,8.27e-05,1e-05,0.1,0.6938761,361.38123
0.00017,8.27e-05,1e-05,0.2,0.4648078,380.53006
0.00017,8.27e-05,1e-05,0.3,0.47741702,386.3755
0.00017,8.27e-05,1e-05,0.4,0.48720545,388.69363
0.00017,8.27e-05,1e-05,0.5,0.4890356,389.45947
0.00017,8.27e-05,1e-05,0.6,0.4893629,389.71332
0.00017,8.27e-05,1e-05,0.7,0.48959976,389.81082
0.00017,8.27e-05,1e-05,0.8,0.4898404,389.8545
0.00017,8.27e-05,1e-05,0.9,0.49005246,389.87692
0.00017,8.27e-05,1e-05,1.0,0.4902231,389.8898
0.00018,6.69e-05,1e-05,0.0,0.40433204,300.05786
0.00018,6.69e-05,1e-05,0.1,0.69388825,361.3797
0.00018,6.69e-05,1e-05,0.2,0.4648081,380.52963
0.00018,6.69e-05,1e-05,0.3,0.47741646,386.37534
0.00018,6.69e-05,1e-05,0.4,0.48720527,388.6936
0.00018,6.69e-05,1e-05,0.5,0.48903567,389.45944
0.00018,6.69e-05,1e-05,0.6,0.48936296,389.7133
0.00018,6.69e-05,1e-05,0.7,0.48959988,389.8108
0.00018,6.69e-05,1e-05,0.8,0.48984033,389.8545
0.00018,6.69e-05,1e-05,0.9,0.4900524,389.87692
0.00018,6.69e-05,1e-05,1.0,0.49022305,389.8898
0.00018,6.69e-05,0.0,0.0,0.4043355,300.0578
0.00018,6.69e-05,0.0,0.1,0.69389105,361.37943
0.00018,6.69e-05,0.0,0.2,0.46480846,380.52957
0.00018,6.69e-05,0.0,0.3,0.47741634,386.37534
0.00018,6.69e-05,0.0,0.4,0.48720527,388.6936
0.00018,6.69e-05,0.0,0.5,0.48903567,389.45944
0.00018,6.69e-05,0.0,0.6,0.489363,389.7133
0.00018,6.69e-05,0.0,0.7,0.48959988,389.8108
0.00018,6.69e-05,0.0,0.8,0.48984033,389.8545
0.00018,6.69e-05,0.0,0.9,0.4900524,389.87692
0.00018,6.69e-05,0.0,1.0,0.49022305,389.8898
0.00019,5.1e-05,0.0,0.0,0.40435046,300.05762
0.00019,5.1e-05,0.0,0.1,0.6939032,361.37793
0.00019,5.1e-05,0.0,0.2,0.46480852,380.52924
0.00019,5.1e-05,0.0,0.3,0.4774156,386.3752
0.00019,5.1e-05,0.0,0.4,0.487205,388.69354
0.00019,5.1e-05,0.0,0.5,0.4890356,389.45944
0.00019,5.1e-05,0.0,0.6,0.489363,389.7133
0.00019,5.1e-05,0.0,0.7,0.48959982,389.8108
0.00019,5.1e-05,0.0,0.8,0.48984033,389.8545
0.00019,5.1e-05,0.0,0.9,0.49005234,389.87692
0.00019,5.1e-05,0.0,1.0,0.49022305,389.8898
0.00019,5.1e-05,1e-05,0.0,0.40434682,300.05762
0.00019,5.1e-05,1e-05,0.1,0.69390047,361.37827
0.00019,5.1e-05,1e-05,0.2,0.46480858,380.5293
0.00019,5.1e-05,1e-05,0.3,0.47741568,386.37524
0.00019,5.1e-05,1e-05,0.4,0.4872051,388.69354
0.00019,5.1e-05,1e-05,0.5,0.4890356,389.45944
0.00019,5.1e-05,1e-05,0.6,0.489363,389.7133
0.00019,5.1e-05,1e-05,0.7,0.48959982,389.8108
0.00019,5.1e-05,1e-05,0.8,0.48984033,389.8545
0.00019,5.1e-05,1e-05,0.9,0.4900524,389.87692
0.00019,5.1e-05,1e-05,1.0,0.49022305,389.8898
0.0002,3.46e-05,0.0,0.0,0.4043653,300.05746
0.0002,3.46e-05,0.0,0.1,0.693916,361.37634
0.0002,3.46e-05,0.0,0.2,0.46480888,380.52887
0.0002,3.46e-05,0.0,0.3,0.47741497,386.37506
0.0002,3.46e-05,0.0,0.4,0.48720485,388.69348
0.0002,3.46e-05,0.0,0.5,0.48903567,389.45944
0.0002,3.46e-05,0.0,0.6,0.48936296,389.7133
0.0002,3.46e-05,0.0,0.7,0.4895997,389.8108
0.0002,3.46e-05,0.0,0.8,0.4898404,389.8545
0.0002,3.46e-05,0.0,0.9,0.49005234,389.87692
0.0002,3.46e-05,0.0,1.0,0.49022293,389.8898
0.0002,3.46e-05,1e-05,0.0,0.40436196,300.0575
0.0002,3.46e-05,1e-05,0.1,0.6939133,361.37668
0.0002,3.46e-05,1e-05,0.2,0.46480876,380.52893
0.0002,3.46e-05,1e-05,0.3,0.47741514,386.3751
0.0002,3.46e-05,1e-05,0.4,0.4872049,388.6935
0.0002,3.46e-05,1e-05,0.5,0.4890358,389.45944
0.0002,3.46e-05,1e-05,0.6,0.48936296,389.7133
0.0002,3.46e-05,1e-05,0.7,0.4895997,389.8108
0.0002,3.46e-05,1e-05,0.8,0.4898404,389.8545
0.0002,3.46e-05,1e-05,0.9,0.49005234,389.87692
0.0002,3.46e-05,1e-05,1.0,0.49022293,389.8898
0.00021,1.73e-05,1e-05,0.0,0.4043772,300.05728
0.00021,1.73e-05,1e-05,0.1,0.6939275,361.37506
0.00021,1.73e-05,1e-05,0.2,0.46480918,380.52856
0.00021,1.73e-05,1e-05,0.3,0.4774145,386.37497
0.00021,1.73e-05,1e-05,0.4,0.4872048,388.6934
0.00021,1.73e-05,1e-05,0.5,0.48903564,389.45938
0.00021,1.73e-05,1e-05,0.6,0.489363,389.7133
0.00021,1.73e-05,1e-05,0.7,0.4895997,389.8108
0.00021,1.73e-05,1e-05,0.8,0.48984033,389.8545
0.00021,1.73e-05,1e-05,0.9,0.49005228,389.87692
0.00021,1.73e-05,1e-05,1.0,0.49022293,389.8898
0.00021,1.73e-05,0.0,0.0,0.4043807,300.05722
0.00021,1.73e-05,0.0,0.1,0.6939304,361.37476
0.00021,1.73e-05,0.0,0.2,0.46480918,380.52847
0.00021,1.73e-05,0.0,0.3,0.47741425,386.37497
0.00021,1.73e-05,0.0,0.4,0.4872049,388.6934
0.00021,1.73e-05,0.0,0.5,0.48903555,389.45938
0.00021,1.73e-05,0.0,0.6,0.489363,389.7133
0.00021,1.73e-05,0.0,0.7,0.4895997,389.8108
0.00021,1.73e-05,0.0,0.8,0.48984033,389.8545
0.00021,1.73e-05,0.0,0.9,0.49005228,389.87692
0.00021,1.73e-05,0.0,1.0,0.49022287,389.88983
0.00022,0.0,1e-05,0.0,0.4043936,300.0572
0.00022,0.0,1e-05,0.1,0.6939413,361.3734
0.00022,0.0,1e-05,0.2,0.46480942,380.52805
0.00022,0.0,1e-05,0.3,0.47741368,386.37473
0.00022,0.0,1e-05,0.4,0.48720455,388.69324
0.00022,0.0,1e-05,0.5,0.48903573,389.45938
0.00022,0.0,1e-05,0.6,0.48936298,389.7133
0.00022,0.0,1e-05,0.7,0.48959976,389.8108
0.00022,0.0,1e-05,0.8,0.48984045,389.8545
0.00022,0.0,1e-05,0.9,0.49005228,389.87692
0.00022,0.0,1e-05,1.0,0.49022287,389.88983
0.00022,0.0,0.0,0.0,0.4043966,300.05716
0.00022,0.0,0.0,0.1,0.6939442,361.37308
0.00022,0.0,0.0,0.2,0.4648092,380.528
0.00022,0.0,0.0,0.3,0.47741348,386.37473
0.00022,0.0,0.0,0.4,0.48720443,388.69324
0.00022,0.0,0.0,0.5,0.4890355,389.45938
0.00022,0.0,0.0,0.6,0.48936298,389.7133
0.00022,0.0,0.0,0.7,0.48959976,389.8108
0.00022,0.0,0.0,0.8,0.48984045,389.8545
0.00022,0.0,0.0,0.9,0.49005228,389.87692
0.00022,0.0,0.0,1.0,0.49022287,389.88983
0.00018,1e-04,0.0,0.0,0.40428913,300.0584
0.00018,1e-04,0.0,0.1,0.6938505,361.38434
0.00018,1e-04,0.0,0.2,0.4648075,380.53073
0.00018,1e-04,0.0,0.3,0.4774184,386.37576
0.00018,1e-04,0.0,0.4,0.48720577,388.6938
0.00018,1e-04,0.0,0.5,0.48903587,389.45947
0.00018,1e-04,0.0,0.6,0.48936298,389.71332
0.00018,1e-04,0.0,0.7,0.4895999,389.81082
0.00018,1e-04,0.0,0.8,0.48984045,389.8545
0.00018,1e-04,0.0,0.9,0.49005246,389.87692
0.00018,1e-04,0.0,1.0,0.4902231,389.8898
0.00018,1e-04,1e-05,0.0,0.40428585,300.0584
0.00018,1e-04,1e-05,0.1,0.69384784,361.38464
0.00018,1e-04,1e-05,0.2,0.46480733,380.53082
0.00018,1e-04,1e-05,0.3,0.47741878,386.37576
0.00018,1e-04,1e-05,0.4,0.4872058,388.69385
0.00018,1e-04,1e-05,0.5,0.48903587,389.4595
0.00018,1e-04,1e-05,0.6,0.48936298,389.71332
0.00018,1e-04,1e-05,0.7,0.4895999,389.81082
0.00018,1e-04,1e-05,0.8,0.48984045,389.8545
0.00018,1e-04,1e-05,0.9,0.49005246,389.87692
0.00018,1e-04,1e-05,1.0,0.4902231,389.8898
0.00019,8.27e-05,0.0,0.0,0.4043052,300.0582
0.00019,8.27e-05,0.0,0.1,0.69386446,361.3827
0.00019,8.27e-05,0.0,0.2,0.464808,380.5303
0.00019,8.27e-05,0.0,0.3,0.47741774,386.3756
0.00019,8.27e-05,0.0,0.4,0.4872054,388.69373
0.00019,8.27e-05,0.0,0.5,0.4890358,389.45947
0.00019,8.27e-05,0.0,0.6,0.48936296,389.71332
0.00019,8.27e-05,0.0,0.7,0.48959976,389.81082
0.00019,8.27e-05,0.0,0.8,0.4898404,389.8545
0.00019,8.27e-05,0.0,0.9,0.49005246,389.87692
0.00019,8.27e-05,0.0,1.0,0.4902231,389.8898
0.00019,8.27e-05,1e-05,0.0,0.40430075,300.05823
0.00019,8.27e-05,1e-05,0.1,0.69386196,361.38306
0.00019,8.27e-05,1e-05,0.2,0.46480787,380.5304
0.00019,8.27e-05,1e-05,0.3,0.47741777,386.3756
0.00019,8.27e-05,1e-05,0.4,0.48720556,388.69373
0.00019,8.27e-05,1e-05,0.5,0.4890359,389.45947
0.00019,8.27e-05,1e-05,0.6,0.48936287,389.71332
0.00019,8.27e-05,1e-05,0.7,0.48959976,389.81082
0.00019,8.27e-05,1e-05,0.8,0.48984045,389.8545
0.00019,8.27e-05,1e-05,0.9,0.49005246,389.87692
0.00019,8.27e-05,1e-05,1.0,0.4902231,389.8898
0.0002,6.69e-05,1e-05,0.0,0.4043157,300.05807
0.0002,6.69e-05,1e-05,0.1,0.6938739,361.38153
0.0002,6.69e-05,1e-05,0.2,0.4648081,380.5301
0.0002,6.69e-05,1e-05,0.3,0.47741735,386.3755
0.0002,6.69e-05,1e-05,0.4,0.4872055,388.69363
0.0002,6.69e-05,1e-05,0.5,0.48903573,389.45947
0.0002,6.69e-05,1e-05,0.6,0.48936298,389.71332
0.0002,6.69e-05,1e-05,0.7,0.48959976,389.81082
0.0002,6.69e-05,1e-05,0.8,0.4898404,389.8545
0.0002,6.69e-05,1e-05,0.9,0.49005246,389.87692
0.0002,6.69e-05,1e-05,1.0,0.490223,389.8898
0.0002,6.69e-05,0.0,0.0,0.40431854,300.05807
0.0002,6.69e-05,0.0,0.1,0.69387656,361.3812
0.0002,6.69e-05,0.0,0.2,0.46480823,380.53006
0.0002,6.69e-05,0.0,0.3,0.4774171,386.3755
0.0002,6.69e-05,0.0,0.4,0.48720545,388.69363
0.0002,6.69e-05,0.0,0.5,0.4890356,389.45947
0.0002,6.69e-05,0.0,0.6,0.4893629,389.71332
0.0002,6.69e-05,0.0,0.7,0.48959976,389.81082
0.0002,6.69e-05,0.0,0.8,0.4898404,389.8545
0.0002,6.69e-05,0.0,0.9,0.49005246,389.87692
0.0002,6.69e-05,0.0,1.0,0.4902231,389.8898
0.00021,5.1e-05,0.0,0.0,0.40433362,300.05783
0.00021,5.1e-05,0.0,0.1,0.69388896,361.37967
0.00021,5.1e-05,0.0,0.2,0.46480834,380.52963
0.00021,5.1e-05,0.0,0.3,0.47741646,386.37534
0.00021,5.1e-05,0.0,0.4,0.48720533,388.6936
0.00021,5.1e-05,0.0,0.5,0.48903567,389.45944
0.00021,5.1e-05,0.0,0.6,0.48936296,389.7133
0.00021,5.1e-05,0.0,0.7,0.48959988,389.8108
0.00021,5.1e-05,0.0,0.8,0.4898404,389.8545
0.00021,5.1e-05,0.0,0.9,0.4900524,389.87692
0.00021,5.1e-05,0.0,1.0,0.49022305,389.8898
0.00021,5.1e-05,1e-05,0.0,0.40432972,300.0579
0.00021,5.1e-05,1e-05,0.1,0.69388616,361.38007
0.00021,5.1e-05,1e-05,0.2,0.4648083,380.52975
0.00021,5.1e-05,1e-05,0.3,0.47741652,386.3754
0.00021,5.1e-05,1e-05,0.4,0.48720527,388.6936
0.00021,5.1e-05,1e-05,0.5,0.48903567,389.45944
0.00021,5.1e-05,1e-05,0.6,0.489363,389.7133
0.00021,5.1e-05,1e-05,0.7,0.48959988,389.8108
0.00021,5.1e-05,1e-05,0.8,0.4898404,389.8545
0.00021,5.1e-05,1e-05,0.9,0.4900524,389.87692
0.00021,5.1e-05,1e-05,1.0,0.490223,389.8898
0.00022,3.46e-05,0.0,0.0,0.4043483,300.05762
0.00022,3.46e-05,0.0,0.1,0.6939019,361.37817
0.00022,3.46e-05,0.0,0.2,0.46480876,380.5293
0.00022,3.46e-05,0.0,0.3,0.47741565,386.37524
0.00022,3.46e-05,0.0,0.4,0.4872051,388.69354
0.00022,3.46e-05,0.0,0.5,0.4890356,389.45944
0.00022,3.46e-05,0.0,0.6,0.489363,389.7133
0.00022,3.46e-05,0.0,0.7,0.48959982,389.8108
0.00022,3.46e-05,0.0,0.8,0.48984033,389.8545
0.00022,3.46e-05,0.0,0.9,0.49005234,389.87692
0.00022,3.46e-05,0.0,1.0,0.49022305,389.8898
0.00022,3.46e-05,1e-05,0.0,0.40434554,300.05762
0.00022,3.46e-05,1e-05,0.1,0.69389915,361.37848
0.00022,3.46e-05,1e-05,0.2,0.46480858,380.52936
0.00022,3.46e-05,1e-05,0.3,0.4774158,386.37527
0.00022,3.46e-05,1e-05,0.4,0.4872051,388.69354
0.00022,3.46e-05,1e-05,0.5,0.4890357,389.45944
0.00022,3.46e-05,1e-05,0.6,0.489363,389.7133
0.00022,3.46e-05,1e-05,0.7,0.48959982,389.8108
0.00022,3.46e-05,1e-05,0.8,0.48984033,389.8545
0.00022,3.46e-05,1e-05,0.9,0.4900524,389.87692
0.00022,3.46e-05,1e-05,1.0,0.49022305,389.8898
0.00023,1.73e-05,1e-05,0.0,0.40436155,300.0575
0.00023,1.73e-05,1e-05,0.1,0.69391304,361.37674
0.00023,1.73e-05,1e-05,0.2,0.46480885,380.52896
0.00023,1.73e-05,1e-05,0.3,0.47741526,386.3751
0.00023,1.73e-05,1e-05,0.4,0.4872049,388.6935
0.00023,1.73e-05,1e-05,0.5,0.48903584,389.45944
0.00023,1.73e-05,1e-05,0.6,0.48936296,389.7133
0.00023,1.73e-05,1e-05,0.7,0.4895997,389.8108
0.00023,1.73e-05,1e-05,0.8,0.4898404,389.8545
0.00023,1.73e-05,1e-05,0.9,0.49005234,389.87692
0.00023,1.73e-05,1e-05,1.0,0.49022293,389.8898
0.00023,1.73e-05,0.0,0.0,0.4043644,300.05746
0.00023,1.73e-05,0.0,0.1,0.69391596,361.37646
0.00023,1.73e-05,0.0,0.2,0.46480888,380.5289
0.00023,1.73e-05,0.0,0.3,0.47741503,386.37506
0.00023,1.73e-05,0.0,0.4,0.48720473,388.69348
0.00023,1.73e-05,0.0,0.5,0.48903584,389.45944
0.00023,1.73e-05,0.0,0.6,0.48936296,389.7133
0.00023,1.73e-05,0.0,0.7,0.48959976,389.8108
0.00023,1.73e-05,0.0,0.8,0.4898404,389.8545
0.00023,1.73e-05,0.0,0.9,0.49005228,389.87692
0.00023,1.73e-05,0.0,1.0,0.49022293,389.8898
0.00024,0.0,1e-05,0.0,0.40437746,300.05728
0.00024,0.0,1e-05,0.1,0.6939273,361.37515
0.00024,0.0,1e-05,0.2,0.46480924,380.52863
0.00024,0.0,1e-05,0.3,0.4774143,386.37497
0.00024,0.0,1e-05,0.4,0.4872048,388.6934
0.00024,0.0,1e-05,0.5,0.48903564,389.45938
0.00024,0.0,1e-05,0.6,0.489363,389.7133
0.00024,0.0,1e-05,0.7,0.4895997,389.8108
0.00024,0.0,1e-05,0.8,0.48984033,389.8545
0.00024,0.0,1e-05,0.9,0.49005228,389.87692
0.00024,0.0,1e-05,1.0,0.49022293,389.8898
0.00024,0.0,0.0,0.0,0.40438044,300.05722
0.00024,0.0,0.0,0.1,0.6939299,361.37482
0.00024,0.0,0.0,0.2,0.46480942,380.5285
0.00024,0.0,0.0,0.3,0.4774143,386.37497
0.00024,0.0,0.0,0.4,0.48720485,388.6934
0.00024,0.0,0.0,0.5,0.48903555,389.45938
0.00024,0.0,0.0,0.6,0.489363,389.7133
0.00024,0.0,0.0,0.7,0.4895997,389.8108
0.00024,0.0,0.0,0.8,0.48984033,389.8545
0.00024,0.0,0.0,0.9,0.49005228,389.87692
0.00024,0.0,0.0,1.0,0.49022287,389.88983
0.0002,1e-04,0.0,0.0,0.4042716,300.05838
0.0002,1e-04,0.0,0.1,0.6938361,361.38608
0.0002,1e-04,0.0,0.2,0.46480736,380.5312
0.0002,1e-04,0.0,0.3,0.47741926,386.3759
0.0002,1e-04,0.0,0.4,0.48720586,388.69388
0.0002,1e-04,0.0,0.5,0.48903593,389.4595
0.0002,1e-04,0.0,0.6,0.4893629,389.71335
0.0002,1e-04,0.0,0.7,0.48959988,389.81082
0.0002,1e-04,0.0,0.8,0.48984045,389.8545
0.0002,1e-04,0.0,0.9,0.49005246,389.87692
0.0002,1e-04,0.0,1.0,0.4902231,389.8898
0.0002,1e-04,1e-05,0.0,0.40426892,300.05844
0.0002,1e-04,1e-05,0.1,0.6938335,361.3864
0.0002,1e-04,1e-05,0.2,0.46480727,380.5313
0.0002,1e-04,1e-05,0.3,0.47741932,386.3759
0.0002,1e-04,1e-05,0.4,0.48720598,388.69388
0.0002,1e-04,1e-05,0.5,0.48903587,389.4595
0.0002,1e-04,1e-05,0.6,0.4893629,389.71335
0.0002,1e-04,1e-05,0.7,0.48959988,389.81082
0.0002,1e-04,1e-05,0.8,0.48984045,389.8545
0.0002,1e-04,1e-05,0.9,0.49005246,389.87692
0.0002,1e-04,1e-05,1.0,0.4902231,389.8898
0.00021,8.31e-05,5e-06,0.0,0.40428665,300.0584
0.00021,8.31e-05,5e-06,0.1,0.69384843,361.3846
0.00021,8.31e-05,5e-06,0.2,0.4648076,380.53082
0.00021,8.31e-05,5e-06,0.3,0.47741866,386.37576
0.00021,8.31e-05,5e-06,0.4,0.4872058,388.69385
0.00021,8.31e-05,5e-06,0.5,0.48903587,389.45947
0.00021,8.31e-05,5e-06,0.6,0.48936298,389.71332
0.00021,8.31e-05,5e-06,0.7,0.4895999,389.81082
0.00021,8.31e-05,5e-06,0.8,0.48984045,389.8545
0.00021,8.31e-05,5e-06,0.9,0.49005246,389.87692
0.00021,8.31e-05,5e-06,1.0,0.4902231,389.8898
0.00021,8.27e-05,0.0,0.0,0.4042893,300.05838
0.00021,8.27e-05,0.0,0.1,0.6938504,361.3844
0.00021,8.27e-05,0.0,0.2,0.46480763,380.5308
0.00021,8.27e-05,0.0,0.3,0.47741854,386.37576
0.00021,8.27e-05,0.0,0.4,0.48720592,388.69382
0.00021,8.27e-05,0.0,0.5,0.48903587,389.45947
0.00021,8.27e-05,0.0,0.6,0.48936298,389.71332
0.00021,8.27e-05,0.0,0.7,0.4895999,389.81082
0.00021,8.27e-05,0.0,0.8,0.48984045,389.8545
0.00021,8.27e-05,0.0,0.9,0.49005246,389.87692
0.00021,8.27e-05,0.0,1.0,0.4902231,389.8898
0.00021,8.27e-05,1e-05,0.0,0.40428537,300.05838
0.00021,8.27e-05,1e-05,0.1,0.6938473,361.3847
0.00021,8.27e-05,1e-05,0.2,0.46480757,380.53082
0.00021,8.27e-05,1e-05,0.3,0.47741863,386.3758
0.00021,8.27e-05,1e-05,0.4,0.48720574,388.69385
0.00021,8.27e-05,1e-05,0.5,0.48903582,389.4595
0.00021,8.27e-05,1e-05,0.6,0.489363,389.71332
0.00021,8.27e-05,1e-05,0.7,0.4895999,389.81082
0.00021,8.27e-05,1e-05,0.8,0.48984045,389.8545
0.00021,8.27e-05,1e-05,0.9,0.49005246,389.87692
0.00021,8.27e-05,1e-05,1.0,0.4902231,389.8898
0.00022,6.69e-05,1e-05,0.0,0.40429926,300.0583
0.00022,6.69e-05,1e-05,0.1,0.6938596,361.38327
0.00022,6.69e-05,1e-05,0.2,0.46480793,380.53055
0.00022,6.69e-05,1e-05,0.3,0.47741795,386.37564
0.00022,6.69e-05,1e-05,0.4,0.4872058,388.69373
0.00022,6.69e-05,1e-05,0.5,0.4890359,389.45947
0.00022,6.69e-05,1e-05,0.6,0.48936293,389.71332
0.00022,6.69e-05,1e-05,0.7,0.48959976,389.81082
0.00022,6.69e-05,1e-05,0.8,0.48984045,389.8545
0.00022,6.69e-05,1e-05,0.9,0.49005246,389.87692
0.00022,6.69e-05,1e-05,1.0,0.4902231,389.8898
0.00022,6.69e-05,0.0,0.0,0.40430295,300.05826
0.00022,6.69e-05,0.0,0.1,0.69386244,361.383
0.00022,6.69e-05,0.0,0.2,0.464808,380.53043
0.00022,6.69e-05,0.0,0.3,0.4774179,386.3756
0.00022,6.69e-05,0.0,0.4,0.48720556,388.69373
0.00022,6.69e-05,0.0,0.5,0.4890359,389.45947
0.00022,6.69e-05,0.0,0.6,0.48936287,389.71332
0.00022,6.69e-05,0.0,0.7,0.48959976,389.81082
0.00022,6.69e-05,0.0,0.8,0.48984045,389.8545
0.00022,6.69e-05,0.0,0.9,0.49005246,389.87692
0.00022,6.69e-05,0.0,1.0,0.4902231,389.8898
0.00023,5.1e-05,0.0,0.0,0.40431696,300.05807
0.00023,5.1e-05,0.0,0.1,0.6938746,361.38147
0.00023,5.1e-05,0.0,0.2,0.46480834,380.5301
0.00023,5.1e-05,0.0,0.3,0.47741738,386.3755
0.00023,5.1e-05,0.0,0.4,0.4872055,388.69363
0.00023,5.1e-05,0.0,0.5,0.48903573,389.45947
0.00023,5.1e-05,0.0,0.6,0.48936298,389.71332
0.00023,5.1e-05,0.0,0.7,0.48959976,389.81082
0.00023,5.1e-05,0.0,0.8,0.4898404,389.8545
0.00023,5.1e-05,0.0,0.9,0.49005246,389.87692
0.00023,5.1e-05,0.0,1.0,0.490223,389.8898
0.00023,5.1e-05,1e-05,0.0,0.40431327,300.0581
0.00023,5.1e-05,1e-05,0.1,0.6938719,361.38174
0.00023,5.1e-05,1e-05,0.2,0.46480823,380.53015
0.00023,5.1e-05,1e-05,0.3,0.47741753,386.37552
0.00023,5.1e-05,1e-05,0.4,0.4872054,388.69366
0.00023,5.1e-05,1e-05,0.5,0.48903567,389.45947
0.00023,5.1e-05,1e-05,0.6,0.48936293,389.71332
0.00023,5.1e-05,1e-05,0.7,0.48959976,389.81082
0.00023,5.1e-05,1e-05,0.8,0.4898404,389.8545
0.00023,5.1e-05,1e-05,0.9,0.49005246,389.87692
0.00023,5.1e-05,1e-05,1.0,0.490223,389.8898
0.00024,3.46e-05,0.0,0.0,0.40433174,300.05786
0.00024,3.46e-05,0.0,0.1,0.69388735,361.3799
0.00024,3.46e-05,0.0,0.2,0.46480855,380.52972
0.00024,3.46e-05,0.0,0.3,0.47741652,386.3754
0.00024,3.46e-05,0.0,0.4,0.48720527,388.6936
0.00024,3.46e-05,0.0,0.5,0.48903567,389.45944
0.00024,3.46e-05,0.0,0.6,0.48936296,389.7133
0.00024,3.46e-05,0.0,0.7,0.48959988,389.8108
0.00024,3.46e-05,0.0,0.8,0.4898404,389.8545
0.00024,3.46e-05,0.0,0.9,0.4900524,389.87692
0.00024,3.46e-05,0.0,1.0,0.490223,389.8898
0.00024,3.46e-05,1e-05,0.0,0.40432838,300.05792
0.00024,3.46e-05,1e-05,0.1,0.69388473,361.38028
0.00024,3.46e-05,1e-05,0.2,0.4648084,380.52982
0.00024,3.46e-05,1e-05,0.3,0.47741675,386.37543
0.00024,3.46e-05,1e-05,0.4,0.4872052,388.69363
0.00024,3.46e-05,1e-05,0.5,0.4890356,389.45944
0.00024,3.46e-05,1e-05,0.6,0.489363,389.71332
0.00024,3.46e-05,1e-05,0.7,0.48959988,389.8108
0.00024,3.46e-05,1e-05,0.8,0.4898404,389.8545
0.00024,3.46e-05,1e-05,0.9,0.4900524,389.87692
0.00024,3.46e-05,1e-05,1.0,0.490223,389.8898
0.000251,1.68e-05,5e-06,0.0,0.4043464,300.05762
0.000251,1.68e-05,5e-06,0.1,0.6939002,361.3784
0.000251,1.68e-05,5e-06,0.2,0.46480888,380.52936
0.000251,1.68e-05,5e-06,0.3,0.47741586,386.37527
0.000251,1.68e-05,5e-06,0.4,0.48720506,388.69354
0.000251,1.68e-05,5e-06,0.5,0.4890357,389.45944
0.000251,1.68e-05,5e-06,0.6,0.489363,389.7133
0.000251,1.68e-05,5e-06,0.7,0.48959982,389.8108
0.000251,1.68e-05,5e-06,0.8,0.48984033,389.8545
0.000251,1.68e-05,5e-06,0.9,0.4900524,389.87692
0.000251,1.68e-05,5e-06,1.0,0.49022305,389.8898
0.00025,1.73e-05,1e-05,0.0,0.40434495,300.05762
0.00025,1.73e-05,1e-05,0.1,0.6938988,361.37854
0.00025,1.73e-05,1e-05,0.2,0.4648087,380.5294
0.00025,1.73e-05,1e-05,0.3,0.47741592,386.37527
0.00025,1.73e-05,1e-05,0.4,0.4872052,388.69354
0.00025,1.73e-05,1e-05,0.5,0.48903576,389.45944
0.00025,1.73e-05,1e-05,0.6,0.489363,389.7133
0.00025,1.73e-05,1e-05,0.7,0.48959982,389.8108
0.00025,1.73e-05,1e-05,0.8,0.48984033,389.8545
0.00025,1.73e-05,1e-05,0.9,0.4900524,389.87692
0.00025,1.73e-05,1e-05,1.0,0.49022305,389.8898
0.00025,1.73e-05,0.0,0.0,0.40434858,300.0576
0.00025,1.73e-05,0.0,0.1,0.69390166,361.37823
0.00025,1.73e-05,0.0,0.2,0.46480912,380.5293
0.00025,1.73e-05,0.0,0.3,0.47741568,386.37524
0.00025,1.73e-05,0.0,0.4,0.4872051,388.69354
0.00025,1.73e-05,0.0,0.5,0.4890356,389.45944
0.00025,1.73e-05,0.0,0.6,0.489363,389.7133
0.00025,1.73e-05,0.0,0.7,0.48959982,389.8108
0.00025,1.73e-05,0.0,0.8,0.48984033,389.8545
0.00025,1.73e-05,0.0,0.9,0.49005234,389.87692
0.00025,1.73e-05,0.0,1.0,0.49022305,389.8898
0.00026,0.0,1e-05,0.0,0.40436143,300.05753
0.00026,0.0,1e-05,0.1,0.69391274,361.3768
0.00026,0.0,1e-05,0.2,0.46480918,380.52896
0.00026,0.0,1e-05,0.3,0.4774152,386.3751
0.00026,0.0,1e-05,0.4,0.4872049,388.6935
0.00026,0.0,1e-05,0.5,0.48903584,389.45944
0.00026,0.0,1e-05,0.6,0.48936296,389.7133
0.00026,0.0,1e-05,0.7,0.4895997,389.8108
0.00026,0.0,1e-05,0.8,0.4898404,389.8545
0.00026,0.0,1e-05,0.9,0.49005234,389.87692
0.00026,0.0,1e-05,1.0,0.49022293,389.8898
0.00026,0.0,0.0,0.0,0.40436462,300.05746
0.00026,0.0,0.0,0.1,0.6939155,361.37656
0.00026,0.0,0.0,0.2,0.46480912,380.52893
0.00026,0.0,0.0,0.3,0.47741514,386.37506
0.00026,0.0,0.0,0.4,0.48720482,388.69348
0.00026,0.0,0.0,0.5,0.48903584,389.45944
0.00026,0.0,0.0,0.6,0.48936296,389.7133
0.00026,0.0,0.0,0.7,0.48959976,389.8108
0.00026,0.0,0.0,0.8,0.4898404,389.8545
0.00026,0.0,0.0,0.9,0.49005234,389.87692
0.00026,0.0,0.0,1.0,0.49022293,389.8898
0.00022,1e-04,0.0,0.0,0.40425614,300.05853
0.00022,1e-04,0.0,0.1,0.6938218,361.38785
0.00022,1e-04,0.0,0.2,0.46480706,380.53183
0.00022,1e-04,0.0,0.3,0.47741997,386.37613
0.00022,1e-04,0.0,0.4,0.48720613,388.6939
0.00022,1e-04,0.0,0.5,0.4890359,389.45956
0.00022,1e-04,0.0,0.6,0.48936304,389.71335
0.00022,1e-04,0.0,0.7,0.48959982,389.81082
0.00022,1e-04,0.0,0.8,0.48984045,389.8545
0.00022,1e-04,0.0,0.9,0.4900524,389.87692
0.00022,1e-04,0.0,1.0,0.4902231,389.8898
0.00022,1e-04,1e-05,0.0,0.40425307,300.0586
0.00022,1e-04,1e-05,0.1,0.693819,361.3882
0.00022,1e-04,1e-05,0.2,0.46480727,380.53192
0.00022,1e-04,1e-05,0.3,0.4774203,386.37616
0.00022,1e-04,1e-05,0.4,0.48720622,388.69394
0.00022,1e-04,1e-05,0.5,0.4890359,389.45956
0.00022,1e-04,1e-05,0.6,0.48936304,389.71335
0.00022,1e-04,1e-05,0.7,0.48959988,389.81082
0.00022,1e-04,1e-05,0.8,0.4898405,389.8545
0.00022,1e-04,1e-05,0.9,0.4900524,389.87692
0.00022,1e-04,1e-05,1.0,0.4902231,389.8898
0.00023,8.27e-05,0.0,0.0,0.40427178,300.0584
0.00023,8.27e-05,0.0,0.1,0.6938361,361.38617
0.00023,8.27e-05,0.0,0.2,0.46480763,380.53122
0.00023,8.27e-05,0.0,0.3,0.47741932,386.3759
0.00023,8.27e-05,0.0,0.4,0.4872059,388.69388
0.00023,8.27e-05,0.0,0.5,0.48903593,389.4595
0.00023,8.27e-05,0.0,0.6,0.48936284,389.71335
0.00023,8.27e-05,0.0,0.7,0.48959988,389.81082
0.00023,8.27e-05,0.0,0.8,0.48984045,389.8545
0.00023,8.27e-05,0.0,0.9,0.49005246,389.87692
0.00023,8.27e-05,0.0,1.0,0.4902231,389.8898
0.00023,8.27e-05,1e-05,0.0,0.40426892,300.0584
0.00023,8.27e-05,1e-05,0.1,0.6938331,361.38644
0.00023,8.27e-05,1e-05,0.2,0.46480763,380.5313
0.00023,8.27e-05,1e-05,0.3,0.4774195,386.37592
0.00023,8.27e-05,1e-05,0.4,0.48720598,388.69388
0.00023,8.27e-05,1e-05,0.5,0.48903582,389.45953
0.00023,8.27e-05,1e-05,0.6,0.489363,389.71335
0.00023,8.27e-05,1e-05,0.7,0.48959988,389.81082
0.00023,8.27e-05,1e-05,0.8,0.48984045,389.8545
0.00023,8.27e-05,1e-05,0.9,0.49005246,389.87692
0.00023,8.27e-05,1e-05,1.0,0.4902231,389.8898
0.00024,6.69e-05,1e-05,0.0,0.40428275,300.05838
0.00024,6.69e-05,1e-05,0.1,0.6938451,361.38507
0.00024,6.69e-05,1e-05,0.2,0.46480757,380.5309
0.00024,6.69e-05,1e-05,0.3,0.4774189,386.37582
0.00024,6.69e-05,1e-05,0.4,0.48720577,388.69385
0.00024,6.69e-05,1e-05,0.5,0.4890359,389.4595
0.00024,6.69e-05,1e-05,0.6,0.4893629,389.71332
0.00024,6.69e-05,1e-05,0.7,0.4895999,389.81082
0.00024,6.69e-05,1e-05,0.8,0.48984045,389.8545
0.00024,6.69e-05,1e-05,0.9,0.49005246,389.87692
0.00024,6.69e-05,1e-05,1.0,0.4902231,389.8898
0.00024,6.69e-05,0.0,0.0,0.4042865,300.0584
0.00024,6.69e-05,0.0,0.1,0.6938481,361.38467
0.00024,6.69e-05,0.0,0.2,0.46480772,380.53082
0.00024,6.69e-05,0.0,0.3,0.4774188,386.3758
0.00024,6.69e-05,0.0,0.4,0.4872058,388.69385
0.00024,6.69e-05,0.0,0.5,0.48903582,389.4595
0.00024,6.69e-05,0.0,0.6,0.489363,389.71332
0.00024,6.69e-05,0.0,0.7,0.4895999,389.81082
0.00024,6.69e-05,0.0,0.8,0.48984045,389.8545
0.00024,6.69e-05,0.0,0.9,0.49005246,389.87692
0.00024,6.69e-05,0.0,1.0,0.4902231,389.8898
0.00025,5.1e-05,0.0,0.0,0.40430045,300.0583
0.00025,5.1e-05,0.0,0.1,0.6938604,361.3832
0.00025,5.1e-05,0.0,0.2,0.46480802,380.53055
0.00025,5.1e-05,0.0,0.3,0.47741807,386.37564
0.00025,5.1e-05,0.0,0.4,0.48720574,388.69373
0.00025,5.1e-05,0.0,0.5,0.4890359,389.45947
0.00025,5.1e-05,0.0,0.6,0.48936293,389.71332
0.00025,5.1e-05,0.0,0.7,0.48959976,389.81082
0.00025,5.1e-05,0.0,0.8,0.48984045,389.8545
0.00025,5.1e-05,0.0,0.9,0.49005246,389.87692
0.00025,5.1e-05,0.0,1.0,0.4902231,389.8898
0.00025,5.1e-05,1e-05,0.0,0.40429732,300.05832
0.00025,5.1e-05,1e-05,0.1,0.6938575,361.38358
0.00025,5.1e-05,1e-05,0.2,0.46480805,380.53064
0.00025,5.1e-05,1e-05,0.3,0.47741812,386.37567
0.00025,5.1e-05,1e-05,0.4,0.48720574,388.69373
0.00025,5.1e-05,1e-05,0.5,0.4890358,389.45947
0.00025,5.1e-05,1e-05,0.6,0.48936293,389.71332
0.00025,5.1e-05,1e-05,0.7,0.48959976,389.81082
0.00025,5.1e-05,1e-05,0.8,0.48984045,389.8545
0.00025,5.1e-05,1e-05,0.9,0.49005246,389.87692
0.00025,5.1e-05,1e-05,1.0,0.4902231,389.8898
0.00026,3.46e-05,0.0,0.0,0.40431505,300.0581
0.00026,3.46e-05,0.0,0.1,0.6938734,361.38162
0.00026,3.46e-05,0.0,0.2,0.4648084,380.5301
0.00026,3.46e-05,0.0,0.3,0.47741753,386.3755
0.00026,3.46e-05,0.0,0.4,0.48720548,388.69363
0.00026,3.46e-05,0.0,0.5,0.4890356,389.45947
0.00026,3.46e-05,0.0,0.6,0.48936293,389.71332
0.00026,3.46e-05,0.0,0.7,0.48959976,389.81082
0.00026,3.46e-05,0.0,0.8,0.4898404,389.8545
0.00026,3.46e-05,0.0,0.9,0.49005246,389.87692
0.00026,3.46e-05,0.0,1.0,0.490223,389.8898
0.00026,3.46e-05,1e-05,0.0,0.40431172,300.05814
0.00026,3.46e-05,1e-05,0.1,0.6938707,361.38193
0.00026,3.46e-05,1e-05,0.2,0.4648083,380.5302
0.00026,3.46e-05,1e-05,0.3,0.47741753,386.37555
0.00026,3.46e-05,1e-05,0.4,0.48720556,388.69366
0.00026,3.46e-05,1e-05,0.5,0.48903573,389.45947
0.00026,3.46e-05,1e-05,0.6,0.48936298,389.71332
0.00026,3.46e-05,1e-05,0.7,0.48959976,389.81082
0.00026,3.46e-05,1e-05,0.8,0.4898404,389.8545
0.00026,3.46e-05,1e-05,0.9,0.49005246,389.87692
0.00026,3.46e-05,1e-05,1.0,0.490223,389.8898
0.00027,1.73e-05,1e-05,0.0,0.40432775,300.05792
0.00027,1.73e-05,1e-05,0.1,0.6938846,361.38034
0.00027,1.73e-05,1e-05,0.2,0.46480846,380.52988
0.00027,1.73e-05,1e-05,0.3,0.47741693,386.37543
0.00027,1.73e-05,1e-05,0.4,0.4872052,388.69363
0.00027,1.73e-05,1e-05,0.5,0.48903564,389.45944
0.00027,1.73e-05,1e-05,0.6,0.489363,389.71332
0.00027,1.73e-05,1e-05,0.7,0.48959988,389.8108
0.00027,1.73e-05,1e-05,0.8,0.4898404,389.8545
0.00027,1.73e-05,1e-05,0.9,0.4900524,389.87692
0.00027,1.73e-05,1e-05,1.0,0.490223,389.8898
0.00027,1.73e-05,0.0,0.0,0.4043316,300.05786
0.00027,1.73e-05,0.0,0.1,0.6938872,361.37997
0.00027,1.73e-05,0.0,0.2,0.4648087,380.5298
0.00027,1.73e-05,0.0,0.3,0.47741675,386.3754
0.00027,1.73e-05,0.0,0.4,0.48720527,388.6936
0.00027,1.73e-05,0.0,0.5,0.48903567,389.45944
0.00027,1.73e-05,0.0,0.6,0.489363,389.71332
0.00027,1.73e-05,0.0,0.7,0.48959988,389.8108
0.00027,1.73e-05,0.0,0.8,0.4898404,389.8545
0.00027,1.73e-05,0.0,0.9,0.4900524,389.87692
0.00027,1.73e-05,0.0,1.0,0.490223,389.8898
0.000272,9.57e-06,5e-06,0.0,0.40433985,300.05774
0.000272,9.57e-06,5e-06,0.1,0.6938939,361.37918
0.000272,9.57e-06,5e-06,0.2,0.46480888,380.52957
0.000272,9.57e-06,5e-06,0.3,0.4774164,386.3753
0.000272,9.57e-06,5e-06,0.4,0.48720524,388.69357
0.000272,9.57e-06,5e-06,0.5,0.48903567,389.45944
0.000272,9.57e-06,5e-06,0.6,0.489363,389.7133
0.000272,9.57e-06,5e-06,0.7,0.48959988,389.8108
0.000272,9.57e-06,5e-06,0.8,0.48984033,389.8545
0.000272,9.57e-06,5e-06,0.9,0.4900524,389.87692
0.000272,9.57e-06,5e-06,1.0,0.49022305,389.8898
0.00028,0.0,1e-05,0.0,0.40434474,300.05768
0.00028,0.0,1e-05,0.1,0.69389874,361.3786
0.00028,0.0,1e-05,0.2,0.46480903,380.52942
0.00028,0.0,1e-05,0.3,0.4774161,386.37527
0.00028,0.0,1e-05,0.4,0.48720515,388.69354
0.00028,0.0,1e-05,0.5,0.48903576,389.45944
0.00028,0.0,1e-05,0.6,0.489363,389.7133
0.00028,0.0,1e-05,0.7,0.48959982,389.8108
0.00028,0.0,1e-05,0.8,0.48984033,389.8545
0.00028,0.0,1e-05,0.9,0.4900524,389.87692
0.00028,0.0,1e-05,1.0,0.49022317,389.8898
0.00028,0.0,0.0,0.0,0.40434816,300.05762
0.00028,0.0,0.0,0.1,0.6939012,361.3783
0.00028,0.0,0.0,0.2,0.46480912,380.52936
0.00028,0.0,0.0,0.3,0.47741586,386.37527
0.00028,0.0,0.0,0.4,0.48720506,388.69354
0.00028,0.0,0.0,0.5,0.4890356,389.45944
0.00028,0.0,0.0,0.6,0.489363,389.7133
0.00028,0.0,0.0,0.7,0.48959982,389.8108
0.00028,0.0,0.0,0.8,0.48984033,389.8545
0.00028,0.0,0.0,0.9,0.4900524,389.87692
0.00028,0.0,0.0,1.0,0.49022305,389.8898
0.00024,1e-04,0.0,0.0,0.4042402,300.05878
0.00024,1e-04,0.0,0.1,0.69380736,361.38968
0.00024,1e-04,0.0,0.2,0.46480712,380.53226
0.00024,1e-04,0.0,0.3,0.47742093,386.37625
0.00024,1e-04,0.0,0.4,0.4872065,388.69397
0.00024,1e-04,0.0,0.5,0.48903593,389.45956
0.00024,1e-04,0.0,0.6,0.48936296,389.71335
0.00024,1e-04,0.0,0.7,0.48959985,389.81082
0.00024,1e-04,0.0,0.8,0.48984033,389.8545
0.00024,1e-04,0.0,0.9,0.4900524,389.87692
0.00024,1e-04,0.0,1.0,0.49022317,389.8898
0.00024,1e-04,1e-05,0.0,0.40423638,300.05878
0.00024,1e-04,1e-05,0.1,0.69380456,361.39
0.00024,1e-04,1e-05,0.2,0.4648069,380.5323
0.00024,1e-04,1e-05,0.3,0.4774211,386.3763
0.00024,1e-04,1e-05,0.4,0.48720652,388.69397
0.00024,1e-04,1e-05,0.5,0.48903587,389.45956
0.00024,1e-04,1e-05,0.6,0.48936313,389.71335
0.00024,1e-04,1e-05,0.7,0.48959985,389.81082
0.00024,1e-04,1e-05,0.8,0.48984045,389.8545
0.00024,1e-04,1e-05,0.9,0.49005246,389.87692
0.00024,1e-04,1e-05,1.0,0.49022317,389.8898
0.00025,8.27e-05,0.0,0.0,0.40425617,300.05853
0.00025,8.27e-05,0.0,0.1,0.6938214,361.38794
0.00025,8.27e-05,0.0,0.2,0.46480754,380.53186
0.00025,8.27e-05,0.0,0.3,0.4774201,386.37613
0.00025,8.27e-05,0.0,0.4,0.48720622,388.6939
0.00025,8.27e-05,0.0,0.5,0.4890359,389.45956
0.00025,8.27e-05,0.0,0.6,0.48936304,389.71335
0.00025,8.27e-05,0.0,0.7,0.48959982,389.81082
0.00025,8.27e-05,0.0,0.8,0.4898405,389.8545
0.00025,8.27e-05,0.0,0.9,0.4900524,389.87692
0.00025,8.27e-05,0.0,1.0,0.4902231,389.8898
0.00025,8.27e-05,1e-05,0.0,0.40425304,300.0586
0.00025,8.27e-05,1e-05,0.1,0.6938187,361.38824
0.00025,8.27e-05,1e-05,0.2,0.4648074,380.53198
0.00025,8.27e-05,1e-05,0.3,0.4774204,386.37616
0.00025,8.27e-05,1e-05,0.4,0.48720628,388.69394
0.00025,8.27e-05,1e-05,0.5,0.4890359,389.45956
0.00025,8.27e-05,1e-05,0.6,0.48936304,389.71335
0.00025,8.27e-05,1e-05,0.7,0.48959988,389.81082
0.00025,8.27e-05,1e-05,0.8,0.4898405,389.8545
0.00025,8.27e-05,1e-05,0.9,0.4900524,389.87692
0.00025,8.27e-05,1e-05,1.0,0.4902231,389.8898
0.00026,6.69e-05,1e-05,0.0,0.40426666,300.05847
0.00026,6.69e-05,1e-05,0.1,0.69383097,361.38672
0.00026,6.69e-05,1e-05,0.2,0.46480763,380.53152
0.00026,6.69e-05,1e-05,0.3,0.47741958,386.37598
0.00026,6.69e-05,1e-05,0.4,0.48720604,388.69388
0.00026,6.69e-05,1e-05,0.5,0.48903587,389.45953
0.00026,6.69e-05,1e-05,0.6,0.48936307,389.71335
0.00026,6.69e-05,1e-05,0.7,0.48959988,389.81082
0.00026,6.69e-05,1e-05,0.8,0.48984045,389.8545
0.00026,6.69e-05,1e-05,0.9,0.49005246,389.87692
0.00026,6.69e-05,1e-05,1.0,0.4902231,389.8898
0.00026,6.69e-05,0.0,0.0,0.40426922,300.05844
0.00026,6.69e-05,0.0,0.1,0.6938337,361.38638
0.00026,6.69e-05,0.0,0.2,0.4648077,380.5313
0.00026,6.69e-05,0.0,0.3,0.4774195,386.37592
0.00026,6.69e-05,0.0,0.4,0.48720598,388.69388
0.00026,6.69e-05,0.0,0.5,0.48903587,389.4595
0.00026,6.69e-05,0.0,0.6,0.489363,389.71335
0.00026,6.69e-05,0.0,0.7,0.48959988,389.81082
0.00026,6.69e-05,0.0,0.8,0.48984045,389.8545
0.00026,6.69e-05,0.0,0.9,0.49005246,389.87692
0.00026,6.69e-05,0.0,1.0,0.4902231,389.8898
0.00027,5.1e-05,0.0,0.0,0.40428418,300.05838
0.00027,5.1e-05,0.0,0.1,0.6938461,361.385
0.00027,5.1e-05,0.0,0.2,0.46480805,380.5309
0.00027,5.1e-05,0.0,0.3,0.4774189,386.37582
0.00027,5.1e-05,0.0,0.4,0.48720574,388.69385
0.00027,5.1e-05,0.0,0.5,0.48903584,389.4595
0.00027,5.1e-05,0.0,0.6,0.4893629,389.71332
0.00027,5.1e-05,0.0,0.7,0.4895999,389.81082
0.00027,5.1e-05,0.0,0.8,0.48984045,389.8545
0.00027,5.1e-05,0.0,0.9,0.49005246,389.87692
0.00027,5.1e-05,0.0,1.0,0.4902231,389.8898
0.00027,5.1e-05,1e-05,0.0,0.40428156,300.05838
0.00027,5.1e-05,1e-05,0.1,0.69384325,361.38528
0.00027,5.1e-05,1e-05,0.2,0.464808,380.53098
0.00027,5.1e-05,1e-05,0.3,0.47741908,386.37582
0.00027,5.1e-05,1e-05,0.4,0.48720574,388.69385
0.00027,5.1e-05,1e-05,0.5,0.48903596,389.4595
0.00027,5.1e-05,1e-05,0.6,0.48936296,389.71335
0.00027,5.1e-05,1e-05,0.7,0.48959994,389.81082
0.00027,5.1e-05,1e-05,0.8,0.48984045,389.8545
0.00027,5.1e-05,1e-05,0.9,0.49005246,389.87692
0.00027,5.1e-05,1e-05,1.0,0.4902231,389.8898
0.00028,3.46e-05,1e-05,0.0,0.40429604,300.05838
0.00028,3.46e-05,1e-05,0.1,0.69385624,361.38376
0.00028,3.46e-05,1e-05,0.2,0.4648082,380.53067
0.00028,3.46e-05,1e-05,0.3,0.47741818,386.37573
0.00028,3.46e-05,1e-05,0.4,0.48720586,388.6938
0.00028,3.46e-05,1e-05,0.5,0.48903584,389.45947
0.00028,3.46e-05,1e-05,0.6,0.48936293,389.71332
0.00028,3.46e-05,1e-05,0.7,0.48959976,389.81082
0.00028,3.46e-05,1e-05,0.8,0.48984045,389.8545
0.00028,3.46e-05,1e-05,0.9,0.49005246,389.87692
0.00028,3.46e-05,1e-05,1.0,0.4902231,389.8898
0.00028,3.46e-05,0.0,0.0,0.40429828,300.05832
0.00028,3.46e-05,0.0,0.1,0.693859,361.38345
0.00028,3.46e-05,0.0,0.2,0.4648084,380.53064
0.00028,3.46e-05,0.0,0.3,0.477418,386.37567
0.00028,3.46e-05,0.0,0.4,0.48720574,388.69373
0.00028,3.46e-05,0.0,0.5,0.48903584,389.45947
0.00028,3.46e-05,0.0,0.6,0.48936293,389.71332
0.00028,3.46e-05,0.0,0.7,0.48959976,389.81082
0.00028,3.46e-05,0.0,0.8,0.48984045,389.8545
0.00028,3.46e-05,0.0,0.9,0.49005246,389.87692
0.00028,3.46e-05,0.0,1.0,0.4902231,389.8898
0.00029,1.73e-05,1e-05,0.0,0.40431175,300.05814
0.00029,1.73e-05,1e-05,0.1,0.6938703,361.38196
0.00029,1.73e-05,1e-05,0.2,0.46480846,380.5302
0.00029,1.73e-05,1e-05,0.3,0.47741768,386.37555
0.00029,1.73e-05,1e-05,0.4,0.4872055,388.69366
0.00029,1.73e-05,1e-05,0.5,0.48903573,389.45947
0.00029,1.73e-05,1e-05,0.6,0.48936298,389.71332
0.00029,1.73e-05,1e-05,0.7,0.48959976,389.81082
0.00029,1.73e-05,1e-05,0.8,0.4898404,389.8545
0.00029,1.73e-05,1e-05,0.9,0.49005246,389.87692
0.00029,1.73e-05,1e-05,1.0,0.490223,389.8898
0.00029,1.73e-05,0.0,0.0,0.40431488,300.0581
0.00029,1.73e-05,0.0,0.1,0.69387287,361.38165
0.00029,1.73e-05,0.0,0.2,0.4648084,380.53015
0.00029,1.73e-05,0.0,0.3,0.47741753,386.37552
0.00029,1.73e-05,0.0,0.4,0.48720545,388.69366
0.00029,1.73e-05,0.0,0.5,0.4890356,389.45947
0.00029,1.73e-05,0.0,0.6,0.48936298,389.71332
0.00029,1.73e-05,0.0,0.7,0.48959976,389.81082
0.00029,1.73e-05,0.0,0.8,0.4898404,389.8545
0.00029,1.73e-05,0.0,0.9,0.49005246,389.87692
0.00029,1.73e-05,0.0,1.0,0.490223,389.8898
0.0003,0.0,1e-05,0.0,0.40432817,300.05792
0.0003,0.0,1e-05,0.1,0.69388413,361.38043
0.0003,0.0,1e-05,0.2,0.46480864,380.5299
0.0003,0.0,1e-05,0.3,0.47741693,386.37543
0.0003,0.0,1e-05,0.4,0.4872052,388.69363
0.0003,0.0,1e-05,0.5,0.48903564,389.45944
0.0003,0.0,1e-05,0.6,0.489363,389.71332
0.0003,0.0,1e-05,0.7,0.48959988,389.8108
0.0003,0.0,1e-05,0.8,0.4898404,389.8545
0.0003,0.0,1e-05,0.9,0.4900524,389.87692
0.0003,0.0,1e-05,1.0,0.490223,389.8898
0.0003,0.0,0.0,0.0,0.40433174,300.05786
0.0003,0.0,0.0,0.1,0.6938871,361.3801
0.0003,0.0,0.0,0.2,0.46480885,380.52982
0.0003,0.0,0.0,0.3,0.4774168,386.3754
0.0003,0.0,0.0,0.4,0.4872051,388.6936
0.0003,0.0,0.0,0.5,0.48903567,389.45944
0.0003,0.0,0.0,0.6,0.489363,389.71332
0.0003,0.0,0.0,0.7,0.48959988,389.8108
0.0003,0.0,0.0,0.8,0.4898404,389.8545
0.0003,0.0,0.0,0.9,0.4900524,389.87692
0.0003,0.0,0.0,1.0,0.490223,389.8898
0.00026,1e-04,0.0,0.0,0.40422404,300.0589
0.00026,1e-04,0.0,0.1,0.6937931,361.3913
0.00026,1e-04,0.0,0.2,0.46480703,380.53265
0.00026,1e-04,0.0,0.3,0.47742167,386.37643
0.00026,1e-04,0.0,0.4,0.48720652,388.69406
0.00026,1e-04,0.0,0.5,0.4890359,389.4596
0.00026,1e-04,0.0,0.6,0.48936307,389.71335
0.00026,1e-04,0.0,0.7,0.4895999,389.81082
0.00026,1e-04,0.0,0.8,0.48984033,389.85452
0.00026,1e-04,0.0,0.9,0.4900524,389.87692
0.00026,1e-04,0.0,1.0,0.49022317,389.8898
0.00026,1e-04,1e-05,0.0,0.4042205,300.05896
0.00026,1e-04,1e-05,0.1,0.69379014,361.39166
0.00026,1e-04,1e-05,0.2,0.46480682,380.53268
0.00026,1e-04,1e-05,0.3,0.4774217,386.37646
0.00026,1e-04,1e-05,0.4,0.4872067,388.69406
0.00026,1e-04,1e-05,0.5,0.48903596,389.4596
0.00026,1e-04,1e-05,0.6,0.48936307,389.71335
0.00026,1e-04,1e-05,0.7,0.4895999,389.81082
0.00026,1e-04,1e-05,0.8,0.48984033,389.85452
0.00026,1e-04,1e-05,0.9,0.4900524,389.87692
0.00026,1e-04,1e-05,1.0,0.49022317,389.8898
0.00027,8.27e-05,0.0,0.0,0.4042395,300.05878
0.00027,8.27e-05,0.0,0.1,0.6938071,361.38974
0.00027,8.27e-05,0.0,0.2,0.46480736,380.53226
0.00027,8.27e-05,0.0,0.3,0.47742105,386.37625
0.00027,8.27e-05,0.0,0.4,0.48720643,388.69397
0.00027,8.27e-05,0.0,0.5,0.48903593,389.45956
0.00027,8.27e-05,0.0,0.6,0.48936313,389.71335
0.00027,8.27e-05,0.0,0.7,0.48959985,389.81082
0.00027,8.27e-05,0.0,0.8,0.48984033,389.8545
0.00027,8.27e-05,0.0,0.9,0.4900524,389.87692
0.00027,8.27e-05,0.0,1.0,0.49022317,389.8898
0.00027,8.27e-05,1e-05,0.0,0.40423614,300.05878
0.00027,8.27e-05,1e-05,0.1,0.69380426,361.3901
0.00027,8.27e-05,1e-05,0.2,0.46480703,380.5323
0.00027,8.27e-05,1e-05,0.3,0.4774211,386.3763
0.00027,8.27e-05,1e-05,0.4,0.48720652,388.69397
0.00027,8.27e-05,1e-05,0.5,0.48903584,389.45956
0.00027,8.27e-05,1e-05,0.6,0.48936313,389.71335
0.00027,8.27e-05,1e-05,0.7,0.48959985,389.81082
0.00027,8.27e-05,1e-05,0.8,0.48984033,389.8545
0.00027,8.27e-05,1e-05,0.9,0.49005246,389.87692
0.00027,8.27e-05,1e-05,1.0,0.49022317,389.8898
0.00028,6.69e-05,1e-05,0.0,0.40425077,300.05862
0.00028,6.69e-05,1e-05,0.1,0.69381654,361.38855
0.00028,6.69e-05,1e-05,0.2,0.46480745,380.53207
0.00028,6.69e-05,1e-05,0.3,0.4774205,386.3762
0.00028,6.69e-05,1e-05,0.4,0.48720628,388.69394
0.00028,6.69e-05,1e-05,0.5,0.48903593,389.45956
0.00028,6.69e-05,1e-05,0.6,0.48936304,389.71335
0.00028,6.69e-05,1e-05,0.7,0.48959988,389.81082
0.00028,6.69e-05,1e-05,0.8,0.4898405,389.8545
0.00028,6.69e-05,1e-05,0.9,0.4900524,389.87692
0.00028,6.69e-05,1e-05,1.0,0.4902231,389.8898
0.00028,6.69e-05,0.0,0.0,0.40425417,300.05856
0.00028,6.69e-05,0.0,0.1,0.6938193,361.3882
0.00028,6.69e-05,0.0,0.2,0.46480754,380.53195
0.00028,6.69e-05,0.0,0.3,0.47742042,386.3762
0.00028,6.69e-05,0.0,0.4,0.48720628,388.69394
0.00028,6.69e-05,0.0,0.5,0.4890359,389.45956
0.00028,6.69e-05,0.0,0.6,0.48936304,389.71335
0.00028,6.69e-05,0.0,0.7,0.48959988,389.81082
0.00028,6.69e-05,0.0,0.8,0.4898405,389.8545
0.00028,6.69e-05,0.0,0.9,0.4900524,389.87692
0.00028,6.69e-05,0.0,1.0,0.4902231,389.8898
0.00029,5.1e-05,0.0,0.0,0.40426743,300.0584
0.00029,5.1e-05,0.0,0.1,0.6938319,361.38666
0.00029,5.1e-05,0.0,0.2,0.46480784,380.53156
0.00029,5.1e-05,0.0,0.3,0.4774196,386.37598
0.00029,5.1e-05,0.0,0.4,0.48720604,388.69388
0.00029,5.1e-05,0.0,0.5,0.48903587,389.45953
0.00029,5.1e-05,0.0,0.6,0.48936307,389.71335
0.00029,5.1e-05,0.0,0.7,0.48959988,389.81082
0.00029,5.1e-05,0.0,0.8,0.48984045,389.8545
0.00029,5.1e-05,0.0,0.9,0.49005246,389.87692
0.00029,5.1e-05,0.0,1.0,0.4902231,389.8898
0.00029,5.1e-05,1e-05,0.0,0.4042644,300.05844
0.00029,5.1e-05,1e-05,0.1,0.6938289,361.387
0.00029,5.1e-05,1e-05,0.2,0.46480775,380.53162
0.00029,5.1e-05,1e-05,0.3,0.47741967,386.376
0.00029,5.1e-05,1e-05,0.4,0.487206,388.6939
0.00029,5.1e-05,1e-05,0.5,0.48903587,389.45953
0.00029,5.1e-05,1e-05,0.6,0.48936307,389.71335
0.00029,5.1e-05,1e-05,0.7,0.48959988,389.81082
0.00029,5.1e-05,1e-05,0.8,0.48984045,389.8545
0.00029,5.1e-05,1e-05,0.9,0.4900524,389.87692
0.00029,5.1e-05,1e-05,1.0,0.4902231,389.8898
0.0003,3.46e-05,1e-05,0.0,0.40427968,300.0584
0.0003,3.46e-05,1e-05,0.1,0.69384176,361.3855
0.0003,3.46e-05,1e-05,0.2,0.4648084,380.53104
0.0003,3.46e-05,1e-05,0.3,0.477419,386.37582
0.0003,3.46e-05,1e-05,0.4,0.48720574,388.69385
0.0003,3.46e-05,1e-05,0.5,0.4890359,389.4595
0.0003,3.46e-05,1e-05,0.6,0.489363,389.71335
0.0003,3.46e-05,1e-05,0.7,0.48959988,389.81082
0.0003,3.46e-05,1e-05,0.8,0.48984045,389.8545
0.0003,3.46e-05,1e-05,0.9,0.49005246,389.87692
0.0003,3.46e-05,1e-05,1.0,0.4902231,389.8898
0.0003,3.46e-05,0.0,0.0,0.40428218,300.05838
0.0003,3.46e-05,0.0,0.1,0.6938443,361.3852
0.0003,3.46e-05,0.0,0.2,0.46480817,380.53098
0.0003,3.46e-05,0.0,0.3,0.47741896,386.37582
0.0003,3.46e-05,0.0,0.4,0.4872057,388.69385
0.0003,3.46e-05,0.0,0.5,0.4890359,389.4595
0.0003,3.46e-05,0.0,0.6,0.48936296,389.71332
0.0003,3.46e-05,0.0,0.7,0.4895999,389.81082
0.0003,3.46e-05,0.0,0.8,0.48984045,389.8545
0.0003,3.46e-05,0.0,0.9,0.49005246,389.87692
0.0003,3.46e-05,0.0,1.0,0.4902231,389.8898
0.00031,1.73e-05,0.0,0.0,0.40429822,300.0583
0.00031,1.73e-05,0.0,0.1,0.69385874,361.38354
0.00031,1.73e-05,0.0,0.2,0.4648087,380.53064
0.00031,1.73e-05,0.0,0.3,0.47741833,386.37567
0.00031,1.73e-05,0.0,0.4,0.48720574,388.69373
0.00031,1.73e-05,0.0,0.5,0.48903584,389.45947
0.00031,1.73e-05,0.0,0.6,0.48936293,389.71332
0.00031,1.73e-05,0.0,0.7,0.48959976,389.81082
0.00031,1.73e-05,0.0,0.8,0.48984045,389.8545
0.00031,1.73e-05,0.0,0.9,0.49005246,389.87692
0.00031,1.73e-05,0.0,1.0,0.4902231,389.8898
0.00031,1.73e-05,1e-05,0.0,0.40429598,300.05838
0.00031,1.73e-05,1e-05,0.1,0.6938559,361.38382
0.00031,1.73e-05,1e-05,0.2,0.46480846,380.53067
0.00031,1.73e-05,1e-05,0.3,0.47741812,386.37573
0.00031,1.73e-05,1e-05,0.4,0.48720586,388.6938
0.00031,1.73e-05,1e-05,0.5,0.48903593,389.45947
0.00031,1.73e-05,1e-05,0.6,0.48936293,389.71332
0.00031,1.73e-05,1e-05,0.7,0.4895999,389.81082
0.00031,1.73e-05,1e-05,0.8,0.48984045,389.8545
0.00031,1.73e-05,1e-05,0.9,0.49005246,389.87692
0.00031,1.73e-05,1e-05,1.0,0.4902231,389.8898
0.00032,0.0,1e-05,0.0,0.40431172,300.05814
0.00032,0.0,1e-05,0.1,0.6938698,361.38208
0.00032,0.0,1e-05,0.2,0.46480888,380.53024
0.00032,0.0,1e-05,0.3,0.4774176,386.37558
0.00032,0.0,1e-05,0.4,0.4872055,388.69366
0.00032,0.0,1e-05,0.5,0.48903567,389.45947
0.00032,0.0,1e-05,0.6,0.48936298,389.71332
0.00032,0.0,1e-05,0.7,0.48959976,389.81082
0.00032,0.0,1e-05,0.8,0.4898404,389.8545
0.00032,0.0,1e-05,0.9,0.49005246,389.87692
0.00032,0.0,1e-05,1.0,0.490223,389.8898
0.00032,0.0,0.0,0.0,0.4043143,300.0581
0.00032,0.0,0.0,0.1,0.6938726,361.38168
0.00032,0.0,0.0,0.2,0.46480882,380.53018
0.00032,0.0,0.0,0.3,0.47741765,386.37555
0.00032,0.0,0.0,0.4,0.48720548,388.69366
0.00032,0.0,0.0,0.5,0.4890358,389.45947
0.00032,0.0,0.0,0.6,0.48936293,389.71332
0.00032,0.0,0.0,0.7,0.48959976,389.81082
0.00032,0.0,0.0,0.8,0.4898404,389.8545
0.00032,0.0,0.0,0.9,0.49005246,389.87692
0.00032,0.0,0.0,1.0,0.490223,389.8898
0.00028,1e-04,0.0,0.0,0.40420705,300.05917
0.00028,1e-04,0.0,0.1,0.69377863,361.39297
0.00028,1e-04,0.0,0.2,0.46480674,380.53305
0.00028,1e-04,0.0,0.3,0.4774226,386.37656
0.00028,1e-04,0.0,0.4,0.4872068,388.69412
0.00028,1e-04,0.0,0.5,0.48903596,389.4596
0.00028,1e-04,0.0,0.6,0.48936307,389.71335
0.00028,1e-04,0.0,0.7,0.4895998,389.81082
0.00028,1e-04,0.0,0.8,0.4898404,389.85452
0.00028,1e-04,0.0,0.9,0.49005246,389.87692
0.00028,1e-04,0.0,1.0,0.49022317,389.8898
0.00028,1e-04,1e-05,0.0,0.40420383,300.0592
0.00028,1e-04,1e-05,0.1,0.693776,361.39337
0.00028,1e-04,1e-05,0.2,0.46480674,380.53314
0.00028,1e-04,1e-05,0.3,0.47742257,386.3766
0.00028,1e-04,1e-05,0.4,0.48720682,388.69412
0.00028,1e-04,1e-05,0.5,0.48903596,389.4596
0.00028,1e-04,1e-05,0.6,0.48936313,389.71335
0.00028,1e-04,1e-05,0.7,0.4895998,389.81082
0.00028,1e-04,1e-05,0.8,0.4898404,389.85452
0.00028,1e-04,1e-05,0.9,0.49005246,389.87692
0.00028,1e-04,1e-05,1.0,0.49022317,389.8898
0.00029,8.27e-05,0.0,0.0,0.40422365,300.05893
0.00029,8.27e-05,0.0,0.1,0.6937926,361.39136
0.00029,8.27e-05,0.0,0.2,0.46480736,380.53265
0.00029,8.27e-05,0.0,0.3,0.47742176,386.37643
0.00029,8.27e-05,0.0,0.4,0.48720658,388.69406
0.00029,8.27e-05,0.0,0.5,0.4890359,389.4596
0.00029,8.27e-05,0.0,0.6,0.48936307,389.71335
0.00029,8.27e-05,0.0,0.7,0.4895999,389.81082
0.00029,8.27e-05,0.0,0.8,0.48984033,389.85452
0.00029,8.27e-05,0.0,0.9,0.4900524,389.87692
0.00029,8.27e-05,0.0,1.0,0.49022317,389.8898
0.00029,8.31e-05,5e-06,0.0,0.40422183,300.05896
0.00029,8.31e-05,5e-06,0.1,0.69379073,361.3916
0.00029,8.31e-05,5e-06,0.2,0.46480727,380.53268
0.00029,8.31e-05,5e-06,0.3,0.47742182,386.37646
0.00029,8.31e-05,5e-06,0.4,0.48720658,388.69406
0.00029,8.31e-05,5e-06,0.5,0.48903596,389.4596
0.00029,8.31e-05,5e-06,0.6,0.48936307,389.71335
0.00029,8.31e-05,5e-06,0.7,0.4895998,389.81082
0.00029,8.31e-05,5e-06,0.8,0.48984033,389.85452
0.00029,8.31e-05,5e-06,0.9,0.4900524,389.87692
0.00029,8.31e-05,5e-06,1.0,0.49022317,389.8898
0.00029,8.27e-05,1e-05,0.0,0.40422,300.059
0.00029,8.27e-05,1e-05,0.1,0.6937897,361.39175
0.00029,8.27e-05,1e-05,0.2,0.46480712,380.5327
0.00029,8.27e-05,1e-05,0.3,0.477422,386.3765
0.00029,8.27e-05,1e-05,0.4,0.48720673,388.69406
0.00029,8.27e-05,1e-05,0.5,0.48903596,389.4596
0.00029,8.27e-05,1e-05,0.6,0.48936307,389.71335
0.00029,8.27e-05,1e-05,0.7,0.4895998,389.81082
0.00029,8.27e-05,1e-05,0.8,0.48984033,389.85452
0.00029,8.27e-05,1e-05,0.9,0.4900524,389.87692
0.00029,8.27e-05,1e-05,1.0,0.49022317,389.8898
0.0003,6.69e-05,1e-05,0.0,0.40423396,300.0588
0.0003,6.69e-05,1e-05,0.1,0.6938021,361.39035
0.0003,6.69e-05,1e-05,0.2,0.4648074,380.53235
0.0003,6.69e-05,1e-05,0.3,0.47742125,386.3763
0.0003,6.69e-05,1e-05,0.4,0.48720646,388.69403
0.0003,6.69e-05,1e-05,0.5,0.48903593,389.45956
0.0003,6.69e-05,1e-05,0.6,0.48936307,389.71335
0.0003,6.69e-05,1e-05,0.7,0.48959985,389.81082
0.0003,6.69e-05,1e-05,0.8,0.48984027,389.8545
0.0003,6.69e-05,1e-05,0.9,0.49005246,389.87692
0.0003,6.69e-05,1e-05,1.0,0.49022317,389.8898
0.0003,6.69e-05,0.0,0.0,0.40423724,300.05878
0.0003,6.69e-05,0.0,0.1,0.6938049,361.39008
0.0003,6.69e-05,0.0,0.2,0.46480745,380.53232
0.0003,6.69e-05,0.0,0.3,0.47742116,386.3763
0.0003,6.69e-05,0.0,0.4,0.48720652,388.69397
0.0003,6.69e-05,0.0,0.5,0.4890359,389.45956
0.0003,6.69e-05,0.0,0.6,0.48936313,389.71335
0.0003,6.69e-05,0.0,0.7,0.48959985,389.81082
0.0003,6.69e-05,0.0,0.8,0.48984033,389.8545
0.0003,6.69e-05,0.0,0.9,0.49005246,389.87692
0.0003,6.69e-05,0.0,1.0,0.49022317,389.8898
0.00031,5.1e-05,0.0,0.0,0.40425202,300.05862
0.00031,5.1e-05,0.0,0.1,0.69381726,361.38846
0.00031,5.1e-05,0.0,0.2,0.4648078,380.53207
0.00031,5.1e-05,0.0,0.3,0.47742057,386.3762
0.00031,5.1e-05,0.0,0.4,0.48720634,388.69394
0.00031,5.1e-05,0.0,0.5,0.48903593,389.45956
0.00031,5.1e-05,0.0,0.6,0.48936304,389.71335
0.00031,5.1e-05,0.0,0.7,0.48959988,389.81082
0.00031,5.1e-05,0.0,0.8,0.4898405,389.8545
0.00031,5.1e-05,0.0,0.9,0.4900524,389.87692
0.00031,5.1e-05,0.0,1.0,0.4902231,389.8898
0.00031,5.1e-05,1e-05,0.0,0.40424836,300.0587
0.00031,5.1e-05,1e-05,0.1,0.69381475,361.38885
0.00031,5.1e-05,1e-05,0.2,0.46480757,380.53214
0.00031,5.1e-05,1e-05,0.3,0.47742075,386.3762
0.00031,5.1e-05,1e-05,0.4,0.48720616,388.69394
0.00031,5.1e-05,1e-05,0.5,0.48903596,389.45956
0.00031,5.1e-05,1e-05,0.6,0.48936304,389.71335
0.00031,5.1e-05,1e-05,0.7,0.48959985,389.81082
0.00031,5.1e-05,1e-05,0.8,0.4898405,389.8545
0.00031,5.1e-05,1e-05,0.9,0.4900524,389.87692
0.00031,5.1e-05,1e-05,1.0,0.4902231,389.8898
0.00032,3.46e-05,1e-05,0.0,0.40426263,300.05847
0.00032,3.46e-05,1e-05,0.1,0.6938275,361.38724
0.00032,3.46e-05,1e-05,0.2,0.46480772,380.53174
0.00032,3.46e-05,1e-05,0.3,0.47742003,386.37607
0.00032,3.46e-05,1e-05,0.4,0.48720604,388.6939
0.00032,3.46e-05,1e-05,0.5,0.48903593,389.45953
0.00032,3.46e-05,1e-05,0.6,0.48936307,389.71335
0.00032,3.46e-05,1e-05,0.7,0.48959988,389.81082
0.00032,3.46e-05,1e-05,0.8,0.48984045,389.8545
0.00032,3.46e-05,1e-05,0.9,0.4900524,389.87692
0.00032,3.46e-05,1e-05,1.0,0.4902231,389.8898
0.00032,3.46e-05,0.0,0.0,0.4042661,300.05844
0.00032,3.46e-05,0.0,0.1,0.69383013,361.38687
0.00032,3.46e-05,0.0,0.2,0.4648078,380.5316
0.00032,3.46e-05,0.0,0.3,0.47741967,386.376
0.00032,3.46e-05,0.0,0.4,0.487206,388.69388
0.00032,3.46e-05,0.0,0.5,0.48903587,389.45953
0.00032,3.46e-05,0.0,0.6,0.48936307,389.71335
0.00032,3.46e-05,0.0,0.7,0.48959988,389.81082
0.00032,3.46e-05,0.0,0.8,0.48984045,389.8545
0.00032,3.46e-05,0.0,0.9,0.49005246,389.87692
0.00032,3.46e-05,0.0,1.0,0.4902231,389.8898
0.00033,1.73e-05,1e-05,0.0,0.4042797,300.0584
0.00033,1.73e-05,1e-05,0.1,0.6938415,361.3856
0.00033,1.73e-05,1e-05,0.2,0.46480823,380.53104
0.00033,1.73e-05,1e-05,0.3,0.47741914,386.37582
0.00033,1.73e-05,1e-05,0.4,0.4872058,388.69385
0.00033,1.73e-05,1e-05,0.5,0.4890359,389.4595
0.00033,1.73e-05,1e-05,0.6,0.489363,389.71335
0.00033,1.73e-05,1e-05,0.7,0.48959988,389.81082
0.00033,1.73e-05,1e-05,0.8,0.48984045,389.8545
0.00033,1.73e-05,1e-05,0.9,0.49005246,389.87692
0.00033,1.73e-05,1e-05,1.0,0.4902231,389.8898
0.00033,1.73e-05,0.0,0.0,0.40428275,300.05835
0.00033,1.73e-05,0.0,0.1,0.6938442,361.38525
0.00033,1.73e-05,0.0,0.2,0.46480823,380.53098
0.00033,1.73e-05,0.0,0.3,0.47741902,386.37582
0.00033,1.73e-05,0.0,0.4,0.48720574,388.69385
0.00033,1.73e-05,0.0,0.5,0.4890359,389.4595
0.00033,1.73e-05,0.0,0.6,0.48936296,389.71335
0.00033,1.73e-05,0.0,0.7,0.48959994,389.81082
0.00033,1.73e-05,0.0,0.8,0.48984045,389.8545
0.00033,1.73e-05,0.0,0.9,0.49005246,389.87692
0.00033,1.73e-05,0.0,1.0,0.4902231,389.8898
0.00034,0.0,1e-05,0.0,0.40429553,300.05835
0.00034,0.0,1e-05,0.1,0.6938554,361.38388
0.00034,0.0,1e-05,0.2,0.4648084,380.5307
0.00034,0.0,1e-05,0.3,0.47741833,386.37573
0.00034,0.0,1e-05,0.4,0.48720586,388.6938
0.00034,0.0,1e-05,0.5,0.48903593,389.45947
0.00034,0.0,1e-05,0.6,0.48936293,389.71332
0.00034,0.0,1e-05,0.7,0.4895999,389.81082
0.00034,0.0,1e-05,0.8,0.48984045,389.8545
0.00034,0.0,1e-05,0.9,0.49005246,389.87692
0.00034,0.0,1e-05,1.0,0.4902231,389.8898
0.00034,0.0,0.0,0.0,0.4042981,300.0583
0.00034,0.0,0.0,0.1,0.693858,361.38358
0.00034,0.0,0.0,0.2,0.46480882,380.53067
0.00034,0.0,0.0,0.3,0.4774183,386.37573
0.00034,0.0,0.0,0.4,0.48720562,388.69373
0.00034,0.0,0.0,0.5,0.48903584,389.45947
0.00034,0.0,0.0,0.6,0.48936293,389.71332
0.00034,0.0,0.0,0.7,0.48959976,389.81082
0.00034,0.0,0.0,0.8,0.48984045,389.8545
0.00034,0.0,0.0,0.9,0.49005246,389.87692
0.00034,0.0,0.0,1.0,0.4902231,389.8898
0.0003,1e-04,0.0,0.0,0.4041903,300.0593
0.0003,1e-04,0.0,0.1,0.69376427,361.39484
0.0003,1e-04,0.0,0.2,0.46480674,380.53354
0.0003,1e-04,0.0,0.3,0.47742325,386.37677
0.0003,1e-04,0.0,0.4,0.487207,388.69415
0.0003,1e-04,0.0,0.5,0.48903584,389.45963
0.0003,1e-04,0.0,0.6,0.48936298,389.71335
0.0003,1e-04,0.0,0.7,0.48959985,389.81082
0.0003,1e-04,0.0,0.8,0.48984033,389.85452
0.0003,1e-04,0.0,0.9,0.49005252,389.87692
0.0003,1e-04,0.0,1.0,0.4902233,389.8898
0.0003,1e-04,1e-05,0.0,0.40418747,300.05936
0.0003,1e-04,1e-05,0.1,0.6937617,361.3951
0.0003,1e-04,1e-05,0.2,0.4648068,380.5336
0.0003,1e-04,1e-05,0.3,0.47742346,386.3768
0.0003,1e-04,1e-05,0.4,0.4872069,388.69415
0.0003,1e-04,1e-05,0.5,0.48903584,389.45963
0.0003,1e-04,1e-05,0.6,0.48936293,389.71335
0.0003,1e-04,1e-05,0.7,0.48959976,389.81082
0.0003,1e-04,1e-05,0.8,0.48984033,389.85452
0.0003,1e-04,1e-05,0.9,0.49005252,389.87692
0.0003,1e-04,1e-05,1.0,0.49022323,389.8898
0.00031,8.27e-05,0.0,0.0,0.40420657,300.05917
0.00031,8.27e-05,0.0,0.1,0.6937784,361.3931
0.00031,8.27e-05,0.0,0.2,0.46480715,380.53305
0.00031,8.27e-05,0.0,0.3,0.47742277,386.3766
0.00031,8.27e-05,0.0,0.4,0.48720673,388.69412
0.00031,8.27e-05,0.0,0.5,0.4890359,389.4596
0.00031,8.27e-05,0.0,0.6,0.48936307,389.71335
0.00031,8.27e-05,0.0,0.7,0.4895998,389.81082
0.00031,8.27e-05,0.0,0.8,0.4898404,389.85452
0.00031,8.27e-05,0.0,0.9,0.49005246,389.87692
0.00031,8.27e-05,0.0,1.0,0.49022317,389.8898
0.00031,8.27e-05,1e-05,0.0,0.4042037,300.05923
0.00031,8.27e-05,1e-05,0.1,0.69377565,361.39343
0.00031,8.27e-05,1e-05,0.2,0.46480685,380.53314
0.00031,8.27e-05,1e-05,0.3,0.4774226,386.37662
0.00031,8.27e-05,1e-05,0.4,0.48720682,388.69415
0.00031,8.27e-05,1e-05,0.5,0.48903596,389.45963
0.00031,8.27e-05,1e-05,0.6,0.489363,389.71335
0.00031,8.27e-05,1e-05,0.7,0.4895998,389.81082
0.00031,8.27e-05,1e-05,0.8,0.4898404,389.85452
0.00031,8.27e-05,1e-05,0.9,0.49005246,389.87692
0.00031,8.27e-05,1e-05,1.0,0.49022317,389.8898
0.00032,6.69e-05,1e-05,0.0,0.4042177,300.05902
0.00032,6.69e-05,1e-05,0.1,0.6937877,361.392
0.00032,6.69e-05,1e-05,0.2,0.46480727,380.53278
0.00032,6.69e-05,1e-05,0.3,0.47742206,386.3765
0.00032,6.69e-05,1e-05,0.4,0.48720667,388.6941
0.00032,6.69e-05,1e-05,0.5,0.48903587,389.4596
0.00032,6.69e-05,1e-05,0.6,0.48936313,389.71335
0.00032,6.69e-05,1e-05,0.7,0.4895998,389.81082
0.00032,6.69e-05,1e-05,0.8,0.48984033,389.85452
0.00032,6.69e-05,1e-05,0.9,0.49005246,389.87692
0.00032,6.69e-05,1e-05,1.0,0.49022317,389.8898
0.00032,6.69e-05,0.0,0.0,0.40422162,300.05896
0.00032,6.69e-05,0.0,0.1,0.69379056,361.39172
0.00032,6.69e-05,0.0,0.2,0.46480733,380.53268
0.00032,6.69e-05,0.0,0.3,0.47742194,386.3765
0.00032,6.69e-05,0.0,0.4,0.4872068,388.69406
0.00032,6.69e-05,0.0,0.5,0.48903596,389.4596
0.00032,6.69e-05,0.0,0.6,0.48936307,389.71335
0.00032,6.69e-05,0.0,0.7,0.4895998,389.81082
0.00032,6.69e-05,0.0,0.8,0.48984033,389.85452
0.00032,6.69e-05,0.0,0.9,0.4900524,389.87692
0.00032,6.69e-05,0.0,1.0,0.49022317,389.8898
0.00033,5.1e-05,0.0,0.0,0.40423506,300.0588
0.00033,5.1e-05,0.0,0.1,0.69380283,361.39035
0.00033,5.1e-05,0.0,0.2,0.46480757,380.53235
0.00033,5.1e-05,0.0,0.3,0.47742122,386.3763
0.00033,5.1e-05,0.0,0.4,0.48720646,388.69403
0.00033,5.1e-05,0.0,0.5,0.48903587,389.45956
0.00033,5.1e-05,0.0,0.6,0.48936307,389.71335
0.00033,5.1e-05,0.0,0.7,0.48959985,389.81082
0.00033,5.1e-05,0.0,0.8,0.48984027,389.8545
0.00033,5.1e-05,0.0,0.9,0.49005246,389.87692
0.00033,5.1e-05,0.0,1.0,0.49022317,389.8898
0.00033,5.1e-05,1e-05,0.0,0.40423208,300.05884
0.00033,5.1e-05,1e-05,0.1,0.6938,361.39062
0.00033,5.1e-05,1e-05,0.2,0.46480757,380.5324
0.00033,5.1e-05,1e-05,0.3,0.47742158,386.37637
0.00033,5.1e-05,1e-05,0.4,0.48720655,388.69406
0.00033,5.1e-05,1e-05,0.5,0.48903593,389.4596
0.00033,5.1e-05,1e-05,0.6,0.489363,389.71335
0.00033,5.1e-05,1e-05,0.7,0.4895999,389.81082
0.00033,5.1e-05,1e-05,0.8,0.48984033,389.85452
0.00033,5.1e-05,1e-05,0.9,0.49005246,389.87692
0.00033,5.1e-05,1e-05,1.0,0.49022317,389.8898
0.00034,3.46e-05,1e-05,0.0,0.40424675,300.0587
0.00034,3.46e-05,1e-05,0.1,0.69381285,361.38904
0.00034,3.46e-05,1e-05,0.2,0.46480784,380.5322
0.00034,3.46e-05,1e-05,0.3,0.47742078,386.3762
0.00034,3.46e-05,1e-05,0.4,0.48720625,388.69394
0.00034,3.46e-05,1e-05,0.5,0.48903596,389.45956
0.00034,3.46e-05,1e-05,0.6,0.48936304,389.71335
0.00034,3.46e-05,1e-05,0.7,0.48959985,389.81082
0.00034,3.46e-05,1e-05,0.8,0.4898405,389.8545
0.00034,3.46e-05,1e-05,0.9,0.4900524,389.87692
0.00034,3.46e-05,1e-05,1.0,0.4902231,389.8898
0.00034,3.46e-05,0.0,0.0,0.40425062,300.05862
0.00034,3.46e-05,0.0,0.1,0.6938158,361.3887
0.00034,3.46e-05,0.0,0.2,0.46480775,380.53214
0.00034,3.46e-05,0.0,0.3,0.47742075,386.3762
0.00034,3.46e-05,0.0,0.4,0.48720616,388.69394
0.00034,3.46e-05,0.0,0.5,0.48903593,389.45956
0.00034,3.46e-05,0.0,0.6,0.48936304,389.71335
0.00034,3.46e-05,0.0,0.7,0.48959988,389.81082
0.00034,3.46e-05,0.0,0.8,0.4898405,389.8545
0.00034,3.46e-05,0.0,0.9,0.4900524,389.87692
0.00034,3.46e-05,0.0,1.0,0.4902231,389.8898
0.00035,1.73e-05,1e-05,0.0,0.4042624,300.05847
0.00035,1.73e-05,1e-05,0.1,0.6938271,361.38733
0.00035,1.73e-05,1e-05,0.2,0.46480802,380.53177
0.00035,1.73e-05,1e-05,0.3,0.4774199,386.37607
0.00035,1.73e-05,1e-05,0.4,0.48720598,388.6939
0.00035,1.73e-05,1e-05,0.5,0.48903593,389.45953
0.00035,1.73e-05,1e-05,0.6,0.48936307,389.71335
0.00035,1.73e-05,1e-05,0.7,0.48959988,389.81082
0.00035,1.73e-05,1e-05,0.8,0.48984045,389.8545
0.00035,1.73e-05,1e-05,0.9,0.4900524,389.87692
0.00035,1.73e-05,1e-05,1.0,0.4902231,389.8898
0.00035,1.73e-05,0.0,0.0,0.40426624,300.0584
0.00035,1.73e-05,0.0,0.1,0.6938299,361.38693
0.00035,1.73e-05,0.0,0.2,0.4648083,380.5316
0.00035,1.73e-05,0.0,0.3,0.4774198,386.376
0.00035,1.73e-05,0.0,0.4,0.48720607,388.6939
0.00035,1.73e-05,0.0,0.5,0.48903587,389.45953
0.00035,1.73e-05,0.0,0.6,0.48936307,389.71335
0.00035,1.73e-05,0.0,0.7,0.48959988,389.81082
0.00035,1.73e-05,0.0,0.8,0.48984045,389.8545
0.00035,1.73e-05,0.0,0.9,0.4900524,389.87692
0.00035,1.73e-05,0.0,1.0,0.4902231,389.8898
0.00036,0.0,1e-05,0.0,0.40427944,300.0584
0.00036,0.0,1e-05,0.1,0.69384104,361.38568
0.00036,0.0,1e-05,0.2,0.46480834,380.53113
0.00036,0.0,1e-05,0.3,0.47741926,386.37582
0.00036,0.0,1e-05,0.4,0.48720586,388.69385
0.00036,0.0,1e-05,0.5,0.48903596,389.4595
0.00036,0.0,1e-05,0.6,0.489363,389.71335
0.00036,0.0,1e-05,0.7,0.48959988,389.81082
0.00036,0.0,1e-05,0.8,0.48984045,389.8545
0.00036,0.0,1e-05,0.9,0.49005246,389.87692
0.00036,0.0,1e-05,1.0,0.4902231,389.8898
0.00036,0.0,0.0,0.0,0.4042828,300.05835
0.00036,0.0,0.0,0.1,0.69384396,361.38535
0.00036,0.0,0.0,0.2,0.46480858,380.531
0.00036,0.0,0.0,0.3,0.47741902,386.37582
0.00036,0.0,0.0,0.4,0.48720574,388.69385
0.00036,0.0,0.0,0.5,0.4890359,389.4595
0.00036,0.0,0.0,0.6,0.48936296,389.71335
0.00036,0.0,0.0,0.7,0.48959994,389.81082
0.00036,0.0,0.0,0.8,0.48984045,389.8545
0.00036,0.0,0.0,0.9,0.49005246,389.87692
0.00036,0.0,0.0,1.0,0.4902231,389.8898
0.00032,1e-04,0.0,0.0,0.4041746,300.05945
0.00032,1e-04,0.0,0.1,0.6937498,361.39664
0.00032,1e-04,0.0,0.2,0.46480656,380.53397
0.00032,1e-04,0.0,0.3,0.47742414,386.37695
0.00032,1e-04,0.0,0.4,0.487207,388.69424
0.00032,1e-04,0.0,0.5,0.48903584,389.45966
0.00032,1e-04,0.0,0.6,0.48936284,389.71338
0.00032,1e-04,0.0,0.7,0.48959976,389.81082
0.00032,1e-04,0.0,0.8,0.4898404,389.85452
0.00032,1e-04,0.0,0.9,0.49005246,389.87692
0.00032,1e-04,0.0,1.0,0.4902231,389.8898
0.00032,9.31e-05,5e-06,0.0,0.40418258,300.05942
0.00032,9.31e-05,5e-06,0.1,0.69375664,361.39584
0.00032,9.31e-05,5e-06,0.2,0.46480674,380.53372
0.00032,9.31e-05,5e-06,0.3,0.47742373,386.37686
0.00032,9.31e-05,5e-06,0.4,0.48720697,388.6942
0.00032,9.31e-05,5e-06,0.5,0.4890359,389.45966
0.00032,9.31e-05,5e-06,0.6,0.48936293,389.71335
0.00032,9.31e-05,5e-06,0.7,0.48959976,389.81082
0.00032,9.31e-05,5e-06,0.8,0.48984033,389.85452
0.00032,9.31e-05,5e-06,0.9,0.49005246,389.87692
0.00032,9.31e-05,5e-06,1.0,0.49022323,389.8898
0.00032,1e-04,1e-05,0.0,0.40417135,300.05948
0.00032,1e-04,1e-05,0.1,0.69374716,361.39697
0.00032,1e-04,1e-05,0.2,0.46480668,380.53406
0.00032,1e-04,1e-05,0.3,0.4774243,386.37698
0.00032,1e-04,1e-05,0.4,0.4872071,388.69424
0.00032,1e-04,1e-05,0.5,0.4890359,389.45966
0.00032,1e-04,1e-05,0.6,0.48936298,389.71338
0.00032,1e-04,1e-05,0.7,0.48959988,389.81082
0.00032,1e-04,1e-05,0.8,0.4898404,389.85452
0.00032,1e-04,1e-05,0.9,0.49005246,389.87692
0.00032,1e-04,1e-05,1.0,0.4902231,389.8898
0.00033,8.27e-05,1e-05,0.0,0.40418726,300.05936
0.00033,8.27e-05,1e-05,0.1,0.69376105,361.39532
0.00033,8.27e-05,1e-05,0.2,0.46480674,380.53363
0.00033,8.27e-05,1e-05,0.3,0.47742355,386.37683
0.00033,8.27e-05,1e-05,0.4,0.48720682,388.69415
0.00033,8.27e-05,1e-05,0.5,0.4890358,389.45966
0.00033,8.27e-05,1e-05,0.6,0.48936293,389.71335
0.00033,8.27e-05,1e-05,0.7,0.48959976,389.81082
0.00033,8.27e-05,1e-05,0.8,0.48984033,389.85452
0.00033,8.27e-05,1e-05,0.9,0.49005252,389.87692
0.00033,8.27e-05,1e-05,1.0,0.49022323,389.8898
0.00033,8.27e-05,0.0,0.0,0.40419033,300.0593
0.00033,8.27e-05,0.0,0.1,0.693764,361.39493
0.00033,8.27e-05,0.0,0.2,0.46480685,380.53357
0.00033,8.27e-05,0.0,0.3,0.4774233,386.37677
0.00033,8.27e-05,0.0,0.4,0.48720694,388.69415
0.00033,8.27e-05,0.0,0.5,0.4890359,389.45963
0.00033,8.27e-05,0.0,0.6,0.48936293,389.71335
0.00033,8.27e-05,0.0,0.7,0.48959973,389.81082
0.00033,8.27e-05,0.0,0.8,0.48984033,389.85452
0.00033,8.27e-05,0.0,0.9,0.49005252,389.87692
0.00033,8.27e-05,0.0,1.0,0.49022323,389.8898
0.00034,1e-04,0.0,0.0,0.40415817,300.0597
0.00034,1e-04,0.0,0.1,0.6937355,361.39832
0.00034,1e-04,0.0,0.2,0.4648063,380.53442
0.00034,1e-04,0.0,0.3,0.47742495,386.37723
0.00034,1e-04,0.0,0.4,0.4872074,388.69427
0.00034,1e-04,0.0,0.5,0.48903596,389.45966
0.00034,1e-04,0.0,0.6,0.4893632,389.71338
0.00034,1e-04,0.0,0.7,0.48959982,389.81082
0.00034,1e-04,0.0,0.8,0.4898404,389.85452
0.00034,1e-04,0.0,0.9,0.49005252,389.87692
0.00034,1e-04,0.0,1.0,0.4902231,389.8898
0.00034,6.69e-05,1e-05,0.0,0.4042014,300.0593
0.00034,6.69e-05,1e-05,0.1,0.69377327,361.39374
0.00034,6.69e-05,1e-05,0.2,0.46480703,380.53333
0.00034,6.69e-05,1e-05,0.3,0.4774228,386.37665
0.00034,6.69e-05,1e-05,0.4,0.48720688,388.69415
0.00034,6.69e-05,1e-05,0.5,0.4890359,389.45963
0.00034,6.69e-05,1e-05,0.6,0.489363,389.71335
0.00034,6.69e-05,1e-05,0.7,0.48959985,389.81082
0.00034,6.69e-05,1e-05,0.8,0.4898404,389.85452
0.00034,6.69e-05,1e-05,0.9,0.49005246,389.87692
0.00034,6.69e-05,1e-05,1.0,0.4902233,389.8898
0.00034,6.69e-05,0.0,0.0,0.4042048,300.05923
0.00034,6.69e-05,0.0,0.1,0.69377613,361.3934
0.00034,6.69e-05,0.0,0.2,0.46480697,380.53314
0.00034,6.69e-05,0.0,0.3,0.4774226,386.37662
0.00034,6.69e-05,0.0,0.4,0.48720682,388.69415
0.00034,6.69e-05,0.0,0.5,0.48903596,389.45963
0.00034,6.69e-05,0.0,0.6,0.489363,389.71335
0.00034,6.69e-05,0.0,0.7,0.4895998,389.81082
0.00034,6.69e-05,0.0,0.8,0.4898404,389.85452
0.00034,6.69e-05,0.0,0.9,0.49005246,389.87692
0.00034,6.69e-05,0.0,1.0,0.49022317,389.8898
0.00035,5.1e-05,0.0,0.0,0.404219,300.05902
0.00035,5.1e-05,0.0,0.1,0.69378835,361.39194
0.00035,5.1e-05,0.0,0.2,0.46480745,380.53278
0.00035,5.1e-05,0.0,0.3,0.477422,386.3765
0.00035,5.1e-05,0.0,0.4,0.48720667,388.6941
0.00035,5.1e-05,0.0,0.5,0.48903587,389.4596
0.00035,5.1e-05,0.0,0.6,0.48936313,389.71335
0.00035,5.1e-05,0.0,0.7,0.4895998,389.81082
0.00035,5.1e-05,0.0,0.8,0.48984033,389.85452
0.00035,5.1e-05,0.0,0.9,0.4900524,389.87692
0.00035,5.1e-05,0.0,1.0,0.49022317,389.8898
0.00035,5.1e-05,1e-05,0.0,0.4042157,300.05905
0.00035,5.1e-05,1e-05,0.1,0.6937858,361.39227
0.00035,5.1e-05,1e-05,0.2,0.4648072,380.53287
0.00035,5.1e-05,1e-05,0.3,0.47742224,386.3765
0.00035,5.1e-05,1e-05,0.4,0.48720682,388.69412
0.00035,5.1e-05,1e-05,0.5,0.48903602,389.4596
0.00035,5.1e-05,1e-05,0.6,0.48936313,389.71335
0.00035,5.1e-05,1e-05,0.7,0.4895998,389.81082
0.00035,5.1e-05,1e-05,0.8,0.48984033,389.85452
0.00035,5.1e-05,1e-05,0.9,0.49005246,389.87692
0.00035,5.1e-05,1e-05,1.0,0.49022317,389.8898
0.00036,3.44e-05,5e-06,0.0,0.40423268,300.05884
0.00036,3.44e-05,5e-06,0.1,0.6938001,361.39066
0.00036,3.44e-05,5e-06,0.2,0.4648076,380.53247
0.00036,3.44e-05,5e-06,0.3,0.47742155,386.37637
0.00036,3.44e-05,5e-06,0.4,0.48720658,388.69406
0.00036,3.44e-05,5e-06,0.5,0.48903587,389.4596
0.00036,3.44e-05,5e-06,0.6,0.489363,389.71335
0.00036,3.44e-05,5e-06,0.7,0.4895999,389.81082
0.00036,3.44e-05,5e-06,0.8,0.48984033,389.85452
0.00036,3.44e-05,5e-06,0.9,0.49005246,389.87692
0.00036,3.44e-05,5e-06,1.0,0.49022317,389.8898
0.00036,3.46e-05,1e-05,0.0,0.40423024,300.05887
0.00036,3.46e-05,1e-05,0.1,0.6937988,361.39084
0.00036,3.46e-05,1e-05,0.2,0.4648076,380.53253
0.00036,3.46e-05,1e-05,0.3,0.47742158,386.37637
0.00036,3.46e-05,1e-05,0.4,0.48720664,388.69406
0.00036,3.46e-05,1e-05,0.5,0.48903596,389.4596
0.00036,3.46e-05,1e-05,0.6,0.48936304,389.71335
0.00036,3.46e-05,1e-05,0.7,0.4895999,389.81082
0.00036,3.46e-05,1e-05,0.8,0.48984033,389.85452
0.00036,3.46e-05,1e-05,0.9,0.49005246,389.87692
0.00036,3.46e-05,1e-05,1.0,0.49022317,389.8898
0.00036,3.46e-05,0.0,0.0,0.4042337,300.0588
0.00036,3.46e-05,0.0,0.1,0.6938014,361.3905
0.00036,3.46e-05,0.0,0.2,0.46480775,380.53238
0.00036,3.46e-05,0.0,0.3,0.4774214,386.37634
0.00036,3.46e-05,0.0,0.4,0.48720652,388.69406
0.00036,3.46e-05,0.0,0.5,0.48903593,389.45956
0.00036,3.46e-05,0.0,0.6,0.48936307,389.71335
0.00036,3.46e-05,0.0,0.7,0.48959985,389.81082
0.00036,3.46e-05,0.0,0.8,0.48984027,389.8545
0.00036,3.46e-05,0.0,0.9,0.49005246,389.87692
0.00036,3.46e-05,0.0,1.0,0.49022317,389.8898
0.00037,1.73e-05,0.0,0.0,0.40425068,300.05865
0.00037,1.73e-05,0.0,0.1,0.69381565,361.38873
0.00037,1.73e-05,0.0,0.2,0.46480802,380.53217
0.00037,1.73e-05,0.0,0.3,0.4774207,386.3762
0.00037,1.73e-05,0.0,0.4,0.4872061,388.69394
0.00037,1.73e-05,0.0,0.5,0.48903596,389.45956
0.00037,1.73e-05,0.0,0.6,0.48936304,389.71335
0.00037,1.73e-05,0.0,0.7,0.4895999,389.81082
0.00037,1.73e-05,0.0,0.8,0.4898405,389.8545
0.00037,1.73e-05,0.0,0.9,0.4900524,389.87692
0.00037,1.73e-05,0.0,1.0,0.4902231,389.8898
0.00037,1.73e-05,1e-05,0.0,0.4042467,300.0587
0.00037,1.73e-05,1e-05,0.1,0.6938127,361.3891
0.00037,1.73e-05,1e-05,0.2,0.4648081,380.53223
0.00037,1.73e-05,1e-05,0.3,0.4774207,386.37622
0.00037,1.73e-05,1e-05,0.4,0.48720625,388.69394
0.00037,1.73e-05,1e-05,0.5,0.48903596,389.45956
0.00037,1.73e-05,1e-05,0.6,0.48936304,389.71335
0.00037,1.73e-05,1e-05,0.7,0.48959985,389.81082
0.00037,1.73e-05,1e-05,0.8,0.4898405,389.8545
0.00037,1.73e-05,1e-05,0.9,0.4900524,389.87692
0.00037,1.73e-05,1e-05,1.0,0.49022317,389.8898
0.00037,1.04e-05,5e-06,0.0,0.4042579,300.05847
0.00037,1.04e-05,5e-06,0.1,0.6938226,361.38785
0.00037,1.04e-05,5e-06,0.2,0.46480796,380.53192
0.00037,1.04e-05,5e-06,0.3,0.47742027,386.37616
0.00037,1.04e-05,5e-06,0.4,0.48720625,388.6939
0.00037,1.04e-05,5e-06,0.5,0.4890358,389.45956
0.00037,1.04e-05,5e-06,0.6,0.48936304,389.71335
0.00037,1.04e-05,5e-06,0.7,0.48959982,389.81082
0.00037,1.04e-05,5e-06,0.8,0.4898405,389.8545
0.00037,1.04e-05,5e-06,0.9,0.4900524,389.87692
0.00037,1.04e-05,5e-06,1.0,0.4902231,389.8898
0.00038,0.0,1e-05,0.0,0.40426257,300.05847
0.00038,0.0,1e-05,0.1,0.69382674,361.38742
0.00038,0.0,1e-05,0.2,0.46480817,380.53177
0.00038,0.0,1e-05,0.3,0.47742003,386.37607
0.00038,0.0,1e-05,0.4,0.48720622,388.6939
0.00038,0.0,1e-05,0.5,0.48903593,389.45953
0.00038,0.0,1e-05,0.6,0.48936307,389.71335
0.00038,0.0,1e-05,0.7,0.48959982,389.81082
0.00038,0.0,1e-05,0.8,0.48984045,389.8545
0.00038,0.0,1e-05,0.9,0.4900524,389.87692
0.00038,0.0,1e-05,1.0,0.4902231,389.8898
0.00038,0.0,0.0,0.0,0.40426606,300.05844
0.00038,0.0,0.0,0.1,0.69382966,361.38696
0.00038,0.0,0.0,0.2,0.4648084,380.5317
0.00038,0.0,0.0,0.3,0.47741985,386.376
0.00038,0.0,0.0,0.4,0.48720607,388.6939
0.00038,0.0,0.0,0.5,0.48903593,389.45953
0.00038,0.0,0.0,0.6,0.48936307,389.71335
0.00038,0.0,0.0,0.7,0.48959988,389.81082
0.00038,0.0,0.0,0.8,0.48984045,389.8545
0.00038,0.0,0.0,0.9,0.4900524,389.87692
0.00038,0.0,0.0,1.0,0.4902231,389.8898
0.00034,1e-04,1e-05,0.0,0.40415603,300.05972
0.00034,1e-04,1e-05,0.1,0.69373244,361.3987
0.00034,1e-04,1e-05,0.2,0.4648064,380.53458
0.00034,1e-04,1e-05,0.3,0.47742495,386.3773
0.00034,1e-04,1e-05,0.4,0.4872075,388.69427
0.00034,1e-04,1e-05,0.5,0.48903596,389.45966
0.00034,1e-04,1e-05,0.6,0.4893632,389.71338
0.00034,1e-04,1e-05,0.7,0.48959982,389.81082
0.00034,1e-04,1e-05,0.8,0.4898405,389.85452
0.00034,1e-04,1e-05,0.9,0.49005264,389.87692
0.00034,1e-04,1e-05,1.0,0.49022317,389.8898
0.00035,8.27e-05,1e-05,0.0,0.404171,300.05948
0.00035,8.27e-05,1e-05,0.1,0.6937467,361.397
0.00035,8.27e-05,1e-05,0.2,0.46480677,380.53406
0.00035,8.27e-05,1e-05,0.3,0.4774243,386.377
0.00035,8.27e-05,1e-05,0.4,0.48720717,388.69424
0.00035,8.27e-05,1e-05,0.5,0.4890359,389.45966
0.00035,8.27e-05,1e-05,0.6,0.48936298,389.71338
0.00035,8.27e-05,1e-05,0.7,0.48959982,389.81082
0.00035,8.27e-05,1e-05,0.8,0.4898404,389.85452
0.00035,8.27e-05,1e-05,0.9,0.49005246,389.87692
0.00035,8.27e-05,1e-05,1.0,0.4902231,389.8898
0.00035,8.27e-05,0.0,0.0,0.4041739,300.05942
0.00035,8.27e-05,0.0,0.1,0.69374925,361.3967
0.00035,8.27e-05,0.0,0.2,0.46480677,380.53403
0.00035,8.27e-05,0.0,0.3,0.47742417,386.37695
0.00035,8.27e-05,0.0,0.4,0.4872071,388.69424
0.00035,8.27e-05,0.0,0.5,0.48903573,389.45966
0.00035,8.27e-05,0.0,0.6,0.48936293,389.71338
0.00035,8.27e-05,0.0,0.7,0.48959976,389.81082
0.00035,8.27e-05,0.0,0.8,0.4898404,389.85452
0.00035,8.27e-05,0.0,0.9,0.49005246,389.87692
0.00035,8.27e-05,0.0,1.0,0.4902231,389.8898
0.000355,7.48e-05,5e-06,0.0,0.4041803,300.0594
0.000355,7.48e-05,5e-06,0.1,0.6937542,361.3962
0.000355,7.48e-05,5e-06,0.2,0.46480668,380.5338
0.000355,7.48e-05,5e-06,0.3,0.4774239,386.3769
0.000355,7.48e-05,5e-06,0.4,0.48720706,388.6942
0.000355,7.48e-05,5e-06,0.5,0.4890359,389.45966
0.000355,7.48e-05,5e-06,0.6,0.48936293,389.71335
0.000355,7.48e-05,5e-06,0.7,0.48959976,389.81082
0.000355,7.48e-05,5e-06,0.8,0.4898404,389.85452
0.000355,7.48e-05,5e-06,0.9,0.49005246,389.87692
0.000355,7.48e-05,5e-06,1.0,0.4902231,389.8898
0.00036,1e-04,0.0,0.0,0.40414253,300.0598
0.00036,1e-04,0.0,0.1,0.693721,361.4001
0.00036,1e-04,0.0,0.2,0.46480647,380.53485
0.00036,1e-04,0.0,0.3,0.47742566,386.3774
0.00036,1e-04,0.0,0.4,0.48720753,388.69434
0.00036,1e-04,0.0,0.5,0.4890361,389.45966
0.00036,1e-04,0.0,0.6,0.4893633,389.7134
0.00036,1e-04,0.0,0.7,0.48959988,389.81082
0.00036,1e-04,0.0,0.8,0.4898406,389.85452
0.00036,1e-04,0.0,0.9,0.49005258,389.87692
0.00036,1e-04,0.0,1.0,0.49022317,389.8898
0.00036,6.69e-05,1e-05,0.0,0.4041849,300.0594
0.00036,6.69e-05,1e-05,0.1,0.6937591,361.3956
0.00036,6.69e-05,1e-05,0.2,0.46480703,380.5337
0.00036,6.69e-05,1e-05,0.3,0.4774236,386.37686
0.00036,6.69e-05,1e-05,0.4,0.48720676,388.6942
0.00036,6.69e-05,1e-05,0.5,0.48903584,389.45966
0.00036,6.69e-05,1e-05,0.6,0.48936293,389.71335
0.00036,6.69e-05,1e-05,0.7,0.48959976,389.81082
0.00036,6.69e-05,1e-05,0.8,0.48984033,389.85452
0.00036,6.69e-05,1e-05,0.9,0.49005246,389.87692
0.00036,6.69e-05,1e-05,1.0,0.49022323,389.8898
0.00036,6.69e-05,0.0,0.0,0.4041887,300.05933
0.00036,6.69e-05,0.0,0.1,0.69376165,361.39532
0.00036,6.69e-05,0.0,0.2,0.46480697,380.53363
0.00036,6.69e-05,0.0,0.3,0.47742355,386.37683
0.00036,6.69e-05,0.0,0.4,0.48720694,388.69415
0.00036,6.69e-05,0.0,0.5,0.4890358,389.45966
0.00036,6.69e-05,0.0,0.6,0.48936293,389.71335
0.00036,6.69e-05,0.0,0.7,0.48959976,389.81082
0.00036,6.69e-05,0.0,0.8,0.48984033,389.85452
0.00036,6.69e-05,0.0,0.9,0.49005252,389.87692
0.00036,6.69e-05,0.0,1.0,0.49022323,389.8898
0.00037,5.1e-05,0.0,0.0,0.40420237,300.05923
0.00037,5.1e-05,0.0,0.1,0.6937741,361.39368
0.00037,5.1e-05,0.0,0.2,0.46480733,380.53333
0.00037,5.1e-05,0.0,0.3,0.47742283,386.37665
0.00037,5.1e-05,0.0,0.4,0.48720676,388.69415
0.00037,5.1e-05,0.0,0.5,0.4890359,389.45963
0.00037,5.1e-05,0.0,0.6,0.489363,389.71335
0.00037,5.1e-05,0.0,0.7,0.48959985,389.81082
0.00037,5.1e-05,0.0,0.8,0.4898404,389.85452
0.00037,5.1e-05,0.0,0.9,0.49005246,389.87692
0.00037,5.1e-05,0.0,1.0,0.4902233,389.8898
0.00037,5.1e-05,1e-05,0.0,0.4041996,300.05923
0.00037,5.1e-05,1e-05,0.1,0.69377124,361.39404
0.00037,5.1e-05,1e-05,0.2,0.4648072,380.53342
0.00037,5.1e-05,1e-05,0.3,0.47742307,386.3767
0.00037,5.1e-05,1e-05,0.4,0.48720694,388.69415
0.00037,5.1e-05,1e-05,0.5,0.48903584,389.45963
0.00037,5.1e-05,1e-05,0.6,0.48936293,389.71335
0.00037,5.1e-05,1e-05,0.7,0.48959985,389.81082
0.00037,5.1e-05,1e-05,0.8,0.4898404,389.85452
0.00037,5.1e-05,1e-05,0.9,0.49005252,389.87692
0.00037,5.1e-05,1e-05,1.0,0.4902233,389.8898
0.00038,3.46e-05,1e-05,0.0,0.4042151,300.05908
0.00038,3.46e-05,1e-05,0.1,0.69378436,361.3925
0.00038,3.46e-05,1e-05,0.2,0.46480745,380.53293
0.00038,3.46e-05,1e-05,0.3,0.47742236,386.37653
0.00038,3.46e-05,1e-05,0.4,0.48720646,388.69412
0.00038,3.46e-05,1e-05,0.5,0.4890359,389.4596
0.00038,3.46e-05,1e-05,0.6,0.489363,389.71335
0.00038,3.46e-05,1e-05,0.7,0.4895998,389.81082
0.00038,3.46e-05,1e-05,0.8,0.48984033,389.85452
0.00038,3.46e-05,1e-05,0.9,0.49005246,389.87692
0.00038,3.46e-05,1e-05,1.0,0.49022317,389.8898
0.00038,3.46e-05,0.0,0.0,0.4042182,300.05905
0.00038,3.46e-05,0.0,0.1,0.693787,361.39218
0.00038,3.46e-05,0.0,0.2,0.46480757,380.53284
0.00038,3.46e-05,0.0,0.3,0.47742212,386.3765
0.00038,3.46e-05,0.0,0.4,0.4872067,388.69412
0.00038,3.46e-05,0.0,0.5,0.48903602,389.4596
0.00038,3.46e-05,0.0,0.6,0.48936313,389.71335
0.00038,3.46e-05,0.0,0.7,0.4895998,389.81082
0.00038,3.46e-05,0.0,0.8,0.48984033,389.85452
0.00038,3.46e-05,0.0,0.9,0.49005246,389.87692
0.00038,3.46e-05,0.0,1.0,0.49022317,389.8898
0.00039,1.73e-05,0.0,0.0,0.40423417,300.0588
0.00039,1.73e-05,0.0,0.1,0.6938009,361.39056
0.00039,1.73e-05,0.0,0.2,0.46480787,380.53247
0.00039,1.73e-05,0.0,0.3,0.47742158,386.37637
0.00039,1.73e-05,0.0,0.4,0.48720655,388.69406
0.00039,1.73e-05,0.0,0.5,0.48903593,389.45956
0.00039,1.73e-05,0.0,0.6,0.48936307,389.71335
0.00039,1.73e-05,0.0,0.7,0.48959985,389.81082
0.00039,1.73e-05,0.0,0.8,0.48984033,389.85452
0.00039,1.73e-05,0.0,0.9,0.49005246,389.87692
0.00039,1.73e-05,0.0,1.0,0.49022317,389.8898
0.00039,1.73e-05,1e-05,0.0,0.40423027,300.05887
0.00039,1.73e-05,1e-05,0.1,0.6937983,361.39087
0.00039,1.73e-05,1e-05,0.2,0.46480787,380.53253
0.00039,1.73e-05,1e-05,0.3,0.47742182,386.3764
0.00039,1.73e-05,1e-05,0.4,0.48720664,388.69406
0.00039,1.73e-05,1e-05,0.5,0.48903596,389.4596
0.00039,1.73e-05,1e-05,0.6,0.48936304,389.71335
0.00039,1.73e-05,1e-05,0.7,0.4895999,389.81082
0.00039,1.73e-05,1e-05,0.8,0.48984033,389.85452
0.00039,1.73e-05,1e-05,0.9,0.49005246,389.87692
0.00039,1.73e-05,1e-05,1.0,0.49022317,389.8898
0.0004,0.0,1e-05,0.0,0.40424618,300.05872
0.0004,0.0,1e-05,0.1,0.69381243,361.38922
0.0004,0.0,1e-05,0.2,0.46480808,380.53226
0.0004,0.0,1e-05,0.3,0.47742075,386.37622
0.0004,0.0,1e-05,0.4,0.48720637,388.69394
0.0004,0.0,1e-05,0.5,0.48903596,389.45956
0.0004,0.0,1e-05,0.6,0.48936304,389.71335
0.0004,0.0,1e-05,0.7,0.48959985,389.81082
0.0004,0.0,1e-05,0.8,0.4898405,389.8545
0.0004,0.0,1e-05,0.9,0.4900524,389.87692
0.0004,0.0,1e-05,1.0,0.49022317,389.8898
0.000405,8.66e-06,5e-06,0.0,0.40423197,300.05884
0.000405,8.66e-06,5e-06,0.1,0.6937995,361.39075
0.000405,8.66e-06,5e-06,0.2,0.46480787,380.53253
0.000405,8.66e-06,5e-06,0.3,0.47742164,386.37637
0.000405,8.66e-06,5e-06,0.4,0.48720664,388.69406
0.000405,8.66e-06,5e-06,0.5,0.48903593,389.4596
0.000405,8.66e-06,5e-06,0.6,0.48936304,389.71335
0.000405,8.66e-06,5e-06,0.7,0.4895999,389.81082
0.000405,8.66e-06,5e-06,0.8,0.48984033,389.85452
0.000405,8.66e-06,5e-06,0.9,0.49005246,389.87692
0.000405,8.66e-06,5e-06,1.0,0.49022317,389.8898
0.0004,0.0,0.0,0.0,0.4042502,300.05865
0.0004,0.0,0.0,0.1,0.6938152,361.3888
0.0004,0.0,0.0,0.2,0.4648081,380.5322
0.0004,0.0,0.0,0.3,0.4774207,386.3762
0.0004,0.0,0.0,0.4,0.4872061,388.69394
0.0004,0.0,0.0,0.5,0.48903596,389.45956
0.0004,0.0,0.0,0.6,0.48936304,389.71335
0.0004,0.0,0.0,0.7,0.48959985,389.81082
0.0004,0.0,0.0,0.8,0.4898405,389.8545
0.0004,0.0,0.0,0.9,0.4900524,389.87692
0.0004,0.0,0.0,1.0,0.4902231,389.8898
0.00036,1e-04,1e-05,0.0,0.4041394,300.05984
0.00036,1e-04,1e-05,0.1,0.69371814,361.4004
0.00036,1e-04,1e-05,0.2,0.46480638,380.53494
0.00036,1e-04,1e-05,0.3,0.47742563,386.3774
0.00036,1e-04,1e-05,0.4,0.48720762,388.69434
0.00036,1e-04,1e-05,0.5,0.48903614,389.45966
0.00036,1e-04,1e-05,0.6,0.4893634,389.7134
0.00036,1e-04,1e-05,0.7,0.48959994,389.81082
0.00036,1e-04,1e-05,0.8,0.4898406,389.85452
0.00036,1e-04,1e-05,0.9,0.49005258,389.87692
0.00036,1e-04,1e-05,1.0,0.49022317,389.8898
0.00037,8.27e-05,0.0,0.0,0.40415788,300.0597
0.00037,8.27e-05,0.0,0.1,0.69373494,361.39838
0.00037,8.27e-05,0.0,0.2,0.46480665,380.53452
0.00037,8.27e-05,0.0,0.3,0.477425,386.37726
0.00037,8.27e-05,0.0,0.4,0.4872074,388.69427
0.00037,8.27e-05,0.0,0.5,0.48903602,389.45966
0.00037,8.27e-05,0.0,0.6,0.4893632,389.71338
0.00037,8.27e-05,0.0,0.7,0.48959982,389.81082
0.00037,8.27e-05,0.0,0.8,0.4898404,389.85452
0.00037,8.27e-05,0.0,0.9,0.49005264,389.87692
0.00037,8.27e-05,0.0,1.0,0.4902231,389.8898
0.00037,8.27e-05,1e-05,0.0,0.4041556,300.05972
0.00037,8.27e-05,1e-05,0.1,0.69373214,361.39883
0.00037,8.27e-05,1e-05,0.2,0.46480638,380.53458
0.00037,8.27e-05,1e-05,0.3,0.47742498,386.37732
0.00037,8.27e-05,1e-05,0.4,0.4872075,388.69427
0.00037,8.27e-05,1e-05,0.5,0.48903596,389.45966
0.00037,8.27e-05,1e-05,0.6,0.4893632,389.71338
0.00037,8.27e-05,1e-05,0.7,0.48959988,389.81082
0.00037,8.27e-05,1e-05,0.8,0.4898405,389.85452
0.00037,8.27e-05,1e-05,0.9,0.49005258,389.87692
0.00037,8.27e-05,1e-05,1.0,0.49022317,389.8898
0.00038,1e-04,0.0,0.0,0.4041261,300.05988
0.00038,1e-04,0.0,0.1,0.6937064,361.40192
0.00038,1e-04,0.0,0.2,0.46480632,380.5353
0.00038,1e-04,0.0,0.3,0.4774266,386.3776
0.00038,1e-04,0.0,0.4,0.48720768,388.69443
0.00038,1e-04,0.0,0.5,0.48903608,389.4597
0.00038,1e-04,0.0,0.6,0.48936328,389.7134
0.00038,1e-04,0.0,0.7,0.4896,389.81082
0.00038,1e-04,0.0,0.8,0.48984066,389.85452
0.00038,1e-04,0.0,0.9,0.49005246,389.87692
0.00038,1e-04,0.0,1.0,0.49022317,389.8898
0.00038,6.69e-05,1e-05,0.0,0.40416875,300.05957
0.00038,6.69e-05,1e-05,0.1,0.69374424,361.39734
0.00038,6.69e-05,1e-05,0.2,0.4648068,380.5342
0.00038,6.69e-05,1e-05,0.3,0.4774243,386.3771
0.00038,6.69e-05,1e-05,0.4,0.48720714,388.69424
0.00038,6.69e-05,1e-05,0.5,0.48903584,389.45966
0.00038,6.69e-05,1e-05,0.6,0.48936298,389.71338
0.00038,6.69e-05,1e-05,0.7,0.48959982,389.81082
0.00038,6.69e-05,1e-05,0.8,0.4898404,389.85452
0.00038,6.69e-05,1e-05,0.9,0.49005246,389.87692
0.00038,6.69e-05,1e-05,1.0,0.4902231,389.8898
0.00038,6.69e-05,0.0,0.0,0.40417206,300.0595
0.00038,6.69e-05,0.0,0.1,0.6937473,361.397
0.00038,6.69e-05,0.0,0.2,0.4648069,380.5341
0.00038,6.69e-05,0.0,0.3,0.47742432,386.377
0.00038,6.69e-05,0.0,0.4,0.48720717,388.69424
0.00038,6.69e-05,0.0,0.5,0.4890359,389.45966
0.00038,6.69e-05,0.0,0.6,0.48936304,389.71338
0.00038,6.69e-05,0.0,0.7,0.48959988,389.81082
0.00038,6.69e-05,0.0,0.8,0.4898404,389.85452
0.00038,6.69e-05,0.0,0.9,0.49005246,389.87692
0.00038,6.69e-05,0.0,1.0,0.4902231,389.8898
0.00039,5.1e-05,0.0,0.0,0.4041866,300.0594
0.00039,5.1e-05,0.0,0.1,0.6937597,361.3956
0.00039,5.1e-05,0.0,0.2,0.46480727,380.53366
0.00039,5.1e-05,0.0,0.3,0.4774238,386.37686
0.00039,5.1e-05,0.0,0.4,0.48720676,388.69418
0.00039,5.1e-05,0.0,0.5,0.48903584,389.45966
0.00039,5.1e-05,0.0,0.6,0.48936293,389.71335
0.00039,5.1e-05,0.0,0.7,0.48959976,389.81082
0.00039,5.1e-05,0.0,0.8,0.48984033,389.85452
0.00039,5.1e-05,0.0,0.9,0.49005246,389.87692
0.00039,5.1e-05,0.0,1.0,0.49022323,389.8898
0.00039,5.1e-05,1e-05,0.0,0.40418345,300.05942
0.00039,5.1e-05,1e-05,0.1,0.6937569,361.39594
0.00039,5.1e-05,1e-05,0.2,0.46480715,380.53375
0.00039,5.1e-05,1e-05,0.3,0.47742388,386.37686
0.00039,5.1e-05,1e-05,0.4,0.48720697,388.6942
0.00039,5.1e-05,1e-05,0.5,0.4890359,389.45966
0.00039,5.1e-05,1e-05,0.6,0.48936293,389.71335
0.00039,5.1e-05,1e-05,0.7,0.48959976,389.81082
0.00039,5.1e-05,1e-05,0.8,0.48984033,389.85452
0.00039,5.1e-05,1e-05,0.9,0.49005246,389.87692
0.00039,5.1e-05,1e-05,1.0,0.4902231,389.8898
0.000395,5.9e-05,5e-06,0.0,0.4041695,300.05954
0.000395,5.9e-05,5e-06,0.1,0.69374496,361.39734
0.000395,5.9e-05,5e-06,0.2,0.4648069,380.5342
0.000395,5.9e-05,5e-06,0.3,0.4774243,386.37714
0.000395,5.9e-05,5e-06,0.4,0.48720714,388.69424
0.000395,5.9e-05,5e-06,0.5,0.48903584,389.45966
0.000395,5.9e-05,5e-06,0.6,0.48936298,389.71338
0.000395,5.9e-05,5e-06,0.7,0.48959982,389.81082
0.000395,5.9e-05,5e-06,0.8,0.4898404,389.85452
0.000395,5.9e-05,5e-06,0.9,0.49005246,389.87692
0.000395,5.9e-05,5e-06,1.0,0.4902231,389.8898
0.0004,3.46e-05,1e-05,0.0,0.40419808,300.0592
0.0004,3.46e-05,1e-05,0.1,0.69376963,361.39423
0.0004,3.46e-05,1e-05,0.2,0.4648072,380.5335
0.0004,3.46e-05,1e-05,0.3,0.47742304,386.37674
0.0004,3.46e-05,1e-05,0.4,0.4872071,388.69415
0.0004,3.46e-05,1e-05,0.5,0.4890359,389.45963
0.0004,3.46e-05,1e-05,0.6,0.48936293,389.71335
0.0004,3.46e-05,1e-05,0.7,0.4895998,389.81082
0.0004,3.46e-05,1e-05,0.8,0.48984033,389.85452
0.0004,3.46e-05,1e-05,0.9,0.49005252,389.87692
0.0004,3.46e-05,1e-05,1.0,0.4902233,389.8898
0.0004,3.46e-05,0.0,0.0,0.40420163,300.05927
0.0004,3.46e-05,0.0,0.1,0.69377255,361.3939
0.0004,3.46e-05,0.0,0.2,0.46480754,380.53342
0.0004,3.46e-05,0.0,0.3,0.47742313,386.3767
0.0004,3.46e-05,0.0,0.4,0.48720682,388.69415
0.0004,3.46e-05,0.0,0.5,0.4890359,389.45963
0.0004,3.46e-05,0.0,0.6,0.48936298,389.71335
0.0004,3.46e-05,0.0,0.7,0.48959985,389.81082
0.0004,3.46e-05,0.0,0.8,0.4898404,389.85452
0.0004,3.46e-05,0.0,0.9,0.49005246,389.87692
0.0004,3.46e-05,0.0,1.0,0.4902233,389.8898
0.00041,1.73e-05,1e-05,0.0,0.40421474,300.0591
0.00041,1.73e-05,1e-05,0.1,0.693784,361.39252
0.00041,1.73e-05,1e-05,0.2,0.4648078,380.53293
0.00041,1.73e-05,1e-05,0.3,0.47742248,386.37653
0.00041,1.73e-05,1e-05,0.4,0.48720646,388.69412
0.00041,1.73e-05,1e-05,0.5,0.48903584,389.4596
0.00041,1.73e-05,1e-05,0.6,0.489363,389.71335
0.00041,1.73e-05,1e-05,0.7,0.4895998,389.81082
0.00041,1.73e-05,1e-05,0.8,0.48984033,389.85452
0.00041,1.73e-05,1e-05,0.9,0.49005246,389.87692
0.00041,1.73e-05,1e-05,1.0,0.49022317,389.8898
0.00041,1.73e-05,0.0,0.0,0.4042176,300.05905
0.00041,1.73e-05,0.0,0.1,0.693787,361.39224
0.00041,1.73e-05,0.0,0.2,0.4648077,380.5329
0.00041,1.73e-05,0.0,0.3,0.47742224,386.3765
0.00041,1.73e-05,0.0,0.4,0.48720676,388.69412
0.00041,1.73e-05,0.0,0.5,0.48903602,389.4596
0.00041,1.73e-05,0.0,0.6,0.48936313,389.71335
0.00041,1.73e-05,0.0,0.7,0.4895998,389.81082
0.00041,1.73e-05,0.0,0.8,0.48984033,389.85452
0.00041,1.73e-05,0.0,0.9,0.49005246,389.87692
0.00041,1.73e-05,0.0,1.0,0.49022317,389.8898
0.00042,0.0,1e-05,0.0,0.40423042,300.05887
0.00042,0.0,1e-05,0.1,0.693798,361.39096
0.00042,0.0,1e-05,0.2,0.46480784,380.53256
0.00042,0.0,1e-05,0.3,0.47742182,386.3764
0.00042,0.0,1e-05,0.4,0.48720664,388.69406
0.00042,0.0,1e-05,0.5,0.48903596,389.4596
0.00042,0.0,1e-05,0.6,0.48936304,389.71335
0.00042,0.0,1e-05,0.7,0.4895999,389.81082
0.00042,0.0,1e-05,0.8,0.48984033,389.85452
0.00042,0.0,1e-05,0.9,0.49005246,389.87692
0.00042,0.0,1e-05,1.0,0.49022317,389.8898
0.00042,0.0,0.0,0.0,0.40423334,300.05884
0.00042,0.0,0.0,0.1,0.6938008,361.3906
0.00042,0.0,0.0,0.2,0.46480793,380.5325
0.00042,0.0,0.0,0.3,0.47742158,386.37637
0.00042,0.0,0.0,0.4,0.48720658,388.69406
0.00042,0.0,0.0,0.5,0.48903587,389.4596
0.00042,0.0,0.0,0.6,0.48936304,389.71335
0.00042,0.0,0.0,0.7,0.4895999,389.81082
0.00042,0.0,0.0,0.8,0.48984033,389.85452
0.00042,0.0,0.0,0.9,0.49005246,389.87692
0.00042,0.0,0.0,1.0,0.49022317,389.8898
0.00038,1e-04,1e-05,0.0,0.40412337,300.05997
0.00038,1e-04,1e-05,0.1,0.69370365,361.40216
0.00038,1e-04,1e-05,0.2,0.4648062,380.5354
0.00038,1e-04,1e-05,0.3,0.47742665,386.3777
0.00038,1e-04,1e-05,0.4,0.4872079,388.69446
0.00038,1e-04,1e-05,0.5,0.48903596,389.4597
0.00038,1e-04,1e-05,0.6,0.48936322,389.7134
0.00038,1e-04,1e-05,0.7,0.4896,389.81082
0.00038,1e-04,1e-05,0.8,0.48984066,389.85452
0.00038,1e-04,1e-05,0.9,0.49005246,389.87692
0.00038,1e-04,1e-05,1.0,0.49022317,389.8898
0.00039,8.31e-05,5e-06,0.0,0.40414,300.05984
0.00039,8.31e-05,5e-06,0.1,0.69371855,361.40033
0.00039,8.31e-05,5e-06,0.2,0.46480638,380.53494
0.00039,8.31e-05,5e-06,0.3,0.47742563,386.3774
0.00039,8.31e-05,5e-06,0.4,0.48720762,388.69434
0.00039,8.31e-05,5e-06,0.5,0.48903614,389.45966
0.00039,8.31e-05,5e-06,0.6,0.4893634,389.7134
0.00039,8.31e-05,5e-06,0.7,0.48959994,389.81082
0.00039,8.31e-05,5e-06,0.8,0.4898406,389.85452
0.00039,8.31e-05,5e-06,0.9,0.49005258,389.87692
0.00039,8.31e-05,5e-06,1.0,0.49022317,389.8898
0.00039,8.27e-05,0.0,0.0,0.40414262,300.05984
0.00039,8.27e-05,0.0,0.1,0.6937205,361.40015
0.00039,8.27e-05,0.0,0.2,0.4648065,380.53488
0.00039,8.27e-05,0.0,0.3,0.47742584,386.3774
0.00039,8.27e-05,0.0,0.4,0.48720753,388.69434
0.00039,8.27e-05,0.0,0.5,0.48903605,389.45966
0.00039,8.27e-05,0.0,0.6,0.48936337,389.7134
0.00039,8.27e-05,0.0,0.7,0.48959994,389.81082
0.00039,8.27e-05,0.0,0.8,0.4898406,389.85452
0.00039,8.27e-05,0.0,0.9,0.49005258,389.87692
0.00039,8.27e-05,0.0,1.0,0.49022317,389.8898
0.00039,8.27e-05,1e-05,0.0,0.40413877,300.0598
0.00039,8.27e-05,1e-05,0.1,0.69371784,361.40042
0.00039,8.27e-05,1e-05,0.2,0.46480632,380.53497
0.00039,8.27e-05,1e-05,0.3,0.47742578,386.3774
0.00039,8.27e-05,1e-05,0.4,0.4872077,388.69434
0.00039,8.27e-05,1e-05,0.5,0.48903614,389.45966
0.00039,8.27e-05,1e-05,0.6,0.4893634,389.7134
0.00039,8.27e-05,1e-05,0.7,0.48959994,389.81082
0.00039,8.27e-05,1e-05,0.8,0.4898406,389.85452
0.00039,8.27e-05,1e-05,0.9,0.49005258,389.87692
0.00039,8.27e-05,1e-05,1.0,0.49022317,389.8898
0.0004,1e-04,0.0,0.0,0.40411055,300.06018
0.0004,1e-04,0.0,0.1,0.69369185,361.40375
0.0004,1e-04,0.0,0.2,0.46480596,380.53574
0.0004,1e-04,0.0,0.3,0.4774273,386.37775
0.0004,1e-04,0.0,0.4,0.48720792,388.69446
0.0004,1e-04,0.0,0.5,0.4890362,389.4597
0.0004,1e-04,0.0,0.6,0.48936328,389.7134
0.0004,1e-04,0.0,0.7,0.48960012,389.81085
0.0004,1e-04,0.0,0.8,0.48984054,389.85452
0.0004,1e-04,0.0,0.9,0.49005264,389.87692
0.0004,1e-04,0.0,1.0,0.49022317,389.8898
0.0004,6.69e-05,1e-05,0.0,0.4041531,300.05978
0.0004,6.69e-05,1e-05,0.1,0.69372976,361.39914
0.0004,6.69e-05,1e-05,0.2,0.46480674,380.53464
0.0004,6.69e-05,1e-05,0.3,0.4774254,386.37732
0.0004,6.69e-05,1e-05,0.4,0.48720753,388.69427
0.0004,6.69e-05,1e-05,0.5,0.48903596,389.45966
0.0004,6.69e-05,1e-05,0.6,0.48936325,389.7134
0.0004,6.69e-05,1e-05,0.7,0.48959994,389.81082
0.0004,6.69e-05,1e-05,0.8,0.48984054,389.85452
0.0004,6.69e-05,1e-05,0.9,0.49005252,389.87692
0.0004,6.69e-05,1e-05,1.0,0.49022317,389.8898
0.0004,6.69e-05,0.0,0.0,0.40415633,300.05972
0.0004,6.69e-05,0.0,0.1,0.693733,361.3988
0.0004,6.69e-05,0.0,0.2,0.46480665,380.53458
0.0004,6.69e-05,0.0,0.3,0.4774251,386.37732
0.0004,6.69e-05,0.0,0.4,0.48720762,388.69427
0.0004,6.69e-05,0.0,0.5,0.48903596,389.45966
0.0004,6.69e-05,0.0,0.6,0.4893632,389.71338
0.0004,6.69e-05,0.0,0.7,0.48959982,389.81082
0.0004,6.69e-05,0.0,0.8,0.4898405,389.85452
0.0004,6.69e-05,0.0,0.9,0.49005264,389.87692
0.0004,6.69e-05,0.0,1.0,0.49022317,389.8898
0.00041,5.1e-05,0.0,0.0,0.40417022,300.05954
0.00041,5.1e-05,0.0,0.1,0.69374514,361.39728
0.00041,5.1e-05,0.0,0.2,0.46480697,380.5342
0.00041,5.1e-05,0.0,0.3,0.47742435,386.37714
0.00041,5.1e-05,0.0,0.4,0.48720726,388.69424
0.00041,5.1e-05,0.0,0.5,0.48903584,389.45966
0.00041,5.1e-05,0.0,0.6,0.48936298,389.71338
0.00041,5.1e-05,0.0,0.7,0.48959982,389.81082
0.00041,5.1e-05,0.0,0.8,0.4898404,389.85452
0.00041,5.1e-05,0.0,0.9,0.49005246,389.87692
0.00041,5.1e-05,0.0,1.0,0.4902231,389.8898
0.00041,5.1e-05,1e-05,0.0,0.40416646,300.0596
0.00041,5.1e-05,1e-05,0.1,0.69374233,361.3976
0.00041,5.1e-05,1e-05,0.2,0.4648068,380.53424
0.00041,5.1e-05,1e-05,0.3,0.47742426,386.37717
0.00041,5.1e-05,1e-05,0.4,0.48720726,388.69424
0.00041,5.1e-05,1e-05,0.5,0.48903596,389.45966
0.00041,5.1e-05,1e-05,0.6,0.48936313,389.71338
0.00041,5.1e-05,1e-05,0.7,0.48959982,389.81082
0.00041,5.1e-05,1e-05,0.8,0.4898404,389.85452
0.00041,5.1e-05,1e-05,0.9,0.49005246,389.87692
0.00041,5.1e-05,1e-05,1.0,0.4902231,389.8898
0.00042,3.46e-05,1e-05,0.0,0.4041818,300.0594
0.00042,3.46e-05,1e-05,0.1,0.69375527,361.39612
0.00042,3.46e-05,1e-05,0.2,0.4648071,380.5338
0.00042,3.46e-05,1e-05,0.3,0.4774239,386.3769
0.00042,3.46e-05,1e-05,0.4,0.4872071,388.6942
0.00042,3.46e-05,1e-05,0.5,0.4890359,389.45966
0.00042,3.46e-05,1e-05,0.6,0.48936293,389.71335
0.00042,3.46e-05,1e-05,0.7,0.48959976,389.81082
0.00042,3.46e-05,1e-05,0.8,0.4898404,389.85452
0.00042,3.46e-05,1e-05,0.9,0.49005246,389.87692
0.00042,3.46e-05,1e-05,1.0,0.4902231,389.8898
0.00042,3.46e-05,0.0,0.0,0.40418535,300.05936
0.00042,3.46e-05,0.0,0.1,0.6937582,361.39575
0.00042,3.46e-05,0.0,0.2,0.4648074,380.53372
0.00042,3.46e-05,0.0,0.3,0.4774238,386.37686
0.00042,3.46e-05,0.0,0.4,0.48720697,388.6942
0.00042,3.46e-05,0.0,0.5,0.48903584,389.45966
0.00042,3.46e-05,0.0,0.6,0.48936293,389.71335
0.00042,3.46e-05,0.0,0.7,0.48959976,389.81082
0.00042,3.46e-05,0.0,0.8,0.48984033,389.85452
0.00042,3.46e-05,0.0,0.9,0.49005246,389.87692
0.00042,3.46e-05,0.0,1.0,0.4902231,389.8898
0.00043,1.73e-05,1e-05,0.0,0.404198,300.0592
0.00043,1.73e-05,1e-05,0.1,0.69376934,361.39426
0.00043,1.73e-05,1e-05,0.2,0.46480754,380.53354
0.00043,1.73e-05,1e-05,0.3,0.47742313,386.37674
0.00043,1.73e-05,1e-05,0.4,0.4872071,388.69415
0.00043,1.73e-05,1e-05,0.5,0.48903584,389.45963
0.00043,1.73e-05,1e-05,0.6,0.48936293,389.71335
0.00043,1.73e-05,1e-05,0.7,0.4895998,389.81082
0.00043,1.73e-05,1e-05,0.8,0.48984033,389.85452
0.00043,1.73e-05,1e-05,0.9,0.49005252,389.87692
0.00043,1.73e-05,1e-05,1.0,0.4902233,389.8898
0.00043,1.73e-05,0.0,0.0,0.40420115,300.05927
0.00043,1.73e-05,0.0,0.1,0.6937722,361.39398
0.00043,1.73e-05,0.0,0.2,0.46480778,380.53342
0.00043,1.73e-05,0.0,0.3,0.4774232,386.3767
0.00043,1.73e-05,0.0,0.4,0.487207,388.69415
0.00043,1.73e-05,0.0,0.5,0.48903584,389.45963
0.00043,1.73e-05,0.0,0.6,0.48936293,389.71335
0.00043,1.73e-05,0.0,0.7,0.48959985,389.81082
0.00043,1.73e-05,0.0,0.8,0.4898404,389.85452
0.00043,1.73e-05,0.0,0.9,0.49005252,389.87692
0.00043,1.73e-05,0.0,1.0,0.4902233,389.8898
0.00044,0.0,1e-05,0.0,0.4042146,300.05908
0.00044,0.0,1e-05,0.1,0.6937835,361.39264
0.00044,0.0,1e-05,0.2,0.4648078,380.53296
0.00044,0.0,1e-05,0.3,0.47742254,386.37653
0.00044,0.0,1e-05,0.4,0.4872064,388.69412
0.00044,0.0,1e-05,0.5,0.48903584,389.4596
0.00044,0.0,1e-05,0.6,0.489363,389.71335
0.00044,0.0,1e-05,0.7,0.4895998,389.81082
0.00044,0.0,1e-05,0.8,0.48984033,389.85452
0.00044,0.0,1e-05,0.9,0.49005246,389.87692
0.00044,0.0,1e-05,1.0,0.49022317,389.8898
0.00044,0.0,0.0,0.0,0.4042179,300.05905
0.00044,0.0,0.0,0.1,0.6937865,361.3923
0.00044,0.0,0.0,0.2,0.46480775,380.5329
0.00044,0.0,0.0,0.3,0.47742236,386.3765
0.00044,0.0,0.0,0.4,0.48720676,388.69412
0.00044,0.0,0.0,0.5,0.48903602,389.4596
0.00044,0.0,0.0,0.6,0.48936307,389.71335
0.00044,0.0,0.0,0.7,0.4895998,389.81082
0.00044,0.0,0.0,0.8,0.48984033,389.85452
0.00044,0.0,0.0,0.9,0.49005246,389.87692
0.00044,0.0,0.0,1.0,0.49022317,389.8898
0.0004,1e-04,1e-05,0.0,0.40410665,300.06018
0.0004,1e-04,1e-05,0.1,0.6936892,361.40405
0.0004,1e-04,1e-05,0.2,0.46480593,380.53577
0.0004,1e-04,1e-05,0.3,0.47742748,386.37778
0.0004,1e-04,1e-05,0.4,0.48720783,388.6945
0.0004,1e-04,1e-05,0.5,0.48903608,389.4597
0.0004,1e-04,1e-05,0.6,0.48936328,389.7134
0.0004,1e-04,1e-05,0.7,0.4896001,389.81085
0.0004,1e-04,1e-05,0.8,0.48984048,389.85452
0.0004,1e-04,1e-05,0.9,0.49005264,389.87692
0.0004,1e-04,1e-05,1.0,0.49022317,389.8898
0.00041,8.27e-05,0.0,0.0,0.4041263,300.0599
0.00041,8.27e-05,0.0,0.1,0.69370615,361.40195
0.00041,8.27e-05,0.0,0.2,0.46480638,380.53534
0.00041,8.27e-05,0.0,0.3,0.47742665,386.3776
0.00041,8.27e-05,0.0,0.4,0.4872077,388.69443
0.00041,8.27e-05,0.0,0.5,0.48903602,389.4597
0.00041,8.27e-05,0.0,0.6,0.48936328,389.7134
0.00041,8.27e-05,0.0,0.7,0.4896,389.81082
0.00041,8.27e-05,0.0,0.8,0.48984066,389.85452
0.00041,8.27e-05,0.0,0.9,0.49005246,389.87692
0.00041,8.27e-05,0.0,1.0,0.49022317,389.8898
0.00041,8.27e-05,1e-05,0.0,0.40412283,300.05997
0.00041,8.27e-05,1e-05,0.1,0.6937034,361.40222
0.00041,8.27e-05,1e-05,0.2,0.46480653,380.53543
0.00041,8.27e-05,1e-05,0.3,0.47742665,386.3777
0.00041,8.27e-05,1e-05,0.4,0.48720792,388.69446
0.00041,8.27e-05,1e-05,0.5,0.48903608,389.4597
0.00041,8.27e-05,1e-05,0.6,0.48936322,389.7134
0.00041,8.27e-05,1e-05,0.7,0.4896,389.81082
0.00041,8.27e-05,1e-05,0.8,0.4898406,389.85452
0.00041,8.27e-05,1e-05,0.9,0.49005246,389.87692
0.00041,8.27e-05,1e-05,1.0,0.49022317,389.8898
0.00042,1e-04,0.0,0.0,0.40409386,300.06033
0.00042,1e-04,0.0,0.1,0.6936778,361.4055
0.00042,1e-04,0.0,0.2,0.46480584,380.5363
0.00042,1e-04,0.0,0.3,0.47742796,386.37787
0.00042,1e-04,0.0,0.4,0.4872081,388.69452
0.00042,1e-04,0.0,0.5,0.48903602,389.45972
0.00042,1e-04,0.0,0.6,0.48936334,389.7134
0.00042,1e-04,0.0,0.7,0.48960015,389.81085
0.00042,1e-04,0.0,0.8,0.48984054,389.85452
0.00042,1e-04,0.0,0.9,0.49005264,389.87692
0.00042,1e-04,0.0,1.0,0.49022317,389.8898
0.00042,6.69e-05,1e-05,0.0,0.40413716,300.0598
0.00042,6.69e-05,1e-05,0.1,0.6937156,361.40076
0.00042,6.69e-05,1e-05,0.2,0.4648066,380.5351
0.00042,6.69e-05,1e-05,0.3,0.477426,386.3775
0.00042,6.69e-05,1e-05,0.4,0.4872076,388.69434
0.00042,6.69e-05,1e-05,0.5,0.4890362,389.45966
0.00042,6.69e-05,1e-05,0.6,0.48936334,389.7134
0.00042,6.69e-05,1e-05,0.7,0.48959994,389.81082
0.00042,6.69e-05,1e-05,0.8,0.4898406,389.85452
0.00042,6.69e-05,1e-05,0.9,0.49005252,389.87692
0.00042,6.69e-05,1e-05,1.0,0.49022317,389.8898
0.00042,6.69e-05,0.0,0.0,0.40413988,300.05978
0.00042,6.69e-05,0.0,0.1,0.6937182,361.40042
0.00042,6.69e-05,0.0,0.2,0.46480665,380.53497
0.00042,6.69e-05,0.0,0.3,0.47742584,386.3774
0.00042,6.69e-05,0.0,0.4,0.4872077,388.69434
0.00042,6.69e-05,0.0,0.5,0.48903614,389.45966
0.00042,6.69e-05,0.0,0.6,0.4893634,389.7134
0.00042,6.69e-05,0.0,0.7,0.48959994,389.81082
0.00042,6.69e-05,0.0,0.8,0.4898406,389.85452
0.00042,6.69e-05,0.0,0.9,0.49005258,389.87692
0.00042,6.69e-05,0.0,1.0,0.49022317,389.8898
0.00043,5.1e-05,0.0,0.0,0.40415376,300.05978
0.00043,5.1e-05,0.0,0.1,0.69373083,361.3991
0.00043,5.1e-05,0.0,0.2,0.46480694,380.53467
0.00043,5.1e-05,0.0,0.3,0.4774254,386.37732
0.00043,5.1e-05,0.0,0.4,0.4872076,388.69427
0.00043,5.1e-05,0.0,0.5,0.48903596,389.45966
0.00043,5.1e-05,0.0,0.6,0.4893632,389.71338
0.00043,5.1e-05,0.0,0.7,0.48959994,389.81082
0.00043,5.1e-05,0.0,0.8,0.48984054,389.85452
0.00043,5.1e-05,0.0,0.9,0.49005252,389.87692
0.00043,5.1e-05,0.0,1.0,0.49022317,389.8898
0.00043,5.1e-05,1e-05,0.0,0.40415016,300.05978
0.00043,5.1e-05,1e-05,0.1,0.69372785,361.39938
0.00043,5.1e-05,1e-05,0.2,0.4648068,380.5347
0.00043,5.1e-05,1e-05,0.3,0.47742534,386.37735
0.00043,5.1e-05,1e-05,0.4,0.48720747,388.69427
0.00043,5.1e-05,1e-05,0.5,0.48903602,389.45966
0.00043,5.1e-05,1e-05,0.6,0.48936325,389.7134
0.00043,5.1e-05,1e-05,0.7,0.48959994,389.81082
0.00043,5.1e-05,1e-05,0.8,0.48984054,389.85452
0.00043,5.1e-05,1e-05,0.9,0.49005252,389.87692
0.00043,5.1e-05,1e-05,1.0,0.49022317,389.8898
0.00044,3.46e-05,1e-05,0.0,0.40416527,300.05957
0.00044,3.46e-05,1e-05,0.1,0.693741,361.39786
0.00044,3.46e-05,1e-05,0.2,0.46480715,380.53433
0.00044,3.46e-05,1e-05,0.3,0.47742465,386.3772
0.00044,3.46e-05,1e-05,0.4,0.48720717,388.69424
0.00044,3.46e-05,1e-05,0.5,0.48903602,389.45966
0.00044,3.46e-05,1e-05,0.6,0.48936313,389.71338
0.00044,3.46e-05,1e-05,0.7,0.48959982,389.81082
0.00044,3.46e-05,1e-05,0.8,0.4898405,389.85452
0.00044,3.46e-05,1e-05,0.9,0.49005246,389.87692
0.00044,3.46e-05,1e-05,1.0,0.4902231,389.8898
0.00044,3.46e-05,0.0,0.0,0.4041686,300.05957
0.00044,3.46e-05,0.0,0.1,0.6937439,361.39752
0.00044,3.46e-05,0.0,0.2,0.46480718,380.53424
0.00044,3.46e-05,0.0,0.3,0.47742432,386.37717
0.00044,3.46e-05,0.0,0.4,0.48720708,388.69424
0.00044,3.46e-05,0.0,0.5,0.48903596,389.45966
0.00044,3.46e-05,0.0,0.6,0.4893631,389.71338
0.00044,3.46e-05,0.0,0.7,0.48959982,389.81082
0.00044,3.46e-05,0.0,0.8,0.4898404,389.85452
0.00044,3.46e-05,0.0,0.9,0.49005246,389.87692
0.00044,3.46e-05,0.0,1.0,0.4902231,389.8898
0.00045,1.73e-05,0.0,0.0,0.40418497,300.0594
0.00045,1.73e-05,0.0,0.1,0.69375795,361.3958
0.00045,1.73e-05,0.0,0.2,0.46480757,380.53375
0.00045,1.73e-05,0.0,0.3,0.47742382,386.3769
0.00045,1.73e-05,0.0,0.4,0.48720697,388.6942
0.00045,1.73e-05,0.0,0.5,0.4890359,389.45966
0.00045,1.73e-05,0.0,0.6,0.48936293,389.71335
0.00045,1.73e-05,0.0,0.7,0.48959976,389.81082
0.00045,1.73e-05,0.0,0.8,0.48984033,389.85452
0.00045,1.73e-05,0.0,0.9,0.49005246,389.87692
0.00045,1.73e-05,0.0,1.0,0.4902231,389.8898
0.00045,1.73e-05,1e-05,0.0,0.40418184,300.0594
0.00045,1.73e-05,1e-05,0.1,0.69375503,361.39618
0.00045,1.73e-05,1e-05,0.2,0.4648075,380.53387
0.00045,1.73e-05,1e-05,0.3,0.4774239,386.37692
0.00045,1.73e-05,1e-05,0.4,0.487207,388.6942
0.00045,1.73e-05,1e-05,0.5,0.4890359,389.45966
0.00045,1.73e-05,1e-05,0.6,0.48936293,389.71335
0.00045,1.73e-05,1e-05,0.7,0.48959976,389.81082
0.00045,1.73e-05,1e-05,0.8,0.48984045,389.85452
0.00045,1.73e-05,1e-05,0.9,0.49005246,389.87692
0.00045,1.73e-05,1e-05,1.0,0.4902231,389.8898
0.00046,0.0,1e-05,0.0,0.40419763,300.05917
0.00046,0.0,1e-05,0.1,0.6937692,361.3944
0.00046,0.0,1e-05,0.2,0.46480757,380.53354
0.00046,0.0,1e-05,0.3,0.47742337,386.37674
0.00046,0.0,1e-05,0.4,0.48720688,388.69415
0.00046,0.0,1e-05,0.5,0.48903584,389.45963
0.00046,0.0,1e-05,0.6,0.48936293,389.71335
0.00046,0.0,1e-05,0.7,0.4895998,389.81082
0.00046,0.0,1e-05,0.8,0.48984033,389.85452
0.00046,0.0,1e-05,0.9,0.49005252,389.87692
0.00046,0.0,1e-05,1.0,0.4902233,389.8898
0.00046,0.0,0.0,0.0,0.4042009,300.05927
0.00046,0.0,0.0,0.1,0.69377196,361.394
0.00046,0.0,0.0,0.2,0.46480775,380.53345
0.00046,0.0,0.0,0.3,0.47742313,386.3767
0.00046,0.0,0.0,0.4,0.48720694,388.69415
0.00046,0.0,0.0,0.5,0.4890358,389.45963
0.00046,0.0,0.0,0.6,0.48936293,389.71335
0.00046,0.0,0.0,0.7,0.48959985,389.81082
0.00046,0.0,0.0,0.8,0.4898404,389.85452
0.00046,0.0,0.0,0.9,0.49005252,389.87692
0.00046,0.0,0.0,1.0,0.4902233,389.8898
0.00042,1e-04,1e-05,0.0,0.40409115,300.06036
0.00042,1e-04,1e-05,0.1,0.6936747,361.40585
0.00042,1e-04,1e-05,0.2,0.46480584,380.53638
0.00042,1e-04,1e-05,0.3,0.47742832,386.3779
0.00042,1e-04,1e-05,0.4,0.48720813,388.69452
0.00042,1e-04,1e-05,0.5,0.48903608,389.45972
0.00042,1e-04,1e-05,0.6,0.48936325,389.7134
0.00042,1e-04,1e-05,0.7,0.4896001,389.81085
0.00042,1e-04,1e-05,0.8,0.48984057,389.85452
0.00042,1e-04,1e-05,0.9,0.49005264,389.87692
0.00042,1e-04,1e-05,1.0,0.49022317,389.8898
0.00043,8.27e-05,0.0,0.0,0.40410972,300.06018
0.00043,8.27e-05,0.0,0.1,0.6936915,361.4038
0.00043,8.27e-05,0.0,0.2,0.46480614,380.53574
0.00043,8.27e-05,0.0,0.3,0.47742745,386.37775
0.00043,8.27e-05,0.0,0.4,0.48720786,388.6945
0.00043,8.27e-05,0.0,0.5,0.4890362,389.4597
0.00043,8.27e-05,0.0,0.6,0.48936328,389.7134
0.00043,8.27e-05,0.0,0.7,0.48960012,389.81085
0.00043,8.27e-05,0.0,0.8,0.48984054,389.85452
0.00043,8.27e-05,0.0,0.9,0.49005264,389.87692
0.00043,8.27e-05,0.0,1.0,0.49022317,389.8898
0.00043,8.27e-05,1e-05,0.0,0.40410614,300.06018
0.00043,8.27e-05,1e-05,0.1,0.69368875,361.40417
0.00043,8.27e-05,1e-05,0.2,0.46480614,380.5358
0.00043,8.27e-05,1e-05,0.3,0.47742754,386.37778
0.00043,8.27e-05,1e-05,0.4,0.4872078,388.6945
0.00043,8.27e-05,1e-05,0.5,0.48903608,389.4597
0.00043,8.27e-05,1e-05,0.6,0.48936328,389.7134
0.00043,8.27e-05,1e-05,0.7,0.4896001,389.81085
0.00043,8.27e-05,1e-05,0.8,0.48984048,389.85452
0.00043,8.27e-05,1e-05,0.9,0.49005264,389.87692
0.00043,8.27e-05,1e-05,1.0,0.49022317,389.8898
0.00044,1e-04,0.0,0.0,0.40407696,300.06042
0.00044,1e-04,0.0,0.1,0.69366324,361.4072
0.00044,1e-04,0.0,0.2,0.46480572,380.53674
0.00044,1e-04,0.0,0.3,0.47742888,386.378
0.00044,1e-04,0.0,0.4,0.48720843,388.69455
0.00044,1e-04,0.0,0.5,0.48903614,389.45975
0.00044,1e-04,0.0,0.6,0.48936322,389.71344
0.00044,1e-04,0.0,0.7,0.48960003,389.81085
0.00044,1e-04,0.0,0.8,0.48984057,389.85452
0.00044,1e-04,0.0,0.9,0.49005264,389.87692
0.00044,1e-04,0.0,1.0,0.49022317,389.88983
0.00044,6.69e-05,1e-05,0.0,0.40412104,300.06
0.00044,6.69e-05,1e-05,0.1,0.6937013,361.40256
0.00044,6.69e-05,1e-05,0.2,0.46480662,380.53555
0.00044,6.69e-05,1e-05,0.3,0.4774269,386.37772
0.00044,6.69e-05,1e-05,0.4,0.48720777,388.69446
0.00044,6.69e-05,1e-05,0.5,0.48903623,389.4597
0.00044,6.69e-05,1e-05,0.6,0.48936322,389.7134
0.00044,6.69e-05,1e-05,0.7,0.4896,389.81082
0.00044,6.69e-05,1e-05,0.8,0.4898406,389.85452
0.00044,6.69e-05,1e-05,0.9,0.49005252,389.87692
0.00044,6.69e-05,1e-05,1.0,0.49022317,389.8898
0.00044,6.69e-05,0.0,0.0,0.40412405,300.05994
0.00044,6.69e-05,0.0,0.1,0.6937039,361.40228
0.00044,6.69e-05,0.0,0.2,0.46480656,380.53543
0.00044,6.69e-05,0.0,0.3,0.4774267,386.3777
0.00044,6.69e-05,0.0,0.4,0.48720792,388.69446
0.00044,6.69e-05,0.0,0.5,0.48903608,389.4597
0.00044,6.69e-05,0.0,0.6,0.48936322,389.7134
0.00044,6.69e-05,0.0,0.7,0.4896,389.81082
0.00044,6.69e-05,0.0,0.8,0.4898406,389.85452
0.00044,6.69e-05,0.0,0.9,0.49005252,389.87692
0.00044,6.69e-05,0.0,1.0,0.49022317,389.8898
0.00045,5.1e-05,0.0,0.0,0.40413827,300.05978
0.00045,5.1e-05,0.0,0.1,0.6937164,361.40076
0.00045,5.1e-05,0.0,0.2,0.46480674,380.5351
0.00045,5.1e-05,0.0,0.3,0.47742593,386.3775
0.00045,5.1e-05,0.0,0.4,0.48720765,388.69434
0.00045,5.1e-05,0.0,0.5,0.4890362,389.45966
0.00045,5.1e-05,0.0,0.6,0.48936334,389.7134
0.00045,5.1e-05,0.0,0.7,0.48959994,389.81082
0.00045,5.1e-05,0.0,0.8,0.4898406,389.85452
0.00045,5.1e-05,0.0,0.9,0.49005252,389.87692
0.00045,5.1e-05,0.0,1.0,0.49022317,389.8898
0.00045,5.1e-05,1e-05,0.0,0.4041346,300.0598
0.00045,5.1e-05,1e-05,0.1,0.69371367,361.4011
0.00045,5.1e-05,1e-05,0.2,0.46480674,380.53516
0.00045,5.1e-05,1e-05,0.3,0.4774262,386.37753
0.00045,5.1e-05,1e-05,0.4,0.48720765,388.69437
0.00045,5.1e-05,1e-05,0.5,0.48903632,389.4597
0.00045,5.1e-05,1e-05,0.6,0.4893634,389.7134
0.00045,5.1e-05,1e-05,0.7,0.4896,389.81082
0.00045,5.1e-05,1e-05,0.8,0.4898406,389.85452
0.00045,5.1e-05,1e-05,0.9,0.49005252,389.87692
0.00045,5.1e-05,1e-05,1.0,0.49022317,389.8898
0.00046,3.46e-05,1e-05,0.0,0.4041496,300.05975
0.00046,3.46e-05,1e-05,0.1,0.69372666,361.3996
0.00046,3.46e-05,1e-05,0.2,0.46480703,380.53473
0.00046,3.46e-05,1e-05,0.3,0.47742555,386.37738
0.00046,3.46e-05,1e-05,0.4,0.48720753,388.69427
0.00046,3.46e-05,1e-05,0.5,0.48903602,389.45966
0.00046,3.46e-05,1e-05,0.6,0.4893633,389.7134
0.00046,3.46e-05,1e-05,0.7,0.48959994,389.81082
0.00046,3.46e-05,1e-05,0.8,0.4898406,389.85452
0.00046,3.46e-05,1e-05,0.9,0.49005252,389.87692
0.00046,3.46e-05,1e-05,1.0,0.49022317,389.8898
0.00046,3.46e-05,0.0,0.0,0.40415245,300.05978
0.00046,3.46e-05,0.0,0.1,0.6937294,361.39938
0.00046,3.46e-05,0.0,0.2,0.46480703,380.5347
0.00046,3.46e-05,0.0,0.3,0.47742525,386.37732
0.00046,3.46e-05,0.0,0.4,0.48720753,388.69427
0.00046,3.46e-05,0.0,0.5,0.48903596,389.45966
0.00046,3.46e-05,0.0,0.6,0.48936325,389.7134
0.00046,3.46e-05,0.0,0.7,0.48959994,389.81082
0.00046,3.46e-05,0.0,0.8,0.48984054,389.85452
0.00046,3.46e-05,0.0,0.9,0.49005252,389.87692
0.00046,3.46e-05,0.0,1.0,0.49022317,389.8898
0.00047,1.73e-05,0.0,0.0,0.40416816,300.05957
0.00047,1.73e-05,0.0,0.1,0.69374335,361.39764
0.00047,1.73e-05,0.0,0.2,0.46480727,380.53427
0.00047,1.73e-05,0.0,0.3,0.4774245,386.37717
0.00047,1.73e-05,0.0,0.4,0.48720714,388.69424
0.00047,1.73e-05,0.0,0.5,0.4890359,389.45966
0.00047,1.73e-05,0.0,0.6,0.4893631,389.71338
0.00047,1.73e-05,0.0,0.7,0.48959982,389.81082
0.00047,1.73e-05,0.0,0.8,0.4898404,389.85452
0.00047,1.73e-05,0.0,0.9,0.49005246,389.87692
0.00047,1.73e-05,0.0,1.0,0.4902231,389.8898
0.00047,1.73e-05,1e-05,0.0,0.40416497,300.0596
0.00047,1.73e-05,1e-05,0.1,0.6937407,361.39795
0.00047,1.73e-05,1e-05,0.2,0.46480733,380.53433
0.00047,1.73e-05,1e-05,0.3,0.47742483,386.3772
0.00047,1.73e-05,1e-05,0.4,0.48720717,388.69424
0.00047,1.73e-05,1e-05,0.5,0.48903602,389.45966
0.00047,1.73e-05,1e-05,0.6,0.48936313,389.71338
0.00047,1.73e-05,1e-05,0.7,0.48959982,389.81082
0.00047,1.73e-05,1e-05,0.8,0.4898404,389.85452
0.00047,1.73e-05,1e-05,0.9,0.49005246,389.87692
0.00047,1.73e-05,1e-05,1.0,0.4902231,389.8898
0.00048,0.0,1e-05,0.0,0.40418124,300.0594
0.00048,0.0,1e-05,0.1,0.69375455,361.39624
0.00048,0.0,1e-05,0.2,0.4648077,380.53394
0.00048,0.0,1e-05,0.3,0.47742397,386.37695
0.00048,0.0,1e-05,0.4,0.48720708,388.6942
0.00048,0.0,1e-05,0.5,0.48903584,389.45966
0.00048,0.0,1e-05,0.6,0.48936293,389.71335
0.00048,0.0,1e-05,0.7,0.48959976,389.81082
0.00048,0.0,1e-05,0.8,0.48984045,389.85452
0.00048,0.0,1e-05,0.9,0.49005246,389.87692
0.00048,0.0,1e-05,1.0,0.4902231,389.8898
0.00048,0.0,0.0,0.0,0.40418538,300.0594
0.00048,0.0,0.0,0.1,0.69375765,361.39587
0.00048,0.0,0.0,0.2,0.4648077,380.5338
0.00048,0.0,0.0,0.3,0.47742403,386.3769
0.00048,0.0,0.0,0.4,0.487207,388.6942
0.00048,0.0,0.0,0.5,0.48903596,389.45966
0.00048,0.0,0.0,0.6,0.48936293,389.71335
0.00048,0.0,0.0,0.7,0.48959976,389.81082
0.00048,0.0,0.0,0.8,0.48984033,389.85452
0.00048,0.0,0.0,0.9,0.49005246,389.87692
0.00048,0.0,0.0,1.0,0.4902231,389.8898
0.00044,1e-04,1e-05,0.0,0.40407336,300.06046
0.00044,1e-04,1e-05,0.1,0.69366026,361.40756
0.00044,1e-04,1e-05,0.2,0.4648056,380.53677
0.00044,1e-04,1e-05,0.3,0.47742906,386.37802
0.00044,1e-04,1e-05,0.4,0.48720843,388.69455
0.00044,1e-04,1e-05,0.5,0.48903617,389.45975
0.00044,1e-04,1e-05,0.6,0.48936322,389.71344
0.00044,1e-04,1e-05,0.7,0.48960006,389.81085
0.00044,1e-04,1e-05,0.8,0.48984057,389.85452
0.00044,1e-04,1e-05,0.9,0.4900527,389.87692
0.00044,1e-04,1e-05,1.0,0.49022317,389.88983
0.00045,8.27e-05,0.0,0.0,0.404094,300.06033
0.00045,8.27e-05,0.0,0.1,0.69367737,361.40552
0.00045,8.27e-05,0.0,0.2,0.46480602,380.5363
0.00045,8.27e-05,0.0,0.3,0.47742802,386.3779
0.00045,8.27e-05,0.0,0.4,0.4872081,388.69452
0.00045,8.27e-05,0.0,0.5,0.48903608,389.45972
0.00045,8.27e-05,0.0,0.6,0.48936334,389.7134
0.00045,8.27e-05,0.0,0.7,0.48960015,389.81085
0.00045,8.27e-05,0.0,0.8,0.48984054,389.85452
0.00045,8.27e-05,0.0,0.9,0.49005264,389.87692
0.00045,8.27e-05,0.0,1.0,0.49022317,389.8898
0.00045,8.27e-05,1e-05,0.0,0.40409082,300.06036
0.00045,8.27e-05,1e-05,0.1,0.6936744,361.40588
0.00045,8.27e-05,1e-05,0.2,0.464806,380.5364
0.00045,8.27e-05,1e-05,0.3,0.47742838,386.3779
0.00045,8.27e-05,1e-05,0.4,0.4872082,388.69452
0.00045,8.27e-05,1e-05,0.5,0.4890362,389.45972
0.00045,8.27e-05,1e-05,0.6,0.48936325,389.7134
0.00045,8.27e-05,1e-05,0.7,0.4896001,389.81085
0.00045,8.27e-05,1e-05,0.8,0.48984057,389.85452
0.00045,8.27e-05,1e-05,0.9,0.49005264,389.87692
0.00045,8.27e-05,1e-05,1.0,0.49022317,389.8898
0.00046,1e-04,0.0,0.0,0.40406117,300.0606
0.00046,1e-04,0.0,0.1,0.6936487,361.40887
0.00046,1e-04,0.0,0.2,0.46480572,380.53717
0.00046,1e-04,0.0,0.3,0.4774298,386.3781
0.00046,1e-04,0.0,0.4,0.48720837,388.69458
0.00046,1e-04,0.0,0.5,0.48903605,389.45975
0.00046,1e-04,0.0,0.6,0.48936322,389.71344
0.00046,1e-04,0.0,0.7,0.4896,389.81085
0.00046,1e-04,0.0,0.8,0.48984057,389.85452
0.00046,1e-04,0.0,0.9,0.4900527,389.87692
0.00046,1e-04,0.0,1.0,0.49022317,389.88983
0.00046,6.69e-05,1e-05,0.0,0.40410444,300.0602
0.00046,6.69e-05,1e-05,0.1,0.6936868,361.40448
0.00046,6.69e-05,1e-05,0.2,0.46480626,380.53595
0.00046,6.69e-05,1e-05,0.3,0.47742772,386.37778
0.00046,6.69e-05,1e-05,0.4,0.4872079,388.6945
0.00046,6.69e-05,1e-05,0.5,0.48903602,389.4597
0.00046,6.69e-05,1e-05,0.6,0.48936328,389.7134
0.00046,6.69e-05,1e-05,0.7,0.4896001,389.81085
0.00046,6.69e-05,1e-05,0.8,0.48984054,389.85452
0.00046,6.69e-05,1e-05,0.9,0.49005264,389.87692
0.00046,6.69e-05,1e-05,1.0,0.49022317,389.8898
0.00046,6.69e-05,0.0,0.0,0.4041074,300.06018
0.00046,6.69e-05,0.0,0.1,0.69368935,361.40408
0.00046,6.69e-05,0.0,0.2,0.4648063,380.5358
0.00046,6.69e-05,0.0,0.3,0.4774276,386.37778
0.00046,6.69e-05,0.0,0.4,0.4872078,388.6945
0.00046,6.69e-05,0.0,0.5,0.48903608,389.4597
0.00046,6.69e-05,0.0,0.6,0.48936328,389.7134
0.00046,6.69e-05,0.0,0.7,0.4896001,389.81085
0.00046,6.69e-05,0.0,0.8,0.48984048,389.85452
0.00046,6.69e-05,0.0,0.9,0.49005264,389.87692
0.00046,6.69e-05,0.0,1.0,0.49022317,389.8898
0.00047,5.1e-05,0.0,0.0,0.40412194,300.06
0.00047,5.1e-05,0.0,0.1,0.6937022,361.40256
0.00047,5.1e-05,0.0,0.2,0.46480685,380.53552
0.00047,5.1e-05,0.0,0.3,0.4774269,386.37772
0.00047,5.1e-05,0.0,0.4,0.48720774,388.69446
0.00047,5.1e-05,0.0,0.5,0.48903614,389.4597
0.00047,5.1e-05,0.0,0.6,0.48936322,389.7134
0.00047,5.1e-05,0.0,0.7,0.4896,389.81082
0.00047,5.1e-05,0.0,0.8,0.4898406,389.85452
0.00047,5.1e-05,0.0,0.9,0.49005252,389.87692
0.00047,5.1e-05,0.0,1.0,0.49022317,389.8898
0.00047,5.1e-05,1e-05,0.0,0.40411836,300.06003
0.00047,5.1e-05,1e-05,0.1,0.69369906,361.4028
0.00047,5.1e-05,1e-05,0.2,0.4648066,380.5356
0.00047,5.1e-05,1e-05,0.3,0.47742712,386.37772
0.00047,5.1e-05,1e-05,0.4,0.4872079,388.69446
0.00047,5.1e-05,1e-05,0.5,0.48903623,389.4597
0.00047,5.1e-05,1e-05,0.6,0.48936322,389.7134
0.00047,5.1e-05,1e-05,0.7,0.4896,389.81082
0.00047,5.1e-05,1e-05,0.8,0.4898406,389.85452
0.00047,5.1e-05,1e-05,0.9,0.49005258,389.87692
0.00047,5.1e-05,1e-05,1.0,0.49022317,389.8898
0.000475,4.28e-05,5e-06,0.0,0.40412754,300.05988
0.000475,4.28e-05,5e-06,0.1,0.6937071,361.40192
0.000475,4.28e-05,5e-06,0.2,0.46480668,380.53534
0.000475,4.28e-05,5e-06,0.3,0.47742665,386.3776
0.000475,4.28e-05,5e-06,0.4,0.4872077,388.69443
0.000475,4.28e-05,5e-06,0.5,0.48903608,389.4597
0.000475,4.28e-05,5e-06,0.6,0.48936328,389.7134
0.000475,4.28e-05,5e-06,0.7,0.4896,389.81082
0.000475,4.28e-05,5e-06,0.8,0.48984066,389.85452
0.000475,4.28e-05,5e-06,0.9,0.49005246,389.87692
0.000475,4.28e-05,5e-06,1.0,0.49022317,389.8898
0.00048,3.46e-05,0.0,0.0,0.4041367,300.05978
0.00048,3.46e-05,0.0,0.1,0.6937148,361.40097
0.00048,3.46e-05,0.0,0.2,0.4648069,380.53513
0.00048,3.46e-05,0.0,0.3,0.47742602,386.3775
0.00048,3.46e-05,0.0,0.4,0.48720765,388.69437
0.00048,3.46e-05,0.0,0.5,0.48903626,389.4597
0.00048,3.46e-05,0.0,0.6,0.4893634,389.7134
0.00048,3.46e-05,0.0,0.7,0.4896,389.81082
0.00048,3.46e-05,0.0,0.8,0.4898406,389.85452
0.00048,3.46e-05,0.0,0.9,0.49005252,389.87692
0.00048,3.46e-05,0.0,1.0,0.49022317,389.8898
0.00048,3.46e-05,1e-05,0.0,0.4041329,300.0598
0.00048,3.46e-05,1e-05,0.1,0.69371206,361.4013
0.00048,3.46e-05,1e-05,0.2,0.4648071,380.53525
0.00048,3.46e-05,1e-05,0.3,0.47742647,386.37756
0.00048,3.46e-05,1e-05,0.4,0.4872077,388.6944
0.00048,3.46e-05,1e-05,0.5,0.48903626,389.4597
0.00048,3.46e-05,1e-05,0.6,0.48936334,389.7134
0.00048,3.46e-05,1e-05,0.7,0.4896,389.81082
0.00048,3.46e-05,1e-05,0.8,0.4898406,389.85452
0.00048,3.46e-05,1e-05,0.9,0.49005252,389.87692
0.00048,3.46e-05,1e-05,1.0,0.49022317,389.8898
0.00049,1.73e-05,0.0,0.0,0.4041521,300.05978
0.00049,1.73e-05,0.0,0.1,0.6937289,361.3994
0.00049,1.73e-05,0.0,0.2,0.4648074,380.5347
0.00049,1.73e-05,0.0,0.3,0.47742528,386.37732
0.00049,1.73e-05,0.0,0.4,0.48720747,388.69427
0.00049,1.73e-05,0.0,0.5,0.48903602,389.45966
0.00049,1.73e-05,0.0,0.6,0.48936325,389.7134
0.00049,1.73e-05,0.0,0.7,0.48959994,389.81082
0.00049,1.73e-05,0.0,0.8,0.4898406,389.85452
0.00049,1.73e-05,0.0,0.9,0.49005252,389.87692
0.00049,1.73e-05,0.0,1.0,0.49022317,389.8898
0.00049,1.73e-05,1e-05,0.0,0.40414923,300.05975
0.00049,1.73e-05,1e-05,0.1,0.6937263,361.39972
0.00049,1.73e-05,1e-05,0.2,0.46480724,380.53476
0.00049,1.73e-05,1e-05,0.3,0.47742563,386.37738
0.00049,1.73e-05,1e-05,0.4,0.48720753,388.69427
0.00049,1.73e-05,1e-05,0.5,0.48903602,389.45966
0.00049,1.73e-05,1e-05,0.6,0.48936337,389.7134
0.00049,1.73e-05,1e-05,0.7,0.48959988,389.81082
0.00049,1.73e-05,1e-05,0.8,0.4898406,389.85452
0.00049,1.73e-05,1e-05,0.9,0.49005252,389.87692
0.00049,1.73e-05,1e-05,1.0,0.49022317,389.8898
0.0005,0.0,1e-05,0.0,0.4041652,300.0596
0.0005,0.0,1e-05,0.1,0.69374025,361.398
0.0005,0.0,1e-05,0.2,0.46480733,380.53436
0.0005,0.0,1e-05,0.3,0.47742492,386.37723
0.0005,0.0,1e-05,0.4,0.48720735,388.69424
0.0005,0.0,1e-05,0.5,0.48903602,389.45966
0.0005,0.0,1e-05,0.6,0.48936313,389.71338
0.0005,0.0,1e-05,0.7,0.48959982,389.81082
0.0005,0.0,1e-05,0.8,0.4898405,389.85452
0.0005,0.0,1e-05,0.9,0.49005246,389.87692
0.0005,0.0,1e-05,1.0,0.4902231,389.8898
0.0005,0.0,0.0,0.0,0.40416813,300.05954
0.0005,0.0,0.0,0.1,0.6937433,361.39767
0.0005,0.0,0.0,0.2,0.4648072,380.5343
0.0005,0.0,0.0,0.3,0.4774246,386.3772
0.0005,0.0,0.0,0.4,0.48720714,388.69424
0.0005,0.0,0.0,0.5,0.48903596,389.45966
0.0005,0.0,0.0,0.6,0.48936313,389.71338
0.0005,0.0,0.0,0.7,0.48959982,389.81082
0.0005,0.0,0.0,0.8,0.4898404,389.85452
0.0005,0.0,0.0,0.9,0.49005246,389.87692
0.0005,0.0,0.0,1.0,0.4902231,389.8898
0.00046,1e-04,1e-05,0.0,0.40405753,300.06064
0.00046,1e-04,1e-05,0.1,0.6936458,361.40918
0.00046,1e-04,1e-05,0.2,0.46480566,380.53723
0.00046,1e-04,1e-05,0.3,0.47742987,386.3781
0.00046,1e-04,1e-05,0.4,0.4872085,388.69458
0.00046,1e-04,1e-05,0.5,0.48903608,389.45978
0.00046,1e-04,1e-05,0.6,0.48936328,389.71344
0.00046,1e-04,1e-05,0.7,0.4896,389.81085
0.00046,1e-04,1e-05,0.8,0.48984057,389.85452
0.00046,1e-04,1e-05,0.9,0.4900527,389.87692
0.00046,1e-04,1e-05,1.0,0.49022317,389.88983
0.00047,8.27e-05,0.0,0.0,0.40407717,300.06042
0.00047,8.27e-05,0.0,0.1,0.69366276,361.40723
0.00047,8.27e-05,0.0,0.2,0.46480602,380.53674
0.00047,8.27e-05,0.0,0.3,0.47742912,386.378
0.00047,8.27e-05,0.0,0.4,0.48720855,388.69455
0.00047,8.27e-05,0.0,0.5,0.4890362,389.45975
0.00047,8.27e-05,0.0,0.6,0.48936322,389.71344
0.00047,8.27e-05,0.0,0.7,0.48960003,389.81085
0.00047,8.27e-05,0.0,0.8,0.48984057,389.85452
0.00047,8.27e-05,0.0,0.9,0.49005264,389.87692
0.00047,8.27e-05,0.0,1.0,0.49022317,389.88983
0.00047,8.27e-05,1e-05,0.0,0.40407348,300.06046
0.00047,8.27e-05,1e-05,0.1,0.6936599,361.40762
0.00047,8.27e-05,1e-05,0.2,0.4648058,380.5368
0.00047,8.27e-05,1e-05,0.3,0.47742903,386.37802
0.00047,8.27e-05,1e-05,0.4,0.4872082,388.69455
0.00047,8.27e-05,1e-05,0.5,0.48903614,389.45975
0.00047,8.27e-05,1e-05,0.6,0.48936322,389.71344
0.00047,8.27e-05,1e-05,0.7,0.48960006,389.81085
0.00047,8.27e-05,1e-05,0.8,0.48984057,389.85452
0.00047,8.27e-05,1e-05,0.9,0.4900527,389.87692
0.00047,8.27e-05,1e-05,1.0,0.49022317,389.88983
0.00048,1e-04,0.0,0.0,0.40404534,300.06073
0.00048,1e-04,0.0,0.1,0.6936341,361.4106
0.00048,1e-04,0.0,0.2,0.46480536,380.53757
0.00048,1e-04,0.0,0.3,0.47743058,386.37833
0.00048,1e-04,0.0,0.4,0.48720875,388.6947
0.00048,1e-04,0.0,0.5,0.48903614,389.45978
0.00048,1e-04,0.0,0.6,0.48936325,389.71344
0.00048,1e-04,0.0,0.7,0.48960006,389.81085
0.00048,1e-04,0.0,0.8,0.48984057,389.85452
0.00048,1e-04,0.0,0.9,0.4900527,389.87692
0.00048,1e-04,0.0,1.0,0.49022335,389.88983
0.00048,6.69e-05,1e-05,0.0,0.40408763,300.06042
0.00048,6.69e-05,1e-05,0.1,0.69367206,361.40622
0.00048,6.69e-05,1e-05,0.2,0.46480608,380.5365
0.00048,6.69e-05,1e-05,0.3,0.47742847,386.3779
0.00048,6.69e-05,1e-05,0.4,0.48720837,388.69452
0.00048,6.69e-05,1e-05,0.5,0.4890362,389.45972
0.00048,6.69e-05,1e-05,0.6,0.4893632,389.7134
0.00048,6.69e-05,1e-05,0.7,0.48960003,389.81085
0.00048,6.69e-05,1e-05,0.8,0.4898405,389.85452
0.00048,6.69e-05,1e-05,0.9,0.49005264,389.87692
0.00048,6.69e-05,1e-05,1.0,0.49022317,389.8898
0.00048,6.69e-05,0.0,0.0,0.40409166,300.06036
0.00048,6.69e-05,0.0,0.1,0.6936751,361.4058
0.00048,6.69e-05,0.0,0.2,0.4648062,380.5364
0.00048,6.69e-05,0.0,0.3,0.47742832,386.3779
0.00048,6.69e-05,0.0,0.4,0.4872082,388.69452
0.00048,6.69e-05,0.0,0.5,0.4890362,389.45972
0.00048,6.69e-05,0.0,0.6,0.48936325,389.7134
0.00048,6.69e-05,0.0,0.7,0.4896001,389.81085
0.00048,6.69e-05,0.0,0.8,0.48984057,389.85452
0.00048,6.69e-05,0.0,0.9,0.49005264,389.87692
0.00048,6.69e-05,0.0,1.0,0.49022317,389.8898
0.00049,5.1e-05,1e-05,0.0,0.40410194,300.06024
0.00049,5.1e-05,1e-05,0.1,0.6936847,361.40472
0.00049,5.1e-05,1e-05,0.2,0.46480644,380.53604
0.00049,5.1e-05,1e-05,0.3,0.47742796,386.3778
0.00049,5.1e-05,1e-05,0.4,0.487208,388.69452
0.00049,5.1e-05,1e-05,0.5,0.48903614,389.4597
0.00049,5.1e-05,1e-05,0.6,0.48936322,389.7134
0.00049,5.1e-05,1e-05,0.7,0.4896001,389.81085
0.00049,5.1e-05,1e-05,0.8,0.48984054,389.85452
0.00049,5.1e-05,1e-05,0.9,0.49005264,389.87692
0.00049,5.1e-05,1e-05,1.0,0.49022317,389.8898
0.00049,5.1e-05,0.0,0.0,0.40410596,300.06018
0.00049,5.1e-05,0.0,0.1,0.69368744,361.4044
0.00049,5.1e-05,0.0,0.2,0.46480635,380.53595
0.00049,5.1e-05,0.0,0.3,0.47742772,386.37778
0.00049,5.1e-05,0.0,0.4,0.4872079,388.6945
0.00049,5.1e-05,0.0,0.5,0.48903608,389.4597
0.00049,5.1e-05,0.0,0.6,0.48936328,389.7134
0.00049,5.1e-05,0.0,0.7,0.4896001,389.81085
0.00049,5.1e-05,0.0,0.8,0.48984054,389.85452
0.00049,5.1e-05,0.0,0.9,0.49005264,389.87692
0.00049,5.1e-05,0.0,1.0,0.49022317,389.8898
0.0005,3.46e-05,0.0,0.0,0.40412065,300.06003
0.0005,3.46e-05,0.0,0.1,0.69370043,361.40268
0.0005,3.46e-05,0.0,0.2,0.464807,380.53558
0.0005,3.46e-05,0.0,0.3,0.47742698,386.37772
0.0005,3.46e-05,0.0,0.4,0.48720783,388.69446
0.0005,3.46e-05,0.0,0.5,0.48903623,389.4597
0.0005,3.46e-05,0.0,0.6,0.48936322,389.7134
0.0005,3.46e-05,0.0,0.7,0.4896,389.81082
0.0005,3.46e-05,0.0,0.8,0.4898406,389.85452
0.0005,3.46e-05,0.0,0.9,0.49005258,389.87692
0.0005,3.46e-05,0.0,1.0,0.49022317,389.8898
0.0005,3.46e-05,1e-05,0.0,0.40411684,300.06006
0.0005,3.46e-05,1e-05,0.1,0.6936976,361.40308
0.0005,3.46e-05,1e-05,0.2,0.46480668,380.53568
0.0005,3.46e-05,1e-05,0.3,0.47742718,386.37775
0.0005,3.46e-05,1e-05,0.4,0.4872078,388.69446
0.0005,3.46e-05,1e-05,0.5,0.48903623,389.4597
0.0005,3.46e-05,1e-05,0.6,0.48936322,389.7134
0.0005,3.46e-05,1e-05,0.7,0.48960006,389.81082
0.0005,3.46e-05,1e-05,0.8,0.4898406,389.85452
0.0005,3.46e-05,1e-05,0.9,0.49005258,389.87692
0.0005,3.46e-05,1e-05,1.0,0.49022317,389.8898
0.00051,1.73e-05,0.0,0.0,0.40413633,300.0598
0.00051,1.73e-05,0.0,0.1,0.69371444,361.40106
0.00051,1.73e-05,0.0,0.2,0.46480706,380.53513
0.00051,1.73e-05,0.0,0.3,0.4774263,386.37753
0.00051,1.73e-05,0.0,0.4,0.4872076,388.69437
0.00051,1.73e-05,0.0,0.5,0.48903632,389.4597
0.00051,1.73e-05,0.0,0.6,0.4893634,389.7134
0.00051,1.73e-05,0.0,0.7,0.48959994,389.81082
0.00051,1.73e-05,0.0,0.8,0.4898406,389.85452
0.00051,1.73e-05,0.0,0.9,0.49005252,389.87692
0.00051,1.73e-05,0.0,1.0,0.49022317,389.8898
0.00051,1.73e-05,1e-05,0.0,0.40413254,300.05984
0.00051,1.73e-05,1e-05,0.1,0.69371176,361.40134
0.00051,1.73e-05,1e-05,0.2,0.4648072,380.53525
0.00051,1.73e-05,1e-05,0.3,0.4774264,386.37756
0.00051,1.73e-05,1e-05,0.4,0.48720765,388.6944
0.00051,1.73e-05,1e-05,0.5,0.48903614,389.4597
0.00051,1.73e-05,1e-05,0.6,0.48936334,389.7134
0.00051,1.73e-05,1e-05,0.7,0.48960006,389.81082
0.00051,1.73e-05,1e-05,0.8,0.4898406,389.85452
0.00051,1.73e-05,1e-05,0.9,0.49005252,389.87692
0.00051,1.73e-05,1e-05,1.0,0.49022317,389.8898
0.00052,0.0,1e-05,0.0,0.40414885,300.05975
0.00052,0.0,1e-05,0.1,0.69372606,361.3998
0.00052,0.0,1e-05,0.2,0.46480733,380.5348
0.00052,0.0,1e-05,0.3,0.47742563,386.37738
0.00052,0.0,1e-05,0.4,0.4872076,388.69427
0.00052,0.0,1e-05,0.5,0.4890361,389.45966
0.00052,0.0,1e-05,0.6,0.4893633,389.7134
0.00052,0.0,1e-05,0.7,0.48959988,389.81082
0.00052,0.0,1e-05,0.8,0.4898406,389.85452
0.00052,0.0,1e-05,0.9,0.49005258,389.87692
0.00052,0.0,1e-05,1.0,0.49022317,389.8898
0.00052,0.0,0.0,0.0,0.40415204,300.05978
0.00052,0.0,0.0,0.1,0.6937288,361.39954
0.00052,0.0,0.0,0.2,0.46480745,380.53473
0.00052,0.0,0.0,0.3,0.47742563,386.37738
0.00052,0.0,0.0,0.4,0.48720753,388.69427
0.00052,0.0,0.0,0.5,0.48903602,389.45966
0.00052,0.0,0.0,0.6,0.48936325,389.7134
0.00052,0.0,0.0,0.7,0.48959994,389.81082
0.00052,0.0,0.0,0.8,0.4898406,389.85452
0.00052,0.0,0.0,0.9,0.49005252,389.87692
0.00052,0.0,0.0,1.0,0.49022317,389.8898
0.00048,1e-04,1e-05,0.0,0.4040418,300.06076
0.00048,1e-04,1e-05,0.1,0.69363105,361.41092
0.00048,1e-04,1e-05,0.2,0.46480525,380.5377
0.00048,1e-04,1e-05,0.3,0.4774307,386.37833
0.00048,1e-04,1e-05,0.4,0.4872087,388.6947
0.00048,1e-04,1e-05,0.5,0.48903623,389.4598
0.00048,1e-04,1e-05,0.6,0.48936325,389.71344
0.00048,1e-04,1e-05,0.7,0.48960006,389.81085
0.00048,1e-04,1e-05,0.8,0.48984057,389.85452
0.00048,1e-04,1e-05,0.9,0.4900527,389.87692
0.00048,1e-04,1e-05,1.0,0.49022335,389.88983
0.00049,8.27e-05,0.0,0.0,0.404061,300.0606
0.00049,8.27e-05,0.0,0.1,0.6936481,361.40903
0.00049,8.27e-05,0.0,0.2,0.4648059,380.5372
0.00049,8.27e-05,0.0,0.3,0.47742975,386.3781
0.00049,8.27e-05,0.0,0.4,0.4872085,388.69458
0.00049,8.27e-05,0.0,0.5,0.48903608,389.45978
0.00049,8.27e-05,0.0,0.6,0.48936322,389.71344
0.00049,8.27e-05,0.0,0.7,0.4896,389.81085
0.00049,8.27e-05,0.0,0.8,0.48984057,389.85452
0.00049,8.27e-05,0.0,0.9,0.4900527,389.87692
0.00049,8.27e-05,0.0,1.0,0.49022317,389.88983
0.00049,8.27e-05,1e-05,0.0,0.40405762,300.06067
0.00049,8.27e-05,1e-05,0.1,0.6936455,361.40924
0.00049,8.27e-05,1e-05,0.2,0.46480584,380.53726
0.00049,8.27e-05,1e-05,0.3,0.47742993,386.37814
0.00049,8.27e-05,1e-05,0.4,0.48720858,388.69458
0.00049,8.27e-05,1e-05,0.5,0.48903608,389.45978
0.00049,8.27e-05,1e-05,0.6,0.48936328,389.71344
0.00049,8.27e-05,1e-05,0.7,0.4896,389.81085
0.00049,8.27e-05,1e-05,0.8,0.48984057,389.85452
0.00049,8.27e-05,1e-05,0.9,0.4900527,389.87692
0.00049,8.27e-05,1e-05,1.0,0.49022323,389.88983
0.0005,1e-04,0.0,0.0,0.40402916,300.06094
0.0005,1e-04,0.0,0.1,0.6936195,361.41238
0.0005,1e-04,0.0,0.2,0.46480557,380.53812
0.0005,1e-04,0.0,0.3,0.4774313,386.37857
0.0005,1e-04,0.0,0.4,0.48720902,388.69473
0.0005,1e-04,0.0,0.5,0.48903638,389.4598
0.0005,1e-04,0.0,0.6,0.48936307,389.71344
0.0005,1e-04,0.0,0.7,0.4896,389.81085
0.0005,1e-04,0.0,0.8,0.48984063,389.85452
0.0005,1e-04,0.0,0.9,0.4900527,389.87692
0.0005,1e-04,0.0,1.0,0.49022323,389.88983
0.0005,6.69e-05,1e-05,0.0,0.40407166,300.06046
0.0005,6.69e-05,1e-05,0.1,0.69365764,361.40796
0.0005,6.69e-05,1e-05,0.2,0.46480596,380.5369
0.0005,6.69e-05,1e-05,0.3,0.47742933,386.37805
0.0005,6.69e-05,1e-05,0.4,0.48720825,388.69455
0.0005,6.69e-05,1e-05,0.5,0.48903608,389.45975
0.0005,6.69e-05,1e-05,0.6,0.48936322,389.71344
0.0005,6.69e-05,1e-05,0.7,0.48960006,389.81085
0.0005,6.69e-05,1e-05,0.8,0.48984057,389.85452
0.0005,6.69e-05,1e-05,0.9,0.4900527,389.87692
0.0005,6.69e-05,1e-05,1.0,0.4902233,389.88983
0.0005,6.69e-05,0.0,0.0,0.40407437,300.06042
0.0005,6.69e-05,0.0,0.1,0.6936606,361.40762
0.0005,6.69e-05,0.0,0.2,0.46480608,380.5368
0.0005,6.69e-05,0.0,0.3,0.4774291,386.37802
0.0005,6.69e-05,0.0,0.4,0.48720825,388.69455
0.0005,6.69e-05,0.0,0.5,0.4890361,389.45975
0.0005,6.69e-05,0.0,0.6,0.48936322,389.71344
0.0005,6.69e-05,0.0,0.7,0.48960006,389.81085
0.0005,6.69e-05,0.0,0.8,0.48984057,389.85452
0.0005,6.69e-05,0.0,0.9,0.4900527,389.87692
0.0005,6.69e-05,0.0,1.0,0.49022317,389.88983
0.00051,5.1e-05,1e-05,0.0,0.4040854,300.06036
0.00051,5.1e-05,1e-05,0.1,0.69367015,361.4064
0.00051,5.1e-05,1e-05,0.2,0.46480638,380.53653
0.00051,5.1e-05,1e-05,0.3,0.47742873,386.37793
0.00051,5.1e-05,1e-05,0.4,0.48720837,388.69455
0.00051,5.1e-05,1e-05,0.5,0.4890362,389.45972
0.00051,5.1e-05,1e-05,0.6,0.4893632,389.7134
0.00051,5.1e-05,1e-05,0.7,0.48960003,389.81085
0.00051,5.1e-05,1e-05,0.8,0.4898405,389.85452
0.00051,5.1e-05,1e-05,0.9,0.49005264,389.87692
0.00051,5.1e-05,1e-05,1.0,0.49022317,389.8898
0.00051,5.1e-05,0.0,0.0,0.404089,300.06036
0.00051,5.1e-05,0.0,0.1,0.693673,361.40613
0.00051,5.1e-05,0.0,0.2,0.4648063,380.5365
0.00051,5.1e-05,0.0,0.3,0.4774285,386.3779
0.00051,5.1e-05,0.0,0.4,0.48720837,388.69452
0.00051,5.1e-05,0.0,0.5,0.4890362,389.45972
0.00051,5.1e-05,0.0,0.6,0.4893632,389.7134
0.00051,5.1e-05,0.0,0.7,0.48960003,389.81085
0.00051,5.1e-05,0.0,0.8,0.4898405,389.85452
0.00051,5.1e-05,0.0,0.9,0.49005264,389.87692
0.00051,5.1e-05,0.0,1.0,0.49022317,389.8898
0.00052,3.46e-05,0.0,0.0,0.40410385,300.0602
0.00052,3.46e-05,0.0,0.1,0.6936859,361.40454
0.00052,3.46e-05,0.0,0.2,0.4648068,380.536
0.00052,3.46e-05,0.0,0.3,0.4774278,386.3778
0.00052,3.46e-05,0.0,0.4,0.48720792,388.69452
0.00052,3.46e-05,0.0,0.5,0.48903608,389.4597
0.00052,3.46e-05,0.0,0.6,0.48936328,389.7134
0.00052,3.46e-05,0.0,0.7,0.4896001,389.81085
0.00052,3.46e-05,0.0,0.8,0.48984054,389.85452
0.00052,3.46e-05,0.0,0.9,0.49005264,389.87692
0.00052,3.46e-05,0.0,1.0,0.49022317,389.8898
0.00052,3.46e-05,1e-05,0.0,0.4041008,300.06027
0.00052,3.46e-05,1e-05,0.1,0.69368315,361.4049
0.00052,3.46e-05,1e-05,0.2,0.46480635,380.53613
0.00052,3.46e-05,1e-05,0.3,0.47742802,386.3778
0.00052,3.46e-05,1e-05,0.4,0.4872082,388.69452
0.00052,3.46e-05,1e-05,0.5,0.48903614,389.4597
0.00052,3.46e-05,1e-05,0.6,0.48936328,389.7134
0.00052,3.46e-05,1e-05,0.7,0.4896001,389.81085
0.00052,3.46e-05,1e-05,0.8,0.48984054,389.85452
0.00052,3.46e-05,1e-05,0.9,0.49005264,389.87692
0.00052,3.46e-05,1e-05,1.0,0.49022317,389.8898
0.00053,1.73e-05,0.0,0.0,0.40412056,300.06006
0.00053,1.73e-05,0.0,0.1,0.6937,361.40274
0.00053,1.73e-05,0.0,0.2,0.46480694,380.5356
0.00053,1.73e-05,0.0,0.3,0.47742718,386.37772
0.00053,1.73e-05,0.0,0.4,0.4872079,388.69446
0.00053,1.73e-05,0.0,0.5,0.48903617,389.4597
0.00053,1.73e-05,0.0,0.6,0.48936322,389.7134
0.00053,1.73e-05,0.0,0.7,0.4896,389.81082
0.00053,1.73e-05,0.0,0.8,0.4898406,389.85452
0.00053,1.73e-05,0.0,0.9,0.49005258,389.87692
0.00053,1.73e-05,0.0,1.0,0.49022317,389.8898
0.00053,1.73e-05,1e-05,0.0,0.40411657,300.06006
0.00053,1.73e-05,1e-05,0.1,0.6936973,361.40314
0.00053,1.73e-05,1e-05,0.2,0.4648068,380.53568
0.00053,1.73e-05,1e-05,0.3,0.47742718,386.37775
0.00053,1.73e-05,1e-05,0.4,0.4872078,388.69446
0.00053,1.73e-05,1e-05,0.5,0.48903623,389.4597
0.00053,1.73e-05,1e-05,0.6,0.48936322,389.7134
0.00053,1.73e-05,1e-05,0.7,0.48960006,389.81082
0.00053,1.73e-05,1e-05,0.8,0.4898406,389.85452
0.00053,1.73e-05,1e-05,0.9,0.49005258,389.87692
0.00053,1.73e-05,1e-05,1.0,0.49022317,389.8898
0.00054,0.0,1e-05,0.0,0.40413314,300.05984
0.00054,0.0,1e-05,0.1,0.69371134,361.40143
0.00054,0.0,1e-05,0.2,0.46480736,380.5353
0.00054,0.0,1e-05,0.3,0.4774265,386.37756
0.00054,0.0,1e-05,0.4,0.48720774,388.69443
0.00054,0.0,1e-05,0.5,0.48903614,389.4597
0.00054,0.0,1e-05,0.6,0.48936334,389.7134
0.00054,0.0,1e-05,0.7,0.48960006,389.81082
0.00054,0.0,1e-05,0.8,0.4898406,389.85452
0.00054,0.0,1e-05,0.9,0.49005252,389.87692
0.00054,0.0,1e-05,1.0,0.49022317,389.8898
0.00054,6.93e-06,5e-06,0.0,0.4041251,300.05994
0.00054,6.93e-06,5e-06,0.1,0.69370425,361.40237
0.00054,6.93e-06,5e-06,0.2,0.46480724,380.53552
0.00054,6.93e-06,5e-06,0.3,0.47742698,386.3777
0.00054,6.93e-06,5e-06,0.4,0.4872078,388.69446
0.00054,6.93e-06,5e-06,0.5,0.48903602,389.4597
0.00054,6.93e-06,5e-06,0.6,0.48936322,389.7134
0.00054,6.93e-06,5e-06,0.7,0.4896,389.81082
0.00054,6.93e-06,5e-06,0.8,0.4898406,389.85452
0.00054,6.93e-06,5e-06,0.9,0.49005252,389.87692
0.00054,6.93e-06,5e-06,1.0,0.49022317,389.8898
0.00054,0.0,0.0,0.0,0.40413597,300.0598
0.00054,0.0,0.0,0.1,0.6937141,361.4012
0.00054,0.0,0.0,0.2,0.4648075,380.53522
0.00054,0.0,0.0,0.3,0.47742647,386.37756
0.00054,0.0,0.0,0.4,0.48720765,388.69437
0.00054,0.0,0.0,0.5,0.48903632,389.4597
0.00054,0.0,0.0,0.6,0.4893634,389.7134
0.00054,0.0,0.0,0.7,0.48960006,389.81082
0.00054,0.0,0.0,0.8,0.4898406,389.85452
0.00054,0.0,0.0,0.9,0.49005252,389.87692
0.00054,0.0,0.0,1.0,0.49022317,389.8898
0.0005,1e-04,1e-05,0.0,0.40402555,300.061
0.0005,1e-04,1e-05,0.1,0.6936166,361.4127
0.0005,1e-04,1e-05,0.2,0.4648052,380.53815
0.0005,1e-04,1e-05,0.3,0.47743163,386.37857
0.0005,1e-04,1e-05,0.4,0.48720896,388.69473
0.0005,1e-04,1e-05,0.5,0.48903635,389.4598
0.0005,1e-04,1e-05,0.6,0.48936307,389.71344
0.0005,1e-04,1e-05,0.7,0.4896,389.81085
0.0005,1e-04,1e-05,0.8,0.48984063,389.85452
0.0005,1e-04,1e-05,0.9,0.4900527,389.87692
0.0005,1e-04,1e-05,1.0,0.49022323,389.88983
0.00051,8.27e-05,0.0,0.0,0.40404478,300.06073
0.00051,8.27e-05,0.0,0.1,0.69363356,361.41064
0.00051,8.27e-05,0.0,0.2,0.4648056,380.53763
0.00051,8.27e-05,0.0,0.3,0.47743064,386.37833
0.00051,8.27e-05,0.0,0.4,0.48720875,388.6947
0.00051,8.27e-05,0.0,0.5,0.48903614,389.45978
0.00051,8.27e-05,0.0,0.6,0.48936313,389.71344
0.00051,8.27e-05,0.0,0.7,0.48960006,389.81085
0.00051,8.27e-05,0.0,0.8,0.48984057,389.85452
0.00051,8.27e-05,0.0,0.9,0.4900527,389.87692
0.00051,8.27e-05,0.0,1.0,0.49022335,389.88983
0.00051,8.27e-05,1e-05,0.0,0.4040419,300.06076
0.00051,8.27e-05,1e-05,0.1,0.69363093,361.41095
0.00051,8.27e-05,1e-05,0.2,0.46480545,380.53775
0.00051,8.27e-05,1e-05,0.3,0.47743076,386.37833
0.00051,8.27e-05,1e-05,0.4,0.48720863,388.6947
0.00051,8.27e-05,1e-05,0.5,0.48903638,389.4598
0.00051,8.27e-05,1e-05,0.6,0.48936325,389.71344
0.00051,8.27e-05,1e-05,0.7,0.48960006,389.81085
0.00051,8.27e-05,1e-05,0.8,0.48984057,389.85452
0.00051,8.27e-05,1e-05,0.9,0.4900527,389.87692
0.00051,8.27e-05,1e-05,1.0,0.49022335,389.88983
0.00052,1e-04,0.0,0.0,0.4040133,300.06116
0.00052,1e-04,0.0,0.1,0.69360507,361.4141
0.00052,1e-04,0.0,0.2,0.46480522,380.5385
0.00052,1e-04,0.0,0.3,0.47743207,386.3787
0.00052,1e-04,0.0,0.4,0.4872091,388.69476
0.00052,1e-04,0.0,0.5,0.48903632,389.4598
0.00052,1e-04,0.0,0.6,0.48936325,389.71344
0.00052,1e-04,0.0,0.7,0.48960024,389.81085
0.00052,1e-04,0.0,0.8,0.4898407,389.85452
0.00052,1e-04,0.0,0.9,0.4900527,389.87692
0.00052,1e-04,0.0,1.0,0.49022323,389.88983
0.00052,6.69e-05,0.0,0.0,0.40405852,300.0606
0.00052,6.69e-05,0.0,0.1,0.6936461,361.40927
0.00052,6.69e-05,0.0,0.2,0.46480596,380.53726
0.00052,6.69e-05,0.0,0.3,0.47742993,386.37814
0.00052,6.69e-05,0.0,0.4,0.48720858,388.69458
0.00052,6.69e-05,0.0,0.5,0.48903608,389.45978
0.00052,6.69e-05,0.0,0.6,0.48936328,389.71344
0.00052,6.69e-05,0.0,0.7,0.4896,389.81085
0.00052,6.69e-05,0.0,0.8,0.48984057,389.85452
0.00052,6.69e-05,0.0,0.9,0.4900527,389.87692
0.00052,6.69e-05,0.0,1.0,0.49022323,389.88983
0.00052,6.69e-05,1e-05,0.0,0.40405577,300.06067
0.00052,6.69e-05,1e-05,0.1,0.6936432,361.40958
0.00052,6.69e-05,1e-05,0.2,0.46480563,380.53732
0.00052,6.69e-05,1e-05,0.3,0.47743022,386.37817
0.00052,6.69e-05,1e-05,0.4,0.48720878,388.6946
0.00052,6.69e-05,1e-05,0.5,0.4890361,389.45978
0.00052,6.69e-05,1e-05,0.6,0.48936322,389.71344
0.00052,6.69e-05,1e-05,0.7,0.48960006,389.81085
0.00052,6.69e-05,1e-05,0.8,0.48984057,389.85452
0.00052,6.69e-05,1e-05,0.9,0.4900527,389.87692
0.00052,6.69e-05,1e-05,1.0,0.49022323,389.88983
0.00053,5.1e-05,1e-05,0.0,0.40406978,300.06052
0.00053,5.1e-05,1e-05,0.1,0.6936553,361.40823
0.00053,5.1e-05,1e-05,0.2,0.4648061,380.53702
0.00053,5.1e-05,1e-05,0.3,0.47742945,386.37808
0.00053,5.1e-05,1e-05,0.4,0.48720843,388.69455
0.00053,5.1e-05,1e-05,0.5,0.4890361,389.45975
0.00053,5.1e-05,1e-05,0.6,0.48936328,389.71344
0.00053,5.1e-05,1e-05,0.7,0.4896,389.81085
0.00053,5.1e-05,1e-05,0.8,0.48984057,389.85452
0.00053,5.1e-05,1e-05,0.9,0.4900527,389.87692
0.00053,5.1e-05,1e-05,1.0,0.49022317,389.88983
0.00053,5.1e-05,0.0,0.0,0.40407252,300.06046
0.00053,5.1e-05,0.0,0.1,0.69365823,361.40793
0.00053,5.1e-05,0.0,0.2,0.4648062,380.5369
0.00053,5.1e-05,0.0,0.3,0.4774294,386.37805
0.00053,5.1e-05,0.0,0.4,0.48720825,388.69455
0.00053,5.1e-05,0.0,0.5,0.48903608,389.45975
0.00053,5.1e-05,0.0,0.6,0.48936322,389.71344
0.00053,5.1e-05,0.0,0.7,0.48960006,389.81085
0.00053,5.1e-05,0.0,0.8,0.48984057,389.85452
0.00053,5.1e-05,0.0,0.9,0.4900527,389.87692
0.00053,5.1e-05,0.0,1.0,0.4902233,389.88983
0.00054,3.46e-05,0.0,0.0,0.40408698,300.06036
0.00054,3.46e-05,0.0,0.1,0.69367135,361.40628
0.00054,3.46e-05,0.0,0.2,0.4648064,380.5365
0.00054,3.46e-05,0.0,0.3,0.47742862,386.37793
0.00054,3.46e-05,0.0,0.4,0.48720837,388.69455
0.00054,3.46e-05,0.0,0.5,0.4890362,389.45972
0.00054,3.46e-05,0.0,0.6,0.4893632,389.7134
0.00054,3.46e-05,0.0,0.7,0.48960003,389.81085
0.00054,3.46e-05,0.0,0.8,0.4898405,389.85452
0.00054,3.46e-05,0.0,0.9,0.49005264,389.87692
0.00054,3.46e-05,0.0,1.0,0.49022317,389.8898
0.00054,3.46e-05,1e-05,0.0,0.40408477,300.06042
0.00054,3.46e-05,1e-05,0.1,0.6936685,361.40656
0.00054,3.46e-05,1e-05,0.2,0.46480647,380.5366
0.00054,3.46e-05,1e-05,0.3,0.47742867,386.37796
0.00054,3.46e-05,1e-05,0.4,0.48720837,388.69455
0.00054,3.46e-05,1e-05,0.5,0.4890362,389.45972
0.00054,3.46e-05,1e-05,0.6,0.48936313,389.7134
0.00054,3.46e-05,1e-05,0.7,0.48959997,389.81085
0.00054,3.46e-05,1e-05,0.8,0.4898405,389.85452
0.00054,3.46e-05,1e-05,0.9,0.49005264,389.87692
0.00054,3.46e-05,1e-05,1.0,0.49022317,389.8898
0.00055,1.73e-05,0.0,0.0,0.40410346,300.0602
0.00055,1.73e-05,0.0,0.1,0.69368565,361.4046
0.00055,1.73e-05,0.0,0.2,0.4648068,380.53607
0.00055,1.73e-05,0.0,0.3,0.47742796,386.3778
0.00055,1.73e-05,0.0,0.4,0.48720798,388.69452
0.00055,1.73e-05,0.0,0.5,0.48903614,389.4597
0.00055,1.73e-05,0.0,0.6,0.48936322,389.7134
0.00055,1.73e-05,0.0,0.7,0.4896001,389.81085
0.00055,1.73e-05,0.0,0.8,0.48984054,389.85452
0.00055,1.73e-05,0.0,0.9,0.49005264,389.87692
0.00055,1.73e-05,0.0,1.0,0.49022317,389.8898
0.00055,1.73e-05,1e-05,0.0,0.40410024,300.06027
0.00055,1.73e-05,1e-05,0.1,0.6936828,361.40494
0.00055,1.73e-05,1e-05,0.2,0.4648067,380.53616
0.00055,1.73e-05,1e-05,0.3,0.4774281,386.37784
0.00055,1.73e-05,1e-05,0.4,0.4872082,388.69452
0.00055,1.73e-05,1e-05,0.5,0.48903608,389.4597
0.00055,1.73e-05,1e-05,0.6,0.48936334,389.7134
0.00055,1.73e-05,1e-05,0.7,0.4896001,389.81085
0.00055,1.73e-05,1e-05,0.8,0.48984054,389.85452
0.00055,1.73e-05,1e-05,0.9,0.49005264,389.87692
0.00055,1.73e-05,1e-05,1.0,0.49022317,389.8898
0.00056,0.0,1e-05,0.0,0.40411645,300.06012
0.00056,0.0,1e-05,0.1,0.6936972,361.40326
0.00056,0.0,1e-05,0.2,0.46480703,380.53568
0.00056,0.0,1e-05,0.3,0.47742742,386.37775
0.00056,0.0,1e-05,0.4,0.48720792,388.69446
0.00056,0.0,1e-05,0.5,0.48903623,389.4597
0.00056,0.0,1e-05,0.6,0.48936322,389.7134
0.00056,0.0,1e-05,0.7,0.48960006,389.81082
0.00056,0.0,1e-05,0.8,0.4898406,389.85452
0.00056,0.0,1e-05,0.9,0.49005258,389.87692
0.00056,0.0,1e-05,1.0,0.49022317,389.8898
0.00056,0.0,0.0,0.0,0.40411973,300.06006
0.00056,0.0,0.0,0.1,0.69369984,361.4029
0.00056,0.0,0.0,0.2,0.46480718,380.53564
0.00056,0.0,0.0,0.3,0.47742718,386.37772
0.00056,0.0,0.0,0.4,0.48720792,388.69446
0.00056,0.0,0.0,0.5,0.48903623,389.4597
0.00056,0.0,0.0,0.6,0.48936322,389.7134
0.00056,0.0,0.0,0.7,0.4896,389.81082
0.00056,0.0,0.0,0.8,0.4898406,389.85452
0.00056,0.0,0.0,0.9,0.49005258,389.87692
0.00056,0.0,0.0,1.0,0.49022317,389.8898
0.00052,1e-04,1e-05,0.0,0.4040089,300.06116
0.00052,1e-04,1e-05,0.1,0.6936024,361.4145
0.00052,1e-04,1e-05,0.2,0.4648052,380.53854
0.00052,1e-04,1e-05,0.3,0.47743225,386.3787
0.00052,1e-04,1e-05,0.4,0.48720917,388.69476
0.00052,1e-04,1e-05,0.5,0.48903632,389.4598
0.00052,1e-04,1e-05,0.6,0.48936325,389.71344
0.00052,1e-04,1e-05,0.7,0.48960006,389.81085
0.00052,1e-04,1e-05,0.8,0.4898407,389.85452
0.00052,1e-04,1e-05,0.9,0.4900527,389.87692
0.00052,1e-04,1e-05,1.0,0.49022323,389.88983
0.00053,8.27e-05,0.0,0.0,0.4040286,300.06094
0.00053,8.27e-05,0.0,0.1,0.69361913,361.41248
0.00053,8.27e-05,0.0,0.2,0.4648056,380.53815
0.00053,8.27e-05,0.0,0.3,0.4774313,386.37857
0.00053,8.27e-05,0.0,0.4,0.48720902,388.69473
0.00053,8.27e-05,0.0,0.5,0.48903632,389.4598
0.00053,8.27e-05,0.0,0.6,0.48936307,389.71344
0.00053,8.27e-05,0.0,0.7,0.4896,389.81085
0.00053,8.27e-05,0.0,0.8,0.48984063,389.85452
0.00053,8.27e-05,0.0,0.9,0.4900527,389.87692
0.00053,8.27e-05,0.0,1.0,0.49022323,389.88983
0.00053,8.27e-05,1e-05,0.0,0.40402555,300.061
0.00053,8.27e-05,1e-05,0.1,0.69361615,361.41278
0.00053,8.27e-05,1e-05,0.2,0.4648055,380.53815
0.00053,8.27e-05,1e-05,0.3,0.47743163,386.37857
0.00053,8.27e-05,1e-05,0.4,0.48720896,388.69473
0.00053,8.27e-05,1e-05,0.5,0.4890363,389.4598
0.00053,8.27e-05,1e-05,0.6,0.48936313,389.71344
0.00053,8.27e-05,1e-05,0.7,0.4896,389.81085
0.00053,8.27e-05,1e-05,0.8,0.48984063,389.85452
0.00053,8.27e-05,1e-05,0.9,0.4900527,389.87692
0.00053,8.27e-05,1e-05,1.0,0.49022323,389.88983
0.00054,1e-04,0.0,0.0,0.40399626,300.0613
0.00054,1e-04,0.0,0.1,0.6935905,361.4159
0.00054,1e-04,0.0,0.2,0.46480513,380.53888
0.00054,1e-04,0.0,0.3,0.47743294,386.37885
0.00054,1e-04,0.0,0.4,0.4872094,388.69485
0.00054,1e-04,0.0,0.5,0.48903632,389.45984
0.00054,1e-04,0.0,0.6,0.48936346,389.71344
0.00054,1e-04,0.0,0.7,0.48960018,389.81085
0.00054,1e-04,0.0,0.8,0.4898407,389.85452
0.00054,1e-04,0.0,0.9,0.4900527,389.87692
0.00054,1e-04,0.0,1.0,0.49022323,389.88983
0.00054,6.69e-05,0.0,0.0,0.40404266,300.06076
0.00054,6.69e-05,0.0,0.1,0.6936312,361.4109
0.00054,6.69e-05,0.0,0.2,0.46480578,380.53775
0.00054,6.69e-05,0.0,0.3,0.47743088,386.37833
0.00054,6.69e-05,0.0,0.4,0.48720863,388.6947
0.00054,6.69e-05,0.0,0.5,0.48903626,389.4598
0.00054,6.69e-05,0.0,0.6,0.48936325,389.71344
0.00054,6.69e-05,0.0,0.7,0.48960006,389.81085
0.00054,6.69e-05,0.0,0.8,0.48984057,389.85452
0.00054,6.69e-05,0.0,0.9,0.4900527,389.87692
0.00054,6.69e-05,0.0,1.0,0.49022335,389.88983
0.00054,6.69e-05,1e-05,0.0,0.40403932,300.0608
0.00054,6.69e-05,1e-05,0.1,0.6936288,361.41125
0.00054,6.69e-05,1e-05,0.2,0.46480575,380.53784
0.00054,6.69e-05,1e-05,0.3,0.47743088,386.37845
0.00054,6.69e-05,1e-05,0.4,0.48720878,388.6947
0.00054,6.69e-05,1e-05,0.5,0.48903632,389.4598
0.00054,6.69e-05,1e-05,0.6,0.48936325,389.71344
0.00054,6.69e-05,1e-05,0.7,0.48960006,389.81085
0.00054,6.69e-05,1e-05,0.8,0.48984057,389.85452
0.00054,6.69e-05,1e-05,0.9,0.4900527,389.87692
0.00054,6.69e-05,1e-05,1.0,0.49022335,389.88983
0.00055,5.1e-05,0.0,0.0,0.40405682,300.06064
0.00055,5.1e-05,0.0,0.1,0.6936439,361.40952
0.00055,5.1e-05,0.0,0.2,0.46480608,380.53732
0.00055,5.1e-05,0.0,0.3,0.4774301,386.37817
0.00055,5.1e-05,0.0,0.4,0.48720878,388.69458
0.00055,5.1e-05,0.0,0.5,0.48903617,389.45978
0.00055,5.1e-05,0.0,0.6,0.48936322,389.71344
0.00055,5.1e-05,0.0,0.7,0.4896,389.81085
0.00055,5.1e-05,0.0,0.8,0.48984057,389.85452
0.00055,5.1e-05,0.0,0.9,0.4900527,389.87692
0.00055,5.1e-05,0.0,1.0,0.49022323,389.88983
0.00055,5.1e-05,1e-05,0.0,0.40405345,300.0607
0.00055,5.1e-05,1e-05,0.1,0.6936412,361.40988
0.00055,5.1e-05,1e-05,0.2,0.46480602,380.53735
0.00055,5.1e-05,1e-05,0.3,0.47743034,386.3782
0.00055,5.1e-05,1e-05,0.4,0.48720872,388.69464
0.00055,5.1e-05,1e-05,0.5,0.4890361,389.45978
0.00055,5.1e-05,1e-05,0.6,0.48936316,389.71344
0.00055,5.1e-05,1e-05,0.7,0.48960006,389.81085
0.00055,5.1e-05,1e-05,0.8,0.48984057,389.85452
0.00055,5.1e-05,1e-05,0.9,0.4900527,389.87692
0.00055,5.1e-05,1e-05,1.0,0.49022323,389.88983
0.00056,5.1e-05,5e-06,0.0,0.40404683,300.06076
0.00056,5.1e-05,5e-06,0.1,0.6936352,361.41055
0.00056,5.1e-05,5e-06,0.2,0.46480584,380.5376
0.00056,5.1e-05,5e-06,0.3,0.47743052,386.37833
0.00056,5.1e-05,5e-06,0.4,0.4872087,388.6947
0.00056,5.1e-05,5e-06,0.5,0.48903614,389.45978
0.00056,5.1e-05,5e-06,0.6,0.48936325,389.71344
0.00056,5.1e-05,5e-06,0.7,0.48960006,389.81085
0.00056,5.1e-05,5e-06,0.8,0.48984057,389.85452
0.00056,5.1e-05,5e-06,0.9,0.4900527,389.87692
0.00056,5.1e-05,5e-06,1.0,0.49022335,389.88983
0.00056,3.46e-05,0.0,0.0,0.40407163,300.0605
0.00056,3.46e-05,0.0,0.1,0.6936568,361.4081
0.00056,3.46e-05,0.0,0.2,0.4648065,380.53696
0.00056,3.46e-05,0.0,0.3,0.47742957,386.37808
0.00056,3.46e-05,0.0,0.4,0.48720843,388.69455
0.00056,3.46e-05,0.0,0.5,0.48903617,389.45975
0.00056,3.46e-05,0.0,0.6,0.48936328,389.71344
0.00056,3.46e-05,0.0,0.7,0.48960006,389.81085
0.00056,3.46e-05,0.0,0.8,0.48984057,389.85452
0.00056,3.46e-05,0.0,0.9,0.4900527,389.87692
0.00056,3.46e-05,0.0,1.0,0.4902233,389.88983
0.00056,3.46e-05,1e-05,0.0,0.40406793,300.06055
0.00056,3.46e-05,1e-05,0.1,0.69365394,361.4084
0.00056,3.46e-05,1e-05,0.2,0.46480632,380.53708
0.00056,3.46e-05,1e-05,0.3,0.47742963,386.37808
0.00056,3.46e-05,1e-05,0.4,0.48720852,388.69455
0.00056,3.46e-05,1e-05,0.5,0.48903605,389.45975
0.00056,3.46e-05,1e-05,0.6,0.48936322,389.71344
0.00056,3.46e-05,1e-05,0.7,0.4896,389.81085
0.00056,3.46e-05,1e-05,0.8,0.48984057,389.85452
0.00056,3.46e-05,1e-05,0.9,0.4900527,389.87692
0.00056,3.46e-05,1e-05,1.0,0.4902233,389.88983
0.00057,1.73e-05,0.0,0.0,0.40408754,300.06036
0.00057,1.73e-05,0.0,0.1,0.6936711,361.40634
0.00057,1.73e-05,0.0,0.2,0.46480662,380.53653
0.00057,1.73e-05,0.0,0.3,0.47742873,386.37793
0.00057,1.73e-05,0.0,0.4,0.48720837,388.69455
0.00057,1.73e-05,0.0,0.5,0.4890362,389.45972
0.00057,1.73e-05,0.0,0.6,0.4893632,389.7134
0.00057,1.73e-05,0.0,0.7,0.48960003,389.81085
0.00057,1.73e-05,0.0,0.8,0.4898405,389.85452
0.00057,1.73e-05,0.0,0.9,0.49005264,389.87692
0.00057,1.73e-05,0.0,1.0,0.49022317,389.8898
0.00057,1.73e-05,1e-05,0.0,0.4040843,300.0604
0.00057,1.73e-05,1e-05,0.1,0.69366825,361.40668
0.00057,1.73e-05,1e-05,0.2,0.46480662,380.53662
0.00057,1.73e-05,1e-05,0.3,0.47742903,386.37796
0.00057,1.73e-05,1e-05,0.4,0.48720837,388.69455
0.00057,1.73e-05,1e-05,0.5,0.4890362,389.45972
0.00057,1.73e-05,1e-05,0.6,0.48936313,389.7134
0.00057,1.73e-05,1e-05,0.7,0.48959997,389.81085
0.00057,1.73e-05,1e-05,0.8,0.4898405,389.85452
0.00057,1.73e-05,1e-05,0.9,0.49005264,389.87692
0.00057,1.73e-05,1e-05,1.0,0.49022317,389.8898
0.00058,0.0,1e-05,0.0,0.4041,300.06027
0.00058,0.0,1e-05,0.1,0.69368243,361.405
0.00058,0.0,1e-05,0.2,0.46480697,380.5362
0.00058,0.0,1e-05,0.3,0.47742823,386.37787
0.00058,0.0,1e-05,0.4,0.4872082,388.69452
0.00058,0.0,1e-05,0.5,0.48903608,389.4597
0.00058,0.0,1e-05,0.6,0.48936334,389.7134
0.00058,0.0,1e-05,0.7,0.4896001,389.81085
0.00058,0.0,1e-05,0.8,0.48984054,389.85452
0.00058,0.0,1e-05,0.9,0.49005264,389.87692
0.00058,0.0,1e-05,1.0,0.49022317,389.8898
0.00058,0.0,0.0,0.0,0.40410382,300.0602
0.00058,0.0,0.0,0.1,0.6936852,361.4047
0.00058,0.0,0.0,0.2,0.46480697,380.5361
0.00058,0.0,0.0,0.3,0.47742802,386.3778
0.00058,0.0,0.0,0.4,0.487208,388.69452
0.00058,0.0,0.0,0.5,0.48903614,389.4597
0.00058,0.0,0.0,0.6,0.48936322,389.7134
0.00058,0.0,0.0,0.7,0.4896001,389.81085
0.00058,0.0,0.0,0.8,0.48984054,389.85452
0.00058,0.0,0.0,0.9,0.49005264,389.87692
0.00058,0.0,0.0,1.0,0.49022317,389.8898
0.00054,1e-04,1e-05,0.0,0.4039935,300.0613
0.00054,1e-04,1e-05,0.1,0.6935878,361.41623
0.00054,1e-04,1e-05,0.2,0.4648048,380.53894
0.00054,1e-04,1e-05,0.3,0.47743332,386.37888
0.00054,1e-04,1e-05,0.4,0.4872095,388.69485
0.00054,1e-04,1e-05,0.5,0.4890364,389.45984
0.00054,1e-04,1e-05,0.6,0.4893634,389.71344
0.00054,1e-04,1e-05,0.7,0.48960018,389.81085
0.00054,1e-04,1e-05,0.8,0.4898407,389.85452
0.00054,1e-04,1e-05,0.9,0.4900527,389.87692
0.00054,1e-04,1e-05,1.0,0.49022323,389.88983
0.00055,8.31e-05,5e-06,0.0,0.40400988,300.06113
0.00055,8.31e-05,5e-06,0.1,0.6936029,361.4144
0.00055,8.31e-05,5e-06,0.2,0.46480542,380.53857
0.00055,8.31e-05,5e-06,0.3,0.4774323,386.3787
0.00055,8.31e-05,5e-06,0.4,0.4872093,388.69476
0.00055,8.31e-05,5e-06,0.5,0.48903632,389.4598
0.00055,8.31e-05,5e-06,0.6,0.48936325,389.71344
0.00055,8.31e-05,5e-06,0.7,0.48960018,389.81085
0.00055,8.31e-05,5e-06,0.8,0.4898407,389.85452
0.00055,8.31e-05,5e-06,0.9,0.4900527,389.87692
0.00055,8.31e-05,5e-06,1.0,0.49022323,389.88983
0.00055,8.27e-05,0.0,0.0,0.4040121,300.06113
0.00055,8.27e-05,0.0,0.1,0.69360465,361.41415
0.00055,8.27e-05,0.0,0.2,0.4648055,380.5385
0.00055,8.27e-05,0.0,0.3,0.4774323,386.3787
0.00055,8.27e-05,0.0,0.4,0.48720914,388.69476
0.00055,8.27e-05,0.0,0.5,0.48903626,389.4598
0.00055,8.27e-05,0.0,0.6,0.48936325,389.71344
0.00055,8.27e-05,0.0,0.7,0.48960018,389.81085
0.00055,8.27e-05,0.0,0.8,0.4898407,389.85452
0.00055,8.27e-05,0.0,0.9,0.4900527,389.87692
0.00055,8.27e-05,0.0,1.0,0.49022323,389.88983
0.00055,8.27e-05,1e-05,0.0,0.40400895,300.06113
0.00055,8.27e-05,1e-05,0.1,0.693602,361.41452
0.00055,8.27e-05,1e-05,0.2,0.46480545,380.53857
0.00055,8.27e-05,1e-05,0.3,0.4774323,386.3787
0.00055,8.27e-05,1e-05,0.4,0.48720932,388.69476
0.00055,8.27e-05,1e-05,0.5,0.48903644,389.4598
0.00055,8.27e-05,1e-05,0.6,0.4893633,389.71344
0.00055,8.27e-05,1e-05,0.7,0.48960012,389.81085
0.00055,8.27e-05,1e-05,0.8,0.4898407,389.85452
0.00055,8.27e-05,1e-05,0.9,0.4900527,389.87692
0.00055,8.27e-05,1e-05,1.0,0.49022323,389.88983
0.00056,1e-04,0.0,0.0,0.40398058,300.0615
0.00056,1e-04,0.0,0.1,0.69357604,361.4178
0.00056,1e-04,0.0,0.2,0.46480498,380.53943
0.00056,1e-04,0.0,0.3,0.47743392,386.37897
0.00056,1e-04,0.0,0.4,0.4872092,388.6949
0.00056,1e-04,0.0,0.5,0.48903632,389.45984
0.00056,1e-04,0.0,0.6,0.48936334,389.71344
0.00056,1e-04,0.0,0.7,0.48960006,389.81085
0.00056,1e-04,0.0,0.8,0.48984063,389.85452
0.00056,1e-04,0.0,0.9,0.49005267,389.87692
0.00056,1e-04,0.0,1.0,0.49022323,389.88983
0.00056,6.69e-05,0.0,0.0,0.40402645,300.061
0.00056,6.69e-05,0.0,0.1,0.6936171,361.41278
0.00056,6.69e-05,0.0,0.2,0.46480572,380.53815
0.00056,6.69e-05,0.0,0.3,0.47743168,386.37857
0.00056,6.69e-05,0.0,0.4,0.48720896,388.69473
0.00056,6.69e-05,0.0,0.5,0.48903635,389.4598
0.00056,6.69e-05,0.0,0.6,0.48936313,389.71344
0.00056,6.69e-05,0.0,0.7,0.4896,389.81085
0.00056,6.69e-05,0.0,0.8,0.4898407,389.85452
0.00056,6.69e-05,0.0,0.9,0.4900527,389.87692
0.00056,6.69e-05,0.0,1.0,0.49022323,389.88983
0.00056,6.69e-05,1e-05,0.0,0.40402323,300.06104
0.00056,6.69e-05,1e-05,0.1,0.69361424,361.41312
0.00056,6.69e-05,1e-05,0.2,0.46480545,380.5382
0.00056,6.69e-05,1e-05,0.3,0.47743177,386.3786
0.00056,6.69e-05,1e-05,0.4,0.48720923,388.69473
0.00056,6.69e-05,1e-05,0.5,0.48903635,389.4598
0.00056,6.69e-05,1e-05,0.6,0.4893633,389.71344
0.00056,6.69e-05,1e-05,0.7,0.4896,389.81085
0.00056,6.69e-05,1e-05,0.8,0.4898407,389.85452
0.00056,6.69e-05,1e-05,0.9,0.4900527,389.87692
0.00056,6.69e-05,1e-05,1.0,0.49022323,389.88983
0.00057,5.1e-05,1e-05,0.0,0.40403727,300.06082
0.00057,5.1e-05,1e-05,0.1,0.69362664,361.41156
0.00057,5.1e-05,1e-05,0.2,0.46480566,380.53796
0.00057,5.1e-05,1e-05,0.3,0.4774311,386.37845
0.00057,5.1e-05,1e-05,0.4,0.487209,388.6947
0.00057,5.1e-05,1e-05,0.5,0.48903638,389.4598
0.00057,5.1e-05,1e-05,0.6,0.48936313,389.71344
0.00057,5.1e-05,1e-05,0.7,0.48960006,389.81085
0.00057,5.1e-05,1e-05,0.8,0.48984063,389.85452
0.00057,5.1e-05,1e-05,0.9,0.4900527,389.87692
0.00057,5.1e-05,1e-05,1.0,0.49022323,389.88983
0.00057,5.1e-05,0.0,0.0,0.40404055,300.0608
0.00057,5.1e-05,0.0,0.1,0.6936295,361.41116
0.00057,5.1e-05,0.0,0.2,0.4648059,380.53784
0.00057,5.1e-05,0.0,0.3,0.47743076,386.37845
0.00057,5.1e-05,0.0,0.4,0.48720878,388.6947
0.00057,5.1e-05,0.0,0.5,0.48903632,389.4598
0.00057,5.1e-05,0.0,0.6,0.48936325,389.71344
0.00057,5.1e-05,0.0,0.7,0.48960006,389.81085
0.00057,5.1e-05,0.0,0.8,0.48984057,389.85452
0.00057,5.1e-05,0.0,0.9,0.4900527,389.87692
0.00057,5.1e-05,0.0,1.0,0.49022335,389.88983
0.00058,3.46e-05,1e-05,0.0,0.4040522,300.06067
0.00058,3.46e-05,1e-05,0.1,0.69363976,361.41003
0.00058,3.46e-05,1e-05,0.2,0.46480623,380.53748
0.00058,3.46e-05,1e-05,0.3,0.47743058,386.37827
0.00058,3.46e-05,1e-05,0.4,0.48720866,388.69464
0.00058,3.46e-05,1e-05,0.5,0.48903608,389.45978
0.00058,3.46e-05,1e-05,0.6,0.48936316,389.71344
0.00058,3.46e-05,1e-05,0.7,0.48960006,389.81085
0.00058,3.46e-05,1e-05,0.8,0.48984057,389.85452
0.00058,3.46e-05,1e-05,0.9,0.4900527,389.87692
0.00058,3.46e-05,1e-05,1.0,0.49022323,389.88983
0.00058,3.46e-05,0.0,0.0,0.40405566,300.06067
0.00058,3.46e-05,0.0,0.1,0.6936425,361.4097
0.00058,3.46e-05,0.0,0.2,0.46480614,380.53735
0.00058,3.46e-05,0.0,0.3,0.47743025,386.37817
0.00058,3.46e-05,0.0,0.4,0.48720872,388.69464
0.00058,3.46e-05,0.0,0.5,0.4890361,389.45978
0.00058,3.46e-05,0.0,0.6,0.48936316,389.71344
0.00058,3.46e-05,0.0,0.7,0.48960006,389.81085
0.00058,3.46e-05,0.0,0.8,0.48984057,389.85452
0.00058,3.46e-05,0.0,0.9,0.4900527,389.87692
0.00058,3.46e-05,0.0,1.0,0.49022323,389.88983
0.00059,1.73e-05,0.0,0.0,0.40407133,300.0605
0.00059,1.73e-05,0.0,0.1,0.6936566,361.40814
0.00059,1.73e-05,0.0,0.2,0.46480668,380.53702
0.00059,1.73e-05,0.0,0.3,0.47742957,386.37808
0.00059,1.73e-05,0.0,0.4,0.4872085,388.69455
0.00059,1.73e-05,0.0,0.5,0.4890361,389.45975
0.00059,1.73e-05,0.0,0.6,0.48936328,389.71344
0.00059,1.73e-05,0.0,0.7,0.4896,389.81085
0.00059,1.73e-05,0.0,0.8,0.48984057,389.85452
0.00059,1.73e-05,0.0,0.9,0.4900527,389.87692
0.00059,1.73e-05,0.0,1.0,0.4902233,389.88983
0.00059,1.73e-05,1e-05,0.0,0.4040683,300.06055
0.00059,1.73e-05,1e-05,0.1,0.6936538,361.40848
0.00059,1.73e-05,1e-05,0.2,0.46480662,380.5371
0.00059,1.73e-05,1e-05,0.3,0.47742972,386.37808
0.00059,1.73e-05,1e-05,0.4,0.48720855,388.69455
0.00059,1.73e-05,1e-05,0.5,0.48903605,389.45975
0.00059,1.73e-05,1e-05,0.6,0.48936322,389.71344
0.00059,1.73e-05,1e-05,0.7,0.4896,389.81085
0.00059,1.73e-05,1e-05,0.8,0.48984057,389.85452
0.00059,1.73e-05,1e-05,0.9,0.4900527,389.87692
0.00059,1.73e-05,1e-05,1.0,0.49022317,389.88983
0.0006,0.0,1e-05,0.0,0.4040841,300.0604
0.0006,0.0,1e-05,0.1,0.69366795,361.40677
0.0006,0.0,1e-05,0.2,0.4648068,380.53665
0.0006,0.0,1e-05,0.3,0.4774291,386.37796
0.0006,0.0,1e-05,0.4,0.48720837,388.69455
0.0006,0.0,1e-05,0.5,0.48903614,389.45975
0.0006,0.0,1e-05,0.6,0.4893632,389.7134
0.0006,0.0,1e-05,0.7,0.48959997,389.81085
0.0006,0.0,1e-05,0.8,0.4898405,389.85452
0.0006,0.0,1e-05,0.9,0.49005264,389.87692
0.0006,0.0,1e-05,1.0,0.49022317,389.8898
0.0006,0.0,0.0,0.0,0.4040872,300.06036
0.0006,0.0,0.0,0.1,0.69367063,361.40643
0.0006,0.0,0.0,0.2,0.46480674,380.53656
0.0006,0.0,0.0,0.3,0.47742862,386.37796
0.0006,0.0,0.0,0.4,0.48720837,388.69455
0.0006,0.0,0.0,0.5,0.4890362,389.45972
0.0006,0.0,0.0,0.6,0.4893632,389.7134
0.0006,0.0,0.0,0.7,0.48960003,389.81085
0.0006,0.0,0.0,0.8,0.4898405,389.85452
0.0006,0.0,0.0,0.9,0.49005264,389.87692
0.0006,0.0,0.0,1.0,0.49022317,389.8898
0.00056,1e-04,1e-05,0.0,0.4039771,300.0615
0.00056,1e-04,1e-05,0.1,0.6935732,361.4181
0.00056,1e-04,1e-05,0.2,0.46480495,380.53946
0.00056,1e-04,1e-05,0.3,0.4774338,386.379
0.00056,1e-04,1e-05,0.4,0.48720962,388.6949
0.00056,1e-04,1e-05,0.5,0.48903638,389.45984
0.00056,1e-04,1e-05,0.6,0.4893634,389.71344
0.00056,1e-04,1e-05,0.7,0.48960006,389.81085
0.00056,1e-04,1e-05,0.8,0.48984063,389.85452
0.00056,1e-04,1e-05,0.9,0.49005267,389.87692
0.00056,1e-04,1e-05,1.0,0.49022323,389.88983
0.00057,8.27e-05,0.0,0.0,0.40399638,300.0613
0.00057,8.27e-05,0.0,0.1,0.69359016,361.41592
0.00057,8.27e-05,0.0,0.2,0.46480528,380.5389
0.00057,8.27e-05,0.0,0.3,0.47743315,386.37888
0.00057,8.27e-05,0.0,0.4,0.48720944,388.69485
0.00057,8.27e-05,0.0,0.5,0.48903635,389.45984
0.00057,8.27e-05,0.0,0.6,0.4893634,389.71344
0.00057,8.27e-05,0.0,0.7,0.48960018,389.81085
0.00057,8.27e-05,0.0,0.8,0.4898407,389.85452
0.00057,8.27e-05,0.0,0.9,0.4900527,389.87692
0.00057,8.27e-05,0.0,1.0,0.49022323,389.88983
0.00057,8.27e-05,1e-05,0.0,0.4039934,300.06134
0.00057,8.27e-05,1e-05,0.1,0.6935874,361.41635
0.00057,8.27e-05,1e-05,0.2,0.46480513,380.53894
0.00057,8.27e-05,1e-05,0.3,0.47743317,386.3789
0.00057,8.27e-05,1e-05,0.4,0.4872095,388.69485
0.00057,8.27e-05,1e-05,0.5,0.4890364,389.45984
0.00057,8.27e-05,1e-05,0.6,0.4893634,389.71344
0.00057,8.27e-05,1e-05,0.7,0.48960012,389.81085
0.00057,8.27e-05,1e-05,0.8,0.4898407,389.85452
0.00057,8.27e-05,1e-05,0.9,0.4900527,389.87692
0.00057,8.27e-05,1e-05,1.0,0.49022323,389.88983
0.00058,1e-04,0.0,0.0,0.40396446,300.0616
0.00058,1e-04,0.0,0.1,0.69356143,361.41937
0.00058,1e-04,0.0,0.2,0.46480483,380.53986
0.00058,1e-04,0.0,0.3,0.4774345,386.37918
0.00058,1e-04,0.0,0.4,0.48720992,388.69492
0.00058,1e-04,0.0,0.5,0.48903632,389.45987
0.00058,1e-04,0.0,0.6,0.4893633,389.7135
0.00058,1e-04,0.0,0.7,0.48960006,389.81085
0.00058,1e-04,0.0,0.8,0.48984063,389.85452
0.00058,1e-04,0.0,0.9,0.49005273,389.87692
0.00058,1e-04,0.0,1.0,0.4902233,389.88983
0.00058,6.69e-05,0.0,0.0,0.40401012,300.06113
0.00058,6.69e-05,0.0,0.1,0.69360256,361.41452
0.00058,6.69e-05,0.0,0.2,0.46480578,380.53857
0.00058,6.69e-05,0.0,0.3,0.47743237,386.3787
0.00058,6.69e-05,0.0,0.4,0.48720932,388.69476
0.00058,6.69e-05,0.0,0.5,0.48903644,389.4598
0.00058,6.69e-05,0.0,0.6,0.4893633,389.71344
0.00058,6.69e-05,0.0,0.7,0.48960012,389.81085
0.00058,6.69e-05,0.0,0.8,0.4898407,389.85452
0.00058,6.69e-05,0.0,0.9,0.4900527,389.87692
0.00058,6.69e-05,0.0,1.0,0.49022323,389.88983
0.00058,6.69e-05,1e-05,0.0,0.4040063,300.0612
0.00058,6.69e-05,1e-05,0.1,0.69359964,361.4148
0.00058,6.69e-05,1e-05,0.2,0.46480554,380.5387
0.00058,6.69e-05,1e-05,0.3,0.47743246,386.37872
0.00058,6.69e-05,1e-05,0.4,0.48720935,388.69476
0.00058,6.69e-05,1e-05,0.5,0.48903638,389.4598
0.00058,6.69e-05,1e-05,0.6,0.48936325,389.71344
0.00058,6.69e-05,1e-05,0.7,0.48960012,389.81085
0.00058,6.69e-05,1e-05,0.8,0.4898407,389.85452
0.00058,6.69e-05,1e-05,0.9,0.4900527,389.87692
0.00058,6.69e-05,1e-05,1.0,0.49022323,389.88983
0.00059,5.1e-05,1e-05,0.0,0.4040205,300.0611
0.00059,5.1e-05,1e-05,0.1,0.69361186,361.41342
0.00059,5.1e-05,1e-05,0.2,0.4648059,380.5383
0.00059,5.1e-05,1e-05,0.3,0.47743177,386.37866
0.00059,5.1e-05,1e-05,0.4,0.487209,388.69473
0.00059,5.1e-05,1e-05,0.5,0.4890364,389.4598
0.00059,5.1e-05,1e-05,0.6,0.4893633,389.71344
0.00059,5.1e-05,1e-05,0.7,0.48960018,389.81085
0.00059,5.1e-05,1e-05,0.8,0.4898407,389.85452
0.00059,5.1e-05,1e-05,0.9,0.4900527,389.87692
0.00059,5.1e-05,1e-05,1.0,0.49022323,389.88983
0.00059,5.1e-05,0.0,0.0,0.40402442,300.061
0.00059,5.1e-05,0.0,0.1,0.6936147,361.4131
0.00059,5.1e-05,0.0,0.2,0.46480578,380.53824
0.00059,5.1e-05,0.0,0.3,0.47743183,386.3786
0.00059,5.1e-05,0.0,0.4,0.48720923,388.69473
0.00059,5.1e-05,0.0,0.5,0.48903635,389.4598
0.00059,5.1e-05,0.0,0.6,0.4893633,389.71344
0.00059,5.1e-05,0.0,0.7,0.4896,389.81085
0.00059,5.1e-05,0.0,0.8,0.4898407,389.85452
0.00059,5.1e-05,0.0,0.9,0.4900527,389.87692
0.00059,5.1e-05,0.0,1.0,0.49022323,389.88983
0.0006,3.46e-05,0.0,0.0,0.4040391,300.0608
0.0006,3.46e-05,0.0,0.1,0.6936279,361.41138
0.0006,3.46e-05,0.0,0.2,0.46480614,380.5379
0.0006,3.46e-05,0.0,0.3,0.4774311,386.37845
0.0006,3.46e-05,0.0,0.4,0.48720875,388.6947
0.0006,3.46e-05,0.0,0.5,0.48903632,389.4598
0.0006,3.46e-05,0.0,0.6,0.48936313,389.71344
0.0006,3.46e-05,0.0,0.7,0.48960006,389.81085
0.0006,3.46e-05,0.0,0.8,0.48984057,389.85452
0.0006,3.46e-05,0.0,0.9,0.4900527,389.87692
0.0006,3.46e-05,0.0,1.0,0.49022323,389.88983
0.0006,3.46e-05,1e-05,0.0,0.40403533,300.06088
0.0006,3.46e-05,1e-05,0.1,0.69362503,361.41177
0.0006,3.46e-05,1e-05,0.2,0.46480593,380.53802
0.0006,3.46e-05,1e-05,0.3,0.47743112,386.37848
0.0006,3.46e-05,1e-05,0.4,0.48720905,388.6947
0.0006,3.46e-05,1e-05,0.5,0.48903638,389.4598
0.0006,3.46e-05,1e-05,0.6,0.4893632,389.71344
0.0006,3.46e-05,1e-05,0.7,0.48960006,389.81085
0.0006,3.46e-05,1e-05,0.8,0.48984063,389.85452
0.0006,3.46e-05,1e-05,0.9,0.4900527,389.87692
0.0006,3.46e-05,1e-05,1.0,0.49022323,389.88983
0.00061,1.73e-05,0.0,0.0,0.40405503,300.06064
0.00061,1.73e-05,0.0,0.1,0.6936419,361.4098
0.00061,1.73e-05,0.0,0.2,0.46480638,380.53735
0.00061,1.73e-05,0.0,0.3,0.47743028,386.3782
0.00061,1.73e-05,0.0,0.4,0.48720872,388.69464
0.00061,1.73e-05,0.0,0.5,0.4890361,389.45978
0.00061,1.73e-05,0.0,0.6,0.48936316,389.71344
0.00061,1.73e-05,0.0,0.7,0.48960006,389.81085
0.00061,1.73e-05,0.0,0.8,0.48984057,389.85452
0.00061,1.73e-05,0.0,0.9,0.4900527,389.87692
0.00061,1.73e-05,0.0,1.0,0.49022323,389.88983
0.00061,1.73e-05,1e-05,0.0,0.40405205,300.06067
0.00061,1.73e-05,1e-05,0.1,0.6936393,361.4101
0.00061,1.73e-05,1e-05,0.2,0.46480626,380.5375
0.00061,1.73e-05,1e-05,0.3,0.47743046,386.37833
0.00061,1.73e-05,1e-05,0.4,0.48720863,388.69467
0.00061,1.73e-05,1e-05,0.5,0.48903614,389.45978
0.00061,1.73e-05,1e-05,0.6,0.48936316,389.71344
0.00061,1.73e-05,1e-05,0.7,0.48960006,389.81085
0.00061,1.73e-05,1e-05,0.8,0.48984057,389.85452
0.00061,1.73e-05,1e-05,0.9,0.4900527,389.87692
0.00061,1.73e-05,1e-05,1.0,0.49022335,389.88983
0.00062,0.0,1e-05,0.0,0.40406752,300.06055
0.00062,0.0,1e-05,0.1,0.6936532,361.40854
0.00062,0.0,1e-05,0.2,0.46480677,380.53714
0.00062,0.0,1e-05,0.3,0.4774297,386.37808
0.00062,0.0,1e-05,0.4,0.4872085,388.69455
0.00062,0.0,1e-05,0.5,0.48903605,389.45975
0.00062,0.0,1e-05,0.6,0.48936322,389.71344
0.00062,0.0,1e-05,0.7,0.4896,389.81085
0.00062,0.0,1e-05,0.8,0.48984057,389.85452
0.00062,0.0,1e-05,0.9,0.4900527,389.87692
0.00062,0.0,1e-05,1.0,0.49022317,389.88983
0.00062,0.0,0.0,0.0,0.40407085,300.0605
0.00062,0.0,0.0,0.1,0.6936562,361.4082
0.00062,0.0,0.0,0.2,0.46480668,380.53702
0.00062,0.0,0.0,0.3,0.47742963,386.37808
0.00062,0.0,0.0,0.4,0.48720843,388.69455
0.00062,0.0,0.0,0.5,0.4890361,389.45975
0.00062,0.0,0.0,0.6,0.48936328,389.71344
0.00062,0.0,0.0,0.7,0.4896,389.81085
0.00062,0.0,0.0,0.8,0.48984057,389.85452
0.00062,0.0,0.0,0.9,0.4900527,389.87692
0.00062,0.0,0.0,1.0,0.49022317,389.88983
0.00058,1e-04,1e-05,0.0,0.4039607,300.06165
0.00058,1e-04,1e-05,0.1,0.6935586,361.41968
0.00058,1e-04,1e-05,0.2,0.46480477,380.53992
0.00058,1e-04,1e-05,0.3,0.4774347,386.3792
0.00058,1e-04,1e-05,0.4,0.4872098,388.69495
0.00058,1e-04,1e-05,0.5,0.48903647,389.45987
0.00058,1e-04,1e-05,0.6,0.48936334,389.7135
0.00058,1e-04,1e-05,0.7,0.48960006,389.81085
0.00058,1e-04,1e-05,0.8,0.48984063,389.85452
0.00058,1e-04,1e-05,0.9,0.49005273,389.87692
0.00058,1e-04,1e-05,1.0,0.4902233,389.88983
0.00059,8.27e-05,0.0,0.0,0.4039796,300.0615
0.00059,8.27e-05,0.0,0.1,0.6935758,361.41785
0.00059,8.27e-05,0.0,0.2,0.46480528,380.53946
0.00059,8.27e-05,0.0,0.3,0.4774339,386.37897
0.00059,8.27e-05,0.0,0.4,0.48720926,388.6949
0.00059,8.27e-05,0.0,0.5,0.48903632,389.45984
0.00059,8.27e-05,0.0,0.6,0.48936334,389.71344
0.00059,8.27e-05,0.0,0.7,0.48960006,389.81085
0.00059,8.27e-05,0.0,0.8,0.48984063,389.85452
0.00059,8.27e-05,0.0,0.9,0.49005267,389.87692
0.00059,8.27e-05,0.0,1.0,0.49022323,389.88983
0.00059,8.27e-05,1e-05,0.0,0.4039776,300.0615
0.00059,8.27e-05,1e-05,0.1,0.6935728,361.41818
0.00059,8.27e-05,1e-05,0.2,0.4648052,380.53946
0.00059,8.27e-05,1e-05,0.3,0.47743392,386.379
0.00059,8.27e-05,1e-05,0.4,0.48720962,388.6949
0.00059,8.27e-05,1e-05,0.5,0.48903632,389.45984
0.00059,8.27e-05,1e-05,0.6,0.48936334,389.71344
0.00059,8.27e-05,1e-05,0.7,0.48960006,389.81085
0.00059,8.27e-05,1e-05,0.8,0.48984063,389.85452
0.00059,8.27e-05,1e-05,0.9,0.49005267,389.87692
0.00059,8.27e-05,1e-05,1.0,0.49022323,389.88983
0.0006,1e-04,0.0,0.0,0.4039485,300.0618
0.0006,1e-04,0.0,0.1,0.6935465,361.42102
0.0006,1e-04,0.0,0.2,0.46480483,380.5403
0.0006,1e-04,0.0,0.3,0.47743535,386.3793
0.0006,1e-04,0.0,0.4,0.48720992,388.69498
0.0006,1e-04,0.0,0.5,0.48903638,389.45987
0.0006,1e-04,0.0,0.6,0.48936316,389.7135
0.0006,1e-04,0.0,0.7,0.48959994,389.81085
0.0006,1e-04,0.0,0.8,0.48984075,389.85452
0.0006,1e-04,0.0,0.9,0.49005273,389.87692
0.0006,1e-04,0.0,1.0,0.4902233,389.88983
0.0006,6.69e-05,0.0,0.0,0.40399438,300.0613
0.0006,6.69e-05,0.0,0.1,0.6935878,361.41626
0.0006,6.69e-05,0.0,0.2,0.4648052,380.53894
0.0006,6.69e-05,0.0,0.3,0.47743335,386.3789
0.0006,6.69e-05,0.0,0.4,0.4872095,388.69485
0.0006,6.69e-05,0.0,0.5,0.4890364,389.45984
0.0006,6.69e-05,0.0,0.6,0.4893634,389.71344
0.0006,6.69e-05,0.0,0.7,0.48960012,389.81085
0.0006,6.69e-05,0.0,0.8,0.4898407,389.85452
0.0006,6.69e-05,0.0,0.9,0.4900527,389.87692
0.0006,6.69e-05,0.0,1.0,0.49022323,389.88983
0.0006,6.69e-05,1e-05,0.0,0.403991,300.06137
0.0006,6.69e-05,1e-05,0.1,0.69358516,361.4166
0.0006,6.69e-05,1e-05,0.2,0.4648052,380.539
0.0006,6.69e-05,1e-05,0.3,0.4774331,386.3789
0.0006,6.69e-05,1e-05,0.4,0.48720938,388.69485
0.0006,6.69e-05,1e-05,0.5,0.48903623,389.45984
0.0006,6.69e-05,1e-05,0.6,0.4893634,389.71344
0.0006,6.69e-05,1e-05,0.7,0.48960012,389.81085
0.0006,6.69e-05,1e-05,0.8,0.4898407,389.85452
0.0006,6.69e-05,1e-05,0.9,0.49005273,389.87692
0.0006,6.69e-05,1e-05,1.0,0.49022323,389.88983
0.00061,5.1e-05,1e-05,0.0,0.40400413,300.0612
0.00061,5.1e-05,1e-05,0.1,0.6935978,361.41507
0.00061,5.1e-05,1e-05,0.2,0.46480563,380.53873
0.00061,5.1e-05,1e-05,0.3,0.47743273,386.37875
0.00061,5.1e-05,1e-05,0.4,0.48720926,388.6948
0.00061,5.1e-05,1e-05,0.5,0.48903632,389.4598
0.00061,5.1e-05,1e-05,0.6,0.4893633,389.71344
0.00061,5.1e-05,1e-05,0.7,0.48960012,389.81085
0.00061,5.1e-05,1e-05,0.8,0.4898407,389.85452
0.00061,5.1e-05,1e-05,0.9,0.4900527,389.87692
0.00061,5.1e-05,1e-05,1.0,0.49022323,389.88983
0.00061,5.1e-05,0.0,0.0,0.40400732,300.06113
0.00061,5.1e-05,0.0,0.1,0.69360054,361.41476
0.00061,5.1e-05,0.0,0.2,0.4648058,380.5387
0.00061,5.1e-05,0.0,0.3,0.47743246,386.37872
0.00061,5.1e-05,0.0,0.4,0.48720932,388.69476
0.00061,5.1e-05,0.0,0.5,0.48903638,389.4598
0.00061,5.1e-05,0.0,0.6,0.48936325,389.71344
0.00061,5.1e-05,0.0,0.7,0.48960012,389.81085
0.00061,5.1e-05,0.0,0.8,0.4898407,389.85452
0.00061,5.1e-05,0.0,0.9,0.4900527,389.87692
0.00061,5.1e-05,0.0,1.0,0.49022323,389.88983
0.00062,3.46e-05,0.0,0.0,0.40402272,300.06107
0.00062,3.46e-05,0.0,0.1,0.6936134,361.41336
0.00062,3.46e-05,0.0,0.2,0.46480602,380.5383
0.00062,3.46e-05,0.0,0.3,0.47743174,386.37866
0.00062,3.46e-05,0.0,0.4,0.48720905,388.69473
0.00062,3.46e-05,0.0,0.5,0.4890364,389.4598
0.00062,3.46e-05,0.0,0.6,0.4893633,389.71344
0.00062,3.46e-05,0.0,0.7,0.48960006,389.81085
0.00062,3.46e-05,0.0,0.8,0.4898407,389.85452
0.00062,3.46e-05,0.0,0.9,0.4900527,389.87692
0.00062,3.46e-05,0.0,1.0,0.49022323,389.88983
0.00062,3.46e-05,1e-05,0.0,0.40401965,300.06116
0.00062,3.46e-05,1e-05,0.1,0.69361067,361.4136
0.00062,3.46e-05,1e-05,0.2,0.46480578,380.53845
0.00062,3.46e-05,1e-05,0.3,0.47743195,386.37866
0.00062,3.46e-05,1e-05,0.4,0.48720914,388.69473
0.00062,3.46e-05,1e-05,0.5,0.48903635,389.4598
0.00062,3.46e-05,1e-05,0.6,0.4893633,389.71344
0.00062,3.46e-05,1e-05,0.7,0.48960018,389.81085
0.00062,3.46e-05,1e-05,0.8,0.4898407,389.85452
0.00062,3.46e-05,1e-05,0.9,0.4900527,389.87692
0.00062,3.46e-05,1e-05,1.0,0.49022323,389.88983
0.00063,1.73e-05,5e-06,0.0,0.40403724,300.06085
0.00063,1.73e-05,5e-06,0.1,0.6936262,361.41168
0.00063,1.73e-05,5e-06,0.2,0.46480632,380.53802
0.00063,1.73e-05,5e-06,0.3,0.47743106,386.37848
0.00063,1.73e-05,5e-06,0.4,0.48720896,388.6947
0.00063,1.73e-05,5e-06,0.5,0.48903638,389.4598
0.00063,1.73e-05,5e-06,0.6,0.4893632,389.71344
0.00063,1.73e-05,5e-06,0.7,0.48960006,389.81085
0.00063,1.73e-05,5e-06,0.8,0.48984063,389.85452
0.00063,1.73e-05,5e-06,0.9,0.4900527,389.87692
0.00063,1.73e-05,5e-06,1.0,0.49022323,389.88983
0.00063,1.73e-05,0.0,0.0,0.40403867,300.0608
0.00063,1.73e-05,0.0,0.1,0.6936277,361.41147
0.00063,1.73e-05,0.0,0.2,0.46480638,380.538
0.00063,1.73e-05,0.0,0.3,0.4774311,386.37845
0.00063,1.73e-05,0.0,0.4,0.48720887,388.6947
0.00063,1.73e-05,0.0,0.5,0.48903632,389.4598
0.00063,1.73e-05,0.0,0.6,0.48936313,389.71344
0.00063,1.73e-05,0.0,0.7,0.48960006,389.81085
0.00063,1.73e-05,0.0,0.8,0.48984057,389.85452
0.00063,1.73e-05,0.0,0.9,0.4900527,389.87692
0.00063,1.73e-05,0.0,1.0,0.49022323,389.88983
0.00063,1.73e-05,1e-05,0.0,0.40403536,300.06085
0.00063,1.73e-05,1e-05,0.1,0.69362485,361.41183
0.00063,1.73e-05,1e-05,0.2,0.46480614,380.53806
0.00063,1.73e-05,1e-05,0.3,0.47743115,386.3785
0.00063,1.73e-05,1e-05,0.4,0.4872091,388.6947
0.00063,1.73e-05,1e-05,0.5,0.48903632,389.4598
0.00063,1.73e-05,1e-05,0.6,0.4893632,389.71344
0.00063,1.73e-05,1e-05,0.7,0.4896,389.81085
0.00063,1.73e-05,1e-05,0.8,0.48984063,389.85452
0.00063,1.73e-05,1e-05,0.9,0.4900527,389.87692
0.00063,1.73e-05,1e-05,1.0,0.49022323,389.88983
0.00064,0.0,1e-05,0.0,0.40405178,300.0607
0.00064,0.0,1e-05,0.1,0.693639,361.4102
0.00064,0.0,1e-05,0.2,0.46480623,380.5375
0.00064,0.0,1e-05,0.3,0.4774306,386.37833
0.00064,0.0,1e-05,0.4,0.48720858,388.69467
0.00064,0.0,1e-05,0.5,0.4890362,389.45978
0.00064,0.0,1e-05,0.6,0.48936316,389.71344
0.00064,0.0,1e-05,0.7,0.48960006,389.81085
0.00064,0.0,1e-05,0.8,0.48984057,389.85452
0.00064,0.0,1e-05,0.9,0.4900527,389.87692
0.00064,0.0,1e-05,1.0,0.49022335,389.88983
0.00064,0.0,0.0,0.0,0.40405455,300.06067
0.00064,0.0,0.0,0.1,0.69364196,361.4099
0.00064,0.0,0.0,0.2,0.46480653,380.53748
0.00064,0.0,0.0,0.3,0.47743043,386.3782
0.00064,0.0,0.0,0.4,0.48720872,388.69464
0.00064,0.0,0.0,0.5,0.48903605,389.45978
0.00064,0.0,0.0,0.6,0.48936316,389.71344
0.00064,0.0,0.0,0.7,0.48960012,389.81085
0.00064,0.0,0.0,0.8,0.48984057,389.85452
0.00064,0.0,0.0,0.9,0.4900527,389.87692
0.00064,0.0,0.0,1.0,0.49022323,389.88983
0.0006,1e-04,1e-05,0.0,0.4039446,300.06186
0.0006,1e-04,1e-05,0.1,0.6935438,361.42136
0.0006,1e-04,1e-05,0.2,0.46480462,380.5404
0.0006,1e-04,1e-05,0.3,0.47743553,386.37933
0.0006,1e-04,1e-05,0.4,0.48721004,388.695
0.0006,1e-04,1e-05,0.5,0.48903647,389.4599
0.0006,1e-04,1e-05,0.6,0.48936322,389.7135
0.0006,1e-04,1e-05,0.7,0.48959994,389.81085
0.0006,1e-04,1e-05,0.8,0.48984075,389.85452
0.0006,1e-04,1e-05,0.9,0.49005273,389.87692
0.0006,1e-04,1e-05,1.0,0.4902233,389.88983
0.00061,8.27e-05,0.0,0.0,0.40396398,300.0616
0.00061,8.27e-05,0.0,0.1,0.69356096,361.41946
0.00061,8.27e-05,0.0,0.2,0.46480507,380.5399
0.00061,8.27e-05,0.0,0.3,0.4774347,386.37918
0.00061,8.27e-05,0.0,0.4,0.48720986,388.69492
0.00061,8.27e-05,0.0,0.5,0.48903653,389.45987
0.00061,8.27e-05,0.0,0.6,0.4893633,389.7135
0.00061,8.27e-05,0.0,0.7,0.48960006,389.81085
0.00061,8.27e-05,0.0,0.8,0.48984063,389.85452
0.00061,8.27e-05,0.0,0.9,0.49005273,389.87692
0.00061,8.27e-05,0.0,1.0,0.4902233,389.88983
0.00061,8.27e-05,1e-05,0.0,0.40396094,300.06165
0.00061,8.27e-05,1e-05,0.1,0.69355786,361.41974
0.00061,8.27e-05,1e-05,0.2,0.4648052,380.53992
0.00061,8.27e-05,1e-05,0.3,0.4774347,386.3792
0.00061,8.27e-05,1e-05,0.4,0.48720983,388.69495
0.00061,8.27e-05,1e-05,0.5,0.48903647,389.45987
0.00061,8.27e-05,1e-05,0.6,0.48936334,389.7135
0.00061,8.27e-05,1e-05,0.7,0.48960006,389.81085
0.00061,8.27e-05,1e-05,0.8,0.48984063,389.85452
0.00061,8.27e-05,1e-05,0.9,0.49005273,389.87692
0.00061,8.27e-05,1e-05,1.0,0.4902233,389.88983
0.00062,1e-04,0.0,0.0,0.40393203,300.062
0.00062,1e-04,0.0,0.1,0.6935321,361.42297
0.00062,1e-04,0.0,0.2,0.46480465,380.5409
0.00062,1e-04,0.0,0.3,0.47743595,386.37946
0.00062,1e-04,0.0,0.4,0.48721004,388.69507
0.00062,1e-04,0.0,0.5,0.48903662,389.4599
0.00062,1e-04,0.0,0.6,0.48936316,389.7135
0.00062,1e-04,0.0,0.7,0.4896,389.81085
0.00062,1e-04,0.0,0.8,0.48984075,389.85452
0.00062,1e-04,0.0,0.9,0.49005273,389.87692
0.00062,1e-04,0.0,1.0,0.4902233,389.88983
0.00062,6.69e-05,0.0,0.0,0.40397862,300.06152
0.00062,6.69e-05,0.0,0.1,0.69357336,361.41812
0.00062,6.69e-05,0.0,0.2,0.46480513,380.53946
0.00062,6.69e-05,0.0,0.3,0.477434,386.379
0.00062,6.69e-05,0.0,0.4,0.48720956,388.6949
0.00062,6.69e-05,0.0,0.5,0.48903638,389.45984
0.00062,6.69e-05,0.0,0.6,0.48936334,389.71344
0.00062,6.69e-05,0.0,0.7,0.48960006,389.81085
0.00062,6.69e-05,0.0,0.8,0.48984063,389.85452
0.00062,6.69e-05,0.0,0.9,0.49005267,389.87692
0.00062,6.69e-05,0.0,1.0,0.49022323,389.88983
0.00062,6.69e-05,1e-05,0.0,0.40397483,300.06152
0.00062,6.69e-05,1e-05,0.1,0.6935705,361.4184
0.00062,6.69e-05,1e-05,0.2,0.4648053,380.53952
0.00062,6.69e-05,1e-05,0.3,0.47743425,386.37906
0.00062,6.69e-05,1e-05,0.4,0.48720965,388.6949
0.00062,6.69e-05,1e-05,0.5,0.48903638,389.45984
0.00062,6.69e-05,1e-05,0.6,0.48936334,389.71344
0.00062,6.69e-05,1e-05,0.7,0.48960006,389.81085
0.00062,6.69e-05,1e-05,0.8,0.4898407,389.85452
0.00062,6.69e-05,1e-05,0.9,0.49005267,389.87692
0.00062,6.69e-05,1e-05,1.0,0.4902233,389.88983
0.00063,5.1e-05,1e-05,0.0,0.40398866,300.06143
0.00063,5.1e-05,1e-05,0.1,0.693583,361.4169
0.00063,5.1e-05,1e-05,0.2,0.46480542,380.53912
0.00063,5.1e-05,1e-05,0.3,0.47743344,386.3789
0.00063,5.1e-05,1e-05,0.4,0.4872096,388.69485
0.00063,5.1e-05,1e-05,0.5,0.48903623,389.45984
0.00063,5.1e-05,1e-05,0.6,0.4893634,389.71344
0.00063,5.1e-05,1e-05,0.7,0.48960015,389.81085
0.00063,5.1e-05,1e-05,0.8,0.4898407,389.85452
0.00063,5.1e-05,1e-05,0.9,0.49005273,389.87692
0.00063,5.1e-05,1e-05,1.0,0.49022323,389.88983
0.00063,5.1e-05,0.0,0.0,0.40399247,300.06134
0.00063,5.1e-05,0.0,0.1,0.69358563,361.4165
0.00063,5.1e-05,0.0,0.2,0.46480566,380.539
0.00063,5.1e-05,0.0,0.3,0.47743315,386.3789
0.00063,5.1e-05,0.0,0.4,0.48720935,388.69485
0.00063,5.1e-05,0.0,0.5,0.48903623,389.45984
0.00063,5.1e-05,0.0,0.6,0.4893634,389.71344
0.00063,5.1e-05,0.0,0.7,0.48960012,389.81085
0.00063,5.1e-05,0.0,0.8,0.4898407,389.85452
0.00063,5.1e-05,0.0,0.9,0.49005273,389.87692
0.00063,5.1e-05,0.0,1.0,0.49022323,389.88983
0.00064,3.46e-05,0.0,0.0,0.40400624,300.0612
0.00064,3.46e-05,0.0,0.1,0.69359916,361.41498
0.00064,3.46e-05,0.0,0.2,0.4648058,380.53873
0.00064,3.46e-05,0.0,0.3,0.47743255,386.37875
0.00064,3.46e-05,0.0,0.4,0.48720932,388.6948
0.00064,3.46e-05,0.0,0.5,0.48903632,389.4598
0.00064,3.46e-05,0.0,0.6,0.4893633,389.71344
0.00064,3.46e-05,0.0,0.7,0.48960012,389.81085
0.00064,3.46e-05,0.0,0.8,0.4898407,389.85452
0.00064,3.46e-05,0.0,0.9,0.4900527,389.87692
0.00064,3.46e-05,0.0,1.0,0.49022323,389.88983
0.00064,3.46e-05,1e-05,0.0,0.4040027,300.0612
0.00064,3.46e-05,1e-05,0.1,0.69359607,361.41528
0.00064,3.46e-05,1e-05,0.2,0.4648058,380.5388
0.00064,3.46e-05,1e-05,0.3,0.4774328,386.37878
0.00064,3.46e-05,1e-05,0.4,0.4872092,388.6948
0.00064,3.46e-05,1e-05,0.5,0.48903626,389.4598
0.00064,3.46e-05,1e-05,0.6,0.48936337,389.71344
0.00064,3.46e-05,1e-05,0.7,0.48960012,389.81085
0.00064,3.46e-05,1e-05,0.8,0.4898407,389.85452
0.00064,3.46e-05,1e-05,0.9,0.4900527,389.87692
0.00064,3.46e-05,1e-05,1.0,0.49022323,389.88983
0.00065,1.73e-05,0.0,0.0,0.40402228,300.06107
0.00065,1.73e-05,0.0,0.1,0.6936132,361.4134
0.00065,1.73e-05,0.0,0.2,0.46480644,380.53833
0.00065,1.73e-05,0.0,0.3,0.4774319,386.37866
0.00065,1.73e-05,0.0,0.4,0.487209,388.69473
0.00065,1.73e-05,0.0,0.5,0.4890364,389.4598
0.00065,1.73e-05,0.0,0.6,0.4893633,389.71344
0.00065,1.73e-05,0.0,0.7,0.48960018,389.81085
0.00065,1.73e-05,0.0,0.8,0.4898407,389.85452
0.00065,1.73e-05,0.0,0.9,0.4900527,389.87692
0.00065,1.73e-05,0.0,1.0,0.49022323,389.88983
0.00065,1.73e-05,1e-05,0.0,0.40401977,300.0611
0.00065,1.73e-05,1e-05,0.1,0.6936105,361.41367
0.00065,1.73e-05,1e-05,0.2,0.46480608,380.53845
0.00065,1.73e-05,1e-05,0.3,0.477432,386.37866
0.00065,1.73e-05,1e-05,0.4,0.48720902,388.69473
0.00065,1.73e-05,1e-05,0.5,0.4890364,389.4598
0.00065,1.73e-05,1e-05,0.6,0.4893633,389.71344
0.00065,1.73e-05,1e-05,0.7,0.48960018,389.81085
0.00065,1.73e-05,1e-05,0.8,0.4898407,389.85452
0.00065,1.73e-05,1e-05,0.9,0.4900527,389.87692
0.00065,1.73e-05,1e-05,1.0,0.49022323,389.88983
0.00066,0.0,1e-05,0.0,0.4040352,300.06088
0.00066,0.0,1e-05,0.1,0.69362444,361.41187
0.00066,0.0,1e-05,0.2,0.46480638,380.5381
0.00066,0.0,1e-05,0.3,0.47743112,386.3785
0.00066,0.0,1e-05,0.4,0.487209,388.6947
0.00066,0.0,1e-05,0.5,0.48903626,389.4598
0.00066,0.0,1e-05,0.6,0.4893632,389.71344
0.00066,0.0,1e-05,0.7,0.4896,389.81085
0.00066,0.0,1e-05,0.8,0.48984063,389.85452
0.00066,0.0,1e-05,0.9,0.4900527,389.87692
0.00066,0.0,1e-05,1.0,0.49022323,389.88983
0.00066,0.0,0.0,0.0,0.4040386,300.0608
0.00066,0.0,0.0,0.1,0.6936273,361.4116
0.00066,0.0,0.0,0.2,0.46480656,380.53802
0.00066,0.0,0.0,0.3,0.47743118,386.37848
0.00066,0.0,0.0,0.4,0.487209,388.6947
0.00066,0.0,0.0,0.5,0.48903638,389.4598
0.00066,0.0,0.0,0.6,0.48936313,389.71344
0.00066,0.0,0.0,0.7,0.48960006,389.81085
0.00066,0.0,0.0,0.8,0.48984063,389.85452
0.00066,0.0,0.0,0.9,0.4900527,389.87692
0.00066,0.0,0.0,1.0,0.49022323,389.88983
0.00062,1e-04,1e-05,0.0,0.4039286,300.06198
0.00062,1e-04,1e-05,0.1,0.69352937,361.42328
0.00062,1e-04,1e-05,0.2,0.46480447,380.54092
0.00062,1e-04,1e-05,0.3,0.4774363,386.3795
0.00062,1e-04,1e-05,0.4,0.48721015,388.69507
0.00062,1e-04,1e-05,0.5,0.48903644,389.4599
0.00062,1e-04,1e-05,0.6,0.48936316,389.7135
0.00062,1e-04,1e-05,0.7,0.4896,389.81085
0.00062,1e-04,1e-05,0.8,0.48984075,389.85452
0.00062,1e-04,1e-05,0.9,0.49005273,389.87692
0.00062,1e-04,1e-05,1.0,0.4902233,389.88983
0.00063,8.27e-05,0.0,0.0,0.4039481,300.0618
0.00063,8.27e-05,0.0,0.1,0.69354624,361.42108
0.00063,8.27e-05,0.0,0.2,0.46480483,380.54034
0.00063,8.27e-05,0.0,0.3,0.47743547,386.3793
0.00063,8.27e-05,0.0,0.4,0.48721,388.69498
0.00063,8.27e-05,0.0,0.5,0.48903638,389.45987
0.00063,8.27e-05,0.0,0.6,0.48936316,389.7135
0.00063,8.27e-05,0.0,0.7,0.48959994,389.81085
0.00063,8.27e-05,0.0,0.8,0.48984075,389.85452
0.00063,8.27e-05,0.0,0.9,0.49005273,389.87692
0.00063,8.27e-05,0.0,1.0,0.4902233,389.88983
0.00063,8.31e-05,5e-06,0.0,0.40394622,300.06183
0.00063,8.31e-05,5e-06,0.1,0.6935445,361.42133
0.00063,8.31e-05,5e-06,0.2,0.4648047,380.5404
0.00063,8.31e-05,5e-06,0.3,0.47743553,386.37933
0.00063,8.31e-05,5e-06,0.4,0.48721004,388.695
0.00063,8.31e-05,5e-06,0.5,0.48903644,389.4599
0.00063,8.31e-05,5e-06,0.6,0.48936322,389.7135
0.00063,8.31e-05,5e-06,0.7,0.48959994,389.81085
0.00063,8.31e-05,5e-06,0.8,0.48984075,389.85452
0.00063,8.31e-05,5e-06,0.9,0.49005273,389.87692
0.00063,8.31e-05,5e-06,1.0,0.4902233,389.88983
0.00063,8.27e-05,1e-05,0.0,0.4039453,300.06183
0.00063,8.27e-05,1e-05,0.1,0.6935437,361.42145
0.00063,8.27e-05,1e-05,0.2,0.46480465,380.54044
0.00063,8.27e-05,1e-05,0.3,0.47743568,386.37933
0.00063,8.27e-05,1e-05,0.4,0.48721004,388.695
0.00063,8.27e-05,1e-05,0.5,0.4890364,389.4599
0.00063,8.27e-05,1e-05,0.6,0.48936322,389.7135
0.00063,8.27e-05,1e-05,0.7,0.48959994,389.81085
0.00063,8.27e-05,1e-05,0.8,0.48984075,389.85452
0.00063,8.27e-05,1e-05,0.9,0.49005273,389.87692
0.00063,8.27e-05,1e-05,1.0,0.4902233,389.88983
0.00064,1e-04,0.0,0.0,0.40391567,300.0621
0.00064,1e-04,0.0,0.1,0.69351757,361.4248
0.00064,1e-04,0.0,0.2,0.4648043,380.5413
0.00064,1e-04,0.0,0.3,0.47743702,386.3797
0.00064,1e-04,0.0,0.4,0.48721036,388.6951
0.00064,1e-04,0.0,0.5,0.48903632,389.45993
0.00064,1e-04,0.0,0.6,0.4893633,389.7135
0.00064,1e-04,0.0,0.7,0.48960006,389.81085
0.00064,1e-04,0.0,0.8,0.4898408,389.85452
0.00064,1e-04,0.0,0.9,0.49005273,389.87692
0.00064,1e-04,0.0,1.0,0.4902233,389.88983
0.00064,6.69e-05,0.0,0.0,0.40396202,300.06168
0.00064,6.69e-05,0.0,0.1,0.69355893,361.41974
0.00064,6.69e-05,0.0,0.2,0.46480525,380.53992
0.00064,6.69e-05,0.0,0.3,0.47743464,386.3792
0.00064,6.69e-05,0.0,0.4,0.48720983,388.69495
0.00064,6.69e-05,0.0,0.5,0.48903647,389.45987
0.00064,6.69e-05,0.0,0.6,0.48936334,389.7135
0.00064,6.69e-05,0.0,0.7,0.48960006,389.81085
0.00064,6.69e-05,0.0,0.8,0.48984063,389.85452
0.00064,6.69e-05,0.0,0.9,0.49005273,389.87692
0.00064,6.69e-05,0.0,1.0,0.4902233,389.88983
0.00064,6.69e-05,1e-05,0.0,0.40395796,300.06174
0.00064,6.69e-05,1e-05,0.1,0.69355583,361.42007
0.00064,6.69e-05,1e-05,0.2,0.46480507,380.53998
0.00064,6.69e-05,1e-05,0.3,0.47743487,386.37927
0.00064,6.69e-05,1e-05,0.4,0.48720998,388.69495
0.00064,6.69e-05,1e-05,0.5,0.4890365,389.45987
0.00064,6.69e-05,1e-05,0.6,0.48936334,389.7135
0.00064,6.69e-05,1e-05,0.7,0.48960006,389.81085
0.00064,6.69e-05,1e-05,0.8,0.48984063,389.85452
0.00064,6.69e-05,1e-05,0.9,0.49005273,389.87692
0.00064,6.69e-05,1e-05,1.0,0.4902233,389.88983
0.00065,5.1e-05,1e-05,0.0,0.40397316,300.06155
0.00065,5.1e-05,1e-05,0.1,0.69356847,361.4186
0.00065,5.1e-05,1e-05,0.2,0.4648053,380.53955
0.00065,5.1e-05,1e-05,0.3,0.47743428,386.37906
0.00065,5.1e-05,1e-05,0.4,0.48720968,388.6949
0.00065,5.1e-05,1e-05,0.5,0.48903638,389.45987
0.00065,5.1e-05,1e-05,0.6,0.48936337,389.71347
0.00065,5.1e-05,1e-05,0.7,0.48960006,389.81085
0.00065,5.1e-05,1e-05,0.8,0.4898407,389.85452
0.00065,5.1e-05,1e-05,0.9,0.49005267,389.87692
0.00065,5.1e-05,1e-05,1.0,0.4902233,389.88983
0.00065,5.1e-05,0.0,0.0,0.40397638,300.0615
0.00065,5.1e-05,0.0,0.1,0.69357145,361.4183
0.00065,5.1e-05,0.0,0.2,0.46480548,380.53952
0.00065,5.1e-05,0.0,0.3,0.47743425,386.37906
0.00065,5.1e-05,0.0,0.4,0.48720965,388.6949
0.00065,5.1e-05,0.0,0.5,0.48903638,389.45984
0.00065,5.1e-05,0.0,0.6,0.48936328,389.71344
0.00065,5.1e-05,0.0,0.7,0.48960006,389.81085
0.00065,5.1e-05,0.0,0.8,0.4898407,389.85452
0.00065,5.1e-05,0.0,0.9,0.49005267,389.87692
0.00065,5.1e-05,0.0,1.0,0.4902233,389.88983
0.00066,3.46e-05,1e-05,0.0,0.4039877,300.0614
0.00066,3.46e-05,1e-05,0.1,0.6935818,361.41708
0.00066,3.46e-05,1e-05,0.2,0.46480554,380.53918
0.00066,3.46e-05,1e-05,0.3,0.47743356,386.3789
0.00066,3.46e-05,1e-05,0.4,0.4872094,388.6949
0.00066,3.46e-05,1e-05,0.5,0.48903635,389.45984
0.00066,3.46e-05,1e-05,0.6,0.48936346,389.71344
0.00066,3.46e-05,1e-05,0.7,0.48960015,389.81085
0.00066,3.46e-05,1e-05,0.8,0.4898407,389.85452
0.00066,3.46e-05,1e-05,0.9,0.49005267,389.87692
0.00066,3.46e-05,1e-05,1.0,0.49022323,389.88983
0.00066,3.46e-05,0.0,0.0,0.40399095,300.06137
0.00066,3.46e-05,0.0,0.1,0.69358456,361.41672
0.00066,3.46e-05,0.0,0.2,0.4648057,380.53906
0.00066,3.46e-05,0.0,0.3,0.47743338,386.3789
0.00066,3.46e-05,0.0,0.4,0.4872095,388.69485
0.00066,3.46e-05,0.0,0.5,0.48903617,389.45984
0.00066,3.46e-05,0.0,0.6,0.4893634,389.71344
0.00066,3.46e-05,0.0,0.7,0.48960015,389.81085
0.00066,3.46e-05,0.0,0.8,0.4898407,389.85452
0.00066,3.46e-05,0.0,0.9,0.49005273,389.87692
0.00066,3.46e-05,0.0,1.0,0.49022323,389.88983
0.00067,1.73e-05,0.0,0.0,0.40400612,300.06116
0.00067,1.73e-05,0.0,0.1,0.6935986,361.415
0.00067,1.73e-05,0.0,0.2,0.46480602,380.53876
0.00067,1.73e-05,0.0,0.3,0.47743276,386.37875
0.00067,1.73e-05,0.0,0.4,0.48720926,388.6948
0.00067,1.73e-05,0.0,0.5,0.48903632,389.4598
0.00067,1.73e-05,0.0,0.6,0.48936337,389.71344
0.00067,1.73e-05,0.0,0.7,0.48960012,389.81085
0.00067,1.73e-05,0.0,0.8,0.4898407,389.85452
0.00067,1.73e-05,0.0,0.9,0.4900527,389.87692
0.00067,1.73e-05,0.0,1.0,0.49022323,389.88983
0.00067,1.73e-05,1e-05,0.0,0.40400302,300.0612
0.00067,1.73e-05,1e-05,0.1,0.6935958,361.41534
0.00067,1.73e-05,1e-05,0.2,0.464806,380.53882
0.00067,1.73e-05,1e-05,0.3,0.47743297,386.37878
0.00067,1.73e-05,1e-05,0.4,0.48720926,388.6948
0.00067,1.73e-05,1e-05,0.5,0.48903626,389.4598
0.00067,1.73e-05,1e-05,0.6,0.48936343,389.71344
0.00067,1.73e-05,1e-05,0.7,0.48960012,389.81085
0.00067,1.73e-05,1e-05,0.8,0.4898407,389.85452
0.00067,1.73e-05,1e-05,0.9,0.4900527,389.87692
0.00067,1.73e-05,1e-05,1.0,0.49022323,389.88983
0.00068,0.0,1e-05,0.0,0.4040202,300.0611
0.00068,0.0,1e-05,0.1,0.6936101,361.41373
0.00068,0.0,1e-05,0.2,0.46480653,380.5385
0.00068,0.0,1e-05,0.3,0.477432,386.37866
0.00068,0.0,1e-05,0.4,0.4872092,388.69473
0.00068,0.0,1e-05,0.5,0.4890364,389.4598
0.00068,0.0,1e-05,0.6,0.4893632,389.71344
0.00068,0.0,1e-05,0.7,0.48960018,389.81085
0.00068,0.0,1e-05,0.8,0.4898407,389.85452
0.00068,0.0,1e-05,0.9,0.4900527,389.87692
0.00068,0.0,1e-05,1.0,0.49022323,389.88983
0.00068,0.0,0.0,0.0,0.40402272,300.0611
0.00068,0.0,0.0,0.1,0.6936128,361.41345
0.00068,0.0,0.0,0.2,0.46480644,380.53836
0.00068,0.0,0.0,0.3,0.477432,386.37866
0.00068,0.0,0.0,0.4,0.487209,388.69473
0.00068,0.0,0.0,0.5,0.4890364,389.4598
0.00068,0.0,0.0,0.6,0.4893633,389.71344
0.00068,0.0,0.0,0.7,0.48960018,389.81085
0.00068,0.0,0.0,0.8,0.4898407,389.85452
0.00068,0.0,0.0,0.9,0.4900527,389.87692
0.00068,0.0,0.0,1.0,0.49022323,389.88983
0.00064,1e-04,1e-05,0.0,0.40391228,300.06216
0.00064,1e-04,1e-05,0.1,0.6935148,361.42502
0.00064,1e-04,1e-05,0.2,0.4648041,380.54135
0.00064,1e-04,1e-05,0.3,0.477437,386.37973
0.00064,1e-04,1e-05,0.4,0.48721042,388.6951
0.00064,1e-04,1e-05,0.5,0.48903632,389.45993
0.00064,1e-04,1e-05,0.6,0.4893634,389.7135
0.00064,1e-04,1e-05,0.7,0.48960006,389.81085
0.00064,1e-04,1e-05,0.8,0.4898408,389.85452
0.00064,1e-04,1e-05,0.9,0.49005273,389.87692
0.00064,1e-04,1e-05,1.0,0.4902233,389.88983
0.00065,8.27e-05,0.0,0.0,0.40393165,300.062
0.00065,8.27e-05,0.0,0.1,0.69353175,361.423
0.00065,8.27e-05,0.0,0.2,0.4648047,380.5409
0.00065,8.27e-05,0.0,0.3,0.4774363,386.37946
0.00065,8.27e-05,0.0,0.4,0.4872101,388.69507
0.00065,8.27e-05,0.0,0.5,0.48903662,389.4599
0.00065,8.27e-05,0.0,0.6,0.4893631,389.7135
0.00065,8.27e-05,0.0,0.7,0.4896,389.81085
0.00065,8.27e-05,0.0,0.8,0.48984075,389.85452
0.00065,8.27e-05,0.0,0.9,0.49005273,389.87692
0.00065,8.27e-05,0.0,1.0,0.4902233,389.88983
0.00065,8.27e-05,1e-05,0.0,0.4039284,300.06198
0.00065,8.27e-05,1e-05,0.1,0.6935289,361.42334
0.00065,8.27e-05,1e-05,0.2,0.46480453,380.54095
0.00065,8.27e-05,1e-05,0.3,0.4774365,386.37952
0.00065,8.27e-05,1e-05,0.4,0.4872101,388.69507
0.00065,8.27e-05,1e-05,0.5,0.48903644,389.4599
0.00065,8.27e-05,1e-05,0.6,0.48936316,389.7135
0.00065,8.27e-05,1e-05,0.7,0.4896,389.81085
0.00065,8.27e-05,1e-05,0.8,0.48984075,389.85452
0.00065,8.27e-05,1e-05,0.9,0.49005273,389.87692
0.00065,8.27e-05,1e-05,1.0,0.4902233,389.88983
0.00066,1e-04,0.0,0.0,0.40389952,300.06232
0.00066,1e-04,0.0,0.1,0.69350314,361.42642
0.00066,1e-04,0.0,0.2,0.4648043,380.54166
0.00066,1e-04,0.0,0.3,0.47743762,386.37985
0.00066,1e-04,0.0,0.4,0.48721057,388.69516
0.00066,1e-04,0.0,0.5,0.48903644,389.45993
0.00066,1e-04,0.0,0.6,0.48936343,389.71347
0.00066,1e-04,0.0,0.7,0.4896,389.81085
0.00066,1e-04,0.0,0.8,0.4898408,389.85452
0.00066,1e-04,0.0,0.9,0.49005273,389.87692
0.00066,1e-04,0.0,1.0,0.4902234,389.88983
0.00066,6.69e-05,0.0,0.0,0.40394565,300.06186
0.00066,6.69e-05,0.0,0.1,0.69354403,361.4214
0.00066,6.69e-05,0.0,0.2,0.4648049,380.54044
0.00066,6.69e-05,0.0,0.3,0.47743577,386.37933
0.00066,6.69e-05,0.0,0.4,0.48721004,388.695
0.00066,6.69e-05,0.0,0.5,0.4890364,389.4599
0.00066,6.69e-05,0.0,0.6,0.48936322,389.7135
0.00066,6.69e-05,0.0,0.7,0.48959994,389.81085
0.00066,6.69e-05,0.0,0.8,0.48984075,389.85452
0.00066,6.69e-05,0.0,0.9,0.49005273,389.87692
0.00066,6.69e-05,0.0,1.0,0.4902233,389.88983
0.00066,6.69e-05,1e-05,0.0,0.4039426,300.06186
0.00066,6.69e-05,1e-05,0.1,0.6935414,361.42175
0.00066,6.69e-05,1e-05,0.2,0.4648049,380.54053
0.00066,6.69e-05,1e-05,0.3,0.47743583,386.37936
0.00066,6.69e-05,1e-05,0.4,0.4872098,388.695
0.00066,6.69e-05,1e-05,0.5,0.4890364,389.4599
0.00066,6.69e-05,1e-05,0.6,0.48936322,389.7135
0.00066,6.69e-05,1e-05,0.7,0.48959994,389.81085
0.00066,6.69e-05,1e-05,0.8,0.48984075,389.85452
0.00066,6.69e-05,1e-05,0.9,0.49005273,389.87692
0.00066,6.69e-05,1e-05,1.0,0.4902233,389.88983
0.00067,5.1e-05,1e-05,0.0,0.40395653,300.0617
0.00067,5.1e-05,1e-05,0.1,0.6935538,361.42035
0.00067,5.1e-05,1e-05,0.2,0.464805,380.54013
0.00067,5.1e-05,1e-05,0.3,0.47743514,386.37927
0.00067,5.1e-05,1e-05,0.4,0.48721,388.69498
0.00067,5.1e-05,1e-05,0.5,0.4890365,389.45987
0.00067,5.1e-05,1e-05,0.6,0.48936334,389.7135
0.00067,5.1e-05,1e-05,0.7,0.4896,389.81085
0.00067,5.1e-05,1e-05,0.8,0.4898407,389.85452
0.00067,5.1e-05,1e-05,0.9,0.49005273,389.87692
0.00067,5.1e-05,1e-05,1.0,0.4902233,389.88983
0.00067,5.1e-05,0.0,0.0,0.4039589,300.06168
0.00067,5.1e-05,0.0,0.1,0.6935569,361.41998
0.00067,5.1e-05,0.0,0.2,0.46480536,380.53998
0.00067,5.1e-05,0.0,0.3,0.47743487,386.37927
0.00067,5.1e-05,0.0,0.4,0.48720998,388.69495
0.00067,5.1e-05,0.0,0.5,0.48903656,389.45987
0.00067,5.1e-05,0.0,0.6,0.48936334,389.7135
0.00067,5.1e-05,0.0,0.7,0.48960006,389.81085
0.00067,5.1e-05,0.0,0.8,0.4898407,389.85452
0.00067,5.1e-05,0.0,0.9,0.49005273,389.87692
0.00067,5.1e-05,0.0,1.0,0.4902233,389.88983
0.000675,4.28e-05,5e-06,0.0,0.40396523,300.0616
0.000675,4.28e-05,5e-06,0.1,0.6935619,361.41953
0.000675,4.28e-05,5e-06,0.2,0.46480536,380.5399
0.000675,4.28e-05,5e-06,0.3,0.47743475,386.37918
0.000675,4.28e-05,5e-06,0.4,0.48720986,388.69492
0.000675,4.28e-05,5e-06,0.5,0.4890364,389.45987
0.000675,4.28e-05,5e-06,0.6,0.4893633,389.7135
0.000675,4.28e-05,5e-06,0.7,0.48960006,389.81085
0.000675,4.28e-05,5e-06,0.8,0.48984063,389.85452
0.000675,4.28e-05,5e-06,0.9,0.49005273,389.87692
0.000675,4.28e-05,5e-06,1.0,0.4902233,389.88983
0.00068,3.46e-05,0.0,0.0,0.4039749,300.0615
0.00068,3.46e-05,0.0,0.1,0.6935698,361.4185
0.00068,3.46e-05,0.0,0.2,0.46480548,380.53955
0.00068,3.46e-05,0.0,0.3,0.47743434,386.37906
0.00068,3.46e-05,0.0,0.4,0.48720962,388.6949
0.00068,3.46e-05,0.0,0.5,0.48903638,389.45984
0.00068,3.46e-05,0.0,0.6,0.48936337,389.71344
0.00068,3.46e-05,0.0,0.7,0.48960006,389.81085
0.00068,3.46e-05,0.0,0.8,0.4898407,389.85452
0.00068,3.46e-05,0.0,0.9,0.49005267,389.87692
0.00068,3.46e-05,0.0,1.0,0.4902233,389.88983
0.00068,3.46e-05,1e-05,0.0,0.4039713,300.0615
0.00068,3.46e-05,1e-05,0.1,0.69356704,361.41888
0.00068,3.46e-05,1e-05,0.2,0.46480554,380.53964
0.00068,3.46e-05,1e-05,0.3,0.47743452,386.37912
0.00068,3.46e-05,1e-05,0.4,0.4872098,388.6949
0.00068,3.46e-05,1e-05,0.5,0.48903638,389.45987
0.00068,3.46e-05,1e-05,0.6,0.48936337,389.71347
0.00068,3.46e-05,1e-05,0.7,0.48960006,389.81085
0.00068,3.46e-05,1e-05,0.8,0.48984063,389.85452
0.00068,3.46e-05,1e-05,0.9,0.49005267,389.87692
0.00068,3.46e-05,1e-05,1.0,0.4902233,389.88983
0.00069,1.73e-05,1e-05,0.0,0.40398774,300.0614
0.00069,1.73e-05,1e-05,0.1,0.6935813,361.41714
0.00069,1.73e-05,1e-05,0.2,0.46480572,380.5392
0.00069,1.73e-05,1e-05,0.3,0.47743365,386.37897
0.00069,1.73e-05,1e-05,0.4,0.48720944,388.6949
0.00069,1.73e-05,1e-05,0.5,0.4890364,389.45984
0.00069,1.73e-05,1e-05,0.6,0.48936346,389.71344
0.00069,1.73e-05,1e-05,0.7,0.48960015,389.81085
0.00069,1.73e-05,1e-05,0.8,0.4898407,389.85452
0.00069,1.73e-05,1e-05,0.9,0.49005267,389.87692
0.00069,1.73e-05,1e-05,1.0,0.49022323,389.88983
0.00069,1.73e-05,0.0,0.0,0.4039907,300.06137
0.00069,1.73e-05,0.0,0.1,0.69358426,361.41675
0.00069,1.73e-05,0.0,0.2,0.4648059,380.53912
0.00069,1.73e-05,0.0,0.3,0.47743362,386.3789
0.00069,1.73e-05,0.0,0.4,0.48720953,388.69485
0.00069,1.73e-05,0.0,0.5,0.48903617,389.45984
0.00069,1.73e-05,0.0,0.6,0.4893634,389.71344
0.00069,1.73e-05,0.0,0.7,0.48960015,389.81085
0.00069,1.73e-05,0.0,0.8,0.4898407,389.85452
0.00069,1.73e-05,0.0,0.9,0.49005273,389.87692
0.00069,1.73e-05,0.0,1.0,0.49022323,389.88983
0.0007,0.0,1e-05,0.0,0.40400282,300.0612
0.0007,0.0,1e-05,0.1,0.69359547,361.4154
0.0007,0.0,1e-05,0.2,0.46480626,380.53885
0.0007,0.0,1e-05,0.3,0.47743297,386.3788
0.0007,0.0,1e-05,0.4,0.48720926,388.6948
0.0007,0.0,1e-05,0.5,0.48903626,389.4598
0.0007,0.0,1e-05,0.6,0.48936343,389.71344
0.0007,0.0,1e-05,0.7,0.48960012,389.81085
0.0007,0.0,1e-05,0.8,0.4898407,389.85452
0.0007,0.0,1e-05,0.9,0.4900527,389.87692
0.0007,0.0,1e-05,1.0,0.49022323,389.88983
0.0007,0.0,0.0,0.0,0.4040062,300.06116
0.0007,0.0,0.0,0.1,0.6935982,361.41504
0.0007,0.0,0.0,0.2,0.46480623,380.53876
0.0007,0.0,0.0,0.3,0.47743288,386.37878
0.0007,0.0,0.0,0.4,0.48720932,388.6948
0.0007,0.0,0.0,0.5,0.48903632,389.4598
0.0007,0.0,0.0,0.6,0.48936337,389.71344
0.0007,0.0,0.0,0.7,0.48960012,389.81085
0.0007,0.0,0.0,0.8,0.4898407,389.85452
0.0007,0.0,0.0,0.9,0.4900527,389.87692
0.0007,0.0,0.0,1.0,0.49022323,389.88983
0.00066,1e-04,1e-05,0.0,0.4038964,300.06238
0.00066,1e-04,1e-05,0.1,0.6935001,361.42682
0.00066,1e-04,1e-05,0.2,0.4648041,380.54172
0.00066,1e-04,1e-05,0.3,0.47743803,386.3799
0.00066,1e-04,1e-05,0.4,0.48721057,388.69516
0.00066,1e-04,1e-05,0.5,0.48903644,389.45993
0.00066,1e-04,1e-05,0.6,0.4893635,389.71347
0.00066,1e-04,1e-05,0.7,0.48959994,389.81085
0.00066,1e-04,1e-05,0.8,0.4898408,389.85452
0.00066,1e-04,1e-05,0.9,0.49005273,389.87692
0.00066,1e-04,1e-05,1.0,0.4902234,389.88983
0.00067,8.27e-05,0.0,0.0,0.40391546,300.0621
0.00067,8.27e-05,0.0,0.1,0.69351745,361.42487
0.00067,8.27e-05,0.0,0.2,0.4648046,380.5413
0.00067,8.27e-05,0.0,0.3,0.47743702,386.37973
0.00067,8.27e-05,0.0,0.4,0.4872103,388.6951
0.00067,8.27e-05,0.0,0.5,0.48903638,389.45993
0.00067,8.27e-05,0.0,0.6,0.48936328,389.7135
0.00067,8.27e-05,0.0,0.7,0.48960006,389.81085
0.00067,8.27e-05,0.0,0.8,0.4898408,389.85452
0.00067,8.27e-05,0.0,0.9,0.49005273,389.87692
0.00067,8.27e-05,0.0,1.0,0.4902233,389.88983
0.00067,8.27e-05,1e-05,0.0,0.40391213,300.06216
0.00067,8.27e-05,1e-05,0.1,0.69351447,361.42508
0.00067,8.27e-05,1e-05,0.2,0.4648044,380.54135
0.00067,8.27e-05,1e-05,0.3,0.47743702,386.37973
0.00067,8.27e-05,1e-05,0.4,0.48721048,388.6951
0.00067,8.27e-05,1e-05,0.5,0.48903632,389.45993
0.00067,8.27e-05,1e-05,0.6,0.48936334,389.7135
0.00067,8.27e-05,1e-05,0.7,0.48960006,389.81085
0.00067,8.27e-05,1e-05,0.8,0.4898408,389.85452
0.00067,8.27e-05,1e-05,0.9,0.49005273,389.87692
0.00067,8.27e-05,1e-05,1.0,0.4902233,389.88983
0.00068,1e-04,0.0,0.0,0.40388352,300.0625
0.00068,1e-04,0.0,0.1,0.6934885,361.42822
0.00068,1e-04,0.0,0.2,0.4648041,380.54205
0.00068,1e-04,0.0,0.3,0.47743857,386.38007
0.00068,1e-04,0.0,0.4,0.48721063,388.6952
0.00068,1e-04,0.0,0.5,0.48903638,389.45993
0.00068,1e-04,0.0,0.6,0.4893635,389.71347
0.00068,1e-04,0.0,0.7,0.4896,389.81085
0.00068,1e-04,0.0,0.8,0.48984075,389.85452
0.00068,1e-04,0.0,0.9,0.49005273,389.87692
0.00068,1e-04,0.0,1.0,0.4902234,389.88983
0.00068,6.69e-05,0.0,0.0,0.40392995,300.06198
0.00068,6.69e-05,0.0,0.1,0.6935295,361.4233
0.00068,6.69e-05,0.0,0.2,0.46480483,380.54095
0.00068,6.69e-05,0.0,0.3,0.4774366,386.37952
0.00068,6.69e-05,0.0,0.4,0.48721015,388.69507
0.00068,6.69e-05,0.0,0.5,0.48903644,389.4599
0.00068,6.69e-05,0.0,0.6,0.48936316,389.7135
0.00068,6.69e-05,0.0,0.7,0.4896,389.81085
0.00068,6.69e-05,0.0,0.8,0.48984075,389.85452
0.00068,6.69e-05,0.0,0.9,0.49005273,389.87692
0.00068,6.69e-05,0.0,1.0,0.4902233,389.88983
0.00068,6.69e-05,1e-05,0.0,0.40392667,300.06198
0.00068,6.69e-05,1e-05,0.1,0.6935269,361.4237
0.00068,6.69e-05,1e-05,0.2,0.46480483,380.54105
0.00068,6.69e-05,1e-05,0.3,0.47743642,386.37958
0.00068,6.69e-05,1e-05,0.4,0.4872102,388.69507
0.00068,6.69e-05,1e-05,0.5,0.48903644,389.4599
0.00068,6.69e-05,1e-05,0.6,0.48936322,389.7135
0.00068,6.69e-05,1e-05,0.7,0.4896,389.81085
0.00068,6.69e-05,1e-05,0.8,0.48984075,389.85452
0.00068,6.69e-05,1e-05,0.9,0.49005273,389.87692
0.00068,6.69e-05,1e-05,1.0,0.4902233,389.88983
0.00069,5.1e-05,0.0,0.0,0.40394378,300.06186
0.00069,5.1e-05,0.0,0.1,0.69354206,361.42172
0.00069,5.1e-05,0.0,0.2,0.4648051,380.54056
0.00069,5.1e-05,0.0,0.3,0.47743583,386.37936
0.00069,5.1e-05,0.0,0.4,0.48720986,388.695
0.00069,5.1e-05,0.0,0.5,0.4890364,389.4599
0.00069,5.1e-05,0.0,0.6,0.48936322,389.7135
0.00069,5.1e-05,0.0,0.7,0.48959994,389.81085
0.00069,5.1e-05,0.0,0.8,0.48984075,389.85452
0.00069,5.1e-05,0.0,0.9,0.49005273,389.87692
0.00069,5.1e-05,0.0,1.0,0.4902233,389.88983
0.00069,5.1e-05,1e-05,0.0,0.40394056,300.0619
0.00069,5.1e-05,1e-05,0.1,0.69353926,361.42206
0.00069,5.1e-05,1e-05,0.2,0.464805,380.54065
0.00069,5.1e-05,1e-05,0.3,0.47743595,386.3794
0.00069,5.1e-05,1e-05,0.4,0.48721015,388.69504
0.00069,5.1e-05,1e-05,0.5,0.48903647,389.4599
0.00069,5.1e-05,1e-05,0.6,0.48936322,389.7135
0.00069,5.1e-05,1e-05,0.7,0.48959994,389.81085
0.00069,5.1e-05,1e-05,0.8,0.48984075,389.85452
0.00069,5.1e-05,1e-05,0.9,0.49005273,389.87692
0.00069,5.1e-05,1e-05,1.0,0.4902233,389.88983
0.0007,3.46e-05,0.0,0.0,0.4039578,300.0617
0.0007,3.46e-05,0.0,0.1,0.69355524,361.42023
0.0007,3.46e-05,0.0,0.2,0.46480554,380.5401
0.0007,3.46e-05,0.0,0.3,0.4774351,386.37927
0.0007,3.46e-05,0.0,0.4,0.48720998,388.69495
0.0007,3.46e-05,0.0,0.5,0.4890365,389.45987
0.0007,3.46e-05,0.0,0.6,0.48936334,389.7135
0.0007,3.46e-05,0.0,0.7,0.48960006,389.81085
0.0007,3.46e-05,0.0,0.8,0.4898407,389.85452
0.0007,3.46e-05,0.0,0.9,0.49005273,389.87692
0.0007,3.46e-05,0.0,1.0,0.4902233,389.88983
0.0007,3.46e-05,1e-05,0.0,0.40395516,300.06168
0.0007,3.46e-05,1e-05,0.1,0.6935526,361.42053
0.0007,3.46e-05,1e-05,0.2,0.46480542,380.54022
0.0007,3.46e-05,1e-05,0.3,0.47743526,386.37927
0.0007,3.46e-05,1e-05,0.4,0.48720983,388.69498
0.0007,3.46e-05,1e-05,0.5,0.48903644,389.45987
0.0007,3.46e-05,1e-05,0.6,0.48936316,389.7135
0.0007,3.46e-05,1e-05,0.7,0.48959994,389.81085
0.0007,3.46e-05,1e-05,0.8,0.48984075,389.85452
0.0007,3.46e-05,1e-05,0.9,0.49005273,389.87692
0.0007,3.46e-05,1e-05,1.0,0.4902233,389.88983
0.00071,1.73e-05,0.0,0.0,0.40397426,300.0615
0.00071,1.73e-05,0.0,0.1,0.6935697,361.41858
0.00071,1.73e-05,0.0,0.2,0.46480578,380.53955
0.00071,1.73e-05,0.0,0.3,0.4774344,386.37906
0.00071,1.73e-05,0.0,0.4,0.48720956,388.6949
0.00071,1.73e-05,0.0,0.5,0.48903644,389.45987
0.00071,1.73e-05,0.0,0.6,0.48936337,389.71347
0.00071,1.73e-05,0.0,0.7,0.48960006,389.81085
0.00071,1.73e-05,0.0,0.8,0.4898407,389.85452
0.00071,1.73e-05,0.0,0.9,0.49005267,389.87692
0.00071,1.73e-05,0.0,1.0,0.4902233,389.88983
0.00071,1.73e-05,1e-05,0.0,0.40397182,300.0615
0.00071,1.73e-05,1e-05,0.1,0.69356656,361.41898
0.00071,1.73e-05,1e-05,0.2,0.4648055,380.5397
0.00071,1.73e-05,1e-05,0.3,0.47743452,386.37915
0.00071,1.73e-05,1e-05,0.4,0.4872098,388.6949
0.00071,1.73e-05,1e-05,0.5,0.48903638,389.45987
0.00071,1.73e-05,1e-05,0.6,0.48936337,389.71347
0.00071,1.73e-05,1e-05,0.7,0.48960006,389.81085
0.00071,1.73e-05,1e-05,0.8,0.48984063,389.85452
0.00071,1.73e-05,1e-05,0.9,0.49005267,389.87692
0.00071,1.73e-05,1e-05,1.0,0.4902233,389.88983
0.00072,0.0,0.0,0.0,0.40399033,300.06134
0.00072,0.0,0.0,0.1,0.6935836,361.41678
0.00072,0.0,0.0,0.2,0.46480587,380.53912
0.00072,0.0,0.0,0.3,0.47743344,386.3789
0.00072,0.0,0.0,0.4,0.48720956,388.69485
0.00072,0.0,0.0,0.5,0.4890364,389.45984
0.00072,0.0,0.0,0.6,0.48936346,389.71344
0.00072,0.0,0.0,0.7,0.48960015,389.81085
0.00072,0.0,0.0,0.8,0.4898407,389.85452
0.00072,0.0,0.0,0.9,0.49005267,389.87692
0.00072,0.0,0.0,1.0,0.49022323,389.88983
0.00072,0.0,1e-05,0.0,0.40398702,300.06143
0.00072,0.0,1e-05,0.1,0.69358075,361.41724
0.00072,0.0,1e-05,0.2,0.46480596,380.5393
0.00072,0.0,1e-05,0.3,0.47743374,386.37897
0.00072,0.0,1e-05,0.4,0.4872095,388.6949
0.00072,0.0,1e-05,0.5,0.4890364,389.45984
0.00072,0.0,1e-05,0.6,0.48936346,389.71344
0.00072,0.0,1e-05,0.7,0.48960015,389.81085
0.00072,0.0,1e-05,0.8,0.48984063,389.85452
0.00072,0.0,1e-05,0.9,0.49005267,389.87692
0.00072,0.0,1e-05,1.0,0.49022323,389.88983
0.00068,1e-04,1e-05,0.0,0.40388018,300.06244
0.00068,1e-04,1e-05,0.1,0.6934855,361.42853
0.00068,1e-04,1e-05,0.2,0.4648041,380.5421
0.00068,1e-04,1e-05,0.3,0.47743863,386.3801
0.00068,1e-04,1e-05,0.4,0.4872107,388.6952
0.00068,1e-04,1e-05,0.5,0.4890365,389.45993
0.00068,1e-04,1e-05,0.6,0.48936337,389.71347
0.00068,1e-04,1e-05,0.7,0.4896,389.81085
0.00068,1e-04,1e-05,0.8,0.48984075,389.85452
0.00068,1e-04,1e-05,0.9,0.49005273,389.87692
0.00068,1e-04,1e-05,1.0,0.4902234,389.88983
0.00069,8.27e-05,0.0,0.0,0.4038989,300.06232
0.00069,8.27e-05,0.0,0.1,0.6935028,361.42645
0.00069,8.27e-05,0.0,0.2,0.46480453,380.5417
0.00069,8.27e-05,0.0,0.3,0.47743797,386.37988
0.00069,8.27e-05,0.0,0.4,0.4872104,388.69516
0.00069,8.27e-05,0.0,0.5,0.4890365,389.45993
0.00069,8.27e-05,0.0,0.6,0.4893635,389.71347
0.00069,8.27e-05,0.0,0.7,0.4896,389.81085
0.00069,8.27e-05,0.0,0.8,0.4898408,389.85452
0.00069,8.27e-05,0.0,0.9,0.49005273,389.87692
0.00069,8.27e-05,0.0,1.0,0.4902234,389.88983
0.00069,8.27e-05,1e-05,0.0,0.4038959,300.06238
0.00069,8.27e-05,1e-05,0.1,0.6935,361.42688
0.00069,8.27e-05,1e-05,0.2,0.4648044,380.54172
0.00069,8.27e-05,1e-05,0.3,0.47743803,386.37994
0.00069,8.27e-05,1e-05,0.4,0.48721057,388.69516
0.00069,8.27e-05,1e-05,0.5,0.48903644,389.45993
0.00069,8.27e-05,1e-05,0.6,0.4893635,389.71347
0.00069,8.27e-05,1e-05,0.7,0.48959994,389.81085
0.00069,8.27e-05,1e-05,0.8,0.4898408,389.85452
0.00069,8.27e-05,1e-05,0.9,0.49005273,389.87692
0.00069,8.27e-05,1e-05,1.0,0.4902234,389.88983
0.0007,1e-04,0.0,0.0,0.4038676,300.06256
0.0007,1e-04,0.0,0.1,0.69347376,361.4299
0.0007,1e-04,0.0,0.2,0.4648039,380.54245
0.0007,1e-04,0.0,0.3,0.4774394,386.38028
0.0007,1e-04,0.0,0.4,0.48721087,388.69525
0.0007,1e-04,0.0,0.5,0.4890365,389.45993
0.0007,1e-04,0.0,0.6,0.48936337,389.71347
0.0007,1e-04,0.0,0.7,0.4896,389.81085
0.0007,1e-04,0.0,0.8,0.4898408,389.85452
0.0007,1e-04,0.0,0.9,0.4900528,389.87692
0.0007,1e-04,0.0,1.0,0.4902234,389.88983
0.0007,6.69e-05,0.0,0.0,0.40391326,300.06216
0.0007,6.69e-05,0.0,0.1,0.69351506,361.42514
0.0007,6.69e-05,0.0,0.2,0.4648047,380.54135
0.0007,6.69e-05,0.0,0.3,0.47743702,386.37973
0.0007,6.69e-05,0.0,0.4,0.48721048,388.6951
0.0007,6.69e-05,0.0,0.5,0.48903632,389.45993
0.0007,6.69e-05,0.0,0.6,0.4893634,389.7135
0.0007,6.69e-05,0.0,0.7,0.48960006,389.81085
0.0007,6.69e-05,0.0,0.8,0.4898408,389.85452
0.0007,6.69e-05,0.0,0.9,0.49005273,389.87692
0.0007,6.69e-05,0.0,1.0,0.4902233,389.88983
0.0007,6.69e-05,1e-05,0.0,0.40390992,300.06223
0.0007,6.69e-05,1e-05,0.1,0.6935122,361.42548
0.0007,6.69e-05,1e-05,0.2,0.46480465,380.5414
0.0007,6.69e-05,1e-05,0.3,0.4774375,386.37976
0.0007,6.69e-05,1e-05,0.4,0.4872104,388.69513
0.0007,6.69e-05,1e-05,0.5,0.48903635,389.45993
0.0007,6.69e-05,1e-05,0.6,0.4893634,389.71347
0.0007,6.69e-05,1e-05,0.7,0.4896,389.81085
0.0007,6.69e-05,1e-05,0.8,0.48984075,389.85452
0.0007,6.69e-05,1e-05,0.9,0.49005273,389.87692
0.0007,6.69e-05,1e-05,1.0,0.4902233,389.88983
0.00073,1.73e-05,0.0,0.0,0.40395778,300.06174
0.00073,1.73e-05,0.0,0.1,0.69355494,361.42038
0.00073,1.73e-05,0.0,0.2,0.46480572,380.54013
0.00073,1.73e-05,0.0,0.3,0.4774352,386.37927
0.00073,1.73e-05,0.0,0.4,0.48720995,388.69495
0.00073,1.73e-05,0.0,0.5,0.4890365,389.45987
0.00073,1.73e-05,0.0,0.6,0.48936334,389.7135
0.00073,1.73e-05,0.0,0.7,0.48960006,389.81085
0.00073,1.73e-05,0.0,0.8,0.48984075,389.85452
0.00073,1.73e-05,0.0,0.9,0.49005273,389.87692
0.00073,1.73e-05,0.0,1.0,0.4902233,389.88983
0.00074,0.0,0.0,0.0,0.40397456,300.0615
0.00074,0.0,0.0,0.1,0.6935691,361.41864
0.00074,0.0,0.0,0.2,0.46480596,380.5396
0.00074,0.0,0.0,0.3,0.47743455,386.37912
0.00074,0.0,0.0,0.4,0.48720962,388.6949
0.00074,0.0,0.0,0.5,0.48903638,389.45987
0.00074,0.0,0.0,0.6,0.48936337,389.71347
0.00074,0.0,0.0,0.7,0.48960006,389.81085
0.00074,0.0,0.0,0.8,0.48984063,389.85452
0.00074,0.0,0.0,0.9,0.49005267,389.87692
0.00074,0.0,0.0,1.0,0.4902233,389.88983
0.00074,0.0,1e-05,0.0,0.40397123,300.06152
0.00074,0.0,1e-05,0.1,0.69356614,361.41907
0.00074,0.0,1e-05,0.2,0.46480572,380.53973
0.00074,0.0,1e-05,0.3,0.4774344,386.37915
0.00074,0.0,1e-05,0.4,0.4872099,388.6949
0.00074,0.0,1e-05,0.5,0.48903632,389.45987
0.00074,0.0,1e-05,0.6,0.48936337,389.71347
0.00074,0.0,1e-05,0.7,0.48960006,389.81085
0.00074,0.0,1e-05,0.8,0.48984063,389.85452
0.00074,0.0,1e-05,0.9,0.49005267,389.87692
0.00074,0.0,1e-05,1.0,0.4902233,389.88983
0.00072,3.46e-05,0.0,0.0,0.4039426,300.0619
0.00072,3.46e-05,0.0,0.1,0.6935407,361.422
0.00072,3.46e-05,0.0,0.2,0.46480536,380.5406
0.00072,3.46e-05,0.0,0.3,0.47743598,386.37936
0.00072,3.46e-05,0.0,0.4,0.48720992,388.69504
0.00072,3.46e-05,0.0,0.5,0.48903647,389.4599
0.00072,3.46e-05,0.0,0.6,0.48936322,389.7135
0.00072,3.46e-05,0.0,0.7,0.48959994,389.81085
0.00072,3.46e-05,0.0,0.8,0.48984075,389.85452
0.00072,3.46e-05,0.0,0.9,0.49005273,389.87692
0.00072,3.46e-05,0.0,1.0,0.4902233,389.88983
0.00071,5.1e-05,0.0,0.0,0.40392768,300.06198
0.00071,5.1e-05,0.0,0.1,0.69352746,361.42365
0.00071,5.1e-05,0.0,0.2,0.46480495,380.54105
0.00071,5.1e-05,0.0,0.3,0.47743648,386.37958
0.00071,5.1e-05,0.0,0.4,0.48721015,388.69507
0.00071,5.1e-05,0.0,0.5,0.48903644,389.4599
0.00071,5.1e-05,0.0,0.6,0.48936322,389.7135
0.00071,5.1e-05,0.0,0.7,0.4896,389.81085
0.00071,5.1e-05,0.0,0.8,0.48984075,389.85452
0.00071,5.1e-05,0.0,0.9,0.49005273,389.87692
0.00071,5.1e-05,0.0,1.0,0.4902233,389.88983
0.00071,5.1e-05,1e-05,0.0,0.4039245,300.062
0.00071,5.1e-05,1e-05,0.1,0.69352496,361.42398
0.00071,5.1e-05,1e-05,0.2,0.46480477,380.54114
0.00071,5.1e-05,1e-05,0.3,0.47743672,386.37967
0.00071,5.1e-05,1e-05,0.4,0.4872103,388.69507
0.00071,5.1e-05,1e-05,0.5,0.48903632,389.4599
0.00071,5.1e-05,1e-05,0.6,0.48936322,389.7135
0.00071,5.1e-05,1e-05,0.7,0.48960006,389.81085
0.00071,5.1e-05,1e-05,0.8,0.48984075,389.85452
0.00071,5.1e-05,1e-05,0.9,0.49005273,389.87692
0.00071,5.1e-05,1e-05,1.0,0.4902233,389.88983
0.00072,3.46e-05,1e-05,0.0,0.40393892,300.06195
0.00072,3.46e-05,1e-05,0.1,0.69353795,361.4223
0.00072,3.46e-05,1e-05,0.2,0.4648051,380.54074
0.00072,3.46e-05,1e-05,0.3,0.47743598,386.3794
0.00072,3.46e-05,1e-05,0.4,0.48720998,388.69504
0.00072,3.46e-05,1e-05,0.5,0.48903644,389.4599
0.00072,3.46e-05,1e-05,0.6,0.48936322,389.7135
0.00072,3.46e-05,1e-05,0.7,0.48959994,389.81085
0.00072,3.46e-05,1e-05,0.8,0.48984075,389.85452
0.00072,3.46e-05,1e-05,0.9,0.49005273,389.87692
0.00072,3.46e-05,1e-05,1.0,0.4902233,389.88983
0.00073,1.73e-05,1e-05,0.0,0.4039548,300.0617
0.00073,1.73e-05,1e-05,0.1,0.693552,361.42062
0.00073,1.73e-05,1e-05,0.2,0.46480545,380.54025
0.00073,1.73e-05,1e-05,0.3,0.47743547,386.37927
0.00073,1.73e-05,1e-05,0.4,0.48720992,388.69498
0.00073,1.73e-05,1e-05,0.5,0.4890365,389.45987
0.00073,1.73e-05,1e-05,0.6,0.48936316,389.7135
0.00073,1.73e-05,1e-05,0.7,0.48959994,389.81085
0.00073,1.73e-05,1e-05,0.8,0.48984075,389.85452
0.00073,1.73e-05,1e-05,0.9,0.49005273,389.87692
0.00073,1.73e-05,1e-05,1.0,0.4902233,389.88983
0.0007,1e-04,1e-05,0.0,0.40386432,300.0626
0.0007,1e-04,1e-05,0.1,0.69347095,361.4302
0.0007,1e-04,1e-05,0.2,0.46480393,380.5426
0.0007,1e-04,1e-05,0.3,0.47743952,386.3803
0.0007,1e-04,1e-05,0.4,0.48721102,388.69525
0.0007,1e-04,1e-05,0.5,0.48903647,389.45996
0.0007,1e-04,1e-05,0.6,0.48936325,389.7135
0.0007,1e-04,1e-05,0.7,0.4896,389.81085
0.0007,1e-04,1e-05,0.8,0.4898408,389.85452
0.0007,1e-04,1e-05,0.9,0.4900528,389.87692
0.0007,1e-04,1e-05,1.0,0.4902234,389.88983
0.00071,8.27e-05,0.0,0.0,0.40388373,300.0625
0.00071,8.27e-05,0.0,0.1,0.693488,361.42825
0.00071,8.27e-05,0.0,0.2,0.4648042,380.54205
0.00071,8.27e-05,0.0,0.3,0.47743863,386.38007
0.00071,8.27e-05,0.0,0.4,0.48721075,388.6952
0.00071,8.27e-05,0.0,0.5,0.48903638,389.45993
0.00071,8.27e-05,0.0,0.6,0.4893635,389.71347
0.00071,8.27e-05,0.0,0.7,0.4896,389.81085
0.00071,8.27e-05,0.0,0.8,0.48984075,389.85452
0.00071,8.27e-05,0.0,0.9,0.49005273,389.87692
0.00071,8.27e-05,0.0,1.0,0.4902234,389.88983
0.00071,8.27e-05,1e-05,0.0,0.4038797,300.06247
0.00071,8.27e-05,1e-05,0.1,0.69348526,361.4286
0.00071,8.27e-05,1e-05,0.2,0.46480417,380.54214
0.00071,8.27e-05,1e-05,0.3,0.4774388,386.38013
0.00071,8.27e-05,1e-05,0.4,0.48721075,388.6952
0.00071,8.27e-05,1e-05,0.5,0.4890365,389.45993
0.00071,8.27e-05,1e-05,0.6,0.48936337,389.71347
0.00071,8.27e-05,1e-05,0.7,0.4896,389.81085
0.00071,8.27e-05,1e-05,0.8,0.48984075,389.85452
0.00071,8.27e-05,1e-05,0.9,0.4900528,389.87692
0.00071,8.27e-05,1e-05,1.0,0.4902234,389.88983
0.00072,1e-04,0.0,0.0,0.40385085,300.06277
0.00072,1e-04,0.0,0.1,0.6934594,361.4316
0.00072,1e-04,0.0,0.2,0.4648038,380.543
0.00072,1e-04,0.0,0.3,0.47744027,386.3804
0.00072,1e-04,0.0,0.4,0.48721105,388.6953
0.00072,1e-04,0.0,0.5,0.48903668,389.46
0.00072,1e-04,0.0,0.6,0.48936343,389.7135
0.00072,1e-04,0.0,0.7,0.48960006,389.81085
0.00072,1e-04,0.0,0.8,0.4898407,389.85452
0.00072,1e-04,0.0,0.9,0.49005285,389.87692
0.00072,1e-04,0.0,1.0,0.49022347,389.88986
0.00072,6.69e-05,0.0,0.0,0.40389684,300.06235
0.00072,6.69e-05,0.0,0.1,0.69350034,361.42685
0.00072,6.69e-05,0.0,0.2,0.46480465,380.54175
0.00072,6.69e-05,0.0,0.3,0.47743797,386.37994
0.00072,6.69e-05,0.0,0.4,0.48721057,388.69516
0.00072,6.69e-05,0.0,0.5,0.48903644,389.45993
0.00072,6.69e-05,0.0,0.6,0.4893635,389.71347
0.00072,6.69e-05,0.0,0.7,0.48959994,389.81085
0.00072,6.69e-05,0.0,0.8,0.4898408,389.85452
0.00072,6.69e-05,0.0,0.9,0.49005273,389.87692
0.00072,6.69e-05,0.0,1.0,0.4902234,389.88983
0.00072,6.69e-05,1e-05,0.0,0.40389454,300.06238
0.00072,6.69e-05,1e-05,0.1,0.69349766,361.42712
0.00072,6.69e-05,1e-05,0.2,0.46480435,380.5418
0.00072,6.69e-05,1e-05,0.3,0.47743824,386.37994
0.00072,6.69e-05,1e-05,0.4,0.48721054,388.69516
0.00072,6.69e-05,1e-05,0.5,0.48903638,389.45993
0.00072,6.69e-05,1e-05,0.6,0.4893635,389.71347
0.00072,6.69e-05,1e-05,0.7,0.48959994,389.81085
0.00072,6.69e-05,1e-05,0.8,0.4898408,389.85452
0.00072,6.69e-05,1e-05,0.9,0.49005273,389.87692
0.00072,6.69e-05,1e-05,1.0,0.4902234,389.88983
0.00076,0.0,0.0,0.0,0.40395775,300.0617
0.00076,0.0,0.0,0.1,0.6935547,361.42044
0.00076,0.0,0.0,0.2,0.46480578,380.5402
0.00076,0.0,0.0,0.3,0.47743523,386.37927
0.00076,0.0,0.0,0.4,0.4872099,388.69498
0.00076,0.0,0.0,0.5,0.4890365,389.45987
0.00076,0.0,0.0,0.6,0.48936334,389.7135
0.00076,0.0,0.0,0.7,0.4896,389.81085
0.00076,0.0,0.0,0.8,0.48984075,389.85452
0.00076,0.0,0.0,0.9,0.49005273,389.87692
0.00076,0.0,0.0,1.0,0.4902233,389.88983
0.00076,0.0,1e-05,0.0,0.4039548,300.0617
0.00076,0.0,1e-05,0.1,0.6935519,361.42065
0.00076,0.0,1e-05,0.2,0.46480575,380.54028
0.00076,0.0,1e-05,0.3,0.47743547,386.37927
0.00076,0.0,1e-05,0.4,0.48720986,388.69498
0.00076,0.0,1e-05,0.5,0.4890365,389.45987
0.00076,0.0,1e-05,0.6,0.48936316,389.7135
0.00076,0.0,1e-05,0.7,0.48959994,389.81085
0.00076,0.0,1e-05,0.8,0.48984075,389.85452
0.00076,0.0,1e-05,0.9,0.49005273,389.87692
0.00076,0.0,1e-05,1.0,0.4902233,389.88983
0.00075,1.73e-05,0.0,0.0,0.4039422,300.0619
0.00075,1.73e-05,0.0,0.1,0.6935404,361.42212
0.00075,1.73e-05,0.0,0.2,0.46480557,380.54068
0.00075,1.73e-05,0.0,0.3,0.47743595,386.3794
0.00075,1.73e-05,0.0,0.4,0.4872101,388.69504
0.00075,1.73e-05,0.0,0.5,0.48903647,389.4599
0.00075,1.73e-05,0.0,0.6,0.48936322,389.7135
0.00075,1.73e-05,0.0,0.7,0.48959994,389.81085
0.00075,1.73e-05,0.0,0.8,0.48984075,389.85452
0.00075,1.73e-05,0.0,0.9,0.49005273,389.87692
0.00075,1.73e-05,0.0,1.0,0.4902233,389.88983
0.00075,1.73e-05,1e-05,0.0,0.403939,300.06195
0.00075,1.73e-05,1e-05,0.1,0.6935376,361.4225
0.00075,1.73e-05,1e-05,0.2,0.46480536,380.54077
0.00075,1.73e-05,1e-05,0.3,0.47743607,386.3794
0.00075,1.73e-05,1e-05,0.4,0.48721004,388.69504
0.00075,1.73e-05,1e-05,0.5,0.4890365,389.4599
0.00075,1.73e-05,1e-05,0.6,0.48936328,389.7135
0.00075,1.73e-05,1e-05,0.7,0.48959994,389.81085
0.00075,1.73e-05,1e-05,0.8,0.48984075,389.85452
0.00075,1.73e-05,1e-05,0.9,0.49005273,389.87692
0.00075,1.73e-05,1e-05,1.0,0.4902233,389.88983
0.00074,3.46e-05,0.0,0.0,0.40392682,300.06198
0.00074,3.46e-05,0.0,0.1,0.69352615,361.4238
0.00074,3.46e-05,0.0,0.2,0.46480498,380.5411
0.00074,3.46e-05,0.0,0.3,0.47743678,386.37964
0.00074,3.46e-05,0.0,0.4,0.48721027,388.69507
0.00074,3.46e-05,0.0,0.5,0.48903632,389.4599
0.00074,3.46e-05,0.0,0.6,0.48936322,389.7135
0.00074,3.46e-05,0.0,0.7,0.4896,389.81085
0.00074,3.46e-05,0.0,0.8,0.48984075,389.85452
0.00074,3.46e-05,0.0,0.9,0.49005273,389.87692
0.00074,3.46e-05,0.0,1.0,0.4902233,389.88983
0.00073,5.1e-05,0.0,0.0,0.40391153,300.06223
0.00073,5.1e-05,0.0,0.1,0.6935129,361.42538
0.00073,5.1e-05,0.0,0.2,0.4648049,380.5414
0.00073,5.1e-05,0.0,0.3,0.47743744,386.37976
0.00073,5.1e-05,0.0,0.4,0.4872104,388.69513
0.00073,5.1e-05,0.0,0.5,0.48903635,389.45993
0.00073,5.1e-05,0.0,0.6,0.4893634,389.71347
0.00073,5.1e-05,0.0,0.7,0.4896,389.81085
0.00073,5.1e-05,0.0,0.8,0.48984075,389.85452
0.00073,5.1e-05,0.0,0.9,0.49005273,389.87692
0.00073,5.1e-05,0.0,1.0,0.4902234,389.88983
0.00073,5.1e-05,1e-05,0.0,0.40390754,300.06223
0.00073,5.1e-05,1e-05,0.1,0.69351006,361.42566
0.00073,5.1e-05,1e-05,0.2,0.4648049,380.54153
0.00073,5.1e-05,1e-05,0.3,0.47743738,386.37976
0.00073,5.1e-05,1e-05,0.4,0.48721057,388.69513
0.00073,5.1e-05,1e-05,0.5,0.48903635,389.45993
0.00073,5.1e-05,1e-05,0.6,0.4893634,389.71347
0.00073,5.1e-05,1e-05,0.7,0.48960006,389.81085
0.00073,5.1e-05,1e-05,0.8,0.48984075,389.85452
0.00073,5.1e-05,1e-05,0.9,0.49005273,389.87692
0.00073,5.1e-05,1e-05,1.0,0.4902234,389.88983
0.00074,3.46e-05,1e-05,0.0,0.4039226,300.062
0.00074,3.46e-05,1e-05,0.1,0.6935234,361.42413
0.00074,3.46e-05,1e-05,0.2,0.4648052,380.5412
0.00074,3.46e-05,1e-05,0.3,0.4774369,386.37967
0.00074,3.46e-05,1e-05,0.4,0.48721045,388.69507
0.00074,3.46e-05,1e-05,0.5,0.48903626,389.4599
0.00074,3.46e-05,1e-05,0.6,0.48936322,389.7135
0.00074,3.46e-05,1e-05,0.7,0.48960006,389.81085
0.00074,3.46e-05,1e-05,0.8,0.48984075,389.85452
0.00074,3.46e-05,1e-05,0.9,0.49005273,389.87692
0.00074,3.46e-05,1e-05,1.0,0.4902233,389.88983
0.00072,1e-04,1e-05,0.0,0.40384823,300.06284
0.00072,1e-04,1e-05,0.1,0.6934564,361.4321
0.00072,1e-04,1e-05,0.2,0.4648037,380.54306
0.00072,1e-04,1e-05,0.3,0.47744036,386.3804
0.00072,1e-04,1e-05,0.4,0.4872111,388.69534
0.00072,1e-04,1e-05,0.5,0.48903656,389.46
0.00072,1e-04,1e-05,0.6,0.48936343,389.7135
0.00072,1e-04,1e-05,0.7,0.48960006,389.81085
0.00072,1e-04,1e-05,0.8,0.4898407,389.85452
0.00072,1e-04,1e-05,0.9,0.49005285,389.87692
0.00072,1e-04,1e-05,1.0,0.49022347,389.88986
0.00073,8.27e-05,0.0,0.0,0.40386748,300.0626
0.00073,8.27e-05,0.0,0.1,0.6934736,361.42996
0.00073,8.27e-05,0.0,0.2,0.46480426,380.54248
0.00073,8.27e-05,0.0,0.3,0.47743946,386.38028
0.00073,8.27e-05,0.0,0.4,0.48721093,388.69525
0.00073,8.27e-05,0.0,0.5,0.48903647,389.45996
0.00073,8.27e-05,0.0,0.6,0.48936337,389.71347
0.00073,8.27e-05,0.0,0.7,0.4896,389.81085
0.00073,8.27e-05,0.0,0.8,0.4898408,389.85452
0.00073,8.27e-05,0.0,0.9,0.4900528,389.87692
0.00073,8.27e-05,0.0,1.0,0.4902234,389.88983
0.00073,8.27e-05,1e-05,0.0,0.40386406,300.06262
0.00073,8.27e-05,1e-05,0.1,0.69347084,361.4303
0.00073,8.27e-05,1e-05,0.2,0.46480405,380.54263
0.00073,8.27e-05,1e-05,0.3,0.47743946,386.3803
0.00073,8.27e-05,1e-05,0.4,0.48721102,388.69525
0.00073,8.27e-05,1e-05,0.5,0.48903653,389.45996
0.00073,8.27e-05,1e-05,0.6,0.4893633,389.7135
0.00073,8.27e-05,1e-05,0.7,0.4896,389.81085
0.00073,8.27e-05,1e-05,0.8,0.4898408,389.85452
0.00073,8.27e-05,1e-05,0.9,0.4900528,389.87692
0.00073,8.27e-05,1e-05,1.0,0.4902234,389.88983
0.00074,1e-04,0.0,0.0,0.4038354,300.06293
0.00074,1e-04,0.0,0.1,0.69344455,361.4335
0.00074,1e-04,0.0,0.2,0.4648038,380.54343
0.00074,1e-04,0.0,0.3,0.4774409,386.38068
0.00074,1e-04,0.0,0.4,0.4872113,388.69543
0.00074,1e-04,0.0,0.5,0.48903656,389.46002
0.00074,1e-04,0.0,0.6,0.4893635,389.7135
0.00074,1e-04,0.0,0.7,0.4896001,389.81085
0.00074,1e-04,0.0,0.8,0.4898407,389.85452
0.00074,1e-04,0.0,0.9,0.4900529,389.87692
0.00074,1e-04,0.0,1.0,0.49022353,389.88986
0.00074,6.69e-05,0.0,0.0,0.4038807,300.06247
0.00074,6.69e-05,0.0,0.1,0.693486,361.42853
0.00074,6.69e-05,0.0,0.2,0.4648047,380.54214
0.00074,6.69e-05,0.0,0.3,0.47743875,386.38013
0.00074,6.69e-05,0.0,0.4,0.48721075,388.6952
0.00074,6.69e-05,0.0,0.5,0.4890365,389.45993
0.00074,6.69e-05,0.0,0.6,0.48936337,389.71347
0.00074,6.69e-05,0.0,0.7,0.4896,389.81085
0.00074,6.69e-05,0.0,0.8,0.48984075,389.85452
0.00074,6.69e-05,0.0,0.9,0.4900528,389.87692
0.00074,6.69e-05,0.0,1.0,0.4902234,389.88983
0.00074,6.69e-05,1e-05,0.0,0.4038778,300.06244
0.00074,6.69e-05,1e-05,0.1,0.69348335,361.42886
0.00074,6.69e-05,1e-05,0.2,0.46480435,380.5422
0.00074,6.69e-05,1e-05,0.3,0.47743887,386.38016
0.00074,6.69e-05,1e-05,0.4,0.48721063,388.6952
0.00074,6.69e-05,1e-05,0.5,0.48903644,389.45993
0.00074,6.69e-05,1e-05,0.6,0.48936337,389.71347
0.00074,6.69e-05,1e-05,0.7,0.4896,389.81085
0.00074,6.69e-05,1e-05,0.8,0.4898408,389.85452
0.00074,6.69e-05,1e-05,0.9,0.4900528,389.87692
0.00074,6.69e-05,1e-05,1.0,0.4902234,389.88983
0.00078,0.0,0.0,0.0,0.403942,300.0619
0.00078,0.0,0.0,0.1,0.69354004,361.42224
0.00078,0.0,0.0,0.2,0.46480563,380.5407
0.00078,0.0,0.0,0.3,0.477436,386.3794
0.00078,0.0,0.0,0.4,0.48721015,388.69504
0.00078,0.0,0.0,0.5,0.4890365,389.4599
0.00078,0.0,0.0,0.6,0.48936322,389.7135
0.00078,0.0,0.0,0.7,0.4896,389.81085
0.00078,0.0,0.0,0.8,0.48984075,389.85452
0.00078,0.0,0.0,0.9,0.49005273,389.87692
0.00078,0.0,0.0,1.0,0.4902233,389.88983
0.00078,0.0,1e-05,0.0,0.4039389,300.06198
0.00078,0.0,1e-05,0.1,0.69353735,361.42255
0.00078,0.0,1e-05,0.2,0.4648056,380.54077
0.00078,0.0,1e-05,0.3,0.47743607,386.37946
0.00078,0.0,1e-05,0.4,0.4872101,388.69504
0.00078,0.0,1e-05,0.5,0.4890365,389.4599
0.00078,0.0,1e-05,0.6,0.48936328,389.7135
0.00078,0.0,1e-05,0.7,0.48959994,389.81085
0.00078,0.0,1e-05,0.8,0.48984075,389.85452
0.00078,0.0,1e-05,0.9,0.49005273,389.87692
0.00078,0.0,1e-05,1.0,0.4902233,389.88983
0.00077,1.73e-05,1e-05,0.0,0.40392336,300.062
0.00077,1.73e-05,1e-05,0.1,0.6935229,361.42422
0.00077,1.73e-05,1e-05,0.2,0.4648053,380.5412
0.00077,1.73e-05,1e-05,0.3,0.47743708,386.37967
0.00077,1.73e-05,1e-05,0.4,0.4872104,388.6951
0.00077,1.73e-05,1e-05,0.5,0.48903626,389.4599
0.00077,1.73e-05,1e-05,0.6,0.48936322,389.7135
0.00077,1.73e-05,1e-05,0.7,0.48960006,389.81085
0.00077,1.73e-05,1e-05,0.8,0.48984075,389.85452
0.00077,1.73e-05,1e-05,0.9,0.49005273,389.87692
0.00077,1.73e-05,1e-05,1.0,0.4902233,389.88983
0.00077,1.73e-05,0.0,0.0,0.40392607,300.06198
0.00077,1.73e-05,0.0,0.1,0.6935258,361.42392
0.00077,1.73e-05,0.0,0.2,0.46480536,380.54117
0.00077,1.73e-05,0.0,0.3,0.47743672,386.37967
0.00077,1.73e-05,0.0,0.4,0.4872103,388.69507
0.00077,1.73e-05,0.0,0.5,0.48903632,389.4599
0.00077,1.73e-05,0.0,0.6,0.48936322,389.7135
0.00077,1.73e-05,0.0,0.7,0.48960006,389.81085
0.00077,1.73e-05,0.0,0.8,0.48984075,389.85452
0.00077,1.73e-05,0.0,0.9,0.49005273,389.87692
0.00077,1.73e-05,0.0,1.0,0.4902233,389.88983
0.00076,3.46e-05,1e-05,0.0,0.40390635,300.06226
0.00076,3.46e-05,1e-05,0.1,0.69350857,361.42587
0.00076,3.46e-05,1e-05,0.2,0.46480513,380.5416
0.00076,3.46e-05,1e-05,0.3,0.4774378,386.3798
0.00076,3.46e-05,1e-05,0.4,0.48721045,388.69513
0.00076,3.46e-05,1e-05,0.5,0.48903638,389.45993
0.00076,3.46e-05,1e-05,0.6,0.48936343,389.71347
0.00076,3.46e-05,1e-05,0.7,0.48960006,389.81085
0.00076,3.46e-05,1e-05,0.8,0.48984075,389.85452
0.00076,3.46e-05,1e-05,0.9,0.49005273,389.87692
0.00076,3.46e-05,1e-05,1.0,0.4902234,389.88983
0.00076,3.46e-05,0.0,0.0,0.40391013,300.0622
0.00076,3.46e-05,0.0,0.1,0.69351155,361.4256
0.00076,3.46e-05,0.0,0.2,0.46480513,380.54153
0.00076,3.46e-05,0.0,0.3,0.4774375,386.37976
0.00076,3.46e-05,0.0,0.4,0.48721057,388.69513
0.00076,3.46e-05,0.0,0.5,0.48903635,389.45993
0.00076,3.46e-05,0.0,0.6,0.4893634,389.71347
0.00076,3.46e-05,0.0,0.7,0.4896,389.81085
0.00076,3.46e-05,0.0,0.8,0.48984075,389.85452
0.00076,3.46e-05,0.0,0.9,0.49005273,389.87692
0.00076,3.46e-05,0.0,1.0,0.4902234,389.88983
0.00075,5.1e-05,0.0,0.0,0.40389514,300.0624
0.00075,5.1e-05,0.0,0.1,0.6934985,361.4271
0.00075,5.1e-05,0.0,0.2,0.4648046,380.5418
0.00075,5.1e-05,0.0,0.3,0.4774382,386.37994
0.00075,5.1e-05,0.0,0.4,0.48721057,388.69516
0.00075,5.1e-05,0.0,0.5,0.48903638,389.45993
0.00075,5.1e-05,0.0,0.6,0.4893635,389.71347
0.00075,5.1e-05,0.0,0.7,0.48959994,389.81085
0.00075,5.1e-05,0.0,0.8,0.4898408,389.85452
0.00075,5.1e-05,0.0,0.9,0.49005273,389.87692
0.00075,5.1e-05,0.0,1.0,0.4902234,389.88983
0.00075,5.1e-05,1e-05,0.0,0.40389276,300.0624
0.00075,5.1e-05,1e-05,0.1,0.69349545,361.42737
0.00075,5.1e-05,1e-05,0.2,0.46480465,380.54184
0.00075,5.1e-05,1e-05,0.3,0.47743845,386.37997
0.00075,5.1e-05,1e-05,0.4,0.48721066,388.6952
0.00075,5.1e-05,1e-05,0.5,0.4890364,389.45993
0.00075,5.1e-05,1e-05,0.6,0.4893635,389.71347
0.00075,5.1e-05,1e-05,0.7,0.48959994,389.81085
0.00075,5.1e-05,1e-05,0.8,0.4898408,389.85452
0.00075,5.1e-05,1e-05,0.9,0.49005273,389.87692
0.00075,5.1e-05,1e-05,1.0,0.4902234,389.88983
0.00074,1e-04,1e-05,0.0,0.40383273,300.063
0.00074,1e-04,1e-05,0.1,0.6934416,361.4338
0.00074,1e-04,1e-05,0.2,0.46480364,380.54358
0.00074,1e-04,1e-05,0.3,0.4774412,386.38068
0.00074,1e-04,1e-05,0.4,0.48721135,388.69543
0.00074,1e-04,1e-05,0.5,0.48903656,389.46002
0.00074,1e-04,1e-05,0.6,0.48936355,389.7135
0.00074,1e-04,1e-05,0.7,0.48960006,389.81085
0.00074,1e-04,1e-05,0.8,0.4898407,389.85452
0.00074,1e-04,1e-05,0.9,0.4900529,389.87692
0.00074,1e-04,1e-05,1.0,0.49022353,389.88986
0.00075,8.27e-05,0.0,0.0,0.4038507,300.06277
0.00075,8.27e-05,0.0,0.1,0.6934589,361.4318
0.00075,8.27e-05,0.0,0.2,0.464804,380.54303
0.00075,8.27e-05,0.0,0.3,0.47744042,386.3804
0.00075,8.27e-05,0.0,0.4,0.4872111,388.69534
0.00075,8.27e-05,0.0,0.5,0.48903656,389.46
0.00075,8.27e-05,0.0,0.6,0.4893635,389.7135
0.00075,8.27e-05,0.0,0.7,0.48960006,389.81085
0.00075,8.27e-05,0.0,0.8,0.4898407,389.85452
0.00075,8.27e-05,0.0,0.9,0.49005285,389.87692
0.00075,8.27e-05,0.0,1.0,0.49022347,389.88986
0.00075,8.27e-05,1e-05,0.0,0.4038486,300.06284
0.00075,8.27e-05,1e-05,0.1,0.6934562,361.43216
0.00075,8.27e-05,1e-05,0.2,0.464804,380.54306
0.00075,8.27e-05,1e-05,0.3,0.47744036,386.3804
0.00075,8.27e-05,1e-05,0.4,0.48721114,388.69534
0.00075,8.27e-05,1e-05,0.5,0.48903656,389.46
0.00075,8.27e-05,1e-05,0.6,0.48936343,389.7135
0.00075,8.27e-05,1e-05,0.7,0.48960006,389.81085
0.00075,8.27e-05,1e-05,0.8,0.4898407,389.85452
0.00075,8.27e-05,1e-05,0.9,0.4900529,389.87692
0.00075,8.27e-05,1e-05,1.0,0.49022347,389.88986
0.00076,1e-04,0.0,0.0,0.40382007,300.06305
0.00076,1e-04,0.0,0.1,0.6934298,361.4352
0.00076,1e-04,0.0,0.2,0.46480364,380.5439
0.00076,1e-04,0.0,0.3,0.4774418,386.3809
0.00076,1e-04,0.0,0.4,0.48721147,388.69543
0.00076,1e-04,0.0,0.5,0.48903674,389.46002
0.00076,1e-04,0.0,0.6,0.4893635,389.7135
0.00076,1e-04,0.0,0.7,0.48960006,389.81085
0.00076,1e-04,0.0,0.8,0.48984063,389.85452
0.00076,1e-04,0.0,0.9,0.4900529,389.87692
0.00076,1e-04,0.0,1.0,0.4902234,389.88986
0.00076,6.69e-05,0.0,0.0,0.4038651,300.06262
0.00076,6.69e-05,0.0,0.1,0.6934714,361.43027
0.00076,6.69e-05,0.0,0.2,0.46480423,380.54266
0.00076,6.69e-05,0.0,0.3,0.47743958,386.3803
0.00076,6.69e-05,0.0,0.4,0.48721102,388.69525
0.00076,6.69e-05,0.0,0.5,0.48903653,389.45996
0.00076,6.69e-05,0.0,0.6,0.4893633,389.7135
0.00076,6.69e-05,0.0,0.7,0.4896,389.81085
0.00076,6.69e-05,0.0,0.8,0.4898408,389.85452
0.00076,6.69e-05,0.0,0.9,0.4900528,389.87692
0.00076,6.69e-05,0.0,1.0,0.4902234,389.88983
0.00076,6.69e-05,1e-05,0.0,0.40386224,300.06256
0.00076,6.69e-05,1e-05,0.1,0.69346833,361.4306
0.00076,6.69e-05,1e-05,0.2,0.46480435,380.54276
0.00076,6.69e-05,1e-05,0.3,0.47743952,386.38034
0.00076,6.69e-05,1e-05,0.4,0.48721087,388.69528
0.00076,6.69e-05,1e-05,0.5,0.48903662,389.45996
0.00076,6.69e-05,1e-05,0.6,0.4893633,389.7135
0.00076,6.69e-05,1e-05,0.7,0.4896001,389.81085
0.00076,6.69e-05,1e-05,0.8,0.4898408,389.85452
0.00076,6.69e-05,1e-05,0.9,0.4900528,389.87692
0.00076,6.69e-05,1e-05,1.0,0.4902234,389.88986
0.00079,1.73e-05,0.0,0.0,0.4039093,300.0622
0.00079,1.73e-05,0.0,0.1,0.6935112,361.42563
0.00079,1.73e-05,0.0,0.2,0.46480525,380.54153
0.00079,1.73e-05,0.0,0.3,0.4774374,386.37976
0.00079,1.73e-05,0.0,0.4,0.48721057,388.69513
0.00079,1.73e-05,0.0,0.5,0.48903635,389.45993
0.00079,1.73e-05,0.0,0.6,0.4893634,389.71347
0.00079,1.73e-05,0.0,0.7,0.4896,389.81085
0.00079,1.73e-05,0.0,0.8,0.48984075,389.85452
0.00079,1.73e-05,0.0,0.9,0.49005273,389.87692
0.00079,1.73e-05,0.0,1.0,0.4902234,389.88983
0.0008,0.0,1e-05,0.0,0.40392235,300.062
0.0008,0.0,1e-05,0.1,0.6935226,361.4243
0.0008,0.0,1e-05,0.2,0.46480542,380.5412
0.0008,0.0,1e-05,0.3,0.47743702,386.3797
0.0008,0.0,1e-05,0.4,0.48721027,388.6951
0.0008,0.0,1e-05,0.5,0.48903626,389.4599
0.0008,0.0,1e-05,0.6,0.4893633,389.7135
0.0008,0.0,1e-05,0.7,0.48960006,389.81085
0.0008,0.0,1e-05,0.8,0.48984075,389.85452
0.0008,0.0,1e-05,0.9,0.49005273,389.87692
0.0008,0.0,1e-05,1.0,0.4902233,389.88983
0.0008,0.0,0.0,0.0,0.40392604,300.062
0.0008,0.0,0.0,0.1,0.6935253,361.42398
0.0008,0.0,0.0,0.2,0.46480554,380.54117
0.0008,0.0,0.0,0.3,0.47743675,386.37967
0.0008,0.0,0.0,0.4,0.48721027,388.69507
0.0008,0.0,0.0,0.5,0.48903632,389.4599
0.0008,0.0,0.0,0.6,0.48936322,389.7135
0.0008,0.0,0.0,0.7,0.48960006,389.81085
0.0008,0.0,0.0,0.8,0.48984075,389.85452
0.0008,0.0,0.0,0.9,0.49005273,389.87692
0.0008,0.0,0.0,1.0,0.4902233,389.88983
0.00079,1.73e-05,1e-05,0.0,0.40390635,300.06226
0.00079,1.73e-05,1e-05,0.1,0.69350827,361.42593
0.00079,1.73e-05,1e-05,0.2,0.46480504,380.54163
0.00079,1.73e-05,1e-05,0.3,0.47743762,386.3798
0.00079,1.73e-05,1e-05,0.4,0.48721048,388.69513
0.00079,1.73e-05,1e-05,0.5,0.48903638,389.45993
0.00079,1.73e-05,1e-05,0.6,0.48936343,389.71347
0.00079,1.73e-05,1e-05,0.7,0.48960006,389.81085
0.00079,1.73e-05,1e-05,0.8,0.48984075,389.85452
0.00079,1.73e-05,1e-05,0.9,0.49005273,389.87692
0.00079,1.73e-05,1e-05,1.0,0.4902234,389.88983
0.00078,3.46e-05,0.0,0.0,0.4038938,300.06238
0.00078,3.46e-05,0.0,0.1,0.6934972,361.42725
0.00078,3.46e-05,0.0,0.2,0.46480477,380.54184
0.00078,3.46e-05,0.0,0.3,0.4774384,386.37997
0.00078,3.46e-05,0.0,0.4,0.48721066,388.69516
0.00078,3.46e-05,0.0,0.5,0.48903638,389.45993
0.00078,3.46e-05,0.0,0.6,0.4893635,389.71347
0.00078,3.46e-05,0.0,0.7,0.48959988,389.81085
0.00078,3.46e-05,0.0,0.8,0.4898408,389.85452
0.00078,3.46e-05,0.0,0.9,0.49005273,389.87692
0.00078,3.46e-05,0.0,1.0,0.4902234,389.88983
0.00078,3.46e-05,1e-05,0.0,0.40389085,300.0624
0.00078,3.46e-05,1e-05,0.1,0.6934941,361.42758
0.00078,3.46e-05,1e-05,0.2,0.46480477,380.54193
0.00078,3.46e-05,1e-05,0.3,0.47743848,386.38
0.00078,3.46e-05,1e-05,0.4,0.4872107,388.6952
0.00078,3.46e-05,1e-05,0.5,0.48903647,389.45993
0.00078,3.46e-05,1e-05,0.6,0.48936343,389.71347
0.00078,3.46e-05,1e-05,0.7,0.48959994,389.81085
0.00078,3.46e-05,1e-05,0.8,0.4898408,389.85452
0.00078,3.46e-05,1e-05,0.9,0.49005273,389.87692
0.00078,3.46e-05,1e-05,1.0,0.4902234,389.88983
0.00077,5.1e-05,0.0,0.0,0.40387914,300.06244
0.00077,5.1e-05,0.0,0.1,0.6934838,361.42877
0.00077,5.1e-05,0.0,0.2,0.4648046,380.5422
0.00077,5.1e-05,0.0,0.3,0.4774388,386.38016
0.00077,5.1e-05,0.0,0.4,0.48721063,388.6952
0.00077,5.1e-05,0.0,0.5,0.48903644,389.45993
0.00077,5.1e-05,0.0,0.6,0.48936337,389.71347
0.00077,5.1e-05,0.0,0.7,0.4896,389.81085
0.00077,5.1e-05,0.0,0.8,0.4898408,389.85452
0.00077,5.1e-05,0.0,0.9,0.4900528,389.87692
0.00077,5.1e-05,0.0,1.0,0.4902234,389.88983
0.00077,5.1e-05,1e-05,0.0,0.40387556,300.06247
0.00077,5.1e-05,1e-05,0.1,0.6934809,361.42917
0.00077,5.1e-05,1e-05,0.2,0.46480462,380.54227
0.00077,5.1e-05,1e-05,0.3,0.47743917,386.38022
0.00077,5.1e-05,1e-05,0.4,0.48721066,388.69522
0.00077,5.1e-05,1e-05,0.5,0.48903638,389.45993
0.00077,5.1e-05,1e-05,0.6,0.48936334,389.71347
0.00077,5.1e-05,1e-05,0.7,0.48959994,389.81085
0.00077,5.1e-05,1e-05,0.8,0.4898408,389.85452
0.00077,5.1e-05,1e-05,0.9,0.4900528,389.87692
0.00077,5.1e-05,1e-05,1.0,0.4902234,389.88983
0.00076,1e-04,1e-05,0.0,0.40381625,300.06308
0.00076,1e-04,1e-05,0.1,0.6934272,361.43552
0.00076,1e-04,1e-05,0.2,0.46480376,380.54398
0.00076,1e-04,1e-05,0.3,0.47744197,386.38092
0.00076,1e-04,1e-05,0.4,0.48721156,388.69543
0.00076,1e-04,1e-05,0.5,0.48903668,389.46002
0.00076,1e-04,1e-05,0.6,0.4893635,389.7135
0.00076,1e-04,1e-05,0.7,0.48960012,389.81085
0.00076,1e-04,1e-05,0.8,0.48984063,389.85452
0.00076,1e-04,1e-05,0.9,0.4900529,389.87692
0.00076,1e-04,1e-05,1.0,0.4902234,389.88986
0.00077,8.27e-05,0.0,0.0,0.4038352,300.06293
0.00077,8.27e-05,0.0,0.1,0.6934443,361.43353
0.00077,8.27e-05,0.0,0.2,0.464804,380.54352
0.00077,8.27e-05,0.0,0.3,0.477441,386.38068
0.00077,8.27e-05,0.0,0.4,0.48721117,388.69543
0.00077,8.27e-05,0.0,0.5,0.48903656,389.46002
0.00077,8.27e-05,0.0,0.6,0.48936355,389.7135
0.00077,8.27e-05,0.0,0.7,0.48960012,389.81085
0.00077,8.27e-05,0.0,0.8,0.4898407,389.85452
0.00077,8.27e-05,0.0,0.9,0.4900529,389.87692
0.00077,8.27e-05,0.0,1.0,0.49022353,389.88986
0.00077,8.27e-05,1e-05,0.0,0.40383258,300.063
0.00077,8.27e-05,1e-05,0.1,0.69344157,361.43384
0.00077,8.27e-05,1e-05,0.2,0.46480379,380.5436
0.00077,8.27e-05,1e-05,0.3,0.47744113,386.38074
0.00077,8.27e-05,1e-05,0.4,0.4872112,388.69543
0.00077,8.27e-05,1e-05,0.5,0.48903662,389.46002
0.00077,8.27e-05,1e-05,0.6,0.48936355,389.7135
0.00077,8.27e-05,1e-05,0.7,0.48960012,389.81085
0.00077,8.27e-05,1e-05,0.8,0.4898407,389.85452
0.00077,8.27e-05,1e-05,0.9,0.4900529,389.87692
0.00077,8.27e-05,1e-05,1.0,0.49022353,389.88986
0.00078,1e-04,0.0,0.0,0.4038035,300.0632
0.00078,1e-04,0.0,0.1,0.6934154,361.43686
0.00078,1e-04,0.0,0.2,0.46480337,380.54446
0.00078,1e-04,0.0,0.3,0.47744262,386.381
0.00078,1e-04,0.0,0.4,0.48721188,388.6955
0.00078,1e-04,0.0,0.5,0.4890368,389.4601
0.00078,1e-04,0.0,0.6,0.4893634,389.71353
0.00078,1e-04,0.0,0.7,0.48960006,389.81085
0.00078,1e-04,0.0,0.8,0.4898408,389.85452
0.00078,1e-04,0.0,0.9,0.49005297,389.87692
0.00078,1e-04,0.0,1.0,0.4902234,389.88986
0.00078,6.69e-05,0.0,0.0,0.40384936,300.0628
0.00078,6.69e-05,0.0,0.1,0.69345677,361.43213
0.00078,6.69e-05,0.0,0.2,0.46480423,380.54306
0.00078,6.69e-05,0.0,0.3,0.47744036,386.3804
0.00078,6.69e-05,0.0,0.4,0.48721108,388.69534
0.00078,6.69e-05,0.0,0.5,0.48903656,389.46
0.00078,6.69e-05,0.0,0.6,0.48936343,389.7135
0.00078,6.69e-05,0.0,0.7,0.48960006,389.81085
0.00078,6.69e-05,0.0,0.8,0.4898407,389.85452
0.00078,6.69e-05,0.0,0.9,0.49005285,389.87692
0.00078,6.69e-05,0.0,1.0,0.49022347,389.88986
0.00078,6.69e-05,1e-05,0.0,0.4038454,300.06287
0.00078,6.69e-05,1e-05,0.1,0.6934538,361.43243
0.00078,6.69e-05,1e-05,0.2,0.46480417,380.5431
0.00078,6.69e-05,1e-05,0.3,0.47744066,386.38043
0.00078,6.69e-05,1e-05,0.4,0.487211,388.69537
0.00078,6.69e-05,1e-05,0.5,0.48903674,389.46
0.00078,6.69e-05,1e-05,0.6,0.48936337,389.7135
0.00078,6.69e-05,1e-05,0.7,0.48960006,389.81085
0.00078,6.69e-05,1e-05,0.8,0.4898407,389.85452
0.00078,6.69e-05,1e-05,0.9,0.4900529,389.87692
0.00078,6.69e-05,1e-05,1.0,0.49022353,389.88986
0.0008,3.46e-05,0.0,0.0,0.40387765,300.06244
0.0008,3.46e-05,0.0,0.1,0.69348264,361.42902
0.0008,3.46e-05,0.0,0.2,0.4648049,380.54227
0.0008,3.46e-05,0.0,0.3,0.47743905,386.3802
0.0008,3.46e-05,0.0,0.4,0.48721063,388.6952
0.0008,3.46e-05,0.0,0.5,0.48903638,389.45993
0.0008,3.46e-05,0.0,0.6,0.4893634,389.71347
0.0008,3.46e-05,0.0,0.7,0.48959994,389.81085
0.0008,3.46e-05,0.0,0.8,0.4898408,389.85452
0.0008,3.46e-05,0.0,0.9,0.4900528,389.87692
0.0008,3.46e-05,0.0,1.0,0.4902234,389.88983
0.00081,1.73e-05,0.0,0.0,0.40389365,300.06238
0.00081,1.73e-05,0.0,0.1,0.6934967,361.42728
0.00081,1.73e-05,0.0,0.2,0.46480495,380.54184
0.00081,1.73e-05,0.0,0.3,0.4774385,386.37997
0.00081,1.73e-05,0.0,0.4,0.48721072,388.6952
0.00081,1.73e-05,0.0,0.5,0.4890364,389.45993
0.00081,1.73e-05,0.0,0.6,0.4893635,389.71347
0.00081,1.73e-05,0.0,0.7,0.48959988,389.81085
0.00081,1.73e-05,0.0,0.8,0.4898408,389.85452
0.00081,1.73e-05,0.0,0.9,0.49005273,389.87692
0.00081,1.73e-05,0.0,1.0,0.4902234,389.88983
0.00081,1.73e-05,5e-06,0.0,0.4038921,300.0624
0.00081,1.73e-05,5e-06,0.1,0.6934952,361.42746
0.00081,1.73e-05,5e-06,0.2,0.46480492,380.54187
0.00081,1.73e-05,5e-06,0.3,0.4774385,386.38
0.00081,1.73e-05,5e-06,0.4,0.4872107,388.6952
0.00081,1.73e-05,5e-06,0.5,0.48903647,389.45993
0.00081,1.73e-05,5e-06,0.6,0.4893635,389.71347
0.00081,1.73e-05,5e-06,0.7,0.48959994,389.81085
0.00081,1.73e-05,5e-06,0.8,0.4898408,389.85452
0.00081,1.73e-05,5e-06,0.9,0.49005273,389.87692
0.00081,1.73e-05,5e-06,1.0,0.4902234,389.88983
0.00082,0.0,0.0,0.0,0.4039091,300.0622
0.00082,0.0,0.0,0.1,0.69351107,361.4257
0.00082,0.0,0.0,0.2,0.4648053,380.54156
0.00082,0.0,0.0,0.3,0.4774377,386.37976
0.00082,0.0,0.0,0.4,0.48721057,388.69513
0.00082,0.0,0.0,0.5,0.48903635,389.45993
0.00082,0.0,0.0,0.6,0.48936343,389.71347
0.00082,0.0,0.0,0.7,0.4896,389.81085
0.00082,0.0,0.0,0.8,0.48984075,389.85452
0.00082,0.0,0.0,0.9,0.49005273,389.87692
0.00082,0.0,0.0,1.0,0.4902234,389.88983
0.00082,0.0,1e-05,0.0,0.40390617,300.06226
0.00082,0.0,1e-05,0.1,0.69350815,361.426
0.00082,0.0,1e-05,0.2,0.4648052,380.54163
0.00082,0.0,1e-05,0.3,0.4774378,386.37982
0.00082,0.0,1e-05,0.4,0.48721036,388.69513
0.00082,0.0,1e-05,0.5,0.48903644,389.45993
0.00082,0.0,1e-05,0.6,0.4893635,389.71347
0.00082,0.0,1e-05,0.7,0.48960006,389.81085
0.00082,0.0,1e-05,0.8,0.48984075,389.85452
0.00082,0.0,1e-05,0.9,0.49005273,389.87692
0.00082,0.0,1e-05,1.0,0.4902234,389.88983
0.00081,1.73e-05,1e-05,0.0,0.40389067,300.0624
0.00081,1.73e-05,1e-05,0.1,0.69349384,361.42767
0.00081,1.73e-05,1e-05,0.2,0.46480483,380.54193
0.00081,1.73e-05,1e-05,0.3,0.47743857,386.38
0.00081,1.73e-05,1e-05,0.4,0.4872107,388.6952
0.00081,1.73e-05,1e-05,0.5,0.48903647,389.45993
0.00081,1.73e-05,1e-05,0.6,0.48936343,389.71347
0.00081,1.73e-05,1e-05,0.7,0.4896,389.81085
0.00081,1.73e-05,1e-05,0.8,0.4898408,389.85452
0.00081,1.73e-05,1e-05,0.9,0.49005273,389.87692
0.00081,1.73e-05,1e-05,1.0,0.4902234,389.88983
0.0008,3.46e-05,1e-05,0.0,0.40387464,300.06244
0.0008,3.46e-05,1e-05,0.1,0.69347966,361.42938
0.0008,3.46e-05,1e-05,0.2,0.46480444,380.54233
0.0008,3.46e-05,1e-05,0.3,0.47743928,386.38025
0.0008,3.46e-05,1e-05,0.4,0.48721084,388.69522
0.0008,3.46e-05,1e-05,0.5,0.48903638,389.45993
0.0008,3.46e-05,1e-05,0.6,0.48936334,389.71347
0.0008,3.46e-05,1e-05,0.7,0.4896,389.81085
0.0008,3.46e-05,1e-05,0.8,0.4898408,389.85452
0.0008,3.46e-05,1e-05,0.9,0.4900528,389.87692
0.0008,3.46e-05,1e-05,1.0,0.4902234,389.88983
0.00079,5.1e-05,0.0,0.0,0.4038626,300.06262
0.00079,5.1e-05,0.0,0.1,0.6934693,361.43054
0.00079,5.1e-05,0.0,0.2,0.4648044,380.54276
0.00079,5.1e-05,0.0,0.3,0.47743964,386.38034
0.00079,5.1e-05,0.0,0.4,0.48721093,388.69528
0.00079,5.1e-05,0.0,0.5,0.48903662,389.45996
0.00079,5.1e-05,0.0,0.6,0.48936337,389.7135
0.00079,5.1e-05,0.0,0.7,0.4896001,389.81085
0.00079,5.1e-05,0.0,0.8,0.4898408,389.85452
0.00079,5.1e-05,0.0,0.9,0.4900528,389.87692
0.00079,5.1e-05,0.0,1.0,0.4902234,389.88983
0.00079,5.1e-05,1e-05,0.0,0.40385967,300.0626
0.00079,5.1e-05,1e-05,0.1,0.69346625,361.43088
0.00079,5.1e-05,1e-05,0.2,0.46480435,380.54282
0.00079,5.1e-05,1e-05,0.3,0.4774399,386.38037
0.00079,5.1e-05,1e-05,0.4,0.4872111,388.69528
0.00079,5.1e-05,1e-05,0.5,0.48903668,389.46
0.00079,5.1e-05,1e-05,0.6,0.4893633,389.7135
0.00079,5.1e-05,1e-05,0.7,0.48960012,389.81085
0.00079,5.1e-05,1e-05,0.8,0.48984087,389.85452
0.00079,5.1e-05,1e-05,0.9,0.4900528,389.87692
0.00079,5.1e-05,1e-05,1.0,0.49022347,389.88986
0.00078,1e-04,1e-05,0.0,0.40380013,300.06326
0.00078,1e-04,1e-05,0.1,0.69341254,361.43723
0.00078,1e-04,1e-05,0.2,0.46480346,380.5445
0.00078,1e-04,1e-05,0.3,0.4774428,386.381
0.00078,1e-04,1e-05,0.4,0.4872118,388.69553
0.00078,1e-04,1e-05,0.5,0.4890368,389.46014
0.00078,1e-04,1e-05,0.6,0.4893634,389.71353
0.00078,1e-04,1e-05,0.7,0.48960006,389.81085
0.00078,1e-04,1e-05,0.8,0.4898408,389.85452
0.00078,1e-04,1e-05,0.9,0.49005297,389.87692
0.00078,1e-04,1e-05,1.0,0.4902234,389.88986
0.00079,8.27e-05,0.0,0.0,0.403819,300.06308
0.00079,8.27e-05,0.0,0.1,0.69342935,361.43524
0.00079,8.27e-05,0.0,0.2,0.46480387,380.5439
0.00079,8.27e-05,0.0,0.3,0.47744185,386.38092
0.00079,8.27e-05,0.0,0.4,0.4872114,388.69543
0.00079,8.27e-05,0.0,0.5,0.48903668,389.46002
0.00079,8.27e-05,0.0,0.6,0.48936343,389.7135
0.00079,8.27e-05,0.0,0.7,0.48960006,389.81085
0.00079,8.27e-05,0.0,0.8,0.48984063,389.85452
0.00079,8.27e-05,0.0,0.9,0.4900529,389.87692
0.00079,8.27e-05,0.0,1.0,0.4902234,389.88986
0.00079,8.27e-05,1e-05,0.0,0.4038155,300.06308
0.00079,8.27e-05,1e-05,0.1,0.69342685,361.43555
0.00079,8.27e-05,1e-05,0.2,0.46480387,380.544
0.00079,8.27e-05,1e-05,0.3,0.4774419,386.38092
0.00079,8.27e-05,1e-05,0.4,0.48721156,388.69543
0.00079,8.27e-05,1e-05,0.5,0.48903668,389.46002
0.00079,8.27e-05,1e-05,0.6,0.4893635,389.7135
0.00079,8.27e-05,1e-05,0.7,0.48960012,389.81085
0.00079,8.27e-05,1e-05,0.8,0.48984063,389.85452
0.00079,8.27e-05,1e-05,0.9,0.4900529,389.87692
0.00079,8.27e-05,1e-05,1.0,0.4902234,389.88986
0.0008,1e-04,0.0,0.0,0.40378815,300.06345
0.0008,1e-04,0.0,0.1,0.6934006,361.4386
0.0008,1e-04,0.0,0.2,0.46480358,380.54483
0.0008,1e-04,0.0,0.3,0.47744346,386.3812
0.0008,1e-04,0.0,0.4,0.48721182,388.6956
0.0008,1e-04,0.0,0.5,0.4890368,389.46014
0.0008,1e-04,0.0,0.6,0.48936337,389.71353
0.0008,1e-04,0.0,0.7,0.48960024,389.81085
0.0008,1e-04,0.0,0.8,0.4898408,389.85452
0.0008,1e-04,0.0,0.9,0.49005297,389.87692
0.0008,1e-04,0.0,1.0,0.4902234,389.88986
0.0008,6.69e-05,0.0,0.0,0.40383312,300.063
0.0008,6.69e-05,0.0,0.1,0.69344205,361.4338
0.0008,6.69e-05,0.0,0.2,0.46480408,380.5436
0.0008,6.69e-05,0.0,0.3,0.47744116,386.38074
0.0008,6.69e-05,0.0,0.4,0.4872112,388.69543
0.0008,6.69e-05,0.0,0.5,0.48903656,389.46002
0.0008,6.69e-05,0.0,0.6,0.48936355,389.7135
0.0008,6.69e-05,0.0,0.7,0.48960012,389.81085
0.0008,6.69e-05,0.0,0.8,0.4898407,389.85452
0.0008,6.69e-05,0.0,0.9,0.4900529,389.87692
0.0008,6.69e-05,0.0,1.0,0.49022353,389.88986
0.0008,6.69e-05,1e-05,0.0,0.40383053,300.06305
0.0008,6.69e-05,1e-05,0.1,0.69343936,361.43408
0.0008,6.69e-05,1e-05,0.2,0.46480405,380.54364
0.0008,6.69e-05,1e-05,0.3,0.4774414,386.3808
0.0008,6.69e-05,1e-05,0.4,0.48721144,388.69543
0.0008,6.69e-05,1e-05,0.5,0.48903662,389.46002
0.0008,6.69e-05,1e-05,0.6,0.48936355,389.7135
0.0008,6.69e-05,1e-05,0.7,0.48960006,389.81085
0.0008,6.69e-05,1e-05,0.8,0.4898407,389.85452
0.0008,6.69e-05,1e-05,0.9,0.49005297,389.87692
0.0008,6.69e-05,1e-05,1.0,0.49022353,389.88986
0.00083,1.73e-05,0.0,0.0,0.40387705,300.06244
0.00083,1.73e-05,0.0,0.1,0.69348204,361.4291
0.00083,1.73e-05,0.0,0.2,0.4648049,380.54227
0.00083,1.73e-05,0.0,0.3,0.47743925,386.38022
0.00083,1.73e-05,0.0,0.4,0.48721063,388.69522
0.00083,1.73e-05,0.0,0.5,0.48903638,389.45993
0.00083,1.73e-05,0.0,0.6,0.48936334,389.71347
0.00083,1.73e-05,0.0,0.7,0.48959994,389.81085
0.00083,1.73e-05,0.0,0.8,0.4898408,389.85452
0.00083,1.73e-05,0.0,0.9,0.4900528,389.87692
0.00083,1.73e-05,0.0,1.0,0.4902234,389.88983
0.00084,0.0,0.0,0.0,0.40389368,300.06238
0.00084,0.0,0.0,0.1,0.6934962,361.4273
0.00084,0.0,0.0,0.2,0.46480525,380.54184
0.00084,0.0,0.0,0.3,0.47743857,386.37997
0.00084,0.0,0.0,0.4,0.4872107,388.6952
0.00084,0.0,0.0,0.5,0.4890364,389.45993
0.00084,0.0,0.0,0.6,0.4893635,389.71347
0.00084,0.0,0.0,0.7,0.48959994,389.81085
0.00084,0.0,0.0,0.8,0.4898408,389.85452
0.00084,0.0,0.0,0.9,0.49005273,389.87692
0.00084,0.0,0.0,1.0,0.4902234,389.88983
0.00084,0.0,1e-05,0.0,0.40388992,300.0624
0.00084,0.0,1e-05,0.1,0.6934934,361.42773
0.00084,0.0,1e-05,0.2,0.46480525,380.542
0.00084,0.0,1e-05,0.3,0.47743857,386.38004
0.00084,0.0,1e-05,0.4,0.48721078,388.6952
0.00084,0.0,1e-05,0.5,0.48903647,389.45993
0.00084,0.0,1e-05,0.6,0.48936343,389.71347
0.00084,0.0,1e-05,0.7,0.4896,389.81085
0.00084,0.0,1e-05,0.8,0.4898408,389.85452
0.00084,0.0,1e-05,0.9,0.49005273,389.87692
0.00084,0.0,1e-05,1.0,0.4902234,389.88983
0.00083,1.73e-05,1e-05,0.0,0.40387425,300.0625
0.00083,1.73e-05,1e-05,0.1,0.69347906,361.4294
0.00083,1.73e-05,1e-05,0.2,0.46480486,380.5424
0.00083,1.73e-05,1e-05,0.3,0.4774393,386.38025
0.00083,1.73e-05,1e-05,0.4,0.48721078,388.69522
0.00083,1.73e-05,1e-05,0.5,0.4890365,389.45993
0.00083,1.73e-05,1e-05,0.6,0.48936334,389.71347
0.00083,1.73e-05,1e-05,0.7,0.4896,389.81085
0.00083,1.73e-05,1e-05,0.8,0.4898408,389.85452
0.00083,1.73e-05,1e-05,0.9,0.4900528,389.87692
0.00083,1.73e-05,1e-05,1.0,0.4902234,389.88983
0.00082,3.46e-05,0.0,0.0,0.4038614,300.0626
0.00082,3.46e-05,0.0,0.1,0.6934676,361.43076
0.00082,3.46e-05,0.0,0.2,0.46480453,380.5428
0.00082,3.46e-05,0.0,0.3,0.47744006,386.38034
0.00082,3.46e-05,0.0,0.4,0.48721105,388.69528
0.00082,3.46e-05,0.0,0.5,0.48903674,389.46
0.00082,3.46e-05,0.0,0.6,0.48936337,389.7135
0.00082,3.46e-05,0.0,0.7,0.48960012,389.81085
0.00082,3.46e-05,0.0,0.8,0.4898408,389.85452
0.00082,3.46e-05,0.0,0.9,0.4900528,389.87692
0.00082,3.46e-05,0.0,1.0,0.49022347,389.88986
0.00081,5.1e-05,0.0,0.0,0.40384662,300.06284
0.00081,5.1e-05,0.0,0.1,0.69345474,361.43234
0.00081,5.1e-05,0.0,0.2,0.4648043,380.5431
0.00081,5.1e-05,0.0,0.3,0.47744066,386.38043
0.00081,5.1e-05,0.0,0.4,0.48721096,388.69537
0.00081,5.1e-05,0.0,0.5,0.48903668,389.46
0.00081,5.1e-05,0.0,0.6,0.48936337,389.7135
0.00081,5.1e-05,0.0,0.7,0.48960006,389.81085
0.00081,5.1e-05,0.0,0.8,0.4898407,389.85452
0.00081,5.1e-05,0.0,0.9,0.4900529,389.87692
0.00081,5.1e-05,0.0,1.0,0.49022353,389.88986
0.00082,3.46e-05,1e-05,0.0,0.4038591,300.06262
0.00082,3.46e-05,1e-05,0.1,0.6934649,361.43115
0.00082,3.46e-05,1e-05,0.2,0.46480465,380.5429
0.00082,3.46e-05,1e-05,0.3,0.4774403,386.38037
0.00082,3.46e-05,1e-05,0.4,0.48721108,388.69528
0.00082,3.46e-05,1e-05,0.5,0.48903674,389.46
0.00082,3.46e-05,1e-05,0.6,0.4893633,389.7135
0.00082,3.46e-05,1e-05,0.7,0.48960012,389.81085
0.00082,3.46e-05,1e-05,0.8,0.4898408,389.85452
0.00082,3.46e-05,1e-05,0.9,0.4900528,389.87692
0.00082,3.46e-05,1e-05,1.0,0.49022347,389.88986
0.00081,5.1e-05,1e-05,0.0,0.40384352,300.06284
0.00081,5.1e-05,1e-05,0.1,0.6934519,361.43268
0.00081,5.1e-05,1e-05,0.2,0.46480417,380.5432
0.00081,5.1e-05,1e-05,0.3,0.4774409,386.38052
0.00081,5.1e-05,1e-05,0.4,0.4872111,388.69537
0.00081,5.1e-05,1e-05,0.5,0.48903668,389.46002
0.00081,5.1e-05,1e-05,0.6,0.48936343,389.7135
0.00081,5.1e-05,1e-05,0.7,0.48960006,389.81085
0.00081,5.1e-05,1e-05,0.8,0.4898407,389.85452
0.00081,5.1e-05,1e-05,0.9,0.49005285,389.87692
0.00081,5.1e-05,1e-05,1.0,0.49022353,389.88986
0.0008,1e-04,1e-05,0.0,0.40378428,300.0635
0.0008,1e-04,1e-05,0.1,0.6933978,361.4389
0.0008,1e-04,1e-05,0.2,0.4648033,380.5449
0.0008,1e-04,1e-05,0.3,0.47744358,386.3812
0.0008,1e-04,1e-05,0.4,0.48721176,388.6956
0.0008,1e-04,1e-05,0.5,0.48903677,389.46014
0.0008,1e-04,1e-05,0.6,0.48936343,389.71353
0.0008,1e-04,1e-05,0.7,0.48960024,389.81085
0.0008,1e-04,1e-05,0.8,0.4898408,389.85452
0.0008,1e-04,1e-05,0.9,0.49005297,389.87692
0.0008,1e-04,1e-05,1.0,0.4902234,389.88986
0.00081,8.27e-05,0.0,0.0,0.4038037,300.0632
0.00081,8.27e-05,0.0,0.1,0.6934148,361.43692
0.00081,8.27e-05,0.0,0.2,0.46480358,380.54446
0.00081,8.27e-05,0.0,0.3,0.47744274,386.381
0.00081,8.27e-05,0.0,0.4,0.48721182,388.6955
0.00081,8.27e-05,0.0,0.5,0.4890368,389.4601
0.00081,8.27e-05,0.0,0.6,0.4893634,389.71353
0.00081,8.27e-05,0.0,0.7,0.48960006,389.81085
0.00081,8.27e-05,0.0,0.8,0.4898408,389.85452
0.00081,8.27e-05,0.0,0.9,0.49005297,389.87692
0.00081,8.27e-05,0.0,1.0,0.4902234,389.88986
0.00081,8.27e-05,1e-05,0.0,0.40380025,300.06326
0.00081,8.27e-05,1e-05,0.1,0.6934122,361.43732
0.00081,8.27e-05,1e-05,0.2,0.46480352,380.5445
0.00081,8.27e-05,1e-05,0.3,0.47744295,386.38104
0.00081,8.27e-05,1e-05,0.4,0.4872118,388.69553
0.00081,8.27e-05,1e-05,0.5,0.4890368,389.46014
0.00081,8.27e-05,1e-05,0.6,0.4893634,389.71353
0.00081,8.27e-05,1e-05,0.7,0.48960006,389.81085
0.00081,8.27e-05,1e-05,0.8,0.4898408,389.85452
0.00081,8.27e-05,1e-05,0.9,0.49005297,389.87692
0.00081,8.27e-05,1e-05,1.0,0.4902234,389.88986
0.00082,1e-04,0.0,0.0,0.4037707,300.06357
0.00082,1e-04,0.0,0.1,0.69338584,361.4404
0.00082,1e-04,0.0,0.2,0.4648033,380.54523
0.00082,1e-04,0.0,0.3,0.47744426,386.3813
0.00082,1e-04,0.0,0.4,0.48721212,388.69565
0.00082,1e-04,0.0,0.5,0.48903674,389.46014
0.00082,1e-04,0.0,0.6,0.48936337,389.71353
0.00082,1e-04,0.0,0.7,0.48960012,389.81085
0.00082,1e-04,0.0,0.8,0.4898408,389.85452
0.00082,1e-04,0.0,0.9,0.49005303,389.87692
0.00082,1e-04,0.0,1.0,0.49022347,389.88986
0.00082,6.69e-05,0.0,0.0,0.40381688,300.06308
0.00082,6.69e-05,0.0,0.1,0.6934273,361.4355
0.00082,6.69e-05,0.0,0.2,0.464804,380.544
0.00082,6.69e-05,0.0,0.3,0.4774419,386.38092
0.00082,6.69e-05,0.0,0.4,0.4872116,388.69543
0.00082,6.69e-05,0.0,0.5,0.48903668,389.46002
0.00082,6.69e-05,0.0,0.6,0.4893635,389.7135
0.00082,6.69e-05,0.0,0.7,0.48960012,389.81085
0.00082,6.69e-05,0.0,0.8,0.48984063,389.85452
0.00082,6.69e-05,0.0,0.9,0.4900529,389.87692
0.00082,6.69e-05,0.0,1.0,0.4902234,389.88986
0.00082,6.69e-05,1e-05,0.0,0.40381345,300.0631
0.00082,6.69e-05,1e-05,0.1,0.69342446,361.43585
0.00082,6.69e-05,1e-05,0.2,0.4648038,380.54413
0.00082,6.69e-05,1e-05,0.3,0.4774422,386.38092
0.00082,6.69e-05,1e-05,0.4,0.4872116,388.69543
0.00082,6.69e-05,1e-05,0.5,0.48903674,389.46005
0.00082,6.69e-05,1e-05,0.6,0.48936343,389.7135
0.00082,6.69e-05,1e-05,0.7,0.48960012,389.81085
0.00082,6.69e-05,1e-05,0.8,0.48984063,389.85452
0.00082,6.69e-05,1e-05,0.9,0.49005297,389.87692
0.00082,6.69e-05,1e-05,1.0,0.49022353,389.88986
0.00085,1.73e-05,0.0,0.0,0.4038613,300.0626
0.00085,1.73e-05,0.0,0.1,0.69346744,361.43088
0.00085,1.73e-05,0.0,0.2,0.46480507,380.54282
0.00085,1.73e-05,0.0,0.3,0.47743997,386.38037
0.00085,1.73e-05,0.0,0.4,0.4872111,388.69528
0.00085,1.73e-05,0.0,0.5,0.48903668,389.46
0.00085,1.73e-05,0.0,0.6,0.4893633,389.7135
0.00085,1.73e-05,0.0,0.7,0.48960012,389.81085
0.00085,1.73e-05,0.0,0.8,0.4898408,389.85452
0.00085,1.73e-05,0.0,0.9,0.4900528,389.87692
0.00085,1.73e-05,0.0,1.0,0.49022347,389.88986
0.00085,1.73e-05,5e-06,0.0,0.40386027,300.0626
0.00085,1.73e-05,5e-06,0.1,0.6934662,361.43106
0.00085,1.73e-05,5e-06,0.2,0.46480483,380.5429
0.00085,1.73e-05,5e-06,0.3,0.47744024,386.38037
0.00085,1.73e-05,5e-06,0.4,0.48721105,388.69528
0.00085,1.73e-05,5e-06,0.5,0.48903674,389.46
0.00085,1.73e-05,5e-06,0.6,0.4893633,389.7135
0.00085,1.73e-05,5e-06,0.7,0.48960012,389.81085
0.00085,1.73e-05,5e-06,0.8,0.4898408,389.85452
0.00085,1.73e-05,5e-06,0.9,0.4900528,389.87692
0.00085,1.73e-05,5e-06,1.0,0.49022347,389.88986
0.00086,0.0,0.0,0.0,0.40387714,300.06244
0.00086,0.0,0.0,0.1,0.69348174,361.42917
0.00086,0.0,0.0,0.2,0.4648052,380.5423
0.00086,0.0,0.0,0.3,0.47743922,386.38025
0.00086,0.0,0.0,0.4,0.48721063,388.69522
0.00086,0.0,0.0,0.5,0.48903638,389.45993
0.00086,0.0,0.0,0.6,0.48936334,389.71347
0.00086,0.0,0.0,0.7,0.48959994,389.81085
0.00086,0.0,0.0,0.8,0.4898408,389.85452
0.00086,0.0,0.0,0.9,0.4900528,389.87692
0.00086,0.0,0.0,1.0,0.4902234,389.88983
0.00086,0.0,1e-05,0.0,0.40387386,300.06247
0.00086,0.0,1e-05,0.1,0.6934788,361.42947
0.00086,0.0,1e-05,0.2,0.46480507,380.5424
0.00086,0.0,1e-05,0.3,0.4774394,386.38028
0.00086,0.0,1e-05,0.4,0.48721072,388.69525
0.00086,0.0,1e-05,0.5,0.4890365,389.45993
0.00086,0.0,1e-05,0.6,0.48936334,389.71347
0.00086,0.0,1e-05,0.7,0.4896,389.81085
0.00086,0.0,1e-05,0.8,0.4898408,389.85452
0.00086,0.0,1e-05,0.9,0.4900528,389.87692
0.00086,0.0,1e-05,1.0,0.4902234,389.88983
0.00085,1.73e-05,1e-05,0.0,0.40385875,300.06265
0.00085,1.73e-05,1e-05,0.1,0.69346446,361.4312
0.00085,1.73e-05,1e-05,0.2,0.46480453,380.54294
0.00085,1.73e-05,1e-05,0.3,0.4774403,386.38037
0.00085,1.73e-05,1e-05,0.4,0.4872111,388.69528
0.00085,1.73e-05,1e-05,0.5,0.48903674,389.46
0.00085,1.73e-05,1e-05,0.6,0.4893633,389.7135
0.00085,1.73e-05,1e-05,0.7,0.48960012,389.81085
0.00085,1.73e-05,1e-05,0.8,0.4898408,389.85452
0.00085,1.73e-05,1e-05,0.9,0.4900528,389.87692
0.00085,1.73e-05,1e-05,1.0,0.49022347,389.88986
0.00084,3.46e-05,0.0,0.0,0.40384573,300.06287
0.00084,3.46e-05,0.0,0.1,0.6934533,361.43256
0.00084,3.46e-05,0.0,0.2,0.46480453,380.54318
0.00084,3.46e-05,0.0,0.3,0.47744083,386.38046
0.00084,3.46e-05,0.0,0.4,0.4872111,388.69537
0.00084,3.46e-05,0.0,0.5,0.48903674,389.46
0.00084,3.46e-05,0.0,0.6,0.48936343,389.7135
0.00084,3.46e-05,0.0,0.7,0.48960006,389.81085
0.00084,3.46e-05,0.0,0.8,0.4898407,389.85452
0.00084,3.46e-05,0.0,0.9,0.49005285,389.87692
0.00084,3.46e-05,0.0,1.0,0.49022353,389.88986
0.00084,3.46e-05,1e-05,0.0,0.40384245,300.06284
0.00084,3.46e-05,1e-05,0.1,0.6934502,361.4329
0.00084,3.46e-05,1e-05,0.2,0.46480447,380.5433
0.00084,3.46e-05,1e-05,0.3,0.47744077,386.38055
0.00084,3.46e-05,1e-05,0.4,0.48721117,388.69537
0.00084,3.46e-05,1e-05,0.5,0.48903677,389.46002
0.00084,3.46e-05,1e-05,0.6,0.48936337,389.7135
0.00084,3.46e-05,1e-05,0.7,0.4896001,389.81085
0.00084,3.46e-05,1e-05,0.8,0.4898407,389.85452
0.00084,3.46e-05,1e-05,0.9,0.49005285,389.87692
0.00084,3.46e-05,1e-05,1.0,0.49022353,389.88986
0.00083,5.1e-05,0.0,0.0,0.4038315,300.06302
0.00083,5.1e-05,0.0,0.1,0.69343996,361.43402
0.00083,5.1e-05,0.0,0.2,0.46480423,380.54364
0.00083,5.1e-05,0.0,0.3,0.47744146,386.3808
0.00083,5.1e-05,0.0,0.4,0.48721144,388.69543
0.00083,5.1e-05,0.0,0.5,0.48903662,389.46002
0.00083,5.1e-05,0.0,0.6,0.48936355,389.7135
0.00083,5.1e-05,0.0,0.7,0.48960006,389.81085
0.00083,5.1e-05,0.0,0.8,0.4898407,389.85452
0.00083,5.1e-05,0.0,0.9,0.49005297,389.87692
0.00083,5.1e-05,0.0,1.0,0.49022353,389.88986
0.00083,5.1e-05,1e-05,0.0,0.4038276,300.06308
0.00083,5.1e-05,1e-05,0.1,0.693437,361.4344
0.00083,5.1e-05,1e-05,0.2,0.46480408,380.54373
0.00083,5.1e-05,1e-05,0.3,0.47744143,386.3808
0.00083,5.1e-05,1e-05,0.4,0.48721147,388.69543
0.00083,5.1e-05,1e-05,0.5,0.48903662,389.46002
0.00083,5.1e-05,1e-05,0.6,0.48936355,389.7135
0.00083,5.1e-05,1e-05,0.7,0.48960006,389.81085
0.00083,5.1e-05,1e-05,0.8,0.48984063,389.85452
0.00083,5.1e-05,1e-05,0.9,0.4900529,389.87692
0.00083,5.1e-05,1e-05,1.0,0.49022353,389.88986
0.00082,1e-04,1e-05,0.0,0.4037681,300.06363
0.00082,1e-04,1e-05,0.1,0.69338304,361.4408
0.00082,1e-04,1e-05,0.2,0.46480325,380.54532
0.00082,1e-04,1e-05,0.3,0.47744432,386.38132
0.00082,1e-04,1e-05,0.4,0.48721218,388.69565
0.00082,1e-04,1e-05,0.5,0.48903662,389.46014
0.00082,1e-04,1e-05,0.6,0.48936337,389.71353
0.00082,1e-04,1e-05,0.7,0.48960018,389.81085
0.00082,1e-04,1e-05,0.8,0.4898408,389.85452
0.00082,1e-04,1e-05,0.9,0.49005303,389.87692
0.00082,1e-04,1e-05,1.0,0.4902234,389.88986
0.00083,8.27e-05,0.0,0.0,0.4037873,300.06345
0.00083,8.27e-05,0.0,0.1,0.6934003,361.4387
0.00083,8.27e-05,0.0,0.2,0.46480343,380.54483
0.00083,8.27e-05,0.0,0.3,0.47744343,386.3812
0.00083,8.27e-05,0.0,0.4,0.48721176,388.6956
0.00083,8.27e-05,0.0,0.5,0.4890368,389.46014
0.00083,8.27e-05,0.0,0.6,0.48936337,389.71353
0.00083,8.27e-05,0.0,0.7,0.48960024,389.81085
0.00083,8.27e-05,0.0,0.8,0.4898408,389.85452
0.00083,8.27e-05,0.0,0.9,0.49005297,389.87692
0.00083,8.27e-05,0.0,1.0,0.4902234,389.88986
0.00083,8.27e-05,1e-05,0.0,0.40378416,300.0635
0.00083,8.27e-05,1e-05,0.1,0.6933974,361.43903
0.00083,8.27e-05,1e-05,0.2,0.4648034,380.5449
0.00083,8.27e-05,1e-05,0.3,0.47744358,386.3812
0.00083,8.27e-05,1e-05,0.4,0.48721188,388.6956
0.00083,8.27e-05,1e-05,0.5,0.4890367,389.46014
0.00083,8.27e-05,1e-05,0.6,0.48936343,389.71353
0.00083,8.27e-05,1e-05,0.7,0.48960024,389.81085
0.00083,8.27e-05,1e-05,0.8,0.4898408,389.85452
0.00083,8.27e-05,1e-05,0.9,0.49005297,389.87692
0.00083,8.27e-05,1e-05,1.0,0.4902234,389.88986
0.00084,1e-04,0.0,0.0,0.40375537,300.0637
0.00084,1e-04,0.0,0.1,0.69337136,361.44214
0.00084,1e-04,0.0,0.2,0.46480316,380.54578
0.00084,1e-04,0.0,0.3,0.47744507,386.38138
0.00084,1e-04,0.0,0.4,0.48721236,388.6957
0.00084,1e-04,0.0,0.5,0.48903653,389.46017
0.00084,1e-04,0.0,0.6,0.4893635,389.71356
0.00084,1e-04,0.0,0.7,0.4896003,389.81085
0.00084,1e-04,0.0,0.8,0.48984075,389.85452
0.00084,1e-04,0.0,0.9,0.49005303,389.87692
0.00084,1e-04,0.0,1.0,0.4902234,389.88986
0.00084,6.69e-05,0.0,0.0,0.40380096,300.06323
0.00084,6.69e-05,0.0,0.1,0.6934128,361.43726
0.00084,6.69e-05,0.0,0.2,0.46480387,380.5445
0.00084,6.69e-05,0.0,0.3,0.4774429,386.38104
0.00084,6.69e-05,0.0,0.4,0.4872118,388.69553
0.00084,6.69e-05,0.0,0.5,0.4890368,389.46014
0.00084,6.69e-05,0.0,0.6,0.4893634,389.71353
0.00084,6.69e-05,0.0,0.7,0.48960006,389.81085
0.00084,6.69e-05,0.0,0.8,0.4898408,389.85452
0.00084,6.69e-05,0.0,0.9,0.49005297,389.87692
0.00084,6.69e-05,0.0,1.0,0.4902234,389.88986
0.00084,6.69e-05,1e-05,0.0,0.40379736,300.06326
0.00084,6.69e-05,1e-05,0.1,0.69341004,361.4376
0.00084,6.69e-05,1e-05,0.2,0.4648037,380.54456
0.00084,6.69e-05,1e-05,0.3,0.47744286,386.38104
0.00084,6.69e-05,1e-05,0.4,0.48721182,388.69556
0.00084,6.69e-05,1e-05,0.5,0.4890368,389.46014
0.00084,6.69e-05,1e-05,0.6,0.48936334,389.71353
0.00084,6.69e-05,1e-05,0.7,0.48960006,389.81085
0.00084,6.69e-05,1e-05,0.8,0.4898408,389.85452
0.00084,6.69e-05,1e-05,0.9,0.49005297,389.87692
0.00084,6.69e-05,1e-05,1.0,0.4902234,389.88986
0.00087,1.73e-05,0.0,0.0,0.40384495,300.06284
0.00087,1.73e-05,0.0,0.1,0.693453,361.4326
0.00087,1.73e-05,0.0,0.2,0.46480447,380.54324
0.00087,1.73e-05,0.0,0.3,0.47744095,386.38052
0.00087,1.73e-05,0.0,0.4,0.4872111,388.69537
0.00087,1.73e-05,0.0,0.5,0.48903668,389.46
0.00087,1.73e-05,0.0,0.6,0.48936343,389.7135
0.00087,1.73e-05,0.0,0.7,0.48960006,389.81085
0.00087,1.73e-05,0.0,0.8,0.4898407,389.85452
0.00087,1.73e-05,0.0,0.9,0.49005285,389.87692
0.00087,1.73e-05,0.0,1.0,0.49022353,389.88986
0.00086,3.46e-05,0.0,0.0,0.4038299,300.06305
0.00086,3.46e-05,0.0,0.1,0.6934385,361.4342
0.00086,3.46e-05,0.0,0.2,0.46480417,380.54373
0.00086,3.46e-05,0.0,0.3,0.4774414,386.3808
0.00086,3.46e-05,0.0,0.4,0.4872114,388.69543
0.00086,3.46e-05,0.0,0.5,0.48903662,389.46002
0.00086,3.46e-05,0.0,0.6,0.48936355,389.7135
0.00086,3.46e-05,0.0,0.7,0.48960006,389.81085
0.00086,3.46e-05,0.0,0.8,0.48984063,389.85452
0.00086,3.46e-05,0.0,0.9,0.4900529,389.87692
0.00086,3.46e-05,0.0,1.0,0.49022353,389.88986
0.00088,0.0,0.0,0.0,0.40386137,300.0626
0.00088,0.0,0.0,0.1,0.69346714,361.4309
0.00088,0.0,0.0,0.2,0.46480513,380.54288
0.00088,0.0,0.0,0.3,0.47744006,386.38037
0.00088,0.0,0.0,0.4,0.48721105,388.69528
0.00088,0.0,0.0,0.5,0.48903668,389.46
0.00088,0.0,0.0,0.6,0.4893633,389.7135
0.00088,0.0,0.0,0.7,0.48960012,389.81085
0.00088,0.0,0.0,0.8,0.4898408,389.85452
0.00088,0.0,0.0,0.9,0.4900528,389.87692
0.00088,0.0,0.0,1.0,0.49022347,389.88986
0.00088,0.0,1e-05,0.0,0.40385887,300.06265
0.00088,0.0,1e-05,0.1,0.69346416,361.43134
0.00088,0.0,1e-05,0.2,0.4648049,380.54297
0.00088,0.0,1e-05,0.3,0.4774402,386.38037
0.00088,0.0,1e-05,0.4,0.487211,388.69528
0.00088,0.0,1e-05,0.5,0.48903674,389.46
0.00088,0.0,1e-05,0.6,0.48936343,389.7135
0.00088,0.0,1e-05,0.7,0.48960012,389.81085
0.00088,0.0,1e-05,0.8,0.4898408,389.85452
0.00088,0.0,1e-05,0.9,0.4900528,389.87692
0.00088,0.0,1e-05,1.0,0.49022347,389.88986
0.00087,1.73e-05,1e-05,0.0,0.40384257,300.06284
0.00087,1.73e-05,1e-05,0.1,0.6934499,361.43292
0.00087,1.73e-05,1e-05,0.2,0.46480465,380.54333
0.00087,1.73e-05,1e-05,0.3,0.47744069,386.38058
0.00087,1.73e-05,1e-05,0.4,0.48721132,388.69537
0.00087,1.73e-05,1e-05,0.5,0.4890366,389.46002
0.00087,1.73e-05,1e-05,0.6,0.48936343,389.7135
0.00087,1.73e-05,1e-05,0.7,0.4896001,389.81085
0.00087,1.73e-05,1e-05,0.8,0.4898407,389.85452
0.00087,1.73e-05,1e-05,0.9,0.49005285,389.87692
0.00087,1.73e-05,1e-05,1.0,0.49022353,389.88986
0.00086,3.46e-05,1e-05,0.0,0.4038265,300.06305
0.00086,3.46e-05,1e-05,0.1,0.6934358,361.43457
0.00086,3.46e-05,1e-05,0.2,0.46480435,380.54382
0.00086,3.46e-05,1e-05,0.3,0.47744185,386.38086
0.00086,3.46e-05,1e-05,0.4,0.48721135,388.69543
0.00086,3.46e-05,1e-05,0.5,0.48903662,389.46002
0.00086,3.46e-05,1e-05,0.6,0.4893635,389.7135
0.00086,3.46e-05,1e-05,0.7,0.48960006,389.81085
0.00086,3.46e-05,1e-05,0.8,0.48984063,389.85452
0.00086,3.46e-05,1e-05,0.9,0.4900529,389.87692
0.00086,3.46e-05,1e-05,1.0,0.49022353,389.88986
0.00085,5.1e-05,0.0,0.0,0.4038151,300.0631
0.00085,5.1e-05,0.0,0.1,0.6934253,361.43582
0.00085,5.1e-05,0.0,0.2,0.4648041,380.54416
0.00085,5.1e-05,0.0,0.3,0.4774422,386.38092
0.00085,5.1e-05,0.0,0.4,0.4872116,388.69543
0.00085,5.1e-05,0.0,0.5,0.48903674,389.46005
0.00085,5.1e-05,0.0,0.6,0.4893635,389.7135
0.00085,5.1e-05,0.0,0.7,0.48960012,389.81085
0.00085,5.1e-05,0.0,0.8,0.48984063,389.85452
0.00085,5.1e-05,0.0,0.9,0.49005297,389.87692
0.00085,5.1e-05,0.0,1.0,0.4902234,389.88986
0.00085,5.1e-05,1e-05,0.0,0.40381208,300.06314
0.00085,5.1e-05,1e-05,0.1,0.6934226,361.43616
0.00085,5.1e-05,1e-05,0.2,0.46480408,380.54425
0.00085,5.1e-05,1e-05,0.3,0.47744238,386.38095
0.00085,5.1e-05,1e-05,0.4,0.48721159,388.69547
0.00085,5.1e-05,1e-05,0.5,0.48903674,389.46005
0.00085,5.1e-05,1e-05,0.6,0.48936346,389.7135
0.00085,5.1e-05,1e-05,0.7,0.48960012,389.81085
0.00085,5.1e-05,1e-05,0.8,0.48984063,389.85452
0.00085,5.1e-05,1e-05,0.9,0.49005297,389.87692
0.00085,5.1e-05,1e-05,1.0,0.4902234,389.88986
0.00084,1e-04,1e-05,0.0,0.4037522,300.0637
0.00084,1e-04,1e-05,0.1,0.6933685,361.44244
0.00084,1e-04,1e-05,0.2,0.46480298,380.54584
0.00084,1e-04,1e-05,0.3,0.4774453,386.3814
0.00084,1e-04,1e-05,0.4,0.4872124,388.69574
0.00084,1e-04,1e-05,0.5,0.48903653,389.46017
0.00084,1e-04,1e-05,0.6,0.48936343,389.71356
0.00084,1e-04,1e-05,0.7,0.4896003,389.81085
0.00084,1e-04,1e-05,0.8,0.4898408,389.85452
0.00084,1e-04,1e-05,0.9,0.49005303,389.87692
0.00084,1e-04,1e-05,1.0,0.49022335,389.88986
0.00085,8.27e-05,0.0,0.0,0.40377063,300.06357
0.00085,8.27e-05,0.0,0.1,0.6933855,361.4405
0.00085,8.27e-05,0.0,0.2,0.46480337,380.5453
0.00085,8.27e-05,0.0,0.3,0.47744435,386.38132
0.00085,8.27e-05,0.0,0.4,0.48721218,388.69565
0.00085,8.27e-05,0.0,0.5,0.48903674,389.46014
0.00085,8.27e-05,0.0,0.6,0.48936337,389.71353
0.00085,8.27e-05,0.0,0.7,0.48960012,389.81085
0.00085,8.27e-05,0.0,0.8,0.4898408,389.85452
0.00085,8.27e-05,0.0,0.9,0.49005303,389.87692
0.00085,8.27e-05,0.0,1.0,0.49022347,389.88986
0.00086,1e-04,0.0,0.0,0.40373844,300.06387
0.00086,1e-04,0.0,0.1,0.6933565,361.4439
0.00086,1e-04,0.0,0.2,0.46480286,380.5461
0.00086,1e-04,0.0,0.3,0.477446,386.38156
0.00086,1e-04,0.0,0.4,0.48721236,388.69583
0.00086,1e-04,0.0,0.5,0.4890369,389.4602
0.00086,1e-04,0.0,0.6,0.4893635,389.71356
0.00086,1e-04,0.0,0.7,0.4896003,389.81085
0.00086,1e-04,0.0,0.8,0.48984063,389.85452
0.00086,1e-04,0.0,0.9,0.49005303,389.87692
0.00086,1e-04,0.0,1.0,0.4902234,389.88986
0.00085,8.27e-05,1e-05,0.0,0.4037675,300.0636
0.00085,8.27e-05,1e-05,0.1,0.69338274,361.44086
0.00085,8.27e-05,1e-05,0.2,0.4648034,380.54538
0.00085,8.27e-05,1e-05,0.3,0.4774444,386.38132
0.00085,8.27e-05,1e-05,0.4,0.48721212,388.69565
0.00085,8.27e-05,1e-05,0.5,0.48903662,389.46014
0.00085,8.27e-05,1e-05,0.6,0.48936337,389.71353
0.00085,8.27e-05,1e-05,0.7,0.48960018,389.81085
0.00085,8.27e-05,1e-05,0.8,0.4898408,389.85452
0.00085,8.27e-05,1e-05,0.9,0.49005303,389.87692
0.00085,8.27e-05,1e-05,1.0,0.4902234,389.88986
0.00089,1.73e-05,0.0,0.0,0.40382987,300.06302
0.00089,1.73e-05,0.0,0.1,0.6934381,361.4343
0.00089,1.73e-05,0.0,0.2,0.4648046,380.54373
0.00089,1.73e-05,0.0,0.3,0.47744155,386.3808
0.00089,1.73e-05,0.0,0.4,0.48721147,388.69543
0.00089,1.73e-05,0.0,0.5,0.48903662,389.46002
0.00089,1.73e-05,0.0,0.6,0.48936355,389.7135
0.00089,1.73e-05,0.0,0.7,0.48960006,389.81085
0.00089,1.73e-05,0.0,0.8,0.48984063,389.85452
0.00089,1.73e-05,0.0,0.9,0.4900529,389.87692
0.00089,1.73e-05,0.0,1.0,0.49022353,389.88986
0.0009,0.0,0.0,0.0,0.40384543,300.06287
0.0009,0.0,0.0,0.1,0.69345236,361.43268
0.0009,0.0,0.0,0.2,0.4648048,380.5433
0.0009,0.0,0.0,0.3,0.47744083,386.38055
0.0009,0.0,0.0,0.4,0.4872111,388.69537
0.0009,0.0,0.0,0.5,0.48903668,389.46002
0.0009,0.0,0.0,0.6,0.48936343,389.7135
0.0009,0.0,0.0,0.7,0.48960006,389.81085
0.0009,0.0,0.0,0.8,0.4898407,389.85452
0.0009,0.0,0.0,0.9,0.49005285,389.87692
0.0009,0.0,0.0,1.0,0.49022353,389.88986
0.0009,0.0,1e-05,0.0,0.40384233,300.06284
0.0009,0.0,1e-05,0.1,0.69344956,361.43298
0.0009,0.0,1e-05,0.2,0.46480477,380.54337
0.0009,0.0,1e-05,0.3,0.47744083,386.38065
0.0009,0.0,1e-05,0.4,0.4872113,388.6954
0.0009,0.0,1e-05,0.5,0.4890366,389.46002
0.0009,0.0,1e-05,0.6,0.4893635,389.7135
0.0009,0.0,1e-05,0.7,0.4896001,389.81085
0.0009,0.0,1e-05,0.8,0.4898407,389.85452
0.0009,0.0,1e-05,0.9,0.49005285,389.87692
0.0009,0.0,1e-05,1.0,0.49022353,389.88986
0.00086,6.69e-05,0.0,0.0,0.4037853,300.0635
0.00086,6.69e-05,0.0,0.1,0.6933981,361.439
0.00086,6.69e-05,0.0,0.2,0.46480376,380.5449
0.00086,6.69e-05,0.0,0.3,0.47744358,386.3812
0.00086,6.69e-05,0.0,0.4,0.48721188,388.6956
0.00086,6.69e-05,0.0,0.5,0.4890367,389.46014
0.00086,6.69e-05,0.0,0.6,0.48936343,389.71353
0.00086,6.69e-05,0.0,0.7,0.48960024,389.81085
0.00086,6.69e-05,0.0,0.8,0.4898408,389.85452
0.00086,6.69e-05,0.0,0.9,0.49005297,389.87692
0.00086,6.69e-05,0.0,1.0,0.4902234,389.88986
0.00086,6.69e-05,1e-05,0.0,0.403782,300.06348
0.00086,6.69e-05,1e-05,0.1,0.69339526,361.43936
0.00086,6.69e-05,1e-05,0.2,0.46480346,380.54498
0.00086,6.69e-05,1e-05,0.3,0.47744375,386.38123
0.00086,6.69e-05,1e-05,0.4,0.48721194,388.6956
0.00086,6.69e-05,1e-05,0.5,0.48903683,389.46014
0.00086,6.69e-05,1e-05,0.6,0.48936343,389.71353
0.00086,6.69e-05,1e-05,0.7,0.48960024,389.81085
0.00086,6.69e-05,1e-05,0.8,0.4898408,389.85452
0.00086,6.69e-05,1e-05,0.9,0.49005297,389.87692
0.00086,6.69e-05,1e-05,1.0,0.49022347,389.88986
0.00088,3.46e-05,0.0,0.0,0.40381327,300.0631
0.00088,3.46e-05,0.0,0.1,0.6934238,361.43607
0.00088,3.46e-05,0.0,0.2,0.4648043,380.54422
0.00088,3.46e-05,0.0,0.3,0.47744232,386.38095
0.00088,3.46e-05,0.0,0.4,0.48721159,388.69543
0.00088,3.46e-05,0.0,0.5,0.4890368,389.46005
0.00088,3.46e-05,0.0,0.6,0.48936346,389.7135
0.00088,3.46e-05,0.0,0.7,0.48960012,389.81085
0.00088,3.46e-05,0.0,0.8,0.48984063,389.85452
0.00088,3.46e-05,0.0,0.9,0.49005297,389.87692
0.00088,3.46e-05,0.0,1.0,0.4902234,389.88986
0.00089,1.73e-05,1e-05,0.0,0.40382588,300.06305
0.00089,1.73e-05,1e-05,0.1,0.69343543,361.43466
0.00089,1.73e-05,1e-05,0.2,0.46480447,380.54385
0.00089,1.73e-05,1e-05,0.3,0.47744185,386.3809
0.00089,1.73e-05,1e-05,0.4,0.4872114,388.69543
0.00089,1.73e-05,1e-05,0.5,0.48903662,389.46002
0.00089,1.73e-05,1e-05,0.6,0.4893635,389.7135
0.00089,1.73e-05,1e-05,0.7,0.48960006,389.81085
0.00089,1.73e-05,1e-05,0.8,0.48984063,389.85452
0.00089,1.73e-05,1e-05,0.9,0.4900529,389.87692
0.00089,1.73e-05,1e-05,1.0,0.49022353,389.88986
0.00087,5.1e-05,0.0,0.0,0.40379885,300.06326
0.00087,5.1e-05,0.0,0.1,0.69341063,361.4375
0.00087,5.1e-05,0.0,0.2,0.46480376,380.54456
0.00087,5.1e-05,0.0,0.3,0.47744304,386.38104
0.00087,5.1e-05,0.0,0.4,0.48721182,388.69556
0.00087,5.1e-05,0.0,0.5,0.4890368,389.46014
0.00087,5.1e-05,0.0,0.6,0.48936334,389.71353
0.00087,5.1e-05,0.0,0.7,0.48960006,389.81085
0.00087,5.1e-05,0.0,0.8,0.4898408,389.85452
0.00087,5.1e-05,0.0,0.9,0.49005297,389.87692
0.00087,5.1e-05,0.0,1.0,0.4902234,389.88986
0.00088,3.46e-05,1e-05,0.0,0.40381032,300.06317
0.00088,3.46e-05,1e-05,0.1,0.693421,361.43637
0.00088,3.46e-05,1e-05,0.2,0.4648041,380.54428
0.00088,3.46e-05,1e-05,0.3,0.4774424,386.381
0.00088,3.46e-05,1e-05,0.4,0.48721164,388.69547
0.00088,3.46e-05,1e-05,0.5,0.4890368,389.46005
0.00088,3.46e-05,1e-05,0.6,0.48936334,389.7135
0.00088,3.46e-05,1e-05,0.7,0.48960012,389.81085
0.00088,3.46e-05,1e-05,0.8,0.48984063,389.85452
0.00088,3.46e-05,1e-05,0.9,0.49005297,389.87692
0.00088,3.46e-05,1e-05,1.0,0.49022353,389.88986
0.00087,5.1e-05,1e-05,0.0,0.40379578,300.0633
0.00087,5.1e-05,1e-05,0.1,0.6934076,361.43787
0.00087,5.1e-05,1e-05,0.2,0.46480405,380.54468
0.00087,5.1e-05,1e-05,0.3,0.47744334,386.38104
0.00087,5.1e-05,1e-05,0.4,0.48721185,388.69556
0.00087,5.1e-05,1e-05,0.5,0.4890368,389.46014
0.00087,5.1e-05,1e-05,0.6,0.4893634,389.71353
0.00087,5.1e-05,1e-05,0.7,0.48960012,389.81085
0.00087,5.1e-05,1e-05,0.8,0.4898408,389.85452
0.00087,5.1e-05,1e-05,0.9,0.49005297,389.87692
0.00087,5.1e-05,1e-05,1.0,0.4902234,389.88986
0.00086,1e-04,1e-05,0.0,0.40373614,300.0639
0.00086,1e-04,1e-05,0.1,0.6933538,361.44427
0.00086,1e-04,1e-05,0.2,0.46480298,380.54614
0.00086,1e-04,1e-05,0.3,0.47744602,386.3816
0.00086,1e-04,1e-05,0.4,0.48721242,388.69583
0.00086,1e-04,1e-05,0.5,0.48903683,389.4602
0.00086,1e-04,1e-05,0.6,0.4893635,389.71356
0.00086,1e-04,1e-05,0.7,0.4896003,389.81085
0.00086,1e-04,1e-05,0.8,0.48984063,389.85452
0.00086,1e-04,1e-05,0.9,0.49005303,389.87692
0.00086,1e-04,1e-05,1.0,0.4902234,389.88986
0.00087,8.27e-05,0.0,0.0,0.40375564,300.0637
0.00087,8.27e-05,0.0,0.1,0.6933708,361.44226
0.00087,8.27e-05,0.0,0.2,0.4648032,380.5458
0.00087,8.27e-05,0.0,0.3,0.47744524,386.3814
0.00087,8.27e-05,0.0,0.4,0.48721236,388.6957
0.00087,8.27e-05,0.0,0.5,0.4890365,389.46017
0.00087,8.27e-05,0.0,0.6,0.4893635,389.71356
0.00087,8.27e-05,0.0,0.7,0.48960042,389.81085
0.00087,8.27e-05,0.0,0.8,0.48984075,389.85452
0.00087,8.27e-05,0.0,0.9,0.49005303,389.87692
0.00087,8.27e-05,0.0,1.0,0.4902234,389.88986
0.00087,8.31e-05,5e-06,0.0,0.40375304,300.06366
0.00087,8.31e-05,5e-06,0.1,0.6933689,361.4424
0.00087,8.31e-05,5e-06,0.2,0.46480316,380.54584
0.00087,8.31e-05,5e-06,0.3,0.47744536,386.3814
0.00087,8.31e-05,5e-06,0.4,0.48721227,388.69574
0.00087,8.31e-05,5e-06,0.5,0.48903653,389.46017
0.00087,8.31e-05,5e-06,0.6,0.48936343,389.71356
0.00087,8.31e-05,5e-06,0.7,0.48960042,389.81085
0.00087,8.31e-05,5e-06,0.8,0.4898408,389.85452
0.00087,8.31e-05,5e-06,0.9,0.49005303,389.87692
0.00087,8.31e-05,5e-06,1.0,0.49022335,389.88986
0.00088,1e-04,0.0,0.0,0.40372255,300.06403
0.00088,1e-04,0.0,0.1,0.69334173,361.44562
0.00088,1e-04,0.0,0.2,0.46480286,380.54657
0.00088,1e-04,0.0,0.3,0.47744668,386.38168
0.00088,1e-04,0.0,0.4,0.48721266,388.6959
0.00088,1e-04,0.0,0.5,0.48903677,389.46024
0.00088,1e-04,0.0,0.6,0.48936355,389.71356
0.00088,1e-04,0.0,0.7,0.4896003,389.81085
0.00088,1e-04,0.0,0.8,0.4898407,389.85452
0.00088,1e-04,0.0,0.9,0.49005303,389.87692
0.00088,1e-04,0.0,1.0,0.4902234,389.88986
0.00087,8.27e-05,1e-05,0.0,0.40375197,300.06366
0.00087,8.27e-05,1e-05,0.1,0.69336784,361.4425
0.00087,8.27e-05,1e-05,0.2,0.46480325,380.54587
0.00087,8.27e-05,1e-05,0.3,0.4774454,386.3814
0.00087,8.27e-05,1e-05,0.4,0.4872124,388.69574
0.00087,8.27e-05,1e-05,0.5,0.48903653,389.46017
0.00087,8.27e-05,1e-05,0.6,0.48936343,389.71356
0.00087,8.27e-05,1e-05,0.7,0.48960042,389.81085
0.00087,8.27e-05,1e-05,0.8,0.4898408,389.85452
0.00087,8.27e-05,1e-05,0.9,0.49005303,389.87692
0.00087,8.27e-05,1e-05,1.0,0.4902234,389.88986
0.0009,3.46e-05,0.0,0.0,0.40379754,300.0633
0.0009,3.46e-05,0.0,0.1,0.6934093,361.43768
0.0009,3.46e-05,0.0,0.2,0.464804,380.54465
0.0009,3.46e-05,0.0,0.3,0.47744322,386.38104
0.0009,3.46e-05,0.0,0.4,0.48721176,388.69556
0.0009,3.46e-05,0.0,0.5,0.4890368,389.46014
0.0009,3.46e-05,0.0,0.6,0.4893634,389.71353
0.0009,3.46e-05,0.0,0.7,0.48960012,389.81085
0.0009,3.46e-05,0.0,0.8,0.4898408,389.85452
0.0009,3.46e-05,0.0,0.9,0.49005297,389.87692
0.0009,3.46e-05,0.0,1.0,0.4902234,389.88986
0.00092,0.0,0.0,0.0,0.40383005,300.06302
0.00092,0.0,0.0,0.1,0.6934378,361.43436
0.00092,0.0,0.0,0.2,0.4648048,380.5438
0.00092,0.0,0.0,0.3,0.47744143,386.38083
0.00092,0.0,0.0,0.4,0.4872114,388.69543
0.00092,0.0,0.0,0.5,0.48903662,389.46002
0.00092,0.0,0.0,0.6,0.48936355,389.7135
0.00092,0.0,0.0,0.7,0.48960006,389.81085
0.00092,0.0,0.0,0.8,0.48984063,389.85452
0.00092,0.0,0.0,0.9,0.4900529,389.87692
0.00092,0.0,0.0,1.0,0.49022353,389.88986
0.00092,0.0,1e-05,0.0,0.4038259,300.06305
0.00092,0.0,1e-05,0.1,0.69343495,361.43472
0.00092,0.0,1e-05,0.2,0.46480465,380.54388
0.00092,0.0,1e-05,0.3,0.47744197,386.3809
0.00092,0.0,1e-05,0.4,0.48721147,388.69543
0.00092,0.0,1e-05,0.5,0.48903662,389.46002
0.00092,0.0,1e-05,0.6,0.4893635,389.7135
0.00092,0.0,1e-05,0.7,0.48960006,389.81085
0.00092,0.0,1e-05,0.8,0.48984063,389.85452
0.00092,0.0,1e-05,0.9,0.4900529,389.87692
0.00092,0.0,1e-05,1.0,0.49022353,389.88986
0.00091,1.73e-05,1e-05,0.0,0.40380973,300.06317
0.00091,1.73e-05,1e-05,0.1,0.69342065,361.4364
0.00091,1.73e-05,1e-05,0.2,0.46480435,380.5443
0.00091,1.73e-05,1e-05,0.3,0.47744262,386.381
0.00091,1.73e-05,1e-05,0.4,0.48721182,388.6955
0.00091,1.73e-05,1e-05,0.5,0.48903674,389.46005
0.00091,1.73e-05,1e-05,0.6,0.48936334,389.7135
0.00091,1.73e-05,1e-05,0.7,0.48960012,389.81085
0.00091,1.73e-05,1e-05,0.8,0.48984063,389.85452
0.00091,1.73e-05,1e-05,0.9,0.49005297,389.87692
0.00091,1.73e-05,1e-05,1.0,0.4902234,389.88986
0.00091,1.73e-05,0.0,0.0,0.4038133,300.06308
0.00091,1.73e-05,0.0,0.1,0.6934235,361.43613
0.00091,1.73e-05,0.0,0.2,0.46480435,380.54425
0.00091,1.73e-05,0.0,0.3,0.47744244,386.38095
0.00091,1.73e-05,0.0,0.4,0.48721159,388.69543
0.00091,1.73e-05,0.0,0.5,0.48903674,389.46005
0.00091,1.73e-05,0.0,0.6,0.48936346,389.7135
0.00091,1.73e-05,0.0,0.7,0.48960012,389.81085
0.00091,1.73e-05,0.0,0.8,0.48984063,389.85452
0.00091,1.73e-05,0.0,0.9,0.49005297,389.87692
0.00091,1.73e-05,0.0,1.0,0.4902234,389.88986
0.00088,6.69e-05,0.0,0.0,0.40376896,300.06357
0.00088,6.69e-05,0.0,0.1,0.6933834,361.4408
0.00088,6.69e-05,0.0,0.2,0.4648036,380.5454
0.00088,6.69e-05,0.0,0.3,0.4774445,386.38132
0.00088,6.69e-05,0.0,0.4,0.48721212,388.69565
0.00088,6.69e-05,0.0,0.5,0.48903662,389.46014
0.00088,6.69e-05,0.0,0.6,0.48936337,389.71353
0.00088,6.69e-05,0.0,0.7,0.48960018,389.81085
0.00088,6.69e-05,0.0,0.8,0.4898408,389.85452
0.00088,6.69e-05,0.0,0.9,0.49005303,389.87692
0.00088,6.69e-05,0.0,1.0,0.4902234,389.88986
0.00088,6.69e-05,1e-05,0.0,0.40376574,300.06366
0.00088,6.69e-05,1e-05,0.1,0.6933806,361.44107
0.00088,6.69e-05,1e-05,0.2,0.46480355,380.54547
0.00088,6.69e-05,1e-05,0.3,0.4774446,386.38135
0.00088,6.69e-05,1e-05,0.4,0.4872123,388.69568
0.00088,6.69e-05,1e-05,0.5,0.48903668,389.46014
0.00088,6.69e-05,1e-05,0.6,0.48936343,389.71353
0.00088,6.69e-05,1e-05,0.7,0.48960024,389.81085
0.00088,6.69e-05,1e-05,0.8,0.48984075,389.85452
0.00088,6.69e-05,1e-05,0.9,0.49005303,389.87692
0.00088,6.69e-05,1e-05,1.0,0.4902234,389.88986
0.00089,5.1e-05,0.0,0.0,0.40378326,300.06348
0.00089,5.1e-05,0.0,0.1,0.693396,361.4393
0.00089,5.1e-05,0.0,0.2,0.4648037,380.54498
0.00089,5.1e-05,0.0,0.3,0.47744375,386.38123
0.00089,5.1e-05,0.0,0.4,0.487212,388.6956
0.00089,5.1e-05,0.0,0.5,0.4890367,389.46014
0.00089,5.1e-05,0.0,0.6,0.48936343,389.71353
0.00089,5.1e-05,0.0,0.7,0.48960024,389.81085
0.00089,5.1e-05,0.0,0.8,0.4898408,389.85452
0.00089,5.1e-05,0.0,0.9,0.49005297,389.87692
0.00089,5.1e-05,0.0,1.0,0.49022347,389.88986
0.0009,3.46e-05,1e-05,0.0,0.4037943,300.0633
0.0009,3.46e-05,1e-05,0.1,0.69340634,361.43802
0.0009,3.46e-05,1e-05,0.2,0.4648041,380.54468
0.0009,3.46e-05,1e-05,0.3,0.4774435,386.38104
0.0009,3.46e-05,1e-05,0.4,0.48721185,388.6956
0.0009,3.46e-05,1e-05,0.5,0.48903683,389.46014
0.0009,3.46e-05,1e-05,0.6,0.48936343,389.71353
0.0009,3.46e-05,1e-05,0.7,0.48960018,389.81085
0.0009,3.46e-05,1e-05,0.8,0.4898408,389.85452
0.0009,3.46e-05,1e-05,0.9,0.49005297,389.87692
0.0009,3.46e-05,1e-05,1.0,0.4902234,389.88986
0.00089,5.1e-05,1e-05,0.0,0.4037805,300.06354
0.00089,5.1e-05,1e-05,0.1,0.69339323,361.4396
0.00089,5.1e-05,1e-05,0.2,0.46480358,380.54504
0.00089,5.1e-05,1e-05,0.3,0.477444,386.38126
0.00089,5.1e-05,1e-05,0.4,0.487212,388.69562
0.00089,5.1e-05,1e-05,0.5,0.48903683,389.46014
0.00089,5.1e-05,1e-05,0.6,0.48936337,389.71353
0.00089,5.1e-05,1e-05,0.7,0.48960024,389.81085
0.00089,5.1e-05,1e-05,0.8,0.48984075,389.85452
0.00089,5.1e-05,1e-05,0.9,0.49005297,389.87692
0.00089,5.1e-05,1e-05,1.0,0.49022347,389.88986
0.00088,1e-04,1e-05,0.0,0.40371996,300.06406
0.00088,1e-04,1e-05,0.1,0.693339,361.44592
0.00088,1e-04,1e-05,0.2,0.46480283,380.54663
0.00088,1e-04,1e-05,0.3,0.4774467,386.38174
0.00088,1e-04,1e-05,0.4,0.48721272,388.6959
0.00088,1e-04,1e-05,0.5,0.48903677,389.46024
0.00088,1e-04,1e-05,0.6,0.4893635,389.71356
0.00088,1e-04,1e-05,0.7,0.4896003,389.81085
0.00088,1e-04,1e-05,0.8,0.4898407,389.85452
0.00088,1e-04,1e-05,0.9,0.49005303,389.87692
0.00088,1e-04,1e-05,1.0,0.4902234,389.88986
0.000956,7.74e-06,5e-06,0.0,0.40378836,300.06345
0.000956,7.74e-06,5e-06,0.1,0.6934003,361.43878
0.000956,7.74e-06,5e-06,0.2,0.46480423,380.5449
0.000956,7.74e-06,5e-06,0.3,0.4774437,386.3812
0.000956,7.74e-06,5e-06,0.4,0.48721176,388.6956
0.000956,7.74e-06,5e-06,0.5,0.48903677,389.46014
0.000956,7.74e-06,5e-06,0.6,0.48936337,389.71353
0.000956,7.74e-06,5e-06,0.7,0.48960024,389.81085
0.000956,7.74e-06,5e-06,0.8,0.4898408,389.85452
0.000956,7.74e-06,5e-06,0.9,0.49005297,389.87692
0.000956,7.74e-06,5e-06,1.0,0.4902234,389.88986
0.00096,0.0,0.0,0.0,0.40379748,300.0633
0.00096,0.0,0.0,0.1,0.6934086,361.43784
0.00096,0.0,0.0,0.2,0.4648044,380.54468
0.00096,0.0,0.0,0.3,0.47744322,386.38104
0.00096,0.0,0.0,0.4,0.4872119,388.69556
0.00096,0.0,0.0,0.5,0.4890367,389.46014
0.00096,0.0,0.0,0.6,0.4893634,389.71353
0.00096,0.0,0.0,0.7,0.48960012,389.81085
0.00096,0.0,0.0,0.8,0.4898408,389.85452
0.00096,0.0,0.0,0.9,0.49005297,389.87692
0.00096,0.0,0.0,1.0,0.4902234,389.88986
0.00096,0.0,1e-05,0.0,0.40379393,300.06332
0.00096,0.0,1e-05,0.1,0.6934056,361.43814
0.00096,0.0,1e-05,0.2,0.46480435,380.54477
0.00096,0.0,1e-05,0.3,0.47744352,386.3811
0.00096,0.0,1e-05,0.4,0.4872119,388.6956
0.00096,0.0,1e-05,0.5,0.4890368,389.46014
0.00096,0.0,1e-05,0.6,0.48936343,389.71353
0.00096,0.0,1e-05,0.7,0.48960018,389.81085
0.00096,0.0,1e-05,0.8,0.4898408,389.85452
0.00096,0.0,1e-05,0.9,0.49005297,389.87692
0.00096,0.0,1e-05,1.0,0.4902234,389.88986
0.00094,0.0,0.0,0.0,0.4038133,300.0631
0.00094,0.0,0.0,0.1,0.69342303,361.4362
0.00094,0.0,0.0,0.2,0.46480456,380.54428
0.00094,0.0,0.0,0.3,0.4774425,386.38098
0.00094,0.0,0.0,0.4,0.4872117,388.69547
0.00094,0.0,0.0,0.5,0.48903674,389.46005
0.00094,0.0,0.0,0.6,0.48936346,389.7135
0.00094,0.0,0.0,0.7,0.48960012,389.81085
0.00094,0.0,0.0,0.8,0.48984063,389.85452
0.00094,0.0,0.0,0.9,0.49005297,389.87692
0.00094,0.0,0.0,1.0,0.4902234,389.88986
0.00094,0.0,1e-05,0.0,0.4038098,300.06317
0.00094,0.0,1e-05,0.1,0.6934203,361.4365
0.00094,0.0,1e-05,0.2,0.4648046,380.54437
0.00094,0.0,1e-05,0.3,0.47744256,386.381
0.00094,0.0,1e-05,0.4,0.4872119,388.6955
0.00094,0.0,1e-05,0.5,0.48903674,389.46005
0.00094,0.0,1e-05,0.6,0.48936334,389.7135
0.00094,0.0,1e-05,0.7,0.48960012,389.81085
0.00094,0.0,1e-05,0.8,0.48984063,389.85452
0.00094,0.0,1e-05,0.9,0.49005297,389.87692
0.00094,0.0,1e-05,1.0,0.4902234,389.88986
0.00093,1.73e-05,5e-06,0.0,0.40379554,300.06332
0.00093,1.73e-05,5e-06,0.1,0.6934073,361.43793
0.00093,1.73e-05,5e-06,0.2,0.46480438,380.54468
0.00093,1.73e-05,5e-06,0.3,0.4774435,386.38104
0.00093,1.73e-05,5e-06,0.4,0.4872118,388.69556
0.00093,1.73e-05,5e-06,0.5,0.4890367,389.46014
0.00093,1.73e-05,5e-06,0.6,0.4893634,389.71353
0.00093,1.73e-05,5e-06,0.7,0.48960012,389.81085
0.00093,1.73e-05,5e-06,0.8,0.4898408,389.85452
0.00093,1.73e-05,5e-06,0.9,0.49005297,389.87692
0.00093,1.73e-05,5e-06,1.0,0.4902234,389.88986
0.00093,1.73e-05,0.0,0.0,0.4037974,300.0633
0.00093,1.73e-05,0.0,0.1,0.6934089,361.43777
0.00093,1.73e-05,0.0,0.2,0.46480438,380.54468
0.00093,1.73e-05,0.0,0.3,0.47744322,386.38104
0.00093,1.73e-05,0.0,0.4,0.48721185,388.69556
0.00093,1.73e-05,0.0,0.5,0.48903686,389.46014
0.00093,1.73e-05,0.0,0.6,0.4893634,389.71353
0.00093,1.73e-05,0.0,0.7,0.48960012,389.81085
0.00093,1.73e-05,0.0,0.8,0.4898408,389.85452
0.00093,1.73e-05,0.0,0.9,0.49005297,389.87692
0.00093,1.73e-05,0.0,1.0,0.4902234,389.88986
0.00095,1.73e-05,1e-05,0.0,0.40377808,300.06354
0.00095,1.73e-05,1e-05,0.1,0.6933913,361.4399
0.00095,1.73e-05,1e-05,0.2,0.46480417,380.54514
0.00095,1.73e-05,1e-05,0.3,0.4774441,386.3813
0.00095,1.73e-05,1e-05,0.4,0.48721194,388.69562
0.00095,1.73e-05,1e-05,0.5,0.4890367,389.46014
0.00095,1.73e-05,1e-05,0.6,0.48936337,389.71353
0.00095,1.73e-05,1e-05,0.7,0.48960018,389.81085
0.00095,1.73e-05,1e-05,0.8,0.4898408,389.85452
0.00095,1.73e-05,1e-05,0.9,0.49005297,389.87692
0.00095,1.73e-05,1e-05,1.0,0.49022347,389.88986
0.00095,1.73e-05,0.0,0.0,0.40378144,300.0635
0.00095,1.73e-05,0.0,0.1,0.6933942,361.43954
0.00095,1.73e-05,0.0,0.2,0.46480414,380.54504
0.00095,1.73e-05,0.0,0.3,0.477444,386.38126
0.00095,1.73e-05,0.0,0.4,0.487212,388.69562
0.00095,1.73e-05,0.0,0.5,0.48903683,389.46014
0.00095,1.73e-05,0.0,0.6,0.48936337,389.71353
0.00095,1.73e-05,0.0,0.7,0.48960024,389.81085
0.00095,1.73e-05,0.0,0.8,0.48984075,389.85452
0.00095,1.73e-05,0.0,0.9,0.49005297,389.87692
0.00095,1.73e-05,0.0,1.0,0.49022347,389.88986
0.00093,1.73e-05,1e-05,0.0,0.40379393,300.06332
0.00093,1.73e-05,1e-05,0.1,0.693406,361.43805
0.00093,1.73e-05,1e-05,0.2,0.46480417,380.5447
0.00093,1.73e-05,1e-05,0.3,0.4774434,386.38107
0.00093,1.73e-05,1e-05,0.4,0.4872119,388.6956
0.00093,1.73e-05,1e-05,0.5,0.4890368,389.46014
0.00093,1.73e-05,1e-05,0.6,0.48936343,389.71353
0.00093,1.73e-05,1e-05,0.7,0.48960018,389.81085
0.00093,1.73e-05,1e-05,0.8,0.4898408,389.85452
0.00093,1.73e-05,1e-05,0.9,0.49005297,389.87692
0.00093,1.73e-05,1e-05,1.0,0.4902234,389.88986
0.00089,8.27e-05,0.0,0.0,0.40373814,300.0639
0.00089,8.27e-05,0.0,0.1,0.6933563,361.444
0.00089,8.27e-05,0.0,0.2,0.4648034,380.5461
0.00089,8.27e-05,0.0,0.3,0.47744602,386.38156
0.00089,8.27e-05,0.0,0.4,0.48721245,388.69583
0.00089,8.27e-05,0.0,0.5,0.4890369,389.4602
0.00089,8.27e-05,0.0,0.6,0.4893635,389.71356
0.00089,8.27e-05,0.0,0.7,0.4896003,389.81085
0.00089,8.27e-05,0.0,0.8,0.48984063,389.85452
0.00089,8.27e-05,0.0,0.9,0.49005303,389.87692
0.00089,8.27e-05,0.0,1.0,0.4902234,389.88986
0.0009,6.69e-05,0.0,0.0,0.4037531,300.06366
0.0009,6.69e-05,0.0,0.1,0.6933688,361.44247
0.0009,6.69e-05,0.0,0.2,0.4648034,380.54587
0.0009,6.69e-05,0.0,0.3,0.47744542,386.3814
0.0009,6.69e-05,0.0,0.4,0.4872124,388.69574
0.0009,6.69e-05,0.0,0.5,0.48903653,389.46017
0.0009,6.69e-05,0.0,0.6,0.48936343,389.71356
0.0009,6.69e-05,0.0,0.7,0.48960042,389.81085
0.0009,6.69e-05,0.0,0.8,0.4898408,389.85452
0.0009,6.69e-05,0.0,0.9,0.49005303,389.87692
0.0009,6.69e-05,0.0,1.0,0.49022335,389.88986
0.00089,8.27e-05,1e-05,0.0,0.40373594,300.0639
0.00089,8.27e-05,1e-05,0.1,0.6933534,361.4443
0.00089,8.27e-05,1e-05,0.2,0.46480313,380.54614
0.00089,8.27e-05,1e-05,0.3,0.47744614,386.3816
0.00089,8.27e-05,1e-05,0.4,0.48721242,388.69583
0.00089,8.27e-05,1e-05,0.5,0.48903683,389.4602
0.00089,8.27e-05,1e-05,0.6,0.4893635,389.71356
0.00089,8.27e-05,1e-05,0.7,0.4896003,389.81085
0.00089,8.27e-05,1e-05,0.8,0.48984063,389.85452
0.00089,8.27e-05,1e-05,0.9,0.49005303,389.87692
0.00089,8.27e-05,1e-05,1.0,0.4902234,389.88986
0.0009,1e-04,0.0,0.0,0.40370747,300.06418
0.0009,1e-04,0.0,0.1,0.69332707,361.4474
0.0009,1e-04,0.0,0.2,0.4648027,380.54706
0.0009,1e-04,0.0,0.3,0.47744748,386.3819
0.0009,1e-04,0.0,0.4,0.48721278,388.69595
0.0009,1e-04,0.0,0.5,0.48903698,389.46027
0.0009,1e-04,0.0,0.6,0.48936337,389.71356
0.0009,1e-04,0.0,0.7,0.4896003,389.81085
0.0009,1e-04,0.0,0.8,0.48984075,389.85452
0.0009,1e-04,0.0,0.9,0.49005303,389.87692
0.0009,1e-04,0.0,1.0,0.4902234,389.88986
0.00092,3.46e-05,0.0,0.0,0.40378177,300.0635
0.00092,3.46e-05,0.0,0.1,0.6933946,361.43954
0.00092,3.46e-05,0.0,0.2,0.46480387,380.545
0.00092,3.46e-05,0.0,0.3,0.4774437,386.38126
0.00092,3.46e-05,0.0,0.4,0.487212,388.6956
0.00092,3.46e-05,0.0,0.5,0.48903677,389.46014
0.00092,3.46e-05,0.0,0.6,0.48936337,389.71353
0.00092,3.46e-05,0.0,0.7,0.48960024,389.81085
0.00092,3.46e-05,0.0,0.8,0.4898408,389.85452
0.00092,3.46e-05,0.0,0.9,0.49005297,389.87692
0.00092,3.46e-05,0.0,1.0,0.49022347,389.88986
0.00091,5.1e-05,0.0,0.0,0.40376714,300.06363
0.00091,5.1e-05,0.0,0.1,0.6933815,361.44107
0.00091,5.1e-05,0.0,0.2,0.46480364,380.5455
0.00091,5.1e-05,0.0,0.3,0.4774446,386.38135
0.00091,5.1e-05,0.0,0.4,0.48721224,388.69568
0.00091,5.1e-05,0.0,0.5,0.48903662,389.46014
0.00091,5.1e-05,0.0,0.6,0.48936337,389.71353
0.00091,5.1e-05,0.0,0.7,0.48960018,389.81085
0.00091,5.1e-05,0.0,0.8,0.48984075,389.85452
0.00091,5.1e-05,0.0,0.9,0.49005303,389.87692
0.00091,5.1e-05,0.0,1.0,0.4902234,389.88986
0.00092,3.46e-05,1e-05,0.0,0.4037782,300.06354
0.00092,3.46e-05,1e-05,0.1,0.6933918,361.43985
0.00092,3.46e-05,1e-05,0.2,0.46480376,380.54514
0.00092,3.46e-05,1e-05,0.3,0.47744417,386.3813
0.00092,3.46e-05,1e-05,0.4,0.48721194,388.69562
0.00092,3.46e-05,1e-05,0.5,0.48903683,389.46014
0.00092,3.46e-05,1e-05,0.6,0.48936337,389.71353
0.00092,3.46e-05,1e-05,0.7,0.48960024,389.81085
0.00092,3.46e-05,1e-05,0.8,0.48984075,389.85452
0.00092,3.46e-05,1e-05,0.9,0.49005297,389.87692
0.00092,3.46e-05,1e-05,1.0,0.49022347,389.88986
0.0009,6.69e-05,1e-05,0.0,0.4037498,300.06372
0.0009,6.69e-05,1e-05,0.1,0.69336593,361.4428
0.0009,6.69e-05,1e-05,0.2,0.4648034,380.54596
0.0009,6.69e-05,1e-05,0.3,0.4774454,386.38147
0.0009,6.69e-05,1e-05,0.4,0.48721245,388.6958
0.0009,6.69e-05,1e-05,0.5,0.48903665,389.46017
0.0009,6.69e-05,1e-05,0.6,0.4893635,389.71356
0.0009,6.69e-05,1e-05,0.7,0.4896003,389.81085
0.0009,6.69e-05,1e-05,0.8,0.48984075,389.85452
0.0009,6.69e-05,1e-05,0.9,0.49005297,389.87692
0.0009,6.69e-05,1e-05,1.0,0.49022335,389.88986
0.00091,5.1e-05,1e-05,0.0,0.40376407,300.06363
0.00091,5.1e-05,1e-05,0.1,0.6933783,361.44144
0.00091,5.1e-05,1e-05,0.2,0.46480358,380.54562
0.00091,5.1e-05,1e-05,0.3,0.4774446,386.38135
0.00091,5.1e-05,1e-05,0.4,0.48721224,388.69568
0.00091,5.1e-05,1e-05,0.5,0.48903665,389.46014
0.00091,5.1e-05,1e-05,0.6,0.48936337,389.71353
0.00091,5.1e-05,1e-05,0.7,0.48960024,389.81085
0.00091,5.1e-05,1e-05,0.8,0.48984075,389.85452
0.00091,5.1e-05,1e-05,0.9,0.49005303,389.87692
0.00091,5.1e-05,1e-05,1.0,0.4902234,389.88986
0.00098,0.0,0.0,0.0,0.40378094,300.0635
0.00098,0.0,0.0,0.1,0.69339395,361.4396
0.00098,0.0,0.0,0.2,0.4648043,380.5451
0.00098,0.0,0.0,0.3,0.47744402,386.3813
0.00098,0.0,0.0,0.4,0.487212,388.69562
0.00098,0.0,0.0,0.5,0.48903683,389.46014
0.00098,0.0,0.0,0.6,0.48936337,389.71353
0.00098,0.0,0.0,0.7,0.48960024,389.81085
0.00098,0.0,0.0,0.8,0.48984075,389.85452
0.00098,0.0,0.0,0.9,0.49005297,389.87692
0.00098,0.0,0.0,1.0,0.49022347,389.88986
0.00098,0.0,1e-05,0.0,0.40377742,300.06354
0.00098,0.0,1e-05,0.1,0.6933911,361.44
0.00098,0.0,1e-05,0.2,0.46480402,380.5452
0.00098,0.0,1e-05,0.3,0.47744417,386.3813
0.00098,0.0,1e-05,0.4,0.48721182,388.69562
0.00098,0.0,1e-05,0.5,0.48903665,389.46014
0.00098,0.0,1e-05,0.6,0.48936337,389.71353
0.00098,0.0,1e-05,0.7,0.48960012,389.81085
0.00098,0.0,1e-05,0.8,0.4898408,389.85452
0.00098,0.0,1e-05,0.9,0.49005297,389.87692
0.00098,0.0,1e-05,1.0,0.49022347,389.88986
0.000969,1.48e-05,0.0,0.0,0.40376973,300.0636
0.000969,1.48e-05,0.0,0.1,0.6933834,361.44092
0.000969,1.48e-05,0.0,0.2,0.46480408,380.54547
0.000969,1.48e-05,0.0,0.3,0.47744453,386.38132
0.000969,1.48e-05,0.0,0.4,0.48721212,388.69568
0.000969,1.48e-05,0.0,0.5,0.48903656,389.46014
0.000969,1.48e-05,0.0,0.6,0.48936337,389.71353
0.000969,1.48e-05,0.0,0.7,0.48960018,389.81085
0.000969,1.48e-05,0.0,0.8,0.4898408,389.85452
0.000969,1.48e-05,0.0,0.9,0.49005303,389.87692
0.000969,1.48e-05,0.0,1.0,0.4902234,389.88986
0.000985,1.33e-05,0.0,0.0,0.40375882,300.06366
0.000985,1.33e-05,0.0,0.1,0.69337344,361.44208
0.000985,1.33e-05,0.0,0.2,0.46480408,380.5458
0.000985,1.33e-05,0.0,0.3,0.4774452,386.3814
0.000985,1.33e-05,0.0,0.4,0.48721245,388.6957
0.000985,1.33e-05,0.0,0.5,0.48903653,389.46017
0.000985,1.33e-05,0.0,0.6,0.4893635,389.71356
0.000985,1.33e-05,0.0,0.7,0.4896003,389.81085
0.000985,1.33e-05,0.0,0.8,0.48984075,389.85452
0.000985,1.33e-05,0.0,0.9,0.49005303,389.87692
0.000985,1.33e-05,0.0,1.0,0.4902234,389.88986
0.001,0.0,0.0,0.0,0.40376505,300.0637
0.001,0.0,0.0,0.1,0.69337904,361.44138
0.001,0.0,0.0,0.2,0.46480417,380.5457
0.001,0.0,0.0,0.3,0.47744477,386.38138
0.001,0.0,0.0,0.4,0.48721218,388.69568
0.001,0.0,0.0,0.5,0.48903665,389.46014
0.001,0.0,0.0,0.6,0.48936337,389.71353
0.001,0.0,0.0,0.7,0.48960024,389.81085
0.001,0.0,0.0,0.8,0.48984075,389.85452
0.001,0.0,0.0,0.9,0.49005303,389.87692
0.001,0.0,0.0,1.0,0.4902234,389.88986
0.0009,1e-04,1e-05,0.0,0.40370387,300.0642
0.0009,1e-04,1e-05,0.1,0.6933243,361.4477
0.0009,1e-04,1e-05,0.2,0.4648028,380.54715
0.0009,1e-04,1e-05,0.3,0.47744763,386.38193
0.0009,1e-04,1e-05,0.4,0.48721293,388.69595
0.0009,1e-04,1e-05,0.5,0.48903698,389.46027
0.0009,1e-04,1e-05,0.6,0.48936337,389.71356
0.0009,1e-04,1e-05,0.7,0.48960018,389.81085
0.0009,1e-04,1e-05,0.8,0.4898407,389.85452
0.0009,1e-04,1e-05,0.9,0.49005303,389.87692
0.0009,1e-04,1e-05,1.0,0.4902234,389.88986
0.00097,1.5e-05,1e-05,0.0,0.40376496,300.06366
0.00097,1.5e-05,1e-05,0.1,0.69337946,361.4413
0.00097,1.5e-05,1e-05,0.2,0.46480405,380.54562
0.00097,1.5e-05,1e-05,0.3,0.47744483,386.38135
0.00097,1.5e-05,1e-05,0.4,0.48721224,388.69568
0.00097,1.5e-05,1e-05,0.5,0.48903665,389.46014
0.00097,1.5e-05,1e-05,0.6,0.48936337,389.71353
0.00097,1.5e-05,1e-05,0.7,0.48960024,389.81085
0.00097,1.5e-05,1e-05,0.8,0.48984075,389.85452
0.00097,1.5e-05,1e-05,0.9,0.49005303,389.87692
0.00097,1.5e-05,1e-05,1.0,0.4902234,389.88986
0.001,0.0,1e-05,0.0,0.40376195,300.0637
0.001,0.0,1e-05,0.1,0.69337654,361.4417
0.001,0.0,1e-05,0.2,0.46480405,380.54575
0.001,0.0,1e-05,0.3,0.47744495,386.38138
0.001,0.0,1e-05,0.4,0.48721224,388.69568
0.001,0.0,1e-05,0.5,0.4890367,389.46014
0.001,0.0,1e-05,0.6,0.48936337,389.71356
0.001,0.0,1e-05,0.7,0.48960024,389.81085
0.001,0.0,1e-05,0.8,0.48984075,389.85452
0.001,0.0,1e-05,0.9,0.49005303,389.87692
0.001,0.0,1e-05,1.0,0.4902234,389.88986
0.000985,1.33e-05,1e-05,0.0,0.40375584,300.0637
0.000985,1.33e-05,1e-05,0.1,0.69337046,361.4424
0.000985,1.33e-05,1e-05,0.2,0.46480379,380.54587
0.000985,1.33e-05,1e-05,0.3,0.47744536,386.3814
0.000985,1.33e-05,1e-05,0.4,0.48721233,388.69574
0.000985,1.33e-05,1e-05,0.5,0.48903656,389.46017
0.000985,1.33e-05,1e-05,0.6,0.48936343,389.71356
0.000985,1.33e-05,1e-05,0.7,0.4896003,389.81085
0.000985,1.33e-05,1e-05,0.8,0.48984075,389.85452
0.000985,1.33e-05,1e-05,0.9,0.49005303,389.87692
0.000985,1.33e-05,1e-05,1.0,0.4902234,389.88986
0.001,2e-05,0.0,0.0,0.403738,300.06387
0.001,2e-05,0.0,0.1,0.6933541,361.44437
0.001,2e-05,0.0,0.2,0.4648039,380.5462
0.001,2e-05,0.0,0.3,0.47744608,386.38162
0.001,2e-05,0.0,0.4,0.48721254,388.69583
0.001,2e-05,0.0,0.5,0.4890368,389.4602
0.001,2e-05,0.0,0.6,0.4893635,389.71356
0.001,2e-05,0.0,0.7,0.48960036,389.81085
0.001,2e-05,0.0,0.8,0.48984063,389.85452
0.001,2e-05,0.0,0.9,0.49005303,389.87692
0.001,2e-05,0.0,1.0,0.4902234,389.88986
0.000919,6.7e-05,0.0,0.0,0.40373766,300.06387
0.000919,6.7e-05,0.0,0.1,0.6933546,361.44418
0.000919,6.7e-05,0.0,0.2,0.46480343,380.54614
0.000919,6.7e-05,0.0,0.3,0.47744608,386.3816
0.000919,6.7e-05,0.0,0.4,0.48721242,388.69583
0.000919,6.7e-05,0.0,0.5,0.48903683,389.4602
0.000919,6.7e-05,0.0,0.6,0.4893635,389.71356
0.000919,6.7e-05,0.0,0.7,0.4896003,389.81085
0.000919,6.7e-05,0.0,0.8,0.48984063,389.85452
0.000919,6.7e-05,0.0,0.9,0.49005303,389.87692
0.000919,6.7e-05,0.0,1.0,0.4902234,389.88986
0.00094,3.46e-05,0.0,0.0,0.4037655,300.06366
0.00094,3.46e-05,0.0,0.1,0.69337976,361.44125
0.00094,3.46e-05,0.0,0.2,0.46480376,380.5456
0.00094,3.46e-05,0.0,0.3,0.47744456,386.38135
0.00094,3.46e-05,0.0,0.4,0.48721224,388.69568
0.00094,3.46e-05,0.0,0.5,0.48903662,389.46014
0.00094,3.46e-05,0.0,0.6,0.48936343,389.71353
0.00094,3.46e-05,0.0,0.7,0.48960024,389.81085
0.00094,3.46e-05,0.0,0.8,0.48984075,389.85452
0.00094,3.46e-05,0.0,0.9,0.49005303,389.87692
0.00094,3.46e-05,0.0,1.0,0.4902234,389.88986
0.000961,3.25e-05,0.0,0.0,0.4037515,300.0637
0.000961,3.25e-05,0.0,0.1,0.6933671,361.44272
0.000961,3.25e-05,0.0,0.2,0.46480367,380.54593
0.000961,3.25e-05,0.0,0.3,0.47744536,386.3815
0.000961,3.25e-05,0.0,0.4,0.48721245,388.6958
0.000961,3.25e-05,0.0,0.5,0.4890366,389.46017
0.000961,3.25e-05,0.0,0.6,0.4893635,389.71356
0.000961,3.25e-05,0.0,0.7,0.4896003,389.81085
0.000961,3.25e-05,0.0,0.8,0.48984075,389.85452
0.000961,3.25e-05,0.0,0.9,0.49005297,389.87692
0.000961,3.25e-05,0.0,1.0,0.49022335,389.88986
0.000961,3.26e-05,1e-05,0.0,0.40374818,300.06372
0.000961,3.26e-05,1e-05,0.1,0.69336396,361.44302
0.000961,3.26e-05,1e-05,0.2,0.46480373,380.54602
0.000961,3.26e-05,1e-05,0.3,0.47744554,386.3815
0.000961,3.26e-05,1e-05,0.4,0.48721248,388.69583
0.000961,3.26e-05,1e-05,0.5,0.4890367,389.46017
0.000961,3.26e-05,1e-05,0.6,0.48936343,389.71356
0.000961,3.26e-05,1e-05,0.7,0.48960024,389.81085
0.000961,3.26e-05,1e-05,0.8,0.48984063,389.85452
0.000961,3.26e-05,1e-05,0.9,0.49005297,389.87692
0.000961,3.26e-05,1e-05,1.0,0.49022335,389.88986
0.000941,3.46e-05,1e-05,0.0,0.4037614,300.0637
0.000941,3.46e-05,1e-05,0.1,0.6933763,361.44174
0.000941,3.46e-05,1e-05,0.2,0.4648037,380.54572
0.000941,3.46e-05,1e-05,0.3,0.4774449,386.38138
0.000941,3.46e-05,1e-05,0.4,0.48721224,388.69568
0.000941,3.46e-05,1e-05,0.5,0.48903665,389.46014
0.000941,3.46e-05,1e-05,0.6,0.48936337,389.71356
0.000941,3.46e-05,1e-05,0.7,0.48960024,389.81085
0.000941,3.46e-05,1e-05,0.8,0.48984075,389.85452
0.000941,3.46e-05,1e-05,0.9,0.49005303,389.87692
0.000941,3.46e-05,1e-05,1.0,0.4902234,389.88986
0.000946,4.29e-05,5e-06,0.0,0.40374744,300.06375
0.000946,4.29e-05,5e-06,0.1,0.6933634,361.44305
0.000946,4.29e-05,5e-06,0.2,0.46480367,380.54602
0.000946,4.29e-05,5e-06,0.3,0.47744554,386.3815
0.000946,4.29e-05,5e-06,0.4,0.48721248,388.69583
0.000946,4.29e-05,5e-06,0.5,0.48903665,389.46017
0.000946,4.29e-05,5e-06,0.6,0.48936343,389.71356
0.000946,4.29e-05,5e-06,0.7,0.48960024,389.81085
0.000946,4.29e-05,5e-06,0.8,0.48984063,389.85452
0.000946,4.29e-05,5e-06,0.9,0.49005297,389.87692
0.000946,4.29e-05,5e-06,1.0,0.49022335,389.88986
0.00091,8.32e-05,5e-06,0.0,0.40372062,300.06406
0.00091,8.32e-05,5e-06,0.1,0.69333947,361.44586
0.00091,8.32e-05,5e-06,0.2,0.46480298,380.54663
0.00091,8.32e-05,5e-06,0.3,0.4774468,386.38174
0.00091,8.32e-05,5e-06,0.4,0.48721266,388.6959
0.00091,8.32e-05,5e-06,0.5,0.48903677,389.46024
0.00091,8.32e-05,5e-06,0.6,0.48936355,389.71356
0.00091,8.32e-05,5e-06,0.7,0.4896003,389.81085
0.00091,8.32e-05,5e-06,0.8,0.4898407,389.85452
0.00091,8.32e-05,5e-06,0.9,0.49005303,389.87692
0.00091,8.32e-05,5e-06,1.0,0.4902234,389.88986
0.00092,1e-04,0.0,0.0,0.40369165,300.0643
0.00092,1e-04,0.0,0.1,0.6933125,361.44922
0.00092,1e-04,0.0,0.2,0.46480253,380.54758
0.00092,1e-04,0.0,0.3,0.47744828,386.38208
0.00092,1e-04,0.0,0.4,0.48721313,388.69604
0.00092,1e-04,0.0,0.5,0.48903692,389.46033
0.00092,1e-04,0.0,0.6,0.48936337,389.71356
0.00092,1e-04,0.0,0.7,0.48960024,389.81085
0.00092,1e-04,0.0,0.8,0.48984087,389.85452
0.00092,1e-04,0.0,0.9,0.4900529,389.87692
0.00092,1e-04,0.0,1.0,0.49022353,389.88986
0.00091,8.27e-05,0.0,0.0,0.40372264,300.06406
0.00091,8.27e-05,0.0,0.1,0.69334155,361.44568
0.00091,8.27e-05,0.0,0.2,0.46480304,380.5466
0.00091,8.27e-05,0.0,0.3,0.47744665,386.38168
0.00091,8.27e-05,0.0,0.4,0.48721266,388.6959
0.00091,8.27e-05,0.0,0.5,0.48903677,389.46024
0.00091,8.27e-05,0.0,0.6,0.48936355,389.71356
0.00091,8.27e-05,0.0,0.7,0.4896003,389.81085
0.00091,8.27e-05,0.0,0.8,0.4898407,389.85452
0.00091,8.27e-05,0.0,0.9,0.49005303,389.87692
0.00091,8.27e-05,0.0,1.0,0.4902234,389.88986
0.00091,8.27e-05,1e-05,0.0,0.40371966,300.06406
0.00091,8.27e-05,1e-05,0.1,0.6933387,361.44598
0.00091,8.27e-05,1e-05,0.2,0.46480298,380.54663
0.00091,8.27e-05,1e-05,0.3,0.4774468,386.38174
0.00091,8.27e-05,1e-05,0.4,0.48721272,388.6959
0.00091,8.27e-05,1e-05,0.5,0.48903665,389.46024
0.00091,8.27e-05,1e-05,0.6,0.48936355,389.71356
0.00091,8.27e-05,1e-05,0.7,0.4896003,389.81085
0.00091,8.27e-05,1e-05,0.8,0.4898407,389.85452
0.00091,8.27e-05,1e-05,0.9,0.49005303,389.87692
0.00091,8.27e-05,1e-05,1.0,0.4902234,389.88986
0.000931,5.09e-05,0.0,0.0,0.40375075,300.0637
0.000931,5.09e-05,0.0,0.1,0.693366,361.4428
0.000931,5.09e-05,0.0,0.2,0.46480352,380.54596
0.000931,5.09e-05,0.0,0.3,0.47744524,386.3815
0.000931,5.09e-05,0.0,0.4,0.48721245,388.6958
0.000931,5.09e-05,0.0,0.5,0.48903665,389.46017
0.000931,5.09e-05,0.0,0.6,0.48936343,389.71356
0.000931,5.09e-05,0.0,0.7,0.4896003,389.81085
0.000931,5.09e-05,0.0,0.8,0.48984063,389.85452
0.000931,5.09e-05,0.0,0.9,0.49005297,389.87692
0.000931,5.09e-05,0.0,1.0,0.49022335,389.88986
0.000931,5.09e-05,1e-05,0.0,0.40374684,300.06372
0.000931,5.09e-05,1e-05,0.1,0.69336295,361.4431
0.000931,5.09e-05,1e-05,0.2,0.46480355,380.54602
0.000931,5.09e-05,1e-05,0.3,0.4774456,386.3815
0.000931,5.09e-05,1e-05,0.4,0.48721242,388.69583
0.000931,5.09e-05,1e-05,0.5,0.48903665,389.46017
0.000931,5.09e-05,1e-05,0.6,0.48936343,389.71356
0.000931,5.09e-05,1e-05,0.7,0.48960036,389.81085
0.000931,5.09e-05,1e-05,0.8,0.48984063,389.85452
0.000931,5.09e-05,1e-05,0.9,0.49005297,389.87692
0.000931,5.09e-05,1e-05,1.0,0.49022335,389.88986
0.00092,6.73e-05,1e-05,0.0,0.40373254,300.06393
0.00092,6.73e-05,1e-05,0.1,0.6933507,361.4447
0.00092,6.73e-05,1e-05,0.2,0.46480295,380.54623
0.00092,6.73e-05,1e-05,0.3,0.47744638,386.38162
0.00092,6.73e-05,1e-05,0.4,0.4872126,388.6959
0.00092,6.73e-05,1e-05,0.5,0.48903668,389.4602
0.00092,6.73e-05,1e-05,0.6,0.4893635,389.71356
0.00092,6.73e-05,1e-05,0.7,0.4896003,389.81085
0.00092,6.73e-05,1e-05,0.8,0.48984063,389.85452
0.00092,6.73e-05,1e-05,0.9,0.49005303,389.87692
0.00092,6.73e-05,1e-05,1.0,0.4902234,389.88986
0.000982,3.11e-05,0.0,0.0,0.4037371,300.06387
0.000982,3.11e-05,0.0,0.1,0.6933533,361.44446
0.000982,3.11e-05,0.0,0.2,0.46480358,380.5462
0.000982,3.11e-05,0.0,0.3,0.47744608,386.38162
0.000982,3.11e-05,0.0,0.4,0.4872126,388.69583
0.000982,3.11e-05,0.0,0.5,0.48903668,389.4602
0.000982,3.11e-05,0.0,0.6,0.4893635,389.71356
0.000982,3.11e-05,0.0,0.7,0.48960036,389.81085
0.000982,3.11e-05,0.0,0.8,0.48984063,389.85452
0.000982,3.11e-05,0.0,0.9,0.49005303,389.87692
0.000982,3.11e-05,0.0,1.0,0.4902234,389.88986
0.001,2e-05,1e-05,0.0,0.4037333,300.0639
0.001,2e-05,1e-05,0.1,0.69335127,361.44467
0.001,2e-05,1e-05,0.2,0.4648037,380.54623
0.001,2e-05,1e-05,0.3,0.47744644,386.38162
0.001,2e-05,1e-05,0.4,0.4872126,388.6959
0.001,2e-05,1e-05,0.5,0.48903668,389.4602
0.001,2e-05,1e-05,0.6,0.4893635,389.71356
0.001,2e-05,1e-05,0.7,0.4896003,389.81085
0.001,2e-05,1e-05,0.8,0.48984063,389.85452
0.001,2e-05,1e-05,0.9,0.49005303,389.87692
0.001,2e-05,1e-05,1.0,0.4902234,389.88986
0.000929,8.31e-05,0.0,0.0,0.40370768,300.06418
0.000929,8.31e-05,0.0,0.1,0.6933272,361.44745
0.000929,8.31e-05,0.0,0.2,0.46480286,380.5471
0.000929,8.31e-05,0.0,0.3,0.47744757,386.3819
0.000929,8.31e-05,0.0,0.4,0.4872128,388.69595
0.000929,8.31e-05,0.0,0.5,0.48903698,389.46027
0.000929,8.31e-05,0.0,0.6,0.48936337,389.71356
0.000929,8.31e-05,0.0,0.7,0.4896003,389.81085
0.000929,8.31e-05,0.0,0.8,0.48984075,389.85452
0.000929,8.31e-05,0.0,0.9,0.49005303,389.87692
0.000929,8.31e-05,0.0,1.0,0.4902234,389.88986
0.00092,1e-04,1e-05,0.0,0.40368783,300.06436
0.00092,1e-04,1e-05,0.1,0.69330966,361.4496
0.00092,1e-04,1e-05,0.2,0.46480235,380.5476
0.00092,1e-04,1e-05,0.3,0.47744834,386.38208
0.00092,1e-04,1e-05,0.4,0.48721308,388.69604
0.00092,1e-04,1e-05,0.5,0.48903686,389.46033
0.00092,1e-04,1e-05,0.6,0.4893633,389.7136
0.00092,1e-04,1e-05,0.7,0.48960024,389.81085
0.00092,1e-04,1e-05,0.8,0.4898407,389.85452
0.00092,1e-04,1e-05,0.9,0.4900529,389.87692
0.00092,1e-04,1e-05,1.0,0.49022353,389.88986
0.00094,1e-04,0.0,0.0,0.40367508,300.0645
0.00094,1e-04,0.0,0.1,0.69329756,361.451
0.00094,1e-04,0.0,0.2,0.46480238,380.5479
0.00094,1e-04,0.0,0.3,0.47744906,386.3823
0.00094,1e-04,0.0,0.4,0.48721313,388.69608
0.00094,1e-04,0.0,0.5,0.48903692,389.46033
0.00094,1e-04,0.0,0.6,0.48936337,389.7136
0.00094,1e-04,0.0,0.7,0.48960027,389.81085
0.00094,1e-04,0.0,0.8,0.4898407,389.85452
0.00094,1e-04,0.0,0.9,0.49005294,389.87692
0.00094,1e-04,0.0,1.0,0.4902236,389.88986
0.000982,3.12e-05,1e-05,0.0,0.40373218,300.06393
0.000982,3.12e-05,1e-05,0.1,0.69335055,361.44473
0.000982,3.12e-05,1e-05,0.2,0.46480346,380.54623
0.000982,3.12e-05,1e-05,0.3,0.47744635,386.38162
0.000982,3.12e-05,1e-05,0.4,0.48721266,388.6959
0.000982,3.12e-05,1e-05,0.5,0.48903668,389.46024
0.000982,3.12e-05,1e-05,0.6,0.48936355,389.71356
0.000982,3.12e-05,1e-05,0.7,0.4896003,389.81085
0.000982,3.12e-05,1e-05,0.8,0.48984063,389.85452
0.000982,3.12e-05,1e-05,0.9,0.49005303,389.87692
0.000982,3.12e-05,1e-05,1.0,0.4902234,389.88986
0.001,3.99e-05,0.0,0.0,0.40370986,300.06415
0.001,3.99e-05,0.0,0.1,0.693329,361.44736
0.001,3.99e-05,0.0,0.2,0.46480325,380.54712
0.001,3.99e-05,0.0,0.3,0.47744754,386.3819
0.001,3.99e-05,0.0,0.4,0.48721278,388.69595
0.001,3.99e-05,0.0,0.5,0.48903698,389.46027
0.001,3.99e-05,0.0,0.6,0.48936337,389.71356
0.001,3.99e-05,0.0,0.7,0.4896003,389.81085
0.001,3.99e-05,0.0,0.8,0.4898407,389.85452
0.001,3.99e-05,0.0,0.9,0.49005303,389.87692
0.001,3.99e-05,0.0,1.0,0.4902234,389.88986
0.00097,4.56e-05,0.0,0.0,0.40372533,300.064
0.00097,4.56e-05,0.0,0.1,0.693344,361.44553
0.00097,4.56e-05,0.0,0.2,0.46480325,380.54654
0.00097,4.56e-05,0.0,0.3,0.47744662,386.38165
0.00097,4.56e-05,0.0,0.4,0.48721266,388.6959
0.00097,4.56e-05,0.0,0.5,0.48903677,389.46024
0.00097,4.56e-05,0.0,0.6,0.4893635,389.71356
0.00097,4.56e-05,0.0,0.7,0.4896003,389.81085
0.00097,4.56e-05,0.0,0.8,0.4898407,389.85452
0.00097,4.56e-05,0.0,0.9,0.49005303,389.87692
0.00097,4.56e-05,0.0,1.0,0.4902234,389.88986
0.00097,4.55e-05,1e-05,0.0,0.40372285,300.064
0.00097,4.55e-05,1e-05,0.1,0.6933412,361.4458
0.00097,4.55e-05,1e-05,0.2,0.46480316,380.54663
0.00097,4.55e-05,1e-05,0.3,0.47744685,386.38174
0.00097,4.55e-05,1e-05,0.4,0.48721266,388.6959
0.00097,4.55e-05,1e-05,0.5,0.48903683,389.46024
0.00097,4.55e-05,1e-05,0.6,0.4893636,389.71356
0.00097,4.55e-05,1e-05,0.7,0.4896003,389.81085
0.00097,4.55e-05,1e-05,0.8,0.4898407,389.85452
0.00097,4.55e-05,1e-05,0.9,0.49005303,389.87692
0.00097,4.55e-05,1e-05,1.0,0.4902234,389.88986
0.000939,6.68e-05,0.0,0.0,0.4037214,300.06406
0.000939,6.68e-05,0.0,0.1,0.69334006,361.44586
0.000939,6.68e-05,0.0,0.2,0.46480322,380.54663
0.000939,6.68e-05,0.0,0.3,0.47744673,386.38174
0.000939,6.68e-05,0.0,0.4,0.48721266,388.6959
0.000939,6.68e-05,0.0,0.5,0.48903677,389.46024
0.000939,6.68e-05,0.0,0.6,0.4893636,389.71356
0.000939,6.68e-05,0.0,0.7,0.4896003,389.81085
0.000939,6.68e-05,0.0,0.8,0.4898407,389.85452
0.000939,6.68e-05,0.0,0.9,0.49005303,389.87692
0.000939,6.68e-05,0.0,1.0,0.4902234,389.88986
0.000952,5.11e-05,0.0,0.0,0.40373215,300.06393
0.000952,5.11e-05,0.0,0.1,0.6933502,361.4447
0.000952,5.11e-05,0.0,0.2,0.46480334,380.54623
0.000952,5.11e-05,0.0,0.3,0.4774464,386.38162
0.000952,5.11e-05,0.0,0.4,0.48721266,388.6959
0.000952,5.11e-05,0.0,0.5,0.48903668,389.46024
0.000952,5.11e-05,0.0,0.6,0.48936355,389.71356
0.000952,5.11e-05,0.0,0.7,0.4896003,389.81085
0.000952,5.11e-05,0.0,0.8,0.48984063,389.85452
0.000952,5.11e-05,0.0,0.9,0.49005303,389.87692
0.000952,5.11e-05,0.0,1.0,0.4902234,389.88986
0.000952,5.12e-05,1e-05,0.0,0.40372974,300.06396
0.000952,5.12e-05,1e-05,0.1,0.69334733,361.445
0.000952,5.12e-05,1e-05,0.2,0.46480322,380.54642
0.000952,5.12e-05,1e-05,0.3,0.47744665,386.38162
0.000952,5.12e-05,1e-05,0.4,0.48721248,388.6959
0.000952,5.12e-05,1e-05,0.5,0.4890368,389.46024
0.000952,5.12e-05,1e-05,0.6,0.4893635,389.71356
0.000952,5.12e-05,1e-05,0.7,0.4896003,389.81085
0.000952,5.12e-05,1e-05,0.8,0.4898407,389.85452
0.000952,5.12e-05,1e-05,0.9,0.49005303,389.87692
0.000952,5.12e-05,1e-05,1.0,0.4902234,389.88986
0.000929,8.27e-05,1e-05,0.0,0.40370455,300.06424
0.000929,8.27e-05,1e-05,0.1,0.6933248,361.4477
0.000929,8.27e-05,1e-05,0.2,0.46480292,380.54715
0.000929,8.27e-05,1e-05,0.3,0.47744763,386.38193
0.000929,8.27e-05,1e-05,0.4,0.48721293,388.69595
0.000929,8.27e-05,1e-05,0.5,0.48903698,389.46027
0.000929,8.27e-05,1e-05,0.6,0.48936337,389.71356
0.000929,8.27e-05,1e-05,0.7,0.48960018,389.81085
0.000929,8.27e-05,1e-05,0.8,0.4898407,389.85452
0.000929,8.27e-05,1e-05,0.9,0.49005303,389.87692
0.000929,8.27e-05,1e-05,1.0,0.4902234,389.88986
0.000939,6.69e-05,1e-05,0.0,0.4037173,300.0641
0.000939,6.69e-05,1e-05,0.1,0.6933372,361.44626
0.000939,6.69e-05,1e-05,0.2,0.46480307,380.54672
0.000939,6.69e-05,1e-05,0.3,0.47744703,386.38177
0.000939,6.69e-05,1e-05,0.4,0.48721272,388.6959
0.000939,6.69e-05,1e-05,0.5,0.48903665,389.46024
0.000939,6.69e-05,1e-05,0.6,0.48936337,389.71356
0.000939,6.69e-05,1e-05,0.7,0.48960036,389.81085
0.000939,6.69e-05,1e-05,0.8,0.4898407,389.85452
0.000939,6.69e-05,1e-05,0.9,0.49005303,389.87692
0.000939,6.69e-05,1e-05,1.0,0.4902234,389.88986
0.000985,5.12e-05,0.0,0.0,0.4037067,300.0642
0.000985,5.12e-05,0.0,0.1,0.6933261,361.4477
0.000985,5.12e-05,0.0,0.2,0.46480322,380.54715
0.000985,5.12e-05,0.0,0.3,0.47744763,386.38193
0.000985,5.12e-05,0.0,0.4,0.48721293,388.69595
0.000985,5.12e-05,0.0,0.5,0.48903698,389.46027
0.000985,5.12e-05,0.0,0.6,0.48936337,389.71356
0.000985,5.12e-05,0.0,0.7,0.48960018,389.81085
0.000985,5.12e-05,0.0,0.8,0.48984075,389.85452
0.000985,5.12e-05,0.0,0.9,0.49005303,389.87692
0.000985,5.12e-05,0.0,1.0,0.4902234,389.88986
0.001,4e-05,1e-05,0.0,0.40370703,300.0642
0.001,4e-05,1e-05,0.1,0.6933261,361.44763
0.001,4e-05,1e-05,0.2,0.46480334,380.54718
0.001,4e-05,1e-05,0.3,0.47744763,386.38193
0.001,4e-05,1e-05,0.4,0.48721293,388.69595
0.001,4e-05,1e-05,0.5,0.48903698,389.46027
0.001,4e-05,1e-05,0.6,0.48936337,389.71356
0.001,4e-05,1e-05,0.7,0.48960018,389.81085
0.001,4e-05,1e-05,0.8,0.48984075,389.85452
0.001,4e-05,1e-05,0.9,0.49005303,389.87692
0.001,4e-05,1e-05,1.0,0.4902234,389.88986
0.000947,8.46e-05,5.22e-06,0.0,0.40368915,300.0643
0.000947,8.46e-05,5.22e-06,0.1,0.6933104,361.4495
0.000947,8.46e-05,5.22e-06,0.2,0.4648029,380.5476
0.000947,8.46e-05,5.22e-06,0.3,0.47744834,386.38208
0.000947,8.46e-05,5.22e-06,0.4,0.48721302,388.69604
0.000947,8.46e-05,5.22e-06,0.5,0.48903692,389.46033
0.000947,8.46e-05,5.22e-06,0.6,0.4893633,389.7136
0.000947,8.46e-05,5.22e-06,0.7,0.48960024,389.81085
0.000947,8.46e-05,5.22e-06,0.8,0.48984075,389.85452
0.000947,8.46e-05,5.22e-06,0.9,0.4900529,389.87692
0.000947,8.46e-05,5.22e-06,1.0,0.49022353,389.88986
0.000949,8.32e-05,0.0,0.0,0.4036913,300.06433
0.000949,8.32e-05,0.0,0.1,0.6933123,361.44928
0.000949,8.32e-05,0.0,0.2,0.46480292,380.54758
0.000949,8.32e-05,0.0,0.3,0.47744823,386.38208
0.000949,8.32e-05,0.0,0.4,0.48721296,388.69604
0.000949,8.32e-05,0.0,0.5,0.48903692,389.46033
0.000949,8.32e-05,0.0,0.6,0.48936337,389.71356
0.000949,8.32e-05,0.0,0.7,0.48960024,389.81085
0.000949,8.32e-05,0.0,0.8,0.48984075,389.85452
0.000949,8.32e-05,0.0,0.9,0.4900529,389.87692
0.000949,8.32e-05,0.0,1.0,0.49022353,389.88986
0.00094,1e-04,1e-05,0.0,0.4036723,300.0646
0.00094,1e-04,1e-05,0.1,0.69329476,361.4513
0.00094,1e-04,1e-05,0.2,0.4648022,380.54797
0.00094,1e-04,1e-05,0.3,0.47744936,386.3823
0.00094,1e-04,1e-05,0.4,0.48721325,388.69608
0.00094,1e-04,1e-05,0.5,0.4890368,389.46033
0.00094,1e-04,1e-05,0.6,0.4893634,389.7136
0.00094,1e-04,1e-05,0.7,0.4896002,389.81085
0.00094,1e-04,1e-05,0.8,0.48984075,389.85452
0.00094,1e-04,1e-05,0.9,0.49005294,389.87692
0.00094,1e-04,1e-05,1.0,0.4902236,389.88986
0.00096,1e-04,0.0,0.0,0.40365875,300.06464
0.00096,1e-04,0.0,0.1,0.6932828,361.4527
0.00096,1e-04,0.0,0.2,0.4648022,380.54843
0.00096,1e-04,0.0,0.3,0.4774499,386.38245
0.00096,1e-04,0.0,0.4,0.4872136,388.6961
0.00096,1e-04,0.0,0.5,0.48903698,389.46036
0.00096,1e-04,0.0,0.6,0.48936355,389.7136
0.00096,1e-04,0.0,0.7,0.4896002,389.81085
0.00096,1e-04,0.0,0.8,0.48984075,389.85452
0.00096,1e-04,0.0,0.9,0.49005294,389.87692
0.00096,1e-04,0.0,1.0,0.4902236,389.88986
0.000986,5.12e-05,1e-05,0.0,0.4037017,300.06424
0.000986,5.12e-05,1e-05,0.1,0.6933223,361.4481
0.000986,5.12e-05,1e-05,0.2,0.4648031,380.54724
0.000986,5.12e-05,1e-05,0.3,0.4774477,386.382
0.000986,5.12e-05,1e-05,0.4,0.48721287,388.696
0.000986,5.12e-05,1e-05,0.5,0.48903698,389.46027
0.000986,5.12e-05,1e-05,0.6,0.48936337,389.71356
0.000986,5.12e-05,1e-05,0.7,0.48960024,389.81085
0.000986,5.12e-05,1e-05,0.8,0.48984075,389.85452
0.000986,5.12e-05,1e-05,0.9,0.4900529,389.87692
0.000986,5.12e-05,1e-05,1.0,0.4902234,389.88986
0.001,5.99e-05,0.0,0.0,0.40368292,300.0644
0.001,5.99e-05,0.0,0.1,0.6933042,361.45032
0.001,5.99e-05,0.0,0.2,0.46480304,380.5478
0.001,5.99e-05,0.0,0.3,0.4774488,386.38214
0.001,5.99e-05,0.0,0.4,0.48721308,388.69608
0.001,5.99e-05,0.0,0.5,0.48903683,389.46033
0.001,5.99e-05,0.0,0.6,0.48936337,389.7136
0.001,5.99e-05,0.0,0.7,0.4896002,389.81085
0.001,5.99e-05,0.0,0.8,0.4898407,389.85452
0.001,5.99e-05,0.0,0.9,0.4900529,389.87692
0.001,5.99e-05,0.0,1.0,0.4902236,389.88986
0.000985,6.06e-05,5e-06,0.0,0.403692,300.0643
0.000985,6.06e-05,5e-06,0.1,0.69331276,361.44925
0.000985,6.06e-05,5e-06,0.2,0.4648031,380.54758
0.000985,6.06e-05,5e-06,0.3,0.47744828,386.38208
0.000985,6.06e-05,5e-06,0.4,0.4872129,388.69604
0.000985,6.06e-05,5e-06,0.5,0.48903698,389.46033
0.000985,6.06e-05,5e-06,0.6,0.48936337,389.71356
0.000985,6.06e-05,5e-06,0.7,0.48960024,389.81085
0.000985,6.06e-05,5e-06,0.8,0.48984075,389.85452
0.000985,6.06e-05,5e-06,0.9,0.4900529,389.87692
0.000985,6.06e-05,5e-06,1.0,0.49022353,389.88986
0.000969,6.1e-05,1e-05,0.0,0.40370256,300.06424
0.000969,6.1e-05,1e-05,0.1,0.6933226,361.44806
0.000969,6.1e-05,1e-05,0.2,0.46480307,380.5472
0.000969,6.1e-05,1e-05,0.3,0.47744775,386.382
0.000969,6.1e-05,1e-05,0.4,0.48721284,388.696
0.000969,6.1e-05,1e-05,0.5,0.48903698,389.46027
0.000969,6.1e-05,1e-05,0.6,0.48936337,389.71356
0.000969,6.1e-05,1e-05,0.7,0.48960024,389.81085
0.000969,6.1e-05,1e-05,0.8,0.4898407,389.85452
0.000969,6.1e-05,1e-05,0.9,0.4900529,389.87692
0.000969,6.1e-05,1e-05,1.0,0.4902234,389.88986
0.00097,6.1e-05,0.0,0.0,0.40370527,300.06418
0.00097,6.1e-05,0.0,0.1,0.6933248,361.4478
0.00097,6.1e-05,0.0,0.2,0.46480316,380.54718
0.00097,6.1e-05,0.0,0.3,0.47744778,386.38193
0.00097,6.1e-05,0.0,0.4,0.48721287,388.69595
0.00097,6.1e-05,0.0,0.5,0.48903698,389.46027
0.00097,6.1e-05,0.0,0.6,0.48936337,389.71356
0.00097,6.1e-05,0.0,0.7,0.48960018,389.81085
0.00097,6.1e-05,0.0,0.8,0.4898407,389.85452
0.00097,6.1e-05,0.0,0.9,0.49005303,389.87692
0.00097,6.1e-05,0.0,1.0,0.4902234,389.88986
0.000956,6.85e-05,0.0,0.0,0.4037062,300.06418
0.000956,6.85e-05,0.0,0.1,0.69332576,361.44766
0.000956,6.85e-05,0.0,0.2,0.46480304,380.54715
0.000956,6.85e-05,0.0,0.3,0.47744763,386.38193
0.000956,6.85e-05,0.0,0.4,0.48721293,388.69595
0.000956,6.85e-05,0.0,0.5,0.48903698,389.46027
0.000956,6.85e-05,0.0,0.6,0.48936337,389.71356
0.000956,6.85e-05,0.0,0.7,0.48960018,389.81085
0.000956,6.85e-05,0.0,0.8,0.48984075,389.85452
0.000956,6.85e-05,0.0,0.9,0.49005303,389.87692
0.000956,6.85e-05,0.0,1.0,0.4902234,389.88986
0.000955,6.85e-05,1e-05,0.0,0.40370277,300.0642
0.000955,6.85e-05,1e-05,0.1,0.6933234,361.44794
0.000955,6.85e-05,1e-05,0.2,0.46480292,380.54718
0.000955,6.85e-05,1e-05,0.3,0.4774478,386.38196
0.000955,6.85e-05,1e-05,0.4,0.48721296,388.69595
0.000955,6.85e-05,1e-05,0.5,0.48903698,389.46027
0.000955,6.85e-05,1e-05,0.6,0.48936337,389.71356
0.000955,6.85e-05,1e-05,0.7,0.48960024,389.81085
0.000955,6.85e-05,1e-05,0.8,0.4898407,389.85452
0.000955,6.85e-05,1e-05,0.9,0.4900529,389.87692
0.000955,6.85e-05,1e-05,1.0,0.4902234,389.88986
0.000949,8.32e-05,1e-05,0.0,0.40368795,300.06436
0.000949,8.32e-05,1e-05,0.1,0.6933094,361.44962
0.000949,8.32e-05,1e-05,0.2,0.4648025,380.54764
0.000949,8.32e-05,1e-05,0.3,0.47744846,386.38208
0.000949,8.32e-05,1e-05,0.4,0.48721308,388.69604
0.000949,8.32e-05,1e-05,0.5,0.48903686,389.46033
0.000949,8.32e-05,1e-05,0.6,0.48936337,389.7136
0.000949,8.32e-05,1e-05,0.7,0.48960027,389.81085
0.000949,8.32e-05,1e-05,0.8,0.4898407,389.85452
0.000949,8.32e-05,1e-05,0.9,0.4900529,389.87692
0.000949,8.32e-05,1e-05,1.0,0.49022353,389.88986
0.000969,8.21e-05,0.0,0.0,0.4036767,300.06448
0.000969,8.21e-05,0.0,0.1,0.6932988,361.45084
0.000969,8.21e-05,0.0,0.2,0.46480262,380.5479
0.000969,8.21e-05,0.0,0.3,0.477449,386.38226
0.000969,8.21e-05,0.0,0.4,0.48721296,388.69608
0.000969,8.21e-05,0.0,0.5,0.48903692,389.46033
0.000969,8.21e-05,0.0,0.6,0.48936337,389.7136
0.000969,8.21e-05,0.0,0.7,0.48960027,389.81085
0.000969,8.21e-05,0.0,0.8,0.4898407,389.85452
0.000969,8.21e-05,0.0,0.9,0.49005288,389.87692
0.000969,8.21e-05,0.0,1.0,0.4902236,389.88986
0.000985,6.99e-05,0.0,0.0,0.403681,300.06445
0.000985,6.99e-05,0.0,0.1,0.6933024,361.45047
0.000985,6.99e-05,0.0,0.2,0.46480292,380.54788
0.000985,6.99e-05,0.0,0.3,0.47744888,386.3822
0.000985,6.99e-05,0.0,0.4,0.48721302,388.69608
0.000985,6.99e-05,0.0,0.5,0.4890369,389.46033
0.000985,6.99e-05,0.0,0.6,0.48936337,389.7136
0.000985,6.99e-05,0.0,0.7,0.48960027,389.81085
0.000985,6.99e-05,0.0,0.8,0.4898407,389.85452
0.000985,6.99e-05,0.0,0.9,0.49005297,389.87692
0.000985,6.99e-05,0.0,1.0,0.4902236,389.88986
0.001,6e-05,1e-05,0.0,0.40367946,300.06442
0.001,6e-05,1e-05,0.1,0.693301,361.45065
0.001,6e-05,1e-05,0.2,0.46480277,380.5479
0.001,6e-05,1e-05,0.3,0.47744918,386.38226
0.001,6e-05,1e-05,0.4,0.48721316,388.69608
0.001,6e-05,1e-05,0.5,0.48903698,389.46033
0.001,6e-05,1e-05,0.6,0.48936337,389.7136
0.001,6e-05,1e-05,0.7,0.48960027,389.81085
0.001,6e-05,1e-05,0.8,0.4898407,389.85452
0.001,6e-05,1e-05,0.9,0.4900529,389.87692
0.001,6e-05,1e-05,1.0,0.4902236,389.88986
0.00096,1e-04,1e-05,0.0,0.4036558,300.06467
0.00096,1e-04,1e-05,0.1,0.6932802,361.45303
0.00096,1e-04,1e-05,0.2,0.46480215,380.5485
0.00096,1e-04,1e-05,0.3,0.47745,386.3825
0.00096,1e-04,1e-05,0.4,0.4872135,388.6961
0.00096,1e-04,1e-05,0.5,0.48903692,389.46036
0.00096,1e-04,1e-05,0.6,0.48936355,389.7136
0.00096,1e-04,1e-05,0.7,0.4896002,389.81085
0.00096,1e-04,1e-05,0.8,0.48984075,389.85452
0.00096,1e-04,1e-05,0.9,0.49005294,389.87692
0.00096,1e-04,1e-05,1.0,0.4902236,389.88986
0.00098,1e-04,0.0,0.0,0.40364328,300.06482
0.00098,1e-04,0.0,0.1,0.69326806,361.4543
0.00098,1e-04,0.0,0.2,0.4648021,380.54895
0.00098,1e-04,0.0,0.3,0.47745085,386.3827
0.00098,1e-04,0.0,0.4,0.48721358,388.69617
0.00098,1e-04,0.0,0.5,0.4890371,389.46036
0.00098,1e-04,0.0,0.6,0.48936355,389.7136
0.00098,1e-04,0.0,0.7,0.48960027,389.81085
0.00098,1e-04,0.0,0.8,0.48984075,389.85452
0.00098,1e-04,0.0,0.9,0.49005288,389.87692
0.00098,1e-04,0.0,1.0,0.4902236,389.88986
0.001,8e-05,0.0,0.0,0.40365466,300.0647
0.001,8e-05,0.0,0.1,0.6932785,361.45322
0.001,8e-05,0.0,0.2,0.46480256,380.54858
0.001,8e-05,0.0,0.3,0.47745013,386.38257
0.001,8e-05,0.0,0.4,0.48721352,388.6961
0.001,8e-05,0.0,0.5,0.48903704,389.46036
0.001,8e-05,0.0,0.6,0.48936355,389.7136
0.001,8e-05,0.0,0.7,0.4896002,389.81085
0.001,8e-05,0.0,0.8,0.48984075,389.85452
0.001,8e-05,0.0,0.9,0.49005294,389.87692
0.001,8e-05,0.0,1.0,0.4902236,389.88986
0.000985,7e-05,1e-05,0.0,0.40367758,300.0645
0.000985,7e-05,1e-05,0.1,0.69329965,361.45078
0.000985,7e-05,1e-05,0.2,0.4648028,380.5479
0.000985,7e-05,1e-05,0.3,0.47744912,386.38226
0.000985,7e-05,1e-05,0.4,0.48721302,388.69608
0.000985,7e-05,1e-05,0.5,0.48903698,389.46033
0.000985,7e-05,1e-05,0.6,0.48936337,389.7136
0.000985,7e-05,1e-05,0.7,0.48960027,389.81085
0.000985,7e-05,1e-05,0.8,0.4898407,389.85452
0.000985,7e-05,1e-05,0.9,0.49005288,389.87692
0.000985,7e-05,1e-05,1.0,0.4902236,389.88986
0.00097,8.26e-05,1e-05,0.0,0.40367183,300.0646
0.00097,8.26e-05,1e-05,0.1,0.69329464,361.45135
0.00097,8.26e-05,1e-05,0.2,0.46480244,380.54797
0.00097,8.26e-05,1e-05,0.3,0.47744936,386.3823
0.00097,8.26e-05,1e-05,0.4,0.48721325,388.69608
0.00097,8.26e-05,1e-05,0.5,0.4890368,389.46033
0.00097,8.26e-05,1e-05,0.6,0.4893634,389.7136
0.00097,8.26e-05,1e-05,0.7,0.4896002,389.81085
0.00097,8.26e-05,1e-05,0.8,0.48984075,389.85452
0.00097,8.26e-05,1e-05,0.9,0.49005294,389.87692
0.00097,8.26e-05,1e-05,1.0,0.4902236,389.88986
0.000987,8.62e-05,0.0,0.0,0.40365642,300.06464
0.000987,8.62e-05,0.0,0.1,0.6932802,361.45303
0.000987,8.62e-05,0.0,0.2,0.46480244,380.54852
0.000987,8.62e-05,0.0,0.3,0.47745013,386.38254
0.000987,8.62e-05,0.0,0.4,0.48721343,388.6961
0.000987,8.62e-05,0.0,0.5,0.48903692,389.46036
0.000987,8.62e-05,0.0,0.6,0.48936355,389.7136
0.000987,8.62e-05,0.0,0.7,0.4896002,389.81085
0.000987,8.62e-05,0.0,0.8,0.48984075,389.85452
0.000987,8.62e-05,0.0,0.9,0.49005294,389.87692
0.000987,8.62e-05,0.0,1.0,0.4902236,389.88986
0.001,8e-05,1e-05,0.0,0.4036517,300.06467
0.001,8e-05,1e-05,0.1,0.69327587,361.45355
0.001,8e-05,1e-05,0.2,0.4648023,380.54868
0.001,8e-05,1e-05,0.3,0.47745013,386.38257
0.001,8e-05,1e-05,0.4,0.48721373,388.6961
0.001,8e-05,1e-05,0.5,0.48903704,389.46036
0.001,8e-05,1e-05,0.6,0.48936355,389.7136
0.001,8e-05,1e-05,0.7,0.4896002,389.81085
0.001,8e-05,1e-05,0.8,0.48984075,389.85452
0.001,8e-05,1e-05,0.9,0.49005294,389.87692
0.001,8e-05,1e-05,1.0,0.4902236,389.88986
0.00098,1e-04,1e-05,0.0,0.40363967,300.06485
0.00098,1e-04,1e-05,0.1,0.6932651,361.4547
0.00098,1e-04,1e-05,0.2,0.46480215,380.54895
0.00098,1e-04,1e-05,0.3,0.47745073,386.38275
0.00098,1e-04,1e-05,0.4,0.48721355,388.69617
0.00098,1e-04,1e-05,0.5,0.48903692,389.46036
0.00098,1e-04,1e-05,0.6,0.48936343,389.7136
0.00098,1e-04,1e-05,0.7,0.4896003,389.81085
0.00098,1e-04,1e-05,0.8,0.48984075,389.85452
0.00098,1e-04,1e-05,0.9,0.49005282,389.87692
0.00098,1e-04,1e-05,1.0,0.4902236,389.88986
0.001,1e-04,0.0,0.0,0.40362704,300.06494
0.001,1e-04,0.0,0.1,0.6932535,361.45612
0.001,1e-04,0.0,0.2,0.46480212,380.5493
0.001,1e-04,0.0,0.3,0.4774512,386.38284
0.001,1e-04,0.0,0.4,0.48721373,388.69623
0.001,1e-04,0.0,0.5,0.48903692,389.46036
0.001,1e-04,0.0,0.6,0.48936337,389.7136
0.001,1e-04,0.0,0.7,0.4896003,389.81085
0.001,1e-04,0.0,0.8,0.48984092,389.85452
0.001,1e-04,0.0,0.9,0.49005282,389.87692
0.001,1e-04,0.0,1.0,0.4902236,389.88986
0.000987,8.62e-05,1e-05,0.0,0.40365344,300.06467
0.000987,8.62e-05,1e-05,0.1,0.6932778,361.45334
0.000987,8.62e-05,1e-05,0.2,0.46480227,380.5486
0.000987,8.62e-05,1e-05,0.3,0.47745013,386.38257
0.000987,8.62e-05,1e-05,0.4,0.4872136,388.6961
0.000987,8.62e-05,1e-05,0.5,0.48903704,389.46036
0.000987,8.62e-05,1e-05,0.6,0.48936355,389.7136
0.000987,8.62e-05,1e-05,0.7,0.4896002,389.81085
0.000987,8.62e-05,1e-05,0.8,0.48984075,389.85452
0.000987,8.62e-05,1e-05,0.9,0.49005294,389.87692
0.000987,8.62e-05,1e-05,1.0,0.4902236,389.88986
0.001,1e-04,1e-05,0.0,0.4036239,300.06494
0.001,1e-04,1e-05,0.1,0.6932505,361.45648
0.001,1e-04,1e-05,0.2,0.46480185,380.54938
0.001,1e-04,1e-05,0.3,0.4774517,386.38287
0.001,1e-04,1e-05,0.4,0.4872137,388.69623
0.001,1e-04,1e-05,0.5,0.48903698,389.46036
0.001,1e-04,1e-05,0.6,0.4893635,389.7136
0.001,1e-04,1e-05,0.7,0.48960036,389.81085
0.001,1e-04,1e-05,0.8,0.48984092,389.85452
0.001,1e-04,1e-05,0.9,0.49005282,389.87692
0.001,1e-04,1e-05,1.0,0.4902236,389.88986
