x,y,z,t,V,T
0.0,2e-05,1e-05,0.0,0.37245235,299.00275
0.0,2e-05,1e-05,0.1,0.5947542,424.28625
0.0,2e-05,1e-05,0.2,0.7383213,462.97104
0.0,2e-05,1e-05,0.3,0.34696612,474.7075
0.0,2e-05,1e-05,0.4,0.5451379,480.37213
0.0,2e-05,1e-05,0.5,0.51411057,482.18878
0.0,2e-05,1e-05,0.6,0.49886963,481.9497
0.0,2e-05,1e-05,0.7,0.5403896,489.32025
0.0,2e-05,1e-05,0.8,0.40410072,489.22803
0.0,2e-05,1e-05,0.9,0.44973466,481.99106
0.0,2e-05,1e-05,1.0,0.41693103,480.7118
0.0,2e-05,0.0,0.0,0.371745,299.1532
0.0,2e-05,0.0,0.1,0.5943347,424.21494
0.0,2e-05,0.0,0.2,0.7379326,462.84882
0.0,2e-05,0.0,0.3,0.34709933,474.717
0.0,2e-05,0.0,0.4,0.5451065,480.3596
0.0,2e-05,0.0,0.5,0.51410425,482.18304
0.0,2e-05,0.0,0.6,0.49904108,481.93552
0.0,2e-05,0.0,0.7,0.5404032,489.31912
0.0,2e-05,0.0,0.8,0.4040962,489.22867
0.0,2e-05,0.0,0.9,0.44969013,481.987
0.0,2e-05,0.0,1.0,0.41700745,480.7499
1.28e-05,1.38e-05,1e-05,0.0,0.37253892,298.98465
1.28e-05,1.38e-05,1e-05,0.1,0.5947722,424.28928
1.28e-05,1.38e-05,1e-05,0.2,0.73830885,462.96664
1.28e-05,1.38e-05,1e-05,0.3,0.34697995,474.70844
1.28e-05,1.38e-05,1e-05,0.4,0.5451324,480.36993
1.28e-05,1.38e-05,1e-05,0.5,0.5141094,482.18765
1.28e-05,1.38e-05,1e-05,0.6,0.49890485,481.9466
1.28e-05,1.38e-05,1e-05,0.7,0.5403928,489.31995
1.28e-05,1.38e-05,1e-05,0.8,0.40409946,489.22818
1.28e-05,1.38e-05,1e-05,0.9,0.4497217,481.9898
1.28e-05,1.38e-05,1e-05,1.0,0.4169537,480.72302
0.0,0.0,0.0,0.0,0.37211,299.07547
0.0,0.0,0.0,0.1,0.594468,424.23746
0.0,0.0,0.0,0.2,0.7379713,462.85934
0.0,0.0,0.0,0.3,0.347119,474.7186
0.0,0.0,0.0,0.4,0.54509294,480.35458
0.0,0.0,0.0,0.5,0.51410156,482.18045
0.0,0.0,0.0,0.6,0.49913645,481.92752
0.0,0.0,0.0,0.7,0.5404128,489.31833
0.0,0.0,0.0,0.8,0.40409225,489.22928
0.0,0.0,0.0,0.9,0.44964907,481.98376
0.0,0.0,0.0,1.0,0.41707847,480.78555
1.28e-05,1.38e-05,0.0,0.0,0.37182614,299.13583
1.28e-05,1.38e-05,0.0,0.1,0.59435236,424.2179
1.28e-05,1.38e-05,0.0,0.2,0.7379199,462.84464
1.28e-05,1.38e-05,0.0,0.3,0.34711397,474.7181
1.28e-05,1.38e-05,0.0,0.4,0.54510164,480.35767
1.28e-05,1.38e-05,0.0,0.5,0.5141033,482.18204
1.28e-05,1.38e-05,0.0,0.6,0.4990762,481.93256
1.28e-05,1.38e-05,0.0,0.7,0.54040647,489.31888
1.28e-05,1.38e-05,0.0,0.8,0.40409493,489.22882
1.28e-05,1.38e-05,0.0,0.9,0.44967696,481.98593
1.28e-05,1.38e-05,0.0,1.0,0.41703,480.76126
0.0,0.0,1e-05,0.0,0.37284186,298.92157
0.0,0.0,1e-05,0.1,0.5948898,424.30933
0.0,0.0,1e-05,0.2,0.73835903,462.98233
0.0,0.0,1e-05,0.3,0.34698457,474.70886
0.0,0.0,1e-05,0.4,0.54512334,480.3667
0.0,0.0,1e-05,0.5,0.5141076,482.18594
0.0,0.0,1e-05,0.6,0.4989645,481.94125
0.0,0.0,1e-05,0.7,0.54039913,489.3194
0.0,0.0,1e-05,0.8,0.4040968,489.2286
0.0,0.0,1e-05,0.9,0.44969392,481.9875
0.0,0.0,1e-05,1.0,0.41700208,480.74725
2e-05,0.0,1e-05,0.0,0.37278953,298.93253
2e-05,0.0,1e-05,0.1,0.5948525,424.30298
2e-05,0.0,1e-05,0.2,0.73832154,462.97
2e-05,0.0,1e-05,0.3,0.34699717,474.70975
2e-05,0.0,1e-05,0.4,0.5451219,480.36606
2e-05,0.0,1e-05,0.5,0.51410717,482.1856
2e-05,0.0,1e-05,0.6,0.49897334,481.94055
2e-05,0.0,1e-05,0.7,0.54039955,489.31937
2e-05,0.0,1e-05,0.8,0.40409663,489.22858
2e-05,0.0,1e-05,0.9,0.44969326,481.9874
2e-05,0.0,1e-05,1.0,0.41700274,480.7476
2e-05,0.0,0.0,0.0,0.3720609,299.08585
2e-05,0.0,0.0,0.1,0.59443116,424.23117
2e-05,0.0,0.0,0.2,0.73793274,462.8477
2e-05,0.0,0.0,0.3,0.34713244,474.71957
2e-05,0.0,0.0,0.4,0.5450917,480.35397
2e-05,0.0,0.0,0.5,0.5141012,482.18015
2e-05,0.0,0.0,0.6,0.49914554,481.92685
2e-05,0.0,0.0,0.7,0.5404132,489.3183
2e-05,0.0,0.0,0.8,0.40409213,489.2293
2e-05,0.0,0.0,0.9,0.44964853,481.9837
2e-05,0.0,0.0,1.0,0.41707918,480.78586
0.0,4.01e-05,0.0,0.0,0.37139067,299.22964
0.0,4.01e-05,0.0,0.1,0.5942013,424.19266
0.0,4.01e-05,0.0,0.2,0.7378936,462.83823
0.0,4.01e-05,0.0,0.3,0.34707975,474.71545
0.0,4.01e-05,0.0,0.4,0.5451205,480.3648
0.0,4.01e-05,0.0,0.5,0.5141072,482.18576
0.0,4.01e-05,0.0,0.6,0.4989454,481.94382
0.0,4.01e-05,0.0,0.7,0.54039365,489.32
0.0,4.01e-05,0.0,0.8,0.40410018,489.2281
0.0,4.01e-05,0.0,0.9,0.44973117,481.99054
0.0,4.01e-05,0.0,1.0,0.4169361,480.71432
0.0,4e-05,1e-05,0.0,0.37207597,299.0822
0.0,4e-05,1e-05,0.1,0.59461915,424.2633
0.0,4e-05,1e-05,0.2,0.7382835,462.9599
0.0,4e-05,1e-05,0.3,0.34694788,474.7061
0.0,4e-05,1e-05,0.4,0.54515296,480.3776
0.0,4e-05,1e-05,0.5,0.5141137,482.1917
0.0,4e-05,1e-05,0.6,0.49877498,481.95844
0.0,4e-05,1e-05,0.7,0.54038,489.32108
0.0,4e-05,1e-05,0.8,0.40410465,489.22742
0.0,4e-05,1e-05,0.9,0.44977543,481.9949
0.0,4e-05,1e-05,1.0,0.41686016,480.67627
1.47e-05,3.02e-05,0.0,0.0,0.371529,299.1997
1.47e-05,3.02e-05,0.0,0.1,0.59423995,424.1991
1.47e-05,3.02e-05,0.0,0.2,0.73788446,462.83493
1.47e-05,3.02e-05,0.0,0.3,0.34709913,474.7169
1.47e-05,3.02e-05,0.0,0.4,0.5451127,480.3618
1.47e-05,3.02e-05,0.0,0.5,0.5141055,482.18414
1.47e-05,3.02e-05,0.0,0.6,0.49899906,481.93918
1.47e-05,3.02e-05,0.0,0.7,0.5403987,489.31952
1.47e-05,3.02e-05,0.0,0.8,0.40409818,489.2284
1.47e-05,3.02e-05,0.0,0.9,0.4497105,481.9887
1.47e-05,3.02e-05,0.0,1.0,0.41697168,480.7319
1.48e-05,4.94e-05,0.0,0.0,0.37119657,299.27188
1.48e-05,4.94e-05,0.0,0.1,0.5941129,424.17792
1.48e-05,4.94e-05,0.0,0.2,0.7378469,462.82483
1.48e-05,4.94e-05,0.0,0.3,0.3470805,474.71545
1.48e-05,4.94e-05,0.0,0.4,0.54512614,480.36676
1.48e-05,4.94e-05,0.0,0.5,0.5141082,482.1868
1.48e-05,4.94e-05,0.0,0.6,0.49890792,481.9472
1.48e-05,4.94e-05,0.0,0.7,0.5403894,489.32034
1.48e-05,4.94e-05,0.0,0.8,0.40410194,489.2278
1.48e-05,4.94e-05,0.0,0.9,0.44974977,481.9922
1.48e-05,4.94e-05,0.0,1.0,0.41690353,480.69794
0.0,6.01e-05,0.0,0.0,0.37104905,299.30417
0.0,6.01e-05,0.0,0.1,0.5940693,424.17065
0.0,6.01e-05,0.0,0.2,0.7378548,462.82773
0.0,6.01e-05,0.0,0.3,0.34706035,474.71396
0.0,6.01e-05,0.0,0.4,0.5451348,480.37006
0.0,6.01e-05,0.0,0.5,0.5141101,482.18857
0.0,6.01e-05,0.0,0.6,0.49885052,481.95236
0.0,6.01e-05,0.0,0.7,0.540384,489.32086
0.0,6.01e-05,0.0,0.8,0.40410408,489.2275
0.0,6.01e-05,0.0,0.9,0.44977188,481.99432
0.0,6.01e-05,0.0,1.0,0.416865,480.67874
0.0,6e-05,1e-05,0.0,0.37171224,299.1598
0.0,6e-05,1e-05,0.1,0.5944849,424.2405
0.0,6e-05,1e-05,0.2,0.7382454,462.94876
0.0,6e-05,1e-05,0.3,0.34692985,474.70477
0.0,6e-05,1e-05,0.4,0.5451682,480.38315
0.0,6e-05,1e-05,0.5,0.51411694,482.19473
0.0,6e-05,1e-05,0.6,0.49868065,481.96747
0.0,6e-05,1e-05,0.7,0.54037035,489.32202
0.0,6e-05,1e-05,0.8,0.40410846,489.22684
0.0,6e-05,1e-05,0.9,0.44981614,481.999
0.0,6e-05,1e-05,1.0,0.41678923,480.6408
1.58e-05,4.94e-05,1e-05,0.0,0.37186512,299.12698
1.58e-05,4.94e-05,1e-05,0.1,0.5945268,424.24768
1.58e-05,4.94e-05,1e-05,0.2,0.7382357,462.94504
1.58e-05,4.94e-05,1e-05,0.3,0.3469491,474.70615
1.58e-05,4.94e-05,1e-05,0.4,0.54515874,480.37958
1.58e-05,4.94e-05,1e-05,0.5,0.5141149,482.1928
1.58e-05,4.94e-05,1e-05,0.6,0.49873754,481.96207
1.58e-05,4.94e-05,1e-05,0.7,0.54037577,489.32147
1.58e-05,4.94e-05,1e-05,0.8,0.4041064,489.22714
1.58e-05,4.94e-05,1e-05,0.9,0.44979417,481.9967
1.58e-05,4.94e-05,1e-05,1.0,0.41682735,480.65982
1.48e-05,3.02e-05,1e-05,0.0,0.37222183,299.0513
1.48e-05,3.02e-05,1e-05,0.1,0.5946578,424.2698
1.48e-05,3.02e-05,1e-05,0.2,0.7382741,462.95633
1.48e-05,3.02e-05,1e-05,0.3,0.34696594,474.7074
1.48e-05,3.02e-05,1e-05,0.4,0.5451444,480.37433
1.48e-05,3.02e-05,1e-05,0.5,0.5141119,482.19
1.48e-05,3.02e-05,1e-05,0.6,0.49882787,481.95358
1.48e-05,3.02e-05,1e-05,0.7,0.54038507,489.32068
1.48e-05,3.02e-05,1e-05,0.8,0.40410265,489.22772
1.48e-05,3.02e-05,1e-05,0.9,0.44975513,481.99286
1.48e-05,3.02e-05,1e-05,1.0,0.41689533,480.69382
2.98e-05,1.76e-05,0.0,0.0,0.371717,299.1592
2.98e-05,1.76e-05,0.0,0.1,0.594296,424.20844
2.98e-05,1.76e-05,0.0,0.2,0.73787975,462.83282
2.98e-05,1.76e-05,0.0,0.3,0.3471217,474.71866
2.98e-05,1.76e-05,0.0,0.4,0.5451031,480.3581
2.98e-05,1.76e-05,0.0,0.5,0.5141034,482.18222
2.98e-05,1.76e-05,0.0,0.6,0.49906594,481.93347
2.98e-05,1.76e-05,0.0,0.7,0.54040504,489.319
2.98e-05,1.76e-05,0.0,0.8,0.40409562,489.22876
2.98e-05,1.76e-05,0.0,0.9,0.4496844,481.98648
2.98e-05,1.76e-05,0.0,1.0,0.4170168,480.75473
3.09e-05,1.78e-05,1e-05,0.0,0.3724159,299.01035
3.09e-05,1.78e-05,1e-05,0.1,0.59471154,424.27893
3.09e-05,1.78e-05,1e-05,0.2,0.73826736,462.9534
3.09e-05,1.78e-05,1e-05,0.3,0.34698743,474.70895
3.09e-05,1.78e-05,1e-05,0.4,0.545134,480.37042
3.09e-05,1.78e-05,1e-05,0.5,0.5141096,482.18787
3.09e-05,1.78e-05,1e-05,0.6,0.4988939,481.94763
3.09e-05,1.78e-05,1e-05,0.7,0.5403913,489.32013
3.09e-05,1.78e-05,1e-05,0.8,0.40410018,489.2281
3.09e-05,1.78e-05,1e-05,0.9,0.44972932,481.99048
3.09e-05,1.78e-05,1e-05,1.0,0.41693994,480.71616
4.02e-05,6.93e-06,5.05e-06,0.0,0.3722405,299.04755
4.02e-05,6.93e-06,5.05e-06,0.1,0.5945591,424.2529
4.02e-05,6.93e-06,5.05e-06,0.2,0.73807836,462.8928
4.02e-05,6.93e-06,5.05e-06,0.3,0.34706953,474.71487
4.02e-05,6.93e-06,5.05e-06,0.4,0.54511,480.36108
4.02e-05,6.93e-06,5.05e-06,0.5,0.5141047,482.18338
4.02e-05,6.93e-06,5.05e-06,0.6,0.49903458,481.93573
4.02e-05,6.93e-06,5.05e-06,0.7,0.5404035,489.3191
4.02e-05,6.93e-06,5.05e-06,0.8,0.40409577,489.22873
4.02e-05,6.93e-06,5.05e-06,0.9,0.44968474,481.9866
4.02e-05,6.93e-06,5.05e-06,1.0,0.41701633,480.7545
4e-05,0.0,1e-05,0.0,0.37273693,298.94342
4e-05,0.0,1e-05,0.1,0.594815,424.29657
4e-05,0.0,1e-05,0.2,0.7382838,462.95773
4e-05,0.0,1e-05,0.3,0.34700984,474.71063
4e-05,0.0,1e-05,0.4,0.5451204,480.3654
4e-05,0.0,1e-05,0.5,0.51410675,482.18524
4e-05,0.0,1e-05,0.6,0.49898252,481.9398
4e-05,0.0,1e-05,0.7,0.5404,489.31934
4e-05,0.0,1e-05,0.8,0.40409666,489.22864
4e-05,0.0,1e-05,0.9,0.44969273,481.98734
4e-05,0.0,1e-05,1.0,0.41700318,480.74783
4e-05,0.0,0.0,0.0,0.37201163,299.0963
4e-05,0.0,0.0,0.1,0.5943944,424.22495
4e-05,0.0,0.0,0.2,0.73789424,462.83618
4e-05,0.0,0.0,0.3,0.34714618,474.7206
4e-05,0.0,0.0,0.4,0.5450907,480.35336
4e-05,0.0,0.0,0.5,0.5141008,482.17978
4e-05,0.0,0.0,0.6,0.49915463,481.92615
4e-05,0.0,0.0,0.7,0.5404137,489.31824
4e-05,0.0,0.0,0.8,0.40409204,489.2293
4e-05,0.0,0.0,0.9,0.4496479,481.9836
4e-05,0.0,0.0,1.0,0.41707975,480.78607
0.0,8e-05,0.0,0.0,0.37072054,299.37683
0.0,8e-05,0.0,0.1,0.5939387,424.14902
0.0,8e-05,0.0,0.2,0.73781604,462.8174
0.0,8e-05,0.0,0.3,0.34704137,474.71243
0.0,8e-05,0.0,0.4,0.5451493,480.37534
0.0,8e-05,0.0,0.5,0.51411325,482.1914
0.0,8e-05,0.0,0.6,0.4987566,481.96112
0.0,8e-05,0.0,0.7,0.5403744,489.3217
0.0,8e-05,0.0,0.8,0.404108,489.2269
0.0,8e-05,0.0,0.9,0.44981247,481.99844
0.0,8e-05,0.0,1.0,0.41679442,480.64337
0.0,8e-05,1e-05,0.0,0.37136048,299.23578
0.0,8e-05,1e-05,0.1,0.5943514,424.21805
0.0,8e-05,1e-05,0.2,0.7382073,462.9377
0.0,8e-05,1e-05,0.3,0.34691185,474.7034
0.0,8e-05,1e-05,0.4,0.54518384,480.38892
0.0,8e-05,1e-05,0.5,0.5141202,482.19788
0.0,8e-05,1e-05,0.6,0.49858657,481.9767
0.0,8e-05,1e-05,0.7,0.5403607,489.32288
0.0,8e-05,1e-05,0.8,0.40411234,489.22632
0.0,8e-05,1e-05,0.9,0.44985667,482.0034
0.0,8e-05,1e-05,1.0,0.41671833,480.60532
1.49e-05,8.68e-05,0.0,0.0,0.37057886,299.4084
1.49e-05,8.68e-05,0.0,0.1,0.59386754,424.1373
1.49e-05,8.68e-05,0.0,0.2,0.73777384,462.80536
1.49e-05,8.68e-05,0.0,0.3,0.34704456,474.71265
1.49e-05,8.68e-05,0.0,0.4,0.54515314,480.37668
1.49e-05,8.68e-05,0.0,0.5,0.5141139,482.19217
1.49e-05,8.68e-05,0.0,0.6,0.49873105,481.9636
1.49e-05,8.68e-05,0.0,0.7,0.54037154,489.32196
1.49e-05,8.68e-05,0.0,0.8,0.40410924,489.22675
1.49e-05,8.68e-05,0.0,0.9,0.44982585,481.99982
1.49e-05,8.68e-05,0.0,1.0,0.41677067,480.63162
0.0,1e-04,0.0,0.0,0.37040082,299.4482
0.0,1e-04,0.0,0.1,0.59380805,424.1275
0.0,1e-04,0.0,0.2,0.73777694,462.80707
0.0,1e-04,0.0,0.3,0.34702224,474.71094
0.0,1e-04,0.0,0.4,0.545164,480.38083
0.0,1e-04,0.0,0.5,0.5141164,482.1944
0.0,1e-04,0.0,0.6,0.49866214,481.97018
0.0,1e-04,0.0,0.7,0.5403648,489.32257
0.0,1e-04,0.0,0.8,0.4041119,489.22638
0.0,1e-04,0.0,0.9,0.44985297,482.0028
0.0,1e-04,0.0,1.0,0.41672376,480.608
0.0,1e-04,1e-05,0.0,0.37101978,299.31018
0.0,1e-04,1e-05,0.1,0.5942186,424.1958
0.0,1e-04,1e-05,0.2,0.73816913,462.92673
0.0,1e-04,1e-05,0.3,0.34689406,474.7021
0.0,1e-04,1e-05,0.4,0.5451997,480.39468
0.0,1e-04,1e-05,0.5,0.5141237,482.20105
0.0,1e-04,1e-05,0.6,0.4984929,481.9862
0.0,1e-04,1e-05,0.7,0.54035103,489.32376
0.0,1e-04,1e-05,0.8,0.4041162,489.22583
0.0,1e-04,1e-05,0.9,0.44989714,482.00806
0.0,1e-04,1e-05,1.0,0.4166477,480.56992
1.5e-05,8.68e-05,1e-05,0.0,0.3712091,299.26868
1.5e-05,8.68e-05,1e-05,0.1,0.5942787,424.2059
1.5e-05,8.68e-05,1e-05,0.2,0.73816586,462.925
1.5e-05,8.68e-05,1e-05,0.3,0.34691483,474.70355
1.5e-05,8.68e-05,1e-05,0.4,0.54518783,480.3902
1.5e-05,8.68e-05,1e-05,0.5,0.51412106,482.19858
1.5e-05,8.68e-05,1e-05,0.6,0.49856138,481.9793
1.5e-05,8.68e-05,1e-05,0.7,0.54035777,489.32315
1.5e-05,8.68e-05,1e-05,0.8,0.40411365,489.2262
1.5e-05,8.68e-05,1e-05,0.9,0.44986996,482.00488
1.5e-05,8.68e-05,1e-05,1.0,0.41669476,480.59354
1.78e-05,6.9e-05,0.0,0.0,0.37086165,299.3455
1.78e-05,6.9e-05,0.0,0.1,0.5939787,424.1556
1.78e-05,6.9e-05,0.0,0.2,0.7378029,462.81293
1.78e-05,6.9e-05,0.0,0.3,0.3470636,474.7141
1.78e-05,6.9e-05,0.0,0.4,0.5451399,480.3718
1.78e-05,6.9e-05,0.0,0.5,0.51411116,482.1895
1.78e-05,6.9e-05,0.0,0.6,0.4988165,481.95557
1.78e-05,6.9e-05,0.0,0.7,0.5403801,489.32114
1.78e-05,6.9e-05,0.0,0.8,0.40410575,489.22723
1.78e-05,6.9e-05,0.0,0.9,0.44978952,481.99603
1.78e-05,6.9e-05,0.0,1.0,0.4168342,480.66318
1.82e-05,6.9e-05,1e-05,0.0,0.37150967,299.20343
1.82e-05,6.9e-05,1e-05,0.1,0.59439135,424.2248
1.82e-05,6.9e-05,1e-05,0.2,0.7381938,462.93277
1.82e-05,6.9e-05,1e-05,0.3,0.34693274,474.70486
1.82e-05,6.9e-05,1e-05,0.4,0.54517365,480.38504
1.82e-05,6.9e-05,1e-05,0.5,0.514118,482.19574
1.82e-05,6.9e-05,1e-05,0.6,0.49864635,481.9709
1.82e-05,6.9e-05,1e-05,0.7,0.5403664,489.32236
1.82e-05,6.9e-05,1e-05,0.8,0.40411016,489.22665
1.82e-05,6.9e-05,1e-05,0.9,0.4498339,482.00082
1.82e-05,6.9e-05,1e-05,1.0,0.41675797,480.6252
2.9e-05,5.47e-05,0.0,0.0,0.37107483,299.29852
2.9e-05,5.47e-05,0.0,0.1,0.5940522,424.16785
2.9e-05,5.47e-05,0.0,0.2,0.73780906,462.81393
2.9e-05,5.47e-05,0.0,0.3,0.34708482,474.7157
2.9e-05,5.47e-05,0.0,0.4,0.54512894,480.36768
2.9e-05,5.47e-05,0.0,0.5,0.5141088,482.18726
2.9e-05,5.47e-05,0.0,0.6,0.4988892,481.94897
2.9e-05,5.47e-05,0.0,0.7,0.5403873,489.32056
2.9e-05,5.47e-05,0.0,0.8,0.40410295,489.22763
2.9e-05,5.47e-05,0.0,0.9,0.4497602,481.99316
2.9e-05,5.47e-05,0.0,1.0,0.41688496,480.68872
3.04e-05,3.9e-05,0.0,0.0,0.37133968,299.24072
3.04e-05,3.9e-05,0.0,0.1,0.59415317,424.18463
3.04e-05,3.9e-05,0.0,0.2,0.737837,462.82135
3.04e-05,3.9e-05,0.0,0.3,0.34710115,474.717
3.04e-05,3.9e-05,0.0,0.4,0.54511786,480.3636
3.04e-05,3.9e-05,0.0,0.5,0.51410645,482.1851
3.04e-05,3.9e-05,0.0,0.6,0.49896437,481.9423
3.04e-05,3.9e-05,0.0,0.7,0.54039484,489.3199
3.04e-05,3.9e-05,0.0,0.8,0.40409988,489.22812
3.04e-05,3.9e-05,0.0,0.9,0.449728,481.99017
3.04e-05,3.9e-05,0.0,1.0,0.41694096,480.71658
3e-05,5.43e-05,1e-05,0.0,0.3717429,299.15323
3e-05,5.43e-05,1e-05,0.1,0.59446776,424.2376
3e-05,5.43e-05,1e-05,0.2,0.73819935,462.93378
3e-05,5.43e-05,1e-05,0.3,0.3469534,474.70636
3e-05,5.43e-05,1e-05,0.4,0.54516125,480.38046
3e-05,5.43e-05,1e-05,0.5,0.51411533,482.19327
3e-05,5.43e-05,1e-05,0.6,0.4987208,481.96368
3e-05,5.43e-05,1e-05,0.7,0.54037374,489.3217
3e-05,5.43e-05,1e-05,0.8,0.40410733,489.22705
3e-05,5.43e-05,1e-05,0.9,0.44980383,481.99762
3e-05,5.43e-05,1e-05,1.0,0.41681018,480.65125
3.04e-05,3.9e-05,1e-05,0.0,0.37201965,299.09412
3.04e-05,3.9e-05,1e-05,0.1,0.5945697,424.25488
3.04e-05,3.9e-05,1e-05,0.2,0.7382279,462.94196
3.04e-05,3.9e-05,1e-05,0.3,0.34696755,474.70743
3.04e-05,3.9e-05,1e-05,0.4,0.5451497,480.3762
3.04e-05,3.9e-05,1e-05,0.5,0.5141129,482.19095
3.04e-05,3.9e-05,1e-05,0.6,0.4987933,481.9569
3.04e-05,3.9e-05,1e-05,0.7,0.5403812,489.321
3.04e-05,3.9e-05,1e-05,0.8,0.40410432,489.22748
3.04e-05,3.9e-05,1e-05,0.9,0.44977257,481.9945
3.04e-05,3.9e-05,1e-05,1.0,0.41686457,480.6785
4.46e-05,3.16e-05,0.0,0.0,0.37143478,299.22003
4.46e-05,3.16e-05,0.0,0.1,0.5941763,424.1885
4.46e-05,3.16e-05,0.0,0.2,0.7378239,462.81702
4.46e-05,3.16e-05,0.0,0.3,0.347118,474.71826
4.46e-05,3.16e-05,0.0,0.4,0.5451118,480.36124
4.46e-05,3.16e-05,0.0,0.5,0.5141051,482.18384
4.46e-05,3.16e-05,0.0,0.6,0.4990059,481.93872
4.46e-05,3.16e-05,0.0,0.7,0.54039866,489.31952
4.46e-05,3.16e-05,0.0,0.8,0.40409836,489.22836
4.46e-05,3.16e-05,0.0,0.9,0.44971249,481.98877
4.46e-05,3.16e-05,0.0,1.0,0.4169676,480.72992
4.45e-05,3.15e-05,1e-05,0.0,0.37212342,299.07208
4.45e-05,3.15e-05,1e-05,0.1,0.594594,424.25906
4.45e-05,3.15e-05,1e-05,0.2,0.73821557,462.93756
4.45e-05,3.15e-05,1e-05,0.3,0.3469834,474.7086
4.45e-05,3.15e-05,1e-05,0.4,0.54514307,480.37363
4.45e-05,3.15e-05,1e-05,0.5,0.5141114,482.18958
4.45e-05,3.15e-05,1e-05,0.6,0.49883503,481.95306
4.45e-05,3.15e-05,1e-05,0.7,0.54038507,489.32068
4.45e-05,3.15e-05,1e-05,0.8,0.4041028,489.2277
4.45e-05,3.15e-05,1e-05,0.9,0.44975692,481.993
4.45e-05,3.15e-05,1e-05,1.0,0.41689152,480.69202
5.1e-05,1.68e-05,1e-05,0.0,0.37238342,299.01715
5.1e-05,1.68e-05,1e-05,0.1,0.59468085,424.2737
5.1e-05,1.68e-05,1e-05,0.2,0.73823106,462.9417
5.1e-05,1.68e-05,1e-05,0.3,0.34700105,474.7099
5.1e-05,1.68e-05,1e-05,0.4,0.54513174,480.36948
5.1e-05,1.68e-05,1e-05,0.5,0.51410896,482.18735
5.1e-05,1.68e-05,1e-05,0.6,0.49890763,481.94647
5.1e-05,1.68e-05,1e-05,0.7,0.5403923,489.32004
5.1e-05,1.68e-05,1e-05,0.8,0.40409985,489.22812
5.1e-05,1.68e-05,1e-05,0.9,0.44972667,481.99023
5.1e-05,1.68e-05,1e-05,1.0,0.41694385,480.7181
5.1e-05,1.68e-05,0.0,0.0,0.37168097,299.1669
5.1e-05,1.68e-05,0.0,0.1,0.5942626,424.20282
5.1e-05,1.68e-05,0.0,0.2,0.73784024,462.82108
5.1e-05,1.68e-05,0.0,0.3,0.347137,474.71976
5.1e-05,1.68e-05,0.0,0.4,0.5451014,480.3573
5.1e-05,1.68e-05,0.0,0.5,0.51410294,482.18176
5.1e-05,1.68e-05,0.0,0.6,0.4990793,481.93243
5.1e-05,1.68e-05,0.0,0.7,0.5404059,489.319
5.1e-05,1.68e-05,0.0,0.8,0.40409535,489.2288
5.1e-05,1.68e-05,0.0,0.9,0.44968212,481.98627
5.1e-05,1.68e-05,0.0,1.0,0.41702,480.7563
6e-05,0.0,1e-05,0.0,0.3726847,298.9542
6e-05,0.0,1e-05,0.1,0.59477764,424.29016
6e-05,0.0,1e-05,0.2,0.73824596,462.94553
6e-05,0.0,1e-05,0.3,0.34702256,474.71152
6e-05,0.0,1e-05,0.4,0.545119,480.3647
6e-05,0.0,1e-05,0.5,0.5141064,482.18484
6e-05,0.0,1e-05,0.6,0.4989915,481.9391
6e-05,0.0,1e-05,0.7,0.5404005,489.31927
6e-05,0.0,1e-05,0.8,0.40409654,489.22858
6e-05,0.0,1e-05,0.9,0.4496922,481.98724
6e-05,0.0,1e-05,1.0,0.4170038,480.74805
6e-05,0.0,0.0,0.0,0.37196255,299.1067
6e-05,0.0,0.0,0.1,0.5943577,424.21875
6e-05,0.0,0.0,0.2,0.7378555,462.82465
6e-05,0.0,0.0,0.3,0.34716016,474.72162
6e-05,0.0,0.0,0.4,0.5450896,480.35284
6e-05,0.0,0.0,0.5,0.51410043,482.17947
6e-05,0.0,0.0,0.6,0.4991635,481.92548
6e-05,0.0,0.0,0.7,0.54041415,489.31824
6e-05,0.0,0.0,0.8,0.40409198,489.2293
6e-05,0.0,0.0,0.9,0.4496473,481.98355
6e-05,0.0,0.0,1.0,0.41708025,480.78632
2e-05,1e-04,0.0,0.0,0.3703592,299.4576
2e-05,1e-04,0.0,0.1,0.59377235,424.12155
2e-05,1e-04,0.0,0.2,0.73773813,462.79572
2e-05,1e-04,0.0,0.3,0.34703517,474.71182
2e-05,1e-04,0.0,0.4,0.54516244,480.38004
2e-05,1e-04,0.0,0.5,0.5141159,482.19403
2e-05,1e-04,0.0,0.6,0.498671,481.9694
2e-05,1e-04,0.0,0.7,0.5403653,489.3225
2e-05,1e-04,0.0,0.8,0.4041117,489.2264
2e-05,1e-04,0.0,0.9,0.44985235,482.00272
2e-05,1e-04,0.0,1.0,0.41672415,480.60815
2e-05,1e-04,1e-05,0.0,0.37097538,299.31998
2e-05,1e-04,1e-05,0.1,0.59418225,424.18976
2e-05,1e-04,1e-05,0.2,0.73813105,462.91476
2e-05,1e-04,1e-05,0.3,0.34690607,474.70285
2e-05,1e-04,1e-05,0.4,0.5451978,480.39386
2e-05,1e-04,1e-05,0.5,0.5141232,482.20065
2e-05,1e-04,1e-05,0.6,0.4985017,481.9854
2e-05,1e-04,1e-05,0.7,0.5403515,489.32373
2e-05,1e-04,1e-05,0.8,0.40411612,489.22583
2e-05,1e-04,1e-05,0.9,0.44989657,482.00793
2e-05,1e-04,1e-05,1.0,0.41664815,480.5702
3.01e-05,8.51e-05,0.0,0.0,0.37057367,299.4095
3.01e-05,8.51e-05,0.0,0.1,0.59385127,424.13455
3.01e-05,8.51e-05,0.0,0.2,0.7377476,462.7976
3.01e-05,8.51e-05,0.0,0.3,0.34705612,474.71344
3.01e-05,8.51e-05,0.0,0.4,0.5451507,480.37567
3.01e-05,8.51e-05,0.0,0.5,0.51411337,482.19156
3.01e-05,8.51e-05,0.0,0.6,0.49874574,481.96225
3.01e-05,8.51e-05,0.0,0.7,0.5403727,489.32184
3.01e-05,8.51e-05,0.0,0.8,0.4041088,489.2268
3.01e-05,8.51e-05,0.0,0.9,0.44982195,481.99936
3.01e-05,8.51e-05,0.0,1.0,0.41677713,480.63483
3.11e-05,8.54e-05,1e-05,0.0,0.3711965,299.27145
3.11e-05,8.54e-05,1e-05,0.1,0.5942586,424.20248
3.11e-05,8.54e-05,1e-05,0.2,0.7381378,462.916
3.11e-05,8.54e-05,1e-05,0.3,0.3469259,474.7043
3.11e-05,8.54e-05,1e-05,0.4,0.5451852,480.38913
3.11e-05,8.54e-05,1e-05,0.5,0.5141204,482.19806
3.11e-05,8.54e-05,1e-05,0.6,0.4985751,481.978
3.11e-05,8.54e-05,1e-05,0.7,0.5403588,489.32303
3.11e-05,8.54e-05,1e-05,0.8,0.4041133,489.22623
3.11e-05,8.54e-05,1e-05,0.9,0.4498668,482.00452
3.11e-05,8.54e-05,1e-05,1.0,0.4167001,480.59622
3.83e-05,6.75e-05,0.0,0.0,0.37084156,299.34998
3.83e-05,6.75e-05,0.0,0.1,0.5939515,424.15106
3.83e-05,6.75e-05,0.0,0.2,0.73776615,462.80206
3.83e-05,6.75e-05,0.0,0.3,0.3470787,474.71518
3.83e-05,6.75e-05,0.0,0.4,0.5451374,480.37073
3.83e-05,6.75e-05,0.0,0.5,0.5141103,482.18887
3.83e-05,6.75e-05,0.0,0.6,0.49883255,481.95413
3.83e-05,6.75e-05,0.0,0.7,0.5403813,489.3211
3.83e-05,6.75e-05,0.0,0.8,0.40410542,489.22726
3.83e-05,6.75e-05,0.0,0.9,0.44978595,481.99564
3.83e-05,6.75e-05,0.0,1.0,0.4168397,480.6661
3.9e-05,6.75e-05,1e-05,0.0,0.37148747,299.20828
3.9e-05,6.75e-05,1e-05,0.1,0.5943631,424.22003
3.9e-05,6.75e-05,1e-05,0.2,0.7381571,462.92108
3.9e-05,6.75e-05,1e-05,0.3,0.34694687,474.70578
3.9e-05,6.75e-05,1e-05,0.4,0.54517066,480.3838
3.9e-05,6.75e-05,1e-05,0.5,0.51411724,482.1951
3.9e-05,6.75e-05,1e-05,0.6,0.49866256,481.96933
3.9e-05,6.75e-05,1e-05,0.7,0.5403676,489.32227
3.9e-05,6.75e-05,1e-05,0.8,0.40410984,489.22668
3.9e-05,6.75e-05,1e-05,0.9,0.44983023,482.00043
3.9e-05,6.75e-05,1e-05,1.0,0.4167636,480.62805
4.82e-05,4.88e-05,0.0,0.0,0.3711312,299.28613
4.82e-05,4.88e-05,0.0,0.1,0.59405637,424.1685
4.82e-05,4.88e-05,0.0,0.2,0.7377833,462.8061
4.82e-05,4.88e-05,0.0,0.3,0.34710357,474.7171
4.82e-05,4.88e-05,0.0,0.4,0.54512346,480.3655
4.82e-05,4.88e-05,0.0,0.5,0.51410735,482.18607
4.82e-05,4.88e-05,0.0,0.6,0.49892575,481.94577
4.82e-05,4.88e-05,0.0,0.7,0.5403905,489.32025
4.82e-05,4.88e-05,0.0,0.8,0.4041017,489.22784
4.82e-05,4.88e-05,0.0,0.9,0.44974762,481.99197
4.82e-05,4.88e-05,0.0,1.0,0.41690654,480.69943
4.82e-05,4.88e-05,1e-05,0.0,0.37179774,299.1414
4.82e-05,4.88e-05,1e-05,0.1,0.5944711,424.23822
4.82e-05,4.88e-05,1e-05,0.2,0.7381753,462.9258
4.82e-05,4.88e-05,1e-05,0.3,0.3469696,474.70746
4.82e-05,4.88e-05,1e-05,0.4,0.5451556,480.37827
4.82e-05,4.88e-05,1e-05,0.5,0.514114,482.19205
4.82e-05,4.88e-05,1e-05,0.6,0.49875498,481.9605
4.82e-05,4.88e-05,1e-05,0.7,0.5403769,489.3214
4.82e-05,4.88e-05,1e-05,0.8,0.4041063,489.22717
4.82e-05,4.88e-05,1e-05,0.9,0.44979206,481.9964
4.82e-05,4.88e-05,1e-05,1.0,0.41683018,480.66135
6.07e-05,3.3e-05,0.0,0.0,0.37137336,299.23337
6.07e-05,3.3e-05,0.0,0.1,0.5941378,424.182
6.07e-05,3.3e-05,0.0,0.2,0.7377898,462.80704
6.07e-05,3.3e-05,0.0,0.3,0.34712765,474.71896
6.07e-05,3.3e-05,0.0,0.4,0.5451118,480.3611
6.07e-05,3.3e-05,0.0,0.5,0.51410496,482.1837
6.07e-05,3.3e-05,0.0,0.6,0.49900648,481.93872
6.07e-05,3.3e-05,0.0,0.7,0.5403984,489.31958
6.07e-05,3.3e-05,0.0,0.8,0.40409857,489.22827
6.07e-05,3.3e-05,0.0,0.9,0.4497149,481.98895
6.07e-05,3.3e-05,0.0,1.0,0.4169631,480.72766
6.1e-05,3.3e-05,1e-05,0.0,0.37205493,299.0866
6.1e-05,3.3e-05,1e-05,0.1,0.59455335,424.25214
6.1e-05,3.3e-05,1e-05,0.2,0.7381812,462.9268
6.1e-05,3.3e-05,1e-05,0.3,0.34699243,474.70917
6.1e-05,3.3e-05,1e-05,0.4,0.54514277,480.37344
6.1e-05,3.3e-05,1e-05,0.5,0.5141113,482.18948
6.1e-05,3.3e-05,1e-05,0.6,0.49883527,481.9531
6.1e-05,3.3e-05,1e-05,0.7,0.5403847,489.3207
6.1e-05,3.3e-05,1e-05,0.8,0.404103,489.22763
6.1e-05,3.3e-05,1e-05,0.9,0.44975945,481.99326
6.1e-05,3.3e-05,1e-05,1.0,0.41688663,480.68954
7e-05,1.73e-05,1e-05,0.0,0.3723262,299.0292
7e-05,1.73e-05,1e-05,0.1,0.5946423,424.2672
7e-05,1.73e-05,1e-05,0.2,0.73819417,462.92993
7e-05,1.73e-05,1e-05,0.3,0.34701273,474.7107
7e-05,1.73e-05,1e-05,0.4,0.54513067,480.36896
7e-05,1.73e-05,1e-05,0.5,0.5141087,482.18704
7e-05,1.73e-05,1e-05,0.6,0.49891382,481.946
7e-05,1.73e-05,1e-05,0.7,0.5403925,489.32004
7e-05,1.73e-05,1e-05,0.8,0.40409988,489.22812
7e-05,1.73e-05,1e-05,0.9,0.44972724,481.9902
7e-05,1.73e-05,1e-05,1.0,0.4169426,480.71738
7e-05,1.73e-05,0.0,0.0,0.37162673,299.1786
7e-05,1.73e-05,0.0,0.1,0.5942247,424.19644
7e-05,1.73e-05,0.0,0.2,0.73780257,462.80997
7e-05,1.73e-05,0.0,0.3,0.3471496,474.7207
7e-05,1.73e-05,0.0,0.4,0.54510057,480.35684
7e-05,1.73e-05,0.0,0.5,0.5141026,482.18155
7e-05,1.73e-05,0.0,0.6,0.49908546,481.93204
7e-05,1.73e-05,0.0,0.7,0.5404061,489.3189
7e-05,1.73e-05,0.0,0.8,0.4040954,489.22876
7e-05,1.73e-05,0.0,0.9,0.44968247,481.98624
7e-05,1.73e-05,0.0,1.0,0.4170188,480.75577
8e-05,0.0,1e-05,0.0,0.3726326,298.9651
8e-05,0.0,1e-05,0.1,0.59474057,424.28384
8e-05,0.0,1e-05,0.2,0.73820806,462.9334
8e-05,0.0,1e-05,0.3,0.34703538,474.7124
8e-05,0.0,1e-05,0.4,0.54511774,480.36407
8e-05,0.0,1e-05,0.5,0.5141059,482.18448
8e-05,0.0,1e-05,0.6,0.49900052,481.93842
8e-05,0.0,1e-05,0.7,0.54040104,489.31924
8e-05,0.0,1e-05,0.8,0.4040965,489.22858
8e-05,0.0,1e-05,0.9,0.44969165,481.98712
8e-05,0.0,1e-05,1.0,0.41700414,480.74835
8e-05,0.0,0.0,0.0,0.37191376,299.11703
8e-05,0.0,0.0,0.1,0.59432125,424.2127
8e-05,0.0,0.0,0.2,0.73781693,462.81317
8e-05,0.0,0.0,0.3,0.34717393,474.72263
8e-05,0.0,0.0,0.4,0.5450886,480.3523
8e-05,0.0,0.0,0.5,0.5141001,482.17917
8e-05,0.0,0.0,0.6,0.4991727,481.92477
8e-05,0.0,0.0,0.7,0.5404146,489.3182
8e-05,0.0,0.0,0.8,0.40409195,489.2293
8e-05,0.0,0.0,0.9,0.44964677,481.98346
8e-05,0.0,0.0,1.0,0.4170807,480.78662
4e-05,1e-04,0.0,0.0,0.37031737,299.46698
4e-05,1e-04,0.0,0.1,0.5937366,424.1157
4e-05,1e-04,0.0,0.2,0.73769903,462.78442
4e-05,1e-04,0.0,0.3,0.34704834,474.7128
4e-05,1e-04,0.0,0.4,0.5451609,480.3793
4e-05,1e-04,0.0,0.5,0.51411545,482.1936
4e-05,1e-04,0.0,0.6,0.49868,481.96857
4e-05,1e-04,0.0,0.7,0.5403657,489.32254
4e-05,1e-04,0.0,0.8,0.4041117,489.2264
4e-05,1e-04,0.0,0.9,0.44985187,482.0026
4e-05,1e-04,0.0,1.0,0.4167248,480.60852
4e-05,1e-04,1e-05,0.0,0.37093112,299.3297
4e-05,1e-04,1e-05,0.1,0.5941458,424.1837
4e-05,1e-04,1e-05,0.2,0.73809296,462.9028
4e-05,1e-04,1e-05,0.3,0.34691808,474.70367
4e-05,1e-04,1e-05,0.4,0.54519594,480.39304
4e-05,1e-04,1e-05,0.5,0.5141227,482.20013
4e-05,1e-04,1e-05,0.6,0.49851054,481.9846
4e-05,1e-04,1e-05,0.7,0.540352,489.32367
4e-05,1e-04,1e-05,0.8,0.404116,489.22583
4e-05,1e-04,1e-05,0.9,0.449896,482.0079
4e-05,1e-04,1e-05,1.0,0.41664857,480.5704
5e-05,8.27e-05,0.0,0.0,0.3705697,299.41043
5e-05,8.27e-05,0.0,0.1,0.59383124,424.13123
5e-05,8.27e-05,0.0,0.2,0.7377134,462.78763
5e-05,8.27e-05,0.0,0.3,0.34707153,474.71457
5e-05,8.27e-05,0.0,0.4,0.5451474,480.37436
5e-05,8.27e-05,0.0,0.5,0.5141126,482.19086
5e-05,8.27e-05,0.0,0.6,0.49876606,481.96042
5e-05,8.27e-05,0.0,0.7,0.54037434,489.32172
5e-05,8.27e-05,0.0,0.8,0.40410835,489.22687
5e-05,8.27e-05,0.0,0.9,0.44981647,481.99872
5e-05,8.27e-05,0.0,1.0,0.41678613,480.63928
5e-05,8.27e-05,1e-05,0.0,0.3711996,299.27075
5e-05,8.27e-05,1e-05,0.1,0.594242,424.1997
5e-05,8.27e-05,1e-05,0.2,0.738107,462.90622
5e-05,8.27e-05,1e-05,0.3,0.34693974,474.70523
5e-05,8.27e-05,1e-05,0.4,0.5451814,480.38763
5e-05,8.27e-05,1e-05,0.5,0.51411957,482.1972
5e-05,8.27e-05,1e-05,0.6,0.4985962,481.97595
5e-05,8.27e-05,1e-05,0.7,0.54036057,489.32288
5e-05,8.27e-05,1e-05,0.8,0.4041128,489.2263
5e-05,8.27e-05,1e-05,0.9,0.44986078,482.00375
5e-05,8.27e-05,1e-05,1.0,0.41671017,480.60126
5.9e-05,6.55e-05,0.0,0.0,0.37082896,299.35272
5.9e-05,6.55e-05,0.0,0.1,0.59392726,424.1471
5.9e-05,6.55e-05,0.0,0.2,0.7377298,462.79138
5.9e-05,6.55e-05,0.0,0.3,0.34709445,474.71634
5.9e-05,6.55e-05,0.0,0.4,0.5451346,480.36954
5.9e-05,6.55e-05,0.0,0.5,0.51410973,482.18823
5.9e-05,6.55e-05,0.0,0.6,0.4988514,481.95248
5.9e-05,6.55e-05,0.0,0.7,0.54038274,489.32092
5.9e-05,6.55e-05,0.0,0.8,0.4041049,489.22733
5.9e-05,6.55e-05,0.0,0.9,0.44978127,481.99515
5.9e-05,6.55e-05,0.0,1.0,0.41684762,480.66998
5.98e-05,6.56e-05,1e-05,0.0,0.37147197,299.21155
5.98e-05,6.56e-05,1e-05,0.1,0.59433764,424.2157
5.98e-05,6.56e-05,1e-05,0.2,0.7381211,462.90967
5.98e-05,6.56e-05,1e-05,0.3,0.34696144,474.70682
5.98e-05,6.56e-05,1e-05,0.4,0.5451673,480.38245
5.98e-05,6.56e-05,1e-05,0.5,0.5141165,482.19437
5.98e-05,6.56e-05,1e-05,0.6,0.4986809,481.96768
5.98e-05,6.56e-05,1e-05,0.7,0.54036903,489.32214
5.98e-05,6.56e-05,1e-05,0.8,0.40410942,489.22675
5.98e-05,6.56e-05,1e-05,0.9,0.44982585,481.9999
5.98e-05,6.56e-05,1e-05,1.0,0.4167709,480.6317
6.93e-05,4.98e-05,0.0,0.0,0.37106708,299.3002
6.93e-05,4.98e-05,0.0,0.1,0.59401155,424.16107
6.93e-05,4.98e-05,0.0,0.2,0.73774046,462.7936
6.93e-05,4.98e-05,0.0,0.3,0.3471168,474.71808
6.93e-05,4.98e-05,0.0,0.4,0.54512286,480.36517
6.93e-05,4.98e-05,0.0,0.5,0.5141072,482.18585
6.93e-05,4.98e-05,0.0,0.6,0.4989305,481.9454
6.93e-05,4.98e-05,0.0,0.7,0.54039055,489.32025
6.93e-05,4.98e-05,0.0,0.8,0.40410182,489.2278
6.93e-05,4.98e-05,0.0,0.9,0.44974902,481.992
6.93e-05,4.98e-05,0.0,1.0,0.41690356,480.69794
6.96e-05,4.97e-05,5e-06,0.0,0.37139413,299.2286
6.96e-05,4.97e-05,5e-06,0.1,0.5942178,424.19547
6.96e-05,4.97e-05,5e-06,0.2,0.7379375,462.85208
6.96e-05,4.97e-05,5e-06,0.3,0.3470484,474.71307
6.96e-05,4.97e-05,5e-06,0.4,0.5451383,480.37125
6.96e-05,4.97e-05,5e-06,0.5,0.5141103,482.18872
6.96e-05,4.97e-05,5e-06,0.6,0.49884552,481.95267
6.96e-05,4.97e-05,5e-06,0.7,0.5403838,489.32086
6.96e-05,4.97e-05,5e-06,0.8,0.40410402,489.2275
6.96e-05,4.97e-05,5e-06,0.9,0.44977093,481.99417
6.96e-05,4.97e-05,5e-06,1.0,0.41686565,480.67905
6.91e-05,4.98e-05,1e-05,0.0,0.37172976,299.15594
6.91e-05,4.98e-05,1e-05,0.1,0.5944259,424.2306
6.91e-05,4.98e-05,1e-05,0.2,0.7381336,462.91266
6.91e-05,4.98e-05,1e-05,0.3,0.34698182,474.7083
6.91e-05,4.98e-05,1e-05,0.4,0.5451546,480.37772
6.91e-05,4.98e-05,1e-05,0.5,0.5141137,482.19183
6.91e-05,4.98e-05,1e-05,0.6,0.49875957,481.96017
6.91e-05,4.98e-05,1e-05,0.7,0.5403769,489.3214
6.91e-05,4.98e-05,1e-05,0.8,0.40410635,489.22717
6.91e-05,4.98e-05,1e-05,0.9,0.4497935,481.99652
6.91e-05,4.98e-05,1e-05,1.0,0.41682726,480.6598
8.01e-05,3.37e-05,0.0,0.0,0.37131658,299.2457
8.01e-05,3.37e-05,0.0,0.1,0.59409785,424.17538
8.01e-05,3.37e-05,0.0,0.2,0.737751,462.79578
8.01e-05,3.37e-05,0.0,0.3,0.3471402,474.7199
8.01e-05,3.37e-05,0.0,0.4,0.5451111,480.36066
8.01e-05,3.37e-05,0.0,0.5,0.51410466,482.18347
8.01e-05,3.37e-05,0.0,0.6,0.49901193,481.93832
8.01e-05,3.37e-05,0.0,0.7,0.5403985,489.31958
8.01e-05,3.37e-05,0.0,0.8,0.4040987,489.22827
8.01e-05,3.37e-05,0.0,0.9,0.44971585,481.989
8.01e-05,3.37e-05,0.0,1.0,0.41696113,480.72668
8.05e-05,3.36e-05,1e-05,0.0,0.37199593,299.09912
8.05e-05,3.36e-05,1e-05,0.1,0.5945133,424.24533
8.05e-05,3.36e-05,1e-05,0.2,0.7381429,462.91464
8.05e-05,3.36e-05,1e-05,0.3,0.3470041,474.71
8.05e-05,3.36e-05,1e-05,0.4,0.5451418,480.373
8.05e-05,3.36e-05,1e-05,0.5,0.5141109,482.1892
8.05e-05,3.36e-05,1e-05,0.6,0.49884117,481.95264
8.05e-05,3.36e-05,1e-05,0.7,0.5403849,489.3207
8.05e-05,3.36e-05,1e-05,0.8,0.404103,489.2276
8.05e-05,3.36e-05,1e-05,0.9,0.44976017,481.99326
8.05e-05,3.36e-05,1e-05,1.0,0.41688505,480.68872
9e-05,1.73e-05,0.0,0.0,0.37157932,299.18878
9e-05,1.73e-05,0.0,0.1,0.5941882,424.1904
9e-05,1.73e-05,0.0,0.2,0.7377638,462.79858
9e-05,1.73e-05,0.0,0.3,0.34716353,474.72174
9e-05,1.73e-05,0.0,0.4,0.54509956,480.35632
9e-05,1.73e-05,0.0,0.5,0.5141023,482.18112
9e-05,1.73e-05,0.0,0.6,0.49909443,481.9313
9e-05,1.73e-05,0.0,0.7,0.5404066,489.31888
9e-05,1.73e-05,0.0,0.8,0.40409535,489.2288
9e-05,1.73e-05,0.0,0.9,0.449682,481.9861
9e-05,1.73e-05,0.0,1.0,0.41701943,480.75604
9e-05,1.73e-05,1e-05,0.0,0.37227574,299.03983
9e-05,1.73e-05,1e-05,0.1,0.5946052,424.26093
9e-05,1.73e-05,1e-05,0.2,0.73815614,462.9179
9e-05,1.73e-05,1e-05,0.3,0.34702548,474.71158
9e-05,1.73e-05,1e-05,0.4,0.5451293,480.36826
9e-05,1.73e-05,1e-05,0.5,0.5141083,482.18668
9e-05,1.73e-05,1e-05,0.6,0.4989228,481.9453
9e-05,1.73e-05,1e-05,0.7,0.54039294,489.32
9e-05,1.73e-05,1e-05,0.8,0.4040999,489.22812
9e-05,1.73e-05,1e-05,0.9,0.44972664,481.99014
9e-05,1.73e-05,1e-05,1.0,0.41694322,480.71783
1e-04,0.0,1e-05,0.0,0.37258092,298.97577
1e-04,0.0,1e-05,0.1,0.59470326,424.2775
1e-04,0.0,1e-05,0.2,0.7381701,462.92133
1e-04,0.0,1e-05,0.3,0.34704843,474.7133
1e-04,0.0,1e-05,0.4,0.54511625,480.36343
1e-04,0.0,1e-05,0.5,0.5141056,482.18414
1e-04,0.0,1e-05,0.6,0.49900943,481.93768
1e-04,0.0,1e-05,0.7,0.54040146,489.31924
1e-04,0.0,1e-05,0.8,0.40409642,489.2286
1e-04,0.0,1e-05,0.9,0.449691,481.9871
1e-04,0.0,1e-05,1.0,0.41700473,480.74857
1e-04,0.0,0.0,0.0,0.3718654,299.12735
1e-04,0.0,0.0,0.1,0.5942845,424.20642
1e-04,0.0,0.0,0.2,0.737778,462.80176
1e-04,0.0,0.0,0.3,0.34718806,474.72363
1e-04,0.0,0.0,0.4,0.54508764,480.3518
1e-04,0.0,0.0,0.5,0.5140997,482.17883
1e-04,0.0,0.0,0.6,0.49918172,481.9241
1e-04,0.0,0.0,0.7,0.54041505,489.31824
1e-04,0.0,0.0,0.8,0.40409186,489.22934
1e-04,0.0,0.0,0.9,0.44964617,481.98334
1e-04,0.0,0.0,1.0,0.41708124,480.7869
6e-05,1e-04,0.0,0.0,0.37027588,299.4763
6e-05,1e-04,0.0,0.1,0.5937009,424.10986
6e-05,1e-04,0.0,0.2,0.73765993,462.7733
6e-05,1e-04,0.0,0.3,0.34706146,474.7137
6e-05,1e-04,0.0,0.4,0.54515934,480.37863
6e-05,1e-04,0.0,0.5,0.514115,482.1932
6e-05,1e-04,0.0,0.6,0.49868888,481.9678
6e-05,1e-04,0.0,0.7,0.5403662,489.3225
6e-05,1e-04,0.0,0.8,0.40411153,489.2264
6e-05,1e-04,0.0,0.9,0.4498512,482.00247
6e-05,1e-04,0.0,1.0,0.4167253,480.60873
6e-05,1e-04,1e-05,0.0,0.37088716,299.33945
6e-05,1e-04,1e-05,0.1,0.5941094,424.17758
6e-05,1e-04,1e-05,0.2,0.7380547,462.89093
6e-05,1e-04,1e-05,0.3,0.34693024,474.70444
6e-05,1e-04,1e-05,0.4,0.5451941,480.39218
6e-05,1e-04,1e-05,0.5,0.51412225,482.19977
6e-05,1e-04,1e-05,0.6,0.49851942,481.98376
6e-05,1e-04,1e-05,0.7,0.54035246,489.32364
6e-05,1e-04,1e-05,0.8,0.40411603,489.22583
6e-05,1e-04,1e-05,0.9,0.44989547,482.00778
6e-05,1e-04,1e-05,1.0,0.41664916,480.57074
7e-05,8.27e-05,1e-05,0.0,0.37115407,299.28067
7e-05,8.27e-05,1e-05,0.1,0.5942056,424.19363
7e-05,8.27e-05,1e-05,0.2,0.73806876,462.8943
7e-05,8.27e-05,1e-05,0.3,0.34695202,474.70602
7e-05,8.27e-05,1e-05,0.4,0.5451797,480.3869
7e-05,8.27e-05,1e-05,0.5,0.514119,482.1968
7e-05,8.27e-05,1e-05,0.6,0.49860507,481.97513
7e-05,8.27e-05,1e-05,0.7,0.54036105,489.32285
7e-05,8.27e-05,1e-05,0.8,0.4041127,489.2263
7e-05,8.27e-05,1e-05,0.9,0.44986013,482.00363
7e-05,8.27e-05,1e-05,1.0,0.4167107,480.60144
7e-05,8.27e-05,0.0,0.0,0.3705271,299.4199
7e-05,8.27e-05,0.0,0.1,0.5937953,424.12534
7e-05,8.27e-05,0.0,0.2,0.7376744,462.77646
7e-05,8.27e-05,0.0,0.3,0.34708488,474.7155
7e-05,8.27e-05,0.0,0.4,0.5451461,480.3737
7e-05,8.27e-05,0.0,0.5,0.51411206,482.19043
7e-05,8.27e-05,0.0,0.6,0.49877495,481.95963
7e-05,8.27e-05,0.0,0.7,0.54037476,489.3217
7e-05,8.27e-05,0.0,0.8,0.40410823,489.22687
7e-05,8.27e-05,0.0,0.9,0.4498159,481.9987
7e-05,8.27e-05,0.0,1.0,0.41678673,480.6396
7.93e-05,6.63e-05,0.0,0.0,0.37077156,299.36542
7.93e-05,6.63e-05,0.0,0.1,0.5938855,424.14014
7.93e-05,6.63e-05,0.0,0.2,0.7376886,462.77957
7.93e-05,6.63e-05,0.0,0.3,0.3471073,474.7172
7.93e-05,6.63e-05,0.0,0.4,0.54513377,480.3691
7.93e-05,6.63e-05,0.0,0.5,0.5141094,482.18793
7.93e-05,6.63e-05,0.0,0.6,0.49885672,481.9521
7.93e-05,6.63e-05,0.0,0.7,0.5403829,489.32092
7.93e-05,6.63e-05,0.0,0.8,0.40410507,489.22733
7.93e-05,6.63e-05,0.0,0.9,0.44978234,481.9952
7.93e-05,6.63e-05,0.0,1.0,0.41684535,480.6689
8e-05,6.63e-05,1e-05,0.0,0.3714131,299.2243
8e-05,6.63e-05,1e-05,0.1,0.5942962,424.20877
8e-05,6.63e-05,1e-05,0.2,0.7380813,462.89725
8e-05,6.63e-05,1e-05,0.3,0.34697333,474.70758
8e-05,6.63e-05,1e-05,0.4,0.54516613,480.38193
8e-05,6.63e-05,1e-05,0.5,0.5141161,482.19403
8e-05,6.63e-05,1e-05,0.6,0.4986866,481.9672
8e-05,6.63e-05,1e-05,0.7,0.54036915,489.3221
8e-05,6.63e-05,1e-05,0.8,0.40410948,489.22675
8e-05,6.63e-05,1e-05,0.9,0.44982672,481.99994
8e-05,6.63e-05,1e-05,1.0,0.4167689,480.6307
8.94e-05,5.04e-05,0.0,0.0,0.37101185,299.31226
8.94e-05,5.04e-05,0.0,0.1,0.59397125,424.1543
8.94e-05,5.04e-05,0.0,0.2,0.73770005,462.782
8.94e-05,5.04e-05,0.0,0.3,0.3471299,474.71902
8.94e-05,5.04e-05,0.0,0.4,0.545122,480.36465
8.94e-05,5.04e-05,0.0,0.5,0.51410687,482.18555
8.94e-05,5.04e-05,0.0,0.6,0.49893656,481.94495
8.94e-05,5.04e-05,0.0,0.7,0.54039073,489.32028
8.94e-05,5.04e-05,0.0,0.8,0.40410188,489.22775
8.94e-05,5.04e-05,0.0,0.9,0.44974965,481.99203
8.94e-05,5.04e-05,0.0,1.0,0.41690195,480.69714
8.95e-05,5.06e-05,1e-05,0.0,0.37166685,299.16943
8.95e-05,5.06e-05,1e-05,0.1,0.5943831,424.22336
8.95e-05,5.06e-05,1e-05,0.2,0.73809314,462.9001
8.95e-05,5.06e-05,1e-05,0.3,0.346994,474.70914
8.95e-05,5.06e-05,1e-05,0.4,0.5451537,480.37723
8.95e-05,5.06e-05,1e-05,0.5,0.5141134,482.19153
8.95e-05,5.06e-05,1e-05,0.6,0.49876493,481.95975
8.95e-05,5.06e-05,1e-05,0.7,0.5403769,489.3214
8.95e-05,5.06e-05,1e-05,0.8,0.4041064,489.22714
8.95e-05,5.06e-05,1e-05,0.9,0.44979447,481.99658
8.95e-05,5.06e-05,1e-05,1.0,0.4168253,480.65875
1e-04,3.46e-05,0.0,0.0,0.37125522,299.25903
1e-04,3.46e-05,0.0,0.1,0.59405583,424.1684
1e-04,3.46e-05,0.0,0.2,0.73771036,462.7841
1e-04,3.46e-05,0.0,0.3,0.34715295,474.7208
1e-04,3.46e-05,0.0,0.4,0.54511064,480.36038
1e-04,3.46e-05,0.0,0.5,0.5141045,482.1833
1e-04,3.46e-05,0.0,0.6,0.49901664,481.938
1e-04,3.46e-05,0.0,0.7,0.5403985,489.31958
1e-04,3.46e-05,0.0,0.8,0.40409872,489.22824
1e-04,3.46e-05,0.0,0.9,0.44971704,481.98907
1e-04,3.46e-05,0.0,1.0,0.41695833,480.72528
1e-04,3.41e-05,5e-06,0.0,0.37159616,299.18484
1e-04,3.41e-05,5e-06,0.1,0.59426564,424.2035
1e-04,3.41e-05,5e-06,0.2,0.7379091,462.84268
1e-04,3.41e-05,5e-06,0.3,0.3470836,474.71567
1e-04,3.41e-05,5e-06,0.4,0.54512507,480.36615
1e-04,3.41e-05,5e-06,0.5,0.5141074,482.18594
1e-04,3.41e-05,5e-06,0.6,0.4989332,481.94485
1e-04,3.41e-05,5e-06,0.7,0.5403919,489.3201
1e-04,3.41e-05,5e-06,0.8,0.40410092,489.22794
1e-04,3.41e-05,5e-06,0.9,0.44973838,481.99112
1e-04,3.41e-05,5e-06,1.0,0.41692185,480.70715
1e-04,3.46e-05,1e-05,0.0,0.37192994,299.1131
1e-04,3.46e-05,1e-05,0.1,0.5944707,424.23807
1e-04,3.46e-05,1e-05,0.2,0.7381039,462.9025
1e-04,3.46e-05,1e-05,0.3,0.34701565,474.71072
1e-04,3.46e-05,1e-05,0.4,0.5451411,480.37256
1e-04,3.46e-05,1e-05,0.5,0.5141107,482.18893
1e-04,3.46e-05,1e-05,0.6,0.49884525,481.9523
1e-04,3.46e-05,1e-05,0.7,0.5403848,489.3207
1e-04,3.46e-05,1e-05,0.8,0.40410316,489.2276
1e-04,3.46e-05,1e-05,0.9,0.4497616,481.99332
1e-04,3.46e-05,1e-05,1.0,0.4168819,480.6872
0.00011,1.73e-05,1e-05,0.0,0.3722255,299.0504
0.00011,1.73e-05,1e-05,0.1,0.594568,424.25455
0.00011,1.73e-05,1e-05,0.2,0.7381182,462.90598
0.00011,1.73e-05,1e-05,0.3,0.34703842,474.71246
0.00011,1.73e-05,1e-05,0.4,0.54512787,480.3676
0.00011,1.73e-05,1e-05,0.5,0.5141078,482.18637
0.00011,1.73e-05,1e-05,0.6,0.49893165,481.94458
0.00011,1.73e-05,1e-05,0.7,0.5403934,489.31998
0.00011,1.73e-05,1e-05,0.8,0.40409976,489.22812
0.00011,1.73e-05,1e-05,0.9,0.44972613,481.99005
0.00011,1.73e-05,1e-05,1.0,0.41694367,480.71802
0.00011,1.73e-05,0.0,0.0,0.37153238,299.19888
0.00011,1.73e-05,0.0,0.1,0.59415174,424.18433
0.00011,1.73e-05,0.0,0.2,0.7377248,462.78732
0.00011,1.73e-05,0.0,0.3,0.34717748,474.72278
0.00011,1.73e-05,0.0,0.4,0.54509836,480.35574
0.00011,1.73e-05,0.0,0.5,0.5141019,482.18088
0.00011,1.73e-05,0.0,0.6,0.4991035,481.93063
0.00011,1.73e-05,0.0,0.7,0.5404071,489.31885
0.00011,1.73e-05,0.0,0.8,0.40409532,489.2288
0.00011,1.73e-05,0.0,0.9,0.44968134,481.98608
0.00011,1.73e-05,0.0,1.0,0.41702002,480.75632
0.00012,0.0,1e-05,0.0,0.3725294,298.9865
0.00012,0.0,1e-05,0.1,0.59466606,424.27118
0.00012,0.0,1e-05,0.2,0.73813206,462.90936
0.00012,0.0,1e-05,0.3,0.34706163,474.71426
0.00012,0.0,1e-05,0.4,0.54511493,480.3628
0.00012,0.0,1e-05,0.5,0.5141052,482.1838
0.00012,0.0,1e-05,0.6,0.4990185,481.937
0.00012,0.0,1e-05,0.7,0.54040194,489.31924
0.00012,0.0,1e-05,0.8,0.4040963,489.2286
0.00012,0.0,1e-05,0.9,0.44969043,481.98697
0.00012,0.0,1e-05,1.0,0.41700527,480.7489
0.00012,0.0,0.0,0.0,0.3718173,299.1376
0.00012,0.0,0.0,0.1,0.59424794,424.20038
0.00012,0.0,0.0,0.2,0.73773915,462.7905
0.00012,0.0,0.0,0.3,0.34720212,474.72476
0.00012,0.0,0.0,0.4,0.54508656,480.3513
0.00012,0.0,0.0,0.5,0.5140994,482.1785
0.00012,0.0,0.0,0.6,0.49919084,481.9235
0.00012,0.0,0.0,0.7,0.5404156,489.31818
0.00012,0.0,0.0,0.8,0.40409175,489.22934
0.00012,0.0,0.0,0.9,0.44964564,481.9833
0.00012,0.0,0.0,1.0,0.4170818,480.78717
8e-05,1e-04,0.0,0.0,0.37023434,299.4857
8e-05,1e-04,0.0,0.1,0.59366524,424.10403
8e-05,1e-04,0.0,0.2,0.7376209,462.76212
8e-05,1e-04,0.0,0.3,0.34707475,474.7147
8e-05,1e-04,0.0,0.4,0.5451578,480.378
8e-05,1e-04,0.0,0.5,0.51411456,482.19278
8e-05,1e-04,0.0,0.6,0.4986977,481.967
8e-05,1e-04,0.0,0.7,0.54036665,489.3224
8e-05,1e-04,0.0,0.8,0.40411147,489.2264
8e-05,1e-04,0.0,0.9,0.4498507,482.00238
8e-05,1e-04,0.0,1.0,0.41672587,480.6091
8e-05,1e-04,1e-05,0.0,0.37084305,299.34912
8e-05,1e-04,1e-05,0.1,0.59407324,424.17157
8e-05,1e-04,1e-05,0.2,0.7380164,462.87912
8e-05,1e-04,1e-05,0.3,0.34694245,474.70526
8e-05,1e-04,1e-05,0.4,0.5451921,480.3914
8e-05,1e-04,1e-05,0.5,0.5141217,482.1993
8e-05,1e-04,1e-05,0.6,0.4985283,481.98288
8e-05,1e-04,1e-05,0.7,0.5403529,489.32364
8e-05,1e-04,1e-05,0.8,0.40411595,489.22586
8e-05,1e-04,1e-05,0.9,0.44989482,482.0076
8e-05,1e-04,1e-05,1.0,0.4166498,480.57108
9e-05,8.27e-05,1e-05,0.0,0.37110892,299.29056
9e-05,8.27e-05,1e-05,0.1,0.594169,424.1875
9e-05,8.27e-05,1e-05,0.2,0.73803073,462.88254
9e-05,8.27e-05,1e-05,0.3,0.34696448,474.70685
9e-05,8.27e-05,1e-05,0.4,0.5451778,480.38608
9e-05,8.27e-05,1e-05,0.5,0.51411855,482.19635
9e-05,8.27e-05,1e-05,0.6,0.4986139,481.9744
9e-05,8.27e-05,1e-05,0.7,0.5403615,489.3228
9e-05,8.27e-05,1e-05,0.8,0.40411258,489.2263
9e-05,8.27e-05,1e-05,0.9,0.44985965,482.00354
9e-05,8.27e-05,1e-05,1.0,0.41671115,480.60165
9e-05,8.3e-05,5e-06,0.0,0.37078717,299.36172
9e-05,8.3e-05,5e-06,0.1,0.59396154,424.15286
9e-05,8.3e-05,5e-06,0.2,0.73783344,462.82288
9e-05,8.3e-05,5e-06,0.3,0.34702983,474.71146
9e-05,8.3e-05,5e-06,0.4,0.545161,480.3795
9e-05,8.3e-05,5e-06,0.5,0.51411504,482.1932
9e-05,8.3e-05,5e-06,0.6,0.4986973,481.96667
9e-05,8.3e-05,5e-06,0.7,0.5403682,489.32224
9e-05,8.3e-05,5e-06,0.8,0.40411037,489.22656
9e-05,8.3e-05,5e-06,0.9,0.4498381,482.00107
9e-05,8.3e-05,5e-06,1.0,0.41674823,480.62027
9.01e-05,8.27e-05,0.0,0.0,0.3704845,299.4294
9.01e-05,8.27e-05,0.0,0.1,0.59375936,424.1194
9.01e-05,8.27e-05,0.0,0.2,0.73763514,462.76523
9.01e-05,8.27e-05,0.0,0.3,0.34709838,474.7165
9.01e-05,8.27e-05,0.0,0.4,0.5451446,480.37308
9.01e-05,8.27e-05,0.0,0.5,0.51411164,482.1901
9.01e-05,8.27e-05,0.0,0.6,0.4987839,481.9589
9.01e-05,8.27e-05,0.0,0.7,0.54037523,489.32166
9.01e-05,8.27e-05,0.0,0.8,0.4041081,489.22687
9.01e-05,8.27e-05,0.0,0.9,0.44981536,481.99857
9.01e-05,8.27e-05,0.0,1.0,0.41678727,480.63992
1e-04,6.69e-05,1e-05,0.0,0.37135625,299.23657
1e-04,6.69e-05,1e-05,0.1,0.5942555,424.20187
1e-04,6.69e-05,1e-05,0.2,0.7380419,462.8851
1e-04,6.69e-05,1e-05,0.3,0.3469854,474.70844
1e-04,6.69e-05,1e-05,0.4,0.545165,480.38135
1e-04,6.69e-05,1e-05,0.5,0.51411575,482.19373
1e-04,6.69e-05,1e-05,0.6,0.4986926,481.96664
1e-04,6.69e-05,1e-05,0.7,0.5403694,489.32208
1e-04,6.69e-05,1e-05,0.8,0.40410948,489.22665
1e-04,6.69e-05,1e-05,0.9,0.44982737,481.99994
1e-04,6.69e-05,1e-05,1.0,0.41676757,480.62994
1e-04,6.69e-05,0.0,0.0,0.37071675,299.37762
1e-04,6.69e-05,0.0,0.1,0.59384435,424.1334
1e-04,6.69e-05,0.0,0.2,0.7376469,462.76767
1e-04,6.69e-05,0.0,0.3,0.34712085,474.7183
1e-04,6.69e-05,0.0,0.4,0.5451328,480.36856
1e-04,6.69e-05,0.0,0.5,0.5141091,482.18765
1e-04,6.69e-05,0.0,0.6,0.49886316,481.95163
1e-04,6.69e-05,0.0,0.7,0.54038304,489.32095
1e-04,6.69e-05,0.0,0.8,0.40410507,489.2273
1e-04,6.69e-05,0.0,0.9,0.4497829,481.99524
1e-04,6.69e-05,0.0,1.0,0.4168436,480.66794
0.00011,5.09e-05,0.0,0.0,0.37095752,299.3242
0.00011,5.09e-05,0.0,0.1,0.59393084,424.14767
0.00011,5.09e-05,0.0,0.2,0.73765886,462.7702
0.00011,5.09e-05,0.0,0.3,0.34714368,474.72006
0.00011,5.09e-05,0.0,0.4,0.545121,480.36417
0.00011,5.09e-05,0.0,0.5,0.51410663,482.18527
0.00011,5.09e-05,0.0,0.6,0.4989435,481.94437
0.00011,5.09e-05,0.0,0.7,0.54039097,489.32022
0.00011,5.09e-05,0.0,0.8,0.4041019,489.22775
0.00011,5.09e-05,0.0,0.9,0.44975007,481.99207
0.00011,5.09e-05,0.0,1.0,0.41690075,480.69653
0.00011,5.09e-05,1e-05,0.0,0.37161288,299.18103
0.00011,5.09e-05,1e-05,0.1,0.5943435,424.21667
0.00011,5.09e-05,1e-05,0.2,0.7380535,462.88776
0.00011,5.09e-05,1e-05,0.3,0.34700656,474.71002
0.00011,5.09e-05,1e-05,0.4,0.5451523,480.37653
0.00011,5.09e-05,1e-05,0.5,0.51411295,482.19113
0.00011,5.09e-05,1e-05,0.6,0.49877256,481.9591
0.00011,5.09e-05,1e-05,0.7,0.54037726,489.32138
0.00011,5.09e-05,1e-05,0.8,0.40410635,489.22714
0.00011,5.09e-05,1e-05,0.9,0.44979453,481.99655
0.00011,5.09e-05,1e-05,1.0,0.4168245,480.65836
0.00012,3.46e-05,0.0,0.0,0.37120968,299.26892
0.00012,3.46e-05,0.0,0.1,0.5940196,424.16238
0.00012,3.46e-05,0.0,0.2,0.73767143,462.7729
0.00012,3.46e-05,0.0,0.3,0.34716702,474.72186
0.00012,3.46e-05,0.0,0.4,0.5451094,480.3597
0.00012,3.46e-05,0.0,0.5,0.514104,482.18292
0.00012,3.46e-05,0.0,0.6,0.49902552,481.9373
0.00012,3.46e-05,0.0,0.7,0.5403991,489.31952
0.00012,3.46e-05,0.0,0.8,0.40409863,489.22824
0.00012,3.46e-05,0.0,0.9,0.44971654,481.989
0.00012,3.46e-05,0.0,1.0,0.41695887,480.72556
0.00012,3.46e-05,1e-05,0.0,0.37188137,299.12338
0.00012,3.46e-05,1e-05,0.1,0.5944338,424.2319
0.00012,3.46e-05,1e-05,0.2,0.7380657,462.89062
0.00012,3.46e-05,1e-05,0.3,0.34702852,474.71164
0.00012,3.46e-05,1e-05,0.4,0.5451396,480.3719
0.00012,3.46e-05,1e-05,0.5,0.5141102,482.18857
0.00012,3.46e-05,1e-05,0.6,0.49885416,481.95157
0.00012,3.46e-05,1e-05,0.7,0.54038537,489.32068
0.00012,3.46e-05,1e-05,0.8,0.4041031,489.2276
0.00012,3.46e-05,1e-05,0.9,0.44976106,481.99326
0.00012,3.46e-05,1e-05,1.0,0.41688257,480.68747
0.00013,1.73e-05,1e-05,0.0,0.37217572,299.06088
0.00013,1.73e-05,1e-05,0.1,0.59453124,424.2483
0.00013,1.73e-05,1e-05,0.2,0.73807985,462.894
0.00013,1.73e-05,1e-05,0.3,0.34705153,474.7134
0.00013,1.73e-05,1e-05,0.4,0.5451266,480.36694
0.00013,1.73e-05,1e-05,0.5,0.51410747,482.186
0.00013,1.73e-05,1e-05,0.6,0.49894077,481.9438
0.00013,1.73e-05,1e-05,0.7,0.5403939,489.31992
0.00013,1.73e-05,1e-05,0.8,0.4040997,489.22812
0.00013,1.73e-05,1e-05,0.9,0.44972554,481.98993
0.00013,1.73e-05,1e-05,1.0,0.41694418,480.71826
0.00013,1.73e-05,0.0,0.0,0.3714855,299.20898
0.00013,1.73e-05,0.0,0.1,0.5941154,424.17828
0.00013,1.73e-05,0.0,0.2,0.7376858,462.77612
0.00013,1.73e-05,0.0,0.3,0.34719163,474.72388
0.00013,1.73e-05,0.0,0.4,0.54509735,480.35522
0.00013,1.73e-05,0.0,0.5,0.51410145,482.18048
0.00013,1.73e-05,0.0,0.6,0.4991125,481.92993
0.00013,1.73e-05,0.0,0.7,0.54040754,489.31882
0.00013,1.73e-05,0.0,0.8,0.4040952,489.2288
0.00013,1.73e-05,0.0,0.9,0.44968086,481.98596
0.00013,1.73e-05,0.0,1.0,0.4170204,480.7565
0.00014,0.0,1e-05,0.0,0.3724778,298.9973
0.00014,0.0,1e-05,0.1,0.5946289,424.2648
0.00014,0.0,1e-05,0.2,0.73809403,462.89746
0.00014,0.0,1e-05,0.3,0.34707478,474.7152
0.00014,0.0,1e-05,0.4,0.5451138,480.36215
0.00014,0.0,1e-05,0.5,0.51410484,482.18338
0.00014,0.0,1e-05,0.6,0.49902746,481.93628
0.00014,0.0,1e-05,0.7,0.5404024,489.3192
0.00014,0.0,1e-05,0.8,0.4040962,489.2286
0.00014,0.0,1e-05,0.9,0.44968987,481.98688
0.00014,0.0,1e-05,1.0,0.41700593,480.74918
0.00014,0.0,0.0,0.0,0.37176916,299.1479
0.00014,0.0,0.0,0.1,0.59421146,424.19427
0.00014,0.0,0.0,0.2,0.73770016,462.77924
0.00014,0.0,0.0,0.3,0.34721637,474.72583
0.00014,0.0,0.0,0.4,0.54508567,480.35074
0.00014,0.0,0.0,0.5,0.5140991,482.1782
0.00014,0.0,0.0,0.6,0.4991997,481.92285
0.00014,0.0,0.0,0.7,0.540416,489.31815
0.00014,0.0,0.0,0.8,0.40409172,489.22934
0.00014,0.0,0.0,0.9,0.44964507,481.98322
0.00014,0.0,0.0,1.0,0.41708228,480.78745
1e-04,1e-04,0.0,0.0,0.37019315,299.49496
1e-04,1e-04,0.0,0.1,0.59362966,424.09814
1e-04,1e-04,0.0,0.2,0.7375817,462.7511
1e-04,1e-04,0.0,0.3,0.34708822,474.7156
1e-04,1e-04,0.0,0.4,0.54515636,480.37726
1e-04,1e-04,0.0,0.5,0.51411414,482.19238
1e-04,1e-04,0.0,0.6,0.4987068,481.96622
1e-04,1e-04,0.0,0.7,0.5403671,489.32242
1e-04,1e-04,0.0,0.8,0.40411147,489.22644
1e-04,1e-04,0.0,0.9,0.4498501,482.00226
1e-04,1e-04,0.0,1.0,0.41672644,480.60944
1e-04,1e-04,1e-05,0.0,0.37079936,299.35883
1e-04,1e-04,1e-05,0.1,0.59403706,424.1656
1e-04,1e-04,1e-05,0.2,0.73797804,462.86737
1e-04,1e-04,1e-05,0.3,0.3469548,474.7061
1e-04,1e-04,1e-05,0.4,0.54519033,480.3906
1e-04,1e-04,1e-05,0.5,0.5141212,482.19885
1e-04,1e-04,1e-05,0.6,0.49853718,481.9821
1e-04,1e-04,1e-05,0.7,0.5403534,489.32358
1e-04,1e-04,1e-05,0.8,0.40411586,489.22586
1e-04,1e-04,1e-05,0.9,0.44989434,482.00757
1e-04,1e-04,1e-05,1.0,0.4166503,480.57135
0.00011,8.27e-05,1e-05,0.0,0.37106404,299.30035
0.00011,8.27e-05,1e-05,0.1,0.5941328,424.18143
0.00011,8.27e-05,1e-05,0.2,0.73799235,462.87076
0.00011,8.27e-05,1e-05,0.3,0.34697706,474.70773
0.00011,8.27e-05,1e-05,0.4,0.5451762,480.3853
0.00011,8.27e-05,1e-05,0.5,0.51411813,482.19592
0.00011,8.27e-05,1e-05,0.6,0.49862266,481.97357
0.00011,8.27e-05,1e-05,0.7,0.540362,489.32275
0.00011,8.27e-05,1e-05,0.8,0.4041125,489.22632
0.00011,8.27e-05,1e-05,0.9,0.44985902,482.00342
0.00011,8.27e-05,1e-05,1.0,0.4167116,480.60196
0.00011,8.27e-05,0.0,0.0,0.37044242,299.4388
0.00011,8.27e-05,0.0,0.1,0.5937238,424.1136
0.00011,8.27e-05,0.0,0.2,0.7375962,462.75418
0.00011,8.27e-05,0.0,0.3,0.347112,474.71747
0.00011,8.27e-05,0.0,0.4,0.5451433,480.3724
0.00011,8.27e-05,0.0,0.5,0.51411116,482.18967
0.00011,8.27e-05,0.0,0.6,0.4987929,481.95816
0.00011,8.27e-05,0.0,0.7,0.5403757,489.3216
0.00011,8.27e-05,0.0,0.8,0.40410805,489.2269
0.00011,8.27e-05,0.0,0.9,0.44981486,481.99844
0.00011,8.27e-05,0.0,1.0,0.4167878,480.64014
0.00012,6.69e-05,1e-05,0.0,0.37131003,299.24658
0.00012,6.69e-05,1e-05,0.1,0.594219,424.1958
0.00012,6.69e-05,1e-05,0.2,0.73800355,462.8733
0.00012,6.69e-05,1e-05,0.3,0.34699804,474.7093
0.00012,6.69e-05,1e-05,0.4,0.54516333,480.38058
0.00012,6.69e-05,1e-05,0.5,0.51411533,482.1933
0.00012,6.69e-05,1e-05,0.6,0.49870154,481.96588
0.00012,6.69e-05,1e-05,0.7,0.54036987,489.32205
0.00012,6.69e-05,1e-05,0.8,0.4041094,489.22665
0.00012,6.69e-05,1e-05,0.9,0.44982678,481.99985
0.00012,6.69e-05,1e-05,1.0,0.41676804,480.63028
0.00012,6.69e-05,0.0,0.0,0.3706735,299.38715
0.00012,6.69e-05,0.0,0.1,0.5938085,424.1275
0.00012,6.69e-05,0.0,0.2,0.73760766,462.75656
0.00012,6.69e-05,0.0,0.3,0.3471346,474.71924
0.00012,6.69e-05,0.0,0.4,0.5451315,480.36792
0.00012,6.69e-05,0.0,0.5,0.51410866,482.1873
0.00012,6.69e-05,0.0,0.6,0.4988722,481.95084
0.00012,6.69e-05,0.0,0.7,0.54038346,489.32092
0.00012,6.69e-05,0.0,0.8,0.40410492,489.22733
0.00012,6.69e-05,0.0,0.9,0.4497824,481.99515
0.00012,6.69e-05,0.0,1.0,0.41684422,480.6683
0.00013,5.1e-05,0.0,0.0,0.37091184,299.33432
0.00013,5.1e-05,0.0,0.1,0.59389436,424.1416
0.00013,5.1e-05,0.0,0.2,0.7376194,462.75897
0.00013,5.1e-05,0.0,0.3,0.34715745,474.72104
0.00013,5.1e-05,0.0,0.4,0.5451199,480.36362
0.00013,5.1e-05,0.0,0.5,0.5141062,482.1849
0.00013,5.1e-05,0.0,0.6,0.4989521,481.94366
0.00013,5.1e-05,0.0,0.7,0.5403914,489.32025
0.00013,5.1e-05,0.0,0.8,0.40410188,489.2278
0.00013,5.1e-05,0.0,0.9,0.44974977,481.992
0.00013,5.1e-05,0.0,1.0,0.416901,480.69666
0.00013,5.1e-05,1e-05,0.0,0.3715641,299.19156
0.00013,5.1e-05,1e-05,0.1,0.59430623,424.2104
0.00013,5.1e-05,1e-05,0.2,0.73801494,462.87585
0.00013,5.1e-05,1e-05,0.3,0.34701943,474.7109
0.00013,5.1e-05,1e-05,0.4,0.5451509,480.37592
0.00013,5.1e-05,1e-05,0.5,0.5141126,482.19077
0.00013,5.1e-05,1e-05,0.6,0.4987811,481.9584
0.00013,5.1e-05,1e-05,0.7,0.54037774,489.32135
0.00013,5.1e-05,1e-05,0.8,0.4041063,489.22717
0.00013,5.1e-05,1e-05,0.9,0.44979417,481.99652
0.00013,5.1e-05,1e-05,1.0,0.4168247,480.65848
0.00014,3.44e-05,5e-06,0.0,0.37149712,299.20627
0.00014,3.44e-05,5e-06,0.1,0.5941908,424.19095
0.00014,3.44e-05,5e-06,0.2,0.7378313,462.81955
0.00014,3.44e-05,5e-06,0.3,0.3471101,474.71756
0.00014,3.44e-05,5e-06,0.4,0.5451226,480.365
0.00014,3.44e-05,5e-06,0.5,0.51410663,482.18524
0.00014,3.44e-05,5e-06,0.6,0.49894965,481.94354
0.00014,3.44e-05,5e-06,0.7,0.5403928,489.32007
0.00014,3.44e-05,5e-06,0.8,0.40410078,489.22794
0.00014,3.44e-05,5e-06,0.9,0.4497378,481.991
0.00014,3.44e-05,5e-06,1.0,0.41692176,480.70712
0.00014,3.46e-05,0.0,0.0,0.37116453,299.27878
0.00014,3.46e-05,0.0,0.1,0.59398353,424.1563
0.00014,3.46e-05,0.0,0.2,0.7376323,462.76178
0.00014,3.46e-05,0.0,0.3,0.34718102,474.7229
0.00014,3.46e-05,0.0,0.4,0.54510826,480.3592
0.00014,3.46e-05,0.0,0.5,0.51410365,482.18256
0.00014,3.46e-05,0.0,0.6,0.49903464,481.93655
0.00014,3.46e-05,0.0,0.7,0.5403995,489.3195
0.00014,3.46e-05,0.0,0.8,0.4040986,489.22827
0.00014,3.46e-05,0.0,0.9,0.449716,481.98892
0.00014,3.46e-05,0.0,1.0,0.41695943,480.7259
0.00014,3.46e-05,1e-05,0.0,0.37183312,299.1337
0.00014,3.46e-05,1e-05,0.1,0.59439707,424.22565
0.00014,3.46e-05,1e-05,0.2,0.7380276,462.8788
0.00014,3.46e-05,1e-05,0.3,0.3470415,474.71252
0.00014,3.46e-05,1e-05,0.4,0.5451381,480.3712
0.00014,3.46e-05,1e-05,0.5,0.51410973,482.18823
0.00014,3.46e-05,1e-05,0.6,0.49886316,481.95084
0.00014,3.46e-05,1e-05,0.7,0.54038584,489.32065
0.00014,3.46e-05,1e-05,0.8,0.40410304,489.2276
0.00014,3.46e-05,1e-05,0.9,0.44976047,481.99316
0.00014,3.46e-05,1e-05,1.0,0.41688293,480.68777
0.00015,1.73e-05,1e-05,0.0,0.37212586,299.07144
0.00015,1.73e-05,1e-05,0.1,0.59449416,424.242
0.00015,1.73e-05,1e-05,0.2,0.73804164,462.8822
0.00015,1.73e-05,1e-05,0.3,0.3470647,474.71432
0.00015,1.73e-05,1e-05,0.4,0.54512525,480.36633
0.00015,1.73e-05,1e-05,0.5,0.5141071,482.1856
0.00015,1.73e-05,1e-05,0.6,0.49894965,481.9431
0.00015,1.73e-05,1e-05,0.7,0.54039437,489.3199
0.00015,1.73e-05,1e-05,0.8,0.40409958,489.2281
0.00015,1.73e-05,1e-05,0.9,0.4497249,481.9899
0.00015,1.73e-05,1e-05,1.0,0.41694483,480.7185
0.00015,1.73e-05,0.0,0.0,0.37143913,299.219
0.00015,1.73e-05,0.0,0.1,0.59407914,424.17224
0.00015,1.73e-05,0.0,0.2,0.73764664,462.76486
0.00015,1.73e-05,0.0,0.3,0.34720582,474.7249
0.00015,1.73e-05,0.0,0.4,0.54509646,480.35468
0.00015,1.73e-05,0.0,0.5,0.5141011,482.1802
0.00015,1.73e-05,0.0,0.6,0.4991216,481.9293
0.00015,1.73e-05,0.0,0.7,0.540408,489.3188
0.00015,1.73e-05,0.0,0.8,0.40409508,489.2288
0.00015,1.73e-05,0.0,0.9,0.4496803,481.98593
0.00015,1.73e-05,0.0,1.0,0.417021,480.7568
0.00016,0.0,1e-05,0.0,0.37242678,299.00793
0.00016,0.0,1e-05,0.1,0.5945918,424.25858
0.00016,0.0,1e-05,0.2,0.73805565,462.88553
0.00016,0.0,1e-05,0.3,0.34708807,474.71613
0.00016,0.0,1e-05,0.4,0.5451125,480.36154
0.00016,0.0,1e-05,0.5,0.51410437,482.18307
0.00016,0.0,1e-05,0.6,0.49903655,481.93564
0.00016,0.0,1e-05,0.7,0.5404029,489.31918
0.00016,0.0,1e-05,0.8,0.40409616,489.2286
0.00016,0.0,1e-05,0.9,0.4496893,481.98682
0.00016,0.0,1e-05,1.0,0.41700637,480.74942
0.00016,0.0,0.0,0.0,0.37172115,299.1582
0.00016,0.0,0.0,0.1,0.5941751,424.18817
0.00016,0.0,0.0,0.2,0.7376612,462.76807
0.00016,0.0,0.0,0.3,0.3472307,474.7269
0.00016,0.0,0.0,0.4,0.54508466,480.35022
0.00016,0.0,0.0,0.5,0.5140987,482.1779
0.00016,0.0,0.0,0.6,0.49920884,481.9222
0.00016,0.0,0.0,0.7,0.5404165,489.3181
0.00016,0.0,0.0,0.8,0.40409163,489.22934
0.00016,0.0,0.0,0.9,0.4496445,481.98315
0.00016,0.0,0.0,1.0,0.41708276,480.78775
0.00012,1e-04,0.0,0.0,0.37015224,299.50427
0.00012,1e-04,0.0,0.1,0.593594,424.09238
0.00012,1e-04,0.0,0.2,0.73754233,462.74005
0.00012,1e-04,0.0,0.3,0.34710157,474.7166
0.00012,1e-04,0.0,0.4,0.54515505,480.3766
0.00012,1e-04,0.0,0.5,0.51411366,482.192
0.00012,1e-04,0.0,0.6,0.49871564,481.96548
0.00012,1e-04,0.0,0.7,0.5403676,489.3224
0.00012,1e-04,0.0,0.8,0.4041114,489.22644
0.00012,1e-04,0.0,0.9,0.44984955,482.00217
0.00012,1e-04,0.0,1.0,0.4167269,480.60968
0.00012,1e-04,1e-05,0.0,0.37075567,299.3685
0.00012,1e-04,1e-05,0.1,0.5940008,424.1595
0.00012,1e-04,1e-05,0.2,0.73793954,462.85568
0.00012,1e-04,1e-05,0.3,0.34696728,474.7069
0.00012,1e-04,1e-05,0.4,0.54518855,480.38983
0.00012,1e-04,1e-05,0.5,0.5141207,482.19843
0.00012,1e-04,1e-05,0.6,0.4985459,481.98126
0.00012,1e-04,1e-05,0.7,0.54035383,489.3236
0.00012,1e-04,1e-05,0.8,0.4041157,489.2258
0.00012,1e-04,1e-05,0.9,0.4498937,482.00745
0.00012,1e-04,1e-05,1.0,0.4166509,480.5716
0.00013,8.27e-05,1e-05,0.0,0.3710193,299.31018
0.00013,8.27e-05,1e-05,0.1,0.5940965,424.17535
0.00013,8.27e-05,1e-05,0.2,0.7379538,462.85907
0.00013,8.27e-05,1e-05,0.3,0.34698966,474.7086
0.00013,8.27e-05,1e-05,0.4,0.5451745,480.3846
0.00013,8.27e-05,1e-05,0.5,0.5141176,482.19547
0.00013,8.27e-05,1e-05,0.6,0.49863163,481.97278
0.00013,8.27e-05,1e-05,0.7,0.5403625,489.32272
0.00013,8.27e-05,1e-05,0.8,0.4041124,489.22626
0.00013,8.27e-05,1e-05,0.9,0.44985843,482.0034
0.00013,8.27e-05,1e-05,1.0,0.41671225,480.6023
0.00013,8.27e-05,0.0,0.0,0.3704004,299.4482
0.00013,8.27e-05,0.0,0.1,0.5936881,424.10764
0.00013,8.27e-05,0.0,0.2,0.73755693,462.74316
0.00013,8.27e-05,0.0,0.3,0.3471258,474.71854
0.00013,8.27e-05,0.0,0.4,0.54514194,480.3717
0.00013,8.27e-05,0.0,0.5,0.5141108,482.1893
0.00013,8.27e-05,0.0,0.6,0.4988018,481.95737
0.00013,8.27e-05,0.0,0.7,0.5403761,489.3216
0.00013,8.27e-05,0.0,0.8,0.404108,489.2269
0.00013,8.27e-05,0.0,0.9,0.44981423,481.99835
0.00013,8.27e-05,0.0,1.0,0.41678852,480.64053
0.00014,6.69e-05,1e-05,0.0,0.37126437,299.25653
0.00014,6.69e-05,1e-05,0.1,0.5941826,424.18976
0.00014,6.69e-05,1e-05,0.2,0.73796517,462.86154
0.00014,6.69e-05,1e-05,0.3,0.34701085,474.71017
0.00014,6.69e-05,1e-05,0.4,0.54516184,480.37988
0.00014,6.69e-05,1e-05,0.5,0.51411486,482.19293
0.00014,6.69e-05,1e-05,0.6,0.49871045,481.9651
0.00014,6.69e-05,1e-05,0.7,0.5403703,489.32205
0.00014,6.69e-05,1e-05,0.8,0.40410933,489.22668
0.00014,6.69e-05,1e-05,0.9,0.4498262,481.9998
0.00014,6.69e-05,1e-05,1.0,0.41676852,480.63052
0.00014,6.69e-05,0.0,0.0,0.37063047,299.3967
0.00014,6.69e-05,0.0,0.1,0.59377265,424.12155
0.00014,6.69e-05,0.0,0.2,0.7375685,462.74554
0.00014,6.69e-05,0.0,0.3,0.3471484,474.72028
0.00014,6.69e-05,0.0,0.4,0.54513025,480.36737
0.00014,6.69e-05,0.0,0.5,0.5141082,482.18695
0.00014,6.69e-05,0.0,0.6,0.49888104,481.9501
0.00014,6.69e-05,0.0,0.7,0.54038393,489.32086
0.00014,6.69e-05,0.0,0.8,0.40410486,489.22733
0.00014,6.69e-05,0.0,0.9,0.44978186,481.99503
0.00014,6.69e-05,0.0,1.0,0.41684484,480.66858
0.00015,5.1e-05,0.0,0.0,0.37086794,299.344
0.00015,5.1e-05,0.0,0.1,0.59385836,424.13568
0.00015,5.1e-05,0.0,0.2,0.7375802,462.74796
0.00015,5.1e-05,0.0,0.3,0.34717143,474.7221
0.00015,5.1e-05,0.0,0.4,0.5451188,480.363
0.00015,5.1e-05,0.0,0.5,0.51410574,482.18457
0.00015,5.1e-05,0.0,0.6,0.49896103,481.94302
0.00015,5.1e-05,0.0,0.7,0.5403918,489.32022
0.00015,5.1e-05,0.0,0.8,0.40410176,489.22775
0.00015,5.1e-05,0.0,0.9,0.44974914,481.9919
0.00015,5.1e-05,0.0,1.0,0.4169013,480.69684
0.00015,5.1e-05,1e-05,0.0,0.37151736,299.2017
0.00015,5.1e-05,1e-05,0.1,0.5942697,424.20428
0.00015,5.1e-05,1e-05,0.2,0.73797673,462.86417
0.00015,5.1e-05,1e-05,0.3,0.3470323,474.71173
0.00015,5.1e-05,1e-05,0.4,0.5451493,480.3752
0.00015,5.1e-05,1e-05,0.5,0.5141121,482.19034
0.00015,5.1e-05,1e-05,0.6,0.49879006,481.9576
0.00015,5.1e-05,1e-05,0.7,0.5403782,489.32132
0.00015,5.1e-05,1e-05,0.8,0.4041063,489.22717
0.00015,5.1e-05,1e-05,0.9,0.44979364,481.9964
0.00015,5.1e-05,1e-05,1.0,0.41682518,480.65872
0.00016,3.46e-05,0.0,0.0,0.37111923,299.28867
0.00016,3.46e-05,0.0,0.1,0.5939476,424.15036
0.00016,3.46e-05,0.0,0.2,0.73759305,462.75067
0.00016,3.46e-05,0.0,0.3,0.3471951,474.724
0.00016,3.46e-05,0.0,0.4,0.54510725,480.35864
0.00016,3.46e-05,0.0,0.5,0.5141033,482.18222
0.00016,3.46e-05,0.0,0.6,0.49904358,481.9359
0.00016,3.46e-05,0.0,0.7,0.5403999,489.31946
0.00016,3.46e-05,0.0,0.8,0.4040985,489.22827
0.00016,3.46e-05,0.0,0.9,0.4497154,481.9888
0.00016,3.46e-05,0.0,1.0,0.41696,480.72617
0.00016,3.46e-05,1e-05,0.0,0.37178499,299.144
0.00016,3.46e-05,1e-05,0.1,0.5943603,424.21948
0.00016,3.46e-05,1e-05,0.2,0.73798925,462.86703
0.00016,3.46e-05,1e-05,0.3,0.34705457,474.7135
0.00016,3.46e-05,1e-05,0.4,0.5451367,480.3705
0.00016,3.46e-05,1e-05,0.5,0.5141094,482.1878
0.00016,3.46e-05,1e-05,0.6,0.49887216,481.9501
0.00016,3.46e-05,1e-05,0.7,0.5403863,489.3206
0.00016,3.46e-05,1e-05,0.8,0.40410298,489.2276
0.00016,3.46e-05,1e-05,0.9,0.44976,481.9931
0.00016,3.46e-05,1e-05,1.0,0.41688356,480.68805
0.00017,1.73e-05,1e-05,0.0,0.37207654,299.08197
0.00017,1.73e-05,1e-05,0.1,0.59445745,424.2358
0.00017,1.73e-05,1e-05,0.2,0.7380033,462.8704
0.00017,1.73e-05,1e-05,0.3,0.3470779,474.71527
0.00017,1.73e-05,1e-05,0.4,0.54512393,480.3657
0.00017,1.73e-05,1e-05,0.5,0.5141067,482.18524
0.00017,1.73e-05,1e-05,0.6,0.49895865,481.9424
0.00017,1.73e-05,1e-05,0.7,0.5403948,489.3199
0.00017,1.73e-05,1e-05,0.8,0.40409958,489.2281
0.00017,1.73e-05,1e-05,0.9,0.44972438,481.98978
0.00017,1.73e-05,1e-05,1.0,0.41694543,480.7188
0.00017,1.73e-05,0.0,0.0,0.3713928,299.229
0.00017,1.73e-05,0.0,0.1,0.5940429,424.1662
0.00017,1.73e-05,0.0,0.2,0.7376075,462.75378
0.00017,1.73e-05,0.0,0.3,0.34722003,474.72598
0.00017,1.73e-05,0.0,0.4,0.5450954,480.35413
0.00017,1.73e-05,0.0,0.5,0.51410073,482.17984
0.00017,1.73e-05,0.0,0.6,0.49913064,481.92862
0.00017,1.73e-05,0.0,0.7,0.54040843,489.31876
0.00017,1.73e-05,0.0,0.8,0.40409502,489.22882
0.00017,1.73e-05,0.0,0.9,0.44967973,481.9858
0.00017,1.73e-05,0.0,1.0,0.41702148,480.75705
0.00018,0.0,1e-05,0.0,0.37237597,299.0186
0.00018,0.0,1e-05,0.1,0.5945549,424.25226
0.00018,0.0,1e-05,0.2,0.7380175,462.87378
0.00018,0.0,1e-05,0.3,0.34710142,474.71707
0.00018,0.0,1e-05,0.4,0.5451112,480.36096
0.00018,0.0,1e-05,0.5,0.514104,482.1827
0.00018,0.0,1e-05,0.6,0.49904555,481.9349
0.00018,0.0,1e-05,0.7,0.54040337,489.31915
0.00018,0.0,1e-05,0.8,0.4040961,489.22864
0.00018,0.0,1e-05,0.9,0.44968876,481.98672
0.00018,0.0,1e-05,1.0,0.41700694,480.74963
0.00018,0.0,0.0,0.0,0.37167343,299.16843
0.00018,0.0,0.0,0.1,0.59413874,424.18213
0.00018,0.0,0.0,0.2,0.737622,462.75696
0.00018,0.0,0.0,0.3,0.34724534,474.72806
0.00018,0.0,0.0,0.4,0.54508394,480.34973
0.00018,0.0,0.0,0.5,0.5140983,482.17755
0.00018,0.0,0.0,0.6,0.49921793,481.92148
0.00018,0.0,0.0,0.7,0.5404169,489.31808
0.00018,0.0,0.0,0.8,0.40409157,489.22934
0.00018,0.0,0.0,0.9,0.449644,481.98306
0.00018,0.0,0.0,1.0,0.41708344,480.78793
0.00014,1e-04,0.0,0.0,0.37011144,299.51346
0.00014,1e-04,0.0,0.1,0.5935585,424.08652
0.00014,1e-04,0.0,0.2,0.737503,462.7291
0.00014,1e-04,0.0,0.3,0.34711528,474.71765
0.00014,1e-04,0.0,0.4,0.5451537,480.37598
0.00014,1e-04,0.0,0.5,0.51411325,482.19162
0.00014,1e-04,0.0,0.6,0.49872452,481.9647
0.00014,1e-04,0.0,0.7,0.5403681,489.32233
0.00014,1e-04,0.0,0.8,0.40411127,489.22644
0.00014,1e-04,0.0,0.9,0.44984904,482.0021
0.00014,1e-04,0.0,1.0,0.41672742,480.60992
0.00014,9.31e-05,5e-06,0.0,0.37051657,299.42197
0.00014,9.31e-05,5e-06,0.1,0.5938057,424.12717
0.00014,9.31e-05,5e-06,0.2,0.73771644,462.78928
0.00014,9.31e-05,5e-06,0.3,0.34705296,474.71304
0.00014,9.31e-05,5e-06,0.4,0.5451646,480.38046
0.00014,9.31e-05,5e-06,0.5,0.5141156,482.1937
0.00014,9.31e-05,5e-06,0.6,0.49867195,481.9693
0.00014,9.31e-05,5e-06,0.7,0.5403645,489.32257
0.00014,9.31e-05,5e-06,0.8,0.4041121,489.2263
0.00014,9.31e-05,5e-06,0.9,0.44985706,482.00308
0.00014,9.31e-05,5e-06,1.0,0.41671374,480.60303
0.00014,1e-04,1e-05,0.0,0.37071234,299.37805
0.00014,1e-04,1e-05,0.1,0.5939647,424.1535
0.00014,1e-04,1e-05,0.2,0.7379009,462.84406
0.00014,1e-04,1e-05,0.3,0.34697986,474.70776
0.00014,1e-04,1e-05,0.4,0.5451869,480.38907
0.00014,1e-04,1e-05,0.5,0.5141203,482.19803
0.00014,1e-04,1e-05,0.6,0.4985549,481.98044
0.00014,1e-04,1e-05,0.7,0.5403544,489.32358
0.00014,1e-04,1e-05,0.8,0.40411574,489.22586
0.00014,1e-04,1e-05,0.9,0.44989324,482.00732
0.00014,1e-04,1e-05,1.0,0.41665134,480.5718
0.00015,8.27e-05,1e-05,0.0,0.37097487,299.31992
0.00015,8.27e-05,1e-05,0.1,0.59406024,424.16937
0.00015,8.27e-05,1e-05,0.2,0.73791534,462.8474
0.00015,8.27e-05,1e-05,0.3,0.34700236,474.70944
0.00015,8.27e-05,1e-05,0.4,0.5451729,480.38385
0.00015,8.27e-05,1e-05,0.5,0.5141171,482.1951
0.00015,8.27e-05,1e-05,0.6,0.49864054,481.97195
0.00015,8.27e-05,1e-05,0.7,0.54036295,489.3227
0.00015,8.27e-05,1e-05,0.8,0.4041124,489.22626
0.00015,8.27e-05,1e-05,0.9,0.4498579,482.00327
0.00015,8.27e-05,1e-05,1.0,0.41671267,480.60245
0.00015,8.27e-05,0.0,0.0,0.3703586,299.45764
0.00015,8.27e-05,0.0,0.1,0.5936525,424.10187
0.00015,8.27e-05,0.0,0.2,0.73751765,462.73224
0.00015,8.27e-05,0.0,0.3,0.3471394,474.7195
0.00015,8.27e-05,0.0,0.4,0.5451406,480.37103
0.00015,8.27e-05,0.0,0.5,0.5141103,482.18896
0.00015,8.27e-05,0.0,0.6,0.49881083,481.9566
0.00015,8.27e-05,0.0,0.7,0.5403766,489.32156
0.00015,8.27e-05,0.0,0.8,0.40410793,489.2269
0.00015,8.27e-05,0.0,0.9,0.44981366,481.99823
0.00015,8.27e-05,0.0,1.0,0.4167889,480.64062
0.00016,6.69e-05,1e-05,0.0,0.37121874,299.2665
0.00016,6.69e-05,1e-05,0.1,0.5941462,424.18365
0.00016,6.69e-05,1e-05,0.2,0.7379267,462.84998
0.00016,6.69e-05,1e-05,0.3,0.3470237,474.7111
0.00016,6.69e-05,1e-05,0.4,0.5451603,480.37912
0.00016,6.69e-05,1e-05,0.5,0.5141144,482.19247
0.00016,6.69e-05,1e-05,0.6,0.49871936,481.96436
0.00016,6.69e-05,1e-05,0.7,0.54037076,489.32202
0.00016,6.69e-05,1e-05,0.8,0.40410927,489.22668
0.00016,6.69e-05,1e-05,0.9,0.44982564,481.99966
0.00016,6.69e-05,1e-05,1.0,0.41676894,480.6307
0.00016,6.69e-05,0.0,0.0,0.3705876,299.4063
0.00016,6.69e-05,0.0,0.1,0.593737,424.1157
0.00016,6.69e-05,0.0,0.2,0.7375292,462.7346
0.00016,6.69e-05,0.0,0.3,0.34716234,474.72128
0.00016,6.69e-05,0.0,0.4,0.54512906,480.36673
0.00016,6.69e-05,0.0,0.5,0.5141079,482.18658
0.00016,6.69e-05,0.0,0.6,0.49888998,481.94937
0.00016,6.69e-05,0.0,0.7,0.5403845,489.32083
0.00016,6.69e-05,0.0,0.8,0.40410483,489.22733
0.00016,6.69e-05,0.0,0.9,0.44978118,481.99493
0.00016,6.69e-05,0.0,1.0,0.41684526,480.6688
0.00017,5.1e-05,0.0,0.0,0.37082398,299.35373
0.00017,5.1e-05,0.0,0.1,0.59382236,424.1297
0.00017,5.1e-05,0.0,0.2,0.737541,462.737
0.00017,5.1e-05,0.0,0.3,0.34718564,474.72314
0.00017,5.1e-05,0.0,0.4,0.5451177,480.3624
0.00017,5.1e-05,0.0,0.5,0.5141053,482.18423
0.00017,5.1e-05,0.0,0.6,0.49896994,481.9423
0.00017,5.1e-05,0.0,0.7,0.5403923,489.3202
0.00017,5.1e-05,0.0,0.8,0.40410164,489.22775
0.00017,5.1e-05,0.0,0.9,0.4497486,481.9918
0.00017,5.1e-05,0.0,1.0,0.416902,480.69714
0.00017,5.1e-05,1e-05,0.0,0.37147036,299.2118
0.00017,5.1e-05,1e-05,0.1,0.59423316,424.19815
0.00017,5.1e-05,1e-05,0.2,0.7379381,462.8525
0.00017,5.1e-05,1e-05,0.3,0.3470454,474.7127
0.00017,5.1e-05,1e-05,0.4,0.54514796,480.3745
0.00017,5.1e-05,1e-05,0.5,0.51411164,482.18997
0.00017,5.1e-05,1e-05,0.6,0.49879897,481.95688
0.00017,5.1e-05,1e-05,0.7,0.5403787,489.32126
0.00017,5.1e-05,1e-05,0.8,0.4041061,489.22717
0.00017,5.1e-05,1e-05,0.9,0.44979298,481.99628
0.00017,5.1e-05,1e-05,1.0,0.41682574,480.659
0.00018,3.44e-05,5e-06,0.0,0.37140378,299.22638
0.00018,3.44e-05,5e-06,0.1,0.5941181,424.17886
0.00018,3.44e-05,5e-06,0.2,0.7377536,462.79675
0.00018,3.44e-05,5e-06,0.3,0.34713736,474.71957
0.00018,3.44e-05,5e-06,0.4,0.5451201,480.36377
0.00018,3.44e-05,5e-06,0.5,0.5141059,482.18457
0.00018,3.44e-05,5e-06,0.6,0.49896765,481.9421
0.00018,3.44e-05,5e-06,0.7,0.5403937,489.31998
0.00018,3.44e-05,5e-06,0.8,0.40410066,489.22794
0.00018,3.44e-05,5e-06,0.9,0.44973665,481.99078
0.00018,3.44e-05,5e-06,1.0,0.4169229,480.70758
0.00018,3.46e-05,0.0,0.0,0.37107408,299.29855
0.00018,3.46e-05,0.0,0.1,0.5939115,424.14444
0.00018,3.46e-05,0.0,0.2,0.7375537,462.73962
0.00018,3.46e-05,0.0,0.3,0.34720948,474.72507
0.00018,3.46e-05,0.0,0.4,0.5451062,480.35812
0.00018,3.46e-05,0.0,0.5,0.51410294,482.1819
0.00018,3.46e-05,0.0,0.6,0.4990527,481.93518
0.00018,3.46e-05,0.0,0.7,0.5404004,489.31946
0.00018,3.46e-05,0.0,0.8,0.4040984,489.22827
0.00018,3.46e-05,0.0,0.9,0.44971487,481.98877
0.00018,3.46e-05,0.0,1.0,0.41696036,480.72635
0.00018,3.46e-05,1e-05,0.0,0.371737,299.15433
0.00018,3.46e-05,1e-05,0.1,0.59432375,424.2133
0.00018,3.46e-05,1e-05,0.2,0.7379507,462.85538
0.00018,3.46e-05,1e-05,0.3,0.3470678,474.71445
0.00018,3.46e-05,1e-05,0.4,0.54513544,480.36984
0.00018,3.46e-05,1e-05,0.5,0.5141089,482.18744
0.00018,3.46e-05,1e-05,0.6,0.49888098,481.94937
0.00018,3.46e-05,1e-05,0.7,0.54038674,489.32056
0.00018,3.46e-05,1e-05,0.8,0.4041029,489.22763
0.00018,3.46e-05,1e-05,0.9,0.44975936,481.993
0.00018,3.46e-05,1e-05,1.0,0.41688403,480.6882
0.00019,1.73e-05,0.0,0.0,0.37134638,299.23907
0.00019,1.73e-05,0.0,0.1,0.59400666,424.16016
0.00019,1.73e-05,0.0,0.2,0.7375684,462.74274
0.00019,1.73e-05,0.0,0.3,0.34723443,474.72705
0.00019,1.73e-05,0.0,0.4,0.54509455,480.3536
0.00019,1.73e-05,0.0,0.5,0.5141004,482.17957
0.00019,1.73e-05,0.0,0.6,0.49913967,481.92795
0.00019,1.73e-05,0.0,0.7,0.5404089,489.31876
0.00019,1.73e-05,0.0,0.8,0.40409496,489.22882
0.00019,1.73e-05,0.0,0.9,0.44967914,481.98572
0.00019,1.73e-05,0.0,1.0,0.4170218,480.75717
0.00019,1.73e-05,1e-05,0.0,0.3720274,299.09238
0.00019,1.73e-05,1e-05,0.1,0.5944207,424.22958
0.00019,1.73e-05,1e-05,0.2,0.7379648,462.85873
0.00019,1.73e-05,1e-05,0.3,0.3470912,474.7162
0.00019,1.73e-05,1e-05,0.4,0.5451226,480.36505
0.00019,1.73e-05,1e-05,0.5,0.5141063,482.18488
0.00019,1.73e-05,1e-05,0.6,0.49896777,481.94168
0.00019,1.73e-05,1e-05,0.7,0.54039526,489.31985
0.00019,1.73e-05,1e-05,0.8,0.40409946,489.2281
0.00019,1.73e-05,1e-05,0.9,0.44972378,481.9897
0.00019,1.73e-05,1e-05,1.0,0.4169457,480.71893
0.0002,0.0,1e-05,0.0,0.3723256,299.0292
0.0002,0.0,1e-05,0.1,0.5945178,424.246
0.0002,0.0,1e-05,0.2,0.73797905,462.862
0.0002,0.0,1e-05,0.3,0.34711486,474.71802
0.0002,0.0,1e-05,0.4,0.54511,480.36032
0.0002,0.0,1e-05,0.5,0.51410365,482.18237
0.0002,0.0,1e-05,0.6,0.4990545,481.9342
0.0002,0.0,1e-05,0.7,0.5404038,489.3191
0.0002,0.0,1e-05,0.8,0.40409604,489.22864
0.0002,0.0,1e-05,0.9,0.44968814,481.9866
0.0002,0.0,1e-05,1.0,0.41700727,480.74988
0.0002,0.0,0.0,0.0,0.37162587,299.17862
0.0002,0.0,0.0,0.1,0.59410244,424.1761
0.0002,0.0,0.0,0.2,0.73758274,462.74588
0.0002,0.0,0.0,0.3,0.34725976,474.72913
0.0002,0.0,0.0,0.4,0.545083,480.34927
0.0002,0.0,0.0,0.5,0.514098,482.1773
0.0002,0.0,0.0,0.6,0.49922687,481.92084
0.0002,0.0,0.0,0.7,0.5404174,489.31802
0.0002,0.0,0.0,0.8,0.4040915,489.22937
0.0002,0.0,0.0,0.9,0.4496433,481.98294
0.0002,0.0,0.0,1.0,0.41708374,480.78815
0.00016,1e-04,0.0,0.0,0.37007067,299.52277
0.00016,1e-04,0.0,0.1,0.59352314,424.08075
0.00016,1e-04,0.0,0.2,0.7374637,462.71826
0.00016,1e-04,0.0,0.3,0.34712914,474.71863
0.00016,1e-04,0.0,0.4,0.54515225,480.3753
0.00016,1e-04,0.0,0.5,0.5141128,482.19122
0.00016,1e-04,0.0,0.6,0.49873355,481.9639
0.00016,1e-04,0.0,0.7,0.54036856,489.3223
0.00016,1e-04,0.0,0.8,0.40411127,489.22644
0.00016,1e-04,0.0,0.9,0.4498485,482.00198
0.00016,1e-04,0.0,1.0,0.41672796,480.61014
0.00016,1e-04,1e-05,0.0,0.3706691,299.3877
0.00016,1e-04,1e-05,0.1,0.59392875,424.14755
0.00016,1e-04,1e-05,0.2,0.7378623,462.83252
0.00016,1e-04,1e-05,0.3,0.3469925,474.70865
0.00016,1e-04,1e-05,0.4,0.54518515,480.3883
0.00016,1e-04,1e-05,0.5,0.5141198,482.19757
0.00016,1e-04,1e-05,0.6,0.4985637,481.97964
0.00016,1e-04,1e-05,0.7,0.5403548,489.32352
0.00016,1e-04,1e-05,0.8,0.40411562,489.22583
0.00016,1e-04,1e-05,0.9,0.44989255,482.00723
0.00016,1e-04,1e-05,1.0,0.41665184,480.57205
0.00017,8.27e-05,0.0,0.0,0.37031654,299.46707
0.00017,8.27e-05,0.0,0.1,0.59361696,424.09607
0.00017,8.27e-05,0.0,0.2,0.7374782,462.7214
0.00017,8.27e-05,0.0,0.3,0.34715337,474.72055
0.00017,8.27e-05,0.0,0.4,0.54513943,480.37048
0.00017,8.27e-05,0.0,0.5,0.51410997,482.18854
0.00017,8.27e-05,0.0,0.6,0.4988196,481.9558
0.00017,8.27e-05,0.0,0.7,0.5403771,489.3215
0.00017,8.27e-05,0.0,0.8,0.4041078,489.2269
0.00017,8.27e-05,0.0,0.9,0.4498131,481.99814
0.00017,8.27e-05,0.0,1.0,0.41678944,480.64087
0.00017,8.27e-05,1e-05,0.0,0.37093037,299.32974
0.00017,8.27e-05,1e-05,0.1,0.594024,424.16324
0.00017,8.27e-05,1e-05,0.2,0.73787683,462.8359
0.00017,8.27e-05,1e-05,0.3,0.3470151,474.71033
0.00017,8.27e-05,1e-05,0.4,0.54517114,480.38312
0.00017,8.27e-05,1e-05,0.5,0.51411676,482.1947
0.00017,8.27e-05,1e-05,0.6,0.49864936,481.97116
0.00017,8.27e-05,1e-05,0.7,0.5403634,489.32263
0.00017,8.27e-05,1e-05,0.8,0.40411234,489.22626
0.00017,8.27e-05,1e-05,0.9,0.44985735,482.00314
0.00017,8.27e-05,1e-05,1.0,0.4167135,480.60294
0.00018,6.69e-05,1e-05,0.0,0.3711732,299.2764
0.00018,6.69e-05,1e-05,0.1,0.5941099,424.17758
0.00018,6.69e-05,1e-05,0.2,0.737888,462.83838
0.00018,6.69e-05,1e-05,0.3,0.34703666,474.71194
0.00018,6.69e-05,1e-05,0.4,0.5451587,480.37845
0.00018,6.69e-05,1e-05,0.5,0.5141139,482.19214
0.00018,6.69e-05,1e-05,0.6,0.4987283,481.96356
0.00018,6.69e-05,1e-05,0.7,0.54037124,489.32202
0.00018,6.69e-05,1e-05,0.8,0.40410927,489.22668
0.00018,6.69e-05,1e-05,0.9,0.44982505,481.99957
0.00018,6.69e-05,1e-05,1.0,0.41676947,480.631
0.00018,6.69e-05,0.0,0.0,0.37054494,299.4158
0.00018,6.69e-05,0.0,0.1,0.59370124,424.1098
0.00018,6.69e-05,0.0,0.2,0.73748976,462.7237
0.00018,6.69e-05,0.0,0.3,0.34717634,474.72235
0.00018,6.69e-05,0.0,0.4,0.54512787,480.36615
0.00018,6.69e-05,0.0,0.5,0.51410747,482.1862
0.00018,6.69e-05,0.0,0.6,0.49889904,481.94864
0.00018,6.69e-05,0.0,0.7,0.5403849,489.3208
0.00018,6.69e-05,0.0,0.8,0.40410477,489.22733
0.00018,6.69e-05,0.0,0.9,0.44978067,481.99487
0.00018,6.69e-05,0.0,1.0,0.41684574,480.66907
0.00019,5.1e-05,0.0,0.0,0.37078014,299.3634
0.00019,5.1e-05,0.0,0.1,0.5937866,424.12384
0.00019,5.1e-05,0.0,0.2,0.7375016,462.72607
0.00019,5.1e-05,0.0,0.3,0.34719974,474.72424
0.00019,5.1e-05,0.0,0.4,0.5451166,480.36188
0.00019,5.1e-05,0.0,0.5,0.51410496,482.1839
0.00019,5.1e-05,0.0,0.6,0.4989791,481.9416
0.00019,5.1e-05,0.0,0.7,0.54039276,489.32013
0.00019,5.1e-05,0.0,0.8,0.40410158,489.22778
0.00019,5.1e-05,0.0,0.9,0.44974795,481.9917
0.00019,5.1e-05,0.0,1.0,0.41690248,480.6974
0.00019,5.1e-05,1e-05,0.0,0.37142372,299.22183
0.00019,5.1e-05,1e-05,0.1,0.5941967,424.19202
0.00019,5.1e-05,1e-05,0.2,0.73789954,462.8409
0.00019,5.1e-05,1e-05,0.3,0.34705856,474.71362
0.00019,5.1e-05,1e-05,0.4,0.54514647,480.37387
0.00019,5.1e-05,1e-05,0.5,0.5141113,482.1896
0.00019,5.1e-05,1e-05,0.6,0.49880776,481.95612
0.00019,5.1e-05,1e-05,0.7,0.5403791,489.32123
0.00019,5.1e-05,1e-05,0.8,0.40410605,489.2271
0.00019,5.1e-05,1e-05,0.9,0.44979244,481.9962
0.00019,5.1e-05,1e-05,1.0,0.41682625,480.65927
0.0002,3.46e-05,0.0,0.0,0.3710295,299.30832
0.0002,3.46e-05,0.0,0.1,0.59387547,424.13846
0.0002,3.46e-05,0.0,0.2,0.73751444,462.72873
0.0002,3.46e-05,0.0,0.3,0.34722385,474.7262
0.0002,3.46e-05,0.0,0.4,0.5451052,480.3575
0.0002,3.46e-05,0.0,0.5,0.5141026,482.18158
0.0002,3.46e-05,0.0,0.6,0.49906158,481.93445
0.0002,3.46e-05,0.0,0.7,0.54040086,489.3194
0.0002,3.46e-05,0.0,0.8,0.4040984,489.22827
0.0002,3.46e-05,0.0,0.9,0.44971424,481.98865
0.0002,3.46e-05,0.0,1.0,0.41696098,480.7266
0.0002,3.46e-05,1e-05,0.0,0.37168917,299.16455
0.0002,3.46e-05,1e-05,0.1,0.59428704,424.20712
0.0002,3.46e-05,1e-05,0.2,0.73791224,462.84378
0.0002,3.46e-05,1e-05,0.3,0.34708107,474.71536
0.0002,3.46e-05,1e-05,0.4,0.54513407,480.36926
0.0002,3.46e-05,1e-05,0.5,0.51410854,482.1871
0.0002,3.46e-05,1e-05,0.6,0.49889007,481.94864
0.0002,3.46e-05,1e-05,0.7,0.54038715,489.32053
0.0002,3.46e-05,1e-05,0.8,0.40410274,489.22763
0.0002,3.46e-05,1e-05,0.9,0.44975877,481.9929
0.0002,3.46e-05,1e-05,1.0,0.41688457,480.6885
0.00021,1.73e-05,1e-05,0.0,0.37197822,299.10275
0.00021,1.73e-05,1e-05,0.1,0.5943839,424.2234
0.00021,1.73e-05,1e-05,0.2,0.7379263,462.84702
0.00021,1.73e-05,1e-05,0.3,0.3471046,474.71716
0.00021,1.73e-05,1e-05,0.4,0.5451213,480.36444
0.00021,1.73e-05,1e-05,0.5,0.51410586,482.18454
0.00021,1.73e-05,1e-05,0.6,0.49897677,481.94095
0.00021,1.73e-05,1e-05,0.7,0.54039574,489.3198
0.00021,1.73e-05,1e-05,0.8,0.4040994,489.2281
0.00021,1.73e-05,1e-05,0.9,0.44972318,481.98956
0.00021,1.73e-05,1e-05,1.0,0.41694653,480.71945
0.00021,1.73e-05,0.0,0.0,0.3713007,299.24902
0.00021,1.73e-05,0.0,0.1,0.5939706,424.15414
0.00021,1.73e-05,0.0,0.2,0.737529,462.7318
0.00021,1.73e-05,0.0,0.3,0.34724903,474.7282
0.00021,1.73e-05,0.0,0.4,0.54509354,480.3531
0.00021,1.73e-05,0.0,0.5,0.5141001,482.17923
0.00021,1.73e-05,0.0,0.6,0.49914867,481.92725
0.00021,1.73e-05,0.0,0.7,0.5404093,489.31873
0.00021,1.73e-05,0.0,0.8,0.4040949,489.22882
0.00021,1.73e-05,0.0,0.9,0.4496786,481.98566
0.00021,1.73e-05,0.0,1.0,0.41702265,480.75757
0.00022,0.0,1e-05,0.0,0.37227517,299.03986
0.00022,0.0,1e-05,0.1,0.5944811,424.23975
0.00022,0.0,1e-05,0.2,0.7379406,462.8504
0.00022,0.0,1e-05,0.3,0.34712848,474.71906
0.00022,0.0,1e-05,0.4,0.54510885,480.35977
0.00022,0.0,1e-05,0.5,0.51410323,482.18207
0.00022,0.0,1e-05,0.6,0.4990635,481.93353
0.00022,0.0,1e-05,0.7,0.5404042,489.31906
0.00022,0.0,1e-05,0.8,0.40409592,489.22864
0.00022,0.0,1e-05,0.9,0.4496876,481.98657
0.00022,0.0,1e-05,1.0,0.41700813,480.75024
0.00022,0.0,0.0,0.0,0.37157878,299.18875
0.00022,0.0,0.0,0.1,0.59406614,424.17004
0.00022,0.0,0.0,0.2,0.7375436,462.73492
0.00022,0.0,0.0,0.3,0.34727445,474.73032
0.00022,0.0,0.0,0.4,0.5450823,480.3488
0.00022,0.0,0.0,0.5,0.51409763,482.177
0.00022,0.0,0.0,0.6,0.499236,481.92023
0.00022,0.0,0.0,0.7,0.5404178,489.318
0.00022,0.0,0.0,0.8,0.40409136,489.2293
0.00022,0.0,0.0,0.9,0.44964278,481.9829
0.00022,0.0,0.0,1.0,0.41708428,480.7884
0.00018,1e-04,0.0,0.0,0.3700302,299.5319
0.00018,1e-04,0.0,0.1,0.59348774,424.07498
0.00018,1e-04,0.0,0.2,0.737424,462.70743
0.00018,1e-04,0.0,0.3,0.34714296,474.71964
0.00018,1e-04,0.0,0.4,0.5451508,480.37463
0.00018,1e-04,0.0,0.5,0.51411235,482.19086
0.00018,1e-04,0.0,0.6,0.49874237,481.96313
0.00018,1e-04,0.0,0.7,0.54036903,489.32227
0.00018,1e-04,0.0,0.8,0.40411112,489.22647
0.00018,1e-04,0.0,0.9,0.44984782,482.0019
0.00018,1e-04,0.0,1.0,0.41672856,480.6104
0.00018,1e-04,1e-05,0.0,0.37062588,299.39728
0.00018,1e-04,1e-05,0.1,0.5938927,424.1416
0.00018,1e-04,1e-05,0.2,0.7378236,462.82104
0.00018,1e-04,1e-05,0.3,0.3470052,474.7095
0.00018,1e-04,1e-05,0.4,0.5451835,480.38754
0.00018,1e-04,1e-05,0.5,0.51411927,482.19714
0.00018,1e-04,1e-05,0.6,0.4985726,481.97882
0.00018,1e-04,1e-05,0.7,0.5403552,489.32343
0.00018,1e-04,1e-05,0.8,0.40411556,489.22583
0.00018,1e-04,1e-05,0.9,0.44989198,482.0071
0.00018,1e-04,1e-05,1.0,0.41665217,480.57224
0.00019,8.27e-05,0.0,0.0,0.37027526,299.47632
0.00019,8.27e-05,0.0,0.1,0.5935813,424.0902
0.00019,8.27e-05,0.0,0.2,0.7374386,462.71045
0.00019,8.27e-05,0.0,0.3,0.3471674,474.7216
0.00019,8.27e-05,0.0,0.4,0.54513806,480.36984
0.00019,8.27e-05,0.0,0.5,0.51410955,482.1882
0.00019,8.27e-05,0.0,0.6,0.49882865,481.95508
0.00019,8.27e-05,0.0,0.7,0.5403776,489.32147
0.00019,8.27e-05,0.0,0.8,0.40410775,489.22693
0.00019,8.27e-05,0.0,0.9,0.4498125,481.99808
0.00019,8.27e-05,0.0,1.0,0.4167899,480.64114
0.00019,8.27e-05,1e-05,0.0,0.37088653,299.3394
0.00019,8.27e-05,1e-05,0.1,0.59398794,424.1573
0.00019,8.27e-05,1e-05,0.2,0.7378379,462.82437
0.00019,8.27e-05,1e-05,0.3,0.3470282,474.71127
0.00019,8.27e-05,1e-05,0.4,0.54516965,480.38242
0.00019,8.27e-05,1e-05,0.5,0.5141163,482.1943
0.00019,8.27e-05,1e-05,0.6,0.4986584,481.9703
0.00019,8.27e-05,1e-05,0.7,0.5403639,489.3226
0.00019,8.27e-05,1e-05,0.8,0.40411216,489.2263
0.00019,8.27e-05,1e-05,0.9,0.44985673,482.00305
0.00019,8.27e-05,1e-05,1.0,0.41671395,480.60315
0.0002,6.69e-05,1e-05,0.0,0.37112793,299.28625
0.0002,6.69e-05,1e-05,0.1,0.5940736,424.17157
0.0002,6.69e-05,1e-05,0.2,0.73784935,462.82684
0.0002,6.69e-05,1e-05,0.3,0.34704983,474.7129
0.0002,6.69e-05,1e-05,0.4,0.54515713,480.37775
0.0002,6.69e-05,1e-05,0.5,0.5141135,482.1917
0.0002,6.69e-05,1e-05,0.6,0.49873734,481.9628
0.0002,6.69e-05,1e-05,0.7,0.5403717,489.32196
0.0002,6.69e-05,1e-05,0.8,0.40410915,489.22668
0.0002,6.69e-05,1e-05,0.9,0.44982463,481.9995
0.0002,6.69e-05,1e-05,1.0,0.4167701,480.63138
0.0002,6.69e-05,0.0,0.0,0.3705025,299.42526
0.0002,6.69e-05,0.0,0.1,0.5936656,424.10403
0.0002,6.69e-05,0.0,0.2,0.73745024,462.7128
0.0002,6.69e-05,0.0,0.3,0.3471905,474.72345
0.0002,6.69e-05,0.0,0.4,0.54512674,480.36554
0.0002,6.69e-05,0.0,0.5,0.5141071,482.18585
0.0002,6.69e-05,0.0,0.6,0.49890798,481.9479
0.0002,6.69e-05,0.0,0.7,0.54038537,489.32077
0.0002,6.69e-05,0.0,0.8,0.4041047,489.22736
0.0002,6.69e-05,0.0,0.9,0.44978014,481.99475
0.0002,6.69e-05,0.0,1.0,0.41684645,480.66943
0.00021,5.1e-05,0.0,0.0,0.37073645,299.37308
0.00021,5.1e-05,0.0,0.1,0.5937508,424.11792
0.00021,5.1e-05,0.0,0.2,0.73746204,462.71518
0.00021,5.1e-05,0.0,0.3,0.34721398,474.7253
0.00021,5.1e-05,0.0,0.4,0.5451154,480.3613
0.00021,5.1e-05,0.0,0.5,0.5141046,482.18353
0.00021,5.1e-05,0.0,0.6,0.4989879,481.94086
0.00021,5.1e-05,0.0,0.7,0.54039323,489.3201
0.00021,5.1e-05,0.0,0.8,0.40410158,489.22778
0.00021,5.1e-05,0.0,0.9,0.44974744,481.99164
0.00021,5.1e-05,0.0,1.0,0.41690296,480.69766
0.00021,5.1e-05,1e-05,0.0,0.37137762,299.23184
0.00021,5.1e-05,1e-05,0.1,0.5941602,424.18597
0.00021,5.1e-05,1e-05,0.2,0.737861,462.82938
0.00021,5.1e-05,1e-05,0.3,0.34707168,474.71457
0.00021,5.1e-05,1e-05,0.4,0.54514503,480.3732
0.00021,5.1e-05,1e-05,0.5,0.5141108,482.18918
0.00021,5.1e-05,1e-05,0.6,0.49881685,481.95532
0.00021,5.1e-05,1e-05,0.7,0.5403796,489.3212
0.00021,5.1e-05,1e-05,0.8,0.40410596,489.22714
0.00021,5.1e-05,1e-05,0.9,0.44979185,481.99606
0.00021,5.1e-05,1e-05,1.0,0.41682675,480.65955
0.00022,3.46e-05,0.0,0.0,0.37098476,299.3181
0.00022,3.46e-05,0.0,0.1,0.59383965,424.1325
0.00022,3.46e-05,0.0,0.2,0.737475,462.7178
0.00022,3.46e-05,0.0,0.3,0.34723824,474.72726
0.00022,3.46e-05,0.0,0.4,0.54510415,480.357
0.00022,3.46e-05,0.0,0.5,0.5141022,482.1812
0.00022,3.46e-05,0.0,0.6,0.49907058,481.9338
0.00022,3.46e-05,0.0,0.7,0.54040134,489.31943
0.00022,3.46e-05,0.0,0.8,0.40409833,489.2283
0.00022,3.46e-05,0.0,0.9,0.4497136,481.98856
0.00022,3.46e-05,0.0,1.0,0.4169614,480.72684
0.00022,3.46e-05,1e-05,0.0,0.37164193,299.17468
0.00022,3.46e-05,1e-05,0.1,0.59425044,424.201
0.00022,3.46e-05,1e-05,0.2,0.7378735,462.83218
0.00022,3.46e-05,1e-05,0.3,0.34709445,474.7163
0.00022,3.46e-05,1e-05,0.4,0.5451327,480.36856
0.00022,3.46e-05,1e-05,0.5,0.5141081,482.18668
0.00022,3.46e-05,1e-05,0.6,0.498899,481.94785
0.00022,3.46e-05,1e-05,0.7,0.5403877,489.32047
0.00022,3.46e-05,1e-05,0.8,0.40410274,489.22763
0.00022,3.46e-05,1e-05,0.9,0.4497582,481.9928
0.00022,3.46e-05,1e-05,1.0,0.41688502,480.68872
0.00023,1.73e-05,1e-05,0.0,0.37192932,299.11316
0.00023,1.73e-05,1e-05,0.1,0.5943472,424.2172
0.00023,1.73e-05,1e-05,0.2,0.7378878,462.83554
0.00023,1.73e-05,1e-05,0.3,0.34711817,474.71817
0.00023,1.73e-05,1e-05,0.4,0.5451202,480.36386
0.00023,1.73e-05,1e-05,0.5,0.5141055,482.18414
0.00023,1.73e-05,1e-05,0.6,0.49898565,481.94025
0.00023,1.73e-05,1e-05,0.7,0.5403962,489.31976
0.00023,1.73e-05,1e-05,0.8,0.40409935,489.22812
0.00023,1.73e-05,1e-05,0.9,0.44972265,481.98953
0.00023,1.73e-05,1e-05,1.0,0.41694713,480.71973
0.00023,1.73e-05,0.0,0.0,0.37125456,299.25903
0.00023,1.73e-05,0.0,0.1,0.5939346,424.14816
0.00023,1.73e-05,0.0,0.2,0.7374896,462.72092
0.00023,1.73e-05,0.0,0.3,0.3472636,474.72928
0.00023,1.73e-05,0.0,0.4,0.5450926,480.3526
0.00023,1.73e-05,0.0,0.5,0.5140997,482.17892
0.00023,1.73e-05,0.0,0.6,0.49915773,481.92657
0.00023,1.73e-05,0.0,0.7,0.5404098,489.3187
0.00023,1.73e-05,0.0,0.8,0.4040948,489.22882
0.00023,1.73e-05,0.0,0.9,0.449678,481.98557
0.00023,1.73e-05,0.0,1.0,0.41702324,480.75793
0.00024,0.0,1e-05,0.0,0.3722248,299.05045
0.00024,0.0,1e-05,0.1,0.59444416,424.23358
0.00024,0.0,1e-05,0.2,0.737902,462.83878
0.00024,0.0,1e-05,0.3,0.34714228,474.72006
0.00024,0.0,1e-05,0.4,0.5451079,480.3592
0.00024,0.0,1e-05,0.5,0.5141029,482.1817
0.00024,0.0,1e-05,0.6,0.49907255,481.9328
0.00024,0.0,1e-05,0.7,0.54040474,489.31903
0.00024,0.0,1e-05,0.8,0.40409583,489.22864
0.00024,0.0,1e-05,0.9,0.449687,481.98645
0.00024,0.0,1e-05,1.0,0.41700852,480.7505
0.00024,0.0,0.0,0.0,0.37153178,299.1989
0.00024,0.0,0.0,0.1,0.5940298,424.16394
0.00024,0.0,0.0,0.2,0.73750424,462.724
0.00024,0.0,0.0,0.3,0.34728926,474.73145
0.00024,0.0,0.0,0.4,0.54508156,480.3483
0.00024,0.0,0.0,0.5,0.51409733,482.1767
0.00024,0.0,0.0,0.6,0.499245,481.9196
0.00024,0.0,0.0,0.7,0.5404183,489.31796
0.00024,0.0,0.0,0.8,0.4040913,489.2293
0.00024,0.0,0.0,0.9,0.44964218,481.9828
0.00024,0.0,0.0,1.0,0.4170848,480.7886
0.0002,1e-04,0.0,0.0,0.3699899,299.54114
0.0002,1e-04,0.0,0.1,0.59345245,424.06918
0.0002,1e-04,0.0,0.2,0.73738444,462.69675
0.0002,1e-04,0.0,0.3,0.34715685,474.72067
0.0002,1e-04,0.0,0.4,0.54514945,480.374
0.0002,1e-04,0.0,0.5,0.5141119,482.19043
0.0002,1e-04,0.0,0.6,0.4987514,481.96237
0.0002,1e-04,0.0,0.7,0.5403695,489.32224
0.0002,1e-04,0.0,0.8,0.40411106,489.22647
0.0002,1e-04,0.0,0.9,0.44984728,482.00177
0.0002,1e-04,0.0,1.0,0.4167291,480.6107
0.0002,1e-04,1e-05,0.0,0.370583,299.40683
0.0002,1e-04,1e-05,0.1,0.59385675,424.13562
0.0002,1e-04,1e-05,0.2,0.7377848,462.80972
0.0002,1e-04,1e-05,0.3,0.34701812,474.71045
0.0002,1e-04,1e-05,0.4,0.5451818,480.3868
0.0002,1e-04,1e-05,0.5,0.51411885,482.1967
0.0002,1e-04,1e-05,0.6,0.49858153,481.97797
0.0002,1e-04,1e-05,0.7,0.54035574,489.32346
0.0002,1e-04,1e-05,0.8,0.4041155,489.22583
0.0002,1e-04,1e-05,0.9,0.44989145,482.007
0.0002,1e-04,1e-05,1.0,0.41665292,480.57254
0.00021,8.31e-05,5e-06,0.0,0.37052706,299.4196
0.00021,8.31e-05,5e-06,0.1,0.59374535,424.1172
0.00021,8.31e-05,5e-06,0.2,0.7375994,462.75528
0.00021,8.31e-05,5e-06,0.3,0.3471096,474.7172
0.00021,8.31e-05,5e-06,0.4,0.5451523,480.37543
0.00021,8.31e-05,5e-06,0.5,0.5141125,482.19086
0.00021,8.31e-05,5e-06,0.6,0.4987505,481.96204
0.00021,8.31e-05,5e-06,0.7,0.54037106,489.32205
0.00021,8.31e-05,5e-06,0.8,0.40410995,489.2266
0.00021,8.31e-05,5e-06,0.9,0.4498349,482.00046
0.00021,8.31e-05,5e-06,1.0,0.41675118,480.62167
0.00021,8.27e-05,0.0,0.0,0.37023374,299.48572
0.00021,8.27e-05,0.0,0.1,0.59354585,424.08444
0.00021,8.27e-05,0.0,0.2,0.7373991,462.69974
0.00021,8.27e-05,0.0,0.3,0.3471814,474.72263
0.00021,8.27e-05,0.0,0.4,0.54513687,480.36926
0.00021,8.27e-05,0.0,0.5,0.51410913,482.18784
0.00021,8.27e-05,0.0,0.6,0.49883762,481.95435
0.00021,8.27e-05,0.0,0.7,0.54037803,489.32144
0.00021,8.27e-05,0.0,0.8,0.40410763,489.22687
0.00021,8.27e-05,0.0,0.9,0.449812,481.99796
0.00021,8.27e-05,0.0,1.0,0.4167905,480.64145
0.00021,8.27e-05,1e-05,0.0,0.3708425,299.34915
0.00021,8.27e-05,1e-05,0.1,0.59395176,424.15134
0.00021,8.27e-05,1e-05,0.2,0.7377992,462.8129
0.00021,8.27e-05,1e-05,0.3,0.34704122,474.7122
0.00021,8.27e-05,1e-05,0.4,0.5451681,480.38168
0.00021,8.27e-05,1e-05,0.5,0.5141158,482.19388
0.00021,8.27e-05,1e-05,0.6,0.4986673,481.9695
0.00021,8.27e-05,1e-05,0.7,0.54036427,489.32263
0.00021,8.27e-05,1e-05,0.8,0.4041121,489.2263
0.00021,8.27e-05,1e-05,0.9,0.44985616,482.00293
0.00021,8.27e-05,1e-05,1.0,0.41671458,480.60342
0.00022,6.69e-05,1e-05,0.0,0.3710831,299.2961
0.00022,6.69e-05,1e-05,0.1,0.59403735,424.1656
0.00022,6.69e-05,1e-05,0.2,0.7378107,462.8154
0.00022,6.69e-05,1e-05,0.3,0.34706298,474.7138
0.00022,6.69e-05,1e-05,0.4,0.54515576,480.37708
0.00022,6.69e-05,1e-05,0.5,0.51411307,482.19135
0.00022,6.69e-05,1e-05,0.6,0.49874622,481.962
0.00022,6.69e-05,1e-05,0.7,0.5403722,489.32193
0.00022,6.69e-05,1e-05,0.8,0.40410903,489.2267
0.00022,6.69e-05,1e-05,0.9,0.44982398,481.99942
0.00022,6.69e-05,1e-05,1.0,0.4167706,480.6315
0.00022,6.69e-05,0.0,0.0,0.3704602,299.43475
0.00022,6.69e-05,0.0,0.1,0.59362996,424.09814
0.00022,6.69e-05,0.0,0.2,0.7374107,462.70203
0.00022,6.69e-05,0.0,0.3,0.3472049,474.72452
0.00022,6.69e-05,0.0,0.4,0.5451256,480.365
0.00022,6.69e-05,0.0,0.5,0.51410663,482.1855
0.00022,6.69e-05,0.0,0.6,0.49891692,481.9472
0.00022,6.69e-05,0.0,0.7,0.54038584,489.3207
0.00022,6.69e-05,0.0,0.8,0.40410456,489.22736
0.00022,6.69e-05,0.0,0.9,0.4497795,481.99466
0.00022,6.69e-05,0.0,1.0,0.41684684,480.66962
0.00023,5.1e-05,0.0,0.0,0.3706936,299.38263
0.00023,5.1e-05,0.0,0.1,0.5937151,424.112
0.00023,5.1e-05,0.0,0.2,0.7374226,462.70438
0.00023,5.1e-05,0.0,0.3,0.34722835,474.7264
0.00023,5.1e-05,0.0,0.4,0.54511434,480.36075
0.00023,5.1e-05,0.0,0.5,0.51410425,482.18317
0.00023,5.1e-05,0.0,0.6,0.49899697,481.94022
0.00023,5.1e-05,0.0,0.7,0.5403937,489.32007
0.00023,5.1e-05,0.0,0.8,0.40410146,489.22778
0.00023,5.1e-05,0.0,0.9,0.44974688,481.99152
0.00023,5.1e-05,0.0,1.0,0.41690344,480.6978
0.00023,5.1e-05,1e-05,0.0,0.3713314,299.24185
0.00023,5.1e-05,1e-05,0.1,0.59412396,424.1799
0.00023,5.1e-05,1e-05,0.2,0.7378223,462.818
0.00023,5.1e-05,1e-05,0.3,0.34708515,474.7155
0.00023,5.1e-05,1e-05,0.4,0.5451437,480.37256
0.00023,5.1e-05,1e-05,0.5,0.5141103,482.18884
0.00023,5.1e-05,1e-05,0.6,0.49882582,481.9546
0.00023,5.1e-05,1e-05,0.7,0.54038,489.32123
0.00023,5.1e-05,1e-05,0.8,0.4041059,489.22714
0.00023,5.1e-05,1e-05,0.9,0.4497913,481.99603
0.00023,5.1e-05,1e-05,1.0,0.4168274,480.65985
0.00024,3.46e-05,0.0,0.0,0.37094072,299.32785
0.00024,3.46e-05,0.0,0.1,0.5938037,424.12665
0.00024,3.46e-05,0.0,0.2,0.7374356,462.70706
0.00024,3.46e-05,0.0,0.3,0.34725282,474.72836
0.00024,3.46e-05,0.0,0.4,0.54510325,480.3565
0.00024,3.46e-05,0.0,0.5,0.51410174,482.1809
0.00024,3.46e-05,0.0,0.6,0.4990797,481.9331
0.00024,3.46e-05,0.0,0.7,0.5404018,489.3194
0.00024,3.46e-05,0.0,0.8,0.4040982,489.2283
0.00024,3.46e-05,0.0,0.9,0.4497131,481.98843
0.00024,3.46e-05,0.0,1.0,0.41696194,480.72708
0.00024,3.46e-05,1e-05,0.0,0.37159473,299.1848
0.00024,3.46e-05,1e-05,0.1,0.594214,424.1949
0.00024,3.46e-05,1e-05,0.2,0.7378348,462.82074
0.00024,3.46e-05,1e-05,0.3,0.34710783,474.71725
0.00024,3.46e-05,1e-05,0.4,0.5451315,480.36795
0.00024,3.46e-05,1e-05,0.5,0.5141077,482.18637
0.00024,3.46e-05,1e-05,0.6,0.49890798,481.94714
0.00024,3.46e-05,1e-05,0.7,0.5403882,489.32043
0.00024,3.46e-05,1e-05,0.8,0.4041027,489.22763
0.00024,3.46e-05,1e-05,0.9,0.4497577,481.99274
0.00024,3.46e-05,1e-05,1.0,0.41688555,480.689
0.000251,1.68e-05,5e-06,0.0,0.3715461,299.19556
0.000251,1.68e-05,5e-06,0.1,0.5941052,424.1766
0.000251,1.68e-05,5e-06,0.2,0.73764974,462.7659
0.000251,1.68e-05,5e-06,0.3,0.34720504,474.72476
0.000251,1.68e-05,5e-06,0.4,0.5451045,480.3574
0.000251,1.68e-05,5e-06,0.5,0.5141021,482.18106
0.000251,1.68e-05,5e-06,0.6,0.4990834,481.93243
0.000251,1.68e-05,5e-06,0.7,0.5404038,489.31918
0.000251,1.68e-05,5e-06,0.8,0.4040969,489.22845
0.000251,1.68e-05,5e-06,0.9,0.44969857,481.98734
0.000251,1.68e-05,5e-06,1.0,0.41698733,480.73987
0.00025,1.73e-05,1e-05,0.0,0.37188074,299.12344
0.00025,1.73e-05,1e-05,0.1,0.5943106,424.21103
0.00025,1.73e-05,1e-05,0.2,0.737849,462.82397
0.00025,1.73e-05,1e-05,0.3,0.34713185,474.71918
0.00025,1.73e-05,1e-05,0.4,0.54511887,480.36328
0.00025,1.73e-05,1e-05,0.5,0.5141051,482.1838
0.00025,1.73e-05,1e-05,0.6,0.49899465,481.9395
0.00025,1.73e-05,1e-05,0.7,0.5403967,489.31973
0.00025,1.73e-05,1e-05,0.8,0.40409923,489.22812
0.00025,1.73e-05,1e-05,0.9,0.44972205,481.9894
0.00025,1.73e-05,1e-05,1.0,0.41694748,480.71994
0.00025,1.73e-05,0.0,0.0,0.37120908,299.26892
0.00025,1.73e-05,0.0,0.1,0.59389853,424.14218
0.00025,1.73e-05,0.0,0.2,0.73745006,462.71002
0.00025,1.73e-05,0.0,0.3,0.3472784,474.73047
0.00025,1.73e-05,0.0,0.4,0.54509175,480.3521
0.00025,1.73e-05,0.0,0.5,0.51409936,482.17862
0.00025,1.73e-05,0.0,0.6,0.49916673,481.92593
0.00025,1.73e-05,0.0,0.7,0.5404103,489.31866
0.00025,1.73e-05,0.0,0.8,0.40409473,489.22885
0.00025,1.73e-05,0.0,0.9,0.4496774,481.98544
0.00025,1.73e-05,0.0,1.0,0.41702384,480.75818
0.00026,0.0,1e-05,0.0,0.37217498,299.06094
0.00026,0.0,1e-05,0.1,0.59440744,424.22736
0.00026,0.0,1e-05,0.2,0.7378635,462.82727
0.00026,0.0,1e-05,0.3,0.3471561,474.72104
0.00026,0.0,1e-05,0.4,0.54510665,480.35864
0.00026,0.0,1e-05,0.5,0.5141024,482.1814
0.00026,0.0,1e-05,0.6,0.49908143,481.93216
0.00026,0.0,1e-05,0.7,0.54040515,489.319
0.00026,0.0,1e-05,0.8,0.40409574,489.22867
0.00026,0.0,1e-05,0.9,0.44968647,481.98636
0.00026,0.0,1e-05,1.0,0.41700885,480.75058
0.00026,0.0,0.0,0.0,0.3714851,299.20898
0.00026,0.0,0.0,0.1,0.5939937,424.15793
0.00026,0.0,0.0,0.2,0.7374647,462.71313
0.00026,0.0,0.0,0.3,0.34730417,474.73257
0.00026,0.0,0.0,0.4,0.5450808,480.34784
0.00026,0.0,0.0,0.5,0.514097,482.1764
0.00026,0.0,0.0,0.6,0.499254,481.91895
0.00026,0.0,0.0,0.7,0.5404188,489.3179
0.00026,0.0,0.0,0.8,0.40409118,489.22934
0.00026,0.0,0.0,0.9,0.44964164,481.98276
0.00026,0.0,0.0,1.0,0.41708538,480.78897
0.00022,1e-04,0.0,0.0,0.3699499,299.55023
0.00022,1e-04,0.0,0.1,0.59341717,424.06348
0.00022,1e-04,0.0,0.2,0.73734474,462.68604
0.00022,1e-04,0.0,0.3,0.34717095,474.72174
0.00022,1e-04,0.0,0.4,0.54514825,480.37338
0.00022,1e-04,0.0,0.5,0.5141115,482.1901
0.00022,1e-04,0.0,0.6,0.49876025,481.96158
0.00022,1e-04,0.0,0.7,0.54037,489.3222
0.00022,1e-04,0.0,0.8,0.40411097,489.2264
0.00022,1e-04,0.0,0.9,0.44984674,482.00165
0.00022,1e-04,0.0,1.0,0.41672957,480.61087
0.00022,1e-04,1e-05,0.0,0.3705406,299.41632
0.00022,1e-04,1e-05,0.1,0.5938208,424.12967
0.00022,1e-04,1e-05,0.2,0.73774606,462.79837
0.00022,1e-04,1e-05,0.3,0.34703112,474.71133
0.00022,1e-04,1e-05,0.4,0.5451802,480.38605
0.00022,1e-04,1e-05,0.5,0.5141183,482.19632
0.00022,1e-04,1e-05,0.6,0.4985903,481.97717
0.00022,1e-04,1e-05,0.7,0.54035616,489.32336
0.00022,1e-04,1e-05,0.8,0.4041154,489.22583
0.00022,1e-04,1e-05,0.9,0.44989094,482.00696
0.00022,1e-04,1e-05,1.0,0.4166536,480.57294
0.00023,8.27e-05,0.0,0.0,0.37019277,299.49496
0.00023,8.27e-05,0.0,0.1,0.5935104,424.07864
0.00023,8.27e-05,0.0,0.2,0.73735934,462.68903
0.00023,8.27e-05,0.0,0.3,0.34719574,474.72375
0.00023,8.27e-05,0.0,0.4,0.54513556,480.3686
0.00023,8.27e-05,0.0,0.5,0.51410866,482.18744
0.00023,8.27e-05,0.0,0.6,0.4988465,481.9536
0.00023,8.27e-05,0.0,0.7,0.5403785,489.3214
0.00023,8.27e-05,0.0,0.8,0.4041077,489.22693
0.00023,8.27e-05,0.0,0.9,0.44981143,481.99786
0.00023,8.27e-05,0.0,1.0,0.41679108,480.64175
0.00023,8.27e-05,1e-05,0.0,0.37079865,299.35886
0.00023,8.27e-05,1e-05,0.1,0.59391576,424.14532
0.00023,8.27e-05,1e-05,0.2,0.7377604,462.80154
0.00023,8.27e-05,1e-05,0.3,0.34705427,474.7131
0.00023,8.27e-05,1e-05,0.4,0.5451666,480.38095
0.00023,8.27e-05,1e-05,0.5,0.51411533,482.19342
0.00023,8.27e-05,1e-05,0.6,0.4986761,481.96878
0.00023,8.27e-05,1e-05,0.7,0.54036474,489.32263
0.00023,8.27e-05,1e-05,0.8,0.404112,489.2263
0.00023,8.27e-05,1e-05,0.9,0.44985572,482.00287
0.00023,8.27e-05,1e-05,1.0,0.41671497,480.60367
0.00024,6.69e-05,1e-05,0.0,0.37103802,299.30597
0.00024,6.69e-05,1e-05,0.1,0.5940012,424.1595
0.00024,6.69e-05,1e-05,0.2,0.7377719,462.80405
0.00024,6.69e-05,1e-05,0.3,0.34707627,474.71475
0.00024,6.69e-05,1e-05,0.4,0.54515445,480.3764
0.00024,6.69e-05,1e-05,0.5,0.51411265,482.19095
0.00024,6.69e-05,1e-05,0.6,0.49875504,481.96127
0.00024,6.69e-05,1e-05,0.7,0.5403726,489.3219
0.00024,6.69e-05,1e-05,0.8,0.40410897,489.2267
0.00024,6.69e-05,1e-05,0.9,0.44982338,481.9993
0.00024,6.69e-05,1e-05,1.0,0.41677094,480.63168
0.00024,6.69e-05,0.0,0.0,0.37041804,299.4442
0.00024,6.69e-05,0.0,0.1,0.59359443,424.09238
0.00024,6.69e-05,0.0,0.2,0.73737115,462.6913
0.00024,6.69e-05,0.0,0.3,0.34721917,474.7256
0.00024,6.69e-05,0.0,0.4,0.5451244,480.3644
0.00024,6.69e-05,0.0,0.5,0.5141063,482.1851
0.00024,6.69e-05,0.0,0.6,0.49892598,481.94647
0.00024,6.69e-05,0.0,0.7,0.5403863,489.32068
0.00024,6.69e-05,0.0,0.8,0.40410453,489.22736
0.00024,6.69e-05,0.0,0.9,0.44977897,481.99454
0.00024,6.69e-05,0.0,1.0,0.41684744,480.6699
0.00025,5.1e-05,0.0,0.0,0.3706503,299.3922
0.00025,5.1e-05,0.0,0.1,0.59367937,424.10617
0.00025,5.1e-05,0.0,0.2,0.7373831,462.69376
0.00025,5.1e-05,0.0,0.3,0.3472429,474.7275
0.00025,5.1e-05,0.0,0.4,0.5451134,480.36014
0.00025,5.1e-05,0.0,0.5,0.5141038,482.18283
0.00025,5.1e-05,0.0,0.6,0.49900597,481.93948
0.00025,5.1e-05,0.0,0.7,0.5403942,489.32
0.00025,5.1e-05,0.0,0.8,0.4041013,489.22778
0.00025,5.1e-05,0.0,0.9,0.44974637,481.99142
0.00025,5.1e-05,0.0,1.0,0.41690385,480.69812
0.00025,5.1e-05,1e-05,0.0,0.3712854,299.25183
0.00025,5.1e-05,1e-05,0.1,0.5940876,424.17383
0.00025,5.1e-05,1e-05,0.2,0.73778343,462.80652
0.00025,5.1e-05,1e-05,0.3,0.34709853,474.71652
0.00025,5.1e-05,1e-05,0.4,0.5451423,480.37192
0.00025,5.1e-05,1e-05,0.5,0.51410997,482.18842
0.00025,5.1e-05,1e-05,0.6,0.49883473,481.95386
0.00025,5.1e-05,1e-05,0.7,0.54038054,489.32117
0.00025,5.1e-05,1e-05,0.8,0.40410584,489.22714
0.00025,5.1e-05,1e-05,0.9,0.44979078,481.9959
0.00025,5.1e-05,1e-05,1.0,0.41682777,480.6601
0.00026,3.46e-05,0.0,0.0,0.37089643,299.33762
0.00026,3.46e-05,0.0,0.1,0.5937679,424.12067
0.00026,3.46e-05,0.0,0.2,0.7373958,462.69623
0.00026,3.46e-05,0.0,0.3,0.3472674,474.72955
0.00026,3.46e-05,0.0,0.4,0.5451023,480.356
0.00026,3.46e-05,0.0,0.5,0.5141014,482.18057
0.00026,3.46e-05,0.0,0.6,0.49908867,481.93246
0.00026,3.46e-05,0.0,0.7,0.5404023,489.31934
0.00026,3.46e-05,0.0,0.8,0.4040981,489.2283
0.00026,3.46e-05,0.0,0.9,0.4497125,481.9884
0.00026,3.46e-05,0.0,1.0,0.4169625,480.7274
0.00026,3.46e-05,1e-05,0.0,0.37154746,299.19504
0.00026,3.46e-05,1e-05,0.1,0.59417754,424.1888
0.00026,3.46e-05,1e-05,0.2,0.73779607,462.80933
0.00026,3.46e-05,1e-05,0.3,0.34712142,474.71832
0.00026,3.46e-05,1e-05,0.4,0.54513025,480.36737
0.00026,3.46e-05,1e-05,0.5,0.5141074,482.186
0.00026,3.46e-05,1e-05,0.6,0.49891704,481.94638
0.00026,3.46e-05,1e-05,0.7,0.5403887,489.32043
0.00026,3.46e-05,1e-05,0.8,0.40410256,489.22766
0.00026,3.46e-05,1e-05,0.9,0.4497571,481.9926
0.00026,3.46e-05,1e-05,1.0,0.41688606,480.68924
0.00027,1.73e-05,1e-05,0.0,0.37183237,299.13373
0.00027,1.73e-05,1e-05,0.1,0.5942741,424.20486
0.00027,1.73e-05,1e-05,0.2,0.7378103,462.81256
0.00027,1.73e-05,1e-05,0.3,0.34714568,474.72018
0.00027,1.73e-05,1e-05,0.4,0.5451178,480.3626
0.00027,1.73e-05,1e-05,0.5,0.51410466,482.1835
0.00027,1.73e-05,1e-05,0.6,0.49900365,481.93884
0.00027,1.73e-05,1e-05,0.7,0.54039717,489.3197
0.00027,1.73e-05,1e-05,0.8,0.40409917,489.22812
0.00027,1.73e-05,1e-05,0.9,0.44972152,481.98938
0.00027,1.73e-05,1e-05,1.0,0.41694793,480.72018
0.00027,1.73e-05,0.0,0.0,0.37116355,299.27884
0.00027,1.73e-05,0.0,0.1,0.59386265,424.1363
0.00027,1.73e-05,0.0,0.2,0.7374107,462.69934
0.00027,1.73e-05,0.0,0.3,0.3472933,474.73166
0.00027,1.73e-05,0.0,0.4,0.545091,480.35165
0.00027,1.73e-05,0.0,0.5,0.51409894,482.17828
0.00027,1.73e-05,0.0,0.6,0.4991758,481.9252
0.00027,1.73e-05,0.0,0.7,0.54041076,489.3186
0.00027,1.73e-05,0.0,0.8,0.40409467,489.2288
0.00027,1.73e-05,0.0,0.9,0.44967687,481.9854
0.00027,1.73e-05,0.0,1.0,0.4170241,480.75836
0.000272,9.57e-06,5e-06,0.0,0.37162426,299.17865
0.000272,9.57e-06,5e-06,0.1,0.5941147,424.17816
0.000272,9.57e-06,5e-06,0.2,0.7376228,462.75787
0.000272,9.57e-06,5e-06,0.3,0.34722757,474.72653
0.000272,9.57e-06,5e-06,0.4,0.54509884,480.35507
0.000272,9.57e-06,5e-06,0.5,0.5141008,482.17978
0.000272,9.57e-06,5e-06,0.6,0.49912745,481.92883
0.000272,9.57e-06,5e-06,0.7,0.54040766,489.31882
0.000272,9.57e-06,5e-06,0.8,0.40409535,489.2287
0.000272,9.57e-06,5e-06,0.9,0.44968334,481.98605
0.000272,9.57e-06,5e-06,1.0,0.41701332,480.75293
0.00028,0.0,1e-05,0.0,0.37212503,299.0715
0.00028,0.0,1e-05,0.1,0.59437066,424.22104
0.00028,0.0,1e-05,0.2,0.7378247,462.81577
0.00028,0.0,1e-05,0.3,0.34717005,474.72214
0.00028,0.0,1e-05,0.4,0.54510564,480.35806
0.00028,0.0,1e-05,0.5,0.5141021,482.18106
0.00028,0.0,1e-05,0.6,0.49909058,481.93143
0.00028,0.0,1e-05,0.7,0.54040563,489.31894
0.00028,0.0,1e-05,0.8,0.40409565,489.22867
0.00028,0.0,1e-05,0.9,0.44968587,481.9863
0.00028,0.0,1e-05,1.0,0.41700956,480.75095
0.00028,0.0,0.0,0.0,0.3714382,299.21906
0.00028,0.0,0.0,0.1,0.5939577,424.15192
0.00028,0.0,0.0,0.2,0.7374252,462.70236
0.00028,0.0,0.0,0.3,0.34731916,474.73376
0.00028,0.0,0.0,0.4,0.54508,480.34744
0.00028,0.0,0.0,0.5,0.5140967,482.17612
0.00028,0.0,0.0,0.6,0.4992631,481.91827
0.00028,0.0,0.0,0.7,0.5404192,489.31787
0.00028,0.0,0.0,0.8,0.40409115,489.22934
0.00028,0.0,0.0,0.9,0.44964108,481.98264
0.00028,0.0,0.0,1.0,0.41708595,480.78925
0.00024,1e-04,0.0,0.0,0.36990967,299.55936
0.00024,1e-04,0.0,0.1,0.59338194,424.0577
0.00024,1e-04,0.0,0.2,0.7373051,462.67545
0.00024,1e-04,0.0,0.3,0.3471851,474.72278
0.00024,1e-04,0.0,0.4,0.54514694,480.37277
0.00024,1e-04,0.0,0.5,0.51411104,482.18973
0.00024,1e-04,0.0,0.6,0.49876925,481.96085
0.00024,1e-04,0.0,0.7,0.5403704,489.32217
0.00024,1e-04,0.0,0.8,0.4041109,489.2264
0.00024,1e-04,0.0,0.9,0.44984615,482.00162
0.00024,1e-04,0.0,1.0,0.41673008,480.61124
0.00024,1e-04,1e-05,0.0,0.37049812,299.42578
0.00024,1e-04,1e-05,0.1,0.593785,424.12378
0.00024,1e-04,1e-05,0.2,0.73770696,462.78708
0.00024,1e-04,1e-05,0.3,0.34704417,474.71225
0.00024,1e-04,1e-05,0.4,0.54517853,480.3853
0.00024,1e-04,1e-05,0.5,0.51411784,482.1959
0.00024,1e-04,1e-05,0.6,0.4985992,481.97638
0.00024,1e-04,1e-05,0.7,0.54035664,489.3233
0.00024,1e-04,1e-05,0.8,0.40411538,489.22583
0.00024,1e-04,1e-05,0.9,0.44989038,482.00684
0.00024,1e-04,1e-05,1.0,0.41665402,480.57315
0.00025,8.27e-05,0.0,0.0,0.3701515,299.5043
0.00025,8.27e-05,0.0,0.1,0.5934751,424.0729
0.00025,8.27e-05,0.0,0.2,0.73731977,462.67844
0.00025,8.27e-05,0.0,0.3,0.34721005,474.7248
0.00025,8.27e-05,0.0,0.4,0.5451345,480.36804
0.00025,8.27e-05,0.0,0.5,0.5141083,482.1871
0.00025,8.27e-05,0.0,0.6,0.49885553,481.95288
0.00025,8.27e-05,0.0,0.7,0.540379,489.32135
0.00025,8.27e-05,0.0,0.8,0.40410754,489.22687
0.00025,8.27e-05,0.0,0.9,0.44981086,481.9978
0.00025,8.27e-05,0.0,1.0,0.41679153,480.64197
0.00025,8.27e-05,1e-05,0.0,0.37075496,299.36856
0.00025,8.27e-05,1e-05,0.1,0.5938798,424.13943
0.00025,8.27e-05,1e-05,0.2,0.7377214,462.79028
0.00025,8.27e-05,1e-05,0.3,0.3470676,474.71405
0.00025,8.27e-05,1e-05,0.4,0.5451652,480.3803
0.00025,8.27e-05,1e-05,0.5,0.51411486,482.19305
0.00025,8.27e-05,1e-05,0.6,0.4986851,481.968
0.00025,8.27e-05,1e-05,0.7,0.5403652,489.32257
0.00025,8.27e-05,1e-05,0.8,0.40411198,489.2263
0.00025,8.27e-05,1e-05,0.9,0.4498551,482.00278
0.00025,8.27e-05,1e-05,1.0,0.41671553,480.6039
0.00026,6.69e-05,1e-05,0.0,0.3709934,299.3158
0.00026,6.69e-05,1e-05,0.1,0.5939651,424.15353
0.00026,6.69e-05,1e-05,0.2,0.73773295,462.7927
0.00026,6.69e-05,1e-05,0.3,0.3470897,474.71576
0.00026,6.69e-05,1e-05,0.4,0.54515296,480.37576
0.00026,6.69e-05,1e-05,0.5,0.51411223,482.19055
0.00026,6.69e-05,1e-05,0.6,0.49876404,481.96045
0.00026,6.69e-05,1e-05,0.7,0.5403731,489.32187
0.00026,6.69e-05,1e-05,0.8,0.40410885,489.2267
0.00026,6.69e-05,1e-05,0.9,0.44982284,481.99918
0.00026,6.69e-05,1e-05,1.0,0.41677153,480.63205
0.00026,6.69e-05,0.0,0.0,0.37037614,299.4536
0.00026,6.69e-05,0.0,0.1,0.59355897,424.08658
0.00026,6.69e-05,0.0,0.2,0.7373315,462.68076
0.00026,6.69e-05,0.0,0.3,0.34723356,474.72668
0.00026,6.69e-05,0.0,0.4,0.5451234,480.36383
0.00026,6.69e-05,0.0,0.5,0.5141059,482.18472
0.00026,6.69e-05,0.0,0.6,0.4989348,481.94574
0.00026,6.69e-05,0.0,0.7,0.5403868,489.32065
0.00026,6.69e-05,0.0,0.8,0.40410444,489.22736
0.00026,6.69e-05,0.0,0.9,0.4497783,481.99445
0.00026,6.69e-05,0.0,1.0,0.41684794,480.6701
0.00027,5.1e-05,0.0,0.0,0.37060755,299.40176
0.00027,5.1e-05,0.0,0.1,0.59364384,424.10037
0.00027,5.1e-05,0.0,0.2,0.7373436,462.683
0.00027,5.1e-05,0.0,0.3,0.34725747,474.72864
0.00027,5.1e-05,0.0,0.4,0.5451124,480.35965
0.00027,5.1e-05,0.0,0.5,0.5141034,482.1825
0.00027,5.1e-05,0.0,0.6,0.49901515,481.93875
0.00027,5.1e-05,0.0,0.7,0.54039466,489.31998
0.00027,5.1e-05,0.0,0.8,0.40410134,489.2278
0.00027,5.1e-05,0.0,0.9,0.44974577,481.99136
0.00027,5.1e-05,0.0,1.0,0.41690442,480.6984
0.00027,5.1e-05,1e-05,0.0,0.37123978,299.26178
0.00027,5.1e-05,1e-05,0.1,0.5940513,424.16782
0.00027,5.1e-05,1e-05,0.2,0.7377447,462.79526
0.00027,5.1e-05,1e-05,0.3,0.34711203,474.71744
0.00027,5.1e-05,1e-05,0.4,0.54514104,480.37122
0.00027,5.1e-05,1e-05,0.5,0.51410955,482.1881
0.00027,5.1e-05,1e-05,0.6,0.49884373,481.95306
0.00027,5.1e-05,1e-05,0.7,0.54038095,489.32114
0.00027,5.1e-05,1e-05,0.8,0.40410572,489.22714
0.00027,5.1e-05,1e-05,0.9,0.44979024,481.9958
0.00027,5.1e-05,1e-05,1.0,0.41682824,480.6603
0.00028,3.46e-05,1e-05,0.0,0.3715007,299.20517
0.00028,3.46e-05,1e-05,0.1,0.59414124,424.1827
0.00028,3.46e-05,1e-05,0.2,0.73775727,462.7979
0.00028,3.46e-05,1e-05,0.3,0.3471353,474.71927
0.00028,3.46e-05,1e-05,0.4,0.54512894,480.36673
0.00028,3.46e-05,1e-05,0.5,0.514107,482.18567
0.00028,3.46e-05,1e-05,0.6,0.49892592,481.94568
0.00028,3.46e-05,1e-05,0.7,0.5403891,489.3204
0.00028,3.46e-05,1e-05,0.8,0.4041025,489.22766
0.00028,3.46e-05,1e-05,0.9,0.44975653,481.99252
0.00028,3.46e-05,1e-05,1.0,0.41688672,480.68958
0.00028,3.46e-05,0.0,0.0,0.37085205,299.34735
0.00028,3.46e-05,0.0,0.1,0.5937321,424.11484
0.00028,3.46e-05,0.0,0.2,0.7373563,462.6856
0.00028,3.46e-05,0.0,0.3,0.34728223,474.73068
0.00028,3.46e-05,0.0,0.4,0.5451014,480.35547
0.00028,3.46e-05,0.0,0.5,0.514101,482.18024
0.00028,3.46e-05,0.0,0.6,0.4990977,481.93173
0.00028,3.46e-05,0.0,0.7,0.54040277,489.3193
0.00028,3.46e-05,0.0,0.8,0.4040981,489.2283
0.00028,3.46e-05,0.0,0.9,0.44971192,481.98828
0.00028,3.46e-05,0.0,1.0,0.41696313,480.72763
0.00029,1.73e-05,1e-05,0.0,0.3717843,299.144
0.00029,1.73e-05,1e-05,0.1,0.5942375,424.19876
0.00029,1.73e-05,1e-05,0.2,0.73777163,462.80124
0.00029,1.73e-05,1e-05,0.3,0.3471596,474.7212
0.00029,1.73e-05,1e-05,0.4,0.54511666,480.36206
0.00029,1.73e-05,1e-05,0.5,0.51410437,482.18314
0.00029,1.73e-05,1e-05,0.6,0.49901265,481.9381
0.00029,1.73e-05,1e-05,0.7,0.5403976,489.31964
0.00029,1.73e-05,1e-05,0.8,0.4040991,489.22812
0.00029,1.73e-05,1e-05,0.9,0.449721,481.98926
0.00029,1.73e-05,1e-05,1.0,0.41694838,480.72037
0.00029,1.73e-05,0.0,0.0,0.3711187,299.28867
0.00029,1.73e-05,0.0,0.1,0.5938268,424.13037
0.00029,1.73e-05,0.0,0.2,0.7373711,462.68863
0.00029,1.73e-05,0.0,0.3,0.3473081,474.7328
0.00029,1.73e-05,0.0,0.4,0.5450902,480.35117
0.00029,1.73e-05,0.0,0.5,0.51409864,482.17798
0.00029,1.73e-05,0.0,0.6,0.49918494,481.92456
0.00029,1.73e-05,0.0,0.7,0.54041123,489.31857
0.00029,1.73e-05,0.0,0.8,0.40409458,489.22885
0.00029,1.73e-05,0.0,0.9,0.44967628,481.98532
0.00029,1.73e-05,0.0,1.0,0.41702485,480.7587
0.0003,0.0,1e-05,0.0,0.3720756,299.08197
0.0003,0.0,1e-05,0.1,0.594334,424.21494
0.0003,0.0,1e-05,0.2,0.73778605,462.80447
0.0003,0.0,1e-05,0.3,0.34718412,474.72314
0.0003,0.0,1e-05,0.4,0.5451046,480.35754
0.0003,0.0,1e-05,0.5,0.51410174,482.18073
0.0003,0.0,1e-05,0.6,0.4990995,481.9308
0.0003,0.0,1e-05,0.7,0.5404061,489.3189
0.0003,0.0,1e-05,0.8,0.40409568,489.22867
0.0003,0.0,1e-05,0.9,0.44968536,481.9862
0.0003,0.0,1e-05,1.0,0.41701028,480.75143
0.0003,0.0,0.0,0.0,0.37139225,299.229
0.0003,0.0,0.0,0.1,0.59392166,424.146
0.0003,0.0,0.0,0.2,0.7373856,462.6916
0.0003,0.0,0.0,0.3,0.34733427,474.7349
0.0003,0.0,0.0,0.4,0.5450792,480.34692
0.0003,0.0,0.0,0.5,0.5140963,482.1758
0.0003,0.0,0.0,0.6,0.49927223,481.91766
0.0003,0.0,0.0,0.7,0.54041976,489.3179
0.0003,0.0,0.0,0.8,0.40409112,489.22934
0.0003,0.0,0.0,0.9,0.44964045,481.98254
0.0003,0.0,0.0,1.0,0.4170865,480.78946
0.00026,1e-04,0.0,0.0,0.36986995,299.56848
0.00026,1e-04,0.0,0.1,0.5933467,424.05203
0.00026,1e-04,0.0,0.2,0.73726517,462.66492
0.00026,1e-04,0.0,0.3,0.34719926,474.72388
0.00026,1e-04,0.0,0.4,0.5451457,480.3721
0.00026,1e-04,0.0,0.5,0.5141106,482.1893
0.00026,1e-04,0.0,0.6,0.4987781,481.96005
0.00026,1e-04,0.0,0.7,0.54037094,489.32214
0.00026,1e-04,0.0,0.8,0.40411085,489.2264
0.00026,1e-04,0.0,0.9,0.4498456,482.0015
0.00026,1e-04,0.0,1.0,0.41673076,480.61148
0.00026,1e-04,1e-05,0.0,0.370456,299.4352
0.00026,1e-04,1e-05,0.1,0.5937492,424.11792
0.00026,1e-04,1e-05,0.2,0.737668,462.77585
0.00026,1e-04,1e-05,0.3,0.34705737,474.7132
0.00026,1e-04,1e-05,0.4,0.54517704,480.3846
0.00026,1e-04,1e-05,0.5,0.5141175,482.19547
0.00026,1e-04,1e-05,0.6,0.49860808,481.9756
0.00026,1e-04,1e-05,0.7,0.5403571,489.32333
0.00026,1e-04,1e-05,0.8,0.4041153,489.22586
0.00026,1e-04,1e-05,0.9,0.44988987,482.0067
0.00026,1e-04,1e-05,1.0,0.41665456,480.5734
0.00027,8.27e-05,0.0,0.0,0.37011096,299.51346
0.00027,8.27e-05,0.0,0.1,0.5934397,424.06705
0.00027,8.27e-05,0.0,0.2,0.73727995,462.66788
0.00027,8.27e-05,0.0,0.3,0.3472244,474.7259
0.00027,8.27e-05,0.0,0.4,0.5451334,480.36746
0.00027,8.27e-05,0.0,0.5,0.51410794,482.18674
0.00027,8.27e-05,0.0,0.6,0.49886453,481.9521
0.00027,8.27e-05,0.0,0.7,0.5403794,489.32132
0.00027,8.27e-05,0.0,0.8,0.4041075,489.22696
0.00027,8.27e-05,0.0,0.9,0.44981015,481.99765
0.00027,8.27e-05,0.0,1.0,0.41679224,480.6423
0.00027,8.27e-05,1e-05,0.0,0.37071177,299.37808
0.00027,8.27e-05,1e-05,0.1,0.5938439,424.13348
0.00027,8.27e-05,1e-05,0.2,0.7376824,462.77902
0.00027,8.27e-05,1e-05,0.3,0.34708104,474.71503
0.00027,8.27e-05,1e-05,0.4,0.54516363,480.37958
0.00027,8.27e-05,1e-05,0.5,0.5141144,482.19266
0.00027,8.27e-05,1e-05,0.6,0.498694,481.9672
0.00027,8.27e-05,1e-05,0.7,0.5403657,489.32254
0.00027,8.27e-05,1e-05,0.8,0.40411186,489.22632
0.00027,8.27e-05,1e-05,0.9,0.4498545,482.00266
0.00027,8.27e-05,1e-05,1.0,0.41671595,480.60413
0.00028,6.69e-05,1e-05,0.0,0.37094924,299.3255
0.00028,6.69e-05,1e-05,0.1,0.59392905,424.1475
0.00028,6.69e-05,1e-05,0.2,0.73769397,462.78146
0.00028,6.69e-05,1e-05,0.3,0.3471032,474.71674
0.00028,6.69e-05,1e-05,0.4,0.5451516,480.37512
0.00028,6.69e-05,1e-05,0.5,0.51411176,482.19012
0.00028,6.69e-05,1e-05,0.6,0.4987731,481.95972
0.00028,6.69e-05,1e-05,0.7,0.54037356,489.3218
0.00028,6.69e-05,1e-05,0.8,0.40410882,489.2267
0.00028,6.69e-05,1e-05,0.9,0.44982228,481.99908
0.00028,6.69e-05,1e-05,1.0,0.4167721,480.63226
0.00028,6.69e-05,0.0,0.0,0.3703343,299.46298
0.00028,6.69e-05,0.0,0.1,0.59352344,424.08072
0.00028,6.69e-05,0.0,0.2,0.7372919,462.67017
0.00028,6.69e-05,0.0,0.3,0.34724814,474.7278
0.00028,6.69e-05,0.0,0.4,0.54512227,480.36325
0.00028,6.69e-05,0.0,0.5,0.5141055,482.18442
0.00028,6.69e-05,0.0,0.6,0.49894398,481.945
0.00028,6.69e-05,0.0,0.7,0.5403873,489.32065
0.00028,6.69e-05,0.0,0.8,0.40410435,489.2274
0.00028,6.69e-05,0.0,0.9,0.44977778,481.9944
0.00028,6.69e-05,0.0,1.0,0.41684845,480.67038
0.00029,5.1e-05,0.0,0.0,0.3705647,299.4113
0.00029,5.1e-05,0.0,0.1,0.59360814,424.09454
0.00029,5.1e-05,0.0,0.2,0.73730373,462.67245
0.00029,5.1e-05,0.0,0.3,0.3472723,474.7298
0.00029,5.1e-05,0.0,0.4,0.5451114,480.35916
0.00029,5.1e-05,0.0,0.5,0.51410306,482.1822
0.00029,5.1e-05,0.0,0.6,0.49902394,481.93805
0.00029,5.1e-05,0.0,0.7,0.54039514,489.31998
0.00029,5.1e-05,0.0,0.8,0.40410122,489.2278
0.00029,5.1e-05,0.0,0.9,0.44974518,481.99127
0.00029,5.1e-05,0.0,1.0,0.4169051,480.69873
0.00029,5.1e-05,1e-05,0.0,0.37119418,299.27173
0.00029,5.1e-05,1e-05,0.1,0.59401524,424.16174
0.00029,5.1e-05,1e-05,0.2,0.7377056,462.78394
0.00029,5.1e-05,1e-05,0.3,0.3471258,474.71854
0.00029,5.1e-05,1e-05,0.4,0.5451398,480.3706
0.00029,5.1e-05,1e-05,0.5,0.51410913,482.1877
0.00029,5.1e-05,1e-05,0.6,0.4988526,481.95233
0.00029,5.1e-05,1e-05,0.7,0.54038143,489.3211
0.00029,5.1e-05,1e-05,0.8,0.40410566,489.22714
0.00029,5.1e-05,1e-05,0.9,0.44978955,481.9957
0.00029,5.1e-05,1e-05,1.0,0.41682872,480.66058
0.0003,3.46e-05,1e-05,0.0,0.37145385,299.21524
0.0003,3.46e-05,1e-05,0.1,0.59410495,424.17673
0.0003,3.46e-05,1e-05,0.2,0.73771816,462.78668
0.0003,3.46e-05,1e-05,0.3,0.3471491,474.72034
0.0003,3.46e-05,1e-05,0.4,0.5451278,480.36615
0.0003,3.46e-05,1e-05,0.5,0.51410663,482.18524
0.0003,3.46e-05,1e-05,0.6,0.49893498,481.945
0.0003,3.46e-05,1e-05,0.7,0.54038954,489.32034
0.0003,3.46e-05,1e-05,0.8,0.40410244,489.22766
0.0003,3.46e-05,1e-05,0.9,0.44975597,481.9924
0.0003,3.46e-05,1e-05,1.0,0.41688734,480.68988
0.0003,3.46e-05,0.0,0.0,0.37080854,299.35703
0.0003,3.46e-05,0.0,0.1,0.5936964,424.10898
0.0003,3.46e-05,0.0,0.2,0.7373166,462.675
0.0003,3.46e-05,0.0,0.3,0.3472971,474.7318
0.0003,3.46e-05,0.0,0.4,0.54510057,480.355
0.0003,3.46e-05,0.0,0.5,0.5141008,482.17993
0.0003,3.46e-05,0.0,0.6,0.49910665,481.9311
0.0003,3.46e-05,0.0,0.7,0.54040325,489.31927
0.0003,3.46e-05,0.0,0.8,0.40409797,489.22833
0.0003,3.46e-05,0.0,0.9,0.44971138,481.9882
0.0003,3.46e-05,0.0,1.0,0.41696358,480.72787
0.00031,1.73e-05,0.0,0.0,0.37107357,299.29855
0.00031,1.73e-05,0.0,0.1,0.5937909,424.12442
0.00031,1.73e-05,0.0,0.2,0.73733133,462.67798
0.00031,1.73e-05,0.0,0.3,0.34732312,474.73398
0.00031,1.73e-05,0.0,0.4,0.54508936,480.3507
0.00031,1.73e-05,0.0,0.5,0.5140983,482.17767
0.00031,1.73e-05,0.0,0.6,0.4991939,481.92392
0.00031,1.73e-05,0.0,0.7,0.5404117,489.31854
0.00031,1.73e-05,0.0,0.8,0.40409455,489.22885
0.00031,1.73e-05,0.0,0.9,0.44967562,481.9852
0.00031,1.73e-05,0.0,1.0,0.41702536,480.7589
0.00031,1.73e-05,1e-05,0.0,0.3717364,299.1543
0.00031,1.73e-05,1e-05,0.1,0.59420097,424.19266
0.00031,1.73e-05,1e-05,0.2,0.73773277,462.78992
0.00031,1.73e-05,1e-05,0.3,0.3471735,474.72226
0.00031,1.73e-05,1e-05,0.4,0.54511553,480.3615
0.00031,1.73e-05,1e-05,0.5,0.5141039,482.1828
0.00031,1.73e-05,1e-05,0.6,0.4990217,481.93744
0.00031,1.73e-05,1e-05,0.7,0.5403981,489.3196
0.00031,1.73e-05,1e-05,0.8,0.40409905,489.22815
0.00031,1.73e-05,1e-05,0.9,0.44972038,481.98917
0.00031,1.73e-05,1e-05,1.0,0.41694915,480.7207
0.00032,0.0,1e-05,0.0,0.37202635,299.09247
0.00032,0.0,1e-05,0.1,0.5942973,424.20874
0.00032,0.0,1e-05,0.2,0.7377472,462.79312
0.00032,0.0,1e-05,0.3,0.34719825,474.72424
0.00032,0.0,1e-05,0.4,0.54510355,480.35696
0.00032,0.0,1e-05,0.5,0.5141014,482.18042
0.00032,0.0,1e-05,0.6,0.4991086,481.93008
0.00032,0.0,1e-05,0.7,0.5404066,489.31888
0.00032,0.0,1e-05,0.8,0.40409553,489.22867
0.00032,0.0,1e-05,0.9,0.44968468,481.98608
0.00032,0.0,1e-05,1.0,0.41701052,480.75162
0.00032,0.0,0.0,0.0,0.37134594,299.23907
0.00032,0.0,0.0,0.1,0.5938856,424.14
0.00032,0.0,0.0,0.2,0.7373461,462.68097
0.00032,0.0,0.0,0.3,0.3473494,474.7362
0.00032,0.0,0.0,0.4,0.5450785,480.34653
0.00032,0.0,0.0,0.5,0.514096,482.1755
0.00032,0.0,0.0,0.6,0.49928135,481.91702
0.00032,0.0,0.0,0.7,0.5404202,489.31787
0.00032,0.0,0.0,0.8,0.40409103,489.22934
0.00032,0.0,0.0,0.9,0.44963998,481.98248
0.00032,0.0,0.0,1.0,0.41708717,480.7898
0.00028,1e-04,0.0,0.0,0.3698302,299.5775
0.00028,1e-04,0.0,0.1,0.5933118,424.04636
0.00028,1e-04,0.0,0.2,0.73722523,462.65445
0.00028,1e-04,0.0,0.3,0.3472137,474.725
0.00028,1e-04,0.0,0.4,0.54514456,480.3715
0.00028,1e-04,0.0,0.5,0.5141102,482.18896
0.00028,1e-04,0.0,0.6,0.49878716,481.95932
0.00028,1e-04,0.0,0.7,0.54037136,489.32208
0.00028,1e-04,0.0,0.8,0.40411076,489.22644
0.00028,1e-04,0.0,0.9,0.44984508,482.00137
0.00028,1e-04,0.0,1.0,0.41673112,480.61166
0.00028,1e-04,1e-05,0.0,0.37041363,299.44467
0.00028,1e-04,1e-05,0.1,0.5937134,424.11197
0.00028,1e-04,1e-05,0.2,0.7376289,462.7647
0.00028,1e-04,1e-05,0.3,0.3470708,474.71417
0.00028,1e-04,1e-05,0.4,0.5451756,480.3839
0.00028,1e-04,1e-05,0.5,0.514117,482.19507
0.00028,1e-04,1e-05,0.6,0.49861705,481.97473
0.00028,1e-04,1e-05,0.7,0.5403576,489.3233
0.00028,1e-04,1e-05,0.8,0.40411526,489.22586
0.00028,1e-04,1e-05,0.9,0.4498893,482.0066
0.00028,1e-04,1e-05,1.0,0.41665494,480.57364
0.00029,8.27e-05,0.0,0.0,0.37007007,299.5228
0.00029,8.27e-05,0.0,0.1,0.5934046,424.06143
0.00029,8.27e-05,0.0,0.2,0.73724014,462.6574
0.00029,8.27e-05,0.0,0.3,0.34723893,474.72702
0.00029,8.27e-05,0.0,0.4,0.5451323,480.3669
0.00029,8.27e-05,0.0,0.5,0.5141075,482.18634
0.00029,8.27e-05,0.0,0.6,0.49887335,481.95135
0.00029,8.27e-05,0.0,0.7,0.5403799,489.3213
0.00029,8.27e-05,0.0,0.8,0.40410742,489.22696
0.00029,8.27e-05,0.0,0.9,0.44980967,481.9976
0.00029,8.27e-05,0.0,1.0,0.4167926,480.64246
0.00029,8.31e-05,5e-06,0.0,0.3703587,299.45728
0.00029,8.31e-05,5e-06,0.1,0.59360284,424.0938
0.00029,8.31e-05,5e-06,0.2,0.73744184,462.71152
0.00029,8.31e-05,5e-06,0.3,0.3471649,474.7213
0.00029,8.31e-05,5e-06,0.4,0.545147,480.3729
0.00029,8.31e-05,5e-06,0.5,0.51411074,482.1893
0.00029,8.31e-05,5e-06,0.6,0.49878615,481.95895
0.00029,8.31e-05,5e-06,0.7,0.54037285,489.32193
0.00029,8.31e-05,5e-06,0.8,0.40410972,489.22662
0.00029,8.31e-05,5e-06,0.9,0.44983268,482.0001
0.00029,8.31e-05,5e-06,1.0,0.416753,480.62265
0.00029,8.27e-05,1e-05,0.0,0.37066868,299.38766
0.00029,8.27e-05,1e-05,0.1,0.593808,424.1276
0.00029,8.27e-05,1e-05,0.2,0.73764336,462.7679
0.00029,8.27e-05,1e-05,0.3,0.34709442,474.71597
0.00029,8.27e-05,1e-05,0.4,0.54516226,480.37894
0.00029,8.27e-05,1e-05,0.5,0.514114,482.1923
0.00029,8.27e-05,1e-05,0.6,0.49870294,481.96643
0.00029,8.27e-05,1e-05,0.7,0.5403662,489.3225
0.00029,8.27e-05,1e-05,0.8,0.4041118,489.22632
0.00029,8.27e-05,1e-05,0.9,0.44985393,482.00253
0.00029,8.27e-05,1e-05,1.0,0.41671655,480.60437
0.0003,6.69e-05,1e-05,0.0,0.37090513,299.3352
0.0003,6.69e-05,1e-05,0.1,0.59389305,424.14154
0.0003,6.69e-05,1e-05,0.2,0.73765486,462.77026
0.0003,6.69e-05,1e-05,0.3,0.3471168,474.71774
0.0003,6.69e-05,1e-05,0.4,0.5451502,480.37442
0.0003,6.69e-05,1e-05,0.5,0.5141113,482.18976
0.0003,6.69e-05,1e-05,0.6,0.49878186,481.95892
0.0003,6.69e-05,1e-05,0.7,0.54037404,489.32178
0.0003,6.69e-05,1e-05,0.8,0.4041088,489.22675
0.0003,6.69e-05,1e-05,0.9,0.44982168,481.99902
0.0003,6.69e-05,1e-05,1.0,0.4167726,480.63248
0.0003,6.69e-05,0.0,0.0,0.37029287,299.47232
0.0003,6.69e-05,0.0,0.1,0.59348804,424.07495
0.0003,6.69e-05,0.0,0.2,0.7372519,462.65958
0.0003,6.69e-05,0.0,0.3,0.3472628,474.729
0.0003,6.69e-05,0.0,0.4,0.54512125,480.36267
0.0003,6.69e-05,0.0,0.5,0.5141051,482.18408
0.0003,6.69e-05,0.0,0.6,0.49895287,481.9443
0.0003,6.69e-05,0.0,0.7,0.54038775,489.32062
0.0003,6.69e-05,0.0,0.8,0.40410432,489.2274
0.0003,6.69e-05,0.0,0.9,0.44977716,481.9943
0.0003,6.69e-05,0.0,1.0,0.41684896,480.67065
0.00031,5.1e-05,0.0,0.0,0.3705221,299.42084
0.00031,5.1e-05,0.0,0.1,0.5935727,424.08868
0.00031,5.1e-05,0.0,0.2,0.73726374,462.66187
0.00031,5.1e-05,0.0,0.3,0.347287,474.73093
0.00031,5.1e-05,0.0,0.4,0.5451106,480.35864
0.00031,5.1e-05,0.0,0.5,0.5141027,482.18182
0.00031,5.1e-05,0.0,0.6,0.4990331,481.93738
0.00031,5.1e-05,0.0,0.7,0.5403956,489.31995
0.00031,5.1e-05,0.0,0.8,0.40410113,489.2278
0.00031,5.1e-05,0.0,0.9,0.4497446,481.99115
0.00031,5.1e-05,0.0,1.0,0.41690567,480.69907
0.00031,5.1e-05,1e-05,0.0,0.3711486,299.28165
0.00031,5.1e-05,1e-05,0.1,0.59397906,424.1558
0.00031,5.1e-05,1e-05,0.2,0.7376666,462.77277
0.00031,5.1e-05,1e-05,0.3,0.3471396,474.7195
0.00031,5.1e-05,1e-05,0.4,0.5451385,480.37003
0.00031,5.1e-05,1e-05,0.5,0.51410866,482.18732
0.00031,5.1e-05,1e-05,0.6,0.49886167,481.9516
0.00031,5.1e-05,1e-05,0.7,0.54038185,489.32104
0.00031,5.1e-05,1e-05,0.8,0.4041056,489.22717
0.00031,5.1e-05,1e-05,0.9,0.44978905,481.99557
0.00031,5.1e-05,1e-05,1.0,0.4168293,480.6609
0.00032,3.46e-05,1e-05,0.0,0.37140742,299.22525
0.00032,3.46e-05,1e-05,0.1,0.5940686,424.1706
0.00032,3.46e-05,1e-05,0.2,0.7376793,462.77548
0.00032,3.46e-05,1e-05,0.3,0.34716305,474.7213
0.00032,3.46e-05,1e-05,0.4,0.5451267,480.36554
0.00032,3.46e-05,1e-05,0.5,0.5141062,482.1849
0.00032,3.46e-05,1e-05,0.6,0.49894398,481.94427
0.00032,3.46e-05,1e-05,0.7,0.54039,489.32037
0.00032,3.46e-05,1e-05,0.8,0.4041024,489.22766
0.00032,3.46e-05,1e-05,0.9,0.44975534,481.9923
0.00032,3.46e-05,1e-05,1.0,0.41688773,480.69006
0.00032,3.46e-05,0.0,0.0,0.37076497,299.36667
0.00032,3.46e-05,0.0,0.1,0.59366083,424.10312
0.00032,3.46e-05,0.0,0.2,0.73727685,462.66446
0.00032,3.46e-05,0.0,0.3,0.34731215,474.73297
0.00032,3.46e-05,0.0,0.4,0.54509974,480.35452
0.00032,3.46e-05,0.0,0.5,0.5141003,482.17963
0.00032,3.46e-05,0.0,0.6,0.4991157,481.93042
0.00032,3.46e-05,0.0,0.7,0.54040366,489.31924
0.00032,3.46e-05,0.0,0.8,0.4040979,489.22827
0.00032,3.46e-05,0.0,0.9,0.4497108,481.98813
0.00032,3.46e-05,0.0,1.0,0.41696402,480.72812
0.00033,1.73e-05,1e-05,0.0,0.37168875,299.16446
0.00033,1.73e-05,1e-05,0.1,0.59416455,424.1866
0.00033,1.73e-05,1e-05,0.2,0.73769367,462.77863
0.00033,1.73e-05,1e-05,0.3,0.3471877,474.72333
0.00033,1.73e-05,1e-05,0.4,0.5451146,480.36096
0.00033,1.73e-05,1e-05,0.5,0.5141036,482.18246
0.00033,1.73e-05,1e-05,0.6,0.49903065,481.9367
0.00033,1.73e-05,1e-05,0.7,0.54039854,489.31958
0.00033,1.73e-05,1e-05,0.8,0.40409902,489.22815
0.00033,1.73e-05,1e-05,0.9,0.44971982,481.98904
0.00033,1.73e-05,1e-05,1.0,0.4169496,480.72092
0.00033,1.73e-05,0.0,0.0,0.3710285,299.30838
0.00033,1.73e-05,0.0,0.1,0.593755,424.11853
0.00033,1.73e-05,0.0,0.2,0.7372915,462.6674
0.00033,1.73e-05,0.0,0.3,0.3473383,474.73517
0.00033,1.73e-05,0.0,0.4,0.5450887,480.35025
0.00033,1.73e-05,0.0,0.5,0.514098,482.1774
0.00033,1.73e-05,0.0,0.6,0.49920297,481.92328
0.00033,1.73e-05,0.0,0.7,0.5404121,489.31848
0.00033,1.73e-05,0.0,0.8,0.4040944,489.22882
0.00033,1.73e-05,0.0,0.9,0.4496751,481.98517
0.00033,1.73e-05,0.0,1.0,0.4170257,480.7591
0.00034,0.0,1e-05,0.0,0.3719777,299.10275
0.00034,0.0,1e-05,0.1,0.5942609,424.2026
0.00034,0.0,1e-05,0.2,0.7377081,462.78183
0.00034,0.0,1e-05,0.3,0.3472124,474.72528
0.00034,0.0,1e-05,0.4,0.5451026,480.3565
0.00034,0.0,1e-05,0.5,0.514101,482.18005
0.00034,0.0,1e-05,0.6,0.49911755,481.92944
0.00034,0.0,1e-05,0.7,0.540407,489.31885
0.00034,0.0,1e-05,0.8,0.4040955,489.2287
0.00034,0.0,1e-05,0.9,0.44968414,481.98605
0.00034,0.0,1e-05,1.0,0.4170113,480.75183
0.00034,0.0,0.0,0.0,0.37129983,299.24905
0.00034,0.0,0.0,0.1,0.59384966,424.13412
0.00034,0.0,0.0,0.2,0.7373064,462.6704
0.00034,0.0,0.0,0.3,0.34736472,474.73737
0.00034,0.0,0.0,0.4,0.5450779,480.34613
0.00034,0.0,0.0,0.5,0.5140957,482.1752
0.00034,0.0,0.0,0.6,0.49929053,481.91635
0.00034,0.0,0.0,0.7,0.54042065,489.3178
0.00034,0.0,0.0,0.8,0.40409097,489.22937
0.00034,0.0,0.0,0.9,0.44963935,481.9824
0.00034,0.0,0.0,1.0,0.41708744,480.78998
0.0003,1e-04,0.0,0.0,0.36979082,299.5866
0.0003,1e-04,0.0,0.1,0.5932766,424.04068
0.0003,1e-04,0.0,0.2,0.7371853,462.6441
0.0003,1e-04,0.0,0.3,0.34722817,474.72607
0.0003,1e-04,0.0,0.4,0.5451434,480.37097
0.0003,1e-04,0.0,0.5,0.51410973,482.18854
0.0003,1e-04,0.0,0.6,0.49879608,481.95853
0.0003,1e-04,0.0,0.7,0.54037184,489.32205
0.0003,1e-04,0.0,0.8,0.4041107,489.22644
0.0003,1e-04,0.0,0.9,0.4498445,482.00128
0.0003,1e-04,0.0,1.0,0.41673175,480.61203
0.0003,1e-04,1e-05,0.0,0.3703717,299.45407
0.0003,1e-04,1e-05,0.1,0.5936778,424.10614
0.0003,1e-04,1e-05,0.2,0.73758954,462.7536
0.0003,1e-04,1e-05,0.3,0.3470842,474.7151
0.0003,1e-04,1e-05,0.4,0.545174,480.3832
0.0003,1e-04,1e-05,0.5,0.5141165,482.19464
0.0003,1e-04,1e-05,0.6,0.49862587,481.97394
0.0003,1e-04,1e-05,0.7,0.54035807,489.32324
0.0003,1e-04,1e-05,0.8,0.40411514,489.22586
0.0003,1e-04,1e-05,0.9,0.44988865,482.0065
0.0003,1e-04,1e-05,1.0,0.4166555,480.5739
0.00031,8.27e-05,0.0,0.0,0.37002963,299.53195
0.00031,8.27e-05,0.0,0.1,0.5933694,424.0557
0.00031,8.27e-05,0.0,0.2,0.73720014,462.64694
0.00031,8.27e-05,0.0,0.3,0.3472536,474.72812
0.00031,8.27e-05,0.0,0.4,0.5451313,480.3663
0.00031,8.27e-05,0.0,0.5,0.5141071,482.18597
0.00031,8.27e-05,0.0,0.6,0.4988825,481.95062
0.00031,8.27e-05,0.0,0.7,0.54038036,489.32123
0.00031,8.27e-05,0.0,0.8,0.40410736,489.2269
0.00031,8.27e-05,0.0,0.9,0.44980913,481.99747
0.00031,8.27e-05,0.0,1.0,0.41679323,480.64282
0.00031,8.27e-05,1e-05,0.0,0.37062556,299.39725
0.00031,8.27e-05,1e-05,0.1,0.5937722,424.1216
0.00031,8.27e-05,1e-05,0.2,0.7376042,462.75677
0.00031,8.27e-05,1e-05,0.3,0.34710804,474.71695
0.00031,8.27e-05,1e-05,0.4,0.54516083,480.3783
0.00031,8.27e-05,1e-05,0.5,0.51411355,482.19183
0.00031,8.27e-05,1e-05,0.6,0.49871188,481.9656
0.00031,8.27e-05,1e-05,0.7,0.5403667,489.32245
0.00031,8.27e-05,1e-05,0.8,0.40411177,489.22632
0.00031,8.27e-05,1e-05,0.9,0.44985333,482.00244
0.00031,8.27e-05,1e-05,1.0,0.41671717,480.60474
0.00032,6.69e-05,1e-05,0.0,0.3708611,299.34494
0.00032,6.69e-05,1e-05,0.1,0.5938571,424.1356
0.00032,6.69e-05,1e-05,0.2,0.73761576,462.7592
0.00032,6.69e-05,1e-05,0.3,0.34713057,474.71872
0.00032,6.69e-05,1e-05,0.4,0.5451489,480.3738
0.00032,6.69e-05,1e-05,0.5,0.51411086,482.18936
0.00032,6.69e-05,1e-05,0.6,0.49879095,481.9582
0.00032,6.69e-05,1e-05,0.7,0.54037446,489.32175
0.00032,6.69e-05,1e-05,0.8,0.4041086,489.22675
0.00032,6.69e-05,1e-05,0.9,0.44982114,481.99893
0.00032,6.69e-05,1e-05,1.0,0.41677314,480.63272
0.00032,6.69e-05,0.0,0.0,0.37025124,299.4817
0.00032,6.69e-05,0.0,0.1,0.5934528,424.0692
0.00032,6.69e-05,0.0,0.2,0.737212,462.6492
0.00032,6.69e-05,0.0,0.3,0.34727764,474.7301
0.00032,6.69e-05,0.0,0.4,0.54512024,480.3622
0.00032,6.69e-05,0.0,0.5,0.51410466,482.18375
0.00032,6.69e-05,0.0,0.6,0.4989618,481.94357
0.00032,6.69e-05,0.0,0.7,0.5403882,489.3206
0.00032,6.69e-05,0.0,0.8,0.40410414,489.2274
0.00032,6.69e-05,0.0,0.9,0.4497766,481.99417
0.00032,6.69e-05,0.0,1.0,0.41684937,480.67084
0.00033,5.1e-05,0.0,0.0,0.3704797,299.43027
0.00033,5.1e-05,0.0,0.1,0.59353715,424.08298
0.00033,5.1e-05,0.0,0.2,0.73722404,462.6515
0.00033,5.1e-05,0.0,0.3,0.34730202,474.73212
0.00033,5.1e-05,0.0,0.4,0.5451096,480.35812
0.00033,5.1e-05,0.0,0.5,0.5141024,482.18152
0.00033,5.1e-05,0.0,0.6,0.49904197,481.93668
0.00033,5.1e-05,0.0,0.7,0.540396,489.3199
0.00033,5.1e-05,0.0,0.8,0.40410116,489.2278
0.00033,5.1e-05,0.0,0.9,0.44974402,481.99106
0.00033,5.1e-05,0.0,1.0,0.41690624,480.69937
0.00033,5.1e-05,1e-05,0.0,0.37110373,299.29144
0.00033,5.1e-05,1e-05,0.1,0.59394306,424.14978
0.00033,5.1e-05,1e-05,0.2,0.73762745,462.7616
0.00033,5.1e-05,1e-05,0.3,0.34715346,474.72055
0.00033,5.1e-05,1e-05,0.4,0.54513717,480.36945
0.00033,5.1e-05,1e-05,0.5,0.5141083,482.18698
0.00033,5.1e-05,1e-05,0.6,0.49887055,481.95087
0.00033,5.1e-05,1e-05,0.7,0.5403824,489.321
0.00033,5.1e-05,1e-05,0.8,0.4041055,489.22717
0.00033,5.1e-05,1e-05,0.9,0.44978842,481.99548
0.00033,5.1e-05,1e-05,1.0,0.41682997,480.66125
0.00034,3.46e-05,1e-05,0.0,0.37136123,299.23526
0.00034,3.46e-05,1e-05,0.1,0.5940325,424.1646
0.00034,3.46e-05,1e-05,0.2,0.7376401,462.7643
0.00034,3.46e-05,1e-05,0.3,0.3471771,474.7224
0.00034,3.46e-05,1e-05,0.4,0.5451255,480.36493
0.00034,3.46e-05,1e-05,0.5,0.5141058,482.18457
0.00034,3.46e-05,1e-05,0.6,0.49895293,481.94357
0.00034,3.46e-05,1e-05,0.7,0.5403905,489.32034
0.00034,3.46e-05,1e-05,0.8,0.40410236,489.2277
0.00034,3.46e-05,1e-05,0.9,0.4497549,481.99225
0.00034,3.46e-05,1e-05,1.0,0.41688824,480.6903
0.00034,3.46e-05,0.0,0.0,0.37072164,299.37628
0.00034,3.46e-05,0.0,0.1,0.5936253,424.09732
0.00034,3.46e-05,0.0,0.2,0.73723704,462.65396
0.00034,3.46e-05,0.0,0.3,0.34732714,474.7342
0.00034,3.46e-05,0.0,0.4,0.5450989,480.35403
0.00034,3.46e-05,0.0,0.5,0.5141,482.17932
0.00034,3.46e-05,0.0,0.6,0.49912477,481.92972
0.00034,3.46e-05,0.0,0.7,0.5404042,489.31918
0.00034,3.46e-05,0.0,0.8,0.40409786,489.22833
0.00034,3.46e-05,0.0,0.9,0.44971022,481.98804
0.00034,3.46e-05,0.0,1.0,0.4169647,480.72845
0.00035,1.73e-05,1e-05,0.0,0.37164155,299.17468
0.00035,1.73e-05,1e-05,0.1,0.5941282,424.18057
0.00035,1.73e-05,1e-05,0.2,0.7376546,462.76752
0.00035,1.73e-05,1e-05,0.3,0.34720185,474.7244
0.00035,1.73e-05,1e-05,0.4,0.54511344,480.36044
0.00035,1.73e-05,1e-05,0.5,0.5141031,482.18216
0.00035,1.73e-05,1e-05,0.6,0.4990397,481.93607
0.00035,1.73e-05,1e-05,0.7,0.540399,489.31952
0.00035,1.73e-05,1e-05,0.8,0.40409884,489.22815
0.00035,1.73e-05,1e-05,0.9,0.4497193,481.989
0.00035,1.73e-05,1e-05,1.0,0.41695005,480.72122
0.00035,1.73e-05,0.0,0.0,0.3709841,299.31815
0.00035,1.73e-05,0.0,0.1,0.59371936,424.11267
0.00035,1.73e-05,0.0,0.2,0.7372517,462.6569
0.00035,1.73e-05,0.0,0.3,0.3473535,474.73642
0.00035,1.73e-05,0.0,0.4,0.54508793,480.3498
0.00035,1.73e-05,0.0,0.5,0.5140976,482.1771
0.00035,1.73e-05,0.0,0.6,0.49921203,481.92264
0.00035,1.73e-05,0.0,0.7,0.5404126,489.31845
0.00035,1.73e-05,0.0,0.8,0.40409434,489.22882
0.00035,1.73e-05,0.0,0.9,0.44967452,481.98505
0.00035,1.73e-05,0.0,1.0,0.4170264,480.75946
0.00036,0.0,1e-05,0.0,0.37192857,299.11316
0.00036,0.0,1e-05,0.1,0.5942243,424.1965
0.00036,0.0,1e-05,0.2,0.7376692,462.7707
0.00036,0.0,1e-05,0.3,0.34722686,474.7264
0.00036,0.0,1e-05,0.4,0.54510176,480.35596
0.00036,0.0,1e-05,0.5,0.5141007,482.17975
0.00036,0.0,1e-05,0.6,0.4991266,481.92874
0.00036,0.0,1e-05,0.7,0.54040754,489.31885
0.00036,0.0,1e-05,0.8,0.40409544,489.2287
0.00036,0.0,1e-05,0.9,0.44968355,481.98593
0.00036,0.0,1e-05,1.0,0.4170116,480.7521
0.00036,0.0,0.0,0.0,0.37125412,299.25903
0.00036,0.0,0.0,0.1,0.59381384,424.12823
0.00036,0.0,0.0,0.2,0.7372665,462.65985
0.00036,0.0,0.0,0.3,0.34738013,474.73862
0.00036,0.0,0.0,0.4,0.5450773,480.34567
0.00036,0.0,0.0,0.5,0.5140954,482.17496
0.00036,0.0,0.0,0.6,0.4992995,481.9157
0.00036,0.0,0.0,0.7,0.5404211,489.3178
0.00036,0.0,0.0,0.8,0.4040909,489.22937
0.00036,0.0,0.0,0.9,0.44963875,481.98236
0.00036,0.0,0.0,1.0,0.417088,480.79034
0.00032,1e-04,0.0,0.0,0.36975157,299.5956
0.00032,1e-04,0.0,0.1,0.5932416,424.03503
0.00032,1e-04,0.0,0.2,0.7371454,462.63373
0.00032,1e-04,0.0,0.3,0.34724265,474.7272
0.00032,1e-04,0.0,0.4,0.5451422,480.37036
0.00032,1e-04,0.0,0.5,0.51410943,482.1882
0.00032,1e-04,0.0,0.6,0.49880484,481.9578
0.00032,1e-04,0.0,0.7,0.54037225,489.32202
0.00032,1e-04,0.0,0.8,0.4041106,489.22644
0.00032,1e-04,0.0,0.9,0.4498439,482.00116
0.00032,1e-04,0.0,1.0,0.41673234,480.61227
0.00032,9.31e-05,5e-06,0.0,0.37014169,299.50623
0.00032,9.31e-05,5e-06,0.1,0.5934853,424.07465
0.00032,9.31e-05,5e-06,0.2,0.7373626,462.69064
0.00032,9.31e-05,5e-06,0.3,0.34717596,474.72202
0.00032,9.31e-05,5e-06,0.4,0.54515207,480.3745
0.00032,9.31e-05,5e-06,0.5,0.5141116,482.19012
0.00032,9.31e-05,5e-06,0.6,0.49875236,481.96228
0.00032,9.31e-05,5e-06,0.7,0.54036874,489.32233
0.00032,9.31e-05,5e-06,0.8,0.4041115,489.22635
0.00032,9.31e-05,5e-06,0.9,0.44985202,482.00214
0.00032,9.31e-05,5e-06,1.0,0.41671845,480.6054
0.00032,1e-04,1e-05,0.0,0.37032998,299.46344
0.00032,1e-04,1e-05,0.1,0.5936423,424.10034
0.00032,1e-04,1e-05,0.2,0.73755044,462.74258
0.00032,1e-04,1e-05,0.3,0.3470977,474.7161
0.00032,1e-04,1e-05,0.4,0.5451726,480.38257
0.00032,1e-04,1e-05,0.5,0.51411605,482.19424
0.00032,1e-04,1e-05,0.6,0.49863476,481.9732
0.00032,1e-04,1e-05,0.7,0.54035854,489.3232
0.00032,1e-04,1e-05,0.8,0.404115,489.22586
0.00032,1e-04,1e-05,0.9,0.4498882,482.00638
0.00032,1e-04,1e-05,1.0,0.41665605,480.57416
0.00033,8.27e-05,1e-05,0.0,0.37058252,299.40683
0.00033,8.27e-05,1e-05,0.1,0.59373635,424.11575
0.00033,8.27e-05,1e-05,0.2,0.7375649,462.74576
0.00033,8.27e-05,1e-05,0.3,0.3471217,474.718
0.00033,8.27e-05,1e-05,0.4,0.54515946,480.3776
0.00033,8.27e-05,1e-05,0.5,0.5141131,482.19147
0.00033,8.27e-05,1e-05,0.6,0.49872074,481.96487
0.00033,8.27e-05,1e-05,0.7,0.5403671,489.32242
0.00033,8.27e-05,1e-05,0.8,0.40411162,489.22632
0.00033,8.27e-05,1e-05,0.9,0.44985276,482.00232
0.00033,8.27e-05,1e-05,1.0,0.4167177,480.60495
0.00033,8.27e-05,0.0,0.0,0.36998928,299.54117
0.00033,8.27e-05,0.0,0.1,0.5933342,424.04996
0.00033,8.27e-05,0.0,0.2,0.73716027,462.63663
0.00033,8.27e-05,0.0,0.3,0.3472683,474.72928
0.00033,8.27e-05,0.0,0.4,0.5451301,480.36575
0.00033,8.27e-05,0.0,0.5,0.51410675,482.18567
0.00033,8.27e-05,0.0,0.6,0.49889147,481.9499
0.00033,8.27e-05,0.0,0.7,0.54038084,489.32126
0.00033,8.27e-05,0.0,0.8,0.4041073,489.2269
0.00033,8.27e-05,0.0,0.9,0.44980857,481.99738
0.00033,8.27e-05,0.0,1.0,0.41679364,480.643
0.00034,1e-04,0.0,0.0,0.3697125,299.60458
0.00034,1e-04,0.0,0.1,0.59320664,424.02942
0.00034,1e-04,0.0,0.2,0.7371052,462.62347
0.00034,1e-04,0.0,0.3,0.3472573,474.72833
0.00034,1e-04,0.0,0.4,0.5451411,480.36978
0.00034,1e-04,0.0,0.5,0.514109,482.18784
0.00034,1e-04,0.0,0.6,0.49881396,481.95703
0.00034,1e-04,0.0,0.7,0.5403728,489.32196
0.00034,1e-04,0.0,0.8,0.40411058,489.22644
0.00034,1e-04,0.0,0.9,0.4498433,482.00107
0.00034,1e-04,0.0,1.0,0.41673276,480.61255
0.00034,6.69e-05,1e-05,0.0,0.37081712,299.35468
0.00034,6.69e-05,1e-05,0.1,0.5938213,424.1297
0.00034,6.69e-05,1e-05,0.2,0.7375764,462.74808
0.00034,6.69e-05,1e-05,0.3,0.34714434,474.71973
0.00034,6.69e-05,1e-05,0.4,0.54514766,480.3732
0.00034,6.69e-05,1e-05,0.5,0.5141105,482.189
0.00034,6.69e-05,1e-05,0.6,0.49879986,481.95746
0.00034,6.69e-05,1e-05,0.7,0.54037493,489.3217
0.00034,6.69e-05,1e-05,0.8,0.40410858,489.22675
0.00034,6.69e-05,1e-05,0.9,0.44982055,481.9988
0.00034,6.69e-05,1e-05,1.0,0.4167738,480.63306
0.00034,6.69e-05,0.0,0.0,0.3702101,299.49094
0.00034,6.69e-05,0.0,0.1,0.5934175,424.06348
0.00034,6.69e-05,0.0,0.2,0.73717195,462.63882
0.00034,6.69e-05,0.0,0.3,0.34729254,474.73126
0.00034,6.69e-05,0.0,0.4,0.5451192,480.3617
0.00034,6.69e-05,0.0,0.5,0.5141043,482.1834
0.00034,6.69e-05,0.0,0.6,0.4989709,481.94284
0.00034,6.69e-05,0.0,0.7,0.5403887,489.32056
0.00034,6.69e-05,0.0,0.8,0.40410417,489.2274
0.00034,6.69e-05,0.0,0.9,0.44977608,481.99408
0.00034,6.69e-05,0.0,1.0,0.41685012,480.6712
0.00035,5.1e-05,0.0,0.0,0.37043756,299.43973
0.00035,5.1e-05,0.0,0.1,0.5935018,424.07715
0.00035,5.1e-05,0.0,0.2,0.7371838,462.64105
0.00035,5.1e-05,0.0,0.3,0.34731713,474.73334
0.00035,5.1e-05,0.0,0.4,0.5451087,480.35767
0.00035,5.1e-05,0.0,0.5,0.514102,482.1812
0.00035,5.1e-05,0.0,0.6,0.499051,481.93594
0.00035,5.1e-05,0.0,0.7,0.54039645,489.31985
0.00035,5.1e-05,0.0,0.8,0.40410098,489.22784
0.00035,5.1e-05,0.0,0.9,0.44974348,481.991
0.00035,5.1e-05,0.0,1.0,0.41690663,480.69955
0.00035,5.1e-05,1e-05,0.0,0.3710589,299.30127
0.00035,5.1e-05,1e-05,0.1,0.59390706,424.14383
0.00035,5.1e-05,1e-05,0.2,0.7375883,462.75055
0.00035,5.1e-05,1e-05,0.3,0.34716746,474.7216
0.00035,5.1e-05,1e-05,0.4,0.54513603,480.3688
0.00035,5.1e-05,1e-05,0.5,0.51410794,482.1866
0.00035,5.1e-05,1e-05,0.6,0.49887955,481.95013
0.00035,5.1e-05,1e-05,0.7,0.5403828,489.32098
0.00035,5.1e-05,1e-05,0.8,0.4041054,489.22717
0.00035,5.1e-05,1e-05,0.9,0.44978783,481.99542
0.00035,5.1e-05,1e-05,1.0,0.4168304,480.6614
0.00036,3.44e-05,5e-06,0.0,0.37099484,299.31555
0.00036,3.44e-05,5e-06,0.1,0.59379345,424.12497
0.00036,3.44e-05,5e-06,0.2,0.7374004,462.6976
0.00036,3.44e-05,5e-06,0.3,0.34726572,474.7293
0.00036,3.44e-05,5e-06,0.4,0.54511064,480.3588
0.00036,3.44e-05,5e-06,0.5,0.51410246,482.18152
0.00036,3.44e-05,5e-06,0.6,0.49904877,481.93573
0.00036,3.44e-05,5e-06,0.7,0.5403978,489.31973
0.00036,3.44e-05,5e-06,0.8,0.40409994,489.22797
0.00036,3.44e-05,5e-06,0.9,0.44973153,481.98993
0.00036,3.44e-05,5e-06,1.0,0.4169277,480.71002
0.00036,3.46e-05,1e-05,0.0,0.3713152,299.24524
0.00036,3.46e-05,1e-05,0.1,0.5939964,424.1586
0.00036,3.46e-05,1e-05,0.2,0.737601,462.75323
0.00036,3.46e-05,1e-05,0.3,0.3471912,474.7235
0.00036,3.46e-05,1e-05,0.4,0.5451244,480.3644
0.00036,3.46e-05,1e-05,0.5,0.5141053,482.1842
0.00036,3.46e-05,1e-05,0.6,0.498962,481.94284
0.00036,3.46e-05,1e-05,0.7,0.540391,489.3203
0.00036,3.46e-05,1e-05,0.8,0.4041023,489.2277
0.00036,3.46e-05,1e-05,0.9,0.44975427,481.99216
0.00036,3.46e-05,1e-05,1.0,0.41688883,480.6906
0.00036,3.46e-05,0.0,0.0,0.37067825,299.3859
0.00036,3.46e-05,0.0,0.1,0.59358966,424.0915
0.00036,3.46e-05,0.0,0.2,0.73719704,462.6436
0.00036,3.46e-05,0.0,0.3,0.3473424,474.73544
0.00036,3.46e-05,0.0,0.4,0.54509807,480.35355
0.00036,3.46e-05,0.0,0.5,0.5140996,482.17896
0.00036,3.46e-05,0.0,0.6,0.4991337,481.929
0.00036,3.46e-05,0.0,0.7,0.54040456,489.31915
0.00036,3.46e-05,0.0,0.8,0.4040977,489.22827
0.00036,3.46e-05,0.0,0.9,0.44970974,481.9879
0.00036,3.46e-05,0.0,1.0,0.4169652,480.72876
0.00037,1.73e-05,0.0,0.0,0.37093967,299.3279
0.00037,1.73e-05,0.0,0.1,0.5936836,424.1068
0.00037,1.73e-05,0.0,0.2,0.7372117,462.64645
0.00037,1.73e-05,0.0,0.3,0.34736884,474.7376
0.00037,1.73e-05,0.0,0.4,0.5450872,480.34937
0.00037,1.73e-05,0.0,0.5,0.51409733,482.1768
0.00037,1.73e-05,0.0,0.6,0.4992211,481.922
0.00037,1.73e-05,0.0,0.7,0.540413,489.31842
0.00037,1.73e-05,0.0,0.8,0.40409428,489.22882
0.00037,1.73e-05,0.0,0.9,0.44967386,481.98495
0.00037,1.73e-05,0.0,1.0,0.41702694,480.7597
0.00037,1.73e-05,1e-05,0.0,0.3715938,299.18488
0.00037,1.73e-05,1e-05,0.1,0.59409195,424.17447
0.00037,1.73e-05,1e-05,0.2,0.73761547,462.75638
0.00037,1.73e-05,1e-05,0.3,0.34721616,474.72552
0.00037,1.73e-05,1e-05,0.4,0.54511243,480.35983
0.00037,1.73e-05,1e-05,0.5,0.51410276,482.18173
0.00037,1.73e-05,1e-05,0.6,0.49904865,481.93533
0.00037,1.73e-05,1e-05,0.7,0.5403995,489.3195
0.00037,1.73e-05,1e-05,0.8,0.40409878,489.22815
0.00037,1.73e-05,1e-05,0.9,0.44971856,481.9889
0.00037,1.73e-05,1e-05,1.0,0.41695046,480.72147
0.00037,1.04e-05,5e-06,0.0,0.37138066,299.23123
0.00037,1.04e-05,5e-06,0.1,0.59393203,424.14783
0.00037,1.04e-05,5e-06,0.2,0.7374285,462.70395
0.00037,1.04e-05,5e-06,0.3,0.34729868,474.732
0.00037,1.04e-05,5e-06,0.4,0.5450951,480.35287
0.00037,1.04e-05,5e-06,0.5,0.514099,482.1783
0.00037,1.04e-05,5e-06,0.6,0.4991678,481.9258
0.00037,1.04e-05,5e-06,0.7,0.54040956,489.31876
0.00037,1.04e-05,5e-06,0.8,0.4040952,489.22873
0.00037,1.04e-05,5e-06,0.9,0.4496822,481.98572
0.00037,1.04e-05,5e-06,1.0,0.4170133,480.7529
0.00038,0.0,1e-05,0.0,0.37188014,299.12347
0.00038,0.0,1e-05,0.1,0.594188,424.19046
0.00038,0.0,1e-05,0.2,0.73762995,462.7595
0.00038,0.0,1e-05,0.3,0.34724134,474.72754
0.00038,0.0,1e-05,0.4,0.54510087,480.3554
0.00038,0.0,1e-05,0.5,0.5141003,482.17944
0.00038,0.0,1e-05,0.6,0.49913573,481.92807
0.00038,0.0,1e-05,0.7,0.540408,489.31882
0.00038,0.0,1e-05,0.8,0.40409535,489.2287
0.00038,0.0,1e-05,0.9,0.449683,481.9859
0.00038,0.0,1e-05,1.0,0.41701224,480.7524
0.00038,0.0,0.0,0.0,0.37120834,299.26898
0.00038,0.0,0.0,0.1,0.593778,424.12228
0.00038,0.0,0.0,0.2,0.73722667,462.64938
0.00038,0.0,0.0,0.3,0.34739563,474.7399
0.00038,0.0,0.0,0.4,0.5450767,480.34528
0.00038,0.0,0.0,0.5,0.51409507,482.17465
0.00038,0.0,0.0,0.6,0.49930853,481.9151
0.00038,0.0,0.0,0.7,0.54042155,489.31778
0.00038,0.0,0.0,0.8,0.4040908,489.22937
0.00038,0.0,0.0,0.9,0.4496382,481.98224
0.00038,0.0,0.0,1.0,0.41708857,480.7906
0.00034,1e-04,1e-05,0.0,0.37028855,299.47284
0.00034,1e-04,1e-05,0.1,0.59360665,424.09448
0.00034,1e-04,1e-05,0.2,0.737511,462.73172
0.00034,1e-04,1e-05,0.3,0.34711125,474.7171
0.00034,1e-04,1e-05,0.4,0.5451711,480.38187
0.00034,1e-04,1e-05,0.5,0.5141156,482.19385
0.00034,1e-04,1e-05,0.6,0.49864367,481.97238
0.00034,1e-04,1e-05,0.7,0.540359,489.3232
0.00034,1e-04,1e-05,0.8,0.40411493,489.2259
0.00034,1e-04,1e-05,0.9,0.44988754,482.00626
0.00034,1e-04,1e-05,1.0,0.41665667,480.57446
0.00035,8.27e-05,1e-05,0.0,0.37054008,299.41632
0.00035,8.27e-05,1e-05,0.1,0.5937007,424.1099
0.00035,8.27e-05,1e-05,0.2,0.73752564,462.73474
0.00035,8.27e-05,1e-05,0.3,0.34713554,474.719
0.00035,8.27e-05,1e-05,0.4,0.545158,480.37695
0.00035,8.27e-05,1e-05,0.5,0.51411265,482.19107
0.00035,8.27e-05,1e-05,0.6,0.49872968,481.96408
0.00035,8.27e-05,1e-05,0.7,0.5403676,489.3224
0.00035,8.27e-05,1e-05,0.8,0.40411162,489.22635
0.00035,8.27e-05,1e-05,0.9,0.44985223,482.0022
0.00035,8.27e-05,1e-05,1.0,0.41671813,480.6052
0.00035,8.27e-05,0.0,0.0,0.3699492,299.55026
0.00035,8.27e-05,0.0,0.1,0.59329915,424.04425
0.00035,8.27e-05,0.0,0.2,0.73712015,462.6263
0.00035,8.27e-05,0.0,0.3,0.3472832,474.73047
0.00035,8.27e-05,0.0,0.4,0.54512906,480.36526
0.00035,8.27e-05,0.0,0.5,0.5141064,482.1853
0.00035,8.27e-05,0.0,0.6,0.4989003,481.9492
0.00035,8.27e-05,0.0,0.7,0.5403814,489.32123
0.00035,8.27e-05,0.0,0.8,0.40410727,489.2269
0.00035,8.27e-05,0.0,0.9,0.449808,481.99725
0.00035,8.27e-05,0.0,1.0,0.41679427,480.6433
0.000355,7.48e-05,5e-06,0.0,0.37035275,299.45856
0.000355,7.48e-05,5e-06,0.1,0.5935411,424.08374
0.000355,7.48e-05,5e-06,0.2,0.73732966,462.68085
0.000355,7.48e-05,5e-06,0.3,0.34721977,474.72546
0.000355,7.48e-05,5e-06,0.4,0.54513747,480.3688
0.000355,7.48e-05,5e-06,0.5,0.5141082,482.18692
0.000355,7.48e-05,5e-06,0.6,0.4988545,481.9529
0.000355,7.48e-05,5e-06,0.7,0.5403784,489.32144
0.000355,7.48e-05,5e-06,0.8,0.40410787,489.22684
0.000355,7.48e-05,5e-06,0.9,0.44981396,481.99802
0.000355,7.48e-05,5e-06,1.0,0.41678423,480.6383
0.00036,1e-04,0.0,0.0,0.3696735,299.61353
0.00036,1e-04,0.0,0.1,0.5931718,424.0237
0.00036,1e-04,0.0,0.2,0.7370649,462.61322
0.00036,1e-04,0.0,0.3,0.3472722,474.7295
0.00036,1e-04,0.0,0.4,0.54514,480.3692
0.00036,1e-04,0.0,0.5,0.51410866,482.1875
0.00036,1e-04,0.0,0.6,0.49882287,481.9563
0.00036,1e-04,0.0,0.7,0.5403732,489.32193
0.00036,1e-04,0.0,0.8,0.40411052,489.22644
0.00036,1e-04,0.0,0.9,0.44984275,482.001
0.00036,1e-04,0.0,1.0,0.41673326,480.61285
0.00036,6.69e-05,1e-05,0.0,0.3707735,299.3643
0.00036,6.69e-05,1e-05,0.1,0.5937854,424.12378
0.00036,6.69e-05,1e-05,0.2,0.7375371,462.7371
0.00036,6.69e-05,1e-05,0.3,0.34715828,474.72076
0.00036,6.69e-05,1e-05,0.4,0.5451464,480.37256
0.00036,6.69e-05,1e-05,0.5,0.51410997,482.18866
0.00036,6.69e-05,1e-05,0.6,0.49880862,481.95667
0.00036,6.69e-05,1e-05,0.7,0.5403755,489.32166
0.00036,6.69e-05,1e-05,0.8,0.4041085,489.22675
0.00036,6.69e-05,1e-05,0.9,0.44981998,481.9987
0.00036,6.69e-05,1e-05,1.0,0.41677415,480.6332
0.00036,6.69e-05,0.0,0.0,0.3701689,299.50024
0.00036,6.69e-05,0.0,0.1,0.59338236,424.0577
0.00036,6.69e-05,0.0,0.2,0.7371319,462.6285
0.00036,6.69e-05,0.0,0.3,0.34730747,474.73245
0.00036,6.69e-05,0.0,0.4,0.54511833,480.36118
0.00036,6.69e-05,0.0,0.5,0.51410395,482.18307
0.00036,6.69e-05,0.0,0.6,0.49897984,481.9421
0.00036,6.69e-05,0.0,0.7,0.5403892,489.3205
0.00036,6.69e-05,0.0,0.8,0.40410405,489.2274
0.00036,6.69e-05,0.0,0.9,0.44977546,481.99402
0.00036,6.69e-05,0.0,1.0,0.41685072,480.67154
0.00037,5.1e-05,0.0,0.0,0.37039536,299.44916
0.00037,5.1e-05,0.0,0.1,0.5934664,424.07138
0.00037,5.1e-05,0.0,0.2,0.73714393,462.63077
0.00037,5.1e-05,0.0,0.3,0.34733224,474.73447
0.00037,5.1e-05,0.0,0.4,0.5451079,480.35718
0.00037,5.1e-05,0.0,0.5,0.51410156,482.18085
0.00037,5.1e-05,0.0,0.6,0.49905995,481.93524
0.00037,5.1e-05,0.0,0.7,0.5403969,489.31982
0.00037,5.1e-05,0.0,0.8,0.40410092,489.22784
0.00037,5.1e-05,0.0,0.9,0.44974288,481.9909
0.00037,5.1e-05,0.0,1.0,0.41690725,480.6998
0.00037,5.1e-05,1e-05,0.0,0.37101394,299.31113
0.00037,5.1e-05,1e-05,0.1,0.59387106,424.13788
0.00037,5.1e-05,1e-05,0.2,0.7375488,462.73953
0.00037,5.1e-05,1e-05,0.3,0.3471815,474.72263
0.00037,5.1e-05,1e-05,0.4,0.5451348,480.3682
0.00037,5.1e-05,1e-05,0.5,0.5141076,482.18628
0.00037,5.1e-05,1e-05,0.6,0.49888852,481.94943
0.00037,5.1e-05,1e-05,0.7,0.5403833,489.32092
0.00037,5.1e-05,1e-05,0.8,0.40410537,489.22717
0.00037,5.1e-05,1e-05,0.9,0.44978738,481.99533
0.00037,5.1e-05,1e-05,1.0,0.41683087,480.6616
0.00038,3.46e-05,1e-05,0.0,0.37126946,299.25525
0.00038,3.46e-05,1e-05,0.1,0.5939603,424.15256
0.00038,3.46e-05,1e-05,0.2,0.73756176,462.7422
0.00038,3.46e-05,1e-05,0.3,0.34720546,474.72455
0.00038,3.46e-05,1e-05,0.4,0.5451233,480.3638
0.00038,3.46e-05,1e-05,0.5,0.51410496,482.1839
0.00038,3.46e-05,1e-05,0.6,0.49897087,481.9421
0.00038,3.46e-05,1e-05,0.7,0.5403915,489.32025
0.00038,3.46e-05,1e-05,0.8,0.40410215,489.2277
0.00038,3.46e-05,1e-05,0.9,0.44975373,481.99203
0.00038,3.46e-05,1e-05,1.0,0.4168893,480.6909
0.00038,3.46e-05,0.0,0.0,0.37063518,299.39545
0.00038,3.46e-05,0.0,0.1,0.5935541,424.0857
0.00038,3.46e-05,0.0,0.2,0.737157,462.63318
0.00038,3.46e-05,0.0,0.3,0.34735763,474.73663
0.00038,3.46e-05,0.0,0.4,0.5450973,480.3531
0.00038,3.46e-05,0.0,0.5,0.51409924,482.1787
0.00038,3.46e-05,0.0,0.6,0.4991428,481.92838
0.00038,3.46e-05,0.0,0.7,0.54040504,489.31912
0.00038,3.46e-05,0.0,0.8,0.40409765,489.2283
0.00038,3.46e-05,0.0,0.9,0.449709,481.98782
0.00038,3.46e-05,0.0,1.0,0.41696578,480.729
0.00039,1.73e-05,0.0,0.0,0.37089577,299.33768
0.00039,1.73e-05,0.0,0.1,0.59364796,424.10092
0.00039,1.73e-05,0.0,0.2,0.73717177,462.6361
0.00039,1.73e-05,0.0,0.3,0.34738427,474.73883
0.00039,1.73e-05,0.0,0.4,0.5450866,480.34897
0.00039,1.73e-05,0.0,0.5,0.514097,482.17648
0.00039,1.73e-05,0.0,0.6,0.4992302,481.92133
0.00039,1.73e-05,0.0,0.7,0.54041356,489.31845
0.00039,1.73e-05,0.0,0.8,0.40409422,489.22882
0.00039,1.73e-05,0.0,0.9,0.44967338,481.9849
0.00039,1.73e-05,0.0,1.0,0.41702738,480.7599
0.00039,1.73e-05,1e-05,0.0,0.37154692,299.19504
0.00039,1.73e-05,1e-05,0.1,0.5940558,424.16846
0.00039,1.73e-05,1e-05,0.2,0.73757625,462.74533
0.00039,1.73e-05,1e-05,0.3,0.34723055,474.7266
0.00039,1.73e-05,1e-05,0.4,0.5451115,480.3593
0.00039,1.73e-05,1e-05,0.5,0.5141024,482.18143
0.00039,1.73e-05,1e-05,0.6,0.4990576,481.93463
0.00039,1.73e-05,1e-05,0.7,0.5403999,489.31952
0.00039,1.73e-05,1e-05,0.8,0.40409872,489.22818
0.00039,1.73e-05,1e-05,0.9,0.44971812,481.9888
0.00039,1.73e-05,1e-05,1.0,0.41695112,480.72177
0.0004,0.0,1e-05,0.0,0.37183192,299.13373
0.0004,0.0,1e-05,0.1,0.5941515,424.18436
0.0004,0.0,1e-05,0.2,0.73759073,462.74844
0.0004,0.0,1e-05,0.3,0.3472559,474.72864
0.0004,0.0,1e-05,0.4,0.54509985,480.35495
0.0004,0.0,1e-05,0.5,0.51409996,482.1791
0.0004,0.0,1e-05,0.6,0.4991448,481.9274
0.0004,0.0,1e-05,0.7,0.54040843,489.31882
0.0004,0.0,1e-05,0.8,0.40409526,489.2287
0.0004,0.0,1e-05,0.9,0.4496824,481.98578
0.0004,0.0,1e-05,1.0,0.41701263,480.7526
0.000405,8.66e-06,5e-06,0.0,0.37133,299.24222
0.000405,8.66e-06,5e-06,0.1,0.59388036,424.13925
0.000405,8.66e-06,5e-06,0.2,0.73736256,462.686
0.000405,8.66e-06,5e-06,0.3,0.3473267,474.7342
0.000405,8.66e-06,5e-06,0.4,0.5450927,480.35165
0.000405,8.66e-06,5e-06,0.5,0.5140983,482.17764
0.000405,8.66e-06,5e-06,0.6,0.49919194,481.92404
0.000405,8.66e-06,5e-06,0.7,0.54041123,489.31857
0.000405,8.66e-06,5e-06,0.8,0.4040947,489.22876
0.000405,8.66e-06,5e-06,0.9,0.44967768,481.98526
0.000405,8.66e-06,5e-06,1.0,0.41702014,480.7564
0.0004,0.0,0.0,0.0,0.37116295,299.27887
0.0004,0.0,0.0,0.1,0.59374225,424.11646
0.0004,0.0,0.0,0.2,0.73718673,462.63907
0.0004,0.0,0.0,0.3,0.34741116,474.7411
0.0004,0.0,0.0,0.4,0.54507625,480.3449
0.0004,0.0,0.0,0.5,0.5140947,482.17435
0.0004,0.0,0.0,0.6,0.4993177,481.91446
0.0004,0.0,0.0,0.7,0.540422,489.31775
0.0004,0.0,0.0,0.8,0.40409073,489.22937
0.0004,0.0,0.0,0.9,0.4496376,481.98215
0.0004,0.0,0.0,1.0,0.41708902,480.7908
0.00036,1e-04,1e-05,0.0,0.370247,299.48218
0.00036,1e-04,1e-05,0.1,0.5935712,424.0887
0.00036,1e-04,1e-05,0.2,0.7374716,462.7208
0.00036,1e-04,1e-05,0.3,0.34712496,474.71808
0.00036,1e-04,1e-05,0.4,0.54516965,480.38116
0.00036,1e-04,1e-05,0.5,0.5141151,482.19342
0.00036,1e-04,1e-05,0.6,0.49865264,481.9716
0.00036,1e-04,1e-05,0.7,0.5403595,489.32315
0.00036,1e-04,1e-05,0.8,0.4041149,489.2259
0.00036,1e-04,1e-05,0.9,0.44988698,482.00616
0.00036,1e-04,1e-05,1.0,0.41665724,480.57474
0.00037,8.27e-05,0.0,0.0,0.36990917,299.5594
0.00037,8.27e-05,0.0,0.1,0.59326404,424.0386
0.00037,8.27e-05,0.0,0.2,0.7370799,462.61615
0.00037,8.27e-05,0.0,0.3,0.34729812,474.73163
0.00037,8.27e-05,0.0,0.4,0.5451281,480.36472
0.00037,8.27e-05,0.0,0.5,0.514106,482.185
0.00037,8.27e-05,0.0,0.6,0.49890935,481.94846
0.00037,8.27e-05,0.0,0.7,0.54038185,489.32117
0.00037,8.27e-05,0.0,0.8,0.40410715,489.22693
0.00037,8.27e-05,0.0,0.9,0.44980747,481.99722
0.00037,8.27e-05,0.0,1.0,0.4167949,480.6436
0.00037,8.27e-05,1e-05,0.0,0.37049755,299.4258
0.00037,8.27e-05,1e-05,0.1,0.5936651,424.1041
0.00037,8.27e-05,1e-05,0.2,0.73748624,462.7239
0.00037,8.27e-05,1e-05,0.3,0.3471494,474.72
0.00037,8.27e-05,1e-05,0.4,0.5451567,480.3763
0.00037,8.27e-05,1e-05,0.5,0.51411223,482.1907
0.00037,8.27e-05,1e-05,0.6,0.49873865,481.9633
0.00037,8.27e-05,1e-05,0.7,0.5403681,489.32236
0.00037,8.27e-05,1e-05,0.8,0.4041116,489.22635
0.00037,8.27e-05,1e-05,0.9,0.4498517,482.00217
0.00037,8.27e-05,1e-05,1.0,0.41671863,480.60547
0.00038,1e-04,0.0,0.0,0.36963442,299.62256
0.00038,1e-04,0.0,0.1,0.5931369,424.0181
0.00038,1e-04,0.0,0.2,0.73702466,462.6031
0.00038,1e-04,0.0,0.3,0.34728718,474.73068
0.00038,1e-04,0.0,0.4,0.54513884,480.36865
0.00038,1e-04,0.0,0.5,0.5141082,482.18716
0.00038,1e-04,0.0,0.6,0.49883187,481.9555
0.00038,1e-04,0.0,0.7,0.54037374,489.3219
0.00038,1e-04,0.0,0.8,0.40411043,489.22647
0.00038,1e-04,0.0,0.9,0.44984218,482.00082
0.00038,1e-04,0.0,1.0,0.41673368,480.61304
0.00038,6.69e-05,1e-05,0.0,0.37072998,299.37396
0.00038,6.69e-05,1e-05,0.1,0.5937496,424.11786
0.00038,6.69e-05,1e-05,0.2,0.73749787,462.72626
0.00038,6.69e-05,1e-05,0.3,0.34717244,474.72183
0.00038,6.69e-05,1e-05,0.4,0.54514515,480.37192
0.00038,6.69e-05,1e-05,0.5,0.5141096,482.1883
0.00038,6.69e-05,1e-05,0.6,0.49881768,481.95593
0.00038,6.69e-05,1e-05,0.7,0.54037595,489.32162
0.00038,6.69e-05,1e-05,0.8,0.40410846,489.22678
0.00038,6.69e-05,1e-05,0.9,0.4498194,481.9986
0.00038,6.69e-05,1e-05,1.0,0.41677472,480.63348
0.00038,6.69e-05,0.0,0.0,0.37012827,299.5095
0.00038,6.69e-05,0.0,0.1,0.5933472,424.052
0.00038,6.69e-05,0.0,0.2,0.73709166,462.6182
0.00038,6.69e-05,0.0,0.3,0.34732255,474.73364
0.00038,6.69e-05,0.0,0.4,0.5451175,480.36066
0.00038,6.69e-05,0.0,0.5,0.51410353,482.18274
0.00038,6.69e-05,0.0,0.6,0.49898887,481.94144
0.00038,6.69e-05,0.0,0.7,0.5403896,489.3205
0.00038,6.69e-05,0.0,0.8,0.404104,489.22742
0.00038,6.69e-05,0.0,0.9,0.44977486,481.9939
0.00038,6.69e-05,0.0,1.0,0.41685116,480.67178
0.00039,5.1e-05,0.0,0.0,0.37035352,299.45853
0.00039,5.1e-05,0.0,0.1,0.59343106,424.06558
0.00039,5.1e-05,0.0,0.2,0.7371038,462.62045
0.00039,5.1e-05,0.0,0.3,0.3473475,474.73572
0.00039,5.1e-05,0.0,0.4,0.54510707,480.35666
0.00039,5.1e-05,0.0,0.5,0.51410127,482.18054
0.00039,5.1e-05,0.0,0.6,0.4990691,481.93457
0.00039,5.1e-05,0.0,0.7,0.5403974,489.3198
0.00039,5.1e-05,0.0,0.8,0.40410087,489.22784
0.00039,5.1e-05,0.0,0.9,0.44974226,481.99078
0.00039,5.1e-05,0.0,1.0,0.4169077,480.70004
0.00039,5.1e-05,1e-05,0.0,0.3709694,299.32092
0.00039,5.1e-05,1e-05,0.1,0.5938352,424.13193
0.00039,5.1e-05,1e-05,0.2,0.73750967,462.7286
0.00039,5.1e-05,1e-05,0.3,0.3471959,474.72375
0.00039,5.1e-05,1e-05,0.4,0.54513365,480.3676
0.00039,5.1e-05,1e-05,0.5,0.5141071,482.18585
0.00039,5.1e-05,1e-05,0.6,0.49889755,481.94864
0.00039,5.1e-05,1e-05,0.7,0.54038376,489.32092
0.00039,5.1e-05,1e-05,0.8,0.4041053,489.2272
0.00039,5.1e-05,1e-05,0.9,0.44978678,481.99527
0.00039,5.1e-05,1e-05,1.0,0.4168313,480.66183
0.000395,5.9e-05,5e-06,0.0,0.3705181,299.42145
0.000395,5.9e-05,5e-06,0.1,0.5935719,424.08865
0.000395,5.9e-05,5e-06,0.2,0.73728174,462.66724
0.000395,5.9e-05,5e-06,0.3,0.34726545,474.72916
0.000395,5.9e-05,5e-06,0.4,0.5451249,480.36383
0.000395,5.9e-05,5e-06,0.5,0.5141051,482.18408
0.000395,5.9e-05,5e-06,0.6,0.49894732,481.9447
0.000395,5.9e-05,5e-06,0.7,0.5403869,489.3207
0.000395,5.9e-05,5e-06,0.8,0.4041046,489.22726
0.000395,5.9e-05,5e-06,0.9,0.4497807,481.99454
0.000395,5.9e-05,5e-06,1.0,0.41684145,480.66696
0.0004,3.46e-05,1e-05,0.0,0.37122378,299.26517
0.0004,3.46e-05,1e-05,0.1,0.5939243,424.1466
0.0004,3.46e-05,1e-05,0.2,0.7375225,462.7313
0.0004,3.46e-05,1e-05,0.3,0.34721988,474.72565
0.0004,3.46e-05,1e-05,0.4,0.54512215,480.36325
0.0004,3.46e-05,1e-05,0.5,0.5141046,482.1835
0.0004,3.46e-05,1e-05,0.6,0.49897993,481.94138
0.0004,3.46e-05,1e-05,0.7,0.5403919,489.32022
0.0004,3.46e-05,1e-05,0.8,0.40410212,489.2277
0.0004,3.46e-05,1e-05,0.9,0.44975322,481.992
0.0004,3.46e-05,1e-05,1.0,0.41688997,480.6912
0.0004,3.46e-05,0.0,0.0,0.37059227,299.40503
0.0004,3.46e-05,0.0,0.1,0.59351885,424.0799
0.0004,3.46e-05,0.0,0.2,0.7371168,462.6229
0.0004,3.46e-05,0.0,0.3,0.34737307,474.73785
0.0004,3.46e-05,0.0,0.4,0.54509664,480.35263
0.0004,3.46e-05,0.0,0.5,0.51409894,482.1784
0.0004,3.46e-05,0.0,0.6,0.49915183,481.92773
0.0004,3.46e-05,0.0,0.7,0.5404055,489.3191
0.0004,3.46e-05,0.0,0.8,0.4040976,489.2283
0.0004,3.46e-05,0.0,0.9,0.44970855,481.98776
0.0004,3.46e-05,0.0,1.0,0.41696632,480.72934
0.00041,1.73e-05,1e-05,0.0,0.3715,299.20517
0.00041,1.73e-05,1e-05,0.1,0.5940195,424.1624
0.00041,1.73e-05,1e-05,0.2,0.7375369,462.7343
0.00041,1.73e-05,1e-05,0.3,0.34724504,474.7277
0.00041,1.73e-05,1e-05,0.4,0.54511046,480.3588
0.00041,1.73e-05,1e-05,0.5,0.51410204,482.18115
0.00041,1.73e-05,1e-05,0.6,0.49906677,481.93396
0.00041,1.73e-05,1e-05,0.7,0.5404004,489.3195
0.00041,1.73e-05,1e-05,0.8,0.40409866,489.22818
0.00041,1.73e-05,1e-05,0.9,0.4497175,481.98868
0.00041,1.73e-05,1e-05,1.0,0.41695148,480.72192
0.00041,1.73e-05,0.0,0.0,0.3708517,299.34735
0.00041,1.73e-05,0.0,0.1,0.59361243,424.09518
0.00041,1.73e-05,0.0,0.2,0.73713183,462.62582
0.00041,1.73e-05,0.0,0.3,0.3473999,474.74008
0.00041,1.73e-05,0.0,0.4,0.5450861,480.34854
0.00041,1.73e-05,0.0,0.5,0.5140966,482.17624
0.00041,1.73e-05,0.0,0.6,0.49923915,481.92065
0.00041,1.73e-05,0.0,0.7,0.54041404,489.3184
0.00041,1.73e-05,0.0,0.8,0.40409416,489.22885
0.00041,1.73e-05,0.0,0.9,0.44967282,481.9848
0.00041,1.73e-05,0.0,1.0,0.41702768,480.76013
0.00042,0.0,1e-05,0.0,0.37178358,299.14407
0.00042,0.0,1e-05,0.1,0.59411526,424.17834
0.00042,0.0,1e-05,0.2,0.73755157,462.73743
0.00042,0.0,1e-05,0.3,0.3472706,474.7298
0.00042,0.0,1e-05,0.4,0.545099,480.35446
0.00042,0.0,1e-05,0.5,0.5140996,482.17877
0.00042,0.0,1e-05,0.6,0.49915385,481.9267
0.00042,0.0,1e-05,0.7,0.5404089,489.31876
0.00042,0.0,1e-05,0.8,0.40409517,489.22873
0.00042,0.0,1e-05,0.9,0.44968194,481.9857
0.00042,0.0,1e-05,1.0,0.41701323,480.75296
0.00042,0.0,0.0,0.0,0.37111786,299.28873
0.00042,0.0,0.0,0.1,0.5937065,424.1105
0.00042,0.0,0.0,0.2,0.7371467,462.6287
0.00042,0.0,0.0,0.3,0.34742692,474.7424
0.00042,0.0,0.0,0.4,0.54507565,480.34454
0.00042,0.0,0.0,0.5,0.5140944,482.1741
0.00042,0.0,0.0,0.6,0.49932677,481.91382
0.00042,0.0,0.0,0.7,0.54042256,489.3177
0.00042,0.0,0.0,0.8,0.40409055,489.2294
0.00042,0.0,0.0,0.9,0.44963706,481.9821
0.00042,0.0,0.0,1.0,0.41708952,480.79105
0.00038,1e-04,1e-05,0.0,0.37020612,299.4914
0.00038,1e-04,1e-05,0.1,0.5935358,424.08298
0.00038,1e-04,1e-05,0.2,0.7374321,462.71
0.00038,1e-04,1e-05,0.3,0.34713888,474.71915
0.00038,1e-04,1e-05,0.4,0.54516834,480.3805
0.00038,1e-04,1e-05,0.5,0.51411474,482.19305
0.00038,1e-04,1e-05,0.6,0.49866146,481.97076
0.00038,1e-04,1e-05,0.7,0.5403599,489.32312
0.00038,1e-04,1e-05,0.8,0.40411484,489.2259
0.00038,1e-04,1e-05,0.9,0.44988644,482.00604
0.00038,1e-04,1e-05,1.0,0.4166576,480.5749
0.00039,8.31e-05,5e-06,0.0,0.37015185,299.50388
0.00039,8.31e-05,5e-06,0.1,0.59342575,424.0649
0.00039,8.31e-05,5e-06,0.2,0.7372434,462.65845
0.00039,8.31e-05,5e-06,0.3,0.34723645,474.7267
0.00039,8.31e-05,5e-06,0.4,0.54514104,480.3699
0.00039,8.31e-05,5e-06,0.5,0.51410866,482.1874
0.00039,8.31e-05,5e-06,0.6,0.4988308,481.95523
0.00039,8.31e-05,5e-06,0.7,0.54037523,489.32172
0.00039,8.31e-05,5e-06,0.8,0.40410933,489.2266
0.00039,8.31e-05,5e-06,0.9,0.44982982,481.9996
0.00039,8.31e-05,5e-06,1.0,0.416756,480.6241
0.00039,8.27e-05,0.0,0.0,0.3698693,299.5685
0.00039,8.27e-05,0.0,0.1,0.593229,424.0329
0.00039,8.27e-05,0.0,0.2,0.7370397,462.6059
0.00039,8.27e-05,0.0,0.3,0.34731308,474.7328
0.00039,8.27e-05,0.0,0.4,0.54512703,480.3642
0.00039,8.27e-05,0.0,0.5,0.51410556,482.18463
0.00039,8.27e-05,0.0,0.6,0.49891827,481.94772
0.00039,8.27e-05,0.0,0.7,0.54038227,489.32114
0.00039,8.27e-05,0.0,0.8,0.40410703,489.22693
0.00039,8.27e-05,0.0,0.9,0.4498068,481.9971
0.00039,8.27e-05,0.0,1.0,0.41679525,480.6437
0.00039,8.27e-05,1e-05,0.0,0.3704553,299.43527
0.00039,8.27e-05,1e-05,0.1,0.59362954,424.0982
0.00039,8.27e-05,1e-05,0.2,0.7374467,462.713
0.00039,8.27e-05,1e-05,0.3,0.34716335,474.72107
0.00039,8.27e-05,1e-05,0.4,0.54515535,480.3757
0.00039,8.27e-05,1e-05,0.5,0.51411176,482.19028
0.00039,8.27e-05,1e-05,0.6,0.49874744,481.96255
0.00039,8.27e-05,1e-05,0.7,0.54036856,489.3223
0.00039,8.27e-05,1e-05,0.8,0.40411142,489.22635
0.00039,8.27e-05,1e-05,0.9,0.44985119,482.00204
0.00039,8.27e-05,1e-05,1.0,0.41671917,480.60577
0.0004,1e-04,0.0,0.0,0.3695959,299.63144
0.0004,1e-04,0.0,0.1,0.59310216,424.0125
0.0004,1e-04,0.0,0.2,0.7369843,462.59293
0.0004,1e-04,0.0,0.3,0.34730205,474.7318
0.0004,1e-04,0.0,0.4,0.5451379,480.36813
0.0004,1e-04,0.0,0.5,0.5141078,482.18674
0.0004,1e-04,0.0,0.6,0.49884066,481.95477
0.0004,1e-04,0.0,0.7,0.5403742,489.32184
0.0004,1e-04,0.0,0.8,0.4041103,489.22647
0.0004,1e-04,0.0,0.9,0.44984165,482.0008
0.0004,1e-04,0.0,1.0,0.41673416,480.61325
0.0004,6.69e-05,1e-05,0.0,0.3706868,299.3835
0.0004,6.69e-05,1e-05,0.1,0.5937139,424.11203
0.0004,6.69e-05,1e-05,0.2,0.73745835,462.71533
0.0004,6.69e-05,1e-05,0.3,0.34718645,474.7229
0.0004,6.69e-05,1e-05,0.4,0.5451439,480.37134
0.0004,6.69e-05,1e-05,0.5,0.5141092,482.1879
0.0004,6.69e-05,1e-05,0.6,0.49882665,481.9552
0.0004,6.69e-05,1e-05,0.7,0.5403764,489.32156
0.0004,6.69e-05,1e-05,0.8,0.4041084,489.22678
0.0004,6.69e-05,1e-05,0.9,0.44981885,481.99854
0.0004,6.69e-05,1e-05,1.0,0.41677535,480.63394
0.0004,6.69e-05,0.0,0.0,0.3700874,299.51877
0.0004,6.69e-05,0.0,0.1,0.593312,424.04633
0.0004,6.69e-05,0.0,0.2,0.7370516,462.6081
0.0004,6.69e-05,0.0,0.3,0.34733784,474.73483
0.0004,6.69e-05,0.0,0.4,0.5451167,480.36017
0.0004,6.69e-05,0.0,0.5,0.51410323,482.1824
0.0004,6.69e-05,0.0,0.6,0.49899775,481.94073
0.0004,6.69e-05,0.0,0.7,0.54039,489.32047
0.0004,6.69e-05,0.0,0.8,0.40410393,489.22742
0.0004,6.69e-05,0.0,0.9,0.44977438,481.9938
0.0004,6.69e-05,0.0,1.0,0.41685167,480.67203
0.00041,5.1e-05,0.0,0.0,0.3703119,299.46796
0.00041,5.1e-05,0.0,0.1,0.59339595,424.05994
0.00041,5.1e-05,0.0,0.2,0.7370636,462.6102
0.00041,5.1e-05,0.0,0.3,0.3473629,474.73694
0.00041,5.1e-05,0.0,0.4,0.54510623,480.3562
0.00041,5.1e-05,0.0,0.5,0.51410085,482.18024
0.00041,5.1e-05,0.0,0.6,0.49907798,481.93387
0.00041,5.1e-05,0.0,0.7,0.5403979,489.31973
0.00041,5.1e-05,0.0,0.8,0.40410072,489.22784
0.00041,5.1e-05,0.0,0.9,0.44974178,481.9907
0.00041,5.1e-05,0.0,1.0,0.41690814,480.70035
0.00041,5.1e-05,1e-05,0.0,0.37092546,299.3306
0.00041,5.1e-05,1e-05,0.1,0.59379923,424.12607
0.00041,5.1e-05,1e-05,0.2,0.7374702,462.71777
0.00041,5.1e-05,1e-05,0.3,0.34721005,474.72476
0.00041,5.1e-05,1e-05,0.4,0.54513264,480.3671
0.00041,5.1e-05,1e-05,0.5,0.5141067,482.18555
0.00041,5.1e-05,1e-05,0.6,0.49890643,481.9479
0.00041,5.1e-05,1e-05,0.7,0.54038423,489.3209
0.00041,5.1e-05,1e-05,0.8,0.4041052,489.2272
0.00041,5.1e-05,1e-05,0.9,0.44978616,481.9951
0.00041,5.1e-05,1e-05,1.0,0.4168321,480.6622
0.00042,3.46e-05,1e-05,0.0,0.37117812,299.27512
0.00042,3.46e-05,1e-05,0.1,0.59388816,424.14066
0.00042,3.46e-05,1e-05,0.2,0.73748296,462.72034
0.00042,3.46e-05,1e-05,0.3,0.3472343,474.72675
0.00042,3.46e-05,1e-05,0.4,0.54512113,480.36267
0.00042,3.46e-05,1e-05,0.5,0.51410425,482.18314
0.00042,3.46e-05,1e-05,0.6,0.4989889,481.94067
0.00042,3.46e-05,1e-05,0.7,0.5403924,489.3202
0.00042,3.46e-05,1e-05,0.8,0.40410203,489.22772
0.00042,3.46e-05,1e-05,0.9,0.4497525,481.99188
0.00042,3.46e-05,1e-05,1.0,0.41689032,480.69138
0.00042,3.46e-05,0.0,0.0,0.37054974,299.41452
0.00042,3.46e-05,0.0,0.1,0.5934833,424.0741
0.00042,3.46e-05,0.0,0.2,0.7370767,462.61267
0.00042,3.46e-05,0.0,0.3,0.34738854,474.7391
0.00042,3.46e-05,0.0,0.4,0.5450959,480.3522
0.00042,3.46e-05,0.0,0.5,0.51409864,482.17807
0.00042,3.46e-05,0.0,0.6,0.49916095,481.927
0.00042,3.46e-05,0.0,0.7,0.540406,489.31903
0.00042,3.46e-05,0.0,0.8,0.40409753,489.22836
0.00042,3.46e-05,0.0,0.9,0.44970798,481.98767
0.00042,3.46e-05,0.0,1.0,0.4169669,480.7296
0.00043,1.73e-05,1e-05,0.0,0.3714532,299.21524
0.00043,1.73e-05,1e-05,0.1,0.5939834,424.15637
0.00043,1.73e-05,1e-05,0.2,0.73749757,462.72348
0.00043,1.73e-05,1e-05,0.3,0.34725976,474.72882
0.00043,1.73e-05,1e-05,0.4,0.5451096,480.3583
0.00043,1.73e-05,1e-05,0.5,0.51410174,482.18076
0.00043,1.73e-05,1e-05,0.6,0.49907565,481.93326
0.00043,1.73e-05,1e-05,0.7,0.54040086,489.31943
0.00043,1.73e-05,1e-05,0.8,0.4040986,489.22818
0.00043,1.73e-05,1e-05,0.9,0.449717,481.98865
0.00043,1.73e-05,1e-05,1.0,0.4169521,480.72223
0.00043,1.73e-05,0.0,0.0,0.37080774,299.35706
0.00043,1.73e-05,0.0,0.1,0.59357685,424.0893
0.00043,1.73e-05,0.0,0.2,0.7370916,462.6155
0.00043,1.73e-05,0.0,0.3,0.34741548,474.7414
0.00043,1.73e-05,0.0,0.4,0.5450854,480.34818
0.00043,1.73e-05,0.0,0.5,0.5140964,482.17593
0.00043,1.73e-05,0.0,0.6,0.49924827,481.92
0.00043,1.73e-05,0.0,0.7,0.54041445,489.3184
0.00043,1.73e-05,0.0,0.8,0.40409404,489.22885
0.00043,1.73e-05,0.0,0.9,0.44967228,481.9847
0.00043,1.73e-05,0.0,1.0,0.4170283,480.76038
0.00044,0.0,1e-05,0.0,0.37173542,299.15442
0.00044,0.0,1e-05,0.1,0.5940789,424.17227
0.00044,0.0,1e-05,0.2,0.73751223,462.72653
0.00044,0.0,1e-05,0.3,0.3472854,474.7309
0.00044,0.0,1e-05,0.4,0.54509825,480.35397
0.00044,0.0,1e-05,0.5,0.5140992,482.17847
0.00044,0.0,1e-05,0.6,0.49916294,481.92606
0.00044,0.0,1e-05,0.7,0.5404094,489.31873
0.00044,0.0,1e-05,0.8,0.4040951,489.22873
0.00044,0.0,1e-05,0.9,0.44968125,481.98557
0.00044,0.0,1e-05,1.0,0.41701388,480.75323
0.00044,0.0,0.0,0.0,0.37107265,299.29858
0.00044,0.0,0.0,0.1,0.5936708,424.1047
0.00044,0.0,0.0,0.2,0.7371065,462.61838
0.00044,0.0,0.0,0.3,0.34744278,474.74374
0.00044,0.0,0.0,0.4,0.5450752,480.34415
0.00044,0.0,0.0,0.5,0.5140941,482.17383
0.00044,0.0,0.0,0.6,0.49933577,481.9132
0.00044,0.0,0.0,0.7,0.540423,489.31766
0.00044,0.0,0.0,0.8,0.40409055,489.2294
0.00044,0.0,0.0,0.9,0.44963655,481.982
0.00044,0.0,0.0,1.0,0.41709018,480.79135
0.0004,1e-04,1e-05,0.0,0.3701648,299.5007
0.0004,1e-04,1e-05,0.1,0.59350026,424.07712
0.0004,1e-04,1e-05,0.2,0.7373925,462.69928
0.0004,1e-04,1e-05,0.3,0.34715283,474.72015
0.0004,1e-04,1e-05,0.4,0.54516685,480.37982
0.0004,1e-04,1e-05,0.5,0.51411426,482.1926
0.0004,1e-04,1e-05,0.6,0.4986704,481.97003
0.0004,1e-04,1e-05,0.7,0.5403604,489.3231
0.0004,1e-04,1e-05,0.8,0.40411478,489.2259
0.0004,1e-04,1e-05,0.9,0.4498859,482.00592
0.0004,1e-04,1e-05,1.0,0.41665822,480.57523
0.00041,8.27e-05,0.0,0.0,0.36982968,299.57755
0.00041,8.27e-05,0.0,0.1,0.5931941,424.02725
0.00041,8.27e-05,0.0,0.2,0.73699933,462.5958
0.00041,8.27e-05,0.0,0.3,0.3473284,474.73404
0.00041,8.27e-05,0.0,0.4,0.5451262,480.36374
0.00041,8.27e-05,0.0,0.5,0.5141052,482.1843
0.00041,8.27e-05,0.0,0.6,0.49892724,481.947
0.00041,8.27e-05,0.0,0.7,0.54038274,489.32114
0.00041,8.27e-05,0.0,0.8,0.40410694,489.22693
0.00041,8.27e-05,0.0,0.9,0.4498062,481.997
0.00041,8.27e-05,0.0,1.0,0.4167958,480.64398
0.00041,8.27e-05,1e-05,0.0,0.37041318,299.4447
0.00041,8.27e-05,1e-05,0.1,0.5935939,424.09244
0.00041,8.27e-05,1e-05,0.2,0.73740715,462.7022
0.00041,8.27e-05,1e-05,0.3,0.34717748,474.72208
0.00041,8.27e-05,1e-05,0.4,0.5451542,480.37506
0.00041,8.27e-05,1e-05,0.5,0.51411134,482.18994
0.00041,8.27e-05,1e-05,0.6,0.4987564,481.96182
0.00041,8.27e-05,1e-05,0.7,0.540369,489.32227
0.00041,8.27e-05,1e-05,0.8,0.4041114,489.22635
0.00041,8.27e-05,1e-05,0.9,0.44985056,482.00192
0.00041,8.27e-05,1e-05,1.0,0.41671944,480.6059
0.00042,1e-04,0.0,0.0,0.3695573,299.64038
0.00042,1e-04,0.0,0.1,0.59306747,424.0069
0.00042,1e-04,0.0,0.2,0.7369439,462.58298
0.00042,1e-04,0.0,0.3,0.34731722,474.73303
0.00042,1e-04,0.0,0.4,0.5451369,480.3676
0.00042,1e-04,0.0,0.5,0.51410747,482.1864
0.00042,1e-04,0.0,0.6,0.49884972,481.95404
0.00042,1e-04,0.0,0.7,0.54037464,489.3218
0.00042,1e-04,0.0,0.8,0.40411028,489.22647
0.00042,1e-04,0.0,0.9,0.44984114,482.00067
0.00042,1e-04,0.0,1.0,0.41673484,480.61356
0.00042,6.69e-05,1e-05,0.0,0.37064344,299.39313
0.00042,6.69e-05,1e-05,0.1,0.5936782,424.10614
0.00042,6.69e-05,1e-05,0.2,0.73741883,462.7046
0.00042,6.69e-05,1e-05,0.3,0.34720084,474.72403
0.00042,6.69e-05,1e-05,0.4,0.54514277,480.37076
0.00042,6.69e-05,1e-05,0.5,0.5141088,482.18753
0.00042,6.69e-05,1e-05,0.6,0.4988355,481.95438
0.00042,6.69e-05,1e-05,0.7,0.54037684,489.32153
0.00042,6.69e-05,1e-05,0.8,0.4041083,489.22678
0.00042,6.69e-05,1e-05,0.9,0.44981825,481.99844
0.00042,6.69e-05,1e-05,1.0,0.41677573,480.6341
0.00042,6.69e-05,0.0,0.0,0.3700467,299.52795
0.00042,6.69e-05,0.0,0.1,0.593277,424.04068
0.00042,6.69e-05,0.0,0.2,0.7370114,462.59796
0.00042,6.69e-05,0.0,0.3,0.3473531,474.73608
0.00042,6.69e-05,0.0,0.4,0.54511577,480.35965
0.00042,6.69e-05,0.0,0.5,0.5141028,482.18207
0.00042,6.69e-05,0.0,0.6,0.49900684,481.94
0.00042,6.69e-05,0.0,0.7,0.5403905,489.3204
0.00042,6.69e-05,0.0,0.8,0.40410388,489.22736
0.00042,6.69e-05,0.0,0.9,0.44977385,481.99368
0.00042,6.69e-05,0.0,1.0,0.41685215,480.67224
0.00043,5.1e-05,0.0,0.0,0.3702704,299.47723
0.00043,5.1e-05,0.0,0.1,0.5933606,424.0542
0.00043,5.1e-05,0.0,0.2,0.7370235,462.60013
0.00043,5.1e-05,0.0,0.3,0.34737834,474.7382
0.00043,5.1e-05,0.0,0.4,0.54510546,480.35577
0.00043,5.1e-05,0.0,0.5,0.51410055,482.17996
0.00043,5.1e-05,0.0,0.6,0.49908715,481.9332
0.00043,5.1e-05,0.0,0.7,0.54039836,489.3197
0.00043,5.1e-05,0.0,0.8,0.40410075,489.22784
0.00043,5.1e-05,0.0,0.9,0.44974118,481.99063
0.00043,5.1e-05,0.0,1.0,0.4169086,480.7005
0.00043,5.1e-05,1e-05,0.0,0.3708813,299.3404
0.00043,5.1e-05,1e-05,0.1,0.5937635,424.1201
0.00043,5.1e-05,1e-05,0.2,0.73743075,462.70694
0.00043,5.1e-05,1e-05,0.3,0.3472245,474.7259
0.00043,5.1e-05,1e-05,0.4,0.54513144,480.3665
0.00043,5.1e-05,1e-05,0.5,0.5141063,482.18518
0.00043,5.1e-05,1e-05,0.6,0.49891528,481.9472
0.00043,5.1e-05,1e-05,0.7,0.54038465,489.32086
0.00043,5.1e-05,1e-05,0.8,0.40410513,489.2272
0.00043,5.1e-05,1e-05,0.9,0.44978562,481.99506
0.00043,5.1e-05,1e-05,1.0,0.41683257,480.66238
0.00044,3.46e-05,1e-05,0.0,0.3711327,299.285
0.00044,3.46e-05,1e-05,0.1,0.5938523,424.1347
0.00044,3.46e-05,1e-05,0.2,0.7374435,462.7095
0.00044,3.46e-05,1e-05,0.3,0.34724882,474.72784
0.00044,3.46e-05,1e-05,0.4,0.5451201,480.3622
0.00044,3.46e-05,1e-05,0.5,0.5141038,482.18283
0.00044,3.46e-05,1e-05,0.6,0.49899787,481.93994
0.00044,3.46e-05,1e-05,0.7,0.54039276,489.32013
0.00044,3.46e-05,1e-05,0.8,0.40410197,489.22766
0.00044,3.46e-05,1e-05,0.9,0.44975197,481.9918
0.00044,3.46e-05,1e-05,1.0,0.41689104,480.69162
0.00044,3.46e-05,0.0,0.0,0.37050703,299.42404
0.00044,3.46e-05,0.0,0.1,0.59344804,424.06833
0.00044,3.46e-05,0.0,0.2,0.73703647,462.60254
0.00044,3.46e-05,0.0,0.3,0.3474042,474.74033
0.00044,3.46e-05,0.0,0.4,0.5450953,480.35178
0.00044,3.46e-05,0.0,0.5,0.5140983,482.17776
0.00044,3.46e-05,0.0,0.6,0.49917,481.92636
0.00044,3.46e-05,0.0,0.7,0.54040647,489.319
0.00044,3.46e-05,0.0,0.8,0.40409747,489.2283
0.00044,3.46e-05,0.0,0.9,0.44970736,481.98758
0.00044,3.46e-05,0.0,1.0,0.41696742,480.72983
0.00045,1.73e-05,0.0,0.0,0.3707642,299.3667
0.00045,1.73e-05,0.0,0.1,0.59354144,424.08356
0.00045,1.73e-05,0.0,0.2,0.73705155,462.60538
0.00045,1.73e-05,0.0,0.3,0.34743148,474.7427
0.00045,1.73e-05,0.0,0.4,0.54508483,480.34775
0.00045,1.73e-05,0.0,0.5,0.51409596,482.1756
0.00045,1.73e-05,0.0,0.6,0.49925733,481.91937
0.00045,1.73e-05,0.0,0.7,0.5404149,489.31836
0.00045,1.73e-05,0.0,0.8,0.40409398,489.22885
0.00045,1.73e-05,0.0,0.9,0.44967163,481.98468
0.00045,1.73e-05,0.0,1.0,0.4170289,480.76074
0.00045,1.73e-05,1e-05,0.0,0.37140685,299.22525
0.00045,1.73e-05,1e-05,0.1,0.5939473,424.1504
0.00045,1.73e-05,1e-05,0.2,0.73745817,462.71252
0.00045,1.73e-05,1e-05,0.3,0.34727442,474.72998
0.00045,1.73e-05,1e-05,0.4,0.5451086,480.35782
0.00045,1.73e-05,1e-05,0.5,0.51410127,482.18045
0.00045,1.73e-05,1e-05,0.6,0.49908477,481.9326
0.00045,1.73e-05,1e-05,0.7,0.54040134,489.3194
0.00045,1.73e-05,1e-05,0.8,0.4040985,489.22818
0.00045,1.73e-05,1e-05,0.9,0.44971642,481.98853
0.00045,1.73e-05,1e-05,1.0,0.41695288,480.72256
0.00046,0.0,1e-05,0.0,0.37168768,299.1646
0.00046,0.0,1e-05,0.1,0.5940427,424.1663
0.00046,0.0,1e-05,0.2,0.7374728,462.7156
0.00046,0.0,1e-05,0.3,0.3473003,474.7321
0.00046,0.0,1e-05,0.4,0.54509735,480.35352
0.00046,0.0,1e-05,0.5,0.5140989,482.17816
0.00046,0.0,1e-05,0.6,0.49917185,481.92535
0.00046,0.0,1e-05,0.7,0.54040986,489.3187
0.00046,0.0,1e-05,0.8,0.40409505,489.22873
0.00046,0.0,1e-05,0.9,0.4496808,481.98553
0.00046,0.0,1e-05,1.0,0.41701415,480.75345
0.00046,0.0,0.0,0.0,0.37102795,299.30838
0.00046,0.0,0.0,0.1,0.5936352,424.09885
0.00046,0.0,0.0,0.2,0.7370663,462.6082
0.00046,0.0,0.0,0.3,0.34745866,474.745
0.00046,0.0,0.0,0.4,0.54507464,480.3438
0.00046,0.0,0.0,0.5,0.51409376,482.17358
0.00046,0.0,0.0,0.6,0.49934494,481.91263
0.00046,0.0,0.0,0.7,0.54042345,489.31763
0.00046,0.0,0.0,0.8,0.40409046,489.2294
0.00046,0.0,0.0,0.9,0.4496359,481.9819
0.00046,0.0,0.0,1.0,0.4170905,480.79147
0.00042,1e-04,1e-05,0.0,0.37012392,299.51004
0.00042,1e-04,1e-05,0.1,0.5934649,424.07138
0.00042,1e-04,1e-05,0.2,0.7373528,462.6885
0.00042,1e-04,1e-05,0.3,0.34716696,474.72122
0.00042,1e-04,1e-05,0.4,0.54516554,480.3792
0.00042,1e-04,1e-05,0.5,0.5141138,482.19226
0.00042,1e-04,1e-05,0.6,0.49867928,481.9692
0.00042,1e-04,1e-05,0.7,0.5403608,489.32303
0.00042,1e-04,1e-05,0.8,0.40411466,489.22592
0.00042,1e-04,1e-05,0.9,0.44988534,482.0059
0.00042,1e-04,1e-05,1.0,0.41665873,480.5755
0.00043,8.27e-05,0.0,0.0,0.3697903,299.58658
0.00043,8.27e-05,0.0,0.1,0.59315926,424.02167
0.00043,8.27e-05,0.0,0.2,0.73695886,462.5858
0.00043,8.27e-05,0.0,0.3,0.34734356,474.73526
0.00043,8.27e-05,0.0,0.4,0.5451253,480.36316
0.00043,8.27e-05,0.0,0.5,0.5141048,482.18393
0.00043,8.27e-05,0.0,0.6,0.4989363,481.94626
0.00043,8.27e-05,0.0,0.7,0.5403832,489.3211
0.00043,8.27e-05,0.0,0.8,0.40410697,489.22693
0.00043,8.27e-05,0.0,0.9,0.4498057,481.9969
0.00043,8.27e-05,0.0,1.0,0.41679633,480.6443
0.00043,8.27e-05,1e-05,0.0,0.37037116,299.4541
0.00043,8.27e-05,1e-05,0.1,0.5935584,424.08664
0.00043,8.27e-05,1e-05,0.2,0.73736763,462.69153
0.00043,8.27e-05,1e-05,0.3,0.34719172,474.7232
0.00043,8.27e-05,1e-05,0.4,0.5451529,480.37445
0.00043,8.27e-05,1e-05,0.5,0.5141109,482.18958
0.00043,8.27e-05,1e-05,0.6,0.49876532,481.96103
0.00043,8.27e-05,1e-05,0.7,0.54036945,489.32224
0.00043,8.27e-05,1e-05,0.8,0.4041113,489.22635
0.00043,8.27e-05,1e-05,0.9,0.44985002,482.00183
0.00043,8.27e-05,1e-05,1.0,0.41672024,480.60626
0.00044,1e-04,0.0,0.0,0.36951888,299.64926
0.00044,1e-04,0.0,0.1,0.5930327,424.0014
0.00044,1e-04,0.0,0.2,0.7369035,462.57306
0.00044,1e-04,0.0,0.3,0.34733233,474.73425
0.00044,1e-04,0.0,0.4,0.545136,480.3671
0.00044,1e-04,0.0,0.5,0.51410705,482.18607
0.00044,1e-04,0.0,0.6,0.4988587,481.9533
0.00044,1e-04,0.0,0.7,0.54037505,489.32178
0.00044,1e-04,0.0,0.8,0.40411016,489.22647
0.00044,1e-04,0.0,0.9,0.4498405,482.00055
0.00044,1e-04,0.0,1.0,0.41673544,480.6138
0.00044,6.69e-05,1e-05,0.0,0.37060067,299.40268
0.00044,6.69e-05,1e-05,0.1,0.5936427,424.1003
0.00044,6.69e-05,1e-05,0.2,0.7373794,462.69382
0.00044,6.69e-05,1e-05,0.3,0.34721518,474.72513
0.00044,6.69e-05,1e-05,0.4,0.5451415,480.3702
0.00044,6.69e-05,1e-05,0.5,0.5141083,482.1872
0.00044,6.69e-05,1e-05,0.6,0.49884444,481.95367
0.00044,6.69e-05,1e-05,0.7,0.54037726,489.3215
0.00044,6.69e-05,1e-05,0.8,0.40410823,489.22678
0.00044,6.69e-05,1e-05,0.9,0.4498177,481.99832
0.00044,6.69e-05,1e-05,1.0,0.41677636,480.6345
0.00044,6.69e-05,0.0,0.0,0.37000632,299.53714
0.00044,6.69e-05,0.0,0.1,0.59324205,424.03497
0.00044,6.69e-05,0.0,0.2,0.73697084,462.58786
0.00044,6.69e-05,0.0,0.3,0.3473685,474.73734
0.00044,6.69e-05,0.0,0.4,0.54511505,480.35922
0.00044,6.69e-05,0.0,0.5,0.51410246,482.18176
0.00044,6.69e-05,0.0,0.6,0.4990159,481.93936
0.00044,6.69e-05,0.0,0.7,0.54039097,489.32037
0.00044,6.69e-05,0.0,0.8,0.40410373,489.2274
0.00044,6.69e-05,0.0,0.9,0.4497732,481.99365
0.00044,6.69e-05,0.0,1.0,0.4168527,480.67258
0.00045,5.1e-05,0.0,0.0,0.37022913,299.48654
0.00045,5.1e-05,0.0,0.1,0.5933257,424.0485
0.00045,5.1e-05,0.0,0.2,0.73698306,462.59006
0.00045,5.1e-05,0.0,0.3,0.34739387,474.7394
0.00045,5.1e-05,0.0,0.4,0.54510486,480.3553
0.00045,5.1e-05,0.0,0.5,0.5141002,482.17957
0.00045,5.1e-05,0.0,0.6,0.49909604,481.93253
0.00045,5.1e-05,0.0,0.7,0.54039884,489.31973
0.00045,5.1e-05,0.0,0.8,0.40410057,489.22787
0.00045,5.1e-05,0.0,0.9,0.4497406,481.9905
0.00045,5.1e-05,0.0,1.0,0.41690934,480.70084
0.00045,5.1e-05,1e-05,0.0,0.3708375,299.35
0.00045,5.1e-05,1e-05,0.1,0.59372765,424.11426
0.00045,5.1e-05,1e-05,0.2,0.73739123,462.69623
0.00045,5.1e-05,1e-05,0.3,0.34723905,474.72702
0.00045,5.1e-05,1e-05,0.4,0.5451304,480.3659
0.00045,5.1e-05,1e-05,0.5,0.514106,482.18484
0.00045,5.1e-05,1e-05,0.6,0.49892434,481.94653
0.00045,5.1e-05,1e-05,0.7,0.5403851,489.3208
0.00045,5.1e-05,1e-05,0.8,0.40410507,489.2272
0.00045,5.1e-05,1e-05,0.9,0.44978505,481.99493
0.00045,5.1e-05,1e-05,1.0,0.41683322,480.66278
0.00046,3.46e-05,1e-05,0.0,0.37108782,299.29486
0.00046,3.46e-05,1e-05,0.1,0.5938164,424.12885
0.00046,3.46e-05,1e-05,0.2,0.73740417,462.69882
0.00046,3.46e-05,1e-05,0.3,0.34726357,474.72903
0.00046,3.46e-05,1e-05,0.4,0.54511917,480.3617
0.00046,3.46e-05,1e-05,0.5,0.5141034,482.1825
0.00046,3.46e-05,1e-05,0.6,0.49900675,481.9393
0.00046,3.46e-05,1e-05,0.7,0.5403933,489.3201
0.00046,3.46e-05,1e-05,0.8,0.4041018,489.22766
0.00046,3.46e-05,1e-05,0.9,0.44975144,481.99167
0.00046,3.46e-05,1e-05,1.0,0.41689143,480.6919
0.00046,3.46e-05,0.0,0.0,0.370465,299.43344
0.00046,3.46e-05,0.0,0.1,0.5934129,424.06256
0.00046,3.46e-05,0.0,0.2,0.73699623,462.59244
0.00046,3.46e-05,0.0,0.3,0.34742007,474.74167
0.00046,3.46e-05,0.0,0.4,0.5450946,480.35138
0.00046,3.46e-05,0.0,0.5,0.5140979,482.17752
0.00046,3.46e-05,0.0,0.6,0.49917918,481.9257
0.00046,3.46e-05,0.0,0.7,0.54040694,489.31903
0.00046,3.46e-05,0.0,0.8,0.4040973,489.22833
0.00046,3.46e-05,0.0,0.9,0.4497068,481.98752
0.00046,3.46e-05,0.0,1.0,0.41696793,480.73007
0.00047,1.73e-05,0.0,0.0,0.37072095,299.3763
0.00047,1.73e-05,0.0,0.1,0.5935061,424.0778
0.00047,1.73e-05,0.0,0.2,0.7370112,462.59528
0.00047,1.73e-05,0.0,0.3,0.34744722,474.744
0.00047,1.73e-05,0.0,0.4,0.54508436,480.34738
0.00047,1.73e-05,0.0,0.5,0.51409566,482.17538
0.00047,1.73e-05,0.0,0.6,0.49926636,481.91873
0.00047,1.73e-05,0.0,0.7,0.5404154,489.31833
0.00047,1.73e-05,0.0,0.8,0.40409392,489.22885
0.00047,1.73e-05,0.0,0.9,0.44967106,481.9846
0.00047,1.73e-05,0.0,1.0,0.41702968,480.7611
0.00047,1.73e-05,1e-05,0.0,0.3713604,299.2353
0.00047,1.73e-05,1e-05,0.1,0.5939113,424.14444
0.00047,1.73e-05,1e-05,0.2,0.73741865,462.7018
0.00047,1.73e-05,1e-05,0.3,0.34728932,474.73114
0.00047,1.73e-05,1e-05,0.4,0.54510766,480.3573
0.00047,1.73e-05,1e-05,0.5,0.5141009,482.18018
0.00047,1.73e-05,1e-05,0.6,0.49909386,481.93185
0.00047,1.73e-05,1e-05,0.7,0.5404018,489.3194
0.00047,1.73e-05,1e-05,0.8,0.40409842,489.2282
0.00047,1.73e-05,1e-05,0.9,0.44971585,481.9884
0.00047,1.73e-05,1e-05,1.0,0.41695324,480.72275
0.00048,0.0,1e-05,0.0,0.37164038,299.17477
0.00048,0.0,1e-05,0.1,0.5940065,424.16022
0.00048,0.0,1e-05,0.2,0.7374333,462.70486
0.00048,0.0,1e-05,0.3,0.3473153,474.73328
0.00048,0.0,1e-05,0.4,0.5450967,480.35306
0.00048,0.0,1e-05,0.5,0.5140985,482.1779
0.00048,0.0,1e-05,0.6,0.4991809,481.9247
0.00048,0.0,1e-05,0.7,0.54041034,489.31866
0.00048,0.0,1e-05,0.8,0.404095,489.22873
0.00048,0.0,1e-05,0.9,0.44968006,481.98544
0.00048,0.0,1e-05,1.0,0.4170149,480.75375
0.00048,0.0,0.0,0.0,0.37098345,299.31815
0.00048,0.0,0.0,0.1,0.59359974,424.09308
0.00048,0.0,0.0,0.2,0.73702615,462.59808
0.00048,0.0,0.0,0.3,0.34747484,474.74634
0.00048,0.0,0.0,0.4,0.5450742,480.34344
0.00048,0.0,0.0,0.5,0.51409346,482.17328
0.00048,0.0,0.0,0.6,0.49935406,481.912
0.00048,0.0,0.0,0.7,0.54042387,489.3176
0.00048,0.0,0.0,0.8,0.4040904,489.2294
0.00048,0.0,0.0,0.9,0.44963536,481.98184
0.00048,0.0,0.0,1.0,0.41709116,480.7918
0.00044,1e-04,1e-05,0.0,0.37008342,299.5193
0.00044,1e-04,1e-05,0.1,0.5934296,424.06564
0.00044,1e-04,1e-05,0.2,0.7373132,462.67798
0.00044,1e-04,1e-05,0.3,0.34718108,474.7223
0.00044,1e-04,1e-05,0.4,0.54516435,480.37863
0.00044,1e-04,1e-05,0.5,0.51411337,482.19183
0.00044,1e-04,1e-05,0.6,0.4986882,481.9684
0.00044,1e-04,1e-05,0.7,0.54036134,489.323
0.00044,1e-04,1e-05,0.8,0.4041146,489.22592
0.00044,1e-04,1e-05,0.9,0.44988477,482.00577
0.00044,1e-04,1e-05,1.0,0.41665927,480.57574
0.00045,8.27e-05,0.0,0.0,0.36975098,299.5956
0.00045,8.27e-05,0.0,0.1,0.59312445,424.01602
0.00045,8.27e-05,0.0,0.2,0.7369185,462.5758
0.00045,8.27e-05,0.0,0.3,0.34735885,474.73642
0.00045,8.27e-05,0.0,0.4,0.5451245,480.3627
0.00045,8.27e-05,0.0,0.5,0.5141045,482.18362
0.00045,8.27e-05,0.0,0.6,0.49894524,481.94553
0.00045,8.27e-05,0.0,0.7,0.54038364,489.32104
0.00045,8.27e-05,0.0,0.8,0.40410686,489.22693
0.00045,8.27e-05,0.0,0.9,0.44980517,481.99677
0.00045,8.27e-05,0.0,1.0,0.41679674,480.64456
0.00045,8.27e-05,1e-05,0.0,0.37032932,299.4635
0.00045,8.27e-05,1e-05,0.1,0.59352297,424.08078
0.00045,8.27e-05,1e-05,0.2,0.7373279,462.6809
0.00045,8.27e-05,1e-05,0.3,0.3472061,474.72427
0.00045,8.27e-05,1e-05,0.4,0.5451517,480.37387
0.00045,8.27e-05,1e-05,0.5,0.51411045,482.18918
0.00045,8.27e-05,1e-05,0.6,0.4987743,481.96024
0.00045,8.27e-05,1e-05,0.7,0.54037,489.32217
0.00045,8.27e-05,1e-05,0.8,0.40411124,489.22638
0.00045,8.27e-05,1e-05,0.9,0.4498494,482.0017
0.00045,8.27e-05,1e-05,1.0,0.41672093,480.60663
0.00046,1e-04,0.0,0.0,0.36948073,299.65808
0.00046,1e-04,0.0,0.1,0.59299815,423.9958
0.00046,1e-04,0.0,0.2,0.73686296,462.5632
0.00046,1e-04,0.0,0.3,0.34734774,474.73547
0.00046,1e-04,0.0,0.4,0.545135,480.36658
0.00046,1e-04,0.0,0.5,0.51410663,482.18573
0.00046,1e-04,0.0,0.6,0.49886775,481.95258
0.00046,1e-04,0.0,0.7,0.5403756,489.32175
0.00046,1e-04,0.0,0.8,0.40411016,489.2265
0.00046,1e-04,0.0,0.9,0.4498399,482.00046
0.00046,1e-04,0.0,1.0,0.41673586,480.61404
0.00046,6.69e-05,1e-05,0.0,0.37055805,299.41223
0.00046,6.69e-05,1e-05,0.1,0.593607,424.09448
0.00046,6.69e-05,1e-05,0.2,0.73733956,462.6832
0.00046,6.69e-05,1e-05,0.3,0.34722957,474.72617
0.00046,6.69e-05,1e-05,0.4,0.5451405,480.3696
0.00046,6.69e-05,1e-05,0.5,0.514108,482.1868
0.00046,6.69e-05,1e-05,0.6,0.4988534,481.95294
0.00046,6.69e-05,1e-05,0.7,0.5403778,489.3215
0.00046,6.69e-05,1e-05,0.8,0.40410808,489.2268
0.00046,6.69e-05,1e-05,0.9,0.44981715,481.9982
0.00046,6.69e-05,1e-05,1.0,0.4167769,480.6348
0.00046,6.69e-05,0.0,0.0,0.36996606,299.54636
0.00046,6.69e-05,0.0,0.1,0.59320706,424.02936
0.00046,6.69e-05,0.0,0.2,0.73693055,462.57794
0.00046,6.69e-05,0.0,0.3,0.34738415,474.73856
0.00046,6.69e-05,0.0,0.4,0.54511416,480.35873
0.00046,6.69e-05,0.0,0.5,0.5141021,482.18143
0.00046,6.69e-05,0.0,0.6,0.49902493,481.93863
0.00046,6.69e-05,0.0,0.7,0.5403915,489.32034
0.00046,6.69e-05,0.0,0.8,0.40410364,489.2274
0.00046,6.69e-05,0.0,0.9,0.4497727,481.99353
0.00046,6.69e-05,0.0,1.0,0.41685322,480.67276
0.00047,5.1e-05,0.0,0.0,0.3701878,299.49588
0.00047,5.1e-05,0.0,0.1,0.59329057,424.04282
0.00047,5.1e-05,0.0,0.2,0.7369427,462.58008
0.00047,5.1e-05,0.0,0.3,0.34740952,474.7407
0.00047,5.1e-05,0.0,0.4,0.54510415,480.35486
0.00047,5.1e-05,0.0,0.5,0.51409984,482.17932
0.00047,5.1e-05,0.0,0.6,0.49910504,481.9319
0.00047,5.1e-05,0.0,0.7,0.5403993,489.31967
0.00047,5.1e-05,0.0,0.8,0.4041005,489.22787
0.00047,5.1e-05,0.0,0.9,0.44974002,481.99042
0.00047,5.1e-05,0.0,1.0,0.41691002,480.70114
0.00047,5.1e-05,1e-05,0.0,0.37079346,299.35977
0.00047,5.1e-05,1e-05,0.1,0.593692,424.1084
0.00047,5.1e-05,1e-05,0.2,0.7373515,462.68552
0.00047,5.1e-05,1e-05,0.3,0.34725365,474.72812
0.00047,5.1e-05,1e-05,0.4,0.5451295,480.3654
0.00047,5.1e-05,1e-05,0.5,0.5141055,482.1845
0.00047,5.1e-05,1e-05,0.6,0.49893332,481.9458
0.00047,5.1e-05,1e-05,0.7,0.5403856,489.32077
0.00047,5.1e-05,1e-05,0.8,0.404105,489.22723
0.00047,5.1e-05,1e-05,0.9,0.44978455,481.99484
0.00047,5.1e-05,1e-05,1.0,0.41683373,480.663
0.000475,4.28e-05,5e-06,0.0,0.3706062,299.4016
0.000475,4.28e-05,5e-06,0.1,0.5935343,424.08252
0.000475,4.28e-05,5e-06,0.2,0.7371546,462.63315
0.000475,4.28e-05,5e-06,0.3,0.34734294,474.73535
0.000475,4.28e-05,5e-06,0.4,0.545111,480.35794
0.000475,4.28e-05,5e-06,0.5,0.5141014,482.1807
0.000475,4.28e-05,5e-06,0.6,0.4990605,481.93518
0.000475,4.28e-05,5e-06,0.7,0.5403966,489.31985
0.000475,4.28e-05,5e-06,0.8,0.40410122,489.2278
0.000475,4.28e-05,5e-06,0.9,0.44974545,481.991
0.000475,4.28e-05,5e-06,1.0,0.41690093,480.69666
0.00048,3.46e-05,0.0,0.0,0.37042248,299.44293
0.00048,3.46e-05,0.0,0.1,0.5933776,424.05685
0.00048,3.46e-05,0.0,0.2,0.73695576,462.5824
0.00048,3.46e-05,0.0,0.3,0.34743574,474.74295
0.00048,3.46e-05,0.0,0.4,0.545094,480.35095
0.00048,3.46e-05,0.0,0.5,0.51409763,482.17722
0.00048,3.46e-05,0.0,0.6,0.49918807,481.92505
0.00048,3.46e-05,0.0,0.7,0.5404073,489.319
0.00048,3.46e-05,0.0,0.8,0.40409732,489.22833
0.00048,3.46e-05,0.0,0.9,0.4497062,481.98743
0.00048,3.46e-05,0.0,1.0,0.41696826,480.7303
0.00048,3.46e-05,1e-05,0.0,0.3710432,299.3046
0.00048,3.46e-05,1e-05,0.1,0.5937805,424.12292
0.00048,3.46e-05,1e-05,0.2,0.73736423,462.68808
0.00048,3.46e-05,1e-05,0.3,0.34727827,474.73013
0.00048,3.46e-05,1e-05,0.4,0.5451182,480.36115
0.00048,3.46e-05,1e-05,0.5,0.5141031,482.18216
0.00048,3.46e-05,1e-05,0.6,0.49901587,481.9386
0.00048,3.46e-05,1e-05,0.7,0.5403937,489.32007
0.00048,3.46e-05,1e-05,0.8,0.4041018,489.22766
0.00048,3.46e-05,1e-05,0.9,0.44975084,481.9916
0.00048,3.46e-05,1e-05,1.0,0.416892,480.69214
0.00049,1.73e-05,0.0,0.0,0.3706772,299.38602
0.00049,1.73e-05,0.0,0.1,0.5934707,424.07208
0.00049,1.73e-05,0.0,0.2,0.7369707,462.5852
0.00049,1.73e-05,0.0,0.3,0.34746328,474.74527
0.00049,1.73e-05,0.0,0.4,0.5450838,480.347
0.00049,1.73e-05,0.0,0.5,0.5140953,482.17508
0.00049,1.73e-05,0.0,0.6,0.4992756,481.9181
0.00049,1.73e-05,0.0,0.7,0.5404159,489.31827
0.00049,1.73e-05,0.0,0.8,0.4040938,489.22888
0.00049,1.73e-05,0.0,0.9,0.4496705,481.98447
0.00049,1.73e-05,0.0,1.0,0.41702995,480.76117
0.00049,1.73e-05,1e-05,0.0,0.3713146,299.24527
0.00049,1.73e-05,1e-05,0.1,0.5938753,424.13846
0.00049,1.73e-05,1e-05,0.2,0.7373791,462.6911
0.00049,1.73e-05,1e-05,0.3,0.34730417,474.7323
0.00049,1.73e-05,1e-05,0.4,0.545107,480.3568
0.00049,1.73e-05,1e-05,0.5,0.51410055,482.17984
0.00049,1.73e-05,1e-05,0.6,0.4991027,481.9312
0.00049,1.73e-05,1e-05,0.7,0.5404023,489.31934
0.00049,1.73e-05,1e-05,0.8,0.4040983,489.2282
0.00049,1.73e-05,1e-05,0.9,0.44971517,481.98837
0.00049,1.73e-05,1e-05,1.0,0.4169538,480.72302
0.0005,0.0,1e-05,0.0,0.37159315,299.1849
0.0005,0.0,1e-05,0.1,0.59397054,424.15417
0.0005,0.0,1e-05,0.2,0.7373937,462.69412
0.0005,0.0,1e-05,0.3,0.34733033,474.73444
0.0005,0.0,1e-05,0.4,0.5450959,480.3526
0.0005,0.0,1e-05,0.5,0.5140982,482.17758
0.0005,0.0,1e-05,0.6,0.49918997,481.92407
0.0005,0.0,1e-05,0.7,0.5404108,489.3186
0.0005,0.0,1e-05,0.8,0.40409487,489.22873
0.0005,0.0,1e-05,0.9,0.44967964,481.98538
0.0005,0.0,1e-05,1.0,0.41701525,480.75394
0.0005,0.0,0.0,0.0,0.37093917,299.32794
0.0005,0.0,0.0,0.1,0.59356415,424.08725
0.0005,0.0,0.0,0.2,0.73698574,462.58804
0.0005,0.0,0.0,0.3,0.34749106,474.74765
0.0005,0.0,0.0,0.4,0.5450738,480.34308
0.0005,0.0,0.0,0.5,0.51409316,482.173
0.0005,0.0,0.0,0.6,0.49936318,481.91138
0.0005,0.0,0.0,0.7,0.5404244,489.3176
0.0005,0.0,0.0,0.8,0.4040903,489.22943
0.0005,0.0,0.0,0.9,0.44963476,481.98175
0.0005,0.0,0.0,1.0,0.41709173,480.79202
0.00046,1e-04,1e-05,0.0,0.37004244,299.52847
0.00046,1e-04,1e-05,0.1,0.59339434,424.05994
0.00046,1e-04,1e-05,0.2,0.7372734,462.66745
0.00046,1e-04,1e-05,0.3,0.3471954,474.7234
0.00046,1e-04,1e-05,0.4,0.5451629,480.37796
0.00046,1e-04,1e-05,0.5,0.51411283,482.19147
0.00046,1e-04,1e-05,0.6,0.4986971,481.96762
0.00046,1e-04,1e-05,0.7,0.5403619,489.32297
0.00046,1e-04,1e-05,0.8,0.40411457,489.22592
0.00046,1e-04,1e-05,0.9,0.44988418,482.00565
0.00046,1e-04,1e-05,1.0,0.41665974,480.57593
0.00047,8.27e-05,0.0,0.0,0.36971194,299.6046
0.00047,8.27e-05,0.0,0.1,0.5930897,424.0105
0.00047,8.27e-05,0.0,0.2,0.7368779,462.5659
0.00047,8.27e-05,0.0,0.3,0.3473745,474.7377
0.00047,8.27e-05,0.0,0.4,0.5451236,480.36215
0.00047,8.27e-05,0.0,0.5,0.514104,482.18326
0.00047,8.27e-05,0.0,0.6,0.49895424,481.94482
0.00047,8.27e-05,0.0,0.7,0.54038405,489.321
0.00047,8.27e-05,0.0,0.8,0.40410674,489.22696
0.00047,8.27e-05,0.0,0.9,0.4498046,481.99673
0.00047,8.27e-05,0.0,1.0,0.41679722,480.64474
0.00047,8.27e-05,1e-05,0.0,0.37028784,299.47287
0.00047,8.27e-05,1e-05,0.1,0.5934877,424.07504
0.00047,8.27e-05,1e-05,0.2,0.7372881,462.67035
0.00047,8.27e-05,1e-05,0.3,0.34722045,474.7254
0.00047,8.27e-05,1e-05,0.4,0.5451505,480.37332
0.00047,8.27e-05,1e-05,0.5,0.5141101,482.1888
0.00047,8.27e-05,1e-05,0.6,0.49878323,481.95944
0.00047,8.27e-05,1e-05,0.7,0.54037046,489.32214
0.00047,8.27e-05,1e-05,0.8,0.40411112,489.22638
0.00047,8.27e-05,1e-05,0.9,0.4498489,482.0016
0.00047,8.27e-05,1e-05,1.0,0.41672117,480.60675
0.00048,1e-04,0.0,0.0,0.36944264,299.6669
0.00048,1e-04,0.0,0.1,0.59296364,423.9903
0.00048,1e-04,0.0,0.2,0.7368223,462.55338
0.00048,1e-04,0.0,0.3,0.34736314,474.7367
0.00048,1e-04,0.0,0.4,0.54513407,480.36606
0.00048,1e-04,0.0,0.5,0.5141062,482.1854
0.00048,1e-04,0.0,0.6,0.49887663,481.95178
0.00048,1e-04,0.0,0.7,0.54037607,489.3217
0.00048,1e-04,0.0,0.8,0.40411004,489.2265
0.00048,1e-04,0.0,0.9,0.4498394,482.0004
0.00048,1e-04,0.0,1.0,0.41673642,480.61435
0.00048,6.69e-05,1e-05,0.0,0.3705155,299.42172
0.00048,6.69e-05,1e-05,0.1,0.59357154,424.08868
0.00048,6.69e-05,1e-05,0.2,0.7372998,462.6726
0.00048,6.69e-05,1e-05,0.3,0.3472442,474.7273
0.00048,6.69e-05,1e-05,0.4,0.54513943,480.36902
0.00048,6.69e-05,1e-05,0.5,0.5141076,482.18643
0.00048,6.69e-05,1e-05,0.6,0.49886233,481.9522
0.00048,6.69e-05,1e-05,0.7,0.5403782,489.32144
0.00048,6.69e-05,1e-05,0.8,0.40410808,489.2268
0.00048,6.69e-05,1e-05,0.9,0.4498165,481.9981
0.00048,6.69e-05,1e-05,1.0,0.41677776,480.63513
0.00048,6.69e-05,0.0,0.0,0.36992607,299.5554
0.00048,6.69e-05,0.0,0.1,0.59317213,424.0237
0.00048,6.69e-05,0.0,0.2,0.73688996,462.56796
0.00048,6.69e-05,0.0,0.3,0.34739974,474.73984
0.00048,6.69e-05,0.0,0.4,0.54511344,480.3583
0.00048,6.69e-05,0.0,0.5,0.51410174,482.18112
0.00048,6.69e-05,0.0,0.6,0.49903387,481.9379
0.00048,6.69e-05,0.0,0.7,0.540392,489.3203
0.00048,6.69e-05,0.0,0.8,0.40410364,489.2274
0.00048,6.69e-05,0.0,0.9,0.44977206,481.99344
0.00048,6.69e-05,0.0,1.0,0.41685396,480.67307
0.00049,5.1e-05,1e-05,0.0,0.3707501,299.36945
0.00049,5.1e-05,1e-05,0.1,0.59365636,424.10254
0.00049,5.1e-05,1e-05,0.2,0.7373117,462.6749
0.00049,5.1e-05,1e-05,0.3,0.34726837,474.7293
0.00049,5.1e-05,1e-05,0.4,0.5451285,480.3649
0.00049,5.1e-05,1e-05,0.5,0.51410514,482.18417
0.00049,5.1e-05,1e-05,0.6,0.49894226,481.94507
0.00049,5.1e-05,1e-05,0.7,0.5403862,489.32074
0.00049,5.1e-05,1e-05,0.8,0.40410495,489.22723
0.00049,5.1e-05,1e-05,0.9,0.449784,481.99478
0.00049,5.1e-05,1e-05,1.0,0.41683406,480.66315
0.00049,5.1e-05,0.0,0.0,0.37014702,299.5051
0.00049,5.1e-05,0.0,0.1,0.5932555,424.03717
0.00049,5.1e-05,0.0,0.2,0.7369021,462.57016
0.00049,5.1e-05,0.0,0.3,0.3474253,474.74203
0.00049,5.1e-05,0.0,0.4,0.54510355,480.35443
0.00049,5.1e-05,0.0,0.5,0.5140995,482.17902
0.00049,5.1e-05,0.0,0.6,0.49911416,481.93115
0.00049,5.1e-05,0.0,0.7,0.5403998,489.31964
0.00049,5.1e-05,0.0,0.8,0.40410042,489.22787
0.00049,5.1e-05,0.0,0.9,0.44973943,481.9903
0.00049,5.1e-05,0.0,1.0,0.4169103,480.7013
0.0005,3.46e-05,0.0,0.0,0.37038064,299.4523
0.0005,3.46e-05,0.0,0.1,0.5933424,424.05118
0.0005,3.46e-05,0.0,0.2,0.7369153,462.57248
0.0005,3.46e-05,0.0,0.3,0.34745175,474.74426
0.0005,3.46e-05,0.0,0.4,0.5450935,480.3506
0.0005,3.46e-05,0.0,0.5,0.51409733,482.1769
0.0005,3.46e-05,0.0,0.6,0.499197,481.92438
0.0005,3.46e-05,0.0,0.7,0.54040784,489.31897
0.0005,3.46e-05,0.0,0.8,0.4040972,489.2284
0.0005,3.46e-05,0.0,0.9,0.44970566,481.98737
0.0005,3.46e-05,0.0,1.0,0.41696897,480.73053
0.0005,3.46e-05,1e-05,0.0,0.37099838,299.31445
0.0005,3.46e-05,1e-05,0.1,0.59374475,424.117
0.0005,3.46e-05,1e-05,0.2,0.7373246,462.67743
0.0005,3.46e-05,1e-05,0.3,0.3472933,474.73135
0.0005,3.46e-05,1e-05,0.4,0.5451174,480.36066
0.0005,3.46e-05,1e-05,0.5,0.51410276,482.18182
0.0005,3.46e-05,1e-05,0.6,0.4990248,481.93787
0.0005,3.46e-05,1e-05,0.7,0.5403942,489.32004
0.0005,3.46e-05,1e-05,0.8,0.40410167,489.2277
0.0005,3.46e-05,1e-05,0.9,0.4497503,481.99152
0.0005,3.46e-05,1e-05,1.0,0.4168925,480.69235
0.00051,1.73e-05,0.0,0.0,0.37063444,299.39548
0.00051,1.73e-05,0.0,0.1,0.5934354,424.06622
0.00051,1.73e-05,0.0,0.2,0.73693025,462.57526
0.00051,1.73e-05,0.0,0.3,0.3474794,474.7466
0.00051,1.73e-05,0.0,0.4,0.54508334,480.34665
0.00051,1.73e-05,0.0,0.5,0.514095,482.17477
0.00051,1.73e-05,0.0,0.6,0.4992845,481.91745
0.00051,1.73e-05,0.0,0.7,0.54041636,489.31824
0.00051,1.73e-05,0.0,0.8,0.4040938,489.22888
0.00051,1.73e-05,0.0,0.9,0.44967002,481.98444
0.00051,1.73e-05,0.0,1.0,0.41703054,480.76147
0.00051,1.73e-05,1e-05,0.0,0.37126863,299.2553
0.00051,1.73e-05,1e-05,0.1,0.59383935,424.1325
0.00051,1.73e-05,1e-05,0.2,0.7373394,462.68048
0.00051,1.73e-05,1e-05,0.3,0.34731922,474.73346
0.00051,1.73e-05,1e-05,0.4,0.5451062,480.35635
0.00051,1.73e-05,1e-05,0.5,0.5141002,482.17953
0.00051,1.73e-05,1e-05,0.6,0.49911165,481.93054
0.00051,1.73e-05,1e-05,0.7,0.54040277,489.3193
0.00051,1.73e-05,1e-05,0.8,0.4040983,489.2282
0.00051,1.73e-05,1e-05,0.9,0.44971472,481.98828
0.00051,1.73e-05,1e-05,1.0,0.41695422,480.72324
0.00052,0.0,1e-05,0.0,0.37154588,299.19516
0.00052,0.0,1e-05,0.1,0.5939344,424.1482
0.00052,0.0,1e-05,0.2,0.73735404,462.68344
0.00052,0.0,1e-05,0.3,0.3473455,474.73566
0.00052,0.0,1e-05,0.4,0.5450952,480.35214
0.00052,0.0,1e-05,0.5,0.5140978,482.17728
0.00052,0.0,1e-05,0.6,0.49919915,481.9234
0.00052,0.0,1e-05,0.7,0.54041123,489.31857
0.00052,0.0,1e-05,0.8,0.40409485,489.22876
0.00052,0.0,1e-05,0.9,0.449679,481.9853
0.00052,0.0,1e-05,1.0,0.4170158,480.75427
0.00052,0.0,0.0,0.0,0.37089497,299.3377
0.00052,0.0,0.0,0.1,0.5935288,424.08145
0.00052,0.0,0.0,0.2,0.7369453,462.57803
0.00052,0.0,0.0,0.3,0.34750715,474.74902
0.00052,0.0,0.0,0.4,0.54507357,480.34274
0.00052,0.0,0.0,0.5,0.51409286,482.17276
0.00052,0.0,0.0,0.6,0.4993723,481.91074
0.00052,0.0,0.0,0.7,0.5404248,489.31757
0.00052,0.0,0.0,0.8,0.40409023,489.22943
0.00052,0.0,0.0,0.9,0.44963413,481.9817
0.00052,0.0,0.0,1.0,0.4170921,480.7923
0.00048,1e-04,1e-05,0.0,0.37000233,299.53766
0.00048,1e-04,1e-05,0.1,0.5933593,424.0542
0.00048,1e-04,1e-05,0.2,0.73723346,462.65695
0.00048,1e-04,1e-05,0.3,0.3472098,474.72446
0.00048,1e-04,1e-05,0.4,0.5451617,480.37735
0.00048,1e-04,1e-05,0.5,0.5141125,482.19107
0.00048,1e-04,1e-05,0.6,0.49870595,481.96686
0.00048,1e-04,1e-05,0.7,0.54036236,489.32294
0.00048,1e-04,1e-05,0.8,0.40411448,489.22592
0.00048,1e-04,1e-05,0.9,0.44988358,482.00555
0.00048,1e-04,1e-05,1.0,0.41666043,480.57626
0.00049,8.27e-05,0.0,0.0,0.36967278,299.6136
0.00049,8.27e-05,0.0,0.1,0.593055,424.00488
0.00049,8.27e-05,0.0,0.2,0.73683745,462.55606
0.00049,8.27e-05,0.0,0.3,0.34739003,474.73895
0.00049,8.27e-05,0.0,0.4,0.54512274,480.36172
0.00049,8.27e-05,0.0,0.5,0.51410365,482.18292
0.00049,8.27e-05,0.0,0.6,0.49896318,481.9441
0.00049,8.27e-05,0.0,0.7,0.5403846,489.32098
0.00049,8.27e-05,0.0,0.8,0.4041067,489.22696
0.00049,8.27e-05,0.0,0.9,0.449804,481.9966
0.00049,8.27e-05,0.0,1.0,0.41679785,480.64508
0.00049,8.27e-05,1e-05,0.0,0.37024647,299.48218
0.00049,8.27e-05,1e-05,0.1,0.5934522,424.0693
0.00049,8.27e-05,1e-05,0.2,0.7372482,462.65988
0.00049,8.27e-05,1e-05,0.3,0.34723496,474.72647
0.00049,8.27e-05,1e-05,0.4,0.5451494,480.3727
0.00049,8.27e-05,1e-05,0.5,0.5141096,482.18845
0.00049,8.27e-05,1e-05,0.6,0.49879223,481.9587
0.00049,8.27e-05,1e-05,0.7,0.5403709,489.3221
0.00049,8.27e-05,1e-05,0.8,0.40411103,489.22638
0.00049,8.27e-05,1e-05,0.9,0.44984832,482.0015
0.00049,8.27e-05,1e-05,1.0,0.4167219,480.6071
0.0005,1e-04,0.0,0.0,0.36940464,299.67572
0.0005,1e-04,0.0,0.1,0.59292907,423.9847
0.0005,1e-04,0.0,0.2,0.73678166,462.54364
0.0005,1e-04,0.0,0.3,0.3473787,474.73795
0.0005,1e-04,0.0,0.4,0.5451332,480.36554
0.0005,1e-04,0.0,0.5,0.5141058,482.185
0.0005,1e-04,0.0,0.6,0.4988856,481.95105
0.0005,1e-04,0.0,0.7,0.5403765,489.3217
0.0005,1e-04,0.0,0.8,0.4041099,489.2265
0.0005,1e-04,0.0,0.9,0.44983876,482.0003
0.0005,1e-04,0.0,1.0,0.41673684,480.61456
0.0005,6.69e-05,1e-05,0.0,0.37047312,299.43118
0.0005,6.69e-05,1e-05,0.1,0.5935362,424.08295
0.0005,6.69e-05,1e-05,0.2,0.7372601,462.6621
0.0005,6.69e-05,1e-05,0.3,0.34725899,474.72845
0.0005,6.69e-05,1e-05,0.4,0.5451383,480.36847
0.0005,6.69e-05,1e-05,0.5,0.5141072,482.1861
0.0005,6.69e-05,1e-05,0.6,0.49887148,481.95145
0.0005,6.69e-05,1e-05,0.7,0.54037875,489.3214
0.0005,6.69e-05,1e-05,0.8,0.4041081,489.2268
0.0005,6.69e-05,1e-05,0.9,0.44981596,481.998
0.0005,6.69e-05,1e-05,1.0,0.4167781,480.6353
0.0005,6.69e-05,0.0,0.0,0.369886,299.56454
0.0005,6.69e-05,0.0,0.1,0.59313726,424.01804
0.0005,6.69e-05,0.0,0.2,0.73684937,462.5582
0.0005,6.69e-05,0.0,0.3,0.34741548,474.74115
0.0005,6.69e-05,0.0,0.4,0.54511267,480.35782
0.0005,6.69e-05,0.0,0.5,0.5141014,482.1808
0.0005,6.69e-05,0.0,0.6,0.49904293,481.9372
0.0005,6.69e-05,0.0,0.7,0.54039246,489.32025
0.0005,6.69e-05,0.0,0.8,0.40410364,489.2274
0.0005,6.69e-05,0.0,0.9,0.44977143,481.99332
0.0005,6.69e-05,0.0,1.0,0.41685432,480.6733
0.00051,5.1e-05,1e-05,0.0,0.37070662,299.37906
0.00051,5.1e-05,1e-05,0.1,0.5936208,424.0967
0.00051,5.1e-05,1e-05,0.2,0.73727196,462.66434
0.00051,5.1e-05,1e-05,0.3,0.34728324,474.73047
0.00051,5.1e-05,1e-05,0.4,0.5451275,480.36435
0.00051,5.1e-05,1e-05,0.5,0.5141047,482.18384
0.00051,5.1e-05,1e-05,0.6,0.4989513,481.94434
0.00051,5.1e-05,1e-05,0.7,0.54038656,489.32068
0.00051,5.1e-05,1e-05,0.8,0.4041049,489.22723
0.00051,5.1e-05,1e-05,0.9,0.44978333,481.9947
0.00051,5.1e-05,1e-05,1.0,0.41683486,480.6635
0.00051,5.1e-05,0.0,0.0,0.37010604,299.5144
0.00051,5.1e-05,0.0,0.1,0.5932206,424.0315
0.00051,5.1e-05,0.0,0.2,0.7368616,462.56024
0.00051,5.1e-05,0.0,0.3,0.34744117,474.74332
0.00051,5.1e-05,0.0,0.4,0.54510283,480.354
0.00051,5.1e-05,0.0,0.5,0.5140991,482.17868
0.00051,5.1e-05,0.0,0.6,0.49912316,481.93048
0.00051,5.1e-05,0.0,0.7,0.54040027,489.3196
0.00051,5.1e-05,0.0,0.8,0.40410042,489.22787
0.00051,5.1e-05,0.0,0.9,0.44973883,481.99026
0.00051,5.1e-05,0.0,1.0,0.41691098,480.70163
0.00052,3.46e-05,0.0,0.0,0.3703388,299.46176
0.00052,3.46e-05,0.0,0.1,0.5933074,424.04547
0.00052,3.46e-05,0.0,0.2,0.7368748,462.56262
0.00052,3.46e-05,0.0,0.3,0.3474677,474.74557
0.00052,3.46e-05,0.0,0.4,0.54509294,480.35016
0.00052,3.46e-05,0.0,0.5,0.514097,482.17657
0.00052,3.46e-05,0.0,0.6,0.49920624,481.9237
0.00052,3.46e-05,0.0,0.7,0.54040825,489.31894
0.00052,3.46e-05,0.0,0.8,0.4040971,489.22833
0.00052,3.46e-05,0.0,0.9,0.44970506,481.98724
0.00052,3.46e-05,0.0,1.0,0.41696954,480.7308
0.00052,3.46e-05,1e-05,0.0,0.37095404,299.32422
0.00052,3.46e-05,1e-05,0.1,0.5937092,424.1111
0.00052,3.46e-05,1e-05,0.2,0.73728484,462.6669
0.00052,3.46e-05,1e-05,0.3,0.3473082,474.73248
0.00052,3.46e-05,1e-05,0.4,0.54511654,480.36017
0.00052,3.46e-05,1e-05,0.5,0.51410234,482.1815
0.00052,3.46e-05,1e-05,0.6,0.49903387,481.93723
0.00052,3.46e-05,1e-05,0.7,0.54039466,489.31998
0.00052,3.46e-05,1e-05,0.8,0.4041016,489.2277
0.00052,3.46e-05,1e-05,0.9,0.4497497,481.9914
0.00052,3.46e-05,1e-05,1.0,0.41689306,480.69266
0.00053,1.73e-05,0.0,0.0,0.37059167,299.40503
0.00053,1.73e-05,0.0,0.1,0.5934,424.06052
0.00053,1.73e-05,0.0,0.2,0.73688984,462.56534
0.00053,1.73e-05,0.0,0.3,0.34749553,474.74796
0.00053,1.73e-05,0.0,0.4,0.545083,480.34625
0.00053,1.73e-05,0.0,0.5,0.5140947,482.1745
0.00053,1.73e-05,0.0,0.6,0.49929357,481.9168
0.00053,1.73e-05,0.0,0.7,0.54041684,489.3182
0.00053,1.73e-05,0.0,0.8,0.40409368,489.22888
0.00053,1.73e-05,0.0,0.9,0.44966936,481.9843
0.00053,1.73e-05,0.0,1.0,0.41703105,480.7617
0.00053,1.73e-05,1e-05,0.0,0.37122306,299.26523
0.00053,1.73e-05,1e-05,0.1,0.5938035,424.1267
0.00053,1.73e-05,1e-05,0.2,0.7372997,462.66986
0.00053,1.73e-05,1e-05,0.3,0.34733436,474.73465
0.00053,1.73e-05,1e-05,0.4,0.54510534,480.3559
0.00053,1.73e-05,1e-05,0.5,0.51409984,482.17923
0.00053,1.73e-05,1e-05,0.6,0.49912083,481.92987
0.00053,1.73e-05,1e-05,0.7,0.54040325,489.31927
0.00053,1.73e-05,1e-05,0.8,0.40409815,489.2282
0.00053,1.73e-05,1e-05,0.9,0.44971403,481.98816
0.00053,1.73e-05,1e-05,1.0,0.416955,480.72354
0.00054,0.0,1e-05,0.0,0.3714993,299.2052
0.00054,0.0,1e-05,0.1,0.59389836,424.14227
0.00054,0.0,1e-05,0.2,0.7373144,462.67285
0.00054,0.0,1e-05,0.3,0.34736082,474.73685
0.00054,0.0,1e-05,0.4,0.5450945,480.3517
0.00054,0.0,1e-05,0.5,0.5140975,482.17697
0.00054,0.0,1e-05,0.6,0.4992081,481.9228
0.00054,0.0,1e-05,0.7,0.5404117,489.31854
0.00054,0.0,1e-05,0.8,0.4040947,489.2287
0.00054,0.0,1e-05,0.9,0.44967845,481.98517
0.00054,0.0,1e-05,1.0,0.41701663,480.75458
0.00054,6.93e-06,5e-06,0.0,0.3710528,299.30264
0.00054,6.93e-06,5e-06,0.1,0.5936502,424.10135
0.00054,6.93e-06,5e-06,0.2,0.73709655,462.6164
0.00054,6.93e-06,5e-06,0.3,0.3474331,474.74277
0.00054,6.93e-06,5e-06,0.4,0.5450874,480.34842
0.00054,6.93e-06,5e-06,0.5,0.5140958,482.17545
0.00054,6.93e-06,5e-06,0.6,0.49926132,481.91895
0.00054,6.93e-06,5e-06,0.7,0.54041517,489.3183
0.00054,6.93e-06,5e-06,0.8,0.40409386,489.22885
0.00054,6.93e-06,5e-06,0.9,0.44967023,481.98447
0.00054,6.93e-06,5e-06,1.0,0.41702998,480.7612
0.00054,0.0,0.0,0.0,0.370851,299.34738
0.00054,0.0,0.0,0.1,0.5934934,424.07562
0.00054,0.0,0.0,0.2,0.73690474,462.56808
0.00054,0.0,0.0,0.3,0.34752357,474.7504
0.00054,0.0,0.0,0.4,0.5450731,480.3424
0.00054,0.0,0.0,0.5,0.51409256,482.1725
0.00054,0.0,0.0,0.6,0.4993813,481.9101
0.00054,0.0,0.0,0.7,0.5404253,489.31754
0.00054,0.0,0.0,0.8,0.40409008,489.22943
0.00054,0.0,0.0,0.9,0.4496336,481.9816
0.00054,0.0,0.0,1.0,0.4170929,480.7926
0.0005,1e-04,1e-05,0.0,0.3699621,299.5468
0.0005,1e-04,1e-05,0.1,0.5933241,424.0485
0.0005,1e-04,1e-05,0.2,0.7371935,462.6465
0.0005,1e-04,1e-05,0.3,0.3472242,474.72556
0.0005,1e-04,1e-05,0.4,0.5451605,480.37674
0.0005,1e-04,1e-05,0.5,0.5141121,482.1907
0.0005,1e-04,1e-05,0.6,0.49871498,481.96603
0.0005,1e-04,1e-05,0.7,0.5403628,489.32288
0.0005,1e-04,1e-05,0.8,0.4041144,489.22586
0.0005,1e-04,1e-05,0.9,0.44988307,482.00543
0.0005,1e-04,1e-05,1.0,0.4166609,480.57657
0.00051,8.27e-05,0.0,0.0,0.36963406,299.62256
0.00051,8.27e-05,0.0,0.1,0.5930203,423.9994
0.00051,8.27e-05,0.0,0.2,0.7367967,462.5463
0.00051,8.27e-05,0.0,0.3,0.34740576,474.7402
0.00051,8.27e-05,0.0,0.4,0.545122,480.36124
0.00051,8.27e-05,0.0,0.5,0.5141033,482.1826
0.00051,8.27e-05,0.0,0.6,0.49897212,481.94336
0.00051,8.27e-05,0.0,0.7,0.54038507,489.32092
0.00051,8.27e-05,0.0,0.8,0.40410662,489.22696
0.00051,8.27e-05,0.0,0.9,0.44980344,481.99652
0.00051,8.27e-05,0.0,1.0,0.41679856,480.64542
0.00051,8.27e-05,1e-05,0.0,0.37020513,299.49152
0.00051,8.27e-05,1e-05,0.1,0.59341705,424.0635
0.00051,8.27e-05,1e-05,0.2,0.73720837,462.64944
0.00051,8.27e-05,1e-05,0.3,0.34724975,474.72763
0.00051,8.27e-05,1e-05,0.4,0.5451483,480.37207
0.00051,8.27e-05,1e-05,0.5,0.51410925,482.18805
0.00051,8.27e-05,1e-05,0.6,0.498801,481.95792
0.00051,8.27e-05,1e-05,0.7,0.54037136,489.32208
0.00051,8.27e-05,1e-05,0.8,0.40411103,489.22638
0.00051,8.27e-05,1e-05,0.9,0.44984776,482.00143
0.00051,8.27e-05,1e-05,1.0,0.4167224,480.60727
0.00052,1e-04,0.0,0.0,0.36936674,299.68457
0.00052,1e-04,0.0,0.1,0.59289455,423.97922
0.00052,1e-04,0.0,0.2,0.73674077,462.53394
0.00052,1e-04,0.0,0.3,0.34739444,474.73923
0.00052,1e-04,0.0,0.4,0.54513234,480.36505
0.00052,1e-04,0.0,0.5,0.51410544,482.1847
0.00052,1e-04,0.0,0.6,0.4988945,481.95035
0.00052,1e-04,0.0,0.7,0.54037696,489.32172
0.00052,1e-04,0.0,0.8,0.40410987,489.22644
0.00052,1e-04,0.0,0.9,0.44983816,482.00018
0.00052,1e-04,0.0,1.0,0.41673735,480.61487
0.00052,6.69e-05,0.0,0.0,0.36984655,299.57364
0.00052,6.69e-05,0.0,0.1,0.5931026,424.0125
0.00052,6.69e-05,0.0,0.2,0.7368087,462.54837
0.00052,6.69e-05,0.0,0.3,0.34743118,474.7424
0.00052,6.69e-05,0.0,0.4,0.54511195,480.35742
0.00052,6.69e-05,0.0,0.5,0.51410097,482.18045
0.00052,6.69e-05,0.0,0.6,0.49905187,481.93652
0.00052,6.69e-05,0.0,0.7,0.5403929,489.32022
0.00052,6.69e-05,0.0,0.8,0.40410346,489.2274
0.00052,6.69e-05,0.0,0.9,0.449771,481.99326
0.00052,6.69e-05,0.0,1.0,0.41685492,480.6736
0.00052,6.69e-05,1e-05,0.0,0.37043107,299.44058
0.00052,6.69e-05,1e-05,0.1,0.5935007,424.07712
0.00052,6.69e-05,1e-05,0.2,0.73722017,462.65164
0.00052,6.69e-05,1e-05,0.3,0.34727365,474.7296
0.00052,6.69e-05,1e-05,0.4,0.5451373,480.36795
0.00052,6.69e-05,1e-05,0.5,0.51410687,482.18576
0.00052,6.69e-05,1e-05,0.6,0.4988803,481.95068
0.00052,6.69e-05,1e-05,0.7,0.5403792,489.32138
0.00052,6.69e-05,1e-05,0.8,0.40410793,489.2268
0.00052,6.69e-05,1e-05,0.9,0.44981545,481.99796
0.00052,6.69e-05,1e-05,1.0,0.41677862,480.63556
0.00053,5.1e-05,1e-05,0.0,0.37066355,299.3886
0.00053,5.1e-05,1e-05,0.1,0.5935853,424.09097
0.00053,5.1e-05,1e-05,0.2,0.7372321,462.65393
0.00053,5.1e-05,1e-05,0.3,0.34729818,474.73163
0.00053,5.1e-05,1e-05,0.4,0.5451265,480.36386
0.00053,5.1e-05,1e-05,0.5,0.51410437,482.18344
0.00053,5.1e-05,1e-05,0.6,0.49896026,481.9436
0.00053,5.1e-05,1e-05,0.7,0.54038703,489.3207
0.00053,5.1e-05,1e-05,0.8,0.40410483,489.22723
0.00053,5.1e-05,1e-05,0.9,0.44978273,481.99457
0.00053,5.1e-05,1e-05,1.0,0.41683516,480.6638
0.00053,5.1e-05,0.0,0.0,0.37006563,299.5236
0.00053,5.1e-05,0.0,0.1,0.59318554,424.02582
0.00053,5.1e-05,0.0,0.2,0.736821,462.55048
0.00053,5.1e-05,0.0,0.3,0.34745708,474.7446
0.00053,5.1e-05,0.0,0.4,0.5451022,480.3536
0.00053,5.1e-05,0.0,0.5,0.51409876,482.17838
0.00053,5.1e-05,0.0,0.6,0.49913234,481.92978
0.00053,5.1e-05,0.0,0.7,0.54040074,489.31958
0.00053,5.1e-05,0.0,0.8,0.4041003,489.2279
0.00053,5.1e-05,0.0,0.9,0.44973832,481.99014
0.00053,5.1e-05,0.0,1.0,0.41691166,480.70197
0.00054,3.46e-05,0.0,0.0,0.37029716,299.47116
0.00054,3.46e-05,0.0,0.1,0.5932722,424.0398
0.00054,3.46e-05,0.0,0.2,0.73683417,462.55276
0.00054,3.46e-05,0.0,0.3,0.34748387,474.7469
0.00054,3.46e-05,0.0,0.4,0.5450925,480.34982
0.00054,3.46e-05,0.0,0.5,0.5140967,482.17636
0.00054,3.46e-05,0.0,0.6,0.49921522,481.92307
0.00054,3.46e-05,0.0,0.7,0.5404088,489.3189
0.00054,3.46e-05,0.0,0.8,0.40409714,489.22833
0.00054,3.46e-05,0.0,0.9,0.4497045,481.98715
0.00054,3.46e-05,0.0,1.0,0.4169699,480.73105
0.00054,3.46e-05,1e-05,0.0,0.37090978,299.334
0.00054,3.46e-05,1e-05,0.1,0.5936734,424.1053
0.00054,3.46e-05,1e-05,0.2,0.7372451,462.6564
0.00054,3.46e-05,1e-05,0.3,0.34732327,474.73367
0.00054,3.46e-05,1e-05,0.4,0.5451157,480.35968
0.00054,3.46e-05,1e-05,0.5,0.5141019,482.18118
0.00054,3.46e-05,1e-05,0.6,0.4990427,481.9365
0.00054,3.46e-05,1e-05,0.7,0.54039514,489.31995
0.00054,3.46e-05,1e-05,0.8,0.40410155,489.2277
0.00054,3.46e-05,1e-05,0.9,0.44974914,481.9913
0.00054,3.46e-05,1e-05,1.0,0.41689375,480.693
0.00055,1.73e-05,0.0,0.0,0.37054887,299.4146
0.00055,1.73e-05,0.0,0.1,0.59336495,424.0548
0.00055,1.73e-05,0.0,0.2,0.7368493,462.55548
0.00055,1.73e-05,0.0,0.3,0.34751183,474.7493
0.00055,1.73e-05,0.0,0.4,0.54508245,480.3459
0.00055,1.73e-05,0.0,0.5,0.5140944,482.17426
0.00055,1.73e-05,0.0,0.6,0.49930277,481.91614
0.00055,1.73e-05,0.0,0.7,0.54041725,489.31818
0.00055,1.73e-05,0.0,0.8,0.40409356,489.22888
0.00055,1.73e-05,0.0,0.9,0.44966877,481.98422
0.00055,1.73e-05,0.0,1.0,0.4170316,480.76202
0.00055,1.73e-05,1e-05,0.0,0.37117738,299.27515
0.00055,1.73e-05,1e-05,0.1,0.5937677,424.12076
0.00055,1.73e-05,1e-05,0.2,0.73725986,462.65933
0.00055,1.73e-05,1e-05,0.3,0.3473497,474.7359
0.00055,1.73e-05,1e-05,0.4,0.54510456,480.35544
0.00055,1.73e-05,1e-05,0.5,0.51409954,482.1789
0.00055,1.73e-05,1e-05,0.6,0.49912983,481.92917
0.00055,1.73e-05,1e-05,0.7,0.5404037,489.31924
0.00055,1.73e-05,1e-05,0.8,0.40409806,489.22824
0.00055,1.73e-05,1e-05,0.9,0.44971353,481.98813
0.00055,1.73e-05,1e-05,1.0,0.41695535,480.7238
0.00056,0.0,1e-05,0.0,0.37145254,299.21524
0.00056,0.0,1e-05,0.1,0.59386235,424.13632
0.00056,0.0,1e-05,0.2,0.7372746,462.66235
0.00056,0.0,1e-05,0.3,0.34737623,474.7381
0.00056,0.0,1e-05,0.4,0.5450939,480.3513
0.00056,0.0,1e-05,0.5,0.51409715,482.1767
0.00056,0.0,1e-05,0.6,0.49921727,481.9221
0.00056,0.0,1e-05,0.7,0.5404121,489.3185
0.00056,0.0,1e-05,0.8,0.40409464,489.22876
0.00056,0.0,1e-05,0.9,0.44967785,481.98508
0.00056,0.0,1e-05,1.0,0.41701686,480.75473
0.00056,0.0,0.0,0.0,0.37080714,299.3571
0.00056,0.0,0.0,0.1,0.59345806,424.06982
0.00056,0.0,0.0,0.2,0.73686427,462.5582
0.00056,0.0,0.0,0.3,0.3475401,474.7517
0.00056,0.0,0.0,0.4,0.5450729,480.3421
0.00056,0.0,0.0,0.5,0.5140922,482.17224
0.00056,0.0,0.0,0.6,0.49939048,481.90952
0.00056,0.0,0.0,0.7,0.5404258,489.3175
0.00056,0.0,0.0,0.8,0.4040901,489.22943
0.00056,0.0,0.0,0.9,0.449633,481.98148
0.00056,0.0,0.0,1.0,0.41709334,480.79285
0.00052,1e-04,1e-05,0.0,0.36992192,299.55597
0.00052,1e-04,1e-05,0.1,0.593289,424.0428
0.00052,1e-04,1e-05,0.2,0.7371534,462.63614
0.00052,1e-04,1e-05,0.3,0.34723878,474.72668
0.00052,1e-04,1e-05,0.4,0.5451593,480.37616
0.00052,1e-04,1e-05,0.5,0.5141117,482.19034
0.00052,1e-04,1e-05,0.6,0.49872395,481.9653
0.00052,1e-04,1e-05,0.7,0.54036325,489.32285
0.00052,1e-04,1e-05,0.8,0.4041143,489.2259
0.00052,1e-04,1e-05,0.9,0.44988248,482.00537
0.00052,1e-04,1e-05,1.0,0.41666138,480.5769
0.00053,8.27e-05,0.0,0.0,0.3695953,299.63147
0.00053,8.27e-05,0.0,0.1,0.5929858,423.99384
0.00053,8.27e-05,0.0,0.2,0.736756,462.53662
0.00053,8.27e-05,0.0,0.3,0.34742162,474.74155
0.00053,8.27e-05,0.0,0.4,0.5451212,480.36078
0.00053,8.27e-05,0.0,0.5,0.51410294,482.18228
0.00053,8.27e-05,0.0,0.6,0.49898124,481.94263
0.00053,8.27e-05,0.0,0.7,0.5403855,489.3209
0.00053,8.27e-05,0.0,0.8,0.4041065,489.22696
0.00053,8.27e-05,0.0,0.9,0.44980285,481.9964
0.00053,8.27e-05,0.0,1.0,0.416799,480.64557
0.00053,8.27e-05,1e-05,0.0,0.37016413,299.50076
0.00053,8.27e-05,1e-05,0.1,0.59338176,424.0578
0.00053,8.27e-05,1e-05,0.2,0.7371682,462.63904
0.00053,8.27e-05,1e-05,0.3,0.34726444,474.7288
0.00053,8.27e-05,1e-05,0.4,0.54514724,480.37155
0.00053,8.27e-05,1e-05,0.5,0.5141088,482.1877
0.00053,8.27e-05,1e-05,0.6,0.49880996,481.9572
0.00053,8.27e-05,1e-05,0.7,0.5403718,489.32205
0.00053,8.27e-05,1e-05,0.8,0.40411094,489.2264
0.00053,8.27e-05,1e-05,0.9,0.4498472,482.00134
0.00053,8.27e-05,1e-05,1.0,0.4167229,480.60754
0.00054,1e-04,0.0,0.0,0.3693291,299.6933
0.00054,1e-04,0.0,0.1,0.5928602,423.97372
0.00054,1e-04,0.0,0.2,0.7367001,462.52432
0.00054,1e-04,0.0,0.3,0.34741005,474.74048
0.00054,1e-04,0.0,0.4,0.54513144,480.3646
0.00054,1e-04,0.0,0.5,0.51410514,482.18433
0.00054,1e-04,0.0,0.6,0.4989035,481.94962
0.00054,1e-04,0.0,0.7,0.54037744,489.32166
0.00054,1e-04,0.0,0.8,0.40410987,489.22653
0.00054,1e-04,0.0,0.9,0.4498376,482.00006
0.00054,1e-04,0.0,1.0,0.41673788,480.61517
0.00054,6.69e-05,0.0,0.0,0.36980706,299.58264
0.00054,6.69e-05,0.0,0.1,0.59306777,424.0069
0.00054,6.69e-05,0.0,0.2,0.736768,462.53867
0.00054,6.69e-05,0.0,0.3,0.3474472,474.7437
0.00054,6.69e-05,0.0,0.4,0.5451114,480.357
0.00054,6.69e-05,0.0,0.5,0.51410073,482.18015
0.00054,6.69e-05,0.0,0.6,0.49906084,481.93582
0.00054,6.69e-05,0.0,0.7,0.54039335,489.3202
0.00054,6.69e-05,0.0,0.8,0.40410337,489.22742
0.00054,6.69e-05,0.0,0.9,0.44977033,481.99316
0.00054,6.69e-05,0.0,1.0,0.41685542,480.6739
0.00054,6.69e-05,1e-05,0.0,0.37038913,299.44998
0.00054,6.69e-05,1e-05,0.1,0.5934653,424.07138
0.00054,6.69e-05,1e-05,0.2,0.73718005,462.64127
0.00054,6.69e-05,1e-05,0.3,0.34728867,474.7308
0.00054,6.69e-05,1e-05,0.4,0.5451363,480.36743
0.00054,6.69e-05,1e-05,0.5,0.5141064,482.18542
0.00054,6.69e-05,1e-05,0.6,0.49888933,481.95
0.00054,6.69e-05,1e-05,0.7,0.54037964,489.32132
0.00054,6.69e-05,1e-05,0.8,0.40410784,489.22684
0.00054,6.69e-05,1e-05,0.9,0.44981483,481.99783
0.00054,6.69e-05,1e-05,1.0,0.416779,480.6358
0.00055,5.1e-05,0.0,0.0,0.3700247,299.53287
0.00055,5.1e-05,0.0,0.1,0.59315073,424.02023
0.00055,5.1e-05,0.0,0.2,0.7367802,462.54068
0.00055,5.1e-05,0.0,0.3,0.34747332,474.74594
0.00055,5.1e-05,0.0,0.4,0.5451017,480.3532
0.00055,5.1e-05,0.0,0.5,0.5140984,482.17813
0.00055,5.1e-05,0.0,0.6,0.4991414,481.9291
0.00055,5.1e-05,0.0,0.7,0.5404012,489.31952
0.00055,5.1e-05,0.0,0.8,0.40410018,489.2279
0.00055,5.1e-05,0.0,0.9,0.44973767,481.99005
0.00055,5.1e-05,0.0,1.0,0.41691214,480.7022
0.00055,5.1e-05,1e-05,0.0,0.37062037,299.3982
0.00055,5.1e-05,1e-05,0.1,0.59354985,424.0851
0.00055,5.1e-05,1e-05,0.2,0.737192,462.6435
0.00055,5.1e-05,1e-05,0.3,0.34731317,474.7328
0.00055,5.1e-05,1e-05,0.4,0.5451256,480.3633
0.00055,5.1e-05,1e-05,0.5,0.514104,482.1831
0.00055,5.1e-05,1e-05,0.6,0.49896932,481.9429
0.00055,5.1e-05,1e-05,0.7,0.5403875,489.32062
0.00055,5.1e-05,1e-05,0.8,0.4041047,489.22726
0.00055,5.1e-05,1e-05,0.9,0.44978222,481.99445
0.00055,5.1e-05,1e-05,1.0,0.41683567,480.664
0.00056,5.1e-05,5e-06,0.0,0.3702975,299.47083
0.00056,5.1e-05,5e-06,0.1,0.5933318,424.0496
0.00056,5.1e-05,5e-06,0.2,0.73696697,462.58624
0.00056,5.1e-05,5e-06,0.3,0.3473999,474.7398
0.00056,5.1e-05,5e-06,0.4,0.54511285,480.3579
0.00056,5.1e-05,5e-06,0.5,0.514101,482.18036
0.00056,5.1e-05,5e-06,0.6,0.49905965,481.93558
0.00056,5.1e-05,5e-06,0.7,0.5403946,489.32007
0.00056,5.1e-05,5e-06,0.8,0.4041025,489.22757
0.00056,5.1e-05,5e-06,0.9,0.4497596,481.9922
0.00056,5.1e-05,5e-06,1.0,0.41687417,480.68323
0.00056,3.46e-05,0.0,0.0,0.37025565,299.4805
0.00056,3.46e-05,0.0,0.1,0.5932372,424.03415
0.00056,3.46e-05,0.0,0.2,0.73679364,462.54306
0.00056,3.46e-05,0.0,0.3,0.34750015,474.74826
0.00056,3.46e-05,0.0,0.4,0.54509205,480.3495
0.00056,3.46e-05,0.0,0.5,0.5140963,482.17606
0.00056,3.46e-05,0.0,0.6,0.49922425,481.92242
0.00056,3.46e-05,0.0,0.7,0.5404092,489.31885
0.00056,3.46e-05,0.0,0.8,0.40409693,489.22836
0.00056,3.46e-05,0.0,0.9,0.4497039,481.98712
0.00056,3.46e-05,0.0,1.0,0.41697037,480.7313
0.00056,3.46e-05,1e-05,0.0,0.37086582,299.34366
0.00056,3.46e-05,1e-05,0.1,0.59363776,424.0995
0.00056,3.46e-05,1e-05,0.2,0.73720515,462.64603
0.00056,3.46e-05,1e-05,0.3,0.34733847,474.73492
0.00056,3.46e-05,1e-05,0.4,0.54511493,480.35922
0.00056,3.46e-05,1e-05,0.5,0.51410156,482.18085
0.00056,3.46e-05,1e-05,0.6,0.4990518,481.9358
0.00056,3.46e-05,1e-05,0.7,0.5403956,489.31995
0.00056,3.46e-05,1e-05,0.8,0.40410143,489.2277
0.00056,3.46e-05,1e-05,0.9,0.4497486,481.99124
0.00056,3.46e-05,1e-05,1.0,0.4168942,480.6932
0.00057,1.73e-05,0.0,0.0,0.37050632,299.42407
0.00057,1.73e-05,0.0,0.1,0.59332985,424.04907
0.00057,1.73e-05,0.0,0.2,0.73680866,462.54575
0.00057,1.73e-05,0.0,0.3,0.34752828,474.7507
0.00057,1.73e-05,0.0,0.4,0.54508215,480.34555
0.00057,1.73e-05,0.0,0.5,0.5140941,482.174
0.00057,1.73e-05,0.0,0.6,0.49931175,481.91556
0.00057,1.73e-05,0.0,0.7,0.54041773,489.3181
0.00057,1.73e-05,0.0,0.8,0.40409347,489.2289
0.00057,1.73e-05,0.0,0.9,0.4496682,481.98416
0.00057,1.73e-05,0.0,1.0,0.41703227,480.76236
0.00057,1.73e-05,1e-05,0.0,0.3711321,299.28497
0.00057,1.73e-05,1e-05,0.1,0.593732,424.1149
0.00057,1.73e-05,1e-05,0.2,0.73722,462.64893
0.00057,1.73e-05,1e-05,0.3,0.34736493,474.73715
0.00057,1.73e-05,1e-05,0.4,0.5451039,480.35498
0.00057,1.73e-05,1e-05,0.5,0.5140992,482.17856
0.00057,1.73e-05,1e-05,0.6,0.49913898,481.9285
0.00057,1.73e-05,1e-05,0.7,0.5404041,489.31918
0.00057,1.73e-05,1e-05,0.8,0.40409806,489.22824
0.00057,1.73e-05,1e-05,0.9,0.449713,481.988
0.00057,1.73e-05,1e-05,1.0,0.41695595,480.7241
0.00058,0.0,1e-05,0.0,0.371406,299.2253
0.00058,0.0,1e-05,0.1,0.59382653,424.13037
0.00058,0.0,1e-05,0.2,0.7372348,462.65182
0.00058,0.0,1e-05,0.3,0.34739178,474.73935
0.00058,0.0,1e-05,0.4,0.5450932,480.35086
0.00058,0.0,1e-05,0.5,0.51409686,482.1764
0.00058,0.0,1e-05,0.6,0.4992262,481.92142
0.00058,0.0,1e-05,0.7,0.54041255,489.31845
0.00058,0.0,1e-05,0.8,0.40409455,489.2288
0.00058,0.0,1e-05,0.9,0.4496773,481.98502
0.00058,0.0,1e-05,1.0,0.4170174,480.75497
0.00058,0.0,0.0,0.0,0.37076345,299.3668
0.00058,0.0,0.0,0.1,0.5934228,424.0641
0.00058,0.0,0.0,0.2,0.73682374,462.54843
0.00058,0.0,0.0,0.3,0.34755665,474.7531
0.00058,0.0,0.0,0.4,0.54507256,480.34183
0.00058,0.0,0.0,0.5,0.51409197,482.17203
0.00058,0.0,0.0,0.6,0.4993996,481.9089
0.00058,0.0,0.0,0.7,0.5404262,489.31744
0.00058,0.0,0.0,0.8,0.40409002,489.22946
0.00058,0.0,0.0,0.9,0.4496325,481.98145
0.00058,0.0,0.0,1.0,0.41709393,480.79318
0.00054,1e-04,1e-05,0.0,0.36988217,299.565
0.00054,1e-04,1e-05,0.1,0.5932541,424.0371
0.00054,1e-04,1e-05,0.2,0.7371131,462.62582
0.00054,1e-04,1e-05,0.3,0.34725347,474.72784
0.00054,1e-04,1e-05,0.4,0.54515815,480.37558
0.00054,1e-04,1e-05,0.5,0.5141112,482.19
0.00054,1e-04,1e-05,0.6,0.49873284,481.9645
0.00054,1e-04,1e-05,0.7,0.5403637,489.3228
0.00054,1e-04,1e-05,0.8,0.40411422,489.2259
0.00054,1e-04,1e-05,0.9,0.4498819,482.00528
0.00054,1e-04,1e-05,1.0,0.4166618,480.57706
0.00055,8.31e-05,5e-06,0.0,0.3698298,299.57718
0.00055,8.31e-05,5e-06,0.1,0.59314543,424.01947
0.00055,8.31e-05,5e-06,0.2,0.7369218,462.5768
0.00055,8.31e-05,5e-06,0.3,0.34735665,474.73615
0.00055,8.31e-05,5e-06,0.4,0.5451331,480.36563
0.00055,8.31e-05,5e-06,0.5,0.5141055,482.18463
0.00055,8.31e-05,5e-06,0.6,0.49890256,481.94922
0.00055,8.31e-05,5e-06,0.7,0.5403789,489.32147
0.00055,8.31e-05,5e-06,0.8,0.40410867,489.22665
0.00055,8.31e-05,5e-06,0.9,0.44982526,481.99884
0.00055,8.31e-05,5e-06,1.0,0.41675997,480.62613
0.00055,8.27e-05,0.0,0.0,0.36955678,299.64038
0.00055,8.27e-05,0.0,0.1,0.59295124,423.9883
0.00055,8.27e-05,0.0,0.2,0.73671514,462.52692
0.00055,8.27e-05,0.0,0.3,0.3474374,474.74283
0.00055,8.27e-05,0.0,0.4,0.5451204,480.36035
0.00055,8.27e-05,0.0,0.5,0.5141026,482.18195
0.00055,8.27e-05,0.0,0.6,0.49899,481.94193
0.00055,8.27e-05,0.0,0.7,0.54038596,489.32086
0.00055,8.27e-05,0.0,0.8,0.4041064,489.227
0.00055,8.27e-05,0.0,0.9,0.4498024,481.99634
0.00055,8.27e-05,0.0,1.0,0.41679946,480.64594
0.00055,8.27e-05,1e-05,0.0,0.37012333,299.51
0.00055,8.27e-05,1e-05,0.1,0.5933466,424.05212
0.00055,8.27e-05,1e-05,0.2,0.73712814,462.6287
0.00055,8.27e-05,1e-05,0.3,0.34727928,474.72992
0.00055,8.27e-05,1e-05,0.4,0.54514605,480.37097
0.00055,8.27e-05,1e-05,0.5,0.51410854,482.18738
0.00055,8.27e-05,1e-05,0.6,0.498819,481.95645
0.00055,8.27e-05,1e-05,0.7,0.54037225,489.32202
0.00055,8.27e-05,1e-05,0.8,0.4041109,489.2264
0.00055,8.27e-05,1e-05,0.9,0.44984657,482.00122
0.00055,8.27e-05,1e-05,1.0,0.4167234,480.6078
0.00056,1e-04,0.0,0.0,0.3692917,299.70203
0.00056,1e-04,0.0,0.1,0.59282583,423.96823
0.00056,1e-04,0.0,0.2,0.736659,462.51477
0.00056,1e-04,0.0,0.3,0.3474259,474.7418
0.00056,1e-04,0.0,0.4,0.54513067,480.36414
0.00056,1e-04,0.0,0.5,0.5141047,482.18402
0.00056,1e-04,0.0,0.6,0.49891257,481.94888
0.00056,1e-04,0.0,0.7,0.5403779,489.32162
0.00056,1e-04,0.0,0.8,0.40410975,489.22647
0.00056,1e-04,0.0,0.9,0.44983706,481.99997
0.00056,1e-04,0.0,1.0,0.4167386,480.61545
0.00056,6.69e-05,0.0,0.0,0.36976752,299.59174
0.00056,6.69e-05,0.0,0.1,0.59303313,424.00134
0.00056,6.69e-05,0.0,0.2,0.73672724,462.529
0.00056,6.69e-05,0.0,0.3,0.34746334,474.74503
0.00056,6.69e-05,0.0,0.4,0.54511076,480.3566
0.00056,6.69e-05,0.0,0.5,0.5141003,482.17984
0.00056,6.69e-05,0.0,0.6,0.49907,481.93518
0.00056,6.69e-05,0.0,0.7,0.54039377,489.3202
0.00056,6.69e-05,0.0,0.8,0.40410334,489.22742
0.00056,6.69e-05,0.0,0.9,0.4497698,481.99304
0.00056,6.69e-05,0.0,1.0,0.41685596,480.67416
0.00056,6.69e-05,1e-05,0.0,0.37034717,299.45947
0.00056,6.69e-05,1e-05,0.1,0.59343004,424.06558
0.00056,6.69e-05,1e-05,0.2,0.73714,462.63095
0.00056,6.69e-05,1e-05,0.3,0.34730366,474.73193
0.00056,6.69e-05,1e-05,0.4,0.5451353,480.3669
0.00056,6.69e-05,1e-05,0.5,0.51410604,482.18503
0.00056,6.69e-05,1e-05,0.6,0.49889836,481.94922
0.00056,6.69e-05,1e-05,0.7,0.5403801,489.3213
0.00056,6.69e-05,1e-05,0.8,0.4041078,489.22684
0.00056,6.69e-05,1e-05,0.9,0.44981423,481.9977
0.00056,6.69e-05,1e-05,1.0,0.41677958,480.63602
0.00057,5.1e-05,1e-05,0.0,0.3705778,299.40775
0.00057,5.1e-05,1e-05,0.1,0.59351444,424.0793
0.00057,5.1e-05,1e-05,0.2,0.73715204,462.63318
0.00057,5.1e-05,1e-05,0.3,0.34732836,474.73398
0.00057,5.1e-05,1e-05,0.4,0.5451248,480.36282
0.00057,5.1e-05,1e-05,0.5,0.51410365,482.18277
0.00057,5.1e-05,1e-05,0.6,0.49897832,481.94217
0.00057,5.1e-05,1e-05,0.7,0.540388,489.32065
0.00057,5.1e-05,1e-05,0.8,0.40410465,489.22726
0.00057,5.1e-05,1e-05,0.9,0.44978163,481.99435
0.00057,5.1e-05,1e-05,1.0,0.41683626,480.66428
0.00057,5.1e-05,0.0,0.0,0.36998457,299.542
0.00057,5.1e-05,0.0,0.1,0.59311604,424.01462
0.00057,5.1e-05,0.0,0.2,0.7367395,462.53107
0.00057,5.1e-05,0.0,0.3,0.34748948,474.74722
0.00057,5.1e-05,0.0,0.4,0.54510117,480.35278
0.00057,5.1e-05,0.0,0.5,0.5140981,482.17783
0.00057,5.1e-05,0.0,0.6,0.49915037,481.9284
0.00057,5.1e-05,0.0,0.7,0.54040164,489.3195
0.00057,5.1e-05,0.0,0.8,0.40410015,489.2279
0.00057,5.1e-05,0.0,0.9,0.4497372,481.98993
0.00057,5.1e-05,0.0,1.0,0.41691247,480.70233
0.00058,3.46e-05,1e-05,0.0,0.37082183,299.35336
0.00058,3.46e-05,1e-05,0.1,0.5936023,424.09363
0.00058,3.46e-05,1e-05,0.2,0.73716503,462.63565
0.00058,3.46e-05,1e-05,0.3,0.34735382,474.7361
0.00058,3.46e-05,1e-05,0.4,0.54511404,480.3587
0.00058,3.46e-05,1e-05,0.5,0.51410127,482.18054
0.00058,3.46e-05,1e-05,0.6,0.49906087,481.93512
0.00058,3.46e-05,1e-05,0.7,0.54039603,489.3199
0.00058,3.46e-05,1e-05,0.8,0.40410137,489.2277
0.00058,3.46e-05,1e-05,0.9,0.44974798,481.99115
0.00058,3.46e-05,1e-05,1.0,0.41689464,480.6935
0.00058,3.46e-05,0.0,0.0,0.37021443,299.48975
0.00058,3.46e-05,0.0,0.1,0.59320235,424.0285
0.00058,3.46e-05,0.0,0.2,0.73675275,462.53333
0.00058,3.46e-05,0.0,0.3,0.3475165,474.7496
0.00058,3.46e-05,0.0,0.4,0.5450915,480.34906
0.00058,3.46e-05,0.0,0.5,0.51409596,482.17575
0.00058,3.46e-05,0.0,0.6,0.4992333,481.9217
0.00058,3.46e-05,0.0,0.7,0.5404097,489.31882
0.00058,3.46e-05,0.0,0.8,0.40409687,489.22836
0.00058,3.46e-05,0.0,0.9,0.44970334,481.987
0.00058,3.46e-05,0.0,1.0,0.41697097,480.73163
0.00059,1.73e-05,0.0,0.0,0.37046406,299.43356
0.00059,1.73e-05,0.0,0.1,0.5932948,424.04343
0.00059,1.73e-05,0.0,0.2,0.7367679,462.536
0.00059,1.73e-05,0.0,0.3,0.3475448,474.75204
0.00059,1.73e-05,0.0,0.4,0.54508185,480.34528
0.00059,1.73e-05,0.0,0.5,0.51409376,482.17374
0.00059,1.73e-05,0.0,0.6,0.49932083,481.9149
0.00059,1.73e-05,0.0,0.7,0.54041815,489.31815
0.00059,1.73e-05,0.0,0.8,0.4040934,489.2289
0.00059,1.73e-05,0.0,0.9,0.4496677,481.98407
0.00059,1.73e-05,0.0,1.0,0.41703266,480.76257
0.00059,1.73e-05,1e-05,0.0,0.3710871,299.29486
0.00059,1.73e-05,1e-05,0.1,0.59369624,424.109
0.00059,1.73e-05,1e-05,0.2,0.73717993,462.63855
0.00059,1.73e-05,1e-05,0.3,0.3473805,474.73834
0.00059,1.73e-05,1e-05,0.4,0.54510325,480.35455
0.00059,1.73e-05,1e-05,0.5,0.5140989,482.17825
0.00059,1.73e-05,1e-05,0.6,0.49914792,481.9278
0.00059,1.73e-05,1e-05,0.7,0.5404047,489.31915
0.00059,1.73e-05,1e-05,0.8,0.404098,489.22824
0.00059,1.73e-05,1e-05,0.9,0.44971237,481.9879
0.00059,1.73e-05,1e-05,1.0,0.41695654,480.72437
0.0006,0.0,1e-05,0.0,0.37135974,299.23538
0.0006,0.0,1e-05,0.1,0.59379077,424.12454
0.0006,0.0,1e-05,0.2,0.7371947,462.64142
0.0006,0.0,1e-05,0.3,0.3474075,474.74063
0.0006,0.0,1e-05,0.4,0.5450927,480.3505
0.0006,0.0,1e-05,0.5,0.5140965,482.1761
0.0006,0.0,1e-05,0.6,0.49923533,481.92078
0.0006,0.0,1e-05,0.7,0.540413,489.31842
0.0006,0.0,1e-05,0.8,0.40409452,489.2288
0.0006,0.0,1e-05,0.9,0.44967675,481.98492
0.0006,0.0,1e-05,1.0,0.41701803,480.75528
0.0006,0.0,0.0,0.0,0.3707202,299.37637
0.0006,0.0,0.0,0.1,0.59338754,424.0584
0.0006,0.0,0.0,0.2,0.73678297,462.53864
0.0006,0.0,0.0,0.3,0.34757334,474.75455
0.0006,0.0,0.0,0.4,0.5450723,480.3415
0.0006,0.0,0.0,0.5,0.51409173,482.17172
0.0006,0.0,0.0,0.6,0.49940866,481.90833
0.0006,0.0,0.0,0.7,0.5404267,489.3174
0.0006,0.0,0.0,0.8,0.40408993,489.22946
0.0006,0.0,0.0,0.9,0.44963193,481.98135
0.0006,0.0,0.0,1.0,0.41709453,480.79352
0.00056,1e-04,1e-05,0.0,0.3698423,299.57416
0.00056,1e-04,1e-05,0.1,0.59321916,424.0315
0.00056,1e-04,1e-05,0.2,0.7370729,462.61554
0.00056,1e-04,1e-05,0.3,0.34726822,474.729
0.00056,1e-04,1e-05,0.4,0.5451571,480.375
0.00056,1e-04,1e-05,0.5,0.5141108,482.18958
0.00056,1e-04,1e-05,0.6,0.4987417,481.9637
0.00056,1e-04,1e-05,0.7,0.54036415,489.32275
0.00056,1e-04,1e-05,0.8,0.40411422,489.22595
0.00056,1e-04,1e-05,0.9,0.4498813,482.00516
0.00056,1e-04,1e-05,1.0,0.41666248,480.5774
0.00057,8.27e-05,0.0,0.0,0.36951828,299.64926
0.00057,8.27e-05,0.0,0.1,0.59291667,423.9827
0.00057,8.27e-05,0.0,0.2,0.7366742,462.51736
0.00057,8.27e-05,0.0,0.3,0.3474535,474.74414
0.00057,8.27e-05,0.0,0.4,0.5451198,480.35992
0.00057,8.27e-05,0.0,0.5,0.5141022,482.1816
0.00057,8.27e-05,0.0,0.6,0.49899912,481.94125
0.00057,8.27e-05,0.0,0.7,0.54038644,489.32083
0.00057,8.27e-05,0.0,0.8,0.40410632,489.227
0.00057,8.27e-05,0.0,0.9,0.44980168,481.99625
0.00057,8.27e-05,0.0,1.0,0.4168002,480.6463
0.00057,8.27e-05,1e-05,0.0,0.37008262,299.5193
0.00057,8.27e-05,1e-05,0.1,0.59331155,424.04636
0.00057,8.27e-05,1e-05,0.2,0.7370881,462.6185
0.00057,8.27e-05,1e-05,0.3,0.3472942,474.7311
0.00057,8.27e-05,1e-05,0.4,0.54514503,480.37045
0.00057,8.27e-05,1e-05,0.5,0.5141082,482.187
0.00057,8.27e-05,1e-05,0.6,0.49882796,481.95572
0.00057,8.27e-05,1e-05,0.7,0.5403727,489.32196
0.00057,8.27e-05,1e-05,0.8,0.4041108,489.22635
0.00057,8.27e-05,1e-05,0.9,0.44984606,482.0011
0.00057,8.27e-05,1e-05,1.0,0.4167239,480.608
0.00058,1e-04,0.0,0.0,0.36925423,299.71082
0.00058,1e-04,0.0,0.1,0.5927915,423.9628
0.00058,1e-04,0.0,0.2,0.736618,462.50522
0.00058,1e-04,0.0,0.3,0.34744182,474.7431
0.00058,1e-04,0.0,0.4,0.5451299,480.36368
0.00058,1e-04,0.0,0.5,0.5141043,482.18365
0.00058,1e-04,0.0,0.6,0.49892157,481.94815
0.00058,1e-04,0.0,0.7,0.5403784,489.3216
0.00058,1e-04,0.0,0.8,0.40410963,489.22647
0.00058,1e-04,0.0,0.9,0.4498365,481.99985
0.00058,1e-04,0.0,1.0,0.41673905,480.61566
0.00058,6.69e-05,0.0,0.0,0.36972836,299.6007
0.00058,6.69e-05,0.0,0.1,0.5929985,423.99582
0.00058,6.69e-05,0.0,0.2,0.73668635,462.51938
0.00058,6.69e-05,0.0,0.3,0.34747937,474.74634
0.00058,6.69e-05,0.0,0.4,0.54511005,480.35614
0.00058,6.69e-05,0.0,0.5,0.51409996,482.1796
0.00058,6.69e-05,0.0,0.6,0.4990789,481.93448
0.00058,6.69e-05,0.0,0.7,0.5403943,489.32016
0.00058,6.69e-05,0.0,0.8,0.40410322,489.22742
0.00058,6.69e-05,0.0,0.9,0.44976923,481.99295
0.00058,6.69e-05,0.0,1.0,0.4168564,480.6744
0.00058,6.69e-05,1e-05,0.0,0.37030545,299.46884
0.00058,6.69e-05,1e-05,0.1,0.59339476,424.05994
0.00058,6.69e-05,1e-05,0.2,0.7370999,462.62064
0.00058,6.69e-05,1e-05,0.3,0.34731874,474.73315
0.00058,6.69e-05,1e-05,0.4,0.5451344,480.3664
0.00058,6.69e-05,1e-05,0.5,0.5141057,482.1847
0.00058,6.69e-05,1e-05,0.6,0.49890724,481.9485
0.00058,6.69e-05,1e-05,0.7,0.5403806,489.32126
0.00058,6.69e-05,1e-05,0.8,0.40410775,489.22684
0.00058,6.69e-05,1e-05,0.9,0.44981363,481.99762
0.00058,6.69e-05,1e-05,1.0,0.41678005,480.63623
0.00059,5.1e-05,1e-05,0.0,0.37053505,299.41724
0.00059,5.1e-05,1e-05,0.1,0.593479,424.07358
0.00059,5.1e-05,1e-05,0.2,0.7371119,462.62286
0.00059,5.1e-05,1e-05,0.3,0.34734362,474.73523
0.00059,5.1e-05,1e-05,0.4,0.54512393,480.3623
0.00059,5.1e-05,1e-05,0.5,0.51410323,482.18246
0.00059,5.1e-05,1e-05,0.6,0.49898732,481.94144
0.00059,5.1e-05,1e-05,0.7,0.54038846,489.3206
0.00059,5.1e-05,1e-05,0.8,0.40410456,489.22726
0.00059,5.1e-05,1e-05,0.9,0.44978106,481.9943
0.00059,5.1e-05,1e-05,1.0,0.41683677,480.66458
0.00059,5.1e-05,0.0,0.0,0.3699447,299.5511
0.00059,5.1e-05,0.0,0.1,0.59308124,424.00903
0.00059,5.1e-05,0.0,0.2,0.7366986,462.5214
0.00059,5.1e-05,0.0,0.3,0.3475058,474.74866
0.00059,5.1e-05,0.0,0.4,0.5451007,480.35248
0.00059,5.1e-05,0.0,0.5,0.5140978,482.17752
0.00059,5.1e-05,0.0,0.6,0.49915934,481.9278
0.00059,5.1e-05,0.0,0.7,0.54040205,489.3195
0.00059,5.1e-05,0.0,0.8,0.40410012,489.22784
0.00059,5.1e-05,0.0,0.9,0.4497365,481.9899
0.00059,5.1e-05,0.0,1.0,0.41691315,480.7027
0.0006,3.46e-05,0.0,0.0,0.37017334,299.49905
0.0006,3.46e-05,0.0,0.1,0.5931674,424.0229
0.0006,3.46e-05,0.0,0.2,0.736712,462.52368
0.0006,3.46e-05,0.0,0.3,0.34753296,474.75095
0.0006,3.46e-05,0.0,0.4,0.54509115,480.34875
0.0006,3.46e-05,0.0,0.5,0.51409566,482.1755
0.0006,3.46e-05,0.0,0.6,0.49924237,481.92114
0.0006,3.46e-05,0.0,0.7,0.54041016,489.3188
0.0006,3.46e-05,0.0,0.8,0.40409687,489.22836
0.0006,3.46e-05,0.0,0.9,0.44970277,481.9869
0.0006,3.46e-05,0.0,1.0,0.41697145,480.7319
0.0006,3.46e-05,1e-05,0.0,0.37077808,299.36307
0.0006,3.46e-05,1e-05,0.1,0.59356666,424.08783
0.0006,3.46e-05,1e-05,0.2,0.73712504,462.62537
0.0006,3.46e-05,1e-05,0.3,0.34736922,474.73737
0.0006,3.46e-05,1e-05,0.4,0.54511327,480.35828
0.0006,3.46e-05,1e-05,0.5,0.5141009,482.18027
0.0006,3.46e-05,1e-05,0.6,0.4990698,481.9344
0.0006,3.46e-05,1e-05,0.7,0.5403966,489.31985
0.0006,3.46e-05,1e-05,0.8,0.4041013,489.22772
0.0006,3.46e-05,1e-05,0.9,0.44974747,481.99103
0.0006,3.46e-05,1e-05,1.0,0.41689533,480.69385
0.00061,1.73e-05,0.0,0.0,0.370422,299.44293
0.00061,1.73e-05,0.0,0.1,0.5932597,424.03772
0.00061,1.73e-05,0.0,0.2,0.73672706,462.52634
0.00061,1.73e-05,0.0,0.3,0.34756148,474.75345
0.00061,1.73e-05,0.0,0.4,0.5450815,480.3449
0.00061,1.73e-05,0.0,0.5,0.5140935,482.17343
0.00061,1.73e-05,0.0,0.6,0.49932998,481.9143
0.00061,1.73e-05,0.0,0.7,0.5404187,489.3181
0.00061,1.73e-05,0.0,0.8,0.40409333,489.2289
0.00061,1.73e-05,0.0,0.9,0.44966698,481.98395
0.00061,1.73e-05,0.0,1.0,0.4170333,480.76288
0.00061,1.73e-05,1e-05,0.0,0.37104225,299.3047
0.00061,1.73e-05,1e-05,0.1,0.5936606,424.10315
0.00061,1.73e-05,1e-05,0.2,0.7371398,462.6282
0.00061,1.73e-05,1e-05,0.3,0.3473961,474.73962
0.00061,1.73e-05,1e-05,0.4,0.5451026,480.35413
0.00061,1.73e-05,1e-05,0.5,0.51409847,482.178
0.00061,1.73e-05,1e-05,0.6,0.49915704,481.92712
0.00061,1.73e-05,1e-05,0.7,0.54040504,489.31912
0.00061,1.73e-05,1e-05,0.8,0.40409788,489.22824
0.00061,1.73e-05,1e-05,0.9,0.4497118,481.9878
0.00061,1.73e-05,1e-05,1.0,0.41695702,480.7246
0.00062,0.0,1e-05,0.0,0.3713137,299.24533
0.00062,0.0,1e-05,0.1,0.5937548,424.11853
0.00062,0.0,1e-05,0.2,0.7371546,462.6311
0.00062,0.0,1e-05,0.3,0.3474232,474.7419
0.00062,0.0,1e-05,0.4,0.54509205,480.35007
0.00062,0.0,1e-05,0.5,0.5140962,482.17578
0.00062,0.0,1e-05,0.6,0.4992444,481.92014
0.00062,0.0,1e-05,0.7,0.5404135,489.31845
0.00062,0.0,1e-05,0.8,0.4040944,489.22873
0.00062,0.0,1e-05,0.9,0.44967616,481.98486
0.00062,0.0,1e-05,1.0,0.41701853,480.7555
0.00062,0.0,0.0,0.0,0.37067702,299.38593
0.00062,0.0,0.0,0.1,0.5933524,424.05267
0.00062,0.0,0.0,0.2,0.73674226,462.52902
0.00062,0.0,0.0,0.3,0.34759015,474.75598
0.00062,0.0,0.0,0.4,0.54507214,480.34122
0.00062,0.0,0.0,0.5,0.51409143,482.1715
0.00062,0.0,0.0,0.6,0.4994179,481.90765
0.00062,0.0,0.0,0.7,0.54042715,489.31738
0.00062,0.0,0.0,0.8,0.4040898,489.22946
0.00062,0.0,0.0,0.9,0.4496313,481.9813
0.00062,0.0,0.0,1.0,0.417095,480.79385
0.00058,1e-04,1e-05,0.0,0.36980283,299.58325
0.00058,1e-04,1e-05,0.1,0.5931841,424.0258
0.00058,1e-04,1e-05,0.2,0.73703283,462.60544
0.00058,1e-04,1e-05,0.3,0.34728327,474.73013
0.00058,1e-04,1e-05,0.4,0.545156,480.37445
0.00058,1e-04,1e-05,0.5,0.5141104,482.1892
0.00058,1e-04,1e-05,0.6,0.4987507,481.96298
0.00058,1e-04,1e-05,0.7,0.5403646,489.32272
0.00058,1e-04,1e-05,0.8,0.40411413,489.2259
0.00058,1e-04,1e-05,0.9,0.44988072,482.00504
0.00058,1e-04,1e-05,1.0,0.41666302,480.57764
0.00059,8.27e-05,0.0,0.0,0.36948016,299.65814
0.00059,8.27e-05,0.0,0.1,0.5928822,423.9772
0.00059,8.27e-05,0.0,0.2,0.7366333,462.5079
0.00059,8.27e-05,0.0,0.3,0.3474696,474.74548
0.00059,8.27e-05,0.0,0.4,0.5451191,480.35953
0.00059,8.27e-05,0.0,0.5,0.51410174,482.1813
0.00059,8.27e-05,0.0,0.6,0.4990081,481.94055
0.00059,8.27e-05,0.0,0.7,0.5403869,489.32077
0.00059,8.27e-05,0.0,0.8,0.40410626,489.227
0.00059,8.27e-05,0.0,0.9,0.44980112,481.99612
0.00059,8.27e-05,0.0,1.0,0.4168006,480.64642
0.00059,8.27e-05,1e-05,0.0,0.3700422,299.52844
0.00059,8.27e-05,1e-05,0.1,0.59327656,424.04074
0.00059,8.27e-05,1e-05,0.2,0.7370478,462.60825
0.00059,8.27e-05,1e-05,0.3,0.34730935,474.7323
0.00059,8.27e-05,1e-05,0.4,0.5451441,480.36996
0.00059,8.27e-05,1e-05,0.5,0.51410764,482.18658
0.00059,8.27e-05,1e-05,0.6,0.49883682,481.95496
0.00059,8.27e-05,1e-05,0.7,0.5403732,489.32193
0.00059,8.27e-05,1e-05,0.8,0.40411064,489.22635
0.00059,8.27e-05,1e-05,0.9,0.44984555,482.001
0.00059,8.27e-05,1e-05,1.0,0.41672465,480.60843
0.0006,1e-04,0.0,0.0,0.3692171,299.71945
0.0006,1e-04,0.0,0.1,0.59275717,423.9573
0.0006,1e-04,0.0,0.2,0.7365769,462.49585
0.0006,1e-04,0.0,0.3,0.34745792,474.7444
0.0006,1e-04,0.0,0.4,0.5451292,480.36316
0.0006,1e-04,0.0,0.5,0.5141039,482.18335
0.0006,1e-04,0.0,0.6,0.49893045,481.94742
0.0006,1e-04,0.0,0.7,0.54037887,489.32156
0.0006,1e-04,0.0,0.8,0.4041096,489.22647
0.0006,1e-04,0.0,0.9,0.44983596,481.99973
0.0006,1e-04,0.0,1.0,0.4167395,480.61597
0.0006,6.69e-05,0.0,0.0,0.3696892,299.60974
0.0006,6.69e-05,0.0,0.1,0.592964,423.99026
0.0006,6.69e-05,0.0,0.2,0.73664534,462.50983
0.0006,6.69e-05,0.0,0.3,0.34749573,474.7477
0.0006,6.69e-05,0.0,0.4,0.5451095,480.35574
0.0006,6.69e-05,0.0,0.5,0.5140996,482.17926
0.0006,6.69e-05,0.0,0.6,0.49908793,481.93375
0.0006,6.69e-05,0.0,0.7,0.5403947,489.32013
0.0006,6.69e-05,0.0,0.8,0.40410322,489.22742
0.0006,6.69e-05,0.0,0.9,0.44976866,481.99283
0.0006,6.69e-05,0.0,1.0,0.41685686,480.67462
0.0006,6.69e-05,1e-05,0.0,0.37026402,299.47812
0.0006,6.69e-05,1e-05,0.1,0.5933596,424.05417
0.0006,6.69e-05,1e-05,0.2,0.73705983,462.61044
0.0006,6.69e-05,1e-05,0.3,0.34733394,474.73438
0.0006,6.69e-05,1e-05,0.4,0.54513335,480.36584
0.0006,6.69e-05,1e-05,0.5,0.5141053,482.18433
0.0006,6.69e-05,1e-05,0.6,0.49891633,481.94775
0.0006,6.69e-05,1e-05,0.7,0.5403811,489.32123
0.0006,6.69e-05,1e-05,0.8,0.4041077,489.22684
0.0006,6.69e-05,1e-05,0.9,0.4498131,481.9975
0.0006,6.69e-05,1e-05,1.0,0.41678068,480.63657
0.00061,5.1e-05,1e-05,0.0,0.37049246,299.42673
0.00061,5.1e-05,1e-05,0.1,0.59344375,424.0678
0.00061,5.1e-05,1e-05,0.2,0.7370719,462.6127
0.00061,5.1e-05,1e-05,0.3,0.34735888,474.73642
0.00061,5.1e-05,1e-05,0.4,0.54512304,480.36188
0.00061,5.1e-05,1e-05,0.5,0.51410294,482.1821
0.00061,5.1e-05,1e-05,0.6,0.4989962,481.9408
0.00061,5.1e-05,1e-05,0.7,0.540389,489.32056
0.00061,5.1e-05,1e-05,0.8,0.40410444,489.22726
0.00061,5.1e-05,1e-05,0.9,0.44978052,481.9942
0.00061,5.1e-05,1e-05,1.0,0.41683745,480.6649
0.00061,5.1e-05,0.0,0.0,0.3699044,299.5602
0.00061,5.1e-05,0.0,0.1,0.5930466,424.00345
0.00061,5.1e-05,0.0,0.2,0.7366578,462.5119
0.00061,5.1e-05,0.0,0.3,0.34752217,474.75
0.00061,5.1e-05,0.0,0.4,0.5451001,480.35205
0.00061,5.1e-05,0.0,0.5,0.5140975,482.1772
0.00061,5.1e-05,0.0,0.6,0.49916834,481.92712
0.00061,5.1e-05,0.0,0.7,0.5404026,489.31943
0.00061,5.1e-05,0.0,0.8,0.40410003,489.22787
0.00061,5.1e-05,0.0,0.9,0.449736,481.98978
0.00061,5.1e-05,0.0,1.0,0.41691372,480.703
0.00062,3.46e-05,0.0,0.0,0.37013245,299.5083
0.00062,3.46e-05,0.0,0.1,0.59313256,424.0172
0.00062,3.46e-05,0.0,0.2,0.7366711,462.51413
0.00062,3.46e-05,0.0,0.3,0.34754965,474.75238
0.00062,3.46e-05,0.0,0.4,0.54509073,480.3484
0.00062,3.46e-05,0.0,0.5,0.5140953,482.17523
0.00062,3.46e-05,0.0,0.6,0.49925154,481.92044
0.00062,3.46e-05,0.0,0.7,0.54041064,489.31876
0.00062,3.46e-05,0.0,0.8,0.40409675,489.2284
0.00062,3.46e-05,0.0,0.9,0.4497022,481.9868
0.00062,3.46e-05,0.0,1.0,0.41697213,480.73224
0.00062,3.46e-05,1e-05,0.0,0.37073466,299.37268
0.00062,3.46e-05,1e-05,0.1,0.5935313,424.0821
0.00062,3.46e-05,1e-05,0.2,0.7370848,462.61505
0.00062,3.46e-05,1e-05,0.3,0.3473847,474.73856
0.00062,3.46e-05,1e-05,0.4,0.5451126,480.35782
0.00062,3.46e-05,1e-05,0.5,0.51410055,482.1799
0.00062,3.46e-05,1e-05,0.6,0.49907887,481.9337
0.00062,3.46e-05,1e-05,0.7,0.540397,489.31982
0.00062,3.46e-05,1e-05,0.8,0.40410128,489.22772
0.00062,3.46e-05,1e-05,0.9,0.4497469,481.991
0.00062,3.46e-05,1e-05,1.0,0.41689575,480.69403
0.00063,1.73e-05,5e-06,0.0,0.37068424,299.3841
0.00063,1.73e-05,5e-06,0.1,0.593424,424.0644
0.00063,1.73e-05,5e-06,0.2,0.736894,462.56656
0.00063,1.73e-05,5e-06,0.3,0.34749365,474.74774
0.00063,1.73e-05,5e-06,0.4,0.54509115,480.34903
0.00063,1.73e-05,5e-06,0.5,0.5140956,482.17538
0.00063,1.73e-05,5e-06,0.6,0.49925244,481.92
0.00063,1.73e-05,5e-06,0.7,0.5404123,489.3186
0.00063,1.73e-05,5e-06,0.8,0.40409556,489.2286
0.00063,1.73e-05,5e-06,0.9,0.44968894,481.9858
0.00063,1.73e-05,5e-06,1.0,0.4169957,480.74405
0.00063,1.73e-05,0.0,0.0,0.37038016,299.45233
0.00063,1.73e-05,0.0,0.1,0.5932248,424.03214
0.00063,1.73e-05,0.0,0.2,0.73668635,462.51675
0.00063,1.73e-05,0.0,0.3,0.34757817,474.75485
0.00063,1.73e-05,0.0,0.4,0.5450812,480.34464
0.00063,1.73e-05,0.0,0.5,0.5140932,482.17322
0.00063,1.73e-05,0.0,0.6,0.4993391,481.9137
0.00063,1.73e-05,0.0,0.7,0.5404191,489.31808
0.00063,1.73e-05,0.0,0.8,0.4040932,489.2289
0.00063,1.73e-05,0.0,0.9,0.4496665,481.98392
0.00063,1.73e-05,0.0,1.0,0.41703382,480.7631
0.00063,1.73e-05,1e-05,0.0,0.3709978,299.31448
0.00063,1.73e-05,1e-05,0.1,0.593625,424.09732
0.00063,1.73e-05,1e-05,0.2,0.7370998,462.61792
0.00063,1.73e-05,1e-05,0.3,0.34741175,474.74088
0.00063,1.73e-05,1e-05,0.4,0.545102,480.3537
0.00063,1.73e-05,1e-05,0.5,0.51409817,482.17767
0.00063,1.73e-05,1e-05,0.6,0.49916595,481.9265
0.00063,1.73e-05,1e-05,0.7,0.5404055,489.3191
0.00063,1.73e-05,1e-05,0.8,0.40409777,489.22818
0.00063,1.73e-05,1e-05,0.9,0.44971126,481.98776
0.00063,1.73e-05,1e-05,1.0,0.41695753,480.7249
0.00064,0.0,1e-05,0.0,0.37126797,299.2553
0.00064,0.0,1e-05,0.1,0.5937191,424.11276
0.00064,0.0,1e-05,0.2,0.7371145,462.6208
0.00064,0.0,1e-05,0.3,0.34743902,474.7432
0.00064,0.0,1e-05,0.4,0.5450916,480.34973
0.00064,0.0,1e-05,0.5,0.5140959,482.1755
0.00064,0.0,1e-05,0.6,0.49925336,481.91953
0.00064,0.0,1e-05,0.7,0.540414,489.3184
0.00064,0.0,1e-05,0.8,0.4040944,489.2288
0.00064,0.0,1e-05,0.9,0.44967556,481.98477
0.00064,0.0,1e-05,1.0,0.41701907,480.7558
0.00064,0.0,0.0,0.0,0.3706338,299.39554
0.00064,0.0,0.0,0.1,0.5933172,424.04703
0.00064,0.0,0.0,0.2,0.7367015,462.5194
0.00064,0.0,0.0,0.3,0.34760696,474.75742
0.00064,0.0,0.0,0.4,0.54507196,480.34094
0.00064,0.0,0.0,0.5,0.51409125,482.17123
0.00064,0.0,0.0,0.6,0.49942684,481.90707
0.00064,0.0,0.0,0.7,0.54042757,489.31735
0.00064,0.0,0.0,0.8,0.40408978,489.2295
0.00064,0.0,0.0,0.9,0.4496307,481.9812
0.00064,0.0,0.0,1.0,0.41709536,480.794
0.0006,1e-04,1e-05,0.0,0.3697636,299.59222
0.0006,1e-04,1e-05,0.1,0.59314936,424.0202
0.0006,1e-04,1e-05,0.2,0.7369926,462.5954
0.0006,1e-04,1e-05,0.3,0.3472982,474.73132
0.0006,1e-04,1e-05,0.4,0.54515487,480.3739
0.0006,1e-04,1e-05,0.5,0.51410997,482.1888
0.0006,1e-04,1e-05,0.6,0.49875945,481.96225
0.0006,1e-04,1e-05,0.7,0.5403651,489.32272
0.0006,1e-04,1e-05,0.8,0.404114,489.2259
0.0006,1e-04,1e-05,0.9,0.4498802,482.00494
0.0006,1e-04,1e-05,1.0,0.4166634,480.57788
0.00061,8.27e-05,0.0,0.0,0.36944205,299.66696
0.00061,8.27e-05,0.0,0.1,0.5928479,423.9717
0.00061,8.27e-05,0.0,0.2,0.73659223,462.4984
0.00061,8.27e-05,0.0,0.3,0.34748578,474.7468
0.00061,8.27e-05,0.0,0.4,0.54511845,480.35907
0.00061,8.27e-05,0.0,0.5,0.5141015,482.18103
0.00061,8.27e-05,0.0,0.6,0.49901724,481.93982
0.00061,8.27e-05,0.0,0.7,0.5403874,489.32074
0.00061,8.27e-05,0.0,0.8,0.4041062,489.227
0.00061,8.27e-05,0.0,0.9,0.4498005,481.99603
0.00061,8.27e-05,0.0,1.0,0.41680124,480.64676
0.00061,8.27e-05,1e-05,0.0,0.3700018,299.53763
0.00061,8.27e-05,1e-05,0.1,0.59324145,424.035
0.00061,8.27e-05,1e-05,0.2,0.7370076,462.59824
0.00061,8.27e-05,1e-05,0.3,0.34732452,474.7335
0.00061,8.27e-05,1e-05,0.4,0.5451432,480.3694
0.00061,8.27e-05,1e-05,0.5,0.5141073,482.18628
0.00061,8.27e-05,1e-05,0.6,0.49884585,481.9542
0.00061,8.27e-05,1e-05,0.7,0.5403737,489.3219
0.00061,8.27e-05,1e-05,0.8,0.40411064,489.22635
0.00061,8.27e-05,1e-05,0.9,0.4498449,482.0009
0.00061,8.27e-05,1e-05,1.0,0.4167251,480.60876
0.00062,1e-04,0.0,0.0,0.36918002,299.7281
0.00062,1e-04,0.0,0.1,0.59272295,423.9519
0.00062,1e-04,0.0,0.2,0.7365359,462.48648
0.00062,1e-04,0.0,0.3,0.34747407,474.74573
0.00062,1e-04,0.0,0.4,0.5451286,480.3628
0.00062,1e-04,0.0,0.5,0.51410353,482.18298
0.00062,1e-04,0.0,0.6,0.49893942,481.9467
0.00062,1e-04,0.0,0.7,0.5403793,489.3215
0.00062,1e-04,0.0,0.8,0.40410945,489.2265
0.00062,1e-04,0.0,0.9,0.44983536,481.9997
0.00062,1e-04,0.0,1.0,0.41674015,480.61624
0.00062,6.69e-05,0.0,0.0,0.36965021,299.6187
0.00062,6.69e-05,0.0,0.1,0.5929295,423.9847
0.00062,6.69e-05,0.0,0.2,0.73660433,462.50037
0.00062,6.69e-05,0.0,0.3,0.3475122,474.7491
0.00062,6.69e-05,0.0,0.4,0.5451091,480.35538
0.00062,6.69e-05,0.0,0.5,0.5140993,482.17896
0.00062,6.69e-05,0.0,0.6,0.49909705,481.93307
0.00062,6.69e-05,0.0,0.7,0.5403952,489.3201
0.00062,6.69e-05,0.0,0.8,0.40410307,489.22742
0.00062,6.69e-05,0.0,0.9,0.4497681,481.99277
0.00062,6.69e-05,0.0,1.0,0.4168573,480.67487
0.00062,6.69e-05,1e-05,0.0,0.37022242,299.48752
0.00062,6.69e-05,1e-05,0.1,0.5933245,424.04843
0.00062,6.69e-05,1e-05,0.2,0.7370194,462.6003
0.00062,6.69e-05,1e-05,0.3,0.34734923,474.73557
0.00062,6.69e-05,1e-05,0.4,0.5451326,480.36536
0.00062,6.69e-05,1e-05,0.5,0.51410484,482.18402
0.00062,6.69e-05,1e-05,0.6,0.49892527,481.94702
0.00062,6.69e-05,1e-05,0.7,0.54038155,489.32117
0.00062,6.69e-05,1e-05,0.8,0.40410757,489.22678
0.00062,6.69e-05,1e-05,0.9,0.44981262,481.99744
0.00062,6.69e-05,1e-05,1.0,0.416781,480.6368
0.00063,5.1e-05,1e-05,0.0,0.37045047,299.43613
0.00063,5.1e-05,1e-05,0.1,0.59340847,424.06207
0.00063,5.1e-05,1e-05,0.2,0.73703164,462.60254
0.00063,5.1e-05,1e-05,0.3,0.34737444,474.7377
0.00063,5.1e-05,1e-05,0.4,0.5451224,480.3614
0.00063,5.1e-05,1e-05,0.5,0.5141026,482.1818
0.00063,5.1e-05,1e-05,0.6,0.49900526,481.94
0.00063,5.1e-05,1e-05,0.7,0.54038936,489.32053
0.00063,5.1e-05,1e-05,0.8,0.4041044,489.2273
0.00063,5.1e-05,1e-05,0.9,0.44977993,481.99408
0.00063,5.1e-05,1e-05,1.0,0.41683787,480.66513
0.00063,5.1e-05,0.0,0.0,0.36986467,299.56937
0.00063,5.1e-05,0.0,0.1,0.59301186,423.9979
0.00063,5.1e-05,0.0,0.2,0.73661673,462.5024
0.00063,5.1e-05,0.0,0.3,0.34753883,474.75137
0.00063,5.1e-05,0.0,0.4,0.5450996,480.3517
0.00063,5.1e-05,0.0,0.5,0.51409715,482.17697
0.00063,5.1e-05,0.0,0.6,0.49917758,481.9264
0.00063,5.1e-05,0.0,0.7,0.5404031,489.3194
0.00063,5.1e-05,0.0,0.8,0.40409997,489.22794
0.00063,5.1e-05,0.0,0.9,0.4497355,481.98975
0.00063,5.1e-05,0.0,1.0,0.41691417,480.7032
0.00064,3.46e-05,0.0,0.0,0.37009177,299.51752
0.00064,3.46e-05,0.0,0.1,0.5930978,424.01163
0.00064,3.46e-05,0.0,0.2,0.7366301,462.50458
0.00064,3.46e-05,0.0,0.3,0.3475662,474.75375
0.00064,3.46e-05,0.0,0.4,0.54509056,480.3481
0.00064,3.46e-05,0.0,0.5,0.51409507,482.175
0.00064,3.46e-05,0.0,0.6,0.4992606,481.9198
0.00064,3.46e-05,0.0,0.7,0.5404111,489.3187
0.00064,3.46e-05,0.0,0.8,0.40409666,489.2284
0.00064,3.46e-05,0.0,0.9,0.4497016,481.98676
0.00064,3.46e-05,0.0,1.0,0.41697267,480.73248
0.00064,3.46e-05,1e-05,0.0,0.37069148,299.3823
0.00064,3.46e-05,1e-05,0.1,0.5934959,424.07623
0.00064,3.46e-05,1e-05,0.2,0.73704475,462.60495
0.00064,3.46e-05,1e-05,0.3,0.34740034,474.73987
0.00064,3.46e-05,1e-05,0.4,0.54511195,480.3574
0.00064,3.46e-05,1e-05,0.5,0.5141002,482.17963
0.00064,3.46e-05,1e-05,0.6,0.4990878,481.93304
0.00064,3.46e-05,1e-05,0.7,0.54039747,489.31985
0.00064,3.46e-05,1e-05,0.8,0.40410122,489.22772
0.00064,3.46e-05,1e-05,0.9,0.44974622,481.9908
0.00064,3.46e-05,1e-05,1.0,0.41689628,480.69427
0.00065,1.73e-05,0.0,0.0,0.37033826,299.46176
0.00065,1.73e-05,0.0,0.1,0.5931899,424.0264
0.00065,1.73e-05,0.0,0.2,0.73664534,462.50723
0.00065,1.73e-05,0.0,0.3,0.347595,474.75632
0.00065,1.73e-05,0.0,0.4,0.5450809,480.34436
0.00065,1.73e-05,0.0,0.5,0.5140929,482.1729
0.00065,1.73e-05,0.0,0.6,0.49934813,481.91306
0.00065,1.73e-05,0.0,0.7,0.5404196,489.31802
0.00065,1.73e-05,0.0,0.8,0.40409315,489.22894
0.00065,1.73e-05,0.0,0.9,0.44966593,481.9838
0.00065,1.73e-05,0.0,1.0,0.4170344,480.76337
0.00065,1.73e-05,1e-05,0.0,0.37095332,299.32422
0.00065,1.73e-05,1e-05,0.1,0.5935894,424.09152
0.00065,1.73e-05,1e-05,0.2,0.73705965,462.60776
0.00065,1.73e-05,1e-05,0.3,0.34742752,474.74216
0.00065,1.73e-05,1e-05,0.4,0.5451013,480.35333
0.00065,1.73e-05,1e-05,0.5,0.5140978,482.17737
0.00065,1.73e-05,1e-05,0.6,0.49917513,481.92587
0.00065,1.73e-05,1e-05,0.7,0.540406,489.3191
0.00065,1.73e-05,1e-05,0.8,0.40409768,489.22827
0.00065,1.73e-05,1e-05,0.9,0.44971067,481.98764
0.00065,1.73e-05,1e-05,1.0,0.4169581,480.72516
0.00066,0.0,1e-05,0.0,0.37122223,299.26526
0.00066,0.0,1e-05,0.1,0.5936835,424.10687
0.00066,0.0,1e-05,0.2,0.73707455,462.61057
0.00066,0.0,1e-05,0.3,0.3474549,474.74448
0.00066,0.0,1e-05,0.4,0.5450911,480.34937
0.00066,0.0,1e-05,0.5,0.51409554,482.17526
0.00066,0.0,1e-05,0.6,0.4992624,481.91888
0.00066,0.0,1e-05,0.7,0.54041445,489.31836
0.00066,0.0,1e-05,0.8,0.40409428,489.2288
0.00066,0.0,1e-05,0.9,0.44967496,481.98465
0.00066,0.0,1e-05,1.0,0.41701955,480.75604
0.00066,0.0,0.0,0.0,0.37059087,299.4051
0.00066,0.0,0.0,0.1,0.5932822,424.04138
0.00066,0.0,0.0,0.2,0.7366605,462.5099
0.00066,0.0,0.0,0.3,0.347624,474.75885
0.00066,0.0,0.0,0.4,0.54507184,480.34067
0.00066,0.0,0.0,0.5,0.51409084,482.171
0.00066,0.0,0.0,0.6,0.499436,481.9065
0.00066,0.0,0.0,0.7,0.5404281,489.3173
0.00066,0.0,0.0,0.8,0.40408975,489.2295
0.00066,0.0,0.0,0.9,0.44963014,481.98108
0.00066,0.0,0.0,1.0,0.41709596,480.7943
0.00062,1e-04,1e-05,0.0,0.36972427,299.6012
0.00062,1e-04,1e-05,0.1,0.5931144,424.0146
0.00062,1e-04,1e-05,0.2,0.73695225,462.58542
0.00062,1e-04,1e-05,0.3,0.34731337,474.7325
0.00062,1e-04,1e-05,0.4,0.5451539,480.37335
0.00062,1e-04,1e-05,0.5,0.5141095,482.18845
0.00062,1e-04,1e-05,0.6,0.49876857,481.96146
0.00062,1e-04,1e-05,0.7,0.5403657,489.32266
0.00062,1e-04,1e-05,0.8,0.404114,489.22592
0.00062,1e-04,1e-05,0.9,0.44987965,482.00482
0.00062,1e-04,1e-05,1.0,0.4166639,480.578
0.00063,8.27e-05,0.0,0.0,0.369404,299.67578
0.00063,8.27e-05,0.0,0.1,0.59281355,423.9662
0.00063,8.27e-05,0.0,0.2,0.7365511,462.489
0.00063,8.27e-05,0.0,0.3,0.34750208,474.74817
0.00063,8.27e-05,0.0,0.4,0.5451179,480.35867
0.00063,8.27e-05,0.0,0.5,0.51410115,482.18073
0.00063,8.27e-05,0.0,0.6,0.49902612,481.9391
0.00063,8.27e-05,0.0,0.7,0.54038787,489.3207
0.00063,8.27e-05,0.0,0.8,0.4041062,489.22702
0.00063,8.27e-05,0.0,0.9,0.44979995,481.9959
0.00063,8.27e-05,0.0,1.0,0.4168017,480.647
0.00063,8.31e-05,5e-06,0.0,0.3696729,299.61325
0.00063,8.31e-05,5e-06,0.1,0.5930066,423.99716
0.00063,8.31e-05,5e-06,0.2,0.73675925,462.53757
0.00063,8.31e-05,5e-06,0.3,0.34741914,474.74127
0.00063,8.31e-05,5e-06,0.4,0.5451298,480.3637
0.00063,8.31e-05,5e-06,0.5,0.51410395,482.18332
0.00063,8.31e-05,5e-06,0.6,0.4989385,481.94638
0.00063,8.31e-05,5e-06,0.7,0.54038084,489.32135
0.00063,8.31e-05,5e-06,0.8,0.40410846,489.22668
0.00063,8.31e-05,5e-06,0.9,0.449823,481.99844
0.00063,8.31e-05,5e-06,1.0,0.41676217,480.6273
0.00063,8.27e-05,1e-05,0.0,0.36996138,299.54684
0.00063,8.27e-05,1e-05,0.1,0.59320647,424.02945
0.00063,8.27e-05,1e-05,0.2,0.7369671,462.58807
0.00063,8.27e-05,1e-05,0.3,0.34733966,474.7347
0.00063,8.27e-05,1e-05,0.4,0.54514223,480.3689
0.00063,8.27e-05,1e-05,0.5,0.51410687,482.18594
0.00063,8.27e-05,1e-05,0.6,0.49885476,481.9535
0.00063,8.27e-05,1e-05,0.7,0.54037416,489.32187
0.00063,8.27e-05,1e-05,0.8,0.40411055,489.22638
0.00063,8.27e-05,1e-05,0.9,0.44984433,482.00085
0.00063,8.27e-05,1e-05,1.0,0.41672564,480.60898
0.00064,1e-04,0.0,0.0,0.3691431,299.73672
0.00064,1e-04,0.0,0.1,0.5926889,423.94647
0.00064,1e-04,0.0,0.2,0.73649466,462.47714
0.00064,1e-04,0.0,0.3,0.34749037,474.7471
0.00064,1e-04,0.0,0.4,0.54512787,480.3623
0.00064,1e-04,0.0,0.5,0.5141033,482.18268
0.00064,1e-04,0.0,0.6,0.49894845,481.94598
0.00064,1e-04,0.0,0.7,0.54037976,489.32147
0.00064,1e-04,0.0,0.8,0.40410942,489.2265
0.00064,1e-04,0.0,0.9,0.44983476,481.99957
0.00064,1e-04,0.0,1.0,0.4167407,480.6165
0.00064,6.69e-05,0.0,0.0,0.3696116,299.62762
0.00064,6.69e-05,0.0,0.1,0.592895,423.97922
0.00064,6.69e-05,0.0,0.2,0.7365633,462.49097
0.00064,6.69e-05,0.0,0.3,0.3475286,474.75046
0.00064,6.69e-05,0.0,0.4,0.54510856,480.35498
0.00064,6.69e-05,0.0,0.5,0.51409894,482.17865
0.00064,6.69e-05,0.0,0.6,0.49910593,481.93237
0.00064,6.69e-05,0.0,0.7,0.5403956,489.32004
0.00064,6.69e-05,0.0,0.8,0.40410298,489.22745
0.00064,6.69e-05,0.0,0.9,0.44976753,481.99268
0.00064,6.69e-05,0.0,1.0,0.41685796,480.67514
0.00064,6.69e-05,1e-05,0.0,0.3701815,299.49673
0.00064,6.69e-05,1e-05,0.1,0.5932894,424.04276
0.00064,6.69e-05,1e-05,0.2,0.73697907,462.59024
0.00064,6.69e-05,1e-05,0.3,0.34736466,474.73685
0.00064,6.69e-05,1e-05,0.4,0.5451317,480.3649
0.00064,6.69e-05,1e-05,0.5,0.5141045,482.1837
0.00064,6.69e-05,1e-05,0.6,0.4989342,481.94632
0.00064,6.69e-05,1e-05,0.7,0.54038197,489.3212
0.00064,6.69e-05,1e-05,0.8,0.40410745,489.2268
0.00064,6.69e-05,1e-05,0.9,0.449812,481.99734
0.00064,6.69e-05,1e-05,1.0,0.41678175,480.63712
0.00065,5.1e-05,1e-05,0.0,0.37040827,299.44556
0.00065,5.1e-05,1e-05,0.1,0.5933733,424.0563
0.00065,5.1e-05,1e-05,0.2,0.73699135,462.5924
0.00065,5.1e-05,1e-05,0.3,0.3473901,474.73895
0.00065,5.1e-05,1e-05,0.4,0.54512143,480.36096
0.00065,5.1e-05,1e-05,0.5,0.5141022,482.18146
0.00065,5.1e-05,1e-05,0.6,0.49901432,481.93933
0.00065,5.1e-05,1e-05,0.7,0.5403899,489.32047
0.00065,5.1e-05,1e-05,0.8,0.40410426,489.22723
0.00065,5.1e-05,1e-05,0.9,0.44977933,481.994
0.00065,5.1e-05,1e-05,1.0,0.4168385,480.66547
0.00065,5.1e-05,0.0,0.0,0.3698252,299.5784
0.00065,5.1e-05,0.0,0.1,0.5929773,423.9924
0.00065,5.1e-05,0.0,0.2,0.7365758,462.49298
0.00065,5.1e-05,0.0,0.3,0.34755534,474.75275
0.00065,5.1e-05,0.0,0.4,0.54509926,480.35138
0.00065,5.1e-05,0.0,0.5,0.51409686,482.17667
0.00065,5.1e-05,0.0,0.6,0.49918646,481.92575
0.00065,5.1e-05,0.0,0.7,0.5404035,489.31937
0.00065,5.1e-05,0.0,0.8,0.40409985,489.22787
0.00065,5.1e-05,0.0,0.9,0.4497348,481.98962
0.00065,5.1e-05,0.0,1.0,0.41691464,480.70343
0.00066,3.46e-05,1e-05,0.0,0.37064856,299.3918
0.00066,3.46e-05,1e-05,0.1,0.59346056,424.0706
0.00066,3.46e-05,1e-05,0.2,0.73700434,462.59482
0.00066,3.46e-05,1e-05,0.3,0.34741604,474.74118
0.00066,3.46e-05,1e-05,0.4,0.5451113,480.357
0.00066,3.46e-05,1e-05,0.5,0.51409984,482.17932
0.00066,3.46e-05,1e-05,0.6,0.49909687,481.93237
0.00066,3.46e-05,1e-05,0.7,0.54039794,489.3198
0.00066,3.46e-05,1e-05,0.8,0.40410107,489.22772
0.00066,3.46e-05,1e-05,0.9,0.4497457,481.99078
0.00066,3.46e-05,1e-05,1.0,0.41689682,480.6946
0.00066,3.46e-05,0.0,0.0,0.37005115,299.52676
0.00066,3.46e-05,0.0,0.1,0.5930632,424.00607
0.00066,3.46e-05,0.0,0.2,0.736589,462.49515
0.00066,3.46e-05,0.0,0.3,0.34758303,474.75522
0.00066,3.46e-05,0.0,0.4,0.5450901,480.34775
0.00066,3.46e-05,0.0,0.5,0.5140947,482.17468
0.00066,3.46e-05,0.0,0.6,0.4992696,481.91916
0.00066,3.46e-05,0.0,0.7,0.5404116,489.31873
0.00066,3.46e-05,0.0,0.8,0.40409654,489.2284
0.00066,3.46e-05,0.0,0.9,0.44970107,481.98663
0.00066,3.46e-05,0.0,1.0,0.41697317,480.7327
0.00067,1.73e-05,0.0,0.0,0.37029645,299.4712
0.00067,1.73e-05,0.0,0.1,0.59315497,424.0208
0.00067,1.73e-05,0.0,0.2,0.7366043,462.49777
0.00067,1.73e-05,0.0,0.3,0.3476119,474.7577
0.00067,1.73e-05,0.0,0.4,0.5450808,480.344
0.00067,1.73e-05,0.0,0.5,0.5140926,482.1727
0.00067,1.73e-05,0.0,0.6,0.49935722,481.9124
0.00067,1.73e-05,0.0,0.7,0.54042006,489.318
0.00067,1.73e-05,0.0,0.8,0.40409315,489.22894
0.00067,1.73e-05,0.0,0.9,0.44966543,481.98376
0.00067,1.73e-05,0.0,1.0,0.4170348,480.76367
0.00067,1.73e-05,1e-05,0.0,0.37090918,299.33398
0.00067,1.73e-05,1e-05,0.1,0.593554,424.08572
0.00067,1.73e-05,1e-05,0.2,0.7370195,462.59766
0.00067,1.73e-05,1e-05,0.3,0.3474433,474.74347
0.00067,1.73e-05,1e-05,0.4,0.54510087,480.35294
0.00067,1.73e-05,1e-05,0.5,0.51409745,482.17706
0.00067,1.73e-05,1e-05,0.6,0.49918413,481.92514
0.00067,1.73e-05,1e-05,0.7,0.5404064,489.31906
0.00067,1.73e-05,1e-05,0.8,0.40409762,489.2282
0.00067,1.73e-05,1e-05,0.9,0.44971007,481.98755
0.00067,1.73e-05,1e-05,1.0,0.41695875,480.7255
0.00068,0.0,1e-05,0.0,0.37117672,299.27515
0.00068,0.0,1e-05,0.1,0.59364784,424.101
0.00068,0.0,1e-05,0.2,0.7370342,462.60046
0.00068,0.0,1e-05,0.3,0.34747097,474.74585
0.00068,0.0,1e-05,0.4,0.54509056,480.34894
0.00068,0.0,1e-05,0.5,0.5140952,482.17493
0.00068,0.0,1e-05,0.6,0.49927157,481.9182
0.00068,0.0,1e-05,0.7,0.5404149,489.31833
0.00068,0.0,1e-05,0.8,0.40409425,489.22882
0.00068,0.0,1e-05,0.9,0.44967443,481.98462
0.00068,0.0,1e-05,1.0,0.4170201,480.7563
0.00068,0.0,0.0,0.0,0.37054834,299.41458
0.00068,0.0,0.0,0.1,0.59324723,424.0357
0.00068,0.0,0.0,0.2,0.73661953,462.5003
0.00068,0.0,0.0,0.3,0.34764105,474.76028
0.00068,0.0,0.0,0.4,0.5450718,480.3404
0.00068,0.0,0.0,0.5,0.5140906,482.17078
0.00068,0.0,0.0,0.6,0.49944526,481.90588
0.00068,0.0,0.0,0.7,0.5404285,489.31732
0.00068,0.0,0.0,0.8,0.40408966,489.2295
0.00068,0.0,0.0,0.9,0.44962955,481.98105
0.00068,0.0,0.0,1.0,0.41709647,480.7945
0.00064,1e-04,1e-05,0.0,0.36968535,299.6102
0.00064,1e-04,1e-05,0.1,0.5930797,424.009
0.00064,1e-04,1e-05,0.2,0.7369117,462.57544
0.00064,1e-04,1e-05,0.3,0.34732857,474.73373
0.00064,1e-04,1e-05,0.4,0.5451529,480.3728
0.00064,1e-04,1e-05,0.5,0.51410913,482.1881
0.00064,1e-04,1e-05,0.6,0.49877745,481.9607
0.00064,1e-04,1e-05,0.7,0.5403661,489.32263
0.00064,1e-04,1e-05,0.8,0.4041139,489.22592
0.00064,1e-04,1e-05,0.9,0.44987905,482.0047
0.00064,1e-04,1e-05,1.0,0.4166644,480.57837
0.00065,8.27e-05,0.0,0.0,0.36936614,299.68457
0.00065,8.27e-05,0.0,0.1,0.59277916,423.96075
0.00065,8.27e-05,0.0,0.2,0.73651004,462.47977
0.00065,8.27e-05,0.0,0.3,0.34751856,474.74957
0.00065,8.27e-05,0.0,0.4,0.5451173,480.35825
0.00065,8.27e-05,0.0,0.5,0.5141008,482.18042
0.00065,8.27e-05,0.0,0.6,0.49903512,481.93845
0.00065,8.27e-05,0.0,0.7,0.5403883,489.32065
0.00065,8.27e-05,0.0,0.8,0.40410608,489.22702
0.00065,8.27e-05,0.0,0.9,0.44979942,481.99585
0.00065,8.27e-05,0.0,1.0,0.41680217,480.64725
0.00065,8.27e-05,1e-05,0.0,0.36992133,299.556
0.00065,8.27e-05,1e-05,0.1,0.59317166,424.02374
0.00065,8.27e-05,1e-05,0.2,0.7369267,462.5782
0.00065,8.27e-05,1e-05,0.3,0.3473551,474.73596
0.00065,8.27e-05,1e-05,0.4,0.5451412,480.36844
0.00065,8.27e-05,1e-05,0.5,0.5141065,482.18558
0.00065,8.27e-05,1e-05,0.6,0.49886376,481.95276
0.00065,8.27e-05,1e-05,0.7,0.54037464,489.3218
0.00065,8.27e-05,1e-05,0.8,0.4041105,489.22638
0.00065,8.27e-05,1e-05,0.9,0.44984376,482.00073
0.00065,8.27e-05,1e-05,1.0,0.41672614,480.6092
0.00066,1e-04,0.0,0.0,0.36910656,299.7454
0.00066,1e-04,0.0,0.1,0.59265476,423.9411
0.00066,1e-04,0.0,0.2,0.7364533,462.46796
0.00066,1e-04,0.0,0.3,0.3475067,474.74844
0.00066,1e-04,0.0,0.4,0.5451273,480.3619
0.00066,1e-04,0.0,0.5,0.5141029,482.18237
0.00066,1e-04,0.0,0.6,0.49895728,481.94525
0.00066,1e-04,0.0,0.7,0.54038024,489.32144
0.00066,1e-04,0.0,0.8,0.40410933,489.2265
0.00066,1e-04,0.0,0.9,0.44983426,481.99948
0.00066,1e-04,0.0,1.0,0.41674107,480.6167
0.00066,6.69e-05,0.0,0.0,0.36957282,299.63657
0.00066,6.69e-05,0.0,0.1,0.5928605,423.97372
0.00066,6.69e-05,0.0,0.2,0.7365223,462.48166
0.00066,6.69e-05,0.0,0.3,0.3475452,474.75186
0.00066,6.69e-05,0.0,0.4,0.54510796,480.35458
0.00066,6.69e-05,0.0,0.5,0.51409864,482.1784
0.00066,6.69e-05,0.0,0.6,0.49911493,481.93173
0.00066,6.69e-05,0.0,0.7,0.5403961,489.32
0.00066,6.69e-05,0.0,0.8,0.40410298,489.22745
0.00066,6.69e-05,0.0,0.9,0.449767,481.99255
0.00066,6.69e-05,0.0,1.0,0.41685855,480.6754
0.00066,6.69e-05,1e-05,0.0,0.37014046,299.50604
0.00066,6.69e-05,1e-05,0.1,0.5932544,424.0371
0.00066,6.69e-05,1e-05,0.2,0.7369387,462.58026
0.00066,6.69e-05,1e-05,0.3,0.3473802,474.73807
0.00066,6.69e-05,1e-05,0.4,0.5451311,480.3644
0.00066,6.69e-05,1e-05,0.5,0.5141041,482.18335
0.00066,6.69e-05,1e-05,0.6,0.4989432,481.9456
0.00066,6.69e-05,1e-05,0.7,0.5403825,489.32117
0.00066,6.69e-05,1e-05,0.8,0.4041074,489.2268
0.00066,6.69e-05,1e-05,0.9,0.44981146,481.99722
0.00066,6.69e-05,1e-05,1.0,0.41678235,480.63742
0.00067,5.1e-05,1e-05,0.0,0.37036628,299.45496
0.00067,5.1e-05,1e-05,0.1,0.593338,424.05063
0.00067,5.1e-05,1e-05,0.2,0.73695076,462.5824
0.00067,5.1e-05,1e-05,0.3,0.3474058,474.7402
0.00067,5.1e-05,1e-05,0.4,0.54512084,480.3605
0.00067,5.1e-05,1e-05,0.5,0.51410186,482.18112
0.00067,5.1e-05,1e-05,0.6,0.49902326,481.93863
0.00067,5.1e-05,1e-05,0.7,0.5403903,489.32047
0.00067,5.1e-05,1e-05,0.8,0.40410423,489.22723
0.00067,5.1e-05,1e-05,0.9,0.44977865,481.99387
0.00067,5.1e-05,1e-05,1.0,0.4168389,480.66568
0.00067,5.1e-05,0.0,0.0,0.36978567,299.58743
0.00067,5.1e-05,0.0,0.1,0.5929428,423.98685
0.00067,5.1e-05,0.0,0.2,0.73653466,462.4836
0.00067,5.1e-05,0.0,0.3,0.34757218,474.7542
0.00067,5.1e-05,0.0,0.4,0.5450989,480.35104
0.00067,5.1e-05,0.0,0.5,0.5140965,482.17636
0.00067,5.1e-05,0.0,0.6,0.49919558,481.9251
0.00067,5.1e-05,0.0,0.7,0.54040396,489.31934
0.00067,5.1e-05,0.0,0.8,0.40409982,489.22787
0.00067,5.1e-05,0.0,0.9,0.4497343,481.98953
0.00067,5.1e-05,0.0,1.0,0.41691518,480.7037
0.000675,4.28e-05,5e-06,0.0,0.37018684,299.4957
0.000675,4.28e-05,5e-06,0.1,0.59318274,424.02545
0.000675,4.28e-05,5e-06,0.2,0.7367503,462.53336
0.000675,4.28e-05,5e-06,0.3,0.3475012,474.74823
0.000675,4.28e-05,5e-06,0.4,0.5451045,480.3537
0.000675,4.28e-05,5e-06,0.5,0.514098,482.17767
0.000675,4.28e-05,5e-06,0.6,0.4991508,481.92834
0.000675,4.28e-05,5e-06,0.7,0.54040116,489.31952
0.000675,4.28e-05,5e-06,0.8,0.40410042,489.2278
0.000675,4.28e-05,5e-06,0.9,0.44973963,481.99008
0.000675,4.28e-05,5e-06,1.0,0.41690627,480.69937
0.00068,3.46e-05,0.0,0.0,0.37001085,299.53592
0.00068,3.46e-05,0.0,0.1,0.5930285,424.00055
0.00068,3.46e-05,0.0,0.2,0.7365479,462.48578
0.00068,3.46e-05,0.0,0.3,0.3475999,474.75662
0.00068,3.46e-05,0.0,0.4,0.5450897,480.3474
0.00068,3.46e-05,0.0,0.5,0.5140945,482.1744
0.00068,3.46e-05,0.0,0.6,0.4992786,481.91855
0.00068,3.46e-05,0.0,0.7,0.54041207,489.3187
0.00068,3.46e-05,0.0,0.8,0.40409654,489.2284
0.00068,3.46e-05,0.0,0.9,0.44970042,481.98654
0.00068,3.46e-05,0.0,1.0,0.4169737,480.73294
0.00068,3.46e-05,1e-05,0.0,0.37060532,299.4015
0.00068,3.46e-05,1e-05,0.1,0.5934253,424.06476
0.00068,3.46e-05,1e-05,0.2,0.736964,462.5848
0.00068,3.46e-05,1e-05,0.3,0.3474319,474.74246
0.00068,3.46e-05,1e-05,0.4,0.54511064,480.3566
0.00068,3.46e-05,1e-05,0.5,0.5140995,482.17902
0.00068,3.46e-05,1e-05,0.6,0.49910587,481.93167
0.00068,3.46e-05,1e-05,0.7,0.54039836,489.31976
0.00068,3.46e-05,1e-05,0.8,0.404101,489.22775
0.00068,3.46e-05,1e-05,0.9,0.44974518,481.99066
0.00068,3.46e-05,1e-05,1.0,0.41689724,480.6948
0.00069,1.73e-05,1e-05,0.0,0.37086514,299.34366
0.00069,1.73e-05,1e-05,0.1,0.5935186,424.0799
0.00069,1.73e-05,1e-05,0.2,0.736979,462.5876
0.00069,1.73e-05,1e-05,0.3,0.34745944,474.74478
0.00069,1.73e-05,1e-05,0.4,0.5451002,480.35254
0.00069,1.73e-05,1e-05,0.5,0.51409715,482.17685
0.00069,1.73e-05,1e-05,0.6,0.4991931,481.9245
0.00069,1.73e-05,1e-05,0.7,0.5404069,489.31903
0.00069,1.73e-05,1e-05,0.8,0.4040976,489.22827
0.00069,1.73e-05,1e-05,0.9,0.44970953,481.9875
0.00069,1.73e-05,1e-05,1.0,0.41695923,480.72574
0.00069,1.73e-05,0.0,0.0,0.37025532,299.48044
0.00069,1.73e-05,0.0,0.1,0.5931201,424.0152
0.00069,1.73e-05,0.0,0.2,0.7365632,462.48837
0.00069,1.73e-05,0.0,0.3,0.34762898,474.75922
0.00069,1.73e-05,0.0,0.4,0.5450805,480.34372
0.00069,1.73e-05,0.0,0.5,0.5140923,482.17245
0.00069,1.73e-05,0.0,0.6,0.49936634,481.91177
0.00069,1.73e-05,0.0,0.7,0.54042053,489.31796
0.00069,1.73e-05,0.0,0.8,0.40409303,489.22894
0.00069,1.73e-05,0.0,0.9,0.44966474,481.98364
0.00069,1.73e-05,0.0,1.0,0.41703543,480.764
0.0007,0.0,1e-05,0.0,0.3711315,299.285
0.0007,0.0,1e-05,0.1,0.5936123,424.0952
0.0007,0.0,1e-05,0.2,0.7369939,462.5904
0.0007,0.0,1e-05,0.3,0.34748724,474.74713
0.0007,0.0,1e-05,0.4,0.5450902,480.34857
0.0007,0.0,1e-05,0.5,0.51409495,482.1747
0.0007,0.0,1e-05,0.6,0.49928057,481.91757
0.0007,0.0,1e-05,0.7,0.54041535,489.3183
0.0007,0.0,1e-05,0.8,0.40409413,489.22876
0.0007,0.0,1e-05,0.9,0.44967386,481.9845
0.0007,0.0,1e-05,1.0,0.41702068,480.7566
0.0007,0.0,0.0,0.0,0.37050587,299.42404
0.0007,0.0,0.0,0.1,0.5932122,424.0301
0.0007,0.0,0.0,0.2,0.73657846,462.4909
0.0007,0.0,0.0,0.3,0.34765822,474.76175
0.0007,0.0,0.0,0.4,0.54507166,480.34015
0.0007,0.0,0.0,0.5,0.5140903,482.17053
0.0007,0.0,0.0,0.6,0.4994543,481.9053
0.0007,0.0,0.0,0.7,0.540429,489.31732
0.0007,0.0,0.0,0.8,0.4040895,489.2295
0.0007,0.0,0.0,0.9,0.44962898,481.98096
0.0007,0.0,0.0,1.0,0.41709703,480.79474
0.00066,1e-04,1e-05,0.0,0.3696465,299.6191
0.00066,1e-04,1e-05,0.1,0.59304506,424.00348
0.00066,1e-04,1e-05,0.2,0.73687106,462.5655
0.00066,1e-04,1e-05,0.3,0.34734392,474.735
0.00066,1e-04,1e-05,0.4,0.5451519,480.37225
0.00066,1e-04,1e-05,0.5,0.5141088,482.1877
0.00066,1e-04,1e-05,0.6,0.4987864,481.9599
0.00066,1e-04,1e-05,0.7,0.54036653,489.3226
0.00066,1e-04,1e-05,0.8,0.4041138,489.22592
0.00066,1e-04,1e-05,0.9,0.44987854,482.0046
0.00066,1e-04,1e-05,1.0,0.41666514,480.57874
0.00067,8.27e-05,0.0,0.0,0.3693288,299.6933
0.00067,8.27e-05,0.0,0.1,0.59274495,423.95532
0.00067,8.27e-05,0.0,0.2,0.7364688,462.47046
0.00067,8.27e-05,0.0,0.3,0.3475351,474.75095
0.00067,8.27e-05,0.0,0.4,0.5451168,480.35785
0.00067,8.27e-05,0.0,0.5,0.51410043,482.18008
0.00067,8.27e-05,0.0,0.6,0.4990443,481.93774
0.00067,8.27e-05,0.0,0.7,0.54038876,489.32068
0.00067,8.27e-05,0.0,0.8,0.40410596,489.22696
0.00067,8.27e-05,0.0,0.9,0.44979885,481.99576
0.00067,8.27e-05,0.0,1.0,0.41680285,480.64755
0.00067,8.27e-05,1e-05,0.0,0.36988166,299.56503
0.00067,8.27e-05,1e-05,0.1,0.5931368,424.01816
0.00067,8.27e-05,1e-05,0.2,0.7368862,462.56827
0.00067,8.27e-05,1e-05,0.3,0.34737065,474.7372
0.00067,8.27e-05,1e-05,0.4,0.54514045,480.3679
0.00067,8.27e-05,1e-05,0.5,0.51410615,482.18527
0.00067,8.27e-05,1e-05,0.6,0.49887264,481.95197
0.00067,8.27e-05,1e-05,0.7,0.5403751,489.32178
0.00067,8.27e-05,1e-05,0.8,0.40411037,489.22638
0.00067,8.27e-05,1e-05,0.9,0.44984323,482.0006
0.00067,8.27e-05,1e-05,1.0,0.41672665,480.6095
0.00068,1e-04,0.0,0.0,0.36906993,299.75397
0.00068,1e-04,0.0,0.1,0.59262073,423.93573
0.00068,1e-04,0.0,0.2,0.73641205,462.4588
0.00068,1e-04,0.0,0.3,0.34752333,474.74988
0.00068,1e-04,0.0,0.4,0.54512656,480.36148
0.00068,1e-04,0.0,0.5,0.5141025,482.18207
0.00068,1e-04,0.0,0.6,0.4989664,481.94452
0.00068,1e-04,0.0,0.7,0.5403807,489.32138
0.00068,1e-04,0.0,0.8,0.4041093,489.2265
0.00068,1e-04,0.0,0.9,0.44983363,481.99936
0.00068,1e-04,0.0,1.0,0.4167418,480.617
0.00068,6.69e-05,0.0,0.0,0.36953446,299.6454
0.00068,6.69e-05,0.0,0.1,0.5928261,423.9681
0.00068,6.69e-05,0.0,0.2,0.73648113,462.47244
0.00068,6.69e-05,0.0,0.3,0.34756184,474.75323
0.00068,6.69e-05,0.0,0.4,0.5451075,480.35425
0.00068,6.69e-05,0.0,0.5,0.51409835,482.1781
0.00068,6.69e-05,0.0,0.6,0.49912405,481.931
0.00068,6.69e-05,0.0,0.7,0.5403966,489.32
0.00068,6.69e-05,0.0,0.8,0.4041029,489.22745
0.00068,6.69e-05,0.0,0.9,0.44976634,481.99252
0.00068,6.69e-05,0.0,1.0,0.41685885,480.6756
0.00068,6.69e-05,1e-05,0.0,0.37009975,299.51526
0.00068,6.69e-05,1e-05,0.1,0.59321934,424.03146
0.00068,6.69e-05,1e-05,0.2,0.7368983,462.57034
0.00068,6.69e-05,1e-05,0.3,0.34739584,474.73932
0.00068,6.69e-05,1e-05,0.4,0.5451302,480.36398
0.00068,6.69e-05,1e-05,0.5,0.5141038,482.18304
0.00068,6.69e-05,1e-05,0.6,0.49895215,481.94485
0.00068,6.69e-05,1e-05,0.7,0.54038286,489.3211
0.00068,6.69e-05,1e-05,0.8,0.40410733,489.2268
0.00068,6.69e-05,1e-05,0.9,0.44981092,481.99713
0.00068,6.69e-05,1e-05,1.0,0.41678277,480.63757
0.00069,5.1e-05,0.0,0.0,0.36974645,299.59644
0.00069,5.1e-05,0.0,0.1,0.5929083,423.9813
0.00069,5.1e-05,0.0,0.2,0.73649335,462.4743
0.00069,5.1e-05,0.0,0.3,0.34758896,474.7556
0.00069,5.1e-05,0.0,0.4,0.54509854,480.3507
0.00069,5.1e-05,0.0,0.5,0.5140962,482.17612
0.00069,5.1e-05,0.0,0.6,0.49920464,481.92447
0.00069,5.1e-05,0.0,0.7,0.54040444,489.31927
0.00069,5.1e-05,0.0,0.8,0.40409973,489.2279
0.00069,5.1e-05,0.0,0.9,0.44973361,481.9894
0.00069,5.1e-05,0.0,1.0,0.4169157,480.704
0.00069,5.1e-05,1e-05,0.0,0.3703246,299.46442
0.00069,5.1e-05,1e-05,0.1,0.593303,424.04486
0.00069,5.1e-05,1e-05,0.2,0.73691034,462.57248
0.00069,5.1e-05,1e-05,0.3,0.3474215,474.74152
0.00069,5.1e-05,1e-05,0.4,0.5451201,480.36005
0.00069,5.1e-05,1e-05,0.5,0.5141014,482.18082
0.00069,5.1e-05,1e-05,0.6,0.49903226,481.93796
0.00069,5.1e-05,1e-05,0.7,0.54039073,489.32043
0.00069,5.1e-05,1e-05,0.8,0.40410417,489.22723
0.00069,5.1e-05,1e-05,0.9,0.44977823,481.99384
0.00069,5.1e-05,1e-05,1.0,0.41683945,480.66586
0.0007,3.46e-05,0.0,0.0,0.3699706,299.5451
0.0007,3.46e-05,0.0,0.1,0.59299386,423.995
0.0007,3.46e-05,0.0,0.2,0.7365069,462.4765
0.0007,3.46e-05,0.0,0.3,0.347617,474.7581
0.0007,3.46e-05,0.0,0.4,0.5450895,480.34717
0.0007,3.46e-05,0.0,0.5,0.5140941,482.17416
0.0007,3.46e-05,0.0,0.6,0.49928787,481.91788
0.0007,3.46e-05,0.0,0.7,0.5404125,489.31866
0.0007,3.46e-05,0.0,0.8,0.40409636,489.22842
0.0007,3.46e-05,0.0,0.9,0.4496999,481.98648
0.0007,3.46e-05,0.0,1.0,0.4169741,480.7332
0.0007,3.46e-05,1e-05,0.0,0.37056297,299.41095
0.0007,3.46e-05,1e-05,0.1,0.5933901,424.05902
0.0007,3.46e-05,1e-05,0.2,0.7369235,462.57486
0.0007,3.46e-05,1e-05,0.3,0.34744793,474.74377
0.0007,3.46e-05,1e-05,0.4,0.54511,480.35617
0.0007,3.46e-05,1e-05,0.5,0.5140991,482.17868
0.0007,3.46e-05,1e-05,0.6,0.49911505,481.93094
0.0007,3.46e-05,1e-05,0.7,0.5403989,489.31973
0.0007,3.46e-05,1e-05,0.8,0.40410095,489.22775
0.0007,3.46e-05,1e-05,0.9,0.4497446,481.99054
0.0007,3.46e-05,1e-05,1.0,0.41689795,480.69516
0.00071,1.73e-05,0.0,0.0,0.37021396,299.48975
0.00071,1.73e-05,0.0,0.1,0.5930854,424.00964
0.00071,1.73e-05,0.0,0.2,0.73652214,462.4791
0.00071,1.73e-05,0.0,0.3,0.3476461,474.76065
0.00071,1.73e-05,0.0,0.4,0.5450804,480.34344
0.00071,1.73e-05,0.0,0.5,0.514092,482.17218
0.00071,1.73e-05,0.0,0.6,0.49937546,481.91116
0.00071,1.73e-05,0.0,0.7,0.540421,489.31793
0.00071,1.73e-05,0.0,0.8,0.40409297,489.22897
0.00071,1.73e-05,0.0,0.9,0.44966418,481.98355
0.00071,1.73e-05,0.0,1.0,0.41703588,480.76428
0.00071,1.73e-05,1e-05,0.0,0.37082124,299.3534
0.00071,1.73e-05,1e-05,0.1,0.5934832,424.0742
0.00071,1.73e-05,1e-05,0.2,0.7369385,462.57755
0.00071,1.73e-05,1e-05,0.3,0.3474755,474.7461
0.00071,1.73e-05,1e-05,0.4,0.5450998,480.3521
0.00071,1.73e-05,1e-05,0.5,0.51409686,482.17654
0.00071,1.73e-05,1e-05,0.6,0.4992023,481.92383
0.00071,1.73e-05,1e-05,0.7,0.5404074,489.319
0.00071,1.73e-05,1e-05,0.8,0.4040975,489.2283
0.00071,1.73e-05,1e-05,0.9,0.44970894,481.9874
0.00071,1.73e-05,1e-05,1.0,0.41695958,480.72592
0.00072,0.0,0.0,0.0,0.37046343,299.43356
0.00072,0.0,0.0,0.1,0.5931773,424.02435
0.00072,0.0,0.0,0.2,0.73653746,462.48163
0.00072,0.0,0.0,0.3,0.34767562,474.76328
0.00072,0.0,0.0,0.4,0.54507166,480.33994
0.00072,0.0,0.0,0.5,0.51409006,482.17032
0.00072,0.0,0.0,0.6,0.49946338,481.90466
0.00072,0.0,0.0,0.7,0.5404294,489.3173
0.00072,0.0,0.0,0.8,0.40408948,489.2295
0.00072,0.0,0.0,0.9,0.44962853,481.9809
0.00072,0.0,0.0,1.0,0.41709763,480.79504
0.00072,0.0,1e-05,0.0,0.3710865,299.29486
0.00072,0.0,1e-05,0.1,0.5935768,424.08932
0.00072,0.0,1e-05,0.2,0.7369536,462.58044
0.00072,0.0,1e-05,0.3,0.34750333,474.7485
0.00072,0.0,1e-05,0.4,0.5450898,480.34827
0.00072,0.0,1e-05,0.5,0.51409465,482.1744
0.00072,0.0,1e-05,0.6,0.4992897,481.91696
0.00072,0.0,1e-05,0.7,0.5404159,489.31827
0.00072,0.0,1e-05,0.8,0.40409404,489.22876
0.00072,0.0,1e-05,0.9,0.4496733,481.9844
0.00072,0.0,1e-05,1.0,0.41702124,480.75687
0.00068,1e-04,1e-05,0.0,0.3696077,299.6281
0.00068,1e-04,1e-05,0.1,0.5930105,423.99792
0.00068,1e-04,1e-05,0.2,0.73683065,462.55573
0.00068,1e-04,1e-05,0.3,0.34735933,474.73618
0.00068,1e-04,1e-05,0.4,0.54515105,480.37177
0.00068,1e-04,1e-05,0.5,0.51410836,482.18738
0.00068,1e-04,1e-05,0.6,0.49879527,481.95917
0.00068,1e-04,1e-05,0.7,0.540367,489.32254
0.00068,1e-04,1e-05,0.8,0.40411377,489.22592
0.00068,1e-04,1e-05,0.9,0.44987795,482.00455
0.00068,1e-04,1e-05,1.0,0.4166655,480.57892
0.00069,8.27e-05,0.0,0.0,0.36929122,299.70203
0.00069,8.27e-05,0.0,0.1,0.5927108,423.94992
0.00069,8.27e-05,0.0,0.2,0.73642737,462.46127
0.00069,8.27e-05,0.0,0.3,0.34755176,474.75232
0.00069,8.27e-05,0.0,0.4,0.5451163,480.35745
0.00069,8.27e-05,0.0,0.5,0.5141001,482.17975
0.00069,8.27e-05,0.0,0.6,0.49905312,481.937
0.00069,8.27e-05,0.0,0.7,0.54038924,489.32068
0.00069,8.27e-05,0.0,0.8,0.4041059,489.22696
0.00069,8.27e-05,0.0,0.9,0.4497982,481.99564
0.00069,8.27e-05,0.0,1.0,0.4168034,480.6478
0.00069,8.27e-05,1e-05,0.0,0.36984187,299.57413
0.00069,8.27e-05,1e-05,0.1,0.593102,424.01254
0.00069,8.27e-05,1e-05,0.2,0.7368456,462.55844
0.00069,8.27e-05,1e-05,0.3,0.34738624,474.73843
0.00069,8.27e-05,1e-05,0.4,0.54513955,480.36743
0.00069,8.27e-05,1e-05,0.5,0.51410574,482.1849
0.00069,8.27e-05,1e-05,0.6,0.49888164,481.95123
0.00069,8.27e-05,1e-05,0.7,0.54037553,489.32175
0.00069,8.27e-05,1e-05,0.8,0.4041103,489.22638
0.00069,8.27e-05,1e-05,0.9,0.44984263,482.00052
0.00069,8.27e-05,1e-05,1.0,0.41672733,480.60977
0.0007,1e-04,0.0,0.0,0.36903337,299.76257
0.0007,1e-04,0.0,0.1,0.59258664,423.93036
0.0007,1e-04,0.0,0.2,0.73637056,462.44968
0.0007,1e-04,0.0,0.3,0.34753996,474.75122
0.0007,1e-04,0.0,0.4,0.54512596,480.36108
0.0007,1e-04,0.0,0.5,0.5141021,482.1817
0.0007,1e-04,0.0,0.6,0.49897528,481.94382
0.0007,1e-04,0.0,0.7,0.5403812,489.32135
0.0007,1e-04,0.0,0.8,0.40410918,489.2265
0.0007,1e-04,0.0,0.9,0.44983312,481.99924
0.0007,1e-04,0.0,1.0,0.41674218,480.6172
0.0007,6.69e-05,0.0,0.0,0.3694962,299.6543
0.0007,6.69e-05,0.0,0.1,0.59279186,423.96274
0.0007,6.69e-05,0.0,0.2,0.7364397,462.4632
0.0007,6.69e-05,0.0,0.3,0.34757864,474.75467
0.0007,6.69e-05,0.0,0.4,0.54510707,480.3539
0.0007,6.69e-05,0.0,0.5,0.5140979,482.17776
0.0007,6.69e-05,0.0,0.6,0.499133,481.93036
0.0007,6.69e-05,0.0,0.7,0.54039705,489.31998
0.0007,6.69e-05,0.0,0.8,0.40410274,489.22745
0.0007,6.69e-05,0.0,0.9,0.44976577,481.9924
0.0007,6.69e-05,0.0,1.0,0.41685957,480.67596
0.0007,6.69e-05,1e-05,0.0,0.37005916,299.52448
0.0007,6.69e-05,1e-05,0.1,0.5931845,424.0258
0.0007,6.69e-05,1e-05,0.2,0.73685753,462.56052
0.0007,6.69e-05,1e-05,0.3,0.34741157,474.7406
0.0007,6.69e-05,1e-05,0.4,0.5451293,480.36343
0.0007,6.69e-05,1e-05,0.5,0.5141034,482.18268
0.0007,6.69e-05,1e-05,0.6,0.4989612,481.94412
0.0007,6.69e-05,1e-05,0.7,0.54038334,489.32108
0.0007,6.69e-05,1e-05,0.8,0.4041072,489.2268
0.0007,6.69e-05,1e-05,0.9,0.44981027,481.997
0.0007,6.69e-05,1e-05,1.0,0.41678318,480.6378
0.00073,1.73e-05,0.0,0.0,0.37017277,299.49905
0.00073,1.73e-05,0.0,0.1,0.59305084,424.00403
0.00073,1.73e-05,0.0,0.2,0.7364809,462.4698
0.00073,1.73e-05,0.0,0.3,0.3476634,474.7621
0.00073,1.73e-05,0.0,0.4,0.5450803,480.3432
0.00073,1.73e-05,0.0,0.5,0.5140918,482.17197
0.00073,1.73e-05,0.0,0.6,0.4993845,481.91058
0.00073,1.73e-05,0.0,0.7,0.5404215,489.31787
0.00073,1.73e-05,0.0,0.8,0.40409285,489.22897
0.00073,1.73e-05,0.0,0.9,0.4496636,481.98352
0.00073,1.73e-05,0.0,1.0,0.41703647,480.76456
0.00074,0.0,0.0,0.0,0.37042123,299.443
0.00074,0.0,0.0,0.1,0.5931425,424.0188
0.00074,0.0,0.0,0.2,0.7364962,462.47232
0.00074,0.0,0.0,0.3,0.3476931,474.76474
0.00074,0.0,0.0,0.4,0.5450716,480.3397
0.00074,0.0,0.0,0.5,0.5140898,482.1701
0.00074,0.0,0.0,0.6,0.4994725,481.90414
0.00074,0.0,0.0,0.7,0.54042995,489.31723
0.00074,0.0,0.0,0.8,0.40408942,489.22952
0.00074,0.0,0.0,0.9,0.44962785,481.9808
0.00074,0.0,0.0,1.0,0.41709793,480.79523
0.00074,0.0,1e-05,0.0,0.37104166,299.3047
0.00074,0.0,1e-05,0.1,0.59354126,424.08362
0.00074,0.0,1e-05,0.2,0.736913,462.5704
0.00074,0.0,1e-05,0.3,0.34751984,474.74988
0.00074,0.0,1e-05,0.4,0.54508936,480.3479
0.00074,0.0,1e-05,0.5,0.51409435,482.17416
0.00074,0.0,1e-05,0.6,0.49929872,481.91632
0.00074,0.0,1e-05,0.7,0.54041636,489.31824
0.00074,0.0,1e-05,0.8,0.40409404,489.22876
0.00074,0.0,1e-05,0.9,0.4496727,481.98438
0.00074,0.0,1e-05,1.0,0.41702187,480.75714
0.00072,3.46e-05,0.0,0.0,0.36993065,299.5542
0.00072,3.46e-05,0.0,0.1,0.5929593,423.98947
0.00072,3.46e-05,0.0,0.2,0.73646563,462.46725
0.00072,3.46e-05,0.0,0.3,0.34763414,474.75952
0.00072,3.46e-05,0.0,0.4,0.54508936,480.3469
0.00072,3.46e-05,0.0,0.5,0.51409376,482.1739
0.00072,3.46e-05,0.0,0.6,0.49929678,481.91724
0.00072,3.46e-05,0.0,0.7,0.54041296,489.3186
0.00072,3.46e-05,0.0,0.8,0.40409636,489.22842
0.00072,3.46e-05,0.0,0.9,0.4496994,481.98636
0.00072,3.46e-05,0.0,1.0,0.41697478,480.73355
0.00071,5.1e-05,0.0,0.0,0.36970723,299.6055
0.00071,5.1e-05,0.0,0.1,0.5928738,423.97583
0.00071,5.1e-05,0.0,0.2,0.73645216,462.46515
0.00071,5.1e-05,0.0,0.3,0.3476061,474.75708
0.00071,5.1e-05,0.0,0.4,0.54509825,480.35034
0.00071,5.1e-05,0.0,0.5,0.5140959,482.1758
0.00071,5.1e-05,0.0,0.6,0.4992137,481.92383
0.00071,5.1e-05,0.0,0.7,0.54040486,489.3193
0.00071,5.1e-05,0.0,0.8,0.40409958,489.2279
0.00071,5.1e-05,0.0,0.9,0.44973314,481.98932
0.00071,5.1e-05,0.0,1.0,0.41691613,480.70422
0.00071,5.1e-05,1e-05,0.0,0.3702831,299.47372
0.00071,5.1e-05,1e-05,0.1,0.59326786,424.03925
0.00071,5.1e-05,1e-05,0.2,0.73686975,462.56262
0.00071,5.1e-05,1e-05,0.3,0.3474374,474.7428
0.00071,5.1e-05,1e-05,0.4,0.5451194,480.35965
0.00071,5.1e-05,1e-05,0.5,0.5141011,482.1805
0.00071,5.1e-05,1e-05,0.6,0.49904132,481.93723
0.00071,5.1e-05,1e-05,0.7,0.5403912,489.3204
0.00071,5.1e-05,1e-05,0.8,0.4041041,489.22723
0.00071,5.1e-05,1e-05,0.9,0.4497777,481.9937
0.00071,5.1e-05,1e-05,1.0,0.41684002,480.66617
0.00072,3.46e-05,1e-05,0.0,0.37052026,299.42044
0.00072,3.46e-05,1e-05,0.1,0.5933549,424.05328
0.00072,3.46e-05,1e-05,0.2,0.73688304,462.56494
0.00072,3.46e-05,1e-05,0.3,0.3474641,474.74506
0.00072,3.46e-05,1e-05,0.4,0.5451094,480.35577
0.00072,3.46e-05,1e-05,0.5,0.5140988,482.17838
0.00072,3.46e-05,1e-05,0.6,0.49912408,481.9303
0.00072,3.46e-05,1e-05,0.7,0.5403993,489.3197
0.00072,3.46e-05,1e-05,0.8,0.40410087,489.22775
0.00072,3.46e-05,1e-05,0.9,0.449744,481.9905
0.00072,3.46e-05,1e-05,1.0,0.4168983,480.69534
0.00073,1.73e-05,1e-05,0.0,0.37077755,299.36307
0.00073,1.73e-05,1e-05,0.1,0.5934479,424.06836
0.00073,1.73e-05,1e-05,0.2,0.736898,462.56766
0.00073,1.73e-05,1e-05,0.3,0.34749177,474.74744
0.00073,1.73e-05,1e-05,0.4,0.5450994,480.35178
0.00073,1.73e-05,1e-05,0.5,0.51409656,482.17624
0.00073,1.73e-05,1e-05,0.6,0.49921125,481.9232
0.00073,1.73e-05,1e-05,0.7,0.5404079,489.31894
0.00073,1.73e-05,1e-05,0.8,0.40409738,489.2283
0.00073,1.73e-05,1e-05,0.9,0.4497084,481.98727
0.00073,1.73e-05,1e-05,1.0,0.41696024,480.72626
0.0007,1e-04,1e-05,0.0,0.36956885,299.63702
0.0007,1e-04,1e-05,0.1,0.5929758,423.9923
0.0007,1e-04,1e-05,0.2,0.73678994,462.54593
0.0007,1e-04,1e-05,0.3,0.34737495,474.7375
0.0007,1e-04,1e-05,0.4,0.54515004,480.37125
0.0007,1e-04,1e-05,0.5,0.51410794,482.187
0.0007,1e-04,1e-05,0.6,0.49880433,481.95834
0.0007,1e-04,1e-05,0.7,0.5403675,489.3225
0.0007,1e-04,1e-05,0.8,0.40411368,489.22595
0.0007,1e-04,1e-05,0.9,0.44987726,482.0044
0.0007,1e-04,1e-05,1.0,0.41666618,480.57916
0.00071,8.27e-05,0.0,0.0,0.3692538,299.7108
0.00071,8.27e-05,0.0,0.1,0.59267664,423.9445
0.00071,8.27e-05,0.0,0.2,0.73638606,462.4522
0.00071,8.27e-05,0.0,0.3,0.34756836,474.7537
0.00071,8.27e-05,0.0,0.4,0.5451158,480.35715
0.00071,8.27e-05,0.0,0.5,0.5140997,482.17944
0.00071,8.27e-05,0.0,0.6,0.49906227,481.93634
0.00071,8.27e-05,0.0,0.7,0.54038966,489.32065
0.00071,8.27e-05,0.0,0.8,0.4041058,489.227
0.00071,8.27e-05,0.0,0.9,0.44979766,481.99554
0.00071,8.27e-05,0.0,1.0,0.4168038,480.64804
0.00071,8.27e-05,1e-05,0.0,0.36980224,299.58325
0.00071,8.27e-05,1e-05,0.1,0.5930673,424.00693
0.00071,8.27e-05,1e-05,0.2,0.73680484,462.54865
0.00071,8.27e-05,1e-05,0.3,0.34740192,474.73975
0.00071,8.27e-05,1e-05,0.4,0.5451387,480.36688
0.00071,8.27e-05,1e-05,0.5,0.5141053,482.1846
0.00071,8.27e-05,1e-05,0.6,0.49889067,481.9505
0.00071,8.27e-05,1e-05,0.7,0.540376,489.32175
0.00071,8.27e-05,1e-05,0.8,0.40411025,489.2264
0.00071,8.27e-05,1e-05,0.9,0.44984213,482.0004
0.00071,8.27e-05,1e-05,1.0,0.41672772,480.61
0.00072,1e-04,0.0,0.0,0.36899716,299.7711
0.00072,1e-04,0.0,0.1,0.5925528,423.92496
0.00072,1e-04,0.0,0.2,0.7363292,462.44073
0.00072,1e-04,0.0,0.3,0.34755662,474.75266
0.00072,1e-04,0.0,0.4,0.5451254,480.36066
0.00072,1e-04,0.0,0.5,0.51410174,482.1814
0.00072,1e-04,0.0,0.6,0.49898446,481.94305
0.00072,1e-04,0.0,0.7,0.54038167,489.32132
0.00072,1e-04,0.0,0.8,0.40410915,489.22653
0.00072,1e-04,0.0,0.9,0.4498325,481.99915
0.00072,1e-04,0.0,1.0,0.41674286,480.61765
0.00072,6.69e-05,0.0,0.0,0.3694581,299.66315
0.00072,6.69e-05,0.0,0.1,0.5927576,423.95728
0.00072,6.69e-05,0.0,0.2,0.7363982,462.45404
0.00072,6.69e-05,0.0,0.3,0.34759554,474.75607
0.00072,6.69e-05,0.0,0.4,0.54510677,480.3536
0.00072,6.69e-05,0.0,0.5,0.5140977,482.17746
0.00072,6.69e-05,0.0,0.6,0.49914208,481.92966
0.00072,6.69e-05,0.0,0.7,0.54039747,489.31992
0.00072,6.69e-05,0.0,0.8,0.40410274,489.22748
0.00072,6.69e-05,0.0,0.9,0.44976524,481.9923
0.00072,6.69e-05,0.0,1.0,0.41686037,480.6764
0.00072,6.69e-05,1e-05,0.0,0.37001866,299.5337
0.00072,6.69e-05,1e-05,0.1,0.59314954,424.02017
0.00072,6.69e-05,1e-05,0.2,0.736817,462.5507
0.00072,6.69e-05,1e-05,0.3,0.34742743,474.7419
0.00072,6.69e-05,1e-05,0.4,0.54512864,480.36304
0.00072,6.69e-05,1e-05,0.5,0.51410306,482.18237
0.00072,6.69e-05,1e-05,0.6,0.4989701,481.94342
0.00072,6.69e-05,1e-05,0.7,0.5403838,489.32104
0.00072,6.69e-05,1e-05,0.8,0.40410715,489.22684
0.00072,6.69e-05,1e-05,0.9,0.44980973,481.99698
0.00072,6.69e-05,1e-05,1.0,0.41678378,480.63806
0.00076,0.0,0.0,0.0,0.37037924,299.4524
0.00076,0.0,0.0,0.1,0.59310764,424.01312
0.00076,0.0,0.0,0.2,0.736455,462.46313
0.00076,0.0,0.0,0.3,0.34771064,474.7663
0.00076,0.0,0.0,0.4,0.54507154,480.33948
0.00076,0.0,0.0,0.5,0.5140896,482.16986
0.00076,0.0,0.0,0.6,0.49948168,481.9035
0.00076,0.0,0.0,0.7,0.54043037,489.3172
0.00076,0.0,0.0,0.8,0.40408933,489.22952
0.00076,0.0,0.0,0.9,0.44962725,481.98068
0.00076,0.0,0.0,1.0,0.41709855,480.79547
0.00076,0.0,1e-05,0.0,0.37099698,299.3145
0.00076,0.0,1e-05,0.1,0.59350586,424.07782
0.00076,0.0,1e-05,0.2,0.7368727,462.56058
0.00076,0.0,1e-05,0.3,0.3475364,474.75125
0.00076,0.0,1e-05,0.4,0.5450891,480.3476
0.00076,0.0,1e-05,0.5,0.514094,482.1739
0.00076,0.0,1e-05,0.6,0.4993078,481.91568
0.00076,0.0,1e-05,0.7,0.5404168,489.31827
0.00076,0.0,1e-05,0.8,0.40409398,489.2288
0.00076,0.0,1e-05,0.9,0.4496721,481.98428
0.00076,0.0,1e-05,1.0,0.41702214,480.75732
0.00075,1.73e-05,0.0,0.0,0.3701319,299.5083
0.00075,1.73e-05,0.0,0.1,0.593016,423.99847
0.00075,1.73e-05,0.0,0.2,0.7364397,462.4606
0.00075,1.73e-05,0.0,0.3,0.34768072,474.76364
0.00075,1.73e-05,0.0,0.4,0.5450802,480.34296
0.00075,1.73e-05,0.0,0.5,0.5140915,482.17166
0.00075,1.73e-05,0.0,0.6,0.49939358,481.90994
0.00075,1.73e-05,0.0,0.7,0.5404219,489.31784
0.00075,1.73e-05,0.0,0.8,0.4040928,489.22897
0.00075,1.73e-05,0.0,0.9,0.44966304,481.9834
0.00075,1.73e-05,0.0,1.0,0.41703692,480.7647
0.00075,1.73e-05,1e-05,0.0,0.37073392,299.37274
0.00075,1.73e-05,1e-05,0.1,0.59341264,424.06262
0.00075,1.73e-05,1e-05,0.2,0.7368575,462.55783
0.00075,1.73e-05,1e-05,0.3,0.347508,474.7488
0.00075,1.73e-05,1e-05,0.4,0.54509884,480.35144
0.00075,1.73e-05,1e-05,0.5,0.5140962,482.17596
0.00075,1.73e-05,1e-05,0.6,0.4992203,481.92258
0.00075,1.73e-05,1e-05,0.7,0.5404083,489.3189
0.00075,1.73e-05,1e-05,0.8,0.40409735,489.22824
0.00075,1.73e-05,1e-05,0.9,0.44970784,481.98724
0.00075,1.73e-05,1e-05,1.0,0.4169607,480.72644
0.00074,3.46e-05,0.0,0.0,0.36989027,299.56335
0.00074,3.46e-05,0.0,0.1,0.5929248,423.98395
0.00074,3.46e-05,0.0,0.2,0.7364242,462.4581
0.00074,3.46e-05,0.0,0.3,0.34765115,474.761
0.00074,3.46e-05,0.0,0.4,0.5450891,480.3466
0.00074,3.46e-05,0.0,0.5,0.5140935,482.17365
0.00074,3.46e-05,0.0,0.6,0.4993059,481.9166
0.00074,3.46e-05,0.0,0.7,0.5404134,489.31857
0.00074,3.46e-05,0.0,0.8,0.4040963,489.22842
0.00074,3.46e-05,0.0,0.9,0.44969875,481.98627
0.00074,3.46e-05,0.0,1.0,0.4169751,480.7337
0.00073,5.1e-05,0.0,0.0,0.36966825,299.61447
0.00073,5.1e-05,0.0,0.1,0.5928395,423.9703
0.00073,5.1e-05,0.0,0.2,0.7364108,462.456
0.00073,5.1e-05,0.0,0.3,0.34762293,474.75854
0.00073,5.1e-05,0.0,0.4,0.54509795,480.35007
0.00073,5.1e-05,0.0,0.5,0.5140956,482.1756
0.00073,5.1e-05,0.0,0.6,0.49922282,481.92313
0.00073,5.1e-05,0.0,0.7,0.54040533,489.31927
0.00073,5.1e-05,0.0,0.8,0.4040996,489.2279
0.00073,5.1e-05,0.0,0.9,0.44973254,481.98926
0.00073,5.1e-05,0.0,1.0,0.41691655,480.70447
0.00073,5.1e-05,1e-05,0.0,0.37024155,299.4831
0.00073,5.1e-05,1e-05,0.1,0.59323305,424.03366
0.00073,5.1e-05,1e-05,0.2,0.7368291,462.55276
0.00073,5.1e-05,1e-05,0.3,0.34745345,474.7441
0.00073,5.1e-05,1e-05,0.4,0.54511887,480.35922
0.00073,5.1e-05,1e-05,0.5,0.51410073,482.18024
0.00073,5.1e-05,1e-05,0.6,0.49905032,481.93655
0.00073,5.1e-05,1e-05,0.7,0.5403917,489.32034
0.00073,5.1e-05,1e-05,0.8,0.40410405,489.22726
0.00073,5.1e-05,1e-05,0.9,0.449777,481.9936
0.00073,5.1e-05,1e-05,1.0,0.4168404,480.66644
0.00074,3.46e-05,1e-05,0.0,0.37047762,299.4299
0.00074,3.46e-05,1e-05,0.1,0.5933198,424.04764
0.00074,3.46e-05,1e-05,0.2,0.7368425,462.5551
0.00074,3.46e-05,1e-05,0.3,0.34748,474.74637
0.00074,3.46e-05,1e-05,0.4,0.545109,480.35538
0.00074,3.46e-05,1e-05,0.5,0.5140984,482.17813
0.00074,3.46e-05,1e-05,0.6,0.499133,481.92966
0.00074,3.46e-05,1e-05,0.7,0.5403998,489.31964
0.00074,3.46e-05,1e-05,0.8,0.40410078,489.22775
0.00074,3.46e-05,1e-05,0.9,0.44974345,481.9904
0.00074,3.46e-05,1e-05,1.0,0.41689885,480.6956
0.00072,1e-04,1e-05,0.0,0.36953065,299.6459
0.00072,1e-04,1e-05,0.1,0.59294116,423.9868
0.00072,1e-04,1e-05,0.2,0.73674905,462.53622
0.00072,1e-04,1e-05,0.3,0.34739056,474.7387
0.00072,1e-04,1e-05,0.4,0.5451492,480.3708
0.00072,1e-04,1e-05,0.5,0.5141076,482.1867
0.00072,1e-04,1e-05,0.6,0.4988132,481.9576
0.00072,1e-04,1e-05,0.7,0.54036796,489.32248
0.00072,1e-04,1e-05,0.8,0.40411356,489.22595
0.00072,1e-04,1e-05,0.9,0.44987673,482.00433
0.00072,1e-04,1e-05,1.0,0.41666675,480.57947
0.00073,8.27e-05,0.0,0.0,0.36921653,299.71948
0.00073,8.27e-05,0.0,0.1,0.5926425,423.93906
0.00073,8.27e-05,0.0,0.2,0.7363445,462.44315
0.00073,8.27e-05,0.0,0.3,0.34758526,474.7552
0.00073,8.27e-05,0.0,0.4,0.54511535,480.35675
0.00073,8.27e-05,0.0,0.5,0.51409936,482.1792
0.00073,8.27e-05,0.0,0.6,0.49907115,481.93564
0.00073,8.27e-05,0.0,0.7,0.5403902,489.3206
0.00073,8.27e-05,0.0,0.8,0.40410575,489.227
0.00073,8.27e-05,0.0,0.9,0.44979715,481.99542
0.00073,8.27e-05,0.0,1.0,0.41680428,480.6483
0.00073,8.27e-05,1e-05,0.0,0.36976305,299.59225
0.00073,8.27e-05,1e-05,0.1,0.59303266,424.00143
0.00073,8.27e-05,1e-05,0.2,0.73676425,462.53897
0.00073,8.27e-05,1e-05,0.3,0.3474177,474.74103
0.00073,8.27e-05,1e-05,0.4,0.545138,480.36646
0.00073,8.27e-05,1e-05,0.5,0.51410496,482.18417
0.00073,8.27e-05,1e-05,0.6,0.49889967,481.94977
0.00073,8.27e-05,1e-05,0.7,0.5403765,489.32172
0.00073,8.27e-05,1e-05,0.8,0.4041102,489.2264
0.00073,8.27e-05,1e-05,0.9,0.44984153,482.00027
0.00073,8.27e-05,1e-05,1.0,0.41672838,480.61032
0.00074,1e-04,0.0,0.0,0.36896086,299.77966
0.00074,1e-04,0.0,0.1,0.5925189,423.91962
0.00074,1e-04,0.0,0.2,0.7362875,462.43176
0.00074,1e-04,0.0,0.3,0.34757337,474.75406
0.00074,1e-04,0.0,0.4,0.5451249,480.36035
0.00074,1e-04,0.0,0.5,0.51410145,482.18115
0.00074,1e-04,0.0,0.6,0.49899334,481.94235
0.00074,1e-04,0.0,0.7,0.5403821,489.3213
0.00074,1e-04,0.0,0.8,0.40410903,489.22653
0.00074,1e-04,0.0,0.9,0.4498319,481.99908
0.00074,1e-04,0.0,1.0,0.41674328,480.61783
0.00074,6.69e-05,0.0,0.0,0.3694201,299.6719
0.00074,6.69e-05,0.0,0.1,0.59272337,423.95187
0.00074,6.69e-05,0.0,0.2,0.73635685,462.44504
0.00074,6.69e-05,0.0,0.3,0.3476126,474.75757
0.00074,6.69e-05,0.0,0.4,0.54510635,480.35327
0.00074,6.69e-05,0.0,0.5,0.5140973,482.17722
0.00074,6.69e-05,0.0,0.6,0.4991512,481.92902
0.00074,6.69e-05,0.0,0.7,0.54039794,489.3199
0.00074,6.69e-05,0.0,0.8,0.40410268,489.22748
0.00074,6.69e-05,0.0,0.9,0.44976467,481.99225
0.00074,6.69e-05,0.0,1.0,0.41686064,480.67654
0.00074,6.69e-05,1e-05,0.0,0.3699785,299.54285
0.00074,6.69e-05,1e-05,0.1,0.59311485,424.01456
0.00074,6.69e-05,1e-05,0.2,0.7367763,462.541
0.00074,6.69e-05,1e-05,0.3,0.34744355,474.74323
0.00074,6.69e-05,1e-05,0.4,0.54512787,480.3626
0.00074,6.69e-05,1e-05,0.5,0.51410264,482.18207
0.00074,6.69e-05,1e-05,0.6,0.49897924,481.94272
0.00074,6.69e-05,1e-05,0.7,0.5403843,489.321
0.00074,6.69e-05,1e-05,0.8,0.4041071,489.22684
0.00074,6.69e-05,1e-05,0.9,0.44980913,481.99686
0.00074,6.69e-05,1e-05,1.0,0.41678423,480.63828
0.00078,0.0,0.0,0.0,0.37033767,299.46176
0.00078,0.0,0.0,0.1,0.5930729,424.00757
0.00078,0.0,0.0,0.2,0.7364136,462.454
0.00078,0.0,0.0,0.3,0.34772822,474.76776
0.00078,0.0,0.0,0.4,0.5450716,480.33926
0.00078,0.0,0.0,0.5,0.51408935,482.1696
0.00078,0.0,0.0,0.6,0.49949068,481.90295
0.00078,0.0,0.0,0.7,0.54043084,489.31717
0.00078,0.0,0.0,0.8,0.40408927,489.22952
0.00078,0.0,0.0,0.9,0.4496267,481.98065
0.00078,0.0,0.0,1.0,0.41709906,480.7958
0.00078,0.0,1e-05,0.0,0.37095273,299.32422
0.00078,0.0,1e-05,0.1,0.5934705,424.0721
0.00078,0.0,1e-05,0.2,0.7368319,462.55075
0.00078,0.0,1e-05,0.3,0.34755298,474.75266
0.00078,0.0,1e-05,0.4,0.54508877,480.3473
0.00078,0.0,1e-05,0.5,0.5140937,482.17358
0.00078,0.0,1e-05,0.6,0.49931693,481.91504
0.00078,0.0,1e-05,0.7,0.5404172,489.31824
0.00078,0.0,1e-05,0.8,0.40409386,489.2288
0.00078,0.0,1e-05,0.9,0.44967154,481.9842
0.00078,0.0,1e-05,1.0,0.41702285,480.75766
0.00077,1.73e-05,1e-05,0.0,0.3706906,299.38235
0.00077,1.73e-05,1e-05,0.1,0.5933775,424.05692
0.00077,1.73e-05,1e-05,0.2,0.73681676,462.548
0.00077,1.73e-05,1e-05,0.3,0.34752452,474.75018
0.00077,1.73e-05,1e-05,0.4,0.5450984,480.35107
0.00077,1.73e-05,1e-05,0.5,0.5140959,482.17566
0.00077,1.73e-05,1e-05,0.6,0.4992294,481.92194
0.00077,1.73e-05,1e-05,0.7,0.5404088,489.31888
0.00077,1.73e-05,1e-05,0.8,0.40409723,489.22824
0.00077,1.73e-05,1e-05,0.9,0.4497072,481.98712
0.00077,1.73e-05,1e-05,1.0,0.4169612,480.72668
0.00077,1.73e-05,0.0,0.0,0.3700913,299.51755
0.00077,1.73e-05,0.0,0.1,0.59298146,423.99298
0.00077,1.73e-05,0.0,0.2,0.7363982,462.45148
0.00077,1.73e-05,0.0,0.3,0.3476983,474.76514
0.00077,1.73e-05,0.0,0.4,0.54508007,480.34268
0.00077,1.73e-05,0.0,0.5,0.51409125,482.17145
0.00077,1.73e-05,0.0,0.6,0.4994027,481.9094
0.00077,1.73e-05,0.0,0.7,0.54042244,489.31784
0.00077,1.73e-05,0.0,0.8,0.40409273,489.22897
0.00077,1.73e-05,0.0,0.9,0.44966254,481.9833
0.00077,1.73e-05,0.0,1.0,0.41703746,480.76495
0.00076,3.46e-05,1e-05,0.0,0.37043554,299.43933
0.00076,3.46e-05,1e-05,0.1,0.59328467,424.04193
0.00076,3.46e-05,1e-05,0.2,0.7368018,462.54535
0.00076,3.46e-05,1e-05,0.3,0.34749642,474.74777
0.00076,3.46e-05,1e-05,0.4,0.5451084,480.35498
0.00076,3.46e-05,1e-05,0.5,0.51409817,482.17783
0.00076,3.46e-05,1e-05,0.6,0.4991421,481.92892
0.00076,3.46e-05,1e-05,0.7,0.54040027,489.3196
0.00076,3.46e-05,1e-05,0.8,0.40410072,489.22778
0.00076,3.46e-05,1e-05,0.9,0.44974285,481.9903
0.00076,3.46e-05,1e-05,1.0,0.4168995,480.6959
0.00076,3.46e-05,0.0,0.0,0.36985078,299.57242
0.00076,3.46e-05,0.0,0.1,0.5928903,423.9784
0.00076,3.46e-05,0.0,0.2,0.73638296,462.449
0.00076,3.46e-05,0.0,0.3,0.34766844,474.76245
0.00076,3.46e-05,0.0,0.4,0.54508895,480.34628
0.00076,3.46e-05,0.0,0.5,0.5140933,482.17337
0.00076,3.46e-05,0.0,0.6,0.49931505,481.916
0.00076,3.46e-05,0.0,0.7,0.54041386,489.31854
0.00076,3.46e-05,0.0,0.8,0.40409616,489.22842
0.00076,3.46e-05,0.0,0.9,0.4496982,481.98624
0.00076,3.46e-05,0.0,1.0,0.41697592,480.73413
0.00075,5.1e-05,0.0,0.0,0.36962938,299.62344
0.00075,5.1e-05,0.0,0.1,0.592805,423.96475
0.00075,5.1e-05,0.0,0.2,0.7363693,462.4469
0.00075,5.1e-05,0.0,0.3,0.34764016,474.75998
0.00075,5.1e-05,0.0,0.4,0.5450976,480.34976
0.00075,5.1e-05,0.0,0.5,0.5140953,482.1753
0.00075,5.1e-05,0.0,0.6,0.4992317,481.9225
0.00075,5.1e-05,0.0,0.7,0.54040587,489.31924
0.00075,5.1e-05,0.0,0.8,0.4040995,489.2279
0.00075,5.1e-05,0.0,0.9,0.44973195,481.98917
0.00075,5.1e-05,0.0,1.0,0.41691715,480.70468
0.00075,5.1e-05,1e-05,0.0,0.37020063,299.49234
0.00075,5.1e-05,1e-05,0.1,0.593198,424.02798
0.00075,5.1e-05,1e-05,0.2,0.73678845,462.54303
0.00075,5.1e-05,1e-05,0.3,0.3474695,474.74545
0.00075,5.1e-05,1e-05,0.4,0.54511815,480.3588
0.00075,5.1e-05,1e-05,0.5,0.5141004,482.17993
0.00075,5.1e-05,1e-05,0.6,0.49905935,481.93582
0.00075,5.1e-05,1e-05,0.7,0.54039216,489.3203
0.00075,5.1e-05,1e-05,0.8,0.40410388,489.22726
0.00075,5.1e-05,1e-05,0.9,0.44977653,481.99356
0.00075,5.1e-05,1e-05,1.0,0.41684115,480.66675
0.00074,1e-04,1e-05,0.0,0.36949226,299.65475
0.00074,1e-04,1e-05,0.1,0.5929067,423.9813
0.00074,1e-04,1e-05,0.2,0.73670816,462.5266
0.00074,1e-04,1e-05,0.3,0.3474063,474.74002
0.00074,1e-04,1e-05,0.4,0.5451483,480.37027
0.00074,1e-04,1e-05,0.5,0.5141072,482.18634
0.00074,1e-04,1e-05,0.6,0.49882215,481.95688
0.00074,1e-04,1e-05,0.7,0.54036844,489.32245
0.00074,1e-04,1e-05,0.8,0.40411347,489.22595
0.00074,1e-04,1e-05,0.9,0.44987622,482.0042
0.00074,1e-04,1e-05,1.0,0.4166673,480.5798
0.00075,8.27e-05,0.0,0.0,0.3691796,299.72812
0.00075,8.27e-05,0.0,0.1,0.5926085,423.93375
0.00075,8.27e-05,0.0,0.2,0.7363031,462.4342
0.00075,8.27e-05,0.0,0.3,0.34760228,474.75662
0.00075,8.27e-05,0.0,0.4,0.5451149,480.35645
0.00075,8.27e-05,0.0,0.5,0.5140991,482.17892
0.00075,8.27e-05,0.0,0.6,0.49908036,481.9349
0.00075,8.27e-05,0.0,0.7,0.5403907,489.32056
0.00075,8.27e-05,0.0,0.8,0.40410566,489.227
0.00075,8.27e-05,0.0,0.9,0.4497965,481.9954
0.00075,8.27e-05,0.0,1.0,0.41680482,480.64853
0.00075,8.27e-05,1e-05,0.0,0.36972374,299.60126
0.00075,8.27e-05,1e-05,0.1,0.592998,423.99585
0.00075,8.27e-05,1e-05,0.2,0.73672336,462.52924
0.00075,8.27e-05,1e-05,0.3,0.34743366,474.74234
0.00075,8.27e-05,1e-05,0.4,0.54513717,480.366
0.00075,8.27e-05,1e-05,0.5,0.5141046,482.18393
0.00075,8.27e-05,1e-05,0.6,0.49890843,481.94907
0.00075,8.27e-05,1e-05,0.7,0.54037696,489.3217
0.00075,8.27e-05,1e-05,0.8,0.40411013,489.2264
0.00075,8.27e-05,1e-05,0.9,0.44984093,482.00018
0.00075,8.27e-05,1e-05,1.0,0.4167286,480.61053
0.00076,1e-04,0.0,0.0,0.36892474,299.7882
0.00076,1e-04,0.0,0.1,0.5924849,423.91425
0.00076,1e-04,0.0,0.2,0.7362458,462.42282
0.00076,1e-04,0.0,0.3,0.3475902,474.75552
0.00076,1e-04,0.0,0.4,0.5451245,480.36
0.00076,1e-04,0.0,0.5,0.5141011,482.18082
0.00076,1e-04,0.0,0.6,0.4990024,481.94168
0.00076,1e-04,0.0,0.7,0.54038256,489.32123
0.00076,1e-04,0.0,0.8,0.40410894,489.22653
0.00076,1e-04,0.0,0.9,0.44983137,481.99896
0.00076,1e-04,0.0,1.0,0.41674381,480.61804
0.00076,6.69e-05,0.0,0.0,0.36938235,299.68076
0.00076,6.69e-05,0.0,0.1,0.5926892,423.9464
0.00076,6.69e-05,0.0,0.2,0.7363153,462.43604
0.00076,6.69e-05,0.0,0.3,0.3476297,474.75903
0.00076,6.69e-05,0.0,0.4,0.54510605,480.35294
0.00076,6.69e-05,0.0,0.5,0.514097,482.17694
0.00076,6.69e-05,0.0,0.6,0.4991601,481.92838
0.00076,6.69e-05,0.0,0.7,0.5403984,489.31985
0.00076,6.69e-05,0.0,0.8,0.4041026,489.22748
0.00076,6.69e-05,0.0,0.9,0.44976407,481.99216
0.00076,6.69e-05,0.0,1.0,0.41686088,480.67667
0.00076,6.69e-05,1e-05,0.0,0.36993843,299.552
0.00076,6.69e-05,1e-05,0.1,0.59308004,424.00894
0.00076,6.69e-05,1e-05,0.2,0.7367354,462.53125
0.00076,6.69e-05,1e-05,0.3,0.34745952,474.7445
0.00076,6.69e-05,1e-05,0.4,0.54512733,480.36218
0.00076,6.69e-05,1e-05,0.5,0.5141023,482.1817
0.00076,6.69e-05,1e-05,0.6,0.49898803,481.94202
0.00076,6.69e-05,1e-05,0.7,0.54038477,489.32098
0.00076,6.69e-05,1e-05,0.8,0.40410706,489.22684
0.00076,6.69e-05,1e-05,0.9,0.44980857,481.99673
0.00076,6.69e-05,1e-05,1.0,0.41678494,480.63864
0.00079,1.73e-05,0.0,0.0,0.3700508,299.5267
0.00079,1.73e-05,0.0,0.1,0.5929469,423.98743
0.00079,1.73e-05,0.0,0.2,0.7363568,462.4424
0.00079,1.73e-05,0.0,0.3,0.34771574,474.76663
0.00079,1.73e-05,0.0,0.4,0.54508,480.34253
0.00079,1.73e-05,0.0,0.5,0.514091,482.17123
0.00079,1.73e-05,0.0,0.6,0.49941182,481.90875
0.00079,1.73e-05,0.0,0.7,0.5404228,489.31778
0.00079,1.73e-05,0.0,0.8,0.4040926,489.22897
0.00079,1.73e-05,0.0,0.9,0.44966197,481.98325
0.00079,1.73e-05,0.0,1.0,0.41703793,480.76523
0.0008,0.0,1e-05,0.0,0.3709084,299.33405
0.0008,0.0,1e-05,0.1,0.59343517,424.06628
0.0008,0.0,1e-05,0.2,0.7367912,462.54095
0.0008,0.0,1e-05,0.3,0.34756964,474.75403
0.0008,0.0,1e-05,0.4,0.5450886,480.347
0.0008,0.0,1e-05,0.5,0.5140934,482.17334
0.0008,0.0,1e-05,0.6,0.4993259,481.91443
0.0008,0.0,1e-05,0.7,0.54041773,489.31818
0.0008,0.0,1e-05,0.8,0.40409374,489.2288
0.0008,0.0,1e-05,0.9,0.44967097,481.98407
0.0008,0.0,1e-05,1.0,0.41702333,480.75793
0.0008,0.0,0.0,0.0,0.37029597,299.4712
0.0008,0.0,0.0,0.1,0.5930383,424.00204
0.0008,0.0,0.0,0.2,0.73637223,462.4449
0.0008,0.0,0.0,0.3,0.3477458,474.7693
0.0008,0.0,0.0,0.4,0.54507166,480.33908
0.0008,0.0,0.0,0.5,0.5140891,482.16937
0.0008,0.0,0.0,0.6,0.4994998,481.9023
0.0008,0.0,0.0,0.7,0.5404313,489.31714
0.0008,0.0,0.0,0.8,0.4040892,489.22955
0.0008,0.0,0.0,0.9,0.44962627,481.98053
0.0008,0.0,0.0,1.0,0.41709965,480.79608
0.00079,1.73e-05,1e-05,0.0,0.3706478,299.39188
0.00079,1.73e-05,1e-05,0.1,0.59334224,424.05124
0.00079,1.73e-05,1e-05,0.2,0.7367762,462.5383
0.00079,1.73e-05,1e-05,0.3,0.34754106,474.75156
0.00079,1.73e-05,1e-05,0.4,0.54509807,480.35074
0.00079,1.73e-05,1e-05,0.5,0.5140956,482.17538
0.00079,1.73e-05,1e-05,0.6,0.4992384,481.9212
0.00079,1.73e-05,1e-05,0.7,0.5404092,489.31885
0.00079,1.73e-05,1e-05,0.8,0.4040972,489.22824
0.00079,1.73e-05,1e-05,0.9,0.4497067,481.9871
0.00079,1.73e-05,1e-05,1.0,0.41696164,480.72693
0.00078,3.46e-05,0.0,0.0,0.36981127,299.58145
0.00078,3.46e-05,0.0,0.1,0.5928558,423.97287
0.00078,3.46e-05,0.0,0.2,0.7363415,462.43997
0.00078,3.46e-05,0.0,0.3,0.347686,474.764
0.00078,3.46e-05,0.0,0.4,0.5450888,480.346
0.00078,3.46e-05,0.0,0.5,0.5140929,482.17313
0.00078,3.46e-05,0.0,0.6,0.49932402,481.91534
0.00078,3.46e-05,0.0,0.7,0.54041433,489.31848
0.00078,3.46e-05,0.0,0.8,0.40409613,489.22845
0.00078,3.46e-05,0.0,0.9,0.44969764,481.9861
0.00078,3.46e-05,0.0,1.0,0.4169763,480.73428
0.00078,3.46e-05,1e-05,0.0,0.37039346,299.4488
0.00078,3.46e-05,1e-05,0.1,0.59324956,424.03625
0.00078,3.46e-05,1e-05,0.2,0.736761,462.5356
0.00078,3.46e-05,1e-05,0.3,0.34751284,474.74915
0.00078,3.46e-05,1e-05,0.4,0.54510796,480.3546
0.00078,3.46e-05,1e-05,0.5,0.5140978,482.17752
0.00078,3.46e-05,1e-05,0.6,0.4991511,481.92828
0.00078,3.46e-05,1e-05,0.7,0.5404007,489.31958
0.00078,3.46e-05,1e-05,0.8,0.4041006,489.22778
0.00078,3.46e-05,1e-05,0.9,0.4497422,481.9902
0.00078,3.46e-05,1e-05,1.0,0.41689992,480.6961
0.00077,5.1e-05,0.0,0.0,0.36959082,299.63235
0.00077,5.1e-05,0.0,0.1,0.5927708,423.9594
0.00077,5.1e-05,0.0,0.2,0.73632795,462.43793
0.00077,5.1e-05,0.0,0.3,0.34765738,474.76144
0.00077,5.1e-05,0.0,0.4,0.5450974,480.34943
0.00077,5.1e-05,0.0,0.5,0.51409495,482.17502
0.00077,5.1e-05,0.0,0.6,0.4992408,481.92184
0.00077,5.1e-05,0.0,0.7,0.5404063,489.31918
0.00077,5.1e-05,0.0,0.8,0.40409946,489.2279
0.00077,5.1e-05,0.0,0.9,0.4497314,481.98904
0.00077,5.1e-05,0.0,1.0,0.41691768,480.70502
0.00077,5.1e-05,1e-05,0.0,0.37015924,299.5017
0.00077,5.1e-05,1e-05,0.1,0.5931631,424.02234
0.00077,5.1e-05,1e-05,0.2,0.73674774,462.53333
0.00077,5.1e-05,1e-05,0.3,0.34748575,474.74677
0.00077,5.1e-05,1e-05,0.4,0.54511756,480.35843
0.00077,5.1e-05,1e-05,0.5,0.5141001,482.17963
0.00077,5.1e-05,1e-05,0.6,0.49906832,481.93518
0.00077,5.1e-05,1e-05,0.7,0.54039264,489.32028
0.00077,5.1e-05,1e-05,0.8,0.40410388,489.22726
0.00077,5.1e-05,1e-05,0.9,0.44977587,481.99344
0.00077,5.1e-05,1e-05,1.0,0.41684154,480.667
0.00076,1e-04,1e-05,0.0,0.36945406,299.6636
0.00076,1e-04,1e-05,0.1,0.59287226,423.97574
0.00076,1e-04,1e-05,0.2,0.7366673,462.51703
0.00076,1e-04,1e-05,0.3,0.34742206,474.7413
0.00076,1e-04,1e-05,0.4,0.54514754,480.36978
0.00076,1e-04,1e-05,0.5,0.5141068,482.186
0.00076,1e-04,1e-05,0.6,0.49883103,481.95612
0.00076,1e-04,1e-05,0.7,0.54036885,489.3224
0.00076,1e-04,1e-05,0.8,0.4041135,489.22595
0.00076,1e-04,1e-05,0.9,0.4498756,482.0041
0.00076,1e-04,1e-05,1.0,0.4166678,480.58008
0.00077,8.27e-05,0.0,0.0,0.36914277,299.73676
0.00077,8.27e-05,0.0,0.1,0.59257454,423.92844
0.00077,8.27e-05,0.0,0.2,0.73626137,462.42526
0.00077,8.27e-05,0.0,0.3,0.3476195,474.75806
0.00077,8.27e-05,0.0,0.4,0.5451145,480.3561
0.00077,8.27e-05,0.0,0.5,0.5140987,482.1786
0.00077,8.27e-05,0.0,0.6,0.49908927,481.93427
0.00077,8.27e-05,0.0,0.7,0.54039115,489.32053
0.00077,8.27e-05,0.0,0.8,0.4041055,489.227
0.00077,8.27e-05,0.0,0.9,0.44979596,481.99527
0.00077,8.27e-05,0.0,1.0,0.41680542,480.64883
0.00077,8.27e-05,1e-05,0.0,0.36968488,299.6102
0.00077,8.27e-05,1e-05,0.1,0.59296346,423.99033
0.00077,8.27e-05,1e-05,0.2,0.73668265,462.5197
0.00077,8.27e-05,1e-05,0.3,0.34744966,474.74365
0.00077,8.27e-05,1e-05,0.4,0.54513645,480.3656
0.00077,8.27e-05,1e-05,0.5,0.51410425,482.18353
0.00077,8.27e-05,1e-05,0.6,0.49891752,481.9483
0.00077,8.27e-05,1e-05,0.7,0.54037744,489.32162
0.00077,8.27e-05,1e-05,0.8,0.40410998,489.2264
0.00077,8.27e-05,1e-05,0.9,0.4498403,482.00012
0.00077,8.27e-05,1e-05,1.0,0.41672927,480.61078
0.00078,1e-04,0.0,0.0,0.36888894,299.79666
0.00078,1e-04,0.0,0.1,0.5924512,423.909
0.00078,1e-04,0.0,0.2,0.73620427,462.414
0.00078,1e-04,0.0,0.3,0.34760734,474.75696
0.00078,1e-04,0.0,0.4,0.545124,480.3596
0.00078,1e-04,0.0,0.5,0.5141008,482.1805
0.00078,1e-04,0.0,0.6,0.49901134,481.94098
0.00078,1e-04,0.0,0.7,0.5403831,489.32123
0.00078,1e-04,0.0,0.8,0.40410894,489.22653
0.00078,1e-04,0.0,0.9,0.4498308,481.99887
0.00078,1e-04,0.0,1.0,0.41674426,480.61823
0.00078,6.69e-05,0.0,0.0,0.3693446,299.68948
0.00078,6.69e-05,0.0,0.1,0.5926551,423.9411
0.00078,6.69e-05,0.0,0.2,0.7362738,462.4271
0.00078,6.69e-05,0.0,0.3,0.34764695,474.7605
0.00078,6.69e-05,0.0,0.4,0.54510576,480.35254
0.00078,6.69e-05,0.0,0.5,0.5140966,482.17664
0.00078,6.69e-05,0.0,0.6,0.49916935,481.9277
0.00078,6.69e-05,0.0,0.7,0.5403989,489.3198
0.00078,6.69e-05,0.0,0.8,0.40410253,489.22748
0.00078,6.69e-05,0.0,0.9,0.4497636,481.99203
0.00078,6.69e-05,0.0,1.0,0.4168616,480.677
0.00078,6.69e-05,1e-05,0.0,0.36989832,299.56116
0.00078,6.69e-05,1e-05,0.1,0.5930454,424.00345
0.00078,6.69e-05,1e-05,0.2,0.7366946,462.52167
0.00078,6.69e-05,1e-05,0.3,0.34747574,474.74588
0.00078,6.69e-05,1e-05,0.4,0.54512674,480.36172
0.00078,6.69e-05,1e-05,0.5,0.5141019,482.1814
0.00078,6.69e-05,1e-05,0.6,0.4989971,481.9413
0.00078,6.69e-05,1e-05,0.7,0.54038525,489.32095
0.00078,6.69e-05,1e-05,0.8,0.40410697,489.22684
0.00078,6.69e-05,1e-05,0.9,0.449808,481.99664
0.00078,6.69e-05,1e-05,1.0,0.4167853,480.63885
0.0008,3.46e-05,0.0,0.0,0.3697719,299.59055
0.0008,3.46e-05,0.0,0.1,0.5928215,423.96735
0.0008,3.46e-05,0.0,0.2,0.7363,462.43103
0.0008,3.46e-05,0.0,0.3,0.3477035,474.76553
0.0008,3.46e-05,0.0,0.4,0.54508865,480.34576
0.0008,3.46e-05,0.0,0.5,0.5140927,482.17285
0.0008,3.46e-05,0.0,0.6,0.49933314,481.91476
0.0008,3.46e-05,0.0,0.7,0.5404148,489.31845
0.0008,3.46e-05,0.0,0.8,0.40409604,489.22845
0.0008,3.46e-05,0.0,0.9,0.44969702,481.98602
0.0008,3.46e-05,0.0,1.0,0.41697693,480.73465
0.00081,1.73e-05,0.0,0.0,0.37001002,299.53595
0.00081,1.73e-05,0.0,0.1,0.59291244,423.9819
0.00081,1.73e-05,0.0,0.2,0.73631537,462.43347
0.00081,1.73e-05,0.0,0.3,0.3477334,474.76816
0.00081,1.73e-05,0.0,0.4,0.54508007,480.34225
0.00081,1.73e-05,0.0,0.5,0.51409066,482.17102
0.00081,1.73e-05,0.0,0.6,0.49942094,481.9081
0.00081,1.73e-05,0.0,0.7,0.54042333,489.3178
0.00081,1.73e-05,0.0,0.8,0.40409255,489.229
0.00081,1.73e-05,0.0,0.9,0.44966125,481.98315
0.00081,1.73e-05,0.0,1.0,0.41703853,480.76556
0.00081,1.73e-05,5e-06,0.0,0.37030306,299.46936
0.00081,1.73e-05,5e-06,0.1,0.59310883,424.01346
0.00081,1.73e-05,5e-06,0.2,0.73652637,462.48016
0.00081,1.73e-05,5e-06,0.3,0.34764433,474.76038
0.00081,1.73e-05,5e-06,0.4,0.5450883,480.3462
0.00081,1.73e-05,5e-06,0.5,0.5140929,482.17297
0.00081,1.73e-05,5e-06,0.6,0.49933413,481.91425
0.00081,1.73e-05,5e-06,0.7,0.54041654,489.3183
0.00081,1.73e-05,5e-06,0.8,0.40409482,489.22867
0.00081,1.73e-05,5e-06,0.9,0.4496837,481.985
0.00081,1.73e-05,5e-06,1.0,0.4170004,480.74634
0.00082,0.0,0.0,0.0,0.37025464,299.4805
0.00082,0.0,0.0,0.1,0.59300363,423.99646
0.00082,0.0,0.0,0.2,0.73633075,462.43588
0.00082,0.0,0.0,0.3,0.3477638,474.77094
0.00082,0.0,0.0,0.4,0.5450717,480.3389
0.00082,0.0,0.0,0.5,0.51408887,482.16916
0.00082,0.0,0.0,0.6,0.49950886,481.90173
0.00082,0.0,0.0,0.7,0.5404318,489.31708
0.00082,0.0,0.0,0.8,0.4040891,489.22955
0.00082,0.0,0.0,0.9,0.4496256,481.98044
0.00082,0.0,0.0,1.0,0.41710028,480.79636
0.00082,0.0,1e-05,0.0,0.3708644,299.3437
0.00082,0.0,1e-05,0.1,0.59340006,424.06058
0.00082,0.0,1e-05,0.2,0.7367505,462.53128
0.00082,0.0,1e-05,0.3,0.34758645,474.75546
0.00082,0.0,1e-05,0.4,0.5450883,480.3467
0.00082,0.0,1e-05,0.5,0.5140931,482.17313
0.00082,0.0,1e-05,0.6,0.4993351,481.91376
0.00082,0.0,1e-05,0.7,0.5404182,489.31815
0.00082,0.0,1e-05,0.8,0.40409362,489.22882
0.00082,0.0,1e-05,0.9,0.44967037,481.98404
0.00082,0.0,1e-05,1.0,0.41702396,480.7582
0.00081,1.73e-05,1e-05,0.0,0.37060472,299.40146
0.00081,1.73e-05,1e-05,0.1,0.59330714,424.04553
0.00081,1.73e-05,1e-05,0.2,0.7367354,462.5287
0.00081,1.73e-05,1e-05,0.3,0.34755766,474.75296
0.00081,1.73e-05,1e-05,0.4,0.5450977,480.35043
0.00081,1.73e-05,1e-05,0.5,0.5140953,482.17514
0.00081,1.73e-05,1e-05,0.6,0.4992475,481.92056
0.00081,1.73e-05,1e-05,0.7,0.5404097,489.31882
0.00081,1.73e-05,1e-05,0.8,0.40409717,489.22827
0.00081,1.73e-05,1e-05,0.9,0.44970614,481.98697
0.00081,1.73e-05,1e-05,1.0,0.41696233,480.72726
0.0008,3.46e-05,1e-05,0.0,0.37035158,299.45822
0.0008,3.46e-05,1e-05,0.1,0.59321475,424.03064
0.0008,3.46e-05,1e-05,0.2,0.73672026,462.52597
0.0008,3.46e-05,1e-05,0.3,0.34752923,474.7505
0.0008,3.46e-05,1e-05,0.4,0.5451075,480.35428
0.0008,3.46e-05,1e-05,0.5,0.5140975,482.1772
0.0008,3.46e-05,1e-05,0.6,0.49916017,481.92764
0.0008,3.46e-05,1e-05,0.7,0.5404012,489.31952
0.0008,3.46e-05,1e-05,0.8,0.4041006,489.22778
0.0008,3.46e-05,1e-05,0.9,0.44974172,481.99014
0.0008,3.46e-05,1e-05,1.0,0.41690055,480.69647
0.00079,5.1e-05,0.0,0.0,0.36955208,299.64124
0.00079,5.1e-05,0.0,0.1,0.59273654,423.95395
0.00079,5.1e-05,0.0,0.2,0.7362863,462.429
0.00079,5.1e-05,0.0,0.3,0.34767476,474.76294
0.00079,5.1e-05,0.0,0.4,0.5450973,480.34918
0.00079,5.1e-05,0.0,0.5,0.5140946,482.17477
0.00079,5.1e-05,0.0,0.6,0.49924982,481.9212
0.00079,5.1e-05,0.0,0.7,0.54040676,489.31915
0.00079,5.1e-05,0.0,0.8,0.40409935,489.22794
0.00079,5.1e-05,0.0,0.9,0.44973087,481.98895
0.00079,5.1e-05,0.0,1.0,0.41691825,480.70532
0.00079,5.1e-05,1e-05,0.0,0.37011838,299.51093
0.00079,5.1e-05,1e-05,0.1,0.59312826,424.0167
0.00079,5.1e-05,1e-05,0.2,0.73670685,462.52368
0.00079,5.1e-05,1e-05,0.3,0.34750196,474.74814
0.00079,5.1e-05,1e-05,0.4,0.545117,480.358
0.00079,5.1e-05,1e-05,0.5,0.5140997,482.17932
0.00079,5.1e-05,1e-05,0.6,0.49907738,481.93445
0.00079,5.1e-05,1e-05,0.7,0.54039305,489.32022
0.00079,5.1e-05,1e-05,0.8,0.40410385,489.22726
0.00079,5.1e-05,1e-05,0.9,0.4497754,481.99335
0.00079,5.1e-05,1e-05,1.0,0.41684225,480.6673
0.00078,1e-04,1e-05,0.0,0.36941615,299.6724
0.00078,1e-04,1e-05,0.1,0.592838,423.97028
0.00078,1e-04,1e-05,0.2,0.73662645,462.5075
0.00078,1e-04,1e-05,0.3,0.34743813,474.7426
0.00078,1e-04,1e-05,0.4,0.5451467,480.36932
0.00078,1e-04,1e-05,0.5,0.5141064,482.1856
0.00078,1e-04,1e-05,0.6,0.49884003,481.95538
0.00078,1e-04,1e-05,0.7,0.54036933,489.32236
0.00078,1e-04,1e-05,0.8,0.4041134,489.22595
0.00078,1e-04,1e-05,0.9,0.44987506,482.004
0.00078,1e-04,1e-05,1.0,0.4166683,480.58035
0.00079,8.27e-05,0.0,0.0,0.369106,299.7454
0.00079,8.27e-05,0.0,0.1,0.5925406,423.92307
0.00079,8.27e-05,0.0,0.2,0.7362197,462.41635
0.00079,8.27e-05,0.0,0.3,0.34763652,474.75955
0.00079,8.27e-05,0.0,0.4,0.5451142,480.35574
0.00079,8.27e-05,0.0,0.5,0.5140984,482.17828
0.00079,8.27e-05,0.0,0.6,0.49909836,481.9336
0.00079,8.27e-05,0.0,0.7,0.54039156,489.32047
0.00079,8.27e-05,0.0,0.8,0.40410554,489.22702
0.00079,8.27e-05,0.0,0.9,0.4497954,481.99515
0.00079,8.27e-05,0.0,1.0,0.41680598,480.6491
0.00079,8.27e-05,1e-05,0.0,0.369646,299.61914
0.00079,8.27e-05,1e-05,0.1,0.5929289,423.98477
0.00079,8.27e-05,1e-05,0.2,0.7366415,462.51013
0.00079,8.27e-05,1e-05,0.3,0.3474658,474.745
0.00079,8.27e-05,1e-05,0.4,0.5451357,480.3651
0.00079,8.27e-05,1e-05,0.5,0.51410383,482.1832
0.00079,8.27e-05,1e-05,0.6,0.49892664,481.94757
0.00079,8.27e-05,1e-05,0.7,0.5403779,489.3216
0.00079,8.27e-05,1e-05,0.8,0.40410995,489.22644
0.00079,8.27e-05,1e-05,0.9,0.44983977,482.0
0.00079,8.27e-05,1e-05,1.0,0.41672987,480.61108
0.0008,1e-04,0.0,0.0,0.3688534,299.80518
0.0008,1e-04,0.0,0.1,0.5924174,423.90363
0.0008,1e-04,0.0,0.2,0.7361625,462.4052
0.0008,1e-04,0.0,0.3,0.34762436,474.75842
0.0008,1e-04,0.0,0.4,0.5451236,480.35928
0.0008,1e-04,0.0,0.5,0.51410043,482.1802
0.0008,1e-04,0.0,0.6,0.49902034,481.94025
0.0008,1e-04,0.0,0.7,0.5403835,489.3212
0.0008,1e-04,0.0,0.8,0.4041088,489.22656
0.0008,1e-04,0.0,0.9,0.4498303,481.99875
0.0008,1e-04,0.0,1.0,0.4167447,480.61847
0.0008,6.69e-05,0.0,0.0,0.3693071,299.69827
0.0008,6.69e-05,0.0,0.1,0.59262097,423.93567
0.0008,6.69e-05,0.0,0.2,0.73623216,462.4182
0.0008,6.69e-05,0.0,0.3,0.34766424,474.76196
0.0008,6.69e-05,0.0,0.4,0.5451054,480.35226
0.0008,6.69e-05,0.0,0.5,0.5140964,482.1764
0.0008,6.69e-05,0.0,0.6,0.4991783,481.927
0.0008,6.69e-05,0.0,0.7,0.5403994,489.31982
0.0008,6.69e-05,0.0,0.8,0.40410247,489.2275
0.0008,6.69e-05,0.0,0.9,0.4497629,481.99194
0.0008,6.69e-05,0.0,1.0,0.4168622,480.67728
0.0008,6.69e-05,1e-05,0.0,0.36985865,299.5702
0.0008,6.69e-05,1e-05,0.1,0.5930107,423.9979
0.0008,6.69e-05,1e-05,0.2,0.73665375,462.51215
0.0008,6.69e-05,1e-05,0.3,0.34749198,474.74725
0.0008,6.69e-05,1e-05,0.4,0.545126,480.36136
0.0008,6.69e-05,1e-05,0.5,0.51410156,482.1811
0.0008,6.69e-05,1e-05,0.6,0.4990061,481.94058
0.0008,6.69e-05,1e-05,0.7,0.54038566,489.32092
0.0008,6.69e-05,1e-05,0.8,0.40410691,489.22684
0.0008,6.69e-05,1e-05,0.9,0.44980744,481.99652
0.0008,6.69e-05,1e-05,1.0,0.41678604,480.63925
0.00083,1.73e-05,0.0,0.0,0.3699699,299.54514
0.00083,1.73e-05,0.0,0.1,0.59287786,423.97635
0.00083,1.73e-05,0.0,0.2,0.7362737,462.4245
0.00083,1.73e-05,0.0,0.3,0.34775126,474.76968
0.00083,1.73e-05,0.0,0.4,0.54508007,480.34204
0.00083,1.73e-05,0.0,0.5,0.5140904,482.17072
0.00083,1.73e-05,0.0,0.6,0.49943006,481.90756
0.00083,1.73e-05,0.0,0.7,0.54042375,489.31778
0.00083,1.73e-05,0.0,0.8,0.4040925,489.22894
0.00083,1.73e-05,0.0,0.9,0.44966075,481.9831
0.00083,1.73e-05,0.0,1.0,0.41703895,480.76575
0.00084,0.0,0.0,0.0,0.3702133,299.48978
0.00084,0.0,0.0,0.1,0.59296906,423.99094
0.00084,0.0,0.0,0.2,0.73628914,462.42697
0.00084,0.0,0.0,0.3,0.34778166,474.77246
0.00084,0.0,0.0,0.4,0.54507184,480.33868
0.00084,0.0,0.0,0.5,0.5140885,482.16898
0.00084,0.0,0.0,0.6,0.49951822,481.90118
0.00084,0.0,0.0,0.7,0.5404323,489.31705
0.00084,0.0,0.0,0.8,0.4040891,489.22955
0.00084,0.0,0.0,0.9,0.44962502,481.9804
0.00084,0.0,0.0,1.0,0.4171007,480.7966
0.00084,0.0,1e-05,0.0,0.37082073,299.3534
0.00084,0.0,1e-05,0.1,0.59336483,424.05484
0.00084,0.0,1e-05,0.2,0.73670965,462.5217
0.00084,0.0,1e-05,0.3,0.34760332,474.7569
0.00084,0.0,1e-05,0.4,0.545088,480.34637
0.00084,0.0,1e-05,0.5,0.5140928,482.17285
0.00084,0.0,1e-05,0.6,0.49934417,481.91312
0.00084,0.0,1e-05,0.7,0.5404186,489.3181
0.00084,0.0,1e-05,0.8,0.40409356,489.22882
0.00084,0.0,1e-05,0.9,0.44966984,481.98392
0.00084,0.0,1e-05,1.0,0.41702434,480.7584
0.00083,1.73e-05,1e-05,0.0,0.3705622,299.411
0.00083,1.73e-05,1e-05,0.1,0.5932722,424.03986
0.00083,1.73e-05,1e-05,0.2,0.7366946,462.51898
0.00083,1.73e-05,1e-05,0.3,0.34757453,474.7544
0.00083,1.73e-05,1e-05,0.4,0.5450975,480.3501
0.00083,1.73e-05,1e-05,0.5,0.51409495,482.17484
0.00083,1.73e-05,1e-05,0.6,0.4992565,481.91995
0.00083,1.73e-05,1e-05,0.7,0.54041016,489.3188
0.00083,1.73e-05,1e-05,0.8,0.40409702,489.22827
0.00083,1.73e-05,1e-05,0.9,0.44970548,481.98688
0.00083,1.73e-05,1e-05,1.0,0.4169628,480.7275
0.00082,3.46e-05,0.0,0.0,0.36973247,299.59958
0.00082,3.46e-05,0.0,0.1,0.5927872,423.96194
0.00082,3.46e-05,0.0,0.2,0.73625827,462.42212
0.00082,3.46e-05,0.0,0.3,0.3477211,474.76703
0.00082,3.46e-05,0.0,0.4,0.54508865,480.34555
0.00082,3.46e-05,0.0,0.5,0.5140924,482.1726
0.00082,3.46e-05,0.0,0.6,0.49934214,481.91415
0.00082,3.46e-05,0.0,0.7,0.5404153,489.31845
0.00082,3.46e-05,0.0,0.8,0.40409598,489.22845
0.00082,3.46e-05,0.0,0.9,0.44969648,481.98596
0.00082,3.46e-05,0.0,1.0,0.41697752,480.73486
0.00081,5.1e-05,0.0,0.0,0.36951387,299.65012
0.00081,5.1e-05,0.0,0.1,0.5927024,423.94852
0.00081,5.1e-05,0.0,0.2,0.7362446,462.42007
0.00081,5.1e-05,0.0,0.3,0.3476922,474.76447
0.00081,5.1e-05,0.0,0.4,0.545097,480.3489
0.00081,5.1e-05,0.0,0.5,0.51409435,482.17444
0.00081,5.1e-05,0.0,0.6,0.49925894,481.92056
0.00081,5.1e-05,0.0,0.7,0.5404072,489.31912
0.00081,5.1e-05,0.0,0.8,0.4040993,489.22794
0.00081,5.1e-05,0.0,0.9,0.44973034,481.9889
0.00081,5.1e-05,0.0,1.0,0.41691887,480.70557
0.00082,3.46e-05,1e-05,0.0,0.37030992,299.46762
0.00082,3.46e-05,1e-05,0.1,0.5931798,424.025
0.00082,3.46e-05,1e-05,0.2,0.73667943,462.51645
0.00082,3.46e-05,1e-05,0.3,0.34754577,474.7519
0.00082,3.46e-05,1e-05,0.4,0.545107,480.3539
0.00082,3.46e-05,1e-05,0.5,0.5140972,482.17688
0.00082,3.46e-05,1e-05,0.6,0.49916926,481.92694
0.00082,3.46e-05,1e-05,0.7,0.5404017,489.3195
0.00082,3.46e-05,1e-05,0.8,0.40410048,489.22772
0.00082,3.46e-05,1e-05,0.9,0.44974118,481.99002
0.00082,3.46e-05,1e-05,1.0,0.41690114,480.69672
0.00081,5.1e-05,1e-05,0.0,0.37007782,299.5201
0.00081,5.1e-05,1e-05,0.1,0.5930935,424.0111
0.00081,5.1e-05,1e-05,0.2,0.736666,462.51413
0.00081,5.1e-05,1e-05,0.3,0.34751847,474.7495
0.00081,5.1e-05,1e-05,0.4,0.54511666,480.35764
0.00081,5.1e-05,1e-05,0.5,0.51409936,482.179
0.00081,5.1e-05,1e-05,0.6,0.49908635,481.9338
0.00081,5.1e-05,1e-05,0.7,0.5403936,489.3202
0.00081,5.1e-05,1e-05,0.8,0.4041037,489.2273
0.00081,5.1e-05,1e-05,0.9,0.44977474,481.99323
0.00081,5.1e-05,1e-05,1.0,0.41684255,480.66745
0.0008,1e-04,1e-05,0.0,0.36937836,299.68127
0.0008,1e-04,1e-05,0.1,0.5928036,423.96478
0.0008,1e-04,1e-05,0.2,0.73658514,462.49808
0.0008,1e-04,1e-05,0.3,0.34745422,474.74393
0.0008,1e-04,1e-05,0.4,0.54514587,480.36884
0.0008,1e-04,1e-05,0.5,0.51410604,482.18527
0.0008,1e-04,1e-05,0.6,0.49884897,481.95465
0.0008,1e-04,1e-05,0.7,0.5403698,489.32233
0.0008,1e-04,1e-05,0.8,0.40411326,489.22598
0.0008,1e-04,1e-05,0.9,0.44987452,482.00388
0.0008,1e-04,1e-05,1.0,0.41666895,480.58057
0.00081,8.27e-05,0.0,0.0,0.36906934,299.75403
0.00081,8.27e-05,0.0,0.1,0.59250677,423.91766
0.00081,8.27e-05,0.0,0.2,0.73617804,462.4076
0.00081,8.27e-05,0.0,0.3,0.3476538,474.76102
0.00081,8.27e-05,0.0,0.4,0.54511386,480.3554
0.00081,8.27e-05,0.0,0.5,0.51409805,482.17804
0.00081,8.27e-05,0.0,0.6,0.49910742,481.9329
0.00081,8.27e-05,0.0,0.7,0.54039204,489.32043
0.00081,8.27e-05,0.0,0.8,0.40410542,489.22702
0.00081,8.27e-05,0.0,0.9,0.44979483,481.99506
0.00081,8.27e-05,0.0,1.0,0.41680643,480.6494
0.00081,8.27e-05,1e-05,0.0,0.36960712,299.62814
0.00081,8.27e-05,1e-05,0.1,0.59289443,423.97928
0.00081,8.27e-05,1e-05,0.2,0.73660064,462.50064
0.00081,8.27e-05,1e-05,0.3,0.34748194,474.7463
0.00081,8.27e-05,1e-05,0.4,0.545135,480.3647
0.00081,8.27e-05,1e-05,0.5,0.5141035,482.18295
0.00081,8.27e-05,1e-05,0.6,0.4989356,481.94687
0.00081,8.27e-05,1e-05,0.7,0.54037833,489.3216
0.00081,8.27e-05,1e-05,0.8,0.4041099,489.22644
0.00081,8.27e-05,1e-05,0.9,0.44983923,481.9999
0.00081,8.27e-05,1e-05,1.0,0.41673043,480.6113
0.00082,1e-04,0.0,0.0,0.36881772,299.8136
0.00082,1e-04,0.0,0.1,0.59238374,423.89832
0.00082,1e-04,0.0,0.2,0.7361206,462.39655
0.00082,1e-04,0.0,0.3,0.34764162,474.75992
0.00082,1e-04,0.0,0.4,0.5451231,480.35892
0.00082,1e-04,0.0,0.5,0.5141001,482.1799
0.00082,1e-04,0.0,0.6,0.49902934,481.9395
0.00082,1e-04,0.0,0.7,0.54038393,489.32114
0.00082,1e-04,0.0,0.8,0.40410876,489.22656
0.00082,1e-04,0.0,0.9,0.44982964,481.99866
0.00082,1e-04,0.0,1.0,0.41674516,480.61868
0.00082,6.69e-05,0.0,0.0,0.36926955,299.707
0.00082,6.69e-05,0.0,0.1,0.59258705,423.9303
0.00082,6.69e-05,0.0,0.2,0.7361904,462.4094
0.00082,6.69e-05,0.0,0.3,0.34768173,474.7635
0.00082,6.69e-05,0.0,0.4,0.5451053,480.35202
0.00082,6.69e-05,0.0,0.5,0.514096,482.1761
0.00082,6.69e-05,0.0,0.6,0.4991873,481.92633
0.00082,6.69e-05,0.0,0.7,0.5403998,489.3198
0.00082,6.69e-05,0.0,0.8,0.4041023,489.2275
0.00082,6.69e-05,0.0,0.9,0.4497624,481.99188
0.00082,6.69e-05,0.0,1.0,0.41686273,480.67758
0.00082,6.69e-05,1e-05,0.0,0.36981902,299.5793
0.00082,6.69e-05,1e-05,0.1,0.5929762,423.9923
0.00082,6.69e-05,1e-05,0.2,0.73661274,462.50266
0.00082,6.69e-05,1e-05,0.3,0.34750828,474.74857
0.00082,6.69e-05,1e-05,0.4,0.5451255,480.3609
0.00082,6.69e-05,1e-05,0.5,0.5141012,482.18076
0.00082,6.69e-05,1e-05,0.6,0.49901503,481.9399
0.00082,6.69e-05,1e-05,0.7,0.54038614,489.32086
0.00082,6.69e-05,1e-05,0.8,0.40410683,489.22687
0.00082,6.69e-05,1e-05,0.9,0.4498069,481.99643
0.00082,6.69e-05,1e-05,1.0,0.41678667,480.6395
0.00085,1.73e-05,0.0,0.0,0.3699299,299.55426
0.00085,1.73e-05,0.0,0.1,0.59284365,423.97092
0.00085,1.73e-05,0.0,0.2,0.7362321,462.41565
0.00085,1.73e-05,0.0,0.3,0.34776908,474.77127
0.00085,1.73e-05,0.0,0.4,0.5450801,480.34186
0.00085,1.73e-05,0.0,0.5,0.5140901,482.17053
0.00085,1.73e-05,0.0,0.6,0.49943924,481.90692
0.00085,1.73e-05,0.0,0.7,0.5404242,489.31775
0.00085,1.73e-05,0.0,0.8,0.40409243,489.22894
0.00085,1.73e-05,0.0,0.9,0.44966018,481.983
0.00085,1.73e-05,0.0,1.0,0.41703957,480.76602
0.00085,1.73e-05,5e-06,0.0,0.37022015,299.48804
0.00085,1.73e-05,5e-06,0.1,0.5930396,424.00232
0.00085,1.73e-05,5e-06,0.2,0.73644376,462.4617
0.00085,1.73e-05,5e-06,0.3,0.34767896,474.76343
0.00085,1.73e-05,5e-06,0.4,0.5450881,480.34567
0.00085,1.73e-05,5e-06,0.5,0.51409227,482.17245
0.00085,1.73e-05,5e-06,0.6,0.49935228,481.913
0.00085,1.73e-05,5e-06,0.7,0.54041743,489.31824
0.00085,1.73e-05,5e-06,0.8,0.4040947,489.2286
0.00085,1.73e-05,5e-06,0.9,0.44968253,481.98483
0.00085,1.73e-05,5e-06,1.0,0.41700134,480.74683
0.00086,0.0,0.0,0.0,0.37017208,299.49908
0.00086,0.0,0.0,0.1,0.59293455,423.98538
0.00086,0.0,0.0,0.2,0.7362476,462.41806
0.00086,0.0,0.0,0.3,0.3477997,474.77405
0.00086,0.0,0.0,0.4,0.545072,480.33853
0.00086,0.0,0.0,0.5,0.5140883,482.1687
0.00086,0.0,0.0,0.6,0.49952728,481.90063
0.00086,0.0,0.0,0.7,0.5404327,489.31702
0.00086,0.0,0.0,0.8,0.4040889,489.22955
0.00086,0.0,0.0,0.9,0.44962442,481.9803
0.00086,0.0,0.0,1.0,0.41710135,480.79688
0.00086,0.0,1e-05,0.0,0.3707768,299.36316
0.00086,0.0,1e-05,0.1,0.59332967,424.04913
0.00086,0.0,1e-05,0.2,0.7366687,462.51212
0.00086,0.0,1e-05,0.3,0.34762025,474.75833
0.00086,0.0,1e-05,0.4,0.5450879,480.34607
0.00086,0.0,1e-05,0.5,0.51409256,482.17255
0.00086,0.0,1e-05,0.6,0.4993533,481.91257
0.00086,0.0,1e-05,0.7,0.5404191,489.31808
0.00086,0.0,1e-05,0.8,0.4040935,489.22882
0.00086,0.0,1e-05,0.9,0.44966936,481.9839
0.00086,0.0,1e-05,1.0,0.41702473,480.75864
0.00085,1.73e-05,1e-05,0.0,0.37051946,299.4205
0.00085,1.73e-05,1e-05,0.1,0.59323704,424.0342
0.00085,1.73e-05,1e-05,0.2,0.7366537,462.50946
0.00085,1.73e-05,1e-05,0.3,0.34759125,474.75577
0.00085,1.73e-05,1e-05,0.4,0.54509705,480.3498
0.00085,1.73e-05,1e-05,0.5,0.5140946,482.17462
0.00085,1.73e-05,1e-05,0.6,0.4992656,481.9193
0.00085,1.73e-05,1e-05,0.7,0.54041064,489.31882
0.00085,1.73e-05,1e-05,0.8,0.4040969,489.22827
0.00085,1.73e-05,1e-05,0.9,0.44970497,481.98682
0.00085,1.73e-05,1e-05,1.0,0.41696328,480.72775
0.00084,3.46e-05,0.0,0.0,0.3696938,299.6085
0.00084,3.46e-05,0.0,0.1,0.59275293,423.95645
0.00084,3.46e-05,0.0,0.2,0.73621655,462.41324
0.00084,3.46e-05,0.0,0.3,0.3477388,474.76855
0.00084,3.46e-05,0.0,0.4,0.5450886,480.34528
0.00084,3.46e-05,0.0,0.5,0.5140921,482.1724
0.00084,3.46e-05,0.0,0.6,0.4993513,481.91348
0.00084,3.46e-05,0.0,0.7,0.54041576,489.31842
0.00084,3.46e-05,0.0,0.8,0.40409592,489.22845
0.00084,3.46e-05,0.0,0.9,0.44969594,481.98587
0.00084,3.46e-05,0.0,1.0,0.4169781,480.73517
0.00084,3.46e-05,1e-05,0.0,0.3702684,299.4769
0.00084,3.46e-05,1e-05,0.1,0.5931449,424.01938
0.00084,3.46e-05,1e-05,0.2,0.73663837,462.50687
0.00084,3.46e-05,1e-05,0.3,0.34756255,474.75327
0.00084,3.46e-05,1e-05,0.4,0.54510665,480.3536
0.00084,3.46e-05,1e-05,0.5,0.51409686,482.17664
0.00084,3.46e-05,1e-05,0.6,0.49917817,481.9263
0.00084,3.46e-05,1e-05,0.7,0.5404022,489.31946
0.00084,3.46e-05,1e-05,0.8,0.40410042,489.2278
0.00084,3.46e-05,1e-05,0.9,0.44974053,481.98993
0.00084,3.46e-05,1e-05,1.0,0.4169016,480.69693
0.00083,5.1e-05,0.0,0.0,0.36947572,299.65894
0.00083,5.1e-05,0.0,0.1,0.5926683,423.9431
0.00083,5.1e-05,0.0,0.2,0.73620296,462.4112
0.00083,5.1e-05,0.0,0.3,0.3477098,474.76602
0.00083,5.1e-05,0.0,0.4,0.54509693,480.34863
0.00083,5.1e-05,0.0,0.5,0.514094,482.17426
0.00083,5.1e-05,0.0,0.6,0.499268,481.91992
0.00083,5.1e-05,0.0,0.7,0.54040766,489.3191
0.00083,5.1e-05,0.0,0.8,0.4040992,489.22794
0.00083,5.1e-05,0.0,0.9,0.44972965,481.9888
0.00083,5.1e-05,0.0,1.0,0.41691932,480.70584
0.00083,5.1e-05,1e-05,0.0,0.37003732,299.52933
0.00083,5.1e-05,1e-05,0.1,0.59305894,424.00555
0.00083,5.1e-05,1e-05,0.2,0.73662513,462.50464
0.00083,5.1e-05,1e-05,0.3,0.34753504,474.7509
0.00083,5.1e-05,1e-05,0.4,0.54511607,480.35727
0.00083,5.1e-05,1e-05,0.5,0.514099,482.17874
0.00083,5.1e-05,1e-05,0.6,0.49909535,481.93307
0.00083,5.1e-05,1e-05,0.7,0.54039407,489.32016
0.00083,5.1e-05,1e-05,0.8,0.4041037,489.2273
0.00083,5.1e-05,1e-05,0.9,0.4497742,481.99313
0.00083,5.1e-05,1e-05,1.0,0.41684318,480.66772
0.00082,1e-04,1e-05,0.0,0.36934093,299.68994
0.00082,1e-04,1e-05,0.1,0.5927694,423.95932
0.00082,1e-04,1e-05,0.2,0.73654413,462.48868
0.00082,1e-04,1e-05,0.3,0.34747043,474.74527
0.00082,1e-04,1e-05,0.4,0.54514515,480.36844
0.00082,1e-04,1e-05,0.5,0.5141057,482.18494
0.00082,1e-04,1e-05,0.6,0.49885792,481.95392
0.00082,1e-04,1e-05,0.7,0.54037035,489.32233
0.00082,1e-04,1e-05,0.8,0.40411326,489.22598
0.00082,1e-04,1e-05,0.9,0.44987392,482.00375
0.00082,1e-04,1e-05,1.0,0.41666916,480.58075
0.00083,8.27e-05,0.0,0.0,0.36903286,299.7626
0.00083,8.27e-05,0.0,0.1,0.592473,423.9124
0.00083,8.27e-05,0.0,0.2,0.7361362,462.39886
0.00083,8.27e-05,0.0,0.3,0.34767124,474.7625
0.00083,8.27e-05,0.0,0.4,0.54511356,480.35507
0.00083,8.27e-05,0.0,0.5,0.51409775,482.17773
0.00083,8.27e-05,0.0,0.6,0.49911648,481.93222
0.00083,8.27e-05,0.0,0.7,0.5403925,489.3204
0.00083,8.27e-05,0.0,0.8,0.40410542,489.22702
0.00083,8.27e-05,0.0,0.9,0.44979423,481.99493
0.00083,8.27e-05,0.0,1.0,0.41680712,480.64966
0.00083,8.27e-05,1e-05,0.0,0.3695685,299.637
0.00083,8.27e-05,1e-05,0.1,0.59286004,423.9738
0.00083,8.27e-05,1e-05,0.2,0.73655957,462.49133
0.00083,8.27e-05,1e-05,0.3,0.34749836,474.7477
0.00083,8.27e-05,1e-05,0.4,0.5451345,480.36426
0.00083,8.27e-05,1e-05,0.5,0.5141031,482.18253
0.00083,8.27e-05,1e-05,0.6,0.49894458,481.94614
0.00083,8.27e-05,1e-05,0.7,0.5403788,489.32156
0.00083,8.27e-05,1e-05,0.8,0.40410978,489.22644
0.00083,8.27e-05,1e-05,0.9,0.44983864,481.9998
0.00083,8.27e-05,1e-05,1.0,0.41673106,480.61157
0.00084,1e-04,0.0,0.0,0.36878213,299.82205
0.00084,1e-04,0.0,0.1,0.5923501,423.8931
0.00084,1e-04,0.0,0.2,0.7360788,462.38794
0.00084,1e-04,0.0,0.3,0.34765902,474.76135
0.00084,1e-04,0.0,0.4,0.54512286,480.35858
0.00084,1e-04,0.0,0.5,0.5140997,482.17957
0.00084,1e-04,0.0,0.6,0.49903834,481.93887
0.00084,1e-04,0.0,0.7,0.5403844,489.3211
0.00084,1e-04,0.0,0.8,0.4041087,489.22656
0.00084,1e-04,0.0,0.9,0.44982916,481.99854
0.00084,1e-04,0.0,1.0,0.41674608,480.6191
0.00084,6.69e-05,0.0,0.0,0.36923254,299.7157
0.00084,6.69e-05,0.0,0.1,0.5925531,423.92493
0.00084,6.69e-05,0.0,0.2,0.73614866,462.40067
0.00084,6.69e-05,0.0,0.3,0.3476991,474.76498
0.00084,6.69e-05,0.0,0.4,0.54510504,480.3517
0.00084,6.69e-05,0.0,0.5,0.5140958,482.17587
0.00084,6.69e-05,0.0,0.6,0.4991964,481.92572
0.00084,6.69e-05,0.0,0.7,0.54040027,489.31976
0.00084,6.69e-05,0.0,0.8,0.40410233,489.2275
0.00084,6.69e-05,0.0,0.9,0.4497618,481.9918
0.00084,6.69e-05,0.0,1.0,0.4168632,480.67776
0.00084,6.69e-05,1e-05,0.0,0.36977974,299.58832
0.00084,6.69e-05,1e-05,0.1,0.5929416,423.98682
0.00084,6.69e-05,1e-05,0.2,0.7365716,462.49323
0.00084,6.69e-05,1e-05,0.3,0.34752497,474.74997
0.00084,6.69e-05,1e-05,0.4,0.5451249,480.3605
0.00084,6.69e-05,1e-05,0.5,0.51410085,482.1805
0.00084,6.69e-05,1e-05,0.6,0.49902415,481.9392
0.00084,6.69e-05,1e-05,0.7,0.5403867,489.32083
0.00084,6.69e-05,1e-05,0.8,0.4041067,489.22687
0.00084,6.69e-05,1e-05,0.9,0.44980633,481.99637
0.00084,6.69e-05,1e-05,1.0,0.41678697,480.63965
0.00087,1.73e-05,0.0,0.0,0.36988994,299.56335
0.00087,1.73e-05,0.0,0.1,0.5928092,423.9654
0.00087,1.73e-05,0.0,0.2,0.73619044,462.4069
0.00087,1.73e-05,0.0,0.3,0.3477871,474.7729
0.00087,1.73e-05,0.0,0.4,0.54508024,480.34167
0.00087,1.73e-05,0.0,0.5,0.5140899,482.17026
0.00087,1.73e-05,0.0,0.6,0.4994483,481.9063
0.00087,1.73e-05,0.0,0.7,0.5404247,489.3177
0.00087,1.73e-05,0.0,0.8,0.40409234,489.229
0.00087,1.73e-05,0.0,0.9,0.44965965,481.98288
0.00087,1.73e-05,0.0,1.0,0.4170401,480.76633
0.00086,3.46e-05,0.0,0.0,0.36965466,299.61743
0.00086,3.46e-05,0.0,0.1,0.59271884,423.95108
0.00086,3.46e-05,0.0,0.2,0.7361749,462.40448
0.00086,3.46e-05,0.0,0.3,0.3477566,474.7701
0.00086,3.46e-05,0.0,0.4,0.5450885,480.34503
0.00086,3.46e-05,0.0,0.5,0.51409185,482.17212
0.00086,3.46e-05,0.0,0.6,0.49936044,481.91284
0.00086,3.46e-05,0.0,0.7,0.54041624,489.31836
0.00086,3.46e-05,0.0,0.8,0.4040958,489.2285
0.00086,3.46e-05,0.0,0.9,0.44969535,481.98575
0.00086,3.46e-05,0.0,1.0,0.4169785,480.73544
0.00088,0.0,0.0,0.0,0.37013143,299.5083
0.00088,0.0,0.0,0.1,0.59290004,423.97986
0.00088,0.0,0.0,0.2,0.7362059,462.40927
0.00088,0.0,0.0,0.3,0.3478178,474.7756
0.00088,0.0,0.0,0.4,0.54507214,480.33838
0.00088,0.0,0.0,0.5,0.5140881,482.1685
0.00088,0.0,0.0,0.6,0.49953648,481.90002
0.00088,0.0,0.0,0.7,0.54043317,489.31705
0.00088,0.0,0.0,0.8,0.40408885,489.22955
0.00088,0.0,0.0,0.9,0.4496238,481.98026
0.00088,0.0,0.0,1.0,0.41710192,480.7972
0.00088,0.0,1e-05,0.0,0.37073332,299.37277
0.00088,0.0,1e-05,0.1,0.5932946,424.04346
0.00088,0.0,1e-05,0.2,0.7366279,462.50262
0.00088,0.0,1e-05,0.3,0.34763736,474.75983
0.00088,0.0,1e-05,0.4,0.5450877,480.34583
0.00088,0.0,1e-05,0.5,0.51409227,482.17233
0.00088,0.0,1e-05,0.6,0.4993623,481.91193
0.00088,0.0,1e-05,0.7,0.5404196,489.31802
0.00088,0.0,1e-05,0.8,0.40409344,489.22882
0.00088,0.0,1e-05,0.9,0.44966862,481.98376
0.00088,0.0,1e-05,1.0,0.41702545,480.75894
0.00087,1.73e-05,1e-05,0.0,0.37047678,299.43005
0.00087,1.73e-05,1e-05,0.1,0.59320223,424.02856
0.00087,1.73e-05,1e-05,0.2,0.7366126,462.5
0.00087,1.73e-05,1e-05,0.3,0.34760824,474.75726
0.00087,1.73e-05,1e-05,0.4,0.5450968,480.34946
0.00087,1.73e-05,1e-05,0.5,0.51409435,482.17432
0.00087,1.73e-05,1e-05,0.6,0.49927476,481.91867
0.00087,1.73e-05,1e-05,0.7,0.54041106,489.31876
0.00087,1.73e-05,1e-05,0.8,0.40409693,489.22827
0.00087,1.73e-05,1e-05,0.9,0.4497043,481.98672
0.00087,1.73e-05,1e-05,1.0,0.416964,480.72806
0.00086,3.46e-05,1e-05,0.0,0.37022695,299.48627
0.00086,3.46e-05,1e-05,0.1,0.5931101,424.01373
0.00086,3.46e-05,1e-05,0.2,0.7365973,462.49747
0.00086,3.46e-05,1e-05,0.3,0.34757912,474.7547
0.00086,3.46e-05,1e-05,0.4,0.5451063,480.35324
0.00086,3.46e-05,1e-05,0.5,0.5140965,482.17636
0.00086,3.46e-05,1e-05,0.6,0.4991872,481.9256
0.00086,3.46e-05,1e-05,0.7,0.54040265,489.31946
0.00086,3.46e-05,1e-05,0.8,0.4041003,489.2278
0.00086,3.46e-05,1e-05,0.9,0.44974,481.98987
0.00086,3.46e-05,1e-05,1.0,0.416902,480.69714
0.00085,5.1e-05,0.0,0.0,0.36943775,299.66776
0.00085,5.1e-05,0.0,0.1,0.59263414,423.93774
0.00085,5.1e-05,0.0,0.2,0.73616135,462.40247
0.00085,5.1e-05,0.0,0.3,0.34772748,474.7675
0.00085,5.1e-05,0.0,0.4,0.5450968,480.3484
0.00085,5.1e-05,0.0,0.5,0.51409376,482.17392
0.00085,5.1e-05,0.0,0.6,0.49927706,481.91928
0.00085,5.1e-05,0.0,0.7,0.54040813,489.31903
0.00085,5.1e-05,0.0,0.8,0.4040991,489.22797
0.00085,5.1e-05,0.0,0.9,0.44972914,481.98874
0.00085,5.1e-05,0.0,1.0,0.41691983,480.70602
0.00085,5.1e-05,1e-05,0.0,0.36999714,299.53854
0.00085,5.1e-05,1e-05,0.1,0.5930242,424.00003
0.00085,5.1e-05,1e-05,0.2,0.736584,462.49524
0.00085,5.1e-05,1e-05,0.3,0.34755167,474.7523
0.00085,5.1e-05,1e-05,0.4,0.5451156,480.35693
0.00085,5.1e-05,1e-05,0.5,0.51409864,482.17844
0.00085,5.1e-05,1e-05,0.6,0.49910426,481.93243
0.00085,5.1e-05,1e-05,0.7,0.54039454,489.32013
0.00085,5.1e-05,1e-05,0.8,0.40410358,489.2273
0.00085,5.1e-05,1e-05,0.9,0.4497737,481.99307
0.00085,5.1e-05,1e-05,1.0,0.4168437,480.66797
0.00084,1e-04,1e-05,0.0,0.3693033,299.69873
0.00084,1e-04,1e-05,0.1,0.5927351,423.95395
0.00084,1e-04,1e-05,0.2,0.7365031,462.4794
0.00084,1e-04,1e-05,0.3,0.34748664,474.74658
0.00084,1e-04,1e-05,0.4,0.54514444,480.36795
0.00084,1e-04,1e-05,0.5,0.5141053,482.1846
0.00084,1e-04,1e-05,0.6,0.49886686,481.9532
0.00084,1e-04,1e-05,0.7,0.5403708,489.32224
0.00084,1e-04,1e-05,0.8,0.40411314,489.22598
0.00084,1e-04,1e-05,0.9,0.44987336,482.00366
0.00084,1e-04,1e-05,1.0,0.41666985,480.58102
0.00085,8.27e-05,0.0,0.0,0.36899647,299.77115
0.00085,8.27e-05,0.0,0.1,0.59243906,423.90707
0.00085,8.27e-05,0.0,0.2,0.7360943,462.3902
0.00085,8.27e-05,0.0,0.3,0.34768867,474.76404
0.00085,8.27e-05,0.0,0.4,0.54511327,480.35477
0.00085,8.27e-05,0.0,0.5,0.51409745,482.17743
0.00085,8.27e-05,0.0,0.6,0.4991253,481.93155
0.00085,8.27e-05,0.0,0.7,0.540393,489.32037
0.00085,8.27e-05,0.0,0.8,0.40410534,489.22702
0.00085,8.27e-05,0.0,0.9,0.44979364,481.99484
0.00085,8.27e-05,0.0,1.0,0.4168075,480.64987
0.00086,1e-04,0.0,0.0,0.36874685,299.8305
0.00086,1e-04,0.0,0.1,0.5923165,423.88785
0.00086,1e-04,0.0,0.2,0.7360367,462.37933
0.00086,1e-04,0.0,0.3,0.3476765,474.7629
0.00086,1e-04,0.0,0.4,0.54512256,480.35822
0.00086,1e-04,0.0,0.5,0.51409936,482.17932
0.00086,1e-04,0.0,0.6,0.49904734,481.93817
0.00086,1e-04,0.0,0.7,0.5403849,489.32108
0.00086,1e-04,0.0,0.8,0.40410867,489.22656
0.00086,1e-04,0.0,0.9,0.44982862,481.99847
0.00086,1e-04,0.0,1.0,0.4167464,480.61932
0.00085,8.27e-05,1e-05,0.0,0.36953008,299.64594
0.00085,8.27e-05,1e-05,0.1,0.59282565,423.96832
0.00085,8.27e-05,1e-05,0.2,0.73651826,462.4819
0.00085,8.27e-05,1e-05,0.3,0.34751478,474.74905
0.00085,8.27e-05,1e-05,0.4,0.5451339,480.36386
0.00085,8.27e-05,1e-05,0.5,0.51410276,482.18222
0.00085,8.27e-05,1e-05,0.6,0.49895352,481.9454
0.00085,8.27e-05,1e-05,0.7,0.5403793,489.3215
0.00085,8.27e-05,1e-05,0.8,0.40410975,489.22644
0.00085,8.27e-05,1e-05,0.9,0.44983816,481.99966
0.00085,8.27e-05,1e-05,1.0,0.4167313,480.6118
0.00089,1.73e-05,0.0,0.0,0.3698501,299.57245
0.00089,1.73e-05,0.0,0.1,0.59277487,423.95996
0.00089,1.73e-05,0.0,0.2,0.7361487,462.3981
0.00089,1.73e-05,0.0,0.3,0.34780526,474.77448
0.00089,1.73e-05,0.0,0.4,0.5450803,480.3415
0.00089,1.73e-05,0.0,0.5,0.51408964,482.17004
0.00089,1.73e-05,0.0,0.6,0.49945754,481.90573
0.00089,1.73e-05,0.0,0.7,0.5404252,489.31766
0.00089,1.73e-05,0.0,0.8,0.40409228,489.22897
0.00089,1.73e-05,0.0,0.9,0.44965896,481.9828
0.00089,1.73e-05,0.0,1.0,0.4170406,480.76654
0.0009,0.0,0.0,0.0,0.37009072,299.51755
0.0009,0.0,0.0,0.1,0.5928656,423.9743
0.0009,0.0,0.0,0.2,0.73616415,462.40045
0.0009,0.0,0.0,0.3,0.3478362,474.77725
0.0009,0.0,0.0,0.4,0.5450724,480.3382
0.0009,0.0,0.0,0.5,0.5140878,482.1683
0.0009,0.0,0.0,0.6,0.49954557,481.89944
0.0009,0.0,0.0,0.7,0.54043365,489.317
0.0009,0.0,0.0,0.8,0.4040888,489.22952
0.0009,0.0,0.0,0.9,0.44962326,481.98013
0.0009,0.0,0.0,1.0,0.41710252,480.79758
0.0009,0.0,1e-05,0.0,0.3706902,299.38232
0.0009,0.0,1e-05,0.1,0.59325963,424.03778
0.0009,0.0,1e-05,0.2,0.73658687,462.49323
0.0009,0.0,1e-05,0.3,0.34765458,474.76126
0.0009,0.0,1e-05,0.4,0.54508746,480.34555
0.0009,0.0,1e-05,0.5,0.51409197,482.17203
0.0009,0.0,1e-05,0.6,0.49937144,481.9113
0.0009,0.0,1e-05,0.7,0.54042006,489.318
0.0009,0.0,1e-05,0.8,0.40409333,489.22885
0.0009,0.0,1e-05,0.9,0.44966814,481.98373
0.0009,0.0,1e-05,1.0,0.41702598,480.7592
0.00086,6.69e-05,0.0,0.0,0.36919525,299.72437
0.00086,6.69e-05,0.0,0.1,0.5925192,423.91956
0.00086,6.69e-05,0.0,0.2,0.73610675,462.392
0.00086,6.69e-05,0.0,0.3,0.34771672,474.76648
0.00086,6.69e-05,0.0,0.4,0.5451049,480.35144
0.00086,6.69e-05,0.0,0.5,0.5140954,482.17557
0.00086,6.69e-05,0.0,0.6,0.4992054,481.92502
0.00086,6.69e-05,0.0,0.7,0.5404008,489.3197
0.00086,6.69e-05,0.0,0.8,0.4041022,489.2275
0.00086,6.69e-05,0.0,0.9,0.44976124,481.99167
0.00086,6.69e-05,0.0,1.0,0.4168637,480.678
0.00086,6.69e-05,1e-05,0.0,0.36974028,299.59732
0.00086,6.69e-05,1e-05,0.1,0.59290713,423.9813
0.00086,6.69e-05,1e-05,0.2,0.73653054,462.48386
0.00086,6.69e-05,1e-05,0.3,0.34754148,474.75137
0.00086,6.69e-05,1e-05,0.4,0.5451244,480.36017
0.00086,6.69e-05,1e-05,0.5,0.51410055,482.1801
0.00086,6.69e-05,1e-05,0.6,0.49903315,481.9385
0.00086,6.69e-05,1e-05,0.7,0.54038715,489.3208
0.00086,6.69e-05,1e-05,0.8,0.40410674,489.22687
0.00086,6.69e-05,1e-05,0.9,0.44980574,481.99625
0.00086,6.69e-05,1e-05,1.0,0.41678756,480.63995
0.00088,3.46e-05,0.0,0.0,0.36961594,299.6264
0.00088,3.46e-05,0.0,0.1,0.59268457,423.94565
0.00088,3.46e-05,0.0,0.2,0.7361331,462.39572
0.00088,3.46e-05,0.0,0.3,0.3477745,474.7717
0.00088,3.46e-05,0.0,0.4,0.5450886,480.34485
0.00088,3.46e-05,0.0,0.5,0.51409155,482.1719
0.00088,3.46e-05,0.0,0.6,0.49936953,481.9122
0.00088,3.46e-05,0.0,0.7,0.54041666,489.3184
0.00088,3.46e-05,0.0,0.8,0.40409574,489.2285
0.00088,3.46e-05,0.0,0.9,0.44969487,481.98572
0.00088,3.46e-05,0.0,1.0,0.4169789,480.7357
0.00089,1.73e-05,1e-05,0.0,0.37043494,299.4394
0.00089,1.73e-05,1e-05,0.1,0.59316725,424.02292
0.00089,1.73e-05,1e-05,0.2,0.73657167,462.4906
0.00089,1.73e-05,1e-05,0.3,0.34762526,474.75867
0.00089,1.73e-05,1e-05,0.4,0.54509664,480.34918
0.00089,1.73e-05,1e-05,0.5,0.5140941,482.17404
0.00089,1.73e-05,1e-05,0.6,0.49928385,481.918
0.00089,1.73e-05,1e-05,0.7,0.5404116,489.31873
0.00089,1.73e-05,1e-05,0.8,0.40409678,489.2283
0.00089,1.73e-05,1e-05,0.9,0.44970378,481.9866
0.00089,1.73e-05,1e-05,1.0,0.41696438,480.7283
0.00087,5.1e-05,0.0,0.0,0.3693998,299.67657
0.00087,5.1e-05,0.0,0.1,0.5926002,423.9324
0.00087,5.1e-05,0.0,0.2,0.73611933,462.39374
0.00087,5.1e-05,0.0,0.3,0.3477452,474.769
0.00087,5.1e-05,0.0,0.4,0.5450967,480.3481
0.00087,5.1e-05,0.0,0.5,0.51409346,482.1737
0.00087,5.1e-05,0.0,0.6,0.4992863,481.91864
0.00087,5.1e-05,0.0,0.7,0.5404086,489.319
0.00087,5.1e-05,0.0,0.8,0.404099,489.22797
0.00087,5.1e-05,0.0,0.9,0.44972858,481.98865
0.00087,5.1e-05,0.0,1.0,0.41692042,480.7064
0.00088,3.46e-05,1e-05,0.0,0.37018594,299.4955
0.00088,3.46e-05,1e-05,0.1,0.5930754,424.00815
0.00088,3.46e-05,1e-05,0.2,0.73655635,462.48807
0.00088,3.46e-05,1e-05,0.3,0.34759614,474.75616
0.00088,3.46e-05,1e-05,0.4,0.54510593,480.3529
0.00088,3.46e-05,1e-05,0.5,0.51409626,482.17612
0.00088,3.46e-05,1e-05,0.6,0.49919635,481.92493
0.00088,3.46e-05,1e-05,0.7,0.5404031,489.3194
0.00088,3.46e-05,1e-05,0.8,0.40410024,489.22775
0.00088,3.46e-05,1e-05,0.9,0.44973937,481.98978
0.00088,3.46e-05,1e-05,1.0,0.4169026,480.69742
0.00087,5.1e-05,1e-05,0.0,0.36995673,299.54767
0.00087,5.1e-05,1e-05,0.1,0.59298956,423.99442
0.00087,5.1e-05,1e-05,0.2,0.73654294,462.4859
0.00087,5.1e-05,1e-05,0.3,0.3475684,474.75366
0.00087,5.1e-05,1e-05,0.4,0.5451152,480.3566
0.00087,5.1e-05,1e-05,0.5,0.51409835,482.17813
0.00087,5.1e-05,1e-05,0.6,0.49911347,481.9317
0.00087,5.1e-05,1e-05,0.7,0.540395,489.32007
0.00087,5.1e-05,1e-05,0.8,0.40410346,489.2273
0.00087,5.1e-05,1e-05,0.9,0.4497731,481.99295
0.00087,5.1e-05,1e-05,1.0,0.4168442,480.66827
0.00086,1e-04,1e-05,0.0,0.36926588,299.70743
0.00086,1e-04,1e-05,0.1,0.5927011,423.94852
0.00086,1e-04,1e-05,0.2,0.73646176,462.47015
0.00086,1e-04,1e-05,0.3,0.34750295,474.748
0.00086,1e-04,1e-05,0.4,0.5451438,480.36755
0.00086,1e-04,1e-05,0.5,0.5141049,482.18427
0.00086,1e-04,1e-05,0.6,0.49887586,481.9524
0.00086,1e-04,1e-05,0.7,0.54037124,489.3222
0.00086,1e-04,1e-05,0.8,0.40411308,489.22598
0.00086,1e-04,1e-05,0.9,0.44987285,482.0036
0.00086,1e-04,1e-05,1.0,0.4166702,480.5812
0.00087,8.27e-05,0.0,0.0,0.36896053,299.7797
0.00087,8.27e-05,0.0,0.1,0.59240544,423.90173
0.00087,8.27e-05,0.0,0.2,0.73605233,462.38156
0.00087,8.27e-05,0.0,0.3,0.3477062,474.76556
0.00087,8.27e-05,0.0,0.4,0.5451131,480.3545
0.00087,8.27e-05,0.0,0.5,0.51409715,482.17722
0.00087,8.27e-05,0.0,0.6,0.49913442,481.9309
0.00087,8.27e-05,0.0,0.7,0.5403935,489.3203
0.00087,8.27e-05,0.0,0.8,0.40410525,489.22702
0.00087,8.27e-05,0.0,0.9,0.44979316,481.99478
0.00087,8.27e-05,0.0,1.0,0.416808,480.65018
0.00087,8.31e-05,5e-06,0.0,0.3692167,299.71912
0.00087,8.31e-05,5e-06,0.1,0.59259504,423.93167
0.00087,8.31e-05,5e-06,0.2,0.7362649,462.42618
0.00087,8.31e-05,5e-06,0.3,0.3476171,474.75778
0.00087,8.31e-05,5e-06,0.4,0.545123,480.35895
0.00087,8.31e-05,5e-06,0.5,0.5140998,482.17953
0.00087,8.31e-05,5e-06,0.6,0.49904644,481.93787
0.00087,8.31e-05,5e-06,0.7,0.54038644,489.3209
0.00087,8.31e-05,5e-06,0.8,0.4041075,489.2267
0.00087,8.31e-05,5e-06,0.9,0.44981617,481.99725
0.00087,8.31e-05,5e-06,1.0,0.4167683,480.6304
0.00088,1e-04,0.0,0.0,0.3687116,299.83887
0.00088,1e-04,0.0,0.1,0.59228295,423.88263
0.00088,1e-04,0.0,0.2,0.7359947,462.37085
0.00088,1e-04,0.0,0.3,0.34769395,474.7644
0.00088,1e-04,0.0,0.4,0.54512227,480.3579
0.00088,1e-04,0.0,0.5,0.514099,482.17902
0.00088,1e-04,0.0,0.6,0.49905634,481.93753
0.00088,1e-04,0.0,0.7,0.54038537,489.321
0.00088,1e-04,0.0,0.8,0.40410852,489.2266
0.00088,1e-04,0.0,0.9,0.4498279,481.99838
0.00088,1e-04,0.0,1.0,0.416747,480.61963
0.00087,8.27e-05,1e-05,0.0,0.36949188,299.65475
0.00087,8.27e-05,1e-05,0.1,0.5927913,423.9628
0.00087,8.27e-05,1e-05,0.2,0.73647726,462.47272
0.00087,8.27e-05,1e-05,0.3,0.34753147,474.75043
0.00087,8.27e-05,1e-05,0.4,0.5451332,480.3634
0.00087,8.27e-05,1e-05,0.5,0.51410246,482.18198
0.00087,8.27e-05,1e-05,0.6,0.49896258,481.94467
0.00087,8.27e-05,1e-05,0.7,0.54037976,489.32147
0.00087,8.27e-05,1e-05,0.8,0.40410963,489.22638
0.00087,8.27e-05,1e-05,0.9,0.4498375,481.99963
0.00087,8.27e-05,1e-05,1.0,0.41673198,480.61215
0.0009,3.46e-05,0.0,0.0,0.36957744,299.6353
0.0009,3.46e-05,0.0,0.1,0.59265053,423.94028
0.0009,3.46e-05,0.0,0.2,0.736091,462.38712
0.0009,3.46e-05,0.0,0.3,0.3477926,474.7733
0.0009,3.46e-05,0.0,0.4,0.5450886,480.34464
0.0009,3.46e-05,0.0,0.5,0.5140913,482.17166
0.0009,3.46e-05,0.0,0.6,0.49937856,481.91165
0.0009,3.46e-05,0.0,0.7,0.54041713,489.31836
0.0009,3.46e-05,0.0,0.8,0.40409568,489.2285
0.0009,3.46e-05,0.0,0.9,0.44969425,481.9856
0.0009,3.46e-05,0.0,1.0,0.41697943,480.73587
0.00092,0.0,0.0,0.0,0.37005016,299.52673
0.00092,0.0,0.0,0.1,0.5928314,423.96884
0.00092,0.0,0.0,0.2,0.73612237,462.3918
0.00092,0.0,0.0,0.3,0.34785452,474.77884
0.00092,0.0,0.0,0.4,0.5450727,480.33807
0.00092,0.0,0.0,0.5,0.51408756,482.16812
0.00092,0.0,0.0,0.6,0.4995548,481.89886
0.00092,0.0,0.0,0.7,0.5404341,489.31696
0.00092,0.0,0.0,0.8,0.40408874,489.22952
0.00092,0.0,0.0,0.9,0.44962263,481.98004
0.00092,0.0,0.0,1.0,0.4171029,480.79773
0.00092,0.0,1e-05,0.0,0.37064695,299.39197
0.00092,0.0,1e-05,0.1,0.5932246,424.0322
0.00092,0.0,1e-05,0.2,0.7365458,462.48386
0.00092,0.0,1e-05,0.3,0.34767196,474.76276
0.00092,0.0,1e-05,0.4,0.54508746,480.34534
0.00092,0.0,1e-05,0.5,0.51409173,482.1718
0.00092,0.0,1e-05,0.6,0.4993807,481.91074
0.00092,0.0,1e-05,0.7,0.54042053,489.31796
0.00092,0.0,1e-05,0.8,0.40409327,489.22885
0.00092,0.0,1e-05,0.9,0.4496675,481.9836
0.00092,0.0,1e-05,1.0,0.41702652,480.75943
0.00091,1.73e-05,1e-05,0.0,0.37039304,299.44876
0.00091,1.73e-05,1e-05,0.1,0.59313244,424.01727
0.00091,1.73e-05,1e-05,0.2,0.73653036,462.48123
0.00091,1.73e-05,1e-05,0.3,0.3476424,474.76016
0.00091,1.73e-05,1e-05,0.4,0.5450964,480.3489
0.00091,1.73e-05,1e-05,0.5,0.5140937,482.1738
0.00091,1.73e-05,1e-05,0.6,0.49929285,481.9174
0.00091,1.73e-05,1e-05,0.7,0.54041195,489.3187
0.00091,1.73e-05,1e-05,0.8,0.4040967,489.2283
0.00091,1.73e-05,1e-05,0.9,0.44970325,481.9865
0.00091,1.73e-05,1e-05,1.0,0.4169648,480.72845
0.00091,1.73e-05,0.0,0.0,0.36981064,299.5815
0.00091,1.73e-05,0.0,0.1,0.59274065,423.95453
0.00091,1.73e-05,0.0,0.2,0.7361068,462.38943
0.00091,1.73e-05,0.0,0.3,0.3478234,474.77606
0.00091,1.73e-05,0.0,0.4,0.5450805,480.34134
0.00091,1.73e-05,0.0,0.5,0.51408947,482.16983
0.00091,1.73e-05,0.0,0.6,0.49946654,481.90518
0.00091,1.73e-05,0.0,0.7,0.5404256,489.31763
0.00091,1.73e-05,0.0,0.8,0.40409222,489.22903
0.00091,1.73e-05,0.0,0.9,0.44965848,481.98276
0.00091,1.73e-05,0.0,1.0,0.41704097,480.76672
0.00088,6.69e-05,0.0,0.0,0.3691583,299.73303
0.00088,6.69e-05,0.0,0.1,0.5924853,423.91428
0.00088,6.69e-05,0.0,0.2,0.73606485,462.38336
0.00088,6.69e-05,0.0,0.3,0.34773445,474.76804
0.00088,6.69e-05,0.0,0.4,0.54510486,480.3512
0.00088,6.69e-05,0.0,0.5,0.5140951,482.1753
0.00088,6.69e-05,0.0,0.6,0.4992144,481.92438
0.00088,6.69e-05,0.0,0.7,0.5404012,489.31967
0.00088,6.69e-05,0.0,0.8,0.40410215,489.22754
0.00088,6.69e-05,0.0,0.9,0.44976062,481.99158
0.00088,6.69e-05,0.0,1.0,0.41686422,480.67828
0.00088,6.69e-05,1e-05,0.0,0.36970145,299.60626
0.00088,6.69e-05,1e-05,0.1,0.59287274,423.9758
0.00088,6.69e-05,1e-05,0.2,0.73648924,462.4746
0.00088,6.69e-05,1e-05,0.3,0.3475582,474.75275
0.00088,6.69e-05,1e-05,0.4,0.545124,480.35983
0.00088,6.69e-05,1e-05,0.5,0.5141001,482.17987
0.00088,6.69e-05,1e-05,0.6,0.4990421,481.93777
0.00088,6.69e-05,1e-05,0.7,0.54038763,489.32077
0.00088,6.69e-05,1e-05,0.8,0.4041066,489.22687
0.00088,6.69e-05,1e-05,0.9,0.44980514,481.99615
0.00088,6.69e-05,1e-05,1.0,0.41678804,480.64023
0.00089,5.1e-05,0.0,0.0,0.3693619,299.6854
0.00089,5.1e-05,0.0,0.1,0.5925662,423.92694
0.00089,5.1e-05,0.0,0.2,0.7360774,462.38516
0.00089,5.1e-05,0.0,0.3,0.3477631,474.77066
0.00089,5.1e-05,0.0,0.4,0.54509664,480.3479
0.00089,5.1e-05,0.0,0.5,0.51409316,482.17346
0.00089,5.1e-05,0.0,0.6,0.49929526,481.918
0.00089,5.1e-05,0.0,0.7,0.5404091,489.319
0.00089,5.1e-05,0.0,0.8,0.404099,489.22797
0.00089,5.1e-05,0.0,0.9,0.44972798,481.98853
0.00089,5.1e-05,0.0,1.0,0.41692093,480.70663
0.0009,3.46e-05,1e-05,0.0,0.37014526,299.50476
0.0009,3.46e-05,1e-05,0.1,0.5930407,424.00256
0.0009,3.46e-05,1e-05,0.2,0.73651516,462.47876
0.0009,3.46e-05,1e-05,0.3,0.34761313,474.75757
0.0009,3.46e-05,1e-05,0.4,0.5451057,480.35266
0.0009,3.46e-05,1e-05,0.5,0.5140959,482.1758
0.0009,3.46e-05,1e-05,0.6,0.49920532,481.9243
0.0009,3.46e-05,1e-05,0.7,0.5404035,489.31937
0.0009,3.46e-05,1e-05,0.8,0.40410018,489.2278
0.0009,3.46e-05,1e-05,0.9,0.44973883,481.98965
0.0009,3.46e-05,1e-05,1.0,0.41690308,480.69772
0.00089,5.1e-05,1e-05,0.0,0.36991677,299.55682
0.00089,5.1e-05,1e-05,0.1,0.592955,423.98895
0.00089,5.1e-05,1e-05,0.2,0.7365017,462.47656
0.00089,5.1e-05,1e-05,0.3,0.3475852,474.75516
0.00089,5.1e-05,1e-05,0.4,0.5451148,480.35626
0.00089,5.1e-05,1e-05,0.5,0.514098,482.1778
0.00089,5.1e-05,1e-05,0.6,0.4991225,481.93103
0.00089,5.1e-05,1e-05,0.7,0.54039544,489.3201
0.00089,5.1e-05,1e-05,0.8,0.4041034,489.22733
0.00089,5.1e-05,1e-05,0.9,0.44977248,481.99286
0.00089,5.1e-05,1e-05,1.0,0.4168447,480.66846
0.00088,1e-04,1e-05,0.0,0.36922857,299.71622
0.00088,1e-04,1e-05,0.1,0.59266686,423.94308
0.00088,1e-04,1e-05,0.2,0.73642045,462.461
0.00088,1e-04,1e-05,0.3,0.34751952,474.74936
0.00088,1e-04,1e-05,0.4,0.5451431,480.3671
0.00088,1e-04,1e-05,0.5,0.5141045,482.18393
0.00088,1e-04,1e-05,0.6,0.49888477,481.95166
0.00088,1e-04,1e-05,0.7,0.54037166,489.32217
0.00088,1e-04,1e-05,0.8,0.40411305,489.226
0.00088,1e-04,1e-05,0.9,0.4498722,482.0035
0.00088,1e-04,1e-05,1.0,0.41667098,480.58154
0.000956,7.74e-06,5e-06,0.0,0.3701498,299.50388
0.000956,7.74e-06,5e-06,0.1,0.59291637,423.98257
0.000956,7.74e-06,5e-06,0.2,0.736244,462.41788
0.000956,7.74e-06,5e-06,0.3,0.3477846,474.7726
0.000956,7.74e-06,5e-06,0.4,0.5450834,480.34265
0.000956,7.74e-06,5e-06,0.5,0.51408994,482.17023
0.000956,7.74e-06,5e-06,0.6,0.49944657,481.9063
0.000956,7.74e-06,5e-06,0.7,0.54042447,489.3177
0.000956,7.74e-06,5e-06,0.8,0.4040924,489.22894
0.000956,7.74e-06,5e-06,0.9,0.44965997,481.98285
0.000956,7.74e-06,5e-06,1.0,0.41703793,480.76526
0.00096,0.0,0.0,0.0,0.36996943,299.5451
0.00096,0.0,0.0,0.1,0.5927627,423.958
0.00096,0.0,0.0,0.2,0.73603845,462.37457
0.00096,0.0,0.0,0.3,0.34789145,474.78223
0.00096,0.0,0.0,0.4,0.5450732,480.33783
0.00096,0.0,0.0,0.5,0.5140871,482.1677
0.00096,0.0,0.0,0.6,0.49957287,481.8977
0.00096,0.0,0.0,0.7,0.54043496,489.3169
0.00096,0.0,0.0,0.8,0.4040885,489.22955
0.00096,0.0,0.0,0.9,0.44962156,481.9799
0.00096,0.0,0.0,1.0,0.41710415,480.79834
0.00096,0.0,1e-05,0.0,0.37056148,299.41104
0.00096,0.0,1e-05,0.1,0.5931548,424.0209
0.00096,0.0,1e-05,0.2,0.7364633,462.46533
0.00096,0.0,1e-05,0.3,0.34770694,474.76584
0.00096,0.0,1e-05,0.4,0.54508734,480.34485
0.00096,0.0,1e-05,0.5,0.51409113,482.1713
0.00096,0.0,1e-05,0.6,0.49939877,481.90945
0.00096,0.0,1e-05,0.7,0.5404214,489.31787
0.00096,0.0,1e-05,0.8,0.4040931,489.22885
0.00096,0.0,1e-05,0.9,0.44966638,481.9834
0.00096,0.0,1e-05,1.0,0.41702738,480.75995
0.00094,0.0,0.0,0.0,0.37000954,299.53598
0.00094,0.0,0.0,0.1,0.5927968,423.96338
0.00094,0.0,0.0,0.2,0.73608047,462.38315
0.00094,0.0,0.0,0.3,0.34787288,474.78058
0.00094,0.0,0.0,0.4,0.5450729,480.33795
0.00094,0.0,0.0,0.5,0.5140874,482.1679
0.00094,0.0,0.0,0.6,0.49956387,481.8983
0.00094,0.0,0.0,0.7,0.54043454,489.31693
0.00094,0.0,0.0,0.8,0.40408856,489.22952
0.00094,0.0,0.0,0.9,0.44962212,481.98
0.00094,0.0,0.0,1.0,0.41710347,480.79797
0.00094,0.0,1e-05,0.0,0.370604,299.40155
0.00094,0.0,1e-05,0.1,0.59318966,424.02646
0.00094,0.0,1e-05,0.2,0.7365045,462.47452
0.00094,0.0,1e-05,0.3,0.34768933,474.76428
0.00094,0.0,1e-05,0.4,0.54508734,480.3451
0.00094,0.0,1e-05,0.5,0.51409143,482.1716
0.00094,0.0,1e-05,0.6,0.49938962,481.9101
0.00094,0.0,1e-05,0.7,0.54042095,489.31793
0.00094,0.0,1e-05,0.8,0.4040932,489.22885
0.00094,0.0,1e-05,0.9,0.44966695,481.98352
0.00094,0.0,1e-05,1.0,0.41702694,480.75974
0.00093,1.73e-05,5e-06,0.0,0.37005693,299.52502
0.00093,1.73e-05,5e-06,0.1,0.5929013,423.98016
0.00093,1.73e-05,5e-06,0.2,0.73627794,462.42563
0.00093,1.73e-05,5e-06,0.3,0.34774938,474.76947
0.00093,1.73e-05,5e-06,0.4,0.54508793,480.34476
0.00093,1.73e-05,5e-06,0.5,0.51409125,482.17154
0.00093,1.73e-05,5e-06,0.6,0.49938864,481.91052
0.00093,1.73e-05,5e-06,0.7,0.5404193,489.3181
0.00093,1.73e-05,5e-06,0.8,0.40409443,489.22864
0.00093,1.73e-05,5e-06,0.9,0.44968027,481.98447
0.00093,1.73e-05,5e-06,1.0,0.41700345,480.74792
0.00093,1.73e-05,0.0,0.0,0.36977127,299.59058
0.00093,1.73e-05,0.0,0.1,0.59270656,423.94913
0.00093,1.73e-05,0.0,0.2,0.73606485,462.38083
0.00093,1.73e-05,0.0,0.3,0.34784168,474.77768
0.00093,1.73e-05,0.0,0.4,0.5450806,480.34113
0.00093,1.73e-05,0.0,0.5,0.51408917,482.16962
0.00093,1.73e-05,0.0,0.6,0.49947566,481.90457
0.00093,1.73e-05,0.0,0.7,0.54042614,489.3176
0.00093,1.73e-05,0.0,0.8,0.40409207,489.22897
0.00093,1.73e-05,0.0,0.9,0.4496579,481.98264
0.00093,1.73e-05,0.0,1.0,0.41704172,480.76718
0.00095,1.73e-05,1e-05,0.0,0.37030905,299.46765
0.00095,1.73e-05,1e-05,0.1,0.593063,424.00607
0.00095,1.73e-05,1e-05,0.2,0.73644793,462.46277
0.00095,1.73e-05,1e-05,0.3,0.34767708,474.76318
0.00095,1.73e-05,1e-05,0.4,0.54509616,480.34842
0.00095,1.73e-05,1e-05,0.5,0.51409304,482.17328
0.00095,1.73e-05,1e-05,0.6,0.49931103,481.9161
0.00095,1.73e-05,1e-05,0.7,0.5404129,489.3186
0.00095,1.73e-05,1e-05,0.8,0.4040965,489.22833
0.00095,1.73e-05,1e-05,0.9,0.44970205,481.98636
0.00095,1.73e-05,1e-05,1.0,0.416966,480.72916
0.00095,1.73e-05,0.0,0.0,0.3697321,299.59958
0.00095,1.73e-05,0.0,0.1,0.5926724,423.94363
0.00095,1.73e-05,0.0,0.2,0.73602283,462.37228
0.00095,1.73e-05,0.0,0.3,0.34786016,474.77933
0.00095,1.73e-05,0.0,0.4,0.5450809,480.34097
0.00095,1.73e-05,0.0,0.5,0.51408887,482.1694
0.00095,1.73e-05,0.0,0.6,0.49948478,481.904
0.00095,1.73e-05,0.0,0.7,0.54042655,489.31754
0.00095,1.73e-05,0.0,0.8,0.404092,489.229
0.00095,1.73e-05,0.0,0.9,0.44965738,481.9826
0.00095,1.73e-05,0.0,1.0,0.41704217,480.76736
0.00093,1.73e-05,1e-05,0.0,0.3703511,299.45822
0.00093,1.73e-05,1e-05,0.1,0.5930978,424.01172
0.00093,1.73e-05,1e-05,0.2,0.7364893,462.472
0.00093,1.73e-05,1e-05,0.3,0.34765977,474.76163
0.00093,1.73e-05,1e-05,0.4,0.54509634,480.34863
0.00093,1.73e-05,1e-05,0.5,0.5140934,482.1735
0.00093,1.73e-05,1e-05,0.6,0.49930185,481.91675
0.00093,1.73e-05,1e-05,0.7,0.5404124,489.31866
0.00093,1.73e-05,1e-05,0.8,0.40409657,489.2283
0.00093,1.73e-05,1e-05,0.9,0.44970265,481.98645
0.00093,1.73e-05,1e-05,1.0,0.41696545,480.72885
0.00089,8.27e-05,0.0,0.0,0.36892438,299.7882
0.00089,8.27e-05,0.0,0.1,0.5923717,423.89645
0.00089,8.27e-05,0.0,0.2,0.7360104,462.37308
0.00089,8.27e-05,0.0,0.3,0.3477239,474.76706
0.00089,8.27e-05,0.0,0.4,0.5451128,480.35422
0.00089,8.27e-05,0.0,0.5,0.51409686,482.1769
0.00089,8.27e-05,0.0,0.6,0.49914342,481.93018
0.00089,8.27e-05,0.0,0.7,0.54039395,489.32028
0.00089,8.27e-05,0.0,0.8,0.4041052,489.22705
0.00089,8.27e-05,0.0,0.9,0.44979262,481.99466
0.00089,8.27e-05,0.0,1.0,0.41680852,480.65042
0.0009,6.69e-05,0.0,0.0,0.36912143,299.74164
0.0009,6.69e-05,0.0,0.1,0.5924515,423.90897
0.0009,6.69e-05,0.0,0.2,0.73602283,462.3748
0.0009,6.69e-05,0.0,0.3,0.34775236,474.76956
0.0009,6.69e-05,0.0,0.4,0.54510474,480.35095
0.0009,6.69e-05,0.0,0.5,0.5140948,482.17505
0.0009,6.69e-05,0.0,0.6,0.49922353,481.9237
0.0009,6.69e-05,0.0,0.7,0.5404017,489.31964
0.0009,6.69e-05,0.0,0.8,0.40410203,489.22748
0.0009,6.69e-05,0.0,0.9,0.4497601,481.99152
0.0009,6.69e-05,0.0,1.0,0.41686472,480.67853
0.00089,8.27e-05,1e-05,0.0,0.3694536,299.6636
0.00089,8.27e-05,1e-05,0.1,0.5927571,423.95734
0.00089,8.27e-05,1e-05,0.2,0.7364359,462.46347
0.00089,8.27e-05,1e-05,0.3,0.34754804,474.75186
0.00089,8.27e-05,1e-05,0.4,0.54513276,480.36304
0.00089,8.27e-05,1e-05,0.5,0.5141021,482.18155
0.00089,8.27e-05,1e-05,0.6,0.49897137,481.94397
0.00089,8.27e-05,1e-05,0.7,0.54038024,489.32144
0.00089,8.27e-05,1e-05,0.8,0.40410957,489.2264
0.00089,8.27e-05,1e-05,0.9,0.4498369,481.9995
0.00089,8.27e-05,1e-05,1.0,0.4167325,480.6124
0.0009,1e-04,0.0,0.0,0.36867657,299.84717
0.0009,1e-04,0.0,0.1,0.5922496,423.8774
0.0009,1e-04,0.0,0.2,0.7359526,462.3623
0.0009,1e-04,0.0,0.3,0.34771156,474.7659
0.0009,1e-04,0.0,0.4,0.5451219,480.35757
0.0009,1e-04,0.0,0.5,0.51409876,482.1787
0.0009,1e-04,0.0,0.6,0.4990654,481.9368
0.0009,1e-04,0.0,0.7,0.54038584,489.32104
0.0009,1e-04,0.0,0.8,0.40410855,489.2266
0.0009,1e-04,0.0,0.9,0.4498274,481.99826
0.0009,1e-04,0.0,1.0,0.41674754,480.61987
0.00092,3.46e-05,0.0,0.0,0.36953878,299.64426
0.00092,3.46e-05,0.0,0.1,0.59261644,423.9349
0.00092,3.46e-05,0.0,0.2,0.7360493,462.37854
0.00092,3.46e-05,0.0,0.3,0.34781075,474.7749
0.00092,3.46e-05,0.0,0.4,0.54508877,480.34448
0.00092,3.46e-05,0.0,0.5,0.5140911,482.1714
0.00092,3.46e-05,0.0,0.6,0.49938768,481.911
0.00092,3.46e-05,0.0,0.7,0.5404176,489.31833
0.00092,3.46e-05,0.0,0.8,0.4040956,489.2285
0.00092,3.46e-05,0.0,0.9,0.44969368,481.9855
0.00092,3.46e-05,0.0,1.0,0.41697997,480.73615
0.00091,5.1e-05,0.0,0.0,0.36932433,299.6941
0.00091,5.1e-05,0.0,0.1,0.5925324,423.92166
0.00091,5.1e-05,0.0,0.2,0.73603565,462.3766
0.00091,5.1e-05,0.0,0.3,0.34778112,474.7722
0.00091,5.1e-05,0.0,0.4,0.54509664,480.3477
0.00091,5.1e-05,0.0,0.5,0.51409286,482.1732
0.00091,5.1e-05,0.0,0.6,0.4993044,481.91736
0.00091,5.1e-05,0.0,0.7,0.54040956,489.319
0.00091,5.1e-05,0.0,0.8,0.40409893,489.22797
0.00091,5.1e-05,0.0,0.9,0.4497274,481.98843
0.00091,5.1e-05,0.0,1.0,0.4169216,480.70694
0.00092,3.46e-05,1e-05,0.0,0.37010425,299.514
0.00092,3.46e-05,1e-05,0.1,0.59300613,423.99707
0.00092,3.46e-05,1e-05,0.2,0.7364739,462.46948
0.00092,3.46e-05,1e-05,0.3,0.34763035,474.75906
0.00092,3.46e-05,1e-05,0.4,0.5451054,480.3523
0.00092,3.46e-05,1e-05,0.5,0.5140956,482.17557
0.00092,3.46e-05,1e-05,0.6,0.49921453,481.9236
0.00092,3.46e-05,1e-05,0.7,0.54040396,489.3194
0.00092,3.46e-05,1e-05,0.8,0.4041001,489.22784
0.00092,3.46e-05,1e-05,0.9,0.44973826,481.98956
0.00092,3.46e-05,1e-05,1.0,0.41690364,480.698
0.0009,6.69e-05,1e-05,0.0,0.36966226,299.6153
0.0009,6.69e-05,1e-05,0.1,0.59283835,423.97028
0.0009,6.69e-05,1e-05,0.2,0.73644793,462.46536
0.0009,6.69e-05,1e-05,0.3,0.34757492,474.75418
0.0009,6.69e-05,1e-05,0.4,0.54512346,480.35944
0.0009,6.69e-05,1e-05,0.5,0.5140998,482.17953
0.0009,6.69e-05,1e-05,0.6,0.49905103,481.93713
0.0009,6.69e-05,1e-05,0.7,0.54038805,489.3207
0.0009,6.69e-05,1e-05,0.8,0.40410653,489.2269
0.0009,6.69e-05,1e-05,0.9,0.4498046,481.99603
0.0009,6.69e-05,1e-05,1.0,0.41678867,480.64047
0.00091,5.1e-05,1e-05,0.0,0.36987707,299.56592
0.00091,5.1e-05,1e-05,0.1,0.59292054,423.98337
0.00091,5.1e-05,1e-05,0.2,0.73646045,462.46732
0.00091,5.1e-05,1e-05,0.3,0.34760213,474.75656
0.00091,5.1e-05,1e-05,0.4,0.5451144,480.35587
0.00091,5.1e-05,1e-05,0.5,0.5140977,482.1775
0.00091,5.1e-05,1e-05,0.6,0.4991315,481.93036
0.00091,5.1e-05,1e-05,0.7,0.5403959,489.32007
0.00091,5.1e-05,1e-05,0.8,0.4041034,489.22733
0.00091,5.1e-05,1e-05,0.9,0.44977185,481.99274
0.00091,5.1e-05,1e-05,1.0,0.4168453,480.66873
0.00098,0.0,0.0,0.0,0.3699294,299.5543
0.00098,0.0,0.0,0.1,0.5927285,423.95258
0.00098,0.0,0.0,0.2,0.7359966,462.3661
0.00098,0.0,0.0,0.3,0.34791023,474.78387
0.00098,0.0,0.0,0.4,0.5450735,480.33774
0.00098,0.0,0.0,0.5,0.5140869,482.16754
0.00098,0.0,0.0,0.6,0.49958217,481.89716
0.00098,0.0,0.0,0.7,0.54043543,489.31683
0.00098,0.0,0.0,0.8,0.4040885,489.22955
0.00098,0.0,0.0,0.9,0.44962102,481.97986
0.00098,0.0,0.0,1.0,0.4171046,480.79855
0.00098,0.0,1e-05,0.0,0.3705188,299.42053
0.00098,0.0,1e-05,0.1,0.5931199,424.01523
0.00098,0.0,1e-05,0.2,0.7364221,462.4562
0.00098,0.0,1e-05,0.3,0.34772447,474.76727
0.00098,0.0,1e-05,0.4,0.54508734,480.34467
0.00098,0.0,1e-05,0.5,0.5140909,482.1711
0.00098,0.0,1e-05,0.6,0.49940795,481.90884
0.00098,0.0,1e-05,0.7,0.54042184,489.3179
0.00098,0.0,1e-05,0.8,0.40409303,489.22888
0.00098,0.0,1e-05,0.9,0.44966587,481.98337
0.00098,0.0,1e-05,1.0,0.417028,480.76022
0.000969,1.48e-05,0.0,0.0,0.36973158,299.59967
0.000969,1.48e-05,0.0,0.1,0.5926554,423.94104
0.000969,1.48e-05,0.0,0.2,0.7359882,462.36517
0.000969,1.48e-05,0.0,0.3,0.34788087,474.78122
0.000969,1.48e-05,0.0,0.4,0.54508,480.3404
0.000969,1.48e-05,0.0,0.5,0.51408845,482.16895
0.000969,1.48e-05,0.0,0.6,0.49950558,481.90253
0.000969,1.48e-05,0.0,0.7,0.54042816,489.31744
0.000969,1.48e-05,0.0,0.8,0.40409145,489.22913
0.000969,1.48e-05,0.0,0.9,0.4496517,481.98215
0.000969,1.48e-05,0.0,1.0,0.41705164,480.77203
0.000985,1.33e-05,0.0,0.0,0.36972234,299.60175
0.000985,1.33e-05,0.0,0.1,0.5926375,423.93817
0.000985,1.33e-05,0.0,0.2,0.7359578,462.35904
0.000985,1.33e-05,0.0,0.3,0.3478976,474.7827
0.000985,1.33e-05,0.0,0.4,0.5450795,480.34003
0.000985,1.33e-05,0.0,0.5,0.51408815,482.1687
0.000985,1.33e-05,0.0,0.6,0.4995201,481.90155
0.000985,1.33e-05,0.0,0.7,0.54042923,489.31738
0.000985,1.33e-05,0.0,0.8,0.40409112,489.22916
0.000985,1.33e-05,0.0,0.9,0.44964808,481.9818
0.000985,1.33e-05,0.0,1.0,0.4170573,480.775
0.001,0.0,0.0,0.0,0.3698893,299.56342
0.001,0.0,0.0,0.1,0.59269434,423.9471
0.001,0.0,0.0,0.2,0.73595446,462.35764
0.001,0.0,0.0,0.3,0.34792897,474.78558
0.001,0.0,0.0,0.4,0.54507387,480.3376
0.001,0.0,0.0,0.5,0.51408666,482.16733
0.001,0.0,0.0,0.6,0.4995913,481.8966
0.001,0.0,0.0,0.7,0.5404359,489.3168
0.001,0.0,0.0,0.8,0.40408832,489.22955
0.001,0.0,0.0,0.9,0.4496204,481.97974
0.001,0.0,0.0,1.0,0.41710508,480.7988
0.0009,1e-04,1e-05,0.0,0.36919138,299.72488
0.0009,1e-04,1e-05,0.1,0.5926328,423.93768
0.0009,1e-04,1e-05,0.2,0.736379,462.4519
0.0009,1e-04,1e-05,0.3,0.3475361,474.75073
0.0009,1e-04,1e-05,0.4,0.54514253,480.3667
0.0009,1e-04,1e-05,0.5,0.5141041,482.18362
0.0009,1e-04,1e-05,0.6,0.49889386,481.95093
0.0009,1e-04,1e-05,0.7,0.54037213,489.32214
0.0009,1e-04,1e-05,0.8,0.40411285,489.22595
0.0009,1e-04,1e-05,0.9,0.44987166,482.0034
0.0009,1e-04,1e-05,1.0,0.41667143,480.58182
0.00097,1.5e-05,1e-05,0.0,0.37030366,299.4689
0.00097,1.5e-05,1e-05,0.1,0.59304273,424.00284
0.00097,1.5e-05,1e-05,0.2,0.73641145,462.45462
0.00097,1.5e-05,1e-05,0.3,0.34769738,474.76492
0.00097,1.5e-05,1e-05,0.4,0.54509485,480.34766
0.00097,1.5e-05,1e-05,0.5,0.51409256,482.17276
0.00097,1.5e-05,1e-05,0.6,0.4993312,481.91467
0.00097,1.5e-05,1e-05,0.7,0.5404146,489.3185
0.00097,1.5e-05,1e-05,0.8,0.40409604,489.2284
0.00097,1.5e-05,1e-05,0.9,0.44969678,481.98587
0.00097,1.5e-05,1e-05,1.0,0.4169746,480.73343
0.001,0.0,1e-05,0.0,0.37047637,299.42996
0.001,0.0,1e-05,0.1,0.59308517,424.00967
0.001,0.0,1e-05,0.2,0.7363807,462.44708
0.001,0.0,1e-05,0.3,0.34774223,474.76883
0.001,0.0,1e-05,0.4,0.54508734,480.3444
0.001,0.0,1e-05,0.5,0.51409066,482.1709
0.001,0.0,1e-05,0.6,0.49941692,481.90826
0.001,0.0,1e-05,0.7,0.5404223,489.31787
0.001,0.0,1e-05,0.8,0.4040929,489.22888
0.001,0.0,1e-05,0.9,0.44966528,481.98325
0.001,0.0,1e-05,1.0,0.41702873,480.76056
0.000985,1.33e-05,1e-05,0.0,0.37029886,299.46994
0.000985,1.33e-05,1e-05,0.1,0.59302753,424.00043
0.000985,1.33e-05,1e-05,0.2,0.736384,462.44852
0.000985,1.33e-05,1e-05,0.3,0.34771276,474.76627
0.000985,1.33e-05,1e-05,0.4,0.545094,480.34717
0.000985,1.33e-05,1e-05,0.5,0.5140922,482.17242
0.000985,1.33e-05,1e-05,0.6,0.49934608,481.91357
0.000985,1.33e-05,1e-05,0.7,0.54041564,489.3184
0.000985,1.33e-05,1e-05,0.8,0.40409565,489.2285
0.000985,1.33e-05,1e-05,0.9,0.44969285,481.9855
0.000985,1.33e-05,1e-05,1.0,0.4169809,480.73654
0.001,2e-05,0.0,0.0,0.3695956,299.631
0.001,2e-05,0.0,0.1,0.59257066,423.9276
0.001,2e-05,0.0,0.2,0.73591185,462.35022
0.001,2e-05,0.0,0.3,0.34790307,474.78317
0.001,2e-05,0.0,0.4,0.5450828,480.3411
0.001,2e-05,0.0,0.5,0.5140885,482.1691
0.001,2e-05,0.0,0.6,0.4994947,481.90338
0.001,2e-05,0.0,0.7,0.5404265,489.3176
0.001,2e-05,0.0,0.8,0.40409243,489.22894
0.001,2e-05,0.0,0.9,0.44966143,481.9828
0.001,2e-05,0.0,1.0,0.417034,480.76324
0.000919,6.7e-05,0.0,0.0,0.3690853,299.75018
0.000919,6.7e-05,0.0,0.1,0.5924189,423.90384
0.000919,6.7e-05,0.0,0.2,0.73598266,462.3667
0.000919,6.7e-05,0.0,0.3,0.34776932,474.7711
0.000919,6.7e-05,0.0,0.4,0.5451046,480.3507
0.000919,6.7e-05,0.0,0.5,0.51409453,482.17477
0.000919,6.7e-05,0.0,0.6,0.49923158,481.9231
0.000919,6.7e-05,0.0,0.7,0.5404021,489.3196
0.000919,6.7e-05,0.0,0.8,0.404102,489.22748
0.000919,6.7e-05,0.0,0.9,0.44975978,481.9914
0.000919,6.7e-05,0.0,1.0,0.41686496,480.67868
0.00094,3.46e-05,0.0,0.0,0.36950052,299.6531
0.00094,3.46e-05,0.0,0.1,0.5925825,423.92957
0.00094,3.46e-05,0.0,0.2,0.7360072,462.36996
0.00094,3.46e-05,0.0,0.3,0.347829,474.7765
0.00094,3.46e-05,0.0,0.4,0.54508877,480.3443
0.00094,3.46e-05,0.0,0.5,0.5140908,482.17117
0.00094,3.46e-05,0.0,0.6,0.49939686,481.9104
0.00094,3.46e-05,0.0,0.7,0.540418,489.31827
0.00094,3.46e-05,0.0,0.8,0.40409553,489.22852
0.00094,3.46e-05,0.0,0.9,0.44969308,481.98544
0.00094,3.46e-05,0.0,1.0,0.41698053,480.73636
0.000961,3.25e-05,0.0,0.0,0.36949047,299.65536
0.000961,3.25e-05,0.0,0.1,0.5925598,423.92593
0.000961,3.25e-05,0.0,0.2,0.7359674,462.36188
0.000961,3.25e-05,0.0,0.3,0.34785095,474.7784
0.000961,3.25e-05,0.0,0.4,0.54508793,480.34366
0.000961,3.25e-05,0.0,0.5,0.5140903,482.17072
0.000961,3.25e-05,0.0,0.6,0.49941647,481.90903
0.000961,3.25e-05,0.0,0.7,0.5404196,489.31818
0.000961,3.25e-05,0.0,0.8,0.40409502,489.22858
0.000961,3.25e-05,0.0,0.9,0.44968817,481.98495
0.000961,3.25e-05,0.0,1.0,0.41698852,480.74048
0.000961,3.26e-05,1e-05,0.0,0.37005153,299.52603
0.000961,3.26e-05,1e-05,0.1,0.59294784,423.98773
0.000961,3.26e-05,1e-05,0.2,0.73639333,462.45157
0.000961,3.26e-05,1e-05,0.3,0.34766808,474.76233
0.000961,3.26e-05,1e-05,0.4,0.54510397,480.3513
0.000961,3.26e-05,1e-05,0.5,0.51409477,482.17477
0.000961,3.26e-05,1e-05,0.6,0.49924254,481.92154
0.000961,3.26e-05,1e-05,0.7,0.5404059,489.3192
0.000961,3.26e-05,1e-05,0.8,0.40409958,489.2278
0.000961,3.26e-05,1e-05,0.9,0.44973302,481.98904
0.000961,3.26e-05,1e-05,1.0,0.41691187,480.70206
0.000941,3.46e-05,1e-05,0.0,0.37006155,299.52374
0.000941,3.46e-05,1e-05,0.1,0.5929698,423.9912
0.000941,3.46e-05,1e-05,0.2,0.73643064,462.45984
0.000941,3.46e-05,1e-05,0.3,0.34764832,474.76056
0.000941,3.46e-05,1e-05,0.4,0.54510516,480.352
0.000941,3.46e-05,1e-05,0.5,0.5140953,482.17526
0.000941,3.46e-05,1e-05,0.6,0.4992239,481.92297
0.000941,3.46e-05,1e-05,0.7,0.54040456,489.31934
0.000941,3.46e-05,1e-05,0.8,0.40410006,489.22784
0.000941,3.46e-05,1e-05,0.9,0.4497376,481.9895
0.000941,3.46e-05,1e-05,1.0,0.41690427,480.6983
0.000946,4.29e-05,5e-06,0.0,0.3696447,299.6195
0.000946,4.29e-05,5e-06,0.1,0.59271437,423.95044
0.000946,4.29e-05,5e-06,0.2,0.7361909,462.40848
0.000946,4.29e-05,5e-06,0.3,0.34773207,474.76788
0.000946,4.29e-05,5e-06,0.4,0.5451006,480.34955
0.000946,4.29e-05,5e-06,0.5,0.5140937,482.17392
0.000946,4.29e-05,5e-06,0.6,0.49927303,481.91953
0.000946,4.29e-05,5e-06,0.7,0.5404074,489.31912
0.000946,4.29e-05,5e-06,0.8,0.4040994,489.2279
0.000946,4.29e-05,5e-06,0.9,0.44973207,481.9889
0.000946,4.29e-05,5e-06,1.0,0.4169132,480.70276
0.00091,8.32e-05,5e-06,0.0,0.36914134,299.7368
0.00091,8.32e-05,5e-06,0.1,0.5925266,423.92087
0.00091,8.32e-05,5e-06,0.2,0.7361813,462.40848
0.00091,8.32e-05,5e-06,0.3,0.3476514,474.7607
0.00091,8.32e-05,5e-06,0.4,0.54512227,480.35828
0.00091,8.32e-05,5e-06,0.5,0.51409906,482.17892
0.00091,8.32e-05,5e-06,0.6,0.49906397,481.93646
0.00091,8.32e-05,5e-06,0.7,0.5403873,489.3209
0.00091,8.32e-05,5e-06,0.8,0.40410742,489.2267
0.00091,8.32e-05,5e-06,0.9,0.44981524,481.99707
0.00091,8.32e-05,5e-06,1.0,0.416769,480.63068
0.00092,1e-04,0.0,0.0,0.36864194,299.8555
0.00092,1e-04,0.0,0.1,0.592216,423.87213
0.00092,1e-04,0.0,0.2,0.7359104,462.35394
0.00092,1e-04,0.0,0.3,0.34772933,474.76746
0.00092,1e-04,0.0,0.4,0.5451216,480.3573
0.00092,1e-04,0.0,0.5,0.5140984,482.17847
0.00092,1e-04,0.0,0.6,0.49907443,481.93607
0.00092,1e-04,0.0,0.7,0.5403863,489.321
0.00092,1e-04,0.0,0.8,0.4041084,489.2266
0.00092,1e-04,0.0,0.9,0.44982687,481.99817
0.00092,1e-04,0.0,1.0,0.41674817,480.62012
0.00091,8.27e-05,0.0,0.0,0.36888847,299.7967
0.00091,8.27e-05,0.0,0.1,0.5923381,423.8912
0.00091,8.27e-05,0.0,0.2,0.73596835,462.3646
0.00091,8.27e-05,0.0,0.3,0.34774172,474.76862
0.00091,8.27e-05,0.0,0.4,0.54511267,480.35394
0.00091,8.27e-05,0.0,0.5,0.5140965,482.17664
0.00091,8.27e-05,0.0,0.6,0.49915242,481.92953
0.00091,8.27e-05,0.0,0.7,0.5403944,489.32025
0.00091,8.27e-05,0.0,0.8,0.40410507,489.22705
0.00091,8.27e-05,0.0,0.9,0.44979203,481.99457
0.00091,8.27e-05,0.0,1.0,0.4168091,480.65063
0.00091,8.27e-05,1e-05,0.0,0.3694157,299.67242
0.00091,8.27e-05,1e-05,0.1,0.59272283,423.95193
0.00091,8.27e-05,1e-05,0.2,0.7363944,462.45438
0.00091,8.27e-05,1e-05,0.3,0.34756473,474.75323
0.00091,8.27e-05,1e-05,0.4,0.5451323,480.36267
0.00091,8.27e-05,1e-05,0.5,0.51410174,482.1813
0.00091,8.27e-05,1e-05,0.6,0.49898046,481.9433
0.00091,8.27e-05,1e-05,0.7,0.54038066,489.32138
0.00091,8.27e-05,1e-05,0.8,0.4041095,489.2264
0.00091,8.27e-05,1e-05,0.9,0.44983634,481.99942
0.00091,8.27e-05,1e-05,1.0,0.41673285,480.61255
0.000931,5.09e-05,0.0,0.0,0.36928633,299.70294
0.000931,5.09e-05,0.0,0.1,0.59249747,423.91614
0.000931,5.09e-05,0.0,0.2,0.73599166,462.36768
0.000931,5.09e-05,0.0,0.3,0.34780028,474.7739
0.000931,5.09e-05,0.0,0.4,0.5450966,480.34744
0.000931,5.09e-05,0.0,0.5,0.5140926,482.1729
0.000931,5.09e-05,0.0,0.6,0.4993144,481.91666
0.000931,5.09e-05,0.0,0.7,0.5404101,489.3189
0.000931,5.09e-05,0.0,0.8,0.40409875,489.228
0.000931,5.09e-05,0.0,0.9,0.44972667,481.9883
0.000931,5.09e-05,0.0,1.0,0.4169224,480.70737
0.000931,5.09e-05,1e-05,0.0,0.36983666,299.57513
0.000931,5.09e-05,1e-05,0.1,0.5928849,423.97763
0.000931,5.09e-05,1e-05,0.2,0.7364173,462.45773
0.000931,5.09e-05,1e-05,0.3,0.34762034,474.75815
0.000931,5.09e-05,1e-05,0.4,0.54511404,480.3555
0.000931,5.09e-05,1e-05,0.5,0.51409733,482.17725
0.000931,5.09e-05,1e-05,0.6,0.49914154,481.9296
0.000931,5.09e-05,1e-05,0.7,0.5403964,489.31998
0.000931,5.09e-05,1e-05,0.8,0.40410334,489.22733
0.000931,5.09e-05,1e-05,0.9,0.4497711,481.99265
0.000931,5.09e-05,1e-05,1.0,0.41684616,480.66925
0.00092,6.73e-05,1e-05,0.0,0.36961776,299.62558
0.00092,6.73e-05,1e-05,0.1,0.5928016,423.96436
0.00092,6.73e-05,1e-05,0.2,0.7364059,462.4561
0.00092,6.73e-05,1e-05,0.3,0.34759128,474.75558
0.00092,6.73e-05,1e-05,0.4,0.5451232,480.3592
0.00092,6.73e-05,1e-05,0.5,0.5140996,482.17926
0.00092,6.73e-05,1e-05,0.6,0.49905825,481.93655
0.00092,6.73e-05,1e-05,0.7,0.54038835,489.32074
0.00092,6.73e-05,1e-05,0.8,0.40410644,489.22684
0.00092,6.73e-05,1e-05,0.9,0.44980484,481.99603
0.00092,6.73e-05,1e-05,1.0,0.4167876,480.63998
0.000982,3.11e-05,0.0,0.0,0.3694702,299.66006
0.000982,3.11e-05,0.0,0.1,0.5925328,423.92166
0.000982,3.11e-05,0.0,0.2,0.73592615,462.3536
0.000982,3.11e-05,0.0,0.3,0.347872,474.78036
0.000982,3.11e-05,0.0,0.4,0.54508746,480.34326
0.000982,3.11e-05,0.0,0.5,0.5140898,482.17038
0.000982,3.11e-05,0.0,0.6,0.4994328,481.90787
0.000982,3.11e-05,0.0,0.7,0.5404208,489.31805
0.000982,3.11e-05,0.0,0.8,0.40409464,489.2286
0.000982,3.11e-05,0.0,0.9,0.44968474,481.98468
0.000982,3.11e-05,0.0,1.0,0.41699433,480.7433
0.001,2e-05,1e-05,0.0,0.37016436,299.50034
0.001,2e-05,1e-05,0.1,0.59295946,423.98953
0.001,2e-05,1e-05,0.2,0.7363388,462.439
0.001,2e-05,1e-05,0.3,0.34771752,474.76663
0.001,2e-05,1e-05,0.4,0.54509723,480.3483
0.001,2e-05,1e-05,0.5,0.51409274,482.1729
0.001,2e-05,1e-05,0.6,0.49932075,481.91553
0.001,2e-05,1e-05,0.7,0.5404128,489.3186
0.001,2e-05,1e-05,0.8,0.404097,489.22827
0.001,2e-05,1e-05,0.9,0.4497062,481.9866
0.001,2e-05,1e-05,1.0,0.41695768,480.72495
0.000929,8.31e-05,0.0,0.0,0.36884922,299.806
0.000929,8.31e-05,0.0,0.1,0.59230375,423.88583
0.000929,8.31e-05,0.0,0.2,0.73592746,462.35648
0.000929,8.31e-05,0.0,0.3,0.3477582,474.77008
0.000929,8.31e-05,0.0,0.4,0.5451127,480.3538
0.000929,8.31e-05,0.0,0.5,0.51409626,482.17642
0.000929,8.31e-05,0.0,0.6,0.49915922,481.92908
0.000929,8.31e-05,0.0,0.7,0.54039466,489.32025
0.000929,8.31e-05,0.0,0.8,0.4041051,489.22705
0.000929,8.31e-05,0.0,0.9,0.44979224,481.99454
0.000929,8.31e-05,0.0,1.0,0.41680822,480.65027
0.00092,1e-04,1e-05,0.0,0.3691545,299.7335
0.00092,1e-04,1e-05,0.1,0.5925988,423.93237
0.00092,1e-04,1e-05,0.2,0.7363376,462.44287
0.00092,1e-04,1e-05,0.3,0.3475528,474.75217
0.00092,1e-04,1e-05,0.4,0.5451419,480.3663
0.00092,1e-04,1e-05,0.5,0.51410383,482.1833
0.00092,1e-04,1e-05,0.6,0.4989029,481.9502
0.00092,1e-04,1e-05,0.7,0.54037267,489.3221
0.00092,1e-04,1e-05,0.8,0.4041128,489.22595
0.00092,1e-04,1e-05,0.9,0.44987115,482.00327
0.00092,1e-04,1e-05,1.0,0.41667202,480.5821
0.00094,1e-04,0.0,0.0,0.368607,299.86383
0.00094,1e-04,0.0,0.1,0.5921827,423.867
0.00094,1e-04,0.0,0.2,0.7358682,462.34567
0.00094,1e-04,0.0,0.3,0.34774706,474.76898
0.00094,1e-04,0.0,0.4,0.54512143,480.35706
0.00094,1e-04,0.0,0.5,0.51409817,482.17816
0.00094,1e-04,0.0,0.6,0.49908328,481.93542
0.00094,1e-04,0.0,0.7,0.5403868,489.32098
0.00094,1e-04,0.0,0.8,0.40410835,489.2266
0.00094,1e-04,0.0,0.9,0.44982627,481.99805
0.00094,1e-04,0.0,1.0,0.41674852,480.62033
0.000982,3.12e-05,1e-05,0.0,0.37003005,299.53088
0.000982,3.12e-05,1e-05,0.1,0.5929203,423.98328
0.000982,3.12e-05,1e-05,0.2,0.73635274,462.4426
0.000982,3.12e-05,1e-05,0.3,0.3476881,474.76404
0.000982,3.12e-05,1e-05,0.4,0.54510295,480.3507
0.000982,3.12e-05,1e-05,0.5,0.51409423,482.17432
0.000982,3.12e-05,1e-05,0.6,0.49925882,481.92035
0.000982,3.12e-05,1e-05,0.7,0.54040706,489.3191
0.000982,3.12e-05,1e-05,0.8,0.4040992,489.22794
0.000982,3.12e-05,1e-05,0.9,0.44972953,481.9887
0.000982,3.12e-05,1e-05,1.0,0.4169172,480.70483
0.001,3.99e-05,0.0,0.0,0.36931166,299.69708
0.001,3.99e-05,0.0,0.1,0.5924483,423.9084
0.001,3.99e-05,0.0,0.2,0.7358695,462.3429
0.001,3.99e-05,0.0,0.3,0.34787744,474.7808
0.001,3.99e-05,0.0,0.4,0.54509175,480.34476
0.001,3.99e-05,0.0,0.5,0.51409054,482.17102
0.001,3.99e-05,0.0,0.6,0.49939865,481.9105
0.001,3.99e-05,0.0,0.7,0.54041696,489.31842
0.001,3.99e-05,0.0,0.8,0.4040963,489.22833
0.001,3.99e-05,0.0,0.9,0.44970214,481.98608
0.001,3.99e-05,0.0,1.0,0.4169633,480.72775
0.00097,4.56e-05,0.0,0.0,0.36928776,299.70264
0.00097,4.56e-05,0.0,0.1,0.59246397,423.9109
0.00097,4.56e-05,0.0,0.2,0.7359207,462.35324
0.00097,4.56e-05,0.0,0.3,0.3478426,474.77765
0.00097,4.56e-05,0.0,0.4,0.5450942,480.34604
0.00097,4.56e-05,0.0,0.5,0.5140915,482.17194
0.00097,4.56e-05,0.0,0.6,0.49935752,481.91348
0.00097,4.56e-05,0.0,0.7,0.5404135,489.31863
0.00097,4.56e-05,0.0,0.8,0.40409765,489.22812
0.00097,4.56e-05,0.0,0.9,0.44971478,481.9872
0.00097,4.56e-05,0.0,1.0,0.41694227,480.7172
0.00097,4.55e-05,1e-05,0.0,0.3698396,299.57443
0.00097,4.55e-05,1e-05,0.1,0.59285164,423.97235
0.00097,4.55e-05,1e-05,0.2,0.7363478,462.4423
0.00097,4.55e-05,1e-05,0.3,0.3476603,474.76154
0.00097,4.55e-05,1e-05,0.4,0.5451106,480.3538
0.00097,4.55e-05,1e-05,0.5,0.51409614,482.1761
0.00097,4.55e-05,1e-05,0.6,0.49918485,481.92624
0.00097,4.55e-05,1e-05,0.7,0.54039997,489.3197
0.00097,4.55e-05,1e-05,0.8,0.40410203,489.22748
0.00097,4.55e-05,1e-05,0.9,0.449759,481.9914
0.00097,4.55e-05,1e-05,1.0,0.41686624,480.67932
0.000939,6.68e-05,0.0,0.0,0.3690514,299.75815
0.000939,6.68e-05,0.0,0.1,0.5923864,423.89865
0.000939,6.68e-05,0.0,0.2,0.735941,462.35834
0.000939,6.68e-05,0.0,0.3,0.34778753,474.77274
0.000939,6.68e-05,0.0,0.4,0.54510444,480.35043
0.000939,6.68e-05,0.0,0.5,0.51409423,482.17453
0.000939,6.68e-05,0.0,0.6,0.49924165,481.92242
0.000939,6.68e-05,0.0,0.7,0.54040265,489.31955
0.000939,6.68e-05,0.0,0.8,0.40410194,489.22748
0.000939,6.68e-05,0.0,0.9,0.44975883,481.9913
0.000939,6.68e-05,0.0,1.0,0.41686618,480.6793
0.000952,5.11e-05,0.0,0.0,0.36924452,299.71274
0.000952,5.11e-05,0.0,0.1,0.59246075,423.91034
0.000952,5.11e-05,0.0,0.2,0.73594695,462.35873
0.000952,5.11e-05,0.0,0.3,0.34781915,474.77557
0.000952,5.11e-05,0.0,0.4,0.54509676,480.3473
0.000952,5.11e-05,0.0,0.5,0.5140924,482.1727
0.000952,5.11e-05,0.0,0.6,0.499323,481.91605
0.000952,5.11e-05,0.0,0.7,0.54041046,489.31894
0.000952,5.11e-05,0.0,0.8,0.4040987,489.228
0.000952,5.11e-05,0.0,0.9,0.4497265,481.98825
0.000952,5.11e-05,0.0,1.0,0.4169223,480.7073
0.000952,5.12e-05,1e-05,0.0,0.369791,299.58557
0.000952,5.12e-05,1e-05,0.1,0.59284693,423.9716
0.000952,5.12e-05,1e-05,0.2,0.73637325,462.44812
0.000952,5.12e-05,1e-05,0.3,0.34763792,474.7596
0.000952,5.12e-05,1e-05,0.4,0.54511386,480.35522
0.000952,5.12e-05,1e-05,0.5,0.514097,482.17694
0.000952,5.12e-05,1e-05,0.6,0.49914947,481.92908
0.000952,5.12e-05,1e-05,0.7,0.54039675,489.31998
0.000952,5.12e-05,1e-05,0.8,0.4041032,489.22733
0.000952,5.12e-05,1e-05,0.9,0.4497712,481.99265
0.000952,5.12e-05,1e-05,1.0,0.4168458,480.669
0.000929,8.27e-05,1e-05,0.0,0.36937958,299.68085
0.000929,8.27e-05,1e-05,0.1,0.5926904,423.94678
0.000929,8.27e-05,1e-05,0.2,0.73635507,462.4458
0.000929,8.27e-05,1e-05,0.3,0.3475808,474.75464
0.000929,8.27e-05,1e-05,0.4,0.5451318,480.36234
0.000929,8.27e-05,1e-05,0.5,0.5141013,482.181
0.000929,8.27e-05,1e-05,0.6,0.49898905,481.94263
0.000929,8.27e-05,1e-05,0.7,0.54038113,489.32135
0.000929,8.27e-05,1e-05,0.8,0.40410948,489.2264
0.000929,8.27e-05,1e-05,0.9,0.44983587,481.9993
0.000929,8.27e-05,1e-05,1.0,0.41673335,480.61282
0.000939,6.69e-05,1e-05,0.0,0.36958662,299.63275
0.000939,6.69e-05,1e-05,0.1,0.5927714,423.95956
0.000939,6.69e-05,1e-05,0.2,0.73636734,462.44763
0.000939,6.69e-05,1e-05,0.3,0.34760797,474.757
0.000939,6.69e-05,1e-05,0.4,0.5451226,480.35876
0.000939,6.69e-05,1e-05,0.5,0.5140991,482.17892
0.000939,6.69e-05,1e-05,0.6,0.49906868,481.93573
0.000939,6.69e-05,1e-05,0.7,0.54038894,489.32065
0.000939,6.69e-05,1e-05,0.8,0.4041063,489.2269
0.000939,6.69e-05,1e-05,0.9,0.44980347,481.99588
0.000939,6.69e-05,1e-05,1.0,0.41678944,480.6409
0.000985,5.12e-05,0.0,0.0,0.36918184,299.72742
0.000985,5.12e-05,0.0,0.1,0.59240437,423.90152
0.000985,5.12e-05,0.0,0.2,0.73587704,462.3449
0.000985,5.12e-05,0.0,0.3,0.34784916,474.7782
0.000985,5.12e-05,0.0,0.4,0.54509693,480.347
0.000985,5.12e-05,0.0,0.5,0.5140919,482.17233
0.000985,5.12e-05,0.0,0.6,0.49933738,481.91507
0.000985,5.12e-05,0.0,0.7,0.54041123,489.31885
0.000985,5.12e-05,0.0,0.8,0.40409854,489.228
0.000985,5.12e-05,0.0,0.9,0.44972572,481.98816
0.000985,5.12e-05,0.0,1.0,0.4169228,480.70755
0.001,4e-05,1e-05,0.0,0.36986205,299.5693
0.001,4e-05,1e-05,0.1,0.59283435,423.96954
0.001,4e-05,1e-05,0.2,0.736297,462.431
0.001,4e-05,1e-05,0.3,0.34769326,474.76447
0.001,4e-05,1e-05,0.4,0.5451074,480.35226
0.001,4e-05,1e-05,0.5,0.51409495,482.17508
0.001,4e-05,1e-05,0.6,0.49922475,481.9231
0.001,4e-05,1e-05,0.7,0.54040325,489.31946
0.001,4e-05,1e-05,0.8,0.40410092,489.22766
0.001,4e-05,1e-05,0.9,0.44974706,481.99026
0.001,4e-05,1e-05,1.0,0.41688663,480.6895
0.000947,8.46e-05,5.22e-06,0.0,0.3690658,299.75452
0.000947,8.46e-05,5.22e-06,0.1,0.5924639,423.911
0.000947,8.46e-05,5.22e-06,0.2,0.7361103,462.39377
0.000947,8.46e-05,5.22e-06,0.3,0.34767798,474.76303
0.000947,8.46e-05,5.22e-06,0.4,0.54512286,480.35815
0.000947,8.46e-05,5.22e-06,0.5,0.51409876,482.17868
0.000947,8.46e-05,5.22e-06,0.6,0.4990701,481.93607
0.000947,8.46e-05,5.22e-06,0.7,0.5403872,489.32086
0.000947,8.46e-05,5.22e-06,0.8,0.4041077,489.22668
0.000947,8.46e-05,5.22e-06,0.9,0.449818,481.99725
0.000947,8.46e-05,5.22e-06,1.0,0.41676357,480.62787
0.000949,8.32e-05,0.0,0.0,0.36881223,299.81485
0.000949,8.32e-05,0.0,0.1,0.59226966,423.88043
0.000949,8.32e-05,0.0,0.2,0.73588485,462.34808
0.000949,8.32e-05,0.0,0.3,0.34777603,474.77164
0.000949,8.32e-05,0.0,0.4,0.5451128,480.35355
0.000949,8.32e-05,0.0,0.5,0.51409596,482.17618
0.000949,8.32e-05,0.0,0.6,0.49916786,481.9284
0.000949,8.32e-05,0.0,0.7,0.540395,489.32022
0.000949,8.32e-05,0.0,0.8,0.40410504,489.22705
0.000949,8.32e-05,0.0,0.9,0.4497919,481.99448
0.000949,8.32e-05,0.0,1.0,0.41680834,480.65033
0.00094,1e-04,1e-05,0.0,0.3691178,299.7421
0.00094,1e-04,1e-05,0.1,0.59256476,423.9269
0.00094,1e-04,1e-05,0.2,0.736296,462.4339
0.00094,1e-04,1e-05,0.3,0.3475697,474.7536
0.00094,1e-04,1e-05,0.4,0.54514146,480.36588
0.00094,1e-04,1e-05,0.5,0.5141034,482.18298
0.00094,1e-04,1e-05,0.6,0.49891168,481.9495
0.00094,1e-04,1e-05,0.7,0.5403731,489.32214
0.00094,1e-04,1e-05,0.8,0.40411273,489.22595
0.00094,1e-04,1e-05,0.9,0.44987053,482.00317
0.00094,1e-04,1e-05,1.0,0.41667268,480.5825
0.00096,1e-04,0.0,0.0,0.36857238,299.87216
0.00096,1e-04,0.0,0.1,0.59214944,423.8618
0.00096,1e-04,0.0,0.2,0.7358259,462.33743
0.00096,1e-04,0.0,0.3,0.3477651,474.7706
0.00096,1e-04,0.0,0.4,0.5451212,480.35678
0.00096,1e-04,0.0,0.5,0.51409775,482.17786
0.00096,1e-04,0.0,0.6,0.4990924,481.9347
0.00096,1e-04,0.0,0.7,0.5403873,489.32092
0.00096,1e-04,0.0,0.8,0.4041083,489.2266
0.00096,1e-04,0.0,0.9,0.44982564,481.99792
0.00096,1e-04,0.0,1.0,0.4167493,480.6208
0.000986,5.12e-05,1e-05,0.0,0.36972415,299.60092
0.000986,5.12e-05,1e-05,0.1,0.59278864,423.96234
0.000986,5.12e-05,1e-05,0.2,0.73630255,462.4328
0.000986,5.12e-05,1e-05,0.3,0.3476673,474.76218
0.000986,5.12e-05,1e-05,0.4,0.54511344,480.35474
0.000986,5.12e-05,1e-05,0.5,0.5140965,482.17645
0.000986,5.12e-05,1e-05,0.6,0.499165,481.92792
0.000986,5.12e-05,1e-05,0.7,0.5403975,489.31992
0.000986,5.12e-05,1e-05,0.8,0.40410313,489.22733
0.000986,5.12e-05,1e-05,0.9,0.4497701,481.9924
0.000986,5.12e-05,1e-05,1.0,0.4168467,480.66946
0.001,5.99e-05,0.0,0.0,0.36903447,299.7621
0.001,5.99e-05,0.0,0.1,0.59232605,423.8892
0.001,5.99e-05,0.0,0.2,0.73582673,462.3356
0.001,5.99e-05,0.0,0.3,0.34785202,474.77844
0.001,5.99e-05,0.0,0.4,0.5451012,480.34848
0.001,5.99e-05,0.0,0.5,0.51409256,482.173
0.001,5.99e-05,0.0,0.6,0.49930248,481.91788
0.001,5.99e-05,0.0,0.7,0.54040736,489.3192
0.001,5.99e-05,0.0,0.8,0.40410027,489.22772
0.001,5.99e-05,0.0,0.9,0.449743,481.98965
0.001,5.99e-05,0.0,1.0,0.41689226,480.69223
0.000985,6.06e-05,5e-06,0.0,0.36931705,299.69562
0.000985,6.06e-05,5e-06,0.1,0.5925385,423.92267
0.000985,6.06e-05,5e-06,0.2,0.7360718,462.38464
0.000985,6.06e-05,5e-06,0.3,0.34774497,474.7689
0.000985,6.06e-05,5e-06,0.4,0.5451095,480.35254
0.000985,6.06e-05,5e-06,0.5,0.5140952,482.17535
0.000985,6.06e-05,5e-06,0.6,0.49920583,481.92502
0.000985,6.06e-05,5e-06,0.7,0.54039985,489.3198
0.000985,6.06e-05,5e-06,0.8,0.40410283,489.2274
0.000985,6.06e-05,5e-06,0.9,0.4497671,481.9921
0.000985,6.06e-05,5e-06,1.0,0.41685134,480.6718
0.000969,6.1e-05,1e-05,0.0,0.36961436,299.62628
0.000969,6.1e-05,1e-05,0.1,0.5927568,423.95724
0.000969,6.1e-05,1e-05,0.2,0.7363173,462.4365
0.000969,6.1e-05,1e-05,0.3,0.34764084,474.7598
0.000969,6.1e-05,1e-05,0.4,0.5451189,480.35703
0.000969,6.1e-05,1e-05,0.5,0.5140979,482.17786
0.000969,6.1e-05,1e-05,0.6,0.4991103,481.93237
0.000969,6.1e-05,1e-05,0.7,0.5403925,489.3204
0.000969,6.1e-05,1e-05,0.8,0.4041051,489.22705
0.000969,6.1e-05,1e-05,0.9,0.44979063,481.9945
0.000969,6.1e-05,1e-05,1.0,0.41681156,480.65195
0.00097,6.1e-05,0.0,0.0,0.3690741,299.75278
0.00097,6.1e-05,0.0,0.1,0.5923697,423.89612
0.00097,6.1e-05,0.0,0.2,0.73588794,462.3476
0.00097,6.1e-05,0.0,0.3,0.3478231,474.77585
0.00097,6.1e-05,0.0,0.4,0.54510164,480.34897
0.00097,6.1e-05,0.0,0.5,0.51409316,482.1735
0.00097,6.1e-05,0.0,0.6,0.49928352,481.91922
0.00097,6.1e-05,0.0,0.7,0.54040617,489.31924
0.00097,6.1e-05,0.0,0.8,0.40410066,489.2277
0.00097,6.1e-05,0.0,0.9,0.44974613,481.99002
0.00097,6.1e-05,0.0,1.0,0.4168878,480.69006
0.000956,6.85e-05,0.0,0.0,0.36899754,299.77084
0.000956,6.85e-05,0.0,0.1,0.59234744,423.89264
0.000956,6.85e-05,0.0,0.2,0.7359016,462.35062
0.000956,6.85e-05,0.0,0.3,0.34780094,474.77386
0.000956,6.85e-05,0.0,0.4,0.54510534,480.35062
0.000956,6.85e-05,0.0,0.5,0.5140942,482.1745
0.000956,6.85e-05,0.0,0.6,0.49924123,481.9225
0.000956,6.85e-05,0.0,0.7,0.5404023,489.3196
0.000956,6.85e-05,0.0,0.8,0.40410218,489.22745
0.000956,6.85e-05,0.0,0.9,0.4497618,481.99152
0.000956,6.85e-05,0.0,1.0,0.41686076,480.6766
0.000955,6.85e-05,1e-05,0.0,0.36953285,299.6452
0.000955,6.85e-05,1e-05,0.1,0.5927341,423.95367
0.000955,6.85e-05,1e-05,0.2,0.7363308,462.4398
0.000955,6.85e-05,1e-05,0.3,0.34761986,474.758
0.000955,6.85e-05,1e-05,0.4,0.5451232,480.35883
0.000955,6.85e-05,1e-05,0.5,0.5140991,482.1789
0.000955,6.85e-05,1e-05,0.6,0.49906826,481.93585
0.000955,6.85e-05,1e-05,0.7,0.5403886,489.32068
0.000955,6.85e-05,1e-05,0.8,0.40410662,489.2268
0.000955,6.85e-05,1e-05,0.9,0.4498062,481.99612
0.000955,6.85e-05,1e-05,1.0,0.41678435,480.63834
0.000949,8.32e-05,1e-05,0.0,0.36933497,299.69125
0.000949,8.32e-05,1e-05,0.1,0.5926532,423.9409
0.000949,8.32e-05,1e-05,0.2,0.7363126,462.43665
0.000949,8.32e-05,1e-05,0.3,0.34759715,474.75604
0.000949,8.32e-05,1e-05,0.4,0.54513156,480.3621
0.000949,8.32e-05,1e-05,0.5,0.514101,482.18073
0.000949,8.32e-05,1e-05,0.6,0.49899557,481.94208
0.000949,8.32e-05,1e-05,0.7,0.5403814,489.32138
0.000949,8.32e-05,1e-05,0.8,0.4041095,489.2264
0.000949,8.32e-05,1e-05,0.9,0.44983622,481.99933
0.000949,8.32e-05,1e-05,1.0,0.41673204,480.61215
0.000969,8.21e-05,0.0,0.0,0.36879152,299.81973
0.000969,8.21e-05,0.0,0.1,0.59224284,423.87628
0.000969,8.21e-05,0.0,0.2,0.73584497,462.3402
0.000969,8.21e-05,0.0,0.3,0.34779552,474.77335
0.000969,8.21e-05,0.0,0.4,0.5451121,480.353
0.000969,8.21e-05,0.0,0.5,0.51409554,482.17572
0.000969,8.21e-05,0.0,0.6,0.499182,481.92728
0.000969,8.21e-05,0.0,0.7,0.54039603,489.32016
0.000969,8.21e-05,0.0,0.8,0.4041047,489.22708
0.000969,8.21e-05,0.0,0.9,0.44978908,481.99417
0.000969,8.21e-05,0.0,1.0,0.41681278,480.65253
0.000985,6.99e-05,0.0,0.0,0.3689261,299.78775
0.000985,6.99e-05,0.0,0.1,0.5922903,423.8837
0.000985,6.99e-05,0.0,0.2,0.7358372,462.3381
0.000985,6.99e-05,0.0,0.3,0.34782568,474.77606
0.000985,6.99e-05,0.0,0.4,0.54510593,480.35052
0.000985,6.99e-05,0.0,0.5,0.514094,482.17422
0.000985,6.99e-05,0.0,0.6,0.4992476,481.92206
0.000985,6.99e-05,0.0,0.7,0.5404023,489.3196
0.000985,6.99e-05,0.0,0.8,0.40410236,489.22745
0.000985,6.99e-05,0.0,0.9,0.44976377,481.99167
0.000985,6.99e-05,0.0,1.0,0.41685647,480.67447
0.001,6e-05,1e-05,0.0,0.36956888,299.63678
0.001,6e-05,1e-05,0.1,0.59270996,423.94983
0.001,6e-05,1e-05,0.2,0.73625505,462.42307
0.001,6e-05,1e-05,0.3,0.34766886,474.76224
0.001,6e-05,1e-05,0.4,0.545118,480.35632
0.001,6e-05,1e-05,0.5,0.5140973,482.17728
0.001,6e-05,1e-05,0.6,0.49912912,481.9309
0.001,6e-05,1e-05,0.7,0.5403937,489.32025
0.001,6e-05,1e-05,0.8,0.40410474,489.22708
0.001,6e-05,1e-05,0.9,0.44978774,481.99414
0.001,6e-05,1e-05,1.0,0.4168158,480.654
0.00096,1e-04,1e-05,0.0,0.36908117,299.75073
0.00096,1e-04,1e-05,0.1,0.59253097,423.92166
0.00096,1e-04,1e-05,0.2,0.7362544,462.42505
0.00096,1e-04,1e-05,0.3,0.3475865,474.75504
0.00096,1e-04,1e-05,0.4,0.5451409,480.3655
0.00096,1e-04,1e-05,0.5,0.51410306,482.18265
0.00096,1e-04,1e-05,0.6,0.49892068,481.94876
0.00096,1e-04,1e-05,0.7,0.54037356,489.32208
0.00096,1e-04,1e-05,0.8,0.4041127,489.22598
0.00096,1e-04,1e-05,0.9,0.44987005,482.0031
0.00096,1e-04,1e-05,1.0,0.4166731,480.58267
0.00098,1e-04,0.0,0.0,0.3685379,299.88043
0.00098,1e-04,0.0,0.1,0.5921163,423.85663
0.00098,1e-04,0.0,0.2,0.73578334,462.32922
0.00098,1e-04,0.0,0.3,0.34778306,474.7722
0.00098,1e-04,0.0,0.4,0.54512113,480.35648
0.00098,1e-04,0.0,0.5,0.51409745,482.1776
0.00098,1e-04,0.0,0.6,0.4991014,481.93405
0.00098,1e-04,0.0,0.7,0.54038775,489.3209
0.00098,1e-04,0.0,0.8,0.40410826,489.22662
0.00098,1e-04,0.0,0.9,0.44982523,481.9979
0.00098,1e-04,0.0,1.0,0.4167496,480.62097
0.001,8e-05,0.0,0.0,0.36876437,299.82617
0.001,8e-05,0.0,0.1,0.5922038,423.87015
0.001,8e-05,0.0,0.2,0.7357838,462.3283
0.001,8e-05,0.0,0.3,0.3478265,474.7761
0.001,8e-05,0.0,0.4,0.54511094,480.35226
0.001,8e-05,0.0,0.5,0.51409477,482.17514
0.001,8e-05,0.0,0.6,0.49920613,481.9255
0.001,8e-05,0.0,0.7,0.54039776,489.31998
0.001,8e-05,0.0,0.8,0.40410423,489.22714
0.001,8e-05,0.0,0.9,0.44978395,481.9936
0.001,8e-05,0.0,1.0,0.41682097,480.6566
0.000985,7e-05,1e-05,0.0,0.3694541,299.66342
0.000985,7e-05,1e-05,0.1,0.59267366,423.9441
0.000985,7e-05,1e-05,0.2,0.7362653,462.4258
0.000985,7e-05,1e-05,0.3,0.3476438,474.76004
0.000985,7e-05,1e-05,0.4,0.54512364,480.35864
0.000985,7e-05,1e-05,0.5,0.51409876,482.17868
0.000985,7e-05,1e-05,0.6,0.49907467,481.93542
0.000985,7e-05,1e-05,0.7,0.54038846,489.32074
0.000985,7e-05,1e-05,0.8,0.4041068,489.22678
0.000985,7e-05,1e-05,0.9,0.44980848,481.9963
0.000985,7e-05,1e-05,1.0,0.41677988,480.63623
0.00097,8.26e-05,1e-05,0.0,0.36930412,299.6985
0.00097,8.26e-05,1e-05,0.1,0.5926212,423.93585
0.00097,8.26e-05,1e-05,0.2,0.73626995,462.42743
0.00097,8.26e-05,1e-05,0.3,0.34761575,474.75757
0.00097,8.26e-05,1e-05,0.4,0.5451307,480.36157
0.00097,8.26e-05,1e-05,0.5,0.5141007,482.18036
0.00097,8.26e-05,1e-05,0.6,0.4990077,481.9411
0.00097,8.26e-05,1e-05,0.7,0.54038215,489.32126
0.00097,8.26e-05,1e-05,0.8,0.40410927,489.22644
0.00097,8.26e-05,1e-05,0.9,0.44983453,481.99908
0.00097,8.26e-05,1e-05,1.0,0.4167349,480.61353
0.000987,8.62e-05,0.0,0.0,0.36870548,299.84024
0.000987,8.62e-05,0.0,0.1,0.59218806,423.86777
0.000987,8.62e-05,0.0,0.2,0.73579806,462.33133
0.000987,8.62e-05,0.0,0.3,0.34780684,474.77432
0.000987,8.62e-05,0.0,0.4,0.54511404,480.35367
0.000987,8.62e-05,0.0,0.5,0.5140958,482.176
0.000987,8.62e-05,0.0,0.6,0.49917042,481.9283
0.000987,8.62e-05,0.0,0.7,0.54039454,489.32034
0.000987,8.62e-05,0.0,0.8,0.40410548,489.227
0.000987,8.62e-05,0.0,0.9,0.44979697,481.9949
0.000987,8.62e-05,0.0,1.0,0.41679874,480.64554
0.001,8e-05,1e-05,0.0,0.3692845,299.703
0.001,8e-05,1e-05,0.1,0.5925863,423.93036
0.001,8e-05,1e-05,0.2,0.736213,462.4152
0.001,8e-05,1e-05,0.3,0.34764475,474.76007
0.001,8e-05,1e-05,0.4,0.5451288,480.3605
0.001,8e-05,1e-05,0.5,0.5140997,482.17966
0.001,8e-05,1e-05,0.6,0.49903375,481.93893
0.001,8e-05,1e-05,0.7,0.5403841,489.32114
0.001,8e-05,1e-05,0.8,0.4041086,489.2265
0.001,8e-05,1e-05,0.9,0.44982833,481.99835
0.001,8e-05,1e-05,1.0,0.4167449,480.61847
0.00098,1e-04,1e-05,0.0,0.3690445,299.7594
0.00098,1e-04,1e-05,0.1,0.59249705,423.91632
0.00098,1e-04,1e-05,0.2,0.7362126,462.41614
0.00098,1e-04,1e-05,0.3,0.34760356,474.75647
0.00098,1e-04,1e-05,0.4,0.5451404,480.36517
0.00098,1e-04,1e-05,0.5,0.5141027,482.1823
0.00098,1e-04,1e-05,0.6,0.49892965,481.94803
0.00098,1e-04,1e-05,0.7,0.54037404,489.32205
0.00098,1e-04,1e-05,0.8,0.40411255,489.22598
0.00098,1e-04,1e-05,0.9,0.44986936,482.00293
0.00098,1e-04,1e-05,1.0,0.41667363,480.58295
0.001,1e-04,0.0,0.0,0.3685034,299.88873
0.001,1e-04,0.0,0.1,0.592083,423.85144
0.001,1e-04,0.0,0.2,0.735741,462.3211
0.001,1e-04,0.0,0.3,0.34780127,474.77377
0.001,1e-04,0.0,0.4,0.545121,480.35623
0.001,1e-04,0.0,0.5,0.51409715,482.1773
0.001,1e-04,0.0,0.6,0.49911043,481.93335
0.001,1e-04,0.0,0.7,0.54038817,489.32086
0.001,1e-04,0.0,0.8,0.4041081,489.22662
0.001,1e-04,0.0,0.9,0.44982463,481.99777
0.001,1e-04,0.0,1.0,0.41675028,480.62128
0.000987,8.62e-05,1e-05,0.0,0.36922222,299.7176
0.000987,8.62e-05,1e-05,0.1,0.5925701,423.92776
0.000987,8.62e-05,1e-05,0.2,0.73622704,462.41846
0.000987,8.62e-05,1e-05,0.3,0.34762612,474.75845
0.000987,8.62e-05,1e-05,0.4,0.5451326,480.3621
0.000987,8.62e-05,1e-05,0.5,0.5141008,482.18054
0.000987,8.62e-05,1e-05,0.6,0.49899843,481.94196
0.000987,8.62e-05,1e-05,0.7,0.5403808,489.32138
0.000987,8.62e-05,1e-05,0.8,0.40410995,489.22635
0.000987,8.62e-05,1e-05,0.9,0.4498413,481.9998
0.000987,8.62e-05,1e-05,1.0,0.41672254,480.60733
0.001,1e-04,1e-05,0.0,0.3690083,299.7679
0.001,1e-04,1e-05,0.1,0.59246325,423.911
0.001,1e-04,1e-05,0.2,0.7361709,462.40738
0.001,1e-04,1e-05,0.3,0.34762064,474.75793
0.001,1e-04,1e-05,0.4,0.54514,480.36478
0.001,1e-04,1e-05,0.5,0.51410234,482.182
0.001,1e-04,1e-05,0.6,0.49893862,481.9473
0.001,1e-04,1e-05,0.7,0.5403745,489.32202
0.001,1e-04,1e-05,0.8,0.40411252,489.22598
0.001,1e-04,1e-05,0.9,0.44986877,482.00284
0.001,1e-04,1e-05,1.0,0.4166741,480.58316
