x,y,z,t,V,T
0.0,2e-05,1e-05,0.0,0.5593236,317.19238
0.0,2e-05,1e-05,0.1,0.55335796,390.59665
0.0,2e-05,1e-05,0.2,0.52572423,390.85092
0.0,2e-05,1e-05,0.3,0.51156896,390.91266
0.0,2e-05,1e-05,0.4,0.5422313,394.12433
0.0,2e-05,1e-05,0.5,0.54200935,394.47583
0.0,2e-05,1e-05,0.6,0.54148805,395.07834
0.0,2e-05,1e-05,0.7,0.54120624,395.39133
0.0,2e-05,1e-05,0.8,0.5410538,395.55954
0.0,2e-05,1e-05,0.9,0.5409698,395.65207
0.0,2e-05,1e-05,1.0,0.5409234,395.7031
0.0,2e-05,0.0,0.0,0.559324,317.19284
0.0,2e-05,0.0,0.1,0.5533579,390.59656
0.0,2e-05,0.0,0.2,0.5257209,390.85358
0.0,2e-05,0.0,0.3,0.5115617,390.91394
0.0,2e-05,0.0,0.4,0.5422314,394.12442
0.0,2e-05,0.0,0.5,0.54200935,394.47583
0.0,2e-05,0.0,0.6,0.5414881,395.07837
0.0,2e-05,0.0,0.7,0.54120624,395.39133
0.0,2e-05,0.0,0.8,0.5410537,395.55954
0.0,2e-05,0.0,0.9,0.5409698,395.65207
0.0,2e-05,0.0,1.0,0.54092336,395.7031
1.28e-05,1.38e-05,1e-05,0.0,0.5593248,317.1942
1.28e-05,1.38e-05,1e-05,0.1,0.55335474,390.59882
1.28e-05,1.38e-05,1e-05,0.2,0.5257232,390.85202
1.28e-05,1.38e-05,1e-05,0.3,0.5115621,390.913
1.28e-05,1.38e-05,1e-05,0.4,0.5422312,394.12445
1.28e-05,1.38e-05,1e-05,0.5,0.5420095,394.47592
1.28e-05,1.38e-05,1e-05,0.6,0.54148793,395.0784
1.28e-05,1.38e-05,1e-05,0.7,0.54120636,395.39133
1.28e-05,1.38e-05,1e-05,0.8,0.5410538,395.55957
1.28e-05,1.38e-05,1e-05,0.9,0.5409698,395.65207
1.28e-05,1.38e-05,1e-05,1.0,0.54092354,395.70312
0.0,0.0,0.0,0.0,0.55932695,317.20004
0.0,0.0,0.0,0.1,0.5533773,390.5824
0.0,0.0,0.0,0.2,0.5257137,390.8581
0.0,0.0,0.0,0.3,0.5115672,390.9315
0.0,0.0,0.0,0.4,0.5422318,394.12393
0.0,0.0,0.0,0.5,0.54200935,394.47586
0.0,0.0,0.0,0.6,0.54148805,395.07837
0.0,0.0,0.0,0.7,0.54120636,395.39133
0.0,0.0,0.0,0.8,0.5410539,395.55954
0.0,0.0,0.0,0.9,0.5409697,395.65204
0.0,0.0,0.0,1.0,0.54092354,395.7031
1.28e-05,1.38e-05,0.0,0.0,0.55932486,317.19464
1.28e-05,1.38e-05,0.0,0.1,0.553355,390.59863
1.28e-05,1.38e-05,0.0,0.2,0.5257201,390.8548
1.28e-05,1.38e-05,0.0,0.3,0.51155484,390.9143
1.28e-05,1.38e-05,0.0,0.4,0.5422311,394.1246
1.28e-05,1.38e-05,0.0,0.5,0.5420095,394.47592
1.28e-05,1.38e-05,0.0,0.6,0.5414878,395.0784
1.28e-05,1.38e-05,0.0,0.7,0.54120624,395.39133
1.28e-05,1.38e-05,0.0,0.8,0.5410538,395.55957
1.28e-05,1.38e-05,0.0,0.9,0.5409697,395.65207
1.28e-05,1.38e-05,0.0,1.0,0.5409235,395.70312
0.0,0.0,1e-05,0.0,0.5593269,317.19965
0.0,0.0,1e-05,0.1,0.5533773,390.58255
0.0,0.0,1e-05,0.2,0.5257169,390.85516
0.0,0.0,1e-05,0.3,0.5115743,390.93015
0.0,0.0,1e-05,0.4,0.5422319,394.12387
0.0,0.0,1e-05,0.5,0.5420095,394.4759
0.0,0.0,1e-05,0.6,0.54148805,395.07837
0.0,0.0,1e-05,0.7,0.54120636,395.39133
0.0,0.0,1e-05,0.8,0.5410539,395.55954
0.0,0.0,1e-05,0.9,0.5409697,395.65207
0.0,0.0,1e-05,1.0,0.5409236,395.7031
2e-05,0.0,1e-05,0.0,0.55932677,317.19897
2e-05,0.0,1e-05,0.1,0.55336326,390.59265
2e-05,0.0,1e-05,0.2,0.5257191,390.85458
2e-05,0.0,1e-05,0.3,0.5115614,390.9222
2e-05,0.0,1e-05,0.4,0.5422313,394.1244
2e-05,0.0,1e-05,0.5,0.5420094,394.476
2e-05,0.0,1e-05,0.6,0.54148793,395.0784
2e-05,0.0,1e-05,0.7,0.5412063,395.39136
2e-05,0.0,1e-05,0.8,0.5410538,395.55963
2e-05,0.0,1e-05,0.9,0.5409697,395.6521
2e-05,0.0,1e-05,1.0,0.54092336,395.70312
2e-05,0.0,0.0,0.0,0.55932677,317.19952
2e-05,0.0,0.0,0.1,0.55336344,390.5924
2e-05,0.0,0.0,0.2,0.5257161,390.8574
2e-05,0.0,0.0,0.3,0.51155424,390.9236
2e-05,0.0,0.0,0.4,0.5422312,394.12442
2e-05,0.0,0.0,0.5,0.54200935,394.47604
2e-05,0.0,0.0,0.6,0.5414878,395.0784
2e-05,0.0,0.0,0.7,0.54120636,395.39136
2e-05,0.0,0.0,0.8,0.5410538,395.55963
2e-05,0.0,0.0,0.9,0.54096985,395.6521
2e-05,0.0,0.0,1.0,0.5409234,395.70312
0.0,4.01e-05,0.0,0.0,0.55932117,317.18542
0.0,4.01e-05,0.0,0.1,0.5533385,390.61075
0.0,4.01e-05,0.0,0.2,0.52572775,390.84952
0.0,4.01e-05,0.0,0.3,0.511556,390.8965
0.0,4.01e-05,0.0,0.4,0.5422308,394.1249
0.0,4.01e-05,0.0,0.5,0.5420094,394.4758
0.0,4.01e-05,0.0,0.6,0.5414882,395.0783
0.0,4.01e-05,0.0,0.7,0.54120636,395.39133
0.0,4.01e-05,0.0,0.8,0.5410537,395.55954
0.0,4.01e-05,0.0,0.9,0.5409698,395.65207
0.0,4.01e-05,0.0,1.0,0.54092336,395.7031
0.0,4e-05,1e-05,0.0,0.55932057,317.18506
0.0,4e-05,1e-05,0.1,0.5533386,390.61093
0.0,4e-05,1e-05,0.2,0.52573115,390.84668
0.0,4e-05,1e-05,0.3,0.5115633,390.8951
0.0,4e-05,1e-05,0.4,0.5422311,394.12476
0.0,4e-05,1e-05,0.5,0.5420094,394.4758
0.0,4e-05,1e-05,0.6,0.5414881,395.0783
0.0,4e-05,1e-05,0.7,0.54120636,395.39133
0.0,4e-05,1e-05,0.8,0.5410537,395.55954
0.0,4e-05,1e-05,0.9,0.54096985,395.65207
0.0,4e-05,1e-05,1.0,0.5409235,395.70312
1.47e-05,3.02e-05,0.0,0.0,0.5593221,317.1887
1.47e-05,3.02e-05,0.0,0.1,0.55333793,390.61136
1.47e-05,3.02e-05,0.0,0.2,0.5257263,390.8512
1.47e-05,3.02e-05,0.0,0.3,0.5115491,390.89944
1.47e-05,3.02e-05,0.0,0.4,0.5422307,394.1251
1.47e-05,3.02e-05,0.0,0.5,0.5420095,394.47592
1.47e-05,3.02e-05,0.0,0.6,0.5414878,395.0784
1.47e-05,3.02e-05,0.0,0.7,0.5412063,395.39136
1.47e-05,3.02e-05,0.0,0.8,0.5410538,395.55957
1.47e-05,3.02e-05,0.0,0.9,0.54096985,395.6521
1.47e-05,3.02e-05,0.0,1.0,0.5409234,395.70312
1.48e-05,4.94e-05,0.0,0.0,0.5593194,317.1816
1.48e-05,4.94e-05,0.0,0.1,0.553319,390.62503
1.48e-05,4.94e-05,0.0,0.2,0.5257327,390.8473
1.48e-05,4.94e-05,0.0,0.3,0.51154375,390.88284
1.48e-05,4.94e-05,0.0,0.4,0.54223025,394.12564
1.48e-05,4.94e-05,0.0,0.5,0.54200935,394.4759
1.48e-05,4.94e-05,0.0,0.6,0.54148793,395.0784
1.48e-05,4.94e-05,0.0,0.7,0.54120636,395.39136
1.48e-05,4.94e-05,0.0,0.8,0.5410538,395.5596
1.48e-05,4.94e-05,0.0,0.9,0.54096985,395.6521
1.48e-05,4.94e-05,0.0,1.0,0.5409234,395.70312
0.0,6.01e-05,0.0,0.0,0.55931807,317.1782
0.0,6.01e-05,0.0,0.1,0.553319,390.62503
0.0,6.01e-05,0.0,0.2,0.5257349,390.8455
0.0,6.01e-05,0.0,0.3,0.51155025,390.87924
0.0,6.01e-05,0.0,0.4,0.54223055,394.12546
0.0,6.01e-05,0.0,0.5,0.54200953,394.4758
0.0,6.01e-05,0.0,0.6,0.54148823,395.07825
0.0,6.01e-05,0.0,0.7,0.54120636,395.39133
0.0,6.01e-05,0.0,0.8,0.5410537,395.55954
0.0,6.01e-05,0.0,0.9,0.5409698,395.65207
0.0,6.01e-05,0.0,1.0,0.5409235,395.70312
0.0,6e-05,1e-05,0.0,0.55931777,317.1777
0.0,6e-05,1e-05,0.1,0.55331904,390.62503
0.0,6e-05,1e-05,0.2,0.5257383,390.84262
0.0,6e-05,1e-05,0.3,0.5115578,390.87802
0.0,6e-05,1e-05,0.4,0.5422305,394.12527
0.0,6e-05,1e-05,0.5,0.54200953,394.4758
0.0,6e-05,1e-05,0.6,0.5414882,395.07825
0.0,6e-05,1e-05,0.7,0.54120636,395.39133
0.0,6e-05,1e-05,0.8,0.5410537,395.55954
0.0,6e-05,1e-05,0.9,0.5409698,395.65207
0.0,6e-05,1e-05,1.0,0.5409235,395.70312
1.58e-05,4.94e-05,1e-05,0.0,0.5593192,317.18115
1.58e-05,4.94e-05,1e-05,0.1,0.5533184,390.6256
1.58e-05,4.94e-05,1e-05,0.2,0.52573633,390.84442
1.58e-05,4.94e-05,1e-05,0.3,0.5115504,390.881
1.58e-05,4.94e-05,1e-05,0.4,0.5422304,394.12555
1.58e-05,4.94e-05,1e-05,0.5,0.54200935,394.4759
1.58e-05,4.94e-05,1e-05,0.6,0.54148793,395.0784
1.58e-05,4.94e-05,1e-05,0.7,0.54120636,395.39136
1.58e-05,4.94e-05,1e-05,0.8,0.5410538,395.55957
1.58e-05,4.94e-05,1e-05,0.9,0.5409697,395.6521
1.58e-05,4.94e-05,1e-05,1.0,0.5409234,395.70312
1.48e-05,3.02e-05,1e-05,0.0,0.559322,317.1881
1.48e-05,3.02e-05,1e-05,0.1,0.5533377,390.61154
1.48e-05,3.02e-05,1e-05,0.2,0.5257293,390.84845
1.48e-05,3.02e-05,1e-05,0.3,0.5115563,390.89816
1.48e-05,3.02e-05,1e-05,0.4,0.5422309,394.12503
1.48e-05,3.02e-05,1e-05,0.5,0.54200953,394.4759
1.48e-05,3.02e-05,1e-05,0.6,0.5414878,395.0784
1.48e-05,3.02e-05,1e-05,0.7,0.54120636,395.39136
1.48e-05,3.02e-05,1e-05,0.8,0.5410538,395.55957
1.48e-05,3.02e-05,1e-05,0.9,0.5409697,395.6521
1.48e-05,3.02e-05,1e-05,1.0,0.5409234,395.70312
2.98e-05,1.76e-05,0.0,0.0,0.5593242,317.19275
2.98e-05,1.76e-05,0.0,0.1,0.5533395,390.6102
2.98e-05,1.76e-05,0.0,0.2,0.52572334,390.8535
2.98e-05,1.76e-05,0.0,0.3,0.5115427,390.90454
2.98e-05,1.76e-05,0.0,0.4,0.54223067,394.1252
2.98e-05,1.76e-05,0.0,0.5,0.5420093,394.47604
2.98e-05,1.76e-05,0.0,0.6,0.5414878,395.07843
2.98e-05,1.76e-05,0.0,0.7,0.54120636,395.39136
2.98e-05,1.76e-05,0.0,0.8,0.5410538,395.55963
2.98e-05,1.76e-05,0.0,0.9,0.54096985,395.6521
2.98e-05,1.76e-05,0.0,1.0,0.5409235,395.70312
3.09e-05,1.78e-05,1e-05,0.0,0.5593239,317.1922
3.09e-05,1.78e-05,1e-05,0.1,0.5533385,390.6111
3.09e-05,1.78e-05,1e-05,0.2,0.5257268,390.85068
3.09e-05,1.78e-05,1e-05,0.3,0.5115495,390.9024
3.09e-05,1.78e-05,1e-05,0.4,0.54223055,394.12515
3.09e-05,1.78e-05,1e-05,0.5,0.5420093,394.47604
3.09e-05,1.78e-05,1e-05,0.6,0.5414878,395.07843
3.09e-05,1.78e-05,1e-05,0.7,0.54120636,395.39136
3.09e-05,1.78e-05,1e-05,0.8,0.54105365,395.55963
3.09e-05,1.78e-05,1e-05,0.9,0.54096985,395.6521
3.09e-05,1.78e-05,1e-05,1.0,0.54092354,395.70312
4.02e-05,6.93e-06,5.05e-06,0.0,0.55932564,317.19614
4.02e-05,6.93e-06,5.05e-06,0.1,0.5533425,390.6079
4.02e-05,6.93e-06,5.05e-06,0.2,0.52572227,390.854
4.02e-05,6.93e-06,5.05e-06,0.3,0.5115427,390.9091
4.02e-05,6.93e-06,5.05e-06,0.4,0.5422306,394.12518
4.02e-05,6.93e-06,5.05e-06,0.5,0.5420093,394.47614
4.02e-05,6.93e-06,5.05e-06,0.6,0.5414878,395.07846
4.02e-05,6.93e-06,5.05e-06,0.7,0.54120624,395.39136
4.02e-05,6.93e-06,5.05e-06,0.8,0.54105365,395.55966
4.02e-05,6.93e-06,5.05e-06,0.9,0.5409696,395.65213
4.02e-05,6.93e-06,5.05e-06,1.0,0.5409235,395.70312
4e-05,0.0,1e-05,0.0,0.5593264,317.1984
4e-05,0.0,1e-05,0.1,0.55334926,390.60303
4e-05,0.0,1e-05,0.2,0.52572143,390.8541
4e-05,0.0,1e-05,0.3,0.5115485,390.9145
4e-05,0.0,1e-05,0.4,0.5422308,394.12497
4e-05,0.0,1e-05,0.5,0.54200935,394.47614
4e-05,0.0,1e-05,0.6,0.54148793,395.07846
4e-05,0.0,1e-05,0.7,0.54120636,395.39136
4e-05,0.0,1e-05,0.8,0.5410538,395.55966
4e-05,0.0,1e-05,0.9,0.5409696,395.65213
4e-05,0.0,1e-05,1.0,0.5409235,395.70312
4e-05,0.0,0.0,0.0,0.5593267,317.19888
4e-05,0.0,0.0,0.1,0.5533495,390.60275
4e-05,0.0,0.0,0.2,0.52571833,390.85693
4e-05,0.0,0.0,0.3,0.5115409,390.91592
4e-05,0.0,0.0,0.4,0.54223067,394.12512
4e-05,0.0,0.0,0.5,0.54200935,394.47614
4e-05,0.0,0.0,0.6,0.5414878,395.07846
4e-05,0.0,0.0,0.7,0.5412063,395.39136
4e-05,0.0,0.0,0.8,0.5410538,395.55966
4e-05,0.0,0.0,0.9,0.5409697,395.65213
4e-05,0.0,0.0,1.0,0.5409235,395.70312
0.0,8e-05,0.0,0.0,0.55931485,317.1709
0.0,8e-05,0.0,0.1,0.5532995,390.6392
0.0,8e-05,0.0,0.2,0.52574205,390.84128
0.0,8e-05,0.0,0.3,0.5115448,390.86224
0.0,8e-05,0.0,0.4,0.5422302,394.126
0.0,8e-05,0.0,0.5,0.54200953,394.47574
0.0,8e-05,0.0,0.6,0.5414882,395.07825
0.0,8e-05,0.0,0.7,0.54120636,395.39133
0.0,8e-05,0.0,0.8,0.5410537,395.55954
0.0,8e-05,0.0,0.9,0.54096967,395.65207
0.0,8e-05,0.0,1.0,0.5409235,395.70312
0.0,8e-05,1e-05,0.0,0.5593145,317.1704
0.0,8e-05,1e-05,0.1,0.5532994,390.6393
0.0,8e-05,1e-05,0.2,0.52574503,390.8384
0.0,8e-05,1e-05,0.3,0.5115522,390.8607
0.0,8e-05,1e-05,0.4,0.54223025,394.12585
0.0,8e-05,1e-05,0.5,0.54200953,394.47574
0.0,8e-05,1e-05,0.6,0.54148823,395.07825
0.0,8e-05,1e-05,0.7,0.54120636,395.39133
0.0,8e-05,1e-05,0.8,0.5410537,395.55954
0.0,8e-05,1e-05,0.9,0.5409697,395.65207
0.0,8e-05,1e-05,1.0,0.5409235,395.70312
1.49e-05,8.68e-05,0.0,0.0,0.55931365,317.16785
1.49e-05,8.68e-05,0.0,0.1,0.55328244,390.65186
1.49e-05,8.68e-05,0.0,0.2,0.52574563,390.83966
1.49e-05,8.68e-05,0.0,0.3,0.5115322,390.8511
1.49e-05,8.68e-05,0.0,0.4,0.5422298,394.12656
1.49e-05,8.68e-05,0.0,0.5,0.5420094,394.4758
1.49e-05,8.68e-05,0.0,0.6,0.54148793,395.0784
1.49e-05,8.68e-05,0.0,0.7,0.5412063,395.39136
1.49e-05,8.68e-05,0.0,0.8,0.5410538,395.55963
1.49e-05,8.68e-05,0.0,0.9,0.54096985,395.6521
1.49e-05,8.68e-05,0.0,1.0,0.54092354,395.70312
0.0,1e-04,0.0,0.0,0.5593119,317.1637
0.0,1e-04,0.0,0.1,0.55328006,390.65356
0.0,1e-04,0.0,0.2,0.5257489,390.83707
0.0,1e-04,0.0,0.3,0.5115384,390.84528
0.0,1e-04,0.0,0.4,0.54222965,394.12643
0.0,1e-04,0.0,0.5,0.5420096,394.4757
0.0,1e-04,0.0,0.6,0.5414882,395.07825
0.0,1e-04,0.0,0.7,0.54120636,395.39133
0.0,1e-04,0.0,0.8,0.54105365,395.55954
0.0,1e-04,0.0,0.9,0.5409697,395.65207
0.0,1e-04,0.0,1.0,0.54092354,395.70312
0.0,1e-04,1e-05,0.0,0.5593117,317.16315
0.0,1e-04,1e-05,0.1,0.5532799,390.65372
0.0,1e-04,1e-05,0.2,0.52575207,390.83432
0.0,1e-04,1e-05,0.3,0.51154613,390.84387
0.0,1e-04,1e-05,0.4,0.54222965,394.12634
0.0,1e-04,1e-05,0.5,0.5420096,394.47568
0.0,1e-04,1e-05,0.6,0.5414882,395.07825
0.0,1e-04,1e-05,0.7,0.54120636,395.39133
0.0,1e-04,1e-05,0.8,0.54105365,395.55954
0.0,1e-04,1e-05,0.9,0.5409698,395.65207
0.0,1e-04,1e-05,1.0,0.54092354,395.70312
1.5e-05,8.68e-05,1e-05,0.0,0.55931354,317.1674
1.5e-05,8.68e-05,1e-05,0.1,0.5532824,390.6519
1.5e-05,8.68e-05,1e-05,0.2,0.5257493,390.83667
1.5e-05,8.68e-05,1e-05,0.3,0.5115398,390.8496
1.5e-05,8.68e-05,1e-05,0.4,0.5422298,394.1264
1.5e-05,8.68e-05,1e-05,0.5,0.54200935,394.4758
1.5e-05,8.68e-05,1e-05,0.6,0.54148793,395.0784
1.5e-05,8.68e-05,1e-05,0.7,0.5412063,395.39136
1.5e-05,8.68e-05,1e-05,0.8,0.5410538,395.55957
1.5e-05,8.68e-05,1e-05,0.9,0.54096985,395.6521
1.5e-05,8.68e-05,1e-05,1.0,0.54092354,395.70312
1.78e-05,6.9e-05,0.0,0.0,0.5593164,317.17444
1.78e-05,6.9e-05,0.0,0.1,0.55329776,390.64062
1.78e-05,6.9e-05,0.0,0.2,0.5257399,390.8431
1.78e-05,6.9e-05,0.0,0.3,0.5115359,390.8651
1.78e-05,6.9e-05,0.0,0.4,0.5422299,394.12622
1.78e-05,6.9e-05,0.0,0.5,0.54200935,394.47586
1.78e-05,6.9e-05,0.0,0.6,0.54148793,395.0784
1.78e-05,6.9e-05,0.0,0.7,0.54120636,395.39136
1.78e-05,6.9e-05,0.0,0.8,0.5410539,395.55963
1.78e-05,6.9e-05,0.0,0.9,0.54096985,395.6521
1.78e-05,6.9e-05,0.0,1.0,0.54092354,395.70312
1.82e-05,6.9e-05,1e-05,0.0,0.55931616,317.17386
1.82e-05,6.9e-05,1e-05,0.1,0.5532975,390.64096
1.82e-05,6.9e-05,1e-05,0.2,0.5257432,390.8404
1.82e-05,6.9e-05,1e-05,0.3,0.51154304,390.86337
1.82e-05,6.9e-05,1e-05,0.4,0.54223,394.1262
1.82e-05,6.9e-05,1e-05,0.5,0.54200935,394.47586
1.82e-05,6.9e-05,1e-05,0.6,0.54148793,395.0784
1.82e-05,6.9e-05,1e-05,0.7,0.54120636,395.39136
1.82e-05,6.9e-05,1e-05,0.8,0.5410539,395.55963
1.82e-05,6.9e-05,1e-05,0.9,0.5409697,395.6521
1.82e-05,6.9e-05,1e-05,1.0,0.5409236,395.70312
2.9e-05,5.47e-05,0.0,0.0,0.5593184,317.17923
2.9e-05,5.47e-05,0.0,0.1,0.5533041,390.63605
2.9e-05,5.47e-05,0.0,0.2,0.52573633,390.84573
2.9e-05,5.47e-05,0.0,0.3,0.51153255,390.87314
2.9e-05,5.47e-05,0.0,0.4,0.5422299,394.12622
2.9e-05,5.47e-05,0.0,0.5,0.5420095,394.47592
2.9e-05,5.47e-05,0.0,0.6,0.5414878,395.07843
2.9e-05,5.47e-05,0.0,0.7,0.54120636,395.39136
2.9e-05,5.47e-05,0.0,0.8,0.5410538,395.55963
2.9e-05,5.47e-05,0.0,0.9,0.54096985,395.6521
2.9e-05,5.47e-05,0.0,1.0,0.5409235,395.70312
3.04e-05,3.9e-05,0.0,0.0,0.5593208,317.18494
3.04e-05,3.9e-05,0.0,0.1,0.5533182,390.62558
3.04e-05,3.9e-05,0.0,0.2,0.52573085,390.84906
3.04e-05,3.9e-05,0.0,0.3,0.51153624,390.886
3.04e-05,3.9e-05,0.0,0.4,0.54223007,394.1259
3.04e-05,3.9e-05,0.0,0.5,0.5420094,394.47595
3.04e-05,3.9e-05,0.0,0.6,0.5414878,395.07843
3.04e-05,3.9e-05,0.0,0.7,0.54120636,395.39136
3.04e-05,3.9e-05,0.0,0.8,0.5410538,395.55963
3.04e-05,3.9e-05,0.0,0.9,0.54096985,395.6521
3.04e-05,3.9e-05,0.0,1.0,0.54092354,395.70312
3e-05,5.43e-05,1e-05,0.0,0.55931836,317.17886
3e-05,5.43e-05,1e-05,0.1,0.5533035,390.6364
3e-05,5.43e-05,1e-05,0.2,0.52573925,390.8431
3e-05,5.43e-05,1e-05,0.3,0.5115394,390.87167
3e-05,5.43e-05,1e-05,0.4,0.54222995,394.12616
3e-05,5.43e-05,1e-05,0.5,0.54200935,394.47592
3e-05,5.43e-05,1e-05,0.6,0.5414878,395.07843
3e-05,5.43e-05,1e-05,0.7,0.5412063,395.39136
3e-05,5.43e-05,1e-05,0.8,0.5410538,395.55966
3e-05,5.43e-05,1e-05,0.9,0.54096985,395.6521
3e-05,5.43e-05,1e-05,1.0,0.5409234,395.70312
3.04e-05,3.9e-05,1e-05,0.0,0.5593207,317.1844
3.04e-05,3.9e-05,1e-05,0.1,0.55331814,390.62573
3.04e-05,3.9e-05,1e-05,0.2,0.52573407,390.84625
3.04e-05,3.9e-05,1e-05,0.3,0.5115435,390.88455
3.04e-05,3.9e-05,1e-05,0.4,0.54223025,394.12573
3.04e-05,3.9e-05,1e-05,0.5,0.54200935,394.47598
3.04e-05,3.9e-05,1e-05,0.6,0.5414878,395.07843
3.04e-05,3.9e-05,1e-05,0.7,0.5412063,395.39136
3.04e-05,3.9e-05,1e-05,0.8,0.5410538,395.55963
3.04e-05,3.9e-05,1e-05,0.9,0.54096985,395.6521
3.04e-05,3.9e-05,1e-05,1.0,0.5409235,395.70312
4.46e-05,3.16e-05,0.0,0.0,0.55932176,317.1872
4.46e-05,3.16e-05,0.0,0.1,0.5533154,390.6277
4.46e-05,3.16e-05,0.0,0.2,0.5257299,390.85025
4.46e-05,3.16e-05,0.0,0.3,0.51152897,390.88702
4.46e-05,3.16e-05,0.0,0.4,0.54222995,394.12616
4.46e-05,3.16e-05,0.0,0.5,0.5420092,394.47614
4.46e-05,3.16e-05,0.0,0.6,0.5414878,395.07846
4.46e-05,3.16e-05,0.0,0.7,0.5412063,395.39136
4.46e-05,3.16e-05,0.0,0.8,0.54105365,395.55966
4.46e-05,3.16e-05,0.0,0.9,0.5409697,395.65213
4.46e-05,3.16e-05,0.0,1.0,0.5409235,395.70316
4.45e-05,3.15e-05,1e-05,0.0,0.5593215,317.18674
4.45e-05,3.15e-05,1e-05,0.1,0.55331564,390.6277
4.45e-05,3.15e-05,1e-05,0.2,0.52573293,390.84744
4.45e-05,3.15e-05,1e-05,0.3,0.5115366,390.88574
4.45e-05,3.15e-05,1e-05,0.4,0.54223,394.12604
4.45e-05,3.15e-05,1e-05,0.5,0.5420092,394.47614
4.45e-05,3.15e-05,1e-05,0.6,0.5414878,395.07846
4.45e-05,3.15e-05,1e-05,0.7,0.54120624,395.39136
4.45e-05,3.15e-05,1e-05,0.8,0.54105365,395.55966
4.45e-05,3.15e-05,1e-05,0.9,0.5409697,395.65213
4.45e-05,3.15e-05,1e-05,1.0,0.54092336,395.70316
5.1e-05,1.68e-05,1e-05,0.0,0.5593236,317.1919
5.1e-05,1.68e-05,1e-05,0.1,0.5533254,390.62045
5.1e-05,1.68e-05,1e-05,0.2,0.52572846,390.8504
5.1e-05,1.68e-05,1e-05,0.3,0.51153624,390.89578
5.1e-05,1.68e-05,1e-05,0.4,0.5422301,394.1258
5.1e-05,1.68e-05,1e-05,0.5,0.5420093,394.47614
5.1e-05,1.68e-05,1e-05,0.6,0.54148793,395.07852
5.1e-05,1.68e-05,1e-05,0.7,0.5412063,395.3914
5.1e-05,1.68e-05,1e-05,0.8,0.54105353,395.55966
5.1e-05,1.68e-05,1e-05,0.9,0.5409696,395.65213
5.1e-05,1.68e-05,1e-05,1.0,0.5409235,395.70316
5.1e-05,1.68e-05,0.0,0.0,0.559324,317.1924
5.1e-05,1.68e-05,0.0,0.1,0.55332553,390.6204
5.1e-05,1.68e-05,0.0,0.2,0.52572525,390.85324
5.1e-05,1.68e-05,0.0,0.3,0.51152885,390.89734
5.1e-05,1.68e-05,0.0,0.4,0.54223007,394.12598
5.1e-05,1.68e-05,0.0,0.5,0.5420093,394.47614
5.1e-05,1.68e-05,0.0,0.6,0.5414878,395.07852
5.1e-05,1.68e-05,0.0,0.7,0.54120624,395.3914
5.1e-05,1.68e-05,0.0,0.8,0.54105353,395.55966
5.1e-05,1.68e-05,0.0,0.9,0.5409696,395.65213
5.1e-05,1.68e-05,0.0,1.0,0.54092336,395.70316
6e-05,0.0,1e-05,0.0,0.55932623,317.19775
6e-05,0.0,1e-05,0.1,0.55333555,390.61325
6e-05,0.0,1e-05,0.2,0.5257238,390.85352
6e-05,0.0,1e-05,0.3,0.51153547,390.90677
6e-05,0.0,1e-05,0.4,0.54223025,394.1256
6e-05,0.0,1e-05,0.5,0.54200906,394.4762
6e-05,0.0,1e-05,0.6,0.5414877,395.07855
6e-05,0.0,1e-05,0.7,0.5412061,395.39142
6e-05,0.0,1e-05,0.8,0.54105353,395.5597
6e-05,0.0,1e-05,0.9,0.5409696,395.6522
6e-05,0.0,1e-05,1.0,0.54092336,395.70316
6e-05,0.0,0.0,0.0,0.5593263,317.1982
6e-05,0.0,0.0,0.1,0.5533355,390.6131
6e-05,0.0,0.0,0.2,0.5257205,390.8566
6e-05,0.0,0.0,0.3,0.51152784,390.90826
6e-05,0.0,0.0,0.4,0.54223,394.12573
6e-05,0.0,0.0,0.5,0.5420091,394.47617
6e-05,0.0,0.0,0.6,0.54148775,395.07855
6e-05,0.0,0.0,0.7,0.5412061,395.39142
6e-05,0.0,0.0,0.8,0.54105353,395.5597
6e-05,0.0,0.0,0.9,0.5409696,395.6522
6e-05,0.0,0.0,1.0,0.5409235,395.7032
2e-05,1e-04,0.0,0.0,0.5593116,317.16293
2e-05,1e-04,0.0,0.1,0.5532657,390.66394
2e-05,1e-04,0.0,0.2,0.52575123,390.83658
2e-05,1e-04,0.0,0.3,0.5115249,390.8382
2e-05,1e-04,0.0,0.4,0.5422294,394.12695
2e-05,1e-04,0.0,0.5,0.5420094,394.4758
2e-05,1e-04,0.0,0.6,0.54148793,395.0784
2e-05,1e-04,0.0,0.7,0.54120636,395.39136
2e-05,1e-04,0.0,0.8,0.5410538,395.55963
2e-05,1e-04,0.0,0.9,0.54096985,395.6521
2e-05,1e-04,0.0,1.0,0.54092354,395.70312
2e-05,1e-04,1e-05,0.0,0.5593113,317.16248
2e-05,1e-04,1e-05,0.1,0.5532657,390.6641
2e-05,1e-04,1e-05,0.2,0.5257541,390.83395
2e-05,1e-04,1e-05,0.3,0.51153255,390.83652
2e-05,1e-04,1e-05,0.4,0.5422293,394.12683
2e-05,1e-04,1e-05,0.5,0.54200935,394.4758
2e-05,1e-04,1e-05,0.6,0.54148793,395.0784
2e-05,1e-04,1e-05,0.7,0.5412063,395.39136
2e-05,1e-04,1e-05,0.8,0.5410539,395.55963
2e-05,1e-04,1e-05,0.9,0.5409697,395.6521
2e-05,1e-04,1e-05,1.0,0.54092354,395.70312
3.01e-05,8.51e-05,0.0,0.0,0.5593139,317.16797
3.01e-05,8.51e-05,0.0,0.1,0.5532733,390.65857
3.01e-05,8.51e-05,0.0,0.2,0.5257468,390.8395
3.01e-05,8.51e-05,0.0,0.3,0.51152265,390.847
3.01e-05,8.51e-05,0.0,0.4,0.5422293,394.1269
3.01e-05,8.51e-05,0.0,0.5,0.5420094,394.4759
3.01e-05,8.51e-05,0.0,0.6,0.5414878,395.07843
3.01e-05,8.51e-05,0.0,0.7,0.5412063,395.39136
3.01e-05,8.51e-05,0.0,0.8,0.5410538,395.55966
3.01e-05,8.51e-05,0.0,0.9,0.5409697,395.6521
3.01e-05,8.51e-05,0.0,1.0,0.5409235,395.70312
3.11e-05,8.54e-05,1e-05,0.0,0.5593134,317.1674
3.11e-05,8.54e-05,1e-05,0.1,0.55327237,390.6593
3.11e-05,8.54e-05,1e-05,0.2,0.52575034,390.8367
3.11e-05,8.54e-05,1e-05,0.3,0.51152945,390.84488
3.11e-05,8.54e-05,1e-05,0.4,0.5422294,394.12674
3.11e-05,8.54e-05,1e-05,0.5,0.54200953,394.47592
3.11e-05,8.54e-05,1e-05,0.6,0.5414878,395.07843
3.11e-05,8.54e-05,1e-05,0.7,0.5412063,395.39136
3.11e-05,8.54e-05,1e-05,0.8,0.5410538,395.55966
3.11e-05,8.54e-05,1e-05,0.9,0.5409697,395.65213
3.11e-05,8.54e-05,1e-05,1.0,0.5409235,395.70312
3.83e-05,6.75e-05,0.0,0.0,0.55931634,317.1743
3.83e-05,6.75e-05,0.0,0.1,0.5532848,390.65
3.83e-05,6.75e-05,0.0,0.2,0.5257416,390.84302
3.83e-05,6.75e-05,0.0,0.3,0.5115224,390.85886
3.83e-05,6.75e-05,0.0,0.4,0.5422293,394.12665
3.83e-05,6.75e-05,0.0,0.5,0.5420094,394.47598
3.83e-05,6.75e-05,0.0,0.6,0.54148793,395.07846
3.83e-05,6.75e-05,0.0,0.7,0.54120636,395.39136
3.83e-05,6.75e-05,0.0,0.8,0.54105353,395.55966
3.83e-05,6.75e-05,0.0,0.9,0.5409697,395.65213
3.83e-05,6.75e-05,0.0,1.0,0.5409235,395.70316
3.9e-05,6.75e-05,1e-05,0.0,0.5593163,317.17377
3.9e-05,6.75e-05,1e-05,0.1,0.55328417,390.65057
3.9e-05,6.75e-05,1e-05,0.2,0.52574474,390.84018
3.9e-05,6.75e-05,1e-05,0.3,0.5115295,390.8571
3.9e-05,6.75e-05,1e-05,0.4,0.5422293,394.1266
3.9e-05,6.75e-05,1e-05,0.5,0.5420094,394.47598
3.9e-05,6.75e-05,1e-05,0.6,0.54148793,395.07846
3.9e-05,6.75e-05,1e-05,0.7,0.54120636,395.39136
3.9e-05,6.75e-05,1e-05,0.8,0.54105365,395.55966
3.9e-05,6.75e-05,1e-05,0.9,0.5409697,395.65213
3.9e-05,6.75e-05,1e-05,1.0,0.5409235,395.70316
4.82e-05,4.88e-05,0.0,0.0,0.55931926,317.18076
4.82e-05,4.88e-05,0.0,0.1,0.5532961,390.64194
4.82e-05,4.88e-05,0.0,0.2,0.5257363,390.84665
4.82e-05,4.88e-05,0.0,0.3,0.51152146,390.87097
4.82e-05,4.88e-05,0.0,0.4,0.5422294,394.12656
4.82e-05,4.88e-05,0.0,0.5,0.54200906,394.47614
4.82e-05,4.88e-05,0.0,0.6,0.54148793,395.07846
4.82e-05,4.88e-05,0.0,0.7,0.5412063,395.39136
4.82e-05,4.88e-05,0.0,0.8,0.54105353,395.55966
4.82e-05,4.88e-05,0.0,0.9,0.5409696,395.65216
4.82e-05,4.88e-05,0.0,1.0,0.54092336,395.70316
4.82e-05,4.88e-05,1e-05,0.0,0.5593189,317.18027
4.82e-05,4.88e-05,1e-05,0.1,0.55329597,390.64206
4.82e-05,4.88e-05,1e-05,0.2,0.52573943,390.84384
4.82e-05,4.88e-05,1e-05,0.3,0.5115286,390.86954
4.82e-05,4.88e-05,1e-05,0.4,0.5422294,394.1265
4.82e-05,4.88e-05,1e-05,0.5,0.5420091,394.47614
4.82e-05,4.88e-05,1e-05,0.6,0.5414878,395.07846
4.82e-05,4.88e-05,1e-05,0.7,0.54120624,395.39136
4.82e-05,4.88e-05,1e-05,0.8,0.54105353,395.55966
4.82e-05,4.88e-05,1e-05,0.9,0.5409696,395.65216
4.82e-05,4.88e-05,1e-05,1.0,0.54092336,395.70316
6.07e-05,3.3e-05,0.0,0.0,0.5593216,317.18625
6.07e-05,3.3e-05,0.0,0.1,0.553303,390.63693
6.07e-05,3.3e-05,0.0,0.2,0.5257319,390.8496
6.07e-05,3.3e-05,0.0,0.3,0.51151747,390.8798
6.07e-05,3.3e-05,0.0,0.4,0.5422293,394.12653
6.07e-05,3.3e-05,0.0,0.5,0.54200923,394.47617
6.07e-05,3.3e-05,0.0,0.6,0.5414878,395.07852
6.07e-05,3.3e-05,0.0,0.7,0.54120624,395.39142
6.07e-05,3.3e-05,0.0,0.8,0.54105353,395.5597
6.07e-05,3.3e-05,0.0,0.9,0.5409696,395.6522
6.07e-05,3.3e-05,0.0,1.0,0.5409235,395.7032
6.1e-05,3.3e-05,1e-05,0.0,0.5593213,317.1856
6.1e-05,3.3e-05,1e-05,0.1,0.55330265,390.6372
6.1e-05,3.3e-05,1e-05,0.2,0.52573526,390.8468
6.1e-05,3.3e-05,1e-05,0.3,0.5115248,390.87823
6.1e-05,3.3e-05,1e-05,0.4,0.54222953,394.12643
6.1e-05,3.3e-05,1e-05,0.5,0.54200923,394.47617
6.1e-05,3.3e-05,1e-05,0.6,0.5414878,395.07852
6.1e-05,3.3e-05,1e-05,0.7,0.5412062,395.39142
6.1e-05,3.3e-05,1e-05,0.8,0.54105353,395.5597
6.1e-05,3.3e-05,1e-05,0.9,0.5409696,395.6522
6.1e-05,3.3e-05,1e-05,1.0,0.5409235,395.7032
7e-05,1.73e-05,1e-05,0.0,0.55932355,317.1911
7e-05,1.73e-05,1e-05,0.1,0.5533115,390.6308
7e-05,1.73e-05,1e-05,0.2,0.5257307,390.84982
7e-05,1.73e-05,1e-05,0.3,0.51152354,390.88818
7e-05,1.73e-05,1e-05,0.4,0.54222965,394.12634
7e-05,1.73e-05,1e-05,0.5,0.5420092,394.47623
7e-05,1.73e-05,1e-05,0.6,0.5414878,395.07858
7e-05,1.73e-05,1e-05,0.7,0.5412062,395.39148
7e-05,1.73e-05,1e-05,0.8,0.5410536,395.55972
7e-05,1.73e-05,1e-05,0.9,0.5409696,395.6522
7e-05,1.73e-05,1e-05,1.0,0.5409235,395.7032
7e-05,1.73e-05,0.0,0.0,0.55932367,317.19165
7e-05,1.73e-05,0.0,0.1,0.55331147,390.6307
7e-05,1.73e-05,0.0,0.2,0.52572745,390.85263
7e-05,1.73e-05,0.0,0.3,0.51151586,390.88965
7e-05,1.73e-05,0.0,0.4,0.5422295,394.12643
7e-05,1.73e-05,0.0,0.5,0.5420092,394.47623
7e-05,1.73e-05,0.0,0.6,0.54148775,395.07858
7e-05,1.73e-05,0.0,0.7,0.5412062,395.39148
7e-05,1.73e-05,0.0,0.8,0.5410536,395.55972
7e-05,1.73e-05,0.0,0.9,0.5409696,395.6522
7e-05,1.73e-05,0.0,1.0,0.5409236,395.7032
8e-05,0.0,1e-05,0.0,0.5593261,317.1971
8e-05,0.0,1e-05,0.1,0.55332136,390.62363
8e-05,0.0,1e-05,0.2,0.52572584,390.85318
8e-05,0.0,1e-05,0.3,0.5115219,390.8993
8e-05,0.0,1e-05,0.4,0.54222965,394.12628
8e-05,0.0,1e-05,0.5,0.54200923,394.47632
8e-05,0.0,1e-05,0.6,0.5414878,395.07858
8e-05,0.0,1e-05,0.7,0.54120624,395.39154
8e-05,0.0,1e-05,0.8,0.54105365,395.55978
8e-05,0.0,1e-05,0.9,0.5409695,395.6522
8e-05,0.0,1e-05,1.0,0.5409236,395.7032
8e-05,0.0,0.0,0.0,0.55932605,317.19763
8e-05,0.0,0.0,0.1,0.5533216,390.62335
8e-05,0.0,0.0,0.2,0.5257225,390.8563
8e-05,0.0,0.0,0.3,0.51151437,390.90088
8e-05,0.0,0.0,0.4,0.5422298,394.12634
8e-05,0.0,0.0,0.5,0.54200923,394.4763
8e-05,0.0,0.0,0.6,0.54148775,395.07858
8e-05,0.0,0.0,0.7,0.54120624,395.39154
8e-05,0.0,0.0,0.8,0.5410536,395.5598
8e-05,0.0,0.0,0.9,0.5409695,395.6522
8e-05,0.0,0.0,1.0,0.5409235,395.7032
4e-05,1e-04,0.0,0.0,0.5593114,317.1623
4e-05,1e-04,0.0,0.1,0.5532518,390.6744
4e-05,1e-04,0.0,0.2,0.52575326,390.83618
4e-05,1e-04,0.0,0.3,0.51151115,390.8311
4e-05,1e-04,0.0,0.4,0.5422287,394.1275
4e-05,1e-04,0.0,0.5,0.54200953,394.47592
4e-05,1e-04,0.0,0.6,0.5414877,395.07843
4e-05,1e-04,0.0,0.7,0.54120636,395.39136
4e-05,1e-04,0.0,0.8,0.54105353,395.55966
4e-05,1e-04,0.0,0.9,0.5409696,395.65213
4e-05,1e-04,0.0,1.0,0.5409235,395.70316
4e-05,1e-04,1e-05,0.0,0.5593113,317.1618
4e-05,1e-04,1e-05,0.1,0.5532517,390.6744
4e-05,1e-04,1e-05,0.2,0.52575636,390.83344
4e-05,1e-04,1e-05,0.3,0.51151884,390.82947
4e-05,1e-04,1e-05,0.4,0.5422288,394.12744
4e-05,1e-04,1e-05,0.5,0.54200953,394.47592
4e-05,1e-04,1e-05,0.6,0.5414878,395.07843
4e-05,1e-04,1e-05,0.7,0.54120624,395.39136
4e-05,1e-04,1e-05,0.8,0.54105365,395.55966
4e-05,1e-04,1e-05,0.9,0.5409697,395.65213
4e-05,1e-04,1e-05,1.0,0.5409235,395.70316
5e-05,8.27e-05,0.0,0.0,0.5593139,317.16824
5e-05,8.27e-05,0.0,0.1,0.55326176,390.66702
5e-05,8.27e-05,0.0,0.2,0.5257482,390.83957
5e-05,8.27e-05,0.0,0.3,0.5115098,390.84195
5e-05,8.27e-05,0.0,0.4,0.5422287,394.1274
5e-05,8.27e-05,0.0,0.5,0.5420093,394.47604
5e-05,8.27e-05,0.0,0.6,0.5414878,395.07846
5e-05,8.27e-05,0.0,0.7,0.54120624,395.3914
5e-05,8.27e-05,0.0,0.8,0.54105353,395.5597
5e-05,8.27e-05,0.0,0.9,0.5409696,395.65216
5e-05,8.27e-05,0.0,1.0,0.54092336,395.70316
5e-05,8.27e-05,1e-05,0.0,0.5593139,317.16776
5e-05,8.27e-05,1e-05,0.1,0.55326176,390.66718
5e-05,8.27e-05,1e-05,0.2,0.52575135,390.8367
5e-05,8.27e-05,1e-05,0.3,0.51151747,390.84033
5e-05,8.27e-05,1e-05,0.4,0.5422289,394.12723
5e-05,8.27e-05,1e-05,0.5,0.54200923,394.47604
5e-05,8.27e-05,1e-05,0.6,0.5414878,395.07846
5e-05,8.27e-05,1e-05,0.7,0.54120624,395.3914
5e-05,8.27e-05,1e-05,0.8,0.54105353,395.5597
5e-05,8.27e-05,1e-05,0.9,0.5409696,395.65216
5e-05,8.27e-05,1e-05,1.0,0.54092336,395.7032
5.9e-05,6.55e-05,0.0,0.0,0.5593164,317.1744
5.9e-05,6.55e-05,0.0,0.1,0.5532721,390.65942
5.9e-05,6.55e-05,0.0,0.2,0.5257431,390.84286
5.9e-05,6.55e-05,0.0,0.3,0.51150894,390.85315
5.9e-05,6.55e-05,0.0,0.4,0.54222894,394.1272
5.9e-05,6.55e-05,0.0,0.5,0.54200935,394.47614
5.9e-05,6.55e-05,0.0,0.6,0.54148775,395.07852
5.9e-05,6.55e-05,0.0,0.7,0.54120624,395.39142
5.9e-05,6.55e-05,0.0,0.8,0.54105365,395.5597
5.9e-05,6.55e-05,0.0,0.9,0.5409696,395.6522
5.9e-05,6.55e-05,0.0,1.0,0.54092336,395.7032
5.98e-05,6.56e-05,1e-05,0.0,0.55931616,317.1738
5.98e-05,6.56e-05,1e-05,0.1,0.5532713,390.65997
5.98e-05,6.56e-05,1e-05,0.2,0.52574646,390.84015
5.98e-05,6.56e-05,1e-05,0.3,0.5115158,390.85126
5.98e-05,6.56e-05,1e-05,0.4,0.5422293,394.12704
5.98e-05,6.56e-05,1e-05,0.5,0.5420092,394.47614
5.98e-05,6.56e-05,1e-05,0.6,0.5414878,395.07852
5.98e-05,6.56e-05,1e-05,0.7,0.54120624,395.39142
5.98e-05,6.56e-05,1e-05,0.8,0.54105353,395.5597
5.98e-05,6.56e-05,1e-05,0.9,0.5409696,395.6522
5.98e-05,6.56e-05,1e-05,1.0,0.5409235,395.7032
6.93e-05,4.98e-05,0.0,0.0,0.5593189,317.17972
6.93e-05,4.98e-05,0.0,0.1,0.5532802,390.65356
6.93e-05,4.98e-05,0.0,0.2,0.52573895,390.84598
6.93e-05,4.98e-05,0.0,0.3,0.5115067,390.8625
6.93e-05,4.98e-05,0.0,0.4,0.54222906,394.12708
6.93e-05,4.98e-05,0.0,0.5,0.54200923,394.47617
6.93e-05,4.98e-05,0.0,0.6,0.54148775,395.07855
6.93e-05,4.98e-05,0.0,0.7,0.54120624,395.39148
6.93e-05,4.98e-05,0.0,0.8,0.54105365,395.55972
6.93e-05,4.98e-05,0.0,0.9,0.5409696,395.6522
6.93e-05,4.98e-05,0.0,1.0,0.5409235,395.7032
6.96e-05,4.97e-05,5e-06,0.0,0.5593187,317.17953
6.96e-05,4.97e-05,5e-06,0.1,0.5532801,390.65375
6.96e-05,4.97e-05,5e-06,0.2,0.52574027,390.8447
6.96e-05,4.97e-05,5e-06,0.3,0.51151025,390.8618
6.96e-05,4.97e-05,5e-06,0.4,0.54222894,394.12704
6.96e-05,4.97e-05,5e-06,0.5,0.54200923,394.47617
6.96e-05,4.97e-05,5e-06,0.6,0.54148775,395.07855
6.96e-05,4.97e-05,5e-06,0.7,0.5412062,395.39148
6.96e-05,4.97e-05,5e-06,0.8,0.54105365,395.55972
6.96e-05,4.97e-05,5e-06,0.9,0.5409696,395.6522
6.96e-05,4.97e-05,5e-06,1.0,0.5409235,395.7032
6.91e-05,4.98e-05,1e-05,0.0,0.55931854,317.17926
6.91e-05,4.98e-05,1e-05,0.1,0.55328035,390.65356
6.91e-05,4.98e-05,1e-05,0.2,0.52574193,390.84335
6.91e-05,4.98e-05,1e-05,0.3,0.5115143,390.86105
6.91e-05,4.98e-05,1e-05,0.4,0.5422292,394.12698
6.91e-05,4.98e-05,1e-05,0.5,0.5420091,394.47617
6.91e-05,4.98e-05,1e-05,0.6,0.5414878,395.07855
6.91e-05,4.98e-05,1e-05,0.7,0.54120624,395.39148
6.91e-05,4.98e-05,1e-05,0.8,0.54105365,395.55972
6.91e-05,4.98e-05,1e-05,0.9,0.5409696,395.6522
6.91e-05,4.98e-05,1e-05,1.0,0.5409235,395.7032
8.01e-05,3.37e-05,0.0,0.0,0.55932105,317.18533
8.01e-05,3.37e-05,0.0,0.1,0.55328846,390.64758
8.01e-05,3.37e-05,0.0,0.2,0.5257343,390.84903
8.01e-05,3.37e-05,0.0,0.3,0.5115045,390.87207
8.01e-05,3.37e-05,0.0,0.4,0.54222906,394.127
8.01e-05,3.37e-05,0.0,0.5,0.5420091,394.47623
8.01e-05,3.37e-05,0.0,0.6,0.54148775,395.07858
8.01e-05,3.37e-05,0.0,0.7,0.54120636,395.3915
8.01e-05,3.37e-05,0.0,0.8,0.5410536,395.5598
8.01e-05,3.37e-05,0.0,0.9,0.5409695,395.6522
8.01e-05,3.37e-05,0.0,1.0,0.5409235,395.7032
8.05e-05,3.36e-05,1e-05,0.0,0.55932105,317.18478
8.05e-05,3.36e-05,1e-05,0.1,0.5532881,390.64777
8.05e-05,3.36e-05,1e-05,0.2,0.5257375,390.84628
8.05e-05,3.36e-05,1e-05,0.3,0.51151156,390.87054
8.05e-05,3.36e-05,1e-05,0.4,0.5422293,394.12695
8.05e-05,3.36e-05,1e-05,0.5,0.5420091,394.47623
8.05e-05,3.36e-05,1e-05,0.6,0.5414878,395.07858
8.05e-05,3.36e-05,1e-05,0.7,0.54120624,395.3916
8.05e-05,3.36e-05,1e-05,0.8,0.54105365,395.55978
8.05e-05,3.36e-05,1e-05,0.9,0.5409695,395.6522
8.05e-05,3.36e-05,1e-05,1.0,0.54092336,395.7032
9e-05,1.73e-05,0.0,0.0,0.55932367,317.19095
9e-05,1.73e-05,0.0,0.1,0.5532977,390.64096
9e-05,1.73e-05,0.0,0.2,0.52573,390.85202
9e-05,1.73e-05,0.0,0.3,0.5115025,390.88248
9e-05,1.73e-05,0.0,0.4,0.5422292,394.12692
9e-05,1.73e-05,0.0,0.5,0.5420093,394.47632
9e-05,1.73e-05,0.0,0.6,0.5414878,395.07858
9e-05,1.73e-05,0.0,0.7,0.5412062,395.39163
9e-05,1.73e-05,0.0,0.8,0.54105365,395.5598
9e-05,1.73e-05,0.0,0.9,0.54096943,395.65228
9e-05,1.73e-05,0.0,1.0,0.54092336,395.70322
9e-05,1.73e-05,1e-05,0.0,0.5593234,317.19046
9e-05,1.73e-05,1e-05,0.1,0.55329746,390.64117
9e-05,1.73e-05,1e-05,0.2,0.5257329,390.84915
9e-05,1.73e-05,1e-05,0.3,0.5115101,390.88098
9e-05,1.73e-05,1e-05,0.4,0.54222906,394.12686
9e-05,1.73e-05,1e-05,0.5,0.54200923,394.47632
9e-05,1.73e-05,1e-05,0.6,0.5414878,395.07858
9e-05,1.73e-05,1e-05,0.7,0.5412062,395.39163
9e-05,1.73e-05,1e-05,0.8,0.5410537,395.5598
9e-05,1.73e-05,1e-05,0.9,0.5409696,395.65228
9e-05,1.73e-05,1e-05,1.0,0.54092336,395.70322
1e-04,0.0,1e-05,0.0,0.55932593,317.19647
1e-04,0.0,1e-05,0.1,0.5533073,390.63373
1e-04,0.0,1e-05,0.2,0.5257281,390.85263
1e-04,0.0,1e-05,0.3,0.51150835,390.89188
1e-04,0.0,1e-05,0.4,0.5422292,394.12674
1e-04,0.0,1e-05,0.5,0.542009,394.47647
1e-04,0.0,1e-05,0.6,0.5414877,395.0787
1e-04,0.0,1e-05,0.7,0.54120624,395.39163
1e-04,0.0,1e-05,0.8,0.5410536,395.55984
1e-04,0.0,1e-05,0.9,0.5409693,395.65234
1e-04,0.0,1e-05,1.0,0.54092336,395.70328
1e-04,0.0,0.0,0.0,0.5593261,317.19705
1e-04,0.0,0.0,0.1,0.5533073,390.6337
1e-04,0.0,0.0,0.2,0.52572465,390.8557
1e-04,0.0,0.0,0.3,0.5115008,390.89334
1e-04,0.0,0.0,0.4,0.5422292,394.12686
1e-04,0.0,0.0,0.5,0.54200906,394.47647
1e-04,0.0,0.0,0.6,0.5414876,395.0787
1e-04,0.0,0.0,0.7,0.5412063,395.39163
1e-04,0.0,0.0,0.8,0.54105353,395.55988
1e-04,0.0,0.0,0.9,0.5409694,395.65234
1e-04,0.0,0.0,1.0,0.54092336,395.70328
6e-05,1e-04,0.0,0.0,0.55931103,317.1617
6e-05,1e-04,0.0,0.1,0.5532377,390.68478
6e-05,1e-04,0.0,0.2,0.5257554,390.83575
6e-05,1e-04,0.0,0.3,0.5114976,390.8241
6e-05,1e-04,0.0,0.4,0.54222816,394.12805
6e-05,1e-04,0.0,0.5,0.5420092,394.47614
6e-05,1e-04,0.0,0.6,0.5414878,395.0785
6e-05,1e-04,0.0,0.7,0.5412062,395.39142
6e-05,1e-04,0.0,0.8,0.54105365,395.5597
6e-05,1e-04,0.0,0.9,0.5409696,395.6522
6e-05,1e-04,0.0,1.0,0.5409235,395.7032
6e-05,1e-04,1e-05,0.0,0.5593111,317.16122
6e-05,1e-04,1e-05,0.1,0.5532373,390.685
6e-05,1e-04,1e-05,0.2,0.5257585,390.83292
6e-05,1e-04,1e-05,0.3,0.511505,390.8225
6e-05,1e-04,1e-05,0.4,0.54222834,394.1279
6e-05,1e-04,1e-05,0.5,0.5420091,394.47614
6e-05,1e-04,1e-05,0.6,0.5414878,395.0785
6e-05,1e-04,1e-05,0.7,0.54120624,395.39142
6e-05,1e-04,1e-05,0.8,0.54105365,395.5597
6e-05,1e-04,1e-05,0.9,0.5409696,395.6522
6e-05,1e-04,1e-05,1.0,0.5409235,395.7032
7e-05,8.27e-05,1e-05,0.0,0.5593137,317.16718
7e-05,8.27e-05,1e-05,0.1,0.55324733,390.67773
7e-05,8.27e-05,1e-05,0.2,0.5257536,390.83633
7e-05,8.27e-05,1e-05,0.3,0.5115037,390.83334
7e-05,8.27e-05,1e-05,0.4,0.5422285,394.12778
7e-05,8.27e-05,1e-05,0.5,0.54200935,394.47614
7e-05,8.27e-05,1e-05,0.6,0.5414878,395.07852
7e-05,8.27e-05,1e-05,0.7,0.54120624,395.39148
7e-05,8.27e-05,1e-05,0.8,0.54105365,395.55975
7e-05,8.27e-05,1e-05,0.9,0.5409697,395.6522
7e-05,8.27e-05,1e-05,1.0,0.5409235,395.7032
7e-05,8.27e-05,0.0,0.0,0.5593138,317.16763
7e-05,8.27e-05,0.0,0.1,0.55324745,390.6776
7e-05,8.27e-05,0.0,0.2,0.5257503,390.8392
7e-05,8.27e-05,0.0,0.3,0.51149625,390.83493
7e-05,8.27e-05,0.0,0.4,0.54222834,394.1279
7e-05,8.27e-05,0.0,0.5,0.5420093,394.47614
7e-05,8.27e-05,0.0,0.6,0.5414878,395.07852
7e-05,8.27e-05,0.0,0.7,0.5412061,395.39148
7e-05,8.27e-05,0.0,0.8,0.54105365,395.55975
7e-05,8.27e-05,0.0,0.9,0.5409697,395.6522
7e-05,8.27e-05,0.0,1.0,0.5409235,395.7032
7.93e-05,6.63e-05,0.0,0.0,0.5593162,317.17325
7.93e-05,6.63e-05,0.0,0.1,0.5532572,390.67056
7.93e-05,6.63e-05,0.0,0.2,0.52574563,390.8423
7.93e-05,6.63e-05,0.0,0.3,0.511495,390.84515
7.93e-05,6.63e-05,0.0,0.4,0.5422284,394.12775
7.93e-05,6.63e-05,0.0,0.5,0.5420092,394.47617
7.93e-05,6.63e-05,0.0,0.6,0.5414878,395.07858
7.93e-05,6.63e-05,0.0,0.7,0.5412063,395.3915
7.93e-05,6.63e-05,0.0,0.8,0.5410537,395.55978
7.93e-05,6.63e-05,0.0,0.9,0.5409695,395.6522
7.93e-05,6.63e-05,0.0,1.0,0.5409235,395.7032
8e-05,6.63e-05,1e-05,0.0,0.5593158,317.1728
8e-05,6.63e-05,1e-05,0.1,0.5532565,390.67102
8e-05,6.63e-05,1e-05,0.2,0.52574885,390.83954
8e-05,6.63e-05,1e-05,0.3,0.51150215,390.84338
8e-05,6.63e-05,1e-05,0.4,0.54222846,394.1277
8e-05,6.63e-05,1e-05,0.5,0.5420092,394.47617
8e-05,6.63e-05,1e-05,0.6,0.5414879,395.07858
8e-05,6.63e-05,1e-05,0.7,0.5412063,395.39154
8e-05,6.63e-05,1e-05,0.8,0.54105365,395.5598
8e-05,6.63e-05,1e-05,0.9,0.5409695,395.65222
8e-05,6.63e-05,1e-05,1.0,0.54092336,395.70322
8.94e-05,5.04e-05,0.0,0.0,0.5593184,317.17886
8.94e-05,5.04e-05,0.0,0.1,0.55326545,390.66452
8.94e-05,5.04e-05,0.0,0.2,0.5257412,390.84543
8.94e-05,5.04e-05,0.0,0.3,0.5114929,390.8549
8.94e-05,5.04e-05,0.0,0.4,0.54222846,394.1277
8.94e-05,5.04e-05,0.0,0.5,0.54200906,394.4763
8.94e-05,5.04e-05,0.0,0.6,0.54148775,395.07858
8.94e-05,5.04e-05,0.0,0.7,0.54120624,395.39163
8.94e-05,5.04e-05,0.0,0.8,0.5410536,395.5598
8.94e-05,5.04e-05,0.0,0.9,0.5409695,395.65228
8.94e-05,5.04e-05,0.0,1.0,0.54092336,395.70325
8.95e-05,5.06e-05,1e-05,0.0,0.5593183,317.17828
8.95e-05,5.06e-05,1e-05,0.1,0.55326504,390.66486
8.95e-05,5.06e-05,1e-05,0.2,0.5257443,390.84253
8.95e-05,5.06e-05,1e-05,0.3,0.5115004,390.85315
8.95e-05,5.06e-05,1e-05,0.4,0.5422285,394.1276
8.95e-05,5.06e-05,1e-05,0.5,0.54200906,394.4763
8.95e-05,5.06e-05,1e-05,0.6,0.5414878,395.07858
8.95e-05,5.06e-05,1e-05,0.7,0.54120624,395.3916
8.95e-05,5.06e-05,1e-05,0.8,0.5410536,395.5598
8.95e-05,5.06e-05,1e-05,0.9,0.5409695,395.65228
8.95e-05,5.06e-05,1e-05,1.0,0.54092336,395.70325
1e-04,3.46e-05,0.0,0.0,0.5593208,317.18436
1e-04,3.46e-05,0.0,0.1,0.5532733,390.6587
1e-04,3.46e-05,0.0,0.2,0.52573675,390.84836
1e-04,3.46e-05,0.0,0.3,0.51149046,390.8643
1e-04,3.46e-05,0.0,0.4,0.54222846,394.12766
1e-04,3.46e-05,0.0,0.5,0.5420093,394.47638
1e-04,3.46e-05,0.0,0.6,0.5414877,395.07864
1e-04,3.46e-05,0.0,0.7,0.5412063,395.39163
1e-04,3.46e-05,0.0,0.8,0.5410536,395.55984
1e-04,3.46e-05,0.0,0.9,0.54096943,395.65234
1e-04,3.46e-05,0.0,1.0,0.54092324,395.7033
1e-04,3.41e-05,5e-06,0.0,0.5593207,317.18433
1e-04,3.41e-05,5e-06,0.1,0.5532738,390.65836
1e-04,3.41e-05,5e-06,0.2,0.5257381,390.84714
1e-04,3.41e-05,5e-06,0.3,0.5114945,390.8639
1e-04,3.41e-05,5e-06,0.4,0.54222846,394.1276
1e-04,3.41e-05,5e-06,0.5,0.54200923,394.47638
1e-04,3.41e-05,5e-06,0.6,0.5414877,395.07867
1e-04,3.41e-05,5e-06,0.7,0.54120624,395.39163
1e-04,3.41e-05,5e-06,0.8,0.5410536,395.55984
1e-04,3.41e-05,5e-06,0.9,0.54096943,395.65237
1e-04,3.41e-05,5e-06,1.0,0.54092324,395.7033
1e-04,3.46e-05,1e-05,0.0,0.5593207,317.18378
1e-04,3.46e-05,1e-05,0.1,0.5532733,390.65875
1e-04,3.46e-05,1e-05,0.2,0.5257399,390.8456
1e-04,3.46e-05,1e-05,0.3,0.5114979,390.8627
1e-04,3.46e-05,1e-05,0.4,0.5422286,394.12753
1e-04,3.46e-05,1e-05,0.5,0.54200935,394.47638
1e-04,3.46e-05,1e-05,0.6,0.5414877,395.07867
1e-04,3.46e-05,1e-05,0.7,0.5412063,395.39163
1e-04,3.46e-05,1e-05,0.8,0.5410535,395.55984
1e-04,3.46e-05,1e-05,0.9,0.54096943,395.65234
1e-04,3.46e-05,1e-05,1.0,0.54092324,395.7033
0.00011,1.73e-05,1e-05,0.0,0.5593231,317.18985
0.00011,1.73e-05,1e-05,0.1,0.5532832,390.6515
0.00011,1.73e-05,1e-05,0.2,0.525735,390.84885
0.00011,1.73e-05,1e-05,0.3,0.5114964,390.8737
0.00011,1.73e-05,1e-05,0.4,0.5422285,394.12738
0.00011,1.73e-05,1e-05,0.5,0.542009,394.4765
0.00011,1.73e-05,1e-05,0.6,0.5414877,395.07877
0.00011,1.73e-05,1e-05,0.7,0.5412064,395.39163
0.00011,1.73e-05,1e-05,0.8,0.54105365,395.55988
0.00011,1.73e-05,1e-05,0.9,0.54096943,395.65237
0.00011,1.73e-05,1e-05,1.0,0.54092324,395.7033
0.00011,1.73e-05,0.0,0.0,0.5593233,317.19028
0.00011,1.73e-05,0.0,0.1,0.55328315,390.6513
0.00011,1.73e-05,0.0,0.2,0.5257319,390.8516
0.00011,1.73e-05,0.0,0.3,0.5114889,390.87515
0.00011,1.73e-05,0.0,0.4,0.5422286,394.12756
0.00011,1.73e-05,0.0,0.5,0.5420091,394.47653
0.00011,1.73e-05,0.0,0.6,0.5414877,395.07877
0.00011,1.73e-05,0.0,0.7,0.5412064,395.39163
0.00011,1.73e-05,0.0,0.8,0.54105365,395.55988
0.00011,1.73e-05,0.0,0.9,0.5409694,395.65237
0.00011,1.73e-05,0.0,1.0,0.54092324,395.7033
0.00012,0.0,1e-05,0.0,0.5593257,317.1958
0.00012,0.0,1e-05,0.1,0.55329317,390.6443
0.00012,0.0,1e-05,0.2,0.52573,390.85233
0.00012,0.0,1e-05,0.3,0.511495,390.88458
0.00012,0.0,1e-05,0.4,0.5422288,394.12726
0.00012,0.0,1e-05,0.5,0.5420089,394.47656
0.00012,0.0,1e-05,0.6,0.5414876,395.07883
0.00012,0.0,1e-05,0.7,0.5412062,395.39172
0.00012,0.0,1e-05,0.8,0.54105353,395.5599
0.00012,0.0,1e-05,0.9,0.54096943,395.65237
0.00012,0.0,1e-05,1.0,0.54092336,395.7033
0.00012,0.0,0.0,0.0,0.5593258,317.19626
0.00012,0.0,0.0,0.1,0.55329317,390.64413
0.00012,0.0,0.0,0.2,0.52572674,390.8552
0.00012,0.0,0.0,0.3,0.5114874,390.88623
0.00012,0.0,0.0,0.4,0.5422287,394.12735
0.00012,0.0,0.0,0.5,0.5420089,394.47656
0.00012,0.0,0.0,0.6,0.5414876,395.07886
0.00012,0.0,0.0,0.7,0.54120624,395.39172
0.00012,0.0,0.0,0.8,0.54105353,395.5599
0.00012,0.0,0.0,0.9,0.5409694,395.65237
0.00012,0.0,0.0,1.0,0.54092336,395.7033
8e-05,1e-04,0.0,0.0,0.5593109,317.16113
8e-05,1e-04,0.0,0.1,0.55322313,390.69528
8e-05,1e-04,0.0,0.2,0.52575743,390.83536
8e-05,1e-04,0.0,0.3,0.51148355,390.81726
8e-05,1e-04,0.0,0.4,0.5422275,394.1287
8e-05,1e-04,0.0,0.5,0.54200935,394.47614
8e-05,1e-04,0.0,0.6,0.5414879,395.07855
8e-05,1e-04,0.0,0.7,0.54120636,395.3915
8e-05,1e-04,0.0,0.8,0.54105365,395.5598
8e-05,1e-04,0.0,0.9,0.5409696,395.65228
8e-05,1e-04,0.0,1.0,0.5409235,395.70325
8e-05,1e-04,1e-05,0.0,0.55931085,317.1605
8e-05,1e-04,1e-05,0.1,0.55322313,390.69537
8e-05,1e-04,1e-05,0.2,0.5257605,390.83267
8e-05,1e-04,1e-05,0.3,0.5114913,390.8155
8e-05,1e-04,1e-05,0.4,0.54222775,394.1286
8e-05,1e-04,1e-05,0.5,0.54200935,394.47614
8e-05,1e-04,1e-05,0.6,0.5414879,395.07855
8e-05,1e-04,1e-05,0.7,0.54120636,395.3915
8e-05,1e-04,1e-05,0.8,0.5410536,395.5598
8e-05,1e-04,1e-05,0.9,0.5409695,395.65222
8e-05,1e-04,1e-05,1.0,0.5409235,395.70322
9e-05,8.27e-05,1e-05,0.0,0.5593134,317.16663
9e-05,8.27e-05,1e-05,0.1,0.5532331,390.6882
9e-05,8.27e-05,1e-05,0.2,0.52575576,390.83582
9e-05,8.27e-05,1e-05,0.3,0.51149,390.82645
9e-05,8.27e-05,1e-05,0.4,0.5422279,394.12842
9e-05,8.27e-05,1e-05,0.5,0.5420091,394.4762
9e-05,8.27e-05,1e-05,0.6,0.54148775,395.07858
9e-05,8.27e-05,1e-05,0.7,0.54120624,395.39163
9e-05,8.27e-05,1e-05,0.8,0.54105353,395.5598
9e-05,8.27e-05,1e-05,0.9,0.54096943,395.6523
9e-05,8.27e-05,1e-05,1.0,0.5409235,395.70325
9e-05,8.3e-05,5e-06,0.0,0.55931365,317.16672
9e-05,8.3e-05,5e-06,0.1,0.5532329,390.68826
9e-05,8.3e-05,5e-06,0.2,0.525754,390.83737
9e-05,8.3e-05,5e-06,0.3,0.51148593,390.827
9e-05,8.3e-05,5e-06,0.4,0.5422277,394.12854
9e-05,8.3e-05,5e-06,0.5,0.5420091,394.47617
9e-05,8.3e-05,5e-06,0.6,0.54148775,395.07858
9e-05,8.3e-05,5e-06,0.7,0.54120624,395.39163
9e-05,8.3e-05,5e-06,0.8,0.5410536,395.5598
9e-05,8.3e-05,5e-06,0.9,0.54096943,395.6523
9e-05,8.3e-05,5e-06,1.0,0.5409235,395.70325
9.01e-05,8.27e-05,0.0,0.0,0.5593138,317.16705
9.01e-05,8.27e-05,0.0,0.1,0.553233,390.68814
9.01e-05,8.27e-05,0.0,0.2,0.5257524,390.83884
9.01e-05,8.27e-05,0.0,0.3,0.5114825,390.82797
9.01e-05,8.27e-05,0.0,0.4,0.54222775,394.12857
9.01e-05,8.27e-05,0.0,0.5,0.5420091,394.4762
9.01e-05,8.27e-05,0.0,0.6,0.5414878,395.07858
9.01e-05,8.27e-05,0.0,0.7,0.54120624,395.39163
9.01e-05,8.27e-05,0.0,0.8,0.54105353,395.5598
9.01e-05,8.27e-05,0.0,0.9,0.54096943,395.6523
9.01e-05,8.27e-05,0.0,1.0,0.5409235,395.70325
1e-04,6.69e-05,1e-05,0.0,0.5593157,317.172
1e-04,6.69e-05,1e-05,0.1,0.55324167,390.682
1e-04,6.69e-05,1e-05,0.2,0.52575123,390.83908
1e-04,6.69e-05,1e-05,0.3,0.5114882,390.83594
1e-04,6.69e-05,1e-05,0.4,0.54222775,394.12833
1e-04,6.69e-05,1e-05,0.5,0.5420093,394.4763
1e-04,6.69e-05,1e-05,0.6,0.5414879,395.0786
1e-04,6.69e-05,1e-05,0.7,0.54120624,395.39163
1e-04,6.69e-05,1e-05,0.8,0.5410535,395.55988
1e-04,6.69e-05,1e-05,0.9,0.54096943,395.65237
1e-04,6.69e-05,1e-05,1.0,0.54092324,395.70328
1e-04,6.69e-05,0.0,0.0,0.559316,317.17255
1e-04,6.69e-05,0.0,0.1,0.5532416,390.68185
1e-04,6.69e-05,0.0,0.2,0.525748,390.84174
1e-04,6.69e-05,0.0,0.3,0.5114804,390.8375
1e-04,6.69e-05,0.0,0.4,0.54222775,394.12845
1e-04,6.69e-05,0.0,0.5,0.5420092,394.4763
1e-04,6.69e-05,0.0,0.6,0.5414879,395.0786
1e-04,6.69e-05,0.0,0.7,0.54120624,395.39163
1e-04,6.69e-05,0.0,0.8,0.5410535,395.55988
1e-04,6.69e-05,0.0,0.9,0.54096943,395.65237
1e-04,6.69e-05,0.0,1.0,0.54092324,395.70328
0.00011,5.09e-05,0.0,0.0,0.5593183,317.17807
0.00011,5.09e-05,0.0,0.1,0.5532504,390.67557
0.00011,5.09e-05,0.0,0.2,0.5257435,390.84497
0.00011,5.09e-05,0.0,0.3,0.51147854,390.84717
0.00011,5.09e-05,0.0,0.4,0.54222786,394.1283
0.00011,5.09e-05,0.0,0.5,0.5420092,394.4764
0.00011,5.09e-05,0.0,0.6,0.5414877,395.0787
0.00011,5.09e-05,0.0,0.7,0.5412063,395.39163
0.00011,5.09e-05,0.0,0.8,0.54105365,395.55988
0.00011,5.09e-05,0.0,0.9,0.54096943,395.65237
0.00011,5.09e-05,0.0,1.0,0.5409235,395.7033
0.00011,5.09e-05,1e-05,0.0,0.55931795,317.17755
0.00011,5.09e-05,1e-05,0.1,0.5532503,390.67554
0.00011,5.09e-05,1e-05,0.2,0.5257466,390.8421
0.00011,5.09e-05,1e-05,0.3,0.5114863,390.8455
0.00011,5.09e-05,1e-05,0.4,0.5422279,394.1282
0.00011,5.09e-05,1e-05,0.5,0.5420091,394.4764
0.00011,5.09e-05,1e-05,0.6,0.5414877,395.0787
0.00011,5.09e-05,1e-05,0.7,0.5412063,395.39163
0.00011,5.09e-05,1e-05,0.8,0.54105365,395.55988
0.00011,5.09e-05,1e-05,0.9,0.54096943,395.65237
0.00011,5.09e-05,1e-05,1.0,0.54092336,395.7033
0.00012,3.46e-05,0.0,0.0,0.55932075,317.18372
0.00012,3.46e-05,0.0,0.1,0.5532593,390.66907
0.00012,3.46e-05,0.0,0.2,0.5257387,390.84793
0.00012,3.46e-05,0.0,0.3,0.5114769,390.85718
0.00012,3.46e-05,0.0,0.4,0.54222786,394.12814
0.00012,3.46e-05,0.0,0.5,0.542009,394.47653
0.00012,3.46e-05,0.0,0.6,0.5414877,395.0788
0.00012,3.46e-05,0.0,0.7,0.5412063,395.39172
0.00012,3.46e-05,0.0,0.8,0.54105353,395.5599
0.00012,3.46e-05,0.0,0.9,0.54096943,395.65237
0.00012,3.46e-05,0.0,1.0,0.5409235,395.7033
0.00012,3.46e-05,1e-05,0.0,0.5593205,317.18323
0.00012,3.46e-05,1e-05,0.1,0.55325925,390.6691
0.00012,3.46e-05,1e-05,0.2,0.5257421,390.84528
0.00012,3.46e-05,1e-05,0.3,0.51148427,390.85568
0.00012,3.46e-05,1e-05,0.4,0.5422281,394.12805
0.00012,3.46e-05,1e-05,0.5,0.542009,394.47653
0.00012,3.46e-05,1e-05,0.6,0.5414877,395.0788
0.00012,3.46e-05,1e-05,0.7,0.5412063,395.39172
0.00012,3.46e-05,1e-05,0.8,0.54105353,395.5599
0.00012,3.46e-05,1e-05,0.9,0.54096943,395.65237
0.00012,3.46e-05,1e-05,1.0,0.5409235,395.7033
0.00013,1.73e-05,1e-05,0.0,0.55932283,317.18918
0.00013,1.73e-05,1e-05,0.1,0.5532691,390.66205
0.00013,1.73e-05,1e-05,0.2,0.52573705,390.8485
0.00013,1.73e-05,1e-05,0.3,0.5114829,390.86655
0.00013,1.73e-05,1e-05,0.4,0.542228,394.12793
0.00013,1.73e-05,1e-05,0.5,0.54200876,394.47662
0.00013,1.73e-05,1e-05,0.6,0.5414876,395.0789
0.00013,1.73e-05,1e-05,0.7,0.5412061,395.39175
0.00013,1.73e-05,1e-05,0.8,0.5410535,395.5599
0.00013,1.73e-05,1e-05,0.9,0.54096943,395.65237
0.00013,1.73e-05,1e-05,1.0,0.5409235,395.70334
0.00013,1.73e-05,0.0,0.0,0.5593231,317.1898
0.00013,1.73e-05,0.0,0.1,0.55326915,390.66196
0.00013,1.73e-05,0.0,0.2,0.52573407,390.8512
0.00013,1.73e-05,0.0,0.3,0.5114753,390.86807
0.00013,1.73e-05,0.0,0.4,0.54222816,394.12802
0.00013,1.73e-05,0.0,0.5,0.5420089,394.47662
0.00013,1.73e-05,0.0,0.6,0.5414876,395.0789
0.00013,1.73e-05,0.0,0.7,0.5412061,395.39175
0.00013,1.73e-05,0.0,0.8,0.5410535,395.5599
0.00013,1.73e-05,0.0,0.9,0.54096955,395.6524
0.00013,1.73e-05,0.0,1.0,0.5409235,395.70334
0.00014,0.0,1e-05,0.0,0.55932546,317.1952
0.00014,0.0,1e-05,0.1,0.55327904,390.65472
0.00014,0.0,1e-05,0.2,0.52573246,390.85187
0.00014,0.0,1e-05,0.3,0.51148146,390.87735
0.00014,0.0,1e-05,0.4,0.5422282,394.12778
0.00014,0.0,1e-05,0.5,0.54200894,394.47668
0.00014,0.0,1e-05,0.6,0.5414875,395.07898
0.00014,0.0,1e-05,0.7,0.54120594,395.39175
0.00014,0.0,1e-05,0.8,0.5410534,395.5599
0.00014,0.0,1e-05,0.9,0.5409694,395.6524
0.00014,0.0,1e-05,1.0,0.5409235,395.70346
0.00014,0.0,0.0,0.0,0.55932575,317.19565
0.00014,0.0,0.0,0.1,0.55327904,390.6546
0.00014,0.0,0.0,0.2,0.52572894,390.8547
0.00014,0.0,0.0,0.3,0.51147383,390.87903
0.00014,0.0,0.0,0.4,0.5422282,394.1279
0.00014,0.0,0.0,0.5,0.54200894,394.4767
0.00014,0.0,0.0,0.6,0.5414876,395.07898
0.00014,0.0,0.0,0.7,0.541206,395.39175
0.00014,0.0,0.0,0.8,0.5410534,395.5599
0.00014,0.0,0.0,0.9,0.5409694,395.6524
0.00014,0.0,0.0,1.0,0.5409235,395.70346
1e-04,1e-04,0.0,0.0,0.5593108,317.16037
1e-04,1e-04,0.0,0.1,0.5532088,390.7058
1e-04,1e-04,0.0,0.2,0.52575934,390.83502
1e-04,1e-04,0.0,0.3,0.51146984,390.81052
1e-04,1e-04,0.0,0.4,0.54222715,394.12924
1e-04,1e-04,0.0,0.5,0.5420091,394.47623
1e-04,1e-04,0.0,0.6,0.54148775,395.0786
1e-04,1e-04,0.0,0.7,0.54120624,395.39163
1e-04,1e-04,0.0,0.8,0.54105353,395.55988
1e-04,1e-04,0.0,0.9,0.54096943,395.65237
1e-04,1e-04,0.0,1.0,0.54092336,395.7033
1e-04,1e-04,1e-05,0.0,0.55931056,317.15994
1e-04,1e-04,1e-05,0.1,0.5532089,390.706
1e-04,1e-04,1e-05,0.2,0.5257627,390.83218
1e-04,1e-04,1e-05,0.3,0.51147735,390.8088
1e-04,1e-04,1e-05,0.4,0.54222727,394.12912
1e-04,1e-04,1e-05,0.5,0.54200906,394.47623
1e-04,1e-04,1e-05,0.6,0.5414877,395.0786
1e-04,1e-04,1e-05,0.7,0.5412061,395.39163
1e-04,1e-04,1e-05,0.8,0.5410535,395.55988
1e-04,1e-04,1e-05,0.9,0.54096943,395.65237
1e-04,1e-04,1e-05,1.0,0.54092336,395.7033
0.00011,8.27e-05,1e-05,0.0,0.5593132,317.16595
0.00011,8.27e-05,1e-05,0.1,0.5532189,390.69858
0.00011,8.27e-05,1e-05,0.2,0.5257578,390.8355
0.00011,8.27e-05,1e-05,0.3,0.5114763,390.8195
0.00011,8.27e-05,1e-05,0.4,0.54222727,394.12903
0.00011,8.27e-05,1e-05,0.5,0.5420092,394.47632
0.00011,8.27e-05,1e-05,0.6,0.5414877,395.07867
0.00011,8.27e-05,1e-05,0.7,0.5412063,395.39163
0.00011,8.27e-05,1e-05,0.8,0.54105365,395.55988
0.00011,8.27e-05,1e-05,0.9,0.5409694,395.65237
0.00011,8.27e-05,1e-05,1.0,0.54092336,395.7033
0.00011,8.27e-05,0.0,0.0,0.5593135,317.1665
0.00011,8.27e-05,0.0,0.1,0.5532187,390.6986
0.00011,8.27e-05,0.0,0.2,0.5257544,390.83847
0.00011,8.27e-05,0.0,0.3,0.5114684,390.8212
0.00011,8.27e-05,0.0,0.4,0.54222727,394.1291
0.00011,8.27e-05,0.0,0.5,0.5420092,394.47632
0.00011,8.27e-05,0.0,0.6,0.5414877,395.0787
0.00011,8.27e-05,0.0,0.7,0.54120636,395.39163
0.00011,8.27e-05,0.0,0.8,0.54105365,395.55988
0.00011,8.27e-05,0.0,0.9,0.54096943,395.65237
0.00011,8.27e-05,0.0,1.0,0.5409235,395.7033
0.00012,6.69e-05,1e-05,0.0,0.55931556,317.17136
0.00012,6.69e-05,1e-05,0.1,0.5532274,390.6924
0.00012,6.69e-05,1e-05,0.2,0.5257532,390.83862
0.00012,6.69e-05,1e-05,0.3,0.5114743,390.82895
0.00012,6.69e-05,1e-05,0.4,0.5422275,394.1289
0.00012,6.69e-05,1e-05,0.5,0.542009,394.47644
0.00012,6.69e-05,1e-05,0.6,0.5414877,395.0788
0.00012,6.69e-05,1e-05,0.7,0.54120624,395.39172
0.00012,6.69e-05,1e-05,0.8,0.54105353,395.5599
0.00012,6.69e-05,1e-05,0.9,0.5409694,395.65237
0.00012,6.69e-05,1e-05,1.0,0.5409235,395.7033
0.00012,6.69e-05,0.0,0.0,0.5593155,317.17184
0.00012,6.69e-05,0.0,0.1,0.5532274,390.6924
0.00012,6.69e-05,0.0,0.2,0.5257501,390.84155
0.00012,6.69e-05,0.0,0.3,0.51146656,390.83072
0.00012,6.69e-05,0.0,0.4,0.54222727,394.12906
0.00012,6.69e-05,0.0,0.5,0.542009,394.47644
0.00012,6.69e-05,0.0,0.6,0.5414877,395.0788
0.00012,6.69e-05,0.0,0.7,0.5412063,395.39172
0.00012,6.69e-05,0.0,0.8,0.5410535,395.5599
0.00012,6.69e-05,0.0,0.9,0.5409694,395.65237
0.00012,6.69e-05,0.0,1.0,0.54092336,395.7033
0.00013,5.1e-05,0.0,0.0,0.55931807,317.1774
0.00013,5.1e-05,0.0,0.1,0.553236,390.68607
0.00013,5.1e-05,0.0,0.2,0.5257455,390.84448
0.00013,5.1e-05,0.0,0.3,0.51146466,390.84027
0.00013,5.1e-05,0.0,0.4,0.5422274,394.1289
0.00013,5.1e-05,0.0,0.5,0.5420089,394.47656
0.00013,5.1e-05,0.0,0.6,0.5414875,395.0789
0.00013,5.1e-05,0.0,0.7,0.54120606,395.39175
0.00013,5.1e-05,0.0,0.8,0.5410534,395.5599
0.00013,5.1e-05,0.0,0.9,0.54096943,395.6524
0.00013,5.1e-05,0.0,1.0,0.5409235,395.70334
0.00013,5.1e-05,1e-05,0.0,0.55931795,317.1769
0.00013,5.1e-05,1e-05,0.1,0.5532359,390.68622
0.00013,5.1e-05,1e-05,0.2,0.52574885,390.84167
0.00013,5.1e-05,1e-05,0.3,0.5114722,390.8388
0.00013,5.1e-05,1e-05,0.4,0.5422274,394.12875
0.00013,5.1e-05,1e-05,0.5,0.5420089,394.47656
0.00013,5.1e-05,1e-05,0.6,0.5414875,395.0789
0.00013,5.1e-05,1e-05,0.7,0.5412061,395.39175
0.00013,5.1e-05,1e-05,0.8,0.5410534,395.5599
0.00013,5.1e-05,1e-05,0.9,0.5409695,395.6524
0.00013,5.1e-05,1e-05,1.0,0.5409235,395.70334
0.00014,3.44e-05,5e-06,0.0,0.5593205,317.18295
0.00014,3.44e-05,5e-06,0.1,0.55324507,390.67963
0.00014,3.44e-05,5e-06,0.2,0.5257424,390.8463
0.00014,3.44e-05,5e-06,0.3,0.5114671,390.8497
0.00014,3.44e-05,5e-06,0.4,0.5422273,394.1287
0.00014,3.44e-05,5e-06,0.5,0.5420088,394.47662
0.00014,3.44e-05,5e-06,0.6,0.54148746,395.07895
0.00014,3.44e-05,5e-06,0.7,0.541206,395.39175
0.00014,3.44e-05,5e-06,0.8,0.54105335,395.5599
0.00014,3.44e-05,5e-06,0.9,0.54096925,395.6524
0.00014,3.44e-05,5e-06,1.0,0.5409235,395.70346
0.00014,3.46e-05,0.0,0.0,0.55932033,317.1831
0.00014,3.46e-05,0.0,0.1,0.55324495,390.67963
0.00014,3.46e-05,0.0,0.2,0.5257411,390.84756
0.00014,3.46e-05,0.0,0.3,0.51146305,390.85037
0.00014,3.46e-05,0.0,0.4,0.5422273,394.12875
0.00014,3.46e-05,0.0,0.5,0.54200876,394.47662
0.00014,3.46e-05,0.0,0.6,0.54148746,395.07895
0.00014,3.46e-05,0.0,0.7,0.541206,395.39175
0.00014,3.46e-05,0.0,0.8,0.54105335,395.5599
0.00014,3.46e-05,0.0,0.9,0.54096925,395.6524
0.00014,3.46e-05,0.0,1.0,0.5409235,395.70346
0.00014,3.46e-05,1e-05,0.0,0.5593203,317.18262
0.00014,3.46e-05,1e-05,0.1,0.55324495,390.67966
0.00014,3.46e-05,1e-05,0.2,0.5257442,390.84482
0.00014,3.46e-05,1e-05,0.3,0.51147056,390.84872
0.00014,3.46e-05,1e-05,0.4,0.5422274,394.1287
0.00014,3.46e-05,1e-05,0.5,0.5420088,394.47662
0.00014,3.46e-05,1e-05,0.6,0.54148746,395.07895
0.00014,3.46e-05,1e-05,0.7,0.54120606,395.39175
0.00014,3.46e-05,1e-05,0.8,0.54105335,395.5599
0.00014,3.46e-05,1e-05,0.9,0.54096925,395.6524
0.00014,3.46e-05,1e-05,1.0,0.5409235,395.70346
0.00015,1.73e-05,1e-05,0.0,0.55932283,317.18863
0.00015,1.73e-05,1e-05,0.1,0.5532549,390.67233
0.00015,1.73e-05,1e-05,0.2,0.52573913,390.84818
0.00015,1.73e-05,1e-05,0.3,0.5114691,390.8596
0.00015,1.73e-05,1e-05,0.4,0.54222757,394.1286
0.00015,1.73e-05,1e-05,0.5,0.54200876,394.47675
0.00015,1.73e-05,1e-05,0.6,0.54148734,395.079
0.00015,1.73e-05,1e-05,0.7,0.54120606,395.39178
0.00015,1.73e-05,1e-05,0.8,0.5410533,395.55997
0.00015,1.73e-05,1e-05,0.9,0.54096925,395.6524
0.00015,1.73e-05,1e-05,1.0,0.54092324,395.70346
0.00015,1.73e-05,0.0,0.0,0.55932283,317.18912
0.00015,1.73e-05,0.0,0.1,0.5532551,390.67215
0.00015,1.73e-05,0.0,0.2,0.5257362,390.85083
0.00015,1.73e-05,0.0,0.3,0.5114617,390.861
0.00015,1.73e-05,0.0,0.4,0.5422275,394.1287
0.00015,1.73e-05,0.0,0.5,0.5420087,394.47675
0.00015,1.73e-05,0.0,0.6,0.54148734,395.079
0.00015,1.73e-05,0.0,0.7,0.54120606,395.39178
0.00015,1.73e-05,0.0,0.8,0.5410533,395.55997
0.00015,1.73e-05,0.0,0.9,0.54096925,395.6524
0.00015,1.73e-05,0.0,1.0,0.54092324,395.70346
0.00016,0.0,1e-05,0.0,0.5593254,317.19455
0.00016,0.0,1e-05,0.1,0.553265,390.66513
0.00016,0.0,1e-05,0.2,0.5257345,390.85147
0.00016,0.0,1e-05,0.3,0.5114675,390.8703
0.00016,0.0,1e-05,0.4,0.54222775,394.12848
0.00016,0.0,1e-05,0.5,0.54200864,394.47684
0.00016,0.0,1e-05,0.6,0.54148746,395.079
0.00016,0.0,1e-05,0.7,0.5412063,395.39178
0.00016,0.0,1e-05,0.8,0.5410533,395.56
0.00016,0.0,1e-05,0.9,0.54096925,395.65244
0.00016,0.0,1e-05,1.0,0.5409231,395.70346
0.00016,0.0,0.0,0.0,0.5593255,317.19504
0.00016,0.0,0.0,0.1,0.553265,390.6651
0.00016,0.0,0.0,0.2,0.5257311,390.85434
0.00016,0.0,0.0,0.3,0.51146,390.87204
0.00016,0.0,0.0,0.4,0.54222757,394.12854
0.00016,0.0,0.0,0.5,0.54200864,394.47684
0.00016,0.0,0.0,0.6,0.5414875,395.079
0.00016,0.0,0.0,0.7,0.54120606,395.3918
0.00016,0.0,0.0,0.8,0.5410533,395.56
0.00016,0.0,0.0,0.9,0.5409694,395.65244
0.00016,0.0,0.0,1.0,0.5409231,395.70346
0.00012,1e-04,0.0,0.0,0.5593108,317.1598
0.00012,1e-04,0.0,0.1,0.5531945,390.71646
0.00012,1e-04,0.0,0.2,0.5257614,390.83472
0.00012,1e-04,0.0,0.3,0.51145566,390.80386
0.00012,1e-04,0.0,0.4,0.5422267,394.1298
0.00012,1e-04,0.0,0.5,0.54200923,394.47638
0.00012,1e-04,0.0,0.6,0.5414878,395.07877
0.00012,1e-04,0.0,0.7,0.5412063,395.3917
0.00012,1e-04,0.0,0.8,0.54105353,395.5599
0.00012,1e-04,0.0,0.9,0.54096943,395.65237
0.00012,1e-04,0.0,1.0,0.5409235,395.70334
0.00012,1e-04,1e-05,0.0,0.55931044,317.15924
0.00012,1e-04,1e-05,0.1,0.5531945,390.71655
0.00012,1e-04,1e-05,0.2,0.5257648,390.83188
0.00012,1e-04,1e-05,0.3,0.51146334,390.8022
0.00012,1e-04,1e-05,0.4,0.5422268,394.12973
0.00012,1e-04,1e-05,0.5,0.5420092,394.47635
0.00012,1e-04,1e-05,0.6,0.5414877,395.0787
0.00012,1e-04,1e-05,0.7,0.5412063,395.39172
0.00012,1e-04,1e-05,0.8,0.5410535,395.5599
0.00012,1e-04,1e-05,0.9,0.5409694,395.65237
0.00012,1e-04,1e-05,1.0,0.5409235,395.70334
0.00013,8.27e-05,1e-05,0.0,0.55931294,317.16534
0.00013,8.27e-05,1e-05,0.1,0.5532045,390.70923
0.00013,8.27e-05,1e-05,0.2,0.5257597,390.83514
0.00013,8.27e-05,1e-05,0.3,0.5114621,390.8128
0.00013,8.27e-05,1e-05,0.4,0.5422268,394.12955
0.00013,8.27e-05,1e-05,0.5,0.542009,394.47653
0.00013,8.27e-05,1e-05,0.6,0.5414877,395.07883
0.00013,8.27e-05,1e-05,0.7,0.5412062,395.39175
0.00013,8.27e-05,1e-05,0.8,0.5410535,395.5599
0.00013,8.27e-05,1e-05,0.9,0.5409693,395.6524
0.00013,8.27e-05,1e-05,1.0,0.5409235,395.70346
0.00013,8.27e-05,0.0,0.0,0.5593132,317.16574
0.00013,8.27e-05,0.0,0.1,0.5532044,390.7091
0.00013,8.27e-05,0.0,0.2,0.5257564,390.8381
0.00013,8.27e-05,0.0,0.3,0.5114543,390.81458
0.00013,8.27e-05,0.0,0.4,0.5422267,394.1297
0.00013,8.27e-05,0.0,0.5,0.5420089,394.47653
0.00013,8.27e-05,0.0,0.6,0.5414876,395.07883
0.00013,8.27e-05,0.0,0.7,0.5412062,395.39175
0.00013,8.27e-05,0.0,0.8,0.5410535,395.5599
0.00013,8.27e-05,0.0,0.9,0.5409694,395.6524
0.00013,8.27e-05,0.0,1.0,0.54092336,395.70346
0.00014,6.69e-05,1e-05,0.0,0.5593153,317.17075
0.00014,6.69e-05,1e-05,0.1,0.55321276,390.70303
0.00014,6.69e-05,1e-05,0.2,0.52575517,390.8383
0.00014,6.69e-05,1e-05,0.3,0.51146024,390.82236
0.00014,6.69e-05,1e-05,0.4,0.542227,394.1295
0.00014,6.69e-05,1e-05,0.5,0.54200876,394.4766
0.00014,6.69e-05,1e-05,0.6,0.5414874,395.07895
0.00014,6.69e-05,1e-05,0.7,0.541206,395.39175
0.00014,6.69e-05,1e-05,0.8,0.54105335,395.5599
0.00014,6.69e-05,1e-05,0.9,0.54096925,395.6524
0.00014,6.69e-05,1e-05,1.0,0.54092336,395.70346
0.00014,6.69e-05,0.0,0.0,0.55931544,317.17123
0.00014,6.69e-05,0.0,0.1,0.5532129,390.7029
0.00014,6.69e-05,0.0,0.2,0.52575207,390.8411
0.00014,6.69e-05,0.0,0.3,0.51145256,390.82388
0.00014,6.69e-05,0.0,0.4,0.5422267,394.1296
0.00014,6.69e-05,0.0,0.5,0.5420089,394.47656
0.00014,6.69e-05,0.0,0.6,0.5414874,395.07895
0.00014,6.69e-05,0.0,0.7,0.54120594,395.39175
0.00014,6.69e-05,0.0,0.8,0.54105335,395.5599
0.00014,6.69e-05,0.0,0.9,0.54096925,395.6524
0.00014,6.69e-05,0.0,1.0,0.54092336,395.70346
0.00015,5.1e-05,0.0,0.0,0.5593179,317.17682
0.00015,5.1e-05,0.0,0.1,0.55322164,390.6966
0.00015,5.1e-05,0.0,0.2,0.5257475,390.84418
0.00015,5.1e-05,0.0,0.3,0.51145065,390.83353
0.00015,5.1e-05,0.0,0.4,0.5422269,394.12946
0.00015,5.1e-05,0.0,0.5,0.5420089,394.47665
0.00015,5.1e-05,0.0,0.6,0.54148746,395.07898
0.00015,5.1e-05,0.0,0.7,0.541206,395.39178
0.00015,5.1e-05,0.0,0.8,0.5410533,395.55997
0.00015,5.1e-05,0.0,0.9,0.54096925,395.65244
0.00015,5.1e-05,0.0,1.0,0.5409231,395.70346
0.00015,5.1e-05,1e-05,0.0,0.5593177,317.17633
0.00015,5.1e-05,1e-05,0.1,0.5532215,390.69672
0.00015,5.1e-05,1e-05,0.2,0.5257509,390.84134
0.00015,5.1e-05,1e-05,0.3,0.5114583,390.83185
0.00015,5.1e-05,1e-05,0.4,0.542227,394.12933
0.00015,5.1e-05,1e-05,0.5,0.5420088,394.47665
0.00015,5.1e-05,1e-05,0.6,0.54148746,395.07898
0.00015,5.1e-05,1e-05,0.7,0.54120606,395.39178
0.00015,5.1e-05,1e-05,0.8,0.5410533,395.55997
0.00015,5.1e-05,1e-05,0.9,0.5409692,395.6524
0.00015,5.1e-05,1e-05,1.0,0.5409231,395.70346
0.00016,3.46e-05,0.0,0.0,0.55932,317.18243
0.00016,3.46e-05,0.0,0.1,0.5532308,390.68994
0.00016,3.46e-05,0.0,0.2,0.5257429,390.84723
0.00016,3.46e-05,0.0,0.3,0.5114492,390.84348
0.00016,3.46e-05,0.0,0.4,0.5422269,394.12933
0.00016,3.46e-05,0.0,0.5,0.54200864,394.47678
0.00016,3.46e-05,0.0,0.6,0.5414875,395.079
0.00016,3.46e-05,0.0,0.7,0.5412062,395.3918
0.00016,3.46e-05,0.0,0.8,0.5410533,395.56
0.00016,3.46e-05,0.0,0.9,0.5409693,395.65244
0.00016,3.46e-05,0.0,1.0,0.5409231,395.7035
0.00016,3.46e-05,1e-05,0.0,0.55932003,317.18195
0.00016,3.46e-05,1e-05,0.1,0.5532307,390.69006
0.00016,3.46e-05,1e-05,0.2,0.5257462,390.84442
0.00016,3.46e-05,1e-05,0.3,0.51145685,390.84183
0.00016,3.46e-05,1e-05,0.4,0.542227,394.12927
0.00016,3.46e-05,1e-05,0.5,0.54200864,394.4768
0.00016,3.46e-05,1e-05,0.6,0.5414875,395.079
0.00016,3.46e-05,1e-05,0.7,0.54120624,395.3918
0.00016,3.46e-05,1e-05,0.8,0.5410533,395.55997
0.00016,3.46e-05,1e-05,0.9,0.5409694,395.65244
0.00016,3.46e-05,1e-05,1.0,0.5409231,395.7035
0.00017,1.73e-05,1e-05,0.0,0.55932254,317.18793
0.00017,1.73e-05,1e-05,0.1,0.55324054,390.68292
0.00017,1.73e-05,1e-05,0.2,0.5257412,390.84778
0.00017,1.73e-05,1e-05,0.3,0.5114553,390.8526
0.00017,1.73e-05,1e-05,0.4,0.542227,394.12912
0.00017,1.73e-05,1e-05,0.5,0.5420085,394.47687
0.00017,1.73e-05,1e-05,0.6,0.54148746,395.07907
0.00017,1.73e-05,1e-05,0.7,0.5412061,395.39185
0.00017,1.73e-05,1e-05,0.8,0.54105335,395.56003
0.00017,1.73e-05,1e-05,0.9,0.5409693,395.65244
0.00017,1.73e-05,1e-05,1.0,0.540923,395.7035
0.00017,1.73e-05,0.0,0.0,0.5593227,317.18848
0.00017,1.73e-05,0.0,0.1,0.5532408,390.6827
0.00017,1.73e-05,0.0,0.2,0.525738,390.85062
0.00017,1.73e-05,0.0,0.3,0.5114478,390.8541
0.00017,1.73e-05,0.0,0.4,0.5422269,394.12927
0.00017,1.73e-05,0.0,0.5,0.5420085,394.4769
0.00017,1.73e-05,0.0,0.6,0.54148746,395.07907
0.00017,1.73e-05,0.0,0.7,0.5412062,395.39185
0.00017,1.73e-05,0.0,0.8,0.5410533,395.56003
0.00017,1.73e-05,0.0,0.9,0.54096925,395.65244
0.00017,1.73e-05,0.0,1.0,0.54092324,395.7035
0.00018,0.0,1e-05,0.0,0.5593251,317.19397
0.00018,0.0,1e-05,0.1,0.55325073,390.67554
0.00018,0.0,1e-05,0.2,0.52573645,390.85104
0.00018,0.0,1e-05,0.3,0.51145387,390.8634
0.00018,0.0,1e-05,0.4,0.542227,394.129
0.00018,0.0,1e-05,0.5,0.54200864,394.477
0.00018,0.0,1e-05,0.6,0.5414874,395.0791
0.00018,0.0,1e-05,0.7,0.54120606,395.39188
0.00018,0.0,1e-05,0.8,0.54105324,395.56003
0.00018,0.0,1e-05,0.9,0.5409692,395.65244
0.00018,0.0,1e-05,1.0,0.54092324,395.7035
0.00018,0.0,0.0,0.0,0.55932516,317.19443
0.00018,0.0,0.0,0.1,0.5532507,390.67545
0.00018,0.0,0.0,0.2,0.5257331,390.85394
0.00018,0.0,0.0,0.3,0.51144624,390.86508
0.00018,0.0,0.0,0.4,0.54222715,394.12912
0.00018,0.0,0.0,0.5,0.5420085,394.477
0.00018,0.0,0.0,0.6,0.5414874,395.0791
0.00018,0.0,0.0,0.7,0.5412061,395.39188
0.00018,0.0,0.0,0.8,0.54105324,395.56003
0.00018,0.0,0.0,0.9,0.5409692,395.65244
0.00018,0.0,0.0,1.0,0.5409232,395.7035
0.00014,1e-04,0.0,0.0,0.55931044,317.15912
0.00014,1e-04,0.0,0.1,0.5531802,390.72696
0.00014,1e-04,0.0,0.2,0.5257633,390.8344
0.00014,1e-04,0.0,0.3,0.5114417,390.79736
0.00014,1e-04,0.0,0.4,0.54222614,394.1303
0.00014,1e-04,0.0,0.5,0.542009,394.47653
0.00014,1e-04,0.0,0.6,0.5414875,395.0789
0.00014,1e-04,0.0,0.7,0.541206,395.39175
0.00014,1e-04,0.0,0.8,0.5410535,395.5599
0.00014,1e-04,0.0,0.9,0.54096925,395.6524
0.00014,1e-04,0.0,1.0,0.54092336,395.70346
0.00014,9.31e-05,5e-06,0.0,0.5593114,317.16144
0.00014,9.31e-05,5e-06,0.1,0.5531872,390.72186
0.00014,9.31e-05,5e-06,0.2,0.5257627,390.83426
0.00014,9.31e-05,5e-06,0.3,0.51144767,390.80197
0.00014,9.31e-05,5e-06,0.4,0.5422263,394.1301
0.00014,9.31e-05,5e-06,0.5,0.542009,394.47656
0.00014,9.31e-05,5e-06,0.6,0.5414875,395.07895
0.00014,9.31e-05,5e-06,0.7,0.5412061,395.39175
0.00014,9.31e-05,5e-06,0.8,0.5410534,395.5599
0.00014,9.31e-05,5e-06,0.9,0.54096925,395.6524
0.00014,9.31e-05,5e-06,1.0,0.54092336,395.70346
0.00014,1e-04,1e-05,0.0,0.5593103,317.15863
0.00014,1e-04,1e-05,0.1,0.5531801,390.72717
0.00014,1e-04,1e-05,0.2,0.5257668,390.83148
0.00014,1e-04,1e-05,0.3,0.5114492,390.79575
0.00014,1e-04,1e-05,0.4,0.54222625,394.1302
0.00014,1e-04,1e-05,0.5,0.5420091,394.47653
0.00014,1e-04,1e-05,0.6,0.5414875,395.0789
0.00014,1e-04,1e-05,0.7,0.54120594,395.39175
0.00014,1e-04,1e-05,0.8,0.5410534,395.5599
0.00014,1e-04,1e-05,0.9,0.54096925,395.6524
0.00014,1e-04,1e-05,1.0,0.54092336,395.70346
0.00015,8.27e-05,1e-05,0.0,0.5593127,317.1647
0.00015,8.27e-05,1e-05,0.1,0.55319023,390.71973
0.00015,8.27e-05,1e-05,0.2,0.52576196,390.83484
0.00015,8.27e-05,1e-05,0.3,0.5114479,390.80618
0.00015,8.27e-05,1e-05,0.4,0.54222643,394.13007
0.00015,8.27e-05,1e-05,0.5,0.5420089,394.47662
0.00015,8.27e-05,1e-05,0.6,0.54148746,395.07895
0.00015,8.27e-05,1e-05,0.7,0.54120606,395.39178
0.00015,8.27e-05,1e-05,0.8,0.5410533,395.55997
0.00015,8.27e-05,1e-05,0.9,0.54096925,395.65244
0.00015,8.27e-05,1e-05,1.0,0.5409231,395.7035
0.00015,8.27e-05,0.0,0.0,0.5593129,317.16525
0.00015,8.27e-05,0.0,0.1,0.55319023,390.7197
0.00015,8.27e-05,0.0,0.2,0.5257585,390.83777
0.00015,8.27e-05,0.0,0.3,0.51144016,390.80795
0.00015,8.27e-05,0.0,0.4,0.5422261,394.1302
0.00015,8.27e-05,0.0,0.5,0.5420088,394.47662
0.00015,8.27e-05,0.0,0.6,0.5414875,395.07898
0.00015,8.27e-05,0.0,0.7,0.54120594,395.39178
0.00015,8.27e-05,0.0,0.8,0.5410533,395.55997
0.00015,8.27e-05,0.0,0.9,0.54096925,395.65244
0.00015,8.27e-05,0.0,1.0,0.5409231,395.7035
0.00016,6.69e-05,1e-05,0.0,0.55931497,317.17007
0.00016,6.69e-05,1e-05,0.1,0.5531987,390.7136
0.00016,6.69e-05,1e-05,0.2,0.5257572,390.838
0.00016,6.69e-05,1e-05,0.3,0.5114462,390.81564
0.00016,6.69e-05,1e-05,0.4,0.54222643,394.12997
0.00016,6.69e-05,1e-05,0.5,0.5420088,394.47668
0.00016,6.69e-05,1e-05,0.6,0.5414873,395.079
0.00016,6.69e-05,1e-05,0.7,0.5412062,395.3918
0.00016,6.69e-05,1e-05,0.8,0.5410533,395.56
0.00016,6.69e-05,1e-05,0.9,0.5409694,395.65244
0.00016,6.69e-05,1e-05,1.0,0.5409231,395.7035
0.00016,6.69e-05,0.0,0.0,0.55931526,317.17062
0.00016,6.69e-05,0.0,0.1,0.5531988,390.7135
0.00016,6.69e-05,0.0,0.2,0.5257543,390.84067
0.00016,6.69e-05,0.0,0.3,0.5114384,390.81738
0.00016,6.69e-05,0.0,0.4,0.5422264,394.13013
0.00016,6.69e-05,0.0,0.5,0.5420088,394.47668
0.00016,6.69e-05,0.0,0.6,0.5414874,395.079
0.00016,6.69e-05,0.0,0.7,0.5412062,395.3918
0.00016,6.69e-05,0.0,0.8,0.5410533,395.56
0.00016,6.69e-05,0.0,0.9,0.5409694,395.65244
0.00016,6.69e-05,0.0,1.0,0.540923,395.7035
0.00017,5.1e-05,0.0,0.0,0.5593177,317.17612
0.00017,5.1e-05,0.0,0.1,0.55320746,390.70715
0.00017,5.1e-05,0.0,0.2,0.5257498,390.84378
0.00017,5.1e-05,0.0,0.3,0.51143676,390.82684
0.00017,5.1e-05,0.0,0.4,0.54222643,394.12997
0.00017,5.1e-05,0.0,0.5,0.54200876,394.47684
0.00017,5.1e-05,0.0,0.6,0.5414875,395.07904
0.00017,5.1e-05,0.0,0.7,0.5412062,395.39185
0.00017,5.1e-05,0.0,0.8,0.54105335,395.56003
0.00017,5.1e-05,0.0,0.9,0.5409693,395.65244
0.00017,5.1e-05,0.0,1.0,0.5409231,395.7035
0.00017,5.1e-05,1e-05,0.0,0.55931747,317.17566
0.00017,5.1e-05,1e-05,0.1,0.5532074,390.70734
0.00017,5.1e-05,1e-05,0.2,0.5257528,390.841
0.00017,5.1e-05,1e-05,0.3,0.51144445,390.82523
0.00017,5.1e-05,1e-05,0.4,0.5422263,394.12988
0.00017,5.1e-05,1e-05,0.5,0.54200876,394.4768
0.00017,5.1e-05,1e-05,0.6,0.54148746,395.07907
0.00017,5.1e-05,1e-05,0.7,0.5412062,395.39185
0.00017,5.1e-05,1e-05,0.8,0.5410533,395.56003
0.00017,5.1e-05,1e-05,0.9,0.54096925,395.65244
0.00017,5.1e-05,1e-05,1.0,0.5409231,395.7035
0.00018,3.44e-05,5e-06,0.0,0.5593201,317.18173
0.00018,3.44e-05,5e-06,0.1,0.5532167,390.70038
0.00018,3.44e-05,5e-06,0.2,0.5257465,390.84558
0.00018,3.44e-05,5e-06,0.3,0.5114392,390.83615
0.00018,3.44e-05,5e-06,0.4,0.5422263,394.12982
0.00018,3.44e-05,5e-06,0.5,0.54200864,394.47693
0.00018,3.44e-05,5e-06,0.6,0.5414874,395.07907
0.00018,3.44e-05,5e-06,0.7,0.5412061,395.39188
0.00018,3.44e-05,5e-06,0.8,0.54105324,395.56003
0.00018,3.44e-05,5e-06,0.9,0.54096925,395.65244
0.00018,3.44e-05,5e-06,1.0,0.54092324,395.7035
0.00018,3.46e-05,0.0,0.0,0.55932,317.18185
0.00018,3.46e-05,0.0,0.1,0.5532163,390.70056
0.00018,3.46e-05,0.0,0.2,0.5257449,390.8469
0.00018,3.46e-05,0.0,0.3,0.5114354,390.8368
0.00018,3.46e-05,0.0,0.4,0.5422264,394.12988
0.00018,3.46e-05,0.0,0.5,0.5420085,394.47693
0.00018,3.46e-05,0.0,0.6,0.5414874,395.07907
0.00018,3.46e-05,0.0,0.7,0.5412061,395.39188
0.00018,3.46e-05,0.0,0.8,0.54105324,395.56003
0.00018,3.46e-05,0.0,0.9,0.54096925,395.65244
0.00018,3.46e-05,0.0,1.0,0.54092324,395.7035
0.00018,3.46e-05,1e-05,0.0,0.55931973,317.1813
0.00018,3.46e-05,1e-05,0.1,0.55321634,390.7006
0.00018,3.46e-05,1e-05,0.2,0.5257484,390.84402
0.00018,3.46e-05,1e-05,0.3,0.51144296,390.83517
0.00018,3.46e-05,1e-05,0.4,0.54222643,394.12982
0.00018,3.46e-05,1e-05,0.5,0.54200864,394.47693
0.00018,3.46e-05,1e-05,0.6,0.54148734,395.07907
0.00018,3.46e-05,1e-05,0.7,0.54120606,395.39188
0.00018,3.46e-05,1e-05,0.8,0.54105324,395.56003
0.00018,3.46e-05,1e-05,0.9,0.5409692,395.65244
0.00018,3.46e-05,1e-05,1.0,0.54092324,395.7035
0.00019,1.73e-05,0.0,0.0,0.5593226,317.1878
0.00019,1.73e-05,0.0,0.1,0.5532266,390.69318
0.00019,1.73e-05,0.0,0.2,0.5257404,390.8501
0.00019,1.73e-05,0.0,0.3,0.5114338,390.84738
0.00019,1.73e-05,0.0,0.4,0.54222643,394.12976
0.00019,1.73e-05,0.0,0.5,0.5420085,394.47702
0.00019,1.73e-05,0.0,0.6,0.54148734,395.07913
0.00019,1.73e-05,0.0,0.7,0.5412061,395.3919
0.00019,1.73e-05,0.0,0.8,0.54105335,395.56003
0.00019,1.73e-05,0.0,0.9,0.54096925,395.6525
0.00019,1.73e-05,0.0,1.0,0.5409231,395.70352
0.00019,1.73e-05,1e-05,0.0,0.5593225,317.18732
0.00019,1.73e-05,1e-05,0.1,0.5532265,390.6933
0.00019,1.73e-05,1e-05,0.2,0.52574337,390.8474
0.00019,1.73e-05,1e-05,0.3,0.5114417,390.84576
0.00019,1.73e-05,1e-05,0.4,0.54222655,394.12967
0.00019,1.73e-05,1e-05,0.5,0.5420085,394.47702
0.00019,1.73e-05,1e-05,0.6,0.54148734,395.07913
0.00019,1.73e-05,1e-05,0.7,0.541206,395.39194
0.00019,1.73e-05,1e-05,0.8,0.5410533,395.56003
0.00019,1.73e-05,1e-05,0.9,0.54096925,395.6525
0.00019,1.73e-05,1e-05,1.0,0.5409231,395.70352
0.0002,0.0,1e-05,0.0,0.55932486,317.1933
0.0002,0.0,1e-05,0.1,0.55323625,390.68604
0.0002,0.0,1e-05,0.2,0.52573854,390.8507
0.0002,0.0,1e-05,0.3,0.51144016,390.85648
0.0002,0.0,1e-05,0.4,0.5422267,394.12955
0.0002,0.0,1e-05,0.5,0.5420084,394.47705
0.0002,0.0,1e-05,0.6,0.5414872,395.07913
0.0002,0.0,1e-05,0.7,0.541206,395.39197
0.0002,0.0,1e-05,0.8,0.54105324,395.5601
0.0002,0.0,1e-05,0.9,0.54096925,395.6525
0.0002,0.0,1e-05,1.0,0.540923,395.70352
0.0002,0.0,0.0,0.0,0.5593251,317.1938
0.0002,0.0,0.0,0.1,0.55323625,390.68607
0.0002,0.0,0.0,0.2,0.5257349,390.8537
0.0002,0.0,0.0,0.3,0.5114324,390.8582
0.0002,0.0,0.0,0.4,0.5422268,394.1296
0.0002,0.0,0.0,0.5,0.54200846,394.47708
0.0002,0.0,0.0,0.6,0.5414872,395.07913
0.0002,0.0,0.0,0.7,0.541206,395.39197
0.0002,0.0,0.0,0.8,0.5410533,395.5601
0.0002,0.0,0.0,0.9,0.54096913,395.6525
0.0002,0.0,0.0,1.0,0.540923,395.70352
0.00016,1e-04,0.0,0.0,0.5593103,317.1585
0.00016,1e-04,0.0,0.1,0.5531658,390.73758
0.00016,1e-04,0.0,0.2,0.5257654,390.83408
0.00016,1e-04,0.0,0.3,0.5114274,390.79105
0.00016,1e-04,0.0,0.4,0.54222566,394.1309
0.00016,1e-04,0.0,0.5,0.54200876,394.47665
0.00016,1e-04,0.0,0.6,0.54148734,395.079
0.00016,1e-04,0.0,0.7,0.5412063,395.39178
0.00016,1e-04,0.0,0.8,0.5410533,395.56
0.00016,1e-04,0.0,0.9,0.5409694,395.65244
0.00016,1e-04,0.0,1.0,0.5409231,395.7035
0.00016,1e-04,1e-05,0.0,0.5593101,317.15802
0.00016,1e-04,1e-05,0.1,0.5531658,390.73764
0.00016,1e-04,1e-05,0.2,0.5257689,390.83118
0.00016,1e-04,1e-05,0.3,0.51143515,390.78912
0.00016,1e-04,1e-05,0.4,0.5422258,394.1308
0.00016,1e-04,1e-05,0.5,0.54200876,394.47665
0.00016,1e-04,1e-05,0.6,0.54148734,395.079
0.00016,1e-04,1e-05,0.7,0.54120624,395.39178
0.00016,1e-04,1e-05,0.8,0.5410533,395.56
0.00016,1e-04,1e-05,0.9,0.5409693,395.65244
0.00016,1e-04,1e-05,1.0,0.5409231,395.7035
0.00017,8.27e-05,0.0,0.0,0.55931294,317.16455
0.00017,8.27e-05,0.0,0.1,0.55317587,390.7303
0.00017,8.27e-05,0.0,0.2,0.52576053,390.8374
0.00017,8.27e-05,0.0,0.3,0.5114261,390.80148
0.00017,8.27e-05,0.0,0.4,0.5422257,394.13077
0.00017,8.27e-05,0.0,0.5,0.5420088,394.47675
0.00017,8.27e-05,0.0,0.6,0.54148746,395.079
0.00017,8.27e-05,0.0,0.7,0.5412062,395.39185
0.00017,8.27e-05,0.0,0.8,0.54105324,395.56003
0.00017,8.27e-05,0.0,0.9,0.5409693,395.65244
0.00017,8.27e-05,0.0,1.0,0.5409231,395.7035
0.00017,8.27e-05,1e-05,0.0,0.55931246,317.16412
0.00017,8.27e-05,1e-05,0.1,0.5531757,390.73047
0.00017,8.27e-05,1e-05,0.2,0.52576387,390.83453
0.00017,8.27e-05,1e-05,0.3,0.5114339,390.7998
0.00017,8.27e-05,1e-05,0.4,0.54222584,394.13058
0.00017,8.27e-05,1e-05,0.5,0.54200876,394.47675
0.00017,8.27e-05,1e-05,0.6,0.5414875,395.079
0.00017,8.27e-05,1e-05,0.7,0.5412062,395.39185
0.00017,8.27e-05,1e-05,0.8,0.54105324,395.56003
0.00017,8.27e-05,1e-05,0.9,0.5409693,395.65244
0.00017,8.27e-05,1e-05,1.0,0.5409232,395.7035
0.00018,6.69e-05,1e-05,0.0,0.55931497,317.16953
0.00018,6.69e-05,1e-05,0.1,0.55318433,390.72406
0.00018,6.69e-05,1e-05,0.2,0.5257592,390.8376
0.00018,6.69e-05,1e-05,0.3,0.5114321,390.80914
0.00018,6.69e-05,1e-05,0.4,0.5422258,394.13052
0.00018,6.69e-05,1e-05,0.5,0.54200876,394.47684
0.00018,6.69e-05,1e-05,0.6,0.54148746,395.07907
0.00018,6.69e-05,1e-05,0.7,0.5412061,395.39188
0.00018,6.69e-05,1e-05,0.8,0.54105335,395.56003
0.00018,6.69e-05,1e-05,0.9,0.54096913,395.65247
0.00018,6.69e-05,1e-05,1.0,0.54092324,395.7035
0.00018,6.69e-05,0.0,0.0,0.55931515,317.16995
0.00018,6.69e-05,0.0,0.1,0.55318445,390.72403
0.00018,6.69e-05,0.0,0.2,0.52575636,390.84042
0.00018,6.69e-05,0.0,0.3,0.5114244,390.81088
0.00018,6.69e-05,0.0,0.4,0.5422258,394.1306
0.00018,6.69e-05,0.0,0.5,0.54200864,394.47684
0.00018,6.69e-05,0.0,0.6,0.54148746,395.07907
0.00018,6.69e-05,0.0,0.7,0.5412062,395.39188
0.00018,6.69e-05,0.0,0.8,0.54105335,395.56003
0.00018,6.69e-05,0.0,0.9,0.54096913,395.65247
0.00018,6.69e-05,0.0,1.0,0.54092324,395.70352
0.00019,5.1e-05,0.0,0.0,0.55931747,317.17557
0.00019,5.1e-05,0.0,0.1,0.55319285,390.71774
0.00019,5.1e-05,0.0,0.2,0.5257517,390.84344
0.00019,5.1e-05,0.0,0.3,0.5114225,390.82037
0.00019,5.1e-05,0.0,0.4,0.5422256,394.13055
0.00019,5.1e-05,0.0,0.5,0.5420085,394.47696
0.00019,5.1e-05,0.0,0.6,0.5414874,395.07907
0.00019,5.1e-05,0.0,0.7,0.541206,395.39194
0.00019,5.1e-05,0.0,0.8,0.5410532,395.56006
0.00019,5.1e-05,0.0,0.9,0.54096925,395.6525
0.00019,5.1e-05,0.0,1.0,0.5409231,395.70352
0.00019,5.1e-05,1e-05,0.0,0.5593173,317.175
0.00019,5.1e-05,1e-05,0.1,0.55319273,390.71793
0.00019,5.1e-05,1e-05,0.2,0.52575505,390.84058
0.00019,5.1e-05,1e-05,0.3,0.5114303,390.81863
0.00019,5.1e-05,1e-05,0.4,0.5422261,394.13043
0.00019,5.1e-05,1e-05,0.5,0.54200864,394.47696
0.00019,5.1e-05,1e-05,0.6,0.5414874,395.07907
0.00019,5.1e-05,1e-05,0.7,0.541206,395.39194
0.00019,5.1e-05,1e-05,0.8,0.54105324,395.56006
0.00019,5.1e-05,1e-05,0.9,0.54096913,395.6525
0.00019,5.1e-05,1e-05,1.0,0.5409231,395.70352
0.0002,3.46e-05,0.0,0.0,0.55932,317.1811
0.0002,3.46e-05,0.0,0.1,0.55320203,390.71118
0.0002,3.46e-05,0.0,0.2,0.5257472,390.84653
0.0002,3.46e-05,0.0,0.3,0.5114212,390.83023
0.0002,3.46e-05,0.0,0.4,0.54222596,394.13046
0.0002,3.46e-05,0.0,0.5,0.5420086,394.47702
0.0002,3.46e-05,0.0,0.6,0.54148716,395.07913
0.0002,3.46e-05,0.0,0.7,0.541206,395.39197
0.0002,3.46e-05,0.0,0.8,0.5410532,395.5601
0.0002,3.46e-05,0.0,0.9,0.54096913,395.6525
0.0002,3.46e-05,0.0,1.0,0.540923,395.70352
0.0002,3.46e-05,1e-05,0.0,0.5593195,317.18066
0.0002,3.46e-05,1e-05,0.1,0.55320203,390.7112
0.0002,3.46e-05,1e-05,0.2,0.52575034,390.84366
0.0002,3.46e-05,1e-05,0.3,0.51142865,390.82846
0.0002,3.46e-05,1e-05,0.4,0.54222584,394.1303
0.0002,3.46e-05,1e-05,0.5,0.5420085,394.47702
0.0002,3.46e-05,1e-05,0.6,0.5414871,395.07913
0.0002,3.46e-05,1e-05,0.7,0.541206,395.39197
0.0002,3.46e-05,1e-05,0.8,0.5410532,395.5601
0.0002,3.46e-05,1e-05,0.9,0.54096913,395.6525
0.0002,3.46e-05,1e-05,1.0,0.540923,395.70352
0.00021,1.73e-05,1e-05,0.0,0.55932224,317.1867
0.00021,1.73e-05,1e-05,0.1,0.5532119,390.70398
0.00021,1.73e-05,1e-05,0.2,0.5257453,390.84695
0.00021,1.73e-05,1e-05,0.3,0.5114274,390.83902
0.00021,1.73e-05,1e-05,0.4,0.542226,394.13022
0.00021,1.73e-05,1e-05,0.5,0.5420083,394.4771
0.00021,1.73e-05,1e-05,0.6,0.5414873,395.07916
0.00021,1.73e-05,1e-05,0.7,0.541206,395.392
0.00021,1.73e-05,1e-05,0.8,0.54105335,395.5601
0.00021,1.73e-05,1e-05,0.9,0.54096913,395.6525
0.00021,1.73e-05,1e-05,1.0,0.540923,395.70352
0.00021,1.73e-05,0.0,0.0,0.5593226,317.18723
0.00021,1.73e-05,0.0,0.1,0.5532119,390.70383
0.00021,1.73e-05,0.0,0.2,0.5257424,390.84982
0.00021,1.73e-05,0.0,0.3,0.5114197,390.84073
0.00021,1.73e-05,0.0,0.4,0.54222584,394.1303
0.00021,1.73e-05,0.0,0.5,0.5420083,394.4771
0.00021,1.73e-05,0.0,0.6,0.5414873,395.07916
0.00021,1.73e-05,0.0,0.7,0.541206,395.392
0.00021,1.73e-05,0.0,0.8,0.54105335,395.5601
0.00021,1.73e-05,0.0,0.9,0.54096913,395.6525
0.00021,1.73e-05,0.0,1.0,0.540923,395.70352
0.00022,0.0,1e-05,0.0,0.5593246,317.19272
0.00022,0.0,1e-05,0.1,0.55322206,390.69656
0.00022,0.0,1e-05,0.2,0.5257407,390.85037
0.00022,0.0,1e-05,0.3,0.5114261,390.84976
0.00022,0.0,1e-05,0.4,0.5422261,394.13013
0.00022,0.0,1e-05,0.5,0.5420083,394.4772
0.00022,0.0,1e-05,0.6,0.5414873,395.07916
0.00022,0.0,1e-05,0.7,0.541206,395.392
0.00022,0.0,1e-05,0.8,0.54105335,395.5601
0.00022,0.0,1e-05,0.9,0.54096913,395.65253
0.00022,0.0,1e-05,1.0,0.540923,395.70352
0.00022,0.0,0.0,0.0,0.55932486,317.1931
0.00022,0.0,0.0,0.1,0.55322206,390.69653
0.00022,0.0,0.0,0.2,0.52573717,390.8532
0.00022,0.0,0.0,0.3,0.51141846,390.85153
0.00022,0.0,0.0,0.4,0.542226,394.13022
0.00022,0.0,0.0,0.5,0.5420083,394.4772
0.00022,0.0,0.0,0.6,0.5414873,395.07916
0.00022,0.0,0.0,0.7,0.541206,395.392
0.00022,0.0,0.0,0.8,0.54105335,395.5601
0.00022,0.0,0.0,0.9,0.54096913,395.65253
0.00022,0.0,0.0,1.0,0.540923,395.70352
0.00018,1e-04,0.0,0.0,0.5593102,317.1579
0.00018,1e-04,0.0,0.1,0.55315137,390.74826
0.00018,1e-04,0.0,0.2,0.5257674,390.83374
0.00018,1e-04,0.0,0.3,0.5114129,390.7846
0.00018,1e-04,0.0,0.4,0.5422251,394.13147
0.00018,1e-04,0.0,0.5,0.54200864,394.4768
0.00018,1e-04,0.0,0.6,0.54148746,395.07907
0.00018,1e-04,0.0,0.7,0.5412061,395.39188
0.00018,1e-04,0.0,0.8,0.54105335,395.56003
0.00018,1e-04,0.0,0.9,0.54096913,395.65247
0.00018,1e-04,0.0,1.0,0.5409231,395.70352
0.00018,1e-04,1e-05,0.0,0.55930984,317.15747
0.00018,1e-04,1e-05,0.1,0.55315137,390.74835
0.00018,1e-04,1e-05,0.2,0.52577066,390.83087
0.00018,1e-04,1e-05,0.3,0.5114207,390.78284
0.00018,1e-04,1e-05,0.4,0.5422252,394.13138
0.00018,1e-04,1e-05,0.5,0.54200864,394.47678
0.00018,1e-04,1e-05,0.6,0.5414874,395.07907
0.00018,1e-04,1e-05,0.7,0.5412061,395.39188
0.00018,1e-04,1e-05,0.8,0.5410533,395.56003
0.00018,1e-04,1e-05,0.9,0.54096913,395.65247
0.00018,1e-04,1e-05,1.0,0.5409231,395.70352
0.00019,8.27e-05,0.0,0.0,0.5593127,317.1639
0.00019,8.27e-05,0.0,0.1,0.5531616,390.7408
0.00019,8.27e-05,0.0,0.2,0.52576244,390.83707
0.00019,8.27e-05,0.0,0.3,0.51141196,390.7952
0.00019,8.27e-05,0.0,0.4,0.54222524,394.13138
0.00019,8.27e-05,0.0,0.5,0.5420085,394.47693
0.00019,8.27e-05,0.0,0.6,0.5414874,395.07907
0.00019,8.27e-05,0.0,0.7,0.541206,395.3919
0.00019,8.27e-05,0.0,0.8,0.5410531,395.56006
0.00019,8.27e-05,0.0,0.9,0.5409694,395.6525
0.00019,8.27e-05,0.0,1.0,0.5409231,395.70352
0.00019,8.27e-05,1e-05,0.0,0.55931234,317.16348
0.00019,8.27e-05,1e-05,0.1,0.55316126,390.74097
0.00019,8.27e-05,1e-05,0.2,0.5257656,390.83426
0.00019,8.27e-05,1e-05,0.3,0.51141953,390.79337
0.00019,8.27e-05,1e-05,0.4,0.5422255,394.1313
0.00019,8.27e-05,1e-05,0.5,0.5420085,394.47687
0.00019,8.27e-05,1e-05,0.6,0.5414874,395.07907
0.00019,8.27e-05,1e-05,0.7,0.541206,395.3919
0.00019,8.27e-05,1e-05,0.8,0.54105324,395.56006
0.00019,8.27e-05,1e-05,0.9,0.54096913,395.6525
0.00019,8.27e-05,1e-05,1.0,0.5409231,395.70352
0.0002,6.69e-05,1e-05,0.0,0.55931497,317.1689
0.0002,6.69e-05,1e-05,0.1,0.5531698,390.73483
0.0002,6.69e-05,1e-05,0.2,0.52576137,390.83728
0.0002,6.69e-05,1e-05,0.3,0.5114181,390.80267
0.0002,6.69e-05,1e-05,0.4,0.5422252,394.13113
0.0002,6.69e-05,1e-05,0.5,0.54200876,394.477
0.0002,6.69e-05,1e-05,0.6,0.5414872,395.07913
0.0002,6.69e-05,1e-05,0.7,0.541206,395.39194
0.0002,6.69e-05,1e-05,0.8,0.54105324,395.5601
0.0002,6.69e-05,1e-05,0.9,0.54096925,395.6525
0.0002,6.69e-05,1e-05,1.0,0.540923,395.70352
0.0002,6.69e-05,0.0,0.0,0.55931497,317.1694
0.0002,6.69e-05,0.0,0.1,0.5531699,390.73468
0.0002,6.69e-05,0.0,0.2,0.52575815,390.84006
0.0002,6.69e-05,0.0,0.3,0.5114101,390.8046
0.0002,6.69e-05,0.0,0.4,0.54222536,394.13132
0.0002,6.69e-05,0.0,0.5,0.54200864,394.477
0.0002,6.69e-05,0.0,0.6,0.5414872,395.07913
0.0002,6.69e-05,0.0,0.7,0.541206,395.39194
0.0002,6.69e-05,0.0,0.8,0.54105324,395.5601
0.0002,6.69e-05,0.0,0.9,0.54096925,395.6525
0.0002,6.69e-05,0.0,1.0,0.5409231,395.70352
0.00021,5.1e-05,0.0,0.0,0.5593173,317.17484
0.00021,5.1e-05,0.0,0.1,0.5531784,390.72833
0.00021,5.1e-05,0.0,0.2,0.5257535,390.8431
0.00021,5.1e-05,0.0,0.3,0.51140857,390.81396
0.00021,5.1e-05,0.0,0.4,0.54222524,394.13113
0.00021,5.1e-05,0.0,0.5,0.5420086,394.47702
0.00021,5.1e-05,0.0,0.6,0.54148716,395.07916
0.00021,5.1e-05,0.0,0.7,0.541206,395.39197
0.00021,5.1e-05,0.0,0.8,0.54105335,395.5601
0.00021,5.1e-05,0.0,0.9,0.54096913,395.6525
0.00021,5.1e-05,0.0,1.0,0.540923,395.70352
0.00021,5.1e-05,1e-05,0.0,0.5593171,317.17438
0.00021,5.1e-05,1e-05,0.1,0.5531784,390.72833
0.00021,5.1e-05,1e-05,0.2,0.5257571,390.84027
0.00021,5.1e-05,1e-05,0.3,0.51141626,390.81207
0.00021,5.1e-05,1e-05,0.4,0.5422255,394.131
0.00021,5.1e-05,1e-05,0.5,0.5420085,394.47702
0.00021,5.1e-05,1e-05,0.6,0.54148716,395.07916
0.00021,5.1e-05,1e-05,0.7,0.541206,395.39197
0.00021,5.1e-05,1e-05,0.8,0.5410533,395.5601
0.00021,5.1e-05,1e-05,0.9,0.54096913,395.6525
0.00021,5.1e-05,1e-05,1.0,0.540923,395.70352
0.00022,3.46e-05,0.0,0.0,0.5593195,317.18048
0.00022,3.46e-05,0.0,0.1,0.55318767,390.7217
0.00022,3.46e-05,0.0,0.2,0.52574885,390.84628
0.00022,3.46e-05,0.0,0.3,0.5114068,390.8238
0.00022,3.46e-05,0.0,0.4,0.5422255,394.131
0.00022,3.46e-05,0.0,0.5,0.5420083,394.47717
0.00022,3.46e-05,0.0,0.6,0.5414872,395.07916
0.00022,3.46e-05,0.0,0.7,0.541206,395.392
0.00022,3.46e-05,0.0,0.8,0.5410533,395.5601
0.00022,3.46e-05,0.0,0.9,0.54096913,395.65253
0.00022,3.46e-05,0.0,1.0,0.5409231,395.70352
0.00022,3.46e-05,1e-05,0.0,0.5593195,317.18002
0.00022,3.46e-05,1e-05,0.1,0.5531876,390.7217
0.00022,3.46e-05,1e-05,0.2,0.5257522,390.84348
0.00022,3.46e-05,1e-05,0.3,0.5114145,390.82187
0.00022,3.46e-05,1e-05,0.4,0.5422255,394.13086
0.00022,3.46e-05,1e-05,0.5,0.5420083,394.47717
0.00022,3.46e-05,1e-05,0.6,0.5414873,395.07916
0.00022,3.46e-05,1e-05,0.7,0.541206,395.392
0.00022,3.46e-05,1e-05,0.8,0.54105335,395.5601
0.00022,3.46e-05,1e-05,0.9,0.54096913,395.65253
0.00022,3.46e-05,1e-05,1.0,0.5409231,395.70352
0.00023,1.73e-05,1e-05,0.0,0.55932194,317.18607
0.00023,1.73e-05,1e-05,0.1,0.5531975,390.71445
0.00023,1.73e-05,1e-05,0.2,0.5257473,390.84668
0.00023,1.73e-05,1e-05,0.3,0.5114133,390.83258
0.00023,1.73e-05,1e-05,0.4,0.5422255,394.13077
0.00023,1.73e-05,1e-05,0.5,0.5420083,394.47723
0.00023,1.73e-05,1e-05,0.6,0.54148716,395.0792
0.00023,1.73e-05,1e-05,0.7,0.54120606,395.392
0.00023,1.73e-05,1e-05,0.8,0.5410532,395.56015
0.00023,1.73e-05,1e-05,0.9,0.54096913,395.65256
0.00023,1.73e-05,1e-05,1.0,0.5409231,395.70352
0.00023,1.73e-05,0.0,0.0,0.5593223,317.18655
0.00023,1.73e-05,0.0,0.1,0.55319756,390.7144
0.00023,1.73e-05,0.0,0.2,0.5257441,390.84952
0.00023,1.73e-05,0.0,0.3,0.5114058,390.83432
0.00023,1.73e-05,0.0,0.4,0.5422254,394.1309
0.00023,1.73e-05,0.0,0.5,0.5420083,394.47723
0.00023,1.73e-05,0.0,0.6,0.54148716,395.0792
0.00023,1.73e-05,0.0,0.7,0.541206,395.392
0.00023,1.73e-05,0.0,0.8,0.5410532,395.56015
0.00023,1.73e-05,0.0,0.9,0.54096913,395.65256
0.00023,1.73e-05,0.0,1.0,0.5409231,395.70352
0.00024,0.0,1e-05,0.0,0.5593246,317.19214
0.00024,0.0,1e-05,0.1,0.55320746,390.70724
0.00024,0.0,1e-05,0.2,0.52574253,390.85
0.00024,0.0,1e-05,0.3,0.511412,390.84314
0.00024,0.0,1e-05,0.4,0.54222554,394.13065
0.00024,0.0,1e-05,0.5,0.54200816,394.4773
0.00024,0.0,1e-05,0.6,0.54148716,395.07925
0.00024,0.0,1e-05,0.7,0.54120594,395.39203
0.00024,0.0,1e-05,0.8,0.5410532,395.56015
0.00024,0.0,1e-05,0.9,0.54096913,395.6526
0.00024,0.0,1e-05,1.0,0.540923,395.70355
0.00024,0.0,0.0,0.0,0.5593245,317.1926
0.00024,0.0,0.0,0.1,0.5532075,390.70712
0.00024,0.0,0.0,0.2,0.5257393,390.85287
0.00024,0.0,0.0,0.3,0.5114044,390.84488
0.00024,0.0,0.0,0.4,0.5422256,394.1307
0.00024,0.0,0.0,0.5,0.54200804,394.4773
0.00024,0.0,0.0,0.6,0.5414871,395.07922
0.00024,0.0,0.0,0.7,0.54120594,395.39203
0.00024,0.0,0.0,0.8,0.5410532,395.56015
0.00024,0.0,0.0,0.9,0.5409691,395.6526
0.00024,0.0,0.0,1.0,0.540923,395.70355
0.0002,1e-04,0.0,0.0,0.55930984,317.15732
0.0002,1e-04,0.0,0.1,0.5531368,390.75885
0.0002,1e-04,0.0,0.2,0.52576935,390.8334
0.0002,1e-04,0.0,0.3,0.5113985,390.77847
0.0002,1e-04,0.0,0.4,0.54222465,394.13202
0.0002,1e-04,0.0,0.5,0.54200864,394.47693
0.0002,1e-04,0.0,0.6,0.5414873,395.07913
0.0002,1e-04,0.0,0.7,0.541206,395.39194
0.0002,1e-04,0.0,0.8,0.54105324,395.5601
0.0002,1e-04,0.0,0.9,0.54096913,395.6525
0.0002,1e-04,0.0,1.0,0.540923,395.70352
0.0002,1e-04,1e-05,0.0,0.55930966,317.15677
0.0002,1e-04,1e-05,0.1,0.5531367,390.75897
0.0002,1e-04,1e-05,0.2,0.52577245,390.83066
0.0002,1e-04,1e-05,0.3,0.5114064,390.77658
0.0002,1e-04,1e-05,0.4,0.54222476,394.13193
0.0002,1e-04,1e-05,0.5,0.5420085,394.47693
0.0002,1e-04,1e-05,0.6,0.54148734,395.07913
0.0002,1e-04,1e-05,0.7,0.541206,395.39194
0.0002,1e-04,1e-05,0.8,0.54105324,395.5601
0.0002,1e-04,1e-05,0.9,0.54096913,395.6525
0.0002,1e-04,1e-05,1.0,0.5409231,395.70352
0.00021,8.31e-05,5e-06,0.0,0.5593122,317.16293
0.00021,8.31e-05,5e-06,0.1,0.5531464,390.75186
0.00021,8.31e-05,5e-06,0.2,0.5257662,390.83527
0.00021,8.31e-05,5e-06,0.3,0.5114012,390.78775
0.00021,8.31e-05,5e-06,0.4,0.54222465,394.13187
0.00021,8.31e-05,5e-06,0.5,0.54200864,394.477
0.00021,8.31e-05,5e-06,0.6,0.54148716,395.07913
0.00021,8.31e-05,5e-06,0.7,0.541206,395.392
0.00021,8.31e-05,5e-06,0.8,0.54105335,395.5601
0.00021,8.31e-05,5e-06,0.9,0.54096913,395.6525
0.00021,8.31e-05,5e-06,1.0,0.540923,395.70352
0.00021,8.27e-05,0.0,0.0,0.55931246,317.16327
0.00021,8.27e-05,0.0,0.1,0.55314696,390.75156
0.00021,8.27e-05,0.0,0.2,0.5257646,390.83676
0.00021,8.27e-05,0.0,0.3,0.5113977,390.789
0.00021,8.27e-05,0.0,0.4,0.54222465,394.13193
0.00021,8.27e-05,0.0,0.5,0.54200864,394.477
0.00021,8.27e-05,0.0,0.6,0.54148716,395.07913
0.00021,8.27e-05,0.0,0.7,0.5412059,395.392
0.00021,8.27e-05,0.0,0.8,0.54105335,395.5601
0.00021,8.27e-05,0.0,0.9,0.54096913,395.6525
0.00021,8.27e-05,0.0,1.0,0.540923,395.70352
0.00021,8.27e-05,1e-05,0.0,0.55931216,317.16278
0.00021,8.27e-05,1e-05,0.1,0.5531468,390.7516
0.00021,8.27e-05,1e-05,0.2,0.52576756,390.83392
0.00021,8.27e-05,1e-05,0.3,0.5114053,390.7871
0.00021,8.27e-05,1e-05,0.4,0.54222476,394.13174
0.00021,8.27e-05,1e-05,0.5,0.54200864,394.477
0.00021,8.27e-05,1e-05,0.6,0.54148716,395.07913
0.00021,8.27e-05,1e-05,0.7,0.541206,395.392
0.00021,8.27e-05,1e-05,0.8,0.54105335,395.5601
0.00021,8.27e-05,1e-05,0.9,0.54096913,395.6525
0.00021,8.27e-05,1e-05,1.0,0.540923,395.70352
0.00022,6.69e-05,1e-05,0.0,0.5593146,317.1682
0.00022,6.69e-05,1e-05,0.1,0.5531554,390.74542
0.00022,6.69e-05,1e-05,0.2,0.52576333,390.837
0.00022,6.69e-05,1e-05,0.3,0.5114035,390.79642
0.00022,6.69e-05,1e-05,0.4,0.5422247,394.13168
0.00022,6.69e-05,1e-05,0.5,0.5420084,394.47705
0.00022,6.69e-05,1e-05,0.6,0.5414873,395.07916
0.00022,6.69e-05,1e-05,0.7,0.5412059,395.392
0.00022,6.69e-05,1e-05,0.8,0.54105335,395.5601
0.00022,6.69e-05,1e-05,0.9,0.5409691,395.65253
0.00022,6.69e-05,1e-05,1.0,0.5409231,395.70352
0.00022,6.69e-05,0.0,0.0,0.55931485,317.16876
0.00022,6.69e-05,0.0,0.1,0.55315554,390.74524
0.00022,6.69e-05,0.0,0.2,0.52576005,390.83975
0.00022,6.69e-05,0.0,0.3,0.5113958,390.7982
0.00022,6.69e-05,0.0,0.4,0.54222476,394.1318
0.00022,6.69e-05,0.0,0.5,0.5420084,394.47705
0.00022,6.69e-05,0.0,0.6,0.5414872,395.07916
0.00022,6.69e-05,0.0,0.7,0.541206,395.392
0.00022,6.69e-05,0.0,0.8,0.54105335,395.5601
0.00022,6.69e-05,0.0,0.9,0.54096913,395.65253
0.00022,6.69e-05,0.0,1.0,0.540923,395.70352
0.00023,5.1e-05,0.0,0.0,0.5593171,317.1742
0.00023,5.1e-05,0.0,0.1,0.5531641,390.73895
0.00023,5.1e-05,0.0,0.2,0.52575564,390.8429
0.00023,5.1e-05,0.0,0.3,0.51139426,390.80756
0.00023,5.1e-05,0.0,0.4,0.54222465,394.13162
0.00023,5.1e-05,0.0,0.5,0.5420083,394.47717
0.00023,5.1e-05,0.0,0.6,0.5414872,395.0792
0.00023,5.1e-05,0.0,0.7,0.541206,395.392
0.00023,5.1e-05,0.0,0.8,0.5410533,395.56015
0.00023,5.1e-05,0.0,0.9,0.54096913,395.65256
0.00023,5.1e-05,0.0,1.0,0.5409231,395.70352
0.00023,5.1e-05,1e-05,0.0,0.5593169,317.17377
0.00023,5.1e-05,1e-05,0.1,0.5531641,390.73898
0.00023,5.1e-05,1e-05,0.2,0.5257591,390.8399
0.00023,5.1e-05,1e-05,0.3,0.511402,390.8058
0.00023,5.1e-05,1e-05,0.4,0.5422249,394.13153
0.00023,5.1e-05,1e-05,0.5,0.5420083,394.47717
0.00023,5.1e-05,1e-05,0.6,0.5414872,395.0792
0.00023,5.1e-05,1e-05,0.7,0.54120606,395.392
0.00023,5.1e-05,1e-05,0.8,0.54105335,395.56015
0.00023,5.1e-05,1e-05,0.9,0.54096913,395.65256
0.00023,5.1e-05,1e-05,1.0,0.5409231,395.70352
0.00024,3.46e-05,0.0,0.0,0.5593194,317.17996
0.00024,3.46e-05,0.0,0.1,0.5531732,390.7324
0.00024,3.46e-05,0.0,0.2,0.52575094,390.84592
0.00024,3.46e-05,0.0,0.3,0.51139283,390.8174
0.00024,3.46e-05,0.0,0.4,0.54222476,394.1315
0.00024,3.46e-05,0.0,0.5,0.54200816,394.47723
0.00024,3.46e-05,0.0,0.6,0.5414873,395.07922
0.00024,3.46e-05,0.0,0.7,0.54120594,395.39203
0.00024,3.46e-05,0.0,0.8,0.5410532,395.56015
0.00024,3.46e-05,0.0,0.9,0.5409691,395.65262
0.00024,3.46e-05,0.0,1.0,0.540923,395.70355
0.00024,3.46e-05,1e-05,0.0,0.5593194,317.17944
0.00024,3.46e-05,1e-05,0.1,0.55317307,390.73248
0.00024,3.46e-05,1e-05,0.2,0.52575433,390.8429
0.00024,3.46e-05,1e-05,0.3,0.51140034,390.81558
0.00024,3.46e-05,1e-05,0.4,0.54222494,394.13147
0.00024,3.46e-05,1e-05,0.5,0.5420083,394.47723
0.00024,3.46e-05,1e-05,0.6,0.5414872,395.07922
0.00024,3.46e-05,1e-05,0.7,0.54120594,395.39203
0.00024,3.46e-05,1e-05,0.8,0.5410532,395.56015
0.00024,3.46e-05,1e-05,0.9,0.5409691,395.65262
0.00024,3.46e-05,1e-05,1.0,0.540923,395.70355
0.000251,1.68e-05,5e-06,0.0,0.559322,317.18582
0.000251,1.68e-05,5e-06,0.1,0.553183,390.7252
0.000251,1.68e-05,5e-06,0.2,0.5257476,390.84784
0.000251,1.68e-05,5e-06,0.3,0.51139486,390.82712
0.000251,1.68e-05,5e-06,0.4,0.5422249,394.1314
0.000251,1.68e-05,5e-06,0.5,0.54200816,394.4773
0.000251,1.68e-05,5e-06,0.6,0.541487,395.0793
0.000251,1.68e-05,5e-06,0.7,0.54120576,395.39203
0.000251,1.68e-05,5e-06,0.8,0.54105324,395.56018
0.000251,1.68e-05,5e-06,0.9,0.54096913,395.65265
0.000251,1.68e-05,5e-06,1.0,0.5409231,395.70355
0.00025,1.73e-05,1e-05,0.0,0.5593219,317.18536
0.00025,1.73e-05,1e-05,0.1,0.55318314,390.72507
0.00025,1.73e-05,1e-05,0.2,0.52574944,390.84625
0.00025,1.73e-05,1e-05,0.3,0.5113994,390.82608
0.00025,1.73e-05,1e-05,0.4,0.5422251,394.1314
0.00025,1.73e-05,1e-05,0.5,0.54200816,394.4773
0.00025,1.73e-05,1e-05,0.6,0.5414871,395.0793
0.00025,1.73e-05,1e-05,0.7,0.54120576,395.39203
0.00025,1.73e-05,1e-05,0.8,0.5410532,395.56015
0.00025,1.73e-05,1e-05,0.9,0.54096913,395.65265
0.00025,1.73e-05,1e-05,1.0,0.54092324,395.70355
0.00025,1.73e-05,0.0,0.0,0.559322,317.18594
0.00025,1.73e-05,0.0,0.1,0.55318326,390.7249
0.00025,1.73e-05,0.0,0.2,0.5257463,390.84918
0.00025,1.73e-05,0.0,0.3,0.5113913,390.82788
0.00025,1.73e-05,0.0,0.4,0.542225,394.13144
0.00025,1.73e-05,0.0,0.5,0.54200816,394.4773
0.00025,1.73e-05,0.0,0.6,0.5414871,395.0793
0.00025,1.73e-05,0.0,0.7,0.54120576,395.39203
0.00025,1.73e-05,0.0,0.8,0.54105324,395.56015
0.00025,1.73e-05,0.0,0.9,0.5409692,395.65265
0.00025,1.73e-05,0.0,1.0,0.5409231,395.70355
0.00026,0.0,1e-05,0.0,0.55932444,317.19135
0.00026,0.0,1e-05,0.1,0.55319333,390.7177
0.00026,0.0,1e-05,0.2,0.52574456,390.8496
0.00026,0.0,1e-05,0.3,0.511398,390.83667
0.00026,0.0,1e-05,0.4,0.54222506,394.13132
0.00026,0.0,1e-05,0.5,0.54200816,394.4774
0.00026,0.0,1e-05,0.6,0.54148686,395.07938
0.00026,0.0,1e-05,0.7,0.54120576,395.3921
0.00026,0.0,1e-05,0.8,0.5410533,395.56018
0.00026,0.0,1e-05,0.9,0.54096913,395.65265
0.00026,0.0,1e-05,1.0,0.5409231,395.70358
0.00026,0.0,0.0,0.0,0.5593245,317.19193
0.00026,0.0,0.0,0.1,0.5531933,390.71765
0.00026,0.0,0.0,0.2,0.5257411,390.8526
0.00026,0.0,0.0,0.3,0.5113902,390.8385
0.00026,0.0,0.0,0.4,0.54222506,394.13138
0.00026,0.0,0.0,0.5,0.54200816,394.4774
0.00026,0.0,0.0,0.6,0.541487,395.07938
0.00026,0.0,0.0,0.7,0.54120576,395.3921
0.00026,0.0,0.0,0.8,0.54105335,395.56018
0.00026,0.0,0.0,0.9,0.54096913,395.65265
0.00026,0.0,0.0,1.0,0.5409231,395.70355
0.00022,1e-04,0.0,0.0,0.5593096,317.15668
0.00022,1e-04,0.0,0.1,0.5531223,390.76965
0.00022,1e-04,0.0,0.2,0.52577126,390.83322
0.00022,1e-04,0.0,0.3,0.51138425,390.7724
0.00022,1e-04,0.0,0.4,0.542224,394.13272
0.00022,1e-04,0.0,0.5,0.54200846,394.47702
0.00022,1e-04,0.0,0.6,0.5414872,395.07916
0.00022,1e-04,0.0,0.7,0.541206,395.392
0.00022,1e-04,0.0,0.8,0.54105335,395.56012
0.00022,1e-04,0.0,0.9,0.54096913,395.65253
0.00022,1e-04,0.0,1.0,0.5409231,395.70352
0.00022,1e-04,1e-05,0.0,0.5593095,317.1562
0.00022,1e-04,1e-05,0.1,0.5531223,390.76978
0.00022,1e-04,1e-05,0.2,0.5257745,390.83032
0.00022,1e-04,1e-05,0.3,0.511392,390.7706
0.00022,1e-04,1e-05,0.4,0.54222417,394.1326
0.00022,1e-04,1e-05,0.5,0.54200846,394.47702
0.00022,1e-04,1e-05,0.6,0.5414872,395.07916
0.00022,1e-04,1e-05,0.7,0.541206,395.392
0.00022,1e-04,1e-05,0.8,0.5410533,395.56012
0.00022,1e-04,1e-05,0.9,0.54096913,395.65253
0.00022,1e-04,1e-05,1.0,0.5409231,395.70352
0.00023,8.27e-05,0.0,0.0,0.5593122,317.1627
0.00023,8.27e-05,0.0,0.1,0.5531324,390.7622
0.00023,8.27e-05,0.0,0.2,0.52576625,390.83655
0.00023,8.27e-05,0.0,0.3,0.51138306,390.78284
0.00023,8.27e-05,0.0,0.4,0.542224,394.1326
0.00023,8.27e-05,0.0,0.5,0.5420084,394.4771
0.00023,8.27e-05,0.0,0.6,0.5414872,395.07916
0.00023,8.27e-05,0.0,0.7,0.541206,395.392
0.00023,8.27e-05,0.0,0.8,0.5410533,395.56015
0.00023,8.27e-05,0.0,0.9,0.5409692,395.65256
0.00023,8.27e-05,0.0,1.0,0.540923,395.70355
0.00023,8.27e-05,1e-05,0.0,0.5593121,317.16217
0.00023,8.27e-05,1e-05,0.1,0.5531324,390.76236
0.00023,8.27e-05,1e-05,0.2,0.5257696,390.83362
0.00023,8.27e-05,1e-05,0.3,0.5113908,390.78088
0.00023,8.27e-05,1e-05,0.4,0.5422243,394.1324
0.00023,8.27e-05,1e-05,0.5,0.5420084,394.47708
0.00023,8.27e-05,1e-05,0.6,0.54148716,395.07916
0.00023,8.27e-05,1e-05,0.7,0.541206,395.392
0.00023,8.27e-05,1e-05,0.8,0.5410533,395.56015
0.00023,8.27e-05,1e-05,0.9,0.5409692,395.65256
0.00023,8.27e-05,1e-05,1.0,0.540923,395.70355
0.00024,6.69e-05,1e-05,0.0,0.55931455,317.16757
0.00024,6.69e-05,1e-05,0.1,0.5531411,390.75607
0.00024,6.69e-05,1e-05,0.2,0.5257652,390.83664
0.00024,6.69e-05,1e-05,0.3,0.51138914,390.79022
0.00024,6.69e-05,1e-05,0.4,0.54222435,394.13217
0.00024,6.69e-05,1e-05,0.5,0.54200816,394.4772
0.00024,6.69e-05,1e-05,0.6,0.54148734,395.0792
0.00024,6.69e-05,1e-05,0.7,0.541206,395.392
0.00024,6.69e-05,1e-05,0.8,0.54105324,395.56015
0.00024,6.69e-05,1e-05,0.9,0.54096925,395.65265
0.00024,6.69e-05,1e-05,1.0,0.540923,395.70355
0.00024,6.69e-05,0.0,0.0,0.5593147,317.16812
0.00024,6.69e-05,0.0,0.1,0.5531409,390.75598
0.00024,6.69e-05,0.0,0.2,0.5257622,390.8395
0.00024,6.69e-05,0.0,0.3,0.5113814,390.79205
0.00024,6.69e-05,0.0,0.4,0.5422243,394.13245
0.00024,6.69e-05,0.0,0.5,0.5420083,394.4772
0.00024,6.69e-05,0.0,0.6,0.54148734,395.0792
0.00024,6.69e-05,0.0,0.7,0.54120606,395.392
0.00024,6.69e-05,0.0,0.8,0.54105324,395.56015
0.00024,6.69e-05,0.0,0.9,0.5409691,395.65262
0.00024,6.69e-05,0.0,1.0,0.5409231,395.70355
0.00025,5.1e-05,0.0,0.0,0.5593169,317.1736
0.00025,5.1e-05,0.0,0.1,0.55314946,390.74976
0.00025,5.1e-05,0.0,0.2,0.52575755,390.84262
0.00025,5.1e-05,0.0,0.3,0.5113797,390.80127
0.00025,5.1e-05,0.0,0.4,0.5422244,394.13226
0.00025,5.1e-05,0.0,0.5,0.5420083,394.4773
0.00025,5.1e-05,0.0,0.6,0.54148716,395.07925
0.00025,5.1e-05,0.0,0.7,0.54120576,395.39203
0.00025,5.1e-05,0.0,0.8,0.5410532,395.56015
0.00025,5.1e-05,0.0,0.9,0.54096913,395.65265
0.00025,5.1e-05,0.0,1.0,0.5409231,395.70358
0.00025,5.1e-05,1e-05,0.0,0.55931664,317.17313
0.00025,5.1e-05,1e-05,0.1,0.5531496,390.74973
0.00025,5.1e-05,1e-05,0.2,0.5257609,390.8397
0.00025,5.1e-05,1e-05,0.3,0.5113878,390.79956
0.00025,5.1e-05,1e-05,0.4,0.5422244,394.13214
0.00025,5.1e-05,1e-05,0.5,0.5420083,394.4773
0.00025,5.1e-05,1e-05,0.6,0.5414871,395.07922
0.00025,5.1e-05,1e-05,0.7,0.5412058,395.39203
0.00025,5.1e-05,1e-05,0.8,0.5410532,395.56015
0.00025,5.1e-05,1e-05,0.9,0.54096913,395.65265
0.00025,5.1e-05,1e-05,1.0,0.5409231,395.70358
0.00026,3.46e-05,0.0,0.0,0.55931926,317.17926
0.00026,3.46e-05,0.0,0.1,0.5531585,390.74292
0.00026,3.46e-05,0.0,0.2,0.525753,390.84564
0.00026,3.46e-05,0.0,0.3,0.5113782,390.8111
0.00026,3.46e-05,0.0,0.4,0.5422243,394.13214
0.00026,3.46e-05,0.0,0.5,0.5420082,394.4773
0.00026,3.46e-05,0.0,0.6,0.54148704,395.0793
0.00026,3.46e-05,0.0,0.7,0.54120576,395.3921
0.00026,3.46e-05,0.0,0.8,0.54105324,395.56018
0.00026,3.46e-05,0.0,0.9,0.54096913,395.65265
0.00026,3.46e-05,0.0,1.0,0.5409231,395.7036
0.00026,3.46e-05,1e-05,0.0,0.55931896,317.17883
0.00026,3.46e-05,1e-05,0.1,0.55315864,390.7431
0.00026,3.46e-05,1e-05,0.2,0.52575636,390.84274
0.00026,3.46e-05,1e-05,0.3,0.5113863,390.8094
0.00026,3.46e-05,1e-05,0.4,0.5422244,394.13202
0.00026,3.46e-05,1e-05,0.5,0.5420082,394.4773
0.00026,3.46e-05,1e-05,0.6,0.54148704,395.0793
0.00026,3.46e-05,1e-05,0.7,0.54120576,395.3921
0.00026,3.46e-05,1e-05,0.8,0.54105324,395.56018
0.00026,3.46e-05,1e-05,0.9,0.5409691,395.65265
0.00026,3.46e-05,1e-05,1.0,0.5409231,395.7036
0.00027,1.73e-05,1e-05,0.0,0.5593215,317.18475
0.00027,1.73e-05,1e-05,0.1,0.55316883,390.73575
0.00027,1.73e-05,1e-05,0.2,0.52575135,390.84613
0.00027,1.73e-05,1e-05,0.3,0.51138484,390.81973
0.00027,1.73e-05,1e-05,0.4,0.5422244,394.13196
0.00027,1.73e-05,1e-05,0.5,0.54200804,394.4774
0.00027,1.73e-05,1e-05,0.6,0.541487,395.07938
0.00027,1.73e-05,1e-05,0.7,0.54120576,395.3921
0.00027,1.73e-05,1e-05,0.8,0.54105324,395.56018
0.00027,1.73e-05,1e-05,0.9,0.54096913,395.65265
0.00027,1.73e-05,1e-05,1.0,0.540923,395.7036
0.00027,1.73e-05,0.0,0.0,0.5593219,317.18524
0.00027,1.73e-05,0.0,0.1,0.5531688,390.73572
0.00027,1.73e-05,0.0,0.2,0.5257481,390.84897
0.00027,1.73e-05,0.0,0.3,0.51137733,390.8216
0.00027,1.73e-05,0.0,0.4,0.5422244,394.13202
0.00027,1.73e-05,0.0,0.5,0.54200804,394.4774
0.00027,1.73e-05,0.0,0.6,0.541487,395.07938
0.00027,1.73e-05,0.0,0.7,0.5412058,395.3921
0.00027,1.73e-05,0.0,0.8,0.54105324,395.56018
0.00027,1.73e-05,0.0,0.9,0.54096913,395.65265
0.00027,1.73e-05,0.0,1.0,0.540923,395.7036
0.000272,9.57e-06,5e-06,0.0,0.55932295,317.18787
0.000272,9.57e-06,5e-06,0.1,0.55317485,390.73123
0.000272,9.57e-06,5e-06,0.2,0.5257473,390.84894
0.000272,9.57e-06,5e-06,0.3,0.5113824,390.82605
0.000272,9.57e-06,5e-06,0.4,0.5422245,394.1319
0.000272,9.57e-06,5e-06,0.5,0.54200816,394.4774
0.000272,9.57e-06,5e-06,0.6,0.54148686,395.07938
0.000272,9.57e-06,5e-06,0.7,0.5412058,395.39212
0.000272,9.57e-06,5e-06,0.8,0.5410533,395.56018
0.000272,9.57e-06,5e-06,0.9,0.540969,395.65265
0.000272,9.57e-06,5e-06,1.0,0.540923,395.7036
0.00028,0.0,1e-05,0.0,0.5593241,317.19073
0.00028,0.0,1e-05,0.1,0.55317867,390.72833
0.00028,0.0,1e-05,0.2,0.5257467,390.84933
0.00028,0.0,1e-05,0.3,0.5113838,390.8303
0.00028,0.0,1e-05,0.4,0.5422245,394.13177
0.00028,0.0,1e-05,0.5,0.5420079,394.47748
0.00028,0.0,1e-05,0.6,0.5414869,395.0795
0.00028,0.0,1e-05,0.7,0.54120576,395.39215
0.00028,0.0,1e-05,0.8,0.5410532,395.5602
0.00028,0.0,1e-05,0.9,0.54096913,395.65268
0.00028,0.0,1e-05,1.0,0.5409231,395.7036
0.00028,0.0,0.0,0.0,0.55932426,317.19116
0.00028,0.0,0.0,0.1,0.5531788,390.72827
0.00028,0.0,0.0,0.2,0.52574325,390.8523
0.00028,0.0,0.0,0.3,0.511376,390.83203
0.00028,0.0,0.0,0.4,0.5422245,394.1319
0.00028,0.0,0.0,0.5,0.5420079,394.47748
0.00028,0.0,0.0,0.6,0.54148686,395.0795
0.00028,0.0,0.0,0.7,0.54120576,395.39215
0.00028,0.0,0.0,0.8,0.54105306,395.5602
0.00028,0.0,0.0,0.9,0.54096913,395.65268
0.00028,0.0,0.0,1.0,0.5409231,395.7036
0.00024,1e-04,0.0,0.0,0.5593095,317.15604
0.00024,1e-04,0.0,0.1,0.5531077,390.78033
0.00024,1e-04,0.0,0.2,0.52577305,390.83292
0.00024,1e-04,0.0,0.3,0.51136947,390.76642
0.00024,1e-04,0.0,0.4,0.54222345,394.1332
0.00024,1e-04,0.0,0.5,0.5420084,394.47714
0.00024,1e-04,0.0,0.6,0.54148716,395.0792
0.00024,1e-04,0.0,0.7,0.54120594,395.39203
0.00024,1e-04,0.0,0.8,0.54105324,395.56015
0.00024,1e-04,0.0,0.9,0.54096925,395.65265
0.00024,1e-04,0.0,1.0,0.5409231,395.70355
0.00024,1e-04,1e-05,0.0,0.55930924,317.15552
0.00024,1e-04,1e-05,0.1,0.55310774,390.78046
0.00024,1e-04,1e-05,0.2,0.5257766,390.8301
0.00024,1e-04,1e-05,0.3,0.51137745,390.7646
0.00024,1e-04,1e-05,0.4,0.5422237,394.13312
0.00024,1e-04,1e-05,0.5,0.5420083,394.47714
0.00024,1e-04,1e-05,0.6,0.54148716,395.0792
0.00024,1e-04,1e-05,0.7,0.54120594,395.39203
0.00024,1e-04,1e-05,0.8,0.54105324,395.56015
0.00024,1e-04,1e-05,0.9,0.5409692,395.65265
0.00024,1e-04,1e-05,1.0,0.5409231,395.70355
0.00025,8.27e-05,0.0,0.0,0.5593119,317.16202
0.00025,8.27e-05,0.0,0.1,0.55311775,390.773
0.00025,8.27e-05,0.0,0.2,0.5257683,390.83636
0.00025,8.27e-05,0.0,0.3,0.51136863,390.77686
0.00025,8.27e-05,0.0,0.4,0.54222345,394.13303
0.00025,8.27e-05,0.0,0.5,0.54200816,394.4772
0.00025,8.27e-05,0.0,0.6,0.54148716,395.07922
0.00025,8.27e-05,0.0,0.7,0.5412059,395.39206
0.00025,8.27e-05,0.0,0.8,0.5410532,395.56018
0.00025,8.27e-05,0.0,0.9,0.5409691,395.65265
0.00025,8.27e-05,0.0,1.0,0.5409231,395.70358
0.00025,8.27e-05,1e-05,0.0,0.55931175,317.16156
0.00025,8.27e-05,1e-05,0.1,0.55311775,390.77304
0.00025,8.27e-05,1e-05,0.2,0.5257713,390.83337
0.00025,8.27e-05,1e-05,0.3,0.51137626,390.77493
0.00025,8.27e-05,1e-05,0.4,0.5422238,394.13293
0.00025,8.27e-05,1e-05,0.5,0.5420083,394.47723
0.00025,8.27e-05,1e-05,0.6,0.5414871,395.07925
0.00025,8.27e-05,1e-05,0.7,0.5412058,395.39203
0.00025,8.27e-05,1e-05,0.8,0.5410532,395.56018
0.00025,8.27e-05,1e-05,0.9,0.5409691,395.65265
0.00025,8.27e-05,1e-05,1.0,0.5409231,395.70358
0.00026,6.69e-05,1e-05,0.0,0.55931413,317.16696
0.00026,6.69e-05,1e-05,0.1,0.55312645,390.76663
0.00026,6.69e-05,1e-05,0.2,0.5257672,390.8364
0.00026,6.69e-05,1e-05,0.3,0.5113749,390.7841
0.00026,6.69e-05,1e-05,0.4,0.5422238,394.13284
0.00026,6.69e-05,1e-05,0.5,0.54200816,394.4773
0.00026,6.69e-05,1e-05,0.6,0.541487,395.0793
0.00026,6.69e-05,1e-05,0.7,0.5412058,395.3921
0.00026,6.69e-05,1e-05,0.8,0.5410532,395.56018
0.00026,6.69e-05,1e-05,0.9,0.540969,395.65265
0.00026,6.69e-05,1e-05,1.0,0.5409231,395.7036
0.00026,6.69e-05,0.0,0.0,0.55931437,317.16748
0.00026,6.69e-05,0.0,0.1,0.5531266,390.7666
0.00026,6.69e-05,0.0,0.2,0.5257641,390.8393
0.00026,6.69e-05,0.0,0.3,0.51136684,390.78604
0.00026,6.69e-05,0.0,0.4,0.5422236,394.13297
0.00026,6.69e-05,0.0,0.5,0.54200816,394.4773
0.00026,6.69e-05,0.0,0.6,0.541487,395.0793
0.00026,6.69e-05,0.0,0.7,0.54120576,395.3921
0.00026,6.69e-05,0.0,0.8,0.54105324,395.56018
0.00026,6.69e-05,0.0,0.9,0.540969,395.65265
0.00026,6.69e-05,0.0,1.0,0.5409231,395.7036
0.00027,5.1e-05,0.0,0.0,0.55931664,317.173
0.00027,5.1e-05,0.0,0.1,0.55313504,390.7604
0.00027,5.1e-05,0.0,0.2,0.5257597,390.84222
0.00027,5.1e-05,0.0,0.3,0.51136535,390.79535
0.00027,5.1e-05,0.0,0.4,0.5422238,394.13284
0.00027,5.1e-05,0.0,0.5,0.54200816,394.47733
0.00027,5.1e-05,0.0,0.6,0.541487,395.07938
0.00027,5.1e-05,0.0,0.7,0.5412058,395.3921
0.00027,5.1e-05,0.0,0.8,0.5410533,395.56018
0.00027,5.1e-05,0.0,0.9,0.540969,395.65265
0.00027,5.1e-05,0.0,1.0,0.540923,395.7036
0.00027,5.1e-05,1e-05,0.0,0.55931646,317.17245
0.00027,5.1e-05,1e-05,0.1,0.55313504,390.76053
0.00027,5.1e-05,1e-05,0.2,0.52576303,390.83936
0.00027,5.1e-05,1e-05,0.3,0.51137334,390.7935
0.00027,5.1e-05,1e-05,0.4,0.5422237,394.13278
0.00027,5.1e-05,1e-05,0.5,0.5420083,394.4773
0.00027,5.1e-05,1e-05,0.6,0.54148686,395.07938
0.00027,5.1e-05,1e-05,0.7,0.5412058,395.3921
0.00027,5.1e-05,1e-05,0.8,0.5410532,395.56018
0.00027,5.1e-05,1e-05,0.9,0.540969,395.65265
0.00027,5.1e-05,1e-05,1.0,0.540923,395.7036
0.00028,3.46e-05,1e-05,0.0,0.5593189,317.1782
0.00028,3.46e-05,1e-05,0.1,0.55314434,390.75375
0.00028,3.46e-05,1e-05,0.2,0.52575827,390.84253
0.00028,3.46e-05,1e-05,0.3,0.51137173,390.80298
0.00028,3.46e-05,1e-05,0.4,0.5422239,394.13272
0.00028,3.46e-05,1e-05,0.5,0.54200804,394.4774
0.00028,3.46e-05,1e-05,0.6,0.54148686,395.07947
0.00028,3.46e-05,1e-05,0.7,0.54120576,395.39215
0.00028,3.46e-05,1e-05,0.8,0.5410532,395.5602
0.00028,3.46e-05,1e-05,0.9,0.54096913,395.65268
0.00028,3.46e-05,1e-05,1.0,0.5409231,395.7036
0.00028,3.46e-05,0.0,0.0,0.5593191,317.17862
0.00028,3.46e-05,0.0,0.1,0.55314445,390.75366
0.00028,3.46e-05,0.0,0.2,0.52575475,390.84543
0.00028,3.46e-05,0.0,0.3,0.51136404,390.80493
0.00028,3.46e-05,0.0,0.4,0.5422236,394.13278
0.00028,3.46e-05,0.0,0.5,0.54200804,394.4774
0.00028,3.46e-05,0.0,0.6,0.54148686,395.07947
0.00028,3.46e-05,0.0,0.7,0.54120576,395.39215
0.00028,3.46e-05,0.0,0.8,0.5410532,395.5602
0.00028,3.46e-05,0.0,0.9,0.54096913,395.65268
0.00028,3.46e-05,0.0,1.0,0.540923,395.7036
0.00029,1.73e-05,1e-05,0.0,0.5593216,317.18414
0.00029,1.73e-05,1e-05,0.1,0.55315423,390.74646
0.00029,1.73e-05,1e-05,0.2,0.5257534,390.8459
0.00029,1.73e-05,1e-05,0.3,0.51137054,390.81363
0.00029,1.73e-05,1e-05,0.4,0.5422238,394.1325
0.00029,1.73e-05,1e-05,0.5,0.5420079,394.47748
0.00029,1.73e-05,1e-05,0.6,0.54148686,395.0795
0.00029,1.73e-05,1e-05,0.7,0.54120564,395.39215
0.00029,1.73e-05,1e-05,0.8,0.5410532,395.56024
0.00029,1.73e-05,1e-05,0.9,0.54096913,395.65268
0.00029,1.73e-05,1e-05,1.0,0.5409231,395.70364
0.00029,1.73e-05,0.0,0.0,0.55932176,317.1847
0.00029,1.73e-05,0.0,0.1,0.5531542,390.74625
0.00029,1.73e-05,0.0,0.2,0.52575004,390.84875
0.00029,1.73e-05,0.0,0.3,0.5113628,390.81546
0.00029,1.73e-05,0.0,0.4,0.54222393,394.1327
0.00029,1.73e-05,0.0,0.5,0.5420078,394.4775
0.00029,1.73e-05,0.0,0.6,0.54148686,395.0795
0.00029,1.73e-05,0.0,0.7,0.54120564,395.39215
0.00029,1.73e-05,0.0,0.8,0.5410532,395.56024
0.00029,1.73e-05,0.0,0.9,0.54096913,395.65268
0.00029,1.73e-05,0.0,1.0,0.5409231,395.70364
0.0003,0.0,1e-05,0.0,0.5593239,317.1902
0.0003,0.0,1e-05,0.1,0.55316436,390.73892
0.0003,0.0,1e-05,0.2,0.5257486,390.84906
0.0003,0.0,1e-05,0.3,0.5113696,390.82388
0.0003,0.0,1e-05,0.4,0.5422244,394.1323
0.0003,0.0,1e-05,0.5,0.5420079,394.47754
0.0003,0.0,1e-05,0.6,0.54148704,395.0795
0.0003,0.0,1e-05,0.7,0.54120564,395.39215
0.0003,0.0,1e-05,0.8,0.541053,395.56024
0.0003,0.0,1e-05,0.9,0.54096913,395.65268
0.0003,0.0,1e-05,1.0,0.5409231,395.70364
0.0003,0.0,0.0,0.0,0.559324,317.19064
0.0003,0.0,0.0,0.1,0.5531645,390.7388
0.0003,0.0,0.0,0.2,0.52574515,390.852
0.0003,0.0,0.0,0.3,0.5113617,390.82584
0.0003,0.0,0.0,0.4,0.54222405,394.13248
0.0003,0.0,0.0,0.5,0.5420078,394.47757
0.0003,0.0,0.0,0.6,0.54148704,395.0795
0.0003,0.0,0.0,0.7,0.54120564,395.39215
0.0003,0.0,0.0,0.8,0.54105306,395.56024
0.0003,0.0,0.0,0.9,0.54096913,395.65268
0.0003,0.0,0.0,1.0,0.5409231,395.70364
0.00026,1e-04,0.0,0.0,0.5593094,317.15536
0.00026,1e-04,0.0,0.1,0.55309296,390.7912
0.00026,1e-04,0.0,0.2,0.5257751,390.83267
0.00026,1e-04,0.0,0.3,0.5113549,390.7606
0.00026,1e-04,0.0,0.4,0.542223,394.13385
0.00026,1e-04,0.0,0.5,0.54200816,394.47723
0.00026,1e-04,0.0,0.6,0.54148704,395.0793
0.00026,1e-04,0.0,0.7,0.54120576,395.3921
0.00026,1e-04,0.0,0.8,0.54105324,395.56018
0.00026,1e-04,0.0,0.9,0.5409691,395.65265
0.00026,1e-04,0.0,1.0,0.540923,395.7036
0.00026,1e-04,1e-05,0.0,0.55930907,317.15485
0.00026,1e-04,1e-05,0.1,0.553093,390.79117
0.00026,1e-04,1e-05,0.2,0.5257788,390.8298
0.00026,1e-04,1e-05,0.3,0.51136255,390.7587
0.00026,1e-04,1e-05,0.4,0.5422232,394.1337
0.00026,1e-04,1e-05,0.5,0.5420083,394.47726
0.00026,1e-04,1e-05,0.6,0.54148704,395.0793
0.00026,1e-04,1e-05,0.7,0.54120576,395.3921
0.00026,1e-04,1e-05,0.8,0.54105324,395.56018
0.00026,1e-04,1e-05,0.9,0.54096913,395.65265
0.00026,1e-04,1e-05,1.0,0.540923,395.7036
0.00027,8.27e-05,0.0,0.0,0.559312,317.16144
0.00027,8.27e-05,0.0,0.1,0.55310327,390.78375
0.00027,8.27e-05,0.0,0.2,0.52577007,390.83597
0.00027,8.27e-05,0.0,0.3,0.51135373,390.77097
0.00027,8.27e-05,0.0,0.4,0.5422232,394.1337
0.00027,8.27e-05,0.0,0.5,0.54200804,394.4773
0.00027,8.27e-05,0.0,0.6,0.54148686,395.07935
0.00027,8.27e-05,0.0,0.7,0.5412058,395.3921
0.00027,8.27e-05,0.0,0.8,0.5410533,395.56018
0.00027,8.27e-05,0.0,0.9,0.5409691,395.65265
0.00027,8.27e-05,0.0,1.0,0.5409231,395.7036
0.00027,8.27e-05,1e-05,0.0,0.5593116,317.1609
0.00027,8.27e-05,1e-05,0.1,0.5531033,390.78387
0.00027,8.27e-05,1e-05,0.2,0.52577335,390.83307
0.00027,8.27e-05,1e-05,0.3,0.5113618,390.76892
0.00027,8.27e-05,1e-05,0.4,0.5422232,394.13358
0.00027,8.27e-05,1e-05,0.5,0.5420081,394.4773
0.00027,8.27e-05,1e-05,0.6,0.541487,395.07935
0.00027,8.27e-05,1e-05,0.7,0.54120576,395.3921
0.00027,8.27e-05,1e-05,0.8,0.5410532,395.56018
0.00027,8.27e-05,1e-05,0.9,0.5409691,395.65265
0.00027,8.27e-05,1e-05,1.0,0.5409231,395.7036
0.00028,6.69e-05,1e-05,0.0,0.559314,317.16632
0.00028,6.69e-05,1e-05,0.1,0.5531118,390.77753
0.00028,6.69e-05,1e-05,0.2,0.525769,390.83615
0.00028,6.69e-05,1e-05,0.3,0.5113604,390.77805
0.00028,6.69e-05,1e-05,0.4,0.5422232,394.1335
0.00028,6.69e-05,1e-05,0.5,0.54200816,394.4774
0.00028,6.69e-05,1e-05,0.6,0.541487,395.07944
0.00028,6.69e-05,1e-05,0.7,0.54120564,395.39215
0.00028,6.69e-05,1e-05,0.8,0.54105306,395.5602
0.00028,6.69e-05,1e-05,0.9,0.540969,395.65268
0.00028,6.69e-05,1e-05,1.0,0.540923,395.7036
0.00028,6.69e-05,0.0,0.0,0.559314,317.1669
0.00028,6.69e-05,0.0,0.1,0.5531118,390.77744
0.00028,6.69e-05,0.0,0.2,0.5257658,390.83896
0.00028,6.69e-05,0.0,0.3,0.5113525,390.78006
0.00028,6.69e-05,0.0,0.4,0.5422231,394.1336
0.00028,6.69e-05,0.0,0.5,0.54200816,394.4774
0.00028,6.69e-05,0.0,0.6,0.54148686,395.0794
0.00028,6.69e-05,0.0,0.7,0.54120564,395.39215
0.00028,6.69e-05,0.0,0.8,0.54105306,395.5602
0.00028,6.69e-05,0.0,0.9,0.540969,395.65268
0.00028,6.69e-05,0.0,1.0,0.540923,395.70364
0.00029,5.1e-05,0.0,0.0,0.5593165,317.17227
0.00029,5.1e-05,0.0,0.1,0.5531202,390.77118
0.00029,5.1e-05,0.0,0.2,0.52576154,390.84195
0.00029,5.1e-05,0.0,0.3,0.51135075,390.7893
0.00029,5.1e-05,0.0,0.4,0.5422232,394.13348
0.00029,5.1e-05,0.0,0.5,0.54200804,394.47745
0.00029,5.1e-05,0.0,0.6,0.54148686,395.0795
0.00029,5.1e-05,0.0,0.7,0.54120576,395.39215
0.00029,5.1e-05,0.0,0.8,0.5410532,395.56024
0.00029,5.1e-05,0.0,0.9,0.54096913,395.65268
0.00029,5.1e-05,0.0,1.0,0.540923,395.70364
0.00029,5.1e-05,1e-05,0.0,0.5593161,317.17188
0.00029,5.1e-05,1e-05,0.1,0.5531205,390.77115
0.00029,5.1e-05,1e-05,0.2,0.5257648,390.8391
0.00029,5.1e-05,1e-05,0.3,0.51135856,390.78738
0.00029,5.1e-05,1e-05,0.4,0.54222333,394.1333
0.00029,5.1e-05,1e-05,0.5,0.5420079,394.47745
0.00029,5.1e-05,1e-05,0.6,0.5414869,395.0795
0.00029,5.1e-05,1e-05,0.7,0.54120576,395.39215
0.00029,5.1e-05,1e-05,0.8,0.54105306,395.56024
0.00029,5.1e-05,1e-05,0.9,0.5409691,395.65268
0.00029,5.1e-05,1e-05,1.0,0.540923,395.70364
0.0003,3.46e-05,1e-05,0.0,0.5593188,317.17755
0.0003,3.46e-05,1e-05,0.1,0.5531297,390.76453
0.0003,3.46e-05,1e-05,0.2,0.5257601,390.84222
0.0003,3.46e-05,1e-05,0.3,0.51135755,390.797
0.0003,3.46e-05,1e-05,0.4,0.54222345,394.13318
0.0003,3.46e-05,1e-05,0.5,0.5420077,394.47754
0.0003,3.46e-05,1e-05,0.6,0.54148716,395.0795
0.0003,3.46e-05,1e-05,0.7,0.54120564,395.39218
0.0003,3.46e-05,1e-05,0.8,0.5410529,395.56027
0.0003,3.46e-05,1e-05,0.9,0.5409692,395.65268
0.0003,3.46e-05,1e-05,1.0,0.540923,395.70367
0.0003,3.46e-05,0.0,0.0,0.5593189,317.17798
0.0003,3.46e-05,0.0,0.1,0.5531297,390.76443
0.0003,3.46e-05,0.0,0.2,0.52575696,390.84506
0.0003,3.46e-05,0.0,0.3,0.51134944,390.79895
0.0003,3.46e-05,0.0,0.4,0.5422232,394.1333
0.0003,3.46e-05,0.0,0.5,0.5420077,394.47754
0.0003,3.46e-05,0.0,0.6,0.54148716,395.0795
0.0003,3.46e-05,0.0,0.7,0.54120564,395.39218
0.0003,3.46e-05,0.0,0.8,0.54105294,395.56024
0.0003,3.46e-05,0.0,0.9,0.5409691,395.65268
0.0003,3.46e-05,0.0,1.0,0.5409231,395.70367
0.00031,1.73e-05,0.0,0.0,0.5593214,317.184
0.00031,1.73e-05,0.0,0.1,0.5531396,390.75708
0.00031,1.73e-05,0.0,0.2,0.52575195,390.8485
0.00031,1.73e-05,0.0,0.3,0.5113485,390.80927
0.00031,1.73e-05,0.0,0.4,0.54222333,394.13315
0.00031,1.73e-05,0.0,0.5,0.54200786,394.4776
0.00031,1.73e-05,0.0,0.6,0.5414869,395.07956
0.00031,1.73e-05,0.0,0.7,0.5412055,395.39218
0.00031,1.73e-05,0.0,0.8,0.54105294,395.56036
0.00031,1.73e-05,0.0,0.9,0.5409691,395.6527
0.00031,1.73e-05,0.0,1.0,0.5409231,395.7037
0.00031,1.73e-05,1e-05,0.0,0.5593213,317.18353
0.00031,1.73e-05,1e-05,0.1,0.5531398,390.75705
0.00031,1.73e-05,1e-05,0.2,0.52575505,390.84555
0.00031,1.73e-05,1e-05,0.3,0.5113561,390.80746
0.00031,1.73e-05,1e-05,0.4,0.54222333,394.1331
0.00031,1.73e-05,1e-05,0.5,0.54200786,394.4776
0.00031,1.73e-05,1e-05,0.6,0.5414869,395.07956
0.00031,1.73e-05,1e-05,0.7,0.54120564,395.39218
0.00031,1.73e-05,1e-05,0.8,0.541053,395.5603
0.00031,1.73e-05,1e-05,0.9,0.5409691,395.6527
0.00031,1.73e-05,1e-05,1.0,0.54092324,395.7037
0.00032,0.0,1e-05,0.0,0.5593237,317.18958
0.00032,0.0,1e-05,0.1,0.5531498,390.74966
0.00032,0.0,1e-05,0.2,0.5257503,390.84888
0.00032,0.0,1e-05,0.3,0.5113553,390.81787
0.00032,0.0,1e-05,0.4,0.5422234,394.13293
0.00032,0.0,1e-05,0.5,0.5420079,394.47772
0.00032,0.0,1e-05,0.6,0.54148686,395.0796
0.00032,0.0,1e-05,0.7,0.54120564,395.39224
0.00032,0.0,1e-05,0.8,0.541053,395.5604
0.00032,0.0,1e-05,0.9,0.5409691,395.6527
0.00032,0.0,1e-05,1.0,0.5409231,395.70374
0.00032,0.0,0.0,0.0,0.55932397,317.19006
0.00032,0.0,0.0,0.1,0.5531498,390.74957
0.00032,0.0,0.0,0.2,0.52574694,390.8517
0.00032,0.0,0.0,0.3,0.5113472,390.81967
0.00032,0.0,0.0,0.4,0.5422234,394.13303
0.00032,0.0,0.0,0.5,0.5420078,394.47772
0.00032,0.0,0.0,0.6,0.54148686,395.0796
0.00032,0.0,0.0,0.7,0.54120564,395.39224
0.00032,0.0,0.0,0.8,0.54105294,395.5604
0.00032,0.0,0.0,0.9,0.5409691,395.6527
0.00032,0.0,0.0,1.0,0.5409231,395.70374
0.00028,1e-04,0.0,0.0,0.55930907,317.15472
0.00028,1e-04,0.0,0.1,0.5530784,390.80188
0.00028,1e-04,0.0,0.2,0.52577704,390.83246
0.00028,1e-04,0.0,0.3,0.51134026,390.75488
0.00028,1e-04,0.0,0.4,0.54222244,394.13434
0.00028,1e-04,0.0,0.5,0.54200804,394.4773
0.00028,1e-04,0.0,0.6,0.54148686,395.07938
0.00028,1e-04,0.0,0.7,0.54120576,395.39215
0.00028,1e-04,0.0,0.8,0.5410532,395.56024
0.00028,1e-04,0.0,0.9,0.5409691,395.65268
0.00028,1e-04,0.0,1.0,0.540923,395.70364
0.00028,1e-04,1e-05,0.0,0.559309,317.15433
0.00028,1e-04,1e-05,0.1,0.5530784,390.80206
0.00028,1e-04,1e-05,0.2,0.5257803,390.82965
0.00028,1e-04,1e-05,0.3,0.51134783,390.75305
0.00028,1e-04,1e-05,0.4,0.5422228,394.13422
0.00028,1e-04,1e-05,0.5,0.5420081,394.4773
0.00028,1e-04,1e-05,0.6,0.54148686,395.07938
0.00028,1e-04,1e-05,0.7,0.54120576,395.39212
0.00028,1e-04,1e-05,0.8,0.5410532,395.56024
0.00028,1e-04,1e-05,0.9,0.5409691,395.65268
0.00028,1e-04,1e-05,1.0,0.540923,395.70364
0.00029,8.27e-05,0.0,0.0,0.5593117,317.1608
0.00029,8.27e-05,0.0,0.1,0.5530885,390.79456
0.00029,8.27e-05,0.0,0.2,0.525772,390.83585
0.00029,8.27e-05,0.0,0.3,0.51133925,390.76523
0.00029,8.27e-05,0.0,0.4,0.54222274,394.13428
0.00029,8.27e-05,0.0,0.5,0.54200804,394.4774
0.00029,8.27e-05,0.0,0.6,0.5414869,395.0795
0.00029,8.27e-05,0.0,0.7,0.54120576,395.39215
0.00029,8.27e-05,0.0,0.8,0.54105306,395.56024
0.00029,8.27e-05,0.0,0.9,0.54096913,395.65268
0.00029,8.27e-05,0.0,1.0,0.5409231,395.70364
0.00029,8.31e-05,5e-06,0.0,0.5593116,317.16037
0.00029,8.31e-05,5e-06,0.1,0.55308807,390.79483
0.00029,8.31e-05,5e-06,0.2,0.52577394,390.83423
0.00029,8.31e-05,5e-06,0.3,0.5113431,390.76385
0.00029,8.31e-05,5e-06,0.4,0.5422226,394.1342
0.00029,8.31e-05,5e-06,0.5,0.54200804,394.4774
0.00029,8.31e-05,5e-06,0.6,0.5414869,395.0795
0.00029,8.31e-05,5e-06,0.7,0.54120564,395.39215
0.00029,8.31e-05,5e-06,0.8,0.54105306,395.56024
0.00029,8.31e-05,5e-06,0.9,0.54096913,395.65268
0.00029,8.31e-05,5e-06,1.0,0.5409231,395.70364
0.00029,8.27e-05,1e-05,0.0,0.5593115,317.16028
0.00029,8.27e-05,1e-05,0.1,0.55308855,390.79456
0.00029,8.27e-05,1e-05,0.2,0.5257752,390.83292
0.00029,8.27e-05,1e-05,0.3,0.51134706,390.76315
0.00029,8.27e-05,1e-05,0.4,0.54222274,394.1341
0.00029,8.27e-05,1e-05,0.5,0.5420079,394.4774
0.00029,8.27e-05,1e-05,0.6,0.541487,395.0795
0.00029,8.27e-05,1e-05,0.7,0.54120564,395.39215
0.00029,8.27e-05,1e-05,0.8,0.54105306,395.56024
0.00029,8.27e-05,1e-05,0.9,0.54096913,395.65268
0.00029,8.27e-05,1e-05,1.0,0.5409231,395.70364
0.0003,6.69e-05,1e-05,0.0,0.55931365,317.1657
0.0003,6.69e-05,1e-05,0.1,0.553097,390.78827
0.0003,6.69e-05,1e-05,0.2,0.525771,390.83585
0.0003,6.69e-05,1e-05,0.3,0.5113455,390.77237
0.0003,6.69e-05,1e-05,0.4,0.54222274,394.134
0.0003,6.69e-05,1e-05,0.5,0.54200804,394.47748
0.0003,6.69e-05,1e-05,0.6,0.5414869,395.0795
0.0003,6.69e-05,1e-05,0.7,0.54120564,395.39218
0.0003,6.69e-05,1e-05,0.8,0.541053,395.5603
0.0003,6.69e-05,1e-05,0.9,0.540969,395.65268
0.0003,6.69e-05,1e-05,1.0,0.5409231,395.70367
0.0003,6.69e-05,0.0,0.0,0.559314,317.16623
0.0003,6.69e-05,0.0,0.1,0.5530969,390.78818
0.0003,6.69e-05,0.0,0.2,0.5257678,390.8387
0.0003,6.69e-05,0.0,0.3,0.5113375,390.77426
0.0003,6.69e-05,0.0,0.4,0.5422227,394.13416
0.0003,6.69e-05,0.0,0.5,0.54200804,394.47748
0.0003,6.69e-05,0.0,0.6,0.54148704,395.0795
0.0003,6.69e-05,0.0,0.7,0.54120564,395.39218
0.0003,6.69e-05,0.0,0.8,0.541053,395.5603
0.0003,6.69e-05,0.0,0.9,0.540969,395.65268
0.0003,6.69e-05,0.0,1.0,0.5409231,395.70367
0.00031,5.1e-05,0.0,0.0,0.5593162,317.17175
0.00031,5.1e-05,0.0,0.1,0.55310595,390.7818
0.00031,5.1e-05,0.0,0.2,0.5257635,390.84167
0.00031,5.1e-05,0.0,0.3,0.5113363,390.78333
0.00031,5.1e-05,0.0,0.4,0.54222274,394.13403
0.00031,5.1e-05,0.0,0.5,0.54200786,394.47757
0.00031,5.1e-05,0.0,0.6,0.54148704,395.07953
0.00031,5.1e-05,0.0,0.7,0.54120564,395.39218
0.00031,5.1e-05,0.0,0.8,0.541053,395.56036
0.00031,5.1e-05,0.0,0.9,0.5409691,395.6527
0.00031,5.1e-05,0.0,1.0,0.5409231,395.7037
0.00031,5.1e-05,1e-05,0.0,0.55931604,317.17114
0.00031,5.1e-05,1e-05,0.1,0.55310595,390.78195
0.00031,5.1e-05,1e-05,0.2,0.5257665,390.83896
0.00031,5.1e-05,1e-05,0.3,0.51134396,390.78143
0.00031,5.1e-05,1e-05,0.4,0.54222286,394.13394
0.00031,5.1e-05,1e-05,0.5,0.5420079,394.47754
0.00031,5.1e-05,1e-05,0.6,0.54148704,395.07953
0.00031,5.1e-05,1e-05,0.7,0.54120564,395.39218
0.00031,5.1e-05,1e-05,0.8,0.541053,395.56036
0.00031,5.1e-05,1e-05,0.9,0.5409691,395.6527
0.00031,5.1e-05,1e-05,1.0,0.5409231,395.7037
0.00032,3.46e-05,1e-05,0.0,0.5593186,317.17694
0.00032,3.46e-05,1e-05,0.1,0.553115,390.7753
0.00032,3.46e-05,1e-05,0.2,0.525762,390.84207
0.00032,3.46e-05,1e-05,0.3,0.51134276,390.791
0.00032,3.46e-05,1e-05,0.4,0.542223,394.13385
0.00032,3.46e-05,1e-05,0.5,0.5420079,394.47763
0.00032,3.46e-05,1e-05,0.6,0.5414868,395.07956
0.00032,3.46e-05,1e-05,0.7,0.5412055,395.39227
0.00032,3.46e-05,1e-05,0.8,0.541053,395.5604
0.00032,3.46e-05,1e-05,0.9,0.5409691,395.6527
0.00032,3.46e-05,1e-05,1.0,0.5409231,395.70374
0.00032,3.46e-05,0.0,0.0,0.55931866,317.17743
0.00032,3.46e-05,0.0,0.1,0.553115,390.77524
0.00032,3.46e-05,0.0,0.2,0.52575874,390.84482
0.00032,3.46e-05,0.0,0.3,0.5113349,390.79297
0.00032,3.46e-05,0.0,0.4,0.54222274,394.1339
0.00032,3.46e-05,0.0,0.5,0.54200786,394.47763
0.00032,3.46e-05,0.0,0.6,0.5414868,395.07956
0.00032,3.46e-05,0.0,0.7,0.5412055,395.39227
0.00032,3.46e-05,0.0,0.8,0.54105294,395.5604
0.00032,3.46e-05,0.0,0.9,0.5409691,395.6527
0.00032,3.46e-05,0.0,1.0,0.540923,395.70374
0.00033,1.73e-05,1e-05,0.0,0.55932105,317.1829
0.00033,1.73e-05,1e-05,0.1,0.55312514,390.7678
0.00033,1.73e-05,1e-05,0.2,0.5257571,390.84528
0.00033,1.73e-05,1e-05,0.3,0.5113417,390.80136
0.00033,1.73e-05,1e-05,0.4,0.542223,394.1337
0.00033,1.73e-05,1e-05,0.5,0.5420078,394.47775
0.00033,1.73e-05,1e-05,0.6,0.54148674,395.0796
0.00033,1.73e-05,1e-05,0.7,0.5412055,395.39233
0.00033,1.73e-05,1e-05,0.8,0.5410529,395.5604
0.00033,1.73e-05,1e-05,0.9,0.54096895,395.6527
0.00033,1.73e-05,1e-05,1.0,0.5409231,395.70377
0.00033,1.73e-05,0.0,0.0,0.55932117,317.1834
0.00033,1.73e-05,0.0,0.1,0.55312514,390.76773
0.00033,1.73e-05,0.0,0.2,0.5257538,390.84808
0.00033,1.73e-05,0.0,0.3,0.5113339,390.8033
0.00033,1.73e-05,0.0,0.4,0.54222286,394.1338
0.00033,1.73e-05,0.0,0.5,0.5420078,394.47775
0.00033,1.73e-05,0.0,0.6,0.54148674,395.0796
0.00033,1.73e-05,0.0,0.7,0.5412055,395.39233
0.00033,1.73e-05,0.0,0.8,0.5410529,395.5604
0.00033,1.73e-05,0.0,0.9,0.54096895,395.6527
0.00033,1.73e-05,0.0,1.0,0.5409231,395.70377
0.00034,0.0,1e-05,0.0,0.5593233,317.18903
0.00034,0.0,1e-05,0.1,0.5531353,390.7605
0.00034,0.0,1e-05,0.2,0.5257522,390.84854
0.00034,0.0,1e-05,0.3,0.51134074,390.81177
0.00034,0.0,1e-05,0.4,0.5422231,394.13358
0.00034,0.0,1e-05,0.5,0.5420078,394.4778
0.00034,0.0,1e-05,0.6,0.5414866,395.07962
0.00034,0.0,1e-05,0.7,0.5412055,395.3924
0.00034,0.0,1e-05,0.8,0.5410528,395.5604
0.00034,0.0,1e-05,0.9,0.540969,395.65274
0.00034,0.0,1e-05,1.0,0.540923,395.70377
0.00034,0.0,0.0,0.0,0.55932367,317.1894
0.00034,0.0,0.0,0.1,0.5531354,390.76038
0.00034,0.0,0.0,0.2,0.5257491,390.85138
0.00034,0.0,0.0,0.3,0.51133287,390.8136
0.00034,0.0,0.0,0.4,0.542223,394.1337
0.00034,0.0,0.0,0.5,0.5420078,394.4778
0.00034,0.0,0.0,0.6,0.5414866,395.07962
0.00034,0.0,0.0,0.7,0.5412055,395.3924
0.00034,0.0,0.0,0.8,0.5410528,395.5604
0.00034,0.0,0.0,0.9,0.540969,395.65274
0.00034,0.0,0.0,1.0,0.540923,395.70377
0.0003,1e-04,0.0,0.0,0.55930895,317.1542
0.0003,1e-04,0.0,0.1,0.55306387,390.8128
0.0003,1e-04,0.0,0.2,0.5257788,390.83237
0.0003,1e-04,0.0,0.3,0.51132536,390.74936
0.0003,1e-04,0.0,0.4,0.5422219,394.13483
0.0003,1e-04,0.0,0.5,0.54200804,394.47742
0.0003,1e-04,0.0,0.6,0.5414869,395.0795
0.0003,1e-04,0.0,0.7,0.54120576,395.39215
0.0003,1e-04,0.0,0.8,0.541053,395.5603
0.0003,1e-04,0.0,0.9,0.540969,395.65268
0.0003,1e-04,0.0,1.0,0.5409231,395.7037
0.0003,1e-04,1e-05,0.0,0.5593089,317.1537
0.0003,1e-04,1e-05,0.1,0.5530638,390.8129
0.0003,1e-04,1e-05,0.2,0.52578247,390.82944
0.0003,1e-04,1e-05,0.3,0.5113332,390.7473
0.0003,1e-04,1e-05,0.4,0.5422222,394.13477
0.0003,1e-04,1e-05,0.5,0.5420079,394.4774
0.0003,1e-04,1e-05,0.6,0.5414869,395.0795
0.0003,1e-04,1e-05,0.7,0.54120564,395.39215
0.0003,1e-04,1e-05,0.8,0.54105306,395.5603
0.0003,1e-04,1e-05,0.9,0.54096913,395.65268
0.0003,1e-04,1e-05,1.0,0.5409231,395.7037
0.00031,8.27e-05,0.0,0.0,0.5593115,317.1601
0.00031,8.27e-05,0.0,0.1,0.55307394,390.80533
0.00031,8.27e-05,0.0,0.2,0.5257739,390.83563
0.00031,8.27e-05,0.0,0.3,0.5113245,390.75943
0.00031,8.27e-05,0.0,0.4,0.5422221,394.13477
0.00031,8.27e-05,0.0,0.5,0.5420079,394.47748
0.00031,8.27e-05,0.0,0.6,0.54148704,395.07953
0.00031,8.27e-05,0.0,0.7,0.54120564,395.39218
0.00031,8.27e-05,0.0,0.8,0.54105306,395.56036
0.00031,8.27e-05,0.0,0.9,0.540969,395.6527
0.00031,8.27e-05,0.0,1.0,0.5409231,395.70374
0.00031,8.27e-05,1e-05,0.0,0.5593115,317.1597
0.00031,8.27e-05,1e-05,0.1,0.55307394,390.8054
0.00031,8.27e-05,1e-05,0.2,0.5257771,390.8327
0.00031,8.27e-05,1e-05,0.3,0.51133215,390.75742
0.00031,8.27e-05,1e-05,0.4,0.5422221,394.13467
0.00031,8.27e-05,1e-05,0.5,0.5420079,394.47748
0.00031,8.27e-05,1e-05,0.6,0.54148704,395.07953
0.00031,8.27e-05,1e-05,0.7,0.54120564,395.39218
0.00031,8.27e-05,1e-05,0.8,0.541053,395.56036
0.00031,8.27e-05,1e-05,0.9,0.5409691,395.6527
0.00031,8.27e-05,1e-05,1.0,0.5409231,395.70374
0.00032,6.69e-05,1e-05,0.0,0.55931354,317.1651
0.00032,6.69e-05,1e-05,0.1,0.55308247,390.79913
0.00032,6.69e-05,1e-05,0.2,0.52577275,390.83572
0.00032,6.69e-05,1e-05,0.3,0.5113307,390.7666
0.00032,6.69e-05,1e-05,0.4,0.5422223,394.13446
0.00032,6.69e-05,1e-05,0.5,0.54200786,394.47757
0.00032,6.69e-05,1e-05,0.6,0.5414869,395.07956
0.00032,6.69e-05,1e-05,0.7,0.54120564,395.39227
0.00032,6.69e-05,1e-05,0.8,0.541053,395.5604
0.00032,6.69e-05,1e-05,0.9,0.54096895,395.6527
0.00032,6.69e-05,1e-05,1.0,0.540923,395.70374
0.00032,6.69e-05,0.0,0.0,0.5593139,317.1656
0.00032,6.69e-05,0.0,0.1,0.55308247,390.799
0.00032,6.69e-05,0.0,0.2,0.5257696,390.83844
0.00032,6.69e-05,0.0,0.3,0.51132274,390.76852
0.00032,6.69e-05,0.0,0.4,0.5422221,394.13467
0.00032,6.69e-05,0.0,0.5,0.5420079,394.47757
0.00032,6.69e-05,0.0,0.6,0.5414869,395.07956
0.00032,6.69e-05,0.0,0.7,0.54120564,395.39227
0.00032,6.69e-05,0.0,0.8,0.541053,395.5604
0.00032,6.69e-05,0.0,0.9,0.54096895,395.6527
0.00032,6.69e-05,0.0,1.0,0.540923,395.70374
0.00033,5.1e-05,0.0,0.0,0.55931604,317.17102
0.00033,5.1e-05,0.0,0.1,0.5530913,390.7928
0.00033,5.1e-05,0.0,0.2,0.5257652,390.8415
0.00033,5.1e-05,0.0,0.3,0.51132166,390.7777
0.00033,5.1e-05,0.0,0.4,0.5422224,394.13452
0.00033,5.1e-05,0.0,0.5,0.54200786,394.47766
0.00033,5.1e-05,0.0,0.6,0.54148674,395.0796
0.00033,5.1e-05,0.0,0.7,0.5412055,395.39233
0.00033,5.1e-05,0.0,0.8,0.54105294,395.5604
0.00033,5.1e-05,0.0,0.9,0.54096895,395.65274
0.00033,5.1e-05,0.0,1.0,0.54092306,395.70377
0.00033,5.1e-05,1e-05,0.0,0.55931586,317.1705
0.00033,5.1e-05,1e-05,0.1,0.5530913,390.7928
0.00033,5.1e-05,1e-05,0.2,0.5257684,390.83865
0.00033,5.1e-05,1e-05,0.3,0.5113293,390.77563
0.00033,5.1e-05,1e-05,0.4,0.5422224,394.13443
0.00033,5.1e-05,1e-05,0.5,0.54200786,394.47766
0.00033,5.1e-05,1e-05,0.6,0.54148674,395.0796
0.00033,5.1e-05,1e-05,0.7,0.5412055,395.39233
0.00033,5.1e-05,1e-05,0.8,0.54105294,395.5604
0.00033,5.1e-05,1e-05,0.9,0.5409689,395.65274
0.00033,5.1e-05,1e-05,1.0,0.54092306,395.70377
0.00034,3.46e-05,1e-05,0.0,0.55931824,317.1762
0.00034,3.46e-05,1e-05,0.1,0.5531003,390.78604
0.00034,3.46e-05,1e-05,0.2,0.525764,390.84177
0.00034,3.46e-05,1e-05,0.3,0.511328,390.78525
0.00034,3.46e-05,1e-05,0.4,0.5422225,394.13437
0.00034,3.46e-05,1e-05,0.5,0.5420077,394.47775
0.00034,3.46e-05,1e-05,0.6,0.54148674,395.07962
0.00034,3.46e-05,1e-05,0.7,0.5412055,395.3924
0.00034,3.46e-05,1e-05,0.8,0.5410529,395.5604
0.00034,3.46e-05,1e-05,0.9,0.5409691,395.65274
0.00034,3.46e-05,1e-05,1.0,0.540923,395.7038
0.00034,3.46e-05,0.0,0.0,0.55931854,317.1768
0.00034,3.46e-05,0.0,0.1,0.5531002,390.78598
0.00034,3.46e-05,0.0,0.2,0.52576065,390.84457
0.00034,3.46e-05,0.0,0.3,0.51132023,390.78717
0.00034,3.46e-05,0.0,0.4,0.5422223,394.13443
0.00034,3.46e-05,0.0,0.5,0.5420077,394.47775
0.00034,3.46e-05,0.0,0.6,0.5414866,395.07962
0.00034,3.46e-05,0.0,0.7,0.54120547,395.3924
0.00034,3.46e-05,0.0,0.8,0.5410528,395.5604
0.00034,3.46e-05,0.0,0.9,0.540969,395.65277
0.00034,3.46e-05,0.0,1.0,0.540923,395.7038
0.00035,1.73e-05,1e-05,0.0,0.55932087,317.1823
0.00035,1.73e-05,1e-05,0.1,0.5531106,390.77856
0.00035,1.73e-05,1e-05,0.2,0.5257591,390.845
0.00035,1.73e-05,1e-05,0.3,0.511327,390.79544
0.00035,1.73e-05,1e-05,0.4,0.54222244,394.13422
0.00035,1.73e-05,1e-05,0.5,0.5420078,394.4778
0.00035,1.73e-05,1e-05,0.6,0.5414866,395.07968
0.00035,1.73e-05,1e-05,0.7,0.5412055,395.3924
0.00035,1.73e-05,1e-05,0.8,0.5410528,395.5604
0.00035,1.73e-05,1e-05,0.9,0.5409688,395.65277
0.00035,1.73e-05,1e-05,1.0,0.540923,395.7038
0.00035,1.73e-05,0.0,0.0,0.5593212,317.1828
0.00035,1.73e-05,0.0,0.1,0.55311054,390.7786
0.00035,1.73e-05,0.0,0.2,0.52575576,390.84787
0.00035,1.73e-05,0.0,0.3,0.51131916,390.7975
0.00035,1.73e-05,0.0,0.4,0.5422224,394.13434
0.00035,1.73e-05,0.0,0.5,0.5420078,394.4778
0.00035,1.73e-05,0.0,0.6,0.5414865,395.07968
0.00035,1.73e-05,0.0,0.7,0.54120547,395.39243
0.00035,1.73e-05,0.0,0.8,0.5410528,395.5604
0.00035,1.73e-05,0.0,0.9,0.5409688,395.6528
0.00035,1.73e-05,0.0,1.0,0.540923,395.7038
0.00036,0.0,1e-05,0.0,0.55932343,317.1883
0.00036,0.0,1e-05,0.1,0.55312055,390.77112
0.00036,0.0,1e-05,0.2,0.5257542,390.84836
0.00036,0.0,1e-05,0.3,0.5113261,390.80585
0.00036,0.0,1e-05,0.4,0.5422225,394.13416
0.00036,0.0,1e-05,0.5,0.5420076,394.47787
0.00036,0.0,1e-05,0.6,0.5414866,395.0798
0.00036,0.0,1e-05,0.7,0.5412056,395.39246
0.00036,0.0,1e-05,0.8,0.54105306,395.56046
0.00036,0.0,1e-05,0.9,0.54096884,395.65283
0.00036,0.0,1e-05,1.0,0.5409229,395.70383
0.00036,0.0,0.0,0.0,0.55932355,317.18887
0.00036,0.0,0.0,0.1,0.5531206,390.7711
0.00036,0.0,0.0,0.2,0.5257509,390.85117
0.00036,0.0,0.0,0.3,0.5113182,390.80777
0.00036,0.0,0.0,0.4,0.5422226,394.13422
0.00036,0.0,0.0,0.5,0.5420076,394.47787
0.00036,0.0,0.0,0.6,0.5414866,395.0798
0.00036,0.0,0.0,0.7,0.5412056,395.39246
0.00036,0.0,0.0,0.8,0.54105306,395.56046
0.00036,0.0,0.0,0.9,0.5409688,395.65283
0.00036,0.0,0.0,1.0,0.5409229,395.70383
0.00032,1e-04,0.0,0.0,0.55930877,317.15353
0.00032,1e-04,0.0,0.1,0.5530491,390.82364
0.00032,1e-04,0.0,0.2,0.52578044,390.83224
0.00032,1e-04,0.0,0.3,0.5113103,390.7438
0.00032,1e-04,0.0,0.4,0.5422214,394.1354
0.00032,1e-04,0.0,0.5,0.5420077,394.47754
0.00032,1e-04,0.0,0.6,0.5414868,395.07956
0.00032,1e-04,0.0,0.7,0.54120576,395.39224
0.00032,1e-04,0.0,0.8,0.54105294,395.5604
0.00032,1e-04,0.0,0.9,0.540969,395.6527
0.00032,1e-04,0.0,1.0,0.54092306,395.70377
0.00032,9.31e-05,5e-06,0.0,0.5593096,317.1558
0.00032,9.31e-05,5e-06,0.1,0.55305606,390.81854
0.00032,9.31e-05,5e-06,0.2,0.5257801,390.83206
0.00032,9.31e-05,5e-06,0.3,0.5113169,390.748
0.00032,9.31e-05,5e-06,0.4,0.54222167,394.13535
0.00032,9.31e-05,5e-06,0.5,0.5420078,394.47754
0.00032,9.31e-05,5e-06,0.6,0.5414868,395.07956
0.00032,9.31e-05,5e-06,0.7,0.5412055,395.39227
0.00032,9.31e-05,5e-06,0.8,0.541053,395.5604
0.00032,9.31e-05,5e-06,0.9,0.540969,395.6527
0.00032,9.31e-05,5e-06,1.0,0.5409231,395.70377
0.00032,1e-04,1e-05,0.0,0.55930847,317.15298
0.00032,1e-04,1e-05,0.1,0.55304897,390.82376
0.00032,1e-04,1e-05,0.2,0.52578425,390.82916
0.00032,1e-04,1e-05,0.3,0.5113184,390.7419
0.00032,1e-04,1e-05,0.4,0.5422215,394.13538
0.00032,1e-04,1e-05,0.5,0.5420077,394.47754
0.00032,1e-04,1e-05,0.6,0.5414868,395.07956
0.00032,1e-04,1e-05,0.7,0.54120576,395.39224
0.00032,1e-04,1e-05,0.8,0.541053,395.5604
0.00032,1e-04,1e-05,0.9,0.540969,395.6527
0.00032,1e-04,1e-05,1.0,0.54092306,395.70377
0.00033,8.27e-05,1e-05,0.0,0.55931103,317.15906
0.00033,8.27e-05,1e-05,0.1,0.5530589,390.81622
0.00033,8.27e-05,1e-05,0.2,0.5257791,390.83258
0.00033,8.27e-05,1e-05,0.3,0.5113173,390.75192
0.00033,8.27e-05,1e-05,0.4,0.54222167,394.13528
0.00033,8.27e-05,1e-05,0.5,0.54200786,394.47763
0.00033,8.27e-05,1e-05,0.6,0.5414868,395.0796
0.00033,8.27e-05,1e-05,0.7,0.5412055,395.39233
0.00033,8.27e-05,1e-05,0.8,0.54105294,395.5604
0.00033,8.27e-05,1e-05,0.9,0.540969,395.65274
0.00033,8.27e-05,1e-05,1.0,0.54092294,395.70377
0.00033,8.27e-05,0.0,0.0,0.5593112,317.15958
0.00033,8.27e-05,0.0,0.1,0.55305886,390.8163
0.00033,8.27e-05,0.0,0.2,0.5257757,390.8354
0.00033,8.27e-05,0.0,0.3,0.5113094,390.75388
0.00033,8.27e-05,0.0,0.4,0.5422214,394.13538
0.00033,8.27e-05,0.0,0.5,0.54200786,394.47763
0.00033,8.27e-05,0.0,0.6,0.5414868,395.0796
0.00033,8.27e-05,0.0,0.7,0.5412055,395.39233
0.00033,8.27e-05,0.0,0.8,0.5410529,395.5604
0.00033,8.27e-05,0.0,0.9,0.540969,395.65274
0.00033,8.27e-05,0.0,1.0,0.54092294,395.7038
0.00034,1e-04,0.0,0.0,0.5593085,317.1529
0.00034,1e-04,0.0,0.1,0.55303425,390.83447
0.00034,1e-04,0.0,0.2,0.52578235,390.83197
0.00034,1e-04,0.0,0.3,0.51129544,390.73843
0.00034,1e-04,0.0,0.4,0.54222107,394.13605
0.00034,1e-04,0.0,0.5,0.5420079,394.47766
0.00034,1e-04,0.0,0.6,0.54148674,395.0796
0.00034,1e-04,0.0,0.7,0.5412055,395.3924
0.00034,1e-04,0.0,0.8,0.5410529,395.5604
0.00034,1e-04,0.0,0.9,0.5409689,395.65277
0.00034,1e-04,0.0,1.0,0.5409229,395.7038
0.00034,6.69e-05,1e-05,0.0,0.5593135,317.16455
0.00034,6.69e-05,1e-05,0.1,0.55306774,390.80994
0.00034,6.69e-05,1e-05,0.2,0.5257746,390.83542
0.00034,6.69e-05,1e-05,0.3,0.51131594,390.76096
0.00034,6.69e-05,1e-05,0.4,0.5422217,394.13513
0.00034,6.69e-05,1e-05,0.5,0.5420078,394.47772
0.00034,6.69e-05,1e-05,0.6,0.54148674,395.07962
0.00034,6.69e-05,1e-05,0.7,0.5412055,395.3924
0.00034,6.69e-05,1e-05,0.8,0.5410529,395.5604
0.00034,6.69e-05,1e-05,0.9,0.54096895,395.65277
0.00034,6.69e-05,1e-05,1.0,0.540923,395.7038
0.00034,6.69e-05,0.0,0.0,0.55931354,317.16498
0.00034,6.69e-05,0.0,0.1,0.553068,390.8098
0.00034,6.69e-05,0.0,0.2,0.5257714,390.83844
0.00034,6.69e-05,0.0,0.3,0.51130795,390.763
0.00034,6.69e-05,0.0,0.4,0.54222155,394.13528
0.00034,6.69e-05,0.0,0.5,0.5420078,394.47772
0.00034,6.69e-05,0.0,0.6,0.54148674,395.07962
0.00034,6.69e-05,0.0,0.7,0.5412056,395.3924
0.00034,6.69e-05,0.0,0.8,0.5410529,395.5604
0.00034,6.69e-05,0.0,0.9,0.54096895,395.65277
0.00034,6.69e-05,0.0,1.0,0.54092294,395.7038
0.00035,5.1e-05,0.0,0.0,0.5593159,317.17035
0.00035,5.1e-05,0.0,0.1,0.5530765,390.8034
0.00035,5.1e-05,0.0,0.2,0.5257671,390.84137
0.00035,5.1e-05,0.0,0.3,0.5113064,390.772
0.00035,5.1e-05,0.0,0.4,0.5422217,394.1351
0.00035,5.1e-05,0.0,0.5,0.54200757,394.47778
0.00035,5.1e-05,0.0,0.6,0.54148674,395.07965
0.00035,5.1e-05,0.0,0.7,0.54120547,395.3924
0.00035,5.1e-05,0.0,0.8,0.54105306,395.56042
0.00035,5.1e-05,0.0,0.9,0.5409689,395.65283
0.00035,5.1e-05,0.0,1.0,0.54092294,395.7038
0.00035,5.1e-05,1e-05,0.0,0.5593157,317.16995
0.00035,5.1e-05,1e-05,0.1,0.5530765,390.8035
0.00035,5.1e-05,1e-05,0.2,0.5257703,390.8386
0.00035,5.1e-05,1e-05,0.3,0.51131463,390.77
0.00035,5.1e-05,1e-05,0.4,0.54222167,394.135
0.00035,5.1e-05,1e-05,0.5,0.54200757,394.47778
0.00035,5.1e-05,1e-05,0.6,0.54148674,395.07965
0.00035,5.1e-05,1e-05,0.7,0.5412054,395.39243
0.00035,5.1e-05,1e-05,0.8,0.54105306,395.56042
0.00035,5.1e-05,1e-05,0.9,0.5409689,395.6528
0.00035,5.1e-05,1e-05,1.0,0.5409229,395.70383
0.00036,3.44e-05,5e-06,0.0,0.5593183,317.17593
0.00036,3.44e-05,5e-06,0.1,0.55308604,390.7967
0.00036,3.44e-05,5e-06,0.2,0.5257641,390.84308
0.00036,3.44e-05,5e-06,0.3,0.51130944,390.78073
0.00036,3.44e-05,5e-06,0.4,0.54222184,394.13492
0.00036,3.44e-05,5e-06,0.5,0.5420077,394.47784
0.00036,3.44e-05,5e-06,0.6,0.5414866,395.07974
0.00036,3.44e-05,5e-06,0.7,0.5412055,395.39246
0.00036,3.44e-05,5e-06,0.8,0.54105306,395.5605
0.00036,3.44e-05,5e-06,0.9,0.5409688,395.65283
0.00036,3.44e-05,5e-06,1.0,0.5409228,395.70383
0.00036,3.46e-05,1e-05,0.0,0.5593179,317.17566
0.00036,3.46e-05,1e-05,0.1,0.55308586,390.79675
0.00036,3.46e-05,1e-05,0.2,0.5257658,390.84146
0.00036,3.46e-05,1e-05,0.3,0.51131326,390.77957
0.00036,3.46e-05,1e-05,0.4,0.5422219,394.13486
0.00036,3.46e-05,1e-05,0.5,0.5420077,394.47784
0.00036,3.46e-05,1e-05,0.6,0.5414865,395.07974
0.00036,3.46e-05,1e-05,0.7,0.5412055,395.39243
0.00036,3.46e-05,1e-05,0.8,0.54105306,395.5605
0.00036,3.46e-05,1e-05,0.9,0.5409688,395.65283
0.00036,3.46e-05,1e-05,1.0,0.5409228,395.70383
0.00036,3.46e-05,0.0,0.0,0.5593183,317.17612
0.00036,3.46e-05,0.0,0.1,0.5530859,390.7967
0.00036,3.46e-05,0.0,0.2,0.52576244,390.84445
0.00036,3.46e-05,0.0,0.3,0.51130545,390.78146
0.00036,3.46e-05,0.0,0.4,0.54222167,394.13498
0.00036,3.46e-05,0.0,0.5,0.5420077,394.47787
0.00036,3.46e-05,0.0,0.6,0.5414866,395.07974
0.00036,3.46e-05,0.0,0.7,0.5412055,395.39246
0.00036,3.46e-05,0.0,0.8,0.541053,395.5605
0.00036,3.46e-05,0.0,0.9,0.5409688,395.65283
0.00036,3.46e-05,0.0,1.0,0.5409228,395.70383
0.00037,1.73e-05,0.0,0.0,0.5593208,317.18225
0.00037,1.73e-05,0.0,0.1,0.5530958,390.78934
0.00037,1.73e-05,0.0,0.2,0.5257576,390.84766
0.00037,1.73e-05,0.0,0.3,0.5113042,390.79178
0.00037,1.73e-05,0.0,0.4,0.5422217,394.13486
0.00037,1.73e-05,0.0,0.5,0.5420076,394.47787
0.00037,1.73e-05,0.0,0.6,0.5414865,395.07986
0.00037,1.73e-05,0.0,0.7,0.5412054,395.3925
0.00037,1.73e-05,0.0,0.8,0.5410529,395.5605
0.00037,1.73e-05,0.0,0.9,0.5409689,395.65283
0.00037,1.73e-05,0.0,1.0,0.5409229,395.70383
0.00037,1.73e-05,1e-05,0.0,0.5593207,317.1816
0.00037,1.73e-05,1e-05,0.1,0.5530957,390.78943
0.00037,1.73e-05,1e-05,0.2,0.525761,390.84467
0.00037,1.73e-05,1e-05,0.3,0.5113125,390.78986
0.00037,1.73e-05,1e-05,0.4,0.54222184,394.13474
0.00037,1.73e-05,1e-05,0.5,0.5420076,394.47787
0.00037,1.73e-05,1e-05,0.6,0.5414866,395.07983
0.00037,1.73e-05,1e-05,0.7,0.5412054,395.3925
0.00037,1.73e-05,1e-05,0.8,0.5410529,395.5605
0.00037,1.73e-05,1e-05,0.9,0.54096884,395.65283
0.00037,1.73e-05,1e-05,1.0,0.5409229,395.70383
0.00037,1.04e-05,5e-06,0.0,0.5593217,317.18445
0.00037,1.04e-05,5e-06,0.1,0.55310297,390.78424
0.00037,1.04e-05,5e-06,0.2,0.52575696,390.84756
0.00037,1.04e-05,5e-06,0.3,0.5113107,390.79602
0.00037,1.04e-05,5e-06,0.4,0.5422221,394.13467
0.00037,1.04e-05,5e-06,0.5,0.5420076,394.4779
0.00037,1.04e-05,5e-06,0.6,0.54148656,395.07983
0.00037,1.04e-05,5e-06,0.7,0.5412054,395.3925
0.00037,1.04e-05,5e-06,0.8,0.5410529,395.5605
0.00037,1.04e-05,5e-06,0.9,0.5409689,395.65283
0.00037,1.04e-05,5e-06,1.0,0.5409229,395.70383
0.00038,0.0,1e-05,0.0,0.5593233,317.18762
0.00038,0.0,1e-05,0.1,0.55310595,390.782
0.00038,0.0,1e-05,0.2,0.5257561,390.8481
0.00038,0.0,1e-05,0.3,0.5113112,390.80005
0.00038,0.0,1e-05,0.4,0.54222214,394.13464
0.00038,0.0,1e-05,0.5,0.5420075,394.478
0.00038,0.0,1e-05,0.6,0.5414864,395.0799
0.00038,0.0,1e-05,0.7,0.5412055,395.39258
0.00038,0.0,1e-05,0.8,0.54105294,395.56052
0.00038,0.0,1e-05,0.9,0.5409688,395.65292
0.00038,0.0,1e-05,1.0,0.54092276,395.70383
0.00038,0.0,0.0,0.0,0.5593233,317.18817
0.00038,0.0,0.0,0.1,0.55310607,390.78192
0.00038,0.0,0.0,0.2,0.5257527,390.85092
0.00038,0.0,0.0,0.3,0.5113036,390.80188
0.00038,0.0,0.0,0.4,0.542222,394.1347
0.00038,0.0,0.0,0.5,0.5420075,394.478
0.00038,0.0,0.0,0.6,0.5414864,395.0799
0.00038,0.0,0.0,0.7,0.5412055,395.39258
0.00038,0.0,0.0,0.8,0.54105294,395.56052
0.00038,0.0,0.0,0.9,0.5409687,395.65292
0.00038,0.0,0.0,1.0,0.54092276,395.70383
0.00034,1e-04,1e-05,0.0,0.55930835,317.1524
0.00034,1e-04,1e-05,0.1,0.5530341,390.83453
0.00034,1e-04,1e-05,0.2,0.52578586,390.829
0.00034,1e-04,1e-05,0.3,0.51130366,390.73633
0.00034,1e-04,1e-05,0.4,0.5422211,394.1359
0.00034,1e-04,1e-05,0.5,0.5420079,394.47766
0.00034,1e-04,1e-05,0.6,0.54148674,395.0796
0.00034,1e-04,1e-05,0.7,0.5412055,395.3924
0.00034,1e-04,1e-05,0.8,0.5410528,395.5604
0.00034,1e-04,1e-05,0.9,0.5409688,395.6528
0.00034,1e-04,1e-05,1.0,0.5409229,395.7038
0.00035,8.27e-05,1e-05,0.0,0.5593109,317.15836
0.00035,8.27e-05,1e-05,0.1,0.5530444,390.82706
0.00035,8.27e-05,1e-05,0.2,0.5257808,390.8323
0.00035,8.27e-05,1e-05,0.3,0.51130265,390.7464
0.00035,8.27e-05,1e-05,0.4,0.54222107,394.13574
0.00035,8.27e-05,1e-05,0.5,0.5420077,394.47772
0.00035,8.27e-05,1e-05,0.6,0.5414866,395.07965
0.00035,8.27e-05,1e-05,0.7,0.54120547,395.3924
0.00035,8.27e-05,1e-05,0.8,0.5410531,395.56042
0.00035,8.27e-05,1e-05,0.9,0.5409689,395.65283
0.00035,8.27e-05,1e-05,1.0,0.5409229,395.70383
0.00035,8.27e-05,0.0,0.0,0.55931115,317.15894
0.00035,8.27e-05,0.0,0.1,0.55304444,390.8269
0.00035,8.27e-05,0.0,0.2,0.52577764,390.8352
0.00035,8.27e-05,0.0,0.3,0.51129454,390.74847
0.00035,8.27e-05,0.0,0.4,0.542221,394.13586
0.00035,8.27e-05,0.0,0.5,0.5420077,394.47772
0.00035,8.27e-05,0.0,0.6,0.5414866,395.07965
0.00035,8.27e-05,0.0,0.7,0.54120547,395.3924
0.00035,8.27e-05,0.0,0.8,0.54105306,395.56042
0.00035,8.27e-05,0.0,0.9,0.5409689,395.65283
0.00035,8.27e-05,0.0,1.0,0.5409229,395.70383
0.000355,7.48e-05,5e-06,0.0,0.55931205,317.16135
0.000355,7.48e-05,5e-06,0.1,0.55304873,390.82397
0.000355,7.48e-05,5e-06,0.2,0.52577704,390.83524
0.000355,7.48e-05,5e-06,0.3,0.5112978,390.75204
0.000355,7.48e-05,5e-06,0.4,0.54222095,394.13577
0.000355,7.48e-05,5e-06,0.5,0.5420077,394.47775
0.000355,7.48e-05,5e-06,0.6,0.5414866,395.07965
0.000355,7.48e-05,5e-06,0.7,0.54120547,395.39243
0.000355,7.48e-05,5e-06,0.8,0.541053,395.56046
0.000355,7.48e-05,5e-06,0.9,0.5409688,395.65283
0.000355,7.48e-05,5e-06,1.0,0.5409229,395.70383
0.00036,1e-04,0.0,0.0,0.5593083,317.15228
0.00036,1e-04,0.0,0.1,0.55301917,390.84543
0.00036,1e-04,0.0,0.2,0.52578413,390.83185
0.00036,1e-04,0.0,0.3,0.5112801,390.73315
0.00036,1e-04,0.0,0.4,0.5422205,394.1366
0.00036,1e-04,0.0,0.5,0.5420078,394.47775
0.00036,1e-04,0.0,0.6,0.5414866,395.07965
0.00036,1e-04,0.0,0.7,0.5412055,395.39246
0.00036,1e-04,0.0,0.8,0.54105294,395.5605
0.00036,1e-04,0.0,0.9,0.54096884,395.65283
0.00036,1e-04,0.0,1.0,0.5409227,395.70383
0.00036,6.69e-05,1e-05,0.0,0.5593131,317.16382
0.00036,6.69e-05,1e-05,0.1,0.5530529,390.8209
0.00036,6.69e-05,1e-05,0.2,0.52577645,390.83527
0.00036,6.69e-05,1e-05,0.3,0.51130104,390.7554
0.00036,6.69e-05,1e-05,0.4,0.5422212,394.13565
0.00036,6.69e-05,1e-05,0.5,0.5420077,394.4778
0.00036,6.69e-05,1e-05,0.6,0.5414866,395.0797
0.00036,6.69e-05,1e-05,0.7,0.5412055,395.39246
0.00036,6.69e-05,1e-05,0.8,0.54105294,395.5605
0.00036,6.69e-05,1e-05,0.9,0.54096884,395.65283
0.00036,6.69e-05,1e-05,1.0,0.54092276,395.70383
0.00036,6.69e-05,0.0,0.0,0.55931354,317.1644
0.00036,6.69e-05,0.0,0.1,0.553053,390.8209
0.00036,6.69e-05,0.0,0.2,0.5257733,390.83823
0.00036,6.69e-05,0.0,0.3,0.5112932,390.7574
0.00036,6.69e-05,0.0,0.4,0.54222107,394.1358
0.00036,6.69e-05,0.0,0.5,0.5420077,394.4778
0.00036,6.69e-05,0.0,0.6,0.5414866,395.0797
0.00036,6.69e-05,0.0,0.7,0.54120547,395.39246
0.00036,6.69e-05,0.0,0.8,0.54105294,395.5605
0.00036,6.69e-05,0.0,0.9,0.54096884,395.65283
0.00036,6.69e-05,0.0,1.0,0.54092276,395.70383
0.00037,5.1e-05,0.0,0.0,0.55931574,317.16986
0.00037,5.1e-05,0.0,0.1,0.5530617,390.81436
0.00037,5.1e-05,0.0,0.2,0.5257688,390.8412
0.00037,5.1e-05,0.0,0.3,0.5112916,390.76654
0.00037,5.1e-05,0.0,0.4,0.54222125,394.13562
0.00037,5.1e-05,0.0,0.5,0.5420076,394.47787
0.00037,5.1e-05,0.0,0.6,0.5414866,395.07983
0.00037,5.1e-05,0.0,0.7,0.5412054,395.39252
0.00037,5.1e-05,0.0,0.8,0.5410528,395.5605
0.00037,5.1e-05,0.0,0.9,0.5409687,395.65292
0.00037,5.1e-05,0.0,1.0,0.54092276,395.70383
0.00037,5.1e-05,1e-05,0.0,0.55931544,317.16934
0.00037,5.1e-05,1e-05,0.1,0.5530616,390.81445
0.00037,5.1e-05,1e-05,0.2,0.5257722,390.83823
0.00037,5.1e-05,1e-05,0.3,0.5112997,390.76453
0.00037,5.1e-05,1e-05,0.4,0.5422213,394.13553
0.00037,5.1e-05,1e-05,0.5,0.5420077,394.47787
0.00037,5.1e-05,1e-05,0.6,0.5414866,395.07983
0.00037,5.1e-05,1e-05,0.7,0.5412054,395.3925
0.00037,5.1e-05,1e-05,0.8,0.5410528,395.5605
0.00037,5.1e-05,1e-05,0.9,0.5409687,395.65286
0.00037,5.1e-05,1e-05,1.0,0.5409227,395.70383
0.00038,3.46e-05,1e-05,0.0,0.55931795,317.17508
0.00038,3.46e-05,1e-05,0.1,0.55307126,390.80768
0.00038,3.46e-05,1e-05,0.2,0.5257678,390.84134
0.00038,3.46e-05,1e-05,0.3,0.51129854,390.7739
0.00038,3.46e-05,1e-05,0.4,0.5422213,394.13547
0.00038,3.46e-05,1e-05,0.5,0.5420076,394.4779
0.00038,3.46e-05,1e-05,0.6,0.5414864,395.0799
0.00038,3.46e-05,1e-05,0.7,0.5412055,395.39258
0.00038,3.46e-05,1e-05,0.8,0.54105294,395.56052
0.00038,3.46e-05,1e-05,0.9,0.5409688,395.65292
0.00038,3.46e-05,1e-05,1.0,0.5409229,395.70383
0.00038,3.46e-05,0.0,0.0,0.5593182,317.17557
0.00038,3.46e-05,0.0,0.1,0.553071,390.80756
0.00038,3.46e-05,0.0,0.2,0.52576435,390.84433
0.00038,3.46e-05,0.0,0.3,0.51129055,390.77588
0.00038,3.46e-05,0.0,0.4,0.5422214,394.13553
0.00038,3.46e-05,0.0,0.5,0.54200757,394.4779
0.00038,3.46e-05,0.0,0.6,0.5414864,395.0799
0.00038,3.46e-05,0.0,0.7,0.5412055,395.39258
0.00038,3.46e-05,0.0,0.8,0.54105294,395.56052
0.00038,3.46e-05,0.0,0.9,0.5409688,395.65292
0.00038,3.46e-05,0.0,1.0,0.54092276,395.70383
0.00039,1.73e-05,0.0,0.0,0.55932057,317.1815
0.00039,1.73e-05,0.0,0.1,0.55308115,390.80005
0.00039,1.73e-05,0.0,0.2,0.52575934,390.8475
0.00039,1.73e-05,0.0,0.3,0.51128954,390.78622
0.00039,1.73e-05,0.0,0.4,0.54222125,394.13544
0.00039,1.73e-05,0.0,0.5,0.54200745,394.47803
0.00039,1.73e-05,0.0,0.6,0.54148644,395.07996
0.00039,1.73e-05,0.0,0.7,0.5412055,395.39258
0.00039,1.73e-05,0.0,0.8,0.54105306,395.56052
0.00039,1.73e-05,0.0,0.9,0.5409687,395.65295
0.00039,1.73e-05,0.0,1.0,0.5409229,395.70383
0.00039,1.73e-05,1e-05,0.0,0.55932045,317.181
0.00039,1.73e-05,1e-05,0.1,0.55308104,390.80017
0.00039,1.73e-05,1e-05,0.2,0.5257628,390.8446
0.00039,1.73e-05,1e-05,0.3,0.51129746,390.78415
0.00039,1.73e-05,1e-05,0.4,0.54222167,394.13535
0.00039,1.73e-05,1e-05,0.5,0.54200745,394.47803
0.00039,1.73e-05,1e-05,0.6,0.54148644,395.07996
0.00039,1.73e-05,1e-05,0.7,0.5412054,395.39258
0.00039,1.73e-05,1e-05,0.8,0.54105306,395.56052
0.00039,1.73e-05,1e-05,0.9,0.54096866,395.65295
0.00039,1.73e-05,1e-05,1.0,0.5409229,395.70383
0.0004,0.0,1e-05,0.0,0.5593231,317.18704
0.0004,0.0,1e-05,0.1,0.5530914,390.79285
0.0004,0.0,1e-05,0.2,0.52575785,390.848
0.0004,0.0,1e-05,0.3,0.51129675,390.79416
0.0004,0.0,1e-05,0.4,0.5422214,394.13516
0.0004,0.0,1e-05,0.5,0.5420072,394.4781
0.0004,0.0,1e-05,0.6,0.5414865,395.08
0.0004,0.0,1e-05,0.7,0.5412054,395.3926
0.0004,0.0,1e-05,0.8,0.54105294,395.56052
0.0004,0.0,1e-05,0.9,0.5409686,395.65298
0.0004,0.0,1e-05,1.0,0.5409229,395.70383
0.000405,8.66e-06,5e-06,0.0,0.55932176,317.18387
0.000405,8.66e-06,5e-06,0.1,0.5530789,390.8019
0.000405,8.66e-06,5e-06,0.2,0.5257597,390.84766
0.000405,8.66e-06,5e-06,0.3,0.51128566,390.78738
0.000405,8.66e-06,5e-06,0.4,0.5422214,394.13553
0.000405,8.66e-06,5e-06,0.5,0.5420072,394.4781
0.000405,8.66e-06,5e-06,0.6,0.5414865,395.08
0.000405,8.66e-06,5e-06,0.7,0.5412054,395.3926
0.000405,8.66e-06,5e-06,0.8,0.54105294,395.56055
0.000405,8.66e-06,5e-06,0.9,0.5409688,395.65298
0.000405,8.66e-06,5e-06,1.0,0.5409229,395.70386
0.0004,0.0,0.0,0.0,0.559323,317.1876
0.0004,0.0,0.0,0.1,0.55309165,390.79276
0.0004,0.0,0.0,0.2,0.52575445,390.85077
0.0004,0.0,0.0,0.3,0.51128876,390.7963
0.0004,0.0,0.0,0.4,0.54222155,394.1353
0.0004,0.0,0.0,0.5,0.5420072,394.4781
0.0004,0.0,0.0,0.6,0.5414865,395.08
0.0004,0.0,0.0,0.7,0.5412054,395.3926
0.0004,0.0,0.0,0.8,0.54105294,395.56052
0.0004,0.0,0.0,0.9,0.54096866,395.65298
0.0004,0.0,0.0,1.0,0.5409229,395.70383
0.00036,1e-04,1e-05,0.0,0.5593081,317.15176
0.00036,1e-04,1e-05,0.1,0.55301934,390.8454
0.00036,1e-04,1e-05,0.2,0.5257877,390.82886
0.00036,1e-04,1e-05,0.3,0.5112881,390.73126
0.00036,1e-04,1e-05,0.4,0.5422205,394.1365
0.00036,1e-04,1e-05,0.5,0.5420077,394.47775
0.00036,1e-04,1e-05,0.6,0.5414866,395.07965
0.00036,1e-04,1e-05,0.7,0.5412054,395.39243
0.00036,1e-04,1e-05,0.8,0.54105294,395.5605
0.00036,1e-04,1e-05,0.9,0.54096884,395.65283
0.00036,1e-04,1e-05,1.0,0.54092276,395.70383
0.00037,8.27e-05,0.0,0.0,0.55931103,317.15817
0.00037,8.27e-05,0.0,0.1,0.5530298,390.83795
0.00037,8.27e-05,0.0,0.2,0.5257795,390.835
0.00037,8.27e-05,0.0,0.3,0.5112794,390.74326
0.00037,8.27e-05,0.0,0.4,0.5422205,394.13647
0.00037,8.27e-05,0.0,0.5,0.5420078,394.4778
0.00037,8.27e-05,0.0,0.6,0.5414866,395.0798
0.00037,8.27e-05,0.0,0.7,0.5412054,395.3925
0.00037,8.27e-05,0.0,0.8,0.5410528,395.5605
0.00037,8.27e-05,0.0,0.9,0.5409688,395.65292
0.00037,8.27e-05,0.0,1.0,0.5409227,395.70383
0.00037,8.27e-05,1e-05,0.0,0.5593107,317.15778
0.00037,8.27e-05,1e-05,0.1,0.55302954,390.83804
0.00037,8.27e-05,1e-05,0.2,0.5257826,390.83212
0.00037,8.27e-05,1e-05,0.3,0.51128757,390.74088
0.00037,8.27e-05,1e-05,0.4,0.5422207,394.13635
0.00037,8.27e-05,1e-05,0.5,0.5420078,394.4778
0.00037,8.27e-05,1e-05,0.6,0.5414866,395.0798
0.00037,8.27e-05,1e-05,0.7,0.5412054,395.3925
0.00037,8.27e-05,1e-05,0.8,0.5410528,395.5605
0.00037,8.27e-05,1e-05,0.9,0.5409687,395.6529
0.00037,8.27e-05,1e-05,1.0,0.54092276,395.70383
0.00038,1e-04,0.0,0.0,0.55930793,317.15155
0.00038,1e-04,0.0,0.1,0.5530045,390.85638
0.00038,1e-04,0.0,0.2,0.52578604,390.83173
0.00038,1e-04,0.0,0.3,0.5112651,390.7279
0.00038,1e-04,0.0,0.4,0.54222006,394.13718
0.00038,1e-04,0.0,0.5,0.54200757,394.47787
0.00038,1e-04,0.0,0.6,0.5414865,395.07983
0.00038,1e-04,0.0,0.7,0.5412055,395.39258
0.00038,1e-04,0.0,0.8,0.54105306,395.56052
0.00038,1e-04,0.0,0.9,0.5409687,395.65295
0.00038,1e-04,0.0,1.0,0.5409229,395.70383
0.00038,6.69e-05,1e-05,0.0,0.5593128,317.16324
0.00038,6.69e-05,1e-05,0.1,0.55303836,390.83157
0.00038,6.69e-05,1e-05,0.2,0.5257783,390.835
0.00038,6.69e-05,1e-05,0.3,0.5112861,390.74994
0.00038,6.69e-05,1e-05,0.4,0.5422207,394.13623
0.00038,6.69e-05,1e-05,0.5,0.5420077,394.47787
0.00038,6.69e-05,1e-05,0.6,0.54148656,395.07986
0.00038,6.69e-05,1e-05,0.7,0.5412055,395.39258
0.00038,6.69e-05,1e-05,0.8,0.54105294,395.56052
0.00038,6.69e-05,1e-05,0.9,0.54096884,395.65295
0.00038,6.69e-05,1e-05,1.0,0.5409229,395.70383
0.00038,6.69e-05,0.0,0.0,0.5593134,317.1637
0.00038,6.69e-05,0.0,0.1,0.55303824,390.83163
0.00038,6.69e-05,0.0,0.2,0.52577496,390.8381
0.00038,6.69e-05,0.0,0.3,0.51127803,390.75208
0.00038,6.69e-05,0.0,0.4,0.5422206,394.1364
0.00038,6.69e-05,0.0,0.5,0.5420077,394.47787
0.00038,6.69e-05,0.0,0.6,0.54148644,395.07986
0.00038,6.69e-05,0.0,0.7,0.5412055,395.39258
0.00038,6.69e-05,0.0,0.8,0.54105294,395.56052
0.00038,6.69e-05,0.0,0.9,0.54096884,395.65295
0.00038,6.69e-05,0.0,1.0,0.5409229,395.70383
0.00039,5.1e-05,0.0,0.0,0.5593155,317.1692
0.00039,5.1e-05,0.0,0.1,0.55304706,390.82516
0.00039,5.1e-05,0.0,0.2,0.5257708,390.8409
0.00039,5.1e-05,0.0,0.3,0.5112766,390.76108
0.00039,5.1e-05,0.0,0.4,0.5422207,394.13623
0.00039,5.1e-05,0.0,0.5,0.54200757,394.47797
0.00039,5.1e-05,0.0,0.6,0.54148656,395.0799
0.00039,5.1e-05,0.0,0.7,0.5412054,395.39258
0.00039,5.1e-05,0.0,0.8,0.54105306,395.56052
0.00039,5.1e-05,0.0,0.9,0.5409687,395.65298
0.00039,5.1e-05,0.0,1.0,0.5409229,395.70383
0.00039,5.1e-05,1e-05,0.0,0.55931544,317.16873
0.00039,5.1e-05,1e-05,0.1,0.55304706,390.8252
0.00039,5.1e-05,1e-05,0.2,0.5257741,390.8381
0.00039,5.1e-05,1e-05,0.3,0.5112847,390.75894
0.00039,5.1e-05,1e-05,0.4,0.54222083,394.13614
0.00039,5.1e-05,1e-05,0.5,0.5420075,394.47797
0.00039,5.1e-05,1e-05,0.6,0.54148656,395.0799
0.00039,5.1e-05,1e-05,0.7,0.5412054,395.39258
0.00039,5.1e-05,1e-05,0.8,0.54105306,395.56052
0.00039,5.1e-05,1e-05,0.9,0.54096866,395.65295
0.00039,5.1e-05,1e-05,1.0,0.5409229,395.70383
0.000395,5.9e-05,5e-06,0.0,0.559314,317.1659
0.000395,5.9e-05,5e-06,0.1,0.55303514,390.83395
0.000395,5.9e-05,5e-06,0.2,0.52577555,390.83804
0.000395,5.9e-05,5e-06,0.3,0.5112739,390.75275
0.000395,5.9e-05,5e-06,0.4,0.5422204,394.13654
0.000395,5.9e-05,5e-06,0.5,0.54200745,394.47797
0.000395,5.9e-05,5e-06,0.6,0.54148644,395.07996
0.000395,5.9e-05,5e-06,0.7,0.5412054,395.39258
0.000395,5.9e-05,5e-06,0.8,0.54105294,395.56052
0.000395,5.9e-05,5e-06,0.9,0.5409686,395.65298
0.000395,5.9e-05,5e-06,1.0,0.54092276,395.70383
0.0004,3.46e-05,1e-05,0.0,0.5593176,317.17435
0.0004,3.46e-05,1e-05,0.1,0.5530561,390.81857
0.0004,3.46e-05,1e-05,0.2,0.5257695,390.84116
0.0004,3.46e-05,1e-05,0.3,0.5112835,390.76837
0.0004,3.46e-05,1e-05,0.4,0.54222095,394.13605
0.0004,3.46e-05,1e-05,0.5,0.5420073,394.47803
0.0004,3.46e-05,1e-05,0.6,0.5414866,395.08
0.0004,3.46e-05,1e-05,0.7,0.5412053,395.3926
0.0004,3.46e-05,1e-05,0.8,0.54105294,395.56055
0.0004,3.46e-05,1e-05,0.9,0.5409688,395.65298
0.0004,3.46e-05,1e-05,1.0,0.54092276,395.70383
0.0004,3.46e-05,0.0,0.0,0.55931795,317.1748
0.0004,3.46e-05,0.0,0.1,0.55305624,390.81842
0.0004,3.46e-05,0.0,0.2,0.5257661,390.84412
0.0004,3.46e-05,0.0,0.3,0.51127553,390.77048
0.0004,3.46e-05,0.0,0.4,0.54222083,394.13614
0.0004,3.46e-05,0.0,0.5,0.5420073,394.47806
0.0004,3.46e-05,0.0,0.6,0.5414865,395.08
0.0004,3.46e-05,0.0,0.7,0.5412053,395.3926
0.0004,3.46e-05,0.0,0.8,0.54105294,395.56055
0.0004,3.46e-05,0.0,0.9,0.5409687,395.65298
0.0004,3.46e-05,0.0,1.0,0.54092276,395.70383
0.00041,1.73e-05,1e-05,0.0,0.5593202,317.18042
0.00041,1.73e-05,1e-05,0.1,0.55306655,390.8111
0.00041,1.73e-05,1e-05,0.2,0.52576464,390.84442
0.00041,1.73e-05,1e-05,0.3,0.5112827,390.77847
0.00041,1.73e-05,1e-05,0.4,0.5422207,394.1359
0.00041,1.73e-05,1e-05,0.5,0.54200727,394.4781
0.00041,1.73e-05,1e-05,0.6,0.5414866,395.08
0.00041,1.73e-05,1e-05,0.7,0.5412053,395.39267
0.00041,1.73e-05,1e-05,0.8,0.5410528,395.56055
0.00041,1.73e-05,1e-05,0.9,0.5409688,395.653
0.00041,1.73e-05,1e-05,1.0,0.54092276,395.70386
0.00041,1.73e-05,0.0,0.0,0.55932057,317.18085
0.00041,1.73e-05,0.0,0.1,0.5530666,390.81097
0.00041,1.73e-05,0.0,0.2,0.52576137,390.84732
0.00041,1.73e-05,0.0,0.3,0.5112748,390.78058
0.00041,1.73e-05,0.0,0.4,0.54222083,394.13602
0.00041,1.73e-05,0.0,0.5,0.54200727,394.47812
0.00041,1.73e-05,0.0,0.6,0.5414866,395.08
0.00041,1.73e-05,0.0,0.7,0.5412053,395.39267
0.00041,1.73e-05,0.0,0.8,0.5410528,395.56055
0.00041,1.73e-05,0.0,0.9,0.5409688,395.653
0.00041,1.73e-05,0.0,1.0,0.54092276,395.70386
0.00042,0.0,1e-05,0.0,0.55932283,317.18634
0.00042,0.0,1e-05,0.1,0.5530766,390.80362
0.00042,0.0,1e-05,0.2,0.5257597,390.8478
0.00042,0.0,1e-05,0.3,0.51128197,390.78864
0.00042,0.0,1e-05,0.4,0.54222095,394.13574
0.00042,0.0,1e-05,0.5,0.542007,394.4782
0.00042,0.0,1e-05,0.6,0.5414864,395.08005
0.00042,0.0,1e-05,0.7,0.5412053,395.39267
0.00042,0.0,1e-05,0.8,0.5410527,395.56058
0.00042,0.0,1e-05,0.9,0.54096866,395.653
0.00042,0.0,1e-05,1.0,0.54092276,395.70386
0.00042,0.0,0.0,0.0,0.55932295,317.18692
0.00042,0.0,0.0,0.1,0.5530766,390.8035
0.00042,0.0,0.0,0.2,0.52575624,390.85062
0.00042,0.0,0.0,0.3,0.5112738,390.79068
0.00042,0.0,0.0,0.4,0.54222083,394.13586
0.00042,0.0,0.0,0.5,0.54200697,394.4782
0.00042,0.0,0.0,0.6,0.5414864,395.08005
0.00042,0.0,0.0,0.7,0.5412053,395.39267
0.00042,0.0,0.0,0.8,0.5410527,395.56058
0.00042,0.0,0.0,0.9,0.54096866,395.653
0.00042,0.0,0.0,1.0,0.54092276,395.7039
0.00038,1e-04,1e-05,0.0,0.5593081,317.15106
0.00038,1e-04,1e-05,0.1,0.5530045,390.85638
0.00038,1e-04,1e-05,0.2,0.5257895,390.82883
0.00038,1e-04,1e-05,0.3,0.5112729,390.72598
0.00038,1e-04,1e-05,0.4,0.5422201,394.13712
0.00038,1e-04,1e-05,0.5,0.54200757,394.47787
0.00038,1e-04,1e-05,0.6,0.5414865,395.07983
0.00038,1e-04,1e-05,0.7,0.5412055,395.39258
0.00038,1e-04,1e-05,0.8,0.54105306,395.56052
0.00038,1e-04,1e-05,0.9,0.54096866,395.65295
0.00038,1e-04,1e-05,1.0,0.5409229,395.70383
0.00039,8.31e-05,5e-06,0.0,0.55931044,317.1572
0.00039,8.31e-05,5e-06,0.1,0.55301416,390.8492
0.00039,8.31e-05,5e-06,0.2,0.52578294,390.83344
0.00039,8.31e-05,5e-06,0.3,0.51126784,390.7367
0.00039,8.31e-05,5e-06,0.4,0.54221994,394.13705
0.00039,8.31e-05,5e-06,0.5,0.54200757,394.4779
0.00039,8.31e-05,5e-06,0.6,0.54148656,395.0799
0.00039,8.31e-05,5e-06,0.7,0.5412054,395.39258
0.00039,8.31e-05,5e-06,0.8,0.54105306,395.56052
0.00039,8.31e-05,5e-06,0.9,0.54096866,395.65298
0.00039,8.31e-05,5e-06,1.0,0.5409229,395.70383
0.00039,8.27e-05,0.0,0.0,0.5593108,317.15765
0.00039,8.27e-05,0.0,0.1,0.55301464,390.84885
0.00039,8.27e-05,0.0,0.2,0.52578133,390.8348
0.00039,8.27e-05,0.0,0.3,0.5112643,390.7379
0.00039,8.27e-05,0.0,0.4,0.54221994,394.1371
0.00039,8.27e-05,0.0,0.5,0.5420076,394.4779
0.00039,8.27e-05,0.0,0.6,0.5414865,395.0799
0.00039,8.27e-05,0.0,0.7,0.5412054,395.39258
0.00039,8.27e-05,0.0,0.8,0.54105306,395.56052
0.00039,8.27e-05,0.0,0.9,0.5409686,395.65295
0.00039,8.27e-05,0.0,1.0,0.5409229,395.70383
0.00039,8.27e-05,1e-05,0.0,0.55931044,317.1571
0.00039,8.27e-05,1e-05,0.1,0.55301476,390.849
0.00039,8.27e-05,1e-05,0.2,0.52578455,390.83206
0.00039,8.27e-05,1e-05,0.3,0.5112723,390.7359
0.00039,8.27e-05,1e-05,0.4,0.5422201,394.13693
0.00039,8.27e-05,1e-05,0.5,0.5420076,394.4779
0.00039,8.27e-05,1e-05,0.6,0.54148656,395.0799
0.00039,8.27e-05,1e-05,0.7,0.5412053,395.39258
0.00039,8.27e-05,1e-05,0.8,0.54105306,395.56052
0.00039,8.27e-05,1e-05,0.9,0.54096866,395.65298
0.00039,8.27e-05,1e-05,1.0,0.5409229,395.70383
0.0004,1e-04,0.0,0.0,0.55930793,317.15097
0.0004,1e-04,0.0,0.1,0.5529896,390.86734
0.0004,1e-04,0.0,0.2,0.52578783,390.83145
0.0004,1e-04,0.0,0.3,0.5112496,390.7229
0.0004,1e-04,0.0,0.4,0.5422194,394.13766
0.0004,1e-04,0.0,0.5,0.54200757,394.4779
0.0004,1e-04,0.0,0.6,0.5414865,395.07996
0.0004,1e-04,0.0,0.7,0.5412054,395.39258
0.0004,1e-04,0.0,0.8,0.5410528,395.56055
0.0004,1e-04,0.0,0.9,0.5409688,395.65298
0.0004,1e-04,0.0,1.0,0.54092276,395.70386
0.0004,6.69e-05,1e-05,0.0,0.55931294,317.16257
0.0004,6.69e-05,1e-05,0.1,0.55302334,390.8426
0.0004,6.69e-05,1e-05,0.2,0.52578026,390.83502
0.0004,6.69e-05,1e-05,0.3,0.51127094,390.7446
0.0004,6.69e-05,1e-05,0.4,0.54222023,394.13687
0.0004,6.69e-05,1e-05,0.5,0.54200745,394.478
0.0004,6.69e-05,1e-05,0.6,0.54148644,395.08
0.0004,6.69e-05,1e-05,0.7,0.5412055,395.39258
0.0004,6.69e-05,1e-05,0.8,0.54105294,395.56055
0.0004,6.69e-05,1e-05,0.9,0.5409688,395.65298
0.0004,6.69e-05,1e-05,1.0,0.54092264,395.70386
0.0004,6.69e-05,0.0,0.0,0.55931294,317.16315
0.0004,6.69e-05,0.0,0.1,0.55302334,390.84253
0.0004,6.69e-05,0.0,0.2,0.52577686,390.83783
0.0004,6.69e-05,0.0,0.3,0.5112631,390.7467
0.0004,6.69e-05,0.0,0.4,0.54222,394.13696
0.0004,6.69e-05,0.0,0.5,0.54200745,394.47797
0.0004,6.69e-05,0.0,0.6,0.5414865,395.08
0.0004,6.69e-05,0.0,0.7,0.5412055,395.39258
0.0004,6.69e-05,0.0,0.8,0.54105294,395.56055
0.0004,6.69e-05,0.0,0.9,0.5409688,395.65298
0.0004,6.69e-05,0.0,1.0,0.54092276,395.70386
0.00041,5.1e-05,0.0,0.0,0.5593153,317.16858
0.00041,5.1e-05,0.0,0.1,0.55303216,390.83618
0.00041,5.1e-05,0.0,0.2,0.5257724,390.8409
0.00041,5.1e-05,0.0,0.3,0.51126164,390.7558
0.00041,5.1e-05,0.0,0.4,0.5422202,394.1369
0.00041,5.1e-05,0.0,0.5,0.5420073,394.4781
0.00041,5.1e-05,0.0,0.6,0.5414865,395.08
0.00041,5.1e-05,0.0,0.7,0.5412054,395.39267
0.00041,5.1e-05,0.0,0.8,0.5410528,395.56055
0.00041,5.1e-05,0.0,0.9,0.54096866,395.653
0.00041,5.1e-05,0.0,1.0,0.54092276,395.70386
0.00041,5.1e-05,1e-05,0.0,0.55931526,317.1681
0.00041,5.1e-05,1e-05,0.1,0.55303216,390.8362
0.00041,5.1e-05,1e-05,0.2,0.5257759,390.83795
0.00041,5.1e-05,1e-05,0.3,0.51126957,390.75372
0.00041,5.1e-05,1e-05,0.4,0.54222035,394.13675
0.00041,5.1e-05,1e-05,0.5,0.54200745,394.4781
0.00041,5.1e-05,1e-05,0.6,0.5414865,395.08
0.00041,5.1e-05,1e-05,0.7,0.5412054,395.39267
0.00041,5.1e-05,1e-05,0.8,0.5410528,395.56055
0.00041,5.1e-05,1e-05,0.9,0.54096866,395.653
0.00041,5.1e-05,1e-05,1.0,0.54092276,395.70386
0.00042,3.46e-05,1e-05,0.0,0.55931735,317.1738
0.00042,3.46e-05,1e-05,0.1,0.55304146,390.82935
0.00042,3.46e-05,1e-05,0.2,0.5257712,390.84116
0.00042,3.46e-05,1e-05,0.3,0.5112684,390.7631
0.00042,3.46e-05,1e-05,0.4,0.54222023,394.13663
0.00042,3.46e-05,1e-05,0.5,0.5420072,394.47815
0.00042,3.46e-05,1e-05,0.6,0.5414864,395.08005
0.00042,3.46e-05,1e-05,0.7,0.54120517,395.39267
0.00042,3.46e-05,1e-05,0.8,0.5410527,395.56058
0.00042,3.46e-05,1e-05,0.9,0.5409686,395.65305
0.00042,3.46e-05,1e-05,1.0,0.54092276,395.7039
0.00042,3.46e-05,0.0,0.0,0.5593178,317.17426
0.00042,3.46e-05,0.0,0.1,0.55304146,390.82928
0.00042,3.46e-05,0.0,0.2,0.5257678,390.84396
0.00042,3.46e-05,0.0,0.3,0.5112605,390.7652
0.00042,3.46e-05,0.0,0.4,0.54222023,394.13672
0.00042,3.46e-05,0.0,0.5,0.5420072,394.47815
0.00042,3.46e-05,0.0,0.6,0.5414864,395.08005
0.00042,3.46e-05,0.0,0.7,0.54120517,395.39267
0.00042,3.46e-05,0.0,0.8,0.5410527,395.56058
0.00042,3.46e-05,0.0,0.9,0.5409686,395.65305
0.00042,3.46e-05,0.0,1.0,0.5409229,395.7039
0.00043,1.73e-05,1e-05,0.0,0.55932,317.17978
0.00043,1.73e-05,1e-05,0.1,0.5530516,390.82214
0.00043,1.73e-05,1e-05,0.2,0.5257664,390.8443
0.00043,1.73e-05,1e-05,0.3,0.5112677,390.77313
0.00043,1.73e-05,1e-05,0.4,0.54222035,394.1365
0.00043,1.73e-05,1e-05,0.5,0.5420072,394.47824
0.00043,1.73e-05,1e-05,0.6,0.54148626,395.08005
0.00043,1.73e-05,1e-05,0.7,0.5412053,395.3927
0.00043,1.73e-05,1e-05,0.8,0.5410527,395.56064
0.00043,1.73e-05,1e-05,0.9,0.54096866,395.65308
0.00043,1.73e-05,1e-05,1.0,0.54092276,395.70392
0.00043,1.73e-05,0.0,0.0,0.55932045,317.1802
0.00043,1.73e-05,0.0,0.1,0.5530516,390.822
0.00043,1.73e-05,0.0,0.2,0.52576315,390.84723
0.00043,1.73e-05,0.0,0.3,0.5112599,390.7752
0.00043,1.73e-05,0.0,0.4,0.54222023,394.1366
0.00043,1.73e-05,0.0,0.5,0.54200727,394.4782
0.00043,1.73e-05,0.0,0.6,0.5414864,395.08005
0.00043,1.73e-05,0.0,0.7,0.5412053,395.3927
0.00043,1.73e-05,0.0,0.8,0.5410527,395.56064
0.00043,1.73e-05,0.0,0.9,0.54096866,395.65308
0.00043,1.73e-05,0.0,1.0,0.54092276,395.70392
0.00044,0.0,1e-05,0.0,0.5593227,317.1857
0.00044,0.0,1e-05,0.1,0.55306166,390.8146
0.00044,0.0,1e-05,0.2,0.5257617,390.84744
0.00044,0.0,1e-05,0.3,0.5112668,390.7832
0.00044,0.0,1e-05,0.4,0.5422205,394.13638
0.00044,0.0,1e-05,0.5,0.5420071,394.47833
0.00044,0.0,1e-05,0.6,0.54148626,395.08014
0.00044,0.0,1e-05,0.7,0.54120517,395.39276
0.00044,0.0,1e-05,0.8,0.54105276,395.56064
0.00044,0.0,1e-05,0.9,0.54096866,395.65308
0.00044,0.0,1e-05,1.0,0.5409229,395.70392
0.00044,0.0,0.0,0.0,0.5593227,317.18628
0.00044,0.0,0.0,0.1,0.5530618,390.8145
0.00044,0.0,0.0,0.2,0.52575815,390.85056
0.00044,0.0,0.0,0.3,0.51125896,390.78513
0.00044,0.0,0.0,0.4,0.54222035,394.13647
0.00044,0.0,0.0,0.5,0.54200715,394.47833
0.00044,0.0,0.0,0.6,0.5414864,395.08017
0.00044,0.0,0.0,0.7,0.5412053,395.39276
0.00044,0.0,0.0,0.8,0.54105276,395.56064
0.00044,0.0,0.0,0.9,0.54096854,395.65308
0.00044,0.0,0.0,1.0,0.5409229,395.70392
0.0004,1e-04,1e-05,0.0,0.5593078,317.15045
0.0004,1e-04,1e-05,0.1,0.5529894,390.86746
0.0004,1e-04,1e-05,0.2,0.52579117,390.82867
0.0004,1e-04,1e-05,0.3,0.5112575,390.72076
0.0004,1e-04,1e-05,0.4,0.54221964,394.13754
0.0004,1e-04,1e-05,0.5,0.5420076,394.4779
0.0004,1e-04,1e-05,0.6,0.54148656,395.07996
0.0004,1e-04,1e-05,0.7,0.5412055,395.39258
0.0004,1e-04,1e-05,0.8,0.5410528,395.56055
0.0004,1e-04,1e-05,0.9,0.5409688,395.65298
0.0004,1e-04,1e-05,1.0,0.54092276,395.70386
0.00041,8.27e-05,0.0,0.0,0.55931056,317.15692
0.00041,8.27e-05,0.0,0.1,0.553,390.8599
0.00041,8.27e-05,0.0,0.2,0.52578294,390.83475
0.00041,8.27e-05,0.0,0.3,0.51124907,390.73273
0.00041,8.27e-05,0.0,0.4,0.54221964,394.13754
0.00041,8.27e-05,0.0,0.5,0.5420073,394.47803
0.00041,8.27e-05,0.0,0.6,0.5414865,395.08
0.00041,8.27e-05,0.0,0.7,0.5412054,395.39267
0.00041,8.27e-05,0.0,0.8,0.5410528,395.56055
0.00041,8.27e-05,0.0,0.9,0.54096866,395.653
0.00041,8.27e-05,0.0,1.0,0.54092264,395.70386
0.00041,8.27e-05,1e-05,0.0,0.5593102,317.15656
0.00041,8.27e-05,1e-05,0.1,0.553,390.85992
0.00041,8.27e-05,1e-05,0.2,0.5257863,390.83182
0.00041,8.27e-05,1e-05,0.3,0.5112573,390.73077
0.00041,8.27e-05,1e-05,0.4,0.54221976,394.13748
0.00041,8.27e-05,1e-05,0.5,0.54200745,394.47803
0.00041,8.27e-05,1e-05,0.6,0.5414864,395.08
0.00041,8.27e-05,1e-05,0.7,0.5412054,395.39267
0.00041,8.27e-05,1e-05,0.8,0.5410528,395.56055
0.00041,8.27e-05,1e-05,0.9,0.54096866,395.653
0.00041,8.27e-05,1e-05,1.0,0.54092264,395.70386
0.00042,1e-04,0.0,0.0,0.5593077,317.15033
0.00042,1e-04,0.0,0.1,0.5529747,390.8784
0.00042,1e-04,0.0,0.2,0.5257895,390.83142
0.00042,1e-04,0.0,0.3,0.5112344,390.7181
0.00042,1e-04,0.0,0.4,0.542219,394.13828
0.00042,1e-04,0.0,0.5,0.5420073,394.47806
0.00042,1e-04,0.0,0.6,0.5414865,395.08
0.00042,1e-04,0.0,0.7,0.5412053,395.39267
0.00042,1e-04,0.0,0.8,0.5410528,395.56058
0.00042,1e-04,0.0,0.9,0.5409687,395.65305
0.00042,1e-04,0.0,1.0,0.54092276,395.70392
0.00042,6.69e-05,1e-05,0.0,0.55931264,317.162
0.00042,6.69e-05,1e-05,0.1,0.55300856,390.8536
0.00042,6.69e-05,1e-05,0.2,0.52578187,390.83475
0.00042,6.69e-05,1e-05,0.3,0.51125574,390.73944
0.00042,6.69e-05,1e-05,0.4,0.54221964,394.1374
0.00042,6.69e-05,1e-05,0.5,0.5420072,394.4781
0.00042,6.69e-05,1e-05,0.6,0.5414864,395.08
0.00042,6.69e-05,1e-05,0.7,0.5412053,395.39267
0.00042,6.69e-05,1e-05,0.8,0.5410527,395.56058
0.00042,6.69e-05,1e-05,0.9,0.5409686,395.65305
0.00042,6.69e-05,1e-05,1.0,0.54092276,395.70392
0.00042,6.69e-05,0.0,0.0,0.5593129,317.1624
0.00042,6.69e-05,0.0,0.1,0.5530084,390.8535
0.00042,6.69e-05,0.0,0.2,0.52577853,390.83783
0.00042,6.69e-05,0.0,0.3,0.5112478,390.7416
0.00042,6.69e-05,0.0,0.4,0.54221976,394.13748
0.00042,6.69e-05,0.0,0.5,0.54200715,394.4781
0.00042,6.69e-05,0.0,0.6,0.5414864,395.08
0.00042,6.69e-05,0.0,0.7,0.5412053,395.39267
0.00042,6.69e-05,0.0,0.8,0.5410527,395.56058
0.00042,6.69e-05,0.0,0.9,0.54096866,395.65305
0.00042,6.69e-05,0.0,1.0,0.54092276,395.70392
0.00043,5.1e-05,0.0,0.0,0.5593153,317.16797
0.00043,5.1e-05,0.0,0.1,0.5530174,390.8471
0.00043,5.1e-05,0.0,0.2,0.5257741,390.8408
0.00043,5.1e-05,0.0,0.3,0.5112463,390.75052
0.00043,5.1e-05,0.0,0.4,0.54221964,394.1374
0.00043,5.1e-05,0.0,0.5,0.54200727,394.47815
0.00043,5.1e-05,0.0,0.6,0.54148626,395.08005
0.00043,5.1e-05,0.0,0.7,0.5412054,395.39267
0.00043,5.1e-05,0.0,0.8,0.5410527,395.56064
0.00043,5.1e-05,0.0,0.9,0.54096866,395.65308
0.00043,5.1e-05,0.0,1.0,0.54092276,395.70392
0.00043,5.1e-05,1e-05,0.0,0.55931485,317.16748
0.00043,5.1e-05,1e-05,0.1,0.55301726,390.8472
0.00043,5.1e-05,1e-05,0.2,0.5257773,390.83786
0.00043,5.1e-05,1e-05,0.3,0.51125467,390.74844
0.00043,5.1e-05,1e-05,0.4,0.54221976,394.13733
0.00043,5.1e-05,1e-05,0.5,0.5420072,394.47815
0.00043,5.1e-05,1e-05,0.6,0.54148626,395.08005
0.00043,5.1e-05,1e-05,0.7,0.5412053,395.39267
0.00043,5.1e-05,1e-05,0.8,0.5410527,395.56064
0.00043,5.1e-05,1e-05,0.9,0.54096866,395.65308
0.00043,5.1e-05,1e-05,1.0,0.54092276,395.70392
0.00044,3.46e-05,1e-05,0.0,0.55931735,317.1732
0.00044,3.46e-05,1e-05,0.1,0.5530268,390.84027
0.00044,3.46e-05,1e-05,0.2,0.5257728,390.841
0.00044,3.46e-05,1e-05,0.3,0.51125336,390.75775
0.00044,3.46e-05,1e-05,0.4,0.5422198,394.1372
0.00044,3.46e-05,1e-05,0.5,0.54200727,394.47827
0.00044,3.46e-05,1e-05,0.6,0.54148626,395.08014
0.00044,3.46e-05,1e-05,0.7,0.5412053,395.39273
0.00044,3.46e-05,1e-05,0.8,0.5410527,395.56064
0.00044,3.46e-05,1e-05,0.9,0.5409686,395.65308
0.00044,3.46e-05,1e-05,1.0,0.54092276,395.70392
0.00044,3.46e-05,0.0,0.0,0.5593174,317.1736
0.00044,3.46e-05,0.0,0.1,0.5530267,390.84024
0.00044,3.46e-05,0.0,0.2,0.5257696,390.84375
0.00044,3.46e-05,0.0,0.3,0.51124537,390.76004
0.00044,3.46e-05,0.0,0.4,0.5422198,394.1373
0.00044,3.46e-05,0.0,0.5,0.54200727,394.47827
0.00044,3.46e-05,0.0,0.6,0.54148626,395.08014
0.00044,3.46e-05,0.0,0.7,0.5412054,395.39273
0.00044,3.46e-05,0.0,0.8,0.54105276,395.56064
0.00044,3.46e-05,0.0,0.9,0.5409686,395.65308
0.00044,3.46e-05,0.0,1.0,0.54092276,395.70392
0.00045,1.73e-05,0.0,0.0,0.5593201,317.17966
0.00045,1.73e-05,0.0,0.1,0.5530368,390.8328
0.00045,1.73e-05,0.0,0.2,0.5257648,390.84695
0.00045,1.73e-05,0.0,0.3,0.51124465,390.76993
0.00045,1.73e-05,0.0,0.4,0.5422199,394.1372
0.00045,1.73e-05,0.0,0.5,0.54200715,394.47836
0.00045,1.73e-05,0.0,0.6,0.5414864,395.0802
0.00045,1.73e-05,0.0,0.7,0.5412054,395.39276
0.00045,1.73e-05,0.0,0.8,0.5410527,395.5607
0.00045,1.73e-05,0.0,0.9,0.5409687,395.65308
0.00045,1.73e-05,0.0,1.0,0.54092276,395.70392
0.00045,1.73e-05,1e-05,0.0,0.55931985,317.17905
0.00045,1.73e-05,1e-05,0.1,0.5530368,390.8328
0.00045,1.73e-05,1e-05,0.2,0.52576816,390.84406
0.00045,1.73e-05,1e-05,0.3,0.51125276,390.76776
0.00045,1.73e-05,1e-05,0.4,0.54221976,394.13705
0.00045,1.73e-05,1e-05,0.5,0.5420072,394.47836
0.00045,1.73e-05,1e-05,0.6,0.5414864,395.0802
0.00045,1.73e-05,1e-05,0.7,0.5412054,395.39276
0.00045,1.73e-05,1e-05,0.8,0.54105276,395.5607
0.00045,1.73e-05,1e-05,0.9,0.5409686,395.6531
0.00045,1.73e-05,1e-05,1.0,0.54092276,395.70392
0.00046,0.0,1e-05,0.0,0.5593225,317.18518
0.00046,0.0,1e-05,0.1,0.5530473,390.82532
0.00046,0.0,1e-05,0.2,0.5257634,390.84735
0.00046,0.0,1e-05,0.3,0.51125175,390.77786
0.00046,0.0,1e-05,0.4,0.5422199,394.137
0.00046,0.0,1e-05,0.5,0.5420069,394.47852
0.00046,0.0,1e-05,0.6,0.54148626,395.0803
0.00046,0.0,1e-05,0.7,0.54120517,395.3928
0.00046,0.0,1e-05,0.8,0.54105264,395.5607
0.00046,0.0,1e-05,0.9,0.54096854,395.6531
0.00046,0.0,1e-05,1.0,0.54092276,395.70395
0.00046,0.0,0.0,0.0,0.55932266,317.18558
0.00046,0.0,0.0,0.1,0.55304706,390.82538
0.00046,0.0,0.0,0.2,0.52575994,390.8502
0.00046,0.0,0.0,0.3,0.51124376,390.77985
0.00046,0.0,0.0,0.4,0.5422199,394.13705
0.00046,0.0,0.0,0.5,0.5420069,394.47852
0.00046,0.0,0.0,0.6,0.54148626,395.0803
0.00046,0.0,0.0,0.7,0.54120505,395.3928
0.00046,0.0,0.0,0.8,0.54105264,395.5607
0.00046,0.0,0.0,0.9,0.54096854,395.6531
0.00046,0.0,0.0,1.0,0.54092276,395.70395
0.00042,1e-04,1e-05,0.0,0.5593075,317.14978
0.00042,1e-04,1e-05,0.1,0.5529747,390.87845
0.00042,1e-04,1e-05,0.2,0.5257931,390.82846
0.00042,1e-04,1e-05,0.3,0.5112422,390.71588
0.00042,1e-04,1e-05,0.4,0.54221904,394.13815
0.00042,1e-04,1e-05,0.5,0.5420073,394.47806
0.00042,1e-04,1e-05,0.6,0.5414866,395.08
0.00042,1e-04,1e-05,0.7,0.5412053,395.39267
0.00042,1e-04,1e-05,0.8,0.5410527,395.5606
0.00042,1e-04,1e-05,0.9,0.5409687,395.65305
0.00042,1e-04,1e-05,1.0,0.54092276,395.70392
0.00043,8.27e-05,0.0,0.0,0.5593102,317.15634
0.00043,8.27e-05,0.0,0.1,0.55298495,390.8709
0.00043,8.27e-05,0.0,0.2,0.5257847,390.83466
0.00043,8.27e-05,0.0,0.3,0.5112336,390.72784
0.00043,8.27e-05,0.0,0.4,0.5422191,394.13815
0.00043,8.27e-05,0.0,0.5,0.5420072,394.47815
0.00043,8.27e-05,0.0,0.6,0.5414864,395.08005
0.00043,8.27e-05,0.0,0.7,0.5412053,395.3927
0.00043,8.27e-05,0.0,0.8,0.5410528,395.56064
0.00043,8.27e-05,0.0,0.9,0.5409687,395.65305
0.00043,8.27e-05,0.0,1.0,0.54092264,395.70392
0.00043,8.27e-05,1e-05,0.0,0.55930996,317.15585
0.00043,8.27e-05,1e-05,0.1,0.55298495,390.87088
0.00043,8.27e-05,1e-05,0.2,0.52578795,390.8319
0.00043,8.27e-05,1e-05,0.3,0.5112418,390.72577
0.00043,8.27e-05,1e-05,0.4,0.54221904,394.13806
0.00043,8.27e-05,1e-05,0.5,0.5420072,394.47815
0.00043,8.27e-05,1e-05,0.6,0.54148626,395.08005
0.00043,8.27e-05,1e-05,0.7,0.5412054,395.39267
0.00043,8.27e-05,1e-05,0.8,0.5410528,395.56064
0.00043,8.27e-05,1e-05,0.9,0.5409687,395.65308
0.00043,8.27e-05,1e-05,1.0,0.54092276,395.70392
0.00044,1e-04,0.0,0.0,0.5593074,317.14972
0.00044,1e-04,0.0,0.1,0.5529598,390.8893
0.00044,1e-04,0.0,0.2,0.5257912,390.83136
0.00044,1e-04,0.0,0.3,0.511219,390.71307
0.00044,1e-04,0.0,0.4,0.5422183,394.13904
0.00044,1e-04,0.0,0.5,0.5420072,394.47815
0.00044,1e-04,0.0,0.6,0.5414864,395.08005
0.00044,1e-04,0.0,0.7,0.5412053,395.39273
0.00044,1e-04,0.0,0.8,0.5410527,395.56067
0.00044,1e-04,0.0,0.9,0.54096866,395.65308
0.00044,1e-04,0.0,1.0,0.5409229,395.70392
0.00044,6.69e-05,1e-05,0.0,0.55931234,317.16135
0.00044,6.69e-05,1e-05,0.1,0.55299354,390.8646
0.00044,6.69e-05,1e-05,0.2,0.5257836,390.8347
0.00044,6.69e-05,1e-05,0.3,0.5112405,390.7344
0.00044,6.69e-05,1e-05,0.4,0.54221916,394.1379
0.00044,6.69e-05,1e-05,0.5,0.54200715,394.47815
0.00044,6.69e-05,1e-05,0.6,0.54148626,395.08008
0.00044,6.69e-05,1e-05,0.7,0.54120517,395.39273
0.00044,6.69e-05,1e-05,0.8,0.54105276,395.56067
0.00044,6.69e-05,1e-05,0.9,0.5409686,395.65308
0.00044,6.69e-05,1e-05,1.0,0.54092276,395.70392
0.00044,6.69e-05,0.0,0.0,0.5593127,317.1618
0.00044,6.69e-05,0.0,0.1,0.55299354,390.8645
0.00044,6.69e-05,0.0,0.2,0.52578044,390.83755
0.00044,6.69e-05,0.0,0.3,0.5112325,390.73666
0.00044,6.69e-05,0.0,0.4,0.54221904,394.13806
0.00044,6.69e-05,0.0,0.5,0.54200715,394.4782
0.00044,6.69e-05,0.0,0.6,0.54148626,395.08008
0.00044,6.69e-05,0.0,0.7,0.5412053,395.39273
0.00044,6.69e-05,0.0,0.8,0.54105276,395.56064
0.00044,6.69e-05,0.0,0.9,0.54096866,395.65308
0.00044,6.69e-05,0.0,1.0,0.54092276,395.70392
0.00045,5.1e-05,0.0,0.0,0.55931497,317.1673
0.00045,5.1e-05,0.0,0.1,0.55300236,390.85797
0.00045,5.1e-05,0.0,0.2,0.5257759,390.8406
0.00045,5.1e-05,0.0,0.3,0.511231,390.74554
0.00045,5.1e-05,0.0,0.4,0.5422191,394.13794
0.00045,5.1e-05,0.0,0.5,0.5420072,394.4783
0.00045,5.1e-05,0.0,0.6,0.54148626,395.08017
0.00045,5.1e-05,0.0,0.7,0.5412054,395.39276
0.00045,5.1e-05,0.0,0.8,0.5410527,395.5607
0.00045,5.1e-05,0.0,0.9,0.54096866,395.6531
0.00045,5.1e-05,0.0,1.0,0.54092276,395.70392
0.00045,5.1e-05,1e-05,0.0,0.5593147,317.16684
0.00045,5.1e-05,1e-05,0.1,0.55300236,390.85797
0.00045,5.1e-05,1e-05,0.2,0.52577925,390.83768
0.00045,5.1e-05,1e-05,0.3,0.5112393,390.74332
0.00045,5.1e-05,1e-05,0.4,0.5422194,394.13782
0.00045,5.1e-05,1e-05,0.5,0.54200715,394.4783
0.00045,5.1e-05,1e-05,0.6,0.54148626,395.08017
0.00045,5.1e-05,1e-05,0.7,0.5412052,395.39276
0.00045,5.1e-05,1e-05,0.8,0.5410527,395.5607
0.00045,5.1e-05,1e-05,0.9,0.5409686,395.6531
0.00045,5.1e-05,1e-05,1.0,0.54092276,395.70392
0.00046,3.46e-05,1e-05,0.0,0.5593171,317.1725
0.00046,3.46e-05,1e-05,0.1,0.5530119,390.8512
0.00046,3.46e-05,1e-05,0.2,0.5257747,390.84076
0.00046,3.46e-05,1e-05,0.3,0.51123834,390.75256
0.00046,3.46e-05,1e-05,0.4,0.54221946,394.1377
0.00046,3.46e-05,1e-05,0.5,0.54200715,394.47842
0.00046,3.46e-05,1e-05,0.6,0.5414864,395.08026
0.00046,3.46e-05,1e-05,0.7,0.54120517,395.3928
0.00046,3.46e-05,1e-05,0.8,0.5410527,395.5607
0.00046,3.46e-05,1e-05,0.9,0.5409686,395.6531
0.00046,3.46e-05,1e-05,1.0,0.54092276,395.70395
0.00046,3.46e-05,0.0,0.0,0.55931735,317.17297
0.00046,3.46e-05,0.0,0.1,0.5530117,390.8512
0.00046,3.46e-05,0.0,0.2,0.52577156,390.84366
0.00046,3.46e-05,0.0,0.3,0.51123035,390.75485
0.00046,3.46e-05,0.0,0.4,0.5422193,394.13782
0.00046,3.46e-05,0.0,0.5,0.5420072,394.4784
0.00046,3.46e-05,0.0,0.6,0.5414864,395.08026
0.00046,3.46e-05,0.0,0.7,0.54120517,395.3928
0.00046,3.46e-05,0.0,0.8,0.5410527,395.5607
0.00046,3.46e-05,0.0,0.9,0.5409686,395.6531
0.00046,3.46e-05,0.0,1.0,0.54092276,395.70398
0.00047,1.73e-05,0.0,0.0,0.5593199,317.179
0.00047,1.73e-05,0.0,0.1,0.553022,390.84375
0.00047,1.73e-05,0.0,0.2,0.5257667,390.8469
0.00047,1.73e-05,0.0,0.3,0.5112295,390.76474
0.00047,1.73e-05,0.0,0.4,0.5422194,394.1377
0.00047,1.73e-05,0.0,0.5,0.5420069,394.47852
0.00047,1.73e-05,0.0,0.6,0.54148614,395.0803
0.00047,1.73e-05,0.0,0.7,0.54120517,395.3928
0.00047,1.73e-05,0.0,0.8,0.54105276,395.5607
0.00047,1.73e-05,0.0,0.9,0.54096866,395.65314
0.00047,1.73e-05,0.0,1.0,0.54092264,395.704
0.00047,1.73e-05,1e-05,0.0,0.55931973,317.17853
0.00047,1.73e-05,1e-05,0.1,0.55302215,390.84378
0.00047,1.73e-05,1e-05,0.2,0.5257698,390.844
0.00047,1.73e-05,1e-05,0.3,0.5112374,390.7626
0.00047,1.73e-05,1e-05,0.4,0.5422195,394.13754
0.00047,1.73e-05,1e-05,0.5,0.5420069,394.47852
0.00047,1.73e-05,1e-05,0.6,0.54148626,395.0803
0.00047,1.73e-05,1e-05,0.7,0.54120505,395.3928
0.00047,1.73e-05,1e-05,0.8,0.54105276,395.5607
0.00047,1.73e-05,1e-05,0.9,0.54096854,395.65314
0.00047,1.73e-05,1e-05,1.0,0.54092264,395.704
0.00048,0.0,1e-05,0.0,0.55932224,317.18448
0.00048,0.0,1e-05,0.1,0.5530323,390.83624
0.00048,0.0,1e-05,0.2,0.5257652,390.8472
0.00048,0.0,1e-05,0.3,0.51123667,390.77277
0.00048,0.0,1e-05,0.4,0.54221946,394.13748
0.00048,0.0,1e-05,0.5,0.5420069,394.47864
0.00048,0.0,1e-05,0.6,0.541486,395.0803
0.00048,0.0,1e-05,0.7,0.54120517,395.39285
0.00048,0.0,1e-05,0.8,0.5410526,395.56073
0.00048,0.0,1e-05,0.9,0.54096866,395.65314
0.00048,0.0,1e-05,1.0,0.54092264,395.70407
0.00048,0.0,0.0,0.0,0.5593225,317.18497
0.00048,0.0,0.0,0.1,0.5530323,390.83624
0.00048,0.0,0.0,0.2,0.52576166,390.85013
0.00048,0.0,0.0,0.3,0.51122856,390.77463
0.00048,0.0,0.0,0.4,0.54221964,394.1376
0.00048,0.0,0.0,0.5,0.542007,394.47864
0.00048,0.0,0.0,0.6,0.541486,395.0803
0.00048,0.0,0.0,0.7,0.54120517,395.39285
0.00048,0.0,0.0,0.8,0.5410526,395.56073
0.00048,0.0,0.0,0.9,0.54096866,395.65314
0.00048,0.0,0.0,1.0,0.54092264,395.70407
0.00044,1e-04,1e-05,0.0,0.55930716,317.14926
0.00044,1e-04,1e-05,0.1,0.5529595,390.8895
0.00044,1e-04,1e-05,0.2,0.5257945,390.8284
0.00044,1e-04,1e-05,0.3,0.51122695,390.71085
0.00044,1e-04,1e-05,0.4,0.54221845,394.13876
0.00044,1e-04,1e-05,0.5,0.5420071,394.47815
0.00044,1e-04,1e-05,0.6,0.54148626,395.08005
0.00044,1e-04,1e-05,0.7,0.5412053,395.39273
0.00044,1e-04,1e-05,0.8,0.54105276,395.56064
0.00044,1e-04,1e-05,0.9,0.54096866,395.65308
0.00044,1e-04,1e-05,1.0,0.54092276,395.70392
0.00045,8.27e-05,0.0,0.0,0.5593102,317.1557
0.00045,8.27e-05,0.0,0.1,0.55297005,390.8819
0.00045,8.27e-05,0.0,0.2,0.52578634,390.83453
0.00045,8.27e-05,0.0,0.3,0.5112183,390.72293
0.00045,8.27e-05,0.0,0.4,0.54221845,394.1387
0.00045,8.27e-05,0.0,0.5,0.54200715,394.47824
0.00045,8.27e-05,0.0,0.6,0.54148626,395.08014
0.00045,8.27e-05,0.0,0.7,0.5412053,395.39276
0.00045,8.27e-05,0.0,0.8,0.5410527,395.5607
0.00045,8.27e-05,0.0,0.9,0.5409686,395.6531
0.00045,8.27e-05,0.0,1.0,0.54092264,395.70395
0.00045,8.27e-05,1e-05,0.0,0.5593097,317.15524
0.00045,8.27e-05,1e-05,0.1,0.55296993,390.88205
0.00045,8.27e-05,1e-05,0.2,0.5257896,390.8316
0.00045,8.27e-05,1e-05,0.3,0.5112264,390.7208
0.00045,8.27e-05,1e-05,0.4,0.5422187,394.13858
0.00045,8.27e-05,1e-05,0.5,0.54200715,394.47824
0.00045,8.27e-05,1e-05,0.6,0.54148614,395.08014
0.00045,8.27e-05,1e-05,0.7,0.5412053,395.39276
0.00045,8.27e-05,1e-05,0.8,0.54105264,395.5607
0.00045,8.27e-05,1e-05,0.9,0.5409687,395.65308
0.00045,8.27e-05,1e-05,1.0,0.54092276,395.70395
0.00046,1e-04,0.0,0.0,0.5593072,317.14914
0.00046,1e-04,0.0,0.1,0.5529448,390.90057
0.00046,1e-04,0.0,0.2,0.52579284,390.83127
0.00046,1e-04,0.0,0.3,0.5112033,390.70834
0.00046,1e-04,0.0,0.4,0.5422178,394.13956
0.00046,1e-04,0.0,0.5,0.54200715,394.4783
0.00046,1e-04,0.0,0.6,0.54148626,395.08023
0.00046,1e-04,0.0,0.7,0.54120517,395.3928
0.00046,1e-04,0.0,0.8,0.5410526,395.5607
0.00046,1e-04,0.0,0.9,0.54096854,395.6531
0.00046,1e-04,0.0,1.0,0.54092276,395.70398
0.00046,6.69e-05,1e-05,0.0,0.55931216,317.1607
0.00046,6.69e-05,1e-05,0.1,0.5529787,390.87555
0.00046,6.69e-05,1e-05,0.2,0.52578515,390.83466
0.00046,6.69e-05,1e-05,0.3,0.5112251,390.7295
0.00046,6.69e-05,1e-05,0.4,0.54221857,394.1385
0.00046,6.69e-05,1e-05,0.5,0.54200715,394.47833
0.00046,6.69e-05,1e-05,0.6,0.54148626,395.08023
0.00046,6.69e-05,1e-05,0.7,0.54120517,395.3928
0.00046,6.69e-05,1e-05,0.8,0.5410527,395.5607
0.00046,6.69e-05,1e-05,0.9,0.54096854,395.6531
0.00046,6.69e-05,1e-05,1.0,0.54092276,395.70395
0.00046,6.69e-05,0.0,0.0,0.55931246,317.1612
0.00046,6.69e-05,0.0,0.1,0.5529786,390.87552
0.00046,6.69e-05,0.0,0.2,0.525782,390.83765
0.00046,6.69e-05,0.0,0.3,0.51121724,390.73166
0.00046,6.69e-05,0.0,0.4,0.54221857,394.13858
0.00046,6.69e-05,0.0,0.5,0.54200727,394.47833
0.00046,6.69e-05,0.0,0.6,0.5414864,395.08023
0.00046,6.69e-05,0.0,0.7,0.54120517,395.3928
0.00046,6.69e-05,0.0,0.8,0.54105264,395.5607
0.00046,6.69e-05,0.0,0.9,0.54096854,395.6531
0.00046,6.69e-05,0.0,1.0,0.54092276,395.70395
0.00047,5.1e-05,0.0,0.0,0.5593147,317.16666
0.00047,5.1e-05,0.0,0.1,0.5529874,390.869
0.00047,5.1e-05,0.0,0.2,0.5257778,390.84045
0.00047,5.1e-05,0.0,0.3,0.5112159,390.74057
0.00047,5.1e-05,0.0,0.4,0.54221845,394.1385
0.00047,5.1e-05,0.0,0.5,0.5420069,394.47842
0.00047,5.1e-05,0.0,0.6,0.54148626,395.0803
0.00047,5.1e-05,0.0,0.7,0.54120517,395.3928
0.00047,5.1e-05,0.0,0.8,0.54105276,395.5607
0.00047,5.1e-05,0.0,0.9,0.54096866,395.65314
0.00047,5.1e-05,0.0,1.0,0.54092264,395.70404
0.00047,5.1e-05,1e-05,0.0,0.5593146,317.1662
0.00047,5.1e-05,1e-05,0.1,0.5529876,390.86902
0.00047,5.1e-05,1e-05,0.2,0.5257809,390.8376
0.00047,5.1e-05,1e-05,0.3,0.5112239,390.7385
0.00047,5.1e-05,1e-05,0.4,0.5422188,394.13837
0.00047,5.1e-05,1e-05,0.5,0.54200697,394.47842
0.00047,5.1e-05,1e-05,0.6,0.54148626,395.0803
0.00047,5.1e-05,1e-05,0.7,0.54120517,395.3928
0.00047,5.1e-05,1e-05,0.8,0.54105276,395.5607
0.00047,5.1e-05,1e-05,0.9,0.54096866,395.65314
0.00047,5.1e-05,1e-05,1.0,0.54092264,395.70404
0.000475,4.28e-05,5e-06,0.0,0.5593159,317.16928
0.000475,4.28e-05,5e-06,0.1,0.55299234,390.86572
0.000475,4.28e-05,5e-06,0.2,0.52577734,390.84048
0.000475,4.28e-05,5e-06,0.3,0.5112194,390.74405
0.000475,4.28e-05,5e-06,0.4,0.5422188,394.13837
0.000475,4.28e-05,5e-06,0.5,0.54200685,394.47852
0.000475,4.28e-05,5e-06,0.6,0.54148614,395.0803
0.000475,4.28e-05,5e-06,0.7,0.54120517,395.39282
0.000475,4.28e-05,5e-06,0.8,0.5410526,395.56073
0.000475,4.28e-05,5e-06,0.9,0.54096866,395.65314
0.000475,4.28e-05,5e-06,1.0,0.54092264,395.70407
0.00048,3.46e-05,0.0,0.0,0.55931723,317.17242
0.00048,3.46e-05,0.0,0.1,0.5529968,390.86224
0.00048,3.46e-05,0.0,0.2,0.5257733,390.84344
0.00048,3.46e-05,0.0,0.3,0.51121485,390.74973
0.00048,3.46e-05,0.0,0.4,0.5422187,394.13837
0.00048,3.46e-05,0.0,0.5,0.54200697,394.47852
0.00048,3.46e-05,0.0,0.6,0.541486,395.0803
0.00048,3.46e-05,0.0,0.7,0.54120505,395.39285
0.00048,3.46e-05,0.0,0.8,0.5410526,395.56073
0.00048,3.46e-05,0.0,0.9,0.54096866,395.65314
0.00048,3.46e-05,0.0,1.0,0.54092264,395.70407
0.00048,3.46e-05,1e-05,0.0,0.5593168,317.1719
0.00048,3.46e-05,1e-05,0.1,0.55299705,390.86218
0.00048,3.46e-05,1e-05,0.2,0.5257766,390.8406
0.00048,3.46e-05,1e-05,0.3,0.511223,390.74756
0.00048,3.46e-05,1e-05,0.4,0.5422188,394.13828
0.00048,3.46e-05,1e-05,0.5,0.5420069,394.47852
0.00048,3.46e-05,1e-05,0.6,0.54148614,395.0803
0.00048,3.46e-05,1e-05,0.7,0.54120505,395.39282
0.00048,3.46e-05,1e-05,0.8,0.5410526,395.56073
0.00048,3.46e-05,1e-05,0.9,0.54096866,395.65314
0.00048,3.46e-05,1e-05,1.0,0.54092264,395.70407
0.00049,1.73e-05,0.0,0.0,0.5593198,317.1784
0.00049,1.73e-05,0.0,0.1,0.5530071,390.8546
0.00049,1.73e-05,0.0,0.2,0.5257685,390.84674
0.00049,1.73e-05,0.0,0.3,0.51121426,390.75964
0.00049,1.73e-05,0.0,0.4,0.54221886,394.1382
0.00049,1.73e-05,0.0,0.5,0.5420068,394.47864
0.00049,1.73e-05,0.0,0.6,0.541486,395.08032
0.00049,1.73e-05,0.0,0.7,0.54120517,395.39285
0.00049,1.73e-05,0.0,0.8,0.5410526,395.56073
0.00049,1.73e-05,0.0,0.9,0.54096866,395.65314
0.00049,1.73e-05,0.0,1.0,0.5409225,395.7041
0.00049,1.73e-05,1e-05,0.0,0.5593196,317.17792
0.00049,1.73e-05,1e-05,0.1,0.55300725,390.8546
0.00049,1.73e-05,1e-05,0.2,0.5257717,390.84384
0.00049,1.73e-05,1e-05,0.3,0.51122236,390.7574
0.00049,1.73e-05,1e-05,0.4,0.5422189,394.13815
0.00049,1.73e-05,1e-05,0.5,0.5420068,394.47864
0.00049,1.73e-05,1e-05,0.6,0.54148614,395.08032
0.00049,1.73e-05,1e-05,0.7,0.54120517,395.39285
0.00049,1.73e-05,1e-05,0.8,0.5410526,395.56073
0.00049,1.73e-05,1e-05,0.9,0.54096866,395.65314
0.00049,1.73e-05,1e-05,1.0,0.5409225,395.7041
0.0005,0.0,1e-05,0.0,0.559322,317.18384
0.0005,0.0,1e-05,0.1,0.55301744,390.84717
0.0005,0.0,1e-05,0.2,0.5257668,390.8471
0.0005,0.0,1e-05,0.3,0.5112214,390.76743
0.0005,0.0,1e-05,0.4,0.54221904,394.13803
0.0005,0.0,1e-05,0.5,0.54200673,394.47876
0.0005,0.0,1e-05,0.6,0.54148614,395.0804
0.0005,0.0,1e-05,0.7,0.5412049,395.3929
0.0005,0.0,1e-05,0.8,0.54105246,395.56073
0.0005,0.0,1e-05,0.9,0.54096866,395.65314
0.0005,0.0,1e-05,1.0,0.5409226,395.7041
0.0005,0.0,0.0,0.0,0.55932224,317.18433
0.0005,0.0,0.0,0.1,0.5530174,390.8473
0.0005,0.0,0.0,0.2,0.5257634,390.85004
0.0005,0.0,0.0,0.3,0.51121354,390.7695
0.0005,0.0,0.0,0.4,0.5422188,394.13812
0.0005,0.0,0.0,0.5,0.5420066,394.47876
0.0005,0.0,0.0,0.6,0.54148614,395.0804
0.0005,0.0,0.0,0.7,0.5412049,395.3929
0.0005,0.0,0.0,0.8,0.54105246,395.56073
0.0005,0.0,0.0,0.9,0.54096866,395.65314
0.0005,0.0,0.0,1.0,0.5409225,395.7041
0.00046,1e-04,1e-05,0.0,0.55930716,317.1487
0.00046,1e-04,1e-05,0.1,0.5529448,390.90057
0.00046,1e-04,1e-05,0.2,0.5257963,390.82846
0.00046,1e-04,1e-05,0.3,0.5112114,390.7063
0.00046,1e-04,1e-05,0.4,0.5422181,394.13943
0.00046,1e-04,1e-05,0.5,0.54200715,394.4783
0.00046,1e-04,1e-05,0.6,0.54148626,395.08023
0.00046,1e-04,1e-05,0.7,0.5412053,395.3928
0.00046,1e-04,1e-05,0.8,0.54105264,395.5607
0.00046,1e-04,1e-05,0.9,0.54096854,395.6531
0.00046,1e-04,1e-05,1.0,0.54092276,395.70398
0.00047,8.27e-05,0.0,0.0,0.5593099,317.15515
0.00047,8.27e-05,0.0,0.1,0.552955,390.89294
0.00047,8.27e-05,0.0,0.2,0.52578795,390.83447
0.00047,8.27e-05,0.0,0.3,0.5112027,390.71832
0.00047,8.27e-05,0.0,0.4,0.5422181,394.1394
0.00047,8.27e-05,0.0,0.5,0.5420072,394.4784
0.00047,8.27e-05,0.0,0.6,0.54148626,395.08026
0.00047,8.27e-05,0.0,0.7,0.54120505,395.3928
0.00047,8.27e-05,0.0,0.8,0.54105276,395.5607
0.00047,8.27e-05,0.0,0.9,0.54096866,395.65314
0.00047,8.27e-05,0.0,1.0,0.54092264,395.704
0.00047,8.27e-05,1e-05,0.0,0.5593097,317.15466
0.00047,8.27e-05,1e-05,0.1,0.55295515,390.89294
0.00047,8.27e-05,1e-05,0.2,0.5257914,390.8315
0.00047,8.27e-05,1e-05,0.3,0.51121086,390.71603
0.00047,8.27e-05,1e-05,0.4,0.5422182,394.13928
0.00047,8.27e-05,1e-05,0.5,0.5420071,394.4784
0.00047,8.27e-05,1e-05,0.6,0.54148626,395.0803
0.00047,8.27e-05,1e-05,0.7,0.54120517,395.3928
0.00047,8.27e-05,1e-05,0.8,0.5410527,395.5607
0.00047,8.27e-05,1e-05,0.9,0.54096854,395.65314
0.00047,8.27e-05,1e-05,1.0,0.54092264,395.704
0.00048,1e-04,0.0,0.0,0.5593071,317.14853
0.00048,1e-04,0.0,0.1,0.55292964,390.9115
0.00048,1e-04,0.0,0.2,0.5257945,390.8312
0.00048,1e-04,0.0,0.3,0.5111876,390.70374
0.00048,1e-04,0.0,0.4,0.5422175,394.14008
0.00048,1e-04,0.0,0.5,0.542007,394.47842
0.00048,1e-04,0.0,0.6,0.54148614,395.0803
0.00048,1e-04,0.0,0.7,0.54120505,395.39285
0.00048,1e-04,0.0,0.8,0.5410525,395.56073
0.00048,1e-04,0.0,0.9,0.5409688,395.65314
0.00048,1e-04,0.0,1.0,0.5409226,395.7041
0.00048,6.69e-05,1e-05,0.0,0.55931205,317.1601
0.00048,6.69e-05,1e-05,0.1,0.5529636,390.8866
0.00048,6.69e-05,1e-05,0.2,0.52578694,390.83456
0.00048,6.69e-05,1e-05,0.3,0.5112097,390.7246
0.00048,6.69e-05,1e-05,0.4,0.54221785,394.13916
0.00048,6.69e-05,1e-05,0.5,0.5420068,394.47852
0.00048,6.69e-05,1e-05,0.6,0.54148626,395.0803
0.00048,6.69e-05,1e-05,0.7,0.54120505,395.39285
0.00048,6.69e-05,1e-05,0.8,0.5410526,395.56073
0.00048,6.69e-05,1e-05,0.9,0.54096866,395.65314
0.00048,6.69e-05,1e-05,1.0,0.54092264,395.7041
0.00048,6.69e-05,0.0,0.0,0.55931216,317.16055
0.00048,6.69e-05,0.0,0.1,0.5529636,390.88657
0.00048,6.69e-05,0.0,0.2,0.52578384,390.83746
0.00048,6.69e-05,0.0,0.3,0.51120156,390.72684
0.00048,6.69e-05,0.0,0.4,0.542218,394.13928
0.00048,6.69e-05,0.0,0.5,0.54200685,394.47852
0.00048,6.69e-05,0.0,0.6,0.54148626,395.0803
0.00048,6.69e-05,0.0,0.7,0.54120517,395.39285
0.00048,6.69e-05,0.0,0.8,0.5410526,395.56073
0.00048,6.69e-05,0.0,0.9,0.5409688,395.65314
0.00048,6.69e-05,0.0,1.0,0.54092264,395.7041
0.00049,5.1e-05,1e-05,0.0,0.55931425,317.16556
0.00049,5.1e-05,1e-05,0.1,0.5529726,390.8801
0.00049,5.1e-05,1e-05,0.2,0.5257827,390.83762
0.00049,5.1e-05,1e-05,0.3,0.5112084,390.7335
0.00049,5.1e-05,1e-05,0.4,0.54221815,394.1391
0.00049,5.1e-05,1e-05,0.5,0.54200685,394.47858
0.00049,5.1e-05,1e-05,0.6,0.54148614,395.08032
0.00049,5.1e-05,1e-05,0.7,0.54120517,395.39285
0.00049,5.1e-05,1e-05,0.8,0.5410526,395.56073
0.00049,5.1e-05,1e-05,0.9,0.54096866,395.65314
0.00049,5.1e-05,1e-05,1.0,0.5409226,395.7041
0.00049,5.1e-05,0.0,0.0,0.5593145,317.16608
0.00049,5.1e-05,0.0,0.1,0.5529726,390.8801
0.00049,5.1e-05,0.0,0.2,0.5257795,390.84042
0.00049,5.1e-05,0.0,0.3,0.5112004,390.7357
0.00049,5.1e-05,0.0,0.4,0.5422181,394.13913
0.00049,5.1e-05,0.0,0.5,0.54200685,394.47858
0.00049,5.1e-05,0.0,0.6,0.541486,395.0803
0.00049,5.1e-05,0.0,0.7,0.5412053,395.39285
0.00049,5.1e-05,0.0,0.8,0.5410526,395.56073
0.00049,5.1e-05,0.0,0.9,0.54096866,395.65314
0.00049,5.1e-05,0.0,1.0,0.5409225,395.7041
0.0005,3.46e-05,0.0,0.0,0.5593169,317.17178
0.0005,3.46e-05,0.0,0.1,0.55298173,390.8732
0.0005,3.46e-05,0.0,0.2,0.5257749,390.84344
0.0005,3.46e-05,0.0,0.3,0.51119953,390.74484
0.0005,3.46e-05,0.0,0.4,0.54221797,394.1391
0.0005,3.46e-05,0.0,0.5,0.54200685,394.4787
0.0005,3.46e-05,0.0,0.6,0.541486,395.08032
0.0005,3.46e-05,0.0,0.7,0.5412049,395.3929
0.0005,3.46e-05,0.0,0.8,0.54105246,395.56076
0.0005,3.46e-05,0.0,0.9,0.54096866,395.65314
0.0005,3.46e-05,0.0,1.0,0.5409226,395.70413
0.0005,3.46e-05,1e-05,0.0,0.5593166,317.17117
0.0005,3.46e-05,1e-05,0.1,0.552982,390.87317
0.0005,3.46e-05,1e-05,0.2,0.52577823,390.84058
0.0005,3.46e-05,1e-05,0.3,0.5112076,390.74268
0.0005,3.46e-05,1e-05,0.4,0.5422181,394.13892
0.0005,3.46e-05,1e-05,0.5,0.5420069,394.4787
0.0005,3.46e-05,1e-05,0.6,0.54148614,395.08032
0.0005,3.46e-05,1e-05,0.7,0.5412049,395.3929
0.0005,3.46e-05,1e-05,0.8,0.54105246,395.56073
0.0005,3.46e-05,1e-05,0.9,0.5409688,395.65314
0.0005,3.46e-05,1e-05,1.0,0.5409226,395.7041
0.00051,1.73e-05,0.0,0.0,0.5593196,317.1778
0.00051,1.73e-05,0.0,0.1,0.5529922,390.8658
0.00051,1.73e-05,0.0,0.2,0.5257702,390.84674
0.00051,1.73e-05,0.0,0.3,0.5111988,390.7548
0.00051,1.73e-05,0.0,0.4,0.5422181,394.13885
0.00051,1.73e-05,0.0,0.5,0.5420066,394.47876
0.00051,1.73e-05,0.0,0.6,0.54148614,395.0804
0.00051,1.73e-05,0.0,0.7,0.54120505,395.3929
0.00051,1.73e-05,0.0,0.8,0.54105246,395.56076
0.00051,1.73e-05,0.0,0.9,0.54096866,395.65314
0.00051,1.73e-05,0.0,1.0,0.5409225,395.70413
0.00051,1.73e-05,1e-05,0.0,0.55931914,317.1773
0.00051,1.73e-05,1e-05,0.1,0.55299234,390.8658
0.00051,1.73e-05,1e-05,0.2,0.5257734,390.8438
0.00051,1.73e-05,1e-05,0.3,0.51120687,390.7526
0.00051,1.73e-05,1e-05,0.4,0.54221845,394.13873
0.00051,1.73e-05,1e-05,0.5,0.54200673,394.47876
0.00051,1.73e-05,1e-05,0.6,0.54148614,395.0804
0.00051,1.73e-05,1e-05,0.7,0.54120517,395.3929
0.00051,1.73e-05,1e-05,0.8,0.54105246,395.56076
0.00051,1.73e-05,1e-05,0.9,0.54096866,395.65314
0.00051,1.73e-05,1e-05,1.0,0.5409225,395.70413
0.00052,0.0,1e-05,0.0,0.55932176,317.1832
0.00052,0.0,1e-05,0.1,0.55300254,390.85815
0.00052,0.0,1e-05,0.2,0.52576864,390.847
0.00052,0.0,1e-05,0.3,0.5112065,390.76236
0.00052,0.0,1e-05,0.4,0.5422183,394.13858
0.00052,0.0,1e-05,0.5,0.54200655,394.47885
0.00052,0.0,1e-05,0.6,0.54148614,395.08047
0.00052,0.0,1e-05,0.7,0.5412049,395.3929
0.00052,0.0,1e-05,0.8,0.54105234,395.5608
0.00052,0.0,1e-05,0.9,0.54096854,395.6532
0.00052,0.0,1e-05,1.0,0.5409226,395.70413
0.00052,0.0,0.0,0.0,0.559322,317.1837
0.00052,0.0,0.0,0.1,0.55300236,390.85822
0.00052,0.0,0.0,0.2,0.52576536,390.84998
0.00052,0.0,0.0,0.3,0.51119804,390.7645
0.00052,0.0,0.0,0.4,0.54221845,394.13873
0.00052,0.0,0.0,0.5,0.5420066,394.47885
0.00052,0.0,0.0,0.6,0.54148614,395.08047
0.00052,0.0,0.0,0.7,0.5412049,395.3929
0.00052,0.0,0.0,0.8,0.54105246,395.5608
0.00052,0.0,0.0,0.9,0.54096866,395.6532
0.00052,0.0,0.0,1.0,0.5409226,395.70413
0.00048,1e-04,1e-05,0.0,0.559307,317.14798
0.00048,1e-04,1e-05,0.1,0.5529295,390.9116
0.00048,1e-04,1e-05,0.2,0.5257981,390.82846
0.00048,1e-04,1e-05,0.3,0.5111958,390.7016
0.00048,1e-04,1e-05,0.4,0.54221755,394.14
0.00048,1e-04,1e-05,0.5,0.5420071,394.47842
0.00048,1e-04,1e-05,0.6,0.54148614,395.0803
0.00048,1e-04,1e-05,0.7,0.54120505,395.39285
0.00048,1e-04,1e-05,0.8,0.5410525,395.56073
0.00048,1e-04,1e-05,0.9,0.5409688,395.65314
0.00048,1e-04,1e-05,1.0,0.54092264,395.7041
0.00049,8.27e-05,0.0,0.0,0.55930984,317.1545
0.00049,8.27e-05,0.0,0.1,0.5529399,390.9041
0.00049,8.27e-05,0.0,0.2,0.5257898,390.83426
0.00049,8.27e-05,0.0,0.3,0.5111871,390.71356
0.00049,8.27e-05,0.0,0.4,0.5422176,394.13998
0.00049,8.27e-05,0.0,0.5,0.5420069,394.47852
0.00049,8.27e-05,0.0,0.6,0.541486,395.0803
0.00049,8.27e-05,0.0,0.7,0.54120517,395.39285
0.00049,8.27e-05,0.0,0.8,0.54105246,395.56073
0.00049,8.27e-05,0.0,0.9,0.5409688,395.65314
0.00049,8.27e-05,0.0,1.0,0.5409226,395.7041
0.00049,8.27e-05,1e-05,0.0,0.5593094,317.15402
0.00049,8.27e-05,1e-05,0.1,0.55294013,390.90405
0.00049,8.27e-05,1e-05,0.2,0.5257931,390.83154
0.00049,8.27e-05,1e-05,0.3,0.5111953,390.71124
0.00049,8.27e-05,1e-05,0.4,0.5422176,394.13986
0.00049,8.27e-05,1e-05,0.5,0.54200697,394.47852
0.00049,8.27e-05,1e-05,0.6,0.541486,395.0803
0.00049,8.27e-05,1e-05,0.7,0.54120505,395.39285
0.00049,8.27e-05,1e-05,0.8,0.5410526,395.56073
0.00049,8.27e-05,1e-05,0.9,0.5409688,395.65314
0.00049,8.27e-05,1e-05,1.0,0.5409226,395.7041
0.0005,1e-04,0.0,0.0,0.559307,317.1479
0.0005,1e-04,0.0,0.1,0.5529144,390.9228
0.0005,1e-04,0.0,0.2,0.5257963,390.8311
0.0005,1e-04,0.0,0.3,0.51117206,390.69934
0.0005,1e-04,0.0,0.4,0.54221696,394.1406
0.0005,1e-04,0.0,0.5,0.5420069,394.47852
0.0005,1e-04,0.0,0.6,0.541486,395.08032
0.0005,1e-04,0.0,0.7,0.5412049,395.3929
0.0005,1e-04,0.0,0.8,0.54105246,395.56076
0.0005,1e-04,0.0,0.9,0.54096866,395.65314
0.0005,1e-04,0.0,1.0,0.5409225,395.70413
0.0005,6.69e-05,1e-05,0.0,0.5593116,317.15958
0.0005,6.69e-05,1e-05,0.1,0.5529487,390.89777
0.0005,6.69e-05,1e-05,0.2,0.52578866,390.83444
0.0005,6.69e-05,1e-05,0.3,0.5111942,390.7198
0.0005,6.69e-05,1e-05,0.4,0.5422175,394.13974
0.0005,6.69e-05,1e-05,0.5,0.54200685,394.47864
0.0005,6.69e-05,1e-05,0.6,0.541486,395.08032
0.0005,6.69e-05,1e-05,0.7,0.5412049,395.3929
0.0005,6.69e-05,1e-05,0.8,0.54105246,395.56076
0.0005,6.69e-05,1e-05,0.9,0.54096866,395.65314
0.0005,6.69e-05,1e-05,1.0,0.54092246,395.70413
0.0005,6.69e-05,0.0,0.0,0.5593121,317.16
0.0005,6.69e-05,0.0,0.1,0.5529487,390.89764
0.0005,6.69e-05,0.0,0.2,0.52578545,390.83734
0.0005,6.69e-05,0.0,0.3,0.5111858,390.72226
0.0005,6.69e-05,0.0,0.4,0.5422175,394.13986
0.0005,6.69e-05,0.0,0.5,0.54200685,394.47864
0.0005,6.69e-05,0.0,0.6,0.541486,395.08032
0.0005,6.69e-05,0.0,0.7,0.54120505,395.3929
0.0005,6.69e-05,0.0,0.8,0.54105246,395.56076
0.0005,6.69e-05,0.0,0.9,0.54096866,395.65314
0.0005,6.69e-05,0.0,1.0,0.54092246,395.70413
0.00051,5.1e-05,1e-05,0.0,0.559314,317.16504
0.00051,5.1e-05,1e-05,0.1,0.5529574,390.8913
0.00051,5.1e-05,1e-05,0.2,0.5257845,390.83746
0.00051,5.1e-05,1e-05,0.3,0.5111929,390.7287
0.00051,5.1e-05,1e-05,0.4,0.54221755,394.13962
0.00051,5.1e-05,1e-05,0.5,0.54200673,394.47873
0.00051,5.1e-05,1e-05,0.6,0.541486,395.0804
0.00051,5.1e-05,1e-05,0.7,0.54120505,395.3929
0.00051,5.1e-05,1e-05,0.8,0.54105246,395.56076
0.00051,5.1e-05,1e-05,0.9,0.54096866,395.65314
0.00051,5.1e-05,1e-05,1.0,0.5409226,395.70413
0.00051,5.1e-05,0.0,0.0,0.5593142,317.1654
0.00051,5.1e-05,0.0,0.1,0.55295753,390.89114
0.00051,5.1e-05,0.0,0.2,0.5257812,390.84033
0.00051,5.1e-05,0.0,0.3,0.51118493,390.73087
0.00051,5.1e-05,0.0,0.4,0.5422175,394.13974
0.00051,5.1e-05,0.0,0.5,0.54200673,394.47873
0.00051,5.1e-05,0.0,0.6,0.541486,395.0804
0.00051,5.1e-05,0.0,0.7,0.54120505,395.3929
0.00051,5.1e-05,0.0,0.8,0.54105246,395.56076
0.00051,5.1e-05,0.0,0.9,0.54096866,395.65314
0.00051,5.1e-05,0.0,1.0,0.54092264,395.70413
0.00052,3.46e-05,0.0,0.0,0.5593166,317.17105
0.00052,3.46e-05,0.0,0.1,0.5529671,390.88422
0.00052,3.46e-05,0.0,0.2,0.52577686,390.84317
0.00052,3.46e-05,0.0,0.3,0.5111839,390.74008
0.00052,3.46e-05,0.0,0.4,0.5422175,394.13965
0.00052,3.46e-05,0.0,0.5,0.54200673,394.47876
0.00052,3.46e-05,0.0,0.6,0.54148614,395.08044
0.00052,3.46e-05,0.0,0.7,0.5412049,395.3929
0.00052,3.46e-05,0.0,0.8,0.54105234,395.5608
0.00052,3.46e-05,0.0,0.9,0.54096854,395.65323
0.00052,3.46e-05,0.0,1.0,0.5409226,395.70413
0.00052,3.46e-05,1e-05,0.0,0.55931646,317.1706
0.00052,3.46e-05,1e-05,0.1,0.55296695,390.88422
0.00052,3.46e-05,1e-05,0.2,0.52577996,390.8404
0.00052,3.46e-05,1e-05,0.3,0.51119196,390.73776
0.00052,3.46e-05,1e-05,0.4,0.54221797,394.13956
0.00052,3.46e-05,1e-05,0.5,0.54200673,394.47876
0.00052,3.46e-05,1e-05,0.6,0.54148614,395.08044
0.00052,3.46e-05,1e-05,0.7,0.54120505,395.3929
0.00052,3.46e-05,1e-05,0.8,0.54105234,395.5608
0.00052,3.46e-05,1e-05,0.9,0.54096854,395.6532
0.00052,3.46e-05,1e-05,1.0,0.5409225,395.70413
0.00053,1.73e-05,0.0,0.0,0.55931926,317.1771
0.00053,1.73e-05,0.0,0.1,0.552977,390.8768
0.00053,1.73e-05,0.0,0.2,0.525772,390.84653
0.00053,1.73e-05,0.0,0.3,0.5111834,390.7498
0.00053,1.73e-05,0.0,0.4,0.54221785,394.13956
0.00053,1.73e-05,0.0,0.5,0.54200655,394.47885
0.00053,1.73e-05,0.0,0.6,0.541486,395.08047
0.00053,1.73e-05,0.0,0.7,0.5412049,395.39297
0.00053,1.73e-05,0.0,0.8,0.5410526,395.56085
0.00053,1.73e-05,0.0,0.9,0.54096854,395.65323
0.00053,1.73e-05,0.0,1.0,0.5409225,395.70413
0.00053,1.73e-05,1e-05,0.0,0.5593191,317.17657
0.00053,1.73e-05,1e-05,0.1,0.5529772,390.8767
0.00053,1.73e-05,1e-05,0.2,0.5257751,390.8436
0.00053,1.73e-05,1e-05,0.3,0.5111915,390.74762
0.00053,1.73e-05,1e-05,0.4,0.54221773,394.13937
0.00053,1.73e-05,1e-05,0.5,0.5420066,394.47885
0.00053,1.73e-05,1e-05,0.6,0.541486,395.08047
0.00053,1.73e-05,1e-05,0.7,0.5412049,395.39297
0.00053,1.73e-05,1e-05,0.8,0.5410526,395.56085
0.00053,1.73e-05,1e-05,0.9,0.5409686,395.65323
0.00053,1.73e-05,1e-05,1.0,0.54092246,395.70413
0.00054,0.0,1e-05,0.0,0.5593215,317.18262
0.00054,0.0,1e-05,0.1,0.5529876,390.8691
0.00054,0.0,1e-05,0.2,0.5257703,390.8469
0.00054,0.0,1e-05,0.3,0.51119065,390.7575
0.00054,0.0,1e-05,0.4,0.54221785,394.13925
0.00054,0.0,1e-05,0.5,0.54200655,394.4789
0.00054,0.0,1e-05,0.6,0.5414859,395.08054
0.00054,0.0,1e-05,0.7,0.54120487,395.39297
0.00054,0.0,1e-05,0.8,0.54105246,395.56088
0.00054,0.0,1e-05,0.9,0.54096854,395.65323
0.00054,0.0,1e-05,1.0,0.5409226,395.70413
0.00054,6.93e-06,5e-06,0.0,0.55932057,317.18027
0.00054,6.93e-06,5e-06,0.1,0.5529803,390.8744
0.00054,6.93e-06,5e-06,0.2,0.52577096,390.84705
0.00054,6.93e-06,5e-06,0.3,0.511184,390.7536
0.00054,6.93e-06,5e-06,0.4,0.54221773,394.1395
0.00054,6.93e-06,5e-06,0.5,0.54200655,394.4789
0.00054,6.93e-06,5e-06,0.6,0.5414859,395.08054
0.00054,6.93e-06,5e-06,0.7,0.54120487,395.39297
0.00054,6.93e-06,5e-06,0.8,0.5410526,395.56088
0.00054,6.93e-06,5e-06,0.9,0.5409686,395.65323
0.00054,6.93e-06,5e-06,1.0,0.5409226,395.70416
0.00054,0.0,0.0,0.0,0.5593218,317.18314
0.00054,0.0,0.0,0.1,0.55298764,390.86917
0.00054,0.0,0.0,0.2,0.52576697,390.8498
0.00054,0.0,0.0,0.3,0.5111829,390.75964
0.00054,0.0,0.0,0.4,0.54221773,394.13934
0.00054,0.0,0.0,0.5,0.5420066,394.4789
0.00054,0.0,0.0,0.6,0.54148597,395.0805
0.00054,0.0,0.0,0.7,0.5412048,395.39297
0.00054,0.0,0.0,0.8,0.5410526,395.56088
0.00054,0.0,0.0,0.9,0.54096866,395.65323
0.00054,0.0,0.0,1.0,0.5409226,395.70413
0.0005,1e-04,1e-05,0.0,0.5593068,317.14734
0.0005,1e-04,1e-05,0.1,0.5529145,390.9228
0.0005,1e-04,1e-05,0.2,0.5257994,390.8284
0.0005,1e-04,1e-05,0.3,0.51118004,390.69714
0.0005,1e-04,1e-05,0.4,0.54221696,394.14047
0.0005,1e-04,1e-05,0.5,0.54200685,394.47852
0.0005,1e-04,1e-05,0.6,0.541486,395.08032
0.0005,1e-04,1e-05,0.7,0.5412049,395.3929
0.0005,1e-04,1e-05,0.8,0.5410526,395.56076
0.0005,1e-04,1e-05,0.9,0.5409688,395.65314
0.0005,1e-04,1e-05,1.0,0.5409225,395.70413
0.00051,8.27e-05,0.0,0.0,0.5593093,317.15384
0.00051,8.27e-05,0.0,0.1,0.5529249,390.91507
0.00051,8.27e-05,0.0,0.2,0.5257914,390.8343
0.00051,8.27e-05,0.0,0.3,0.51117146,390.70908
0.00051,8.27e-05,0.0,0.4,0.5422169,394.1404
0.00051,8.27e-05,0.0,0.5,0.54200673,394.47864
0.00051,8.27e-05,0.0,0.6,0.54148614,395.0804
0.00051,8.27e-05,0.0,0.7,0.54120505,395.3929
0.00051,8.27e-05,0.0,0.8,0.54105234,395.56076
0.00051,8.27e-05,0.0,0.9,0.54096854,395.6532
0.00051,8.27e-05,0.0,1.0,0.5409226,395.70413
0.00051,8.27e-05,1e-05,0.0,0.55930924,317.15338
0.00051,8.27e-05,1e-05,0.1,0.552925,390.9151
0.00051,8.27e-05,1e-05,0.2,0.52579474,390.83142
0.00051,8.27e-05,1e-05,0.3,0.5111797,390.7068
0.00051,8.27e-05,1e-05,0.4,0.5422171,394.14035
0.00051,8.27e-05,1e-05,0.5,0.54200685,394.47864
0.00051,8.27e-05,1e-05,0.6,0.54148614,395.0804
0.00051,8.27e-05,1e-05,0.7,0.54120505,395.3929
0.00051,8.27e-05,1e-05,0.8,0.54105234,395.56076
0.00051,8.27e-05,1e-05,0.9,0.54096866,395.6532
0.00051,8.27e-05,1e-05,1.0,0.54092264,395.70413
0.00052,1e-04,0.0,0.0,0.5593067,317.14722
0.00052,1e-04,0.0,0.1,0.5528991,390.93387
0.00052,1e-04,0.0,0.2,0.52579784,390.83115
0.00052,1e-04,0.0,0.3,0.5111562,390.69498
0.00052,1e-04,0.0,0.4,0.5422162,394.1412
0.00052,1e-04,0.0,0.5,0.5420068,394.47867
0.00052,1e-04,0.0,0.6,0.54148614,395.0804
0.00052,1e-04,0.0,0.7,0.5412049,395.3929
0.00052,1e-04,0.0,0.8,0.54105234,395.56082
0.00052,1e-04,0.0,0.9,0.54096854,395.65323
0.00052,1e-04,0.0,1.0,0.54092246,395.70413
0.00052,6.69e-05,0.0,0.0,0.55931175,317.15933
0.00052,6.69e-05,0.0,0.1,0.55293363,390.90875
0.00052,6.69e-05,0.0,0.2,0.5257871,390.83725
0.00052,6.69e-05,0.0,0.3,0.5111704,390.71756
0.00052,6.69e-05,0.0,0.4,0.542217,394.14035
0.00052,6.69e-05,0.0,0.5,0.54200685,394.47876
0.00052,6.69e-05,0.0,0.6,0.54148626,395.0804
0.00052,6.69e-05,0.0,0.7,0.5412049,395.3929
0.00052,6.69e-05,0.0,0.8,0.5410522,395.5608
0.00052,6.69e-05,0.0,0.9,0.54096854,395.65323
0.00052,6.69e-05,0.0,1.0,0.5409226,395.70413
0.00052,6.69e-05,1e-05,0.0,0.5593115,317.1588
0.00052,6.69e-05,1e-05,0.1,0.5529337,390.90875
0.00052,6.69e-05,1e-05,0.2,0.5257903,390.8344
0.00052,6.69e-05,1e-05,0.3,0.5111785,390.71536
0.00052,6.69e-05,1e-05,0.4,0.54221714,394.14026
0.00052,6.69e-05,1e-05,0.5,0.54200673,394.47876
0.00052,6.69e-05,1e-05,0.6,0.54148614,395.0804
0.00052,6.69e-05,1e-05,0.7,0.5412049,395.3929
0.00052,6.69e-05,1e-05,0.8,0.54105234,395.5608
0.00052,6.69e-05,1e-05,0.9,0.54096854,395.65323
0.00052,6.69e-05,1e-05,1.0,0.5409225,395.70413
0.00053,5.1e-05,1e-05,0.0,0.5593141,317.16434
0.00053,5.1e-05,1e-05,0.1,0.5529424,390.90228
0.00053,5.1e-05,1e-05,0.2,0.52578616,390.83737
0.00053,5.1e-05,1e-05,0.3,0.5111773,390.7241
0.00053,5.1e-05,1e-05,0.4,0.54221714,394.1402
0.00053,5.1e-05,1e-05,0.5,0.5420066,394.4788
0.00053,5.1e-05,1e-05,0.6,0.541486,395.08047
0.00053,5.1e-05,1e-05,0.7,0.5412049,395.39294
0.00053,5.1e-05,1e-05,0.8,0.5410526,395.56085
0.00053,5.1e-05,1e-05,0.9,0.54096854,395.65323
0.00053,5.1e-05,1e-05,1.0,0.54092246,395.70413
0.00053,5.1e-05,0.0,0.0,0.559314,317.16483
0.00053,5.1e-05,0.0,0.1,0.5529424,390.90228
0.00053,5.1e-05,0.0,0.2,0.5257828,390.84024
0.00053,5.1e-05,0.0,0.3,0.5111691,390.72623
0.00053,5.1e-05,0.0,0.4,0.54221714,394.14023
0.00053,5.1e-05,0.0,0.5,0.5420066,394.47882
0.00053,5.1e-05,0.0,0.6,0.541486,395.08047
0.00053,5.1e-05,0.0,0.7,0.5412049,395.39297
0.00053,5.1e-05,0.0,0.8,0.5410526,395.56085
0.00053,5.1e-05,0.0,0.9,0.54096854,395.65323
0.00053,5.1e-05,0.0,1.0,0.54092246,395.70413
0.00054,3.46e-05,0.0,0.0,0.5593165,317.1705
0.00054,3.46e-05,0.0,0.1,0.55295193,390.89536
0.00054,3.46e-05,0.0,0.2,0.52577806,390.84338
0.00054,3.46e-05,0.0,0.3,0.51116836,390.73547
0.00054,3.46e-05,0.0,0.4,0.5422171,394.1402
0.00054,3.46e-05,0.0,0.5,0.5420066,394.47888
0.00054,3.46e-05,0.0,0.6,0.541486,395.08047
0.00054,3.46e-05,0.0,0.7,0.54120487,395.39297
0.00054,3.46e-05,0.0,0.8,0.5410526,395.56088
0.00054,3.46e-05,0.0,0.9,0.54096854,395.65323
0.00054,3.46e-05,0.0,1.0,0.5409225,395.70416
0.00054,3.46e-05,1e-05,0.0,0.5593164,317.16998
0.00054,3.46e-05,1e-05,0.1,0.55295193,390.89542
0.00054,3.46e-05,1e-05,0.2,0.5257815,390.84055
0.00054,3.46e-05,1e-05,0.3,0.5111765,390.73306
0.00054,3.46e-05,1e-05,0.4,0.54221725,394.14014
0.00054,3.46e-05,1e-05,0.5,0.5420066,394.47888
0.00054,3.46e-05,1e-05,0.6,0.541486,395.08047
0.00054,3.46e-05,1e-05,0.7,0.54120487,395.39297
0.00054,3.46e-05,1e-05,0.8,0.5410526,395.56088
0.00054,3.46e-05,1e-05,0.9,0.54096854,395.65323
0.00054,3.46e-05,1e-05,1.0,0.5409225,395.70416
0.00055,1.73e-05,0.0,0.0,0.5593192,317.17645
0.00055,1.73e-05,0.0,0.1,0.5529624,390.8878
0.00055,1.73e-05,0.0,0.2,0.5257733,390.84653
0.00055,1.73e-05,0.0,0.3,0.5111679,390.74512
0.00055,1.73e-05,0.0,0.4,0.54221725,394.1401
0.00055,1.73e-05,0.0,0.5,0.54200655,394.47894
0.00055,1.73e-05,0.0,0.6,0.54148597,395.08057
0.00055,1.73e-05,0.0,0.7,0.54120487,395.39304
0.00055,1.73e-05,0.0,0.8,0.5410526,395.5609
0.00055,1.73e-05,0.0,0.9,0.5409686,395.65326
0.00055,1.73e-05,0.0,1.0,0.5409225,395.70416
0.00055,1.73e-05,1e-05,0.0,0.5593191,317.176
0.00055,1.73e-05,1e-05,0.1,0.5529624,390.88782
0.00055,1.73e-05,1e-05,0.2,0.52577686,390.84344
0.00055,1.73e-05,1e-05,0.3,0.5111761,390.7428
0.00055,1.73e-05,1e-05,0.4,0.5422174,394.14
0.00055,1.73e-05,1e-05,0.5,0.5420065,394.47894
0.00055,1.73e-05,1e-05,0.6,0.54148597,395.0806
0.00055,1.73e-05,1e-05,0.7,0.5412049,395.39304
0.00055,1.73e-05,1e-05,0.8,0.54105246,395.5609
0.00055,1.73e-05,1e-05,0.9,0.5409686,395.65326
0.00055,1.73e-05,1e-05,1.0,0.5409225,395.70416
0.00056,0.0,1e-05,0.0,0.5593215,317.18204
0.00056,0.0,1e-05,0.1,0.55297244,390.88034
0.00056,0.0,1e-05,0.2,0.52577186,390.8469
0.00056,0.0,1e-05,0.3,0.5111754,390.7526
0.00056,0.0,1e-05,0.4,0.5422174,394.1399
0.00056,0.0,1e-05,0.5,0.5420065,394.47906
0.00056,0.0,1e-05,0.6,0.5414859,395.08063
0.00056,0.0,1e-05,0.7,0.54120487,395.39307
0.00056,0.0,1e-05,0.8,0.54105246,395.5609
0.00056,0.0,1e-05,0.9,0.54096866,395.6533
0.00056,0.0,1e-05,1.0,0.54092246,395.70416
0.00056,0.0,0.0,0.0,0.5593217,317.18246
0.00056,0.0,0.0,0.1,0.55297244,390.88034
0.00056,0.0,0.0,0.2,0.5257689,390.84973
0.00056,0.0,0.0,0.3,0.51116747,390.75488
0.00056,0.0,0.0,0.4,0.5422174,394.13998
0.00056,0.0,0.0,0.5,0.5420065,394.47906
0.00056,0.0,0.0,0.6,0.5414859,395.08063
0.00056,0.0,0.0,0.7,0.5412048,395.39307
0.00056,0.0,0.0,0.8,0.54105246,395.5609
0.00056,0.0,0.0,0.9,0.5409686,395.6533
0.00056,0.0,0.0,1.0,0.54092246,395.70416
0.00052,1e-04,1e-05,0.0,0.5593066,317.14664
0.00052,1e-04,1e-05,0.1,0.55289936,390.93384
0.00052,1e-04,1e-05,0.2,0.5258012,390.82834
0.00052,1e-04,1e-05,0.3,0.51116437,390.69257
0.00052,1e-04,1e-05,0.4,0.54221636,394.14102
0.00052,1e-04,1e-05,0.5,0.5420068,394.47867
0.00052,1e-04,1e-05,0.6,0.541486,395.0804
0.00052,1e-04,1e-05,0.7,0.5412049,395.3929
0.00052,1e-04,1e-05,0.8,0.54105234,395.56082
0.00052,1e-04,1e-05,0.9,0.54096854,395.65323
0.00052,1e-04,1e-05,1.0,0.5409225,395.70413
0.00053,8.27e-05,0.0,0.0,0.55930936,317.1533
0.00053,8.27e-05,0.0,0.1,0.5529096,390.92627
0.00053,8.27e-05,0.0,0.2,0.52579296,390.83432
0.00053,8.27e-05,0.0,0.3,0.51115584,390.70453
0.00053,8.27e-05,0.0,0.4,0.54221654,394.14096
0.00053,8.27e-05,0.0,0.5,0.54200673,394.47876
0.00053,8.27e-05,0.0,0.6,0.54148614,395.08047
0.00053,8.27e-05,0.0,0.7,0.5412049,395.39297
0.00053,8.27e-05,0.0,0.8,0.5410526,395.56085
0.00053,8.27e-05,0.0,0.9,0.5409686,395.65323
0.00053,8.27e-05,0.0,1.0,0.5409226,395.70413
0.00053,8.27e-05,1e-05,0.0,0.5593091,317.1527
0.00053,8.27e-05,1e-05,0.1,0.5529097,390.9262
0.00053,8.27e-05,1e-05,0.2,0.5257963,390.8315
0.00053,8.27e-05,1e-05,0.3,0.51116407,390.70224
0.00053,8.27e-05,1e-05,0.4,0.5422166,394.14084
0.00053,8.27e-05,1e-05,0.5,0.5420066,394.47876
0.00053,8.27e-05,1e-05,0.6,0.54148614,395.08047
0.00053,8.27e-05,1e-05,0.7,0.5412049,395.39297
0.00053,8.27e-05,1e-05,0.8,0.5410526,395.56085
0.00053,8.27e-05,1e-05,0.9,0.5409686,395.65323
0.00053,8.27e-05,1e-05,1.0,0.5409226,395.70416
0.00054,1e-04,0.0,0.0,0.5593066,317.14655
0.00054,1e-04,0.0,0.1,0.55288434,390.9451
0.00054,1e-04,0.0,0.2,0.5257994,390.83124
0.00054,1e-04,0.0,0.3,0.5111401,390.69077
0.00054,1e-04,0.0,0.4,0.5422158,394.14178
0.00054,1e-04,0.0,0.5,0.5420067,394.4788
0.00054,1e-04,0.0,0.6,0.541486,395.08047
0.00054,1e-04,0.0,0.7,0.5412048,395.39297
0.00054,1e-04,0.0,0.8,0.5410526,395.56088
0.00054,1e-04,0.0,0.9,0.5409686,395.65326
0.00054,1e-04,0.0,1.0,0.5409226,395.70416
0.00054,6.69e-05,0.0,0.0,0.5593116,317.15872
0.00054,6.69e-05,0.0,0.1,0.5529185,390.91977
0.00054,6.69e-05,0.0,0.2,0.5257887,390.8373
0.00054,6.69e-05,0.0,0.3,0.51115465,390.71307
0.00054,6.69e-05,0.0,0.4,0.54221636,394.14087
0.00054,6.69e-05,0.0,0.5,0.5420066,394.47885
0.00054,6.69e-05,0.0,0.6,0.541486,395.08047
0.00054,6.69e-05,0.0,0.7,0.54120487,395.39297
0.00054,6.69e-05,0.0,0.8,0.5410526,395.56088
0.00054,6.69e-05,0.0,0.9,0.5409686,395.65323
0.00054,6.69e-05,0.0,1.0,0.5409225,395.70416
0.00054,6.69e-05,1e-05,0.0,0.5593114,317.15826
0.00054,6.69e-05,1e-05,0.1,0.5529183,390.91986
0.00054,6.69e-05,1e-05,0.2,0.5257918,390.83444
0.00054,6.69e-05,1e-05,0.3,0.51116276,390.71085
0.00054,6.69e-05,1e-05,0.4,0.54221654,394.14075
0.00054,6.69e-05,1e-05,0.5,0.5420066,394.47885
0.00054,6.69e-05,1e-05,0.6,0.54148597,395.08047
0.00054,6.69e-05,1e-05,0.7,0.54120487,395.39297
0.00054,6.69e-05,1e-05,0.8,0.5410526,395.56088
0.00054,6.69e-05,1e-05,0.9,0.5409686,395.65326
0.00054,6.69e-05,1e-05,1.0,0.5409226,395.70416
0.00055,5.1e-05,0.0,0.0,0.5593141,317.1642
0.00055,5.1e-05,0.0,0.1,0.55292726,390.91333
0.00055,5.1e-05,0.0,0.2,0.5257844,390.84027
0.00055,5.1e-05,0.0,0.3,0.5111537,390.72177
0.00055,5.1e-05,0.0,0.4,0.54221654,394.14075
0.00055,5.1e-05,0.0,0.5,0.5420066,394.47888
0.00055,5.1e-05,0.0,0.6,0.54148585,395.08057
0.00055,5.1e-05,0.0,0.7,0.54120487,395.393
0.00055,5.1e-05,0.0,0.8,0.5410526,395.5609
0.00055,5.1e-05,0.0,0.9,0.5409686,395.6533
0.00055,5.1e-05,0.0,1.0,0.5409225,395.70416
0.00055,5.1e-05,1e-05,0.0,0.5593138,317.16373
0.00055,5.1e-05,1e-05,0.1,0.5529275,390.91327
0.00055,5.1e-05,1e-05,0.2,0.5257877,390.83728
0.00055,5.1e-05,1e-05,0.3,0.5111616,390.71942
0.00055,5.1e-05,1e-05,0.4,0.5422168,394.1407
0.00055,5.1e-05,1e-05,0.5,0.5420065,394.47888
0.00055,5.1e-05,1e-05,0.6,0.5414859,395.08054
0.00055,5.1e-05,1e-05,0.7,0.54120487,395.393
0.00055,5.1e-05,1e-05,0.8,0.5410526,395.5609
0.00055,5.1e-05,1e-05,0.9,0.54096854,395.6533
0.00055,5.1e-05,1e-05,1.0,0.54092246,395.70416
0.00056,5.1e-05,5e-06,0.0,0.55931365,317.1637
0.00056,5.1e-05,5e-06,0.1,0.55291986,390.9189
0.00056,5.1e-05,5e-06,0.2,0.52578676,390.83875
0.00056,5.1e-05,5e-06,0.3,0.5111499,390.71832
0.00056,5.1e-05,5e-06,0.4,0.5422164,394.14102
0.00056,5.1e-05,5e-06,0.5,0.5420066,394.4789
0.00056,5.1e-05,5e-06,0.6,0.541486,395.08063
0.00056,5.1e-05,5e-06,0.7,0.54120487,395.39307
0.00056,5.1e-05,5e-06,0.8,0.54105246,395.5609
0.00056,5.1e-05,5e-06,0.9,0.5409686,395.65332
0.00056,5.1e-05,5e-06,1.0,0.54092246,395.70416
0.00056,3.46e-05,0.0,0.0,0.55931646,317.16986
0.00056,3.46e-05,0.0,0.1,0.5529367,390.9065
0.00056,3.46e-05,0.0,0.2,0.52577996,390.84335
0.00056,3.46e-05,0.0,0.3,0.5111528,390.73083
0.00056,3.46e-05,0.0,0.4,0.5422166,394.1407
0.00056,3.46e-05,0.0,0.5,0.5420066,394.47894
0.00056,3.46e-05,0.0,0.6,0.541486,395.08063
0.00056,3.46e-05,0.0,0.7,0.54120487,395.39307
0.00056,3.46e-05,0.0,0.8,0.54105234,395.5609
0.00056,3.46e-05,0.0,0.9,0.54096866,395.6533
0.00056,3.46e-05,0.0,1.0,0.54092246,395.70416
0.00056,3.46e-05,1e-05,0.0,0.55931604,317.16934
0.00056,3.46e-05,1e-05,0.1,0.55293703,390.90637
0.00056,3.46e-05,1e-05,0.2,0.5257833,390.84033
0.00056,3.46e-05,1e-05,0.3,0.51116115,390.7285
0.00056,3.46e-05,1e-05,0.4,0.5422168,394.1406
0.00056,3.46e-05,1e-05,0.5,0.5420065,394.47894
0.00056,3.46e-05,1e-05,0.6,0.54148597,395.08063
0.00056,3.46e-05,1e-05,0.7,0.5412048,395.39307
0.00056,3.46e-05,1e-05,0.8,0.54105234,395.5609
0.00056,3.46e-05,1e-05,0.9,0.5409686,395.6533
0.00056,3.46e-05,1e-05,1.0,0.54092246,395.7042
0.00057,1.73e-05,0.0,0.0,0.559319,317.17584
0.00057,1.73e-05,0.0,0.1,0.5529473,390.899
0.00057,1.73e-05,0.0,0.2,0.52577496,390.84653
0.00057,1.73e-05,0.0,0.3,0.51115227,390.74054
0.00057,1.73e-05,0.0,0.4,0.54221666,394.14056
0.00057,1.73e-05,0.0,0.5,0.5420065,394.47906
0.00057,1.73e-05,0.0,0.6,0.541486,395.08066
0.00057,1.73e-05,0.0,0.7,0.5412049,395.39313
0.00057,1.73e-05,0.0,0.8,0.54105246,395.56094
0.00057,1.73e-05,0.0,0.9,0.5409684,395.65332
0.00057,1.73e-05,0.0,1.0,0.5409225,395.7042
0.00057,1.73e-05,1e-05,0.0,0.5593187,317.17535
0.00057,1.73e-05,1e-05,0.1,0.55294716,390.89923
0.00057,1.73e-05,1e-05,0.2,0.52577853,390.84357
0.00057,1.73e-05,1e-05,0.3,0.5111605,390.73825
0.00057,1.73e-05,1e-05,0.4,0.5422168,394.1404
0.00057,1.73e-05,1e-05,0.5,0.5420065,394.47906
0.00057,1.73e-05,1e-05,0.6,0.5414861,395.08066
0.00057,1.73e-05,1e-05,0.7,0.5412049,395.39313
0.00057,1.73e-05,1e-05,0.8,0.54105246,395.56094
0.00057,1.73e-05,1e-05,0.9,0.5409685,395.65332
0.00057,1.73e-05,1e-05,1.0,0.5409225,395.7042
0.00058,0.0,1e-05,0.0,0.5593213,317.18134
0.00058,0.0,1e-05,0.1,0.55295753,390.89142
0.00058,0.0,1e-05,0.2,0.52577364,390.84674
0.00058,0.0,1e-05,0.3,0.5111599,390.74792
0.00058,0.0,1e-05,0.4,0.5422169,394.14032
0.00058,0.0,1e-05,0.5,0.5420064,394.47913
0.00058,0.0,1e-05,0.6,0.5414857,395.08066
0.00058,0.0,1e-05,0.7,0.5412047,395.39313
0.00058,0.0,1e-05,0.8,0.54105246,395.56094
0.00058,0.0,1e-05,0.9,0.5409684,395.65332
0.00058,0.0,1e-05,1.0,0.5409224,395.7042
0.00058,0.0,0.0,0.0,0.5593214,317.18182
0.00058,0.0,0.0,0.1,0.55295753,390.8914
0.00058,0.0,0.0,0.2,0.5257703,390.84967
0.00058,0.0,0.0,0.3,0.5111518,390.7501
0.00058,0.0,0.0,0.4,0.54221684,394.1404
0.00058,0.0,0.0,0.5,0.54200625,394.47913
0.00058,0.0,0.0,0.6,0.5414857,395.08066
0.00058,0.0,0.0,0.7,0.5412047,395.39313
0.00058,0.0,0.0,0.8,0.54105246,395.56094
0.00058,0.0,0.0,0.9,0.5409684,395.65332
0.00058,0.0,0.0,1.0,0.5409224,395.7042
0.00054,1e-04,1e-05,0.0,0.5593064,317.14615
0.00054,1e-04,1e-05,0.1,0.5528844,390.94507
0.00054,1e-04,1e-05,0.2,0.52580285,390.82825
0.00054,1e-04,1e-05,0.3,0.51114845,390.68826
0.00054,1e-04,1e-05,0.4,0.5422159,394.1417
0.00054,1e-04,1e-05,0.5,0.54200673,394.47876
0.00054,1e-04,1e-05,0.6,0.5414861,395.08047
0.00054,1e-04,1e-05,0.7,0.5412048,395.39297
0.00054,1e-04,1e-05,0.8,0.5410527,395.56088
0.00054,1e-04,1e-05,0.9,0.5409686,395.65326
0.00054,1e-04,1e-05,1.0,0.54092246,395.70416
0.00055,8.31e-05,5e-06,0.0,0.5593089,317.15213
0.00055,8.31e-05,5e-06,0.1,0.5528941,390.9379
0.00055,8.31e-05,5e-06,0.2,0.5257963,390.83286
0.00055,8.31e-05,5e-06,0.3,0.51114416,390.69873
0.00055,8.31e-05,5e-06,0.4,0.5422158,394.14157
0.00055,8.31e-05,5e-06,0.5,0.5420067,394.47885
0.00055,8.31e-05,5e-06,0.6,0.5414859,395.08054
0.00055,8.31e-05,5e-06,0.7,0.5412049,395.39304
0.00055,8.31e-05,5e-06,0.8,0.54105246,395.5609
0.00055,8.31e-05,5e-06,0.9,0.5409686,395.6533
0.00055,8.31e-05,5e-06,1.0,0.54092246,395.70416
0.00055,8.27e-05,0.0,0.0,0.5593091,317.15253
0.00055,8.27e-05,0.0,0.1,0.5528946,390.93747
0.00055,8.27e-05,0.0,0.2,0.52579457,390.8342
0.00055,8.27e-05,0.0,0.3,0.51114,390.70026
0.00055,8.27e-05,0.0,0.4,0.54221606,394.1416
0.00055,8.27e-05,0.0,0.5,0.54200655,394.47885
0.00055,8.27e-05,0.0,0.6,0.5414859,395.08054
0.00055,8.27e-05,0.0,0.7,0.54120487,395.39304
0.00055,8.27e-05,0.0,0.8,0.54105246,395.5609
0.00055,8.27e-05,0.0,0.9,0.5409686,395.6533
0.00055,8.27e-05,0.0,1.0,0.5409225,395.70416
0.00055,8.27e-05,1e-05,0.0,0.55930895,317.15207
0.00055,8.27e-05,1e-05,0.1,0.5528947,390.93753
0.00055,8.27e-05,1e-05,0.2,0.525798,390.83133
0.00055,8.27e-05,1e-05,0.3,0.51114804,390.69778
0.00055,8.27e-05,1e-05,0.4,0.54221606,394.14136
0.00055,8.27e-05,1e-05,0.5,0.5420066,394.47885
0.00055,8.27e-05,1e-05,0.6,0.5414859,395.08054
0.00055,8.27e-05,1e-05,0.7,0.5412049,395.39304
0.00055,8.27e-05,1e-05,0.8,0.54105246,395.5609
0.00055,8.27e-05,1e-05,0.9,0.5409686,395.6533
0.00055,8.27e-05,1e-05,1.0,0.54092246,395.70416
0.00056,1e-04,0.0,0.0,0.5593065,317.14603
0.00056,1e-04,0.0,0.1,0.5528691,390.95636
0.00056,1e-04,0.0,0.2,0.5258011,390.83105
0.00056,1e-04,0.0,0.3,0.51112425,390.68658
0.00056,1e-04,0.0,0.4,0.5422152,394.1423
0.00056,1e-04,0.0,0.5,0.5420067,394.47888
0.00056,1e-04,0.0,0.6,0.54148597,395.0806
0.00056,1e-04,0.0,0.7,0.5412049,395.39307
0.00056,1e-04,0.0,0.8,0.5410526,395.5609
0.00056,1e-04,0.0,0.9,0.5409684,395.65332
0.00056,1e-04,0.0,1.0,0.5409225,395.7042
0.00056,6.69e-05,0.0,0.0,0.5593115,317.15802
0.00056,6.69e-05,0.0,0.1,0.5529035,390.93097
0.00056,6.69e-05,0.0,0.2,0.5257903,390.83722
0.00056,6.69e-05,0.0,0.3,0.51113886,390.7088
0.00056,6.69e-05,0.0,0.4,0.5422158,394.14148
0.00056,6.69e-05,0.0,0.5,0.5420066,394.4789
0.00056,6.69e-05,0.0,0.6,0.54148597,395.0806
0.00056,6.69e-05,0.0,0.7,0.54120487,395.39307
0.00056,6.69e-05,0.0,0.8,0.54105246,395.5609
0.00056,6.69e-05,0.0,0.9,0.5409685,395.65332
0.00056,6.69e-05,0.0,1.0,0.5409225,395.7042
0.00056,6.69e-05,1e-05,0.0,0.55931115,317.15756
0.00056,6.69e-05,1e-05,0.1,0.55290353,390.93094
0.00056,6.69e-05,1e-05,0.2,0.5257934,390.8344
0.00056,6.69e-05,1e-05,0.3,0.5111468,390.70642
0.00056,6.69e-05,1e-05,0.4,0.54221606,394.14127
0.00056,6.69e-05,1e-05,0.5,0.5420065,394.4789
0.00056,6.69e-05,1e-05,0.6,0.5414859,395.0806
0.00056,6.69e-05,1e-05,0.7,0.54120487,395.39307
0.00056,6.69e-05,1e-05,0.8,0.54105246,395.5609
0.00056,6.69e-05,1e-05,0.9,0.5409684,395.65332
0.00056,6.69e-05,1e-05,1.0,0.5409225,395.7042
0.00057,5.1e-05,1e-05,0.0,0.55931354,317.16293
0.00057,5.1e-05,1e-05,0.1,0.5529124,390.92453
0.00057,5.1e-05,1e-05,0.2,0.5257894,390.83728
0.00057,5.1e-05,1e-05,0.3,0.5111458,390.71503
0.00057,5.1e-05,1e-05,0.4,0.5422162,394.14124
0.00057,5.1e-05,1e-05,0.5,0.5420064,394.47897
0.00057,5.1e-05,1e-05,0.6,0.54148597,395.08063
0.00057,5.1e-05,1e-05,0.7,0.54120487,395.3931
0.00057,5.1e-05,1e-05,0.8,0.54105246,395.5609
0.00057,5.1e-05,1e-05,0.9,0.5409684,395.65332
0.00057,5.1e-05,1e-05,1.0,0.54092246,395.7042
0.00057,5.1e-05,0.0,0.0,0.5593137,317.1636
0.00057,5.1e-05,0.0,0.1,0.5529124,390.9245
0.00057,5.1e-05,0.0,0.2,0.52578604,390.84012
0.00057,5.1e-05,0.0,0.3,0.51113766,390.7174
0.00057,5.1e-05,0.0,0.4,0.54221594,394.14136
0.00057,5.1e-05,0.0,0.5,0.5420064,394.47897
0.00057,5.1e-05,0.0,0.6,0.541486,395.08063
0.00057,5.1e-05,0.0,0.7,0.5412049,395.39313
0.00057,5.1e-05,0.0,0.8,0.54105234,395.5609
0.00057,5.1e-05,0.0,0.9,0.5409685,395.65332
0.00057,5.1e-05,0.0,1.0,0.54092246,395.7042
0.00058,3.46e-05,1e-05,0.0,0.55931604,317.1687
0.00058,3.46e-05,1e-05,0.1,0.5529218,390.91766
0.00058,3.46e-05,1e-05,0.2,0.52578497,390.84027
0.00058,3.46e-05,1e-05,0.3,0.5111451,390.7241
0.00058,3.46e-05,1e-05,0.4,0.5422162,394.14108
0.00058,3.46e-05,1e-05,0.5,0.5420064,394.4791
0.00058,3.46e-05,1e-05,0.6,0.54148585,395.08066
0.00058,3.46e-05,1e-05,0.7,0.5412047,395.39313
0.00058,3.46e-05,1e-05,0.8,0.54105246,395.56094
0.00058,3.46e-05,1e-05,0.9,0.54096854,395.65332
0.00058,3.46e-05,1e-05,1.0,0.5409225,395.7042
0.00058,3.46e-05,0.0,0.0,0.5593162,317.16916
0.00058,3.46e-05,0.0,0.1,0.5529218,390.91766
0.00058,3.46e-05,0.0,0.2,0.5257815,390.84332
0.00058,3.46e-05,0.0,0.3,0.5111369,390.72638
0.00058,3.46e-05,0.0,0.4,0.5422162,394.1413
0.00058,3.46e-05,0.0,0.5,0.5420064,394.4791
0.00058,3.46e-05,0.0,0.6,0.5414859,395.08066
0.00058,3.46e-05,0.0,0.7,0.5412047,395.39313
0.00058,3.46e-05,0.0,0.8,0.54105234,395.56094
0.00058,3.46e-05,0.0,0.9,0.54096866,395.65332
0.00058,3.46e-05,0.0,1.0,0.5409225,395.7042
0.00059,1.73e-05,0.0,0.0,0.5593186,317.17523
0.00059,1.73e-05,0.0,0.1,0.55293226,390.90994
0.00059,1.73e-05,0.0,0.2,0.52577674,390.84637
0.00059,1.73e-05,0.0,0.3,0.5111366,390.73605
0.00059,1.73e-05,0.0,0.4,0.54221606,394.1411
0.00059,1.73e-05,0.0,0.5,0.54200625,394.4792
0.00059,1.73e-05,0.0,0.6,0.5414858,395.08066
0.00059,1.73e-05,0.0,0.7,0.5412047,395.39316
0.00059,1.73e-05,0.0,0.8,0.54105234,395.561
0.00059,1.73e-05,0.0,0.9,0.5409686,395.65332
0.00059,1.73e-05,0.0,1.0,0.5409225,395.7042
0.00059,1.73e-05,1e-05,0.0,0.5593185,317.17474
0.00059,1.73e-05,1e-05,0.1,0.55293214,390.91006
0.00059,1.73e-05,1e-05,0.2,0.52578,390.84354
0.00059,1.73e-05,1e-05,0.3,0.51114476,390.7336
0.00059,1.73e-05,1e-05,0.4,0.54221606,394.141
0.00059,1.73e-05,1e-05,0.5,0.5420062,394.4792
0.00059,1.73e-05,1e-05,0.6,0.5414858,395.08066
0.00059,1.73e-05,1e-05,0.7,0.5412047,395.39316
0.00059,1.73e-05,1e-05,0.8,0.54105234,395.561
0.00059,1.73e-05,1e-05,0.9,0.5409686,395.65332
0.00059,1.73e-05,1e-05,1.0,0.54092264,395.7042
0.0006,0.0,1e-05,0.0,0.5593209,317.18066
0.0006,0.0,1e-05,0.1,0.55294245,390.90253
0.0006,0.0,1e-05,0.2,0.5257753,390.8467
0.0006,0.0,1e-05,0.3,0.51114416,390.74344
0.0006,0.0,1e-05,0.4,0.5422164,394.1409
0.0006,0.0,1e-05,0.5,0.54200625,394.47922
0.0006,0.0,1e-05,0.6,0.54148567,395.08075
0.0006,0.0,1e-05,0.7,0.5412047,395.39316
0.0006,0.0,1e-05,0.8,0.54105234,395.561
0.0006,0.0,1e-05,0.9,0.5409686,395.65335
0.0006,0.0,1e-05,1.0,0.5409225,395.7042
0.0006,0.0,0.0,0.0,0.55932117,317.18118
0.0006,0.0,0.0,0.1,0.5529423,390.90247
0.0006,0.0,0.0,0.2,0.525772,390.84967
0.0006,0.0,0.0,0.3,0.51113605,390.7456
0.0006,0.0,0.0,0.4,0.54221624,394.14093
0.0006,0.0,0.0,0.5,0.54200613,394.47922
0.0006,0.0,0.0,0.6,0.54148567,395.08075
0.0006,0.0,0.0,0.7,0.5412047,395.39316
0.0006,0.0,0.0,0.8,0.54105234,395.561
0.0006,0.0,0.0,0.9,0.5409686,395.65335
0.0006,0.0,0.0,1.0,0.5409225,395.7042
0.00056,1e-04,1e-05,0.0,0.55930614,317.14554
0.00056,1e-04,1e-05,0.1,0.5528691,390.95627
0.00056,1e-04,1e-05,0.2,0.5258044,390.82822
0.00056,1e-04,1e-05,0.3,0.51113236,390.6841
0.00056,1e-04,1e-05,0.4,0.54221535,394.14224
0.00056,1e-04,1e-05,0.5,0.54200655,394.47888
0.00056,1e-04,1e-05,0.6,0.541486,395.0806
0.00056,1e-04,1e-05,0.7,0.5412049,395.39307
0.00056,1e-04,1e-05,0.8,0.5410526,395.5609
0.00056,1e-04,1e-05,0.9,0.5409684,395.65332
0.00056,1e-04,1e-05,1.0,0.5409225,395.7042
0.00057,8.27e-05,0.0,0.0,0.559309,317.15192
0.00057,8.27e-05,0.0,0.1,0.5528792,390.9487
0.00057,8.27e-05,0.0,0.2,0.5257963,390.83432
0.00057,8.27e-05,0.0,0.3,0.5111238,390.6961
0.00057,8.27e-05,0.0,0.4,0.5422154,394.14215
0.00057,8.27e-05,0.0,0.5,0.54200655,394.47894
0.00057,8.27e-05,0.0,0.6,0.54148597,395.08063
0.00057,8.27e-05,0.0,0.7,0.54120487,395.39307
0.00057,8.27e-05,0.0,0.8,0.54105234,395.5609
0.00057,8.27e-05,0.0,0.9,0.5409684,395.65332
0.00057,8.27e-05,0.0,1.0,0.5409224,395.7042
0.00057,8.27e-05,1e-05,0.0,0.55930877,317.15152
0.00057,8.27e-05,1e-05,0.1,0.5528794,390.94873
0.00057,8.27e-05,1e-05,0.2,0.52579963,390.83136
0.00057,8.27e-05,1e-05,0.3,0.5111321,390.69354
0.00057,8.27e-05,1e-05,0.4,0.5422156,394.14206
0.00057,8.27e-05,1e-05,0.5,0.5420065,394.47894
0.00057,8.27e-05,1e-05,0.6,0.541486,395.08063
0.00057,8.27e-05,1e-05,0.7,0.54120487,395.3931
0.00057,8.27e-05,1e-05,0.8,0.54105234,395.56094
0.00057,8.27e-05,1e-05,0.9,0.5409684,395.65332
0.00057,8.27e-05,1e-05,1.0,0.5409224,395.7042
0.00058,1e-04,0.0,0.0,0.559306,317.14536
0.00058,1e-04,0.0,0.1,0.5528537,390.96747
0.00058,1e-04,0.0,0.2,0.5258027,390.8312
0.00058,1e-04,0.0,0.3,0.5111084,390.68246
0.00058,1e-04,0.0,0.4,0.54221475,394.14294
0.00058,1e-04,0.0,0.5,0.5420065,394.47897
0.00058,1e-04,0.0,0.6,0.5414859,395.08066
0.00058,1e-04,0.0,0.7,0.5412047,395.39313
0.00058,1e-04,0.0,0.8,0.5410524,395.56097
0.00058,1e-04,0.0,0.9,0.54096866,395.65332
0.00058,1e-04,0.0,1.0,0.5409225,395.7042
0.00058,6.69e-05,0.0,0.0,0.55931133,317.1574
0.00058,6.69e-05,0.0,0.1,0.5528882,390.9422
0.00058,6.69e-05,0.0,0.2,0.5257919,390.83725
0.00058,6.69e-05,0.0,0.3,0.51112294,390.70444
0.00058,6.69e-05,0.0,0.4,0.5422156,394.14206
0.00058,6.69e-05,0.0,0.5,0.5420065,394.47903
0.00058,6.69e-05,0.0,0.6,0.54148597,395.08066
0.00058,6.69e-05,0.0,0.7,0.5412047,395.39313
0.00058,6.69e-05,0.0,0.8,0.54105246,395.56094
0.00058,6.69e-05,0.0,0.9,0.54096866,395.65332
0.00058,6.69e-05,0.0,1.0,0.5409225,395.7042
0.00058,6.69e-05,1e-05,0.0,0.55931103,317.15686
0.00058,6.69e-05,1e-05,0.1,0.5528883,390.94217
0.00058,6.69e-05,1e-05,0.2,0.5257952,390.8343
0.00058,6.69e-05,1e-05,0.3,0.5111308,390.7021
0.00058,6.69e-05,1e-05,0.4,0.5422154,394.14194
0.00058,6.69e-05,1e-05,0.5,0.5420065,394.47903
0.00058,6.69e-05,1e-05,0.6,0.54148597,395.08066
0.00058,6.69e-05,1e-05,0.7,0.5412047,395.39313
0.00058,6.69e-05,1e-05,0.8,0.54105246,395.56094
0.00058,6.69e-05,1e-05,0.9,0.54096866,395.65332
0.00058,6.69e-05,1e-05,1.0,0.5409225,395.7042
0.00059,5.1e-05,1e-05,0.0,0.55931336,317.16248
0.00059,5.1e-05,1e-05,0.1,0.5528972,390.9356
0.00059,5.1e-05,1e-05,0.2,0.525791,390.83728
0.00059,5.1e-05,1e-05,0.3,0.5111301,390.71066
0.00059,5.1e-05,1e-05,0.4,0.5422156,394.14185
0.00059,5.1e-05,1e-05,0.5,0.5420064,394.47913
0.00059,5.1e-05,1e-05,0.6,0.5414857,395.08066
0.00059,5.1e-05,1e-05,0.7,0.5412047,395.39316
0.00059,5.1e-05,1e-05,0.8,0.54105246,395.561
0.00059,5.1e-05,1e-05,0.9,0.5409686,395.65332
0.00059,5.1e-05,1e-05,1.0,0.5409225,395.7042
0.00059,5.1e-05,0.0,0.0,0.5593136,317.16284
0.00059,5.1e-05,0.0,0.1,0.55289716,390.93567
0.00059,5.1e-05,0.0,0.2,0.5257876,390.8402
0.00059,5.1e-05,0.0,0.3,0.5111219,390.71317
0.00059,5.1e-05,0.0,0.4,0.54221547,394.14194
0.00059,5.1e-05,0.0,0.5,0.54200625,394.47913
0.00059,5.1e-05,0.0,0.6,0.54148567,395.08066
0.00059,5.1e-05,0.0,0.7,0.5412046,395.39316
0.00059,5.1e-05,0.0,0.8,0.54105246,395.561
0.00059,5.1e-05,0.0,0.9,0.5409686,395.65332
0.00059,5.1e-05,0.0,1.0,0.5409225,395.7042
0.0006,3.46e-05,0.0,0.0,0.55931604,317.16858
0.0006,3.46e-05,0.0,0.1,0.55290663,390.9287
0.0006,3.46e-05,0.0,0.2,0.5257831,390.84326
0.0006,3.46e-05,0.0,0.3,0.51112133,390.722
0.0006,3.46e-05,0.0,0.4,0.5422156,394.14188
0.0006,3.46e-05,0.0,0.5,0.54200625,394.4792
0.0006,3.46e-05,0.0,0.6,0.5414858,395.08075
0.0006,3.46e-05,0.0,0.7,0.5412046,395.39316
0.0006,3.46e-05,0.0,0.8,0.54105234,395.561
0.0006,3.46e-05,0.0,0.9,0.54096854,395.65335
0.0006,3.46e-05,0.0,1.0,0.5409225,395.7042
0.0006,3.46e-05,1e-05,0.0,0.5593157,317.16806
0.0006,3.46e-05,1e-05,0.1,0.55290663,390.92874
0.0006,3.46e-05,1e-05,0.2,0.5257864,390.8403
0.0006,3.46e-05,1e-05,0.3,0.51112944,390.71973
0.0006,3.46e-05,1e-05,0.4,0.54221565,394.14172
0.0006,3.46e-05,1e-05,0.5,0.54200625,394.4792
0.0006,3.46e-05,1e-05,0.6,0.54148567,395.0807
0.0006,3.46e-05,1e-05,0.7,0.5412046,395.39316
0.0006,3.46e-05,1e-05,0.8,0.54105246,395.561
0.0006,3.46e-05,1e-05,0.9,0.54096866,395.65335
0.0006,3.46e-05,1e-05,1.0,0.5409225,395.7042
0.00061,1.73e-05,0.0,0.0,0.5593184,317.17462
0.00061,1.73e-05,0.0,0.1,0.5529169,390.92114
0.00061,1.73e-05,0.0,0.2,0.5257785,390.8464
0.00061,1.73e-05,0.0,0.3,0.5111207,390.73163
0.00061,1.73e-05,0.0,0.4,0.5422157,394.1417
0.00061,1.73e-05,0.0,0.5,0.54200625,394.47925
0.00061,1.73e-05,0.0,0.6,0.5414854,395.0808
0.00061,1.73e-05,0.0,0.7,0.5412046,395.39316
0.00061,1.73e-05,0.0,0.8,0.54105234,395.56104
0.00061,1.73e-05,0.0,0.9,0.5409685,395.65335
0.00061,1.73e-05,0.0,1.0,0.5409224,395.70422
0.00061,1.73e-05,1e-05,0.0,0.5593182,317.17413
0.00061,1.73e-05,1e-05,0.1,0.552917,390.92114
0.00061,1.73e-05,1e-05,0.2,0.52578175,390.8435
0.00061,1.73e-05,1e-05,0.3,0.5111288,390.72916
0.00061,1.73e-05,1e-05,0.4,0.5422158,394.1416
0.00061,1.73e-05,1e-05,0.5,0.54200613,394.47925
0.00061,1.73e-05,1e-05,0.6,0.54148555,395.0808
0.00061,1.73e-05,1e-05,0.7,0.5412046,395.39316
0.00061,1.73e-05,1e-05,0.8,0.54105234,395.56104
0.00061,1.73e-05,1e-05,0.9,0.5409685,395.65335
0.00061,1.73e-05,1e-05,1.0,0.5409224,395.70422
0.00062,0.0,1e-05,0.0,0.5593209,317.1801
0.00062,0.0,1e-05,0.1,0.55292726,390.91357
0.00062,0.0,1e-05,0.2,0.525777,390.8467
0.00062,0.0,1e-05,0.3,0.5111286,390.7387
0.00062,0.0,1e-05,0.4,0.5422158,394.14142
0.00062,0.0,1e-05,0.5,0.542006,394.47928
0.00062,0.0,1e-05,0.6,0.54148555,395.08084
0.00062,0.0,1e-05,0.7,0.54120445,395.39325
0.00062,0.0,1e-05,0.8,0.54105234,395.56107
0.00062,0.0,1e-05,0.9,0.5409684,395.65335
0.00062,0.0,1e-05,1.0,0.5409225,395.70422
0.00062,0.0,0.0,0.0,0.559321,317.18057
0.00062,0.0,0.0,0.1,0.55292726,390.91364
0.00062,0.0,0.0,0.2,0.52577364,390.84964
0.00062,0.0,0.0,0.3,0.51112026,390.74118
0.00062,0.0,0.0,0.4,0.5422156,394.1415
0.00062,0.0,0.0,0.5,0.54200613,394.47928
0.00062,0.0,0.0,0.6,0.5414854,395.08084
0.00062,0.0,0.0,0.7,0.54120445,395.39322
0.00062,0.0,0.0,0.8,0.54105234,395.56107
0.00062,0.0,0.0,0.9,0.54096836,395.65335
0.00062,0.0,0.0,1.0,0.5409225,395.70422
0.00058,1e-04,1e-05,0.0,0.5593059,317.1449
0.00058,1e-04,1e-05,0.1,0.5528537,390.96756
0.00058,1e-04,1e-05,0.2,0.52580595,390.8282
0.00058,1e-04,1e-05,0.3,0.5111164,390.68018
0.00058,1e-04,1e-05,0.4,0.54221493,394.14285
0.00058,1e-04,1e-05,0.5,0.5420065,394.47897
0.00058,1e-04,1e-05,0.6,0.54148585,395.08066
0.00058,1e-04,1e-05,0.7,0.5412047,395.39313
0.00058,1e-04,1e-05,0.8,0.54105246,395.56097
0.00058,1e-04,1e-05,0.9,0.54096866,395.65332
0.00058,1e-04,1e-05,1.0,0.5409225,395.7042
0.00059,8.27e-05,0.0,0.0,0.5593088,317.15128
0.00059,8.27e-05,0.0,0.1,0.5528641,390.95987
0.00059,8.27e-05,0.0,0.2,0.5257976,390.83432
0.00059,8.27e-05,0.0,0.3,0.5111079,390.69186
0.00059,8.27e-05,0.0,0.4,0.5422148,394.1428
0.00059,8.27e-05,0.0,0.5,0.5420065,394.4791
0.00059,8.27e-05,0.0,0.6,0.5414857,395.08066
0.00059,8.27e-05,0.0,0.7,0.5412046,395.39316
0.00059,8.27e-05,0.0,0.8,0.54105246,395.561
0.00059,8.27e-05,0.0,0.9,0.5409686,395.65332
0.00059,8.27e-05,0.0,1.0,0.5409224,395.7042
0.00059,8.27e-05,1e-05,0.0,0.5593084,317.15085
0.00059,8.27e-05,1e-05,0.1,0.55286425,390.9598
0.00059,8.27e-05,1e-05,0.2,0.5258013,390.83142
0.00059,8.27e-05,1e-05,0.3,0.511116,390.68936
0.00059,8.27e-05,1e-05,0.4,0.542215,394.1427
0.00059,8.27e-05,1e-05,0.5,0.5420064,394.4791
0.00059,8.27e-05,1e-05,0.6,0.5414857,395.08066
0.00059,8.27e-05,1e-05,0.7,0.5412047,395.39316
0.00059,8.27e-05,1e-05,0.8,0.54105246,395.561
0.00059,8.27e-05,1e-05,0.9,0.54096866,395.65332
0.00059,8.27e-05,1e-05,1.0,0.5409225,395.7042
0.0006,1e-04,0.0,0.0,0.559306,317.14474
0.0006,1e-04,0.0,0.1,0.5528382,390.97882
0.0006,1e-04,0.0,0.2,0.52580416,390.83127
0.0006,1e-04,0.0,0.3,0.51109207,390.67847
0.0006,1e-04,0.0,0.4,0.54221416,394.14343
0.0006,1e-04,0.0,0.5,0.5420064,394.4791
0.0006,1e-04,0.0,0.6,0.5414858,395.08066
0.0006,1e-04,0.0,0.7,0.5412047,395.39316
0.0006,1e-04,0.0,0.8,0.54105234,395.56104
0.0006,1e-04,0.0,0.9,0.54096854,395.65335
0.0006,1e-04,0.0,1.0,0.5409224,395.70422
0.0006,6.69e-05,0.0,0.0,0.55931103,317.15677
0.0006,6.69e-05,0.0,0.1,0.55287313,390.9535
0.0006,6.69e-05,0.0,0.2,0.52579355,390.83725
0.0006,6.69e-05,0.0,0.3,0.5111069,390.70038
0.0006,6.69e-05,0.0,0.4,0.5422151,394.1427
0.0006,6.69e-05,0.0,0.5,0.54200625,394.47916
0.0006,6.69e-05,0.0,0.6,0.54148567,395.08072
0.0006,6.69e-05,0.0,0.7,0.5412046,395.39316
0.0006,6.69e-05,0.0,0.8,0.54105234,395.561
0.0006,6.69e-05,0.0,0.9,0.54096854,395.65335
0.0006,6.69e-05,0.0,1.0,0.5409225,395.70422
0.0006,6.69e-05,1e-05,0.0,0.5593107,317.15628
0.0006,6.69e-05,1e-05,0.1,0.5528732,390.95346
0.0006,6.69e-05,1e-05,0.2,0.5257969,390.8342
0.0006,6.69e-05,1e-05,0.3,0.51111513,390.6979
0.0006,6.69e-05,1e-05,0.4,0.542215,394.14252
0.0006,6.69e-05,1e-05,0.5,0.5420063,394.47916
0.0006,6.69e-05,1e-05,0.6,0.5414857,395.08066
0.0006,6.69e-05,1e-05,0.7,0.5412046,395.39316
0.0006,6.69e-05,1e-05,0.8,0.54105234,395.561
0.0006,6.69e-05,1e-05,0.9,0.5409685,395.65335
0.0006,6.69e-05,1e-05,1.0,0.5409225,395.7042
0.00061,5.1e-05,1e-05,0.0,0.55931324,317.16177
0.00061,5.1e-05,1e-05,0.1,0.55288213,390.94696
0.00061,5.1e-05,1e-05,0.2,0.52579236,390.83728
0.00061,5.1e-05,1e-05,0.3,0.51111406,390.70645
0.00061,5.1e-05,1e-05,0.4,0.5422152,394.14246
0.00061,5.1e-05,1e-05,0.5,0.54200625,394.47922
0.00061,5.1e-05,1e-05,0.6,0.54148555,395.08075
0.00061,5.1e-05,1e-05,0.7,0.5412046,395.39316
0.00061,5.1e-05,1e-05,0.8,0.54105234,395.56107
0.00061,5.1e-05,1e-05,0.9,0.5409685,395.65335
0.00061,5.1e-05,1e-05,1.0,0.5409225,395.70422
0.00061,5.1e-05,0.0,0.0,0.55931354,317.16235
0.00061,5.1e-05,0.0,0.1,0.55288196,390.94693
0.00061,5.1e-05,0.0,0.2,0.52578914,390.84018
0.00061,5.1e-05,0.0,0.3,0.511106,390.70895
0.00061,5.1e-05,0.0,0.4,0.542215,394.14255
0.00061,5.1e-05,0.0,0.5,0.54200625,394.47922
0.00061,5.1e-05,0.0,0.6,0.54148555,395.08075
0.00061,5.1e-05,0.0,0.7,0.5412046,395.39316
0.00061,5.1e-05,0.0,0.8,0.54105234,395.56107
0.00061,5.1e-05,0.0,0.9,0.5409685,395.65335
0.00061,5.1e-05,0.0,1.0,0.5409224,395.70422
0.00062,3.46e-05,0.0,0.0,0.5593159,317.16794
0.00062,3.46e-05,0.0,0.1,0.5528915,390.93994
0.00062,3.46e-05,0.0,0.2,0.5257847,390.84326
0.00062,3.46e-05,0.0,0.3,0.5111055,390.71765
0.00062,3.46e-05,0.0,0.4,0.5422152,394.14243
0.00062,3.46e-05,0.0,0.5,0.54200613,394.47925
0.00062,3.46e-05,0.0,0.6,0.54148555,395.08084
0.00062,3.46e-05,0.0,0.7,0.54120445,395.3932
0.00062,3.46e-05,0.0,0.8,0.54105234,395.5611
0.00062,3.46e-05,0.0,0.9,0.54096836,395.65338
0.00062,3.46e-05,0.0,1.0,0.54092264,395.70422
0.00062,3.46e-05,1e-05,0.0,0.55931574,317.16748
0.00062,3.46e-05,1e-05,0.1,0.5528916,390.93994
0.00062,3.46e-05,1e-05,0.2,0.525788,390.84036
0.00062,3.46e-05,1e-05,0.3,0.5111135,390.71542
0.00062,3.46e-05,1e-05,0.4,0.54221517,394.14233
0.00062,3.46e-05,1e-05,0.5,0.54200613,394.47925
0.00062,3.46e-05,1e-05,0.6,0.54148555,395.08084
0.00062,3.46e-05,1e-05,0.7,0.54120445,395.39322
0.00062,3.46e-05,1e-05,0.8,0.54105234,395.5611
0.00062,3.46e-05,1e-05,0.9,0.5409684,395.65335
0.00062,3.46e-05,1e-05,1.0,0.54092264,395.70422
0.00063,1.73e-05,5e-06,0.0,0.5593182,317.17374
0.00063,1.73e-05,5e-06,0.1,0.55290186,390.93225
0.00063,1.73e-05,5e-06,0.2,0.5257815,390.845
0.00063,1.73e-05,5e-06,0.3,0.511109,390.72604
0.00063,1.73e-05,5e-06,0.4,0.5422151,394.1422
0.00063,1.73e-05,5e-06,0.5,0.54200613,394.4793
0.00063,1.73e-05,5e-06,0.6,0.54148555,395.08093
0.00063,1.73e-05,5e-06,0.7,0.54120463,395.39325
0.00063,1.73e-05,5e-06,0.8,0.54105234,395.5611
0.00063,1.73e-05,5e-06,0.9,0.5409684,395.65338
0.00063,1.73e-05,5e-06,1.0,0.5409225,395.70425
0.00063,1.73e-05,0.0,0.0,0.5593182,317.17404
0.00063,1.73e-05,0.0,0.1,0.5529016,390.93234
0.00063,1.73e-05,0.0,0.2,0.52577996,390.84644
0.00063,1.73e-05,0.0,0.3,0.51110494,390.72726
0.00063,1.73e-05,0.0,0.4,0.54221517,394.14227
0.00063,1.73e-05,0.0,0.5,0.542006,394.47934
0.00063,1.73e-05,0.0,0.6,0.54148555,395.08093
0.00063,1.73e-05,0.0,0.7,0.5412046,395.39325
0.00063,1.73e-05,0.0,0.8,0.54105234,395.5611
0.00063,1.73e-05,0.0,0.9,0.5409684,395.65338
0.00063,1.73e-05,0.0,1.0,0.5409225,395.70425
0.00063,1.73e-05,1e-05,0.0,0.55931807,317.17343
0.00063,1.73e-05,1e-05,0.1,0.552902,390.93222
0.00063,1.73e-05,1e-05,0.2,0.5257832,390.84344
0.00063,1.73e-05,1e-05,0.3,0.51111317,390.72498
0.00063,1.73e-05,1e-05,0.4,0.5422152,394.14218
0.00063,1.73e-05,1e-05,0.5,0.54200613,394.4793
0.00063,1.73e-05,1e-05,0.6,0.54148555,395.08093
0.00063,1.73e-05,1e-05,0.7,0.54120463,395.39325
0.00063,1.73e-05,1e-05,0.8,0.54105234,395.5611
0.00063,1.73e-05,1e-05,0.9,0.5409684,395.65338
0.00063,1.73e-05,1e-05,1.0,0.54092246,395.70425
0.00064,0.0,1e-05,0.0,0.5593205,317.1794
0.00064,0.0,1e-05,0.1,0.55291253,390.9247
0.00064,0.0,1e-05,0.2,0.52577853,390.84662
0.00064,0.0,1e-05,0.3,0.5111128,390.7343
0.00064,0.0,1e-05,0.4,0.54221547,394.14203
0.00064,0.0,1e-05,0.5,0.542006,394.47943
0.00064,0.0,1e-05,0.6,0.54148537,395.081
0.00064,0.0,1e-05,0.7,0.54120445,395.39328
0.00064,0.0,1e-05,0.8,0.5410521,395.56113
0.00064,0.0,1e-05,0.9,0.5409684,395.6534
0.00064,0.0,1e-05,1.0,0.54092246,395.70425
0.00064,0.0,0.0,0.0,0.5593209,317.17993
0.00064,0.0,0.0,0.1,0.5529121,390.92477
0.00064,0.0,0.0,0.2,0.525775,390.84964
0.00064,0.0,0.0,0.3,0.51110446,390.73676
0.00064,0.0,0.0,0.4,0.5422152,394.14212
0.00064,0.0,0.0,0.5,0.542006,394.47946
0.00064,0.0,0.0,0.6,0.54148537,395.081
0.00064,0.0,0.0,0.7,0.54120445,395.39328
0.00064,0.0,0.0,0.8,0.5410522,395.56113
0.00064,0.0,0.0,0.9,0.5409684,395.6534
0.00064,0.0,0.0,1.0,0.5409225,395.70425
0.0006,1e-04,1e-05,0.0,0.5593058,317.1443
0.0006,1e-04,1e-05,0.1,0.55283844,390.9788
0.0006,1e-04,1e-05,0.2,0.52580744,390.82828
0.0006,1e-04,1e-05,0.3,0.5111003,390.67618
0.0006,1e-04,1e-05,0.4,0.5422142,394.14337
0.0006,1e-04,1e-05,0.5,0.5420064,394.4791
0.0006,1e-04,1e-05,0.6,0.5414858,395.08066
0.0006,1e-04,1e-05,0.7,0.5412047,395.39316
0.0006,1e-04,1e-05,0.8,0.54105234,395.561
0.0006,1e-04,1e-05,0.9,0.5409685,395.65335
0.0006,1e-04,1e-05,1.0,0.5409224,395.70422
0.00061,8.27e-05,0.0,0.0,0.5593086,317.1507
0.00061,8.27e-05,0.0,0.1,0.55284894,390.97116
0.00061,8.27e-05,0.0,0.2,0.5257995,390.83438
0.00061,8.27e-05,0.0,0.3,0.51109195,390.688
0.00061,8.27e-05,0.0,0.4,0.5422142,394.14337
0.00061,8.27e-05,0.0,0.5,0.54200613,394.4792
0.00061,8.27e-05,0.0,0.6,0.54148567,395.08075
0.00061,8.27e-05,0.0,0.7,0.5412046,395.39316
0.00061,8.27e-05,0.0,0.8,0.54105234,395.56107
0.00061,8.27e-05,0.0,0.9,0.5409684,395.65335
0.00061,8.27e-05,0.0,1.0,0.5409225,395.70422
0.00061,8.27e-05,1e-05,0.0,0.55930823,317.15018
0.00061,8.27e-05,1e-05,0.1,0.55284894,390.97113
0.00061,8.27e-05,1e-05,0.2,0.5258027,390.8315
0.00061,8.27e-05,1e-05,0.3,0.51110005,390.6855
0.00061,8.27e-05,1e-05,0.4,0.5422145,394.14325
0.00061,8.27e-05,1e-05,0.5,0.54200613,394.4792
0.00061,8.27e-05,1e-05,0.6,0.54148567,395.08075
0.00061,8.27e-05,1e-05,0.7,0.5412046,395.39316
0.00061,8.27e-05,1e-05,0.8,0.54105234,395.56107
0.00061,8.27e-05,1e-05,0.9,0.54096836,395.65335
0.00061,8.27e-05,1e-05,1.0,0.5409225,395.70422
0.00062,1e-04,0.0,0.0,0.5593058,317.14426
0.00062,1e-04,0.0,0.1,0.55282295,390.99017
0.00062,1e-04,0.0,0.2,0.5258056,390.8312
0.00062,1e-04,0.0,0.3,0.51107585,390.67474
0.00062,1e-04,0.0,0.4,0.5422137,394.144
0.00062,1e-04,0.0,0.5,0.54200625,394.47922
0.00062,1e-04,0.0,0.6,0.54148555,395.08084
0.00062,1e-04,0.0,0.7,0.5412046,395.39325
0.00062,1e-04,0.0,0.8,0.5410522,395.5611
0.00062,1e-04,0.0,0.9,0.5409683,395.65338
0.00062,1e-04,0.0,1.0,0.54092246,395.70425
0.00062,6.69e-05,0.0,0.0,0.5593108,317.15616
0.00062,6.69e-05,0.0,0.1,0.55285776,390.9647
0.00062,6.69e-05,0.0,0.2,0.5257951,390.8373
0.00062,6.69e-05,0.0,0.3,0.51109093,390.69632
0.00062,6.69e-05,0.0,0.4,0.5422143,394.1433
0.00062,6.69e-05,0.0,0.5,0.54200613,394.47922
0.00062,6.69e-05,0.0,0.6,0.54148567,395.0808
0.00062,6.69e-05,0.0,0.7,0.5412046,395.39325
0.00062,6.69e-05,0.0,0.8,0.54105234,395.56107
0.00062,6.69e-05,0.0,0.9,0.54096836,395.65338
0.00062,6.69e-05,0.0,1.0,0.5409225,395.70425
0.00062,6.69e-05,1e-05,0.0,0.55931056,317.15558
0.00062,6.69e-05,1e-05,0.1,0.5528578,390.96463
0.00062,6.69e-05,1e-05,0.2,0.5257983,390.8344
0.00062,6.69e-05,1e-05,0.3,0.511099,390.69394
0.00062,6.69e-05,1e-05,0.4,0.54221445,394.14316
0.00062,6.69e-05,1e-05,0.5,0.54200613,394.47922
0.00062,6.69e-05,1e-05,0.6,0.54148567,395.0808
0.00062,6.69e-05,1e-05,0.7,0.5412046,395.3932
0.00062,6.69e-05,1e-05,0.8,0.54105234,395.56107
0.00062,6.69e-05,1e-05,0.9,0.54096836,395.65338
0.00062,6.69e-05,1e-05,1.0,0.5409225,395.70425
0.00063,5.1e-05,1e-05,0.0,0.55931294,317.1611
0.00063,5.1e-05,1e-05,0.1,0.5528667,390.9581
0.00063,5.1e-05,1e-05,0.2,0.52579427,390.83725
0.00063,5.1e-05,1e-05,0.3,0.51109815,390.70236
0.00063,5.1e-05,1e-05,0.4,0.5422146,394.143
0.00063,5.1e-05,1e-05,0.5,0.54200613,394.47925
0.00063,5.1e-05,1e-05,0.6,0.54148555,395.0809
0.00063,5.1e-05,1e-05,0.7,0.5412047,395.39325
0.00063,5.1e-05,1e-05,0.8,0.54105234,395.5611
0.00063,5.1e-05,1e-05,0.9,0.5409684,395.6534
0.00063,5.1e-05,1e-05,1.0,0.5409225,395.70425
0.00063,5.1e-05,0.0,0.0,0.5593133,317.16165
0.00063,5.1e-05,0.0,0.1,0.5528666,390.95813
0.00063,5.1e-05,0.0,0.2,0.5257908,390.84024
0.00063,5.1e-05,0.0,0.3,0.5110899,390.7049
0.00063,5.1e-05,0.0,0.4,0.5422144,394.14322
0.00063,5.1e-05,0.0,0.5,0.54200613,394.47925
0.00063,5.1e-05,0.0,0.6,0.54148567,395.0809
0.00063,5.1e-05,0.0,0.7,0.54120463,395.39325
0.00063,5.1e-05,0.0,0.8,0.54105234,395.5611
0.00063,5.1e-05,0.0,0.9,0.5409684,395.6534
0.00063,5.1e-05,0.0,1.0,0.5409225,395.70425
0.00064,3.46e-05,0.0,0.0,0.5593157,317.16736
0.00064,3.46e-05,0.0,0.1,0.552876,390.9513
0.00064,3.46e-05,0.0,0.2,0.5257862,390.8433
0.00064,3.46e-05,0.0,0.3,0.5110893,390.71368
0.00064,3.46e-05,0.0,0.4,0.5422146,394.14304
0.00064,3.46e-05,0.0,0.5,0.54200613,394.4794
0.00064,3.46e-05,0.0,0.6,0.5414854,395.081
0.00064,3.46e-05,0.0,0.7,0.5412045,395.39328
0.00064,3.46e-05,0.0,0.8,0.5410522,395.56116
0.00064,3.46e-05,0.0,0.9,0.5409684,395.6534
0.00064,3.46e-05,0.0,1.0,0.5409224,395.7043
0.00064,3.46e-05,1e-05,0.0,0.55931544,317.16684
0.00064,3.46e-05,1e-05,0.1,0.55287635,390.9513
0.00064,3.46e-05,1e-05,0.2,0.52578974,390.84027
0.00064,3.46e-05,1e-05,0.3,0.51109725,390.71124
0.00064,3.46e-05,1e-05,0.4,0.54221475,394.1429
0.00064,3.46e-05,1e-05,0.5,0.54200613,394.4794
0.00064,3.46e-05,1e-05,0.6,0.54148555,395.081
0.00064,3.46e-05,1e-05,0.7,0.5412045,395.39328
0.00064,3.46e-05,1e-05,0.8,0.5410521,395.56116
0.00064,3.46e-05,1e-05,0.9,0.5409684,395.6534
0.00064,3.46e-05,1e-05,1.0,0.5409224,395.7043
0.00065,1.73e-05,0.0,0.0,0.55931807,317.17325
0.00065,1.73e-05,0.0,0.1,0.55288655,390.94363
0.00065,1.73e-05,0.0,0.2,0.52578163,390.84634
0.00065,1.73e-05,0.0,0.3,0.5110887,390.72302
0.00065,1.73e-05,0.0,0.4,0.54221463,394.14285
0.00065,1.73e-05,0.0,0.5,0.5420061,394.47946
0.00065,1.73e-05,0.0,0.6,0.5414856,395.08102
0.00065,1.73e-05,0.0,0.7,0.5412044,395.3933
0.00065,1.73e-05,0.0,0.8,0.5410521,395.56116
0.00065,1.73e-05,0.0,0.9,0.54096836,395.6534
0.00065,1.73e-05,0.0,1.0,0.54092246,395.70435
0.00065,1.73e-05,1e-05,0.0,0.55931795,317.1728
0.00065,1.73e-05,1e-05,0.1,0.55288666,390.94363
0.00065,1.73e-05,1e-05,0.2,0.52578497,390.84354
0.00065,1.73e-05,1e-05,0.3,0.51109695,390.72073
0.00065,1.73e-05,1e-05,0.4,0.54221475,394.1427
0.00065,1.73e-05,1e-05,0.5,0.542006,394.4795
0.00065,1.73e-05,1e-05,0.6,0.5414856,395.08102
0.00065,1.73e-05,1e-05,0.7,0.5412044,395.3933
0.00065,1.73e-05,1e-05,0.8,0.5410521,395.56116
0.00065,1.73e-05,1e-05,0.9,0.54096836,395.6534
0.00065,1.73e-05,1e-05,1.0,0.54092246,395.70435
0.00066,0.0,1e-05,0.0,0.55932045,317.17874
0.00066,0.0,1e-05,0.1,0.55289704,390.9359
0.00066,0.0,1e-05,0.2,0.5257801,390.84662
0.00066,0.0,1e-05,0.3,0.5110967,390.73022
0.00066,0.0,1e-05,0.4,0.5422148,394.14264
0.00066,0.0,1e-05,0.5,0.5420058,394.47955
0.00066,0.0,1e-05,0.6,0.5414856,395.08102
0.00066,0.0,1e-05,0.7,0.54120445,395.3933
0.00066,0.0,1e-05,0.8,0.5410522,395.5612
0.00066,0.0,1e-05,0.9,0.5409685,395.65344
0.00066,0.0,1e-05,1.0,0.54092234,395.70438
0.00066,0.0,0.0,0.0,0.5593207,317.17932
0.00066,0.0,0.0,0.1,0.552897,390.936
0.00066,0.0,0.0,0.2,0.52577686,390.8496
0.00066,0.0,0.0,0.3,0.51108843,390.73254
0.00066,0.0,0.0,0.4,0.54221475,394.1427
0.00066,0.0,0.0,0.5,0.5420058,394.47955
0.00066,0.0,0.0,0.6,0.54148555,395.08105
0.00066,0.0,0.0,0.7,0.54120445,395.3933
0.00066,0.0,0.0,0.8,0.5410522,395.5612
0.00066,0.0,0.0,0.9,0.5409685,395.65344
0.00066,0.0,0.0,1.0,0.5409224,395.70438
0.00062,1e-04,1e-05,0.0,0.5593054,317.14365
0.00062,1e-04,1e-05,0.1,0.5528231,390.9901
0.00062,1e-04,1e-05,0.2,0.525809,390.82828
0.00062,1e-04,1e-05,0.3,0.51108396,390.67227
0.00062,1e-04,1e-05,0.4,0.5422138,394.14392
0.00062,1e-04,1e-05,0.5,0.54200613,394.47922
0.00062,1e-04,1e-05,0.6,0.54148555,395.0808
0.00062,1e-04,1e-05,0.7,0.5412046,395.39322
0.00062,1e-04,1e-05,0.8,0.54105234,395.5611
0.00062,1e-04,1e-05,0.9,0.54096824,395.65338
0.00062,1e-04,1e-05,1.0,0.54092246,395.70425
0.00063,8.27e-05,0.0,0.0,0.5593084,317.1501
0.00063,8.27e-05,0.0,0.1,0.55283344,390.98254
0.00063,8.27e-05,0.0,0.2,0.52580094,390.8344
0.00063,8.27e-05,0.0,0.3,0.5110755,390.68414
0.00063,8.27e-05,0.0,0.4,0.5422139,394.14386
0.00063,8.27e-05,0.0,0.5,0.54200613,394.47925
0.00063,8.27e-05,0.0,0.6,0.5414854,395.08084
0.00063,8.27e-05,0.0,0.7,0.54120463,395.39325
0.00063,8.27e-05,0.0,0.8,0.5410522,395.5611
0.00063,8.27e-05,0.0,0.9,0.5409684,395.6534
0.00063,8.27e-05,0.0,1.0,0.5409225,395.70425
0.00063,8.31e-05,5e-06,0.0,0.55930793,317.14972
0.00063,8.31e-05,5e-06,0.1,0.5528333,390.9828
0.00063,8.31e-05,5e-06,0.2,0.5258026,390.8328
0.00063,8.31e-05,5e-06,0.3,0.5110794,390.68253
0.00063,8.31e-05,5e-06,0.4,0.54221386,394.14377
0.00063,8.31e-05,5e-06,0.5,0.54200613,394.47925
0.00063,8.31e-05,5e-06,0.6,0.5414854,395.08084
0.00063,8.31e-05,5e-06,0.7,0.5412046,395.39325
0.00063,8.31e-05,5e-06,0.8,0.5410522,395.5611
0.00063,8.31e-05,5e-06,0.9,0.5409684,395.6534
0.00063,8.31e-05,5e-06,1.0,0.54092246,395.70425
0.00063,8.27e-05,1e-05,0.0,0.55930793,317.1497
0.00063,8.27e-05,1e-05,0.1,0.5528338,390.98248
0.00063,8.27e-05,1e-05,0.2,0.5258042,390.83148
0.00063,8.27e-05,1e-05,0.3,0.51108384,390.6815
0.00063,8.27e-05,1e-05,0.4,0.5422138,394.1437
0.00063,8.27e-05,1e-05,0.5,0.54200613,394.47925
0.00063,8.27e-05,1e-05,0.6,0.5414854,395.08084
0.00063,8.27e-05,1e-05,0.7,0.5412046,395.39325
0.00063,8.27e-05,1e-05,0.8,0.5410522,395.5611
0.00063,8.27e-05,1e-05,0.9,0.5409684,395.6534
0.00063,8.27e-05,1e-05,1.0,0.54092246,395.70425
0.00064,1e-04,0.0,0.0,0.55930567,317.14352
0.00064,1e-04,0.0,0.1,0.5528077,391.0016
0.00064,1e-04,0.0,0.2,0.525807,390.83136
0.00064,1e-04,0.0,0.3,0.51105934,390.6711
0.00064,1e-04,0.0,0.4,0.5422132,394.14456
0.00064,1e-04,0.0,0.5,0.542006,394.47925
0.00064,1e-04,0.0,0.6,0.54148555,395.0809
0.00064,1e-04,0.0,0.7,0.5412045,395.39328
0.00064,1e-04,0.0,0.8,0.5410521,395.56116
0.00064,1e-04,0.0,0.9,0.5409684,395.6534
0.00064,1e-04,0.0,1.0,0.54092246,395.70435
0.00064,6.69e-05,0.0,0.0,0.5593106,317.15552
0.00064,6.69e-05,0.0,0.1,0.5528422,390.97607
0.00064,6.69e-05,0.0,0.2,0.52579665,390.83737
0.00064,6.69e-05,0.0,0.3,0.51107466,390.6925
0.00064,6.69e-05,0.0,0.4,0.5422139,394.14377
0.00064,6.69e-05,0.0,0.5,0.542006,394.47928
0.00064,6.69e-05,0.0,0.6,0.54148555,395.08093
0.00064,6.69e-05,0.0,0.7,0.5412045,395.39328
0.00064,6.69e-05,0.0,0.8,0.5410522,395.56113
0.00064,6.69e-05,0.0,0.9,0.5409685,395.6534
0.00064,6.69e-05,0.0,1.0,0.5409224,395.70435
0.00064,6.69e-05,1e-05,0.0,0.55931056,317.15506
0.00064,6.69e-05,1e-05,0.1,0.55284244,390.97598
0.00064,6.69e-05,1e-05,0.2,0.52579993,390.83438
0.00064,6.69e-05,1e-05,0.3,0.51108265,390.68997
0.00064,6.69e-05,1e-05,0.4,0.542214,394.14362
0.00064,6.69e-05,1e-05,0.5,0.542006,394.47928
0.00064,6.69e-05,1e-05,0.6,0.54148567,395.08093
0.00064,6.69e-05,1e-05,0.7,0.5412045,395.39328
0.00064,6.69e-05,1e-05,0.8,0.5410522,395.56113
0.00064,6.69e-05,1e-05,0.9,0.5409685,395.6534
0.00064,6.69e-05,1e-05,1.0,0.54092246,395.7043
0.00065,5.1e-05,1e-05,0.0,0.55931264,317.16055
0.00065,5.1e-05,1e-05,0.1,0.55285144,390.96945
0.00065,5.1e-05,1e-05,0.2,0.5257956,390.83728
0.00065,5.1e-05,1e-05,0.3,0.51108205,390.69827
0.00065,5.1e-05,1e-05,0.4,0.54221404,394.14352
0.00065,5.1e-05,1e-05,0.5,0.542006,394.4794
0.00065,5.1e-05,1e-05,0.6,0.5414855,395.081
0.00065,5.1e-05,1e-05,0.7,0.5412044,395.3933
0.00065,5.1e-05,1e-05,0.8,0.5410522,395.56116
0.00065,5.1e-05,1e-05,0.9,0.54096836,395.6534
0.00065,5.1e-05,1e-05,1.0,0.54092246,395.70438
0.00065,5.1e-05,0.0,0.0,0.5593128,317.161
0.00065,5.1e-05,0.0,0.1,0.5528514,390.96945
0.00065,5.1e-05,0.0,0.2,0.52579236,390.84027
0.00065,5.1e-05,0.0,0.3,0.5110737,390.70096
0.00065,5.1e-05,0.0,0.4,0.542214,394.14362
0.00065,5.1e-05,0.0,0.5,0.542006,394.4794
0.00065,5.1e-05,0.0,0.6,0.5414854,395.081
0.00065,5.1e-05,0.0,0.7,0.5412044,395.3933
0.00065,5.1e-05,0.0,0.8,0.5410521,395.56116
0.00065,5.1e-05,0.0,0.9,0.5409684,395.6534
0.00065,5.1e-05,0.0,1.0,0.5409224,395.70438
0.00066,3.46e-05,1e-05,0.0,0.5593153,317.16626
0.00066,3.46e-05,1e-05,0.1,0.5528611,390.96243
0.00066,3.46e-05,1e-05,0.2,0.52579117,390.8403
0.00066,3.46e-05,1e-05,0.3,0.5110814,390.70712
0.00066,3.46e-05,1e-05,0.4,0.54221416,394.14346
0.00066,3.46e-05,1e-05,0.5,0.5420059,394.4795
0.00066,3.46e-05,1e-05,0.6,0.5414856,395.08102
0.00066,3.46e-05,1e-05,0.7,0.5412045,395.3933
0.00066,3.46e-05,1e-05,0.8,0.5410522,395.5612
0.00066,3.46e-05,1e-05,0.9,0.5409684,395.65344
0.00066,3.46e-05,1e-05,1.0,0.54092234,395.70438
0.00066,3.46e-05,0.0,0.0,0.5593154,317.16663
0.00066,3.46e-05,0.0,0.1,0.5528608,390.9625
0.00066,3.46e-05,0.0,0.2,0.5257877,390.84326
0.00066,3.46e-05,0.0,0.3,0.51107335,390.70963
0.00066,3.46e-05,0.0,0.4,0.54221404,394.14352
0.00066,3.46e-05,0.0,0.5,0.5420059,394.4795
0.00066,3.46e-05,0.0,0.6,0.5414856,395.08102
0.00066,3.46e-05,0.0,0.7,0.54120445,395.3933
0.00066,3.46e-05,0.0,0.8,0.5410522,395.5612
0.00066,3.46e-05,0.0,0.9,0.5409684,395.65344
0.00066,3.46e-05,0.0,1.0,0.54092234,395.70438
0.00067,1.73e-05,0.0,0.0,0.55931795,317.17267
0.00067,1.73e-05,0.0,0.1,0.5528712,390.9549
0.00067,1.73e-05,0.0,0.2,0.52578294,390.8466
0.00067,1.73e-05,0.0,0.3,0.5110729,390.71887
0.00067,1.73e-05,0.0,0.4,0.5422139,394.14343
0.00067,1.73e-05,0.0,0.5,0.5420058,394.47955
0.00067,1.73e-05,0.0,0.6,0.5414855,395.08105
0.00067,1.73e-05,0.0,0.7,0.5412044,395.39337
0.00067,1.73e-05,0.0,0.8,0.5410522,395.56125
0.00067,1.73e-05,0.0,0.9,0.5409685,395.65347
0.00067,1.73e-05,0.0,1.0,0.5409224,395.70438
0.00067,1.73e-05,1e-05,0.0,0.55931777,317.17215
0.00067,1.73e-05,1e-05,0.1,0.5528716,390.9548
0.00067,1.73e-05,1e-05,0.2,0.52578646,390.84354
0.00067,1.73e-05,1e-05,0.3,0.51108116,390.71658
0.00067,1.73e-05,1e-05,0.4,0.54221404,394.1434
0.00067,1.73e-05,1e-05,0.5,0.5420058,394.47955
0.00067,1.73e-05,1e-05,0.6,0.5414855,395.08105
0.00067,1.73e-05,1e-05,0.7,0.5412044,395.3934
0.00067,1.73e-05,1e-05,0.8,0.5410522,395.56125
0.00067,1.73e-05,1e-05,0.9,0.5409684,395.65347
0.00067,1.73e-05,1e-05,1.0,0.5409224,395.70438
0.00068,0.0,1e-05,0.0,0.5593202,317.17822
0.00068,0.0,1e-05,0.1,0.55288184,390.94724
0.00068,0.0,1e-05,0.2,0.52578163,390.84674
0.00068,0.0,1e-05,0.3,0.5110806,390.726
0.00068,0.0,1e-05,0.4,0.54221416,394.14325
0.00068,0.0,1e-05,0.5,0.5420058,394.4796
0.00068,0.0,1e-05,0.6,0.5414854,395.0811
0.00068,0.0,1e-05,0.7,0.5412043,395.3934
0.00068,0.0,1e-05,0.8,0.5410522,395.56125
0.00068,0.0,1e-05,0.9,0.5409685,395.65347
0.00068,0.0,1e-05,1.0,0.54092234,395.7044
0.00068,0.0,0.0,0.0,0.55932045,317.1786
0.00068,0.0,0.0,0.1,0.55288184,390.94714
0.00068,0.0,0.0,0.2,0.5257783,390.84964
0.00068,0.0,0.0,0.3,0.5110727,390.72845
0.00068,0.0,0.0,0.4,0.54221404,394.14337
0.00068,0.0,0.0,0.5,0.54200566,394.47964
0.00068,0.0,0.0,0.6,0.5414853,395.0811
0.00068,0.0,0.0,0.7,0.54120433,395.3934
0.00068,0.0,0.0,0.8,0.5410522,395.56125
0.00068,0.0,0.0,0.9,0.5409685,395.65347
0.00068,0.0,0.0,1.0,0.5409223,395.7044
0.00064,1e-04,1e-05,0.0,0.55930537,317.14297
0.00064,1e-04,1e-05,0.1,0.5528079,391.00143
0.00064,1e-04,1e-05,0.2,0.5258107,390.82843
0.00064,1e-04,1e-05,0.3,0.51106775,390.66846
0.00064,1e-04,1e-05,0.4,0.54221344,394.14447
0.00064,1e-04,1e-05,0.5,0.54200613,394.47925
0.00064,1e-04,1e-05,0.6,0.54148555,395.0809
0.00064,1e-04,1e-05,0.7,0.54120445,395.39328
0.00064,1e-04,1e-05,0.8,0.5410521,395.56116
0.00064,1e-04,1e-05,0.9,0.5409685,395.6534
0.00064,1e-04,1e-05,1.0,0.5409224,395.70435
0.00065,8.27e-05,0.0,0.0,0.559308,317.1495
0.00065,8.27e-05,0.0,0.1,0.5528182,390.99387
0.00065,8.27e-05,0.0,0.2,0.5258023,390.83447
0.00065,8.27e-05,0.0,0.3,0.5110594,390.6803
0.00065,8.27e-05,0.0,0.4,0.54221344,394.14447
0.00065,8.27e-05,0.0,0.5,0.54200613,394.4793
0.00065,8.27e-05,0.0,0.6,0.5414855,395.081
0.00065,8.27e-05,0.0,0.7,0.5412044,395.3933
0.00065,8.27e-05,0.0,0.8,0.5410522,395.56116
0.00065,8.27e-05,0.0,0.9,0.54096854,395.65344
0.00065,8.27e-05,0.0,1.0,0.54092246,395.70438
0.00065,8.27e-05,1e-05,0.0,0.5593079,317.149
0.00065,8.27e-05,1e-05,0.1,0.5528182,390.9938
0.00065,8.27e-05,1e-05,0.2,0.5258057,390.8315
0.00065,8.27e-05,1e-05,0.3,0.51106745,390.67776
0.00065,8.27e-05,1e-05,0.4,0.5422133,394.14435
0.00065,8.27e-05,1e-05,0.5,0.54200613,394.4793
0.00065,8.27e-05,1e-05,0.6,0.54148537,395.081
0.00065,8.27e-05,1e-05,0.7,0.5412044,395.3933
0.00065,8.27e-05,1e-05,0.8,0.5410522,395.56116
0.00065,8.27e-05,1e-05,0.9,0.54096854,395.65344
0.00065,8.27e-05,1e-05,1.0,0.5409224,395.70438
0.00066,1e-04,0.0,0.0,0.5593052,317.14276
0.00066,1e-04,0.0,0.1,0.5527923,391.01294
0.00066,1e-04,0.0,0.2,0.5258088,390.83133
0.00066,1e-04,0.0,0.3,0.5110431,390.6674
0.00066,1e-04,0.0,0.4,0.54221284,394.14517
0.00066,1e-04,0.0,0.5,0.542006,394.4794
0.00066,1e-04,0.0,0.6,0.5414855,395.081
0.00066,1e-04,0.0,0.7,0.5412044,395.3933
0.00066,1e-04,0.0,0.8,0.5410522,395.56122
0.00066,1e-04,0.0,0.9,0.5409684,395.65347
0.00066,1e-04,0.0,1.0,0.5409224,395.70438
0.00066,6.69e-05,0.0,0.0,0.55931044,317.15497
0.00066,6.69e-05,0.0,0.1,0.552827,390.98724
0.00066,6.69e-05,0.0,0.2,0.5257982,390.83737
0.00066,6.69e-05,0.0,0.3,0.5110581,390.68863
0.00066,6.69e-05,0.0,0.4,0.5422133,394.14435
0.00066,6.69e-05,0.0,0.5,0.542006,394.47946
0.00066,6.69e-05,0.0,0.6,0.5414856,395.08102
0.00066,6.69e-05,0.0,0.7,0.5412044,395.3933
0.00066,6.69e-05,0.0,0.8,0.5410522,395.5612
0.00066,6.69e-05,0.0,0.9,0.5409685,395.65344
0.00066,6.69e-05,0.0,1.0,0.54092234,395.70438
0.00066,6.69e-05,1e-05,0.0,0.5593103,317.15442
0.00066,6.69e-05,1e-05,0.1,0.5528271,390.9872
0.00066,6.69e-05,1e-05,0.2,0.52580124,390.83463
0.00066,6.69e-05,1e-05,0.3,0.51106703,390.68604
0.00066,6.69e-05,1e-05,0.4,0.5422133,394.1443
0.00066,6.69e-05,1e-05,0.5,0.542006,394.47946
0.00066,6.69e-05,1e-05,0.6,0.54148555,395.08102
0.00066,6.69e-05,1e-05,0.7,0.5412044,395.3933
0.00066,6.69e-05,1e-05,0.8,0.5410522,395.5612
0.00066,6.69e-05,1e-05,0.9,0.5409684,395.65344
0.00066,6.69e-05,1e-05,1.0,0.54092234,395.70438
0.00067,5.1e-05,1e-05,0.0,0.5593126,317.15997
0.00067,5.1e-05,1e-05,0.1,0.5528362,390.98065
0.00067,5.1e-05,1e-05,0.2,0.52579725,390.83743
0.00067,5.1e-05,1e-05,0.3,0.5110661,390.6944
0.00067,5.1e-05,1e-05,0.4,0.5422137,394.1441
0.00067,5.1e-05,1e-05,0.5,0.5420058,394.47955
0.00067,5.1e-05,1e-05,0.6,0.54148555,395.08105
0.00067,5.1e-05,1e-05,0.7,0.54120445,395.39337
0.00067,5.1e-05,1e-05,0.8,0.5410522,395.56125
0.00067,5.1e-05,1e-05,0.9,0.54096836,395.65347
0.00067,5.1e-05,1e-05,1.0,0.5409222,395.7044
0.00067,5.1e-05,0.0,0.0,0.5593128,317.1604
0.00067,5.1e-05,0.0,0.1,0.5528362,390.9806
0.00067,5.1e-05,0.0,0.2,0.5257939,390.84036
0.00067,5.1e-05,0.0,0.3,0.5110576,390.697
0.00067,5.1e-05,0.0,0.4,0.5422132,394.14426
0.00067,5.1e-05,0.0,0.5,0.5420059,394.47952
0.00067,5.1e-05,0.0,0.6,0.5414856,395.08105
0.00067,5.1e-05,0.0,0.7,0.5412044,395.3934
0.00067,5.1e-05,0.0,0.8,0.5410522,395.56125
0.00067,5.1e-05,0.0,0.9,0.54096836,395.65347
0.00067,5.1e-05,0.0,1.0,0.5409223,395.7044
0.000675,4.28e-05,5e-06,0.0,0.5593139,317.163
0.000675,4.28e-05,5e-06,0.1,0.55284077,390.97723
0.000675,4.28e-05,5e-06,0.2,0.5257933,390.84055
0.000675,4.28e-05,5e-06,0.3,0.5110613,390.7002
0.000675,4.28e-05,5e-06,0.4,0.5422137,394.1441
0.000675,4.28e-05,5e-06,0.5,0.5420058,394.47955
0.000675,4.28e-05,5e-06,0.6,0.5414855,395.08105
0.000675,4.28e-05,5e-06,0.7,0.54120445,395.3934
0.000675,4.28e-05,5e-06,0.8,0.5410522,395.56125
0.000675,4.28e-05,5e-06,0.9,0.5409684,395.65347
0.000675,4.28e-05,5e-06,1.0,0.5409222,395.7044
0.00068,3.46e-05,0.0,0.0,0.5593151,317.16605
0.00068,3.46e-05,0.0,0.1,0.5528456,390.9738
0.00068,3.46e-05,0.0,0.2,0.5257894,390.84338
0.00068,3.46e-05,0.0,0.3,0.51105696,390.70572
0.00068,3.46e-05,0.0,0.4,0.54221356,394.1441
0.00068,3.46e-05,0.0,0.5,0.5420058,394.47958
0.00068,3.46e-05,0.0,0.6,0.54148555,395.0811
0.00068,3.46e-05,0.0,0.7,0.54120433,395.3934
0.00068,3.46e-05,0.0,0.8,0.5410522,395.56125
0.00068,3.46e-05,0.0,0.9,0.5409684,395.6535
0.00068,3.46e-05,0.0,1.0,0.54092234,395.70444
0.00068,3.46e-05,1e-05,0.0,0.5593151,317.16562
0.00068,3.46e-05,1e-05,0.1,0.5528456,390.97388
0.00068,3.46e-05,1e-05,0.2,0.5257927,390.8405
0.00068,3.46e-05,1e-05,0.3,0.5110655,390.70322
0.00068,3.46e-05,1e-05,0.4,0.5422137,394.14398
0.00068,3.46e-05,1e-05,0.5,0.54200566,394.47958
0.00068,3.46e-05,1e-05,0.6,0.5414854,395.0811
0.00068,3.46e-05,1e-05,0.7,0.5412044,395.3934
0.00068,3.46e-05,1e-05,0.8,0.5410522,395.56125
0.00068,3.46e-05,1e-05,0.9,0.5409685,395.6535
0.00068,3.46e-05,1e-05,1.0,0.54092234,395.70444
0.00069,1.73e-05,1e-05,0.0,0.5593176,317.1716
0.00069,1.73e-05,1e-05,0.1,0.5528561,390.96606
0.00069,1.73e-05,1e-05,0.2,0.5257882,390.8436
0.00069,1.73e-05,1e-05,0.3,0.51106507,390.7125
0.00069,1.73e-05,1e-05,0.4,0.54221356,394.1439
0.00069,1.73e-05,1e-05,0.5,0.54200554,394.47968
0.00069,1.73e-05,1e-05,0.6,0.5414853,395.08112
0.00069,1.73e-05,1e-05,0.7,0.5412043,395.3935
0.00069,1.73e-05,1e-05,0.8,0.5410522,395.56128
0.00069,1.73e-05,1e-05,0.9,0.54096824,395.65353
0.00069,1.73e-05,1e-05,1.0,0.54092234,395.70447
0.00069,1.73e-05,0.0,0.0,0.5593177,317.17206
0.00069,1.73e-05,0.0,0.1,0.5528561,390.9661
0.00069,1.73e-05,0.0,0.2,0.5257846,390.8465
0.00069,1.73e-05,0.0,0.3,0.5110569,390.715
0.00069,1.73e-05,0.0,0.4,0.5422137,394.14395
0.00069,1.73e-05,0.0,0.5,0.54200566,394.47968
0.00069,1.73e-05,0.0,0.6,0.5414853,395.08112
0.00069,1.73e-05,0.0,0.7,0.54120433,395.3935
0.00069,1.73e-05,0.0,0.8,0.5410522,395.56128
0.00069,1.73e-05,0.0,0.9,0.54096824,395.65353
0.00069,1.73e-05,0.0,1.0,0.5409224,395.70447
0.0007,0.0,1e-05,0.0,0.5593202,317.17767
0.0007,0.0,1e-05,0.1,0.55286634,390.95844
0.0007,0.0,1e-05,0.2,0.5257833,390.8467
0.0007,0.0,1e-05,0.3,0.51106465,390.72195
0.0007,0.0,1e-05,0.4,0.5422137,394.1437
0.0007,0.0,1e-05,0.5,0.5420057,394.4797
0.0007,0.0,1e-05,0.6,0.5414852,395.08115
0.0007,0.0,1e-05,0.7,0.5412042,395.39352
0.0007,0.0,1e-05,0.8,0.5410521,395.56128
0.0007,0.0,1e-05,0.9,0.5409683,395.65353
0.0007,0.0,1e-05,1.0,0.54092246,395.70447
0.0007,0.0,0.0,0.0,0.55932033,317.17816
0.0007,0.0,0.0,0.1,0.55286634,390.95847
0.0007,0.0,0.0,0.2,0.5257797,390.84976
0.0007,0.0,0.0,0.3,0.51105654,390.72433
0.0007,0.0,0.0,0.4,0.5422137,394.14386
0.0007,0.0,0.0,0.5,0.5420058,394.47977
0.0007,0.0,0.0,0.6,0.5414852,395.08115
0.0007,0.0,0.0,0.7,0.5412042,395.39352
0.0007,0.0,0.0,0.8,0.5410521,395.56128
0.0007,0.0,0.0,0.9,0.5409682,395.65353
0.0007,0.0,0.0,1.0,0.54092246,395.70447
0.00066,1e-04,1e-05,0.0,0.5593051,317.1424
0.00066,1e-04,1e-05,0.1,0.5527926,391.01288
0.00066,1e-04,1e-05,0.2,0.52581203,390.8284
0.00066,1e-04,1e-05,0.3,0.5110513,390.66476
0.00066,1e-04,1e-05,0.4,0.5422127,394.14508
0.00066,1e-04,1e-05,0.5,0.54200613,394.47937
0.00066,1e-04,1e-05,0.6,0.5414855,395.081
0.00066,1e-04,1e-05,0.7,0.5412044,395.3933
0.00066,1e-04,1e-05,0.8,0.5410522,395.56122
0.00066,1e-04,1e-05,0.9,0.5409684,395.65347
0.00066,1e-04,1e-05,1.0,0.5409224,395.70438
0.00067,8.27e-05,0.0,0.0,0.55930793,317.1488
0.00067,8.27e-05,0.0,0.1,0.5528029,391.00504
0.00067,8.27e-05,0.0,0.2,0.5258038,390.8346
0.00067,8.27e-05,0.0,0.3,0.51104283,390.67657
0.00067,8.27e-05,0.0,0.4,0.5422129,394.14505
0.00067,8.27e-05,0.0,0.5,0.542006,394.4795
0.00067,8.27e-05,0.0,0.6,0.5414856,395.08102
0.00067,8.27e-05,0.0,0.7,0.54120445,395.39334
0.00067,8.27e-05,0.0,0.8,0.5410522,395.56125
0.00067,8.27e-05,0.0,0.9,0.5409684,395.65347
0.00067,8.27e-05,0.0,1.0,0.5409222,395.7044
0.00067,8.27e-05,1e-05,0.0,0.5593078,317.14844
0.00067,8.27e-05,1e-05,0.1,0.552803,391.00504
0.00067,8.27e-05,1e-05,0.2,0.5258072,390.83157
0.00067,8.27e-05,1e-05,0.3,0.5110511,390.67398
0.00067,8.27e-05,1e-05,0.4,0.5422129,394.14496
0.00067,8.27e-05,1e-05,0.5,0.5420059,394.4795
0.00067,8.27e-05,1e-05,0.6,0.5414856,395.08102
0.00067,8.27e-05,1e-05,0.7,0.54120445,395.39334
0.00067,8.27e-05,1e-05,0.8,0.5410522,395.56125
0.00067,8.27e-05,1e-05,0.9,0.5409684,395.65347
0.00067,8.27e-05,1e-05,1.0,0.5409223,395.7044
0.00068,1e-04,0.0,0.0,0.559305,317.1422
0.00068,1e-04,0.0,0.1,0.5527767,391.02432
0.00068,1e-04,0.0,0.2,0.5258099,390.8316
0.00068,1e-04,0.0,0.3,0.51102626,390.66382
0.00068,1e-04,0.0,0.4,0.5422121,394.1457
0.00068,1e-04,0.0,0.5,0.5420059,394.4795
0.00068,1e-04,0.0,0.6,0.5414855,395.08105
0.00068,1e-04,0.0,0.7,0.5412044,395.3934
0.00068,1e-04,0.0,0.8,0.5410522,395.56125
0.00068,1e-04,0.0,0.9,0.5409684,395.65353
0.00068,1e-04,0.0,1.0,0.54092246,395.70447
0.00068,6.69e-05,0.0,0.0,0.5593103,317.15433
0.00068,6.69e-05,0.0,0.1,0.55281174,390.99866
0.00068,6.69e-05,0.0,0.2,0.5257996,390.8375
0.00068,6.69e-05,0.0,0.3,0.511042,390.68478
0.00068,6.69e-05,0.0,0.4,0.54221296,394.14493
0.00068,6.69e-05,0.0,0.5,0.5420058,394.47955
0.00068,6.69e-05,0.0,0.6,0.5414855,395.0811
0.00068,6.69e-05,0.0,0.7,0.5412045,395.3934
0.00068,6.69e-05,0.0,0.8,0.5410522,395.56125
0.00068,6.69e-05,0.0,0.9,0.5409684,395.6535
0.00068,6.69e-05,0.0,1.0,0.54092234,395.70444
0.00068,6.69e-05,1e-05,0.0,0.55930996,317.15384
0.00068,6.69e-05,1e-05,0.1,0.552812,390.99857
0.00068,6.69e-05,1e-05,0.2,0.52580297,390.83456
0.00068,6.69e-05,1e-05,0.3,0.5110504,390.6824
0.00068,6.69e-05,1e-05,0.4,0.5422127,394.1448
0.00068,6.69e-05,1e-05,0.5,0.5420058,394.47955
0.00068,6.69e-05,1e-05,0.6,0.54148555,395.0811
0.00068,6.69e-05,1e-05,0.7,0.54120445,395.3934
0.00068,6.69e-05,1e-05,0.8,0.5410522,395.56125
0.00068,6.69e-05,1e-05,0.9,0.5409685,395.6535
0.00068,6.69e-05,1e-05,1.0,0.54092234,395.70444
0.00069,5.1e-05,0.0,0.0,0.5593124,317.15982
0.00069,5.1e-05,0.0,0.1,0.55282074,390.99216
0.00069,5.1e-05,0.0,0.2,0.5257953,390.84045
0.00069,5.1e-05,0.0,0.3,0.5110414,390.69318
0.00069,5.1e-05,0.0,0.4,0.5422127,394.14487
0.00069,5.1e-05,0.0,0.5,0.54200566,394.4796
0.00069,5.1e-05,0.0,0.6,0.5414853,395.08112
0.00069,5.1e-05,0.0,0.7,0.5412042,395.3935
0.00069,5.1e-05,0.0,0.8,0.5410522,395.56128
0.00069,5.1e-05,0.0,0.9,0.54096836,395.65353
0.00069,5.1e-05,0.0,1.0,0.5409224,395.70447
0.00069,5.1e-05,1e-05,0.0,0.5593122,317.15927
0.00069,5.1e-05,1e-05,0.1,0.5528208,390.99213
0.00069,5.1e-05,1e-05,0.2,0.5257986,390.83755
0.00069,5.1e-05,1e-05,0.3,0.5110496,390.69064
0.00069,5.1e-05,1e-05,0.4,0.542213,394.14468
0.00069,5.1e-05,1e-05,0.5,0.5420058,394.4796
0.00069,5.1e-05,1e-05,0.6,0.5414853,395.08112
0.00069,5.1e-05,1e-05,0.7,0.5412042,395.3935
0.00069,5.1e-05,1e-05,0.8,0.5410522,395.56128
0.00069,5.1e-05,1e-05,0.9,0.5409684,395.6535
0.00069,5.1e-05,1e-05,1.0,0.5409224,395.70447
0.0007,3.46e-05,0.0,0.0,0.55931485,317.16553
0.0007,3.46e-05,0.0,0.1,0.5528302,390.98502
0.0007,3.46e-05,0.0,0.2,0.5257909,390.84338
0.0007,3.46e-05,0.0,0.3,0.5110408,390.70184
0.0007,3.46e-05,0.0,0.4,0.5422131,394.14468
0.0007,3.46e-05,0.0,0.5,0.5420058,394.4797
0.0007,3.46e-05,0.0,0.6,0.5414852,395.08115
0.0007,3.46e-05,0.0,0.7,0.5412042,395.39352
0.0007,3.46e-05,0.0,0.8,0.5410521,395.56128
0.0007,3.46e-05,0.0,0.9,0.5409682,395.65353
0.0007,3.46e-05,0.0,1.0,0.5409224,395.70447
0.0007,3.46e-05,1e-05,0.0,0.55931485,317.16498
0.0007,3.46e-05,1e-05,0.1,0.55283046,390.98492
0.0007,3.46e-05,1e-05,0.2,0.52579427,390.8405
0.0007,3.46e-05,1e-05,0.3,0.51104903,390.6994
0.0007,3.46e-05,1e-05,0.4,0.5422132,394.1446
0.0007,3.46e-05,1e-05,0.5,0.54200566,394.4797
0.0007,3.46e-05,1e-05,0.6,0.5414852,395.08115
0.0007,3.46e-05,1e-05,0.7,0.54120433,395.39352
0.0007,3.46e-05,1e-05,0.8,0.5410521,395.56128
0.0007,3.46e-05,1e-05,0.9,0.5409682,395.65353
0.0007,3.46e-05,1e-05,1.0,0.5409224,395.70447
0.00071,1.73e-05,0.0,0.0,0.55931747,317.17145
0.00071,1.73e-05,0.0,0.1,0.55284077,390.97736
0.00071,1.73e-05,0.0,0.2,0.52578604,390.8466
0.00071,1.73e-05,0.0,0.3,0.5110405,390.71124
0.00071,1.73e-05,0.0,0.4,0.54221326,394.1445
0.00071,1.73e-05,0.0,0.5,0.54200566,394.47977
0.00071,1.73e-05,0.0,0.6,0.5414852,395.08118
0.00071,1.73e-05,0.0,0.7,0.5412042,395.39352
0.00071,1.73e-05,0.0,0.8,0.5410519,395.5613
0.00071,1.73e-05,0.0,0.9,0.5409682,395.65353
0.00071,1.73e-05,0.0,1.0,0.5409223,395.70453
0.00071,1.73e-05,1e-05,0.0,0.5593172,317.171
0.00071,1.73e-05,1e-05,0.1,0.5528408,390.97733
0.00071,1.73e-05,1e-05,0.2,0.5257894,390.84363
0.00071,1.73e-05,1e-05,0.3,0.5110489,390.70868
0.00071,1.73e-05,1e-05,0.4,0.5422131,394.1444
0.00071,1.73e-05,1e-05,0.5,0.54200566,394.47977
0.00071,1.73e-05,1e-05,0.6,0.5414851,395.08118
0.00071,1.73e-05,1e-05,0.7,0.5412042,395.39352
0.00071,1.73e-05,1e-05,0.8,0.5410519,395.5613
0.00071,1.73e-05,1e-05,0.9,0.5409682,395.65353
0.00071,1.73e-05,1e-05,1.0,0.5409223,395.70453
0.00072,0.0,0.0,0.0,0.55932033,317.17752
0.00072,0.0,0.0,0.1,0.55285126,390.96988
0.00072,0.0,0.0,0.2,0.52578145,390.8498
0.00072,0.0,0.0,0.3,0.51104033,390.7205
0.00072,0.0,0.0,0.4,0.5422132,394.1444
0.00072,0.0,0.0,0.5,0.54200554,394.47986
0.00072,0.0,0.0,0.6,0.5414852,395.0812
0.00072,0.0,0.0,0.7,0.54120415,395.39355
0.00072,0.0,0.0,0.8,0.541052,395.5613
0.00072,0.0,0.0,0.9,0.54096806,395.65356
0.00072,0.0,0.0,1.0,0.5409223,395.70456
0.00072,0.0,1e-05,0.0,0.5593199,317.177
0.00072,0.0,1e-05,0.1,0.55285144,390.96982
0.00072,0.0,1e-05,0.2,0.5257846,390.84686
0.00072,0.0,1e-05,0.3,0.5110483,390.71802
0.00072,0.0,1e-05,0.4,0.5422133,394.14435
0.00072,0.0,1e-05,0.5,0.54200554,394.47983
0.00072,0.0,1e-05,0.6,0.5414852,395.0812
0.00072,0.0,1e-05,0.7,0.54120415,395.39355
0.00072,0.0,1e-05,0.8,0.541052,395.5613
0.00072,0.0,1e-05,0.9,0.54096806,395.65356
0.00072,0.0,1e-05,1.0,0.5409223,395.70456
0.00068,1e-04,1e-05,0.0,0.5593051,317.1417
0.00068,1e-04,1e-05,0.1,0.5527768,391.02423
0.00068,1e-04,1e-05,0.2,0.5258134,390.82864
0.00068,1e-04,1e-05,0.3,0.51103497,390.66132
0.00068,1e-04,1e-05,0.4,0.54221225,394.1456
0.00068,1e-04,1e-05,0.5,0.5420059,394.4795
0.00068,1e-04,1e-05,0.6,0.54148537,395.08105
0.00068,1e-04,1e-05,0.7,0.5412044,395.3934
0.00068,1e-04,1e-05,0.8,0.5410522,395.56125
0.00068,1e-04,1e-05,0.9,0.5409684,395.6535
0.00068,1e-04,1e-05,1.0,0.5409224,395.70447
0.00069,8.27e-05,0.0,0.0,0.5593076,317.14822
0.00069,8.27e-05,0.0,0.1,0.5527873,391.0166
0.00069,8.27e-05,0.0,0.2,0.5258053,390.8348
0.00069,8.27e-05,0.0,0.3,0.5110264,390.67307
0.00069,8.27e-05,0.0,0.4,0.54221225,394.1456
0.00069,8.27e-05,0.0,0.5,0.5420058,394.47958
0.00069,8.27e-05,0.0,0.6,0.5414853,395.0811
0.00069,8.27e-05,0.0,0.7,0.5412042,395.3935
0.00069,8.27e-05,0.0,0.8,0.5410522,395.56128
0.00069,8.27e-05,0.0,0.9,0.5409683,395.65353
0.00069,8.27e-05,0.0,1.0,0.5409225,395.70447
0.00069,8.27e-05,1e-05,0.0,0.5593076,317.14764
0.00069,8.27e-05,1e-05,0.1,0.5527875,391.01657
0.00069,8.27e-05,1e-05,0.2,0.5258087,390.83163
0.00069,8.27e-05,1e-05,0.3,0.5110347,390.67038
0.00069,8.27e-05,1e-05,0.4,0.5422126,394.1455
0.00069,8.27e-05,1e-05,0.5,0.5420058,394.47955
0.00069,8.27e-05,1e-05,0.6,0.5414853,395.0811
0.00069,8.27e-05,1e-05,0.7,0.5412042,395.3935
0.00069,8.27e-05,1e-05,0.8,0.5410522,395.56128
0.00069,8.27e-05,1e-05,0.9,0.54096824,395.65353
0.00069,8.27e-05,1e-05,1.0,0.54092246,395.70447
0.0007,1e-04,0.0,0.0,0.5593049,317.1416
0.0007,1e-04,0.0,0.1,0.55276126,391.0356
0.0007,1e-04,0.0,0.2,0.52581155,390.83148
0.0007,1e-04,0.0,0.3,0.5110098,390.6605
0.0007,1e-04,0.0,0.4,0.54221165,394.14624
0.0007,1e-04,0.0,0.5,0.54200566,394.47958
0.0007,1e-04,0.0,0.6,0.5414853,395.08112
0.0007,1e-04,0.0,0.7,0.54120433,395.39352
0.0007,1e-04,0.0,0.8,0.5410521,395.56128
0.0007,1e-04,0.0,0.9,0.5409682,395.65353
0.0007,1e-04,0.0,1.0,0.5409223,395.70453
0.0007,6.69e-05,0.0,0.0,0.5593101,317.1537
0.0007,6.69e-05,0.0,0.1,0.5527964,391.0099
0.0007,6.69e-05,0.0,0.2,0.52580094,390.8377
0.0007,6.69e-05,0.0,0.3,0.51102567,390.68124
0.0007,6.69e-05,0.0,0.4,0.5422125,394.14554
0.0007,6.69e-05,0.0,0.5,0.5420058,394.47968
0.0007,6.69e-05,0.0,0.6,0.5414852,395.08112
0.0007,6.69e-05,0.0,0.7,0.54120433,395.39352
0.0007,6.69e-05,0.0,0.8,0.5410521,395.5613
0.0007,6.69e-05,0.0,0.9,0.5409682,395.65353
0.0007,6.69e-05,0.0,1.0,0.5409224,395.7045
0.0007,6.69e-05,1e-05,0.0,0.5593099,317.1532
0.0007,6.69e-05,1e-05,0.1,0.5527965,391.00995
0.0007,6.69e-05,1e-05,0.2,0.5258043,390.83472
0.0007,6.69e-05,1e-05,0.3,0.5110339,390.67874
0.0007,6.69e-05,1e-05,0.4,0.5422126,394.1454
0.0007,6.69e-05,1e-05,0.5,0.5420058,394.47968
0.0007,6.69e-05,1e-05,0.6,0.5414853,395.08112
0.0007,6.69e-05,1e-05,0.7,0.5412042,395.39352
0.0007,6.69e-05,1e-05,0.8,0.5410521,395.5613
0.0007,6.69e-05,1e-05,0.9,0.5409682,395.65353
0.0007,6.69e-05,1e-05,1.0,0.5409224,395.7045
0.00073,1.73e-05,0.0,0.0,0.55931735,317.17093
0.00073,1.73e-05,0.0,0.1,0.5528251,390.98874
0.00073,1.73e-05,0.0,0.2,0.5257876,390.84665
0.00073,1.73e-05,0.0,0.3,0.511024,390.7075
0.00073,1.73e-05,0.0,0.4,0.54221267,394.14517
0.00073,1.73e-05,0.0,0.5,0.54200554,394.47986
0.00073,1.73e-05,0.0,0.6,0.5414852,395.0812
0.00073,1.73e-05,0.0,0.7,0.54120404,395.39362
0.00073,1.73e-05,0.0,0.8,0.541052,395.56134
0.00073,1.73e-05,0.0,0.9,0.54096806,395.6536
0.00073,1.73e-05,0.0,1.0,0.54092216,395.70456
0.00074,0.0,0.0,0.0,0.5593199,317.17685
0.00074,0.0,0.0,0.1,0.5528359,390.98108
0.00074,0.0,0.0,0.2,0.5257828,390.84982
0.00074,0.0,0.0,0.3,0.51102424,390.71667
0.00074,0.0,0.0,0.4,0.5422125,394.14505
0.00074,0.0,0.0,0.5,0.5420053,394.47992
0.00074,0.0,0.0,0.6,0.5414851,395.0813
0.00074,0.0,0.0,0.7,0.5412043,395.39362
0.00074,0.0,0.0,0.8,0.541052,395.56137
0.00074,0.0,0.0,0.9,0.54096794,395.6536
0.00074,0.0,0.0,1.0,0.54092216,395.70456
0.00074,0.0,1e-05,0.0,0.55931985,317.1763
0.00074,0.0,1e-05,0.1,0.55283606,390.98105
0.00074,0.0,1e-05,0.2,0.5257863,390.84692
0.00074,0.0,1e-05,0.3,0.5110322,390.71414
0.00074,0.0,1e-05,0.4,0.5422127,394.14484
0.00074,0.0,1e-05,0.5,0.5420054,394.47992
0.00074,0.0,1e-05,0.6,0.54148495,395.0813
0.00074,0.0,1e-05,0.7,0.5412042,395.39362
0.00074,0.0,1e-05,0.8,0.541052,395.56137
0.00074,0.0,1e-05,0.9,0.54096806,395.6536
0.00074,0.0,1e-05,1.0,0.54092205,395.70456
0.00072,3.46e-05,0.0,0.0,0.5593147,317.16486
0.00072,3.46e-05,0.0,0.1,0.55281484,390.9965
0.00072,3.46e-05,0.0,0.2,0.5257925,390.84348
0.00072,3.46e-05,0.0,0.3,0.5110243,390.69815
0.00072,3.46e-05,0.0,0.4,0.54221237,394.14526
0.00072,3.46e-05,0.0,0.5,0.54200554,394.47977
0.00072,3.46e-05,0.0,0.6,0.5414851,395.0812
0.00072,3.46e-05,0.0,0.7,0.54120415,395.39355
0.00072,3.46e-05,0.0,0.8,0.54105204,395.5613
0.00072,3.46e-05,0.0,0.9,0.5409682,395.65356
0.00072,3.46e-05,0.0,1.0,0.5409222,395.70456
0.00071,5.1e-05,0.0,0.0,0.55931234,317.1591
0.00071,5.1e-05,0.0,0.1,0.5528053,391.00342
0.00071,5.1e-05,0.0,0.2,0.5257969,390.84042
0.00071,5.1e-05,0.0,0.3,0.5110249,390.68948
0.00071,5.1e-05,0.0,0.4,0.54221255,394.1454
0.00071,5.1e-05,0.0,0.5,0.54200566,394.4797
0.00071,5.1e-05,0.0,0.6,0.5414851,395.08115
0.00071,5.1e-05,0.0,0.7,0.54120433,395.39352
0.00071,5.1e-05,0.0,0.8,0.541052,395.5613
0.00071,5.1e-05,0.0,0.9,0.54096806,395.65353
0.00071,5.1e-05,0.0,1.0,0.5409223,395.70453
0.00071,5.1e-05,1e-05,0.0,0.5593122,317.15857
0.00071,5.1e-05,1e-05,0.1,0.55280536,391.0034
0.00071,5.1e-05,1e-05,0.2,0.5258002,390.83755
0.00071,5.1e-05,1e-05,0.3,0.51103324,390.68704
0.00071,5.1e-05,1e-05,0.4,0.54221255,394.1453
0.00071,5.1e-05,1e-05,0.5,0.54200566,394.4797
0.00071,5.1e-05,1e-05,0.6,0.5414851,395.08115
0.00071,5.1e-05,1e-05,0.7,0.54120433,395.39352
0.00071,5.1e-05,1e-05,0.8,0.541052,395.5613
0.00071,5.1e-05,1e-05,0.9,0.54096806,395.65353
0.00071,5.1e-05,1e-05,1.0,0.5409222,395.70453
0.00072,3.46e-05,1e-05,0.0,0.5593146,317.1643
0.00072,3.46e-05,1e-05,0.1,0.5528149,390.9964
0.00072,3.46e-05,1e-05,0.2,0.52579606,390.8405
0.00072,3.46e-05,1e-05,0.3,0.5110326,390.69562
0.00072,3.46e-05,1e-05,0.4,0.5422125,394.1452
0.00072,3.46e-05,1e-05,0.5,0.54200566,394.47977
0.00072,3.46e-05,1e-05,0.6,0.5414851,395.0812
0.00072,3.46e-05,1e-05,0.7,0.54120415,395.39355
0.00072,3.46e-05,1e-05,0.8,0.54105204,395.5613
0.00072,3.46e-05,1e-05,0.9,0.5409682,395.65356
0.00072,3.46e-05,1e-05,1.0,0.54092216,395.70456
0.00073,1.73e-05,1e-05,0.0,0.55931693,317.1704
0.00073,1.73e-05,1e-05,0.1,0.5528252,390.9887
0.00073,1.73e-05,1e-05,0.2,0.52579105,390.84384
0.00073,1.73e-05,1e-05,0.3,0.51103246,390.70493
0.00073,1.73e-05,1e-05,0.4,0.54221255,394.14502
0.00073,1.73e-05,1e-05,0.5,0.54200554,394.47986
0.00073,1.73e-05,1e-05,0.6,0.5414852,395.0812
0.00073,1.73e-05,1e-05,0.7,0.5412041,395.39362
0.00073,1.73e-05,1e-05,0.8,0.541052,395.56134
0.00073,1.73e-05,1e-05,0.9,0.5409681,395.6536
0.00073,1.73e-05,1e-05,1.0,0.54092216,395.70456
0.0007,1e-04,1e-05,0.0,0.5593047,317.14105
0.0007,1e-04,1e-05,0.1,0.55276144,391.03568
0.0007,1e-04,1e-05,0.2,0.525815,390.82874
0.0007,1e-04,1e-05,0.3,0.5110182,390.65784
0.0007,1e-04,1e-05,0.4,0.542212,394.14618
0.0007,1e-04,1e-05,0.5,0.5420058,394.47958
0.0007,1e-04,1e-05,0.6,0.5414853,395.08112
0.0007,1e-04,1e-05,0.7,0.54120433,395.39352
0.0007,1e-04,1e-05,0.8,0.54105204,395.5613
0.0007,1e-04,1e-05,0.9,0.5409682,395.65353
0.0007,1e-04,1e-05,1.0,0.5409222,395.70453
0.00071,8.27e-05,0.0,0.0,0.5593076,317.14752
0.00071,8.27e-05,0.0,0.1,0.55277175,391.02795
0.00071,8.27e-05,0.0,0.2,0.52580667,390.83496
0.00071,8.27e-05,0.0,0.3,0.51100993,390.6696
0.00071,8.27e-05,0.0,0.4,0.5422118,394.1462
0.00071,8.27e-05,0.0,0.5,0.54200566,394.47968
0.00071,8.27e-05,0.0,0.6,0.5414853,395.08115
0.00071,8.27e-05,0.0,0.7,0.54120433,395.39352
0.00071,8.27e-05,0.0,0.8,0.541052,395.5613
0.00071,8.27e-05,0.0,0.9,0.54096806,395.65353
0.00071,8.27e-05,0.0,1.0,0.5409223,395.70453
0.00071,8.27e-05,1e-05,0.0,0.55930734,317.14706
0.00071,8.27e-05,1e-05,0.1,0.55277187,391.02786
0.00071,8.27e-05,1e-05,0.2,0.52580994,390.83176
0.00071,8.27e-05,1e-05,0.3,0.51101804,390.66687
0.00071,8.27e-05,1e-05,0.4,0.5422119,394.1461
0.00071,8.27e-05,1e-05,0.5,0.54200566,394.47968
0.00071,8.27e-05,1e-05,0.6,0.5414853,395.08115
0.00071,8.27e-05,1e-05,0.7,0.54120433,395.39352
0.00071,8.27e-05,1e-05,0.8,0.541052,395.5613
0.00071,8.27e-05,1e-05,0.9,0.54096806,395.65353
0.00071,8.27e-05,1e-05,1.0,0.5409223,395.70456
0.00072,1e-04,0.0,0.0,0.5593047,317.14096
0.00072,1e-04,0.0,0.1,0.55274594,391.04715
0.00072,1e-04,0.0,0.2,0.52581275,390.83185
0.00072,1e-04,0.0,0.3,0.51099324,390.65717
0.00072,1e-04,0.0,0.4,0.5422112,394.14694
0.00072,1e-04,0.0,0.5,0.54200554,394.47968
0.00072,1e-04,0.0,0.6,0.5414851,395.08118
0.00072,1e-04,0.0,0.7,0.5412041,395.39355
0.00072,1e-04,0.0,0.8,0.54105186,395.56134
0.00072,1e-04,0.0,0.9,0.54096806,395.6536
0.00072,1e-04,0.0,1.0,0.54092216,395.70456
0.00072,6.69e-05,0.0,0.0,0.55930984,317.153
0.00072,6.69e-05,0.0,0.1,0.55278075,391.02142
0.00072,6.69e-05,0.0,0.2,0.5258028,390.83768
0.00072,6.69e-05,0.0,0.3,0.51100916,390.67776
0.00072,6.69e-05,0.0,0.4,0.54221183,394.14603
0.00072,6.69e-05,0.0,0.5,0.5420058,394.47974
0.00072,6.69e-05,0.0,0.6,0.5414852,395.08118
0.00072,6.69e-05,0.0,0.7,0.5412041,395.39355
0.00072,6.69e-05,0.0,0.8,0.54105204,395.56134
0.00072,6.69e-05,0.0,0.9,0.5409682,395.65356
0.00072,6.69e-05,0.0,1.0,0.5409222,395.70456
0.00072,6.69e-05,1e-05,0.0,0.55930966,317.15253
0.00072,6.69e-05,1e-05,0.1,0.55278087,391.02145
0.00072,6.69e-05,1e-05,0.2,0.52580595,390.8348
0.00072,6.69e-05,1e-05,0.3,0.51101744,390.6751
0.00072,6.69e-05,1e-05,0.4,0.5422119,394.14597
0.00072,6.69e-05,1e-05,0.5,0.54200566,394.47974
0.00072,6.69e-05,1e-05,0.6,0.5414852,395.08118
0.00072,6.69e-05,1e-05,0.7,0.5412041,395.39355
0.00072,6.69e-05,1e-05,0.8,0.54105204,395.56134
0.00072,6.69e-05,1e-05,0.9,0.54096806,395.65356
0.00072,6.69e-05,1e-05,1.0,0.5409223,395.70456
0.00076,0.0,0.0,0.0,0.55931973,317.1762
0.00076,0.0,0.0,0.1,0.5528203,390.99252
0.00076,0.0,0.0,0.2,0.52578425,390.84998
0.00076,0.0,0.0,0.3,0.51100767,390.71307
0.00076,0.0,0.0,0.4,0.542212,394.14563
0.00076,0.0,0.0,0.5,0.5420053,394.47998
0.00076,0.0,0.0,0.6,0.5414852,395.08142
0.00076,0.0,0.0,0.7,0.5412042,395.39368
0.00076,0.0,0.0,0.8,0.541052,395.5614
0.00076,0.0,0.0,0.9,0.540968,395.65366
0.00076,0.0,0.0,1.0,0.54092216,395.70456
0.00076,0.0,1e-05,0.0,0.55931973,317.17563
0.00076,0.0,1e-05,0.1,0.55282056,390.99255
0.00076,0.0,1e-05,0.2,0.5257877,390.847
0.00076,0.0,1e-05,0.3,0.51101625,390.71048
0.00076,0.0,1e-05,0.4,0.5422122,394.14554
0.00076,0.0,1e-05,0.5,0.5420053,394.47998
0.00076,0.0,1e-05,0.6,0.5414853,395.08142
0.00076,0.0,1e-05,0.7,0.5412042,395.39368
0.00076,0.0,1e-05,0.8,0.541052,395.5614
0.00076,0.0,1e-05,0.9,0.54096794,395.65366
0.00076,0.0,1e-05,1.0,0.5409221,395.70456
0.00075,1.73e-05,0.0,0.0,0.5593171,317.17023
0.00075,1.73e-05,0.0,0.1,0.55280995,391.00012
0.00075,1.73e-05,0.0,0.2,0.52578914,390.8466
0.00075,1.73e-05,0.0,0.3,0.5110079,390.7038
0.00075,1.73e-05,0.0,0.4,0.54221207,394.1457
0.00075,1.73e-05,0.0,0.5,0.5420054,394.47995
0.00075,1.73e-05,0.0,0.6,0.5414852,395.08133
0.00075,1.73e-05,0.0,0.7,0.54120433,395.39362
0.00075,1.73e-05,0.0,0.8,0.54105186,395.5614
0.00075,1.73e-05,0.0,0.9,0.540968,395.65366
0.00075,1.73e-05,0.0,1.0,0.5409222,395.70456
0.00075,1.73e-05,1e-05,0.0,0.559317,317.16974
0.00075,1.73e-05,1e-05,0.1,0.5528102,391.00006
0.00075,1.73e-05,1e-05,0.2,0.5257926,390.84378
0.00075,1.73e-05,1e-05,0.3,0.51101625,390.7012
0.00075,1.73e-05,1e-05,0.4,0.5422121,394.14563
0.00075,1.73e-05,1e-05,0.5,0.5420053,394.47995
0.00075,1.73e-05,1e-05,0.6,0.5414852,395.08133
0.00075,1.73e-05,1e-05,0.7,0.5412043,395.39365
0.00075,1.73e-05,1e-05,0.8,0.54105186,395.5614
0.00075,1.73e-05,1e-05,0.9,0.54096806,395.65366
0.00075,1.73e-05,1e-05,1.0,0.5409222,395.70456
0.00074,3.46e-05,0.0,0.0,0.55931455,317.16418
0.00074,3.46e-05,0.0,0.1,0.55279946,391.0077
0.00074,3.46e-05,0.0,0.2,0.5257938,390.84363
0.00074,3.46e-05,0.0,0.3,0.51100785,390.69473
0.00074,3.46e-05,0.0,0.4,0.542212,394.14575
0.00074,3.46e-05,0.0,0.5,0.5420054,394.47986
0.00074,3.46e-05,0.0,0.6,0.5414851,395.0813
0.00074,3.46e-05,0.0,0.7,0.54120415,395.39362
0.00074,3.46e-05,0.0,0.8,0.541052,395.56137
0.00074,3.46e-05,0.0,0.9,0.540968,395.65363
0.00074,3.46e-05,0.0,1.0,0.5409223,395.70456
0.00073,5.1e-05,0.0,0.0,0.5593121,317.15848
0.00073,5.1e-05,0.0,0.1,0.55279005,391.01486
0.00073,5.1e-05,0.0,0.2,0.5257983,390.84067
0.00073,5.1e-05,0.0,0.3,0.51100844,390.68604
0.00073,5.1e-05,0.0,0.4,0.5422118,394.14594
0.00073,5.1e-05,0.0,0.5,0.5420054,394.47977
0.00073,5.1e-05,0.0,0.6,0.5414852,395.0812
0.00073,5.1e-05,0.0,0.7,0.54120415,395.39362
0.00073,5.1e-05,0.0,0.8,0.541052,395.56137
0.00073,5.1e-05,0.0,0.9,0.54096806,395.6536
0.00073,5.1e-05,0.0,1.0,0.5409221,395.70456
0.00073,5.1e-05,1e-05,0.0,0.5593121,317.15802
0.00073,5.1e-05,1e-05,0.1,0.55279005,391.01483
0.00073,5.1e-05,1e-05,0.2,0.52580166,390.83768
0.00073,5.1e-05,1e-05,0.3,0.51101685,390.68338
0.00073,5.1e-05,1e-05,0.4,0.54221207,394.1458
0.00073,5.1e-05,1e-05,0.5,0.5420054,394.47977
0.00073,5.1e-05,1e-05,0.6,0.5414851,395.0812
0.00073,5.1e-05,1e-05,0.7,0.5412041,395.39362
0.00073,5.1e-05,1e-05,0.8,0.541052,395.56137
0.00073,5.1e-05,1e-05,0.9,0.5409681,395.6536
0.00073,5.1e-05,1e-05,1.0,0.5409221,395.70456
0.00074,3.46e-05,1e-05,0.0,0.5593145,317.1637
0.00074,3.46e-05,1e-05,0.1,0.5527997,391.0077
0.00074,3.46e-05,1e-05,0.2,0.5257973,390.8406
0.00074,3.46e-05,1e-05,0.3,0.51101613,390.69208
0.00074,3.46e-05,1e-05,0.4,0.542212,394.1457
0.00074,3.46e-05,1e-05,0.5,0.54200554,394.47986
0.00074,3.46e-05,1e-05,0.6,0.54148495,395.0813
0.00074,3.46e-05,1e-05,0.7,0.5412043,395.39362
0.00074,3.46e-05,1e-05,0.8,0.541052,395.56137
0.00074,3.46e-05,1e-05,0.9,0.540968,395.6536
0.00074,3.46e-05,1e-05,1.0,0.5409223,395.70456
0.00072,1e-04,1e-05,0.0,0.55930465,317.1404
0.00072,1e-04,1e-05,0.1,0.55274594,391.04703
0.00072,1e-04,1e-05,0.2,0.5258163,390.82895
0.00072,1e-04,1e-05,0.3,0.5110016,390.65457
0.00072,1e-04,1e-05,0.4,0.5422114,394.1468
0.00072,1e-04,1e-05,0.5,0.54200554,394.47968
0.00072,1e-04,1e-05,0.6,0.5414851,395.08118
0.00072,1e-04,1e-05,0.7,0.54120415,395.39355
0.00072,1e-04,1e-05,0.8,0.541052,395.56134
0.00072,1e-04,1e-05,0.9,0.54096806,395.6536
0.00072,1e-04,1e-05,1.0,0.54092216,395.70456
0.00073,8.27e-05,0.0,0.0,0.55930734,317.14688
0.00073,8.27e-05,0.0,0.1,0.5527564,391.0394
0.00073,8.27e-05,0.0,0.2,0.5258081,390.83502
0.00073,8.27e-05,0.0,0.3,0.51099336,390.66623
0.00073,8.27e-05,0.0,0.4,0.5422114,394.14673
0.00073,8.27e-05,0.0,0.5,0.54200566,394.47977
0.00073,8.27e-05,0.0,0.6,0.5414851,395.0812
0.00073,8.27e-05,0.0,0.7,0.5412041,395.39362
0.00073,8.27e-05,0.0,0.8,0.541052,395.56137
0.00073,8.27e-05,0.0,0.9,0.540968,395.6536
0.00073,8.27e-05,0.0,1.0,0.54092205,395.70456
0.00073,8.27e-05,1e-05,0.0,0.5593072,317.14645
0.00073,8.27e-05,1e-05,0.1,0.55275667,391.03928
0.00073,8.27e-05,1e-05,0.2,0.5258116,390.83185
0.00073,8.27e-05,1e-05,0.3,0.5110017,390.66354
0.00073,8.27e-05,1e-05,0.4,0.5422114,394.14658
0.00073,8.27e-05,1e-05,0.5,0.54200566,394.47977
0.00073,8.27e-05,1e-05,0.6,0.5414852,395.0812
0.00073,8.27e-05,1e-05,0.7,0.5412041,395.3936
0.00073,8.27e-05,1e-05,0.8,0.541052,395.56137
0.00073,8.27e-05,1e-05,0.9,0.5409681,395.6536
0.00073,8.27e-05,1e-05,1.0,0.54092205,395.70456
0.00074,1e-04,0.0,0.0,0.5593046,317.14023
0.00074,1e-04,0.0,0.1,0.5527302,391.05862
0.00074,1e-04,0.0,0.2,0.5258142,390.83194
0.00074,1e-04,0.0,0.3,0.51097655,390.6539
0.00074,1e-04,0.0,0.4,0.5422106,394.1475
0.00074,1e-04,0.0,0.5,0.54200554,394.47977
0.00074,1e-04,0.0,0.6,0.5414851,395.08124
0.00074,1e-04,0.0,0.7,0.5412042,395.39362
0.00074,1e-04,0.0,0.8,0.54105186,395.5614
0.00074,1e-04,0.0,0.9,0.54096806,395.65366
0.00074,1e-04,0.0,1.0,0.5409223,395.70456
0.00074,6.69e-05,0.0,0.0,0.55930984,317.15237
0.00074,6.69e-05,0.0,0.1,0.5527652,391.03284
0.00074,6.69e-05,0.0,0.2,0.52580404,390.83783
0.00074,6.69e-05,0.0,0.3,0.5109926,390.67438
0.00074,6.69e-05,0.0,0.4,0.54221135,394.14664
0.00074,6.69e-05,0.0,0.5,0.5420053,394.47983
0.00074,6.69e-05,0.0,0.6,0.5414852,395.0813
0.00074,6.69e-05,0.0,0.7,0.5412042,395.39362
0.00074,6.69e-05,0.0,0.8,0.541052,395.56137
0.00074,6.69e-05,0.0,0.9,0.540968,395.6536
0.00074,6.69e-05,0.0,1.0,0.5409222,395.70456
0.00074,6.69e-05,1e-05,0.0,0.55930954,317.15182
0.00074,6.69e-05,1e-05,0.1,0.5527655,391.0327
0.00074,6.69e-05,1e-05,0.2,0.5258074,390.835
0.00074,6.69e-05,1e-05,0.3,0.511001,390.6719
0.00074,6.69e-05,1e-05,0.4,0.5422113,394.14645
0.00074,6.69e-05,1e-05,0.5,0.5420053,394.47983
0.00074,6.69e-05,1e-05,0.6,0.54148513,395.0813
0.00074,6.69e-05,1e-05,0.7,0.5412042,395.39362
0.00074,6.69e-05,1e-05,0.8,0.541052,395.56137
0.00074,6.69e-05,1e-05,0.9,0.5409679,395.6536
0.00074,6.69e-05,1e-05,1.0,0.5409223,395.70456
0.00078,0.0,0.0,0.0,0.5593196,317.1755
0.00078,0.0,0.0,0.1,0.552805,391.0038
0.00078,0.0,0.0,0.2,0.5257859,390.85
0.00078,0.0,0.0,0.3,0.5109913,390.70938
0.00078,0.0,0.0,0.4,0.54221153,394.1461
0.00078,0.0,0.0,0.5,0.5420053,394.4802
0.00078,0.0,0.0,0.6,0.5414851,395.08157
0.00078,0.0,0.0,0.7,0.5412042,395.3937
0.00078,0.0,0.0,0.8,0.54105186,395.56143
0.00078,0.0,0.0,0.9,0.5409681,395.6537
0.00078,0.0,0.0,1.0,0.5409221,395.7046
0.00078,0.0,1e-05,0.0,0.5593193,317.17502
0.00078,0.0,1e-05,0.1,0.55280507,391.00375
0.00078,0.0,1e-05,0.2,0.5257892,390.8471
0.00078,0.0,1e-05,0.3,0.5109998,390.70697
0.00078,0.0,1e-05,0.4,0.5422117,394.146
0.00078,0.0,1e-05,0.5,0.5420052,394.4802
0.00078,0.0,1e-05,0.6,0.5414851,395.08157
0.00078,0.0,1e-05,0.7,0.54120415,395.3937
0.00078,0.0,1e-05,0.8,0.54105186,395.56143
0.00078,0.0,1e-05,0.9,0.5409681,395.6537
0.00078,0.0,1e-05,1.0,0.54092205,395.7046
0.00077,1.73e-05,1e-05,0.0,0.55931675,317.16898
0.00077,1.73e-05,1e-05,0.1,0.5527946,391.0115
0.00077,1.73e-05,1e-05,0.2,0.5257939,390.84393
0.00077,1.73e-05,1e-05,0.3,0.5109997,390.69763
0.00077,1.73e-05,1e-05,0.4,0.5422116,394.14612
0.00077,1.73e-05,1e-05,0.5,0.54200536,394.48007
0.00077,1.73e-05,1e-05,0.6,0.5414851,395.0815
0.00077,1.73e-05,1e-05,0.7,0.54120433,395.3937
0.00077,1.73e-05,1e-05,0.8,0.541052,395.56143
0.00077,1.73e-05,1e-05,0.9,0.54096806,395.6537
0.00077,1.73e-05,1e-05,1.0,0.54092205,395.7046
0.00077,1.73e-05,0.0,0.0,0.5593169,317.1695
0.00077,1.73e-05,0.0,0.1,0.55279434,391.0116
0.00077,1.73e-05,0.0,0.2,0.52579063,390.84677
0.00077,1.73e-05,0.0,0.3,0.5109911,390.70032
0.00077,1.73e-05,0.0,0.4,0.54221153,394.1463
0.00077,1.73e-05,0.0,0.5,0.54200536,394.48007
0.00077,1.73e-05,0.0,0.6,0.5414851,395.0815
0.00077,1.73e-05,0.0,0.7,0.54120433,395.3937
0.00077,1.73e-05,0.0,0.8,0.541052,395.56143
0.00077,1.73e-05,0.0,0.9,0.54096806,395.6537
0.00077,1.73e-05,0.0,1.0,0.54092216,395.7046
0.00076,3.46e-05,1e-05,0.0,0.5593142,317.16312
0.00076,3.46e-05,1e-05,0.1,0.55278414,391.0192
0.00076,3.46e-05,1e-05,0.2,0.52579874,390.84082
0.00076,3.46e-05,1e-05,0.3,0.5109996,390.68863
0.00076,3.46e-05,1e-05,0.4,0.54221165,394.14633
0.00076,3.46e-05,1e-05,0.5,0.54200536,394.47998
0.00076,3.46e-05,1e-05,0.6,0.5414851,395.08142
0.00076,3.46e-05,1e-05,0.7,0.5412043,395.39368
0.00076,3.46e-05,1e-05,0.8,0.541052,395.5614
0.00076,3.46e-05,1e-05,0.9,0.5409681,395.6537
0.00076,3.46e-05,1e-05,1.0,0.5409221,395.7046
0.00076,3.46e-05,0.0,0.0,0.55931437,317.16354
0.00076,3.46e-05,0.0,0.1,0.5527841,391.01926
0.00076,3.46e-05,0.0,0.2,0.52579534,390.84366
0.00076,3.46e-05,0.0,0.3,0.51099133,390.69113
0.00076,3.46e-05,0.0,0.4,0.5422114,394.1464
0.00076,3.46e-05,0.0,0.5,0.5420054,394.47998
0.00076,3.46e-05,0.0,0.6,0.5414851,395.08142
0.00076,3.46e-05,0.0,0.7,0.54120433,395.39365
0.00076,3.46e-05,0.0,0.8,0.541052,395.5614
0.00076,3.46e-05,0.0,0.9,0.5409681,395.6537
0.00076,3.46e-05,0.0,1.0,0.5409221,395.7046
0.00075,5.1e-05,0.0,0.0,0.559312,317.15784
0.00075,5.1e-05,0.0,0.1,0.5527743,391.0262
0.00075,5.1e-05,0.0,0.2,0.5257995,390.84088
0.00075,5.1e-05,0.0,0.3,0.5109917,390.68277
0.00075,5.1e-05,0.0,0.4,0.5422113,394.14655
0.00075,5.1e-05,0.0,0.5,0.5420053,394.4799
0.00075,5.1e-05,0.0,0.6,0.5414852,395.0813
0.00075,5.1e-05,0.0,0.7,0.54120433,395.39362
0.00075,5.1e-05,0.0,0.8,0.54105186,395.5614
0.00075,5.1e-05,0.0,0.9,0.54096806,395.65366
0.00075,5.1e-05,0.0,1.0,0.5409222,395.70456
0.00075,5.1e-05,1e-05,0.0,0.5593118,317.1574
0.00075,5.1e-05,1e-05,0.1,0.5527743,391.0262
0.00075,5.1e-05,1e-05,0.2,0.5258031,390.8378
0.00075,5.1e-05,1e-05,0.3,0.5110003,390.67996
0.00075,5.1e-05,1e-05,0.4,0.5422115,394.1464
0.00075,5.1e-05,1e-05,0.5,0.5420053,394.4799
0.00075,5.1e-05,1e-05,0.6,0.5414852,395.0813
0.00075,5.1e-05,1e-05,0.7,0.54120433,395.39362
0.00075,5.1e-05,1e-05,0.8,0.54105186,395.5614
0.00075,5.1e-05,1e-05,0.9,0.54096806,395.65366
0.00075,5.1e-05,1e-05,1.0,0.5409223,395.70456
0.00074,1e-04,1e-05,0.0,0.55930436,317.1398
0.00074,1e-04,1e-05,0.1,0.5527303,391.0586
0.00074,1e-04,1e-05,0.2,0.52581763,390.82898
0.00074,1e-04,1e-05,0.3,0.510985,390.65137
0.00074,1e-04,1e-05,0.4,0.54221064,394.14734
0.00074,1e-04,1e-05,0.5,0.54200554,394.47977
0.00074,1e-04,1e-05,0.6,0.5414852,395.0812
0.00074,1e-04,1e-05,0.7,0.5412042,395.39362
0.00074,1e-04,1e-05,0.8,0.541052,395.5614
0.00074,1e-04,1e-05,0.9,0.54096806,395.65366
0.00074,1e-04,1e-05,1.0,0.5409223,395.70456
0.00075,8.27e-05,0.0,0.0,0.5593073,317.14633
0.00075,8.27e-05,0.0,0.1,0.55274075,391.051
0.00075,8.27e-05,0.0,0.2,0.5258096,390.83527
0.00075,8.27e-05,0.0,0.3,0.5109765,390.66318
0.00075,8.27e-05,0.0,0.4,0.5422107,394.1473
0.00075,8.27e-05,0.0,0.5,0.5420054,394.47986
0.00075,8.27e-05,0.0,0.6,0.5414851,395.0813
0.00075,8.27e-05,0.0,0.7,0.54120433,395.39362
0.00075,8.27e-05,0.0,0.8,0.54105186,395.5614
0.00075,8.27e-05,0.0,0.9,0.54096806,395.65366
0.00075,8.27e-05,0.0,1.0,0.5409221,395.70456
0.00075,8.27e-05,1e-05,0.0,0.559307,317.14575
0.00075,8.27e-05,1e-05,0.1,0.552741,391.05084
0.00075,8.27e-05,1e-05,0.2,0.52581286,390.83218
0.00075,8.27e-05,1e-05,0.3,0.5109851,390.66043
0.00075,8.27e-05,1e-05,0.4,0.5422107,394.14728
0.00075,8.27e-05,1e-05,0.5,0.5420054,394.47986
0.00075,8.27e-05,1e-05,0.6,0.5414851,395.0813
0.00075,8.27e-05,1e-05,0.7,0.5412043,395.39365
0.00075,8.27e-05,1e-05,0.8,0.54105186,395.5614
0.00075,8.27e-05,1e-05,0.9,0.540968,395.65366
0.00075,8.27e-05,1e-05,1.0,0.54092216,395.70456
0.00076,1e-04,0.0,0.0,0.5593044,317.13968
0.00076,1e-04,0.0,0.1,0.5527147,391.07016
0.00076,1e-04,0.0,0.2,0.52581584,390.83203
0.00076,1e-04,0.0,0.3,0.5109596,390.65085
0.00076,1e-04,0.0,0.4,0.5422101,394.14798
0.00076,1e-04,0.0,0.5,0.54200554,394.47986
0.00076,1e-04,0.0,0.6,0.5414852,395.08133
0.00076,1e-04,0.0,0.7,0.5412042,395.39368
0.00076,1e-04,0.0,0.8,0.54105186,395.56143
0.00076,1e-04,0.0,0.9,0.5409682,395.6537
0.00076,1e-04,0.0,1.0,0.5409222,395.7046
0.00076,6.69e-05,0.0,0.0,0.5593095,317.15167
0.00076,6.69e-05,0.0,0.1,0.5527499,391.04428
0.00076,6.69e-05,0.0,0.2,0.52580523,390.83807
0.00076,6.69e-05,0.0,0.3,0.51097596,390.6712
0.00076,6.69e-05,0.0,0.4,0.5422106,394.14728
0.00076,6.69e-05,0.0,0.5,0.5420054,394.47992
0.00076,6.69e-05,0.0,0.6,0.5414852,395.08133
0.00076,6.69e-05,0.0,0.7,0.5412043,395.39368
0.00076,6.69e-05,0.0,0.8,0.54105186,395.5614
0.00076,6.69e-05,0.0,0.9,0.5409681,395.6537
0.00076,6.69e-05,0.0,1.0,0.5409221,395.7046
0.00076,6.69e-05,1e-05,0.0,0.55930924,317.15118
0.00076,6.69e-05,1e-05,0.1,0.55275005,391.04425
0.00076,6.69e-05,1e-05,0.2,0.5258088,390.83505
0.00076,6.69e-05,1e-05,0.3,0.5109842,390.6685
0.00076,6.69e-05,1e-05,0.4,0.5422109,394.14722
0.00076,6.69e-05,1e-05,0.5,0.5420053,394.47992
0.00076,6.69e-05,1e-05,0.6,0.5414851,395.08136
0.00076,6.69e-05,1e-05,0.7,0.5412043,395.39368
0.00076,6.69e-05,1e-05,0.8,0.54105186,395.5614
0.00076,6.69e-05,1e-05,0.9,0.5409681,395.6537
0.00076,6.69e-05,1e-05,1.0,0.5409221,395.7046
0.00079,1.73e-05,0.0,0.0,0.55931675,317.1688
0.00079,1.73e-05,0.0,0.1,0.55277884,391.02292
0.00079,1.73e-05,0.0,0.2,0.5257919,390.84702
0.00079,1.73e-05,0.0,0.3,0.51097476,390.69684
0.00079,1.73e-05,0.0,0.4,0.54221094,394.14688
0.00079,1.73e-05,0.0,0.5,0.5420052,394.4802
0.00079,1.73e-05,0.0,0.6,0.5414851,395.0816
0.00079,1.73e-05,0.0,0.7,0.54120415,395.39374
0.00079,1.73e-05,0.0,0.8,0.541052,395.56146
0.00079,1.73e-05,0.0,0.9,0.5409682,395.65375
0.00079,1.73e-05,0.0,1.0,0.54092205,395.7046
0.0008,0.0,1e-05,0.0,0.5593189,317.1744
0.0008,0.0,1e-05,0.1,0.55278975,391.0152
0.0008,0.0,1e-05,0.2,0.52579063,390.84723
0.0008,0.0,1e-05,0.3,0.51098317,390.70328
0.0008,0.0,1e-05,0.4,0.54221106,394.1466
0.0008,0.0,1e-05,0.5,0.54200506,394.48032
0.0008,0.0,1e-05,0.6,0.5414851,395.08163
0.0008,0.0,1e-05,0.7,0.5412042,395.3938
0.0008,0.0,1e-05,0.8,0.54105186,395.56146
0.0008,0.0,1e-05,0.9,0.54096806,395.6538
0.0008,0.0,1e-05,1.0,0.54092205,395.70465
0.0008,0.0,0.0,0.0,0.5593192,317.1749
0.0008,0.0,0.0,0.1,0.55278957,391.01526
0.0008,0.0,0.0,0.2,0.5257873,390.85022
0.0008,0.0,0.0,0.3,0.51097476,390.70587
0.0008,0.0,0.0,0.4,0.54221106,394.14667
0.0008,0.0,0.0,0.5,0.54200506,394.48032
0.0008,0.0,0.0,0.6,0.54148495,395.08163
0.0008,0.0,0.0,0.7,0.5412042,395.3938
0.0008,0.0,0.0,0.8,0.54105186,395.56146
0.0008,0.0,0.0,0.9,0.54096806,395.6538
0.0008,0.0,0.0,1.0,0.54092205,395.70462
0.00079,1.73e-05,1e-05,0.0,0.5593165,317.16837
0.00079,1.73e-05,1e-05,0.1,0.5527791,391.02298
0.00079,1.73e-05,1e-05,0.2,0.52579534,390.84412
0.00079,1.73e-05,1e-05,0.3,0.5109832,390.6943
0.00079,1.73e-05,1e-05,0.4,0.54221094,394.14664
0.00079,1.73e-05,1e-05,0.5,0.5420053,394.4802
0.00079,1.73e-05,1e-05,0.6,0.5414851,395.08157
0.00079,1.73e-05,1e-05,0.7,0.5412041,395.39374
0.00079,1.73e-05,1e-05,0.8,0.541052,395.56146
0.00079,1.73e-05,1e-05,0.9,0.5409682,395.65372
0.00079,1.73e-05,1e-05,1.0,0.54092205,395.7046
0.00078,3.46e-05,0.0,0.0,0.55931413,317.163
0.00078,3.46e-05,0.0,0.1,0.55276847,391.03058
0.00078,3.46e-05,0.0,0.2,0.5257967,390.8438
0.00078,3.46e-05,0.0,0.3,0.51097476,390.6878
0.00078,3.46e-05,0.0,0.4,0.54221094,394.14703
0.00078,3.46e-05,0.0,0.5,0.5420053,394.4801
0.00078,3.46e-05,0.0,0.6,0.5414851,395.0815
0.00078,3.46e-05,0.0,0.7,0.5412042,395.3937
0.00078,3.46e-05,0.0,0.8,0.54105186,395.56143
0.00078,3.46e-05,0.0,0.9,0.54096806,395.6537
0.00078,3.46e-05,0.0,1.0,0.54092205,395.7046
0.00078,3.46e-05,1e-05,0.0,0.5593142,317.1625
0.00078,3.46e-05,1e-05,0.1,0.5527687,391.03058
0.00078,3.46e-05,1e-05,0.2,0.5257998,390.8409
0.00078,3.46e-05,1e-05,0.3,0.5109832,390.68515
0.00078,3.46e-05,1e-05,0.4,0.54221094,394.1469
0.00078,3.46e-05,1e-05,0.5,0.5420053,394.4801
0.00078,3.46e-05,1e-05,0.6,0.5414851,395.0815
0.00078,3.46e-05,1e-05,0.7,0.5412043,395.3937
0.00078,3.46e-05,1e-05,0.8,0.54105186,395.56143
0.00078,3.46e-05,1e-05,0.9,0.5409681,395.6537
0.00078,3.46e-05,1e-05,1.0,0.54092205,395.7046
0.00077,5.1e-05,0.0,0.0,0.5593118,317.15726
0.00077,5.1e-05,0.0,0.1,0.5527588,391.0376
0.00077,5.1e-05,0.0,0.2,0.52580094,390.84094
0.00077,5.1e-05,0.0,0.3,0.51097524,390.67926
0.00077,5.1e-05,0.0,0.4,0.5422107,394.1472
0.00077,5.1e-05,0.0,0.5,0.54200536,394.47998
0.00077,5.1e-05,0.0,0.6,0.5414852,395.08142
0.00077,5.1e-05,0.0,0.7,0.5412044,395.3937
0.00077,5.1e-05,0.0,0.8,0.54105186,395.56143
0.00077,5.1e-05,0.0,0.9,0.54096806,395.6537
0.00077,5.1e-05,0.0,1.0,0.54092205,395.7046
0.00077,5.1e-05,1e-05,0.0,0.5593116,317.15677
0.00077,5.1e-05,1e-05,0.1,0.55275905,391.0376
0.00077,5.1e-05,1e-05,0.2,0.5258045,390.83795
0.00077,5.1e-05,1e-05,0.3,0.5109836,390.6766
0.00077,5.1e-05,1e-05,0.4,0.54221094,394.14703
0.00077,5.1e-05,1e-05,0.5,0.5420053,394.47998
0.00077,5.1e-05,1e-05,0.6,0.5414852,395.08142
0.00077,5.1e-05,1e-05,0.7,0.54120433,395.3937
0.00077,5.1e-05,1e-05,0.8,0.541052,395.56143
0.00077,5.1e-05,1e-05,0.9,0.54096806,395.6537
0.00077,5.1e-05,1e-05,1.0,0.54092205,395.7046
0.00076,1e-04,1e-05,0.0,0.5593041,317.1391
0.00076,1e-04,1e-05,0.1,0.5527148,391.07004
0.00076,1e-04,1e-05,0.2,0.52581924,390.8292
0.00076,1e-04,1e-05,0.3,0.51096797,390.64825
0.00076,1e-04,1e-05,0.4,0.5422102,394.14792
0.00076,1e-04,1e-05,0.5,0.54200554,394.47986
0.00076,1e-04,1e-05,0.6,0.5414852,395.0813
0.00076,1e-04,1e-05,0.7,0.5412043,395.39368
0.00076,1e-04,1e-05,0.8,0.54105186,395.56143
0.00076,1e-04,1e-05,0.9,0.5409681,395.6537
0.00076,1e-04,1e-05,1.0,0.5409222,395.7046
0.00077,8.27e-05,0.0,0.0,0.5593071,317.1456
0.00077,8.27e-05,0.0,0.1,0.5527252,391.06223
0.00077,8.27e-05,0.0,0.2,0.5258111,390.83533
0.00077,8.27e-05,0.0,0.3,0.5109596,390.6599
0.00077,8.27e-05,0.0,0.4,0.5422102,394.1479
0.00077,8.27e-05,0.0,0.5,0.5420053,394.47995
0.00077,8.27e-05,0.0,0.6,0.5414853,395.08142
0.00077,8.27e-05,0.0,0.7,0.5412043,395.39368
0.00077,8.27e-05,0.0,0.8,0.54105186,395.56143
0.00077,8.27e-05,0.0,0.9,0.5409681,395.6537
0.00077,8.27e-05,0.0,1.0,0.54092205,395.7046
0.00077,8.27e-05,1e-05,0.0,0.5593069,317.14523
0.00077,8.27e-05,1e-05,0.1,0.55272543,391.06226
0.00077,8.27e-05,1e-05,0.2,0.5258144,390.8323
0.00077,8.27e-05,1e-05,0.3,0.5109683,390.65732
0.00077,8.27e-05,1e-05,0.4,0.54221034,394.14783
0.00077,8.27e-05,1e-05,0.5,0.5420053,394.47995
0.00077,8.27e-05,1e-05,0.6,0.5414853,395.08142
0.00077,8.27e-05,1e-05,0.7,0.5412043,395.3937
0.00077,8.27e-05,1e-05,0.8,0.54105186,395.56143
0.00077,8.27e-05,1e-05,0.9,0.5409682,395.6537
0.00077,8.27e-05,1e-05,1.0,0.54092205,395.7046
0.00078,1e-04,0.0,0.0,0.55930424,317.13898
0.00078,1e-04,0.0,0.1,0.5526991,391.08163
0.00078,1e-04,0.0,0.2,0.52581704,390.8325
0.00078,1e-04,0.0,0.3,0.5109428,390.64798
0.00078,1e-04,0.0,0.4,0.5422097,394.14862
0.00078,1e-04,0.0,0.5,0.5420053,394.47998
0.00078,1e-04,0.0,0.6,0.5414852,395.08145
0.00078,1e-04,0.0,0.7,0.5412042,395.3937
0.00078,1e-04,0.0,0.8,0.54105175,395.56143
0.00078,1e-04,0.0,0.9,0.5409682,395.6537
0.00078,1e-04,0.0,1.0,0.54092205,395.7046
0.00078,6.69e-05,0.0,0.0,0.5593093,317.15106
0.00078,6.69e-05,0.0,0.1,0.55273426,391.05594
0.00078,6.69e-05,0.0,0.2,0.5258067,390.83823
0.00078,6.69e-05,0.0,0.3,0.5109588,390.66803
0.00078,6.69e-05,0.0,0.4,0.54221034,394.1478
0.00078,6.69e-05,0.0,0.5,0.54200524,394.48
0.00078,6.69e-05,0.0,0.6,0.5414851,395.0815
0.00078,6.69e-05,0.0,0.7,0.5412042,395.3937
0.00078,6.69e-05,0.0,0.8,0.54105175,395.56143
0.00078,6.69e-05,0.0,0.9,0.54096806,395.6537
0.00078,6.69e-05,0.0,1.0,0.54092205,395.7046
0.00078,6.69e-05,1e-05,0.0,0.559309,317.15067
0.00078,6.69e-05,1e-05,0.1,0.55273426,391.0559
0.00078,6.69e-05,1e-05,0.2,0.52581024,390.83517
0.00078,6.69e-05,1e-05,0.3,0.5109675,390.6652
0.00078,6.69e-05,1e-05,0.4,0.54221034,394.14774
0.00078,6.69e-05,1e-05,0.5,0.5420052,394.48
0.00078,6.69e-05,1e-05,0.6,0.5414851,395.0815
0.00078,6.69e-05,1e-05,0.7,0.5412042,395.3937
0.00078,6.69e-05,1e-05,0.8,0.54105175,395.56143
0.00078,6.69e-05,1e-05,0.9,0.54096806,395.6537
0.00078,6.69e-05,1e-05,1.0,0.54092205,395.7046
0.0008,3.46e-05,0.0,0.0,0.55931413,317.1623
0.0008,3.46e-05,0.0,0.1,0.55275285,391.04227
0.0008,3.46e-05,0.0,0.2,0.52579784,390.84402
0.0008,3.46e-05,0.0,0.3,0.51095796,390.68454
0.0008,3.46e-05,0.0,0.4,0.54221034,394.14758
0.0008,3.46e-05,0.0,0.5,0.5420053,394.48026
0.0008,3.46e-05,0.0,0.6,0.5414851,395.08163
0.0008,3.46e-05,0.0,0.7,0.5412042,395.3938
0.0008,3.46e-05,0.0,0.8,0.54105186,395.56146
0.0008,3.46e-05,0.0,0.9,0.540968,395.6538
0.0008,3.46e-05,0.0,1.0,0.54092205,395.70468
0.00081,1.73e-05,0.0,0.0,0.55931664,317.1682
0.00081,1.73e-05,0.0,0.1,0.5527636,391.03433
0.00081,1.73e-05,0.0,0.2,0.52579343,390.8471
0.00081,1.73e-05,0.0,0.3,0.5109582,390.69357
0.00081,1.73e-05,0.0,0.4,0.54221046,394.14746
0.00081,1.73e-05,0.0,0.5,0.54200506,394.48035
0.00081,1.73e-05,0.0,0.6,0.54148495,395.08163
0.00081,1.73e-05,0.0,0.7,0.5412042,395.3938
0.00081,1.73e-05,0.0,0.8,0.54105186,395.5615
0.00081,1.73e-05,0.0,0.9,0.54096806,395.6538
0.00081,1.73e-05,0.0,1.0,0.54092175,395.70468
0.00081,1.73e-05,5e-06,0.0,0.5593165,317.1681
0.00081,1.73e-05,5e-06,0.1,0.5527637,391.03433
0.00081,1.73e-05,5e-06,0.2,0.5257952,390.84564
0.00081,1.73e-05,5e-06,0.3,0.51096237,390.69223
0.00081,1.73e-05,5e-06,0.4,0.54221046,394.14743
0.00081,1.73e-05,5e-06,0.5,0.54200506,394.48032
0.00081,1.73e-05,5e-06,0.6,0.54148483,395.08163
0.00081,1.73e-05,5e-06,0.7,0.5412042,395.3938
0.00081,1.73e-05,5e-06,0.8,0.5410519,395.5615
0.00081,1.73e-05,5e-06,0.9,0.54096794,395.6538
0.00081,1.73e-05,5e-06,1.0,0.54092175,395.70468
0.00082,0.0,0.0,0.0,0.55931914,317.17432
0.00082,0.0,0.0,0.1,0.5527741,391.0267
0.00082,0.0,0.0,0.2,0.5257887,390.8503
0.00082,0.0,0.0,0.3,0.51095825,390.70267
0.00082,0.0,0.0,0.4,0.54221034,394.14734
0.00082,0.0,0.0,0.5,0.5420049,394.48044
0.00082,0.0,0.0,0.6,0.54148483,395.08163
0.00082,0.0,0.0,0.7,0.5412042,395.3938
0.00082,0.0,0.0,0.8,0.5410518,395.56158
0.00082,0.0,0.0,0.9,0.54096806,395.65384
0.00082,0.0,0.0,1.0,0.5409219,395.70468
0.00082,0.0,1e-05,0.0,0.5593189,317.1738
0.00082,0.0,1e-05,0.1,0.5527742,391.0266
0.00082,0.0,1e-05,0.2,0.5257922,390.84726
0.00082,0.0,1e-05,0.3,0.51096654,390.69995
0.00082,0.0,1e-05,0.4,0.5422106,394.14725
0.00082,0.0,1e-05,0.5,0.5420049,394.48044
0.00082,0.0,1e-05,0.6,0.5414849,395.08163
0.00082,0.0,1e-05,0.7,0.5412042,395.3938
0.00082,0.0,1e-05,0.8,0.5410518,395.56158
0.00082,0.0,1e-05,0.9,0.540968,395.65384
0.00082,0.0,1e-05,1.0,0.5409219,395.70468
0.00081,1.73e-05,1e-05,0.0,0.5593164,317.16782
0.00081,1.73e-05,1e-05,0.1,0.5527638,391.0343
0.00081,1.73e-05,1e-05,0.2,0.52579653,390.8442
0.00081,1.73e-05,1e-05,0.3,0.51096636,390.6909
0.00081,1.73e-05,1e-05,0.4,0.54221034,394.1474
0.00081,1.73e-05,1e-05,0.5,0.54200506,394.48032
0.00081,1.73e-05,1e-05,0.6,0.5414849,395.08163
0.00081,1.73e-05,1e-05,0.7,0.5412042,395.3938
0.00081,1.73e-05,1e-05,0.8,0.541052,395.56146
0.00081,1.73e-05,1e-05,0.9,0.540968,395.6538
0.00081,1.73e-05,1e-05,1.0,0.54092175,395.70468
0.0008,3.46e-05,1e-05,0.0,0.5593139,317.1618
0.0008,3.46e-05,1e-05,0.1,0.5527531,391.0422
0.0008,3.46e-05,1e-05,0.2,0.5258015,390.8411
0.0008,3.46e-05,1e-05,0.3,0.51096654,390.68185
0.0008,3.46e-05,1e-05,0.4,0.5422104,394.14746
0.0008,3.46e-05,1e-05,0.5,0.5420053,394.48026
0.0008,3.46e-05,1e-05,0.6,0.54148495,395.08163
0.0008,3.46e-05,1e-05,0.7,0.5412042,395.3938
0.0008,3.46e-05,1e-05,0.8,0.54105186,395.56146
0.0008,3.46e-05,1e-05,0.9,0.54096794,395.6538
0.0008,3.46e-05,1e-05,1.0,0.54092205,395.70468
0.00079,5.1e-05,0.0,0.0,0.5593116,317.15662
0.00079,5.1e-05,0.0,0.1,0.5527433,391.04922
0.00079,5.1e-05,0.0,0.2,0.5258026,390.84103
0.00079,5.1e-05,0.0,0.3,0.51095855,390.67615
0.00079,5.1e-05,0.0,0.4,0.54221034,394.14774
0.00079,5.1e-05,0.0,0.5,0.5420052,394.48016
0.00079,5.1e-05,0.0,0.6,0.5414851,395.08157
0.00079,5.1e-05,0.0,0.7,0.5412041,395.39374
0.00079,5.1e-05,0.0,0.8,0.541052,395.56146
0.00079,5.1e-05,0.0,0.9,0.5409682,395.65378
0.00079,5.1e-05,0.0,1.0,0.54092205,395.70462
0.00079,5.1e-05,1e-05,0.0,0.55931133,317.1562
0.00079,5.1e-05,1e-05,0.1,0.5527435,391.04913
0.00079,5.1e-05,1e-05,0.2,0.525806,390.83804
0.00079,5.1e-05,1e-05,0.3,0.5109667,390.67337
0.00079,5.1e-05,1e-05,0.4,0.54221046,394.14758
0.00079,5.1e-05,1e-05,0.5,0.5420052,394.48016
0.00079,5.1e-05,1e-05,0.6,0.54148495,395.08157
0.00079,5.1e-05,1e-05,0.7,0.5412041,395.39374
0.00079,5.1e-05,1e-05,0.8,0.541052,395.56146
0.00079,5.1e-05,1e-05,0.9,0.5409681,395.65378
0.00079,5.1e-05,1e-05,1.0,0.5409221,395.70462
0.00078,1e-04,1e-05,0.0,0.559304,317.13867
0.00078,1e-04,1e-05,0.1,0.5526991,391.08154
0.00078,1e-04,1e-05,0.2,0.5258204,390.82935
0.00078,1e-04,1e-05,0.3,0.5109508,390.6453
0.00078,1e-04,1e-05,0.4,0.5422096,394.1485
0.00078,1e-04,1e-05,0.5,0.54200536,394.47998
0.00078,1e-04,1e-05,0.6,0.5414852,395.08148
0.00078,1e-04,1e-05,0.7,0.5412042,395.39374
0.00078,1e-04,1e-05,0.8,0.54105186,395.56143
0.00078,1e-04,1e-05,0.9,0.5409682,395.6537
0.00078,1e-04,1e-05,1.0,0.54092205,395.7046
0.00079,8.27e-05,0.0,0.0,0.55930674,317.14514
0.00079,8.27e-05,0.0,0.1,0.5527096,391.07397
0.00079,8.27e-05,0.0,0.2,0.5258124,390.8355
0.00079,8.27e-05,0.0,0.3,0.51094294,390.65692
0.00079,8.27e-05,0.0,0.4,0.54220974,394.14847
0.00079,8.27e-05,0.0,0.5,0.54200524,394.48007
0.00079,8.27e-05,0.0,0.6,0.5414852,395.0815
0.00079,8.27e-05,0.0,0.7,0.54120415,395.39374
0.00079,8.27e-05,0.0,0.8,0.541052,395.56146
0.00079,8.27e-05,0.0,0.9,0.5409681,395.6538
0.00079,8.27e-05,0.0,1.0,0.54092205,395.70462
0.00079,8.27e-05,1e-05,0.0,0.5593064,317.14456
0.00079,8.27e-05,1e-05,0.1,0.5527097,391.074
0.00079,8.27e-05,1e-05,0.2,0.5258155,390.8326
0.00079,8.27e-05,1e-05,0.3,0.5109513,390.65424
0.00079,8.27e-05,1e-05,0.4,0.5422101,394.1483
0.00079,8.27e-05,1e-05,0.5,0.5420053,394.48007
0.00079,8.27e-05,1e-05,0.6,0.5414851,395.0815
0.00079,8.27e-05,1e-05,0.7,0.54120415,395.39374
0.00079,8.27e-05,1e-05,0.8,0.541052,395.56146
0.00079,8.27e-05,1e-05,0.9,0.5409681,395.6538
0.00079,8.27e-05,1e-05,1.0,0.54092205,395.70462
0.0008,1e-04,0.0,0.0,0.5593039,317.1385
0.0008,1e-04,0.0,0.1,0.55268335,391.0933
0.0008,1e-04,0.0,0.2,0.5258181,390.83267
0.0008,1e-04,0.0,0.3,0.5109257,390.6453
0.0008,1e-04,0.0,0.4,0.5422091,394.1491
0.0008,1e-04,0.0,0.5,0.5420053,394.48013
0.0008,1e-04,0.0,0.6,0.5414851,395.0816
0.0008,1e-04,0.0,0.7,0.5412042,395.3938
0.0008,1e-04,0.0,0.8,0.541052,395.56146
0.0008,1e-04,0.0,0.9,0.54096806,395.6538
0.0008,1e-04,0.0,1.0,0.5409219,395.70468
0.0008,6.69e-05,0.0,0.0,0.5593089,317.15054
0.0008,6.69e-05,0.0,0.1,0.55271864,391.0674
0.0008,6.69e-05,0.0,0.2,0.5258082,390.8384
0.0008,6.69e-05,0.0,0.3,0.51094234,390.6648
0.0008,6.69e-05,0.0,0.4,0.54220986,394.14838
0.0008,6.69e-05,0.0,0.5,0.5420053,394.48016
0.0008,6.69e-05,0.0,0.6,0.5414851,395.0816
0.0008,6.69e-05,0.0,0.7,0.5412042,395.3938
0.0008,6.69e-05,0.0,0.8,0.541052,395.56146
0.0008,6.69e-05,0.0,0.9,0.540968,395.6538
0.0008,6.69e-05,0.0,1.0,0.5409219,395.70468
0.0008,6.69e-05,1e-05,0.0,0.5593089,317.15005
0.0008,6.69e-05,1e-05,0.1,0.55271876,391.06732
0.0008,6.69e-05,1e-05,0.2,0.52581155,390.8355
0.0008,6.69e-05,1e-05,0.3,0.5109509,390.6622
0.0008,6.69e-05,1e-05,0.4,0.54221,394.14822
0.0008,6.69e-05,1e-05,0.5,0.5420053,394.48016
0.0008,6.69e-05,1e-05,0.6,0.54148495,395.0816
0.0008,6.69e-05,1e-05,0.7,0.5412042,395.3938
0.0008,6.69e-05,1e-05,0.8,0.541052,395.56146
0.0008,6.69e-05,1e-05,0.9,0.54096806,395.6538
0.0008,6.69e-05,1e-05,1.0,0.54092205,395.70468
0.00083,1.73e-05,0.0,0.0,0.5593166,317.1677
0.00083,1.73e-05,0.0,0.1,0.55274785,391.0459
0.00083,1.73e-05,0.0,0.2,0.5257945,390.8474
0.00083,1.73e-05,0.0,0.3,0.5109414,390.69043
0.00083,1.73e-05,0.0,0.4,0.54221,394.14798
0.00083,1.73e-05,0.0,0.5,0.54200494,394.48047
0.00083,1.73e-05,0.0,0.6,0.5414847,395.08167
0.00083,1.73e-05,0.0,0.7,0.54120404,395.39383
0.00083,1.73e-05,0.0,0.8,0.5410517,395.56158
0.00083,1.73e-05,0.0,0.9,0.5409679,395.65384
0.00083,1.73e-05,0.0,1.0,0.5409219,395.7047
0.00084,0.0,0.0,0.0,0.5593188,317.17368
0.00084,0.0,0.0,0.1,0.55275834,391.03802
0.00084,0.0,0.0,0.2,0.5257901,390.85046
0.00084,0.0,0.0,0.3,0.5109416,390.6994
0.00084,0.0,0.0,0.4,0.5422101,394.14786
0.00084,0.0,0.0,0.5,0.5420048,394.48053
0.00084,0.0,0.0,0.6,0.5414847,395.08176
0.00084,0.0,0.0,0.7,0.541204,395.39386
0.00084,0.0,0.0,0.8,0.54105175,395.5616
0.00084,0.0,0.0,0.9,0.5409679,395.65384
0.00084,0.0,0.0,1.0,0.540922,395.7047
0.00084,0.0,1e-05,0.0,0.55931866,317.17322
0.00084,0.0,1e-05,0.1,0.55275846,391.03806
0.00084,0.0,1e-05,0.2,0.52579343,390.84747
0.00084,0.0,1e-05,0.3,0.51094973,390.69675
0.00084,0.0,1e-05,0.4,0.5422102,394.14777
0.00084,0.0,1e-05,0.5,0.5420048,394.48056
0.00084,0.0,1e-05,0.6,0.5414847,395.08176
0.00084,0.0,1e-05,0.7,0.541204,395.39386
0.00084,0.0,1e-05,0.8,0.54105175,395.5616
0.00084,0.0,1e-05,0.9,0.54096794,395.65384
0.00084,0.0,1e-05,1.0,0.540922,395.7047
0.00083,1.73e-05,1e-05,0.0,0.55931616,317.16724
0.00083,1.73e-05,1e-05,0.1,0.5527481,391.04578
0.00083,1.73e-05,1e-05,0.2,0.5257983,390.84433
0.00083,1.73e-05,1e-05,0.3,0.5109497,390.68762
0.00083,1.73e-05,1e-05,0.4,0.5422101,394.1479
0.00083,1.73e-05,1e-05,0.5,0.54200494,394.48044
0.00083,1.73e-05,1e-05,0.6,0.5414847,395.08167
0.00083,1.73e-05,1e-05,0.7,0.54120404,395.39383
0.00083,1.73e-05,1e-05,0.8,0.5410516,395.56158
0.00083,1.73e-05,1e-05,0.9,0.5409679,395.65384
0.00083,1.73e-05,1e-05,1.0,0.5409219,395.7047
0.00082,3.46e-05,0.0,0.0,0.5593139,317.16162
0.00082,3.46e-05,0.0,0.1,0.5527375,391.0537
0.00082,3.46e-05,0.0,0.2,0.5257994,390.8442
0.00082,3.46e-05,0.0,0.3,0.51094127,390.68143
0.00082,3.46e-05,0.0,0.4,0.5422101,394.1481
0.00082,3.46e-05,0.0,0.5,0.5420049,394.48035
0.00082,3.46e-05,0.0,0.6,0.5414849,395.08163
0.00082,3.46e-05,0.0,0.7,0.5412042,395.3938
0.00082,3.46e-05,0.0,0.8,0.5410519,395.56158
0.00082,3.46e-05,0.0,0.9,0.54096806,395.65384
0.00082,3.46e-05,0.0,1.0,0.54092205,395.70468
0.00081,5.1e-05,0.0,0.0,0.5593115,317.156
0.00081,5.1e-05,0.0,0.1,0.5527278,391.06064
0.00081,5.1e-05,0.0,0.2,0.52580404,390.8412
0.00081,5.1e-05,0.0,0.3,0.51094174,390.67303
0.00081,5.1e-05,0.0,0.4,0.54220986,394.1483
0.00081,5.1e-05,0.0,0.5,0.5420052,394.48032
0.00081,5.1e-05,0.0,0.6,0.54148495,395.08163
0.00081,5.1e-05,0.0,0.7,0.5412042,395.3938
0.00081,5.1e-05,0.0,0.8,0.54105186,395.56155
0.00081,5.1e-05,0.0,0.9,0.54096794,395.65384
0.00081,5.1e-05,0.0,1.0,0.54092187,395.70468
0.00082,3.46e-05,1e-05,0.0,0.55931354,317.16113
0.00082,3.46e-05,1e-05,0.1,0.55273765,391.05356
0.00082,3.46e-05,1e-05,0.2,0.525803,390.8413
0.00082,3.46e-05,1e-05,0.3,0.51094973,390.67868
0.00082,3.46e-05,1e-05,0.4,0.54221,394.148
0.00082,3.46e-05,1e-05,0.5,0.54200494,394.48035
0.00082,3.46e-05,1e-05,0.6,0.5414849,395.08163
0.00082,3.46e-05,1e-05,0.7,0.54120415,395.3938
0.00082,3.46e-05,1e-05,0.8,0.5410518,395.56158
0.00082,3.46e-05,1e-05,0.9,0.540968,395.65384
0.00082,3.46e-05,1e-05,1.0,0.54092205,395.70468
0.00081,5.1e-05,1e-05,0.0,0.5593114,317.15552
0.00081,5.1e-05,1e-05,0.1,0.55272794,391.0605
0.00081,5.1e-05,1e-05,0.2,0.52580726,390.83823
0.00081,5.1e-05,1e-05,0.3,0.5109503,390.67026
0.00081,5.1e-05,1e-05,0.4,0.54220986,394.14807
0.00081,5.1e-05,1e-05,0.5,0.5420052,394.48032
0.00081,5.1e-05,1e-05,0.6,0.54148495,395.08163
0.00081,5.1e-05,1e-05,0.7,0.5412042,395.3938
0.00081,5.1e-05,1e-05,0.8,0.54105186,395.56155
0.00081,5.1e-05,1e-05,0.9,0.54096794,395.6538
0.00081,5.1e-05,1e-05,1.0,0.5409218,395.70468
0.0008,1e-04,1e-05,0.0,0.5593039,317.13794
0.0008,1e-04,1e-05,0.1,0.5526837,391.09314
0.0008,1e-04,1e-05,0.2,0.5258217,390.8296
0.0008,1e-04,1e-05,0.3,0.51093423,390.64233
0.0008,1e-04,1e-05,0.4,0.54220915,394.14908
0.0008,1e-04,1e-05,0.5,0.5420052,394.48013
0.0008,1e-04,1e-05,0.6,0.5414851,395.08157
0.0008,1e-04,1e-05,0.7,0.5412042,395.3938
0.0008,1e-04,1e-05,0.8,0.541052,395.56146
0.0008,1e-04,1e-05,0.9,0.540968,395.6538
0.0008,1e-04,1e-05,1.0,0.5409219,395.70468
0.00081,8.27e-05,0.0,0.0,0.5593064,317.14456
0.00081,8.27e-05,0.0,0.1,0.55269384,391.0854
0.00081,8.27e-05,0.0,0.2,0.5258136,390.83575
0.00081,8.27e-05,0.0,0.3,0.5109259,390.65402
0.00081,8.27e-05,0.0,0.4,0.542209,394.14905
0.00081,8.27e-05,0.0,0.5,0.5420052,394.4802
0.00081,8.27e-05,0.0,0.6,0.54148495,395.08163
0.00081,8.27e-05,0.0,0.7,0.5412042,395.3938
0.00081,8.27e-05,0.0,0.8,0.54105186,395.56158
0.00081,8.27e-05,0.0,0.9,0.540968,395.65384
0.00081,8.27e-05,0.0,1.0,0.54092175,395.70468
0.00081,8.27e-05,1e-05,0.0,0.5593061,317.144
0.00081,8.27e-05,1e-05,0.1,0.5526941,391.0853
0.00081,8.27e-05,1e-05,0.2,0.5258171,390.8327
0.00081,8.27e-05,1e-05,0.3,0.5109341,390.65128
0.00081,8.27e-05,1e-05,0.4,0.54220927,394.149
0.00081,8.27e-05,1e-05,0.5,0.5420053,394.4802
0.00081,8.27e-05,1e-05,0.6,0.5414851,395.08163
0.00081,8.27e-05,1e-05,0.7,0.5412042,395.3938
0.00081,8.27e-05,1e-05,0.8,0.54105186,395.56152
0.00081,8.27e-05,1e-05,0.9,0.540968,395.65384
0.00081,8.27e-05,1e-05,1.0,0.5409218,395.70468
0.00082,1e-04,0.0,0.0,0.5593038,317.13773
0.00082,1e-04,0.0,0.1,0.55266756,391.10483
0.00082,1e-04,0.0,0.2,0.5258197,390.83276
0.00082,1e-04,0.0,0.3,0.5109086,390.6424
0.00082,1e-04,0.0,0.4,0.5422087,394.14972
0.00082,1e-04,0.0,0.5,0.5420052,394.48026
0.00082,1e-04,0.0,0.6,0.5414848,395.08163
0.00082,1e-04,0.0,0.7,0.54120415,395.3938
0.00082,1e-04,0.0,0.8,0.54105175,395.56158
0.00082,1e-04,0.0,0.9,0.5409679,395.65384
0.00082,1e-04,0.0,1.0,0.5409219,395.70468
0.00082,6.69e-05,0.0,0.0,0.55930895,317.1499
0.00082,6.69e-05,0.0,0.1,0.552703,391.07883
0.00082,6.69e-05,0.0,0.2,0.5258094,390.8386
0.00082,6.69e-05,0.0,0.3,0.5109253,390.66177
0.00082,6.69e-05,0.0,0.4,0.5422091,394.149
0.00082,6.69e-05,0.0,0.5,0.542005,394.48032
0.00082,6.69e-05,0.0,0.6,0.54148483,395.08163
0.00082,6.69e-05,0.0,0.7,0.5412042,395.3938
0.00082,6.69e-05,0.0,0.8,0.54105186,395.56158
0.00082,6.69e-05,0.0,0.9,0.5409678,395.65384
0.00082,6.69e-05,0.0,1.0,0.540922,395.70468
0.00082,6.69e-05,1e-05,0.0,0.5593085,317.1494
0.00082,6.69e-05,1e-05,0.1,0.552703,391.07877
0.00082,6.69e-05,1e-05,0.2,0.52581275,390.83554
0.00082,6.69e-05,1e-05,0.3,0.5109339,390.65927
0.00082,6.69e-05,1e-05,0.4,0.54220927,394.14886
0.00082,6.69e-05,1e-05,0.5,0.54200506,394.48032
0.00082,6.69e-05,1e-05,0.6,0.54148483,395.08163
0.00082,6.69e-05,1e-05,0.7,0.54120415,395.3938
0.00082,6.69e-05,1e-05,0.8,0.5410518,395.56158
0.00082,6.69e-05,1e-05,0.9,0.5409679,395.65384
0.00082,6.69e-05,1e-05,1.0,0.5409219,395.70468
0.00085,1.73e-05,0.0,0.0,0.5593161,317.16708
0.00085,1.73e-05,0.0,0.1,0.55273235,391.05737
0.00085,1.73e-05,0.0,0.2,0.52579606,390.84756
0.00085,1.73e-05,0.0,0.3,0.5109247,390.6873
0.00085,1.73e-05,0.0,0.4,0.5422095,394.14856
0.00085,1.73e-05,0.0,0.5,0.54200494,394.4806
0.00085,1.73e-05,0.0,0.6,0.5414847,395.08176
0.00085,1.73e-05,0.0,0.7,0.5412039,395.3939
0.00085,1.73e-05,0.0,0.8,0.5410516,395.56165
0.00085,1.73e-05,0.0,0.9,0.5409679,395.65384
0.00085,1.73e-05,0.0,1.0,0.540922,395.7047
0.00085,1.73e-05,5e-06,0.0,0.5593161,317.16684
0.00085,1.73e-05,5e-06,0.1,0.55273247,391.05734
0.00085,1.73e-05,5e-06,0.2,0.5257979,390.84613
0.00085,1.73e-05,5e-06,0.3,0.51092875,390.68607
0.00085,1.73e-05,5e-06,0.4,0.54220957,394.14853
0.00085,1.73e-05,5e-06,0.5,0.54200494,394.4806
0.00085,1.73e-05,5e-06,0.6,0.5414847,395.08176
0.00085,1.73e-05,5e-06,0.7,0.54120386,395.3939
0.00085,1.73e-05,5e-06,0.8,0.5410516,395.56165
0.00085,1.73e-05,5e-06,0.9,0.5409679,395.65384
0.00085,1.73e-05,5e-06,1.0,0.540922,395.7047
0.00086,0.0,0.0,0.0,0.55931866,317.1731
0.00086,0.0,0.0,0.1,0.5527429,391.0498
0.00086,0.0,0.0,0.2,0.52579135,390.85077
0.00086,0.0,0.0,0.3,0.5109246,390.69626
0.00086,0.0,0.0,0.4,0.5422094,394.14847
0.00086,0.0,0.0,0.5,0.5420047,394.48062
0.00086,0.0,0.0,0.6,0.5414847,395.08182
0.00086,0.0,0.0,0.7,0.5412039,395.39395
0.00086,0.0,0.0,0.8,0.5410516,395.56168
0.00086,0.0,0.0,0.9,0.5409678,395.65387
0.00086,0.0,0.0,1.0,0.5409219,395.7047
0.00086,0.0,1e-05,0.0,0.55931866,317.17252
0.00086,0.0,1e-05,0.1,0.55274326,391.04956
0.00086,0.0,1e-05,0.2,0.52579486,390.8476
0.00086,0.0,1e-05,0.3,0.51093304,390.6936
0.00086,0.0,1e-05,0.4,0.54220974,394.14838
0.00086,0.0,1e-05,0.5,0.54200476,394.48062
0.00086,0.0,1e-05,0.6,0.5414847,395.08182
0.00086,0.0,1e-05,0.7,0.54120386,395.39395
0.00086,0.0,1e-05,0.8,0.54105157,395.56168
0.00086,0.0,1e-05,0.9,0.5409678,395.65387
0.00086,0.0,1e-05,1.0,0.5409219,395.7047
0.00085,1.73e-05,1e-05,0.0,0.55931604,317.16656
0.00085,1.73e-05,1e-05,0.1,0.55273277,391.05725
0.00085,1.73e-05,1e-05,0.2,0.5257995,390.8446
0.00085,1.73e-05,1e-05,0.3,0.510933,390.6846
0.00085,1.73e-05,1e-05,0.4,0.5422095,394.14847
0.00085,1.73e-05,1e-05,0.5,0.54200494,394.4806
0.00085,1.73e-05,1e-05,0.6,0.5414847,395.08176
0.00085,1.73e-05,1e-05,0.7,0.5412039,395.3939
0.00085,1.73e-05,1e-05,0.8,0.5410516,395.56165
0.00085,1.73e-05,1e-05,0.9,0.5409679,395.65384
0.00085,1.73e-05,1e-05,1.0,0.540922,395.7047
0.00084,3.46e-05,0.0,0.0,0.5593137,317.161
0.00084,3.46e-05,0.0,0.1,0.5527216,391.06503
0.00084,3.46e-05,0.0,0.2,0.5258007,390.84448
0.00084,3.46e-05,0.0,0.3,0.51092434,390.67847
0.00084,3.46e-05,0.0,0.4,0.5422094,394.14868
0.00084,3.46e-05,0.0,0.5,0.5420049,394.48047
0.00084,3.46e-05,0.0,0.6,0.54148483,395.08173
0.00084,3.46e-05,0.0,0.7,0.54120386,395.39386
0.00084,3.46e-05,0.0,0.8,0.54105175,395.5616
0.00084,3.46e-05,0.0,0.9,0.54096794,395.65384
0.00084,3.46e-05,0.0,1.0,0.540922,395.7047
0.00084,3.46e-05,1e-05,0.0,0.5593135,317.16058
0.00084,3.46e-05,1e-05,0.1,0.55272186,391.06497
0.00084,3.46e-05,1e-05,0.2,0.5258044,390.84152
0.00084,3.46e-05,1e-05,0.3,0.5109328,390.67572
0.00084,3.46e-05,1e-05,0.4,0.5422094,394.1486
0.00084,3.46e-05,1e-05,0.5,0.5420049,394.48047
0.00084,3.46e-05,1e-05,0.6,0.54148483,395.08173
0.00084,3.46e-05,1e-05,0.7,0.54120386,395.39386
0.00084,3.46e-05,1e-05,0.8,0.54105175,395.5616
0.00084,3.46e-05,1e-05,0.9,0.5409679,395.65384
0.00084,3.46e-05,1e-05,1.0,0.540922,395.7047
0.00083,5.1e-05,0.0,0.0,0.55931133,317.15536
0.00083,5.1e-05,0.0,0.1,0.55271214,391.0722
0.00083,5.1e-05,0.0,0.2,0.52580535,390.84143
0.00083,5.1e-05,0.0,0.3,0.51092476,390.66998
0.00083,5.1e-05,0.0,0.4,0.54220915,394.14886
0.00083,5.1e-05,0.0,0.5,0.542005,394.4804
0.00083,5.1e-05,0.0,0.6,0.54148483,395.08163
0.00083,5.1e-05,0.0,0.7,0.541204,395.39383
0.00083,5.1e-05,0.0,0.8,0.5410516,395.56158
0.00083,5.1e-05,0.0,0.9,0.5409679,395.65384
0.00083,5.1e-05,0.0,1.0,0.540922,395.7047
0.00083,5.1e-05,1e-05,0.0,0.55931103,317.1549
0.00083,5.1e-05,1e-05,0.1,0.55271244,391.07205
0.00083,5.1e-05,1e-05,0.2,0.5258086,390.83844
0.00083,5.1e-05,1e-05,0.3,0.51093316,390.66714
0.00083,5.1e-05,1e-05,0.4,0.5422094,394.1487
0.00083,5.1e-05,1e-05,0.5,0.54200506,394.4804
0.00083,5.1e-05,1e-05,0.6,0.5414847,395.08163
0.00083,5.1e-05,1e-05,0.7,0.541204,395.39383
0.00083,5.1e-05,1e-05,0.8,0.54105175,395.56158
0.00083,5.1e-05,1e-05,0.9,0.5409679,395.65384
0.00083,5.1e-05,1e-05,1.0,0.5409219,395.7047
0.00082,1e-04,1e-05,0.0,0.5593035,317.1373
0.00082,1e-04,1e-05,0.1,0.5526676,391.10486
0.00082,1e-04,1e-05,0.2,0.52582324,390.82974
0.00082,1e-04,1e-05,0.3,0.5109172,390.6395
0.00082,1e-04,1e-05,0.4,0.54220873,394.14966
0.00082,1e-04,1e-05,0.5,0.5420052,394.48026
0.00082,1e-04,1e-05,0.6,0.5414848,395.08163
0.00082,1e-04,1e-05,0.7,0.5412041,395.3938
0.00082,1e-04,1e-05,0.8,0.54105175,395.56158
0.00082,1e-04,1e-05,0.9,0.5409678,395.65384
0.00082,1e-04,1e-05,1.0,0.5409219,395.70468
0.00083,8.27e-05,0.0,0.0,0.55930626,317.14383
0.00083,8.27e-05,0.0,0.1,0.5526783,391.097
0.00083,8.27e-05,0.0,0.2,0.52581507,390.8359
0.00083,8.27e-05,0.0,0.3,0.5109086,390.65125
0.00083,8.27e-05,0.0,0.4,0.5422088,394.1496
0.00083,8.27e-05,0.0,0.5,0.5420049,394.48035
0.00083,8.27e-05,0.0,0.6,0.5414849,395.08163
0.00083,8.27e-05,0.0,0.7,0.54120404,395.39383
0.00083,8.27e-05,0.0,0.8,0.5410517,395.56158
0.00083,8.27e-05,0.0,0.9,0.5409679,395.65384
0.00083,8.27e-05,0.0,1.0,0.540922,395.7047
0.00083,8.27e-05,1e-05,0.0,0.559306,317.14334
0.00083,8.27e-05,1e-05,0.1,0.55267847,391.0969
0.00083,8.27e-05,1e-05,0.2,0.52581847,390.8329
0.00083,8.27e-05,1e-05,0.3,0.5109173,390.64838
0.00083,8.27e-05,1e-05,0.4,0.54220855,394.14944
0.00083,8.27e-05,1e-05,0.5,0.5420049,394.48035
0.00083,8.27e-05,1e-05,0.6,0.5414849,395.08163
0.00083,8.27e-05,1e-05,0.7,0.54120404,395.39383
0.00083,8.27e-05,1e-05,0.8,0.5410517,395.56158
0.00083,8.27e-05,1e-05,0.9,0.5409679,395.65384
0.00083,8.27e-05,1e-05,1.0,0.540922,395.7047
0.00084,1e-04,0.0,0.0,0.5593036,317.13712
0.00084,1e-04,0.0,0.1,0.55265176,391.1165
0.00084,1e-04,0.0,0.2,0.5258211,390.83295
0.00084,1e-04,0.0,0.3,0.51089144,390.63974
0.00084,1e-04,0.0,0.4,0.54220814,394.1504
0.00084,1e-04,0.0,0.5,0.54200494,394.48038
0.00084,1e-04,0.0,0.6,0.54148483,395.0817
0.00084,1e-04,0.0,0.7,0.5412039,395.39386
0.00084,1e-04,0.0,0.8,0.5410517,395.56165
0.00084,1e-04,0.0,0.9,0.5409679,395.65384
0.00084,1e-04,0.0,1.0,0.5409219,395.7047
0.00084,6.69e-05,0.0,0.0,0.5593087,317.14926
0.00084,6.69e-05,0.0,0.1,0.55268735,391.0904
0.00084,6.69e-05,0.0,0.2,0.52581084,390.83868
0.00084,6.69e-05,0.0,0.3,0.51090825,390.659
0.00084,6.69e-05,0.0,0.4,0.5422086,394.14944
0.00084,6.69e-05,0.0,0.5,0.5420049,394.48044
0.00084,6.69e-05,0.0,0.6,0.5414847,395.08173
0.00084,6.69e-05,0.0,0.7,0.5412039,395.39386
0.00084,6.69e-05,0.0,0.8,0.54105175,395.5616
0.00084,6.69e-05,0.0,0.9,0.5409679,395.65384
0.00084,6.69e-05,0.0,1.0,0.54092205,395.7047
0.00084,6.69e-05,1e-05,0.0,0.5593085,317.14886
0.00084,6.69e-05,1e-05,0.1,0.55268764,391.09033
0.00084,6.69e-05,1e-05,0.2,0.5258141,390.8359
0.00084,6.69e-05,1e-05,0.3,0.5109164,390.65625
0.00084,6.69e-05,1e-05,0.4,0.54220873,394.14938
0.00084,6.69e-05,1e-05,0.5,0.542005,394.48044
0.00084,6.69e-05,1e-05,0.6,0.5414847,395.08173
0.00084,6.69e-05,1e-05,0.7,0.541204,395.39386
0.00084,6.69e-05,1e-05,0.8,0.54105175,395.5616
0.00084,6.69e-05,1e-05,0.9,0.5409679,395.65384
0.00084,6.69e-05,1e-05,1.0,0.54092205,395.7047
0.00087,1.73e-05,0.0,0.0,0.5593159,317.16644
0.00087,1.73e-05,0.0,0.1,0.5527167,391.06897
0.00087,1.73e-05,0.0,0.2,0.5257975,390.84772
0.00087,1.73e-05,0.0,0.3,0.51090765,390.6843
0.00087,1.73e-05,0.0,0.4,0.5422088,394.14914
0.00087,1.73e-05,0.0,0.5,0.54200464,394.48062
0.00087,1.73e-05,0.0,0.6,0.5414847,395.08182
0.00087,1.73e-05,0.0,0.7,0.54120386,395.39404
0.00087,1.73e-05,0.0,0.8,0.5410516,395.56168
0.00087,1.73e-05,0.0,0.9,0.5409678,395.6539
0.00087,1.73e-05,0.0,1.0,0.540922,395.7047
0.00086,3.46e-05,0.0,0.0,0.55931354,317.1604
0.00086,3.46e-05,0.0,0.1,0.5527061,391.07675
0.00086,3.46e-05,0.0,0.2,0.52580214,390.84464
0.00086,3.46e-05,0.0,0.3,0.5109075,390.67545
0.00086,3.46e-05,0.0,0.4,0.5422089,394.1492
0.00086,3.46e-05,0.0,0.5,0.5420048,394.48062
0.00086,3.46e-05,0.0,0.6,0.5414847,395.08176
0.00086,3.46e-05,0.0,0.7,0.54120386,395.39395
0.00086,3.46e-05,0.0,0.8,0.5410517,395.56168
0.00086,3.46e-05,0.0,0.9,0.5409678,395.6539
0.00086,3.46e-05,0.0,1.0,0.54092187,395.7047
0.00088,0.0,0.0,0.0,0.5593184,317.17245
0.00088,0.0,0.0,0.1,0.5527272,391.0612
0.00088,0.0,0.0,0.2,0.5257928,390.85086
0.00088,0.0,0.0,0.3,0.51090777,390.69315
0.00088,0.0,0.0,0.4,0.5422091,394.14902
0.00088,0.0,0.0,0.5,0.5420048,394.48065
0.00088,0.0,0.0,0.6,0.5414846,395.0819
0.00088,0.0,0.0,0.7,0.5412038,395.39404
0.00088,0.0,0.0,0.8,0.5410514,395.56177
0.00088,0.0,0.0,0.9,0.5409678,395.6539
0.00088,0.0,0.0,1.0,0.54092205,395.70477
0.00088,0.0,1e-05,0.0,0.5593184,317.17188
0.00088,0.0,1e-05,0.1,0.5527276,391.06107
0.00088,0.0,1e-05,0.2,0.5257963,390.84775
0.00088,0.0,1e-05,0.3,0.5109161,390.69046
0.00088,0.0,1e-05,0.4,0.5422091,394.14893
0.00088,0.0,1e-05,0.5,0.5420048,394.4807
0.00088,0.0,1e-05,0.6,0.54148453,395.0819
0.00088,0.0,1e-05,0.7,0.54120386,395.39404
0.00088,0.0,1e-05,0.8,0.5410514,395.56177
0.00088,0.0,1e-05,0.9,0.54096776,395.6539
0.00088,0.0,1e-05,1.0,0.540922,395.70474
0.00087,1.73e-05,1e-05,0.0,0.5593158,317.166
0.00087,1.73e-05,1e-05,0.1,0.5527169,391.0689
0.00087,1.73e-05,1e-05,0.2,0.5258008,390.8447
0.00087,1.73e-05,1e-05,0.3,0.5109163,390.68158
0.00087,1.73e-05,1e-05,0.4,0.542209,394.14905
0.00087,1.73e-05,1e-05,0.5,0.5420047,394.48062
0.00087,1.73e-05,1e-05,0.6,0.5414847,395.08182
0.00087,1.73e-05,1e-05,0.7,0.54120386,395.39404
0.00087,1.73e-05,1e-05,0.8,0.5410516,395.56168
0.00087,1.73e-05,1e-05,0.9,0.5409678,395.6539
0.00087,1.73e-05,1e-05,1.0,0.5409219,395.7047
0.00086,3.46e-05,1e-05,0.0,0.5593133,317.1599
0.00086,3.46e-05,1e-05,0.1,0.55270624,391.07666
0.00086,3.46e-05,1e-05,0.2,0.5258054,390.84158
0.00086,3.46e-05,1e-05,0.3,0.51091594,390.67264
0.00086,3.46e-05,1e-05,0.4,0.5422088,394.14914
0.00086,3.46e-05,1e-05,0.5,0.5420049,394.4806
0.00086,3.46e-05,1e-05,0.6,0.5414847,395.08176
0.00086,3.46e-05,1e-05,0.7,0.54120386,395.39395
0.00086,3.46e-05,1e-05,0.8,0.5410516,395.56168
0.00086,3.46e-05,1e-05,0.9,0.5409678,395.6539
0.00086,3.46e-05,1e-05,1.0,0.54092187,395.7047
0.00085,5.1e-05,0.0,0.0,0.559311,317.15475
0.00085,5.1e-05,0.0,0.1,0.55269647,391.0837
0.00085,5.1e-05,0.0,0.2,0.52580667,390.84167
0.00085,5.1e-05,0.0,0.3,0.5109077,390.66702
0.00085,5.1e-05,0.0,0.4,0.5422087,394.14938
0.00085,5.1e-05,0.0,0.5,0.54200494,394.4805
0.00085,5.1e-05,0.0,0.6,0.5414847,395.08176
0.00085,5.1e-05,0.0,0.7,0.54120386,395.3939
0.00085,5.1e-05,0.0,0.8,0.5410517,395.56165
0.00085,5.1e-05,0.0,0.9,0.5409679,395.65384
0.00085,5.1e-05,0.0,1.0,0.540922,395.7047
0.00085,5.1e-05,1e-05,0.0,0.5593109,317.1543
0.00085,5.1e-05,1e-05,0.1,0.5526966,391.0836
0.00085,5.1e-05,1e-05,0.2,0.52581024,390.83853
0.00085,5.1e-05,1e-05,0.3,0.5109165,390.66428
0.00085,5.1e-05,1e-05,0.4,0.5422089,394.14923
0.00085,5.1e-05,1e-05,0.5,0.542005,394.48047
0.00085,5.1e-05,1e-05,0.6,0.5414847,395.08176
0.00085,5.1e-05,1e-05,0.7,0.5412038,395.3939
0.00085,5.1e-05,1e-05,0.8,0.5410516,395.56165
0.00085,5.1e-05,1e-05,0.9,0.5409679,395.65384
0.00085,5.1e-05,1e-05,1.0,0.54092205,395.7047
0.00084,1e-04,1e-05,0.0,0.5593035,317.13666
0.00084,1e-04,1e-05,0.1,0.55265206,391.1165
0.00084,1e-04,1e-05,0.2,0.5258246,390.82996
0.00084,1e-04,1e-05,0.3,0.5108999,390.63702
0.00084,1e-04,1e-05,0.4,0.54220796,394.15024
0.00084,1e-04,1e-05,0.5,0.54200494,394.48035
0.00084,1e-04,1e-05,0.6,0.5414847,395.0817
0.00084,1e-04,1e-05,0.7,0.541204,395.39386
0.00084,1e-04,1e-05,0.8,0.54105175,395.5616
0.00084,1e-04,1e-05,0.9,0.5409679,395.65384
0.00084,1e-04,1e-05,1.0,0.540922,395.7047
0.00085,8.27e-05,0.0,0.0,0.55930614,317.14316
0.00085,8.27e-05,0.0,0.1,0.55266243,391.1088
0.00085,8.27e-05,0.0,0.2,0.52581644,390.83618
0.00085,8.27e-05,0.0,0.3,0.5108917,390.64853
0.00085,8.27e-05,0.0,0.4,0.54220796,394.15024
0.00085,8.27e-05,0.0,0.5,0.5420049,394.48044
0.00085,8.27e-05,0.0,0.6,0.5414847,395.08176
0.00085,8.27e-05,0.0,0.7,0.54120386,395.3939
0.00085,8.27e-05,0.0,0.8,0.54105175,395.56165
0.00085,8.27e-05,0.0,0.9,0.5409678,395.65387
0.00085,8.27e-05,0.0,1.0,0.540922,395.7047
0.00086,1e-04,0.0,0.0,0.5593034,317.1365
0.00086,1e-04,0.0,0.1,0.55263597,391.12823
0.00086,1e-04,0.0,0.2,0.5258225,390.83328
0.00086,1e-04,0.0,0.3,0.5108745,390.63715
0.00086,1e-04,0.0,0.4,0.54220736,394.1509
0.00086,1e-04,0.0,0.5,0.54200494,394.48044
0.00086,1e-04,0.0,0.6,0.5414847,395.08176
0.00086,1e-04,0.0,0.7,0.5412038,395.39395
0.00086,1e-04,0.0,0.8,0.5410516,395.56168
0.00086,1e-04,0.0,0.9,0.5409678,395.6539
0.00086,1e-04,0.0,1.0,0.5409219,395.7047
0.00085,8.27e-05,1e-05,0.0,0.55930585,317.1428
0.00085,8.27e-05,1e-05,0.1,0.5526627,391.1086
0.00085,8.27e-05,1e-05,0.2,0.52581966,390.8332
0.00085,8.27e-05,1e-05,0.3,0.51090014,390.6457
0.00085,8.27e-05,1e-05,0.4,0.54220825,394.15012
0.00085,8.27e-05,1e-05,0.5,0.5420048,394.48044
0.00085,8.27e-05,1e-05,0.6,0.5414847,395.08176
0.00085,8.27e-05,1e-05,0.7,0.54120386,395.3939
0.00085,8.27e-05,1e-05,0.8,0.5410517,395.56165
0.00085,8.27e-05,1e-05,0.9,0.54096794,395.65387
0.00085,8.27e-05,1e-05,1.0,0.540922,395.7047
0.00089,1.73e-05,0.0,0.0,0.5593157,317.16577
0.00089,1.73e-05,0.0,0.1,0.5527009,391.08057
0.00089,1.73e-05,0.0,0.2,0.5257987,390.84793
0.00089,1.73e-05,0.0,0.3,0.51089054,390.6814
0.00089,1.73e-05,0.0,0.4,0.54220843,394.1497
0.00089,1.73e-05,0.0,0.5,0.54200464,394.48074
0.00089,1.73e-05,0.0,0.6,0.5414843,395.0819
0.00089,1.73e-05,0.0,0.7,0.5412039,395.39407
0.00089,1.73e-05,0.0,0.8,0.5410515,395.5618
0.00089,1.73e-05,0.0,0.9,0.5409677,395.65393
0.00089,1.73e-05,0.0,1.0,0.540922,395.70477
0.0009,0.0,0.0,0.0,0.55931824,317.17172
0.0009,0.0,0.0,0.1,0.55271184,391.07275
0.0009,0.0,0.0,0.2,0.525794,390.85104
0.0009,0.0,0.0,0.3,0.5108905,390.6902
0.0009,0.0,0.0,0.4,0.5422083,394.14954
0.0009,0.0,0.0,0.5,0.54200447,394.4808
0.0009,0.0,0.0,0.6,0.54148453,395.08194
0.0009,0.0,0.0,0.7,0.541204,395.39407
0.0009,0.0,0.0,0.8,0.5410515,395.5618
0.0009,0.0,0.0,0.9,0.5409679,395.65393
0.0009,0.0,0.0,1.0,0.540922,395.70477
0.0009,0.0,1e-05,0.0,0.55931795,317.17126
0.0009,0.0,1e-05,0.1,0.55271196,391.0726
0.0009,0.0,1e-05,0.2,0.5257976,390.84796
0.0009,0.0,1e-05,0.3,0.5108992,390.68753
0.0009,0.0,1e-05,0.4,0.5422085,394.14944
0.0009,0.0,1e-05,0.5,0.5420046,394.48077
0.0009,0.0,1e-05,0.6,0.5414845,395.08194
0.0009,0.0,1e-05,0.7,0.54120374,395.39407
0.0009,0.0,1e-05,0.8,0.5410515,395.5618
0.0009,0.0,1e-05,0.9,0.5409679,395.65393
0.0009,0.0,1e-05,1.0,0.5409219,395.70477
0.00086,6.69e-05,0.0,0.0,0.5593084,317.14874
0.00086,6.69e-05,0.0,0.1,0.55267155,391.10208
0.00086,6.69e-05,0.0,0.2,0.52581203,390.83902
0.00086,6.69e-05,0.0,0.3,0.51089114,390.6564
0.00086,6.69e-05,0.0,0.4,0.54220825,394.15015
0.00086,6.69e-05,0.0,0.5,0.5420048,394.48053
0.00086,6.69e-05,0.0,0.6,0.5414847,395.08176
0.00086,6.69e-05,0.0,0.7,0.54120386,395.39395
0.00086,6.69e-05,0.0,0.8,0.5410516,395.56168
0.00086,6.69e-05,0.0,0.9,0.5409678,395.6539
0.00086,6.69e-05,0.0,1.0,0.5409219,395.7047
0.00086,6.69e-05,1e-05,0.0,0.5593083,317.14822
0.00086,6.69e-05,1e-05,0.1,0.55267173,391.10196
0.00086,6.69e-05,1e-05,0.2,0.5258155,390.83603
0.00086,6.69e-05,1e-05,0.3,0.5108995,390.6535
0.00086,6.69e-05,1e-05,0.4,0.5422082,394.15
0.00086,6.69e-05,1e-05,0.5,0.54200494,394.48053
0.00086,6.69e-05,1e-05,0.6,0.5414847,395.08176
0.00086,6.69e-05,1e-05,0.7,0.54120386,395.39395
0.00086,6.69e-05,1e-05,0.8,0.5410516,395.56168
0.00086,6.69e-05,1e-05,0.9,0.5409678,395.6539
0.00086,6.69e-05,1e-05,1.0,0.540922,395.7047
0.00088,3.46e-05,0.0,0.0,0.5593132,317.15973
0.00088,3.46e-05,0.0,0.1,0.5526905,391.08832
0.00088,3.46e-05,0.0,0.2,0.52580357,390.84485
0.00088,3.46e-05,0.0,0.3,0.5108905,390.6726
0.00088,3.46e-05,0.0,0.4,0.5422083,394.14993
0.00088,3.46e-05,0.0,0.5,0.5420047,394.48065
0.00088,3.46e-05,0.0,0.6,0.54148465,395.0819
0.00088,3.46e-05,0.0,0.7,0.5412038,395.39404
0.00088,3.46e-05,0.0,0.8,0.5410514,395.56174
0.00088,3.46e-05,0.0,0.9,0.5409679,395.6539
0.00088,3.46e-05,0.0,1.0,0.54092205,395.70477
0.00089,1.73e-05,1e-05,0.0,0.5593157,317.16528
0.00089,1.73e-05,1e-05,0.1,0.5527012,391.0805
0.00089,1.73e-05,1e-05,0.2,0.5258023,390.845
0.00089,1.73e-05,1e-05,0.3,0.5108992,390.67862
0.00089,1.73e-05,1e-05,0.4,0.5422085,394.14957
0.00089,1.73e-05,1e-05,0.5,0.5420047,394.4807
0.00089,1.73e-05,1e-05,0.6,0.54148436,395.0819
0.00089,1.73e-05,1e-05,0.7,0.5412039,395.39407
0.00089,1.73e-05,1e-05,0.8,0.5410515,395.5618
0.00089,1.73e-05,1e-05,0.9,0.54096776,395.65393
0.00089,1.73e-05,1e-05,1.0,0.540922,395.70477
0.00087,5.1e-05,0.0,0.0,0.55931073,317.1541
0.00087,5.1e-05,0.0,0.1,0.5526806,391.0954
0.00087,5.1e-05,0.0,0.2,0.5258078,390.8418
0.00087,5.1e-05,0.0,0.3,0.5108909,390.66434
0.00087,5.1e-05,0.0,0.4,0.5422082,394.15002
0.00087,5.1e-05,0.0,0.5,0.54200476,394.48062
0.00087,5.1e-05,0.0,0.6,0.5414847,395.08182
0.00087,5.1e-05,0.0,0.7,0.5412038,395.39404
0.00087,5.1e-05,0.0,0.8,0.5410516,395.5617
0.00087,5.1e-05,0.0,0.9,0.5409677,395.6539
0.00087,5.1e-05,0.0,1.0,0.5409219,395.7047
0.00088,3.46e-05,1e-05,0.0,0.55931306,317.15933
0.00088,3.46e-05,1e-05,0.1,0.55269074,391.0882
0.00088,3.46e-05,1e-05,0.2,0.5258069,390.84183
0.00088,3.46e-05,1e-05,0.3,0.5108993,390.66974
0.00088,3.46e-05,1e-05,0.4,0.5422085,394.14975
0.00088,3.46e-05,1e-05,0.5,0.54200476,394.48065
0.00088,3.46e-05,1e-05,0.6,0.54148465,395.0819
0.00088,3.46e-05,1e-05,0.7,0.54120386,395.39404
0.00088,3.46e-05,1e-05,0.8,0.5410514,395.56177
0.00088,3.46e-05,1e-05,0.9,0.5409679,395.6539
0.00088,3.46e-05,1e-05,1.0,0.54092205,395.70477
0.00087,5.1e-05,1e-05,0.0,0.55931073,317.15366
0.00087,5.1e-05,1e-05,0.1,0.55268085,391.09528
0.00087,5.1e-05,1e-05,0.2,0.5258113,390.83875
0.00087,5.1e-05,1e-05,0.3,0.5108993,390.6616
0.00087,5.1e-05,1e-05,0.4,0.5422083,394.1499
0.00087,5.1e-05,1e-05,0.5,0.5420049,394.48062
0.00087,5.1e-05,1e-05,0.6,0.5414847,395.08182
0.00087,5.1e-05,1e-05,0.7,0.5412038,395.39404
0.00087,5.1e-05,1e-05,0.8,0.5410515,395.5617
0.00087,5.1e-05,1e-05,0.9,0.5409677,395.6539
0.00087,5.1e-05,1e-05,1.0,0.540922,395.70474
0.00086,1e-04,1e-05,0.0,0.55930334,317.13605
0.00086,1e-04,1e-05,0.1,0.55263627,391.1281
0.00086,1e-04,1e-05,0.2,0.52582574,390.83026
0.00086,1e-04,1e-05,0.3,0.51088285,390.63437
0.00086,1e-04,1e-05,0.4,0.5422077,394.15076
0.00086,1e-04,1e-05,0.5,0.54200494,394.48047
0.00086,1e-04,1e-05,0.6,0.5414847,395.08176
0.00086,1e-04,1e-05,0.7,0.5412038,395.39395
0.00086,1e-04,1e-05,0.8,0.5410516,395.56168
0.00086,1e-04,1e-05,0.9,0.54096794,395.6539
0.00086,1e-04,1e-05,1.0,0.5409219,395.7047
0.00087,8.27e-05,0.0,0.0,0.5593059,317.14264
0.00087,8.27e-05,0.0,0.1,0.5526469,391.12045
0.00087,8.27e-05,0.0,0.2,0.52581775,390.8364
0.00087,8.27e-05,0.0,0.3,0.5108744,390.64584
0.00087,8.27e-05,0.0,0.4,0.54220784,394.15073
0.00087,8.27e-05,0.0,0.5,0.5420048,394.4806
0.00087,8.27e-05,0.0,0.6,0.5414847,395.08182
0.00087,8.27e-05,0.0,0.7,0.54120374,395.39404
0.00087,8.27e-05,0.0,0.8,0.5410515,395.56174
0.00087,8.27e-05,0.0,0.9,0.5409678,395.6539
0.00087,8.27e-05,0.0,1.0,0.54092205,395.70477
0.00087,8.31e-05,5e-06,0.0,0.55930567,317.14212
0.00087,8.31e-05,5e-06,0.1,0.5526464,391.1208
0.00087,8.31e-05,5e-06,0.2,0.5258194,390.8349
0.00087,8.31e-05,5e-06,0.3,0.51087856,390.64423
0.00087,8.31e-05,5e-06,0.4,0.54220784,394.15067
0.00087,8.31e-05,5e-06,0.5,0.5420048,394.4806
0.00087,8.31e-05,5e-06,0.6,0.5414847,395.08182
0.00087,8.31e-05,5e-06,0.7,0.5412038,395.39404
0.00087,8.31e-05,5e-06,0.8,0.5410515,395.56174
0.00087,8.31e-05,5e-06,0.9,0.5409678,395.6539
0.00087,8.31e-05,5e-06,1.0,0.540922,395.70477
0.00088,1e-04,0.0,0.0,0.5593032,317.13596
0.00088,1e-04,0.0,0.1,0.5526203,391.1398
0.00088,1e-04,0.0,0.2,0.5258236,390.83365
0.00088,1e-04,0.0,0.3,0.51085675,390.6348
0.00088,1e-04,0.0,0.4,0.5422069,394.15146
0.00088,1e-04,0.0,0.5,0.5420049,394.4806
0.00088,1e-04,0.0,0.6,0.5414847,395.08182
0.00088,1e-04,0.0,0.7,0.54120386,395.39404
0.00088,1e-04,0.0,0.8,0.5410515,395.56177
0.00088,1e-04,0.0,0.9,0.5409677,395.65393
0.00088,1e-04,0.0,1.0,0.5409219,395.70477
0.00087,8.27e-05,1e-05,0.0,0.5593058,317.14203
0.00087,8.27e-05,1e-05,0.1,0.5526471,391.12033
0.00087,8.27e-05,1e-05,0.2,0.5258211,390.83353
0.00087,8.27e-05,1e-05,0.3,0.51088303,390.64294
0.00087,8.27e-05,1e-05,0.4,0.54220796,394.15063
0.00087,8.27e-05,1e-05,0.5,0.5420048,394.48056
0.00087,8.27e-05,1e-05,0.6,0.5414847,395.08182
0.00087,8.27e-05,1e-05,0.7,0.54120374,395.39404
0.00087,8.27e-05,1e-05,0.8,0.5410515,395.56174
0.00087,8.27e-05,1e-05,0.9,0.5409678,395.6539
0.00087,8.27e-05,1e-05,1.0,0.5409221,395.70477
0.0009,3.46e-05,0.0,0.0,0.5593132,317.15918
0.0009,3.46e-05,0.0,0.1,0.55267453,391.09995
0.0009,3.46e-05,0.0,0.2,0.5258049,390.845
0.0009,3.46e-05,0.0,0.3,0.51087344,390.6699
0.0009,3.46e-05,0.0,0.4,0.5422078,394.15048
0.0009,3.46e-05,0.0,0.5,0.5420045,394.48074
0.0009,3.46e-05,0.0,0.6,0.5414845,395.08194
0.0009,3.46e-05,0.0,0.7,0.54120374,395.39407
0.0009,3.46e-05,0.0,0.8,0.5410515,395.5618
0.0009,3.46e-05,0.0,0.9,0.5409678,395.65393
0.0009,3.46e-05,0.0,1.0,0.54092205,395.70477
0.00092,0.0,0.0,0.0,0.55931836,317.1711
0.00092,0.0,0.0,0.1,0.552696,391.08435
0.00092,0.0,0.0,0.2,0.52579546,390.85135
0.00092,0.0,0.0,0.3,0.51087373,390.68744
0.00092,0.0,0.0,0.4,0.54220796,394.15024
0.00092,0.0,0.0,0.5,0.5420044,394.48093
0.00092,0.0,0.0,0.6,0.5414846,395.08203
0.00092,0.0,0.0,0.7,0.54120386,395.39417
0.00092,0.0,0.0,0.8,0.5410516,395.56186
0.00092,0.0,0.0,0.9,0.54096764,395.65396
0.00092,0.0,0.0,1.0,0.5409218,395.7048
0.00092,0.0,1e-05,0.0,0.55931795,317.1707
0.00092,0.0,1e-05,0.1,0.5526961,391.0843
0.00092,0.0,1e-05,0.2,0.52579904,390.84814
0.00092,0.0,1e-05,0.3,0.51088244,390.68466
0.00092,0.0,1e-05,0.4,0.5422082,394.1501
0.00092,0.0,1e-05,0.5,0.54200435,394.48093
0.00092,0.0,1e-05,0.6,0.5414846,395.08203
0.00092,0.0,1e-05,0.7,0.54120386,395.39417
0.00092,0.0,1e-05,0.8,0.5410516,395.56186
0.00092,0.0,1e-05,0.9,0.5409677,395.65396
0.00092,0.0,1e-05,1.0,0.5409218,395.7048
0.00091,1.73e-05,1e-05,0.0,0.55931544,317.16467
0.00091,1.73e-05,1e-05,0.1,0.5526856,391.09198
0.00091,1.73e-05,1e-05,0.2,0.52580374,390.84506
0.00091,1.73e-05,1e-05,0.3,0.510882,390.6758
0.00091,1.73e-05,1e-05,0.4,0.54220814,394.1502
0.00091,1.73e-05,1e-05,0.5,0.54200447,394.4808
0.00091,1.73e-05,1e-05,0.6,0.5414846,395.08197
0.00091,1.73e-05,1e-05,0.7,0.54120374,395.3941
0.00091,1.73e-05,1e-05,0.8,0.5410515,395.56183
0.00091,1.73e-05,1e-05,0.9,0.54096776,395.65393
0.00091,1.73e-05,1e-05,1.0,0.54092187,395.7048
0.00091,1.73e-05,0.0,0.0,0.55931556,317.1651
0.00091,1.73e-05,0.0,0.1,0.5526855,391.09207
0.00091,1.73e-05,0.0,0.2,0.5258002,390.8482
0.00091,1.73e-05,0.0,0.3,0.5108738,390.67865
0.00091,1.73e-05,0.0,0.4,0.54220796,394.15036
0.00091,1.73e-05,0.0,0.5,0.5420044,394.48087
0.00091,1.73e-05,0.0,0.6,0.5414846,395.082
0.00091,1.73e-05,0.0,0.7,0.54120374,395.3941
0.00091,1.73e-05,0.0,0.8,0.5410515,395.56186
0.00091,1.73e-05,0.0,0.9,0.5409678,395.65393
0.00091,1.73e-05,0.0,1.0,0.54092187,395.7048
0.00088,6.69e-05,0.0,0.0,0.55930823,317.148
0.00088,6.69e-05,0.0,0.1,0.55265576,391.11374
0.00088,6.69e-05,0.0,0.2,0.52581334,390.8391
0.00088,6.69e-05,0.0,0.3,0.51087403,390.6538
0.00088,6.69e-05,0.0,0.4,0.5422077,394.15063
0.00088,6.69e-05,0.0,0.5,0.54200464,394.48062
0.00088,6.69e-05,0.0,0.6,0.54148465,395.08182
0.00088,6.69e-05,0.0,0.7,0.5412038,395.39404
0.00088,6.69e-05,0.0,0.8,0.5410515,395.56177
0.00088,6.69e-05,0.0,0.9,0.5409679,395.6539
0.00088,6.69e-05,0.0,1.0,0.5409219,395.70477
0.00088,6.69e-05,1e-05,0.0,0.5593081,317.14743
0.00088,6.69e-05,1e-05,0.1,0.55265594,391.1136
0.00088,6.69e-05,1e-05,0.2,0.525817,390.8362
0.00088,6.69e-05,1e-05,0.3,0.5108825,390.65085
0.00088,6.69e-05,1e-05,0.4,0.54220784,394.15054
0.00088,6.69e-05,1e-05,0.5,0.5420047,394.48062
0.00088,6.69e-05,1e-05,0.6,0.5414847,395.08182
0.00088,6.69e-05,1e-05,0.7,0.54120386,395.39404
0.00088,6.69e-05,1e-05,0.8,0.5410515,395.5618
0.00088,6.69e-05,1e-05,0.9,0.5409679,395.6539
0.00088,6.69e-05,1e-05,1.0,0.540922,395.70477
0.00089,5.1e-05,0.0,0.0,0.5593107,317.1535
0.00089,5.1e-05,0.0,0.1,0.552665,391.10703
0.00089,5.1e-05,0.0,0.2,0.525809,390.84207
0.00089,5.1e-05,0.0,0.3,0.51087344,390.6617
0.00089,5.1e-05,0.0,0.4,0.54220784,394.15054
0.00089,5.1e-05,0.0,0.5,0.54200464,394.48065
0.00089,5.1e-05,0.0,0.6,0.5414844,395.0819
0.00089,5.1e-05,0.0,0.7,0.54120386,395.39407
0.00089,5.1e-05,0.0,0.8,0.5410515,395.5618
0.00089,5.1e-05,0.0,0.9,0.5409678,395.65393
0.00089,5.1e-05,0.0,1.0,0.54092205,395.70477
0.0009,3.46e-05,1e-05,0.0,0.55931294,317.15863
0.0009,3.46e-05,1e-05,0.1,0.5526747,391.09976
0.0009,3.46e-05,1e-05,0.2,0.52580833,390.8419
0.0009,3.46e-05,1e-05,0.3,0.51088196,390.66702
0.0009,3.46e-05,1e-05,0.4,0.54220784,394.1504
0.0009,3.46e-05,1e-05,0.5,0.5420046,394.48074
0.0009,3.46e-05,1e-05,0.6,0.5414844,395.0819
0.0009,3.46e-05,1e-05,0.7,0.54120386,395.39407
0.0009,3.46e-05,1e-05,0.8,0.5410514,395.5618
0.0009,3.46e-05,1e-05,0.9,0.5409678,395.65393
0.0009,3.46e-05,1e-05,1.0,0.540922,395.70477
0.00089,5.1e-05,1e-05,0.0,0.5593104,317.15305
0.00089,5.1e-05,1e-05,0.1,0.5526651,391.10696
0.00089,5.1e-05,1e-05,0.2,0.5258127,390.83914
0.00089,5.1e-05,1e-05,0.3,0.5108822,390.6589
0.00089,5.1e-05,1e-05,0.4,0.5422077,394.15048
0.00089,5.1e-05,1e-05,0.5,0.54200464,394.48065
0.00089,5.1e-05,1e-05,0.6,0.5414844,395.0819
0.00089,5.1e-05,1e-05,0.7,0.54120386,395.39407
0.00089,5.1e-05,1e-05,0.8,0.5410515,395.5618
0.00089,5.1e-05,1e-05,0.9,0.54096776,395.65393
0.00089,5.1e-05,1e-05,1.0,0.540922,395.70477
0.00088,1e-04,1e-05,0.0,0.559303,317.1354
0.00088,1e-04,1e-05,0.1,0.5526205,391.1397
0.00088,1e-04,1e-05,0.2,0.5258268,390.83054
0.00088,1e-04,1e-05,0.3,0.5108654,390.632
0.00088,1e-04,1e-05,0.4,0.542207,394.15134
0.00088,1e-04,1e-05,0.5,0.5420049,394.4806
0.00088,1e-04,1e-05,0.6,0.5414847,395.08182
0.00088,1e-04,1e-05,0.7,0.54120386,395.39404
0.00088,1e-04,1e-05,0.8,0.5410515,395.56177
0.00088,1e-04,1e-05,0.9,0.5409677,395.65393
0.00088,1e-04,1e-05,1.0,0.54092205,395.70477
0.000956,7.74e-06,5e-06,0.0,0.5593165,317.16705
0.000956,7.74e-06,5e-06,0.1,0.5526595,391.11124
0.000956,7.74e-06,5e-06,0.2,0.5258019,390.84897
0.000956,7.74e-06,5e-06,0.3,0.5108432,390.67673
0.000956,7.74e-06,5e-06,0.4,0.5422068,394.15125
0.000956,7.74e-06,5e-06,0.5,0.54200435,394.48108
0.000956,7.74e-06,5e-06,0.6,0.54148424,395.08212
0.000956,7.74e-06,5e-06,0.7,0.5412036,395.39423
0.000956,7.74e-06,5e-06,0.8,0.5410514,395.56198
0.000956,7.74e-06,5e-06,0.9,0.54096776,395.65405
0.000956,7.74e-06,5e-06,1.0,0.5409218,395.70493
0.00096,0.0,0.0,0.0,0.55931765,317.16995
0.00096,0.0,0.0,0.1,0.5526646,391.10757
0.00096,0.0,0.0,0.2,0.5257981,390.8518
0.00096,0.0,0.0,0.3,0.51083934,390.6821
0.00096,0.0,0.0,0.4,0.54220694,394.1512
0.00096,0.0,0.0,0.5,0.54200435,394.4811
0.00096,0.0,0.0,0.6,0.54148424,395.08212
0.00096,0.0,0.0,0.7,0.5412037,395.39423
0.00096,0.0,0.0,0.8,0.54105127,395.562
0.00096,0.0,0.0,0.9,0.5409677,395.65405
0.00096,0.0,0.0,1.0,0.5409218,395.70493
0.00096,0.0,1e-05,0.0,0.5593177,317.16943
0.00096,0.0,1e-05,0.1,0.5526646,391.1075
0.00096,0.0,1e-05,0.2,0.5258014,390.84882
0.00096,0.0,1e-05,0.3,0.51084816,390.67926
0.00096,0.0,1e-05,0.4,0.5422071,394.15112
0.00096,0.0,1e-05,0.5,0.54200435,394.4811
0.00096,0.0,1e-05,0.6,0.54148424,395.08212
0.00096,0.0,1e-05,0.7,0.5412037,395.39423
0.00096,0.0,1e-05,0.8,0.5410513,395.56198
0.00096,0.0,1e-05,0.9,0.54096776,395.65405
0.00096,0.0,1e-05,1.0,0.5409218,395.70493
0.00094,0.0,0.0,0.0,0.55931807,317.1706
0.00094,0.0,0.0,0.1,0.55268025,391.09592
0.00094,0.0,0.0,0.2,0.5257968,390.85153
0.00094,0.0,0.0,0.3,0.5108569,390.68463
0.00094,0.0,0.0,0.4,0.5422075,394.15073
0.00094,0.0,0.0,0.5,0.5420046,394.48096
0.00094,0.0,0.0,0.6,0.5414845,395.08206
0.00094,0.0,0.0,0.7,0.5412037,395.3942
0.00094,0.0,0.0,0.8,0.54105157,395.56195
0.00094,0.0,0.0,0.9,0.5409677,395.65402
0.00094,0.0,0.0,1.0,0.5409218,395.7049
0.00094,0.0,1e-05,0.0,0.5593176,317.17014
0.00094,0.0,1e-05,0.1,0.5526805,391.09583
0.00094,0.0,1e-05,0.2,0.5258001,390.84866
0.00094,0.0,1e-05,0.3,0.5108652,390.68192
0.00094,0.0,1e-05,0.4,0.5422075,394.15067
0.00094,0.0,1e-05,0.5,0.5420045,394.48096
0.00094,0.0,1e-05,0.6,0.5414845,395.08206
0.00094,0.0,1e-05,0.7,0.54120356,395.3942
0.00094,0.0,1e-05,0.8,0.54105157,395.56195
0.00094,0.0,1e-05,0.9,0.5409677,395.65405
0.00094,0.0,1e-05,1.0,0.5409218,395.7049
0.00093,1.73e-05,5e-06,0.0,0.5593152,317.16418
0.00093,1.73e-05,5e-06,0.1,0.55266976,391.10376
0.00093,1.73e-05,5e-06,0.2,0.525803,390.84695
0.00093,1.73e-05,5e-06,0.3,0.5108607,390.67453
0.00093,1.73e-05,5e-06,0.4,0.5422076,394.15076
0.00093,1.73e-05,5e-06,0.5,0.5420045,394.48093
0.00093,1.73e-05,5e-06,0.6,0.5414846,395.08206
0.00093,1.73e-05,5e-06,0.7,0.54120374,395.3942
0.00093,1.73e-05,5e-06,0.8,0.54105157,395.5619
0.00093,1.73e-05,5e-06,0.9,0.5409677,395.654
0.00093,1.73e-05,5e-06,1.0,0.5409217,395.70483
0.00093,1.73e-05,0.0,0.0,0.5593153,317.16452
0.00093,1.73e-05,0.0,0.1,0.55266964,391.10376
0.00093,1.73e-05,0.0,0.2,0.5258014,390.84845
0.00093,1.73e-05,0.0,0.3,0.51085657,390.67603
0.00093,1.73e-05,0.0,0.4,0.5422075,394.1508
0.00093,1.73e-05,0.0,0.5,0.5420044,394.48093
0.00093,1.73e-05,0.0,0.6,0.5414846,395.08206
0.00093,1.73e-05,0.0,0.7,0.54120374,395.3942
0.00093,1.73e-05,0.0,0.8,0.54105157,395.56192
0.00093,1.73e-05,0.0,0.9,0.5409677,395.654
0.00093,1.73e-05,0.0,1.0,0.5409217,395.70483
0.00095,1.73e-05,1e-05,0.0,0.55931497,317.16342
0.00095,1.73e-05,1e-05,0.1,0.55265397,391.11526
0.00095,1.73e-05,1e-05,0.2,0.52580607,390.84573
0.00095,1.73e-05,1e-05,0.3,0.5108477,390.67053
0.00095,1.73e-05,1e-05,0.4,0.5422069,394.15125
0.00095,1.73e-05,1e-05,0.5,0.5420044,394.481
0.00095,1.73e-05,1e-05,0.6,0.5414843,395.0821
0.00095,1.73e-05,1e-05,0.7,0.54120356,395.3942
0.00095,1.73e-05,1e-05,0.8,0.54105157,395.56198
0.00095,1.73e-05,1e-05,0.9,0.5409679,395.65405
0.00095,1.73e-05,1e-05,1.0,0.5409218,395.70493
0.00095,1.73e-05,0.0,0.0,0.55931515,317.16394
0.00095,1.73e-05,0.0,0.1,0.5526538,391.11542
0.00095,1.73e-05,0.0,0.2,0.5258025,390.8487
0.00095,1.73e-05,0.0,0.3,0.51083934,390.6733
0.00095,1.73e-05,0.0,0.4,0.54220676,394.15143
0.00095,1.73e-05,0.0,0.5,0.54200435,394.48105
0.00095,1.73e-05,0.0,0.6,0.5414843,395.0821
0.00095,1.73e-05,0.0,0.7,0.54120356,395.3942
0.00095,1.73e-05,0.0,0.8,0.54105157,395.56198
0.00095,1.73e-05,0.0,0.9,0.5409679,395.65405
0.00095,1.73e-05,0.0,1.0,0.5409218,395.70493
0.00093,1.73e-05,1e-05,0.0,0.5593152,317.164
0.00093,1.73e-05,1e-05,0.1,0.55267,391.10358
0.00093,1.73e-05,1e-05,0.2,0.5258048,390.8454
0.00093,1.73e-05,1e-05,0.3,0.510865,390.67325
0.00093,1.73e-05,1e-05,0.4,0.5422075,394.1507
0.00093,1.73e-05,1e-05,0.5,0.5420044,394.48096
0.00093,1.73e-05,1e-05,0.6,0.5414846,395.08206
0.00093,1.73e-05,1e-05,0.7,0.5412037,395.3942
0.00093,1.73e-05,1e-05,0.8,0.54105157,395.5619
0.00093,1.73e-05,1e-05,0.9,0.54096776,395.654
0.00093,1.73e-05,1e-05,1.0,0.5409217,395.70483
0.00089,8.27e-05,0.0,0.0,0.5593058,317.1419
0.00089,8.27e-05,0.0,0.1,0.55263096,391.13193
0.00089,8.27e-05,0.0,0.2,0.52581894,390.8367
0.00089,8.27e-05,0.0,0.3,0.5108574,390.64334
0.00089,8.27e-05,0.0,0.4,0.5422071,394.15128
0.00089,8.27e-05,0.0,0.5,0.54200476,394.48062
0.00089,8.27e-05,0.0,0.6,0.5414845,395.0819
0.00089,8.27e-05,0.0,0.7,0.54120386,395.39407
0.00089,8.27e-05,0.0,0.8,0.5410515,395.5618
0.00089,8.27e-05,0.0,0.9,0.5409679,395.65393
0.00089,8.27e-05,0.0,1.0,0.54092205,395.70477
0.0009,6.69e-05,0.0,0.0,0.55930805,317.14734
0.0009,6.69e-05,0.0,0.1,0.55263996,391.1253
0.0009,6.69e-05,0.0,0.2,0.5258148,390.83945
0.0009,6.69e-05,0.0,0.3,0.51085675,390.65125
0.0009,6.69e-05,0.0,0.4,0.5422071,394.15118
0.0009,6.69e-05,0.0,0.5,0.54200476,394.48065
0.0009,6.69e-05,0.0,0.6,0.5414845,395.0819
0.0009,6.69e-05,0.0,0.7,0.54120386,395.39407
0.0009,6.69e-05,0.0,0.8,0.5410515,395.5618
0.0009,6.69e-05,0.0,0.9,0.54096776,395.65393
0.0009,6.69e-05,0.0,1.0,0.540922,395.7048
0.00089,8.27e-05,1e-05,0.0,0.55930567,317.14148
0.00089,8.27e-05,1e-05,0.1,0.55263126,391.13177
0.00089,8.27e-05,1e-05,0.2,0.5258224,390.83377
0.00089,8.27e-05,1e-05,0.3,0.5108657,390.64053
0.00089,8.27e-05,1e-05,0.4,0.5422071,394.15118
0.00089,8.27e-05,1e-05,0.5,0.54200464,394.48062
0.00089,8.27e-05,1e-05,0.6,0.5414845,395.0819
0.00089,8.27e-05,1e-05,0.7,0.54120386,395.39407
0.00089,8.27e-05,1e-05,0.8,0.5410515,395.5618
0.00089,8.27e-05,1e-05,0.9,0.5409679,395.65393
0.00089,8.27e-05,1e-05,1.0,0.5409219,395.70477
0.0009,1e-04,0.0,0.0,0.559303,317.1353
0.0009,1e-04,0.0,0.1,0.5526043,391.15158
0.0009,1e-04,0.0,0.2,0.5258248,390.8339
0.0009,1e-04,0.0,0.3,0.5108395,390.6323
0.0009,1e-04,0.0,0.4,0.5422065,394.152
0.0009,1e-04,0.0,0.5,0.54200464,394.48062
0.0009,1e-04,0.0,0.6,0.54148453,395.0819
0.0009,1e-04,0.0,0.7,0.54120374,395.39407
0.0009,1e-04,0.0,0.8,0.5410515,395.56183
0.0009,1e-04,0.0,0.9,0.54096776,395.65393
0.0009,1e-04,0.0,1.0,0.54092187,395.7048
0.00092,3.46e-05,0.0,0.0,0.5593128,317.15842
0.00092,3.46e-05,0.0,0.1,0.5526589,391.11154
0.00092,3.46e-05,0.0,0.2,0.525806,390.84537
0.00092,3.46e-05,0.0,0.3,0.51085603,390.66733
0.00092,3.46e-05,0.0,0.4,0.54220736,394.15097
0.00092,3.46e-05,0.0,0.5,0.54200447,394.48087
0.00092,3.46e-05,0.0,0.6,0.5414846,395.082
0.00092,3.46e-05,0.0,0.7,0.54120386,395.39417
0.00092,3.46e-05,0.0,0.8,0.54105157,395.56186
0.00092,3.46e-05,0.0,0.9,0.54096776,395.654
0.00092,3.46e-05,0.0,1.0,0.5409217,395.70483
0.00091,5.1e-05,0.0,0.0,0.5593104,317.1529
0.00091,5.1e-05,0.0,0.1,0.55264926,391.11865
0.00091,5.1e-05,0.0,0.2,0.5258105,390.8424
0.00091,5.1e-05,0.0,0.3,0.5108562,390.659
0.00091,5.1e-05,0.0,0.4,0.54220724,394.15106
0.00091,5.1e-05,0.0,0.5,0.54200464,394.48074
0.00091,5.1e-05,0.0,0.6,0.5414846,395.08194
0.00091,5.1e-05,0.0,0.7,0.54120374,395.39417
0.00091,5.1e-05,0.0,0.8,0.5410515,395.56183
0.00091,5.1e-05,0.0,0.9,0.5409677,395.654
0.00091,5.1e-05,0.0,1.0,0.5409218,395.7048
0.00092,3.46e-05,1e-05,0.0,0.5593127,317.15805
0.00092,3.46e-05,1e-05,0.1,0.55265903,391.11148
0.00092,3.46e-05,1e-05,0.2,0.5258093,390.8424
0.00092,3.46e-05,1e-05,0.3,0.5108648,390.66443
0.00092,3.46e-05,1e-05,0.4,0.5422075,394.15085
0.00092,3.46e-05,1e-05,0.5,0.54200435,394.48087
0.00092,3.46e-05,1e-05,0.6,0.5414845,395.082
0.00092,3.46e-05,1e-05,0.7,0.54120386,395.39417
0.00092,3.46e-05,1e-05,0.8,0.5410516,395.56186
0.00092,3.46e-05,1e-05,0.9,0.54096776,395.654
0.00092,3.46e-05,1e-05,1.0,0.5409217,395.70483
0.0009,6.69e-05,1e-05,0.0,0.55930805,317.1469
0.0009,6.69e-05,1e-05,0.1,0.5526403,391.12527
0.0009,6.69e-05,1e-05,0.2,0.5258184,390.83643
0.0009,6.69e-05,1e-05,0.3,0.51086533,390.64825
0.0009,6.69e-05,1e-05,0.4,0.54220724,394.15103
0.0009,6.69e-05,1e-05,0.5,0.54200476,394.48065
0.0009,6.69e-05,1e-05,0.6,0.5414845,395.0819
0.0009,6.69e-05,1e-05,0.7,0.54120374,395.39407
0.0009,6.69e-05,1e-05,0.8,0.5410516,395.56183
0.0009,6.69e-05,1e-05,0.9,0.54096776,395.65393
0.0009,6.69e-05,1e-05,1.0,0.540922,395.7048
0.00091,5.1e-05,1e-05,0.0,0.55931026,317.1524
0.00091,5.1e-05,1e-05,0.1,0.5526493,391.11865
0.00091,5.1e-05,1e-05,0.2,0.52581406,390.83917
0.00091,5.1e-05,1e-05,0.3,0.51086485,390.6563
0.00091,5.1e-05,1e-05,0.4,0.54220724,394.15097
0.00091,5.1e-05,1e-05,0.5,0.5420046,394.48074
0.00091,5.1e-05,1e-05,0.6,0.5414846,395.08194
0.00091,5.1e-05,1e-05,0.7,0.54120386,395.39417
0.00091,5.1e-05,1e-05,0.8,0.5410515,395.56183
0.00091,5.1e-05,1e-05,0.9,0.5409677,395.65396
0.00091,5.1e-05,1e-05,1.0,0.54092187,395.7048
0.00098,0.0,0.0,0.0,0.5593176,317.16925
0.00098,0.0,0.0,0.1,0.5526488,391.11923
0.00098,0.0,0.0,0.2,0.5257993,390.85208
0.00098,0.0,0.0,0.3,0.5108224,390.67966
0.00098,0.0,0.0,0.4,0.5422066,394.1519
0.00098,0.0,0.0,0.5,0.5420043,394.4812
0.00098,0.0,0.0,0.6,0.5414842,395.08224
0.00098,0.0,0.0,0.7,0.5412035,395.3943
0.00098,0.0,0.0,0.8,0.5410512,395.562
0.00098,0.0,0.0,0.9,0.5409677,395.65405
0.00098,0.0,0.0,1.0,0.54092175,395.70496
0.00098,0.0,1e-05,0.0,0.55931723,317.16873
0.00098,0.0,1e-05,0.1,0.55264914,391.1192
0.00098,0.0,1e-05,0.2,0.5258029,390.84897
0.00098,0.0,1e-05,0.3,0.51083064,390.6767
0.00098,0.0,1e-05,0.4,0.5422064,394.1518
0.00098,0.0,1e-05,0.5,0.5420042,394.4812
0.00098,0.0,1e-05,0.6,0.5414841,395.08228
0.00098,0.0,1e-05,0.7,0.5412035,395.3943
0.00098,0.0,1e-05,0.8,0.5410512,395.562
0.00098,0.0,1e-05,0.9,0.5409677,395.65405
0.00098,0.0,1e-05,1.0,0.5409218,395.70496
0.000969,1.48e-05,0.0,0.0,0.5593153,317.16418
0.000969,1.48e-05,0.0,0.1,0.5526416,391.1244
0.000969,1.48e-05,0.0,0.2,0.52580327,390.8494
0.000969,1.48e-05,0.0,0.3,0.5108241,390.67245
0.000969,1.48e-05,0.0,0.4,0.5422064,394.1519
0.000969,1.48e-05,0.0,0.5,0.5420044,394.4811
0.000969,1.48e-05,0.0,0.6,0.5414843,395.08218
0.000969,1.48e-05,0.0,0.7,0.5412037,395.39426
0.000969,1.48e-05,0.0,0.8,0.5410514,395.562
0.000969,1.48e-05,0.0,0.9,0.5409677,395.65405
0.000969,1.48e-05,0.0,1.0,0.5409218,395.70496
0.000985,1.33e-05,0.0,0.0,0.55931556,317.16415
0.000985,1.33e-05,0.0,0.1,0.5526303,391.1326
0.000985,1.33e-05,0.0,0.2,0.52580374,390.84982
0.000985,1.33e-05,0.0,0.3,0.5108109,390.67157
0.000985,1.33e-05,0.0,0.4,0.54220587,394.15228
0.000985,1.33e-05,0.0,0.5,0.5420042,394.4812
0.000985,1.33e-05,0.0,0.6,0.541484,395.0823
0.000985,1.33e-05,0.0,0.7,0.5412036,395.3943
0.000985,1.33e-05,0.0,0.8,0.54105127,395.56204
0.000985,1.33e-05,0.0,0.9,0.5409676,395.65405
0.000985,1.33e-05,0.0,1.0,0.5409218,395.705
0.001,0.0,0.0,0.0,0.55931723,317.16867
0.001,0.0,0.0,0.1,0.552633,391.13092
0.001,0.0,0.0,0.2,0.5258006,390.85233
0.001,0.0,0.0,0.3,0.510805,390.67728
0.001,0.0,0.0,0.4,0.542206,394.15237
0.001,0.0,0.0,0.5,0.542004,394.48135
0.001,0.0,0.0,0.6,0.5414841,395.08237
0.001,0.0,0.0,0.7,0.5412035,395.39435
0.001,0.0,0.0,0.8,0.54105127,395.56207
0.001,0.0,0.0,0.9,0.5409677,395.6541
0.001,0.0,0.0,1.0,0.5409219,395.70505
0.0009,1e-04,1e-05,0.0,0.5593027,317.13483
0.0009,1e-04,1e-05,0.1,0.5526045,391.1515
0.0009,1e-04,1e-05,0.2,0.525828,390.8309
0.0009,1e-04,1e-05,0.3,0.51084816,390.62955
0.0009,1e-04,1e-05,0.4,0.5422066,394.1519
0.0009,1e-04,1e-05,0.5,0.54200464,394.48062
0.0009,1e-04,1e-05,0.6,0.5414845,395.0819
0.0009,1e-04,1e-05,0.7,0.54120374,395.39407
0.0009,1e-04,1e-05,0.8,0.5410515,395.56183
0.0009,1e-04,1e-05,0.9,0.54096776,395.65393
0.0009,1e-04,1e-05,1.0,0.54092187,395.7048
0.00097,1.5e-05,1e-05,0.0,0.5593151,317.16364
0.00097,1.5e-05,1e-05,0.1,0.5526407,391.12518
0.00097,1.5e-05,1e-05,0.2,0.5258067,390.84622
0.00097,1.5e-05,1e-05,0.3,0.5108317,390.66925
0.00097,1.5e-05,1e-05,0.4,0.54220647,394.15182
0.00097,1.5e-05,1e-05,0.5,0.5420044,394.4811
0.00097,1.5e-05,1e-05,0.6,0.54148424,395.08218
0.00097,1.5e-05,1e-05,0.7,0.5412037,395.39426
0.00097,1.5e-05,1e-05,0.8,0.5410513,395.562
0.00097,1.5e-05,1e-05,0.9,0.54096776,395.65405
0.00097,1.5e-05,1e-05,1.0,0.5409218,395.70496
0.001,0.0,1e-05,0.0,0.5593172,317.1682
0.001,0.0,1e-05,0.1,0.55263317,391.13074
0.001,0.0,1e-05,0.2,0.52580404,390.8494
0.001,0.0,1e-05,0.3,0.5108134,390.67435
0.001,0.0,1e-05,0.4,0.5422059,394.15228
0.001,0.0,1e-05,0.5,0.542004,394.48135
0.001,0.0,1e-05,0.6,0.5414841,395.08237
0.001,0.0,1e-05,0.7,0.5412035,395.39435
0.001,0.0,1e-05,0.8,0.54105127,395.56207
0.001,0.0,1e-05,0.9,0.5409677,395.6541
0.001,0.0,1e-05,1.0,0.54092187,395.70505
0.000985,1.33e-05,1e-05,0.0,0.5593153,317.16376
0.000985,1.33e-05,1e-05,0.1,0.5526304,391.13254
0.000985,1.33e-05,1e-05,0.2,0.525807,390.84686
0.000985,1.33e-05,1e-05,0.3,0.5108196,390.6685
0.000985,1.33e-05,1e-05,0.4,0.54220605,394.1522
0.000985,1.33e-05,1e-05,0.5,0.5420042,394.4812
0.000985,1.33e-05,1e-05,0.6,0.54148406,395.0823
0.000985,1.33e-05,1e-05,0.7,0.5412035,395.3943
0.000985,1.33e-05,1e-05,0.8,0.54105127,395.56204
0.000985,1.33e-05,1e-05,0.9,0.5409676,395.65405
0.000985,1.33e-05,1e-05,1.0,0.54092187,395.705
0.001,2e-05,0.0,0.0,0.5593144,317.16132
0.001,2e-05,0.0,0.1,0.55261135,391.14688
0.001,2e-05,0.0,0.2,0.52580667,390.84897
0.001,2e-05,0.0,0.3,0.5107942,390.66602
0.001,2e-05,0.0,0.4,0.54220545,394.1529
0.001,2e-05,0.0,0.5,0.5420039,394.4813
0.001,2e-05,0.0,0.6,0.5414842,395.08237
0.001,2e-05,0.0,0.7,0.5412036,395.39435
0.001,2e-05,0.0,0.8,0.54105127,395.56207
0.001,2e-05,0.0,0.9,0.5409677,395.6541
0.001,2e-05,0.0,1.0,0.54092187,395.70505
0.000919,6.7e-05,0.0,0.0,0.5593078,317.14676
0.000919,6.7e-05,0.0,0.1,0.5526248,391.13657
0.000919,6.7e-05,0.0,0.2,0.5258161,390.8397
0.000919,6.7e-05,0.0,0.3,0.5108403,390.64886
0.000919,6.7e-05,0.0,0.4,0.5422065,394.1518
0.000919,6.7e-05,0.0,0.5,0.54200447,394.48077
0.000919,6.7e-05,0.0,0.6,0.54148453,395.082
0.000919,6.7e-05,0.0,0.7,0.54120386,395.39417
0.000919,6.7e-05,0.0,0.8,0.54105145,395.56186
0.000919,6.7e-05,0.0,0.9,0.5409677,395.654
0.000919,6.7e-05,0.0,1.0,0.5409218,395.70483
0.00094,3.46e-05,0.0,0.0,0.5593125,317.15793
0.00094,3.46e-05,0.0,0.1,0.55264324,391.12323
0.00094,3.46e-05,0.0,0.2,0.52580726,390.84558
0.00094,3.46e-05,0.0,0.3,0.510839,390.6647
0.00094,3.46e-05,0.0,0.4,0.5422069,394.15164
0.00094,3.46e-05,0.0,0.5,0.5420044,394.48096
0.00094,3.46e-05,0.0,0.6,0.5414845,395.08206
0.00094,3.46e-05,0.0,0.7,0.54120356,395.3942
0.00094,3.46e-05,0.0,0.8,0.54105157,395.56195
0.00094,3.46e-05,0.0,0.9,0.54096776,395.65405
0.00094,3.46e-05,0.0,1.0,0.5409218,395.7049
0.000961,3.25e-05,0.0,0.0,0.5593128,317.15805
0.000961,3.25e-05,0.0,0.1,0.5526287,391.13373
0.000961,3.25e-05,0.0,0.2,0.525808,390.84622
0.000961,3.25e-05,0.0,0.3,0.5108218,390.66348
0.000961,3.25e-05,0.0,0.4,0.54220635,394.15213
0.000961,3.25e-05,0.0,0.5,0.54200435,394.48105
0.000961,3.25e-05,0.0,0.6,0.5414843,395.08212
0.000961,3.25e-05,0.0,0.7,0.5412036,395.39423
0.000961,3.25e-05,0.0,0.8,0.5410513,395.562
0.000961,3.25e-05,0.0,0.9,0.54096764,395.65405
0.000961,3.25e-05,0.0,1.0,0.5409217,395.70493
0.000961,3.26e-05,1e-05,0.0,0.5593125,317.15747
0.000961,3.26e-05,1e-05,0.1,0.55262876,391.1338
0.000961,3.26e-05,1e-05,0.2,0.52581143,390.8433
0.000961,3.26e-05,1e-05,0.3,0.51083034,390.66043
0.000961,3.26e-05,1e-05,0.4,0.5422063,394.152
0.000961,3.26e-05,1e-05,0.5,0.54200447,394.48105
0.000961,3.26e-05,1e-05,0.6,0.5414842,395.08212
0.000961,3.26e-05,1e-05,0.7,0.5412037,395.39423
0.000961,3.26e-05,1e-05,0.8,0.5410513,395.562
0.000961,3.26e-05,1e-05,0.9,0.54096764,395.65405
0.000961,3.26e-05,1e-05,1.0,0.5409217,395.70496
0.000941,3.46e-05,1e-05,0.0,0.5593126,317.15738
0.000941,3.46e-05,1e-05,0.1,0.5526426,391.12372
0.000941,3.46e-05,1e-05,0.2,0.5258108,390.84265
0.000941,3.46e-05,1e-05,0.3,0.5108466,390.6617
0.000941,3.46e-05,1e-05,0.4,0.54220676,394.15146
0.000941,3.46e-05,1e-05,0.5,0.54200447,394.48096
0.000941,3.46e-05,1e-05,0.6,0.5414845,395.08206
0.000941,3.46e-05,1e-05,0.7,0.54120356,395.3942
0.000941,3.46e-05,1e-05,0.8,0.54105157,395.56198
0.000941,3.46e-05,1e-05,0.9,0.54096776,395.65405
0.000941,3.46e-05,1e-05,1.0,0.5409218,395.7049
0.000946,4.29e-05,5e-06,0.0,0.55931115,317.15442
0.000946,4.29e-05,5e-06,0.1,0.5526294,391.13318
0.000946,4.29e-05,5e-06,0.2,0.5258119,390.8428
0.000946,4.29e-05,5e-06,0.3,0.51083344,390.6577
0.000946,4.29e-05,5e-06,0.4,0.5422065,394.15186
0.000946,4.29e-05,5e-06,0.5,0.5420046,394.48096
0.000946,4.29e-05,5e-06,0.6,0.5414845,395.08206
0.000946,4.29e-05,5e-06,0.7,0.54120356,395.3942
0.000946,4.29e-05,5e-06,0.8,0.54105157,395.56198
0.000946,4.29e-05,5e-06,0.9,0.5409678,395.65405
0.000946,4.29e-05,5e-06,1.0,0.5409218,395.70493
0.00091,8.32e-05,5e-06,0.0,0.5593053,317.14087
0.00091,8.32e-05,5e-06,0.1,0.5526146,391.14404
0.00091,8.32e-05,5e-06,0.2,0.52582204,390.83545
0.00091,8.32e-05,5e-06,0.3,0.5108439,390.6392
0.00091,8.32e-05,5e-06,0.4,0.54220665,394.1519
0.00091,8.32e-05,5e-06,0.5,0.5420047,394.4807
0.00091,8.32e-05,5e-06,0.6,0.5414845,395.08194
0.00091,8.32e-05,5e-06,0.7,0.54120374,395.3941
0.00091,8.32e-05,5e-06,0.8,0.5410515,395.56186
0.00091,8.32e-05,5e-06,0.9,0.54096776,395.65396
0.00091,8.32e-05,5e-06,1.0,0.5409218,395.7048
0.00092,1e-04,0.0,0.0,0.5593027,317.13467
0.00092,1e-04,0.0,0.1,0.55258834,391.1634
0.00092,1e-04,0.0,0.2,0.52582586,390.83423
0.00092,1e-04,0.0,0.3,0.5108218,390.6302
0.00092,1e-04,0.0,0.4,0.5422059,394.15253
0.00092,1e-04,0.0,0.5,0.5420045,394.48074
0.00092,1e-04,0.0,0.6,0.5414846,395.082
0.00092,1e-04,0.0,0.7,0.54120386,395.39417
0.00092,1e-04,0.0,0.8,0.5410515,395.56186
0.00092,1e-04,0.0,0.9,0.5409677,395.654
0.00092,1e-04,0.0,1.0,0.5409218,395.70483
0.00091,8.27e-05,0.0,0.0,0.55930555,317.1413
0.00091,8.27e-05,0.0,0.1,0.5526149,391.14377
0.00091,8.27e-05,0.0,0.2,0.5258201,390.83698
0.00091,8.27e-05,0.0,0.3,0.5108397,390.64102
0.00091,8.27e-05,0.0,0.4,0.5422065,394.15192
0.00091,8.27e-05,0.0,0.5,0.5420047,394.4807
0.00091,8.27e-05,0.0,0.6,0.5414844,395.08194
0.00091,8.27e-05,0.0,0.7,0.54120374,395.3941
0.00091,8.27e-05,0.0,0.8,0.5410516,395.56186
0.00091,8.27e-05,0.0,0.9,0.5409677,395.654
0.00091,8.27e-05,0.0,1.0,0.5409218,395.7048
0.00091,8.27e-05,1e-05,0.0,0.55930525,317.1408
0.00091,8.27e-05,1e-05,0.1,0.55261517,391.14362
0.00091,8.27e-05,1e-05,0.2,0.5258236,390.83408
0.00091,8.27e-05,1e-05,0.3,0.51084846,390.6382
0.00091,8.27e-05,1e-05,0.4,0.5422065,394.15182
0.00091,8.27e-05,1e-05,0.5,0.5420047,394.4807
0.00091,8.27e-05,1e-05,0.6,0.5414845,395.08194
0.00091,8.27e-05,1e-05,0.7,0.54120374,395.3941
0.00091,8.27e-05,1e-05,0.8,0.5410515,395.56186
0.00091,8.27e-05,1e-05,0.9,0.54096764,395.65396
0.00091,8.27e-05,1e-05,1.0,0.5409218,395.7048
0.000931,5.09e-05,0.0,0.0,0.5593103,317.15222
0.000931,5.09e-05,0.0,0.1,0.5526329,391.1308
0.000931,5.09e-05,0.0,0.2,0.5258117,390.8427
0.000931,5.09e-05,0.0,0.3,0.51083815,390.65662
0.000931,5.09e-05,0.0,0.4,0.54220665,394.1518
0.000931,5.09e-05,0.0,0.5,0.5420043,394.48093
0.000931,5.09e-05,0.0,0.6,0.5414846,395.08203
0.000931,5.09e-05,0.0,0.7,0.54120374,395.3942
0.000931,5.09e-05,0.0,0.8,0.5410515,395.56192
0.000931,5.09e-05,0.0,0.9,0.5409677,395.654
0.000931,5.09e-05,0.0,1.0,0.5409218,395.70483
0.000931,5.09e-05,1e-05,0.0,0.55930996,317.15173
0.000931,5.09e-05,1e-05,0.1,0.5526333,391.13068
0.000931,5.09e-05,1e-05,0.2,0.5258151,390.8396
0.000931,5.09e-05,1e-05,0.3,0.51084673,390.65366
0.000931,5.09e-05,1e-05,0.4,0.54220665,394.15164
0.000931,5.09e-05,1e-05,0.5,0.54200435,394.48093
0.000931,5.09e-05,1e-05,0.6,0.5414846,395.08203
0.000931,5.09e-05,1e-05,0.7,0.5412037,395.3942
0.000931,5.09e-05,1e-05,0.8,0.54105157,395.56192
0.000931,5.09e-05,1e-05,0.9,0.5409677,395.654
0.000931,5.09e-05,1e-05,1.0,0.5409218,395.70486
0.00092,6.73e-05,1e-05,0.0,0.5593076,317.14612
0.00092,6.73e-05,1e-05,0.1,0.55262387,391.1373
0.00092,6.73e-05,1e-05,0.2,0.5258194,390.8368
0.00092,6.73e-05,1e-05,0.3,0.5108477,390.6457
0.00092,6.73e-05,1e-05,0.4,0.54220676,394.1517
0.00092,6.73e-05,1e-05,0.5,0.54200447,394.48077
0.00092,6.73e-05,1e-05,0.6,0.54148465,395.082
0.00092,6.73e-05,1e-05,0.7,0.54120386,395.39417
0.00092,6.73e-05,1e-05,0.8,0.54105157,395.56186
0.00092,6.73e-05,1e-05,0.9,0.5409677,395.654
0.00092,6.73e-05,1e-05,1.0,0.5409217,395.70483
0.000982,3.11e-05,0.0,0.0,0.55931276,317.15784
0.000982,3.11e-05,0.0,0.1,0.5526136,391.1449
0.000982,3.11e-05,0.0,0.2,0.52580905,390.8468
0.000982,3.11e-05,0.0,0.3,0.5108044,390.66165
0.000982,3.11e-05,0.0,0.4,0.5422057,394.1526
0.000982,3.11e-05,0.0,0.5,0.5420041,394.48114
0.000982,3.11e-05,0.0,0.6,0.54148424,395.08228
0.000982,3.11e-05,0.0,0.7,0.5412036,395.3943
0.000982,3.11e-05,0.0,0.8,0.54105127,395.56204
0.000982,3.11e-05,0.0,0.9,0.5409676,395.65405
0.000982,3.11e-05,0.0,1.0,0.5409218,395.705
0.001,2e-05,1e-05,0.0,0.55931425,317.1608
0.001,2e-05,1e-05,0.1,0.5526115,391.14667
0.001,2e-05,1e-05,0.2,0.5258102,390.84573
0.001,2e-05,1e-05,0.3,0.51080304,390.663
0.001,2e-05,1e-05,0.4,0.5422057,394.15283
0.001,2e-05,1e-05,0.5,0.5420039,394.4813
0.001,2e-05,1e-05,0.6,0.54148424,395.08237
0.001,2e-05,1e-05,0.7,0.5412036,395.39435
0.001,2e-05,1e-05,0.8,0.54105127,395.56207
0.001,2e-05,1e-05,0.9,0.5409677,395.6541
0.001,2e-05,1e-05,1.0,0.54092187,395.70505
0.000929,8.31e-05,0.0,0.0,0.55930555,317.14053
0.000929,8.31e-05,0.0,0.1,0.55259943,391.1552
0.000929,8.31e-05,0.0,0.2,0.5258214,390.83716
0.000929,8.31e-05,0.0,0.3,0.510823,390.63855
0.000929,8.31e-05,0.0,0.4,0.5422061,394.15237
0.000929,8.31e-05,0.0,0.5,0.5420045,394.48083
0.000929,8.31e-05,0.0,0.6,0.5414846,395.08203
0.000929,8.31e-05,0.0,0.7,0.54120374,395.3942
0.000929,8.31e-05,0.0,0.8,0.54105157,395.56192
0.000929,8.31e-05,0.0,0.9,0.5409677,395.65402
0.000929,8.31e-05,0.0,1.0,0.5409218,395.70483
0.00092,1e-04,1e-05,0.0,0.55930257,317.13428
0.00092,1e-04,1e-05,0.1,0.55258864,391.1633
0.00092,1e-04,1e-05,0.2,0.5258293,390.8311
0.00092,1e-04,1e-05,0.3,0.5108304,390.62723
0.00092,1e-04,1e-05,0.4,0.5422061,394.1524
0.00092,1e-04,1e-05,0.5,0.54200464,394.48074
0.00092,1e-04,1e-05,0.6,0.5414846,395.082
0.00092,1e-04,1e-05,0.7,0.54120374,395.39417
0.00092,1e-04,1e-05,0.8,0.5410515,395.56186
0.00092,1e-04,1e-05,0.9,0.5409677,395.654
0.00092,1e-04,1e-05,1.0,0.5409218,395.70483
0.00094,1e-04,0.0,0.0,0.5593027,317.13416
0.00094,1e-04,0.0,0.1,0.5525725,391.17505
0.00094,1e-04,0.0,0.2,0.5258273,390.83453
0.00094,1e-04,0.0,0.3,0.5108044,390.62808
0.00094,1e-04,0.0,0.4,0.54220545,394.15326
0.00094,1e-04,0.0,0.5,0.54200447,394.48087
0.00094,1e-04,0.0,0.6,0.5414846,395.08206
0.00094,1e-04,0.0,0.7,0.54120356,395.3942
0.00094,1e-04,0.0,0.8,0.5410515,395.56198
0.00094,1e-04,0.0,0.9,0.5409678,395.65405
0.00094,1e-04,0.0,1.0,0.5409218,395.70493
0.000982,3.12e-05,1e-05,0.0,0.5593126,317.15732
0.000982,3.12e-05,1e-05,0.1,0.5526136,391.14493
0.000982,3.12e-05,1e-05,0.2,0.5258124,390.84372
0.000982,3.12e-05,1e-05,0.3,0.51081264,390.6587
0.000982,3.12e-05,1e-05,0.4,0.5422058,394.15253
0.000982,3.12e-05,1e-05,0.5,0.5420041,394.48114
0.000982,3.12e-05,1e-05,0.6,0.54148424,395.08228
0.000982,3.12e-05,1e-05,0.7,0.5412036,395.3943
0.000982,3.12e-05,1e-05,0.8,0.54105127,395.56204
0.000982,3.12e-05,1e-05,0.9,0.5409676,395.65405
0.000982,3.12e-05,1e-05,1.0,0.5409218,395.705
0.001,3.99e-05,0.0,0.0,0.5593111,317.15408
0.001,3.99e-05,0.0,0.1,0.5525898,391.16272
0.001,3.99e-05,0.0,0.2,0.5258126,390.84558
0.001,3.99e-05,0.0,0.3,0.5107837,390.655
0.001,3.99e-05,0.0,0.4,0.542205,394.15353
0.001,3.99e-05,0.0,0.5,0.5420041,394.48126
0.001,3.99e-05,0.0,0.6,0.5414842,395.08234
0.001,3.99e-05,0.0,0.7,0.5412036,395.39435
0.001,3.99e-05,0.0,0.8,0.5410512,395.56207
0.001,3.99e-05,0.0,0.9,0.5409676,395.6541
0.001,3.99e-05,0.0,1.0,0.54092187,395.70505
0.00097,4.56e-05,0.0,0.0,0.5593106,317.153
0.00097,4.56e-05,0.0,0.1,0.5526074,391.14954
0.00097,4.56e-05,0.0,0.2,0.5258125,390.8441
0.00097,4.56e-05,0.0,0.3,0.5108071,390.65494
0.00097,4.56e-05,0.0,0.4,0.5422059,394.1526
0.00097,4.56e-05,0.0,0.5,0.54200435,394.48108
0.00097,4.56e-05,0.0,0.6,0.54148424,395.08215
0.00097,4.56e-05,0.0,0.7,0.5412037,395.39426
0.00097,4.56e-05,0.0,0.8,0.5410513,395.562
0.00097,4.56e-05,0.0,0.9,0.54096776,395.65405
0.00097,4.56e-05,0.0,1.0,0.5409218,395.70496
0.00097,4.55e-05,1e-05,0.0,0.5593107,317.1525
0.00097,4.55e-05,1e-05,0.1,0.55260795,391.14932
0.00097,4.55e-05,1e-05,0.2,0.52581584,390.84125
0.00097,4.55e-05,1e-05,0.3,0.51081574,390.65216
0.00097,4.55e-05,1e-05,0.4,0.5422059,394.15253
0.00097,4.55e-05,1e-05,0.5,0.54200435,394.48108
0.00097,4.55e-05,1e-05,0.6,0.54148424,395.08215
0.00097,4.55e-05,1e-05,0.7,0.54120374,395.39426
0.00097,4.55e-05,1e-05,0.8,0.5410513,395.562
0.00097,4.55e-05,1e-05,0.9,0.5409677,395.65405
0.00097,4.55e-05,1e-05,1.0,0.5409218,395.70496
0.000939,6.68e-05,0.0,0.0,0.5593077,317.14618
0.000939,6.68e-05,0.0,0.1,0.552609,391.14813
0.000939,6.68e-05,0.0,0.2,0.5258172,390.83997
0.000939,6.68e-05,0.0,0.3,0.5108228,390.64673
0.000939,6.68e-05,0.0,0.4,0.5422061,394.1523
0.000939,6.68e-05,0.0,0.5,0.54200435,394.48093
0.000939,6.68e-05,0.0,0.6,0.5414845,395.08206
0.000939,6.68e-05,0.0,0.7,0.5412037,395.3942
0.000939,6.68e-05,0.0,0.8,0.5410515,395.56195
0.000939,6.68e-05,0.0,0.9,0.5409678,395.65405
0.000939,6.68e-05,0.0,1.0,0.5409218,395.7049
0.000952,5.11e-05,0.0,0.0,0.55931,317.1515
0.000952,5.11e-05,0.0,0.1,0.5526157,391.14334
0.000952,5.11e-05,0.0,0.2,0.5258132,390.8428
0.000952,5.11e-05,0.0,0.3,0.5108196,390.65402
0.000952,5.11e-05,0.0,0.4,0.54220617,394.15222
0.000952,5.11e-05,0.0,0.5,0.5420046,394.48096
0.000952,5.11e-05,0.0,0.6,0.54148436,395.0821
0.000952,5.11e-05,0.0,0.7,0.5412037,395.3942
0.000952,5.11e-05,0.0,0.8,0.5410515,395.56198
0.000952,5.11e-05,0.0,0.9,0.54096776,395.65405
0.000952,5.11e-05,0.0,1.0,0.5409218,395.70493
0.000952,5.12e-05,1e-05,0.0,0.5593097,317.1509
0.000952,5.12e-05,1e-05,0.1,0.552616,391.14325
0.000952,5.12e-05,1e-05,0.2,0.5258167,390.83987
0.000952,5.12e-05,1e-05,0.3,0.5108283,390.65106
0.000952,5.12e-05,1e-05,0.4,0.54220617,394.1522
0.000952,5.12e-05,1e-05,0.5,0.5420046,394.48096
0.000952,5.12e-05,1e-05,0.6,0.54148436,395.0821
0.000952,5.12e-05,1e-05,0.7,0.5412037,395.3942
0.000952,5.12e-05,1e-05,0.8,0.54105157,395.56198
0.000952,5.12e-05,1e-05,0.9,0.54096776,395.65405
0.000952,5.12e-05,1e-05,1.0,0.5409218,395.70493
0.000929,8.27e-05,1e-05,0.0,0.5593051,317.1402
0.000929,8.27e-05,1e-05,0.1,0.5526003,391.15475
0.000929,8.27e-05,1e-05,0.2,0.52582467,390.83426
0.000929,8.27e-05,1e-05,0.3,0.51083165,390.6359
0.000929,8.27e-05,1e-05,0.4,0.5422061,394.1523
0.000929,8.27e-05,1e-05,0.5,0.54200447,394.48083
0.000929,8.27e-05,1e-05,0.6,0.5414846,395.08203
0.000929,8.27e-05,1e-05,0.7,0.54120374,395.3942
0.000929,8.27e-05,1e-05,0.8,0.54105157,395.56192
0.000929,8.27e-05,1e-05,0.9,0.54096764,395.65402
0.000929,8.27e-05,1e-05,1.0,0.5409217,395.70483
0.000939,6.69e-05,1e-05,0.0,0.5593076,317.14563
0.000939,6.69e-05,1e-05,0.1,0.5526092,391.1481
0.000939,6.69e-05,1e-05,0.2,0.5258206,390.83707
0.000939,6.69e-05,1e-05,0.3,0.51083136,390.6437
0.000939,6.69e-05,1e-05,0.4,0.54220635,394.15222
0.000939,6.69e-05,1e-05,0.5,0.5420043,394.48093
0.000939,6.69e-05,1e-05,0.6,0.5414845,395.08206
0.000939,6.69e-05,1e-05,0.7,0.5412037,395.3942
0.000939,6.69e-05,1e-05,0.8,0.5410515,395.56198
0.000939,6.69e-05,1e-05,0.9,0.5409678,395.65405
0.000939,6.69e-05,1e-05,1.0,0.5409218,395.7049
0.000985,5.12e-05,0.0,0.0,0.5593096,317.1504
0.000985,5.12e-05,0.0,0.1,0.5525894,391.1629
0.000985,5.12e-05,0.0,0.2,0.525815,390.84348
0.000985,5.12e-05,0.0,0.3,0.5107908,390.65015
0.000985,5.12e-05,0.0,0.4,0.54220533,394.15332
0.000985,5.12e-05,0.0,0.5,0.54200405,394.4811
0.000985,5.12e-05,0.0,0.6,0.5414841,395.08228
0.000985,5.12e-05,0.0,0.7,0.5412036,395.3943
0.000985,5.12e-05,0.0,0.8,0.54105127,395.56204
0.000985,5.12e-05,0.0,0.9,0.54096746,395.65408
0.000985,5.12e-05,0.0,1.0,0.5409218,395.705
0.001,4e-05,1e-05,0.0,0.5593113,317.1535
0.001,4e-05,1e-05,0.1,0.5525899,391.16266
0.001,4e-05,1e-05,0.2,0.52581614,390.8426
0.001,4e-05,1e-05,0.3,0.5107922,390.65192
0.001,4e-05,1e-05,0.4,0.5422052,394.15335
0.001,4e-05,1e-05,0.5,0.5420041,394.48123
0.001,4e-05,1e-05,0.6,0.5414841,395.0823
0.001,4e-05,1e-05,0.7,0.5412036,395.39435
0.001,4e-05,1e-05,0.8,0.54105127,395.56207
0.001,4e-05,1e-05,0.9,0.5409676,395.6541
0.001,4e-05,1e-05,1.0,0.5409218,395.70505
0.000947,8.46e-05,5.22e-06,0.0,0.55930495,317.13907
0.000947,8.46e-05,5.22e-06,0.1,0.5525838,391.16696
0.000947,8.46e-05,5.22e-06,0.2,0.5258248,390.83548
0.000947,8.46e-05,5.22e-06,0.3,0.51081073,390.63446
0.000947,8.46e-05,5.22e-06,0.4,0.5422056,394.15298
0.000947,8.46e-05,5.22e-06,0.5,0.5420043,394.48093
0.000947,8.46e-05,5.22e-06,0.6,0.5414846,395.08206
0.000947,8.46e-05,5.22e-06,0.7,0.5412036,395.3942
0.000947,8.46e-05,5.22e-06,0.8,0.5410516,395.56198
0.000947,8.46e-05,5.22e-06,0.9,0.5409677,395.65405
0.000947,8.46e-05,5.22e-06,1.0,0.5409218,395.70493
0.000949,8.32e-05,0.0,0.0,0.5593051,317.13983
0.000949,8.32e-05,0.0,0.1,0.55258346,391.16702
0.000949,8.32e-05,0.0,0.2,0.52582264,390.83746
0.000949,8.32e-05,0.0,0.3,0.51080555,390.6365
0.000949,8.32e-05,0.0,0.4,0.5422057,394.15308
0.000949,8.32e-05,0.0,0.5,0.5420044,394.48093
0.000949,8.32e-05,0.0,0.6,0.5414845,395.08206
0.000949,8.32e-05,0.0,0.7,0.54120356,395.3942
0.000949,8.32e-05,0.0,0.8,0.5410515,395.56198
0.000949,8.32e-05,0.0,0.9,0.54096776,395.65405
0.000949,8.32e-05,0.0,1.0,0.5409218,395.70493
0.00094,1e-04,1e-05,0.0,0.55930233,317.13367
0.00094,1e-04,1e-05,0.1,0.5525728,391.175
0.00094,1e-04,1e-05,0.2,0.5258305,390.83148
0.00094,1e-04,1e-05,0.3,0.51081294,390.62506
0.00094,1e-04,1e-05,0.4,0.5422056,394.1531
0.00094,1e-04,1e-05,0.5,0.5420044,394.48083
0.00094,1e-04,1e-05,0.6,0.5414846,395.08206
0.00094,1e-04,1e-05,0.7,0.5412035,395.3942
0.00094,1e-04,1e-05,0.8,0.5410515,395.56198
0.00094,1e-04,1e-05,0.9,0.5409678,395.65405
0.00094,1e-04,1e-05,1.0,0.5409218,395.70493
0.00096,1e-04,0.0,0.0,0.5593024,317.1335
0.00096,1e-04,0.0,0.1,0.55255634,391.18704
0.00096,1e-04,0.0,0.2,0.5258285,390.83484
0.00096,1e-04,0.0,0.3,0.5107864,390.62622
0.00096,1e-04,0.0,0.4,0.542205,394.1538
0.00096,1e-04,0.0,0.5,0.54200447,394.48096
0.00096,1e-04,0.0,0.6,0.54148424,395.0821
0.00096,1e-04,0.0,0.7,0.5412036,395.39423
0.00096,1e-04,0.0,0.8,0.54105127,395.562
0.00096,1e-04,0.0,0.9,0.5409677,395.65405
0.00096,1e-04,0.0,1.0,0.5409218,395.70496
0.000986,5.12e-05,1e-05,0.0,0.5593095,317.14993
0.000986,5.12e-05,1e-05,0.1,0.55258894,391.1633
0.000986,5.12e-05,1e-05,0.2,0.5258186,390.84045
0.000986,5.12e-05,1e-05,0.3,0.5107986,390.64725
0.000986,5.12e-05,1e-05,0.4,0.54220545,394.15323
0.000986,5.12e-05,1e-05,0.5,0.5420041,394.48114
0.000986,5.12e-05,1e-05,0.6,0.5414841,395.08228
0.000986,5.12e-05,1e-05,0.7,0.5412035,395.3943
0.000986,5.12e-05,1e-05,0.8,0.54105127,395.56204
0.000986,5.12e-05,1e-05,0.9,0.5409676,395.65408
0.000986,5.12e-05,1e-05,1.0,0.5409218,395.705
0.001,5.99e-05,0.0,0.0,0.5593082,317.14682
0.001,5.99e-05,0.0,0.1,0.5525679,391.17868
0.001,5.99e-05,0.0,0.2,0.5258185,390.84216
0.001,5.99e-05,0.0,0.3,0.5107728,390.64398
0.001,5.99e-05,0.0,0.4,0.54220474,394.15402
0.001,5.99e-05,0.0,0.5,0.54200417,394.4812
0.001,5.99e-05,0.0,0.6,0.5414841,395.0823
0.001,5.99e-05,0.0,0.7,0.5412036,395.39435
0.001,5.99e-05,0.0,0.8,0.5410513,395.56213
0.001,5.99e-05,0.0,0.9,0.5409676,395.6541
0.001,5.99e-05,0.0,1.0,0.5409218,395.70505
0.000985,6.06e-05,5e-06,0.0,0.55930793,317.14676
0.000985,6.06e-05,5e-06,0.1,0.5525793,391.17023
0.000985,6.06e-05,5e-06,0.2,0.5258196,390.84024
0.000985,6.06e-05,5e-06,0.3,0.5107902,390.64365
0.000985,6.06e-05,5e-06,0.4,0.5422052,394.15353
0.000985,6.06e-05,5e-06,0.5,0.54200435,394.4811
0.000985,6.06e-05,5e-06,0.6,0.5414843,395.08228
0.000985,6.06e-05,5e-06,0.7,0.5412036,395.3943
0.000985,6.06e-05,5e-06,0.8,0.54105127,395.56204
0.000985,6.06e-05,5e-06,0.9,0.5409676,395.65405
0.000985,6.06e-05,5e-06,1.0,0.5409218,395.705
0.000969,6.1e-05,1e-05,0.0,0.55930805,317.1469
0.000969,6.1e-05,1e-05,0.1,0.5525919,391.16098
0.000969,6.1e-05,1e-05,0.2,0.5258206,390.83853
0.000969,6.1e-05,1e-05,0.3,0.51080817,390.64368
0.000969,6.1e-05,1e-05,0.4,0.5422057,394.15292
0.000969,6.1e-05,1e-05,0.5,0.54200435,394.48105
0.000969,6.1e-05,1e-05,0.6,0.5414841,395.08215
0.000969,6.1e-05,1e-05,0.7,0.54120374,395.39426
0.000969,6.1e-05,1e-05,0.8,0.5410513,395.562
0.000969,6.1e-05,1e-05,0.9,0.5409678,395.65405
0.000969,6.1e-05,1e-05,1.0,0.5409218,395.70496
0.00097,6.1e-05,0.0,0.0,0.5593083,317.14734
0.00097,6.1e-05,0.0,0.1,0.5525907,391.16187
0.00097,6.1e-05,0.0,0.2,0.525817,390.84158
0.00097,6.1e-05,0.0,0.3,0.5107986,390.6465
0.00097,6.1e-05,0.0,0.4,0.54220575,394.15317
0.00097,6.1e-05,0.0,0.5,0.54200435,394.48105
0.00097,6.1e-05,0.0,0.6,0.5414842,395.08215
0.00097,6.1e-05,0.0,0.7,0.54120374,395.39426
0.00097,6.1e-05,0.0,0.8,0.5410514,395.562
0.00097,6.1e-05,0.0,0.9,0.5409679,395.65405
0.00097,6.1e-05,0.0,1.0,0.5409218,395.70496
0.000956,6.85e-05,0.0,0.0,0.55930734,317.1451
0.000956,6.85e-05,0.0,0.1,0.55259407,391.1593
0.000956,6.85e-05,0.0,0.2,0.52581877,390.8401
0.000956,6.85e-05,0.0,0.3,0.5108072,390.64374
0.000956,6.85e-05,0.0,0.4,0.5422058,394.15286
0.000956,6.85e-05,0.0,0.5,0.5420045,394.48096
0.000956,6.85e-05,0.0,0.6,0.54148424,395.0821
0.000956,6.85e-05,0.0,0.7,0.5412037,395.3942
0.000956,6.85e-05,0.0,0.8,0.5410513,395.562
0.000956,6.85e-05,0.0,0.9,0.5409676,395.65405
0.000956,6.85e-05,0.0,1.0,0.5409217,395.70493
0.000955,6.85e-05,1e-05,0.0,0.559307,317.1447
0.000955,6.85e-05,1e-05,0.1,0.5525949,391.15875
0.000955,6.85e-05,1e-05,0.2,0.52582216,390.83688
0.000955,6.85e-05,1e-05,0.3,0.5108166,390.64102
0.000955,6.85e-05,1e-05,0.4,0.54220587,394.15265
0.000955,6.85e-05,1e-05,0.5,0.5420045,394.48096
0.000955,6.85e-05,1e-05,0.6,0.5414843,395.0821
0.000955,6.85e-05,1e-05,0.7,0.5412037,395.3942
0.000955,6.85e-05,1e-05,0.8,0.5410514,395.562
0.000955,6.85e-05,1e-05,0.9,0.54096764,395.65405
0.000955,6.85e-05,1e-05,1.0,0.5409218,395.70493
0.000949,8.32e-05,1e-05,0.0,0.5593049,317.13937
0.000949,8.32e-05,1e-05,0.1,0.5525836,391.1669
0.000949,8.32e-05,1e-05,0.2,0.52582633,390.8345
0.000949,8.32e-05,1e-05,0.3,0.51081395,390.63348
0.000949,8.32e-05,1e-05,0.4,0.5422057,394.1529
0.000949,8.32e-05,1e-05,0.5,0.5420044,394.48093
0.000949,8.32e-05,1e-05,0.6,0.5414845,395.08206
0.000949,8.32e-05,1e-05,0.7,0.5412036,395.3942
0.000949,8.32e-05,1e-05,0.8,0.54105157,395.56198
0.000949,8.32e-05,1e-05,0.9,0.54096776,395.65405
0.000949,8.32e-05,1e-05,1.0,0.5409218,395.70493
0.000969,8.21e-05,0.0,0.0,0.5593051,317.13968
0.000969,8.21e-05,0.0,0.1,0.55256873,391.17807
0.000969,8.21e-05,0.0,0.2,0.52582335,390.8379
0.000969,8.21e-05,0.0,0.3,0.5107882,390.6351
0.000969,8.21e-05,0.0,0.4,0.542205,394.1537
0.000969,8.21e-05,0.0,0.5,0.54200435,394.48105
0.000969,8.21e-05,0.0,0.6,0.54148424,395.08212
0.000969,8.21e-05,0.0,0.7,0.54120374,395.39426
0.000969,8.21e-05,0.0,0.8,0.5410513,395.562
0.000969,8.21e-05,0.0,0.9,0.5409678,395.65405
0.000969,8.21e-05,0.0,1.0,0.5409218,395.70496
0.000985,6.99e-05,0.0,0.0,0.55930674,317.14362
0.000985,6.99e-05,0.0,0.1,0.55256915,391.1777
0.000985,6.99e-05,0.0,0.2,0.5258206,390.8402
0.000985,6.99e-05,0.0,0.3,0.51078093,390.64008
0.000985,6.99e-05,0.0,0.4,0.542205,394.15378
0.000985,6.99e-05,0.0,0.5,0.5420044,394.4811
0.000985,6.99e-05,0.0,0.6,0.5414843,395.08224
0.000985,6.99e-05,0.0,0.7,0.5412036,395.3943
0.000985,6.99e-05,0.0,0.8,0.54105127,395.56204
0.000985,6.99e-05,0.0,0.9,0.5409676,395.65408
0.000985,6.99e-05,0.0,1.0,0.54092187,395.705
0.001,6e-05,1e-05,0.0,0.55930793,317.14624
0.001,6e-05,1e-05,0.1,0.5525682,391.17862
0.001,6e-05,1e-05,0.2,0.5258222,390.8391
0.001,6e-05,1e-05,0.3,0.5107815,390.64096
0.001,6e-05,1e-05,0.4,0.54220486,394.15384
0.001,6e-05,1e-05,0.5,0.5420042,394.48123
0.001,6e-05,1e-05,0.6,0.5414842,395.0823
0.001,6e-05,1e-05,0.7,0.5412036,395.39435
0.001,6e-05,1e-05,0.8,0.5410513,395.56213
0.001,6e-05,1e-05,0.9,0.5409676,395.6541
0.001,6e-05,1e-05,1.0,0.5409218,395.70505
0.00096,1e-04,1e-05,0.0,0.5593021,317.13293
0.00096,1e-04,1e-05,0.1,0.55255675,391.18692
0.00096,1e-04,1e-05,0.2,0.5258317,390.83194
0.00096,1e-04,1e-05,0.3,0.51079535,390.6231
0.00096,1e-04,1e-05,0.4,0.5422051,394.1537
0.00096,1e-04,1e-05,0.5,0.54200447,394.48096
0.00096,1e-04,1e-05,0.6,0.54148424,395.0821
0.00096,1e-04,1e-05,0.7,0.5412037,395.39423
0.00096,1e-04,1e-05,0.8,0.5410513,395.562
0.00096,1e-04,1e-05,0.9,0.54096764,395.65405
0.00096,1e-04,1e-05,1.0,0.5409218,395.70496
0.00098,1e-04,0.0,0.0,0.55930215,317.13278
0.00098,1e-04,0.0,0.1,0.5525404,391.19867
0.00098,1e-04,0.0,0.2,0.52582955,390.83514
0.00098,1e-04,0.0,0.3,0.5107689,390.6243
0.00098,1e-04,0.0,0.4,0.5422045,394.15433
0.00098,1e-04,0.0,0.5,0.54200435,394.48105
0.00098,1e-04,0.0,0.6,0.5414842,395.08218
0.00098,1e-04,0.0,0.7,0.5412036,395.3943
0.00098,1e-04,0.0,0.8,0.54105127,395.56204
0.00098,1e-04,0.0,0.9,0.5409676,395.65408
0.00098,1e-04,0.0,1.0,0.5409219,395.70502
0.001,8e-05,0.0,0.0,0.5593052,317.13947
0.001,8e-05,0.0,0.1,0.55254626,391.19464
0.001,8e-05,0.0,0.2,0.5258248,390.83878
0.001,8e-05,0.0,0.3,0.5107619,390.63315
0.001,8e-05,0.0,0.4,0.5422042,394.15442
0.001,8e-05,0.0,0.5,0.5420042,394.48117
0.001,8e-05,0.0,0.6,0.54148406,395.0823
0.001,8e-05,0.0,0.7,0.5412036,395.39435
0.001,8e-05,0.0,0.8,0.5410512,395.56213
0.001,8e-05,0.0,0.9,0.5409676,395.6541
0.001,8e-05,0.0,1.0,0.5409218,395.70505
0.000985,7e-05,1e-05,0.0,0.5593065,317.1431
0.000985,7e-05,1e-05,0.1,0.5525693,391.17767
0.000985,7e-05,1e-05,0.2,0.5258244,390.8372
0.000985,7e-05,1e-05,0.3,0.51078933,390.63705
0.000985,7e-05,1e-05,0.4,0.542205,394.1537
0.000985,7e-05,1e-05,0.5,0.54200435,394.4811
0.000985,7e-05,1e-05,0.6,0.5414843,395.08224
0.000985,7e-05,1e-05,0.7,0.5412036,395.3943
0.000985,7e-05,1e-05,0.8,0.54105127,395.56204
0.000985,7e-05,1e-05,0.9,0.5409676,395.65408
0.000985,7e-05,1e-05,1.0,0.54092187,395.70502
0.00097,8.26e-05,1e-05,0.0,0.5593047,317.13885
0.00097,8.26e-05,1e-05,0.1,0.5525676,391.17886
0.00097,8.26e-05,1e-05,0.2,0.52582717,390.835
0.00097,8.26e-05,1e-05,0.3,0.51079565,390.63162
0.00097,8.26e-05,1e-05,0.4,0.5422051,394.1536
0.00097,8.26e-05,1e-05,0.5,0.54200435,394.48105
0.00097,8.26e-05,1e-05,0.6,0.54148424,395.08212
0.00097,8.26e-05,1e-05,0.7,0.5412037,395.39426
0.00097,8.26e-05,1e-05,0.8,0.5410513,395.562
0.00097,8.26e-05,1e-05,0.9,0.5409677,395.65405
0.00097,8.26e-05,1e-05,1.0,0.5409218,395.70496
0.000987,8.62e-05,0.0,0.0,0.5593043,317.13757
0.000987,8.62e-05,0.0,0.1,0.55254984,391.1919
0.000987,8.62e-05,0.0,0.2,0.5258257,390.83762
0.000987,8.62e-05,0.0,0.3,0.5107702,390.63104
0.000987,8.62e-05,0.0,0.4,0.54220474,394.15424
0.000987,8.62e-05,0.0,0.5,0.54200435,394.4811
0.000987,8.62e-05,0.0,0.6,0.5414843,395.08224
0.000987,8.62e-05,0.0,0.7,0.5412036,395.3943
0.000987,8.62e-05,0.0,0.8,0.54105127,395.56204
0.000987,8.62e-05,0.0,0.9,0.5409676,395.6541
0.000987,8.62e-05,0.0,1.0,0.54092187,395.70505
0.001,8e-05,1e-05,0.0,0.55930483,317.13892
0.001,8e-05,1e-05,0.1,0.55254626,391.1945
0.001,8e-05,1e-05,0.2,0.52582824,390.83588
0.001,8e-05,1e-05,0.3,0.5107708,390.63013
0.001,8e-05,1e-05,0.4,0.5422045,394.1543
0.001,8e-05,1e-05,0.5,0.54200417,394.48117
0.001,8e-05,1e-05,0.6,0.54148406,395.0823
0.001,8e-05,1e-05,0.7,0.5412036,395.39435
0.001,8e-05,1e-05,0.8,0.54105127,395.5621
0.001,8e-05,1e-05,0.9,0.5409676,395.6541
0.001,8e-05,1e-05,1.0,0.5409218,395.70505
0.00098,1e-04,1e-05,0.0,0.5593021,317.13223
0.00098,1e-04,1e-05,0.1,0.55254054,391.1986
0.00098,1e-04,1e-05,0.2,0.525833,390.83224
0.00098,1e-04,1e-05,0.3,0.51077765,390.62125
0.00098,1e-04,1e-05,0.4,0.5422045,394.15427
0.00098,1e-04,1e-05,0.5,0.54200435,394.48105
0.00098,1e-04,1e-05,0.6,0.54148424,395.08218
0.00098,1e-04,1e-05,0.7,0.5412036,395.3943
0.00098,1e-04,1e-05,0.8,0.5410512,395.56204
0.00098,1e-04,1e-05,0.9,0.54096746,395.65408
0.00098,1e-04,1e-05,1.0,0.5409218,395.705
0.001,1e-04,0.0,0.0,0.5593021,317.1321
0.001,1e-04,0.0,0.1,0.55252457,391.21063
0.001,1e-04,0.0,0.2,0.52583086,390.83545
0.001,1e-04,0.0,0.3,0.5107511,390.62247
0.001,1e-04,0.0,0.4,0.5422039,394.1549
0.001,1e-04,0.0,0.5,0.54200417,394.48114
0.001,1e-04,0.0,0.6,0.5414841,395.0823
0.001,1e-04,0.0,0.7,0.54120374,395.39435
0.001,1e-04,0.0,0.8,0.54105127,395.56213
0.001,1e-04,0.0,0.9,0.5409676,395.6541
0.001,1e-04,0.0,1.0,0.5409217,395.70505
0.000987,8.62e-05,1e-05,0.0,0.5593041,317.1371
0.000987,8.62e-05,1e-05,0.1,0.5525502,391.1918
0.000987,8.62e-05,1e-05,0.2,0.5258294,390.83463
0.000987,8.62e-05,1e-05,0.3,0.5107785,390.62802
0.000987,8.62e-05,1e-05,0.4,0.5422046,394.15414
0.000987,8.62e-05,1e-05,0.5,0.5420042,394.4811
0.000987,8.62e-05,1e-05,0.6,0.5414843,395.08224
0.000987,8.62e-05,1e-05,0.7,0.5412036,395.3943
0.000987,8.62e-05,1e-05,0.8,0.54105127,395.56204
0.000987,8.62e-05,1e-05,0.9,0.5409676,395.6541
0.000987,8.62e-05,1e-05,1.0,0.54092187,395.70505
0.001,1e-04,1e-05,0.0,0.5593018,317.13165
0.001,1e-04,1e-05,0.1,0.5525247,391.21048
0.001,1e-04,1e-05,0.2,0.52583396,390.83255
0.001,1e-04,1e-05,0.3,0.51075983,390.61942
0.001,1e-04,1e-05,0.4,0.54220414,394.1548
0.001,1e-04,1e-05,0.5,0.5420042,394.48114
0.001,1e-04,1e-05,0.6,0.54148406,395.0823
0.001,1e-04,1e-05,0.7,0.5412036,395.39435
0.001,1e-04,1e-05,0.8,0.5410513,395.56213
0.001,1e-04,1e-05,0.9,0.5409676,395.6541
0.001,1e-04,1e-05,1.0,0.54092175,395.70505
