X,Y,Z,t,V,T
0.0,2e-05,1e-05,0.0,1.0,317.0894358
0.0,2e-05,1e-05,0.1,1.0,390.0173813
0.0,2e-05,1e-05,0.2,1.0,390.0173813
0.0,2e-05,1e-05,0.3,1.0,390.0173813
0.0,2e-05,1e-05,0.4,1.0,390.0173813
0.0,2e-05,1e-05,0.5,1.0,390.0173813
0.0,2e-05,1e-05,0.6,1.0,390.0173813
0.0,2e-05,1e-05,0.7,1.0,390.0173813
0.0,2e-05,1e-05,0.8,1.0,390.0173813
0.0,2e-05,1e-05,0.9,1.0,390.0173813
0.0,2e-05,1e-05,1.0,1.0,390.0173813
0.0,2e-05,0.0,0.0,1.0,317.0894369
0.0,2e-05,0.0,0.1,1.0,390.0173869
0.0,2e-05,0.0,0.2,1.0,390.0173869
0.0,2e-05,0.0,0.3,1.0,390.0173869
0.0,2e-05,0.0,0.4,1.0,390.0173869
0.0,2e-05,0.0,0.5,1.0,390.0173869
0.0,2e-05,0.0,0.6,1.0,390.0173869
0.0,2e-05,0.0,0.7,1.0,390.0173869
0.0,2e-05,0.0,0.8,1.0,390.0173869
0.0,2e-05,0.0,0.9,1.0,390.0173869
0.0,2e-05,0.0,1.0,1.0,390.0173869
1.28e-05,1.38e-05,1e-05,0.0,0.987159103,317.0901635
1.28e-05,1.38e-05,1e-05,0.1,0.987159103,390.0212397
1.28e-05,1.38e-05,1e-05,0.2,0.987159103,390.0212397
1.28e-05,1.38e-05,1e-05,0.3,0.987159103,390.0212397
1.28e-05,1.38e-05,1e-05,0.4,0.987159103,390.0212397
1.28e-05,1.38e-05,1e-05,0.5,0.987159103,390.0212397
1.28e-05,1.38e-05,1e-05,0.6,0.987159103,390.0212397
1.28e-05,1.38e-05,1e-05,0.7,0.987159103,390.0212397
1.28e-05,1.38e-05,1e-05,0.8,0.987159103,390.0212397
1.28e-05,1.38e-05,1e-05,0.9,0.987159103,390.0212397
1.28e-05,1.38e-05,1e-05,1.0,0.987159103,390.0212397
0.0,0.0,0.0,0.0,1.0,317.0880699
0.0,0.0,0.0,0.1,1.0,390.0101815
0.0,0.0,0.0,0.2,1.0,390.0101815
0.0,0.0,0.0,0.3,1.0,390.0101815
0.0,0.0,0.0,0.4,1.0,390.0101815
0.0,0.0,0.0,0.5,1.0,390.0101815
0.0,0.0,0.0,0.6,1.0,390.0101815
0.0,0.0,0.0,0.7,1.0,390.0101815
0.0,0.0,0.0,0.8,1.0,390.0101815
0.0,0.0,0.0,0.9,1.0,390.0101815
0.0,0.0,0.0,1.0,1.0,390.0101815
1.28e-05,1.38e-05,0.0,0.0,0.987152761,317.0901639
1.28e-05,1.38e-05,0.0,0.1,0.987152761,390.0212415
1.28e-05,1.38e-05,0.0,0.2,0.987152761,390.0212415
1.28e-05,1.38e-05,0.0,0.3,0.987152761,390.0212415
1.28e-05,1.38e-05,0.0,0.4,0.987152761,390.0212415
1.28e-05,1.38e-05,0.0,0.5,0.987152761,390.0212415
1.28e-05,1.38e-05,0.0,0.6,0.987152761,390.0212415
1.28e-05,1.38e-05,0.0,0.7,0.987152761,390.0212415
1.28e-05,1.38e-05,0.0,0.8,0.987152761,390.0212415
1.28e-05,1.38e-05,0.0,0.9,0.987152761,390.0212415
1.28e-05,1.38e-05,0.0,1.0,0.987152761,390.0212415
0.0,0.0,1e-05,0.0,1.0,317.0880698
0.0,0.0,1e-05,0.1,1.0,390.0101815
0.0,0.0,1e-05,0.2,1.0,390.0101815
0.0,0.0,1e-05,0.3,1.0,390.0101815
0.0,0.0,1e-05,0.4,1.0,390.0101815
0.0,0.0,1e-05,0.5,1.0,390.0101815
0.0,0.0,1e-05,0.6,1.0,390.0101815
0.0,0.0,1e-05,0.7,1.0,390.0101815
0.0,0.0,1e-05,0.8,1.0,390.0101815
0.0,0.0,1e-05,0.9,1.0,390.0101815
0.0,0.0,1e-05,1.0,1.0,390.0101815
2e-05,0.0,1e-05,0.0,0.98,317.0897292
2e-05,0.0,1e-05,0.1,0.98,390.0189869
2e-05,0.0,1e-05,0.2,0.98,390.0189869
2e-05,0.0,1e-05,0.3,0.98,390.0189869
2e-05,0.0,1e-05,0.4,0.98,390.0189869
2e-05,0.0,1e-05,0.5,0.98,390.0189869
2e-05,0.0,1e-05,0.6,0.98,390.0189869
2e-05,0.0,1e-05,0.7,0.98,390.0189869
2e-05,0.0,1e-05,0.8,0.98,390.0189869
2e-05,0.0,1e-05,0.9,0.98,390.0189869
2e-05,0.0,1e-05,1.0,0.98,390.0189869
2e-05,0.0,0.0,0.0,0.98,317.0897292
2e-05,0.0,0.0,0.1,0.98,390.0189869
2e-05,0.0,0.0,0.2,0.98,390.0189869
2e-05,0.0,0.0,0.3,0.98,390.0189869
2e-05,0.0,0.0,0.4,0.98,390.0189869
2e-05,0.0,0.0,0.5,0.98,390.0189869
2e-05,0.0,0.0,0.6,0.98,390.0189869
2e-05,0.0,0.0,0.7,0.98,390.0189869
2e-05,0.0,0.0,0.8,0.98,390.0189869
2e-05,0.0,0.0,0.9,0.98,390.0189869
2e-05,0.0,0.0,1.0,0.98,390.0189869
0.0,4.01e-05,0.0,0.0,1.0,317.0901189
0.0,4.01e-05,0.0,0.1,1.0,390.0209853
0.0,4.01e-05,0.0,0.2,1.0,390.0209853
0.0,4.01e-05,0.0,0.3,1.0,390.0209853
0.0,4.01e-05,0.0,0.4,1.0,390.0209853
0.0,4.01e-05,0.0,0.5,1.0,390.0209853
0.0,4.01e-05,0.0,0.6,1.0,390.0209853
0.0,4.01e-05,0.0,0.7,1.0,390.0209853
0.0,4.01e-05,0.0,0.8,1.0,390.0209853
0.0,4.01e-05,0.0,0.9,1.0,390.0209853
0.0,4.01e-05,0.0,1.0,1.0,390.0209853
0.0,4e-05,1e-05,0.0,1.0,317.0901181
0.0,4e-05,1e-05,0.1,1.0,390.0209805
0.0,4e-05,1e-05,0.2,1.0,390.0209805
0.0,4e-05,1e-05,0.3,1.0,390.0209805
0.0,4e-05,1e-05,0.4,1.0,390.0209805
0.0,4e-05,1e-05,0.5,1.0,390.0209805
0.0,4e-05,1e-05,0.6,1.0,390.0209805
0.0,4e-05,1e-05,0.7,1.0,390.0209805
0.0,4e-05,1e-05,0.8,1.0,390.0209805
0.0,4e-05,1e-05,0.9,1.0,390.0209805
0.0,4e-05,1e-05,1.0,1.0,390.0209805
1.47e-05,3.02e-05,0.0,0.0,0.985253166,317.0911027
1.47e-05,3.02e-05,0.0,0.1,0.985253166,390.0262003
1.47e-05,3.02e-05,0.0,0.2,0.985253166,390.0262003
1.47e-05,3.02e-05,0.0,0.3,0.985253166,390.0262003
1.47e-05,3.02e-05,0.0,0.4,0.985253166,390.0262003
1.47e-05,3.02e-05,0.0,0.5,0.985253166,390.0262003
1.47e-05,3.02e-05,0.0,0.6,0.985253166,390.0262003
1.47e-05,3.02e-05,0.0,0.7,0.985253166,390.0262003
1.47e-05,3.02e-05,0.0,0.8,0.985253166,390.0262003
1.47e-05,3.02e-05,0.0,0.9,0.985253166,390.0262003
1.47e-05,3.02e-05,0.0,1.0,0.985253166,390.0262003
1.48e-05,4.94e-05,0.0,0.0,0.985167734,317.0914431
1.48e-05,4.94e-05,0.0,0.1,0.985167734,390.0279972
1.48e-05,4.94e-05,0.0,0.2,0.985167734,390.0279972
1.48e-05,4.94e-05,0.0,0.3,0.985167734,390.0279972
1.48e-05,4.94e-05,0.0,0.4,0.985167734,390.0279972
1.48e-05,4.94e-05,0.0,0.5,0.985167734,390.0279972
1.48e-05,4.94e-05,0.0,0.6,0.985167734,390.0279972
1.48e-05,4.94e-05,0.0,0.7,0.985167734,390.0279972
1.48e-05,4.94e-05,0.0,0.8,0.985167734,390.0279972
1.48e-05,4.94e-05,0.0,0.9,0.985167734,390.0279972
1.48e-05,4.94e-05,0.0,1.0,0.985167734,390.0279972
0.0,6.01e-05,0.0,0.0,1.0,317.0901158
0.0,6.01e-05,0.0,0.1,1.0,390.0209687
0.0,6.01e-05,0.0,0.2,1.0,390.0209687
0.0,6.01e-05,0.0,0.3,1.0,390.0209687
0.0,6.01e-05,0.0,0.4,1.0,390.0209687
0.0,6.01e-05,0.0,0.5,1.0,390.0209687
0.0,6.01e-05,0.0,0.6,1.0,390.0209687
0.0,6.01e-05,0.0,0.7,1.0,390.0209687
0.0,6.01e-05,0.0,0.8,1.0,390.0209687
0.0,6.01e-05,0.0,0.9,1.0,390.0209687
0.0,6.01e-05,0.0,1.0,1.0,390.0209687
0.0,6e-05,1e-05,0.0,1.0,317.0901181
0.0,6e-05,1e-05,0.1,1.0,390.0209805
0.0,6e-05,1e-05,0.2,1.0,390.0209805
0.0,6e-05,1e-05,0.3,1.0,390.0209805
0.0,6e-05,1e-05,0.4,1.0,390.0209805
0.0,6e-05,1e-05,0.5,1.0,390.0209805
0.0,6e-05,1e-05,0.6,1.0,390.0209805
0.0,6e-05,1e-05,0.7,1.0,390.0209805
0.0,6e-05,1e-05,0.8,1.0,390.0209805
0.0,6e-05,1e-05,0.9,1.0,390.0209805
0.0,6e-05,1e-05,1.0,1.0,390.0209805
1.58e-05,4.94e-05,1e-05,0.0,0.98421414,317.091521
1.58e-05,4.94e-05,1e-05,0.1,0.98421414,390.028412
1.58e-05,4.94e-05,1e-05,0.2,0.98421414,390.028412
1.58e-05,4.94e-05,1e-05,0.3,0.98421414,390.028412
1.58e-05,4.94e-05,1e-05,0.4,0.98421414,390.028412
1.58e-05,4.94e-05,1e-05,0.5,0.98421414,390.028412
1.58e-05,4.94e-05,1e-05,0.6,0.98421414,390.028412
1.58e-05,4.94e-05,1e-05,0.7,0.98421414,390.028412
1.58e-05,4.94e-05,1e-05,0.8,0.98421414,390.028412
1.58e-05,4.94e-05,1e-05,0.9,0.98421414,390.028412
1.58e-05,4.94e-05,1e-05,1.0,0.98421414,390.028412
1.48e-05,3.02e-05,1e-05,0.0,0.985192051,317.091106
1.48e-05,3.02e-05,1e-05,0.1,0.985192051,390.026218
1.48e-05,3.02e-05,1e-05,0.2,0.985192051,390.026218
1.48e-05,3.02e-05,1e-05,0.3,0.985192051,390.026218
1.48e-05,3.02e-05,1e-05,0.4,0.985192051,390.026218
1.48e-05,3.02e-05,1e-05,0.5,0.985192051,390.026218
1.48e-05,3.02e-05,1e-05,0.6,0.985192051,390.026218
1.48e-05,3.02e-05,1e-05,0.7,0.985192051,390.026218
1.48e-05,3.02e-05,1e-05,0.8,0.985192051,390.026218
1.48e-05,3.02e-05,1e-05,0.9,0.985192051,390.026218
1.48e-05,3.02e-05,1e-05,1.0,0.985192051,390.026218
2.98e-05,1.76e-05,0.0,0.0,0.970175585,317.0917457
2.98e-05,1.76e-05,0.0,0.1,0.970175585,390.0296889
2.98e-05,1.76e-05,0.0,0.2,0.970175585,390.0296889
2.98e-05,1.76e-05,0.0,0.3,0.970175585,390.0296889
2.98e-05,1.76e-05,0.0,0.4,0.970175585,390.0296889
2.98e-05,1.76e-05,0.0,0.5,0.970175585,390.0296889
2.98e-05,1.76e-05,0.0,0.6,0.970175585,390.0296889
2.98e-05,1.76e-05,0.0,0.7,0.970175585,390.0296889
2.98e-05,1.76e-05,0.0,0.8,0.970175585,390.0296889
2.98e-05,1.76e-05,0.0,0.9,0.970175585,390.0296889
2.98e-05,1.76e-05,0.0,1.0,0.970175585,390.0296889
3.09e-05,1.78e-05,1e-05,0.0,0.96907483,317.0918432
3.09e-05,1.78e-05,1e-05,0.1,0.96907483,390.0302129
3.09e-05,1.78e-05,1e-05,0.2,0.96907483,390.0302129
3.09e-05,1.78e-05,1e-05,0.3,0.96907483,390.0302129
3.09e-05,1.78e-05,1e-05,0.4,0.96907483,390.0302129
3.09e-05,1.78e-05,1e-05,0.5,0.96907483,390.0302129
3.09e-05,1.78e-05,1e-05,0.6,0.96907483,390.0302129
3.09e-05,1.78e-05,1e-05,0.7,0.96907483,390.0302129
3.09e-05,1.78e-05,1e-05,0.8,0.96907483,390.0302129
3.09e-05,1.78e-05,1e-05,0.9,0.96907483,390.0302129
3.09e-05,1.78e-05,1e-05,1.0,0.96907483,390.0302129
4.02e-05,6.93e-06,5.05e-06,0.0,0.95978164,317.0920735
4.02e-05,6.93e-06,5.05e-06,0.1,0.95978164,390.0315225
4.02e-05,6.93e-06,5.05e-06,0.2,0.95978164,390.0315225
4.02e-05,6.93e-06,5.05e-06,0.3,0.95978164,390.0315225
4.02e-05,6.93e-06,5.05e-06,0.4,0.95978164,390.0315225
4.02e-05,6.93e-06,5.05e-06,0.5,0.95978164,390.0315225
4.02e-05,6.93e-06,5.05e-06,0.6,0.95978164,390.0315225
4.02e-05,6.93e-06,5.05e-06,0.7,0.95978164,390.0315225
4.02e-05,6.93e-06,5.05e-06,0.8,0.95978164,390.0315225
4.02e-05,6.93e-06,5.05e-06,0.9,0.95978164,390.0315225
4.02e-05,6.93e-06,5.05e-06,1.0,0.95978164,390.0315225
4e-05,0.0,1e-05,0.0,0.96,317.0912922
4e-05,0.0,1e-05,0.1,0.96,390.0274038
4e-05,0.0,1e-05,0.2,0.96,390.0274038
4e-05,0.0,1e-05,0.3,0.96,390.0274038
4e-05,0.0,1e-05,0.4,0.96,390.0274038
4e-05,0.0,1e-05,0.5,0.96,390.0274038
4e-05,0.0,1e-05,0.6,0.96,390.0274038
4e-05,0.0,1e-05,0.7,0.96,390.0274038
4e-05,0.0,1e-05,0.8,0.96,390.0274038
4e-05,0.0,1e-05,0.9,0.96,390.0274038
4e-05,0.0,1e-05,1.0,0.96,390.0274038
4e-05,0.0,0.0,0.0,0.96,317.0912922
4e-05,0.0,0.0,0.1,0.96,390.0274038
4e-05,0.0,0.0,0.2,0.96,390.0274038
4e-05,0.0,0.0,0.3,0.96,390.0274038
4e-05,0.0,0.0,0.4,0.96,390.0274038
4e-05,0.0,0.0,0.5,0.96,390.0274038
4e-05,0.0,0.0,0.6,0.96,390.0274038
4e-05,0.0,0.0,0.7,0.96,390.0274038
4e-05,0.0,0.0,0.8,0.96,390.0274038
4e-05,0.0,0.0,0.9,0.96,390.0274038
4e-05,0.0,0.0,1.0,0.96,390.0274038
0.0,8e-05,0.0,0.0,1.0,317.0894362
0.0,8e-05,0.0,0.1,1.0,390.0173831
0.0,8e-05,0.0,0.2,1.0,390.0173831
0.0,8e-05,0.0,0.3,1.0,390.0173831
0.0,8e-05,0.0,0.4,1.0,390.0173831
0.0,8e-05,0.0,0.5,1.0,390.0173831
0.0,8e-05,0.0,0.6,1.0,390.0173831
0.0,8e-05,0.0,0.7,1.0,390.0173831
0.0,8e-05,0.0,0.8,1.0,390.0173831
0.0,8e-05,0.0,0.9,1.0,390.0173831
0.0,8e-05,0.0,1.0,1.0,390.0173831
0.0,8e-05,1e-05,0.0,1.0,317.0894358
0.0,8e-05,1e-05,0.1,1.0,390.0173813
0.0,8e-05,1e-05,0.2,1.0,390.0173813
0.0,8e-05,1e-05,0.3,1.0,390.0173813
0.0,8e-05,1e-05,0.4,1.0,390.0173813
0.0,8e-05,1e-05,0.5,1.0,390.0173813
0.0,8e-05,1e-05,0.6,1.0,390.0173813
0.0,8e-05,1e-05,0.7,1.0,390.0173813
0.0,8e-05,1e-05,0.8,1.0,390.0173813
0.0,8e-05,1e-05,0.9,1.0,390.0173813
0.0,8e-05,1e-05,1.0,1.0,390.0173813
1.49e-05,8.68e-05,0.0,0.0,0.985149597,317.0902869
1.49e-05,8.68e-05,0.0,0.1,0.985149597,390.0218982
1.49e-05,8.68e-05,0.0,0.2,0.985149597,390.0218982
1.49e-05,8.68e-05,0.0,0.3,0.985149597,390.0218982
1.49e-05,8.68e-05,0.0,0.4,0.985149597,390.0218982
1.49e-05,8.68e-05,0.0,0.5,0.985149597,390.0218982
1.49e-05,8.68e-05,0.0,0.6,0.985149597,390.0218982
1.49e-05,8.68e-05,0.0,0.7,0.985149597,390.0218982
1.49e-05,8.68e-05,0.0,0.8,0.985149597,390.0218982
1.49e-05,8.68e-05,0.0,0.9,0.985149597,390.0218982
1.49e-05,8.68e-05,0.0,1.0,0.985149597,390.0218982
0.0,0.0001,0.0,0.0,1.0,317.0880699
0.0,0.0001,0.0,0.1,1.0,390.0101815
0.0,0.0001,0.0,0.2,1.0,390.0101815
0.0,0.0001,0.0,0.3,1.0,390.0101815
0.0,0.0001,0.0,0.4,1.0,390.0101815
0.0,0.0001,0.0,0.5,1.0,390.0101815
0.0,0.0001,0.0,0.6,1.0,390.0101815
0.0,0.0001,0.0,0.7,1.0,390.0101815
0.0,0.0001,0.0,0.8,1.0,390.0101815
0.0,0.0001,0.0,0.9,1.0,390.0101815
0.0,0.0001,0.0,1.0,1.0,390.0101815
0.0,0.0001,1e-05,0.0,1.0,317.0880699
0.0,0.0001,1e-05,0.1,1.0,390.0101815
0.0,0.0001,1e-05,0.2,1.0,390.0101815
0.0,0.0001,1e-05,0.3,1.0,390.0101815
0.0,0.0001,1e-05,0.4,1.0,390.0101815
0.0,0.0001,1e-05,0.5,1.0,390.0101815
0.0,0.0001,1e-05,0.6,1.0,390.0101815
0.0,0.0001,1e-05,0.7,1.0,390.0101815
0.0,0.0001,1e-05,0.8,1.0,390.0101815
0.0,0.0001,1e-05,0.9,1.0,390.0101815
0.0,0.0001,1e-05,1.0,1.0,390.0101815
1.5e-05,8.68e-05,1e-05,0.0,0.984992331,317.090301
1.5e-05,8.68e-05,1e-05,0.1,0.984992331,390.0219733
1.5e-05,8.68e-05,1e-05,0.2,0.984992331,390.0219733
1.5e-05,8.68e-05,1e-05,0.3,0.984992331,390.0219733
1.5e-05,8.68e-05,1e-05,0.4,0.984992331,390.0219733
1.5e-05,8.68e-05,1e-05,0.5,0.984992331,390.0219733
1.5e-05,8.68e-05,1e-05,0.6,0.984992331,390.0219733
1.5e-05,8.68e-05,1e-05,0.7,0.984992331,390.0219733
1.5e-05,8.68e-05,1e-05,0.8,0.984992331,390.0219733
1.5e-05,8.68e-05,1e-05,0.9,0.984992331,390.0219733
1.5e-05,8.68e-05,1e-05,1.0,0.984992331,390.0219733
1.78e-05,6.9e-05,0.0,0.0,0.982158626,317.0913795
1.78e-05,6.9e-05,0.0,0.1,0.982158626,390.027675
1.78e-05,6.9e-05,0.0,0.2,0.982158626,390.027675
1.78e-05,6.9e-05,0.0,0.3,0.982158626,390.027675
1.78e-05,6.9e-05,0.0,0.4,0.982158626,390.027675
1.78e-05,6.9e-05,0.0,0.5,0.982158626,390.027675
1.78e-05,6.9e-05,0.0,0.6,0.982158626,390.027675
1.78e-05,6.9e-05,0.0,0.7,0.982158626,390.027675
1.78e-05,6.9e-05,0.0,0.8,0.982158626,390.027675
1.78e-05,6.9e-05,0.0,0.9,0.982158626,390.027675
1.78e-05,6.9e-05,0.0,1.0,0.982158626,390.027675
1.82e-05,6.9e-05,1e-05,0.0,0.981817255,317.0914089
1.82e-05,6.9e-05,1e-05,0.1,0.981817255,390.0278315
1.82e-05,6.9e-05,1e-05,0.2,0.981817255,390.0278315
1.82e-05,6.9e-05,1e-05,0.3,0.981817255,390.0278315
1.82e-05,6.9e-05,1e-05,0.4,0.981817255,390.0278315
1.82e-05,6.9e-05,1e-05,0.5,0.981817255,390.0278315
1.82e-05,6.9e-05,1e-05,0.6,0.981817255,390.0278315
1.82e-05,6.9e-05,1e-05,0.7,0.981817255,390.0278315
1.82e-05,6.9e-05,1e-05,0.8,0.981817255,390.0278315
1.82e-05,6.9e-05,1e-05,0.9,0.981817255,390.0278315
1.82e-05,6.9e-05,1e-05,1.0,0.981817255,390.0278315
2.9e-05,5.47e-05,0.0,0.0,0.971015793,317.0925581
2.9e-05,5.47e-05,0.0,0.1,0.971015793,390.033968
2.9e-05,5.47e-05,0.0,0.2,0.971015793,390.033968
2.9e-05,5.47e-05,0.0,0.3,0.971015793,390.033968
2.9e-05,5.47e-05,0.0,0.4,0.971015793,390.033968
2.9e-05,5.47e-05,0.0,0.5,0.971015793,390.033968
2.9e-05,5.47e-05,0.0,0.6,0.971015793,390.033968
2.9e-05,5.47e-05,0.0,0.7,0.971015793,390.033968
2.9e-05,5.47e-05,0.0,0.8,0.971015793,390.033968
2.9e-05,5.47e-05,0.0,0.9,0.971015793,390.033968
2.9e-05,5.47e-05,0.0,1.0,0.971015793,390.033968
3.04e-05,3.9e-05,0.0,0.0,0.969604074,317.0925844
3.04e-05,3.9e-05,0.0,0.1,0.969604074,390.0341181
3.04e-05,3.9e-05,0.0,0.2,0.969604074,390.0341181
3.04e-05,3.9e-05,0.0,0.3,0.969604074,390.0341181
3.04e-05,3.9e-05,0.0,0.4,0.969604074,390.0341181
3.04e-05,3.9e-05,0.0,0.5,0.969604074,390.0341181
3.04e-05,3.9e-05,0.0,0.6,0.969604074,390.0341181
3.04e-05,3.9e-05,0.0,0.7,0.969604074,390.0341181
3.04e-05,3.9e-05,0.0,0.8,0.969604074,390.0341181
3.04e-05,3.9e-05,0.0,0.9,0.969604074,390.0341181
3.04e-05,3.9e-05,0.0,1.0,0.969604074,390.0341181
3e-05,5.43e-05,1e-05,0.0,0.97000026,317.0926406
3e-05,5.43e-05,1e-05,0.1,0.97000026,390.0344113
3e-05,5.43e-05,1e-05,0.2,0.97000026,390.0344113
3e-05,5.43e-05,1e-05,0.3,0.97000026,390.0344113
3e-05,5.43e-05,1e-05,0.4,0.97000026,390.0344113
3e-05,5.43e-05,1e-05,0.5,0.97000026,390.0344113
3e-05,5.43e-05,1e-05,0.6,0.97000026,390.0344113
3e-05,5.43e-05,1e-05,0.7,0.97000026,390.0344113
3e-05,5.43e-05,1e-05,0.8,0.97000026,390.0344113
3e-05,5.43e-05,1e-05,0.9,0.97000026,390.0344113
3e-05,5.43e-05,1e-05,1.0,0.97000026,390.0344113
3.04e-05,3.9e-05,1e-05,0.0,0.969557891,317.092587
3.04e-05,3.9e-05,1e-05,0.1,0.969557891,390.0341323
3.04e-05,3.9e-05,1e-05,0.2,0.969557891,390.0341323
3.04e-05,3.9e-05,1e-05,0.3,0.969557891,390.0341323
3.04e-05,3.9e-05,1e-05,0.4,0.969557891,390.0341323
3.04e-05,3.9e-05,1e-05,0.5,0.969557891,390.0341323
3.04e-05,3.9e-05,1e-05,0.6,0.969557891,390.0341323
3.04e-05,3.9e-05,1e-05,0.7,0.969557891,390.0341323
3.04e-05,3.9e-05,1e-05,0.8,0.969557891,390.0341323
3.04e-05,3.9e-05,1e-05,0.9,0.969557891,390.0341323
3.04e-05,3.9e-05,1e-05,1.0,0.969557891,390.0341323
4.46e-05,3.16e-05,0.0,0.0,0.955389862,317.0934857
4.46e-05,3.16e-05,0.0,0.1,0.955389862,390.039024
4.46e-05,3.16e-05,0.0,0.2,0.955389862,390.039024
4.46e-05,3.16e-05,0.0,0.3,0.955389862,390.039024
4.46e-05,3.16e-05,0.0,0.4,0.955389862,390.039024
4.46e-05,3.16e-05,0.0,0.5,0.955389862,390.039024
4.46e-05,3.16e-05,0.0,0.6,0.955389862,390.039024
4.46e-05,3.16e-05,0.0,0.7,0.955389862,390.039024
4.46e-05,3.16e-05,0.0,0.8,0.955389862,390.039024
4.46e-05,3.16e-05,0.0,0.9,0.955389862,390.039024
4.46e-05,3.16e-05,0.0,1.0,0.955389862,390.039024
4.45e-05,3.15e-05,1e-05,0.0,0.955504231,317.0934743
4.45e-05,3.15e-05,1e-05,0.1,0.955504231,390.0389622
4.45e-05,3.15e-05,1e-05,0.2,0.955504231,390.0389622
4.45e-05,3.15e-05,1e-05,0.3,0.955504231,390.0389622
4.45e-05,3.15e-05,1e-05,0.4,0.955504231,390.0389622
4.45e-05,3.15e-05,1e-05,0.5,0.955504231,390.0389622
4.45e-05,3.15e-05,1e-05,0.6,0.955504231,390.0389622
4.45e-05,3.15e-05,1e-05,0.7,0.955504231,390.0389622
4.45e-05,3.15e-05,1e-05,0.8,0.955504231,390.0389622
4.45e-05,3.15e-05,1e-05,0.9,0.955504231,390.0389622
4.45e-05,3.15e-05,1e-05,1.0,0.955504231,390.0389622
5.1e-05,1.68e-05,1e-05,0.0,0.9490182,317.0933033
5.1e-05,1.68e-05,1e-05,0.1,0.9490182,390.0381465
5.1e-05,1.68e-05,1e-05,0.2,0.9490182,390.0381465
5.1e-05,1.68e-05,1e-05,0.3,0.9490182,390.0381465
5.1e-05,1.68e-05,1e-05,0.4,0.9490182,390.0381465
5.1e-05,1.68e-05,1e-05,0.5,0.9490182,390.0381465
5.1e-05,1.68e-05,1e-05,0.6,0.9490182,390.0381465
5.1e-05,1.68e-05,1e-05,0.7,0.9490182,390.0381465
5.1e-05,1.68e-05,1e-05,0.8,0.9490182,390.0381465
5.1e-05,1.68e-05,1e-05,0.9,0.9490182,390.0381465
5.1e-05,1.68e-05,1e-05,1.0,0.9490182,390.0381465
5.1e-05,1.68e-05,0.0,0.0,0.949016181,317.0933045
5.1e-05,1.68e-05,0.0,0.1,0.949016181,390.0381525
5.1e-05,1.68e-05,0.0,0.2,0.949016181,390.0381525
5.1e-05,1.68e-05,0.0,0.3,0.949016181,390.0381525
5.1e-05,1.68e-05,0.0,0.4,0.949016181,390.0381525
5.1e-05,1.68e-05,0.0,0.5,0.949016181,390.0381525
5.1e-05,1.68e-05,0.0,0.6,0.949016181,390.0381525
5.1e-05,1.68e-05,0.0,0.7,0.949016181,390.0381525
5.1e-05,1.68e-05,0.0,0.8,0.949016181,390.0381525
5.1e-05,1.68e-05,0.0,0.9,0.949016181,390.0381525
5.1e-05,1.68e-05,0.0,1.0,0.949016181,390.0381525
6e-05,0.0,1e-05,0.0,0.94,317.0927626
6e-05,0.0,1e-05,0.1,0.94,390.0354357
6e-05,0.0,1e-05,0.2,0.94,390.0354357
6e-05,0.0,1e-05,0.3,0.94,390.0354357
6e-05,0.0,1e-05,0.4,0.94,390.0354357
6e-05,0.0,1e-05,0.5,0.94,390.0354357
6e-05,0.0,1e-05,0.6,0.94,390.0354357
6e-05,0.0,1e-05,0.7,0.94,390.0354357
6e-05,0.0,1e-05,0.8,0.94,390.0354357
6e-05,0.0,1e-05,0.9,0.94,390.0354357
6e-05,0.0,1e-05,1.0,0.94,390.0354357
6e-05,0.0,0.0,0.0,0.94,317.0927626
6e-05,0.0,0.0,0.1,0.94,390.0354357
6e-05,0.0,0.0,0.2,0.94,390.0354357
6e-05,0.0,0.0,0.3,0.94,390.0354357
6e-05,0.0,0.0,0.4,0.94,390.0354357
6e-05,0.0,0.0,0.5,0.94,390.0354357
6e-05,0.0,0.0,0.6,0.94,390.0354357
6e-05,0.0,0.0,0.7,0.94,390.0354357
6e-05,0.0,0.0,0.8,0.94,390.0354357
6e-05,0.0,0.0,0.9,0.94,390.0354357
6e-05,0.0,0.0,1.0,0.94,390.0354357
2e-05,0.0001,0.0,0.0,0.98,317.0897292
2e-05,0.0001,0.0,0.1,0.98,390.0189869
2e-05,0.0001,0.0,0.2,0.98,390.0189869
2e-05,0.0001,0.0,0.3,0.98,390.0189869
2e-05,0.0001,0.0,0.4,0.98,390.0189869
2e-05,0.0001,0.0,0.5,0.98,390.0189869
2e-05,0.0001,0.0,0.6,0.98,390.0189869
2e-05,0.0001,0.0,0.7,0.98,390.0189869
2e-05,0.0001,0.0,0.8,0.98,390.0189869
2e-05,0.0001,0.0,0.9,0.98,390.0189869
2e-05,0.0001,0.0,1.0,0.98,390.0189869
2e-05,0.0001,1e-05,0.0,0.98,317.0897292
2e-05,0.0001,1e-05,0.1,0.98,390.0189869
2e-05,0.0001,1e-05,0.2,0.98,390.0189869
2e-05,0.0001,1e-05,0.3,0.98,390.0189869
2e-05,0.0001,1e-05,0.4,0.98,390.0189869
2e-05,0.0001,1e-05,0.5,0.98,390.0189869
2e-05,0.0001,1e-05,0.6,0.98,390.0189869
2e-05,0.0001,1e-05,0.7,0.98,390.0189869
2e-05,0.0001,1e-05,0.8,0.98,390.0189869
2e-05,0.0001,1e-05,0.9,0.98,390.0189869
2e-05,0.0001,1e-05,1.0,0.98,390.0189869
3.01e-05,8.51e-05,0.0,0.0,0.969906414,317.0916111
3.01e-05,8.51e-05,0.0,0.1,0.969906414,390.0289813
3.01e-05,8.51e-05,0.0,0.2,0.969906414,390.0289813
3.01e-05,8.51e-05,0.0,0.3,0.969906414,390.0289813
3.01e-05,8.51e-05,0.0,0.4,0.969906414,390.0289813
3.01e-05,8.51e-05,0.0,0.5,0.969906414,390.0289813
3.01e-05,8.51e-05,0.0,0.6,0.969906414,390.0289813
3.01e-05,8.51e-05,0.0,0.7,0.969906414,390.0289813
3.01e-05,8.51e-05,0.0,0.8,0.969906414,390.0289813
3.01e-05,8.51e-05,0.0,0.9,0.969906414,390.0289813
3.01e-05,8.51e-05,0.0,1.0,0.969906414,390.0289813
3.11e-05,8.54e-05,1e-05,0.0,0.96893089,317.0916717
3.11e-05,8.54e-05,1e-05,0.1,0.96893089,390.0293098
3.11e-05,8.54e-05,1e-05,0.2,0.96893089,390.0293098
3.11e-05,8.54e-05,1e-05,0.3,0.96893089,390.0293098
3.11e-05,8.54e-05,1e-05,0.4,0.96893089,390.0293098
3.11e-05,8.54e-05,1e-05,0.5,0.96893089,390.0293098
3.11e-05,8.54e-05,1e-05,0.6,0.96893089,390.0293098
3.11e-05,8.54e-05,1e-05,0.7,0.96893089,390.0293098
3.11e-05,8.54e-05,1e-05,0.8,0.96893089,390.0293098
3.11e-05,8.54e-05,1e-05,0.9,0.96893089,390.0293098
3.11e-05,8.54e-05,1e-05,1.0,0.96893089,390.0293098
3.83e-05,6.75e-05,0.0,0.0,0.961693177,317.0930359
3.83e-05,6.75e-05,0.0,0.1,0.961693177,390.0365774
3.83e-05,6.75e-05,0.0,0.2,0.961693177,390.0365774
3.83e-05,6.75e-05,0.0,0.3,0.961693177,390.0365774
3.83e-05,6.75e-05,0.0,0.4,0.961693177,390.0365774
3.83e-05,6.75e-05,0.0,0.5,0.961693177,390.0365774
3.83e-05,6.75e-05,0.0,0.6,0.961693177,390.0365774
3.83e-05,6.75e-05,0.0,0.7,0.961693177,390.0365774
3.83e-05,6.75e-05,0.0,0.8,0.961693177,390.0365774
3.83e-05,6.75e-05,0.0,0.9,0.961693177,390.0365774
3.83e-05,6.75e-05,0.0,1.0,0.961693177,390.0365774
3.9e-05,6.75e-05,1e-05,0.0,0.961012939,317.0930884
3.9e-05,6.75e-05,1e-05,0.1,0.961012939,390.0368616
3.9e-05,6.75e-05,1e-05,0.2,0.961012939,390.0368616
3.9e-05,6.75e-05,1e-05,0.3,0.961012939,390.0368616
3.9e-05,6.75e-05,1e-05,0.4,0.961012939,390.0368616
3.9e-05,6.75e-05,1e-05,0.5,0.961012939,390.0368616
3.9e-05,6.75e-05,1e-05,0.6,0.961012939,390.0368616
3.9e-05,6.75e-05,1e-05,0.7,0.961012939,390.0368616
3.9e-05,6.75e-05,1e-05,0.8,0.961012939,390.0368616
3.9e-05,6.75e-05,1e-05,0.9,0.961012939,390.0368616
3.9e-05,6.75e-05,1e-05,1.0,0.961012939,390.0368616
4.82e-05,4.88e-05,0.0,0.0,0.95178329,317.09404
4.82e-05,4.88e-05,0.0,0.1,0.95178329,390.0419949
4.82e-05,4.88e-05,0.0,0.2,0.95178329,390.0419949
4.82e-05,4.88e-05,0.0,0.3,0.95178329,390.0419949
4.82e-05,4.88e-05,0.0,0.4,0.95178329,390.0419949
4.82e-05,4.88e-05,0.0,0.5,0.95178329,390.0419949
4.82e-05,4.88e-05,0.0,0.6,0.95178329,390.0419949
4.82e-05,4.88e-05,0.0,0.7,0.95178329,390.0419949
4.82e-05,4.88e-05,0.0,0.8,0.95178329,390.0419949
4.82e-05,4.88e-05,0.0,0.9,0.95178329,390.0419949
4.82e-05,4.88e-05,0.0,1.0,0.95178329,390.0419949
4.82e-05,4.88e-05,1e-05,0.0,0.951779017,317.0940403
4.82e-05,4.88e-05,1e-05,0.1,0.951779017,390.0419965
4.82e-05,4.88e-05,1e-05,0.2,0.951779017,390.0419965
4.82e-05,4.88e-05,1e-05,0.3,0.951779017,390.0419965
4.82e-05,4.88e-05,1e-05,0.4,0.951779017,390.0419965
4.82e-05,4.88e-05,1e-05,0.5,0.951779017,390.0419965
4.82e-05,4.88e-05,1e-05,0.6,0.951779017,390.0419965
4.82e-05,4.88e-05,1e-05,0.7,0.951779017,390.0419965
4.82e-05,4.88e-05,1e-05,0.8,0.951779017,390.0419965
4.82e-05,4.88e-05,1e-05,0.9,0.951779017,390.0419965
4.82e-05,4.88e-05,1e-05,1.0,0.951779017,390.0419965
6.07e-05,3.3e-05,0.0,0.0,0.93934258,317.0946977
6.07e-05,3.3e-05,0.0,0.1,0.93934258,390.0456486
6.07e-05,3.3e-05,0.0,0.2,0.93934258,390.0456486
6.07e-05,3.3e-05,0.0,0.3,0.93934258,390.0456486
6.07e-05,3.3e-05,0.0,0.4,0.93934258,390.0456486
6.07e-05,3.3e-05,0.0,0.5,0.93934258,390.0456486
6.07e-05,3.3e-05,0.0,0.6,0.93934258,390.0456486
6.07e-05,3.3e-05,0.0,0.7,0.93934258,390.0456486
6.07e-05,3.3e-05,0.0,0.8,0.93934258,390.0456486
6.07e-05,3.3e-05,0.0,0.9,0.93934258,390.0456486
6.07e-05,3.3e-05,0.0,1.0,0.93934258,390.0456486
6.1e-05,3.3e-05,1e-05,0.0,0.939007213,317.0947214
6.1e-05,3.3e-05,1e-05,0.1,0.939007213,390.045779
6.1e-05,3.3e-05,1e-05,0.2,0.939007213,390.045779
6.1e-05,3.3e-05,1e-05,0.3,0.939007213,390.045779
6.1e-05,3.3e-05,1e-05,0.4,0.939007213,390.045779
6.1e-05,3.3e-05,1e-05,0.5,0.939007213,390.045779
6.1e-05,3.3e-05,1e-05,0.6,0.939007213,390.045779
6.1e-05,3.3e-05,1e-05,0.7,0.939007213,390.045779
6.1e-05,3.3e-05,1e-05,0.8,0.939007213,390.045779
6.1e-05,3.3e-05,1e-05,0.9,0.939007213,390.045779
6.1e-05,3.3e-05,1e-05,1.0,0.939007213,390.045779
7e-05,1.73e-05,1e-05,0.0,0.93,317.0946873
7e-05,1.73e-05,1e-05,0.1,0.93,390.0457548
7e-05,1.73e-05,1e-05,0.2,0.93,390.0457548
7e-05,1.73e-05,1e-05,0.3,0.93,390.0457548
7e-05,1.73e-05,1e-05,0.4,0.93,390.0457548
7e-05,1.73e-05,1e-05,0.5,0.93,390.0457548
7e-05,1.73e-05,1e-05,0.6,0.93,390.0457548
7e-05,1.73e-05,1e-05,0.7,0.93,390.0457548
7e-05,1.73e-05,1e-05,0.8,0.93,390.0457548
7e-05,1.73e-05,1e-05,0.9,0.93,390.0457548
7e-05,1.73e-05,1e-05,1.0,0.93,390.0457548
7e-05,1.73e-05,0.0,0.0,0.93,317.0946873
7e-05,1.73e-05,0.0,0.1,0.93,390.0457548
7e-05,1.73e-05,0.0,0.2,0.93,390.0457548
7e-05,1.73e-05,0.0,0.3,0.93,390.0457548
7e-05,1.73e-05,0.0,0.4,0.93,390.0457548
7e-05,1.73e-05,0.0,0.5,0.93,390.0457548
7e-05,1.73e-05,0.0,0.6,0.93,390.0457548
7e-05,1.73e-05,0.0,0.7,0.93,390.0457548
7e-05,1.73e-05,0.0,0.8,0.93,390.0457548
7e-05,1.73e-05,0.0,0.9,0.93,390.0457548
7e-05,1.73e-05,0.0,1.0,0.93,390.0457548
8e-05,0.0,1e-05,0.0,0.92,317.0941439
8e-05,0.0,1e-05,0.1,0.92,390.0430863
8e-05,0.0,1e-05,0.2,0.92,390.0430863
8e-05,0.0,1e-05,0.3,0.92,390.0430863
8e-05,0.0,1e-05,0.4,0.92,390.0430863
8e-05,0.0,1e-05,0.5,0.92,390.0430863
8e-05,0.0,1e-05,0.6,0.92,390.0430863
8e-05,0.0,1e-05,0.7,0.92,390.0430863
8e-05,0.0,1e-05,0.8,0.92,390.0430863
8e-05,0.0,1e-05,0.9,0.92,390.0430863
8e-05,0.0,1e-05,1.0,0.92,390.0430863
8e-05,0.0,0.0,0.0,0.92,317.0941439
8e-05,0.0,0.0,0.1,0.92,390.0430864
8e-05,0.0,0.0,0.2,0.92,390.0430864
8e-05,0.0,0.0,0.3,0.92,390.0430864
8e-05,0.0,0.0,0.4,0.92,390.0430864
8e-05,0.0,0.0,0.5,0.92,390.0430864
8e-05,0.0,0.0,0.6,0.92,390.0430864
8e-05,0.0,0.0,0.7,0.92,390.0430864
8e-05,0.0,0.0,0.8,0.92,390.0430864
8e-05,0.0,0.0,0.9,0.92,390.0430864
8e-05,0.0,0.0,1.0,0.92,390.0430864
4e-05,0.0001,0.0,0.0,0.96,317.0912922
4e-05,0.0001,0.0,0.1,0.96,390.0274038
4e-05,0.0001,0.0,0.2,0.96,390.0274038
4e-05,0.0001,0.0,0.3,0.96,390.0274038
4e-05,0.0001,0.0,0.4,0.96,390.0274038
4e-05,0.0001,0.0,0.5,0.96,390.0274038
4e-05,0.0001,0.0,0.6,0.96,390.0274038
4e-05,0.0001,0.0,0.7,0.96,390.0274038
4e-05,0.0001,0.0,0.8,0.96,390.0274038
4e-05,0.0001,0.0,0.9,0.96,390.0274038
4e-05,0.0001,0.0,1.0,0.96,390.0274038
4e-05,0.0001,1e-05,0.0,0.96,317.0912922
4e-05,0.0001,1e-05,0.1,0.96,390.0274038
4e-05,0.0001,1e-05,0.2,0.96,390.0274038
4e-05,0.0001,1e-05,0.3,0.96,390.0274038
4e-05,0.0001,1e-05,0.4,0.96,390.0274038
4e-05,0.0001,1e-05,0.5,0.96,390.0274038
4e-05,0.0001,1e-05,0.6,0.96,390.0274038
4e-05,0.0001,1e-05,0.7,0.96,390.0274038
4e-05,0.0001,1e-05,0.8,0.96,390.0274038
4e-05,0.0001,1e-05,0.9,0.96,390.0274038
4e-05,0.0001,1e-05,1.0,0.96,390.0274038
5e-05,8.27e-05,0.0,0.0,0.95,317.0932617
5e-05,8.27e-05,0.0,0.1,0.95,390.0379134
5e-05,8.27e-05,0.0,0.2,0.95,390.0379134
5e-05,8.27e-05,0.0,0.3,0.95,390.0379134
5e-05,8.27e-05,0.0,0.4,0.95,390.0379134
5e-05,8.27e-05,0.0,0.5,0.95,390.0379134
5e-05,8.27e-05,0.0,0.6,0.95,390.0379134
5e-05,8.27e-05,0.0,0.7,0.95,390.0379134
5e-05,8.27e-05,0.0,0.8,0.95,390.0379134
5e-05,8.27e-05,0.0,0.9,0.95,390.0379134
5e-05,8.27e-05,0.0,1.0,0.95,390.0379134
5e-05,8.27e-05,1e-05,0.0,0.95,317.0932617
5e-05,8.27e-05,1e-05,0.1,0.95,390.0379134
5e-05,8.27e-05,1e-05,0.2,0.95,390.0379134
5e-05,8.27e-05,1e-05,0.3,0.95,390.0379134
5e-05,8.27e-05,1e-05,0.4,0.95,390.0379134
5e-05,8.27e-05,1e-05,0.5,0.95,390.0379134
5e-05,8.27e-05,1e-05,0.6,0.95,390.0379134
5e-05,8.27e-05,1e-05,0.7,0.95,390.0379134
5e-05,8.27e-05,1e-05,0.8,0.95,390.0379134
5e-05,8.27e-05,1e-05,0.9,0.95,390.0379134
5e-05,8.27e-05,1e-05,1.0,0.95,390.0379134
5.9e-05,6.55e-05,0.0,0.0,0.940969448,317.0946232
5.9e-05,6.55e-05,0.0,0.1,0.940969448,390.0452295
5.9e-05,6.55e-05,0.0,0.2,0.940969448,390.0452295
5.9e-05,6.55e-05,0.0,0.3,0.940969448,390.0452295
5.9e-05,6.55e-05,0.0,0.4,0.940969448,390.0452295
5.9e-05,6.55e-05,0.0,0.5,0.940969448,390.0452295
5.9e-05,6.55e-05,0.0,0.6,0.940969448,390.0452295
5.9e-05,6.55e-05,0.0,0.7,0.940969448,390.0452295
5.9e-05,6.55e-05,0.0,0.8,0.940969448,390.0452295
5.9e-05,6.55e-05,0.0,0.9,0.940969448,390.0452295
5.9e-05,6.55e-05,0.0,1.0,0.940969448,390.0452295
5.98e-05,6.56e-05,1e-05,0.0,0.940208106,317.0946738
5.98e-05,6.56e-05,1e-05,0.1,0.940208106,390.0455083
5.98e-05,6.56e-05,1e-05,0.2,0.940208106,390.0455083
5.98e-05,6.56e-05,1e-05,0.3,0.940208106,390.0455083
5.98e-05,6.56e-05,1e-05,0.4,0.940208106,390.0455083
5.98e-05,6.56e-05,1e-05,0.5,0.940208106,390.0455083
5.98e-05,6.56e-05,1e-05,0.6,0.940208106,390.0455083
5.98e-05,6.56e-05,1e-05,0.7,0.940208106,390.0455083
5.98e-05,6.56e-05,1e-05,0.8,0.940208106,390.0455083
5.98e-05,6.56e-05,1e-05,0.9,0.940208106,390.0455083
5.98e-05,6.56e-05,1e-05,1.0,0.940208106,390.0455083
6.93e-05,4.98e-05,0.0,0.0,0.930701735,317.0955497
6.93e-05,4.98e-05,0.0,0.1,0.930701735,390.0502922
6.93e-05,4.98e-05,0.0,0.2,0.930701735,390.0502922
6.93e-05,4.98e-05,0.0,0.3,0.930701735,390.0502922
6.93e-05,4.98e-05,0.0,0.4,0.930701735,390.0502922
6.93e-05,4.98e-05,0.0,0.5,0.930701735,390.0502922
6.93e-05,4.98e-05,0.0,0.6,0.930701735,390.0502922
6.93e-05,4.98e-05,0.0,0.7,0.930701735,390.0502922
6.93e-05,4.98e-05,0.0,0.8,0.930701735,390.0502922
6.93e-05,4.98e-05,0.0,0.9,0.930701735,390.0502922
6.93e-05,4.98e-05,0.0,1.0,0.930701735,390.0502922
6.96e-05,4.97e-05,5e-06,0.0,0.930414728,317.0957832
6.96e-05,4.97e-05,5e-06,0.1,0.930414728,390.0515274
6.96e-05,4.97e-05,5e-06,0.2,0.930414728,390.0515274
6.96e-05,4.97e-05,5e-06,0.3,0.930414728,390.0515274
6.96e-05,4.97e-05,5e-06,0.4,0.930414728,390.0515274
6.96e-05,4.97e-05,5e-06,0.5,0.930414728,390.0515274
6.96e-05,4.97e-05,5e-06,0.6,0.930414728,390.0515274
6.96e-05,4.97e-05,5e-06,0.7,0.930414728,390.0515274
6.96e-05,4.97e-05,5e-06,0.8,0.930414728,390.0515274
6.96e-05,4.97e-05,5e-06,0.9,0.930414728,390.0515274
6.96e-05,4.97e-05,5e-06,1.0,0.930414728,390.0515274
6.91e-05,4.98e-05,1e-05,0.0,0.930860592,317.0955387
6.91e-05,4.98e-05,1e-05,0.1,0.930860592,390.0502313
6.91e-05,4.98e-05,1e-05,0.2,0.930860592,390.0502313
6.91e-05,4.98e-05,1e-05,0.3,0.930860592,390.0502313
6.91e-05,4.98e-05,1e-05,0.4,0.930860592,390.0502313
6.91e-05,4.98e-05,1e-05,0.5,0.930860592,390.0502313
6.91e-05,4.98e-05,1e-05,0.6,0.930860592,390.0502313
6.91e-05,4.98e-05,1e-05,0.7,0.930860592,390.0502313
6.91e-05,4.98e-05,1e-05,0.8,0.930860592,390.0502313
6.91e-05,4.98e-05,1e-05,0.9,0.930860592,390.0502313
6.91e-05,4.98e-05,1e-05,1.0,0.930860592,390.0502313
8.01e-05,3.37e-05,0.0,0.0,0.919919047,317.0960571
8.01e-05,3.37e-05,0.0,0.1,0.919919047,390.0531746
8.01e-05,3.37e-05,0.0,0.2,0.919919047,390.0531746
8.01e-05,3.37e-05,0.0,0.3,0.919919047,390.0531746
8.01e-05,3.37e-05,0.0,0.4,0.919919047,390.0531746
8.01e-05,3.37e-05,0.0,0.5,0.919919047,390.0531746
8.01e-05,3.37e-05,0.0,0.6,0.919919047,390.0531746
8.01e-05,3.37e-05,0.0,0.7,0.919919047,390.0531746
8.01e-05,3.37e-05,0.0,0.8,0.919919047,390.0531746
8.01e-05,3.37e-05,0.0,0.9,0.919919047,390.0531746
8.01e-05,3.37e-05,0.0,1.0,0.919919047,390.0531746
8.05e-05,3.36e-05,1e-05,0.0,0.919536022,317.0960808
8.05e-05,3.36e-05,1e-05,0.1,0.919536022,390.0533074
8.05e-05,3.36e-05,1e-05,0.2,0.919536022,390.0533074
8.05e-05,3.36e-05,1e-05,0.3,0.919536022,390.0533074
8.05e-05,3.36e-05,1e-05,0.4,0.919536022,390.0533074
8.05e-05,3.36e-05,1e-05,0.5,0.919536022,390.0533074
8.05e-05,3.36e-05,1e-05,0.6,0.919536022,390.0533074
8.05e-05,3.36e-05,1e-05,0.7,0.919536022,390.0533074
8.05e-05,3.36e-05,1e-05,0.8,0.919536022,390.0533074
8.05e-05,3.36e-05,1e-05,0.9,0.919536022,390.0533074
8.05e-05,3.36e-05,1e-05,1.0,0.919536022,390.0533074
9e-05,1.73e-05,0.0,0.0,0.91,317.0960253
9e-05,1.73e-05,0.0,0.1,0.91,390.0532165
9e-05,1.73e-05,0.0,0.2,0.91,390.0532165
9e-05,1.73e-05,0.0,0.3,0.91,390.0532165
9e-05,1.73e-05,0.0,0.4,0.91,390.0532165
9e-05,1.73e-05,0.0,0.5,0.91,390.0532165
9e-05,1.73e-05,0.0,0.6,0.91,390.0532165
9e-05,1.73e-05,0.0,0.7,0.91,390.0532165
9e-05,1.73e-05,0.0,0.8,0.91,390.0532165
9e-05,1.73e-05,0.0,0.9,0.91,390.0532165
9e-05,1.73e-05,0.0,1.0,0.91,390.0532165
9e-05,1.73e-05,1e-05,0.0,0.91,317.0960254
9e-05,1.73e-05,1e-05,0.1,0.91,390.0532165
9e-05,1.73e-05,1e-05,0.2,0.91,390.0532165
9e-05,1.73e-05,1e-05,0.3,0.91,390.0532165
9e-05,1.73e-05,1e-05,0.4,0.91,390.0532165
9e-05,1.73e-05,1e-05,0.5,0.91,390.0532165
9e-05,1.73e-05,1e-05,0.6,0.91,390.0532165
9e-05,1.73e-05,1e-05,0.7,0.91,390.0532165
9e-05,1.73e-05,1e-05,0.8,0.91,390.0532165
9e-05,1.73e-05,1e-05,0.9,0.91,390.0532165
9e-05,1.73e-05,1e-05,1.0,0.91,390.0532165
0.0001,0.0,1e-05,0.0,0.9,317.0954394
0.0001,0.0,1e-05,0.1,0.9,390.050359
0.0001,0.0,1e-05,0.2,0.9,390.050359
0.0001,0.0,1e-05,0.3,0.9,390.050359
0.0001,0.0,1e-05,0.4,0.9,390.050359
0.0001,0.0,1e-05,0.5,0.9,390.050359
0.0001,0.0,1e-05,0.6,0.9,390.050359
0.0001,0.0,1e-05,0.7,0.9,390.050359
0.0001,0.0,1e-05,0.8,0.9,390.050359
0.0001,0.0,1e-05,0.9,0.9,390.050359
0.0001,0.0,1e-05,1.0,0.9,390.050359
0.0001,0.0,0.0,0.0,0.9,317.0954394
0.0001,0.0,0.0,0.1,0.9,390.050359
0.0001,0.0,0.0,0.2,0.9,390.050359
0.0001,0.0,0.0,0.3,0.9,390.050359
0.0001,0.0,0.0,0.4,0.9,390.050359
0.0001,0.0,0.0,0.5,0.9,390.050359
0.0001,0.0,0.0,0.6,0.9,390.050359
0.0001,0.0,0.0,0.7,0.9,390.050359
0.0001,0.0,0.0,0.8,0.9,390.050359
0.0001,0.0,0.0,0.9,0.9,390.050359
0.0001,0.0,0.0,1.0,0.9,390.050359
6e-05,0.0001,0.0,0.0,0.94,317.0927626
6e-05,0.0001,0.0,0.1,0.94,390.0354357
6e-05,0.0001,0.0,0.2,0.94,390.0354357
6e-05,0.0001,0.0,0.3,0.94,390.0354357
6e-05,0.0001,0.0,0.4,0.94,390.0354357
6e-05,0.0001,0.0,0.5,0.94,390.0354357
6e-05,0.0001,0.0,0.6,0.94,390.0354357
6e-05,0.0001,0.0,0.7,0.94,390.0354357
6e-05,0.0001,0.0,0.8,0.94,390.0354357
6e-05,0.0001,0.0,0.9,0.94,390.0354357
6e-05,0.0001,0.0,1.0,0.94,390.0354357
6e-05,0.0001,1e-05,0.0,0.94,317.0927626
6e-05,0.0001,1e-05,0.1,0.94,390.0354357
6e-05,0.0001,1e-05,0.2,0.94,390.0354357
6e-05,0.0001,1e-05,0.3,0.94,390.0354357
6e-05,0.0001,1e-05,0.4,0.94,390.0354357
6e-05,0.0001,1e-05,0.5,0.94,390.0354357
6e-05,0.0001,1e-05,0.6,0.94,390.0354357
6e-05,0.0001,1e-05,0.7,0.94,390.0354357
6e-05,0.0001,1e-05,0.8,0.94,390.0354357
6e-05,0.0001,1e-05,0.9,0.94,390.0354357
6e-05,0.0001,1e-05,1.0,0.94,390.0354357
7e-05,8.27e-05,1e-05,0.0,0.93,317.0946872
7e-05,8.27e-05,1e-05,0.1,0.93,390.0457548
7e-05,8.27e-05,1e-05,0.2,0.93,390.0457548
7e-05,8.27e-05,1e-05,0.3,0.93,390.0457548
7e-05,8.27e-05,1e-05,0.4,0.93,390.0457548
7e-05,8.27e-05,1e-05,0.5,0.93,390.0457548
7e-05,8.27e-05,1e-05,0.6,0.93,390.0457548
7e-05,8.27e-05,1e-05,0.7,0.93,390.0457548
7e-05,8.27e-05,1e-05,0.8,0.93,390.0457548
7e-05,8.27e-05,1e-05,0.9,0.93,390.0457548
7e-05,8.27e-05,1e-05,1.0,0.93,390.0457548
7e-05,8.27e-05,0.0,0.0,0.93,317.0946873
7e-05,8.27e-05,0.0,0.1,0.93,390.0457548
7e-05,8.27e-05,0.0,0.2,0.93,390.0457548
7e-05,8.27e-05,0.0,0.3,0.93,390.0457548
7e-05,8.27e-05,0.0,0.4,0.93,390.0457548
7e-05,8.27e-05,0.0,0.5,0.93,390.0457548
7e-05,8.27e-05,0.0,0.6,0.93,390.0457548
7e-05,8.27e-05,0.0,0.7,0.93,390.0457548
7e-05,8.27e-05,0.0,0.8,0.93,390.0457548
7e-05,8.27e-05,0.0,0.9,0.93,390.0457548
7e-05,8.27e-05,0.0,1.0,0.93,390.0457548
7.93e-05,6.63e-05,0.0,0.0,0.920654134,317.0960083
7.93e-05,6.63e-05,0.0,0.1,0.920654134,390.0529027
7.93e-05,6.63e-05,0.0,0.2,0.920654134,390.0529027
7.93e-05,6.63e-05,0.0,0.3,0.920654134,390.0529027
7.93e-05,6.63e-05,0.0,0.4,0.920654134,390.0529027
7.93e-05,6.63e-05,0.0,0.5,0.920654134,390.0529027
7.93e-05,6.63e-05,0.0,0.6,0.920654134,390.0529027
7.93e-05,6.63e-05,0.0,0.7,0.920654134,390.0529027
7.93e-05,6.63e-05,0.0,0.8,0.920654134,390.0529027
7.93e-05,6.63e-05,0.0,0.9,0.920654134,390.0529027
7.93e-05,6.63e-05,0.0,1.0,0.920654134,390.0529027
8e-05,6.63e-05,1e-05,0.0,0.92,317.0960522
8e-05,6.63e-05,1e-05,0.1,0.92,390.0531474
8e-05,6.63e-05,1e-05,0.2,0.92,390.0531474
8e-05,6.63e-05,1e-05,0.3,0.92,390.0531474
8e-05,6.63e-05,1e-05,0.4,0.92,390.0531474
8e-05,6.63e-05,1e-05,0.5,0.92,390.0531474
8e-05,6.63e-05,1e-05,0.6,0.92,390.0531474
8e-05,6.63e-05,1e-05,0.7,0.92,390.0531474
8e-05,6.63e-05,1e-05,0.8,0.92,390.0531474
8e-05,6.63e-05,1e-05,0.9,0.92,390.0531474
8e-05,6.63e-05,1e-05,1.0,0.92,390.0531474
8.94e-05,5.04e-05,0.0,0.0,0.91055454,317.0969003
8.94e-05,5.04e-05,0.0,0.1,0.91055454,390.0578205
8.94e-05,5.04e-05,0.0,0.2,0.91055454,390.0578205
8.94e-05,5.04e-05,0.0,0.3,0.91055454,390.0578205
8.94e-05,5.04e-05,0.0,0.4,0.91055454,390.0578205
8.94e-05,5.04e-05,0.0,0.5,0.91055454,390.0578205
8.94e-05,5.04e-05,0.0,0.6,0.91055454,390.0578205
8.94e-05,5.04e-05,0.0,0.7,0.91055454,390.0578205
8.94e-05,5.04e-05,0.0,0.8,0.91055454,390.0578205
8.94e-05,5.04e-05,0.0,0.9,0.91055454,390.0578205
8.94e-05,5.04e-05,0.0,1.0,0.91055454,390.0578205
8.95e-05,5.06e-05,1e-05,0.0,0.910490469,317.0969044
8.95e-05,5.06e-05,1e-05,0.1,0.910490469,390.0578433
8.95e-05,5.06e-05,1e-05,0.2,0.910490469,390.0578433
8.95e-05,5.06e-05,1e-05,0.3,0.910490469,390.0578433
8.95e-05,5.06e-05,1e-05,0.4,0.910490469,390.0578433
8.95e-05,5.06e-05,1e-05,0.5,0.910490469,390.0578433
8.95e-05,5.06e-05,1e-05,0.6,0.910490469,390.0578433
8.95e-05,5.06e-05,1e-05,0.7,0.910490469,390.0578433
8.95e-05,5.06e-05,1e-05,0.8,0.910490469,390.0578433
8.95e-05,5.06e-05,1e-05,0.9,0.910490469,390.0578433
8.95e-05,5.06e-05,1e-05,1.0,0.910490469,390.0578433
0.0001,3.46e-05,0.0,0.0,0.9,317.0973726
0.0001,3.46e-05,0.0,0.1,0.9,390.0605512
0.0001,3.46e-05,0.0,0.2,0.9,390.0605512
0.0001,3.46e-05,0.0,0.3,0.9,390.0605512
0.0001,3.46e-05,0.0,0.4,0.9,390.0605512
0.0001,3.46e-05,0.0,0.5,0.9,390.0605512
0.0001,3.46e-05,0.0,0.6,0.9,390.0605512
0.0001,3.46e-05,0.0,0.7,0.9,390.0605512
0.0001,3.46e-05,0.0,0.8,0.9,390.0605512
0.0001,3.46e-05,0.0,0.9,0.9,390.0605512
0.0001,3.46e-05,0.0,1.0,0.9,390.0605512
0.0001,3.41e-05,5e-06,0.0,0.900036093,317.0975709
0.0001,3.41e-05,5e-06,0.1,0.900036093,390.0615948
0.0001,3.41e-05,5e-06,0.2,0.900036093,390.0615948
0.0001,3.41e-05,5e-06,0.3,0.900036093,390.0615948
0.0001,3.41e-05,5e-06,0.4,0.900036093,390.0615948
0.0001,3.41e-05,5e-06,0.5,0.900036093,390.0615948
0.0001,3.41e-05,5e-06,0.6,0.900036093,390.0615948
0.0001,3.41e-05,5e-06,0.7,0.900036093,390.0615948
0.0001,3.41e-05,5e-06,0.8,0.900036093,390.0615948
0.0001,3.41e-05,5e-06,0.9,0.900036093,390.0615948
0.0001,3.41e-05,5e-06,1.0,0.900036093,390.0615948
0.0001,3.46e-05,1e-05,0.0,0.9,317.0973726
0.0001,3.46e-05,1e-05,0.1,0.9,390.0605512
0.0001,3.46e-05,1e-05,0.2,0.9,390.0605512
0.0001,3.46e-05,1e-05,0.3,0.9,390.0605512
0.0001,3.46e-05,1e-05,0.4,0.9,390.0605512
0.0001,3.46e-05,1e-05,0.5,0.9,390.0605512
0.0001,3.46e-05,1e-05,0.6,0.9,390.0605512
0.0001,3.46e-05,1e-05,0.7,0.9,390.0605512
0.0001,3.46e-05,1e-05,0.8,0.9,390.0605512
0.0001,3.46e-05,1e-05,0.9,0.9,390.0605512
0.0001,3.46e-05,1e-05,1.0,0.9,390.0605512
0.00011,1.73e-05,1e-05,0.0,0.89,317.0972793
0.00011,1.73e-05,1e-05,0.1,0.89,390.0603018
0.00011,1.73e-05,1e-05,0.2,0.89,390.0603018
0.00011,1.73e-05,1e-05,0.3,0.89,390.0603018
0.00011,1.73e-05,1e-05,0.4,0.89,390.0603018
0.00011,1.73e-05,1e-05,0.5,0.89,390.0603018
0.00011,1.73e-05,1e-05,0.6,0.89,390.0603018
0.00011,1.73e-05,1e-05,0.7,0.89,390.0603018
0.00011,1.73e-05,1e-05,0.8,0.89,390.0603018
0.00011,1.73e-05,1e-05,0.9,0.89,390.0603018
0.00011,1.73e-05,1e-05,1.0,0.89,390.0603018
0.00011,1.73e-05,0.0,0.0,0.89,317.0972793
0.00011,1.73e-05,0.0,0.1,0.89,390.0603018
0.00011,1.73e-05,0.0,0.2,0.89,390.0603018
0.00011,1.73e-05,0.0,0.3,0.89,390.0603018
0.00011,1.73e-05,0.0,0.4,0.89,390.0603018
0.00011,1.73e-05,0.0,0.5,0.89,390.0603018
0.00011,1.73e-05,0.0,0.6,0.89,390.0603018
0.00011,1.73e-05,0.0,0.7,0.89,390.0603018
0.00011,1.73e-05,0.0,0.8,0.89,390.0603018
0.00011,1.73e-05,0.0,0.9,0.89,390.0603018
0.00011,1.73e-05,0.0,1.0,0.89,390.0603018
0.00012,0.0,1e-05,0.0,0.88,317.0966524
0.00012,0.0,1e-05,0.1,0.88,390.0572568
0.00012,0.0,1e-05,0.2,0.88,390.0572568
0.00012,0.0,1e-05,0.3,0.88,390.0572568
0.00012,0.0,1e-05,0.4,0.88,390.0572568
0.00012,0.0,1e-05,0.5,0.88,390.0572568
0.00012,0.0,1e-05,0.6,0.88,390.0572568
0.00012,0.0,1e-05,0.7,0.88,390.0572568
0.00012,0.0,1e-05,0.8,0.88,390.0572568
0.00012,0.0,1e-05,0.9,0.88,390.0572568
0.00012,0.0,1e-05,1.0,0.88,390.0572568
0.00012,0.0,0.0,0.0,0.88,317.0966524
0.00012,0.0,0.0,0.1,0.88,390.0572568
0.00012,0.0,0.0,0.2,0.88,390.0572568
0.00012,0.0,0.0,0.3,0.88,390.0572568
0.00012,0.0,0.0,0.4,0.88,390.0572568
0.00012,0.0,0.0,0.5,0.88,390.0572568
0.00012,0.0,0.0,0.6,0.88,390.0572568
0.00012,0.0,0.0,0.7,0.88,390.0572568
0.00012,0.0,0.0,0.8,0.88,390.0572568
0.00012,0.0,0.0,0.9,0.88,390.0572568
0.00012,0.0,0.0,1.0,0.88,390.0572568
8e-05,0.0001,0.0,0.0,0.92,317.0941439
8e-05,0.0001,0.0,0.1,0.92,390.0430863
8e-05,0.0001,0.0,0.2,0.92,390.0430863
8e-05,0.0001,0.0,0.3,0.92,390.0430863
8e-05,0.0001,0.0,0.4,0.92,390.0430863
8e-05,0.0001,0.0,0.5,0.92,390.0430863
8e-05,0.0001,0.0,0.6,0.92,390.0430863
8e-05,0.0001,0.0,0.7,0.92,390.0430863
8e-05,0.0001,0.0,0.8,0.92,390.0430863
8e-05,0.0001,0.0,0.9,0.92,390.0430863
8e-05,0.0001,0.0,1.0,0.92,390.0430863
8e-05,0.0001,1e-05,0.0,0.92,317.0941439
8e-05,0.0001,1e-05,0.1,0.92,390.0430864
8e-05,0.0001,1e-05,0.2,0.92,390.0430864
8e-05,0.0001,1e-05,0.3,0.92,390.0430864
8e-05,0.0001,1e-05,0.4,0.92,390.0430864
8e-05,0.0001,1e-05,0.5,0.92,390.0430864
8e-05,0.0001,1e-05,0.6,0.92,390.0430864
8e-05,0.0001,1e-05,0.7,0.92,390.0430864
8e-05,0.0001,1e-05,0.8,0.92,390.0430864
8e-05,0.0001,1e-05,0.9,0.92,390.0430864
8e-05,0.0001,1e-05,1.0,0.92,390.0430864
9e-05,8.27e-05,1e-05,0.0,0.91,317.0960253
9e-05,8.27e-05,1e-05,0.1,0.91,390.0532165
9e-05,8.27e-05,1e-05,0.2,0.91,390.0532165
9e-05,8.27e-05,1e-05,0.3,0.91,390.0532165
9e-05,8.27e-05,1e-05,0.4,0.91,390.0532165
9e-05,8.27e-05,1e-05,0.5,0.91,390.0532165
9e-05,8.27e-05,1e-05,0.6,0.91,390.0532165
9e-05,8.27e-05,1e-05,0.7,0.91,390.0532165
9e-05,8.27e-05,1e-05,0.8,0.91,390.0532165
9e-05,8.27e-05,1e-05,0.9,0.91,390.0532165
9e-05,8.27e-05,1e-05,1.0,0.91,390.0532165
9e-05,8.3e-05,5e-06,0.0,0.910036504,317.0962167
9e-05,8.3e-05,5e-06,0.1,0.910036504,390.0542237
9e-05,8.3e-05,5e-06,0.2,0.910036504,390.0542237
9e-05,8.3e-05,5e-06,0.3,0.910036504,390.0542237
9e-05,8.3e-05,5e-06,0.4,0.910036504,390.0542237
9e-05,8.3e-05,5e-06,0.5,0.910036504,390.0542237
9e-05,8.3e-05,5e-06,0.6,0.910036504,390.0542237
9e-05,8.3e-05,5e-06,0.7,0.910036504,390.0542237
9e-05,8.3e-05,5e-06,0.8,0.910036504,390.0542237
9e-05,8.3e-05,5e-06,0.9,0.910036504,390.0542237
9e-05,8.3e-05,5e-06,1.0,0.910036504,390.0542237
9.01e-05,8.27e-05,0.0,0.0,0.909856922,317.0960344
9.01e-05,8.27e-05,0.0,0.1,0.909856922,390.0532672
9.01e-05,8.27e-05,0.0,0.2,0.909856922,390.0532672
9.01e-05,8.27e-05,0.0,0.3,0.909856922,390.0532672
9.01e-05,8.27e-05,0.0,0.4,0.909856922,390.0532672
9.01e-05,8.27e-05,0.0,0.5,0.909856922,390.0532672
9.01e-05,8.27e-05,0.0,0.6,0.909856922,390.0532672
9.01e-05,8.27e-05,0.0,0.7,0.909856922,390.0532672
9.01e-05,8.27e-05,0.0,0.8,0.909856922,390.0532672
9.01e-05,8.27e-05,0.0,0.9,0.909856922,390.0532672
9.01e-05,8.27e-05,0.0,1.0,0.909856922,390.0532672
0.0001,6.69e-05,1e-05,0.0,0.9,317.0973294
0.0001,6.69e-05,1e-05,0.1,0.9,390.0603231
0.0001,6.69e-05,1e-05,0.2,0.9,390.0603231
0.0001,6.69e-05,1e-05,0.3,0.9,390.0603231
0.0001,6.69e-05,1e-05,0.4,0.9,390.0603231
0.0001,6.69e-05,1e-05,0.5,0.9,390.0603231
0.0001,6.69e-05,1e-05,0.6,0.9,390.0603231
0.0001,6.69e-05,1e-05,0.7,0.9,390.0603231
0.0001,6.69e-05,1e-05,0.8,0.9,390.0603231
0.0001,6.69e-05,1e-05,0.9,0.9,390.0603231
0.0001,6.69e-05,1e-05,1.0,0.9,390.0603231
0.0001,6.69e-05,0.0,0.0,0.9,317.0973294
0.0001,6.69e-05,0.0,0.1,0.9,390.0603232
0.0001,6.69e-05,0.0,0.2,0.9,390.0603232
0.0001,6.69e-05,0.0,0.3,0.9,390.0603232
0.0001,6.69e-05,0.0,0.4,0.9,390.0603232
0.0001,6.69e-05,0.0,0.5,0.9,390.0603232
0.0001,6.69e-05,0.0,0.6,0.9,390.0603232
0.0001,6.69e-05,0.0,0.7,0.9,390.0603232
0.0001,6.69e-05,0.0,0.8,0.9,390.0603232
0.0001,6.69e-05,0.0,0.9,0.9,390.0603232
0.0001,6.69e-05,0.0,1.0,0.9,390.0603232
0.00011,5.09e-05,0.0,0.0,0.890002631,317.0981895
0.00011,5.09e-05,0.0,0.1,0.890002631,390.065104
0.00011,5.09e-05,0.0,0.2,0.890002631,390.065104
0.00011,5.09e-05,0.0,0.3,0.890002631,390.065104
0.00011,5.09e-05,0.0,0.4,0.890002631,390.065104
0.00011,5.09e-05,0.0,0.5,0.890002631,390.065104
0.00011,5.09e-05,0.0,0.6,0.890002631,390.065104
0.00011,5.09e-05,0.0,0.7,0.890002631,390.065104
0.00011,5.09e-05,0.0,0.8,0.890002631,390.065104
0.00011,5.09e-05,0.0,0.9,0.890002631,390.065104
0.00011,5.09e-05,0.0,1.0,0.890002631,390.065104
0.00011,5.09e-05,1e-05,0.0,0.890002592,317.0981896
0.00011,5.09e-05,1e-05,0.1,0.890002592,390.065104
0.00011,5.09e-05,1e-05,0.2,0.890002592,390.065104
0.00011,5.09e-05,1e-05,0.3,0.890002592,390.065104
0.00011,5.09e-05,1e-05,0.4,0.890002592,390.065104
0.00011,5.09e-05,1e-05,0.5,0.890002592,390.065104
0.00011,5.09e-05,1e-05,0.6,0.890002592,390.065104
0.00011,5.09e-05,1e-05,0.7,0.890002592,390.065104
0.00011,5.09e-05,1e-05,0.8,0.890002592,390.065104
0.00011,5.09e-05,1e-05,0.9,0.890002592,390.065104
0.00011,5.09e-05,1e-05,1.0,0.890002592,390.065104
0.00012,3.46e-05,0.0,0.0,0.88,317.0985857
0.00012,3.46e-05,0.0,0.1,0.88,390.0674498
0.00012,3.46e-05,0.0,0.2,0.88,390.0674498
0.00012,3.46e-05,0.0,0.3,0.88,390.0674498
0.00012,3.46e-05,0.0,0.4,0.88,390.0674498
0.00012,3.46e-05,0.0,0.5,0.88,390.0674498
0.00012,3.46e-05,0.0,0.6,0.88,390.0674498
0.00012,3.46e-05,0.0,0.7,0.88,390.0674498
0.00012,3.46e-05,0.0,0.8,0.88,390.0674498
0.00012,3.46e-05,0.0,0.9,0.88,390.0674498
0.00012,3.46e-05,0.0,1.0,0.88,390.0674498
0.00012,3.46e-05,1e-05,0.0,0.88,317.0985857
0.00012,3.46e-05,1e-05,0.1,0.88,390.0674498
0.00012,3.46e-05,1e-05,0.2,0.88,390.0674498
0.00012,3.46e-05,1e-05,0.3,0.88,390.0674498
0.00012,3.46e-05,1e-05,0.4,0.88,390.0674498
0.00012,3.46e-05,1e-05,0.5,0.88,390.0674498
0.00012,3.46e-05,1e-05,0.6,0.88,390.0674498
0.00012,3.46e-05,1e-05,0.7,0.88,390.0674498
0.00012,3.46e-05,1e-05,0.8,0.88,390.0674498
0.00012,3.46e-05,1e-05,0.9,0.88,390.0674498
0.00012,3.46e-05,1e-05,1.0,0.88,390.0674498
0.00013,1.73e-05,1e-05,0.0,0.87,317.0984522
0.00013,1.73e-05,1e-05,0.1,0.87,390.0670139
0.00013,1.73e-05,1e-05,0.2,0.87,390.0670139
0.00013,1.73e-05,1e-05,0.3,0.87,390.0670139
0.00013,1.73e-05,1e-05,0.4,0.87,390.0670139
0.00013,1.73e-05,1e-05,0.5,0.87,390.0670139
0.00013,1.73e-05,1e-05,0.6,0.87,390.0670139
0.00013,1.73e-05,1e-05,0.7,0.87,390.0670139
0.00013,1.73e-05,1e-05,0.8,0.87,390.0670139
0.00013,1.73e-05,1e-05,0.9,0.87,390.0670139
0.00013,1.73e-05,1e-05,1.0,0.87,390.0670139
0.00013,1.73e-05,0.0,0.0,0.87,317.0984522
0.00013,1.73e-05,0.0,0.1,0.87,390.0670139
0.00013,1.73e-05,0.0,0.2,0.87,390.0670139
0.00013,1.73e-05,0.0,0.3,0.87,390.0670139
0.00013,1.73e-05,0.0,0.4,0.87,390.0670139
0.00013,1.73e-05,0.0,0.5,0.87,390.0670139
0.00013,1.73e-05,0.0,0.6,0.87,390.0670139
0.00013,1.73e-05,0.0,0.7,0.87,390.0670139
0.00013,1.73e-05,0.0,0.8,0.87,390.0670139
0.00013,1.73e-05,0.0,0.9,0.87,390.0670139
0.00013,1.73e-05,0.0,1.0,0.87,390.0670139
0.00014,0.0,1e-05,0.0,0.86,317.0977857
0.00014,0.0,1e-05,0.1,0.86,390.0637829
0.00014,0.0,1e-05,0.2,0.86,390.0637829
0.00014,0.0,1e-05,0.3,0.86,390.0637829
0.00014,0.0,1e-05,0.4,0.86,390.0637829
0.00014,0.0,1e-05,0.5,0.86,390.0637829
0.00014,0.0,1e-05,0.6,0.86,390.0637829
0.00014,0.0,1e-05,0.7,0.86,390.0637829
0.00014,0.0,1e-05,0.8,0.86,390.0637829
0.00014,0.0,1e-05,0.9,0.86,390.0637829
0.00014,0.0,1e-05,1.0,0.86,390.0637829
0.00014,0.0,0.0,0.0,0.86,317.0977857
0.00014,0.0,0.0,0.1,0.86,390.0637828
0.00014,0.0,0.0,0.2,0.86,390.0637828
0.00014,0.0,0.0,0.3,0.86,390.0637828
0.00014,0.0,0.0,0.4,0.86,390.0637828
0.00014,0.0,0.0,0.5,0.86,390.0637828
0.00014,0.0,0.0,0.6,0.86,390.0637828
0.00014,0.0,0.0,0.7,0.86,390.0637828
0.00014,0.0,0.0,0.8,0.86,390.0637828
0.00014,0.0,0.0,0.9,0.86,390.0637828
0.00014,0.0,0.0,1.0,0.86,390.0637828
0.0001,0.0001,0.0,0.0,0.9,317.0954394
0.0001,0.0001,0.0,0.1,0.9,390.050359
0.0001,0.0001,0.0,0.2,0.9,390.050359
0.0001,0.0001,0.0,0.3,0.9,390.050359
0.0001,0.0001,0.0,0.4,0.9,390.050359
0.0001,0.0001,0.0,0.5,0.9,390.050359
0.0001,0.0001,0.0,0.6,0.9,390.050359
0.0001,0.0001,0.0,0.7,0.9,390.050359
0.0001,0.0001,0.0,0.8,0.9,390.050359
0.0001,0.0001,0.0,0.9,0.9,390.050359
0.0001,0.0001,0.0,1.0,0.9,390.050359
0.0001,0.0001,1e-05,0.0,0.9,317.0954394
0.0001,0.0001,1e-05,0.1,0.9,390.050359
0.0001,0.0001,1e-05,0.2,0.9,390.050359
0.0001,0.0001,1e-05,0.3,0.9,390.050359
0.0001,0.0001,1e-05,0.4,0.9,390.050359
0.0001,0.0001,1e-05,0.5,0.9,390.050359
0.0001,0.0001,1e-05,0.6,0.9,390.050359
0.0001,0.0001,1e-05,0.7,0.9,390.050359
0.0001,0.0001,1e-05,0.8,0.9,390.050359
0.0001,0.0001,1e-05,0.9,0.9,390.050359
0.0001,0.0001,1e-05,1.0,0.9,390.050359
0.00011,8.27e-05,1e-05,0.0,0.89,317.0972793
0.00011,8.27e-05,1e-05,0.1,0.89,390.0603018
0.00011,8.27e-05,1e-05,0.2,0.89,390.0603018
0.00011,8.27e-05,1e-05,0.3,0.89,390.0603018
0.00011,8.27e-05,1e-05,0.4,0.89,390.0603018
0.00011,8.27e-05,1e-05,0.5,0.89,390.0603018
0.00011,8.27e-05,1e-05,0.6,0.89,390.0603018
0.00011,8.27e-05,1e-05,0.7,0.89,390.0603018
0.00011,8.27e-05,1e-05,0.8,0.89,390.0603018
0.00011,8.27e-05,1e-05,0.9,0.89,390.0603018
0.00011,8.27e-05,1e-05,1.0,0.89,390.0603018
0.00011,8.27e-05,0.0,0.0,0.89,317.0972793
0.00011,8.27e-05,0.0,0.1,0.89,390.0603018
0.00011,8.27e-05,0.0,0.2,0.89,390.0603018
0.00011,8.27e-05,0.0,0.3,0.89,390.0603018
0.00011,8.27e-05,0.0,0.4,0.89,390.0603018
0.00011,8.27e-05,0.0,0.5,0.89,390.0603018
0.00011,8.27e-05,0.0,0.6,0.89,390.0603018
0.00011,8.27e-05,0.0,0.7,0.89,390.0603018
0.00011,8.27e-05,0.0,0.8,0.89,390.0603018
0.00011,8.27e-05,0.0,0.9,0.89,390.0603018
0.00011,8.27e-05,0.0,1.0,0.89,390.0603018
0.00012,6.69e-05,1e-05,0.0,0.88,317.0985425
0.00012,6.69e-05,1e-05,0.1,0.88,390.0672217
0.00012,6.69e-05,1e-05,0.2,0.88,390.0672217
0.00012,6.69e-05,1e-05,0.3,0.88,390.0672217
0.00012,6.69e-05,1e-05,0.4,0.88,390.0672217
0.00012,6.69e-05,1e-05,0.5,0.88,390.0672217
0.00012,6.69e-05,1e-05,0.6,0.88,390.0672217
0.00012,6.69e-05,1e-05,0.7,0.88,390.0672217
0.00012,6.69e-05,1e-05,0.8,0.88,390.0672217
0.00012,6.69e-05,1e-05,0.9,0.88,390.0672217
0.00012,6.69e-05,1e-05,1.0,0.88,390.0672217
0.00012,6.69e-05,0.0,0.0,0.88,317.0985425
0.00012,6.69e-05,0.0,0.1,0.88,390.0672217
0.00012,6.69e-05,0.0,0.2,0.88,390.0672217
0.00012,6.69e-05,0.0,0.3,0.88,390.0672217
0.00012,6.69e-05,0.0,0.4,0.88,390.0672217
0.00012,6.69e-05,0.0,0.5,0.88,390.0672217
0.00012,6.69e-05,0.0,0.6,0.88,390.0672217
0.00012,6.69e-05,0.0,0.7,0.88,390.0672217
0.00012,6.69e-05,0.0,0.8,0.88,390.0672217
0.00012,6.69e-05,0.0,0.9,0.88,390.0672217
0.00012,6.69e-05,0.0,1.0,0.88,390.0672217
0.00013,5.1e-05,0.0,0.0,0.870000439,317.0993625
0.00013,5.1e-05,0.0,0.1,0.870000439,390.0718166
0.00013,5.1e-05,0.0,0.2,0.870000439,390.0718166
0.00013,5.1e-05,0.0,0.3,0.870000439,390.0718166
0.00013,5.1e-05,0.0,0.4,0.870000439,390.0718166
0.00013,5.1e-05,0.0,0.5,0.870000439,390.0718166
0.00013,5.1e-05,0.0,0.6,0.870000439,390.0718166
0.00013,5.1e-05,0.0,0.7,0.870000439,390.0718166
0.00013,5.1e-05,0.0,0.8,0.870000439,390.0718166
0.00013,5.1e-05,0.0,0.9,0.870000439,390.0718166
0.00013,5.1e-05,0.0,1.0,0.870000439,390.0718166
0.00013,5.1e-05,1e-05,0.0,0.870000432,317.0993625
0.00013,5.1e-05,1e-05,0.1,0.870000432,390.0718166
0.00013,5.1e-05,1e-05,0.2,0.870000432,390.0718166
0.00013,5.1e-05,1e-05,0.3,0.870000432,390.0718166
0.00013,5.1e-05,1e-05,0.4,0.870000432,390.0718166
0.00013,5.1e-05,1e-05,0.5,0.870000432,390.0718166
0.00013,5.1e-05,1e-05,0.6,0.870000432,390.0718166
0.00013,5.1e-05,1e-05,0.7,0.870000432,390.0718166
0.00013,5.1e-05,1e-05,0.8,0.870000432,390.0718166
0.00013,5.1e-05,1e-05,0.9,0.870000432,390.0718166
0.00013,5.1e-05,1e-05,1.0,0.870000432,390.0718166
0.00014,3.44e-05,5e-06,0.0,0.860000073,317.0999257
0.00014,3.44e-05,5e-06,0.1,0.860000073,390.0750647
0.00014,3.44e-05,5e-06,0.2,0.860000073,390.0750647
0.00014,3.44e-05,5e-06,0.3,0.860000073,390.0750647
0.00014,3.44e-05,5e-06,0.4,0.860000073,390.0750647
0.00014,3.44e-05,5e-06,0.5,0.860000073,390.0750647
0.00014,3.44e-05,5e-06,0.6,0.860000073,390.0750647
0.00014,3.44e-05,5e-06,0.7,0.860000073,390.0750647
0.00014,3.44e-05,5e-06,0.8,0.860000073,390.0750647
0.00014,3.44e-05,5e-06,0.9,0.860000073,390.0750647
0.00014,3.44e-05,5e-06,1.0,0.860000073,390.0750647
0.00014,3.46e-05,0.0,0.0,0.86,317.0997192
0.00014,3.46e-05,0.0,0.1,0.86,390.0739766
0.00014,3.46e-05,0.0,0.2,0.86,390.0739766
0.00014,3.46e-05,0.0,0.3,0.86,390.0739766
0.00014,3.46e-05,0.0,0.4,0.86,390.0739766
0.00014,3.46e-05,0.0,0.5,0.86,390.0739766
0.00014,3.46e-05,0.0,0.6,0.86,390.0739766
0.00014,3.46e-05,0.0,0.7,0.86,390.0739766
0.00014,3.46e-05,0.0,0.8,0.86,390.0739766
0.00014,3.46e-05,0.0,0.9,0.86,390.0739766
0.00014,3.46e-05,0.0,1.0,0.86,390.0739766
0.00014,3.46e-05,1e-05,0.0,0.86,317.0997192
0.00014,3.46e-05,1e-05,0.1,0.86,390.0739766
0.00014,3.46e-05,1e-05,0.2,0.86,390.0739766
0.00014,3.46e-05,1e-05,0.3,0.86,390.0739766
0.00014,3.46e-05,1e-05,0.4,0.86,390.0739766
0.00014,3.46e-05,1e-05,0.5,0.86,390.0739766
0.00014,3.46e-05,1e-05,0.6,0.86,390.0739766
0.00014,3.46e-05,1e-05,0.7,0.86,390.0739766
0.00014,3.46e-05,1e-05,0.8,0.86,390.0739766
0.00014,3.46e-05,1e-05,0.9,0.86,390.0739766
0.00014,3.46e-05,1e-05,1.0,0.86,390.0739766
0.00015,1.73e-05,1e-05,0.0,0.85,317.0995468
0.00015,1.73e-05,1e-05,0.1,0.85,390.0733556
0.00015,1.73e-05,1e-05,0.2,0.85,390.0733556
0.00015,1.73e-05,1e-05,0.3,0.85,390.0733556
0.00015,1.73e-05,1e-05,0.4,0.85,390.0733556
0.00015,1.73e-05,1e-05,0.5,0.85,390.0733556
0.00015,1.73e-05,1e-05,0.6,0.85,390.0733556
0.00015,1.73e-05,1e-05,0.7,0.85,390.0733556
0.00015,1.73e-05,1e-05,0.8,0.85,390.0733556
0.00015,1.73e-05,1e-05,0.9,0.85,390.0733556
0.00015,1.73e-05,1e-05,1.0,0.85,390.0733556
0.00015,1.73e-05,0.0,0.0,0.85,317.0995469
0.00015,1.73e-05,0.0,0.1,0.85,390.0733556
0.00015,1.73e-05,0.0,0.2,0.85,390.0733556
0.00015,1.73e-05,0.0,0.3,0.85,390.0733556
0.00015,1.73e-05,0.0,0.4,0.85,390.0733556
0.00015,1.73e-05,0.0,0.5,0.85,390.0733556
0.00015,1.73e-05,0.0,0.6,0.85,390.0733556
0.00015,1.73e-05,0.0,0.7,0.85,390.0733556
0.00015,1.73e-05,0.0,0.8,0.85,390.0733556
0.00015,1.73e-05,0.0,0.9,0.85,390.0733556
0.00015,1.73e-05,0.0,1.0,0.85,390.0733556
0.00016,0.0,1e-05,0.0,0.84,317.0988423
0.00016,0.0,1e-05,0.1,0.84,390.06994
0.00016,0.0,1e-05,0.2,0.84,390.06994
0.00016,0.0,1e-05,0.3,0.84,390.06994
0.00016,0.0,1e-05,0.4,0.84,390.06994
0.00016,0.0,1e-05,0.5,0.84,390.06994
0.00016,0.0,1e-05,0.6,0.84,390.06994
0.00016,0.0,1e-05,0.7,0.84,390.06994
0.00016,0.0,1e-05,0.8,0.84,390.06994
0.00016,0.0,1e-05,0.9,0.84,390.06994
0.00016,0.0,1e-05,1.0,0.84,390.06994
0.00016,0.0,0.0,0.0,0.84,317.0988423
0.00016,0.0,0.0,0.1,0.84,390.06994
0.00016,0.0,0.0,0.2,0.84,390.06994
0.00016,0.0,0.0,0.3,0.84,390.06994
0.00016,0.0,0.0,0.4,0.84,390.06994
0.00016,0.0,0.0,0.5,0.84,390.06994
0.00016,0.0,0.0,0.6,0.84,390.06994
0.00016,0.0,0.0,0.7,0.84,390.06994
0.00016,0.0,0.0,0.8,0.84,390.06994
0.00016,0.0,0.0,0.9,0.84,390.06994
0.00016,0.0,0.0,1.0,0.84,390.06994
0.00012,0.0001,0.0,0.0,0.88,317.0966524
0.00012,0.0001,0.0,0.1,0.88,390.0572568
0.00012,0.0001,0.0,0.2,0.88,390.0572568
0.00012,0.0001,0.0,0.3,0.88,390.0572568
0.00012,0.0001,0.0,0.4,0.88,390.0572568
0.00012,0.0001,0.0,0.5,0.88,390.0572568
0.00012,0.0001,0.0,0.6,0.88,390.0572568
0.00012,0.0001,0.0,0.7,0.88,390.0572568
0.00012,0.0001,0.0,0.8,0.88,390.0572568
0.00012,0.0001,0.0,0.9,0.88,390.0572568
0.00012,0.0001,0.0,1.0,0.88,390.0572568
0.00012,0.0001,1e-05,0.0,0.88,317.0966524
0.00012,0.0001,1e-05,0.1,0.88,390.0572568
0.00012,0.0001,1e-05,0.2,0.88,390.0572568
0.00012,0.0001,1e-05,0.3,0.88,390.0572568
0.00012,0.0001,1e-05,0.4,0.88,390.0572568
0.00012,0.0001,1e-05,0.5,0.88,390.0572568
0.00012,0.0001,1e-05,0.6,0.88,390.0572568
0.00012,0.0001,1e-05,0.7,0.88,390.0572568
0.00012,0.0001,1e-05,0.8,0.88,390.0572568
0.00012,0.0001,1e-05,0.9,0.88,390.0572568
0.00012,0.0001,1e-05,1.0,0.88,390.0572568
0.00013,8.27e-05,1e-05,0.0,0.87,317.0984521
0.00013,8.27e-05,1e-05,0.1,0.87,390.0670139
0.00013,8.27e-05,1e-05,0.2,0.87,390.0670139
0.00013,8.27e-05,1e-05,0.3,0.87,390.0670139
0.00013,8.27e-05,1e-05,0.4,0.87,390.0670139
0.00013,8.27e-05,1e-05,0.5,0.87,390.0670139
0.00013,8.27e-05,1e-05,0.6,0.87,390.0670139
0.00013,8.27e-05,1e-05,0.7,0.87,390.0670139
0.00013,8.27e-05,1e-05,0.8,0.87,390.0670139
0.00013,8.27e-05,1e-05,0.9,0.87,390.0670139
0.00013,8.27e-05,1e-05,1.0,0.87,390.0670139
0.00013,8.27e-05,0.0,0.0,0.87,317.0984522
0.00013,8.27e-05,0.0,0.1,0.87,390.0670139
0.00013,8.27e-05,0.0,0.2,0.87,390.0670139
0.00013,8.27e-05,0.0,0.3,0.87,390.0670139
0.00013,8.27e-05,0.0,0.4,0.87,390.0670139
0.00013,8.27e-05,0.0,0.5,0.87,390.0670139
0.00013,8.27e-05,0.0,0.6,0.87,390.0670139
0.00013,8.27e-05,0.0,0.7,0.87,390.0670139
0.00013,8.27e-05,0.0,0.8,0.87,390.0670139
0.00013,8.27e-05,0.0,0.9,0.87,390.0670139
0.00013,8.27e-05,0.0,1.0,0.87,390.0670139
0.00014,6.69e-05,1e-05,0.0,0.86,317.0996759
0.00014,6.69e-05,1e-05,0.1,0.86,390.0737485
0.00014,6.69e-05,1e-05,0.2,0.86,390.0737485
0.00014,6.69e-05,1e-05,0.3,0.86,390.0737485
0.00014,6.69e-05,1e-05,0.4,0.86,390.0737485
0.00014,6.69e-05,1e-05,0.5,0.86,390.0737485
0.00014,6.69e-05,1e-05,0.6,0.86,390.0737485
0.00014,6.69e-05,1e-05,0.7,0.86,390.0737485
0.00014,6.69e-05,1e-05,0.8,0.86,390.0737485
0.00014,6.69e-05,1e-05,0.9,0.86,390.0737485
0.00014,6.69e-05,1e-05,1.0,0.86,390.0737485
0.00014,6.69e-05,0.0,0.0,0.86,317.0996759
0.00014,6.69e-05,0.0,0.1,0.86,390.0737485
0.00014,6.69e-05,0.0,0.2,0.86,390.0737485
0.00014,6.69e-05,0.0,0.3,0.86,390.0737485
0.00014,6.69e-05,0.0,0.4,0.86,390.0737485
0.00014,6.69e-05,0.0,0.5,0.86,390.0737485
0.00014,6.69e-05,0.0,0.6,0.86,390.0737485
0.00014,6.69e-05,0.0,0.7,0.86,390.0737485
0.00014,6.69e-05,0.0,0.8,0.86,390.0737485
0.00014,6.69e-05,0.0,0.9,0.86,390.0737485
0.00014,6.69e-05,0.0,1.0,0.86,390.0737485
0.00015,5.1e-05,0.0,0.0,0.850000073,317.1004572
0.00015,5.1e-05,0.0,0.1,0.850000073,390.0781587
0.00015,5.1e-05,0.0,0.2,0.850000073,390.0781587
0.00015,5.1e-05,0.0,0.3,0.850000073,390.0781587
0.00015,5.1e-05,0.0,0.4,0.850000073,390.0781587
0.00015,5.1e-05,0.0,0.5,0.850000073,390.0781587
0.00015,5.1e-05,0.0,0.6,0.850000073,390.0781587
0.00015,5.1e-05,0.0,0.7,0.850000073,390.0781587
0.00015,5.1e-05,0.0,0.8,0.850000073,390.0781587
0.00015,5.1e-05,0.0,0.9,0.850000073,390.0781587
0.00015,5.1e-05,0.0,1.0,0.850000073,390.0781587
0.00015,5.1e-05,1e-05,0.0,0.850000072,317.1004573
0.00015,5.1e-05,1e-05,0.1,0.850000072,390.0781587
0.00015,5.1e-05,1e-05,0.2,0.850000072,390.0781587
0.00015,5.1e-05,1e-05,0.3,0.850000072,390.0781587
0.00015,5.1e-05,1e-05,0.4,0.850000072,390.0781587
0.00015,5.1e-05,1e-05,0.5,0.850000072,390.0781587
0.00015,5.1e-05,1e-05,0.6,0.850000072,390.0781587
0.00015,5.1e-05,1e-05,0.7,0.850000072,390.0781587
0.00015,5.1e-05,1e-05,0.8,0.850000072,390.0781587
0.00015,5.1e-05,1e-05,0.9,0.850000072,390.0781587
0.00015,5.1e-05,1e-05,1.0,0.850000072,390.0781587
0.00016,3.46e-05,0.0,0.0,0.84,317.1007758
0.00016,3.46e-05,0.0,0.1,0.84,390.0801345
0.00016,3.46e-05,0.0,0.2,0.84,390.0801345
0.00016,3.46e-05,0.0,0.3,0.84,390.0801345
0.00016,3.46e-05,0.0,0.4,0.84,390.0801345
0.00016,3.46e-05,0.0,0.5,0.84,390.0801345
0.00016,3.46e-05,0.0,0.6,0.84,390.0801345
0.00016,3.46e-05,0.0,0.7,0.84,390.0801345
0.00016,3.46e-05,0.0,0.8,0.84,390.0801345
0.00016,3.46e-05,0.0,0.9,0.84,390.0801345
0.00016,3.46e-05,0.0,1.0,0.84,390.0801345
0.00016,3.46e-05,1e-05,0.0,0.84,317.1007758
0.00016,3.46e-05,1e-05,0.1,0.84,390.0801345
0.00016,3.46e-05,1e-05,0.2,0.84,390.0801345
0.00016,3.46e-05,1e-05,0.3,0.84,390.0801345
0.00016,3.46e-05,1e-05,0.4,0.84,390.0801345
0.00016,3.46e-05,1e-05,0.5,0.84,390.0801345
0.00016,3.46e-05,1e-05,0.6,0.84,390.0801345
0.00016,3.46e-05,1e-05,0.7,0.84,390.0801345
0.00016,3.46e-05,1e-05,0.8,0.84,390.0801345
0.00016,3.46e-05,1e-05,0.9,0.84,390.0801345
0.00016,3.46e-05,1e-05,1.0,0.84,390.0801345
0.00017,1.73e-05,1e-05,0.0,0.83,317.1005661
0.00017,1.73e-05,1e-05,0.1,0.83,390.0793298
0.00017,1.73e-05,1e-05,0.2,0.83,390.0793298
0.00017,1.73e-05,1e-05,0.3,0.83,390.0793298
0.00017,1.73e-05,1e-05,0.4,0.83,390.0793298
0.00017,1.73e-05,1e-05,0.5,0.83,390.0793298
0.00017,1.73e-05,1e-05,0.6,0.83,390.0793298
0.00017,1.73e-05,1e-05,0.7,0.83,390.0793298
0.00017,1.73e-05,1e-05,0.8,0.83,390.0793298
0.00017,1.73e-05,1e-05,0.9,0.83,390.0793298
0.00017,1.73e-05,1e-05,1.0,0.83,390.0793298
0.00017,1.73e-05,0.0,0.0,0.83,317.1005661
0.00017,1.73e-05,0.0,0.1,0.83,390.0793298
0.00017,1.73e-05,0.0,0.2,0.83,390.0793298
0.00017,1.73e-05,0.0,0.3,0.83,390.0793298
0.00017,1.73e-05,0.0,0.4,0.83,390.0793298
0.00017,1.73e-05,0.0,0.5,0.83,390.0793298
0.00017,1.73e-05,0.0,0.6,0.83,390.0793298
0.00017,1.73e-05,0.0,0.7,0.83,390.0793298
0.00017,1.73e-05,0.0,0.8,0.83,390.0793298
0.00017,1.73e-05,0.0,0.9,0.83,390.0793298
0.00017,1.73e-05,0.0,1.0,0.83,390.0793298
0.00018,0.0,1e-05,0.0,0.82,317.0998247
0.00018,0.0,1e-05,0.1,0.82,390.075731
0.00018,0.0,1e-05,0.2,0.82,390.075731
0.00018,0.0,1e-05,0.3,0.82,390.075731
0.00018,0.0,1e-05,0.4,0.82,390.075731
0.00018,0.0,1e-05,0.5,0.82,390.075731
0.00018,0.0,1e-05,0.6,0.82,390.075731
0.00018,0.0,1e-05,0.7,0.82,390.075731
0.00018,0.0,1e-05,0.8,0.82,390.075731
0.00018,0.0,1e-05,0.9,0.82,390.075731
0.00018,0.0,1e-05,1.0,0.82,390.075731
0.00018,0.0,0.0,0.0,0.82,317.0998247
0.00018,0.0,0.0,0.1,0.82,390.0757311
0.00018,0.0,0.0,0.2,0.82,390.0757311
0.00018,0.0,0.0,0.3,0.82,390.0757311
0.00018,0.0,0.0,0.4,0.82,390.0757311
0.00018,0.0,0.0,0.5,0.82,390.0757311
0.00018,0.0,0.0,0.6,0.82,390.0757311
0.00018,0.0,0.0,0.7,0.82,390.0757311
0.00018,0.0,0.0,0.8,0.82,390.0757311
0.00018,0.0,0.0,0.9,0.82,390.0757311
0.00018,0.0,0.0,1.0,0.82,390.0757311
0.00014,0.0001,0.0,0.0,0.86,317.0977857
0.00014,0.0001,0.0,0.1,0.86,390.0637829
0.00014,0.0001,0.0,0.2,0.86,390.0637829
0.00014,0.0001,0.0,0.3,0.86,390.0637829
0.00014,0.0001,0.0,0.4,0.86,390.0637829
0.00014,0.0001,0.0,0.5,0.86,390.0637829
0.00014,0.0001,0.0,0.6,0.86,390.0637829
0.00014,0.0001,0.0,0.7,0.86,390.0637829
0.00014,0.0001,0.0,0.8,0.86,390.0637829
0.00014,0.0001,0.0,0.9,0.86,390.0637829
0.00014,0.0001,0.0,1.0,0.86,390.0637829
0.00014,9.31e-05,5e-06,0.0,0.86,317.0985505
0.00014,9.31e-05,5e-06,0.1,0.86,390.0678123
0.00014,9.31e-05,5e-06,0.2,0.86,390.0678123
0.00014,9.31e-05,5e-06,0.3,0.86,390.0678123
0.00014,9.31e-05,5e-06,0.4,0.86,390.0678123
0.00014,9.31e-05,5e-06,0.5,0.86,390.0678123
0.00014,9.31e-05,5e-06,0.6,0.86,390.0678123
0.00014,9.31e-05,5e-06,0.7,0.86,390.0678123
0.00014,9.31e-05,5e-06,0.8,0.86,390.0678123
0.00014,9.31e-05,5e-06,0.9,0.86,390.0678123
0.00014,9.31e-05,5e-06,1.0,0.86,390.0678123
0.00014,0.0001,1e-05,0.0,0.86,317.0977857
0.00014,0.0001,1e-05,0.1,0.86,390.0637829
0.00014,0.0001,1e-05,0.2,0.86,390.0637829
0.00014,0.0001,1e-05,0.3,0.86,390.0637829
0.00014,0.0001,1e-05,0.4,0.86,390.0637829
0.00014,0.0001,1e-05,0.5,0.86,390.0637829
0.00014,0.0001,1e-05,0.6,0.86,390.0637829
0.00014,0.0001,1e-05,0.7,0.86,390.0637829
0.00014,0.0001,1e-05,0.8,0.86,390.0637829
0.00014,0.0001,1e-05,0.9,0.86,390.0637829
0.00014,0.0001,1e-05,1.0,0.86,390.0637829
0.00015,8.27e-05,1e-05,0.0,0.85,317.0995469
0.00015,8.27e-05,1e-05,0.1,0.85,390.0733556
0.00015,8.27e-05,1e-05,0.2,0.85,390.0733556
0.00015,8.27e-05,1e-05,0.3,0.85,390.0733556
0.00015,8.27e-05,1e-05,0.4,0.85,390.0733556
0.00015,8.27e-05,1e-05,0.5,0.85,390.0733556
0.00015,8.27e-05,1e-05,0.6,0.85,390.0733556
0.00015,8.27e-05,1e-05,0.7,0.85,390.0733556
0.00015,8.27e-05,1e-05,0.8,0.85,390.0733556
0.00015,8.27e-05,1e-05,0.9,0.85,390.0733556
0.00015,8.27e-05,1e-05,1.0,0.85,390.0733556
0.00015,8.27e-05,0.0,0.0,0.85,317.0995469
0.00015,8.27e-05,0.0,0.1,0.85,390.0733556
0.00015,8.27e-05,0.0,0.2,0.85,390.0733556
0.00015,8.27e-05,0.0,0.3,0.85,390.0733556
0.00015,8.27e-05,0.0,0.4,0.85,390.0733556
0.00015,8.27e-05,0.0,0.5,0.85,390.0733556
0.00015,8.27e-05,0.0,0.6,0.85,390.0733556
0.00015,8.27e-05,0.0,0.7,0.85,390.0733556
0.00015,8.27e-05,0.0,0.8,0.85,390.0733556
0.00015,8.27e-05,0.0,0.9,0.85,390.0733556
0.00015,8.27e-05,0.0,1.0,0.85,390.0733556
0.00016,6.69e-05,1e-05,0.0,0.84,317.1007326
0.00016,6.69e-05,1e-05,0.1,0.84,390.0799064
0.00016,6.69e-05,1e-05,0.2,0.84,390.0799064
0.00016,6.69e-05,1e-05,0.3,0.84,390.0799064
0.00016,6.69e-05,1e-05,0.4,0.84,390.0799064
0.00016,6.69e-05,1e-05,0.5,0.84,390.0799064
0.00016,6.69e-05,1e-05,0.6,0.84,390.0799064
0.00016,6.69e-05,1e-05,0.7,0.84,390.0799064
0.00016,6.69e-05,1e-05,0.8,0.84,390.0799064
0.00016,6.69e-05,1e-05,0.9,0.84,390.0799064
0.00016,6.69e-05,1e-05,1.0,0.84,390.0799064
0.00016,6.69e-05,0.0,0.0,0.84,317.1007326
0.00016,6.69e-05,0.0,0.1,0.84,390.0799064
0.00016,6.69e-05,0.0,0.2,0.84,390.0799064
0.00016,6.69e-05,0.0,0.3,0.84,390.0799064
0.00016,6.69e-05,0.0,0.4,0.84,390.0799064
0.00016,6.69e-05,0.0,0.5,0.84,390.0799064
0.00016,6.69e-05,0.0,0.6,0.84,390.0799064
0.00016,6.69e-05,0.0,0.7,0.84,390.0799064
0.00016,6.69e-05,0.0,0.8,0.84,390.0799064
0.00016,6.69e-05,0.0,0.9,0.84,390.0799064
0.00016,6.69e-05,0.0,1.0,0.84,390.0799064
0.00017,5.1e-05,0.0,0.0,0.830000012,317.1014766
0.00017,5.1e-05,0.0,0.1,0.830000012,390.0841332
0.00017,5.1e-05,0.0,0.2,0.830000012,390.0841332
0.00017,5.1e-05,0.0,0.3,0.830000012,390.0841332
0.00017,5.1e-05,0.0,0.4,0.830000012,390.0841332
0.00017,5.1e-05,0.0,0.5,0.830000012,390.0841332
0.00017,5.1e-05,0.0,0.6,0.830000012,390.0841332
0.00017,5.1e-05,0.0,0.7,0.830000012,390.0841332
0.00017,5.1e-05,0.0,0.8,0.830000012,390.0841332
0.00017,5.1e-05,0.0,0.9,0.830000012,390.0841332
0.00017,5.1e-05,0.0,1.0,0.830000012,390.0841332
0.00017,5.1e-05,1e-05,0.0,0.830000012,317.1014766
0.00017,5.1e-05,1e-05,0.1,0.830000012,390.0841332
0.00017,5.1e-05,1e-05,0.2,0.830000012,390.0841332
0.00017,5.1e-05,1e-05,0.3,0.830000012,390.0841332
0.00017,5.1e-05,1e-05,0.4,0.830000012,390.0841332
0.00017,5.1e-05,1e-05,0.5,0.830000012,390.0841332
0.00017,5.1e-05,1e-05,0.6,0.830000012,390.0841332
0.00017,5.1e-05,1e-05,0.7,0.830000012,390.0841332
0.00017,5.1e-05,1e-05,0.8,0.830000012,390.0841332
0.00017,5.1e-05,1e-05,0.9,0.830000012,390.0841332
0.00017,5.1e-05,1e-05,1.0,0.830000012,390.0841332
0.00018,3.44e-05,5e-06,0.0,0.820000002,317.1019651
0.00018,3.44e-05,5e-06,0.1,0.820000002,390.0870147
0.00018,3.44e-05,5e-06,0.2,0.820000002,390.0870147
0.00018,3.44e-05,5e-06,0.3,0.820000002,390.0870147
0.00018,3.44e-05,5e-06,0.4,0.820000002,390.0870147
0.00018,3.44e-05,5e-06,0.5,0.820000002,390.0870147
0.00018,3.44e-05,5e-06,0.6,0.820000002,390.0870147
0.00018,3.44e-05,5e-06,0.7,0.820000002,390.0870147
0.00018,3.44e-05,5e-06,0.8,0.820000002,390.0870147
0.00018,3.44e-05,5e-06,0.9,0.820000002,390.0870147
0.00018,3.44e-05,5e-06,1.0,0.820000002,390.0870147
0.00018,3.46e-05,0.0,0.0,0.82,317.1017584
0.00018,3.46e-05,0.0,0.1,0.82,390.0859261
0.00018,3.46e-05,0.0,0.2,0.82,390.0859261
0.00018,3.46e-05,0.0,0.3,0.82,390.0859261
0.00018,3.46e-05,0.0,0.4,0.82,390.0859261
0.00018,3.46e-05,0.0,0.5,0.82,390.0859261
0.00018,3.46e-05,0.0,0.6,0.82,390.0859261
0.00018,3.46e-05,0.0,0.7,0.82,390.0859261
0.00018,3.46e-05,0.0,0.8,0.82,390.0859261
0.00018,3.46e-05,0.0,0.9,0.82,390.0859261
0.00018,3.46e-05,0.0,1.0,0.82,390.0859261
0.00018,3.46e-05,1e-05,0.0,0.82,317.1017584
0.00018,3.46e-05,1e-05,0.1,0.82,390.0859261
0.00018,3.46e-05,1e-05,0.2,0.82,390.0859261
0.00018,3.46e-05,1e-05,0.3,0.82,390.0859261
0.00018,3.46e-05,1e-05,0.4,0.82,390.0859261
0.00018,3.46e-05,1e-05,0.5,0.82,390.0859261
0.00018,3.46e-05,1e-05,0.6,0.82,390.0859261
0.00018,3.46e-05,1e-05,0.7,0.82,390.0859261
0.00018,3.46e-05,1e-05,0.8,0.82,390.0859261
0.00018,3.46e-05,1e-05,0.9,0.82,390.0859261
0.00018,3.46e-05,1e-05,1.0,0.82,390.0859261
0.00019,1.73e-05,0.0,0.0,0.81,317.1015125
0.00019,1.73e-05,0.0,0.1,0.81,390.0849391
0.00019,1.73e-05,0.0,0.2,0.81,390.0849391
0.00019,1.73e-05,0.0,0.3,0.81,390.0849391
0.00019,1.73e-05,0.0,0.4,0.81,390.0849391
0.00019,1.73e-05,0.0,0.5,0.81,390.0849391
0.00019,1.73e-05,0.0,0.6,0.81,390.0849391
0.00019,1.73e-05,0.0,0.7,0.81,390.0849391
0.00019,1.73e-05,0.0,0.8,0.81,390.0849391
0.00019,1.73e-05,0.0,0.9,0.81,390.0849391
0.00019,1.73e-05,0.0,1.0,0.81,390.0849391
0.00019,1.73e-05,1e-05,0.0,0.81,317.1015125
0.00019,1.73e-05,1e-05,0.1,0.81,390.0849391
0.00019,1.73e-05,1e-05,0.2,0.81,390.0849391
0.00019,1.73e-05,1e-05,0.3,0.81,390.0849391
0.00019,1.73e-05,1e-05,0.4,0.81,390.0849391
0.00019,1.73e-05,1e-05,0.5,0.81,390.0849391
0.00019,1.73e-05,1e-05,0.6,0.81,390.0849391
0.00019,1.73e-05,1e-05,0.7,0.81,390.0849391
0.00019,1.73e-05,1e-05,0.8,0.81,390.0849391
0.00019,1.73e-05,1e-05,0.9,0.81,390.0849391
0.00019,1.73e-05,1e-05,1.0,0.81,390.0849391
0.0002,0.0,1e-05,0.0,0.8,317.1007355
0.0002,0.0,1e-05,0.1,0.8,390.0811584
0.0002,0.0,1e-05,0.2,0.8,390.0811584
0.0002,0.0,1e-05,0.3,0.8,390.0811584
0.0002,0.0,1e-05,0.4,0.8,390.0811584
0.0002,0.0,1e-05,0.5,0.8,390.0811584
0.0002,0.0,1e-05,0.6,0.8,390.0811584
0.0002,0.0,1e-05,0.7,0.8,390.0811584
0.0002,0.0,1e-05,0.8,0.8,390.0811584
0.0002,0.0,1e-05,0.9,0.8,390.0811584
0.0002,0.0,1e-05,1.0,0.8,390.0811584
0.0002,0.0,0.0,0.0,0.8,317.1007355
0.0002,0.0,0.0,0.1,0.8,390.0811584
0.0002,0.0,0.0,0.2,0.8,390.0811584
0.0002,0.0,0.0,0.3,0.8,390.0811584
0.0002,0.0,0.0,0.4,0.8,390.0811584
0.0002,0.0,0.0,0.5,0.8,390.0811584
0.0002,0.0,0.0,0.6,0.8,390.0811584
0.0002,0.0,0.0,0.7,0.8,390.0811584
0.0002,0.0,0.0,0.8,0.8,390.0811584
0.0002,0.0,0.0,0.9,0.8,390.0811584
0.0002,0.0,0.0,1.0,0.8,390.0811584
0.00016,0.0001,0.0,0.0,0.84,317.0988423
0.00016,0.0001,0.0,0.1,0.84,390.06994
0.00016,0.0001,0.0,0.2,0.84,390.06994
0.00016,0.0001,0.0,0.3,0.84,390.06994
0.00016,0.0001,0.0,0.4,0.84,390.06994
0.00016,0.0001,0.0,0.5,0.84,390.06994
0.00016,0.0001,0.0,0.6,0.84,390.06994
0.00016,0.0001,0.0,0.7,0.84,390.06994
0.00016,0.0001,0.0,0.8,0.84,390.06994
0.00016,0.0001,0.0,0.9,0.84,390.06994
0.00016,0.0001,0.0,1.0,0.84,390.06994
0.00016,0.0001,1e-05,0.0,0.84,317.0988423
0.00016,0.0001,1e-05,0.1,0.84,390.06994
0.00016,0.0001,1e-05,0.2,0.84,390.06994
0.00016,0.0001,1e-05,0.3,0.84,390.06994
0.00016,0.0001,1e-05,0.4,0.84,390.06994
0.00016,0.0001,1e-05,0.5,0.84,390.06994
0.00016,0.0001,1e-05,0.6,0.84,390.06994
0.00016,0.0001,1e-05,0.7,0.84,390.06994
0.00016,0.0001,1e-05,0.8,0.84,390.06994
0.00016,0.0001,1e-05,0.9,0.84,390.06994
0.00016,0.0001,1e-05,1.0,0.84,390.06994
0.00017,8.27e-05,0.0,0.0,0.83,317.1005661
0.00017,8.27e-05,0.0,0.1,0.83,390.0793298
0.00017,8.27e-05,0.0,0.2,0.83,390.0793298
0.00017,8.27e-05,0.0,0.3,0.83,390.0793298
0.00017,8.27e-05,0.0,0.4,0.83,390.0793298
0.00017,8.27e-05,0.0,0.5,0.83,390.0793298
0.00017,8.27e-05,0.0,0.6,0.83,390.0793298
0.00017,8.27e-05,0.0,0.7,0.83,390.0793298
0.00017,8.27e-05,0.0,0.8,0.83,390.0793298
0.00017,8.27e-05,0.0,0.9,0.83,390.0793298
0.00017,8.27e-05,0.0,1.0,0.83,390.0793298
0.00017,8.27e-05,1e-05,0.0,0.83,317.1005661
0.00017,8.27e-05,1e-05,0.1,0.83,390.0793298
0.00017,8.27e-05,1e-05,0.2,0.83,390.0793298
0.00017,8.27e-05,1e-05,0.3,0.83,390.0793298
0.00017,8.27e-05,1e-05,0.4,0.83,390.0793298
0.00017,8.27e-05,1e-05,0.5,0.83,390.0793298
0.00017,8.27e-05,1e-05,0.6,0.83,390.0793298
0.00017,8.27e-05,1e-05,0.7,0.83,390.0793298
0.00017,8.27e-05,1e-05,0.8,0.83,390.0793298
0.00017,8.27e-05,1e-05,0.9,0.83,390.0793298
0.00017,8.27e-05,1e-05,1.0,0.83,390.0793298
0.00018,6.69e-05,1e-05,0.0,0.82,317.1017152
0.00018,6.69e-05,1e-05,0.1,0.82,390.085698
0.00018,6.69e-05,1e-05,0.2,0.82,390.085698
0.00018,6.69e-05,1e-05,0.3,0.82,390.085698
0.00018,6.69e-05,1e-05,0.4,0.82,390.085698
0.00018,6.69e-05,1e-05,0.5,0.82,390.085698
0.00018,6.69e-05,1e-05,0.6,0.82,390.085698
0.00018,6.69e-05,1e-05,0.7,0.82,390.085698
0.00018,6.69e-05,1e-05,0.8,0.82,390.085698
0.00018,6.69e-05,1e-05,0.9,0.82,390.085698
0.00018,6.69e-05,1e-05,1.0,0.82,390.085698
0.00018,6.69e-05,0.0,0.0,0.82,317.1017152
0.00018,6.69e-05,0.0,0.1,0.82,390.085698
0.00018,6.69e-05,0.0,0.2,0.82,390.085698
0.00018,6.69e-05,0.0,0.3,0.82,390.085698
0.00018,6.69e-05,0.0,0.4,0.82,390.085698
0.00018,6.69e-05,0.0,0.5,0.82,390.085698
0.00018,6.69e-05,0.0,0.6,0.82,390.085698
0.00018,6.69e-05,0.0,0.7,0.82,390.085698
0.00018,6.69e-05,0.0,0.8,0.82,390.085698
0.00018,6.69e-05,0.0,0.9,0.82,390.085698
0.00018,6.69e-05,0.0,1.0,0.82,390.085698
0.00019,5.1e-05,0.0,0.0,0.810000002,317.102423
0.00019,5.1e-05,0.0,0.1,0.810000002,390.0897428
0.00019,5.1e-05,0.0,0.2,0.810000002,390.0897428
0.00019,5.1e-05,0.0,0.3,0.810000002,390.0897428
0.00019,5.1e-05,0.0,0.4,0.810000002,390.0897428
0.00019,5.1e-05,0.0,0.5,0.810000002,390.0897428
0.00019,5.1e-05,0.0,0.6,0.810000002,390.0897428
0.00019,5.1e-05,0.0,0.7,0.810000002,390.0897428
0.00019,5.1e-05,0.0,0.8,0.810000002,390.0897428
0.00019,5.1e-05,0.0,0.9,0.810000002,390.0897428
0.00019,5.1e-05,0.0,1.0,0.810000002,390.0897428
0.00019,5.1e-05,1e-05,0.0,0.810000002,317.102423
0.00019,5.1e-05,1e-05,0.1,0.810000002,390.0897428
0.00019,5.1e-05,1e-05,0.2,0.810000002,390.0897428
0.00019,5.1e-05,1e-05,0.3,0.810000002,390.0897428
0.00019,5.1e-05,1e-05,0.4,0.810000002,390.0897428
0.00019,5.1e-05,1e-05,0.5,0.810000002,390.0897428
0.00019,5.1e-05,1e-05,0.6,0.810000002,390.0897428
0.00019,5.1e-05,1e-05,0.7,0.810000002,390.0897428
0.00019,5.1e-05,1e-05,0.8,0.810000002,390.0897428
0.00019,5.1e-05,1e-05,0.9,0.810000002,390.0897428
0.00019,5.1e-05,1e-05,1.0,0.810000002,390.0897428
0.0002,3.46e-05,0.0,0.0,0.8,317.1026693
0.0002,3.46e-05,0.0,0.1,0.8,390.0913541
0.0002,3.46e-05,0.0,0.2,0.8,390.0913541
0.0002,3.46e-05,0.0,0.3,0.8,390.0913541
0.0002,3.46e-05,0.0,0.4,0.8,390.0913541
0.0002,3.46e-05,0.0,0.5,0.8,390.0913541
0.0002,3.46e-05,0.0,0.6,0.8,390.0913541
0.0002,3.46e-05,0.0,0.7,0.8,390.0913541
0.0002,3.46e-05,0.0,0.8,0.8,390.0913541
0.0002,3.46e-05,0.0,0.9,0.8,390.0913541
0.0002,3.46e-05,0.0,1.0,0.8,390.0913541
0.0002,3.46e-05,1e-05,0.0,0.8,317.1026693
0.0002,3.46e-05,1e-05,0.1,0.8,390.0913541
0.0002,3.46e-05,1e-05,0.2,0.8,390.0913541
0.0002,3.46e-05,1e-05,0.3,0.8,390.0913541
0.0002,3.46e-05,1e-05,0.4,0.8,390.0913541
0.0002,3.46e-05,1e-05,0.5,0.8,390.0913541
0.0002,3.46e-05,1e-05,0.6,0.8,390.0913541
0.0002,3.46e-05,1e-05,0.7,0.8,390.0913541
0.0002,3.46e-05,1e-05,0.8,0.8,390.0913541
0.0002,3.46e-05,1e-05,0.9,0.8,390.0913541
0.0002,3.46e-05,1e-05,1.0,0.8,390.0913541
0.00021,1.73e-05,1e-05,0.0,0.79,317.1023884
0.00021,1.73e-05,1e-05,0.1,0.79,390.090186
0.00021,1.73e-05,1e-05,0.2,0.79,390.090186
0.00021,1.73e-05,1e-05,0.3,0.79,390.090186
0.00021,1.73e-05,1e-05,0.4,0.79,390.090186
0.00021,1.73e-05,1e-05,0.5,0.79,390.090186
0.00021,1.73e-05,1e-05,0.6,0.79,390.090186
0.00021,1.73e-05,1e-05,0.7,0.79,390.090186
0.00021,1.73e-05,1e-05,0.8,0.79,390.090186
0.00021,1.73e-05,1e-05,0.9,0.79,390.090186
0.00021,1.73e-05,1e-05,1.0,0.79,390.090186
0.00021,1.73e-05,0.0,0.0,0.79,317.1023884
0.00021,1.73e-05,0.0,0.1,0.79,390.090186
0.00021,1.73e-05,0.0,0.2,0.79,390.090186
0.00021,1.73e-05,0.0,0.3,0.79,390.090186
0.00021,1.73e-05,0.0,0.4,0.79,390.090186
0.00021,1.73e-05,0.0,0.5,0.79,390.090186
0.00021,1.73e-05,0.0,0.6,0.79,390.090186
0.00021,1.73e-05,0.0,0.7,0.79,390.090186
0.00021,1.73e-05,0.0,0.8,0.79,390.090186
0.00021,1.73e-05,0.0,0.9,0.79,390.090186
0.00021,1.73e-05,0.0,1.0,0.79,390.090186
0.00022,0.0,1e-05,0.0,0.78,317.101577
0.00022,0.0,1e-05,0.1,0.78,390.0862246
0.00022,0.0,1e-05,0.2,0.78,390.0862246
0.00022,0.0,1e-05,0.3,0.78,390.0862246
0.00022,0.0,1e-05,0.4,0.78,390.0862246
0.00022,0.0,1e-05,0.5,0.78,390.0862246
0.00022,0.0,1e-05,0.6,0.78,390.0862246
0.00022,0.0,1e-05,0.7,0.78,390.0862246
0.00022,0.0,1e-05,0.8,0.78,390.0862246
0.00022,0.0,1e-05,0.9,0.78,390.0862246
0.00022,0.0,1e-05,1.0,0.78,390.0862246
0.00022,0.0,0.0,0.0,0.78,317.1015769
0.00022,0.0,0.0,0.1,0.78,390.0862246
0.00022,0.0,0.0,0.2,0.78,390.0862246
0.00022,0.0,0.0,0.3,0.78,390.0862246
0.00022,0.0,0.0,0.4,0.78,390.0862246
0.00022,0.0,0.0,0.5,0.78,390.0862246
0.00022,0.0,0.0,0.6,0.78,390.0862246
0.00022,0.0,0.0,0.7,0.78,390.0862246
0.00022,0.0,0.0,0.8,0.78,390.0862246
0.00022,0.0,0.0,0.9,0.78,390.0862246
0.00022,0.0,0.0,1.0,0.78,390.0862246
0.00018,0.0001,0.0,0.0,0.82,317.0998247
0.00018,0.0001,0.0,0.1,0.82,390.075731
0.00018,0.0001,0.0,0.2,0.82,390.075731
0.00018,0.0001,0.0,0.3,0.82,390.075731
0.00018,0.0001,0.0,0.4,0.82,390.075731
0.00018,0.0001,0.0,0.5,0.82,390.075731
0.00018,0.0001,0.0,0.6,0.82,390.075731
0.00018,0.0001,0.0,0.7,0.82,390.075731
0.00018,0.0001,0.0,0.8,0.82,390.075731
0.00018,0.0001,0.0,0.9,0.82,390.075731
0.00018,0.0001,0.0,1.0,0.82,390.075731
0.00018,0.0001,1e-05,0.0,0.82,317.0998247
0.00018,0.0001,1e-05,0.1,0.82,390.075731
0.00018,0.0001,1e-05,0.2,0.82,390.075731
0.00018,0.0001,1e-05,0.3,0.82,390.075731
0.00018,0.0001,1e-05,0.4,0.82,390.075731
0.00018,0.0001,1e-05,0.5,0.82,390.075731
0.00018,0.0001,1e-05,0.6,0.82,390.075731
0.00018,0.0001,1e-05,0.7,0.82,390.075731
0.00018,0.0001,1e-05,0.8,0.82,390.075731
0.00018,0.0001,1e-05,0.9,0.82,390.075731
0.00018,0.0001,1e-05,1.0,0.82,390.075731
0.00019,8.27e-05,0.0,0.0,0.81,317.1015125
0.00019,8.27e-05,0.0,0.1,0.81,390.0849391
0.00019,8.27e-05,0.0,0.2,0.81,390.0849391
0.00019,8.27e-05,0.0,0.3,0.81,390.0849391
0.00019,8.27e-05,0.0,0.4,0.81,390.0849391
0.00019,8.27e-05,0.0,0.5,0.81,390.0849391
0.00019,8.27e-05,0.0,0.6,0.81,390.0849391
0.00019,8.27e-05,0.0,0.7,0.81,390.0849391
0.00019,8.27e-05,0.0,0.8,0.81,390.0849391
0.00019,8.27e-05,0.0,0.9,0.81,390.0849391
0.00019,8.27e-05,0.0,1.0,0.81,390.0849391
0.00019,8.27e-05,1e-05,0.0,0.81,317.1015125
0.00019,8.27e-05,1e-05,0.1,0.81,390.0849391
0.00019,8.27e-05,1e-05,0.2,0.81,390.0849391
0.00019,8.27e-05,1e-05,0.3,0.81,390.0849391
0.00019,8.27e-05,1e-05,0.4,0.81,390.0849391
0.00019,8.27e-05,1e-05,0.5,0.81,390.0849391
0.00019,8.27e-05,1e-05,0.6,0.81,390.0849391
0.00019,8.27e-05,1e-05,0.7,0.81,390.0849391
0.00019,8.27e-05,1e-05,0.8,0.81,390.0849391
0.00019,8.27e-05,1e-05,0.9,0.81,390.0849391
0.00019,8.27e-05,1e-05,1.0,0.81,390.0849391
0.0002,6.69e-05,1e-05,0.0,0.8,317.1026261
0.0002,6.69e-05,1e-05,0.1,0.8,390.091126
0.0002,6.69e-05,1e-05,0.2,0.8,390.091126
0.0002,6.69e-05,1e-05,0.3,0.8,390.091126
0.0002,6.69e-05,1e-05,0.4,0.8,390.091126
0.0002,6.69e-05,1e-05,0.5,0.8,390.091126
0.0002,6.69e-05,1e-05,0.6,0.8,390.091126
0.0002,6.69e-05,1e-05,0.7,0.8,390.091126
0.0002,6.69e-05,1e-05,0.8,0.8,390.091126
0.0002,6.69e-05,1e-05,0.9,0.8,390.091126
0.0002,6.69e-05,1e-05,1.0,0.8,390.091126
0.0002,6.69e-05,0.0,0.0,0.8,317.1026261
0.0002,6.69e-05,0.0,0.1,0.8,390.091126
0.0002,6.69e-05,0.0,0.2,0.8,390.091126
0.0002,6.69e-05,0.0,0.3,0.8,390.091126
0.0002,6.69e-05,0.0,0.4,0.8,390.091126
0.0002,6.69e-05,0.0,0.5,0.8,390.091126
0.0002,6.69e-05,0.0,0.6,0.8,390.091126
0.0002,6.69e-05,0.0,0.7,0.8,390.091126
0.0002,6.69e-05,0.0,0.8,0.8,390.091126
0.0002,6.69e-05,0.0,0.9,0.8,390.091126
0.0002,6.69e-05,0.0,1.0,0.8,390.091126
0.00021,5.1e-05,0.0,0.0,0.79,317.1032989
0.00021,5.1e-05,0.0,0.1,0.79,390.0949899
0.00021,5.1e-05,0.0,0.2,0.79,390.0949899
0.00021,5.1e-05,0.0,0.3,0.79,390.0949899
0.00021,5.1e-05,0.0,0.4,0.79,390.0949899
0.00021,5.1e-05,0.0,0.5,0.79,390.0949899
0.00021,5.1e-05,0.0,0.6,0.79,390.0949899
0.00021,5.1e-05,0.0,0.7,0.79,390.0949899
0.00021,5.1e-05,0.0,0.8,0.79,390.0949899
0.00021,5.1e-05,0.0,0.9,0.79,390.0949899
0.00021,5.1e-05,0.0,1.0,0.79,390.0949899
0.00021,5.1e-05,1e-05,0.0,0.79,317.103299
0.00021,5.1e-05,1e-05,0.1,0.79,390.0949899
0.00021,5.1e-05,1e-05,0.2,0.79,390.0949899
0.00021,5.1e-05,1e-05,0.3,0.79,390.0949899
0.00021,5.1e-05,1e-05,0.4,0.79,390.0949899
0.00021,5.1e-05,1e-05,0.5,0.79,390.0949899
0.00021,5.1e-05,1e-05,0.6,0.79,390.0949899
0.00021,5.1e-05,1e-05,0.7,0.79,390.0949899
0.00021,5.1e-05,1e-05,0.8,0.79,390.0949899
0.00021,5.1e-05,1e-05,0.9,0.79,390.0949899
0.00021,5.1e-05,1e-05,1.0,0.79,390.0949899
0.00022,3.46e-05,0.0,0.0,0.78,317.1035108
0.00022,3.46e-05,0.0,0.1,0.78,390.0964208
0.00022,3.46e-05,0.0,0.2,0.78,390.0964208
0.00022,3.46e-05,0.0,0.3,0.78,390.0964208
0.00022,3.46e-05,0.0,0.4,0.78,390.0964208
0.00022,3.46e-05,0.0,0.5,0.78,390.0964208
0.00022,3.46e-05,0.0,0.6,0.78,390.0964208
0.00022,3.46e-05,0.0,0.7,0.78,390.0964208
0.00022,3.46e-05,0.0,0.8,0.78,390.0964208
0.00022,3.46e-05,0.0,0.9,0.78,390.0964208
0.00022,3.46e-05,0.0,1.0,0.78,390.0964208
0.00022,3.46e-05,1e-05,0.0,0.78,317.1035108
0.00022,3.46e-05,1e-05,0.1,0.78,390.0964208
0.00022,3.46e-05,1e-05,0.2,0.78,390.0964208
0.00022,3.46e-05,1e-05,0.3,0.78,390.0964208
0.00022,3.46e-05,1e-05,0.4,0.78,390.0964208
0.00022,3.46e-05,1e-05,0.5,0.78,390.0964208
0.00022,3.46e-05,1e-05,0.6,0.78,390.0964208
0.00022,3.46e-05,1e-05,0.7,0.78,390.0964208
0.00022,3.46e-05,1e-05,0.8,0.78,390.0964208
0.00022,3.46e-05,1e-05,0.9,0.78,390.0964208
0.00022,3.46e-05,1e-05,1.0,0.78,390.0964208
0.00023,1.73e-05,1e-05,0.0,0.77,317.1031961
0.00023,1.73e-05,1e-05,0.1,0.77,390.0950727
0.00023,1.73e-05,1e-05,0.2,0.77,390.0950727
0.00023,1.73e-05,1e-05,0.3,0.77,390.0950727
0.00023,1.73e-05,1e-05,0.4,0.77,390.0950727
0.00023,1.73e-05,1e-05,0.5,0.77,390.0950727
0.00023,1.73e-05,1e-05,0.6,0.77,390.0950727
0.00023,1.73e-05,1e-05,0.7,0.77,390.0950727
0.00023,1.73e-05,1e-05,0.8,0.77,390.0950727
0.00023,1.73e-05,1e-05,0.9,0.77,390.0950727
0.00023,1.73e-05,1e-05,1.0,0.77,390.0950727
0.00023,1.73e-05,0.0,0.0,0.77,317.103196
0.00023,1.73e-05,0.0,0.1,0.77,390.0950727
0.00023,1.73e-05,0.0,0.2,0.77,390.0950727
0.00023,1.73e-05,0.0,0.3,0.77,390.0950727
0.00023,1.73e-05,0.0,0.4,0.77,390.0950727
0.00023,1.73e-05,0.0,0.5,0.77,390.0950727
0.00023,1.73e-05,0.0,0.6,0.77,390.0950727
0.00023,1.73e-05,0.0,0.7,0.77,390.0950727
0.00023,1.73e-05,0.0,0.8,0.77,390.0950727
0.00023,1.73e-05,0.0,0.9,0.77,390.0950727
0.00023,1.73e-05,0.0,1.0,0.77,390.0950727
0.00024,0.0,1e-05,0.0,0.76,317.1023512
0.00024,0.0,1e-05,0.1,0.76,390.0909317
0.00024,0.0,1e-05,0.2,0.76,390.0909317
0.00024,0.0,1e-05,0.3,0.76,390.0909317
0.00024,0.0,1e-05,0.4,0.76,390.0909317
0.00024,0.0,1e-05,0.5,0.76,390.0909317
0.00024,0.0,1e-05,0.6,0.76,390.0909317
0.00024,0.0,1e-05,0.7,0.76,390.0909317
0.00024,0.0,1e-05,0.8,0.76,390.0909317
0.00024,0.0,1e-05,0.9,0.76,390.0909317
0.00024,0.0,1e-05,1.0,0.76,390.0909317
0.00024,0.0,0.0,0.0,0.76,317.1023512
0.00024,0.0,0.0,0.1,0.76,390.0909317
0.00024,0.0,0.0,0.2,0.76,390.0909317
0.00024,0.0,0.0,0.3,0.76,390.0909317
0.00024,0.0,0.0,0.4,0.76,390.0909317
0.00024,0.0,0.0,0.5,0.76,390.0909317
0.00024,0.0,0.0,0.6,0.76,390.0909317
0.00024,0.0,0.0,0.7,0.76,390.0909317
0.00024,0.0,0.0,0.8,0.76,390.0909317
0.00024,0.0,0.0,0.9,0.76,390.0909317
0.00024,0.0,0.0,1.0,0.76,390.0909317
0.0002,0.0001,0.0,0.0,0.8,317.1007355
0.0002,0.0001,0.0,0.1,0.8,390.0811584
0.0002,0.0001,0.0,0.2,0.8,390.0811584
0.0002,0.0001,0.0,0.3,0.8,390.0811584
0.0002,0.0001,0.0,0.4,0.8,390.0811584
0.0002,0.0001,0.0,0.5,0.8,390.0811584
0.0002,0.0001,0.0,0.6,0.8,390.0811584
0.0002,0.0001,0.0,0.7,0.8,390.0811584
0.0002,0.0001,0.0,0.8,0.8,390.0811584
0.0002,0.0001,0.0,0.9,0.8,390.0811584
0.0002,0.0001,0.0,1.0,0.8,390.0811584
0.0002,0.0001,1e-05,0.0,0.8,317.1007355
0.0002,0.0001,1e-05,0.1,0.8,390.0811584
0.0002,0.0001,1e-05,0.2,0.8,390.0811584
0.0002,0.0001,1e-05,0.3,0.8,390.0811584
0.0002,0.0001,1e-05,0.4,0.8,390.0811584
0.0002,0.0001,1e-05,0.5,0.8,390.0811584
0.0002,0.0001,1e-05,0.6,0.8,390.0811584
0.0002,0.0001,1e-05,0.7,0.8,390.0811584
0.0002,0.0001,1e-05,0.8,0.8,390.0811584
0.0002,0.0001,1e-05,0.9,0.8,390.0811584
0.0002,0.0001,1e-05,1.0,0.8,390.0811584
0.00021,8.31e-05,5e-06,0.0,0.79,317.102577
0.00021,8.31e-05,5e-06,0.1,0.79,390.0911792
0.00021,8.31e-05,5e-06,0.2,0.79,390.0911792
0.00021,8.31e-05,5e-06,0.3,0.79,390.0911792
0.00021,8.31e-05,5e-06,0.4,0.79,390.0911792
0.00021,8.31e-05,5e-06,0.5,0.79,390.0911792
0.00021,8.31e-05,5e-06,0.6,0.79,390.0911792
0.00021,8.31e-05,5e-06,0.7,0.79,390.0911792
0.00021,8.31e-05,5e-06,0.8,0.79,390.0911792
0.00021,8.31e-05,5e-06,0.9,0.79,390.0911792
0.00021,8.31e-05,5e-06,1.0,0.79,390.0911792
0.00021,8.27e-05,0.0,0.0,0.79,317.1023884
0.00021,8.27e-05,0.0,0.1,0.79,390.090186
0.00021,8.27e-05,0.0,0.2,0.79,390.090186
0.00021,8.27e-05,0.0,0.3,0.79,390.090186
0.00021,8.27e-05,0.0,0.4,0.79,390.090186
0.00021,8.27e-05,0.0,0.5,0.79,390.090186
0.00021,8.27e-05,0.0,0.6,0.79,390.090186
0.00021,8.27e-05,0.0,0.7,0.79,390.090186
0.00021,8.27e-05,0.0,0.8,0.79,390.090186
0.00021,8.27e-05,0.0,0.9,0.79,390.090186
0.00021,8.27e-05,0.0,1.0,0.79,390.090186
0.00021,8.27e-05,1e-05,0.0,0.79,317.1023884
0.00021,8.27e-05,1e-05,0.1,0.79,390.090186
0.00021,8.27e-05,1e-05,0.2,0.79,390.090186
0.00021,8.27e-05,1e-05,0.3,0.79,390.090186
0.00021,8.27e-05,1e-05,0.4,0.79,390.090186
0.00021,8.27e-05,1e-05,0.5,0.79,390.090186
0.00021,8.27e-05,1e-05,0.6,0.79,390.090186
0.00021,8.27e-05,1e-05,0.7,0.79,390.090186
0.00021,8.27e-05,1e-05,0.8,0.79,390.090186
0.00021,8.27e-05,1e-05,0.9,0.79,390.090186
0.00021,8.27e-05,1e-05,1.0,0.79,390.090186
0.00022,6.69e-05,1e-05,0.0,0.78,317.1034676
0.00022,6.69e-05,1e-05,0.1,0.78,390.0961927
0.00022,6.69e-05,1e-05,0.2,0.78,390.0961927
0.00022,6.69e-05,1e-05,0.3,0.78,390.0961927
0.00022,6.69e-05,1e-05,0.4,0.78,390.0961927
0.00022,6.69e-05,1e-05,0.5,0.78,390.0961927
0.00022,6.69e-05,1e-05,0.6,0.78,390.0961927
0.00022,6.69e-05,1e-05,0.7,0.78,390.0961927
0.00022,6.69e-05,1e-05,0.8,0.78,390.0961927
0.00022,6.69e-05,1e-05,0.9,0.78,390.0961927
0.00022,6.69e-05,1e-05,1.0,0.78,390.0961927
0.00022,6.69e-05,0.0,0.0,0.78,317.1034676
0.00022,6.69e-05,0.0,0.1,0.78,390.0961927
0.00022,6.69e-05,0.0,0.2,0.78,390.0961927
0.00022,6.69e-05,0.0,0.3,0.78,390.0961927
0.00022,6.69e-05,0.0,0.4,0.78,390.0961927
0.00022,6.69e-05,0.0,0.5,0.78,390.0961927
0.00022,6.69e-05,0.0,0.6,0.78,390.0961927
0.00022,6.69e-05,0.0,0.7,0.78,390.0961927
0.00022,6.69e-05,0.0,0.8,0.78,390.0961927
0.00022,6.69e-05,0.0,0.9,0.78,390.0961927
0.00022,6.69e-05,0.0,1.0,0.78,390.0961927
0.00023,5.1e-05,0.0,0.0,0.77,317.1041066
0.00023,5.1e-05,0.0,0.1,0.77,390.0998769
0.00023,5.1e-05,0.0,0.2,0.77,390.0998769
0.00023,5.1e-05,0.0,0.3,0.77,390.0998769
0.00023,5.1e-05,0.0,0.4,0.77,390.0998769
0.00023,5.1e-05,0.0,0.5,0.77,390.0998769
0.00023,5.1e-05,0.0,0.6,0.77,390.0998769
0.00023,5.1e-05,0.0,0.7,0.77,390.0998769
0.00023,5.1e-05,0.0,0.8,0.77,390.0998769
0.00023,5.1e-05,0.0,0.9,0.77,390.0998769
0.00023,5.1e-05,0.0,1.0,0.77,390.0998769
0.00023,5.1e-05,1e-05,0.0,0.77,317.1041067
0.00023,5.1e-05,1e-05,0.1,0.77,390.0998769
0.00023,5.1e-05,1e-05,0.2,0.77,390.0998769
0.00023,5.1e-05,1e-05,0.3,0.77,390.0998769
0.00023,5.1e-05,1e-05,0.4,0.77,390.0998769
0.00023,5.1e-05,1e-05,0.5,0.77,390.0998769
0.00023,5.1e-05,1e-05,0.6,0.77,390.0998769
0.00023,5.1e-05,1e-05,0.7,0.77,390.0998769
0.00023,5.1e-05,1e-05,0.8,0.77,390.0998769
0.00023,5.1e-05,1e-05,0.9,0.77,390.0998769
0.00023,5.1e-05,1e-05,1.0,0.77,390.0998769
0.00024,3.46e-05,0.0,0.0,0.76,317.1042852
0.00024,3.46e-05,0.0,0.1,0.76,390.1011285
0.00024,3.46e-05,0.0,0.2,0.76,390.1011285
0.00024,3.46e-05,0.0,0.3,0.76,390.1011285
0.00024,3.46e-05,0.0,0.4,0.76,390.1011285
0.00024,3.46e-05,0.0,0.5,0.76,390.1011285
0.00024,3.46e-05,0.0,0.6,0.76,390.1011285
0.00024,3.46e-05,0.0,0.7,0.76,390.1011285
0.00024,3.46e-05,0.0,0.8,0.76,390.1011285
0.00024,3.46e-05,0.0,0.9,0.76,390.1011285
0.00024,3.46e-05,0.0,1.0,0.76,390.1011285
0.00024,3.46e-05,1e-05,0.0,0.76,317.1042852
0.00024,3.46e-05,1e-05,0.1,0.76,390.1011285
0.00024,3.46e-05,1e-05,0.2,0.76,390.1011285
0.00024,3.46e-05,1e-05,0.3,0.76,390.1011285
0.00024,3.46e-05,1e-05,0.4,0.76,390.1011285
0.00024,3.46e-05,1e-05,0.5,0.76,390.1011285
0.00024,3.46e-05,1e-05,0.6,0.76,390.1011285
0.00024,3.46e-05,1e-05,0.7,0.76,390.1011285
0.00024,3.46e-05,1e-05,0.8,0.76,390.1011285
0.00024,3.46e-05,1e-05,0.9,0.76,390.1011285
0.00024,3.46e-05,1e-05,1.0,0.76,390.1011285
0.000251,1.68e-05,5e-06,0.0,0.748507463,317.104175
0.000251,1.68e-05,5e-06,0.1,0.748507463,390.1008979
0.000251,1.68e-05,5e-06,0.2,0.748507463,390.1008979
0.000251,1.68e-05,5e-06,0.3,0.748507463,390.1008979
0.000251,1.68e-05,5e-06,0.4,0.748507463,390.1008979
0.000251,1.68e-05,5e-06,0.5,0.748507463,390.1008979
0.000251,1.68e-05,5e-06,0.6,0.748507463,390.1008979
0.000251,1.68e-05,5e-06,0.7,0.748507463,390.1008979
0.000251,1.68e-05,5e-06,0.8,0.748507463,390.1008979
0.000251,1.68e-05,5e-06,0.9,0.748507463,390.1008979
0.000251,1.68e-05,5e-06,1.0,0.748507463,390.1008979
0.00025,1.73e-05,1e-05,0.0,0.75,317.1039375
0.00025,1.73e-05,1e-05,0.1,0.75,390.0996014
0.00025,1.73e-05,1e-05,0.2,0.75,390.0996014
0.00025,1.73e-05,1e-05,0.3,0.75,390.0996014
0.00025,1.73e-05,1e-05,0.4,0.75,390.0996014
0.00025,1.73e-05,1e-05,0.5,0.75,390.0996014
0.00025,1.73e-05,1e-05,0.6,0.75,390.0996014
0.00025,1.73e-05,1e-05,0.7,0.75,390.0996014
0.00025,1.73e-05,1e-05,0.8,0.75,390.0996014
0.00025,1.73e-05,1e-05,0.9,0.75,390.0996014
0.00025,1.73e-05,1e-05,1.0,0.75,390.0996014
0.00025,1.73e-05,0.0,0.0,0.75,317.1039375
0.00025,1.73e-05,0.0,0.1,0.75,390.0996014
0.00025,1.73e-05,0.0,0.2,0.75,390.0996014
0.00025,1.73e-05,0.0,0.3,0.75,390.0996014
0.00025,1.73e-05,0.0,0.4,0.75,390.0996014
0.00025,1.73e-05,0.0,0.5,0.75,390.0996014
0.00025,1.73e-05,0.0,0.6,0.75,390.0996014
0.00025,1.73e-05,0.0,0.7,0.75,390.0996014
0.00025,1.73e-05,0.0,0.8,0.75,390.0996014
0.00025,1.73e-05,0.0,0.9,0.75,390.0996014
0.00025,1.73e-05,0.0,1.0,0.75,390.0996014
0.00026,0.0,1e-05,0.0,0.74,317.1030603
0.00026,0.0,1e-05,0.1,0.74,390.0952819
0.00026,0.0,1e-05,0.2,0.74,390.0952819
0.00026,0.0,1e-05,0.3,0.74,390.0952819
0.00026,0.0,1e-05,0.4,0.74,390.0952819
0.00026,0.0,1e-05,0.5,0.74,390.0952819
0.00026,0.0,1e-05,0.6,0.74,390.0952819
0.00026,0.0,1e-05,0.7,0.74,390.0952819
0.00026,0.0,1e-05,0.8,0.74,390.0952819
0.00026,0.0,1e-05,0.9,0.74,390.0952819
0.00026,0.0,1e-05,1.0,0.74,390.0952819
0.00026,0.0,0.0,0.0,0.74,317.1030603
0.00026,0.0,0.0,0.1,0.74,390.0952819
0.00026,0.0,0.0,0.2,0.74,390.0952819
0.00026,0.0,0.0,0.3,0.74,390.0952819
0.00026,0.0,0.0,0.4,0.74,390.0952819
0.00026,0.0,0.0,0.5,0.74,390.0952819
0.00026,0.0,0.0,0.6,0.74,390.0952819
0.00026,0.0,0.0,0.7,0.74,390.0952819
0.00026,0.0,0.0,0.8,0.74,390.0952819
0.00026,0.0,0.0,0.9,0.74,390.0952819
0.00026,0.0,0.0,1.0,0.74,390.0952819
0.00022,0.0001,0.0,0.0,0.78,317.1015769
0.00022,0.0001,0.0,0.1,0.78,390.0862246
0.00022,0.0001,0.0,0.2,0.78,390.0862246
0.00022,0.0001,0.0,0.3,0.78,390.0862246
0.00022,0.0001,0.0,0.4,0.78,390.0862246
0.00022,0.0001,0.0,0.5,0.78,390.0862246
0.00022,0.0001,0.0,0.6,0.78,390.0862246
0.00022,0.0001,0.0,0.7,0.78,390.0862246
0.00022,0.0001,0.0,0.8,0.78,390.0862246
0.00022,0.0001,0.0,0.9,0.78,390.0862246
0.00022,0.0001,0.0,1.0,0.78,390.0862246
0.00022,0.0001,1e-05,0.0,0.78,317.101577
0.00022,0.0001,1e-05,0.1,0.78,390.0862246
0.00022,0.0001,1e-05,0.2,0.78,390.0862246
0.00022,0.0001,1e-05,0.3,0.78,390.0862246
0.00022,0.0001,1e-05,0.4,0.78,390.0862246
0.00022,0.0001,1e-05,0.5,0.78,390.0862246
0.00022,0.0001,1e-05,0.6,0.78,390.0862246
0.00022,0.0001,1e-05,0.7,0.78,390.0862246
0.00022,0.0001,1e-05,0.8,0.78,390.0862246
0.00022,0.0001,1e-05,0.9,0.78,390.0862246
0.00022,0.0001,1e-05,1.0,0.78,390.0862246
0.00023,8.27e-05,0.0,0.0,0.77,317.103196
0.00023,8.27e-05,0.0,0.1,0.77,390.0950727
0.00023,8.27e-05,0.0,0.2,0.77,390.0950727
0.00023,8.27e-05,0.0,0.3,0.77,390.0950727
0.00023,8.27e-05,0.0,0.4,0.77,390.0950727
0.00023,8.27e-05,0.0,0.5,0.77,390.0950727
0.00023,8.27e-05,0.0,0.6,0.77,390.0950727
0.00023,8.27e-05,0.0,0.7,0.77,390.0950727
0.00023,8.27e-05,0.0,0.8,0.77,390.0950727
0.00023,8.27e-05,0.0,0.9,0.77,390.0950727
0.00023,8.27e-05,0.0,1.0,0.77,390.0950727
0.00023,8.27e-05,1e-05,0.0,0.77,317.1031961
0.00023,8.27e-05,1e-05,0.1,0.77,390.0950727
0.00023,8.27e-05,1e-05,0.2,0.77,390.0950727
0.00023,8.27e-05,1e-05,0.3,0.77,390.0950727
0.00023,8.27e-05,1e-05,0.4,0.77,390.0950727
0.00023,8.27e-05,1e-05,0.5,0.77,390.0950727
0.00023,8.27e-05,1e-05,0.6,0.77,390.0950727
0.00023,8.27e-05,1e-05,0.7,0.77,390.0950727
0.00023,8.27e-05,1e-05,0.8,0.77,390.0950727
0.00023,8.27e-05,1e-05,0.9,0.77,390.0950727
0.00023,8.27e-05,1e-05,1.0,0.77,390.0950727
0.00024,6.69e-05,1e-05,0.0,0.76,317.1042419
0.00024,6.69e-05,1e-05,0.1,0.76,390.1009004
0.00024,6.69e-05,1e-05,0.2,0.76,390.1009004
0.00024,6.69e-05,1e-05,0.3,0.76,390.1009004
0.00024,6.69e-05,1e-05,0.4,0.76,390.1009004
0.00024,6.69e-05,1e-05,0.5,0.76,390.1009004
0.00024,6.69e-05,1e-05,0.6,0.76,390.1009004
0.00024,6.69e-05,1e-05,0.7,0.76,390.1009004
0.00024,6.69e-05,1e-05,0.8,0.76,390.1009004
0.00024,6.69e-05,1e-05,0.9,0.76,390.1009004
0.00024,6.69e-05,1e-05,1.0,0.76,390.1009004
0.00024,6.69e-05,0.0,0.0,0.76,317.104242
0.00024,6.69e-05,0.0,0.1,0.76,390.1009004
0.00024,6.69e-05,0.0,0.2,0.76,390.1009004
0.00024,6.69e-05,0.0,0.3,0.76,390.1009004
0.00024,6.69e-05,0.0,0.4,0.76,390.1009004
0.00024,6.69e-05,0.0,0.5,0.76,390.1009004
0.00024,6.69e-05,0.0,0.6,0.76,390.1009004
0.00024,6.69e-05,0.0,0.7,0.76,390.1009004
0.00024,6.69e-05,0.0,0.8,0.76,390.1009004
0.00024,6.69e-05,0.0,0.9,0.76,390.1009004
0.00024,6.69e-05,0.0,1.0,0.76,390.1009004
0.00025,5.1e-05,0.0,0.0,0.75,317.1048482
0.00025,5.1e-05,0.0,0.1,0.75,390.1044059
0.00025,5.1e-05,0.0,0.2,0.75,390.1044059
0.00025,5.1e-05,0.0,0.3,0.75,390.1044059
0.00025,5.1e-05,0.0,0.4,0.75,390.1044059
0.00025,5.1e-05,0.0,0.5,0.75,390.1044059
0.00025,5.1e-05,0.0,0.6,0.75,390.1044059
0.00025,5.1e-05,0.0,0.7,0.75,390.1044059
0.00025,5.1e-05,0.0,0.8,0.75,390.1044059
0.00025,5.1e-05,0.0,0.9,0.75,390.1044059
0.00025,5.1e-05,0.0,1.0,0.75,390.1044059
0.00025,5.1e-05,1e-05,0.0,0.75,317.1048482
0.00025,5.1e-05,1e-05,0.1,0.75,390.1044059
0.00025,5.1e-05,1e-05,0.2,0.75,390.1044059
0.00025,5.1e-05,1e-05,0.3,0.75,390.1044059
0.00025,5.1e-05,1e-05,0.4,0.75,390.1044059
0.00025,5.1e-05,1e-05,0.5,0.75,390.1044059
0.00025,5.1e-05,1e-05,0.6,0.75,390.1044059
0.00025,5.1e-05,1e-05,0.7,0.75,390.1044059
0.00025,5.1e-05,1e-05,0.8,0.75,390.1044059
0.00025,5.1e-05,1e-05,0.9,0.75,390.1044059
0.00025,5.1e-05,1e-05,1.0,0.75,390.1044059
0.00026,3.46e-05,0.0,0.0,0.74,317.1049943
0.00026,3.46e-05,0.0,0.1,0.74,390.1054792
0.00026,3.46e-05,0.0,0.2,0.74,390.1054792
0.00026,3.46e-05,0.0,0.3,0.74,390.1054792
0.00026,3.46e-05,0.0,0.4,0.74,390.1054792
0.00026,3.46e-05,0.0,0.5,0.74,390.1054792
0.00026,3.46e-05,0.0,0.6,0.74,390.1054792
0.00026,3.46e-05,0.0,0.7,0.74,390.1054792
0.00026,3.46e-05,0.0,0.8,0.74,390.1054792
0.00026,3.46e-05,0.0,0.9,0.74,390.1054792
0.00026,3.46e-05,0.0,1.0,0.74,390.1054792
0.00026,3.46e-05,1e-05,0.0,0.74,317.1049943
0.00026,3.46e-05,1e-05,0.1,0.74,390.1054792
0.00026,3.46e-05,1e-05,0.2,0.74,390.1054792
0.00026,3.46e-05,1e-05,0.3,0.74,390.1054792
0.00026,3.46e-05,1e-05,0.4,0.74,390.1054792
0.00026,3.46e-05,1e-05,0.5,0.74,390.1054792
0.00026,3.46e-05,1e-05,0.6,0.74,390.1054792
0.00026,3.46e-05,1e-05,0.7,0.74,390.1054792
0.00026,3.46e-05,1e-05,0.8,0.74,390.1054792
0.00026,3.46e-05,1e-05,0.9,0.74,390.1054792
0.00026,3.46e-05,1e-05,1.0,0.74,390.1054792
0.00027,1.73e-05,1e-05,0.0,0.73,317.1046147
0.00027,1.73e-05,1e-05,0.1,0.73,390.1037742
0.00027,1.73e-05,1e-05,0.2,0.73,390.1037742
0.00027,1.73e-05,1e-05,0.3,0.73,390.1037742
0.00027,1.73e-05,1e-05,0.4,0.73,390.1037742
0.00027,1.73e-05,1e-05,0.5,0.73,390.1037742
0.00027,1.73e-05,1e-05,0.6,0.73,390.1037742
0.00027,1.73e-05,1e-05,0.7,0.73,390.1037742
0.00027,1.73e-05,1e-05,0.8,0.73,390.1037742
0.00027,1.73e-05,1e-05,0.9,0.73,390.1037742
0.00027,1.73e-05,1e-05,1.0,0.73,390.1037742
0.00027,1.73e-05,0.0,0.0,0.73,317.1046148
0.00027,1.73e-05,0.0,0.1,0.73,390.1037742
0.00027,1.73e-05,0.0,0.2,0.73,390.1037742
0.00027,1.73e-05,0.0,0.3,0.73,390.1037742
0.00027,1.73e-05,0.0,0.4,0.73,390.1037742
0.00027,1.73e-05,0.0,0.5,0.73,390.1037742
0.00027,1.73e-05,0.0,0.6,0.73,390.1037742
0.00027,1.73e-05,0.0,0.7,0.73,390.1037742
0.00027,1.73e-05,0.0,0.8,0.73,390.1037742
0.00027,1.73e-05,0.0,0.9,0.73,390.1037742
0.00027,1.73e-05,0.0,1.0,0.73,390.1037742
0.000272,9.57e-06,5e-06,0.0,0.72761194,317.1044208
0.000272,9.57e-06,5e-06,0.1,0.72761194,390.102821
0.000272,9.57e-06,5e-06,0.2,0.72761194,390.102821
0.000272,9.57e-06,5e-06,0.3,0.72761194,390.102821
0.000272,9.57e-06,5e-06,0.4,0.72761194,390.102821
0.000272,9.57e-06,5e-06,0.5,0.72761194,390.102821
0.000272,9.57e-06,5e-06,0.6,0.72761194,390.102821
0.000272,9.57e-06,5e-06,0.7,0.72761194,390.102821
0.000272,9.57e-06,5e-06,0.8,0.72761194,390.102821
0.000272,9.57e-06,5e-06,0.9,0.72761194,390.102821
0.000272,9.57e-06,5e-06,1.0,0.72761194,390.102821
0.00028,0.0,1e-05,0.0,0.72,317.103706
0.00028,0.0,1e-05,0.1,0.72,390.0992771
0.00028,0.0,1e-05,0.2,0.72,390.0992771
0.00028,0.0,1e-05,0.3,0.72,390.0992771
0.00028,0.0,1e-05,0.4,0.72,390.0992771
0.00028,0.0,1e-05,0.5,0.72,390.0992771
0.00028,0.0,1e-05,0.6,0.72,390.0992771
0.00028,0.0,1e-05,0.7,0.72,390.0992771
0.00028,0.0,1e-05,0.8,0.72,390.0992771
0.00028,0.0,1e-05,0.9,0.72,390.0992771
0.00028,0.0,1e-05,1.0,0.72,390.0992771
0.00028,0.0,0.0,0.0,0.72,317.103706
0.00028,0.0,0.0,0.1,0.72,390.0992771
0.00028,0.0,0.0,0.2,0.72,390.0992771
0.00028,0.0,0.0,0.3,0.72,390.0992771
0.00028,0.0,0.0,0.4,0.72,390.0992771
0.00028,0.0,0.0,0.5,0.72,390.0992771
0.00028,0.0,0.0,0.6,0.72,390.0992771
0.00028,0.0,0.0,0.7,0.72,390.0992771
0.00028,0.0,0.0,0.8,0.72,390.0992771
0.00028,0.0,0.0,0.9,0.72,390.0992771
0.00028,0.0,0.0,1.0,0.72,390.0992771
0.00024,0.0001,0.0,0.0,0.76,317.1023512
0.00024,0.0001,0.0,0.1,0.76,390.0909317
0.00024,0.0001,0.0,0.2,0.76,390.0909317
0.00024,0.0001,0.0,0.3,0.76,390.0909317
0.00024,0.0001,0.0,0.4,0.76,390.0909317
0.00024,0.0001,0.0,0.5,0.76,390.0909317
0.00024,0.0001,0.0,0.6,0.76,390.0909317
0.00024,0.0001,0.0,0.7,0.76,390.0909317
0.00024,0.0001,0.0,0.8,0.76,390.0909317
0.00024,0.0001,0.0,0.9,0.76,390.0909317
0.00024,0.0001,0.0,1.0,0.76,390.0909317
0.00024,0.0001,1e-05,0.0,0.76,317.1023512
0.00024,0.0001,1e-05,0.1,0.76,390.0909317
0.00024,0.0001,1e-05,0.2,0.76,390.0909317
0.00024,0.0001,1e-05,0.3,0.76,390.0909317
0.00024,0.0001,1e-05,0.4,0.76,390.0909317
0.00024,0.0001,1e-05,0.5,0.76,390.0909317
0.00024,0.0001,1e-05,0.6,0.76,390.0909317
0.00024,0.0001,1e-05,0.7,0.76,390.0909317
0.00024,0.0001,1e-05,0.8,0.76,390.0909317
0.00024,0.0001,1e-05,0.9,0.76,390.0909317
0.00024,0.0001,1e-05,1.0,0.76,390.0909317
0.00025,8.27e-05,0.0,0.0,0.75,317.1039375
0.00025,8.27e-05,0.0,0.1,0.75,390.0996014
0.00025,8.27e-05,0.0,0.2,0.75,390.0996014
0.00025,8.27e-05,0.0,0.3,0.75,390.0996014
0.00025,8.27e-05,0.0,0.4,0.75,390.0996014
0.00025,8.27e-05,0.0,0.5,0.75,390.0996014
0.00025,8.27e-05,0.0,0.6,0.75,390.0996014
0.00025,8.27e-05,0.0,0.7,0.75,390.0996014
0.00025,8.27e-05,0.0,0.8,0.75,390.0996014
0.00025,8.27e-05,0.0,0.9,0.75,390.0996014
0.00025,8.27e-05,0.0,1.0,0.75,390.0996014
0.00025,8.27e-05,1e-05,0.0,0.75,317.1039375
0.00025,8.27e-05,1e-05,0.1,0.75,390.0996014
0.00025,8.27e-05,1e-05,0.2,0.75,390.0996014
0.00025,8.27e-05,1e-05,0.3,0.75,390.0996014
0.00025,8.27e-05,1e-05,0.4,0.75,390.0996014
0.00025,8.27e-05,1e-05,0.5,0.75,390.0996014
0.00025,8.27e-05,1e-05,0.6,0.75,390.0996014
0.00025,8.27e-05,1e-05,0.7,0.75,390.0996014
0.00025,8.27e-05,1e-05,0.8,0.75,390.0996014
0.00025,8.27e-05,1e-05,0.9,0.75,390.0996014
0.00025,8.27e-05,1e-05,1.0,0.75,390.0996014
0.00026,6.69e-05,1e-05,0.0,0.74,317.1049511
0.00026,6.69e-05,1e-05,0.1,0.74,390.1052511
0.00026,6.69e-05,1e-05,0.2,0.74,390.1052511
0.00026,6.69e-05,1e-05,0.3,0.74,390.1052511
0.00026,6.69e-05,1e-05,0.4,0.74,390.1052511
0.00026,6.69e-05,1e-05,0.5,0.74,390.1052511
0.00026,6.69e-05,1e-05,0.6,0.74,390.1052511
0.00026,6.69e-05,1e-05,0.7,0.74,390.1052511
0.00026,6.69e-05,1e-05,0.8,0.74,390.1052511
0.00026,6.69e-05,1e-05,0.9,0.74,390.1052511
0.00026,6.69e-05,1e-05,1.0,0.74,390.1052511
0.00026,6.69e-05,0.0,0.0,0.74,317.1049511
0.00026,6.69e-05,0.0,0.1,0.74,390.1052511
0.00026,6.69e-05,0.0,0.2,0.74,390.1052511
0.00026,6.69e-05,0.0,0.3,0.74,390.1052511
0.00026,6.69e-05,0.0,0.4,0.74,390.1052511
0.00026,6.69e-05,0.0,0.5,0.74,390.1052511
0.00026,6.69e-05,0.0,0.6,0.74,390.1052511
0.00026,6.69e-05,0.0,0.7,0.74,390.1052511
0.00026,6.69e-05,0.0,0.8,0.74,390.1052511
0.00026,6.69e-05,0.0,0.9,0.74,390.1052511
0.00026,6.69e-05,0.0,1.0,0.74,390.1052511
0.00027,5.1e-05,0.0,0.0,0.73,317.1055254
0.00027,5.1e-05,0.0,0.1,0.73,390.1085789
0.00027,5.1e-05,0.0,0.2,0.73,390.1085789
0.00027,5.1e-05,0.0,0.3,0.73,390.1085789
0.00027,5.1e-05,0.0,0.4,0.73,390.1085789
0.00027,5.1e-05,0.0,0.5,0.73,390.1085789
0.00027,5.1e-05,0.0,0.6,0.73,390.1085789
0.00027,5.1e-05,0.0,0.7,0.73,390.1085789
0.00027,5.1e-05,0.0,0.8,0.73,390.1085789
0.00027,5.1e-05,0.0,0.9,0.73,390.1085789
0.00027,5.1e-05,0.0,1.0,0.73,390.1085789
0.00027,5.1e-05,1e-05,0.0,0.73,317.1055254
0.00027,5.1e-05,1e-05,0.1,0.73,390.1085789
0.00027,5.1e-05,1e-05,0.2,0.73,390.1085789
0.00027,5.1e-05,1e-05,0.3,0.73,390.1085789
0.00027,5.1e-05,1e-05,0.4,0.73,390.1085789
0.00027,5.1e-05,1e-05,0.5,0.73,390.1085789
0.00027,5.1e-05,1e-05,0.6,0.73,390.1085789
0.00027,5.1e-05,1e-05,0.7,0.73,390.1085789
0.00027,5.1e-05,1e-05,0.8,0.73,390.1085789
0.00027,5.1e-05,1e-05,0.9,0.73,390.1085789
0.00027,5.1e-05,1e-05,1.0,0.73,390.1085789
0.00028,3.46e-05,1e-05,0.0,0.72,317.1056401
0.00028,3.46e-05,1e-05,0.1,0.72,390.1094748
0.00028,3.46e-05,1e-05,0.2,0.72,390.1094748
0.00028,3.46e-05,1e-05,0.3,0.72,390.1094748
0.00028,3.46e-05,1e-05,0.4,0.72,390.1094748
0.00028,3.46e-05,1e-05,0.5,0.72,390.1094748
0.00028,3.46e-05,1e-05,0.6,0.72,390.1094748
0.00028,3.46e-05,1e-05,0.7,0.72,390.1094748
0.00028,3.46e-05,1e-05,0.8,0.72,390.1094748
0.00028,3.46e-05,1e-05,0.9,0.72,390.1094748
0.00028,3.46e-05,1e-05,1.0,0.72,390.1094748
0.00028,3.46e-05,0.0,0.0,0.72,317.1056401
0.00028,3.46e-05,0.0,0.1,0.72,390.1094748
0.00028,3.46e-05,0.0,0.2,0.72,390.1094748
0.00028,3.46e-05,0.0,0.3,0.72,390.1094748
0.00028,3.46e-05,0.0,0.4,0.72,390.1094748
0.00028,3.46e-05,0.0,0.5,0.72,390.1094748
0.00028,3.46e-05,0.0,0.6,0.72,390.1094748
0.00028,3.46e-05,0.0,0.7,0.72,390.1094748
0.00028,3.46e-05,0.0,0.8,0.72,390.1094748
0.00028,3.46e-05,0.0,0.9,0.72,390.1094748
0.00028,3.46e-05,0.0,1.0,0.72,390.1094748
0.00029,1.73e-05,1e-05,0.0,0.71,317.1052295
0.00029,1.73e-05,1e-05,0.1,0.71,390.1075928
0.00029,1.73e-05,1e-05,0.2,0.71,390.1075928
0.00029,1.73e-05,1e-05,0.3,0.71,390.1075928
0.00029,1.73e-05,1e-05,0.4,0.71,390.1075928
0.00029,1.73e-05,1e-05,0.5,0.71,390.1075928
0.00029,1.73e-05,1e-05,0.6,0.71,390.1075928
0.00029,1.73e-05,1e-05,0.7,0.71,390.1075928
0.00029,1.73e-05,1e-05,0.8,0.71,390.1075928
0.00029,1.73e-05,1e-05,0.9,0.71,390.1075928
0.00029,1.73e-05,1e-05,1.0,0.71,390.1075928
0.00029,1.73e-05,0.0,0.0,0.71,317.1052295
0.00029,1.73e-05,0.0,0.1,0.71,390.1075928
0.00029,1.73e-05,0.0,0.2,0.71,390.1075928
0.00029,1.73e-05,0.0,0.3,0.71,390.1075928
0.00029,1.73e-05,0.0,0.4,0.71,390.1075928
0.00029,1.73e-05,0.0,0.5,0.71,390.1075928
0.00029,1.73e-05,0.0,0.6,0.71,390.1075928
0.00029,1.73e-05,0.0,0.7,0.71,390.1075928
0.00029,1.73e-05,0.0,0.8,0.71,390.1075928
0.00029,1.73e-05,0.0,0.9,0.71,390.1075928
0.00029,1.73e-05,0.0,1.0,0.71,390.1075928
0.0003,0.0,1e-05,0.0,0.7,317.10429
0.0003,0.0,1e-05,0.1,0.7,390.102919
0.0003,0.0,1e-05,0.2,0.7,390.102919
0.0003,0.0,1e-05,0.3,0.7,390.102919
0.0003,0.0,1e-05,0.4,0.7,390.102919
0.0003,0.0,1e-05,0.5,0.7,390.102919
0.0003,0.0,1e-05,0.6,0.7,390.102919
0.0003,0.0,1e-05,0.7,0.7,390.102919
0.0003,0.0,1e-05,0.8,0.7,390.102919
0.0003,0.0,1e-05,0.9,0.7,390.102919
0.0003,0.0,1e-05,1.0,0.7,390.102919
0.0003,0.0,0.0,0.0,0.7,317.10429
0.0003,0.0,0.0,0.1,0.7,390.102919
0.0003,0.0,0.0,0.2,0.7,390.102919
0.0003,0.0,0.0,0.3,0.7,390.102919
0.0003,0.0,0.0,0.4,0.7,390.102919
0.0003,0.0,0.0,0.5,0.7,390.102919
0.0003,0.0,0.0,0.6,0.7,390.102919
0.0003,0.0,0.0,0.7,0.7,390.102919
0.0003,0.0,0.0,0.8,0.7,390.102919
0.0003,0.0,0.0,0.9,0.7,390.102919
0.0003,0.0,0.0,1.0,0.7,390.102919
0.00026,0.0001,0.0,0.0,0.74,317.1030603
0.00026,0.0001,0.0,0.1,0.74,390.0952819
0.00026,0.0001,0.0,0.2,0.74,390.0952819
0.00026,0.0001,0.0,0.3,0.74,390.0952819
0.00026,0.0001,0.0,0.4,0.74,390.0952819
0.00026,0.0001,0.0,0.5,0.74,390.0952819
0.00026,0.0001,0.0,0.6,0.74,390.0952819
0.00026,0.0001,0.0,0.7,0.74,390.0952819
0.00026,0.0001,0.0,0.8,0.74,390.0952819
0.00026,0.0001,0.0,0.9,0.74,390.0952819
0.00026,0.0001,0.0,1.0,0.74,390.0952819
0.00026,0.0001,1e-05,0.0,0.74,317.1030603
0.00026,0.0001,1e-05,0.1,0.74,390.0952819
0.00026,0.0001,1e-05,0.2,0.74,390.0952819
0.00026,0.0001,1e-05,0.3,0.74,390.0952819
0.00026,0.0001,1e-05,0.4,0.74,390.0952819
0.00026,0.0001,1e-05,0.5,0.74,390.0952819
0.00026,0.0001,1e-05,0.6,0.74,390.0952819
0.00026,0.0001,1e-05,0.7,0.74,390.0952819
0.00026,0.0001,1e-05,0.8,0.74,390.0952819
0.00026,0.0001,1e-05,0.9,0.74,390.0952819
0.00026,0.0001,1e-05,1.0,0.74,390.0952819
0.00027,8.27e-05,0.0,0.0,0.73,317.1046147
0.00027,8.27e-05,0.0,0.1,0.73,390.1037742
0.00027,8.27e-05,0.0,0.2,0.73,390.1037742
0.00027,8.27e-05,0.0,0.3,0.73,390.1037742
0.00027,8.27e-05,0.0,0.4,0.73,390.1037742
0.00027,8.27e-05,0.0,0.5,0.73,390.1037742
0.00027,8.27e-05,0.0,0.6,0.73,390.1037742
0.00027,8.27e-05,0.0,0.7,0.73,390.1037742
0.00027,8.27e-05,0.0,0.8,0.73,390.1037742
0.00027,8.27e-05,0.0,0.9,0.73,390.1037742
0.00027,8.27e-05,0.0,1.0,0.73,390.1037742
0.00027,8.27e-05,1e-05,0.0,0.73,317.1046148
0.00027,8.27e-05,1e-05,0.1,0.73,390.1037742
0.00027,8.27e-05,1e-05,0.2,0.73,390.1037742
0.00027,8.27e-05,1e-05,0.3,0.73,390.1037742
0.00027,8.27e-05,1e-05,0.4,0.73,390.1037742
0.00027,8.27e-05,1e-05,0.5,0.73,390.1037742
0.00027,8.27e-05,1e-05,0.6,0.73,390.1037742
0.00027,8.27e-05,1e-05,0.7,0.73,390.1037742
0.00027,8.27e-05,1e-05,0.8,0.73,390.1037742
0.00027,8.27e-05,1e-05,0.9,0.73,390.1037742
0.00027,8.27e-05,1e-05,1.0,0.73,390.1037742
0.00028,6.69e-05,1e-05,0.0,0.72,317.1055969
0.00028,6.69e-05,1e-05,0.1,0.72,390.1092467
0.00028,6.69e-05,1e-05,0.2,0.72,390.1092467
0.00028,6.69e-05,1e-05,0.3,0.72,390.1092467
0.00028,6.69e-05,1e-05,0.4,0.72,390.1092467
0.00028,6.69e-05,1e-05,0.5,0.72,390.1092467
0.00028,6.69e-05,1e-05,0.6,0.72,390.1092467
0.00028,6.69e-05,1e-05,0.7,0.72,390.1092467
0.00028,6.69e-05,1e-05,0.8,0.72,390.1092467
0.00028,6.69e-05,1e-05,0.9,0.72,390.1092467
0.00028,6.69e-05,1e-05,1.0,0.72,390.1092467
0.00028,6.69e-05,0.0,0.0,0.72,317.1055969
0.00028,6.69e-05,0.0,0.1,0.72,390.1092467
0.00028,6.69e-05,0.0,0.2,0.72,390.1092467
0.00028,6.69e-05,0.0,0.3,0.72,390.1092467
0.00028,6.69e-05,0.0,0.4,0.72,390.1092467
0.00028,6.69e-05,0.0,0.5,0.72,390.1092467
0.00028,6.69e-05,0.0,0.6,0.72,390.1092467
0.00028,6.69e-05,0.0,0.7,0.72,390.1092467
0.00028,6.69e-05,0.0,0.8,0.72,390.1092467
0.00028,6.69e-05,0.0,0.9,0.72,390.1092467
0.00028,6.69e-05,0.0,1.0,0.72,390.1092467
0.00029,5.1e-05,0.0,0.0,0.71,317.1061402
0.00029,5.1e-05,0.0,0.1,0.71,390.1123977
0.00029,5.1e-05,0.0,0.2,0.71,390.1123977
0.00029,5.1e-05,0.0,0.3,0.71,390.1123977
0.00029,5.1e-05,0.0,0.4,0.71,390.1123977
0.00029,5.1e-05,0.0,0.5,0.71,390.1123977
0.00029,5.1e-05,0.0,0.6,0.71,390.1123977
0.00029,5.1e-05,0.0,0.7,0.71,390.1123977
0.00029,5.1e-05,0.0,0.8,0.71,390.1123977
0.00029,5.1e-05,0.0,0.9,0.71,390.1123977
0.00029,5.1e-05,0.0,1.0,0.71,390.1123977
0.00029,5.1e-05,1e-05,0.0,0.71,317.1061402
0.00029,5.1e-05,1e-05,0.1,0.71,390.1123977
0.00029,5.1e-05,1e-05,0.2,0.71,390.1123977
0.00029,5.1e-05,1e-05,0.3,0.71,390.1123977
0.00029,5.1e-05,1e-05,0.4,0.71,390.1123977
0.00029,5.1e-05,1e-05,0.5,0.71,390.1123977
0.00029,5.1e-05,1e-05,0.6,0.71,390.1123977
0.00029,5.1e-05,1e-05,0.7,0.71,390.1123977
0.00029,5.1e-05,1e-05,0.8,0.71,390.1123977
0.00029,5.1e-05,1e-05,0.9,0.71,390.1123977
0.00029,5.1e-05,1e-05,1.0,0.71,390.1123977
0.0003,3.46e-05,1e-05,0.0,0.7,317.1062242
0.0003,3.46e-05,1e-05,0.1,0.7,390.1131172
0.0003,3.46e-05,1e-05,0.2,0.7,390.1131172
0.0003,3.46e-05,1e-05,0.3,0.7,390.1131172
0.0003,3.46e-05,1e-05,0.4,0.7,390.1131172
0.0003,3.46e-05,1e-05,0.5,0.7,390.1131172
0.0003,3.46e-05,1e-05,0.6,0.7,390.1131172
0.0003,3.46e-05,1e-05,0.7,0.7,390.1131172
0.0003,3.46e-05,1e-05,0.8,0.7,390.1131172
0.0003,3.46e-05,1e-05,0.9,0.7,390.1131172
0.0003,3.46e-05,1e-05,1.0,0.7,390.1131172
0.0003,3.46e-05,0.0,0.0,0.7,317.1062242
0.0003,3.46e-05,0.0,0.1,0.7,390.1131172
0.0003,3.46e-05,0.0,0.2,0.7,390.1131172
0.0003,3.46e-05,0.0,0.3,0.7,390.1131172
0.0003,3.46e-05,0.0,0.4,0.7,390.1131172
0.0003,3.46e-05,0.0,0.5,0.7,390.1131172
0.0003,3.46e-05,0.0,0.6,0.7,390.1131172
0.0003,3.46e-05,0.0,0.7,0.7,390.1131172
0.0003,3.46e-05,0.0,0.8,0.7,390.1131172
0.0003,3.46e-05,0.0,0.9,0.7,390.1131172
0.0003,3.46e-05,0.0,1.0,0.7,390.1131172
0.00031,1.73e-05,0.0,0.0,0.69,317.1057833
0.00031,1.73e-05,0.0,0.1,0.69,390.1110589
0.00031,1.73e-05,0.0,0.2,0.69,390.1110589
0.00031,1.73e-05,0.0,0.3,0.69,390.1110589
0.00031,1.73e-05,0.0,0.4,0.69,390.1110589
0.00031,1.73e-05,0.0,0.5,0.69,390.1110589
0.00031,1.73e-05,0.0,0.6,0.69,390.1110589
0.00031,1.73e-05,0.0,0.7,0.69,390.1110589
0.00031,1.73e-05,0.0,0.8,0.69,390.1110589
0.00031,1.73e-05,0.0,0.9,0.69,390.1110589
0.00031,1.73e-05,0.0,1.0,0.69,390.1110589
0.00031,1.73e-05,1e-05,0.0,0.69,317.1057833
0.00031,1.73e-05,1e-05,0.1,0.69,390.1110589
0.00031,1.73e-05,1e-05,0.2,0.69,390.1110589
0.00031,1.73e-05,1e-05,0.3,0.69,390.1110589
0.00031,1.73e-05,1e-05,0.4,0.69,390.1110589
0.00031,1.73e-05,1e-05,0.5,0.69,390.1110589
0.00031,1.73e-05,1e-05,0.6,0.69,390.1110589
0.00031,1.73e-05,1e-05,0.7,0.69,390.1110589
0.00031,1.73e-05,1e-05,0.8,0.69,390.1110589
0.00031,1.73e-05,1e-05,0.9,0.69,390.1110589
0.00031,1.73e-05,1e-05,1.0,0.69,390.1110589
0.00032,0.0,1e-05,0.0,0.68,317.1048139
0.00032,0.0,1e-05,0.1,0.68,390.1062092
0.00032,0.0,1e-05,0.2,0.68,390.1062092
0.00032,0.0,1e-05,0.3,0.68,390.1062092
0.00032,0.0,1e-05,0.4,0.68,390.1062092
0.00032,0.0,1e-05,0.5,0.68,390.1062092
0.00032,0.0,1e-05,0.6,0.68,390.1062092
0.00032,0.0,1e-05,0.7,0.68,390.1062092
0.00032,0.0,1e-05,0.8,0.68,390.1062092
0.00032,0.0,1e-05,0.9,0.68,390.1062092
0.00032,0.0,1e-05,1.0,0.68,390.1062092
0.00032,0.0,0.0,0.0,0.68,317.1048139
0.00032,0.0,0.0,0.1,0.68,390.1062092
0.00032,0.0,0.0,0.2,0.68,390.1062092
0.00032,0.0,0.0,0.3,0.68,390.1062092
0.00032,0.0,0.0,0.4,0.68,390.1062092
0.00032,0.0,0.0,0.5,0.68,390.1062092
0.00032,0.0,0.0,0.6,0.68,390.1062092
0.00032,0.0,0.0,0.7,0.68,390.1062092
0.00032,0.0,0.0,0.8,0.68,390.1062092
0.00032,0.0,0.0,0.9,0.68,390.1062092
0.00032,0.0,0.0,1.0,0.68,390.1062092
0.00028,0.0001,0.0,0.0,0.72,317.103706
0.00028,0.0001,0.0,0.1,0.72,390.0992771
0.00028,0.0001,0.0,0.2,0.72,390.0992771
0.00028,0.0001,0.0,0.3,0.72,390.0992771
0.00028,0.0001,0.0,0.4,0.72,390.0992771
0.00028,0.0001,0.0,0.5,0.72,390.0992771
0.00028,0.0001,0.0,0.6,0.72,390.0992771
0.00028,0.0001,0.0,0.7,0.72,390.0992771
0.00028,0.0001,0.0,0.8,0.72,390.0992771
0.00028,0.0001,0.0,0.9,0.72,390.0992771
0.00028,0.0001,0.0,1.0,0.72,390.0992771
0.00028,0.0001,1e-05,0.0,0.72,317.103706
0.00028,0.0001,1e-05,0.1,0.72,390.0992771
0.00028,0.0001,1e-05,0.2,0.72,390.0992771
0.00028,0.0001,1e-05,0.3,0.72,390.0992771
0.00028,0.0001,1e-05,0.4,0.72,390.0992771
0.00028,0.0001,1e-05,0.5,0.72,390.0992771
0.00028,0.0001,1e-05,0.6,0.72,390.0992771
0.00028,0.0001,1e-05,0.7,0.72,390.0992771
0.00028,0.0001,1e-05,0.8,0.72,390.0992771
0.00028,0.0001,1e-05,0.9,0.72,390.0992771
0.00028,0.0001,1e-05,1.0,0.72,390.0992771
0.00029,8.27e-05,0.0,0.0,0.71,317.1052295
0.00029,8.27e-05,0.0,0.1,0.71,390.1075928
0.00029,8.27e-05,0.0,0.2,0.71,390.1075928
0.00029,8.27e-05,0.0,0.3,0.71,390.1075928
0.00029,8.27e-05,0.0,0.4,0.71,390.1075928
0.00029,8.27e-05,0.0,0.5,0.71,390.1075928
0.00029,8.27e-05,0.0,0.6,0.71,390.1075928
0.00029,8.27e-05,0.0,0.7,0.71,390.1075928
0.00029,8.27e-05,0.0,0.8,0.71,390.1075928
0.00029,8.27e-05,0.0,0.9,0.71,390.1075928
0.00029,8.27e-05,0.0,1.0,0.71,390.1075928
0.00029,8.31e-05,5e-06,0.0,0.71,317.1054181
0.00029,8.31e-05,5e-06,0.1,0.71,390.1085862
0.00029,8.31e-05,5e-06,0.2,0.71,390.1085862
0.00029,8.31e-05,5e-06,0.3,0.71,390.1085862
0.00029,8.31e-05,5e-06,0.4,0.71,390.1085862
0.00029,8.31e-05,5e-06,0.5,0.71,390.1085862
0.00029,8.31e-05,5e-06,0.6,0.71,390.1085862
0.00029,8.31e-05,5e-06,0.7,0.71,390.1085862
0.00029,8.31e-05,5e-06,0.8,0.71,390.1085862
0.00029,8.31e-05,5e-06,0.9,0.71,390.1085862
0.00029,8.31e-05,5e-06,1.0,0.71,390.1085862
0.00029,8.27e-05,1e-05,0.0,0.71,317.1052295
0.00029,8.27e-05,1e-05,0.1,0.71,390.1075928
0.00029,8.27e-05,1e-05,0.2,0.71,390.1075928
0.00029,8.27e-05,1e-05,0.3,0.71,390.1075928
0.00029,8.27e-05,1e-05,0.4,0.71,390.1075928
0.00029,8.27e-05,1e-05,0.5,0.71,390.1075928
0.00029,8.27e-05,1e-05,0.6,0.71,390.1075928
0.00029,8.27e-05,1e-05,0.7,0.71,390.1075928
0.00029,8.27e-05,1e-05,0.8,0.71,390.1075928
0.00029,8.27e-05,1e-05,0.9,0.71,390.1075928
0.00029,8.27e-05,1e-05,1.0,0.71,390.1075928
0.0003,6.69e-05,1e-05,0.0,0.7,317.106181
0.0003,6.69e-05,1e-05,0.1,0.7,390.112889
0.0003,6.69e-05,1e-05,0.2,0.7,390.112889
0.0003,6.69e-05,1e-05,0.3,0.7,390.112889
0.0003,6.69e-05,1e-05,0.4,0.7,390.112889
0.0003,6.69e-05,1e-05,0.5,0.7,390.112889
0.0003,6.69e-05,1e-05,0.6,0.7,390.112889
0.0003,6.69e-05,1e-05,0.7,0.7,390.112889
0.0003,6.69e-05,1e-05,0.8,0.7,390.112889
0.0003,6.69e-05,1e-05,0.9,0.7,390.112889
0.0003,6.69e-05,1e-05,1.0,0.7,390.112889
0.0003,6.69e-05,0.0,0.0,0.7,317.106181
0.0003,6.69e-05,0.0,0.1,0.7,390.112889
0.0003,6.69e-05,0.0,0.2,0.7,390.112889
0.0003,6.69e-05,0.0,0.3,0.7,390.112889
0.0003,6.69e-05,0.0,0.4,0.7,390.112889
0.0003,6.69e-05,0.0,0.5,0.7,390.112889
0.0003,6.69e-05,0.0,0.6,0.7,390.112889
0.0003,6.69e-05,0.0,0.7,0.7,390.112889
0.0003,6.69e-05,0.0,0.8,0.7,390.112889
0.0003,6.69e-05,0.0,0.9,0.7,390.112889
0.0003,6.69e-05,0.0,1.0,0.7,390.112889
0.00031,5.1e-05,0.0,0.0,0.69,317.106694
0.00031,5.1e-05,0.0,0.1,0.69,390.115864
0.00031,5.1e-05,0.0,0.2,0.69,390.115864
0.00031,5.1e-05,0.0,0.3,0.69,390.115864
0.00031,5.1e-05,0.0,0.4,0.69,390.115864
0.00031,5.1e-05,0.0,0.5,0.69,390.115864
0.00031,5.1e-05,0.0,0.6,0.69,390.115864
0.00031,5.1e-05,0.0,0.7,0.69,390.115864
0.00031,5.1e-05,0.0,0.8,0.69,390.115864
0.00031,5.1e-05,0.0,0.9,0.69,390.115864
0.00031,5.1e-05,0.0,1.0,0.69,390.115864
0.00031,5.1e-05,1e-05,0.0,0.69,317.106694
0.00031,5.1e-05,1e-05,0.1,0.69,390.115864
0.00031,5.1e-05,1e-05,0.2,0.69,390.115864
0.00031,5.1e-05,1e-05,0.3,0.69,390.115864
0.00031,5.1e-05,1e-05,0.4,0.69,390.115864
0.00031,5.1e-05,1e-05,0.5,0.69,390.115864
0.00031,5.1e-05,1e-05,0.6,0.69,390.115864
0.00031,5.1e-05,1e-05,0.7,0.69,390.115864
0.00031,5.1e-05,1e-05,0.8,0.69,390.115864
0.00031,5.1e-05,1e-05,0.9,0.69,390.115864
0.00031,5.1e-05,1e-05,1.0,0.69,390.115864
0.00032,3.46e-05,1e-05,0.0,0.68,317.1067481
0.00032,3.46e-05,1e-05,0.1,0.68,390.1164078
0.00032,3.46e-05,1e-05,0.2,0.68,390.1164078
0.00032,3.46e-05,1e-05,0.3,0.68,390.1164078
0.00032,3.46e-05,1e-05,0.4,0.68,390.1164078
0.00032,3.46e-05,1e-05,0.5,0.68,390.1164078
0.00032,3.46e-05,1e-05,0.6,0.68,390.1164078
0.00032,3.46e-05,1e-05,0.7,0.68,390.1164078
0.00032,3.46e-05,1e-05,0.8,0.68,390.1164078
0.00032,3.46e-05,1e-05,0.9,0.68,390.1164078
0.00032,3.46e-05,1e-05,1.0,0.68,390.1164078
0.00032,3.46e-05,0.0,0.0,0.68,317.1067481
0.00032,3.46e-05,0.0,0.1,0.68,390.1164078
0.00032,3.46e-05,0.0,0.2,0.68,390.1164078
0.00032,3.46e-05,0.0,0.3,0.68,390.1164078
0.00032,3.46e-05,0.0,0.4,0.68,390.1164078
0.00032,3.46e-05,0.0,0.5,0.68,390.1164078
0.00032,3.46e-05,0.0,0.6,0.68,390.1164078
0.00032,3.46e-05,0.0,0.7,0.68,390.1164078
0.00032,3.46e-05,0.0,0.8,0.68,390.1164078
0.00032,3.46e-05,0.0,0.9,0.68,390.1164078
0.00032,3.46e-05,0.0,1.0,0.68,390.1164078
0.00033,1.73e-05,1e-05,0.0,0.67,317.1062776
0.00033,1.73e-05,1e-05,0.1,0.67,390.1141741
0.00033,1.73e-05,1e-05,0.2,0.67,390.1141741
0.00033,1.73e-05,1e-05,0.3,0.67,390.1141741
0.00033,1.73e-05,1e-05,0.4,0.67,390.1141741
0.00033,1.73e-05,1e-05,0.5,0.67,390.1141741
0.00033,1.73e-05,1e-05,0.6,0.67,390.1141741
0.00033,1.73e-05,1e-05,0.7,0.67,390.1141741
0.00033,1.73e-05,1e-05,0.8,0.67,390.1141741
0.00033,1.73e-05,1e-05,0.9,0.67,390.1141741
0.00033,1.73e-05,1e-05,1.0,0.67,390.1141741
0.00033,1.73e-05,0.0,0.0,0.67,317.1062776
0.00033,1.73e-05,0.0,0.1,0.67,390.1141741
0.00033,1.73e-05,0.0,0.2,0.67,390.1141741
0.00033,1.73e-05,0.0,0.3,0.67,390.1141741
0.00033,1.73e-05,0.0,0.4,0.67,390.1141741
0.00033,1.73e-05,0.0,0.5,0.67,390.1141741
0.00033,1.73e-05,0.0,0.6,0.67,390.1141741
0.00033,1.73e-05,0.0,0.7,0.67,390.1141741
0.00033,1.73e-05,0.0,0.8,0.67,390.1141741
0.00033,1.73e-05,0.0,0.9,0.67,390.1141741
0.00033,1.73e-05,0.0,1.0,0.67,390.1141741
0.00034,0.0,1e-05,0.0,0.66,317.1052789
0.00034,0.0,1e-05,0.1,0.66,390.1091493
0.00034,0.0,1e-05,0.2,0.66,390.1091493
0.00034,0.0,1e-05,0.3,0.66,390.1091493
0.00034,0.0,1e-05,0.4,0.66,390.1091493
0.00034,0.0,1e-05,0.5,0.66,390.1091493
0.00034,0.0,1e-05,0.6,0.66,390.1091493
0.00034,0.0,1e-05,0.7,0.66,390.1091493
0.00034,0.0,1e-05,0.8,0.66,390.1091493
0.00034,0.0,1e-05,0.9,0.66,390.1091493
0.00034,0.0,1e-05,1.0,0.66,390.1091493
0.00034,0.0,0.0,0.0,0.66,317.1052789
0.00034,0.0,0.0,0.1,0.66,390.1091493
0.00034,0.0,0.0,0.2,0.66,390.1091493
0.00034,0.0,0.0,0.3,0.66,390.1091493
0.00034,0.0,0.0,0.4,0.66,390.1091493
0.00034,0.0,0.0,0.5,0.66,390.1091493
0.00034,0.0,0.0,0.6,0.66,390.1091493
0.00034,0.0,0.0,0.7,0.66,390.1091493
0.00034,0.0,0.0,0.8,0.66,390.1091493
0.00034,0.0,0.0,0.9,0.66,390.1091493
0.00034,0.0,0.0,1.0,0.66,390.1091493
0.0003,0.0001,0.0,0.0,0.7,317.10429
0.0003,0.0001,0.0,0.1,0.7,390.102919
0.0003,0.0001,0.0,0.2,0.7,390.102919
0.0003,0.0001,0.0,0.3,0.7,390.102919
0.0003,0.0001,0.0,0.4,0.7,390.102919
0.0003,0.0001,0.0,0.5,0.7,390.102919
0.0003,0.0001,0.0,0.6,0.7,390.102919
0.0003,0.0001,0.0,0.7,0.7,390.102919
0.0003,0.0001,0.0,0.8,0.7,390.102919
0.0003,0.0001,0.0,0.9,0.7,390.102919
0.0003,0.0001,0.0,1.0,0.7,390.102919
0.0003,0.0001,1e-05,0.0,0.7,317.10429
0.0003,0.0001,1e-05,0.1,0.7,390.102919
0.0003,0.0001,1e-05,0.2,0.7,390.102919
0.0003,0.0001,1e-05,0.3,0.7,390.102919
0.0003,0.0001,1e-05,0.4,0.7,390.102919
0.0003,0.0001,1e-05,0.5,0.7,390.102919
0.0003,0.0001,1e-05,0.6,0.7,390.102919
0.0003,0.0001,1e-05,0.7,0.7,390.102919
0.0003,0.0001,1e-05,0.8,0.7,390.102919
0.0003,0.0001,1e-05,0.9,0.7,390.102919
0.0003,0.0001,1e-05,1.0,0.7,390.102919
0.00031,8.27e-05,0.0,0.0,0.69,317.1057833
0.00031,8.27e-05,0.0,0.1,0.69,390.1110589
0.00031,8.27e-05,0.0,0.2,0.69,390.1110589
0.00031,8.27e-05,0.0,0.3,0.69,390.1110589
0.00031,8.27e-05,0.0,0.4,0.69,390.1110589
0.00031,8.27e-05,0.0,0.5,0.69,390.1110589
0.00031,8.27e-05,0.0,0.6,0.69,390.1110589
0.00031,8.27e-05,0.0,0.7,0.69,390.1110589
0.00031,8.27e-05,0.0,0.8,0.69,390.1110589
0.00031,8.27e-05,0.0,0.9,0.69,390.1110589
0.00031,8.27e-05,0.0,1.0,0.69,390.1110589
0.00031,8.27e-05,1e-05,0.0,0.69,317.1057833
0.00031,8.27e-05,1e-05,0.1,0.69,390.1110589
0.00031,8.27e-05,1e-05,0.2,0.69,390.1110589
0.00031,8.27e-05,1e-05,0.3,0.69,390.1110589
0.00031,8.27e-05,1e-05,0.4,0.69,390.1110589
0.00031,8.27e-05,1e-05,0.5,0.69,390.1110589
0.00031,8.27e-05,1e-05,0.6,0.69,390.1110589
0.00031,8.27e-05,1e-05,0.7,0.69,390.1110589
0.00031,8.27e-05,1e-05,0.8,0.69,390.1110589
0.00031,8.27e-05,1e-05,0.9,0.69,390.1110589
0.00031,8.27e-05,1e-05,1.0,0.69,390.1110589
0.00032,6.69e-05,1e-05,0.0,0.68,317.1067049
0.00032,6.69e-05,1e-05,0.1,0.68,390.1161796
0.00032,6.69e-05,1e-05,0.2,0.68,390.1161796
0.00032,6.69e-05,1e-05,0.3,0.68,390.1161796
0.00032,6.69e-05,1e-05,0.4,0.68,390.1161796
0.00032,6.69e-05,1e-05,0.5,0.68,390.1161796
0.00032,6.69e-05,1e-05,0.6,0.68,390.1161796
0.00032,6.69e-05,1e-05,0.7,0.68,390.1161796
0.00032,6.69e-05,1e-05,0.8,0.68,390.1161796
0.00032,6.69e-05,1e-05,0.9,0.68,390.1161796
0.00032,6.69e-05,1e-05,1.0,0.68,390.1161796
0.00032,6.69e-05,0.0,0.0,0.68,317.1067049
0.00032,6.69e-05,0.0,0.1,0.68,390.1161796
0.00032,6.69e-05,0.0,0.2,0.68,390.1161796
0.00032,6.69e-05,0.0,0.3,0.68,390.1161796
0.00032,6.69e-05,0.0,0.4,0.68,390.1161796
0.00032,6.69e-05,0.0,0.5,0.68,390.1161796
0.00032,6.69e-05,0.0,0.6,0.68,390.1161796
0.00032,6.69e-05,0.0,0.7,0.68,390.1161796
0.00032,6.69e-05,0.0,0.8,0.68,390.1161796
0.00032,6.69e-05,0.0,0.9,0.68,390.1161796
0.00032,6.69e-05,0.0,1.0,0.68,390.1161796
0.00033,5.1e-05,0.0,0.0,0.67,317.1071883
0.00033,5.1e-05,0.0,0.1,0.67,390.1189793
0.00033,5.1e-05,0.0,0.2,0.67,390.1189793
0.00033,5.1e-05,0.0,0.3,0.67,390.1189793
0.00033,5.1e-05,0.0,0.4,0.67,390.1189793
0.00033,5.1e-05,0.0,0.5,0.67,390.1189793
0.00033,5.1e-05,0.0,0.6,0.67,390.1189793
0.00033,5.1e-05,0.0,0.7,0.67,390.1189793
0.00033,5.1e-05,0.0,0.8,0.67,390.1189793
0.00033,5.1e-05,0.0,0.9,0.67,390.1189793
0.00033,5.1e-05,0.0,1.0,0.67,390.1189793
0.00033,5.1e-05,1e-05,0.0,0.67,317.1071884
0.00033,5.1e-05,1e-05,0.1,0.67,390.1189793
0.00033,5.1e-05,1e-05,0.2,0.67,390.1189793
0.00033,5.1e-05,1e-05,0.3,0.67,390.1189793
0.00033,5.1e-05,1e-05,0.4,0.67,390.1189793
0.00033,5.1e-05,1e-05,0.5,0.67,390.1189793
0.00033,5.1e-05,1e-05,0.6,0.67,390.1189793
0.00033,5.1e-05,1e-05,0.7,0.67,390.1189793
0.00033,5.1e-05,1e-05,0.8,0.67,390.1189793
0.00033,5.1e-05,1e-05,0.9,0.67,390.1189793
0.00033,5.1e-05,1e-05,1.0,0.67,390.1189793
0.00034,3.46e-05,1e-05,0.0,0.66,317.1072132
0.00034,3.46e-05,1e-05,0.1,0.66,390.1193481
0.00034,3.46e-05,1e-05,0.2,0.66,390.1193481
0.00034,3.46e-05,1e-05,0.3,0.66,390.1193481
0.00034,3.46e-05,1e-05,0.4,0.66,390.1193481
0.00034,3.46e-05,1e-05,0.5,0.66,390.1193481
0.00034,3.46e-05,1e-05,0.6,0.66,390.1193481
0.00034,3.46e-05,1e-05,0.7,0.66,390.1193481
0.00034,3.46e-05,1e-05,0.8,0.66,390.1193481
0.00034,3.46e-05,1e-05,0.9,0.66,390.1193481
0.00034,3.46e-05,1e-05,1.0,0.66,390.1193481
0.00034,3.46e-05,0.0,0.0,0.66,317.1072132
0.00034,3.46e-05,0.0,0.1,0.66,390.1193481
0.00034,3.46e-05,0.0,0.2,0.66,390.1193481
0.00034,3.46e-05,0.0,0.3,0.66,390.1193481
0.00034,3.46e-05,0.0,0.4,0.66,390.1193481
0.00034,3.46e-05,0.0,0.5,0.66,390.1193481
0.00034,3.46e-05,0.0,0.6,0.66,390.1193481
0.00034,3.46e-05,0.0,0.7,0.66,390.1193481
0.00034,3.46e-05,0.0,0.8,0.66,390.1193481
0.00034,3.46e-05,0.0,0.9,0.66,390.1193481
0.00034,3.46e-05,0.0,1.0,0.66,390.1193481
0.00035,1.73e-05,1e-05,0.0,0.65,317.1067138
0.00035,1.73e-05,1e-05,0.1,0.65,390.1169397
0.00035,1.73e-05,1e-05,0.2,0.65,390.1169397
0.00035,1.73e-05,1e-05,0.3,0.65,390.1169397
0.00035,1.73e-05,1e-05,0.4,0.65,390.1169397
0.00035,1.73e-05,1e-05,0.5,0.65,390.1169397
0.00035,1.73e-05,1e-05,0.6,0.65,390.1169397
0.00035,1.73e-05,1e-05,0.7,0.65,390.1169397
0.00035,1.73e-05,1e-05,0.8,0.65,390.1169397
0.00035,1.73e-05,1e-05,0.9,0.65,390.1169397
0.00035,1.73e-05,1e-05,1.0,0.65,390.1169397
0.00035,1.73e-05,0.0,0.0,0.65,317.1067138
0.00035,1.73e-05,0.0,0.1,0.65,390.1169397
0.00035,1.73e-05,0.0,0.2,0.65,390.1169397
0.00035,1.73e-05,0.0,0.3,0.65,390.1169397
0.00035,1.73e-05,0.0,0.4,0.65,390.1169397
0.00035,1.73e-05,0.0,0.5,0.65,390.1169397
0.00035,1.73e-05,0.0,0.6,0.65,390.1169397
0.00035,1.73e-05,0.0,0.7,0.65,390.1169397
0.00035,1.73e-05,0.0,0.8,0.65,390.1169397
0.00035,1.73e-05,0.0,0.9,0.65,390.1169397
0.00035,1.73e-05,0.0,1.0,0.65,390.1169397
0.00036,0.0,1e-05,0.0,0.64,317.1056864
0.00036,0.0,1e-05,0.1,0.64,390.1117404
0.00036,0.0,1e-05,0.2,0.64,390.1117404
0.00036,0.0,1e-05,0.3,0.64,390.1117404
0.00036,0.0,1e-05,0.4,0.64,390.1117404
0.00036,0.0,1e-05,0.5,0.64,390.1117404
0.00036,0.0,1e-05,0.6,0.64,390.1117404
0.00036,0.0,1e-05,0.7,0.64,390.1117404
0.00036,0.0,1e-05,0.8,0.64,390.1117404
0.00036,0.0,1e-05,0.9,0.64,390.1117404
0.00036,0.0,1e-05,1.0,0.64,390.1117404
0.00036,0.0,0.0,0.0,0.64,317.1056864
0.00036,0.0,0.0,0.1,0.64,390.1117404
0.00036,0.0,0.0,0.2,0.64,390.1117404
0.00036,0.0,0.0,0.3,0.64,390.1117404
0.00036,0.0,0.0,0.4,0.64,390.1117404
0.00036,0.0,0.0,0.5,0.64,390.1117404
0.00036,0.0,0.0,0.6,0.64,390.1117404
0.00036,0.0,0.0,0.7,0.64,390.1117404
0.00036,0.0,0.0,0.8,0.64,390.1117404
0.00036,0.0,0.0,0.9,0.64,390.1117404
0.00036,0.0,0.0,1.0,0.64,390.1117404
0.00032,0.0001,0.0,0.0,0.68,317.1048139
0.00032,0.0001,0.0,0.1,0.68,390.1062092
0.00032,0.0001,0.0,0.2,0.68,390.1062092
0.00032,0.0001,0.0,0.3,0.68,390.1062092
0.00032,0.0001,0.0,0.4,0.68,390.1062092
0.00032,0.0001,0.0,0.5,0.68,390.1062092
0.00032,0.0001,0.0,0.6,0.68,390.1062092
0.00032,0.0001,0.0,0.7,0.68,390.1062092
0.00032,0.0001,0.0,0.8,0.68,390.1062092
0.00032,0.0001,0.0,0.9,0.68,390.1062092
0.00032,0.0001,0.0,1.0,0.68,390.1062092
0.00032,9.31e-05,5e-06,0.0,0.68,317.105579
0.00032,9.31e-05,5e-06,0.1,0.68,390.1102405
0.00032,9.31e-05,5e-06,0.2,0.68,390.1102405
0.00032,9.31e-05,5e-06,0.3,0.68,390.1102405
0.00032,9.31e-05,5e-06,0.4,0.68,390.1102405
0.00032,9.31e-05,5e-06,0.5,0.68,390.1102405
0.00032,9.31e-05,5e-06,0.6,0.68,390.1102405
0.00032,9.31e-05,5e-06,0.7,0.68,390.1102405
0.00032,9.31e-05,5e-06,0.8,0.68,390.1102405
0.00032,9.31e-05,5e-06,0.9,0.68,390.1102405
0.00032,9.31e-05,5e-06,1.0,0.68,390.1102405
0.00032,0.0001,1e-05,0.0,0.68,317.1048139
0.00032,0.0001,1e-05,0.1,0.68,390.1062092
0.00032,0.0001,1e-05,0.2,0.68,390.1062092
0.00032,0.0001,1e-05,0.3,0.68,390.1062092
0.00032,0.0001,1e-05,0.4,0.68,390.1062092
0.00032,0.0001,1e-05,0.5,0.68,390.1062092
0.00032,0.0001,1e-05,0.6,0.68,390.1062092
0.00032,0.0001,1e-05,0.7,0.68,390.1062092
0.00032,0.0001,1e-05,0.8,0.68,390.1062092
0.00032,0.0001,1e-05,0.9,0.68,390.1062092
0.00032,0.0001,1e-05,1.0,0.68,390.1062092
0.00033,8.27e-05,1e-05,0.0,0.67,317.1062776
0.00033,8.27e-05,1e-05,0.1,0.67,390.1141741
0.00033,8.27e-05,1e-05,0.2,0.67,390.1141741
0.00033,8.27e-05,1e-05,0.3,0.67,390.1141741
0.00033,8.27e-05,1e-05,0.4,0.67,390.1141741
0.00033,8.27e-05,1e-05,0.5,0.67,390.1141741
0.00033,8.27e-05,1e-05,0.6,0.67,390.1141741
0.00033,8.27e-05,1e-05,0.7,0.67,390.1141741
0.00033,8.27e-05,1e-05,0.8,0.67,390.1141741
0.00033,8.27e-05,1e-05,0.9,0.67,390.1141741
0.00033,8.27e-05,1e-05,1.0,0.67,390.1141741
0.00033,8.27e-05,0.0,0.0,0.67,317.1062776
0.00033,8.27e-05,0.0,0.1,0.67,390.1141741
0.00033,8.27e-05,0.0,0.2,0.67,390.1141741
0.00033,8.27e-05,0.0,0.3,0.67,390.1141741
0.00033,8.27e-05,0.0,0.4,0.67,390.1141741
0.00033,8.27e-05,0.0,0.5,0.67,390.1141741
0.00033,8.27e-05,0.0,0.6,0.67,390.1141741
0.00033,8.27e-05,0.0,0.7,0.67,390.1141741
0.00033,8.27e-05,0.0,0.8,0.67,390.1141741
0.00033,8.27e-05,0.0,0.9,0.67,390.1141741
0.00033,8.27e-05,0.0,1.0,0.67,390.1141741
0.00034,0.0001,0.0,0.0,0.66,317.1052789
0.00034,0.0001,0.0,0.1,0.66,390.1091493
0.00034,0.0001,0.0,0.2,0.66,390.1091493
0.00034,0.0001,0.0,0.3,0.66,390.1091493
0.00034,0.0001,0.0,0.4,0.66,390.1091493
0.00034,0.0001,0.0,0.5,0.66,390.1091493
0.00034,0.0001,0.0,0.6,0.66,390.1091493
0.00034,0.0001,0.0,0.7,0.66,390.1091493
0.00034,0.0001,0.0,0.8,0.66,390.1091493
0.00034,0.0001,0.0,0.9,0.66,390.1091493
0.00034,0.0001,0.0,1.0,0.66,390.1091493
0.00034,6.69e-05,1e-05,0.0,0.66,317.10717
0.00034,6.69e-05,1e-05,0.1,0.66,390.1191199
0.00034,6.69e-05,1e-05,0.2,0.66,390.1191199
0.00034,6.69e-05,1e-05,0.3,0.66,390.1191199
0.00034,6.69e-05,1e-05,0.4,0.66,390.1191199
0.00034,6.69e-05,1e-05,0.5,0.66,390.1191199
0.00034,6.69e-05,1e-05,0.6,0.66,390.1191199
0.00034,6.69e-05,1e-05,0.7,0.66,390.1191199
0.00034,6.69e-05,1e-05,0.8,0.66,390.1191199
0.00034,6.69e-05,1e-05,0.9,0.66,390.1191199
0.00034,6.69e-05,1e-05,1.0,0.66,390.1191199
0.00034,6.69e-05,0.0,0.0,0.66,317.10717
0.00034,6.69e-05,0.0,0.1,0.66,390.1191199
0.00034,6.69e-05,0.0,0.2,0.66,390.1191199
0.00034,6.69e-05,0.0,0.3,0.66,390.1191199
0.00034,6.69e-05,0.0,0.4,0.66,390.1191199
0.00034,6.69e-05,0.0,0.5,0.66,390.1191199
0.00034,6.69e-05,0.0,0.6,0.66,390.1191199
0.00034,6.69e-05,0.0,0.7,0.66,390.1191199
0.00034,6.69e-05,0.0,0.8,0.66,390.1191199
0.00034,6.69e-05,0.0,0.9,0.66,390.1191199
0.00034,6.69e-05,0.0,1.0,0.66,390.1191199
0.00035,5.1e-05,0.0,0.0,0.65,317.1076245
0.00035,5.1e-05,0.0,0.1,0.65,390.1217451
0.00035,5.1e-05,0.0,0.2,0.65,390.1217451
0.00035,5.1e-05,0.0,0.3,0.65,390.1217451
0.00035,5.1e-05,0.0,0.4,0.65,390.1217451
0.00035,5.1e-05,0.0,0.5,0.65,390.1217451
0.00035,5.1e-05,0.0,0.6,0.65,390.1217451
0.00035,5.1e-05,0.0,0.7,0.65,390.1217451
0.00035,5.1e-05,0.0,0.8,0.65,390.1217451
0.00035,5.1e-05,0.0,0.9,0.65,390.1217451
0.00035,5.1e-05,0.0,1.0,0.65,390.1217451
0.00035,5.1e-05,1e-05,0.0,0.65,317.1076245
0.00035,5.1e-05,1e-05,0.1,0.65,390.1217451
0.00035,5.1e-05,1e-05,0.2,0.65,390.1217451
0.00035,5.1e-05,1e-05,0.3,0.65,390.1217451
0.00035,5.1e-05,1e-05,0.4,0.65,390.1217451
0.00035,5.1e-05,1e-05,0.5,0.65,390.1217451
0.00035,5.1e-05,1e-05,0.6,0.65,390.1217451
0.00035,5.1e-05,1e-05,0.7,0.65,390.1217451
0.00035,5.1e-05,1e-05,0.8,0.65,390.1217451
0.00035,5.1e-05,1e-05,0.9,0.65,390.1217451
0.00035,5.1e-05,1e-05,1.0,0.65,390.1217451
0.00036,3.44e-05,5e-06,0.0,0.64,317.1078275
0.00036,3.44e-05,5e-06,0.1,0.64,390.1230285
0.00036,3.44e-05,5e-06,0.2,0.64,390.1230285
0.00036,3.44e-05,5e-06,0.3,0.64,390.1230285
0.00036,3.44e-05,5e-06,0.4,0.64,390.1230285
0.00036,3.44e-05,5e-06,0.5,0.64,390.1230285
0.00036,3.44e-05,5e-06,0.6,0.64,390.1230285
0.00036,3.44e-05,5e-06,0.7,0.64,390.1230285
0.00036,3.44e-05,5e-06,0.8,0.64,390.1230285
0.00036,3.44e-05,5e-06,0.9,0.64,390.1230285
0.00036,3.44e-05,5e-06,1.0,0.64,390.1230285
0.00036,3.46e-05,1e-05,0.0,0.64,317.1076208
0.00036,3.46e-05,1e-05,0.1,0.64,390.1219395
0.00036,3.46e-05,1e-05,0.2,0.64,390.1219395
0.00036,3.46e-05,1e-05,0.3,0.64,390.1219395
0.00036,3.46e-05,1e-05,0.4,0.64,390.1219395
0.00036,3.46e-05,1e-05,0.5,0.64,390.1219395
0.00036,3.46e-05,1e-05,0.6,0.64,390.1219395
0.00036,3.46e-05,1e-05,0.7,0.64,390.1219395
0.00036,3.46e-05,1e-05,0.8,0.64,390.1219395
0.00036,3.46e-05,1e-05,0.9,0.64,390.1219395
0.00036,3.46e-05,1e-05,1.0,0.64,390.1219395
0.00036,3.46e-05,0.0,0.0,0.64,317.1076208
0.00036,3.46e-05,0.0,0.1,0.64,390.1219395
0.00036,3.46e-05,0.0,0.2,0.64,390.1219395
0.00036,3.46e-05,0.0,0.3,0.64,390.1219395
0.00036,3.46e-05,0.0,0.4,0.64,390.1219395
0.00036,3.46e-05,0.0,0.5,0.64,390.1219395
0.00036,3.46e-05,0.0,0.6,0.64,390.1219395
0.00036,3.46e-05,0.0,0.7,0.64,390.1219395
0.00036,3.46e-05,0.0,0.8,0.64,390.1219395
0.00036,3.46e-05,0.0,0.9,0.64,390.1219395
0.00036,3.46e-05,0.0,1.0,0.64,390.1219395
0.00037,1.73e-05,0.0,0.0,0.63,317.1070929
0.00037,1.73e-05,0.0,0.1,0.63,390.119357
0.00037,1.73e-05,0.0,0.2,0.63,390.119357
0.00037,1.73e-05,0.0,0.3,0.63,390.119357
0.00037,1.73e-05,0.0,0.4,0.63,390.119357
0.00037,1.73e-05,0.0,0.5,0.63,390.119357
0.00037,1.73e-05,0.0,0.6,0.63,390.119357
0.00037,1.73e-05,0.0,0.7,0.63,390.119357
0.00037,1.73e-05,0.0,0.8,0.63,390.119357
0.00037,1.73e-05,0.0,0.9,0.63,390.119357
0.00037,1.73e-05,0.0,1.0,0.63,390.119357
0.00037,1.73e-05,1e-05,0.0,0.63,317.1070929
0.00037,1.73e-05,1e-05,0.1,0.63,390.119357
0.00037,1.73e-05,1e-05,0.2,0.63,390.119357
0.00037,1.73e-05,1e-05,0.3,0.63,390.119357
0.00037,1.73e-05,1e-05,0.4,0.63,390.119357
0.00037,1.73e-05,1e-05,0.5,0.63,390.119357
0.00037,1.73e-05,1e-05,0.6,0.63,390.119357
0.00037,1.73e-05,1e-05,0.7,0.63,390.119357
0.00037,1.73e-05,1e-05,0.8,0.63,390.119357
0.00037,1.73e-05,1e-05,0.9,0.63,390.119357
0.00037,1.73e-05,1e-05,1.0,0.63,390.119357
0.00037,1.04e-05,5e-06,0.0,0.63,317.1068789
0.00037,1.04e-05,5e-06,0.1,0.63,390.1182274
0.00037,1.04e-05,5e-06,0.2,0.63,390.1182274
0.00037,1.04e-05,5e-06,0.3,0.63,390.1182274
0.00037,1.04e-05,5e-06,0.4,0.63,390.1182274
0.00037,1.04e-05,5e-06,0.5,0.63,390.1182274
0.00037,1.04e-05,5e-06,0.6,0.63,390.1182274
0.00037,1.04e-05,5e-06,0.7,0.63,390.1182274
0.00037,1.04e-05,5e-06,0.8,0.63,390.1182274
0.00037,1.04e-05,5e-06,0.9,0.63,390.1182274
0.00037,1.04e-05,5e-06,1.0,0.63,390.1182274
0.00038,0.0,1e-05,0.0,0.62,317.1060374
0.00038,0.0,1e-05,0.1,0.62,390.1139837
0.00038,0.0,1e-05,0.2,0.62,390.1139837
0.00038,0.0,1e-05,0.3,0.62,390.1139837
0.00038,0.0,1e-05,0.4,0.62,390.1139837
0.00038,0.0,1e-05,0.5,0.62,390.1139837
0.00038,0.0,1e-05,0.6,0.62,390.1139837
0.00038,0.0,1e-05,0.7,0.62,390.1139837
0.00038,0.0,1e-05,0.8,0.62,390.1139837
0.00038,0.0,1e-05,0.9,0.62,390.1139837
0.00038,0.0,1e-05,1.0,0.62,390.1139837
0.00038,0.0,0.0,0.0,0.62,317.1060374
0.00038,0.0,0.0,0.1,0.62,390.1139837
0.00038,0.0,0.0,0.2,0.62,390.1139837
0.00038,0.0,0.0,0.3,0.62,390.1139837
0.00038,0.0,0.0,0.4,0.62,390.1139837
0.00038,0.0,0.0,0.5,0.62,390.1139837
0.00038,0.0,0.0,0.6,0.62,390.1139837
0.00038,0.0,0.0,0.7,0.62,390.1139837
0.00038,0.0,0.0,0.8,0.62,390.1139837
0.00038,0.0,0.0,0.9,0.62,390.1139837
0.00038,0.0,0.0,1.0,0.62,390.1139837
0.00034,0.0001,1e-05,0.0,0.66,317.1052789
0.00034,0.0001,1e-05,0.1,0.66,390.1091492
0.00034,0.0001,1e-05,0.2,0.66,390.1091492
0.00034,0.0001,1e-05,0.3,0.66,390.1091492
0.00034,0.0001,1e-05,0.4,0.66,390.1091492
0.00034,0.0001,1e-05,0.5,0.66,390.1091492
0.00034,0.0001,1e-05,0.6,0.66,390.1091492
0.00034,0.0001,1e-05,0.7,0.66,390.1091492
0.00034,0.0001,1e-05,0.8,0.66,390.1091492
0.00034,0.0001,1e-05,0.9,0.66,390.1091492
0.00034,0.0001,1e-05,1.0,0.66,390.1091492
0.00035,8.27e-05,1e-05,0.0,0.65,317.1067138
0.00035,8.27e-05,1e-05,0.1,0.65,390.1169397
0.00035,8.27e-05,1e-05,0.2,0.65,390.1169397
0.00035,8.27e-05,1e-05,0.3,0.65,390.1169397
0.00035,8.27e-05,1e-05,0.4,0.65,390.1169397
0.00035,8.27e-05,1e-05,0.5,0.65,390.1169397
0.00035,8.27e-05,1e-05,0.6,0.65,390.1169397
0.00035,8.27e-05,1e-05,0.7,0.65,390.1169397
0.00035,8.27e-05,1e-05,0.8,0.65,390.1169397
0.00035,8.27e-05,1e-05,0.9,0.65,390.1169397
0.00035,8.27e-05,1e-05,1.0,0.65,390.1169397
0.00035,8.27e-05,0.0,0.0,0.65,317.1067138
0.00035,8.27e-05,0.0,0.1,0.65,390.1169397
0.00035,8.27e-05,0.0,0.2,0.65,390.1169397
0.00035,8.27e-05,0.0,0.3,0.65,390.1169397
0.00035,8.27e-05,0.0,0.4,0.65,390.1169397
0.00035,8.27e-05,0.0,0.5,0.65,390.1169397
0.00035,8.27e-05,0.0,0.6,0.65,390.1169397
0.00035,8.27e-05,0.0,0.7,0.65,390.1169397
0.00035,8.27e-05,0.0,0.8,0.65,390.1169397
0.00035,8.27e-05,0.0,0.9,0.65,390.1169397
0.00035,8.27e-05,0.0,1.0,0.65,390.1169397
0.000355,7.48e-05,5e-06,0.0,0.645,317.1074143
0.000355,7.48e-05,5e-06,0.1,0.645,390.1207423
0.000355,7.48e-05,5e-06,0.2,0.645,390.1207423
0.000355,7.48e-05,5e-06,0.3,0.645,390.1207423
0.000355,7.48e-05,5e-06,0.4,0.645,390.1207423
0.000355,7.48e-05,5e-06,0.5,0.645,390.1207423
0.000355,7.48e-05,5e-06,0.6,0.645,390.1207423
0.000355,7.48e-05,5e-06,0.7,0.645,390.1207423
0.000355,7.48e-05,5e-06,0.8,0.645,390.1207423
0.000355,7.48e-05,5e-06,0.9,0.645,390.1207423
0.000355,7.48e-05,5e-06,1.0,0.645,390.1207423
0.00036,0.0001,0.0,0.0,0.64,317.1056864
0.00036,0.0001,0.0,0.1,0.64,390.1117404
0.00036,0.0001,0.0,0.2,0.64,390.1117404
0.00036,0.0001,0.0,0.3,0.64,390.1117404
0.00036,0.0001,0.0,0.4,0.64,390.1117404
0.00036,0.0001,0.0,0.5,0.64,390.1117404
0.00036,0.0001,0.0,0.6,0.64,390.1117404
0.00036,0.0001,0.0,0.7,0.64,390.1117404
0.00036,0.0001,0.0,0.8,0.64,390.1117404
0.00036,0.0001,0.0,0.9,0.64,390.1117404
0.00036,0.0001,0.0,1.0,0.64,390.1117404
0.00036,6.69e-05,1e-05,0.0,0.64,317.1075775
0.00036,6.69e-05,1e-05,0.1,0.64,390.1217113
0.00036,6.69e-05,1e-05,0.2,0.64,390.1217113
0.00036,6.69e-05,1e-05,0.3,0.64,390.1217113
0.00036,6.69e-05,1e-05,0.4,0.64,390.1217113
0.00036,6.69e-05,1e-05,0.5,0.64,390.1217113
0.00036,6.69e-05,1e-05,0.6,0.64,390.1217113
0.00036,6.69e-05,1e-05,0.7,0.64,390.1217113
0.00036,6.69e-05,1e-05,0.8,0.64,390.1217113
0.00036,6.69e-05,1e-05,0.9,0.64,390.1217113
0.00036,6.69e-05,1e-05,1.0,0.64,390.1217113
0.00036,6.69e-05,0.0,0.0,0.64,317.1075775
0.00036,6.69e-05,0.0,0.1,0.64,390.1217113
0.00036,6.69e-05,0.0,0.2,0.64,390.1217113
0.00036,6.69e-05,0.0,0.3,0.64,390.1217113
0.00036,6.69e-05,0.0,0.4,0.64,390.1217113
0.00036,6.69e-05,0.0,0.5,0.64,390.1217113
0.00036,6.69e-05,0.0,0.6,0.64,390.1217113
0.00036,6.69e-05,0.0,0.7,0.64,390.1217113
0.00036,6.69e-05,0.0,0.8,0.64,390.1217113
0.00036,6.69e-05,0.0,0.9,0.64,390.1217113
0.00036,6.69e-05,0.0,1.0,0.64,390.1217113
0.00037,5.1e-05,0.0,0.0,0.63,317.1080037
0.00037,5.1e-05,0.0,0.1,0.63,390.1241625
0.00037,5.1e-05,0.0,0.2,0.63,390.1241625
0.00037,5.1e-05,0.0,0.3,0.63,390.1241625
0.00037,5.1e-05,0.0,0.4,0.63,390.1241625
0.00037,5.1e-05,0.0,0.5,0.63,390.1241625
0.00037,5.1e-05,0.0,0.6,0.63,390.1241625
0.00037,5.1e-05,0.0,0.7,0.63,390.1241625
0.00037,5.1e-05,0.0,0.8,0.63,390.1241625
0.00037,5.1e-05,0.0,0.9,0.63,390.1241625
0.00037,5.1e-05,0.0,1.0,0.63,390.1241625
0.00037,5.1e-05,1e-05,0.0,0.63,317.1080037
0.00037,5.1e-05,1e-05,0.1,0.63,390.1241625
0.00037,5.1e-05,1e-05,0.2,0.63,390.1241625
0.00037,5.1e-05,1e-05,0.3,0.63,390.1241625
0.00037,5.1e-05,1e-05,0.4,0.63,390.1241625
0.00037,5.1e-05,1e-05,0.5,0.63,390.1241625
0.00037,5.1e-05,1e-05,0.6,0.63,390.1241625
0.00037,5.1e-05,1e-05,0.7,0.63,390.1241625
0.00037,5.1e-05,1e-05,0.8,0.63,390.1241625
0.00037,5.1e-05,1e-05,0.9,0.63,390.1241625
0.00037,5.1e-05,1e-05,1.0,0.63,390.1241625
0.00038,3.46e-05,1e-05,0.0,0.62,317.1079718
0.00038,3.46e-05,1e-05,0.1,0.62,390.1241831
0.00038,3.46e-05,1e-05,0.2,0.62,390.1241831
0.00038,3.46e-05,1e-05,0.3,0.62,390.1241831
0.00038,3.46e-05,1e-05,0.4,0.62,390.1241831
0.00038,3.46e-05,1e-05,0.5,0.62,390.1241831
0.00038,3.46e-05,1e-05,0.6,0.62,390.1241831
0.00038,3.46e-05,1e-05,0.7,0.62,390.1241831
0.00038,3.46e-05,1e-05,0.8,0.62,390.1241831
0.00038,3.46e-05,1e-05,0.9,0.62,390.1241831
0.00038,3.46e-05,1e-05,1.0,0.62,390.1241831
0.00038,3.46e-05,0.0,0.0,0.62,317.1079718
0.00038,3.46e-05,0.0,0.1,0.62,390.1241831
0.00038,3.46e-05,0.0,0.2,0.62,390.1241831
0.00038,3.46e-05,0.0,0.3,0.62,390.1241831
0.00038,3.46e-05,0.0,0.4,0.62,390.1241831
0.00038,3.46e-05,0.0,0.5,0.62,390.1241831
0.00038,3.46e-05,0.0,0.6,0.62,390.1241831
0.00038,3.46e-05,0.0,0.7,0.62,390.1241831
0.00038,3.46e-05,0.0,0.8,0.62,390.1241831
0.00038,3.46e-05,0.0,0.9,0.62,390.1241831
0.00038,3.46e-05,0.0,1.0,0.62,390.1241831
0.00039,1.73e-05,0.0,0.0,0.61,317.1074161
0.00039,1.73e-05,0.0,0.1,0.61,390.1214269
0.00039,1.73e-05,0.0,0.2,0.61,390.1214269
0.00039,1.73e-05,0.0,0.3,0.61,390.1214269
0.00039,1.73e-05,0.0,0.4,0.61,390.1214269
0.00039,1.73e-05,0.0,0.5,0.61,390.1214269
0.00039,1.73e-05,0.0,0.6,0.61,390.1214269
0.00039,1.73e-05,0.0,0.7,0.61,390.1214269
0.00039,1.73e-05,0.0,0.8,0.61,390.1214269
0.00039,1.73e-05,0.0,0.9,0.61,390.1214269
0.00039,1.73e-05,0.0,1.0,0.61,390.1214269
0.00039,1.73e-05,1e-05,0.0,0.61,317.1074161
0.00039,1.73e-05,1e-05,0.1,0.61,390.1214269
0.00039,1.73e-05,1e-05,0.2,0.61,390.1214269
0.00039,1.73e-05,1e-05,0.3,0.61,390.1214269
0.00039,1.73e-05,1e-05,0.4,0.61,390.1214269
0.00039,1.73e-05,1e-05,0.5,0.61,390.1214269
0.00039,1.73e-05,1e-05,0.6,0.61,390.1214269
0.00039,1.73e-05,1e-05,0.7,0.61,390.1214269
0.00039,1.73e-05,1e-05,0.8,0.61,390.1214269
0.00039,1.73e-05,1e-05,0.9,0.61,390.1214269
0.00039,1.73e-05,1e-05,1.0,0.61,390.1214269
0.0004,0.0,1e-05,0.0,0.6,317.1063329
0.0004,0.0,1e-05,0.1,0.6,390.1158802
0.0004,0.0,1e-05,0.2,0.6,390.1158802
0.0004,0.0,1e-05,0.3,0.6,390.1158802
0.0004,0.0,1e-05,0.4,0.6,390.1158802
0.0004,0.0,1e-05,0.5,0.6,390.1158802
0.0004,0.0,1e-05,0.6,0.6,390.1158802
0.0004,0.0,1e-05,0.7,0.6,390.1158802
0.0004,0.0,1e-05,0.8,0.6,390.1158802
0.0004,0.0,1e-05,0.9,0.6,390.1158802
0.0004,0.0,1e-05,1.0,0.6,390.1158802
0.000405,8.66e-06,5e-06,0.0,0.595,317.1072883
0.000405,8.66e-06,5e-06,0.1,0.595,390.1209907
0.000405,8.66e-06,5e-06,0.2,0.595,390.1209907
0.000405,8.66e-06,5e-06,0.3,0.595,390.1209907
0.000405,8.66e-06,5e-06,0.4,0.595,390.1209907
0.000405,8.66e-06,5e-06,0.5,0.595,390.1209907
0.000405,8.66e-06,5e-06,0.6,0.595,390.1209907
0.000405,8.66e-06,5e-06,0.7,0.595,390.1209907
0.000405,8.66e-06,5e-06,0.8,0.595,390.1209907
0.000405,8.66e-06,5e-06,0.9,0.595,390.1209907
0.000405,8.66e-06,5e-06,1.0,0.595,390.1209907
0.0004,0.0,0.0,0.0,0.6,317.1063329
0.0004,0.0,0.0,0.1,0.6,390.1158802
0.0004,0.0,0.0,0.2,0.6,390.1158802
0.0004,0.0,0.0,0.3,0.6,390.1158802
0.0004,0.0,0.0,0.4,0.6,390.1158802
0.0004,0.0,0.0,0.5,0.6,390.1158802
0.0004,0.0,0.0,0.6,0.6,390.1158802
0.0004,0.0,0.0,0.7,0.6,390.1158802
0.0004,0.0,0.0,0.8,0.6,390.1158802
0.0004,0.0,0.0,0.9,0.6,390.1158802
0.0004,0.0,0.0,1.0,0.6,390.1158802
0.00036,0.0001,1e-05,0.0,0.64,317.1056864
0.00036,0.0001,1e-05,0.1,0.64,390.1117404
0.00036,0.0001,1e-05,0.2,0.64,390.1117404
0.00036,0.0001,1e-05,0.3,0.64,390.1117404
0.00036,0.0001,1e-05,0.4,0.64,390.1117404
0.00036,0.0001,1e-05,0.5,0.64,390.1117404
0.00036,0.0001,1e-05,0.6,0.64,390.1117404
0.00036,0.0001,1e-05,0.7,0.64,390.1117404
0.00036,0.0001,1e-05,0.8,0.64,390.1117404
0.00036,0.0001,1e-05,0.9,0.64,390.1117404
0.00036,0.0001,1e-05,1.0,0.64,390.1117404
0.00037,8.27e-05,0.0,0.0,0.63,317.1070929
0.00037,8.27e-05,0.0,0.1,0.63,390.119357
0.00037,8.27e-05,0.0,0.2,0.63,390.119357
0.00037,8.27e-05,0.0,0.3,0.63,390.119357
0.00037,8.27e-05,0.0,0.4,0.63,390.119357
0.00037,8.27e-05,0.0,0.5,0.63,390.119357
0.00037,8.27e-05,0.0,0.6,0.63,390.119357
0.00037,8.27e-05,0.0,0.7,0.63,390.119357
0.00037,8.27e-05,0.0,0.8,0.63,390.119357
0.00037,8.27e-05,0.0,0.9,0.63,390.119357
0.00037,8.27e-05,0.0,1.0,0.63,390.119357
0.00037,8.27e-05,1e-05,0.0,0.63,317.1070929
0.00037,8.27e-05,1e-05,0.1,0.63,390.119357
0.00037,8.27e-05,1e-05,0.2,0.63,390.119357
0.00037,8.27e-05,1e-05,0.3,0.63,390.119357
0.00037,8.27e-05,1e-05,0.4,0.63,390.119357
0.00037,8.27e-05,1e-05,0.5,0.63,390.119357
0.00037,8.27e-05,1e-05,0.6,0.63,390.119357
0.00037,8.27e-05,1e-05,0.7,0.63,390.119357
0.00037,8.27e-05,1e-05,0.8,0.63,390.119357
0.00037,8.27e-05,1e-05,0.9,0.63,390.119357
0.00037,8.27e-05,1e-05,1.0,0.63,390.119357
0.00038,0.0001,0.0,0.0,0.62,317.1060374
0.00038,0.0001,0.0,0.1,0.62,390.1139837
0.00038,0.0001,0.0,0.2,0.62,390.1139837
0.00038,0.0001,0.0,0.3,0.62,390.1139837
0.00038,0.0001,0.0,0.4,0.62,390.1139837
0.00038,0.0001,0.0,0.5,0.62,390.1139837
0.00038,0.0001,0.0,0.6,0.62,390.1139837
0.00038,0.0001,0.0,0.7,0.62,390.1139837
0.00038,0.0001,0.0,0.8,0.62,390.1139837
0.00038,0.0001,0.0,0.9,0.62,390.1139837
0.00038,0.0001,0.0,1.0,0.62,390.1139837
0.00038,6.69e-05,1e-05,0.0,0.62,317.1079286
0.00038,6.69e-05,1e-05,0.1,0.62,390.1239549
0.00038,6.69e-05,1e-05,0.2,0.62,390.1239549
0.00038,6.69e-05,1e-05,0.3,0.62,390.1239549
0.00038,6.69e-05,1e-05,0.4,0.62,390.1239549
0.00038,6.69e-05,1e-05,0.5,0.62,390.1239549
0.00038,6.69e-05,1e-05,0.6,0.62,390.1239549
0.00038,6.69e-05,1e-05,0.7,0.62,390.1239549
0.00038,6.69e-05,1e-05,0.8,0.62,390.1239549
0.00038,6.69e-05,1e-05,0.9,0.62,390.1239549
0.00038,6.69e-05,1e-05,1.0,0.62,390.1239549
0.00038,6.69e-05,0.0,0.0,0.62,317.1079286
0.00038,6.69e-05,0.0,0.1,0.62,390.1239549
0.00038,6.69e-05,0.0,0.2,0.62,390.1239549
0.00038,6.69e-05,0.0,0.3,0.62,390.1239549
0.00038,6.69e-05,0.0,0.4,0.62,390.1239549
0.00038,6.69e-05,0.0,0.5,0.62,390.1239549
0.00038,6.69e-05,0.0,0.6,0.62,390.1239549
0.00038,6.69e-05,0.0,0.7,0.62,390.1239549
0.00038,6.69e-05,0.0,0.8,0.62,390.1239549
0.00038,6.69e-05,0.0,0.9,0.62,390.1239549
0.00038,6.69e-05,0.0,1.0,0.62,390.1239549
0.00039,5.1e-05,0.0,0.0,0.61,317.1083269
0.00039,5.1e-05,0.0,0.1,0.61,390.1262326
0.00039,5.1e-05,0.0,0.2,0.61,390.1262326
0.00039,5.1e-05,0.0,0.3,0.61,390.1262326
0.00039,5.1e-05,0.0,0.4,0.61,390.1262326
0.00039,5.1e-05,0.0,0.5,0.61,390.1262326
0.00039,5.1e-05,0.0,0.6,0.61,390.1262326
0.00039,5.1e-05,0.0,0.7,0.61,390.1262326
0.00039,5.1e-05,0.0,0.8,0.61,390.1262326
0.00039,5.1e-05,0.0,0.9,0.61,390.1262326
0.00039,5.1e-05,0.0,1.0,0.61,390.1262326
0.00039,5.1e-05,1e-05,0.0,0.61,317.1083269
0.00039,5.1e-05,1e-05,0.1,0.61,390.1262326
0.00039,5.1e-05,1e-05,0.2,0.61,390.1262326
0.00039,5.1e-05,1e-05,0.3,0.61,390.1262326
0.00039,5.1e-05,1e-05,0.4,0.61,390.1262326
0.00039,5.1e-05,1e-05,0.5,0.61,390.1262326
0.00039,5.1e-05,1e-05,0.6,0.61,390.1262326
0.00039,5.1e-05,1e-05,0.7,0.61,390.1262326
0.00039,5.1e-05,1e-05,0.8,0.61,390.1262326
0.00039,5.1e-05,1e-05,0.9,0.61,390.1262326
0.00039,5.1e-05,1e-05,1.0,0.61,390.1262326
0.000395,5.9e-05,5e-06,0.0,0.605,317.108545
0.000395,5.9e-05,5e-06,0.1,0.605,390.1274645
0.000395,5.9e-05,5e-06,0.2,0.605,390.1274645
0.000395,5.9e-05,5e-06,0.3,0.605,390.1274645
0.000395,5.9e-05,5e-06,0.4,0.605,390.1274645
0.000395,5.9e-05,5e-06,0.5,0.605,390.1274645
0.000395,5.9e-05,5e-06,0.6,0.605,390.1274645
0.000395,5.9e-05,5e-06,0.7,0.605,390.1274645
0.000395,5.9e-05,5e-06,0.8,0.605,390.1274645
0.000395,5.9e-05,5e-06,0.9,0.605,390.1274645
0.000395,5.9e-05,5e-06,1.0,0.605,390.1274645
0.0004,3.46e-05,1e-05,0.0,0.6,317.1082673
0.0004,3.46e-05,1e-05,0.1,0.6,390.1260799
0.0004,3.46e-05,1e-05,0.2,0.6,390.1260799
0.0004,3.46e-05,1e-05,0.3,0.6,390.1260799
0.0004,3.46e-05,1e-05,0.4,0.6,390.1260799
0.0004,3.46e-05,1e-05,0.5,0.6,390.1260799
0.0004,3.46e-05,1e-05,0.6,0.6,390.1260799
0.0004,3.46e-05,1e-05,0.7,0.6,390.1260799
0.0004,3.46e-05,1e-05,0.8,0.6,390.1260799
0.0004,3.46e-05,1e-05,0.9,0.6,390.1260799
0.0004,3.46e-05,1e-05,1.0,0.6,390.1260799
0.0004,3.46e-05,0.0,0.0,0.6,317.1082673
0.0004,3.46e-05,0.0,0.1,0.6,390.1260799
0.0004,3.46e-05,0.0,0.2,0.6,390.1260799
0.0004,3.46e-05,0.0,0.3,0.6,390.1260799
0.0004,3.46e-05,0.0,0.4,0.6,390.1260799
0.0004,3.46e-05,0.0,0.5,0.6,390.1260799
0.0004,3.46e-05,0.0,0.6,0.6,390.1260799
0.0004,3.46e-05,0.0,0.7,0.6,390.1260799
0.0004,3.46e-05,0.0,0.8,0.6,390.1260799
0.0004,3.46e-05,0.0,0.9,0.6,390.1260799
0.0004,3.46e-05,0.0,1.0,0.6,390.1260799
0.00041,1.73e-05,1e-05,0.0,0.59,317.107684
0.00041,1.73e-05,1e-05,0.1,0.59,390.1231505
0.00041,1.73e-05,1e-05,0.2,0.59,390.1231505
0.00041,1.73e-05,1e-05,0.3,0.59,390.1231505
0.00041,1.73e-05,1e-05,0.4,0.59,390.1231505
0.00041,1.73e-05,1e-05,0.5,0.59,390.1231505
0.00041,1.73e-05,1e-05,0.6,0.59,390.1231505
0.00041,1.73e-05,1e-05,0.7,0.59,390.1231505
0.00041,1.73e-05,1e-05,0.8,0.59,390.1231505
0.00041,1.73e-05,1e-05,0.9,0.59,390.1231505
0.00041,1.73e-05,1e-05,1.0,0.59,390.1231505
0.00041,1.73e-05,0.0,0.0,0.59,317.107684
0.00041,1.73e-05,0.0,0.1,0.59,390.1231505
0.00041,1.73e-05,0.0,0.2,0.59,390.1231505
0.00041,1.73e-05,0.0,0.3,0.59,390.1231505
0.00041,1.73e-05,0.0,0.4,0.59,390.1231505
0.00041,1.73e-05,0.0,0.5,0.59,390.1231505
0.00041,1.73e-05,0.0,0.6,0.59,390.1231505
0.00041,1.73e-05,0.0,0.7,0.59,390.1231505
0.00041,1.73e-05,0.0,0.8,0.59,390.1231505
0.00041,1.73e-05,0.0,0.9,0.59,390.1231505
0.00041,1.73e-05,0.0,1.0,0.59,390.1231505
0.00042,0.0,1e-05,0.0,0.58,317.1065735
0.00042,0.0,1e-05,0.1,0.58,390.1174308
0.00042,0.0,1e-05,0.2,0.58,390.1174308
0.00042,0.0,1e-05,0.3,0.58,390.1174308
0.00042,0.0,1e-05,0.4,0.58,390.1174308
0.00042,0.0,1e-05,0.5,0.58,390.1174308
0.00042,0.0,1e-05,0.6,0.58,390.1174308
0.00042,0.0,1e-05,0.7,0.58,390.1174308
0.00042,0.0,1e-05,0.8,0.58,390.1174308
0.00042,0.0,1e-05,0.9,0.58,390.1174308
0.00042,0.0,1e-05,1.0,0.58,390.1174308
0.00042,0.0,0.0,0.0,0.58,317.1065736
0.00042,0.0,0.0,0.1,0.58,390.1174308
0.00042,0.0,0.0,0.2,0.58,390.1174308
0.00042,0.0,0.0,0.3,0.58,390.1174308
0.00042,0.0,0.0,0.4,0.58,390.1174308
0.00042,0.0,0.0,0.5,0.58,390.1174308
0.00042,0.0,0.0,0.6,0.58,390.1174308
0.00042,0.0,0.0,0.7,0.58,390.1174308
0.00042,0.0,0.0,0.8,0.58,390.1174308
0.00042,0.0,0.0,0.9,0.58,390.1174308
0.00042,0.0,0.0,1.0,0.58,390.1174308
0.00038,0.0001,1e-05,0.0,0.62,317.1060374
0.00038,0.0001,1e-05,0.1,0.62,390.1139837
0.00038,0.0001,1e-05,0.2,0.62,390.1139837
0.00038,0.0001,1e-05,0.3,0.62,390.1139837
0.00038,0.0001,1e-05,0.4,0.62,390.1139837
0.00038,0.0001,1e-05,0.5,0.62,390.1139837
0.00038,0.0001,1e-05,0.6,0.62,390.1139837
0.00038,0.0001,1e-05,0.7,0.62,390.1139837
0.00038,0.0001,1e-05,0.8,0.62,390.1139837
0.00038,0.0001,1e-05,0.9,0.62,390.1139837
0.00038,0.0001,1e-05,1.0,0.62,390.1139837
0.00039,8.31e-05,5e-06,0.0,0.61,317.1076047
0.00039,8.31e-05,5e-06,0.1,0.61,390.1224205
0.00039,8.31e-05,5e-06,0.2,0.61,390.1224205
0.00039,8.31e-05,5e-06,0.3,0.61,390.1224205
0.00039,8.31e-05,5e-06,0.4,0.61,390.1224205
0.00039,8.31e-05,5e-06,0.5,0.61,390.1224205
0.00039,8.31e-05,5e-06,0.6,0.61,390.1224205
0.00039,8.31e-05,5e-06,0.7,0.61,390.1224205
0.00039,8.31e-05,5e-06,0.8,0.61,390.1224205
0.00039,8.31e-05,5e-06,0.9,0.61,390.1224205
0.00039,8.31e-05,5e-06,1.0,0.61,390.1224205
0.00039,8.27e-05,0.0,0.0,0.61,317.1074161
0.00039,8.27e-05,0.0,0.1,0.61,390.1214269
0.00039,8.27e-05,0.0,0.2,0.61,390.1214269
0.00039,8.27e-05,0.0,0.3,0.61,390.1214269
0.00039,8.27e-05,0.0,0.4,0.61,390.1214269
0.00039,8.27e-05,0.0,0.5,0.61,390.1214269
0.00039,8.27e-05,0.0,0.6,0.61,390.1214269
0.00039,8.27e-05,0.0,0.7,0.61,390.1214269
0.00039,8.27e-05,0.0,0.8,0.61,390.1214269
0.00039,8.27e-05,0.0,0.9,0.61,390.1214269
0.00039,8.27e-05,0.0,1.0,0.61,390.1214269
0.00039,8.27e-05,1e-05,0.0,0.61,317.1074161
0.00039,8.27e-05,1e-05,0.1,0.61,390.1214269
0.00039,8.27e-05,1e-05,0.2,0.61,390.1214269
0.00039,8.27e-05,1e-05,0.3,0.61,390.1214269
0.00039,8.27e-05,1e-05,0.4,0.61,390.1214269
0.00039,8.27e-05,1e-05,0.5,0.61,390.1214269
0.00039,8.27e-05,1e-05,0.6,0.61,390.1214269
0.00039,8.27e-05,1e-05,0.7,0.61,390.1214269
0.00039,8.27e-05,1e-05,0.8,0.61,390.1214269
0.00039,8.27e-05,1e-05,0.9,0.61,390.1214269
0.00039,8.27e-05,1e-05,1.0,0.61,390.1214269
0.0004,0.0001,0.0,0.0,0.6,317.1063329
0.0004,0.0001,0.0,0.1,0.6,390.1158802
0.0004,0.0001,0.0,0.2,0.6,390.1158802
0.0004,0.0001,0.0,0.3,0.6,390.1158802
0.0004,0.0001,0.0,0.4,0.6,390.1158802
0.0004,0.0001,0.0,0.5,0.6,390.1158802
0.0004,0.0001,0.0,0.6,0.6,390.1158802
0.0004,0.0001,0.0,0.7,0.6,390.1158802
0.0004,0.0001,0.0,0.8,0.6,390.1158802
0.0004,0.0001,0.0,0.9,0.6,390.1158802
0.0004,0.0001,0.0,1.0,0.6,390.1158802
0.0004,6.69e-05,1e-05,0.0,0.6,317.1082241
0.0004,6.69e-05,1e-05,0.1,0.6,390.1258517
0.0004,6.69e-05,1e-05,0.2,0.6,390.1258517
0.0004,6.69e-05,1e-05,0.3,0.6,390.1258517
0.0004,6.69e-05,1e-05,0.4,0.6,390.1258517
0.0004,6.69e-05,1e-05,0.5,0.6,390.1258517
0.0004,6.69e-05,1e-05,0.6,0.6,390.1258517
0.0004,6.69e-05,1e-05,0.7,0.6,390.1258517
0.0004,6.69e-05,1e-05,0.8,0.6,390.1258517
0.0004,6.69e-05,1e-05,0.9,0.6,390.1258517
0.0004,6.69e-05,1e-05,1.0,0.6,390.1258517
0.0004,6.69e-05,0.0,0.0,0.6,317.1082241
0.0004,6.69e-05,0.0,0.1,0.6,390.1258517
0.0004,6.69e-05,0.0,0.2,0.6,390.1258517
0.0004,6.69e-05,0.0,0.3,0.6,390.1258517
0.0004,6.69e-05,0.0,0.4,0.6,390.1258517
0.0004,6.69e-05,0.0,0.5,0.6,390.1258517
0.0004,6.69e-05,0.0,0.6,0.6,390.1258517
0.0004,6.69e-05,0.0,0.7,0.6,390.1258517
0.0004,6.69e-05,0.0,0.8,0.6,390.1258517
0.0004,6.69e-05,0.0,0.9,0.6,390.1258517
0.0004,6.69e-05,0.0,1.0,0.6,390.1258517
0.00041,5.1e-05,0.0,0.0,0.59,317.1085949
0.00041,5.1e-05,0.0,0.1,0.59,390.1279562
0.00041,5.1e-05,0.0,0.2,0.59,390.1279562
0.00041,5.1e-05,0.0,0.3,0.59,390.1279562
0.00041,5.1e-05,0.0,0.4,0.59,390.1279562
0.00041,5.1e-05,0.0,0.5,0.59,390.1279562
0.00041,5.1e-05,0.0,0.6,0.59,390.1279562
0.00041,5.1e-05,0.0,0.7,0.59,390.1279562
0.00041,5.1e-05,0.0,0.8,0.59,390.1279562
0.00041,5.1e-05,0.0,0.9,0.59,390.1279562
0.00041,5.1e-05,0.0,1.0,0.59,390.1279562
0.00041,5.1e-05,1e-05,0.0,0.59,317.1085949
0.00041,5.1e-05,1e-05,0.1,0.59,390.1279562
0.00041,5.1e-05,1e-05,0.2,0.59,390.1279562
0.00041,5.1e-05,1e-05,0.3,0.59,390.1279562
0.00041,5.1e-05,1e-05,0.4,0.59,390.1279562
0.00041,5.1e-05,1e-05,0.5,0.59,390.1279562
0.00041,5.1e-05,1e-05,0.6,0.59,390.1279562
0.00041,5.1e-05,1e-05,0.7,0.59,390.1279562
0.00041,5.1e-05,1e-05,0.8,0.59,390.1279562
0.00041,5.1e-05,1e-05,0.9,0.59,390.1279562
0.00041,5.1e-05,1e-05,1.0,0.59,390.1279562
0.00042,3.46e-05,1e-05,0.0,0.58,317.108508
0.00042,3.46e-05,1e-05,0.1,0.58,390.1276306
0.00042,3.46e-05,1e-05,0.2,0.58,390.1276306
0.00042,3.46e-05,1e-05,0.3,0.58,390.1276306
0.00042,3.46e-05,1e-05,0.4,0.58,390.1276306
0.00042,3.46e-05,1e-05,0.5,0.58,390.1276306
0.00042,3.46e-05,1e-05,0.6,0.58,390.1276306
0.00042,3.46e-05,1e-05,0.7,0.58,390.1276306
0.00042,3.46e-05,1e-05,0.8,0.58,390.1276306
0.00042,3.46e-05,1e-05,0.9,0.58,390.1276306
0.00042,3.46e-05,1e-05,1.0,0.58,390.1276306
0.00042,3.46e-05,0.0,0.0,0.58,317.108508
0.00042,3.46e-05,0.0,0.1,0.58,390.1276306
0.00042,3.46e-05,0.0,0.2,0.58,390.1276306
0.00042,3.46e-05,0.0,0.3,0.58,390.1276306
0.00042,3.46e-05,0.0,0.4,0.58,390.1276306
0.00042,3.46e-05,0.0,0.5,0.58,390.1276306
0.00042,3.46e-05,0.0,0.6,0.58,390.1276306
0.00042,3.46e-05,0.0,0.7,0.58,390.1276306
0.00042,3.46e-05,0.0,0.8,0.58,390.1276306
0.00042,3.46e-05,0.0,0.9,0.58,390.1276306
0.00042,3.46e-05,0.0,1.0,0.58,390.1276306
0.00043,1.73e-05,1e-05,0.0,0.57,317.1078976
0.00043,1.73e-05,1e-05,0.1,0.57,390.1245285
0.00043,1.73e-05,1e-05,0.2,0.57,390.1245285
0.00043,1.73e-05,1e-05,0.3,0.57,390.1245285
0.00043,1.73e-05,1e-05,0.4,0.57,390.1245285
0.00043,1.73e-05,1e-05,0.5,0.57,390.1245285
0.00043,1.73e-05,1e-05,0.6,0.57,390.1245285
0.00043,1.73e-05,1e-05,0.7,0.57,390.1245285
0.00043,1.73e-05,1e-05,0.8,0.57,390.1245285
0.00043,1.73e-05,1e-05,0.9,0.57,390.1245285
0.00043,1.73e-05,1e-05,1.0,0.57,390.1245285
0.00043,1.73e-05,0.0,0.0,0.57,317.1078976
0.00043,1.73e-05,0.0,0.1,0.57,390.1245285
0.00043,1.73e-05,0.0,0.2,0.57,390.1245285
0.00043,1.73e-05,0.0,0.3,0.57,390.1245285
0.00043,1.73e-05,0.0,0.4,0.57,390.1245285
0.00043,1.73e-05,0.0,0.5,0.57,390.1245285
0.00043,1.73e-05,0.0,0.6,0.57,390.1245285
0.00043,1.73e-05,0.0,0.7,0.57,390.1245285
0.00043,1.73e-05,0.0,0.8,0.57,390.1245285
0.00043,1.73e-05,0.0,0.9,0.57,390.1245285
0.00043,1.73e-05,0.0,1.0,0.57,390.1245285
0.00044,0.0,1e-05,0.0,0.56,317.1067601
0.00044,0.0,1e-05,0.1,0.56,390.1186361
0.00044,0.0,1e-05,0.2,0.56,390.1186361
0.00044,0.0,1e-05,0.3,0.56,390.1186361
0.00044,0.0,1e-05,0.4,0.56,390.1186361
0.00044,0.0,1e-05,0.5,0.56,390.1186361
0.00044,0.0,1e-05,0.6,0.56,390.1186361
0.00044,0.0,1e-05,0.7,0.56,390.1186361
0.00044,0.0,1e-05,0.8,0.56,390.1186361
0.00044,0.0,1e-05,0.9,0.56,390.1186361
0.00044,0.0,1e-05,1.0,0.56,390.1186361
0.00044,0.0,0.0,0.0,0.56,317.1067601
0.00044,0.0,0.0,0.1,0.56,390.1186361
0.00044,0.0,0.0,0.2,0.56,390.1186361
0.00044,0.0,0.0,0.3,0.56,390.1186361
0.00044,0.0,0.0,0.4,0.56,390.1186361
0.00044,0.0,0.0,0.5,0.56,390.1186361
0.00044,0.0,0.0,0.6,0.56,390.1186361
0.00044,0.0,0.0,0.7,0.56,390.1186361
0.00044,0.0,0.0,0.8,0.56,390.1186361
0.00044,0.0,0.0,0.9,0.56,390.1186361
0.00044,0.0,0.0,1.0,0.56,390.1186361
0.0004,0.0001,1e-05,0.0,0.6,317.1063329
0.0004,0.0001,1e-05,0.1,0.6,390.1158802
0.0004,0.0001,1e-05,0.2,0.6,390.1158802
0.0004,0.0001,1e-05,0.3,0.6,390.1158802
0.0004,0.0001,1e-05,0.4,0.6,390.1158802
0.0004,0.0001,1e-05,0.5,0.6,390.1158802
0.0004,0.0001,1e-05,0.6,0.6,390.1158802
0.0004,0.0001,1e-05,0.7,0.6,390.1158802
0.0004,0.0001,1e-05,0.8,0.6,390.1158802
0.0004,0.0001,1e-05,0.9,0.6,390.1158802
0.0004,0.0001,1e-05,1.0,0.6,390.1158802
0.00041,8.27e-05,0.0,0.0,0.59,317.107684
0.00041,8.27e-05,0.0,0.1,0.59,390.1231505
0.00041,8.27e-05,0.0,0.2,0.59,390.1231505
0.00041,8.27e-05,0.0,0.3,0.59,390.1231505
0.00041,8.27e-05,0.0,0.4,0.59,390.1231505
0.00041,8.27e-05,0.0,0.5,0.59,390.1231505
0.00041,8.27e-05,0.0,0.6,0.59,390.1231505
0.00041,8.27e-05,0.0,0.7,0.59,390.1231505
0.00041,8.27e-05,0.0,0.8,0.59,390.1231505
0.00041,8.27e-05,0.0,0.9,0.59,390.1231505
0.00041,8.27e-05,0.0,1.0,0.59,390.1231505
0.00041,8.27e-05,1e-05,0.0,0.59,317.1076841
0.00041,8.27e-05,1e-05,0.1,0.59,390.1231505
0.00041,8.27e-05,1e-05,0.2,0.59,390.1231505
0.00041,8.27e-05,1e-05,0.3,0.59,390.1231505
0.00041,8.27e-05,1e-05,0.4,0.59,390.1231505
0.00041,8.27e-05,1e-05,0.5,0.59,390.1231505
0.00041,8.27e-05,1e-05,0.6,0.59,390.1231505
0.00041,8.27e-05,1e-05,0.7,0.59,390.1231505
0.00041,8.27e-05,1e-05,0.8,0.59,390.1231505
0.00041,8.27e-05,1e-05,0.9,0.59,390.1231505
0.00041,8.27e-05,1e-05,1.0,0.59,390.1231505
0.00042,0.0001,0.0,0.0,0.58,317.1065735
0.00042,0.0001,0.0,0.1,0.58,390.1174308
0.00042,0.0001,0.0,0.2,0.58,390.1174308
0.00042,0.0001,0.0,0.3,0.58,390.1174308
0.00042,0.0001,0.0,0.4,0.58,390.1174308
0.00042,0.0001,0.0,0.5,0.58,390.1174308
0.00042,0.0001,0.0,0.6,0.58,390.1174308
0.00042,0.0001,0.0,0.7,0.58,390.1174308
0.00042,0.0001,0.0,0.8,0.58,390.1174308
0.00042,0.0001,0.0,0.9,0.58,390.1174308
0.00042,0.0001,0.0,1.0,0.58,390.1174308
0.00042,6.69e-05,1e-05,0.0,0.58,317.1084648
0.00042,6.69e-05,1e-05,0.1,0.58,390.1274024
0.00042,6.69e-05,1e-05,0.2,0.58,390.1274024
0.00042,6.69e-05,1e-05,0.3,0.58,390.1274024
0.00042,6.69e-05,1e-05,0.4,0.58,390.1274024
0.00042,6.69e-05,1e-05,0.5,0.58,390.1274024
0.00042,6.69e-05,1e-05,0.6,0.58,390.1274024
0.00042,6.69e-05,1e-05,0.7,0.58,390.1274024
0.00042,6.69e-05,1e-05,0.8,0.58,390.1274024
0.00042,6.69e-05,1e-05,0.9,0.58,390.1274024
0.00042,6.69e-05,1e-05,1.0,0.58,390.1274024
0.00042,6.69e-05,0.0,0.0,0.58,317.1084648
0.00042,6.69e-05,0.0,0.1,0.58,390.1274024
0.00042,6.69e-05,0.0,0.2,0.58,390.1274024
0.00042,6.69e-05,0.0,0.3,0.58,390.1274024
0.00042,6.69e-05,0.0,0.4,0.58,390.1274024
0.00042,6.69e-05,0.0,0.5,0.58,390.1274024
0.00042,6.69e-05,0.0,0.6,0.58,390.1274024
0.00042,6.69e-05,0.0,0.7,0.58,390.1274024
0.00042,6.69e-05,0.0,0.8,0.58,390.1274024
0.00042,6.69e-05,0.0,0.9,0.58,390.1274024
0.00042,6.69e-05,0.0,1.0,0.58,390.1274024
0.00043,5.1e-05,0.0,0.0,0.57,317.1088084
0.00043,5.1e-05,0.0,0.1,0.57,390.1293343
0.00043,5.1e-05,0.0,0.2,0.57,390.1293343
0.00043,5.1e-05,0.0,0.3,0.57,390.1293343
0.00043,5.1e-05,0.0,0.4,0.57,390.1293343
0.00043,5.1e-05,0.0,0.5,0.57,390.1293343
0.00043,5.1e-05,0.0,0.6,0.57,390.1293343
0.00043,5.1e-05,0.0,0.7,0.57,390.1293343
0.00043,5.1e-05,0.0,0.8,0.57,390.1293343
0.00043,5.1e-05,0.0,0.9,0.57,390.1293343
0.00043,5.1e-05,0.0,1.0,0.57,390.1293343
0.00043,5.1e-05,1e-05,0.0,0.57,317.1088084
0.00043,5.1e-05,1e-05,0.1,0.57,390.1293343
0.00043,5.1e-05,1e-05,0.2,0.57,390.1293343
0.00043,5.1e-05,1e-05,0.3,0.57,390.1293343
0.00043,5.1e-05,1e-05,0.4,0.57,390.1293343
0.00043,5.1e-05,1e-05,0.5,0.57,390.1293343
0.00043,5.1e-05,1e-05,0.6,0.57,390.1293343
0.00043,5.1e-05,1e-05,0.7,0.57,390.1293343
0.00043,5.1e-05,1e-05,0.8,0.57,390.1293343
0.00043,5.1e-05,1e-05,0.9,0.57,390.1293343
0.00043,5.1e-05,1e-05,1.0,0.57,390.1293343
0.00044,3.46e-05,1e-05,0.0,0.56,317.1086945
0.00044,3.46e-05,1e-05,0.1,0.56,390.128836
0.00044,3.46e-05,1e-05,0.2,0.56,390.128836
0.00044,3.46e-05,1e-05,0.3,0.56,390.128836
0.00044,3.46e-05,1e-05,0.4,0.56,390.128836
0.00044,3.46e-05,1e-05,0.5,0.56,390.128836
0.00044,3.46e-05,1e-05,0.6,0.56,390.128836
0.00044,3.46e-05,1e-05,0.7,0.56,390.128836
0.00044,3.46e-05,1e-05,0.8,0.56,390.128836
0.00044,3.46e-05,1e-05,0.9,0.56,390.128836
0.00044,3.46e-05,1e-05,1.0,0.56,390.128836
0.00044,3.46e-05,0.0,0.0,0.56,317.1086945
0.00044,3.46e-05,0.0,0.1,0.56,390.128836
0.00044,3.46e-05,0.0,0.2,0.56,390.128836
0.00044,3.46e-05,0.0,0.3,0.56,390.128836
0.00044,3.46e-05,0.0,0.4,0.56,390.128836
0.00044,3.46e-05,0.0,0.5,0.56,390.128836
0.00044,3.46e-05,0.0,0.6,0.56,390.128836
0.00044,3.46e-05,0.0,0.7,0.56,390.128836
0.00044,3.46e-05,0.0,0.8,0.56,390.128836
0.00044,3.46e-05,0.0,0.9,0.56,390.128836
0.00044,3.46e-05,0.0,1.0,0.56,390.128836
0.00045,1.73e-05,0.0,0.0,0.55,317.1080572
0.00045,1.73e-05,0.0,0.1,0.55,390.1255614
0.00045,1.73e-05,0.0,0.2,0.55,390.1255614
0.00045,1.73e-05,0.0,0.3,0.55,390.1255614
0.00045,1.73e-05,0.0,0.4,0.55,390.1255614
0.00045,1.73e-05,0.0,0.5,0.55,390.1255614
0.00045,1.73e-05,0.0,0.6,0.55,390.1255614
0.00045,1.73e-05,0.0,0.7,0.55,390.1255614
0.00045,1.73e-05,0.0,0.8,0.55,390.1255614
0.00045,1.73e-05,0.0,0.9,0.55,390.1255614
0.00045,1.73e-05,0.0,1.0,0.55,390.1255614
0.00045,1.73e-05,1e-05,0.0,0.55,317.1080572
0.00045,1.73e-05,1e-05,0.1,0.55,390.1255614
0.00045,1.73e-05,1e-05,0.2,0.55,390.1255614
0.00045,1.73e-05,1e-05,0.3,0.55,390.1255614
0.00045,1.73e-05,1e-05,0.4,0.55,390.1255614
0.00045,1.73e-05,1e-05,0.5,0.55,390.1255614
0.00045,1.73e-05,1e-05,0.6,0.55,390.1255614
0.00045,1.73e-05,1e-05,0.7,0.55,390.1255614
0.00045,1.73e-05,1e-05,0.8,0.55,390.1255614
0.00045,1.73e-05,1e-05,0.9,0.55,390.1255614
0.00045,1.73e-05,1e-05,1.0,0.55,390.1255614
0.00046,0.0,1e-05,0.0,0.54,317.106893
0.00046,0.0,1e-05,0.1,0.54,390.1194966
0.00046,0.0,1e-05,0.2,0.54,390.1194966
0.00046,0.0,1e-05,0.3,0.54,390.1194966
0.00046,0.0,1e-05,0.4,0.54,390.1194966
0.00046,0.0,1e-05,0.5,0.54,390.1194966
0.00046,0.0,1e-05,0.6,0.54,390.1194966
0.00046,0.0,1e-05,0.7,0.54,390.1194966
0.00046,0.0,1e-05,0.8,0.54,390.1194966
0.00046,0.0,1e-05,0.9,0.54,390.1194966
0.00046,0.0,1e-05,1.0,0.54,390.1194966
0.00046,0.0,0.0,0.0,0.54,317.1068929
0.00046,0.0,0.0,0.1,0.54,390.1194966
0.00046,0.0,0.0,0.2,0.54,390.1194966
0.00046,0.0,0.0,0.3,0.54,390.1194966
0.00046,0.0,0.0,0.4,0.54,390.1194966
0.00046,0.0,0.0,0.5,0.54,390.1194966
0.00046,0.0,0.0,0.6,0.54,390.1194966
0.00046,0.0,0.0,0.7,0.54,390.1194966
0.00046,0.0,0.0,0.8,0.54,390.1194966
0.00046,0.0,0.0,0.9,0.54,390.1194966
0.00046,0.0,0.0,1.0,0.54,390.1194966
0.00042,0.0001,1e-05,0.0,0.58,317.1065736
0.00042,0.0001,1e-05,0.1,0.58,390.1174308
0.00042,0.0001,1e-05,0.2,0.58,390.1174308
0.00042,0.0001,1e-05,0.3,0.58,390.1174308
0.00042,0.0001,1e-05,0.4,0.58,390.1174308
0.00042,0.0001,1e-05,0.5,0.58,390.1174308
0.00042,0.0001,1e-05,0.6,0.58,390.1174308
0.00042,0.0001,1e-05,0.7,0.58,390.1174308
0.00042,0.0001,1e-05,0.8,0.58,390.1174308
0.00042,0.0001,1e-05,0.9,0.58,390.1174308
0.00042,0.0001,1e-05,1.0,0.58,390.1174308
0.00043,8.27e-05,0.0,0.0,0.57,317.1078976
0.00043,8.27e-05,0.0,0.1,0.57,390.1245285
0.00043,8.27e-05,0.0,0.2,0.57,390.1245285
0.00043,8.27e-05,0.0,0.3,0.57,390.1245285
0.00043,8.27e-05,0.0,0.4,0.57,390.1245285
0.00043,8.27e-05,0.0,0.5,0.57,390.1245285
0.00043,8.27e-05,0.0,0.6,0.57,390.1245285
0.00043,8.27e-05,0.0,0.7,0.57,390.1245285
0.00043,8.27e-05,0.0,0.8,0.57,390.1245285
0.00043,8.27e-05,0.0,0.9,0.57,390.1245285
0.00043,8.27e-05,0.0,1.0,0.57,390.1245285
0.00043,8.27e-05,1e-05,0.0,0.57,317.1078976
0.00043,8.27e-05,1e-05,0.1,0.57,390.1245285
0.00043,8.27e-05,1e-05,0.2,0.57,390.1245285
0.00043,8.27e-05,1e-05,0.3,0.57,390.1245285
0.00043,8.27e-05,1e-05,0.4,0.57,390.1245285
0.00043,8.27e-05,1e-05,0.5,0.57,390.1245285
0.00043,8.27e-05,1e-05,0.6,0.57,390.1245285
0.00043,8.27e-05,1e-05,0.7,0.57,390.1245285
0.00043,8.27e-05,1e-05,0.8,0.57,390.1245285
0.00043,8.27e-05,1e-05,0.9,0.57,390.1245285
0.00043,8.27e-05,1e-05,1.0,0.57,390.1245285
0.00044,0.0001,0.0,0.0,0.56,317.1067601
0.00044,0.0001,0.0,0.1,0.56,390.1186361
0.00044,0.0001,0.0,0.2,0.56,390.1186361
0.00044,0.0001,0.0,0.3,0.56,390.1186361
0.00044,0.0001,0.0,0.4,0.56,390.1186361
0.00044,0.0001,0.0,0.5,0.56,390.1186361
0.00044,0.0001,0.0,0.6,0.56,390.1186361
0.00044,0.0001,0.0,0.7,0.56,390.1186361
0.00044,0.0001,0.0,0.8,0.56,390.1186361
0.00044,0.0001,0.0,0.9,0.56,390.1186361
0.00044,0.0001,0.0,1.0,0.56,390.1186361
0.00044,6.69e-05,1e-05,0.0,0.56,317.1086513
0.00044,6.69e-05,1e-05,0.1,0.56,390.1286078
0.00044,6.69e-05,1e-05,0.2,0.56,390.1286078
0.00044,6.69e-05,1e-05,0.3,0.56,390.1286078
0.00044,6.69e-05,1e-05,0.4,0.56,390.1286078
0.00044,6.69e-05,1e-05,0.5,0.56,390.1286078
0.00044,6.69e-05,1e-05,0.6,0.56,390.1286078
0.00044,6.69e-05,1e-05,0.7,0.56,390.1286078
0.00044,6.69e-05,1e-05,0.8,0.56,390.1286078
0.00044,6.69e-05,1e-05,0.9,0.56,390.1286078
0.00044,6.69e-05,1e-05,1.0,0.56,390.1286078
0.00044,6.69e-05,0.0,0.0,0.56,317.1086513
0.00044,6.69e-05,0.0,0.1,0.56,390.1286078
0.00044,6.69e-05,0.0,0.2,0.56,390.1286078
0.00044,6.69e-05,0.0,0.3,0.56,390.1286078
0.00044,6.69e-05,0.0,0.4,0.56,390.1286078
0.00044,6.69e-05,0.0,0.5,0.56,390.1286078
0.00044,6.69e-05,0.0,0.6,0.56,390.1286078
0.00044,6.69e-05,0.0,0.7,0.56,390.1286078
0.00044,6.69e-05,0.0,0.8,0.56,390.1286078
0.00044,6.69e-05,0.0,0.9,0.56,390.1286078
0.00044,6.69e-05,0.0,1.0,0.56,390.1286078
0.00045,5.1e-05,0.0,0.0,0.55,317.1089681
0.00045,5.1e-05,0.0,0.1,0.55,390.1303673
0.00045,5.1e-05,0.0,0.2,0.55,390.1303673
0.00045,5.1e-05,0.0,0.3,0.55,390.1303673
0.00045,5.1e-05,0.0,0.4,0.55,390.1303673
0.00045,5.1e-05,0.0,0.5,0.55,390.1303673
0.00045,5.1e-05,0.0,0.6,0.55,390.1303673
0.00045,5.1e-05,0.0,0.7,0.55,390.1303673
0.00045,5.1e-05,0.0,0.8,0.55,390.1303673
0.00045,5.1e-05,0.0,0.9,0.55,390.1303673
0.00045,5.1e-05,0.0,1.0,0.55,390.1303673
0.00045,5.1e-05,1e-05,0.0,0.55,317.1089681
0.00045,5.1e-05,1e-05,0.1,0.55,390.1303673
0.00045,5.1e-05,1e-05,0.2,0.55,390.1303673
0.00045,5.1e-05,1e-05,0.3,0.55,390.1303673
0.00045,5.1e-05,1e-05,0.4,0.55,390.1303673
0.00045,5.1e-05,1e-05,0.5,0.55,390.1303673
0.00045,5.1e-05,1e-05,0.6,0.55,390.1303673
0.00045,5.1e-05,1e-05,0.7,0.55,390.1303673
0.00045,5.1e-05,1e-05,0.8,0.55,390.1303673
0.00045,5.1e-05,1e-05,0.9,0.55,390.1303673
0.00045,5.1e-05,1e-05,1.0,0.55,390.1303673
0.00046,3.46e-05,1e-05,0.0,0.54,317.1088274
0.00046,3.46e-05,1e-05,0.1,0.54,390.1296967
0.00046,3.46e-05,1e-05,0.2,0.54,390.1296967
0.00046,3.46e-05,1e-05,0.3,0.54,390.1296967
0.00046,3.46e-05,1e-05,0.4,0.54,390.1296967
0.00046,3.46e-05,1e-05,0.5,0.54,390.1296967
0.00046,3.46e-05,1e-05,0.6,0.54,390.1296967
0.00046,3.46e-05,1e-05,0.7,0.54,390.1296967
0.00046,3.46e-05,1e-05,0.8,0.54,390.1296967
0.00046,3.46e-05,1e-05,0.9,0.54,390.1296967
0.00046,3.46e-05,1e-05,1.0,0.54,390.1296967
0.00046,3.46e-05,0.0,0.0,0.54,317.1088274
0.00046,3.46e-05,0.0,0.1,0.54,390.1296967
0.00046,3.46e-05,0.0,0.2,0.54,390.1296967
0.00046,3.46e-05,0.0,0.3,0.54,390.1296967
0.00046,3.46e-05,0.0,0.4,0.54,390.1296967
0.00046,3.46e-05,0.0,0.5,0.54,390.1296967
0.00046,3.46e-05,0.0,0.6,0.54,390.1296967
0.00046,3.46e-05,0.0,0.7,0.54,390.1296967
0.00046,3.46e-05,0.0,0.8,0.54,390.1296967
0.00046,3.46e-05,0.0,0.9,0.54,390.1296967
0.00046,3.46e-05,0.0,1.0,0.54,390.1296967
0.00047,1.73e-05,0.0,0.0,0.53,317.1081634
0.00047,1.73e-05,0.0,0.1,0.53,390.1262498
0.00047,1.73e-05,0.0,0.2,0.53,390.1262498
0.00047,1.73e-05,0.0,0.3,0.53,390.1262498
0.00047,1.73e-05,0.0,0.4,0.53,390.1262498
0.00047,1.73e-05,0.0,0.5,0.53,390.1262498
0.00047,1.73e-05,0.0,0.6,0.53,390.1262498
0.00047,1.73e-05,0.0,0.7,0.53,390.1262498
0.00047,1.73e-05,0.0,0.8,0.53,390.1262498
0.00047,1.73e-05,0.0,0.9,0.53,390.1262498
0.00047,1.73e-05,0.0,1.0,0.53,390.1262498
0.00047,1.73e-05,1e-05,0.0,0.53,317.1081634
0.00047,1.73e-05,1e-05,0.1,0.53,390.1262498
0.00047,1.73e-05,1e-05,0.2,0.53,390.1262498
0.00047,1.73e-05,1e-05,0.3,0.53,390.1262498
0.00047,1.73e-05,1e-05,0.4,0.53,390.1262498
0.00047,1.73e-05,1e-05,0.5,0.53,390.1262498
0.00047,1.73e-05,1e-05,0.6,0.53,390.1262498
0.00047,1.73e-05,1e-05,0.7,0.53,390.1262498
0.00047,1.73e-05,1e-05,0.8,0.53,390.1262498
0.00047,1.73e-05,1e-05,0.9,0.53,390.1262498
0.00047,1.73e-05,1e-05,1.0,0.53,390.1262498
0.00048,0.0,1e-05,0.0,0.52,317.1069725
0.00048,0.0,1e-05,0.1,0.52,390.1200128
0.00048,0.0,1e-05,0.2,0.52,390.1200128
0.00048,0.0,1e-05,0.3,0.52,390.1200128
0.00048,0.0,1e-05,0.4,0.52,390.1200128
0.00048,0.0,1e-05,0.5,0.52,390.1200128
0.00048,0.0,1e-05,0.6,0.52,390.1200128
0.00048,0.0,1e-05,0.7,0.52,390.1200128
0.00048,0.0,1e-05,0.8,0.52,390.1200128
0.00048,0.0,1e-05,0.9,0.52,390.1200128
0.00048,0.0,1e-05,1.0,0.52,390.1200128
0.00048,0.0,0.0,0.0,0.52,317.1069725
0.00048,0.0,0.0,0.1,0.52,390.1200128
0.00048,0.0,0.0,0.2,0.52,390.1200128
0.00048,0.0,0.0,0.3,0.52,390.1200128
0.00048,0.0,0.0,0.4,0.52,390.1200128
0.00048,0.0,0.0,0.5,0.52,390.1200128
0.00048,0.0,0.0,0.6,0.52,390.1200128
0.00048,0.0,0.0,0.7,0.52,390.1200128
0.00048,0.0,0.0,0.8,0.52,390.1200128
0.00048,0.0,0.0,0.9,0.52,390.1200128
0.00048,0.0,0.0,1.0,0.52,390.1200128
0.00044,0.0001,1e-05,0.0,0.56,317.1067601
0.00044,0.0001,1e-05,0.1,0.56,390.1186361
0.00044,0.0001,1e-05,0.2,0.56,390.1186361
0.00044,0.0001,1e-05,0.3,0.56,390.1186361
0.00044,0.0001,1e-05,0.4,0.56,390.1186361
0.00044,0.0001,1e-05,0.5,0.56,390.1186361
0.00044,0.0001,1e-05,0.6,0.56,390.1186361
0.00044,0.0001,1e-05,0.7,0.56,390.1186361
0.00044,0.0001,1e-05,0.8,0.56,390.1186361
0.00044,0.0001,1e-05,0.9,0.56,390.1186361
0.00044,0.0001,1e-05,1.0,0.56,390.1186361
0.00045,8.27e-05,0.0,0.0,0.55,317.1080572
0.00045,8.27e-05,0.0,0.1,0.55,390.1255614
0.00045,8.27e-05,0.0,0.2,0.55,390.1255614
0.00045,8.27e-05,0.0,0.3,0.55,390.1255614
0.00045,8.27e-05,0.0,0.4,0.55,390.1255614
0.00045,8.27e-05,0.0,0.5,0.55,390.1255614
0.00045,8.27e-05,0.0,0.6,0.55,390.1255614
0.00045,8.27e-05,0.0,0.7,0.55,390.1255614
0.00045,8.27e-05,0.0,0.8,0.55,390.1255614
0.00045,8.27e-05,0.0,0.9,0.55,390.1255614
0.00045,8.27e-05,0.0,1.0,0.55,390.1255614
0.00045,8.27e-05,1e-05,0.0,0.55,317.1080572
0.00045,8.27e-05,1e-05,0.1,0.55,390.1255614
0.00045,8.27e-05,1e-05,0.2,0.55,390.1255614
0.00045,8.27e-05,1e-05,0.3,0.55,390.1255614
0.00045,8.27e-05,1e-05,0.4,0.55,390.1255614
0.00045,8.27e-05,1e-05,0.5,0.55,390.1255614
0.00045,8.27e-05,1e-05,0.6,0.55,390.1255614
0.00045,8.27e-05,1e-05,0.7,0.55,390.1255614
0.00045,8.27e-05,1e-05,0.8,0.55,390.1255614
0.00045,8.27e-05,1e-05,0.9,0.55,390.1255614
0.00045,8.27e-05,1e-05,1.0,0.55,390.1255614
0.00046,0.0001,0.0,0.0,0.54,317.106893
0.00046,0.0001,0.0,0.1,0.54,390.1194966
0.00046,0.0001,0.0,0.2,0.54,390.1194966
0.00046,0.0001,0.0,0.3,0.54,390.1194966
0.00046,0.0001,0.0,0.4,0.54,390.1194966
0.00046,0.0001,0.0,0.5,0.54,390.1194966
0.00046,0.0001,0.0,0.6,0.54,390.1194966
0.00046,0.0001,0.0,0.7,0.54,390.1194966
0.00046,0.0001,0.0,0.8,0.54,390.1194966
0.00046,0.0001,0.0,0.9,0.54,390.1194966
0.00046,0.0001,0.0,1.0,0.54,390.1194966
0.00046,6.69e-05,1e-05,0.0,0.54,317.1087842
0.00046,6.69e-05,1e-05,0.1,0.54,390.1294685
0.00046,6.69e-05,1e-05,0.2,0.54,390.1294685
0.00046,6.69e-05,1e-05,0.3,0.54,390.1294685
0.00046,6.69e-05,1e-05,0.4,0.54,390.1294685
0.00046,6.69e-05,1e-05,0.5,0.54,390.1294685
0.00046,6.69e-05,1e-05,0.6,0.54,390.1294685
0.00046,6.69e-05,1e-05,0.7,0.54,390.1294685
0.00046,6.69e-05,1e-05,0.8,0.54,390.1294685
0.00046,6.69e-05,1e-05,0.9,0.54,390.1294685
0.00046,6.69e-05,1e-05,1.0,0.54,390.1294685
0.00046,6.69e-05,0.0,0.0,0.54,317.1087842
0.00046,6.69e-05,0.0,0.1,0.54,390.1294685
0.00046,6.69e-05,0.0,0.2,0.54,390.1294685
0.00046,6.69e-05,0.0,0.3,0.54,390.1294685
0.00046,6.69e-05,0.0,0.4,0.54,390.1294685
0.00046,6.69e-05,0.0,0.5,0.54,390.1294685
0.00046,6.69e-05,0.0,0.6,0.54,390.1294685
0.00046,6.69e-05,0.0,0.7,0.54,390.1294685
0.00046,6.69e-05,0.0,0.8,0.54,390.1294685
0.00046,6.69e-05,0.0,0.9,0.54,390.1294685
0.00046,6.69e-05,0.0,1.0,0.54,390.1294685
0.00047,5.1e-05,0.0,0.0,0.53,317.1090743
0.00047,5.1e-05,0.0,0.1,0.53,390.1310557
0.00047,5.1e-05,0.0,0.2,0.53,390.1310557
0.00047,5.1e-05,0.0,0.3,0.53,390.1310557
0.00047,5.1e-05,0.0,0.4,0.53,390.1310557
0.00047,5.1e-05,0.0,0.5,0.53,390.1310557
0.00047,5.1e-05,0.0,0.6,0.53,390.1310557
0.00047,5.1e-05,0.0,0.7,0.53,390.1310557
0.00047,5.1e-05,0.0,0.8,0.53,390.1310557
0.00047,5.1e-05,0.0,0.9,0.53,390.1310557
0.00047,5.1e-05,0.0,1.0,0.53,390.1310557
0.00047,5.1e-05,1e-05,0.0,0.53,317.1090743
0.00047,5.1e-05,1e-05,0.1,0.53,390.1310557
0.00047,5.1e-05,1e-05,0.2,0.53,390.1310557
0.00047,5.1e-05,1e-05,0.3,0.53,390.1310557
0.00047,5.1e-05,1e-05,0.4,0.53,390.1310557
0.00047,5.1e-05,1e-05,0.5,0.53,390.1310557
0.00047,5.1e-05,1e-05,0.6,0.53,390.1310557
0.00047,5.1e-05,1e-05,0.7,0.53,390.1310557
0.00047,5.1e-05,1e-05,0.8,0.53,390.1310557
0.00047,5.1e-05,1e-05,0.9,0.53,390.1310557
0.00047,5.1e-05,1e-05,1.0,0.53,390.1310557
0.000475,4.28e-05,5e-06,0.0,0.525,317.1092634
0.000475,4.28e-05,5e-06,0.1,0.525,390.1320738
0.000475,4.28e-05,5e-06,0.2,0.525,390.1320738
0.000475,4.28e-05,5e-06,0.3,0.525,390.1320738
0.000475,4.28e-05,5e-06,0.4,0.525,390.1320738
0.000475,4.28e-05,5e-06,0.5,0.525,390.1320738
0.000475,4.28e-05,5e-06,0.6,0.525,390.1320738
0.000475,4.28e-05,5e-06,0.7,0.525,390.1320738
0.000475,4.28e-05,5e-06,0.8,0.525,390.1320738
0.000475,4.28e-05,5e-06,0.9,0.525,390.1320738
0.000475,4.28e-05,5e-06,1.0,0.525,390.1320738
0.00048,3.46e-05,0.0,0.0,0.52,317.108907
0.00048,3.46e-05,0.0,0.1,0.52,390.1302129
0.00048,3.46e-05,0.0,0.2,0.52,390.1302129
0.00048,3.46e-05,0.0,0.3,0.52,390.1302129
0.00048,3.46e-05,0.0,0.4,0.52,390.1302129
0.00048,3.46e-05,0.0,0.5,0.52,390.1302129
0.00048,3.46e-05,0.0,0.6,0.52,390.1302129
0.00048,3.46e-05,0.0,0.7,0.52,390.1302129
0.00048,3.46e-05,0.0,0.8,0.52,390.1302129
0.00048,3.46e-05,0.0,0.9,0.52,390.1302129
0.00048,3.46e-05,0.0,1.0,0.52,390.1302129
0.00048,3.46e-05,1e-05,0.0,0.52,317.108907
0.00048,3.46e-05,1e-05,0.1,0.52,390.1302129
0.00048,3.46e-05,1e-05,0.2,0.52,390.1302129
0.00048,3.46e-05,1e-05,0.3,0.52,390.1302129
0.00048,3.46e-05,1e-05,0.4,0.52,390.1302129
0.00048,3.46e-05,1e-05,0.5,0.52,390.1302129
0.00048,3.46e-05,1e-05,0.6,0.52,390.1302129
0.00048,3.46e-05,1e-05,0.7,0.52,390.1302129
0.00048,3.46e-05,1e-05,0.8,0.52,390.1302129
0.00048,3.46e-05,1e-05,0.9,0.52,390.1302129
0.00048,3.46e-05,1e-05,1.0,0.52,390.1302129
0.00049,1.73e-05,0.0,0.0,0.51,317.1082165
0.00049,1.73e-05,0.0,0.1,0.51,390.1265939
0.00049,1.73e-05,0.0,0.2,0.51,390.1265939
0.00049,1.73e-05,0.0,0.3,0.51,390.1265939
0.00049,1.73e-05,0.0,0.4,0.51,390.1265939
0.00049,1.73e-05,0.0,0.5,0.51,390.1265939
0.00049,1.73e-05,0.0,0.6,0.51,390.1265939
0.00049,1.73e-05,0.0,0.7,0.51,390.1265939
0.00049,1.73e-05,0.0,0.8,0.51,390.1265939
0.00049,1.73e-05,0.0,0.9,0.51,390.1265939
0.00049,1.73e-05,0.0,1.0,0.51,390.1265939
0.00049,1.73e-05,1e-05,0.0,0.51,317.1082165
0.00049,1.73e-05,1e-05,0.1,0.51,390.1265939
0.00049,1.73e-05,1e-05,0.2,0.51,390.1265939
0.00049,1.73e-05,1e-05,0.3,0.51,390.1265939
0.00049,1.73e-05,1e-05,0.4,0.51,390.1265939
0.00049,1.73e-05,1e-05,0.5,0.51,390.1265939
0.00049,1.73e-05,1e-05,0.6,0.51,390.1265939
0.00049,1.73e-05,1e-05,0.7,0.51,390.1265939
0.00049,1.73e-05,1e-05,0.8,0.51,390.1265939
0.00049,1.73e-05,1e-05,0.9,0.51,390.1265939
0.00049,1.73e-05,1e-05,1.0,0.51,390.1265939
0.0005,0.0,1e-05,0.0,0.5,317.106999
0.0005,0.0,1e-05,0.1,0.5,390.1201848
0.0005,0.0,1e-05,0.2,0.5,390.1201848
0.0005,0.0,1e-05,0.3,0.5,390.1201848
0.0005,0.0,1e-05,0.4,0.5,390.1201848
0.0005,0.0,1e-05,0.5,0.5,390.1201848
0.0005,0.0,1e-05,0.6,0.5,390.1201848
0.0005,0.0,1e-05,0.7,0.5,390.1201848
0.0005,0.0,1e-05,0.8,0.5,390.1201848
0.0005,0.0,1e-05,0.9,0.5,390.1201848
0.0005,0.0,1e-05,1.0,0.5,390.1201848
0.0005,0.0,0.0,0.0,0.5,317.106999
0.0005,0.0,0.0,0.1,0.5,390.1201848
0.0005,0.0,0.0,0.2,0.5,390.1201848
0.0005,0.0,0.0,0.3,0.5,390.1201848
0.0005,0.0,0.0,0.4,0.5,390.1201848
0.0005,0.0,0.0,0.5,0.5,390.1201848
0.0005,0.0,0.0,0.6,0.5,390.1201848
0.0005,0.0,0.0,0.7,0.5,390.1201848
0.0005,0.0,0.0,0.8,0.5,390.1201848
0.0005,0.0,0.0,0.9,0.5,390.1201848
0.0005,0.0,0.0,1.0,0.5,390.1201848
0.00046,0.0001,1e-05,0.0,0.54,317.1068929
0.00046,0.0001,1e-05,0.1,0.54,390.1194966
0.00046,0.0001,1e-05,0.2,0.54,390.1194966
0.00046,0.0001,1e-05,0.3,0.54,390.1194966
0.00046,0.0001,1e-05,0.4,0.54,390.1194966
0.00046,0.0001,1e-05,0.5,0.54,390.1194966
0.00046,0.0001,1e-05,0.6,0.54,390.1194966
0.00046,0.0001,1e-05,0.7,0.54,390.1194966
0.00046,0.0001,1e-05,0.8,0.54,390.1194966
0.00046,0.0001,1e-05,0.9,0.54,390.1194966
0.00046,0.0001,1e-05,1.0,0.54,390.1194966
0.00047,8.27e-05,0.0,0.0,0.53,317.1081634
0.00047,8.27e-05,0.0,0.1,0.53,390.1262498
0.00047,8.27e-05,0.0,0.2,0.53,390.1262498
0.00047,8.27e-05,0.0,0.3,0.53,390.1262498
0.00047,8.27e-05,0.0,0.4,0.53,390.1262498
0.00047,8.27e-05,0.0,0.5,0.53,390.1262498
0.00047,8.27e-05,0.0,0.6,0.53,390.1262498
0.00047,8.27e-05,0.0,0.7,0.53,390.1262498
0.00047,8.27e-05,0.0,0.8,0.53,390.1262498
0.00047,8.27e-05,0.0,0.9,0.53,390.1262498
0.00047,8.27e-05,0.0,1.0,0.53,390.1262498
0.00047,8.27e-05,1e-05,0.0,0.53,317.1081634
0.00047,8.27e-05,1e-05,0.1,0.53,390.1262498
0.00047,8.27e-05,1e-05,0.2,0.53,390.1262498
0.00047,8.27e-05,1e-05,0.3,0.53,390.1262498
0.00047,8.27e-05,1e-05,0.4,0.53,390.1262498
0.00047,8.27e-05,1e-05,0.5,0.53,390.1262498
0.00047,8.27e-05,1e-05,0.6,0.53,390.1262498
0.00047,8.27e-05,1e-05,0.7,0.53,390.1262498
0.00047,8.27e-05,1e-05,0.8,0.53,390.1262498
0.00047,8.27e-05,1e-05,0.9,0.53,390.1262498
0.00047,8.27e-05,1e-05,1.0,0.53,390.1262498
0.00048,0.0001,0.0,0.0,0.52,317.1069725
0.00048,0.0001,0.0,0.1,0.52,390.1200128
0.00048,0.0001,0.0,0.2,0.52,390.1200128
0.00048,0.0001,0.0,0.3,0.52,390.1200128
0.00048,0.0001,0.0,0.4,0.52,390.1200128
0.00048,0.0001,0.0,0.5,0.52,390.1200128
0.00048,0.0001,0.0,0.6,0.52,390.1200128
0.00048,0.0001,0.0,0.7,0.52,390.1200128
0.00048,0.0001,0.0,0.8,0.52,390.1200128
0.00048,0.0001,0.0,0.9,0.52,390.1200128
0.00048,0.0001,0.0,1.0,0.52,390.1200128
0.00048,6.69e-05,1e-05,0.0,0.52,317.1088638
0.00048,6.69e-05,1e-05,0.1,0.52,390.1299847
0.00048,6.69e-05,1e-05,0.2,0.52,390.1299847
0.00048,6.69e-05,1e-05,0.3,0.52,390.1299847
0.00048,6.69e-05,1e-05,0.4,0.52,390.1299847
0.00048,6.69e-05,1e-05,0.5,0.52,390.1299847
0.00048,6.69e-05,1e-05,0.6,0.52,390.1299847
0.00048,6.69e-05,1e-05,0.7,0.52,390.1299847
0.00048,6.69e-05,1e-05,0.8,0.52,390.1299847
0.00048,6.69e-05,1e-05,0.9,0.52,390.1299847
0.00048,6.69e-05,1e-05,1.0,0.52,390.1299847
0.00048,6.69e-05,0.0,0.0,0.52,317.1088638
0.00048,6.69e-05,0.0,0.1,0.52,390.1299847
0.00048,6.69e-05,0.0,0.2,0.52,390.1299847
0.00048,6.69e-05,0.0,0.3,0.52,390.1299847
0.00048,6.69e-05,0.0,0.4,0.52,390.1299847
0.00048,6.69e-05,0.0,0.5,0.52,390.1299847
0.00048,6.69e-05,0.0,0.6,0.52,390.1299847
0.00048,6.69e-05,0.0,0.7,0.52,390.1299847
0.00048,6.69e-05,0.0,0.8,0.52,390.1299847
0.00048,6.69e-05,0.0,0.9,0.52,390.1299847
0.00048,6.69e-05,0.0,1.0,0.52,390.1299847
0.00049,5.1e-05,1e-05,0.0,0.51,317.1091273
0.00049,5.1e-05,1e-05,0.1,0.51,390.1313998
0.00049,5.1e-05,1e-05,0.2,0.51,390.1313998
0.00049,5.1e-05,1e-05,0.3,0.51,390.1313998
0.00049,5.1e-05,1e-05,0.4,0.51,390.1313998
0.00049,5.1e-05,1e-05,0.5,0.51,390.1313998
0.00049,5.1e-05,1e-05,0.6,0.51,390.1313998
0.00049,5.1e-05,1e-05,0.7,0.51,390.1313998
0.00049,5.1e-05,1e-05,0.8,0.51,390.1313998
0.00049,5.1e-05,1e-05,0.9,0.51,390.1313998
0.00049,5.1e-05,1e-05,1.0,0.51,390.1313998
0.00049,5.1e-05,0.0,0.0,0.51,317.1091273
0.00049,5.1e-05,0.0,0.1,0.51,390.1313998
0.00049,5.1e-05,0.0,0.2,0.51,390.1313998
0.00049,5.1e-05,0.0,0.3,0.51,390.1313998
0.00049,5.1e-05,0.0,0.4,0.51,390.1313998
0.00049,5.1e-05,0.0,0.5,0.51,390.1313998
0.00049,5.1e-05,0.0,0.6,0.51,390.1313998
0.00049,5.1e-05,0.0,0.7,0.51,390.1313998
0.00049,5.1e-05,0.0,0.8,0.51,390.1313998
0.00049,5.1e-05,0.0,0.9,0.51,390.1313998
0.00049,5.1e-05,0.0,1.0,0.51,390.1313998
0.0005,3.46e-05,0.0,0.0,0.5,317.1089335
0.0005,3.46e-05,0.0,0.1,0.5,390.130385
0.0005,3.46e-05,0.0,0.2,0.5,390.130385
0.0005,3.46e-05,0.0,0.3,0.5,390.130385
0.0005,3.46e-05,0.0,0.4,0.5,390.130385
0.0005,3.46e-05,0.0,0.5,0.5,390.130385
0.0005,3.46e-05,0.0,0.6,0.5,390.130385
0.0005,3.46e-05,0.0,0.7,0.5,390.130385
0.0005,3.46e-05,0.0,0.8,0.5,390.130385
0.0005,3.46e-05,0.0,0.9,0.5,390.130385
0.0005,3.46e-05,0.0,1.0,0.5,390.130385
0.0005,3.46e-05,1e-05,0.0,0.5,317.1089335
0.0005,3.46e-05,1e-05,0.1,0.5,390.130385
0.0005,3.46e-05,1e-05,0.2,0.5,390.130385
0.0005,3.46e-05,1e-05,0.3,0.5,390.130385
0.0005,3.46e-05,1e-05,0.4,0.5,390.130385
0.0005,3.46e-05,1e-05,0.5,0.5,390.130385
0.0005,3.46e-05,1e-05,0.6,0.5,390.130385
0.0005,3.46e-05,1e-05,0.7,0.5,390.130385
0.0005,3.46e-05,1e-05,0.8,0.5,390.130385
0.0005,3.46e-05,1e-05,0.9,0.5,390.130385
0.0005,3.46e-05,1e-05,1.0,0.5,390.130385
0.00051,1.73e-05,0.0,0.0,0.49,317.1082165
0.00051,1.73e-05,0.0,0.1,0.49,390.1265939
0.00051,1.73e-05,0.0,0.2,0.49,390.1265939
0.00051,1.73e-05,0.0,0.3,0.49,390.1265939
0.00051,1.73e-05,0.0,0.4,0.49,390.1265939
0.00051,1.73e-05,0.0,0.5,0.49,390.1265939
0.00051,1.73e-05,0.0,0.6,0.49,390.1265939
0.00051,1.73e-05,0.0,0.7,0.49,390.1265939
0.00051,1.73e-05,0.0,0.8,0.49,390.1265939
0.00051,1.73e-05,0.0,0.9,0.49,390.1265939
0.00051,1.73e-05,0.0,1.0,0.49,390.1265939
0.00051,1.73e-05,1e-05,0.0,0.49,317.1082165
0.00051,1.73e-05,1e-05,0.1,0.49,390.1265939
0.00051,1.73e-05,1e-05,0.2,0.49,390.1265939
0.00051,1.73e-05,1e-05,0.3,0.49,390.1265939
0.00051,1.73e-05,1e-05,0.4,0.49,390.1265939
0.00051,1.73e-05,1e-05,0.5,0.49,390.1265939
0.00051,1.73e-05,1e-05,0.6,0.49,390.1265939
0.00051,1.73e-05,1e-05,0.7,0.49,390.1265939
0.00051,1.73e-05,1e-05,0.8,0.49,390.1265939
0.00051,1.73e-05,1e-05,0.9,0.49,390.1265939
0.00051,1.73e-05,1e-05,1.0,0.49,390.1265939
0.00052,0.0,1e-05,0.0,0.48,317.1069725
0.00052,0.0,1e-05,0.1,0.48,390.1200128
0.00052,0.0,1e-05,0.2,0.48,390.1200128
0.00052,0.0,1e-05,0.3,0.48,390.1200128
0.00052,0.0,1e-05,0.4,0.48,390.1200128
0.00052,0.0,1e-05,0.5,0.48,390.1200128
0.00052,0.0,1e-05,0.6,0.48,390.1200128
0.00052,0.0,1e-05,0.7,0.48,390.1200128
0.00052,0.0,1e-05,0.8,0.48,390.1200128
0.00052,0.0,1e-05,0.9,0.48,390.1200128
0.00052,0.0,1e-05,1.0,0.48,390.1200128
0.00052,0.0,0.0,0.0,0.48,317.1069725
0.00052,0.0,0.0,0.1,0.48,390.1200128
0.00052,0.0,0.0,0.2,0.48,390.1200128
0.00052,0.0,0.0,0.3,0.48,390.1200128
0.00052,0.0,0.0,0.4,0.48,390.1200128
0.00052,0.0,0.0,0.5,0.48,390.1200128
0.00052,0.0,0.0,0.6,0.48,390.1200128
0.00052,0.0,0.0,0.7,0.48,390.1200128
0.00052,0.0,0.0,0.8,0.48,390.1200128
0.00052,0.0,0.0,0.9,0.48,390.1200128
0.00052,0.0,0.0,1.0,0.48,390.1200128
0.00048,0.0001,1e-05,0.0,0.52,317.1069725
0.00048,0.0001,1e-05,0.1,0.52,390.1200128
0.00048,0.0001,1e-05,0.2,0.52,390.1200128
0.00048,0.0001,1e-05,0.3,0.52,390.1200128
0.00048,0.0001,1e-05,0.4,0.52,390.1200128
0.00048,0.0001,1e-05,0.5,0.52,390.1200128
0.00048,0.0001,1e-05,0.6,0.52,390.1200128
0.00048,0.0001,1e-05,0.7,0.52,390.1200128
0.00048,0.0001,1e-05,0.8,0.52,390.1200128
0.00048,0.0001,1e-05,0.9,0.52,390.1200128
0.00048,0.0001,1e-05,1.0,0.52,390.1200128
0.00049,8.27e-05,0.0,0.0,0.51,317.1082165
0.00049,8.27e-05,0.0,0.1,0.51,390.1265939
0.00049,8.27e-05,0.0,0.2,0.51,390.1265939
0.00049,8.27e-05,0.0,0.3,0.51,390.1265939
0.00049,8.27e-05,0.0,0.4,0.51,390.1265939
0.00049,8.27e-05,0.0,0.5,0.51,390.1265939
0.00049,8.27e-05,0.0,0.6,0.51,390.1265939
0.00049,8.27e-05,0.0,0.7,0.51,390.1265939
0.00049,8.27e-05,0.0,0.8,0.51,390.1265939
0.00049,8.27e-05,0.0,0.9,0.51,390.1265939
0.00049,8.27e-05,0.0,1.0,0.51,390.1265939
0.00049,8.27e-05,1e-05,0.0,0.51,317.1082165
0.00049,8.27e-05,1e-05,0.1,0.51,390.1265939
0.00049,8.27e-05,1e-05,0.2,0.51,390.1265939
0.00049,8.27e-05,1e-05,0.3,0.51,390.1265939
0.00049,8.27e-05,1e-05,0.4,0.51,390.1265939
0.00049,8.27e-05,1e-05,0.5,0.51,390.1265939
0.00049,8.27e-05,1e-05,0.6,0.51,390.1265939
0.00049,8.27e-05,1e-05,0.7,0.51,390.1265939
0.00049,8.27e-05,1e-05,0.8,0.51,390.1265939
0.00049,8.27e-05,1e-05,0.9,0.51,390.1265939
0.00049,8.27e-05,1e-05,1.0,0.51,390.1265939
0.0005,0.0001,0.0,0.0,0.5,317.106999
0.0005,0.0001,0.0,0.1,0.5,390.1201848
0.0005,0.0001,0.0,0.2,0.5,390.1201848
0.0005,0.0001,0.0,0.3,0.5,390.1201848
0.0005,0.0001,0.0,0.4,0.5,390.1201848
0.0005,0.0001,0.0,0.5,0.5,390.1201848
0.0005,0.0001,0.0,0.6,0.5,390.1201848
0.0005,0.0001,0.0,0.7,0.5,390.1201848
0.0005,0.0001,0.0,0.8,0.5,390.1201848
0.0005,0.0001,0.0,0.9,0.5,390.1201848
0.0005,0.0001,0.0,1.0,0.5,390.1201848
0.0005,6.69e-05,1e-05,0.0,0.5,317.1088903
0.0005,6.69e-05,1e-05,0.1,0.5,390.1301567
0.0005,6.69e-05,1e-05,0.2,0.5,390.1301567
0.0005,6.69e-05,1e-05,0.3,0.5,390.1301567
0.0005,6.69e-05,1e-05,0.4,0.5,390.1301567
0.0005,6.69e-05,1e-05,0.5,0.5,390.1301567
0.0005,6.69e-05,1e-05,0.6,0.5,390.1301567
0.0005,6.69e-05,1e-05,0.7,0.5,390.1301567
0.0005,6.69e-05,1e-05,0.8,0.5,390.1301567
0.0005,6.69e-05,1e-05,0.9,0.5,390.1301567
0.0005,6.69e-05,1e-05,1.0,0.5,390.1301567
0.0005,6.69e-05,0.0,0.0,0.5,317.1088903
0.0005,6.69e-05,0.0,0.1,0.5,390.1301567
0.0005,6.69e-05,0.0,0.2,0.5,390.1301567
0.0005,6.69e-05,0.0,0.3,0.5,390.1301567
0.0005,6.69e-05,0.0,0.4,0.5,390.1301567
0.0005,6.69e-05,0.0,0.5,0.5,390.1301567
0.0005,6.69e-05,0.0,0.6,0.5,390.1301567
0.0005,6.69e-05,0.0,0.7,0.5,390.1301567
0.0005,6.69e-05,0.0,0.8,0.5,390.1301567
0.0005,6.69e-05,0.0,0.9,0.5,390.1301567
0.0005,6.69e-05,0.0,1.0,0.5,390.1301567
0.00051,5.1e-05,1e-05,0.0,0.49,317.1091273
0.00051,5.1e-05,1e-05,0.1,0.49,390.1313998
0.00051,5.1e-05,1e-05,0.2,0.49,390.1313998
0.00051,5.1e-05,1e-05,0.3,0.49,390.1313998
0.00051,5.1e-05,1e-05,0.4,0.49,390.1313998
0.00051,5.1e-05,1e-05,0.5,0.49,390.1313998
0.00051,5.1e-05,1e-05,0.6,0.49,390.1313998
0.00051,5.1e-05,1e-05,0.7,0.49,390.1313998
0.00051,5.1e-05,1e-05,0.8,0.49,390.1313998
0.00051,5.1e-05,1e-05,0.9,0.49,390.1313998
0.00051,5.1e-05,1e-05,1.0,0.49,390.1313998
0.00051,5.1e-05,0.0,0.0,0.49,317.1091273
0.00051,5.1e-05,0.0,0.1,0.49,390.1313998
0.00051,5.1e-05,0.0,0.2,0.49,390.1313998
0.00051,5.1e-05,0.0,0.3,0.49,390.1313998
0.00051,5.1e-05,0.0,0.4,0.49,390.1313998
0.00051,5.1e-05,0.0,0.5,0.49,390.1313998
0.00051,5.1e-05,0.0,0.6,0.49,390.1313998
0.00051,5.1e-05,0.0,0.7,0.49,390.1313998
0.00051,5.1e-05,0.0,0.8,0.49,390.1313998
0.00051,5.1e-05,0.0,0.9,0.49,390.1313998
0.00051,5.1e-05,0.0,1.0,0.49,390.1313998
0.00052,3.46e-05,0.0,0.0,0.48,317.108907
0.00052,3.46e-05,0.0,0.1,0.48,390.1302129
0.00052,3.46e-05,0.0,0.2,0.48,390.1302129
0.00052,3.46e-05,0.0,0.3,0.48,390.1302129
0.00052,3.46e-05,0.0,0.4,0.48,390.1302129
0.00052,3.46e-05,0.0,0.5,0.48,390.1302129
0.00052,3.46e-05,0.0,0.6,0.48,390.1302129
0.00052,3.46e-05,0.0,0.7,0.48,390.1302129
0.00052,3.46e-05,0.0,0.8,0.48,390.1302129
0.00052,3.46e-05,0.0,0.9,0.48,390.1302129
0.00052,3.46e-05,0.0,1.0,0.48,390.1302129
0.00052,3.46e-05,1e-05,0.0,0.48,317.108907
0.00052,3.46e-05,1e-05,0.1,0.48,390.1302129
0.00052,3.46e-05,1e-05,0.2,0.48,390.1302129
0.00052,3.46e-05,1e-05,0.3,0.48,390.1302129
0.00052,3.46e-05,1e-05,0.4,0.48,390.1302129
0.00052,3.46e-05,1e-05,0.5,0.48,390.1302129
0.00052,3.46e-05,1e-05,0.6,0.48,390.1302129
0.00052,3.46e-05,1e-05,0.7,0.48,390.1302129
0.00052,3.46e-05,1e-05,0.8,0.48,390.1302129
0.00052,3.46e-05,1e-05,0.9,0.48,390.1302129
0.00052,3.46e-05,1e-05,1.0,0.48,390.1302129
0.00053,1.73e-05,0.0,0.0,0.47,317.1081634
0.00053,1.73e-05,0.0,0.1,0.47,390.1262498
0.00053,1.73e-05,0.0,0.2,0.47,390.1262498
0.00053,1.73e-05,0.0,0.3,0.47,390.1262498
0.00053,1.73e-05,0.0,0.4,0.47,390.1262498
0.00053,1.73e-05,0.0,0.5,0.47,390.1262498
0.00053,1.73e-05,0.0,0.6,0.47,390.1262498
0.00053,1.73e-05,0.0,0.7,0.47,390.1262498
0.00053,1.73e-05,0.0,0.8,0.47,390.1262498
0.00053,1.73e-05,0.0,0.9,0.47,390.1262498
0.00053,1.73e-05,0.0,1.0,0.47,390.1262498
0.00053,1.73e-05,1e-05,0.0,0.47,317.1081634
0.00053,1.73e-05,1e-05,0.1,0.47,390.1262498
0.00053,1.73e-05,1e-05,0.2,0.47,390.1262498
0.00053,1.73e-05,1e-05,0.3,0.47,390.1262498
0.00053,1.73e-05,1e-05,0.4,0.47,390.1262498
0.00053,1.73e-05,1e-05,0.5,0.47,390.1262498
0.00053,1.73e-05,1e-05,0.6,0.47,390.1262498
0.00053,1.73e-05,1e-05,0.7,0.47,390.1262498
0.00053,1.73e-05,1e-05,0.8,0.47,390.1262498
0.00053,1.73e-05,1e-05,0.9,0.47,390.1262498
0.00053,1.73e-05,1e-05,1.0,0.47,390.1262498
0.00054,0.0,1e-05,0.0,0.46,317.106893
0.00054,0.0,1e-05,0.1,0.46,390.1194966
0.00054,0.0,1e-05,0.2,0.46,390.1194966
0.00054,0.0,1e-05,0.3,0.46,390.1194966
0.00054,0.0,1e-05,0.4,0.46,390.1194966
0.00054,0.0,1e-05,0.5,0.46,390.1194966
0.00054,0.0,1e-05,0.6,0.46,390.1194966
0.00054,0.0,1e-05,0.7,0.46,390.1194966
0.00054,0.0,1e-05,0.8,0.46,390.1194966
0.00054,0.0,1e-05,0.9,0.46,390.1194966
0.00054,0.0,1e-05,1.0,0.46,390.1194966
0.00054,6.93e-06,5e-06,0.0,0.46,317.1076582
0.00054,6.93e-06,5e-06,0.1,0.46,390.1235285
0.00054,6.93e-06,5e-06,0.2,0.46,390.1235285
0.00054,6.93e-06,5e-06,0.3,0.46,390.1235285
0.00054,6.93e-06,5e-06,0.4,0.46,390.1235285
0.00054,6.93e-06,5e-06,0.5,0.46,390.1235285
0.00054,6.93e-06,5e-06,0.6,0.46,390.1235285
0.00054,6.93e-06,5e-06,0.7,0.46,390.1235285
0.00054,6.93e-06,5e-06,0.8,0.46,390.1235285
0.00054,6.93e-06,5e-06,0.9,0.46,390.1235285
0.00054,6.93e-06,5e-06,1.0,0.46,390.1235285
0.00054,0.0,0.0,0.0,0.46,317.106893
0.00054,0.0,0.0,0.1,0.46,390.1194966
0.00054,0.0,0.0,0.2,0.46,390.1194966
0.00054,0.0,0.0,0.3,0.46,390.1194966
0.00054,0.0,0.0,0.4,0.46,390.1194966
0.00054,0.0,0.0,0.5,0.46,390.1194966
0.00054,0.0,0.0,0.6,0.46,390.1194966
0.00054,0.0,0.0,0.7,0.46,390.1194966
0.00054,0.0,0.0,0.8,0.46,390.1194966
0.00054,0.0,0.0,0.9,0.46,390.1194966
0.00054,0.0,0.0,1.0,0.46,390.1194966
0.0005,0.0001,1e-05,0.0,0.5,317.106999
0.0005,0.0001,1e-05,0.1,0.5,390.1201848
0.0005,0.0001,1e-05,0.2,0.5,390.1201848
0.0005,0.0001,1e-05,0.3,0.5,390.1201848
0.0005,0.0001,1e-05,0.4,0.5,390.1201848
0.0005,0.0001,1e-05,0.5,0.5,390.1201848
0.0005,0.0001,1e-05,0.6,0.5,390.1201848
0.0005,0.0001,1e-05,0.7,0.5,390.1201848
0.0005,0.0001,1e-05,0.8,0.5,390.1201848
0.0005,0.0001,1e-05,0.9,0.5,390.1201848
0.0005,0.0001,1e-05,1.0,0.5,390.1201848
0.00051,8.27e-05,0.0,0.0,0.49,317.1082165
0.00051,8.27e-05,0.0,0.1,0.49,390.1265939
0.00051,8.27e-05,0.0,0.2,0.49,390.1265939
0.00051,8.27e-05,0.0,0.3,0.49,390.1265939
0.00051,8.27e-05,0.0,0.4,0.49,390.1265939
0.00051,8.27e-05,0.0,0.5,0.49,390.1265939
0.00051,8.27e-05,0.0,0.6,0.49,390.1265939
0.00051,8.27e-05,0.0,0.7,0.49,390.1265939
0.00051,8.27e-05,0.0,0.8,0.49,390.1265939
0.00051,8.27e-05,0.0,0.9,0.49,390.1265939
0.00051,8.27e-05,0.0,1.0,0.49,390.1265939
0.00051,8.27e-05,1e-05,0.0,0.49,317.1082165
0.00051,8.27e-05,1e-05,0.1,0.49,390.1265939
0.00051,8.27e-05,1e-05,0.2,0.49,390.1265939
0.00051,8.27e-05,1e-05,0.3,0.49,390.1265939
0.00051,8.27e-05,1e-05,0.4,0.49,390.1265939
0.00051,8.27e-05,1e-05,0.5,0.49,390.1265939
0.00051,8.27e-05,1e-05,0.6,0.49,390.1265939
0.00051,8.27e-05,1e-05,0.7,0.49,390.1265939
0.00051,8.27e-05,1e-05,0.8,0.49,390.1265939
0.00051,8.27e-05,1e-05,0.9,0.49,390.1265939
0.00051,8.27e-05,1e-05,1.0,0.49,390.1265939
0.00052,0.0001,0.0,0.0,0.48,317.1069725
0.00052,0.0001,0.0,0.1,0.48,390.1200128
0.00052,0.0001,0.0,0.2,0.48,390.1200128
0.00052,0.0001,0.0,0.3,0.48,390.1200128
0.00052,0.0001,0.0,0.4,0.48,390.1200128
0.00052,0.0001,0.0,0.5,0.48,390.1200128
0.00052,0.0001,0.0,0.6,0.48,390.1200128
0.00052,0.0001,0.0,0.7,0.48,390.1200128
0.00052,0.0001,0.0,0.8,0.48,390.1200128
0.00052,0.0001,0.0,0.9,0.48,390.1200128
0.00052,0.0001,0.0,1.0,0.48,390.1200128
0.00052,6.69e-05,0.0,0.0,0.48,317.1088638
0.00052,6.69e-05,0.0,0.1,0.48,390.1299847
0.00052,6.69e-05,0.0,0.2,0.48,390.1299847
0.00052,6.69e-05,0.0,0.3,0.48,390.1299847
0.00052,6.69e-05,0.0,0.4,0.48,390.1299847
0.00052,6.69e-05,0.0,0.5,0.48,390.1299847
0.00052,6.69e-05,0.0,0.6,0.48,390.1299847
0.00052,6.69e-05,0.0,0.7,0.48,390.1299847
0.00052,6.69e-05,0.0,0.8,0.48,390.1299847
0.00052,6.69e-05,0.0,0.9,0.48,390.1299847
0.00052,6.69e-05,0.0,1.0,0.48,390.1299847
0.00052,6.69e-05,1e-05,0.0,0.48,317.1088638
0.00052,6.69e-05,1e-05,0.1,0.48,390.1299847
0.00052,6.69e-05,1e-05,0.2,0.48,390.1299847
0.00052,6.69e-05,1e-05,0.3,0.48,390.1299847
0.00052,6.69e-05,1e-05,0.4,0.48,390.1299847
0.00052,6.69e-05,1e-05,0.5,0.48,390.1299847
0.00052,6.69e-05,1e-05,0.6,0.48,390.1299847
0.00052,6.69e-05,1e-05,0.7,0.48,390.1299847
0.00052,6.69e-05,1e-05,0.8,0.48,390.1299847
0.00052,6.69e-05,1e-05,0.9,0.48,390.1299847
0.00052,6.69e-05,1e-05,1.0,0.48,390.1299847
0.00053,5.1e-05,1e-05,0.0,0.47,317.1090743
0.00053,5.1e-05,1e-05,0.1,0.47,390.1310557
0.00053,5.1e-05,1e-05,0.2,0.47,390.1310557
0.00053,5.1e-05,1e-05,0.3,0.47,390.1310557
0.00053,5.1e-05,1e-05,0.4,0.47,390.1310557
0.00053,5.1e-05,1e-05,0.5,0.47,390.1310557
0.00053,5.1e-05,1e-05,0.6,0.47,390.1310557
0.00053,5.1e-05,1e-05,0.7,0.47,390.1310557
0.00053,5.1e-05,1e-05,0.8,0.47,390.1310557
0.00053,5.1e-05,1e-05,0.9,0.47,390.1310557
0.00053,5.1e-05,1e-05,1.0,0.47,390.1310557
0.00053,5.1e-05,0.0,0.0,0.47,317.1090743
0.00053,5.1e-05,0.0,0.1,0.47,390.1310557
0.00053,5.1e-05,0.0,0.2,0.47,390.1310557
0.00053,5.1e-05,0.0,0.3,0.47,390.1310557
0.00053,5.1e-05,0.0,0.4,0.47,390.1310557
0.00053,5.1e-05,0.0,0.5,0.47,390.1310557
0.00053,5.1e-05,0.0,0.6,0.47,390.1310557
0.00053,5.1e-05,0.0,0.7,0.47,390.1310557
0.00053,5.1e-05,0.0,0.8,0.47,390.1310557
0.00053,5.1e-05,0.0,0.9,0.47,390.1310557
0.00053,5.1e-05,0.0,1.0,0.47,390.1310557
0.00054,3.46e-05,0.0,0.0,0.46,317.1088274
0.00054,3.46e-05,0.0,0.1,0.46,390.1296967
0.00054,3.46e-05,0.0,0.2,0.46,390.1296967
0.00054,3.46e-05,0.0,0.3,0.46,390.1296967
0.00054,3.46e-05,0.0,0.4,0.46,390.1296967
0.00054,3.46e-05,0.0,0.5,0.46,390.1296967
0.00054,3.46e-05,0.0,0.6,0.46,390.1296967
0.00054,3.46e-05,0.0,0.7,0.46,390.1296967
0.00054,3.46e-05,0.0,0.8,0.46,390.1296967
0.00054,3.46e-05,0.0,0.9,0.46,390.1296967
0.00054,3.46e-05,0.0,1.0,0.46,390.1296967
0.00054,3.46e-05,1e-05,0.0,0.46,317.1088274
0.00054,3.46e-05,1e-05,0.1,0.46,390.1296967
0.00054,3.46e-05,1e-05,0.2,0.46,390.1296967
0.00054,3.46e-05,1e-05,0.3,0.46,390.1296967
0.00054,3.46e-05,1e-05,0.4,0.46,390.1296967
0.00054,3.46e-05,1e-05,0.5,0.46,390.1296967
0.00054,3.46e-05,1e-05,0.6,0.46,390.1296967
0.00054,3.46e-05,1e-05,0.7,0.46,390.1296967
0.00054,3.46e-05,1e-05,0.8,0.46,390.1296967
0.00054,3.46e-05,1e-05,0.9,0.46,390.1296967
0.00054,3.46e-05,1e-05,1.0,0.46,390.1296967
0.00055,1.73e-05,0.0,0.0,0.45,317.1080572
0.00055,1.73e-05,0.0,0.1,0.45,390.1255614
0.00055,1.73e-05,0.0,0.2,0.45,390.1255614
0.00055,1.73e-05,0.0,0.3,0.45,390.1255614
0.00055,1.73e-05,0.0,0.4,0.45,390.1255614
0.00055,1.73e-05,0.0,0.5,0.45,390.1255614
0.00055,1.73e-05,0.0,0.6,0.45,390.1255614
0.00055,1.73e-05,0.0,0.7,0.45,390.1255614
0.00055,1.73e-05,0.0,0.8,0.45,390.1255614
0.00055,1.73e-05,0.0,0.9,0.45,390.1255614
0.00055,1.73e-05,0.0,1.0,0.45,390.1255614
0.00055,1.73e-05,1e-05,0.0,0.45,317.1080572
0.00055,1.73e-05,1e-05,0.1,0.45,390.1255614
0.00055,1.73e-05,1e-05,0.2,0.45,390.1255614
0.00055,1.73e-05,1e-05,0.3,0.45,390.1255614
0.00055,1.73e-05,1e-05,0.4,0.45,390.1255614
0.00055,1.73e-05,1e-05,0.5,0.45,390.1255614
0.00055,1.73e-05,1e-05,0.6,0.45,390.1255614
0.00055,1.73e-05,1e-05,0.7,0.45,390.1255614
0.00055,1.73e-05,1e-05,0.8,0.45,390.1255614
0.00055,1.73e-05,1e-05,0.9,0.45,390.1255614
0.00055,1.73e-05,1e-05,1.0,0.45,390.1255614
0.00056,0.0,1e-05,0.0,0.44,317.1067601
0.00056,0.0,1e-05,0.1,0.44,390.1186361
0.00056,0.0,1e-05,0.2,0.44,390.1186361
0.00056,0.0,1e-05,0.3,0.44,390.1186361
0.00056,0.0,1e-05,0.4,0.44,390.1186361
0.00056,0.0,1e-05,0.5,0.44,390.1186361
0.00056,0.0,1e-05,0.6,0.44,390.1186361
0.00056,0.0,1e-05,0.7,0.44,390.1186361
0.00056,0.0,1e-05,0.8,0.44,390.1186361
0.00056,0.0,1e-05,0.9,0.44,390.1186361
0.00056,0.0,1e-05,1.0,0.44,390.1186361
0.00056,0.0,0.0,0.0,0.44,317.1067601
0.00056,0.0,0.0,0.1,0.44,390.1186361
0.00056,0.0,0.0,0.2,0.44,390.1186361
0.00056,0.0,0.0,0.3,0.44,390.1186361
0.00056,0.0,0.0,0.4,0.44,390.1186361
0.00056,0.0,0.0,0.5,0.44,390.1186361
0.00056,0.0,0.0,0.6,0.44,390.1186361
0.00056,0.0,0.0,0.7,0.44,390.1186361
0.00056,0.0,0.0,0.8,0.44,390.1186361
0.00056,0.0,0.0,0.9,0.44,390.1186361
0.00056,0.0,0.0,1.0,0.44,390.1186361
0.00052,0.0001,1e-05,0.0,0.48,317.1069725
0.00052,0.0001,1e-05,0.1,0.48,390.1200128
0.00052,0.0001,1e-05,0.2,0.48,390.1200128
0.00052,0.0001,1e-05,0.3,0.48,390.1200128
0.00052,0.0001,1e-05,0.4,0.48,390.1200128
0.00052,0.0001,1e-05,0.5,0.48,390.1200128
0.00052,0.0001,1e-05,0.6,0.48,390.1200128
0.00052,0.0001,1e-05,0.7,0.48,390.1200128
0.00052,0.0001,1e-05,0.8,0.48,390.1200128
0.00052,0.0001,1e-05,0.9,0.48,390.1200128
0.00052,0.0001,1e-05,1.0,0.48,390.1200128
0.00053,8.27e-05,0.0,0.0,0.47,317.1081634
0.00053,8.27e-05,0.0,0.1,0.47,390.1262498
0.00053,8.27e-05,0.0,0.2,0.47,390.1262498
0.00053,8.27e-05,0.0,0.3,0.47,390.1262498
0.00053,8.27e-05,0.0,0.4,0.47,390.1262498
0.00053,8.27e-05,0.0,0.5,0.47,390.1262498
0.00053,8.27e-05,0.0,0.6,0.47,390.1262498
0.00053,8.27e-05,0.0,0.7,0.47,390.1262498
0.00053,8.27e-05,0.0,0.8,0.47,390.1262498
0.00053,8.27e-05,0.0,0.9,0.47,390.1262498
0.00053,8.27e-05,0.0,1.0,0.47,390.1262498
0.00053,8.27e-05,1e-05,0.0,0.47,317.1081634
0.00053,8.27e-05,1e-05,0.1,0.47,390.1262498
0.00053,8.27e-05,1e-05,0.2,0.47,390.1262498
0.00053,8.27e-05,1e-05,0.3,0.47,390.1262498
0.00053,8.27e-05,1e-05,0.4,0.47,390.1262498
0.00053,8.27e-05,1e-05,0.5,0.47,390.1262498
0.00053,8.27e-05,1e-05,0.6,0.47,390.1262498
0.00053,8.27e-05,1e-05,0.7,0.47,390.1262498
0.00053,8.27e-05,1e-05,0.8,0.47,390.1262498
0.00053,8.27e-05,1e-05,0.9,0.47,390.1262498
0.00053,8.27e-05,1e-05,1.0,0.47,390.1262498
0.00054,0.0001,0.0,0.0,0.46,317.106893
0.00054,0.0001,0.0,0.1,0.46,390.1194966
0.00054,0.0001,0.0,0.2,0.46,390.1194966
0.00054,0.0001,0.0,0.3,0.46,390.1194966
0.00054,0.0001,0.0,0.4,0.46,390.1194966
0.00054,0.0001,0.0,0.5,0.46,390.1194966
0.00054,0.0001,0.0,0.6,0.46,390.1194966
0.00054,0.0001,0.0,0.7,0.46,390.1194966
0.00054,0.0001,0.0,0.8,0.46,390.1194966
0.00054,0.0001,0.0,0.9,0.46,390.1194966
0.00054,0.0001,0.0,1.0,0.46,390.1194966
0.00054,6.69e-05,0.0,0.0,0.46,317.1087842
0.00054,6.69e-05,0.0,0.1,0.46,390.1294685
0.00054,6.69e-05,0.0,0.2,0.46,390.1294685
0.00054,6.69e-05,0.0,0.3,0.46,390.1294685
0.00054,6.69e-05,0.0,0.4,0.46,390.1294685
0.00054,6.69e-05,0.0,0.5,0.46,390.1294685
0.00054,6.69e-05,0.0,0.6,0.46,390.1294685
0.00054,6.69e-05,0.0,0.7,0.46,390.1294685
0.00054,6.69e-05,0.0,0.8,0.46,390.1294685
0.00054,6.69e-05,0.0,0.9,0.46,390.1294685
0.00054,6.69e-05,0.0,1.0,0.46,390.1294685
0.00054,6.69e-05,1e-05,0.0,0.46,317.1087842
0.00054,6.69e-05,1e-05,0.1,0.46,390.1294685
0.00054,6.69e-05,1e-05,0.2,0.46,390.1294685
0.00054,6.69e-05,1e-05,0.3,0.46,390.1294685
0.00054,6.69e-05,1e-05,0.4,0.46,390.1294685
0.00054,6.69e-05,1e-05,0.5,0.46,390.1294685
0.00054,6.69e-05,1e-05,0.6,0.46,390.1294685
0.00054,6.69e-05,1e-05,0.7,0.46,390.1294685
0.00054,6.69e-05,1e-05,0.8,0.46,390.1294685
0.00054,6.69e-05,1e-05,0.9,0.46,390.1294685
0.00054,6.69e-05,1e-05,1.0,0.46,390.1294685
0.00055,5.1e-05,0.0,0.0,0.45,317.1089681
0.00055,5.1e-05,0.0,0.1,0.45,390.1303673
0.00055,5.1e-05,0.0,0.2,0.45,390.1303673
0.00055,5.1e-05,0.0,0.3,0.45,390.1303673
0.00055,5.1e-05,0.0,0.4,0.45,390.1303673
0.00055,5.1e-05,0.0,0.5,0.45,390.1303673
0.00055,5.1e-05,0.0,0.6,0.45,390.1303673
0.00055,5.1e-05,0.0,0.7,0.45,390.1303673
0.00055,5.1e-05,0.0,0.8,0.45,390.1303673
0.00055,5.1e-05,0.0,0.9,0.45,390.1303673
0.00055,5.1e-05,0.0,1.0,0.45,390.1303673
0.00055,5.1e-05,1e-05,0.0,0.45,317.1089681
0.00055,5.1e-05,1e-05,0.1,0.45,390.1303673
0.00055,5.1e-05,1e-05,0.2,0.45,390.1303673
0.00055,5.1e-05,1e-05,0.3,0.45,390.1303673
0.00055,5.1e-05,1e-05,0.4,0.45,390.1303673
0.00055,5.1e-05,1e-05,0.5,0.45,390.1303673
0.00055,5.1e-05,1e-05,0.6,0.45,390.1303673
0.00055,5.1e-05,1e-05,0.7,0.45,390.1303673
0.00055,5.1e-05,1e-05,0.8,0.45,390.1303673
0.00055,5.1e-05,1e-05,0.9,0.45,390.1303673
0.00055,5.1e-05,1e-05,1.0,0.45,390.1303673
0.00056,5.1e-05,5e-06,0.0,0.44,317.1091089
0.00056,5.1e-05,5e-06,0.1,0.44,390.1310206
0.00056,5.1e-05,5e-06,0.2,0.44,390.1310206
0.00056,5.1e-05,5e-06,0.3,0.44,390.1310206
0.00056,5.1e-05,5e-06,0.4,0.44,390.1310206
0.00056,5.1e-05,5e-06,0.5,0.44,390.1310206
0.00056,5.1e-05,5e-06,0.6,0.44,390.1310206
0.00056,5.1e-05,5e-06,0.7,0.44,390.1310206
0.00056,5.1e-05,5e-06,0.8,0.44,390.1310206
0.00056,5.1e-05,5e-06,0.9,0.44,390.1310206
0.00056,5.1e-05,5e-06,1.0,0.44,390.1310206
0.00056,3.46e-05,0.0,0.0,0.44,317.1086945
0.00056,3.46e-05,0.0,0.1,0.44,390.128836
0.00056,3.46e-05,0.0,0.2,0.44,390.128836
0.00056,3.46e-05,0.0,0.3,0.44,390.128836
0.00056,3.46e-05,0.0,0.4,0.44,390.128836
0.00056,3.46e-05,0.0,0.5,0.44,390.128836
0.00056,3.46e-05,0.0,0.6,0.44,390.128836
0.00056,3.46e-05,0.0,0.7,0.44,390.128836
0.00056,3.46e-05,0.0,0.8,0.44,390.128836
0.00056,3.46e-05,0.0,0.9,0.44,390.128836
0.00056,3.46e-05,0.0,1.0,0.44,390.128836
0.00056,3.46e-05,1e-05,0.0,0.44,317.1086945
0.00056,3.46e-05,1e-05,0.1,0.44,390.128836
0.00056,3.46e-05,1e-05,0.2,0.44,390.128836
0.00056,3.46e-05,1e-05,0.3,0.44,390.128836
0.00056,3.46e-05,1e-05,0.4,0.44,390.128836
0.00056,3.46e-05,1e-05,0.5,0.44,390.128836
0.00056,3.46e-05,1e-05,0.6,0.44,390.128836
0.00056,3.46e-05,1e-05,0.7,0.44,390.128836
0.00056,3.46e-05,1e-05,0.8,0.44,390.128836
0.00056,3.46e-05,1e-05,0.9,0.44,390.128836
0.00056,3.46e-05,1e-05,1.0,0.44,390.128836
0.00057,1.73e-05,0.0,0.0,0.43,317.1078976
0.00057,1.73e-05,0.0,0.1,0.43,390.1245285
0.00057,1.73e-05,0.0,0.2,0.43,390.1245285
0.00057,1.73e-05,0.0,0.3,0.43,390.1245285
0.00057,1.73e-05,0.0,0.4,0.43,390.1245285
0.00057,1.73e-05,0.0,0.5,0.43,390.1245285
0.00057,1.73e-05,0.0,0.6,0.43,390.1245285
0.00057,1.73e-05,0.0,0.7,0.43,390.1245285
0.00057,1.73e-05,0.0,0.8,0.43,390.1245285
0.00057,1.73e-05,0.0,0.9,0.43,390.1245285
0.00057,1.73e-05,0.0,1.0,0.43,390.1245285
0.00057,1.73e-05,1e-05,0.0,0.43,317.1078976
0.00057,1.73e-05,1e-05,0.1,0.43,390.1245285
0.00057,1.73e-05,1e-05,0.2,0.43,390.1245285
0.00057,1.73e-05,1e-05,0.3,0.43,390.1245285
0.00057,1.73e-05,1e-05,0.4,0.43,390.1245285
0.00057,1.73e-05,1e-05,0.5,0.43,390.1245285
0.00057,1.73e-05,1e-05,0.6,0.43,390.1245285
0.00057,1.73e-05,1e-05,0.7,0.43,390.1245285
0.00057,1.73e-05,1e-05,0.8,0.43,390.1245285
0.00057,1.73e-05,1e-05,0.9,0.43,390.1245285
0.00057,1.73e-05,1e-05,1.0,0.43,390.1245285
0.00058,0.0,1e-05,0.0,0.42,317.1065735
0.00058,0.0,1e-05,0.1,0.42,390.1174308
0.00058,0.0,1e-05,0.2,0.42,390.1174308
0.00058,0.0,1e-05,0.3,0.42,390.1174308
0.00058,0.0,1e-05,0.4,0.42,390.1174308
0.00058,0.0,1e-05,0.5,0.42,390.1174308
0.00058,0.0,1e-05,0.6,0.42,390.1174308
0.00058,0.0,1e-05,0.7,0.42,390.1174308
0.00058,0.0,1e-05,0.8,0.42,390.1174308
0.00058,0.0,1e-05,0.9,0.42,390.1174308
0.00058,0.0,1e-05,1.0,0.42,390.1174308
0.00058,0.0,0.0,0.0,0.42,317.1065736
0.00058,0.0,0.0,0.1,0.42,390.1174308
0.00058,0.0,0.0,0.2,0.42,390.1174308
0.00058,0.0,0.0,0.3,0.42,390.1174308
0.00058,0.0,0.0,0.4,0.42,390.1174308
0.00058,0.0,0.0,0.5,0.42,390.1174308
0.00058,0.0,0.0,0.6,0.42,390.1174308
0.00058,0.0,0.0,0.7,0.42,390.1174308
0.00058,0.0,0.0,0.8,0.42,390.1174308
0.00058,0.0,0.0,0.9,0.42,390.1174308
0.00058,0.0,0.0,1.0,0.42,390.1174308
0.00054,0.0001,1e-05,0.0,0.46,317.1068929
0.00054,0.0001,1e-05,0.1,0.46,390.1194966
0.00054,0.0001,1e-05,0.2,0.46,390.1194966
0.00054,0.0001,1e-05,0.3,0.46,390.1194966
0.00054,0.0001,1e-05,0.4,0.46,390.1194966
0.00054,0.0001,1e-05,0.5,0.46,390.1194966
0.00054,0.0001,1e-05,0.6,0.46,390.1194966
0.00054,0.0001,1e-05,0.7,0.46,390.1194966
0.00054,0.0001,1e-05,0.8,0.46,390.1194966
0.00054,0.0001,1e-05,0.9,0.46,390.1194966
0.00054,0.0001,1e-05,1.0,0.46,390.1194966
0.00055,8.31e-05,5e-06,0.0,0.45,317.1082459
0.00055,8.31e-05,5e-06,0.1,0.45,390.1265551
0.00055,8.31e-05,5e-06,0.2,0.45,390.1265551
0.00055,8.31e-05,5e-06,0.3,0.45,390.1265551
0.00055,8.31e-05,5e-06,0.4,0.45,390.1265551
0.00055,8.31e-05,5e-06,0.5,0.45,390.1265551
0.00055,8.31e-05,5e-06,0.6,0.45,390.1265551
0.00055,8.31e-05,5e-06,0.7,0.45,390.1265551
0.00055,8.31e-05,5e-06,0.8,0.45,390.1265551
0.00055,8.31e-05,5e-06,0.9,0.45,390.1265551
0.00055,8.31e-05,5e-06,1.0,0.45,390.1265551
0.00055,8.27e-05,0.0,0.0,0.45,317.1080572
0.00055,8.27e-05,0.0,0.1,0.45,390.1255614
0.00055,8.27e-05,0.0,0.2,0.45,390.1255614
0.00055,8.27e-05,0.0,0.3,0.45,390.1255614
0.00055,8.27e-05,0.0,0.4,0.45,390.1255614
0.00055,8.27e-05,0.0,0.5,0.45,390.1255614
0.00055,8.27e-05,0.0,0.6,0.45,390.1255614
0.00055,8.27e-05,0.0,0.7,0.45,390.1255614
0.00055,8.27e-05,0.0,0.8,0.45,390.1255614
0.00055,8.27e-05,0.0,0.9,0.45,390.1255614
0.00055,8.27e-05,0.0,1.0,0.45,390.1255614
0.00055,8.27e-05,1e-05,0.0,0.45,317.1080572
0.00055,8.27e-05,1e-05,0.1,0.45,390.1255614
0.00055,8.27e-05,1e-05,0.2,0.45,390.1255614
0.00055,8.27e-05,1e-05,0.3,0.45,390.1255614
0.00055,8.27e-05,1e-05,0.4,0.45,390.1255614
0.00055,8.27e-05,1e-05,0.5,0.45,390.1255614
0.00055,8.27e-05,1e-05,0.6,0.45,390.1255614
0.00055,8.27e-05,1e-05,0.7,0.45,390.1255614
0.00055,8.27e-05,1e-05,0.8,0.45,390.1255614
0.00055,8.27e-05,1e-05,0.9,0.45,390.1255614
0.00055,8.27e-05,1e-05,1.0,0.45,390.1255614
0.00056,0.0001,0.0,0.0,0.44,317.1067601
0.00056,0.0001,0.0,0.1,0.44,390.1186361
0.00056,0.0001,0.0,0.2,0.44,390.1186361
0.00056,0.0001,0.0,0.3,0.44,390.1186361
0.00056,0.0001,0.0,0.4,0.44,390.1186361
0.00056,0.0001,0.0,0.5,0.44,390.1186361
0.00056,0.0001,0.0,0.6,0.44,390.1186361
0.00056,0.0001,0.0,0.7,0.44,390.1186361
0.00056,0.0001,0.0,0.8,0.44,390.1186361
0.00056,0.0001,0.0,0.9,0.44,390.1186361
0.00056,0.0001,0.0,1.0,0.44,390.1186361
0.00056,6.69e-05,0.0,0.0,0.44,317.1086513
0.00056,6.69e-05,0.0,0.1,0.44,390.1286078
0.00056,6.69e-05,0.0,0.2,0.44,390.1286078
0.00056,6.69e-05,0.0,0.3,0.44,390.1286078
0.00056,6.69e-05,0.0,0.4,0.44,390.1286078
0.00056,6.69e-05,0.0,0.5,0.44,390.1286078
0.00056,6.69e-05,0.0,0.6,0.44,390.1286078
0.00056,6.69e-05,0.0,0.7,0.44,390.1286078
0.00056,6.69e-05,0.0,0.8,0.44,390.1286078
0.00056,6.69e-05,0.0,0.9,0.44,390.1286078
0.00056,6.69e-05,0.0,1.0,0.44,390.1286078
0.00056,6.69e-05,1e-05,0.0,0.44,317.1086513
0.00056,6.69e-05,1e-05,0.1,0.44,390.1286078
0.00056,6.69e-05,1e-05,0.2,0.44,390.1286078
0.00056,6.69e-05,1e-05,0.3,0.44,390.1286078
0.00056,6.69e-05,1e-05,0.4,0.44,390.1286078
0.00056,6.69e-05,1e-05,0.5,0.44,390.1286078
0.00056,6.69e-05,1e-05,0.6,0.44,390.1286078
0.00056,6.69e-05,1e-05,0.7,0.44,390.1286078
0.00056,6.69e-05,1e-05,0.8,0.44,390.1286078
0.00056,6.69e-05,1e-05,0.9,0.44,390.1286078
0.00056,6.69e-05,1e-05,1.0,0.44,390.1286078
0.00057,5.1e-05,1e-05,0.0,0.43,317.1088084
0.00057,5.1e-05,1e-05,0.1,0.43,390.1293343
0.00057,5.1e-05,1e-05,0.2,0.43,390.1293343
0.00057,5.1e-05,1e-05,0.3,0.43,390.1293343
0.00057,5.1e-05,1e-05,0.4,0.43,390.1293343
0.00057,5.1e-05,1e-05,0.5,0.43,390.1293343
0.00057,5.1e-05,1e-05,0.6,0.43,390.1293343
0.00057,5.1e-05,1e-05,0.7,0.43,390.1293343
0.00057,5.1e-05,1e-05,0.8,0.43,390.1293343
0.00057,5.1e-05,1e-05,0.9,0.43,390.1293343
0.00057,5.1e-05,1e-05,1.0,0.43,390.1293343
0.00057,5.1e-05,0.0,0.0,0.43,317.1088084
0.00057,5.1e-05,0.0,0.1,0.43,390.1293343
0.00057,5.1e-05,0.0,0.2,0.43,390.1293343
0.00057,5.1e-05,0.0,0.3,0.43,390.1293343
0.00057,5.1e-05,0.0,0.4,0.43,390.1293343
0.00057,5.1e-05,0.0,0.5,0.43,390.1293343
0.00057,5.1e-05,0.0,0.6,0.43,390.1293343
0.00057,5.1e-05,0.0,0.7,0.43,390.1293343
0.00057,5.1e-05,0.0,0.8,0.43,390.1293343
0.00057,5.1e-05,0.0,0.9,0.43,390.1293343
0.00057,5.1e-05,0.0,1.0,0.43,390.1293343
0.00058,3.46e-05,1e-05,0.0,0.42,317.108508
0.00058,3.46e-05,1e-05,0.1,0.42,390.1276306
0.00058,3.46e-05,1e-05,0.2,0.42,390.1276306
0.00058,3.46e-05,1e-05,0.3,0.42,390.1276306
0.00058,3.46e-05,1e-05,0.4,0.42,390.1276306
0.00058,3.46e-05,1e-05,0.5,0.42,390.1276306
0.00058,3.46e-05,1e-05,0.6,0.42,390.1276306
0.00058,3.46e-05,1e-05,0.7,0.42,390.1276306
0.00058,3.46e-05,1e-05,0.8,0.42,390.1276306
0.00058,3.46e-05,1e-05,0.9,0.42,390.1276306
0.00058,3.46e-05,1e-05,1.0,0.42,390.1276306
0.00058,3.46e-05,0.0,0.0,0.42,317.108508
0.00058,3.46e-05,0.0,0.1,0.42,390.1276306
0.00058,3.46e-05,0.0,0.2,0.42,390.1276306
0.00058,3.46e-05,0.0,0.3,0.42,390.1276306
0.00058,3.46e-05,0.0,0.4,0.42,390.1276306
0.00058,3.46e-05,0.0,0.5,0.42,390.1276306
0.00058,3.46e-05,0.0,0.6,0.42,390.1276306
0.00058,3.46e-05,0.0,0.7,0.42,390.1276306
0.00058,3.46e-05,0.0,0.8,0.42,390.1276306
0.00058,3.46e-05,0.0,0.9,0.42,390.1276306
0.00058,3.46e-05,0.0,1.0,0.42,390.1276306
0.00059,1.73e-05,0.0,0.0,0.41,317.107684
0.00059,1.73e-05,0.0,0.1,0.41,390.1231505
0.00059,1.73e-05,0.0,0.2,0.41,390.1231505
0.00059,1.73e-05,0.0,0.3,0.41,390.1231505
0.00059,1.73e-05,0.0,0.4,0.41,390.1231505
0.00059,1.73e-05,0.0,0.5,0.41,390.1231505
0.00059,1.73e-05,0.0,0.6,0.41,390.1231505
0.00059,1.73e-05,0.0,0.7,0.41,390.1231505
0.00059,1.73e-05,0.0,0.8,0.41,390.1231505
0.00059,1.73e-05,0.0,0.9,0.41,390.1231505
0.00059,1.73e-05,0.0,1.0,0.41,390.1231505
0.00059,1.73e-05,1e-05,0.0,0.41,317.107684
0.00059,1.73e-05,1e-05,0.1,0.41,390.1231505
0.00059,1.73e-05,1e-05,0.2,0.41,390.1231505
0.00059,1.73e-05,1e-05,0.3,0.41,390.1231505
0.00059,1.73e-05,1e-05,0.4,0.41,390.1231505
0.00059,1.73e-05,1e-05,0.5,0.41,390.1231505
0.00059,1.73e-05,1e-05,0.6,0.41,390.1231505
0.00059,1.73e-05,1e-05,0.7,0.41,390.1231505
0.00059,1.73e-05,1e-05,0.8,0.41,390.1231505
0.00059,1.73e-05,1e-05,0.9,0.41,390.1231505
0.00059,1.73e-05,1e-05,1.0,0.41,390.1231505
0.0006,0.0,1e-05,0.0,0.4,317.1063329
0.0006,0.0,1e-05,0.1,0.4,390.1158802
0.0006,0.0,1e-05,0.2,0.4,390.1158802
0.0006,0.0,1e-05,0.3,0.4,390.1158802
0.0006,0.0,1e-05,0.4,0.4,390.1158802
0.0006,0.0,1e-05,0.5,0.4,390.1158802
0.0006,0.0,1e-05,0.6,0.4,390.1158802
0.0006,0.0,1e-05,0.7,0.4,390.1158802
0.0006,0.0,1e-05,0.8,0.4,390.1158802
0.0006,0.0,1e-05,0.9,0.4,390.1158802
0.0006,0.0,1e-05,1.0,0.4,390.1158802
0.0006,0.0,0.0,0.0,0.4,317.1063329
0.0006,0.0,0.0,0.1,0.4,390.1158802
0.0006,0.0,0.0,0.2,0.4,390.1158802
0.0006,0.0,0.0,0.3,0.4,390.1158802
0.0006,0.0,0.0,0.4,0.4,390.1158802
0.0006,0.0,0.0,0.5,0.4,390.1158802
0.0006,0.0,0.0,0.6,0.4,390.1158802
0.0006,0.0,0.0,0.7,0.4,390.1158802
0.0006,0.0,0.0,0.8,0.4,390.1158802
0.0006,0.0,0.0,0.9,0.4,390.1158802
0.0006,0.0,0.0,1.0,0.4,390.1158802
0.00056,0.0001,1e-05,0.0,0.44,317.1067601
0.00056,0.0001,1e-05,0.1,0.44,390.1186361
0.00056,0.0001,1e-05,0.2,0.44,390.1186361
0.00056,0.0001,1e-05,0.3,0.44,390.1186361
0.00056,0.0001,1e-05,0.4,0.44,390.1186361
0.00056,0.0001,1e-05,0.5,0.44,390.1186361
0.00056,0.0001,1e-05,0.6,0.44,390.1186361
0.00056,0.0001,1e-05,0.7,0.44,390.1186361
0.00056,0.0001,1e-05,0.8,0.44,390.1186361
0.00056,0.0001,1e-05,0.9,0.44,390.1186361
0.00056,0.0001,1e-05,1.0,0.44,390.1186361
0.00057,8.27e-05,0.0,0.0,0.43,317.1078976
0.00057,8.27e-05,0.0,0.1,0.43,390.1245285
0.00057,8.27e-05,0.0,0.2,0.43,390.1245285
0.00057,8.27e-05,0.0,0.3,0.43,390.1245285
0.00057,8.27e-05,0.0,0.4,0.43,390.1245285
0.00057,8.27e-05,0.0,0.5,0.43,390.1245285
0.00057,8.27e-05,0.0,0.6,0.43,390.1245285
0.00057,8.27e-05,0.0,0.7,0.43,390.1245285
0.00057,8.27e-05,0.0,0.8,0.43,390.1245285
0.00057,8.27e-05,0.0,0.9,0.43,390.1245285
0.00057,8.27e-05,0.0,1.0,0.43,390.1245285
0.00057,8.27e-05,1e-05,0.0,0.43,317.1078976
0.00057,8.27e-05,1e-05,0.1,0.43,390.1245285
0.00057,8.27e-05,1e-05,0.2,0.43,390.1245285
0.00057,8.27e-05,1e-05,0.3,0.43,390.1245285
0.00057,8.27e-05,1e-05,0.4,0.43,390.1245285
0.00057,8.27e-05,1e-05,0.5,0.43,390.1245285
0.00057,8.27e-05,1e-05,0.6,0.43,390.1245285
0.00057,8.27e-05,1e-05,0.7,0.43,390.1245285
0.00057,8.27e-05,1e-05,0.8,0.43,390.1245285
0.00057,8.27e-05,1e-05,0.9,0.43,390.1245285
0.00057,8.27e-05,1e-05,1.0,0.43,390.1245285
0.00058,0.0001,0.0,0.0,0.42,317.1065736
0.00058,0.0001,0.0,0.1,0.42,390.1174308
0.00058,0.0001,0.0,0.2,0.42,390.1174308
0.00058,0.0001,0.0,0.3,0.42,390.1174308
0.00058,0.0001,0.0,0.4,0.42,390.1174308
0.00058,0.0001,0.0,0.5,0.42,390.1174308
0.00058,0.0001,0.0,0.6,0.42,390.1174308
0.00058,0.0001,0.0,0.7,0.42,390.1174308
0.00058,0.0001,0.0,0.8,0.42,390.1174308
0.00058,0.0001,0.0,0.9,0.42,390.1174308
0.00058,0.0001,0.0,1.0,0.42,390.1174308
0.00058,6.69e-05,0.0,0.0,0.42,317.1084648
0.00058,6.69e-05,0.0,0.1,0.42,390.1274024
0.00058,6.69e-05,0.0,0.2,0.42,390.1274024
0.00058,6.69e-05,0.0,0.3,0.42,390.1274024
0.00058,6.69e-05,0.0,0.4,0.42,390.1274024
0.00058,6.69e-05,0.0,0.5,0.42,390.1274024
0.00058,6.69e-05,0.0,0.6,0.42,390.1274024
0.00058,6.69e-05,0.0,0.7,0.42,390.1274024
0.00058,6.69e-05,0.0,0.8,0.42,390.1274024
0.00058,6.69e-05,0.0,0.9,0.42,390.1274024
0.00058,6.69e-05,0.0,1.0,0.42,390.1274024
0.00058,6.69e-05,1e-05,0.0,0.42,317.1084648
0.00058,6.69e-05,1e-05,0.1,0.42,390.1274024
0.00058,6.69e-05,1e-05,0.2,0.42,390.1274024
0.00058,6.69e-05,1e-05,0.3,0.42,390.1274024
0.00058,6.69e-05,1e-05,0.4,0.42,390.1274024
0.00058,6.69e-05,1e-05,0.5,0.42,390.1274024
0.00058,6.69e-05,1e-05,0.6,0.42,390.1274024
0.00058,6.69e-05,1e-05,0.7,0.42,390.1274024
0.00058,6.69e-05,1e-05,0.8,0.42,390.1274024
0.00058,6.69e-05,1e-05,0.9,0.42,390.1274024
0.00058,6.69e-05,1e-05,1.0,0.42,390.1274024
0.00059,5.1e-05,1e-05,0.0,0.41,317.1085949
0.00059,5.1e-05,1e-05,0.1,0.41,390.1279562
0.00059,5.1e-05,1e-05,0.2,0.41,390.1279562
0.00059,5.1e-05,1e-05,0.3,0.41,390.1279562
0.00059,5.1e-05,1e-05,0.4,0.41,390.1279562
0.00059,5.1e-05,1e-05,0.5,0.41,390.1279562
0.00059,5.1e-05,1e-05,0.6,0.41,390.1279562
0.00059,5.1e-05,1e-05,0.7,0.41,390.1279562
0.00059,5.1e-05,1e-05,0.8,0.41,390.1279562
0.00059,5.1e-05,1e-05,0.9,0.41,390.1279562
0.00059,5.1e-05,1e-05,1.0,0.41,390.1279562
0.00059,5.1e-05,0.0,0.0,0.41,317.1085949
0.00059,5.1e-05,0.0,0.1,0.41,390.1279562
0.00059,5.1e-05,0.0,0.2,0.41,390.1279562
0.00059,5.1e-05,0.0,0.3,0.41,390.1279562
0.00059,5.1e-05,0.0,0.4,0.41,390.1279562
0.00059,5.1e-05,0.0,0.5,0.41,390.1279562
0.00059,5.1e-05,0.0,0.6,0.41,390.1279562
0.00059,5.1e-05,0.0,0.7,0.41,390.1279562
0.00059,5.1e-05,0.0,0.8,0.41,390.1279562
0.00059,5.1e-05,0.0,0.9,0.41,390.1279562
0.00059,5.1e-05,0.0,1.0,0.41,390.1279562
0.0006,3.46e-05,0.0,0.0,0.4,317.1082673
0.0006,3.46e-05,0.0,0.1,0.4,390.1260799
0.0006,3.46e-05,0.0,0.2,0.4,390.1260799
0.0006,3.46e-05,0.0,0.3,0.4,390.1260799
0.0006,3.46e-05,0.0,0.4,0.4,390.1260799
0.0006,3.46e-05,0.0,0.5,0.4,390.1260799
0.0006,3.46e-05,0.0,0.6,0.4,390.1260799
0.0006,3.46e-05,0.0,0.7,0.4,390.1260799
0.0006,3.46e-05,0.0,0.8,0.4,390.1260799
0.0006,3.46e-05,0.0,0.9,0.4,390.1260799
0.0006,3.46e-05,0.0,1.0,0.4,390.1260799
0.0006,3.46e-05,1e-05,0.0,0.4,317.1082673
0.0006,3.46e-05,1e-05,0.1,0.4,390.1260799
0.0006,3.46e-05,1e-05,0.2,0.4,390.1260799
0.0006,3.46e-05,1e-05,0.3,0.4,390.1260799
0.0006,3.46e-05,1e-05,0.4,0.4,390.1260799
0.0006,3.46e-05,1e-05,0.5,0.4,390.1260799
0.0006,3.46e-05,1e-05,0.6,0.4,390.1260799
0.0006,3.46e-05,1e-05,0.7,0.4,390.1260799
0.0006,3.46e-05,1e-05,0.8,0.4,390.1260799
0.0006,3.46e-05,1e-05,0.9,0.4,390.1260799
0.0006,3.46e-05,1e-05,1.0,0.4,390.1260799
0.00061,1.73e-05,0.0,0.0,0.39,317.1074161
0.00061,1.73e-05,0.0,0.1,0.39,390.1214269
0.00061,1.73e-05,0.0,0.2,0.39,390.1214269
0.00061,1.73e-05,0.0,0.3,0.39,390.1214269
0.00061,1.73e-05,0.0,0.4,0.39,390.1214269
0.00061,1.73e-05,0.0,0.5,0.39,390.1214269
0.00061,1.73e-05,0.0,0.6,0.39,390.1214269
0.00061,1.73e-05,0.0,0.7,0.39,390.1214269
0.00061,1.73e-05,0.0,0.8,0.39,390.1214269
0.00061,1.73e-05,0.0,0.9,0.39,390.1214269
0.00061,1.73e-05,0.0,1.0,0.39,390.1214269
0.00061,1.73e-05,1e-05,0.0,0.39,317.1074161
0.00061,1.73e-05,1e-05,0.1,0.39,390.1214269
0.00061,1.73e-05,1e-05,0.2,0.39,390.1214269
0.00061,1.73e-05,1e-05,0.3,0.39,390.1214269
0.00061,1.73e-05,1e-05,0.4,0.39,390.1214269
0.00061,1.73e-05,1e-05,0.5,0.39,390.1214269
0.00061,1.73e-05,1e-05,0.6,0.39,390.1214269
0.00061,1.73e-05,1e-05,0.7,0.39,390.1214269
0.00061,1.73e-05,1e-05,0.8,0.39,390.1214269
0.00061,1.73e-05,1e-05,0.9,0.39,390.1214269
0.00061,1.73e-05,1e-05,1.0,0.39,390.1214269
0.00062,0.0,1e-05,0.0,0.38,317.1060375
0.00062,0.0,1e-05,0.1,0.38,390.1139837
0.00062,0.0,1e-05,0.2,0.38,390.1139837
0.00062,0.0,1e-05,0.3,0.38,390.1139837
0.00062,0.0,1e-05,0.4,0.38,390.1139837
0.00062,0.0,1e-05,0.5,0.38,390.1139837
0.00062,0.0,1e-05,0.6,0.38,390.1139837
0.00062,0.0,1e-05,0.7,0.38,390.1139837
0.00062,0.0,1e-05,0.8,0.38,390.1139837
0.00062,0.0,1e-05,0.9,0.38,390.1139837
0.00062,0.0,1e-05,1.0,0.38,390.1139837
0.00062,0.0,0.0,0.0,0.38,317.1060374
0.00062,0.0,0.0,0.1,0.38,390.1139837
0.00062,0.0,0.0,0.2,0.38,390.1139837
0.00062,0.0,0.0,0.3,0.38,390.1139837
0.00062,0.0,0.0,0.4,0.38,390.1139837
0.00062,0.0,0.0,0.5,0.38,390.1139837
0.00062,0.0,0.0,0.6,0.38,390.1139837
0.00062,0.0,0.0,0.7,0.38,390.1139837
0.00062,0.0,0.0,0.8,0.38,390.1139837
0.00062,0.0,0.0,0.9,0.38,390.1139837
0.00062,0.0,0.0,1.0,0.38,390.1139837
0.00058,0.0001,1e-05,0.0,0.42,317.1065736
0.00058,0.0001,1e-05,0.1,0.42,390.1174308
0.00058,0.0001,1e-05,0.2,0.42,390.1174308
0.00058,0.0001,1e-05,0.3,0.42,390.1174308
0.00058,0.0001,1e-05,0.4,0.42,390.1174308
0.00058,0.0001,1e-05,0.5,0.42,390.1174308
0.00058,0.0001,1e-05,0.6,0.42,390.1174308
0.00058,0.0001,1e-05,0.7,0.42,390.1174308
0.00058,0.0001,1e-05,0.8,0.42,390.1174308
0.00058,0.0001,1e-05,0.9,0.42,390.1174308
0.00058,0.0001,1e-05,1.0,0.42,390.1174308
0.00059,8.27e-05,0.0,0.0,0.41,317.107684
0.00059,8.27e-05,0.0,0.1,0.41,390.1231505
0.00059,8.27e-05,0.0,0.2,0.41,390.1231505
0.00059,8.27e-05,0.0,0.3,0.41,390.1231505
0.00059,8.27e-05,0.0,0.4,0.41,390.1231505
0.00059,8.27e-05,0.0,0.5,0.41,390.1231505
0.00059,8.27e-05,0.0,0.6,0.41,390.1231505
0.00059,8.27e-05,0.0,0.7,0.41,390.1231505
0.00059,8.27e-05,0.0,0.8,0.41,390.1231505
0.00059,8.27e-05,0.0,0.9,0.41,390.1231505
0.00059,8.27e-05,0.0,1.0,0.41,390.1231505
0.00059,8.27e-05,1e-05,0.0,0.41,317.107684
0.00059,8.27e-05,1e-05,0.1,0.41,390.1231505
0.00059,8.27e-05,1e-05,0.2,0.41,390.1231505
0.00059,8.27e-05,1e-05,0.3,0.41,390.1231505
0.00059,8.27e-05,1e-05,0.4,0.41,390.1231505
0.00059,8.27e-05,1e-05,0.5,0.41,390.1231505
0.00059,8.27e-05,1e-05,0.6,0.41,390.1231505
0.00059,8.27e-05,1e-05,0.7,0.41,390.1231505
0.00059,8.27e-05,1e-05,0.8,0.41,390.1231505
0.00059,8.27e-05,1e-05,0.9,0.41,390.1231505
0.00059,8.27e-05,1e-05,1.0,0.41,390.1231505
0.0006,0.0001,0.0,0.0,0.4,317.1063329
0.0006,0.0001,0.0,0.1,0.4,390.1158802
0.0006,0.0001,0.0,0.2,0.4,390.1158802
0.0006,0.0001,0.0,0.3,0.4,390.1158802
0.0006,0.0001,0.0,0.4,0.4,390.1158802
0.0006,0.0001,0.0,0.5,0.4,390.1158802
0.0006,0.0001,0.0,0.6,0.4,390.1158802
0.0006,0.0001,0.0,0.7,0.4,390.1158802
0.0006,0.0001,0.0,0.8,0.4,390.1158802
0.0006,0.0001,0.0,0.9,0.4,390.1158802
0.0006,0.0001,0.0,1.0,0.4,390.1158802
0.0006,6.69e-05,0.0,0.0,0.4,317.1082241
0.0006,6.69e-05,0.0,0.1,0.4,390.1258517
0.0006,6.69e-05,0.0,0.2,0.4,390.1258517
0.0006,6.69e-05,0.0,0.3,0.4,390.1258517
0.0006,6.69e-05,0.0,0.4,0.4,390.1258517
0.0006,6.69e-05,0.0,0.5,0.4,390.1258517
0.0006,6.69e-05,0.0,0.6,0.4,390.1258517
0.0006,6.69e-05,0.0,0.7,0.4,390.1258517
0.0006,6.69e-05,0.0,0.8,0.4,390.1258517
0.0006,6.69e-05,0.0,0.9,0.4,390.1258517
0.0006,6.69e-05,0.0,1.0,0.4,390.1258517
0.0006,6.69e-05,1e-05,0.0,0.4,317.1082241
0.0006,6.69e-05,1e-05,0.1,0.4,390.1258517
0.0006,6.69e-05,1e-05,0.2,0.4,390.1258517
0.0006,6.69e-05,1e-05,0.3,0.4,390.1258517
0.0006,6.69e-05,1e-05,0.4,0.4,390.1258517
0.0006,6.69e-05,1e-05,0.5,0.4,390.1258517
0.0006,6.69e-05,1e-05,0.6,0.4,390.1258517
0.0006,6.69e-05,1e-05,0.7,0.4,390.1258517
0.0006,6.69e-05,1e-05,0.8,0.4,390.1258517
0.0006,6.69e-05,1e-05,0.9,0.4,390.1258517
0.0006,6.69e-05,1e-05,1.0,0.4,390.1258517
0.00061,5.1e-05,1e-05,0.0,0.39,317.1083269
0.00061,5.1e-05,1e-05,0.1,0.39,390.1262326
0.00061,5.1e-05,1e-05,0.2,0.39,390.1262326
0.00061,5.1e-05,1e-05,0.3,0.39,390.1262326
0.00061,5.1e-05,1e-05,0.4,0.39,390.1262326
0.00061,5.1e-05,1e-05,0.5,0.39,390.1262326
0.00061,5.1e-05,1e-05,0.6,0.39,390.1262326
0.00061,5.1e-05,1e-05,0.7,0.39,390.1262326
0.00061,5.1e-05,1e-05,0.8,0.39,390.1262326
0.00061,5.1e-05,1e-05,0.9,0.39,390.1262326
0.00061,5.1e-05,1e-05,1.0,0.39,390.1262326
0.00061,5.1e-05,0.0,0.0,0.39,317.1083269
0.00061,5.1e-05,0.0,0.1,0.39,390.1262326
0.00061,5.1e-05,0.0,0.2,0.39,390.1262326
0.00061,5.1e-05,0.0,0.3,0.39,390.1262326
0.00061,5.1e-05,0.0,0.4,0.39,390.1262326
0.00061,5.1e-05,0.0,0.5,0.39,390.1262326
0.00061,5.1e-05,0.0,0.6,0.39,390.1262326
0.00061,5.1e-05,0.0,0.7,0.39,390.1262326
0.00061,5.1e-05,0.0,0.8,0.39,390.1262326
0.00061,5.1e-05,0.0,0.9,0.39,390.1262326
0.00061,5.1e-05,0.0,1.0,0.39,390.1262326
0.00062,3.46e-05,0.0,0.0,0.38,317.1079718
0.00062,3.46e-05,0.0,0.1,0.38,390.1241831
0.00062,3.46e-05,0.0,0.2,0.38,390.1241831
0.00062,3.46e-05,0.0,0.3,0.38,390.1241831
0.00062,3.46e-05,0.0,0.4,0.38,390.1241831
0.00062,3.46e-05,0.0,0.5,0.38,390.1241831
0.00062,3.46e-05,0.0,0.6,0.38,390.1241831
0.00062,3.46e-05,0.0,0.7,0.38,390.1241831
0.00062,3.46e-05,0.0,0.8,0.38,390.1241831
0.00062,3.46e-05,0.0,0.9,0.38,390.1241831
0.00062,3.46e-05,0.0,1.0,0.38,390.1241831
0.00062,3.46e-05,1e-05,0.0,0.38,317.1079718
0.00062,3.46e-05,1e-05,0.1,0.38,390.1241831
0.00062,3.46e-05,1e-05,0.2,0.38,390.1241831
0.00062,3.46e-05,1e-05,0.3,0.38,390.1241831
0.00062,3.46e-05,1e-05,0.4,0.38,390.1241831
0.00062,3.46e-05,1e-05,0.5,0.38,390.1241831
0.00062,3.46e-05,1e-05,0.6,0.38,390.1241831
0.00062,3.46e-05,1e-05,0.7,0.38,390.1241831
0.00062,3.46e-05,1e-05,0.8,0.38,390.1241831
0.00062,3.46e-05,1e-05,0.9,0.38,390.1241831
0.00062,3.46e-05,1e-05,1.0,0.38,390.1241831
0.00063,1.73e-05,5e-06,0.0,0.37,317.1073068
0.00063,1.73e-05,5e-06,0.1,0.37,390.1204835
0.00063,1.73e-05,5e-06,0.2,0.37,390.1204835
0.00063,1.73e-05,5e-06,0.3,0.37,390.1204835
0.00063,1.73e-05,5e-06,0.4,0.37,390.1204835
0.00063,1.73e-05,5e-06,0.5,0.37,390.1204835
0.00063,1.73e-05,5e-06,0.6,0.37,390.1204835
0.00063,1.73e-05,5e-06,0.7,0.37,390.1204835
0.00063,1.73e-05,5e-06,0.8,0.37,390.1204835
0.00063,1.73e-05,5e-06,0.9,0.37,390.1204835
0.00063,1.73e-05,5e-06,1.0,0.37,390.1204835
0.00063,1.73e-05,0.0,0.0,0.37,317.1070929
0.00063,1.73e-05,0.0,0.1,0.37,390.119357
0.00063,1.73e-05,0.0,0.2,0.37,390.119357
0.00063,1.73e-05,0.0,0.3,0.37,390.119357
0.00063,1.73e-05,0.0,0.4,0.37,390.119357
0.00063,1.73e-05,0.0,0.5,0.37,390.119357
0.00063,1.73e-05,0.0,0.6,0.37,390.119357
0.00063,1.73e-05,0.0,0.7,0.37,390.119357
0.00063,1.73e-05,0.0,0.8,0.37,390.119357
0.00063,1.73e-05,0.0,0.9,0.37,390.119357
0.00063,1.73e-05,0.0,1.0,0.37,390.119357
0.00063,1.73e-05,1e-05,0.0,0.37,317.1070929
0.00063,1.73e-05,1e-05,0.1,0.37,390.119357
0.00063,1.73e-05,1e-05,0.2,0.37,390.119357
0.00063,1.73e-05,1e-05,0.3,0.37,390.119357
0.00063,1.73e-05,1e-05,0.4,0.37,390.119357
0.00063,1.73e-05,1e-05,0.5,0.37,390.119357
0.00063,1.73e-05,1e-05,0.6,0.37,390.119357
0.00063,1.73e-05,1e-05,0.7,0.37,390.119357
0.00063,1.73e-05,1e-05,0.8,0.37,390.119357
0.00063,1.73e-05,1e-05,0.9,0.37,390.119357
0.00063,1.73e-05,1e-05,1.0,0.37,390.119357
0.00064,0.0,1e-05,0.0,0.36,317.1056864
0.00064,0.0,1e-05,0.1,0.36,390.1117404
0.00064,0.0,1e-05,0.2,0.36,390.1117404
0.00064,0.0,1e-05,0.3,0.36,390.1117404
0.00064,0.0,1e-05,0.4,0.36,390.1117404
0.00064,0.0,1e-05,0.5,0.36,390.1117404
0.00064,0.0,1e-05,0.6,0.36,390.1117404
0.00064,0.0,1e-05,0.7,0.36,390.1117404
0.00064,0.0,1e-05,0.8,0.36,390.1117404
0.00064,0.0,1e-05,0.9,0.36,390.1117404
0.00064,0.0,1e-05,1.0,0.36,390.1117404
0.00064,0.0,0.0,0.0,0.36,317.1056864
0.00064,0.0,0.0,0.1,0.36,390.1117404
0.00064,0.0,0.0,0.2,0.36,390.1117404
0.00064,0.0,0.0,0.3,0.36,390.1117404
0.00064,0.0,0.0,0.4,0.36,390.1117404
0.00064,0.0,0.0,0.5,0.36,390.1117404
0.00064,0.0,0.0,0.6,0.36,390.1117404
0.00064,0.0,0.0,0.7,0.36,390.1117404
0.00064,0.0,0.0,0.8,0.36,390.1117404
0.00064,0.0,0.0,0.9,0.36,390.1117404
0.00064,0.0,0.0,1.0,0.36,390.1117404
0.0006,0.0001,1e-05,0.0,0.4,317.1063329
0.0006,0.0001,1e-05,0.1,0.4,390.1158802
0.0006,0.0001,1e-05,0.2,0.4,390.1158802
0.0006,0.0001,1e-05,0.3,0.4,390.1158802
0.0006,0.0001,1e-05,0.4,0.4,390.1158802
0.0006,0.0001,1e-05,0.5,0.4,390.1158802
0.0006,0.0001,1e-05,0.6,0.4,390.1158802
0.0006,0.0001,1e-05,0.7,0.4,390.1158802
0.0006,0.0001,1e-05,0.8,0.4,390.1158802
0.0006,0.0001,1e-05,0.9,0.4,390.1158802
0.0006,0.0001,1e-05,1.0,0.4,390.1158802
0.00061,8.27e-05,0.0,0.0,0.39,317.1074161
0.00061,8.27e-05,0.0,0.1,0.39,390.1214269
0.00061,8.27e-05,0.0,0.2,0.39,390.1214269
0.00061,8.27e-05,0.0,0.3,0.39,390.1214269
0.00061,8.27e-05,0.0,0.4,0.39,390.1214269
0.00061,8.27e-05,0.0,0.5,0.39,390.1214269
0.00061,8.27e-05,0.0,0.6,0.39,390.1214269
0.00061,8.27e-05,0.0,0.7,0.39,390.1214269
0.00061,8.27e-05,0.0,0.8,0.39,390.1214269
0.00061,8.27e-05,0.0,0.9,0.39,390.1214269
0.00061,8.27e-05,0.0,1.0,0.39,390.1214269
0.00061,8.27e-05,1e-05,0.0,0.39,317.1074161
0.00061,8.27e-05,1e-05,0.1,0.39,390.1214269
0.00061,8.27e-05,1e-05,0.2,0.39,390.1214269
0.00061,8.27e-05,1e-05,0.3,0.39,390.1214269
0.00061,8.27e-05,1e-05,0.4,0.39,390.1214269
0.00061,8.27e-05,1e-05,0.5,0.39,390.1214269
0.00061,8.27e-05,1e-05,0.6,0.39,390.1214269
0.00061,8.27e-05,1e-05,0.7,0.39,390.1214269
0.00061,8.27e-05,1e-05,0.8,0.39,390.1214269
0.00061,8.27e-05,1e-05,0.9,0.39,390.1214269
0.00061,8.27e-05,1e-05,1.0,0.39,390.1214269
0.00062,0.0001,0.0,0.0,0.38,317.1060375
0.00062,0.0001,0.0,0.1,0.38,390.1139837
0.00062,0.0001,0.0,0.2,0.38,390.1139837
0.00062,0.0001,0.0,0.3,0.38,390.1139837
0.00062,0.0001,0.0,0.4,0.38,390.1139837
0.00062,0.0001,0.0,0.5,0.38,390.1139837
0.00062,0.0001,0.0,0.6,0.38,390.1139837
0.00062,0.0001,0.0,0.7,0.38,390.1139837
0.00062,0.0001,0.0,0.8,0.38,390.1139837
0.00062,0.0001,0.0,0.9,0.38,390.1139837
0.00062,0.0001,0.0,1.0,0.38,390.1139837
0.00062,6.69e-05,0.0,0.0,0.38,317.1079286
0.00062,6.69e-05,0.0,0.1,0.38,390.1239549
0.00062,6.69e-05,0.0,0.2,0.38,390.1239549
0.00062,6.69e-05,0.0,0.3,0.38,390.1239549
0.00062,6.69e-05,0.0,0.4,0.38,390.1239549
0.00062,6.69e-05,0.0,0.5,0.38,390.1239549
0.00062,6.69e-05,0.0,0.6,0.38,390.1239549
0.00062,6.69e-05,0.0,0.7,0.38,390.1239549
0.00062,6.69e-05,0.0,0.8,0.38,390.1239549
0.00062,6.69e-05,0.0,0.9,0.38,390.1239549
0.00062,6.69e-05,0.0,1.0,0.38,390.1239549
0.00062,6.69e-05,1e-05,0.0,0.38,317.1079286
0.00062,6.69e-05,1e-05,0.1,0.38,390.1239549
0.00062,6.69e-05,1e-05,0.2,0.38,390.1239549
0.00062,6.69e-05,1e-05,0.3,0.38,390.1239549
0.00062,6.69e-05,1e-05,0.4,0.38,390.1239549
0.00062,6.69e-05,1e-05,0.5,0.38,390.1239549
0.00062,6.69e-05,1e-05,0.6,0.38,390.1239549
0.00062,6.69e-05,1e-05,0.7,0.38,390.1239549
0.00062,6.69e-05,1e-05,0.8,0.38,390.1239549
0.00062,6.69e-05,1e-05,0.9,0.38,390.1239549
0.00062,6.69e-05,1e-05,1.0,0.38,390.1239549
0.00063,5.1e-05,1e-05,0.0,0.37,317.1080037
0.00063,5.1e-05,1e-05,0.1,0.37,390.1241625
0.00063,5.1e-05,1e-05,0.2,0.37,390.1241625
0.00063,5.1e-05,1e-05,0.3,0.37,390.1241625
0.00063,5.1e-05,1e-05,0.4,0.37,390.1241625
0.00063,5.1e-05,1e-05,0.5,0.37,390.1241625
0.00063,5.1e-05,1e-05,0.6,0.37,390.1241625
0.00063,5.1e-05,1e-05,0.7,0.37,390.1241625
0.00063,5.1e-05,1e-05,0.8,0.37,390.1241625
0.00063,5.1e-05,1e-05,0.9,0.37,390.1241625
0.00063,5.1e-05,1e-05,1.0,0.37,390.1241625
0.00063,5.1e-05,0.0,0.0,0.37,317.1080037
0.00063,5.1e-05,0.0,0.1,0.37,390.1241625
0.00063,5.1e-05,0.0,0.2,0.37,390.1241625
0.00063,5.1e-05,0.0,0.3,0.37,390.1241625
0.00063,5.1e-05,0.0,0.4,0.37,390.1241625
0.00063,5.1e-05,0.0,0.5,0.37,390.1241625
0.00063,5.1e-05,0.0,0.6,0.37,390.1241625
0.00063,5.1e-05,0.0,0.7,0.37,390.1241625
0.00063,5.1e-05,0.0,0.8,0.37,390.1241625
0.00063,5.1e-05,0.0,0.9,0.37,390.1241625
0.00063,5.1e-05,0.0,1.0,0.37,390.1241625
0.00064,3.46e-05,0.0,0.0,0.36,317.1076208
0.00064,3.46e-05,0.0,0.1,0.36,390.1219395
0.00064,3.46e-05,0.0,0.2,0.36,390.1219395
0.00064,3.46e-05,0.0,0.3,0.36,390.1219395
0.00064,3.46e-05,0.0,0.4,0.36,390.1219395
0.00064,3.46e-05,0.0,0.5,0.36,390.1219395
0.00064,3.46e-05,0.0,0.6,0.36,390.1219395
0.00064,3.46e-05,0.0,0.7,0.36,390.1219395
0.00064,3.46e-05,0.0,0.8,0.36,390.1219395
0.00064,3.46e-05,0.0,0.9,0.36,390.1219395
0.00064,3.46e-05,0.0,1.0,0.36,390.1219395
0.00064,3.46e-05,1e-05,0.0,0.36,317.1076208
0.00064,3.46e-05,1e-05,0.1,0.36,390.1219395
0.00064,3.46e-05,1e-05,0.2,0.36,390.1219395
0.00064,3.46e-05,1e-05,0.3,0.36,390.1219395
0.00064,3.46e-05,1e-05,0.4,0.36,390.1219395
0.00064,3.46e-05,1e-05,0.5,0.36,390.1219395
0.00064,3.46e-05,1e-05,0.6,0.36,390.1219395
0.00064,3.46e-05,1e-05,0.7,0.36,390.1219395
0.00064,3.46e-05,1e-05,0.8,0.36,390.1219395
0.00064,3.46e-05,1e-05,0.9,0.36,390.1219395
0.00064,3.46e-05,1e-05,1.0,0.36,390.1219395
0.00065,1.73e-05,0.0,0.0,0.35,317.1067138
0.00065,1.73e-05,0.0,0.1,0.35,390.1169397
0.00065,1.73e-05,0.0,0.2,0.35,390.1169397
0.00065,1.73e-05,0.0,0.3,0.35,390.1169397
0.00065,1.73e-05,0.0,0.4,0.35,390.1169397
0.00065,1.73e-05,0.0,0.5,0.35,390.1169397
0.00065,1.73e-05,0.0,0.6,0.35,390.1169397
0.00065,1.73e-05,0.0,0.7,0.35,390.1169397
0.00065,1.73e-05,0.0,0.8,0.35,390.1169397
0.00065,1.73e-05,0.0,0.9,0.35,390.1169397
0.00065,1.73e-05,0.0,1.0,0.35,390.1169397
0.00065,1.73e-05,1e-05,0.0,0.35,317.1067138
0.00065,1.73e-05,1e-05,0.1,0.35,390.1169397
0.00065,1.73e-05,1e-05,0.2,0.35,390.1169397
0.00065,1.73e-05,1e-05,0.3,0.35,390.1169397
0.00065,1.73e-05,1e-05,0.4,0.35,390.1169397
0.00065,1.73e-05,1e-05,0.5,0.35,390.1169397
0.00065,1.73e-05,1e-05,0.6,0.35,390.1169397
0.00065,1.73e-05,1e-05,0.7,0.35,390.1169397
0.00065,1.73e-05,1e-05,0.8,0.35,390.1169397
0.00065,1.73e-05,1e-05,0.9,0.35,390.1169397
0.00065,1.73e-05,1e-05,1.0,0.35,390.1169397
0.00066,0.0,1e-05,0.0,0.34,317.1052789
0.00066,0.0,1e-05,0.1,0.34,390.1091493
0.00066,0.0,1e-05,0.2,0.34,390.1091493
0.00066,0.0,1e-05,0.3,0.34,390.1091493
0.00066,0.0,1e-05,0.4,0.34,390.1091493
0.00066,0.0,1e-05,0.5,0.34,390.1091493
0.00066,0.0,1e-05,0.6,0.34,390.1091493
0.00066,0.0,1e-05,0.7,0.34,390.1091493
0.00066,0.0,1e-05,0.8,0.34,390.1091493
0.00066,0.0,1e-05,0.9,0.34,390.1091493
0.00066,0.0,1e-05,1.0,0.34,390.1091493
0.00066,0.0,0.0,0.0,0.34,317.1052789
0.00066,0.0,0.0,0.1,0.34,390.1091493
0.00066,0.0,0.0,0.2,0.34,390.1091493
0.00066,0.0,0.0,0.3,0.34,390.1091493
0.00066,0.0,0.0,0.4,0.34,390.1091493
0.00066,0.0,0.0,0.5,0.34,390.1091493
0.00066,0.0,0.0,0.6,0.34,390.1091493
0.00066,0.0,0.0,0.7,0.34,390.1091493
0.00066,0.0,0.0,0.8,0.34,390.1091493
0.00066,0.0,0.0,0.9,0.34,390.1091493
0.00066,0.0,0.0,1.0,0.34,390.1091493
0.00062,0.0001,1e-05,0.0,0.38,317.1060374
0.00062,0.0001,1e-05,0.1,0.38,390.1139837
0.00062,0.0001,1e-05,0.2,0.38,390.1139837
0.00062,0.0001,1e-05,0.3,0.38,390.1139837
0.00062,0.0001,1e-05,0.4,0.38,390.1139837
0.00062,0.0001,1e-05,0.5,0.38,390.1139837
0.00062,0.0001,1e-05,0.6,0.38,390.1139837
0.00062,0.0001,1e-05,0.7,0.38,390.1139837
0.00062,0.0001,1e-05,0.8,0.38,390.1139837
0.00062,0.0001,1e-05,0.9,0.38,390.1139837
0.00062,0.0001,1e-05,1.0,0.38,390.1139837
0.00063,8.27e-05,0.0,0.0,0.37,317.1070929
0.00063,8.27e-05,0.0,0.1,0.37,390.119357
0.00063,8.27e-05,0.0,0.2,0.37,390.119357
0.00063,8.27e-05,0.0,0.3,0.37,390.119357
0.00063,8.27e-05,0.0,0.4,0.37,390.119357
0.00063,8.27e-05,0.0,0.5,0.37,390.119357
0.00063,8.27e-05,0.0,0.6,0.37,390.119357
0.00063,8.27e-05,0.0,0.7,0.37,390.119357
0.00063,8.27e-05,0.0,0.8,0.37,390.119357
0.00063,8.27e-05,0.0,0.9,0.37,390.119357
0.00063,8.27e-05,0.0,1.0,0.37,390.119357
0.00063,8.31e-05,5e-06,0.0,0.37,317.1072816
0.00063,8.31e-05,5e-06,0.1,0.37,390.1203506
0.00063,8.31e-05,5e-06,0.2,0.37,390.1203506
0.00063,8.31e-05,5e-06,0.3,0.37,390.1203506
0.00063,8.31e-05,5e-06,0.4,0.37,390.1203506
0.00063,8.31e-05,5e-06,0.5,0.37,390.1203506
0.00063,8.31e-05,5e-06,0.6,0.37,390.1203506
0.00063,8.31e-05,5e-06,0.7,0.37,390.1203506
0.00063,8.31e-05,5e-06,0.8,0.37,390.1203506
0.00063,8.31e-05,5e-06,0.9,0.37,390.1203506
0.00063,8.31e-05,5e-06,1.0,0.37,390.1203506
0.00063,8.27e-05,1e-05,0.0,0.37,317.1070929
0.00063,8.27e-05,1e-05,0.1,0.37,390.119357
0.00063,8.27e-05,1e-05,0.2,0.37,390.119357
0.00063,8.27e-05,1e-05,0.3,0.37,390.119357
0.00063,8.27e-05,1e-05,0.4,0.37,390.119357
0.00063,8.27e-05,1e-05,0.5,0.37,390.119357
0.00063,8.27e-05,1e-05,0.6,0.37,390.119357
0.00063,8.27e-05,1e-05,0.7,0.37,390.119357
0.00063,8.27e-05,1e-05,0.8,0.37,390.119357
0.00063,8.27e-05,1e-05,0.9,0.37,390.119357
0.00063,8.27e-05,1e-05,1.0,0.37,390.119357
0.00064,0.0001,0.0,0.0,0.36,317.1056864
0.00064,0.0001,0.0,0.1,0.36,390.1117404
0.00064,0.0001,0.0,0.2,0.36,390.1117404
0.00064,0.0001,0.0,0.3,0.36,390.1117404
0.00064,0.0001,0.0,0.4,0.36,390.1117404
0.00064,0.0001,0.0,0.5,0.36,390.1117404
0.00064,0.0001,0.0,0.6,0.36,390.1117404
0.00064,0.0001,0.0,0.7,0.36,390.1117404
0.00064,0.0001,0.0,0.8,0.36,390.1117404
0.00064,0.0001,0.0,0.9,0.36,390.1117404
0.00064,0.0001,0.0,1.0,0.36,390.1117404
0.00064,6.69e-05,0.0,0.0,0.36,317.1075775
0.00064,6.69e-05,0.0,0.1,0.36,390.1217113
0.00064,6.69e-05,0.0,0.2,0.36,390.1217113
0.00064,6.69e-05,0.0,0.3,0.36,390.1217113
0.00064,6.69e-05,0.0,0.4,0.36,390.1217113
0.00064,6.69e-05,0.0,0.5,0.36,390.1217113
0.00064,6.69e-05,0.0,0.6,0.36,390.1217113
0.00064,6.69e-05,0.0,0.7,0.36,390.1217113
0.00064,6.69e-05,0.0,0.8,0.36,390.1217113
0.00064,6.69e-05,0.0,0.9,0.36,390.1217113
0.00064,6.69e-05,0.0,1.0,0.36,390.1217113
0.00064,6.69e-05,1e-05,0.0,0.36,317.1075775
0.00064,6.69e-05,1e-05,0.1,0.36,390.1217113
0.00064,6.69e-05,1e-05,0.2,0.36,390.1217113
0.00064,6.69e-05,1e-05,0.3,0.36,390.1217113
0.00064,6.69e-05,1e-05,0.4,0.36,390.1217113
0.00064,6.69e-05,1e-05,0.5,0.36,390.1217113
0.00064,6.69e-05,1e-05,0.6,0.36,390.1217113
0.00064,6.69e-05,1e-05,0.7,0.36,390.1217113
0.00064,6.69e-05,1e-05,0.8,0.36,390.1217113
0.00064,6.69e-05,1e-05,0.9,0.36,390.1217113
0.00064,6.69e-05,1e-05,1.0,0.36,390.1217113
0.00065,5.1e-05,1e-05,0.0,0.35,317.1076245
0.00065,5.1e-05,1e-05,0.1,0.35,390.1217451
0.00065,5.1e-05,1e-05,0.2,0.35,390.1217451
0.00065,5.1e-05,1e-05,0.3,0.35,390.1217451
0.00065,5.1e-05,1e-05,0.4,0.35,390.1217451
0.00065,5.1e-05,1e-05,0.5,0.35,390.1217451
0.00065,5.1e-05,1e-05,0.6,0.35,390.1217451
0.00065,5.1e-05,1e-05,0.7,0.35,390.1217451
0.00065,5.1e-05,1e-05,0.8,0.35,390.1217451
0.00065,5.1e-05,1e-05,0.9,0.35,390.1217451
0.00065,5.1e-05,1e-05,1.0,0.35,390.1217451
0.00065,5.1e-05,0.0,0.0,0.35,317.1076245
0.00065,5.1e-05,0.0,0.1,0.35,390.1217451
0.00065,5.1e-05,0.0,0.2,0.35,390.1217451
0.00065,5.1e-05,0.0,0.3,0.35,390.1217451
0.00065,5.1e-05,0.0,0.4,0.35,390.1217451
0.00065,5.1e-05,0.0,0.5,0.35,390.1217451
0.00065,5.1e-05,0.0,0.6,0.35,390.1217451
0.00065,5.1e-05,0.0,0.7,0.35,390.1217451
0.00065,5.1e-05,0.0,0.8,0.35,390.1217451
0.00065,5.1e-05,0.0,0.9,0.35,390.1217451
0.00065,5.1e-05,0.0,1.0,0.35,390.1217451
0.00066,3.46e-05,1e-05,0.0,0.34,317.1072132
0.00066,3.46e-05,1e-05,0.1,0.34,390.1193481
0.00066,3.46e-05,1e-05,0.2,0.34,390.1193481
0.00066,3.46e-05,1e-05,0.3,0.34,390.1193481
0.00066,3.46e-05,1e-05,0.4,0.34,390.1193481
0.00066,3.46e-05,1e-05,0.5,0.34,390.1193481
0.00066,3.46e-05,1e-05,0.6,0.34,390.1193481
0.00066,3.46e-05,1e-05,0.7,0.34,390.1193481
0.00066,3.46e-05,1e-05,0.8,0.34,390.1193481
0.00066,3.46e-05,1e-05,0.9,0.34,390.1193481
0.00066,3.46e-05,1e-05,1.0,0.34,390.1193481
0.00066,3.46e-05,0.0,0.0,0.34,317.1072132
0.00066,3.46e-05,0.0,0.1,0.34,390.1193481
0.00066,3.46e-05,0.0,0.2,0.34,390.1193481
0.00066,3.46e-05,0.0,0.3,0.34,390.1193481
0.00066,3.46e-05,0.0,0.4,0.34,390.1193481
0.00066,3.46e-05,0.0,0.5,0.34,390.1193481
0.00066,3.46e-05,0.0,0.6,0.34,390.1193481
0.00066,3.46e-05,0.0,0.7,0.34,390.1193481
0.00066,3.46e-05,0.0,0.8,0.34,390.1193481
0.00066,3.46e-05,0.0,0.9,0.34,390.1193481
0.00066,3.46e-05,0.0,1.0,0.34,390.1193481
0.00067,1.73e-05,0.0,0.0,0.33,317.1062776
0.00067,1.73e-05,0.0,0.1,0.33,390.1141741
0.00067,1.73e-05,0.0,0.2,0.33,390.1141741
0.00067,1.73e-05,0.0,0.3,0.33,390.1141741
0.00067,1.73e-05,0.0,0.4,0.33,390.1141741
0.00067,1.73e-05,0.0,0.5,0.33,390.1141741
0.00067,1.73e-05,0.0,0.6,0.33,390.1141741
0.00067,1.73e-05,0.0,0.7,0.33,390.1141741
0.00067,1.73e-05,0.0,0.8,0.33,390.1141741
0.00067,1.73e-05,0.0,0.9,0.33,390.1141741
0.00067,1.73e-05,0.0,1.0,0.33,390.1141741
0.00067,1.73e-05,1e-05,0.0,0.33,317.1062776
0.00067,1.73e-05,1e-05,0.1,0.33,390.1141741
0.00067,1.73e-05,1e-05,0.2,0.33,390.1141741
0.00067,1.73e-05,1e-05,0.3,0.33,390.1141741
0.00067,1.73e-05,1e-05,0.4,0.33,390.1141741
0.00067,1.73e-05,1e-05,0.5,0.33,390.1141741
0.00067,1.73e-05,1e-05,0.6,0.33,390.1141741
0.00067,1.73e-05,1e-05,0.7,0.33,390.1141741
0.00067,1.73e-05,1e-05,0.8,0.33,390.1141741
0.00067,1.73e-05,1e-05,0.9,0.33,390.1141741
0.00067,1.73e-05,1e-05,1.0,0.33,390.1141741
0.00068,0.0,1e-05,0.0,0.32,317.1048139
0.00068,0.0,1e-05,0.1,0.32,390.1062092
0.00068,0.0,1e-05,0.2,0.32,390.1062092
0.00068,0.0,1e-05,0.3,0.32,390.1062092
0.00068,0.0,1e-05,0.4,0.32,390.1062092
0.00068,0.0,1e-05,0.5,0.32,390.1062092
0.00068,0.0,1e-05,0.6,0.32,390.1062092
0.00068,0.0,1e-05,0.7,0.32,390.1062092
0.00068,0.0,1e-05,0.8,0.32,390.1062092
0.00068,0.0,1e-05,0.9,0.32,390.1062092
0.00068,0.0,1e-05,1.0,0.32,390.1062092
0.00068,0.0,0.0,0.0,0.32,317.1048139
0.00068,0.0,0.0,0.1,0.32,390.1062092
0.00068,0.0,0.0,0.2,0.32,390.1062092
0.00068,0.0,0.0,0.3,0.32,390.1062092
0.00068,0.0,0.0,0.4,0.32,390.1062092
0.00068,0.0,0.0,0.5,0.32,390.1062092
0.00068,0.0,0.0,0.6,0.32,390.1062092
0.00068,0.0,0.0,0.7,0.32,390.1062092
0.00068,0.0,0.0,0.8,0.32,390.1062092
0.00068,0.0,0.0,0.9,0.32,390.1062092
0.00068,0.0,0.0,1.0,0.32,390.1062092
0.00064,0.0001,1e-05,0.0,0.36,317.1056864
0.00064,0.0001,1e-05,0.1,0.36,390.1117404
0.00064,0.0001,1e-05,0.2,0.36,390.1117404
0.00064,0.0001,1e-05,0.3,0.36,390.1117404
0.00064,0.0001,1e-05,0.4,0.36,390.1117404
0.00064,0.0001,1e-05,0.5,0.36,390.1117404
0.00064,0.0001,1e-05,0.6,0.36,390.1117404
0.00064,0.0001,1e-05,0.7,0.36,390.1117404
0.00064,0.0001,1e-05,0.8,0.36,390.1117404
0.00064,0.0001,1e-05,0.9,0.36,390.1117404
0.00064,0.0001,1e-05,1.0,0.36,390.1117404
0.00065,8.27e-05,0.0,0.0,0.35,317.1067138
0.00065,8.27e-05,0.0,0.1,0.35,390.1169397
0.00065,8.27e-05,0.0,0.2,0.35,390.1169397
0.00065,8.27e-05,0.0,0.3,0.35,390.1169397
0.00065,8.27e-05,0.0,0.4,0.35,390.1169397
0.00065,8.27e-05,0.0,0.5,0.35,390.1169397
0.00065,8.27e-05,0.0,0.6,0.35,390.1169397
0.00065,8.27e-05,0.0,0.7,0.35,390.1169397
0.00065,8.27e-05,0.0,0.8,0.35,390.1169397
0.00065,8.27e-05,0.0,0.9,0.35,390.1169397
0.00065,8.27e-05,0.0,1.0,0.35,390.1169397
0.00065,8.27e-05,1e-05,0.0,0.35,317.1067138
0.00065,8.27e-05,1e-05,0.1,0.35,390.1169397
0.00065,8.27e-05,1e-05,0.2,0.35,390.1169397
0.00065,8.27e-05,1e-05,0.3,0.35,390.1169397
0.00065,8.27e-05,1e-05,0.4,0.35,390.1169397
0.00065,8.27e-05,1e-05,0.5,0.35,390.1169397
0.00065,8.27e-05,1e-05,0.6,0.35,390.1169397
0.00065,8.27e-05,1e-05,0.7,0.35,390.1169397
0.00065,8.27e-05,1e-05,0.8,0.35,390.1169397
0.00065,8.27e-05,1e-05,0.9,0.35,390.1169397
0.00065,8.27e-05,1e-05,1.0,0.35,390.1169397
0.00066,0.0001,0.0,0.0,0.34,317.1052789
0.00066,0.0001,0.0,0.1,0.34,390.1091493
0.00066,0.0001,0.0,0.2,0.34,390.1091493
0.00066,0.0001,0.0,0.3,0.34,390.1091493
0.00066,0.0001,0.0,0.4,0.34,390.1091493
0.00066,0.0001,0.0,0.5,0.34,390.1091493
0.00066,0.0001,0.0,0.6,0.34,390.1091493
0.00066,0.0001,0.0,0.7,0.34,390.1091493
0.00066,0.0001,0.0,0.8,0.34,390.1091493
0.00066,0.0001,0.0,0.9,0.34,390.1091493
0.00066,0.0001,0.0,1.0,0.34,390.1091493
0.00066,6.69e-05,0.0,0.0,0.34,317.10717
0.00066,6.69e-05,0.0,0.1,0.34,390.1191199
0.00066,6.69e-05,0.0,0.2,0.34,390.1191199
0.00066,6.69e-05,0.0,0.3,0.34,390.1191199
0.00066,6.69e-05,0.0,0.4,0.34,390.1191199
0.00066,6.69e-05,0.0,0.5,0.34,390.1191199
0.00066,6.69e-05,0.0,0.6,0.34,390.1191199
0.00066,6.69e-05,0.0,0.7,0.34,390.1191199
0.00066,6.69e-05,0.0,0.8,0.34,390.1191199
0.00066,6.69e-05,0.0,0.9,0.34,390.1191199
0.00066,6.69e-05,0.0,1.0,0.34,390.1191199
0.00066,6.69e-05,1e-05,0.0,0.34,317.10717
0.00066,6.69e-05,1e-05,0.1,0.34,390.1191199
0.00066,6.69e-05,1e-05,0.2,0.34,390.1191199
0.00066,6.69e-05,1e-05,0.3,0.34,390.1191199
0.00066,6.69e-05,1e-05,0.4,0.34,390.1191199
0.00066,6.69e-05,1e-05,0.5,0.34,390.1191199
0.00066,6.69e-05,1e-05,0.6,0.34,390.1191199
0.00066,6.69e-05,1e-05,0.7,0.34,390.1191199
0.00066,6.69e-05,1e-05,0.8,0.34,390.1191199
0.00066,6.69e-05,1e-05,0.9,0.34,390.1191199
0.00066,6.69e-05,1e-05,1.0,0.34,390.1191199
0.00067,5.1e-05,1e-05,0.0,0.33,317.1071883
0.00067,5.1e-05,1e-05,0.1,0.33,390.1189793
0.00067,5.1e-05,1e-05,0.2,0.33,390.1189793
0.00067,5.1e-05,1e-05,0.3,0.33,390.1189793
0.00067,5.1e-05,1e-05,0.4,0.33,390.1189793
0.00067,5.1e-05,1e-05,0.5,0.33,390.1189793
0.00067,5.1e-05,1e-05,0.6,0.33,390.1189793
0.00067,5.1e-05,1e-05,0.7,0.33,390.1189793
0.00067,5.1e-05,1e-05,0.8,0.33,390.1189793
0.00067,5.1e-05,1e-05,0.9,0.33,390.1189793
0.00067,5.1e-05,1e-05,1.0,0.33,390.1189793
0.00067,5.1e-05,0.0,0.0,0.33,317.1071884
0.00067,5.1e-05,0.0,0.1,0.33,390.1189793
0.00067,5.1e-05,0.0,0.2,0.33,390.1189793
0.00067,5.1e-05,0.0,0.3,0.33,390.1189793
0.00067,5.1e-05,0.0,0.4,0.33,390.1189793
0.00067,5.1e-05,0.0,0.5,0.33,390.1189793
0.00067,5.1e-05,0.0,0.6,0.33,390.1189793
0.00067,5.1e-05,0.0,0.7,0.33,390.1189793
0.00067,5.1e-05,0.0,0.8,0.33,390.1189793
0.00067,5.1e-05,0.0,0.9,0.33,390.1189793
0.00067,5.1e-05,0.0,1.0,0.33,390.1189793
0.000675,4.28e-05,5e-06,0.0,0.325,317.1072411
0.000675,4.28e-05,5e-06,0.1,0.325,390.119133
0.000675,4.28e-05,5e-06,0.2,0.325,390.119133
0.000675,4.28e-05,5e-06,0.3,0.325,390.119133
0.000675,4.28e-05,5e-06,0.4,0.325,390.119133
0.000675,4.28e-05,5e-06,0.5,0.325,390.119133
0.000675,4.28e-05,5e-06,0.6,0.325,390.119133
0.000675,4.28e-05,5e-06,0.7,0.325,390.119133
0.000675,4.28e-05,5e-06,0.8,0.325,390.119133
0.000675,4.28e-05,5e-06,0.9,0.325,390.119133
0.000675,4.28e-05,5e-06,1.0,0.325,390.119133
0.00068,3.46e-05,0.0,0.0,0.32,317.1067481
0.00068,3.46e-05,0.0,0.1,0.32,390.1164078
0.00068,3.46e-05,0.0,0.2,0.32,390.1164078
0.00068,3.46e-05,0.0,0.3,0.32,390.1164078
0.00068,3.46e-05,0.0,0.4,0.32,390.1164078
0.00068,3.46e-05,0.0,0.5,0.32,390.1164078
0.00068,3.46e-05,0.0,0.6,0.32,390.1164078
0.00068,3.46e-05,0.0,0.7,0.32,390.1164078
0.00068,3.46e-05,0.0,0.8,0.32,390.1164078
0.00068,3.46e-05,0.0,0.9,0.32,390.1164078
0.00068,3.46e-05,0.0,1.0,0.32,390.1164078
0.00068,3.46e-05,1e-05,0.0,0.32,317.1067481
0.00068,3.46e-05,1e-05,0.1,0.32,390.1164078
0.00068,3.46e-05,1e-05,0.2,0.32,390.1164078
0.00068,3.46e-05,1e-05,0.3,0.32,390.1164078
0.00068,3.46e-05,1e-05,0.4,0.32,390.1164078
0.00068,3.46e-05,1e-05,0.5,0.32,390.1164078
0.00068,3.46e-05,1e-05,0.6,0.32,390.1164078
0.00068,3.46e-05,1e-05,0.7,0.32,390.1164078
0.00068,3.46e-05,1e-05,0.8,0.32,390.1164078
0.00068,3.46e-05,1e-05,0.9,0.32,390.1164078
0.00068,3.46e-05,1e-05,1.0,0.32,390.1164078
0.00069,1.73e-05,1e-05,0.0,0.31,317.1057833
0.00069,1.73e-05,1e-05,0.1,0.31,390.1110589
0.00069,1.73e-05,1e-05,0.2,0.31,390.1110589
0.00069,1.73e-05,1e-05,0.3,0.31,390.1110589
0.00069,1.73e-05,1e-05,0.4,0.31,390.1110589
0.00069,1.73e-05,1e-05,0.5,0.31,390.1110589
0.00069,1.73e-05,1e-05,0.6,0.31,390.1110589
0.00069,1.73e-05,1e-05,0.7,0.31,390.1110589
0.00069,1.73e-05,1e-05,0.8,0.31,390.1110589
0.00069,1.73e-05,1e-05,0.9,0.31,390.1110589
0.00069,1.73e-05,1e-05,1.0,0.31,390.1110589
0.00069,1.73e-05,0.0,0.0,0.31,317.1057833
0.00069,1.73e-05,0.0,0.1,0.31,390.1110589
0.00069,1.73e-05,0.0,0.2,0.31,390.1110589
0.00069,1.73e-05,0.0,0.3,0.31,390.1110589
0.00069,1.73e-05,0.0,0.4,0.31,390.1110589
0.00069,1.73e-05,0.0,0.5,0.31,390.1110589
0.00069,1.73e-05,0.0,0.6,0.31,390.1110589
0.00069,1.73e-05,0.0,0.7,0.31,390.1110589
0.00069,1.73e-05,0.0,0.8,0.31,390.1110589
0.00069,1.73e-05,0.0,0.9,0.31,390.1110589
0.00069,1.73e-05,0.0,1.0,0.31,390.1110589
0.0007,0.0,1e-05,0.0,0.3,317.10429
0.0007,0.0,1e-05,0.1,0.3,390.102919
0.0007,0.0,1e-05,0.2,0.3,390.102919
0.0007,0.0,1e-05,0.3,0.3,390.102919
0.0007,0.0,1e-05,0.4,0.3,390.102919
0.0007,0.0,1e-05,0.5,0.3,390.102919
0.0007,0.0,1e-05,0.6,0.3,390.102919
0.0007,0.0,1e-05,0.7,0.3,390.102919
0.0007,0.0,1e-05,0.8,0.3,390.102919
0.0007,0.0,1e-05,0.9,0.3,390.102919
0.0007,0.0,1e-05,1.0,0.3,390.102919
0.0007,0.0,0.0,0.0,0.3,317.10429
0.0007,0.0,0.0,0.1,0.3,390.102919
0.0007,0.0,0.0,0.2,0.3,390.102919
0.0007,0.0,0.0,0.3,0.3,390.102919
0.0007,0.0,0.0,0.4,0.3,390.102919
0.0007,0.0,0.0,0.5,0.3,390.102919
0.0007,0.0,0.0,0.6,0.3,390.102919
0.0007,0.0,0.0,0.7,0.3,390.102919
0.0007,0.0,0.0,0.8,0.3,390.102919
0.0007,0.0,0.0,0.9,0.3,390.102919
0.0007,0.0,0.0,1.0,0.3,390.102919
0.00066,0.0001,1e-05,0.0,0.34,317.1052789
0.00066,0.0001,1e-05,0.1,0.34,390.1091493
0.00066,0.0001,1e-05,0.2,0.34,390.1091493
0.00066,0.0001,1e-05,0.3,0.34,390.1091493
0.00066,0.0001,1e-05,0.4,0.34,390.1091493
0.00066,0.0001,1e-05,0.5,0.34,390.1091493
0.00066,0.0001,1e-05,0.6,0.34,390.1091493
0.00066,0.0001,1e-05,0.7,0.34,390.1091493
0.00066,0.0001,1e-05,0.8,0.34,390.1091493
0.00066,0.0001,1e-05,0.9,0.34,390.1091493
0.00066,0.0001,1e-05,1.0,0.34,390.1091493
0.00067,8.27e-05,0.0,0.0,0.33,317.1062776
0.00067,8.27e-05,0.0,0.1,0.33,390.1141741
0.00067,8.27e-05,0.0,0.2,0.33,390.1141741
0.00067,8.27e-05,0.0,0.3,0.33,390.1141741
0.00067,8.27e-05,0.0,0.4,0.33,390.1141741
0.00067,8.27e-05,0.0,0.5,0.33,390.1141741
0.00067,8.27e-05,0.0,0.6,0.33,390.1141741
0.00067,8.27e-05,0.0,0.7,0.33,390.1141741
0.00067,8.27e-05,0.0,0.8,0.33,390.1141741
0.00067,8.27e-05,0.0,0.9,0.33,390.1141741
0.00067,8.27e-05,0.0,1.0,0.33,390.1141741
0.00067,8.27e-05,1e-05,0.0,0.33,317.1062776
0.00067,8.27e-05,1e-05,0.1,0.33,390.1141741
0.00067,8.27e-05,1e-05,0.2,0.33,390.1141741
0.00067,8.27e-05,1e-05,0.3,0.33,390.1141741
0.00067,8.27e-05,1e-05,0.4,0.33,390.1141741
0.00067,8.27e-05,1e-05,0.5,0.33,390.1141741
0.00067,8.27e-05,1e-05,0.6,0.33,390.1141741
0.00067,8.27e-05,1e-05,0.7,0.33,390.1141741
0.00067,8.27e-05,1e-05,0.8,0.33,390.1141741
0.00067,8.27e-05,1e-05,0.9,0.33,390.1141741
0.00067,8.27e-05,1e-05,1.0,0.33,390.1141741
0.00068,0.0001,0.0,0.0,0.32,317.1048139
0.00068,0.0001,0.0,0.1,0.32,390.1062092
0.00068,0.0001,0.0,0.2,0.32,390.1062092
0.00068,0.0001,0.0,0.3,0.32,390.1062092
0.00068,0.0001,0.0,0.4,0.32,390.1062092
0.00068,0.0001,0.0,0.5,0.32,390.1062092
0.00068,0.0001,0.0,0.6,0.32,390.1062092
0.00068,0.0001,0.0,0.7,0.32,390.1062092
0.00068,0.0001,0.0,0.8,0.32,390.1062092
0.00068,0.0001,0.0,0.9,0.32,390.1062092
0.00068,0.0001,0.0,1.0,0.32,390.1062092
0.00068,6.69e-05,0.0,0.0,0.32,317.1067049
0.00068,6.69e-05,0.0,0.1,0.32,390.1161796
0.00068,6.69e-05,0.0,0.2,0.32,390.1161796
0.00068,6.69e-05,0.0,0.3,0.32,390.1161796
0.00068,6.69e-05,0.0,0.4,0.32,390.1161796
0.00068,6.69e-05,0.0,0.5,0.32,390.1161796
0.00068,6.69e-05,0.0,0.6,0.32,390.1161796
0.00068,6.69e-05,0.0,0.7,0.32,390.1161796
0.00068,6.69e-05,0.0,0.8,0.32,390.1161796
0.00068,6.69e-05,0.0,0.9,0.32,390.1161796
0.00068,6.69e-05,0.0,1.0,0.32,390.1161796
0.00068,6.69e-05,1e-05,0.0,0.32,317.1067049
0.00068,6.69e-05,1e-05,0.1,0.32,390.1161796
0.00068,6.69e-05,1e-05,0.2,0.32,390.1161796
0.00068,6.69e-05,1e-05,0.3,0.32,390.1161796
0.00068,6.69e-05,1e-05,0.4,0.32,390.1161796
0.00068,6.69e-05,1e-05,0.5,0.32,390.1161796
0.00068,6.69e-05,1e-05,0.6,0.32,390.1161796
0.00068,6.69e-05,1e-05,0.7,0.32,390.1161796
0.00068,6.69e-05,1e-05,0.8,0.32,390.1161796
0.00068,6.69e-05,1e-05,0.9,0.32,390.1161796
0.00068,6.69e-05,1e-05,1.0,0.32,390.1161796
0.00069,5.1e-05,0.0,0.0,0.31,317.106694
0.00069,5.1e-05,0.0,0.1,0.31,390.115864
0.00069,5.1e-05,0.0,0.2,0.31,390.115864
0.00069,5.1e-05,0.0,0.3,0.31,390.115864
0.00069,5.1e-05,0.0,0.4,0.31,390.115864
0.00069,5.1e-05,0.0,0.5,0.31,390.115864
0.00069,5.1e-05,0.0,0.6,0.31,390.115864
0.00069,5.1e-05,0.0,0.7,0.31,390.115864
0.00069,5.1e-05,0.0,0.8,0.31,390.115864
0.00069,5.1e-05,0.0,0.9,0.31,390.115864
0.00069,5.1e-05,0.0,1.0,0.31,390.115864
0.00069,5.1e-05,1e-05,0.0,0.31,317.106694
0.00069,5.1e-05,1e-05,0.1,0.31,390.115864
0.00069,5.1e-05,1e-05,0.2,0.31,390.115864
0.00069,5.1e-05,1e-05,0.3,0.31,390.115864
0.00069,5.1e-05,1e-05,0.4,0.31,390.115864
0.00069,5.1e-05,1e-05,0.5,0.31,390.115864
0.00069,5.1e-05,1e-05,0.6,0.31,390.115864
0.00069,5.1e-05,1e-05,0.7,0.31,390.115864
0.00069,5.1e-05,1e-05,0.8,0.31,390.115864
0.00069,5.1e-05,1e-05,0.9,0.31,390.115864
0.00069,5.1e-05,1e-05,1.0,0.31,390.115864
0.0007,3.46e-05,0.0,0.0,0.3,317.1062242
0.0007,3.46e-05,0.0,0.1,0.3,390.1131172
0.0007,3.46e-05,0.0,0.2,0.3,390.1131172
0.0007,3.46e-05,0.0,0.3,0.3,390.1131172
0.0007,3.46e-05,0.0,0.4,0.3,390.1131172
0.0007,3.46e-05,0.0,0.5,0.3,390.1131172
0.0007,3.46e-05,0.0,0.6,0.3,390.1131172
0.0007,3.46e-05,0.0,0.7,0.3,390.1131172
0.0007,3.46e-05,0.0,0.8,0.3,390.1131172
0.0007,3.46e-05,0.0,0.9,0.3,390.1131172
0.0007,3.46e-05,0.0,1.0,0.3,390.1131172
0.0007,3.46e-05,1e-05,0.0,0.3,317.1062242
0.0007,3.46e-05,1e-05,0.1,0.3,390.1131172
0.0007,3.46e-05,1e-05,0.2,0.3,390.1131172
0.0007,3.46e-05,1e-05,0.3,0.3,390.1131172
0.0007,3.46e-05,1e-05,0.4,0.3,390.1131172
0.0007,3.46e-05,1e-05,0.5,0.3,390.1131172
0.0007,3.46e-05,1e-05,0.6,0.3,390.1131172
0.0007,3.46e-05,1e-05,0.7,0.3,390.1131172
0.0007,3.46e-05,1e-05,0.8,0.3,390.1131172
0.0007,3.46e-05,1e-05,0.9,0.3,390.1131172
0.0007,3.46e-05,1e-05,1.0,0.3,390.1131172
0.00071,1.73e-05,0.0,0.0,0.29,317.1052295
0.00071,1.73e-05,0.0,0.1,0.29,390.1075928
0.00071,1.73e-05,0.0,0.2,0.29,390.1075928
0.00071,1.73e-05,0.0,0.3,0.29,390.1075928
0.00071,1.73e-05,0.0,0.4,0.29,390.1075928
0.00071,1.73e-05,0.0,0.5,0.29,390.1075928
0.00071,1.73e-05,0.0,0.6,0.29,390.1075928
0.00071,1.73e-05,0.0,0.7,0.29,390.1075928
0.00071,1.73e-05,0.0,0.8,0.29,390.1075928
0.00071,1.73e-05,0.0,0.9,0.29,390.1075928
0.00071,1.73e-05,0.0,1.0,0.29,390.1075928
0.00071,1.73e-05,1e-05,0.0,0.29,317.1052295
0.00071,1.73e-05,1e-05,0.1,0.29,390.1075928
0.00071,1.73e-05,1e-05,0.2,0.29,390.1075928
0.00071,1.73e-05,1e-05,0.3,0.29,390.1075928
0.00071,1.73e-05,1e-05,0.4,0.29,390.1075928
0.00071,1.73e-05,1e-05,0.5,0.29,390.1075928
0.00071,1.73e-05,1e-05,0.6,0.29,390.1075928
0.00071,1.73e-05,1e-05,0.7,0.29,390.1075928
0.00071,1.73e-05,1e-05,0.8,0.29,390.1075928
0.00071,1.73e-05,1e-05,0.9,0.29,390.1075928
0.00071,1.73e-05,1e-05,1.0,0.29,390.1075928
0.00072,0.0,0.0,0.0,0.28,317.103706
0.00072,0.0,0.0,0.1,0.28,390.0992771
0.00072,0.0,0.0,0.2,0.28,390.0992771
0.00072,0.0,0.0,0.3,0.28,390.0992771
0.00072,0.0,0.0,0.4,0.28,390.0992771
0.00072,0.0,0.0,0.5,0.28,390.0992771
0.00072,0.0,0.0,0.6,0.28,390.0992771
0.00072,0.0,0.0,0.7,0.28,390.0992771
0.00072,0.0,0.0,0.8,0.28,390.0992771
0.00072,0.0,0.0,0.9,0.28,390.0992771
0.00072,0.0,0.0,1.0,0.28,390.0992771
0.00072,0.0,1e-05,0.0,0.28,317.103706
0.00072,0.0,1e-05,0.1,0.28,390.0992771
0.00072,0.0,1e-05,0.2,0.28,390.0992771
0.00072,0.0,1e-05,0.3,0.28,390.0992771
0.00072,0.0,1e-05,0.4,0.28,390.0992771
0.00072,0.0,1e-05,0.5,0.28,390.0992771
0.00072,0.0,1e-05,0.6,0.28,390.0992771
0.00072,0.0,1e-05,0.7,0.28,390.0992771
0.00072,0.0,1e-05,0.8,0.28,390.0992771
0.00072,0.0,1e-05,0.9,0.28,390.0992771
0.00072,0.0,1e-05,1.0,0.28,390.0992771
0.00068,0.0001,1e-05,0.0,0.32,317.1048139
0.00068,0.0001,1e-05,0.1,0.32,390.1062092
0.00068,0.0001,1e-05,0.2,0.32,390.1062092
0.00068,0.0001,1e-05,0.3,0.32,390.1062092
0.00068,0.0001,1e-05,0.4,0.32,390.1062092
0.00068,0.0001,1e-05,0.5,0.32,390.1062092
0.00068,0.0001,1e-05,0.6,0.32,390.1062092
0.00068,0.0001,1e-05,0.7,0.32,390.1062092
0.00068,0.0001,1e-05,0.8,0.32,390.1062092
0.00068,0.0001,1e-05,0.9,0.32,390.1062092
0.00068,0.0001,1e-05,1.0,0.32,390.1062092
0.00069,8.27e-05,0.0,0.0,0.31,317.1057833
0.00069,8.27e-05,0.0,0.1,0.31,390.1110589
0.00069,8.27e-05,0.0,0.2,0.31,390.1110589
0.00069,8.27e-05,0.0,0.3,0.31,390.1110589
0.00069,8.27e-05,0.0,0.4,0.31,390.1110589
0.00069,8.27e-05,0.0,0.5,0.31,390.1110589
0.00069,8.27e-05,0.0,0.6,0.31,390.1110589
0.00069,8.27e-05,0.0,0.7,0.31,390.1110589
0.00069,8.27e-05,0.0,0.8,0.31,390.1110589
0.00069,8.27e-05,0.0,0.9,0.31,390.1110589
0.00069,8.27e-05,0.0,1.0,0.31,390.1110589
0.00069,8.27e-05,1e-05,0.0,0.31,317.1057833
0.00069,8.27e-05,1e-05,0.1,0.31,390.1110589
0.00069,8.27e-05,1e-05,0.2,0.31,390.1110589
0.00069,8.27e-05,1e-05,0.3,0.31,390.1110589
0.00069,8.27e-05,1e-05,0.4,0.31,390.1110589
0.00069,8.27e-05,1e-05,0.5,0.31,390.1110589
0.00069,8.27e-05,1e-05,0.6,0.31,390.1110589
0.00069,8.27e-05,1e-05,0.7,0.31,390.1110589
0.00069,8.27e-05,1e-05,0.8,0.31,390.1110589
0.00069,8.27e-05,1e-05,0.9,0.31,390.1110589
0.00069,8.27e-05,1e-05,1.0,0.31,390.1110589
0.0007,0.0001,0.0,0.0,0.3,317.10429
0.0007,0.0001,0.0,0.1,0.3,390.102919
0.0007,0.0001,0.0,0.2,0.3,390.102919
0.0007,0.0001,0.0,0.3,0.3,390.102919
0.0007,0.0001,0.0,0.4,0.3,390.102919
0.0007,0.0001,0.0,0.5,0.3,390.102919
0.0007,0.0001,0.0,0.6,0.3,390.102919
0.0007,0.0001,0.0,0.7,0.3,390.102919
0.0007,0.0001,0.0,0.8,0.3,390.102919
0.0007,0.0001,0.0,0.9,0.3,390.102919
0.0007,0.0001,0.0,1.0,0.3,390.102919
0.0007,6.69e-05,0.0,0.0,0.3,317.106181
0.0007,6.69e-05,0.0,0.1,0.3,390.112889
0.0007,6.69e-05,0.0,0.2,0.3,390.112889
0.0007,6.69e-05,0.0,0.3,0.3,390.112889
0.0007,6.69e-05,0.0,0.4,0.3,390.112889
0.0007,6.69e-05,0.0,0.5,0.3,390.112889
0.0007,6.69e-05,0.0,0.6,0.3,390.112889
0.0007,6.69e-05,0.0,0.7,0.3,390.112889
0.0007,6.69e-05,0.0,0.8,0.3,390.112889
0.0007,6.69e-05,0.0,0.9,0.3,390.112889
0.0007,6.69e-05,0.0,1.0,0.3,390.112889
0.0007,6.69e-05,1e-05,0.0,0.3,317.106181
0.0007,6.69e-05,1e-05,0.1,0.3,390.112889
0.0007,6.69e-05,1e-05,0.2,0.3,390.112889
0.0007,6.69e-05,1e-05,0.3,0.3,390.112889
0.0007,6.69e-05,1e-05,0.4,0.3,390.112889
0.0007,6.69e-05,1e-05,0.5,0.3,390.112889
0.0007,6.69e-05,1e-05,0.6,0.3,390.112889
0.0007,6.69e-05,1e-05,0.7,0.3,390.112889
0.0007,6.69e-05,1e-05,0.8,0.3,390.112889
0.0007,6.69e-05,1e-05,0.9,0.3,390.112889
0.0007,6.69e-05,1e-05,1.0,0.3,390.112889
0.00073,1.73e-05,0.0,0.0,0.27,317.1046147
0.00073,1.73e-05,0.0,0.1,0.27,390.1037742
0.00073,1.73e-05,0.0,0.2,0.27,390.1037742
0.00073,1.73e-05,0.0,0.3,0.27,390.1037742
0.00073,1.73e-05,0.0,0.4,0.27,390.1037742
0.00073,1.73e-05,0.0,0.5,0.27,390.1037742
0.00073,1.73e-05,0.0,0.6,0.27,390.1037742
0.00073,1.73e-05,0.0,0.7,0.27,390.1037742
0.00073,1.73e-05,0.0,0.8,0.27,390.1037742
0.00073,1.73e-05,0.0,0.9,0.27,390.1037742
0.00073,1.73e-05,0.0,1.0,0.27,390.1037742
0.00074,0.0,0.0,0.0,0.26,317.1030603
0.00074,0.0,0.0,0.1,0.26,390.0952819
0.00074,0.0,0.0,0.2,0.26,390.0952819
0.00074,0.0,0.0,0.3,0.26,390.0952819
0.00074,0.0,0.0,0.4,0.26,390.0952819
0.00074,0.0,0.0,0.5,0.26,390.0952819
0.00074,0.0,0.0,0.6,0.26,390.0952819
0.00074,0.0,0.0,0.7,0.26,390.0952819
0.00074,0.0,0.0,0.8,0.26,390.0952819
0.00074,0.0,0.0,0.9,0.26,390.0952819
0.00074,0.0,0.0,1.0,0.26,390.0952819
0.00074,0.0,1e-05,0.0,0.26,317.1030603
0.00074,0.0,1e-05,0.1,0.26,390.0952819
0.00074,0.0,1e-05,0.2,0.26,390.0952819
0.00074,0.0,1e-05,0.3,0.26,390.0952819
0.00074,0.0,1e-05,0.4,0.26,390.0952819
0.00074,0.0,1e-05,0.5,0.26,390.0952819
0.00074,0.0,1e-05,0.6,0.26,390.0952819
0.00074,0.0,1e-05,0.7,0.26,390.0952819
0.00074,0.0,1e-05,0.8,0.26,390.0952819
0.00074,0.0,1e-05,0.9,0.26,390.0952819
0.00074,0.0,1e-05,1.0,0.26,390.0952819
0.00072,3.46e-05,0.0,0.0,0.28,317.1056401
0.00072,3.46e-05,0.0,0.1,0.28,390.1094748
0.00072,3.46e-05,0.0,0.2,0.28,390.1094748
0.00072,3.46e-05,0.0,0.3,0.28,390.1094748
0.00072,3.46e-05,0.0,0.4,0.28,390.1094748
0.00072,3.46e-05,0.0,0.5,0.28,390.1094748
0.00072,3.46e-05,0.0,0.6,0.28,390.1094748
0.00072,3.46e-05,0.0,0.7,0.28,390.1094748
0.00072,3.46e-05,0.0,0.8,0.28,390.1094748
0.00072,3.46e-05,0.0,0.9,0.28,390.1094748
0.00072,3.46e-05,0.0,1.0,0.28,390.1094748
0.00071,5.1e-05,0.0,0.0,0.29,317.1061402
0.00071,5.1e-05,0.0,0.1,0.29,390.1123977
0.00071,5.1e-05,0.0,0.2,0.29,390.1123977
0.00071,5.1e-05,0.0,0.3,0.29,390.1123977
0.00071,5.1e-05,0.0,0.4,0.29,390.1123977
0.00071,5.1e-05,0.0,0.5,0.29,390.1123977
0.00071,5.1e-05,0.0,0.6,0.29,390.1123977
0.00071,5.1e-05,0.0,0.7,0.29,390.1123977
0.00071,5.1e-05,0.0,0.8,0.29,390.1123977
0.00071,5.1e-05,0.0,0.9,0.29,390.1123977
0.00071,5.1e-05,0.0,1.0,0.29,390.1123977
0.00071,5.1e-05,1e-05,0.0,0.29,317.1061402
0.00071,5.1e-05,1e-05,0.1,0.29,390.1123977
0.00071,5.1e-05,1e-05,0.2,0.29,390.1123977
0.00071,5.1e-05,1e-05,0.3,0.29,390.1123977
0.00071,5.1e-05,1e-05,0.4,0.29,390.1123977
0.00071,5.1e-05,1e-05,0.5,0.29,390.1123977
0.00071,5.1e-05,1e-05,0.6,0.29,390.1123977
0.00071,5.1e-05,1e-05,0.7,0.29,390.1123977
0.00071,5.1e-05,1e-05,0.8,0.29,390.1123977
0.00071,5.1e-05,1e-05,0.9,0.29,390.1123977
0.00071,5.1e-05,1e-05,1.0,0.29,390.1123977
0.00072,3.46e-05,1e-05,0.0,0.28,317.1056401
0.00072,3.46e-05,1e-05,0.1,0.28,390.1094748
0.00072,3.46e-05,1e-05,0.2,0.28,390.1094748
0.00072,3.46e-05,1e-05,0.3,0.28,390.1094748
0.00072,3.46e-05,1e-05,0.4,0.28,390.1094748
0.00072,3.46e-05,1e-05,0.5,0.28,390.1094748
0.00072,3.46e-05,1e-05,0.6,0.28,390.1094748
0.00072,3.46e-05,1e-05,0.7,0.28,390.1094748
0.00072,3.46e-05,1e-05,0.8,0.28,390.1094748
0.00072,3.46e-05,1e-05,0.9,0.28,390.1094748
0.00072,3.46e-05,1e-05,1.0,0.28,390.1094748
0.00073,1.73e-05,1e-05,0.0,0.27,317.1046148
0.00073,1.73e-05,1e-05,0.1,0.27,390.1037742
0.00073,1.73e-05,1e-05,0.2,0.27,390.1037742
0.00073,1.73e-05,1e-05,0.3,0.27,390.1037742
0.00073,1.73e-05,1e-05,0.4,0.27,390.1037742
0.00073,1.73e-05,1e-05,0.5,0.27,390.1037742
0.00073,1.73e-05,1e-05,0.6,0.27,390.1037742
0.00073,1.73e-05,1e-05,0.7,0.27,390.1037742
0.00073,1.73e-05,1e-05,0.8,0.27,390.1037742
0.00073,1.73e-05,1e-05,0.9,0.27,390.1037742
0.00073,1.73e-05,1e-05,1.0,0.27,390.1037742
0.0007,0.0001,1e-05,0.0,0.3,317.10429
0.0007,0.0001,1e-05,0.1,0.3,390.102919
0.0007,0.0001,1e-05,0.2,0.3,390.102919
0.0007,0.0001,1e-05,0.3,0.3,390.102919
0.0007,0.0001,1e-05,0.4,0.3,390.102919
0.0007,0.0001,1e-05,0.5,0.3,390.102919
0.0007,0.0001,1e-05,0.6,0.3,390.102919
0.0007,0.0001,1e-05,0.7,0.3,390.102919
0.0007,0.0001,1e-05,0.8,0.3,390.102919
0.0007,0.0001,1e-05,0.9,0.3,390.102919
0.0007,0.0001,1e-05,1.0,0.3,390.102919
0.00071,8.27e-05,0.0,0.0,0.29,317.1052295
0.00071,8.27e-05,0.0,0.1,0.29,390.1075928
0.00071,8.27e-05,0.0,0.2,0.29,390.1075928
0.00071,8.27e-05,0.0,0.3,0.29,390.1075928
0.00071,8.27e-05,0.0,0.4,0.29,390.1075928
0.00071,8.27e-05,0.0,0.5,0.29,390.1075928
0.00071,8.27e-05,0.0,0.6,0.29,390.1075928
0.00071,8.27e-05,0.0,0.7,0.29,390.1075928
0.00071,8.27e-05,0.0,0.8,0.29,390.1075928
0.00071,8.27e-05,0.0,0.9,0.29,390.1075928
0.00071,8.27e-05,0.0,1.0,0.29,390.1075928
0.00071,8.27e-05,1e-05,0.0,0.29,317.1052295
0.00071,8.27e-05,1e-05,0.1,0.29,390.1075928
0.00071,8.27e-05,1e-05,0.2,0.29,390.1075928
0.00071,8.27e-05,1e-05,0.3,0.29,390.1075928
0.00071,8.27e-05,1e-05,0.4,0.29,390.1075928
0.00071,8.27e-05,1e-05,0.5,0.29,390.1075928
0.00071,8.27e-05,1e-05,0.6,0.29,390.1075928
0.00071,8.27e-05,1e-05,0.7,0.29,390.1075928
0.00071,8.27e-05,1e-05,0.8,0.29,390.1075928
0.00071,8.27e-05,1e-05,0.9,0.29,390.1075928
0.00071,8.27e-05,1e-05,1.0,0.29,390.1075928
0.00072,0.0001,0.0,0.0,0.28,317.103706
0.00072,0.0001,0.0,0.1,0.28,390.0992771
0.00072,0.0001,0.0,0.2,0.28,390.0992771
0.00072,0.0001,0.0,0.3,0.28,390.0992771
0.00072,0.0001,0.0,0.4,0.28,390.0992771
0.00072,0.0001,0.0,0.5,0.28,390.0992771
0.00072,0.0001,0.0,0.6,0.28,390.0992771
0.00072,0.0001,0.0,0.7,0.28,390.0992771
0.00072,0.0001,0.0,0.8,0.28,390.0992771
0.00072,0.0001,0.0,0.9,0.28,390.0992771
0.00072,0.0001,0.0,1.0,0.28,390.0992771
0.00072,6.69e-05,0.0,0.0,0.28,317.1055969
0.00072,6.69e-05,0.0,0.1,0.28,390.1092467
0.00072,6.69e-05,0.0,0.2,0.28,390.1092467
0.00072,6.69e-05,0.0,0.3,0.28,390.1092467
0.00072,6.69e-05,0.0,0.4,0.28,390.1092467
0.00072,6.69e-05,0.0,0.5,0.28,390.1092467
0.00072,6.69e-05,0.0,0.6,0.28,390.1092467
0.00072,6.69e-05,0.0,0.7,0.28,390.1092467
0.00072,6.69e-05,0.0,0.8,0.28,390.1092467
0.00072,6.69e-05,0.0,0.9,0.28,390.1092467
0.00072,6.69e-05,0.0,1.0,0.28,390.1092467
0.00072,6.69e-05,1e-05,0.0,0.28,317.1055969
0.00072,6.69e-05,1e-05,0.1,0.28,390.1092467
0.00072,6.69e-05,1e-05,0.2,0.28,390.1092467
0.00072,6.69e-05,1e-05,0.3,0.28,390.1092467
0.00072,6.69e-05,1e-05,0.4,0.28,390.1092467
0.00072,6.69e-05,1e-05,0.5,0.28,390.1092467
0.00072,6.69e-05,1e-05,0.6,0.28,390.1092467
0.00072,6.69e-05,1e-05,0.7,0.28,390.1092467
0.00072,6.69e-05,1e-05,0.8,0.28,390.1092467
0.00072,6.69e-05,1e-05,0.9,0.28,390.1092467
0.00072,6.69e-05,1e-05,1.0,0.28,390.1092467
0.00076,0.0,0.0,0.0,0.24,317.1023512
0.00076,0.0,0.0,0.1,0.24,390.0909317
0.00076,0.0,0.0,0.2,0.24,390.0909317
0.00076,0.0,0.0,0.3,0.24,390.0909317
0.00076,0.0,0.0,0.4,0.24,390.0909317
0.00076,0.0,0.0,0.5,0.24,390.0909317
0.00076,0.0,0.0,0.6,0.24,390.0909317
0.00076,0.0,0.0,0.7,0.24,390.0909317
0.00076,0.0,0.0,0.8,0.24,390.0909317
0.00076,0.0,0.0,0.9,0.24,390.0909317
0.00076,0.0,0.0,1.0,0.24,390.0909317
0.00076,0.0,1e-05,0.0,0.24,317.1023512
0.00076,0.0,1e-05,0.1,0.24,390.0909317
0.00076,0.0,1e-05,0.2,0.24,390.0909317
0.00076,0.0,1e-05,0.3,0.24,390.0909317
0.00076,0.0,1e-05,0.4,0.24,390.0909317
0.00076,0.0,1e-05,0.5,0.24,390.0909317
0.00076,0.0,1e-05,0.6,0.24,390.0909317
0.00076,0.0,1e-05,0.7,0.24,390.0909317
0.00076,0.0,1e-05,0.8,0.24,390.0909317
0.00076,0.0,1e-05,0.9,0.24,390.0909317
0.00076,0.0,1e-05,1.0,0.24,390.0909317
0.00075,1.73e-05,0.0,0.0,0.25,317.1039375
0.00075,1.73e-05,0.0,0.1,0.25,390.0996014
0.00075,1.73e-05,0.0,0.2,0.25,390.0996014
0.00075,1.73e-05,0.0,0.3,0.25,390.0996014
0.00075,1.73e-05,0.0,0.4,0.25,390.0996014
0.00075,1.73e-05,0.0,0.5,0.25,390.0996014
0.00075,1.73e-05,0.0,0.6,0.25,390.0996014
0.00075,1.73e-05,0.0,0.7,0.25,390.0996014
0.00075,1.73e-05,0.0,0.8,0.25,390.0996014
0.00075,1.73e-05,0.0,0.9,0.25,390.0996014
0.00075,1.73e-05,0.0,1.0,0.25,390.0996014
0.00075,1.73e-05,1e-05,0.0,0.25,317.1039375
0.00075,1.73e-05,1e-05,0.1,0.25,390.0996014
0.00075,1.73e-05,1e-05,0.2,0.25,390.0996014
0.00075,1.73e-05,1e-05,0.3,0.25,390.0996014
0.00075,1.73e-05,1e-05,0.4,0.25,390.0996014
0.00075,1.73e-05,1e-05,0.5,0.25,390.0996014
0.00075,1.73e-05,1e-05,0.6,0.25,390.0996014
0.00075,1.73e-05,1e-05,0.7,0.25,390.0996014
0.00075,1.73e-05,1e-05,0.8,0.25,390.0996014
0.00075,1.73e-05,1e-05,0.9,0.25,390.0996014
0.00075,1.73e-05,1e-05,1.0,0.25,390.0996014
0.00074,3.46e-05,0.0,0.0,0.26,317.1049943
0.00074,3.46e-05,0.0,0.1,0.26,390.1054792
0.00074,3.46e-05,0.0,0.2,0.26,390.1054792
0.00074,3.46e-05,0.0,0.3,0.26,390.1054792
0.00074,3.46e-05,0.0,0.4,0.26,390.1054792
0.00074,3.46e-05,0.0,0.5,0.26,390.1054792
0.00074,3.46e-05,0.0,0.6,0.26,390.1054792
0.00074,3.46e-05,0.0,0.7,0.26,390.1054792
0.00074,3.46e-05,0.0,0.8,0.26,390.1054792
0.00074,3.46e-05,0.0,0.9,0.26,390.1054792
0.00074,3.46e-05,0.0,1.0,0.26,390.1054792
0.00073,5.1e-05,0.0,0.0,0.27,317.1055254
0.00073,5.1e-05,0.0,0.1,0.27,390.1085789
0.00073,5.1e-05,0.0,0.2,0.27,390.1085789
0.00073,5.1e-05,0.0,0.3,0.27,390.1085789
0.00073,5.1e-05,0.0,0.4,0.27,390.1085789
0.00073,5.1e-05,0.0,0.5,0.27,390.1085789
0.00073,5.1e-05,0.0,0.6,0.27,390.1085789
0.00073,5.1e-05,0.0,0.7,0.27,390.1085789
0.00073,5.1e-05,0.0,0.8,0.27,390.1085789
0.00073,5.1e-05,0.0,0.9,0.27,390.1085789
0.00073,5.1e-05,0.0,1.0,0.27,390.1085789
0.00073,5.1e-05,1e-05,0.0,0.27,317.1055254
0.00073,5.1e-05,1e-05,0.1,0.27,390.1085789
0.00073,5.1e-05,1e-05,0.2,0.27,390.1085789
0.00073,5.1e-05,1e-05,0.3,0.27,390.1085789
0.00073,5.1e-05,1e-05,0.4,0.27,390.1085789
0.00073,5.1e-05,1e-05,0.5,0.27,390.1085789
0.00073,5.1e-05,1e-05,0.6,0.27,390.1085789
0.00073,5.1e-05,1e-05,0.7,0.27,390.1085789
0.00073,5.1e-05,1e-05,0.8,0.27,390.1085789
0.00073,5.1e-05,1e-05,0.9,0.27,390.1085789
0.00073,5.1e-05,1e-05,1.0,0.27,390.1085789
0.00074,3.46e-05,1e-05,0.0,0.26,317.1049943
0.00074,3.46e-05,1e-05,0.1,0.26,390.1054792
0.00074,3.46e-05,1e-05,0.2,0.26,390.1054792
0.00074,3.46e-05,1e-05,0.3,0.26,390.1054792
0.00074,3.46e-05,1e-05,0.4,0.26,390.1054792
0.00074,3.46e-05,1e-05,0.5,0.26,390.1054792
0.00074,3.46e-05,1e-05,0.6,0.26,390.1054792
0.00074,3.46e-05,1e-05,0.7,0.26,390.1054792
0.00074,3.46e-05,1e-05,0.8,0.26,390.1054792
0.00074,3.46e-05,1e-05,0.9,0.26,390.1054792
0.00074,3.46e-05,1e-05,1.0,0.26,390.1054792
0.00072,0.0001,1e-05,0.0,0.28,317.103706
0.00072,0.0001,1e-05,0.1,0.28,390.0992771
0.00072,0.0001,1e-05,0.2,0.28,390.0992771
0.00072,0.0001,1e-05,0.3,0.28,390.0992771
0.00072,0.0001,1e-05,0.4,0.28,390.0992771
0.00072,0.0001,1e-05,0.5,0.28,390.0992771
0.00072,0.0001,1e-05,0.6,0.28,390.0992771
0.00072,0.0001,1e-05,0.7,0.28,390.0992771
0.00072,0.0001,1e-05,0.8,0.28,390.0992771
0.00072,0.0001,1e-05,0.9,0.28,390.0992771
0.00072,0.0001,1e-05,1.0,0.28,390.0992771
0.00073,8.27e-05,0.0,0.0,0.27,317.1046148
0.00073,8.27e-05,0.0,0.1,0.27,390.1037742
0.00073,8.27e-05,0.0,0.2,0.27,390.1037742
0.00073,8.27e-05,0.0,0.3,0.27,390.1037742
0.00073,8.27e-05,0.0,0.4,0.27,390.1037742
0.00073,8.27e-05,0.0,0.5,0.27,390.1037742
0.00073,8.27e-05,0.0,0.6,0.27,390.1037742
0.00073,8.27e-05,0.0,0.7,0.27,390.1037742
0.00073,8.27e-05,0.0,0.8,0.27,390.1037742
0.00073,8.27e-05,0.0,0.9,0.27,390.1037742
0.00073,8.27e-05,0.0,1.0,0.27,390.1037742
0.00073,8.27e-05,1e-05,0.0,0.27,317.1046147
0.00073,8.27e-05,1e-05,0.1,0.27,390.1037742
0.00073,8.27e-05,1e-05,0.2,0.27,390.1037742
0.00073,8.27e-05,1e-05,0.3,0.27,390.1037742
0.00073,8.27e-05,1e-05,0.4,0.27,390.1037742
0.00073,8.27e-05,1e-05,0.5,0.27,390.1037742
0.00073,8.27e-05,1e-05,0.6,0.27,390.1037742
0.00073,8.27e-05,1e-05,0.7,0.27,390.1037742
0.00073,8.27e-05,1e-05,0.8,0.27,390.1037742
0.00073,8.27e-05,1e-05,0.9,0.27,390.1037742
0.00073,8.27e-05,1e-05,1.0,0.27,390.1037742
0.00074,0.0001,0.0,0.0,0.26,317.1030603
0.00074,0.0001,0.0,0.1,0.26,390.0952819
0.00074,0.0001,0.0,0.2,0.26,390.0952819
0.00074,0.0001,0.0,0.3,0.26,390.0952819
0.00074,0.0001,0.0,0.4,0.26,390.0952819
0.00074,0.0001,0.0,0.5,0.26,390.0952819
0.00074,0.0001,0.0,0.6,0.26,390.0952819
0.00074,0.0001,0.0,0.7,0.26,390.0952819
0.00074,0.0001,0.0,0.8,0.26,390.0952819
0.00074,0.0001,0.0,0.9,0.26,390.0952819
0.00074,0.0001,0.0,1.0,0.26,390.0952819
0.00074,6.69e-05,0.0,0.0,0.26,317.1049511
0.00074,6.69e-05,0.0,0.1,0.26,390.1052511
0.00074,6.69e-05,0.0,0.2,0.26,390.1052511
0.00074,6.69e-05,0.0,0.3,0.26,390.1052511
0.00074,6.69e-05,0.0,0.4,0.26,390.1052511
0.00074,6.69e-05,0.0,0.5,0.26,390.1052511
0.00074,6.69e-05,0.0,0.6,0.26,390.1052511
0.00074,6.69e-05,0.0,0.7,0.26,390.1052511
0.00074,6.69e-05,0.0,0.8,0.26,390.1052511
0.00074,6.69e-05,0.0,0.9,0.26,390.1052511
0.00074,6.69e-05,0.0,1.0,0.26,390.1052511
0.00074,6.69e-05,1e-05,0.0,0.26,317.1049511
0.00074,6.69e-05,1e-05,0.1,0.26,390.1052511
0.00074,6.69e-05,1e-05,0.2,0.26,390.1052511
0.00074,6.69e-05,1e-05,0.3,0.26,390.1052511
0.00074,6.69e-05,1e-05,0.4,0.26,390.1052511
0.00074,6.69e-05,1e-05,0.5,0.26,390.1052511
0.00074,6.69e-05,1e-05,0.6,0.26,390.1052511
0.00074,6.69e-05,1e-05,0.7,0.26,390.1052511
0.00074,6.69e-05,1e-05,0.8,0.26,390.1052511
0.00074,6.69e-05,1e-05,0.9,0.26,390.1052511
0.00074,6.69e-05,1e-05,1.0,0.26,390.1052511
0.00078,0.0,0.0,0.0,0.22,317.1015769
0.00078,0.0,0.0,0.1,0.22,390.0862246
0.00078,0.0,0.0,0.2,0.22,390.0862246
0.00078,0.0,0.0,0.3,0.22,390.0862246
0.00078,0.0,0.0,0.4,0.22,390.0862246
0.00078,0.0,0.0,0.5,0.22,390.0862246
0.00078,0.0,0.0,0.6,0.22,390.0862246
0.00078,0.0,0.0,0.7,0.22,390.0862246
0.00078,0.0,0.0,0.8,0.22,390.0862246
0.00078,0.0,0.0,0.9,0.22,390.0862246
0.00078,0.0,0.0,1.0,0.22,390.0862246
0.00078,0.0,1e-05,0.0,0.22,317.101577
0.00078,0.0,1e-05,0.1,0.22,390.0862246
0.00078,0.0,1e-05,0.2,0.22,390.0862246
0.00078,0.0,1e-05,0.3,0.22,390.0862246
0.00078,0.0,1e-05,0.4,0.22,390.0862246
0.00078,0.0,1e-05,0.5,0.22,390.0862246
0.00078,0.0,1e-05,0.6,0.22,390.0862246
0.00078,0.0,1e-05,0.7,0.22,390.0862246
0.00078,0.0,1e-05,0.8,0.22,390.0862246
0.00078,0.0,1e-05,0.9,0.22,390.0862246
0.00078,0.0,1e-05,1.0,0.22,390.0862246
0.00077,1.73e-05,1e-05,0.0,0.23,317.103196
0.00077,1.73e-05,1e-05,0.1,0.23,390.0950727
0.00077,1.73e-05,1e-05,0.2,0.23,390.0950727
0.00077,1.73e-05,1e-05,0.3,0.23,390.0950727
0.00077,1.73e-05,1e-05,0.4,0.23,390.0950727
0.00077,1.73e-05,1e-05,0.5,0.23,390.0950727
0.00077,1.73e-05,1e-05,0.6,0.23,390.0950727
0.00077,1.73e-05,1e-05,0.7,0.23,390.0950727
0.00077,1.73e-05,1e-05,0.8,0.23,390.0950727
0.00077,1.73e-05,1e-05,0.9,0.23,390.0950727
0.00077,1.73e-05,1e-05,1.0,0.23,390.0950727
0.00077,1.73e-05,0.0,0.0,0.23,317.1031961
0.00077,1.73e-05,0.0,0.1,0.23,390.0950727
0.00077,1.73e-05,0.0,0.2,0.23,390.0950727
0.00077,1.73e-05,0.0,0.3,0.23,390.0950727
0.00077,1.73e-05,0.0,0.4,0.23,390.0950727
0.00077,1.73e-05,0.0,0.5,0.23,390.0950727
0.00077,1.73e-05,0.0,0.6,0.23,390.0950727
0.00077,1.73e-05,0.0,0.7,0.23,390.0950727
0.00077,1.73e-05,0.0,0.8,0.23,390.0950727
0.00077,1.73e-05,0.0,0.9,0.23,390.0950727
0.00077,1.73e-05,0.0,1.0,0.23,390.0950727
0.00076,3.46e-05,1e-05,0.0,0.24,317.1042852
0.00076,3.46e-05,1e-05,0.1,0.24,390.1011285
0.00076,3.46e-05,1e-05,0.2,0.24,390.1011285
0.00076,3.46e-05,1e-05,0.3,0.24,390.1011285
0.00076,3.46e-05,1e-05,0.4,0.24,390.1011285
0.00076,3.46e-05,1e-05,0.5,0.24,390.1011285
0.00076,3.46e-05,1e-05,0.6,0.24,390.1011285
0.00076,3.46e-05,1e-05,0.7,0.24,390.1011285
0.00076,3.46e-05,1e-05,0.8,0.24,390.1011285
0.00076,3.46e-05,1e-05,0.9,0.24,390.1011285
0.00076,3.46e-05,1e-05,1.0,0.24,390.1011285
0.00076,3.46e-05,0.0,0.0,0.24,317.1042852
0.00076,3.46e-05,0.0,0.1,0.24,390.1011285
0.00076,3.46e-05,0.0,0.2,0.24,390.1011285
0.00076,3.46e-05,0.0,0.3,0.24,390.1011285
0.00076,3.46e-05,0.0,0.4,0.24,390.1011285
0.00076,3.46e-05,0.0,0.5,0.24,390.1011285
0.00076,3.46e-05,0.0,0.6,0.24,390.1011285
0.00076,3.46e-05,0.0,0.7,0.24,390.1011285
0.00076,3.46e-05,0.0,0.8,0.24,390.1011285
0.00076,3.46e-05,0.0,0.9,0.24,390.1011285
0.00076,3.46e-05,0.0,1.0,0.24,390.1011285
0.00075,5.1e-05,0.0,0.0,0.25,317.1048482
0.00075,5.1e-05,0.0,0.1,0.25,390.1044059
0.00075,5.1e-05,0.0,0.2,0.25,390.1044059
0.00075,5.1e-05,0.0,0.3,0.25,390.1044059
0.00075,5.1e-05,0.0,0.4,0.25,390.1044059
0.00075,5.1e-05,0.0,0.5,0.25,390.1044059
0.00075,5.1e-05,0.0,0.6,0.25,390.1044059
0.00075,5.1e-05,0.0,0.7,0.25,390.1044059
0.00075,5.1e-05,0.0,0.8,0.25,390.1044059
0.00075,5.1e-05,0.0,0.9,0.25,390.1044059
0.00075,5.1e-05,0.0,1.0,0.25,390.1044059
0.00075,5.1e-05,1e-05,0.0,0.25,317.1048482
0.00075,5.1e-05,1e-05,0.1,0.25,390.1044059
0.00075,5.1e-05,1e-05,0.2,0.25,390.1044059
0.00075,5.1e-05,1e-05,0.3,0.25,390.1044059
0.00075,5.1e-05,1e-05,0.4,0.25,390.1044059
0.00075,5.1e-05,1e-05,0.5,0.25,390.1044059
0.00075,5.1e-05,1e-05,0.6,0.25,390.1044059
0.00075,5.1e-05,1e-05,0.7,0.25,390.1044059
0.00075,5.1e-05,1e-05,0.8,0.25,390.1044059
0.00075,5.1e-05,1e-05,0.9,0.25,390.1044059
0.00075,5.1e-05,1e-05,1.0,0.25,390.1044059
0.00074,0.0001,1e-05,0.0,0.26,317.1030603
0.00074,0.0001,1e-05,0.1,0.26,390.0952819
0.00074,0.0001,1e-05,0.2,0.26,390.0952819
0.00074,0.0001,1e-05,0.3,0.26,390.0952819
0.00074,0.0001,1e-05,0.4,0.26,390.0952819
0.00074,0.0001,1e-05,0.5,0.26,390.0952819
0.00074,0.0001,1e-05,0.6,0.26,390.0952819
0.00074,0.0001,1e-05,0.7,0.26,390.0952819
0.00074,0.0001,1e-05,0.8,0.26,390.0952819
0.00074,0.0001,1e-05,0.9,0.26,390.0952819
0.00074,0.0001,1e-05,1.0,0.26,390.0952819
0.00075,8.27e-05,0.0,0.0,0.25,317.1039375
0.00075,8.27e-05,0.0,0.1,0.25,390.0996014
0.00075,8.27e-05,0.0,0.2,0.25,390.0996014
0.00075,8.27e-05,0.0,0.3,0.25,390.0996014
0.00075,8.27e-05,0.0,0.4,0.25,390.0996014
0.00075,8.27e-05,0.0,0.5,0.25,390.0996014
0.00075,8.27e-05,0.0,0.6,0.25,390.0996014
0.00075,8.27e-05,0.0,0.7,0.25,390.0996014
0.00075,8.27e-05,0.0,0.8,0.25,390.0996014
0.00075,8.27e-05,0.0,0.9,0.25,390.0996014
0.00075,8.27e-05,0.0,1.0,0.25,390.0996014
0.00075,8.27e-05,1e-05,0.0,0.25,317.1039375
0.00075,8.27e-05,1e-05,0.1,0.25,390.0996014
0.00075,8.27e-05,1e-05,0.2,0.25,390.0996014
0.00075,8.27e-05,1e-05,0.3,0.25,390.0996014
0.00075,8.27e-05,1e-05,0.4,0.25,390.0996014
0.00075,8.27e-05,1e-05,0.5,0.25,390.0996014
0.00075,8.27e-05,1e-05,0.6,0.25,390.0996014
0.00075,8.27e-05,1e-05,0.7,0.25,390.0996014
0.00075,8.27e-05,1e-05,0.8,0.25,390.0996014
0.00075,8.27e-05,1e-05,0.9,0.25,390.0996014
0.00075,8.27e-05,1e-05,1.0,0.25,390.0996014
0.00076,0.0001,0.0,0.0,0.24,317.1023512
0.00076,0.0001,0.0,0.1,0.24,390.0909317
0.00076,0.0001,0.0,0.2,0.24,390.0909317
0.00076,0.0001,0.0,0.3,0.24,390.0909317
0.00076,0.0001,0.0,0.4,0.24,390.0909317
0.00076,0.0001,0.0,0.5,0.24,390.0909317
0.00076,0.0001,0.0,0.6,0.24,390.0909317
0.00076,0.0001,0.0,0.7,0.24,390.0909317
0.00076,0.0001,0.0,0.8,0.24,390.0909317
0.00076,0.0001,0.0,0.9,0.24,390.0909317
0.00076,0.0001,0.0,1.0,0.24,390.0909317
0.00076,6.69e-05,0.0,0.0,0.24,317.104242
0.00076,6.69e-05,0.0,0.1,0.24,390.1009004
0.00076,6.69e-05,0.0,0.2,0.24,390.1009004
0.00076,6.69e-05,0.0,0.3,0.24,390.1009004
0.00076,6.69e-05,0.0,0.4,0.24,390.1009004
0.00076,6.69e-05,0.0,0.5,0.24,390.1009004
0.00076,6.69e-05,0.0,0.6,0.24,390.1009004
0.00076,6.69e-05,0.0,0.7,0.24,390.1009004
0.00076,6.69e-05,0.0,0.8,0.24,390.1009004
0.00076,6.69e-05,0.0,0.9,0.24,390.1009004
0.00076,6.69e-05,0.0,1.0,0.24,390.1009004
0.00076,6.69e-05,1e-05,0.0,0.24,317.104242
0.00076,6.69e-05,1e-05,0.1,0.24,390.1009004
0.00076,6.69e-05,1e-05,0.2,0.24,390.1009004
0.00076,6.69e-05,1e-05,0.3,0.24,390.1009004
0.00076,6.69e-05,1e-05,0.4,0.24,390.1009004
0.00076,6.69e-05,1e-05,0.5,0.24,390.1009004
0.00076,6.69e-05,1e-05,0.6,0.24,390.1009004
0.00076,6.69e-05,1e-05,0.7,0.24,390.1009004
0.00076,6.69e-05,1e-05,0.8,0.24,390.1009004
0.00076,6.69e-05,1e-05,0.9,0.24,390.1009004
0.00076,6.69e-05,1e-05,1.0,0.24,390.1009004
0.00079,1.73e-05,0.0,0.0,0.21,317.1023884
0.00079,1.73e-05,0.0,0.1,0.21,390.090186
0.00079,1.73e-05,0.0,0.2,0.21,390.090186
0.00079,1.73e-05,0.0,0.3,0.21,390.090186
0.00079,1.73e-05,0.0,0.4,0.21,390.090186
0.00079,1.73e-05,0.0,0.5,0.21,390.090186
0.00079,1.73e-05,0.0,0.6,0.21,390.090186
0.00079,1.73e-05,0.0,0.7,0.21,390.090186
0.00079,1.73e-05,0.0,0.8,0.21,390.090186
0.00079,1.73e-05,0.0,0.9,0.21,390.090186
0.00079,1.73e-05,0.0,1.0,0.21,390.090186
0.0008,0.0,1e-05,0.0,0.2,317.1007355
0.0008,0.0,1e-05,0.1,0.2,390.0811584
0.0008,0.0,1e-05,0.2,0.2,390.0811584
0.0008,0.0,1e-05,0.3,0.2,390.0811584
0.0008,0.0,1e-05,0.4,0.2,390.0811584
0.0008,0.0,1e-05,0.5,0.2,390.0811584
0.0008,0.0,1e-05,0.6,0.2,390.0811584
0.0008,0.0,1e-05,0.7,0.2,390.0811584
0.0008,0.0,1e-05,0.8,0.2,390.0811584
0.0008,0.0,1e-05,0.9,0.2,390.0811584
0.0008,0.0,1e-05,1.0,0.2,390.0811584
0.0008,0.0,0.0,0.0,0.2,317.1007355
0.0008,0.0,0.0,0.1,0.2,390.0811584
0.0008,0.0,0.0,0.2,0.2,390.0811584
0.0008,0.0,0.0,0.3,0.2,390.0811584
0.0008,0.0,0.0,0.4,0.2,390.0811584
0.0008,0.0,0.0,0.5,0.2,390.0811584
0.0008,0.0,0.0,0.6,0.2,390.0811584
0.0008,0.0,0.0,0.7,0.2,390.0811584
0.0008,0.0,0.0,0.8,0.2,390.0811584
0.0008,0.0,0.0,0.9,0.2,390.0811584
0.0008,0.0,0.0,1.0,0.2,390.0811584
0.00079,1.73e-05,1e-05,0.0,0.21,317.1023884
0.00079,1.73e-05,1e-05,0.1,0.21,390.090186
0.00079,1.73e-05,1e-05,0.2,0.21,390.090186
0.00079,1.73e-05,1e-05,0.3,0.21,390.090186
0.00079,1.73e-05,1e-05,0.4,0.21,390.090186
0.00079,1.73e-05,1e-05,0.5,0.21,390.090186
0.00079,1.73e-05,1e-05,0.6,0.21,390.090186
0.00079,1.73e-05,1e-05,0.7,0.21,390.090186
0.00079,1.73e-05,1e-05,0.8,0.21,390.090186
0.00079,1.73e-05,1e-05,0.9,0.21,390.090186
0.00079,1.73e-05,1e-05,1.0,0.21,390.090186
0.00078,3.46e-05,0.0,0.0,0.22,317.1035108
0.00078,3.46e-05,0.0,0.1,0.22,390.0964209
0.00078,3.46e-05,0.0,0.2,0.22,390.0964209
0.00078,3.46e-05,0.0,0.3,0.22,390.0964209
0.00078,3.46e-05,0.0,0.4,0.22,390.0964209
0.00078,3.46e-05,0.0,0.5,0.22,390.0964209
0.00078,3.46e-05,0.0,0.6,0.22,390.0964209
0.00078,3.46e-05,0.0,0.7,0.22,390.0964209
0.00078,3.46e-05,0.0,0.8,0.22,390.0964209
0.00078,3.46e-05,0.0,0.9,0.22,390.0964209
0.00078,3.46e-05,0.0,1.0,0.22,390.0964209
0.00078,3.46e-05,1e-05,0.0,0.22,317.1035108
0.00078,3.46e-05,1e-05,0.1,0.22,390.0964209
0.00078,3.46e-05,1e-05,0.2,0.22,390.0964209
0.00078,3.46e-05,1e-05,0.3,0.22,390.0964209
0.00078,3.46e-05,1e-05,0.4,0.22,390.0964209
0.00078,3.46e-05,1e-05,0.5,0.22,390.0964209
0.00078,3.46e-05,1e-05,0.6,0.22,390.0964209
0.00078,3.46e-05,1e-05,0.7,0.22,390.0964209
0.00078,3.46e-05,1e-05,0.8,0.22,390.0964209
0.00078,3.46e-05,1e-05,0.9,0.22,390.0964209
0.00078,3.46e-05,1e-05,1.0,0.22,390.0964209
0.00077,5.1e-05,0.0,0.0,0.23,317.1041066
0.00077,5.1e-05,0.0,0.1,0.23,390.0998769
0.00077,5.1e-05,0.0,0.2,0.23,390.0998769
0.00077,5.1e-05,0.0,0.3,0.23,390.0998769
0.00077,5.1e-05,0.0,0.4,0.23,390.0998769
0.00077,5.1e-05,0.0,0.5,0.23,390.0998769
0.00077,5.1e-05,0.0,0.6,0.23,390.0998769
0.00077,5.1e-05,0.0,0.7,0.23,390.0998769
0.00077,5.1e-05,0.0,0.8,0.23,390.0998769
0.00077,5.1e-05,0.0,0.9,0.23,390.0998769
0.00077,5.1e-05,0.0,1.0,0.23,390.0998769
0.00077,5.1e-05,1e-05,0.0,0.23,317.1041067
0.00077,5.1e-05,1e-05,0.1,0.23,390.0998769
0.00077,5.1e-05,1e-05,0.2,0.23,390.0998769
0.00077,5.1e-05,1e-05,0.3,0.23,390.0998769
0.00077,5.1e-05,1e-05,0.4,0.23,390.0998769
0.00077,5.1e-05,1e-05,0.5,0.23,390.0998769
0.00077,5.1e-05,1e-05,0.6,0.23,390.0998769
0.00077,5.1e-05,1e-05,0.7,0.23,390.0998769
0.00077,5.1e-05,1e-05,0.8,0.23,390.0998769
0.00077,5.1e-05,1e-05,0.9,0.23,390.0998769
0.00077,5.1e-05,1e-05,1.0,0.23,390.0998769
0.00076,0.0001,1e-05,0.0,0.24,317.1023512
0.00076,0.0001,1e-05,0.1,0.24,390.0909317
0.00076,0.0001,1e-05,0.2,0.24,390.0909317
0.00076,0.0001,1e-05,0.3,0.24,390.0909317
0.00076,0.0001,1e-05,0.4,0.24,390.0909317
0.00076,0.0001,1e-05,0.5,0.24,390.0909317
0.00076,0.0001,1e-05,0.6,0.24,390.0909317
0.00076,0.0001,1e-05,0.7,0.24,390.0909317
0.00076,0.0001,1e-05,0.8,0.24,390.0909317
0.00076,0.0001,1e-05,0.9,0.24,390.0909317
0.00076,0.0001,1e-05,1.0,0.24,390.0909317
0.00077,8.27e-05,0.0,0.0,0.23,317.1031961
0.00077,8.27e-05,0.0,0.1,0.23,390.0950727
0.00077,8.27e-05,0.0,0.2,0.23,390.0950727
0.00077,8.27e-05,0.0,0.3,0.23,390.0950727
0.00077,8.27e-05,0.0,0.4,0.23,390.0950727
0.00077,8.27e-05,0.0,0.5,0.23,390.0950727
0.00077,8.27e-05,0.0,0.6,0.23,390.0950727
0.00077,8.27e-05,0.0,0.7,0.23,390.0950727
0.00077,8.27e-05,0.0,0.8,0.23,390.0950727
0.00077,8.27e-05,0.0,0.9,0.23,390.0950727
0.00077,8.27e-05,0.0,1.0,0.23,390.0950727
0.00077,8.27e-05,1e-05,0.0,0.23,317.103196
0.00077,8.27e-05,1e-05,0.1,0.23,390.0950727
0.00077,8.27e-05,1e-05,0.2,0.23,390.0950727
0.00077,8.27e-05,1e-05,0.3,0.23,390.0950727
0.00077,8.27e-05,1e-05,0.4,0.23,390.0950727
0.00077,8.27e-05,1e-05,0.5,0.23,390.0950727
0.00077,8.27e-05,1e-05,0.6,0.23,390.0950727
0.00077,8.27e-05,1e-05,0.7,0.23,390.0950727
0.00077,8.27e-05,1e-05,0.8,0.23,390.0950727
0.00077,8.27e-05,1e-05,0.9,0.23,390.0950727
0.00077,8.27e-05,1e-05,1.0,0.23,390.0950727
0.00078,0.0001,0.0,0.0,0.22,317.1015769
0.00078,0.0001,0.0,0.1,0.22,390.0862246
0.00078,0.0001,0.0,0.2,0.22,390.0862246
0.00078,0.0001,0.0,0.3,0.22,390.0862246
0.00078,0.0001,0.0,0.4,0.22,390.0862246
0.00078,0.0001,0.0,0.5,0.22,390.0862246
0.00078,0.0001,0.0,0.6,0.22,390.0862246
0.00078,0.0001,0.0,0.7,0.22,390.0862246
0.00078,0.0001,0.0,0.8,0.22,390.0862246
0.00078,0.0001,0.0,0.9,0.22,390.0862246
0.00078,0.0001,0.0,1.0,0.22,390.0862246
0.00078,6.69e-05,0.0,0.0,0.22,317.1034676
0.00078,6.69e-05,0.0,0.1,0.22,390.0961927
0.00078,6.69e-05,0.0,0.2,0.22,390.0961927
0.00078,6.69e-05,0.0,0.3,0.22,390.0961927
0.00078,6.69e-05,0.0,0.4,0.22,390.0961927
0.00078,6.69e-05,0.0,0.5,0.22,390.0961927
0.00078,6.69e-05,0.0,0.6,0.22,390.0961927
0.00078,6.69e-05,0.0,0.7,0.22,390.0961927
0.00078,6.69e-05,0.0,0.8,0.22,390.0961927
0.00078,6.69e-05,0.0,0.9,0.22,390.0961927
0.00078,6.69e-05,0.0,1.0,0.22,390.0961927
0.00078,6.69e-05,1e-05,0.0,0.22,317.1034676
0.00078,6.69e-05,1e-05,0.1,0.22,390.0961927
0.00078,6.69e-05,1e-05,0.2,0.22,390.0961927
0.00078,6.69e-05,1e-05,0.3,0.22,390.0961927
0.00078,6.69e-05,1e-05,0.4,0.22,390.0961927
0.00078,6.69e-05,1e-05,0.5,0.22,390.0961927
0.00078,6.69e-05,1e-05,0.6,0.22,390.0961927
0.00078,6.69e-05,1e-05,0.7,0.22,390.0961927
0.00078,6.69e-05,1e-05,0.8,0.22,390.0961927
0.00078,6.69e-05,1e-05,0.9,0.22,390.0961927
0.00078,6.69e-05,1e-05,1.0,0.22,390.0961927
0.0008,3.46e-05,0.0,0.0,0.2,317.1026693
0.0008,3.46e-05,0.0,0.1,0.2,390.0913541
0.0008,3.46e-05,0.0,0.2,0.2,390.0913541
0.0008,3.46e-05,0.0,0.3,0.2,390.0913541
0.0008,3.46e-05,0.0,0.4,0.2,390.0913541
0.0008,3.46e-05,0.0,0.5,0.2,390.0913541
0.0008,3.46e-05,0.0,0.6,0.2,390.0913541
0.0008,3.46e-05,0.0,0.7,0.2,390.0913541
0.0008,3.46e-05,0.0,0.8,0.2,390.0913541
0.0008,3.46e-05,0.0,0.9,0.2,390.0913541
0.0008,3.46e-05,0.0,1.0,0.2,390.0913541
0.00081,1.73e-05,0.0,0.0,0.19,317.1015125
0.00081,1.73e-05,0.0,0.1,0.19,390.0849391
0.00081,1.73e-05,0.0,0.2,0.19,390.0849391
0.00081,1.73e-05,0.0,0.3,0.19,390.0849391
0.00081,1.73e-05,0.0,0.4,0.19,390.0849391
0.00081,1.73e-05,0.0,0.5,0.19,390.0849391
0.00081,1.73e-05,0.0,0.6,0.19,390.0849391
0.00081,1.73e-05,0.0,0.7,0.19,390.0849391
0.00081,1.73e-05,0.0,0.8,0.19,390.0849391
0.00081,1.73e-05,0.0,0.9,0.19,390.0849391
0.00081,1.73e-05,0.0,1.0,0.19,390.0849391
0.00081,1.73e-05,5e-06,0.0,0.19,317.1017263
0.00081,1.73e-05,5e-06,0.1,0.19,390.0860652
0.00081,1.73e-05,5e-06,0.2,0.19,390.0860652
0.00081,1.73e-05,5e-06,0.3,0.19,390.0860652
0.00081,1.73e-05,5e-06,0.4,0.19,390.0860652
0.00081,1.73e-05,5e-06,0.5,0.19,390.0860652
0.00081,1.73e-05,5e-06,0.6,0.19,390.0860652
0.00081,1.73e-05,5e-06,0.7,0.19,390.0860652
0.00081,1.73e-05,5e-06,0.8,0.19,390.0860652
0.00081,1.73e-05,5e-06,0.9,0.19,390.0860652
0.00081,1.73e-05,5e-06,1.0,0.19,390.0860652
0.00082,0.0,0.0,0.0,0.18,317.0998247
0.00082,0.0,0.0,0.1,0.18,390.075731
0.00082,0.0,0.0,0.2,0.18,390.075731
0.00082,0.0,0.0,0.3,0.18,390.075731
0.00082,0.0,0.0,0.4,0.18,390.075731
0.00082,0.0,0.0,0.5,0.18,390.075731
0.00082,0.0,0.0,0.6,0.18,390.075731
0.00082,0.0,0.0,0.7,0.18,390.075731
0.00082,0.0,0.0,0.8,0.18,390.075731
0.00082,0.0,0.0,0.9,0.18,390.075731
0.00082,0.0,0.0,1.0,0.18,390.075731
0.00082,0.0,1e-05,0.0,0.18,317.0998247
0.00082,0.0,1e-05,0.1,0.18,390.075731
0.00082,0.0,1e-05,0.2,0.18,390.075731
0.00082,0.0,1e-05,0.3,0.18,390.075731
0.00082,0.0,1e-05,0.4,0.18,390.075731
0.00082,0.0,1e-05,0.5,0.18,390.075731
0.00082,0.0,1e-05,0.6,0.18,390.075731
0.00082,0.0,1e-05,0.7,0.18,390.075731
0.00082,0.0,1e-05,0.8,0.18,390.075731
0.00082,0.0,1e-05,0.9,0.18,390.075731
0.00082,0.0,1e-05,1.0,0.18,390.075731
0.00081,1.73e-05,1e-05,0.0,0.19,317.1015125
0.00081,1.73e-05,1e-05,0.1,0.19,390.0849391
0.00081,1.73e-05,1e-05,0.2,0.19,390.0849391
0.00081,1.73e-05,1e-05,0.3,0.19,390.0849391
0.00081,1.73e-05,1e-05,0.4,0.19,390.0849391
0.00081,1.73e-05,1e-05,0.5,0.19,390.0849391
0.00081,1.73e-05,1e-05,0.6,0.19,390.0849391
0.00081,1.73e-05,1e-05,0.7,0.19,390.0849391
0.00081,1.73e-05,1e-05,0.8,0.19,390.0849391
0.00081,1.73e-05,1e-05,0.9,0.19,390.0849391
0.00081,1.73e-05,1e-05,1.0,0.19,390.0849391
0.0008,3.46e-05,1e-05,0.0,0.2,317.1026693
0.0008,3.46e-05,1e-05,0.1,0.2,390.0913541
0.0008,3.46e-05,1e-05,0.2,0.2,390.0913541
0.0008,3.46e-05,1e-05,0.3,0.2,390.0913541
0.0008,3.46e-05,1e-05,0.4,0.2,390.0913541
0.0008,3.46e-05,1e-05,0.5,0.2,390.0913541
0.0008,3.46e-05,1e-05,0.6,0.2,390.0913541
0.0008,3.46e-05,1e-05,0.7,0.2,390.0913541
0.0008,3.46e-05,1e-05,0.8,0.2,390.0913541
0.0008,3.46e-05,1e-05,0.9,0.2,390.0913541
0.0008,3.46e-05,1e-05,1.0,0.2,390.0913541
0.00079,5.1e-05,0.0,0.0,0.21,317.1032989
0.00079,5.1e-05,0.0,0.1,0.21,390.0949899
0.00079,5.1e-05,0.0,0.2,0.21,390.0949899
0.00079,5.1e-05,0.0,0.3,0.21,390.0949899
0.00079,5.1e-05,0.0,0.4,0.21,390.0949899
0.00079,5.1e-05,0.0,0.5,0.21,390.0949899
0.00079,5.1e-05,0.0,0.6,0.21,390.0949899
0.00079,5.1e-05,0.0,0.7,0.21,390.0949899
0.00079,5.1e-05,0.0,0.8,0.21,390.0949899
0.00079,5.1e-05,0.0,0.9,0.21,390.0949899
0.00079,5.1e-05,0.0,1.0,0.21,390.0949899
0.00079,5.1e-05,1e-05,0.0,0.21,317.103299
0.00079,5.1e-05,1e-05,0.1,0.21,390.0949899
0.00079,5.1e-05,1e-05,0.2,0.21,390.0949899
0.00079,5.1e-05,1e-05,0.3,0.21,390.0949899
0.00079,5.1e-05,1e-05,0.4,0.21,390.0949899
0.00079,5.1e-05,1e-05,0.5,0.21,390.0949899
0.00079,5.1e-05,1e-05,0.6,0.21,390.0949899
0.00079,5.1e-05,1e-05,0.7,0.21,390.0949899
0.00079,5.1e-05,1e-05,0.8,0.21,390.0949899
0.00079,5.1e-05,1e-05,0.9,0.21,390.0949899
0.00079,5.1e-05,1e-05,1.0,0.21,390.0949899
0.00078,0.0001,1e-05,0.0,0.22,317.101577
0.00078,0.0001,1e-05,0.1,0.22,390.0862246
0.00078,0.0001,1e-05,0.2,0.22,390.0862246
0.00078,0.0001,1e-05,0.3,0.22,390.0862246
0.00078,0.0001,1e-05,0.4,0.22,390.0862246
0.00078,0.0001,1e-05,0.5,0.22,390.0862246
0.00078,0.0001,1e-05,0.6,0.22,390.0862246
0.00078,0.0001,1e-05,0.7,0.22,390.0862246
0.00078,0.0001,1e-05,0.8,0.22,390.0862246
0.00078,0.0001,1e-05,0.9,0.22,390.0862246
0.00078,0.0001,1e-05,1.0,0.22,390.0862246
0.00079,8.27e-05,0.0,0.0,0.21,317.1023884
0.00079,8.27e-05,0.0,0.1,0.21,390.090186
0.00079,8.27e-05,0.0,0.2,0.21,390.090186
0.00079,8.27e-05,0.0,0.3,0.21,390.090186
0.00079,8.27e-05,0.0,0.4,0.21,390.090186
0.00079,8.27e-05,0.0,0.5,0.21,390.090186
0.00079,8.27e-05,0.0,0.6,0.21,390.090186
0.00079,8.27e-05,0.0,0.7,0.21,390.090186
0.00079,8.27e-05,0.0,0.8,0.21,390.090186
0.00079,8.27e-05,0.0,0.9,0.21,390.090186
0.00079,8.27e-05,0.0,1.0,0.21,390.090186
0.00079,8.27e-05,1e-05,0.0,0.21,317.1023884
0.00079,8.27e-05,1e-05,0.1,0.21,390.090186
0.00079,8.27e-05,1e-05,0.2,0.21,390.090186
0.00079,8.27e-05,1e-05,0.3,0.21,390.090186
0.00079,8.27e-05,1e-05,0.4,0.21,390.090186
0.00079,8.27e-05,1e-05,0.5,0.21,390.090186
0.00079,8.27e-05,1e-05,0.6,0.21,390.090186
0.00079,8.27e-05,1e-05,0.7,0.21,390.090186
0.00079,8.27e-05,1e-05,0.8,0.21,390.090186
0.00079,8.27e-05,1e-05,0.9,0.21,390.090186
0.00079,8.27e-05,1e-05,1.0,0.21,390.090186
0.0008,0.0001,0.0,0.0,0.2,317.1007355
0.0008,0.0001,0.0,0.1,0.2,390.0811584
0.0008,0.0001,0.0,0.2,0.2,390.0811584
0.0008,0.0001,0.0,0.3,0.2,390.0811584
0.0008,0.0001,0.0,0.4,0.2,390.0811584
0.0008,0.0001,0.0,0.5,0.2,390.0811584
0.0008,0.0001,0.0,0.6,0.2,390.0811584
0.0008,0.0001,0.0,0.7,0.2,390.0811584
0.0008,0.0001,0.0,0.8,0.2,390.0811584
0.0008,0.0001,0.0,0.9,0.2,390.0811584
0.0008,0.0001,0.0,1.0,0.2,390.0811584
0.0008,6.69e-05,0.0,0.0,0.200000002,317.1026261
0.0008,6.69e-05,0.0,0.1,0.200000002,390.091126
0.0008,6.69e-05,0.0,0.2,0.200000002,390.091126
0.0008,6.69e-05,0.0,0.3,0.200000002,390.091126
0.0008,6.69e-05,0.0,0.4,0.200000002,390.091126
0.0008,6.69e-05,0.0,0.5,0.200000002,390.091126
0.0008,6.69e-05,0.0,0.6,0.200000002,390.091126
0.0008,6.69e-05,0.0,0.7,0.200000002,390.091126
0.0008,6.69e-05,0.0,0.8,0.200000002,390.091126
0.0008,6.69e-05,0.0,0.9,0.200000002,390.091126
0.0008,6.69e-05,0.0,1.0,0.200000002,390.091126
0.0008,6.69e-05,1e-05,0.0,0.200000002,317.1026261
0.0008,6.69e-05,1e-05,0.1,0.200000002,390.091126
0.0008,6.69e-05,1e-05,0.2,0.200000002,390.091126
0.0008,6.69e-05,1e-05,0.3,0.200000002,390.091126
0.0008,6.69e-05,1e-05,0.4,0.200000002,390.091126
0.0008,6.69e-05,1e-05,0.5,0.200000002,390.091126
0.0008,6.69e-05,1e-05,0.6,0.200000002,390.091126
0.0008,6.69e-05,1e-05,0.7,0.200000002,390.091126
0.0008,6.69e-05,1e-05,0.8,0.200000002,390.091126
0.0008,6.69e-05,1e-05,0.9,0.200000002,390.091126
0.0008,6.69e-05,1e-05,1.0,0.200000002,390.091126
0.00083,1.73e-05,0.0,0.0,0.17,317.1005661
0.00083,1.73e-05,0.0,0.1,0.17,390.0793298
0.00083,1.73e-05,0.0,0.2,0.17,390.0793298
0.00083,1.73e-05,0.0,0.3,0.17,390.0793298
0.00083,1.73e-05,0.0,0.4,0.17,390.0793298
0.00083,1.73e-05,0.0,0.5,0.17,390.0793298
0.00083,1.73e-05,0.0,0.6,0.17,390.0793298
0.00083,1.73e-05,0.0,0.7,0.17,390.0793298
0.00083,1.73e-05,0.0,0.8,0.17,390.0793298
0.00083,1.73e-05,0.0,0.9,0.17,390.0793298
0.00083,1.73e-05,0.0,1.0,0.17,390.0793298
0.00084,0.0,0.0,0.0,0.16,317.0988423
0.00084,0.0,0.0,0.1,0.16,390.06994
0.00084,0.0,0.0,0.2,0.16,390.06994
0.00084,0.0,0.0,0.3,0.16,390.06994
0.00084,0.0,0.0,0.4,0.16,390.06994
0.00084,0.0,0.0,0.5,0.16,390.06994
0.00084,0.0,0.0,0.6,0.16,390.06994
0.00084,0.0,0.0,0.7,0.16,390.06994
0.00084,0.0,0.0,0.8,0.16,390.06994
0.00084,0.0,0.0,0.9,0.16,390.06994
0.00084,0.0,0.0,1.0,0.16,390.06994
0.00084,0.0,1e-05,0.0,0.16,317.0988423
0.00084,0.0,1e-05,0.1,0.16,390.06994
0.00084,0.0,1e-05,0.2,0.16,390.06994
0.00084,0.0,1e-05,0.3,0.16,390.06994
0.00084,0.0,1e-05,0.4,0.16,390.06994
0.00084,0.0,1e-05,0.5,0.16,390.06994
0.00084,0.0,1e-05,0.6,0.16,390.06994
0.00084,0.0,1e-05,0.7,0.16,390.06994
0.00084,0.0,1e-05,0.8,0.16,390.06994
0.00084,0.0,1e-05,0.9,0.16,390.06994
0.00084,0.0,1e-05,1.0,0.16,390.06994
0.00083,1.73e-05,1e-05,0.0,0.17,317.1005661
0.00083,1.73e-05,1e-05,0.1,0.17,390.0793298
0.00083,1.73e-05,1e-05,0.2,0.17,390.0793298
0.00083,1.73e-05,1e-05,0.3,0.17,390.0793298
0.00083,1.73e-05,1e-05,0.4,0.17,390.0793298
0.00083,1.73e-05,1e-05,0.5,0.17,390.0793298
0.00083,1.73e-05,1e-05,0.6,0.17,390.0793298
0.00083,1.73e-05,1e-05,0.7,0.17,390.0793298
0.00083,1.73e-05,1e-05,0.8,0.17,390.0793298
0.00083,1.73e-05,1e-05,0.9,0.17,390.0793298
0.00083,1.73e-05,1e-05,1.0,0.17,390.0793298
0.00082,3.46e-05,0.0,0.0,0.18,317.1017584
0.00082,3.46e-05,0.0,0.1,0.18,390.0859261
0.00082,3.46e-05,0.0,0.2,0.18,390.0859261
0.00082,3.46e-05,0.0,0.3,0.18,390.0859261
0.00082,3.46e-05,0.0,0.4,0.18,390.0859261
0.00082,3.46e-05,0.0,0.5,0.18,390.0859261
0.00082,3.46e-05,0.0,0.6,0.18,390.0859261
0.00082,3.46e-05,0.0,0.7,0.18,390.0859261
0.00082,3.46e-05,0.0,0.8,0.18,390.0859261
0.00082,3.46e-05,0.0,0.9,0.18,390.0859261
0.00082,3.46e-05,0.0,1.0,0.18,390.0859261
0.00081,5.1e-05,0.0,0.0,0.190000002,317.102423
0.00081,5.1e-05,0.0,0.1,0.190000002,390.0897428
0.00081,5.1e-05,0.0,0.2,0.190000002,390.0897428
0.00081,5.1e-05,0.0,0.3,0.190000002,390.0897428
0.00081,5.1e-05,0.0,0.4,0.190000002,390.0897428
0.00081,5.1e-05,0.0,0.5,0.190000002,390.0897428
0.00081,5.1e-05,0.0,0.6,0.190000002,390.0897428
0.00081,5.1e-05,0.0,0.7,0.190000002,390.0897428
0.00081,5.1e-05,0.0,0.8,0.190000002,390.0897428
0.00081,5.1e-05,0.0,0.9,0.190000002,390.0897428
0.00081,5.1e-05,0.0,1.0,0.190000002,390.0897428
0.00082,3.46e-05,1e-05,0.0,0.18,317.1017584
0.00082,3.46e-05,1e-05,0.1,0.18,390.0859261
0.00082,3.46e-05,1e-05,0.2,0.18,390.0859261
0.00082,3.46e-05,1e-05,0.3,0.18,390.0859261
0.00082,3.46e-05,1e-05,0.4,0.18,390.0859261
0.00082,3.46e-05,1e-05,0.5,0.18,390.0859261
0.00082,3.46e-05,1e-05,0.6,0.18,390.0859261
0.00082,3.46e-05,1e-05,0.7,0.18,390.0859261
0.00082,3.46e-05,1e-05,0.8,0.18,390.0859261
0.00082,3.46e-05,1e-05,0.9,0.18,390.0859261
0.00082,3.46e-05,1e-05,1.0,0.18,390.0859261
0.00081,5.1e-05,1e-05,0.0,0.190000002,317.102423
0.00081,5.1e-05,1e-05,0.1,0.190000002,390.0897428
0.00081,5.1e-05,1e-05,0.2,0.190000002,390.0897428
0.00081,5.1e-05,1e-05,0.3,0.190000002,390.0897428
0.00081,5.1e-05,1e-05,0.4,0.190000002,390.0897428
0.00081,5.1e-05,1e-05,0.5,0.190000002,390.0897428
0.00081,5.1e-05,1e-05,0.6,0.190000002,390.0897428
0.00081,5.1e-05,1e-05,0.7,0.190000002,390.0897428
0.00081,5.1e-05,1e-05,0.8,0.190000002,390.0897428
0.00081,5.1e-05,1e-05,0.9,0.190000002,390.0897428
0.00081,5.1e-05,1e-05,1.0,0.190000002,390.0897428
0.0008,0.0001,1e-05,0.0,0.2,317.1007355
0.0008,0.0001,1e-05,0.1,0.2,390.0811584
0.0008,0.0001,1e-05,0.2,0.2,390.0811584
0.0008,0.0001,1e-05,0.3,0.2,390.0811584
0.0008,0.0001,1e-05,0.4,0.2,390.0811584
0.0008,0.0001,1e-05,0.5,0.2,390.0811584
0.0008,0.0001,1e-05,0.6,0.2,390.0811584
0.0008,0.0001,1e-05,0.7,0.2,390.0811584
0.0008,0.0001,1e-05,0.8,0.2,390.0811584
0.0008,0.0001,1e-05,0.9,0.2,390.0811584
0.0008,0.0001,1e-05,1.0,0.2,390.0811584
0.00081,8.27e-05,0.0,0.0,0.19,317.1015125
0.00081,8.27e-05,0.0,0.1,0.19,390.0849391
0.00081,8.27e-05,0.0,0.2,0.19,390.0849391
0.00081,8.27e-05,0.0,0.3,0.19,390.0849391
0.00081,8.27e-05,0.0,0.4,0.19,390.0849391
0.00081,8.27e-05,0.0,0.5,0.19,390.0849391
0.00081,8.27e-05,0.0,0.6,0.19,390.0849391
0.00081,8.27e-05,0.0,0.7,0.19,390.0849391
0.00081,8.27e-05,0.0,0.8,0.19,390.0849391
0.00081,8.27e-05,0.0,0.9,0.19,390.0849391
0.00081,8.27e-05,0.0,1.0,0.19,390.0849391
0.00081,8.27e-05,1e-05,0.0,0.19,317.1015125
0.00081,8.27e-05,1e-05,0.1,0.19,390.0849391
0.00081,8.27e-05,1e-05,0.2,0.19,390.0849391
0.00081,8.27e-05,1e-05,0.3,0.19,390.0849391
0.00081,8.27e-05,1e-05,0.4,0.19,390.0849391
0.00081,8.27e-05,1e-05,0.5,0.19,390.0849391
0.00081,8.27e-05,1e-05,0.6,0.19,390.0849391
0.00081,8.27e-05,1e-05,0.7,0.19,390.0849391
0.00081,8.27e-05,1e-05,0.8,0.19,390.0849391
0.00081,8.27e-05,1e-05,0.9,0.19,390.0849391
0.00081,8.27e-05,1e-05,1.0,0.19,390.0849391
0.00082,0.0001,0.0,0.0,0.18,317.0998247
0.00082,0.0001,0.0,0.1,0.18,390.075731
0.00082,0.0001,0.0,0.2,0.18,390.075731
0.00082,0.0001,0.0,0.3,0.18,390.075731
0.00082,0.0001,0.0,0.4,0.18,390.075731
0.00082,0.0001,0.0,0.5,0.18,390.075731
0.00082,0.0001,0.0,0.6,0.18,390.075731
0.00082,0.0001,0.0,0.7,0.18,390.075731
0.00082,0.0001,0.0,0.8,0.18,390.075731
0.00082,0.0001,0.0,0.9,0.18,390.075731
0.00082,0.0001,0.0,1.0,0.18,390.075731
0.00082,6.69e-05,0.0,0.0,0.18000001,317.1017152
0.00082,6.69e-05,0.0,0.1,0.18000001,390.085698
0.00082,6.69e-05,0.0,0.2,0.18000001,390.085698
0.00082,6.69e-05,0.0,0.3,0.18000001,390.085698
0.00082,6.69e-05,0.0,0.4,0.18000001,390.085698
0.00082,6.69e-05,0.0,0.5,0.18000001,390.085698
0.00082,6.69e-05,0.0,0.6,0.18000001,390.085698
0.00082,6.69e-05,0.0,0.7,0.18000001,390.085698
0.00082,6.69e-05,0.0,0.8,0.18000001,390.085698
0.00082,6.69e-05,0.0,0.9,0.18000001,390.085698
0.00082,6.69e-05,0.0,1.0,0.18000001,390.085698
0.00082,6.69e-05,1e-05,0.0,0.18000001,317.1017152
0.00082,6.69e-05,1e-05,0.1,0.18000001,390.085698
0.00082,6.69e-05,1e-05,0.2,0.18000001,390.085698
0.00082,6.69e-05,1e-05,0.3,0.18000001,390.085698
0.00082,6.69e-05,1e-05,0.4,0.18000001,390.085698
0.00082,6.69e-05,1e-05,0.5,0.18000001,390.085698
0.00082,6.69e-05,1e-05,0.6,0.18000001,390.085698
0.00082,6.69e-05,1e-05,0.7,0.18000001,390.085698
0.00082,6.69e-05,1e-05,0.8,0.18000001,390.085698
0.00082,6.69e-05,1e-05,0.9,0.18000001,390.085698
0.00082,6.69e-05,1e-05,1.0,0.18000001,390.085698
0.00085,1.73e-05,0.0,0.0,0.15,317.0995469
0.00085,1.73e-05,0.0,0.1,0.15,390.0733556
0.00085,1.73e-05,0.0,0.2,0.15,390.0733556
0.00085,1.73e-05,0.0,0.3,0.15,390.0733556
0.00085,1.73e-05,0.0,0.4,0.15,390.0733556
0.00085,1.73e-05,0.0,0.5,0.15,390.0733556
0.00085,1.73e-05,0.0,0.6,0.15,390.0733556
0.00085,1.73e-05,0.0,0.7,0.15,390.0733556
0.00085,1.73e-05,0.0,0.8,0.15,390.0733556
0.00085,1.73e-05,0.0,0.9,0.15,390.0733556
0.00085,1.73e-05,0.0,1.0,0.15,390.0733556
0.00085,1.73e-05,5e-06,0.0,0.15,317.0997606
0.00085,1.73e-05,5e-06,0.1,0.15,390.0744815
0.00085,1.73e-05,5e-06,0.2,0.15,390.0744815
0.00085,1.73e-05,5e-06,0.3,0.15,390.0744815
0.00085,1.73e-05,5e-06,0.4,0.15,390.0744815
0.00085,1.73e-05,5e-06,0.5,0.15,390.0744815
0.00085,1.73e-05,5e-06,0.6,0.15,390.0744815
0.00085,1.73e-05,5e-06,0.7,0.15,390.0744815
0.00085,1.73e-05,5e-06,0.8,0.15,390.0744815
0.00085,1.73e-05,5e-06,0.9,0.15,390.0744815
0.00085,1.73e-05,5e-06,1.0,0.15,390.0744815
0.00086,0.0,0.0,0.0,0.14,317.0977857
0.00086,0.0,0.0,0.1,0.14,390.0637829
0.00086,0.0,0.0,0.2,0.14,390.0637829
0.00086,0.0,0.0,0.3,0.14,390.0637829
0.00086,0.0,0.0,0.4,0.14,390.0637829
0.00086,0.0,0.0,0.5,0.14,390.0637829
0.00086,0.0,0.0,0.6,0.14,390.0637829
0.00086,0.0,0.0,0.7,0.14,390.0637829
0.00086,0.0,0.0,0.8,0.14,390.0637829
0.00086,0.0,0.0,0.9,0.14,390.0637829
0.00086,0.0,0.0,1.0,0.14,390.0637829
0.00086,0.0,1e-05,0.0,0.14,317.0977857
0.00086,0.0,1e-05,0.1,0.14,390.0637829
0.00086,0.0,1e-05,0.2,0.14,390.0637829
0.00086,0.0,1e-05,0.3,0.14,390.0637829
0.00086,0.0,1e-05,0.4,0.14,390.0637829
0.00086,0.0,1e-05,0.5,0.14,390.0637829
0.00086,0.0,1e-05,0.6,0.14,390.0637829
0.00086,0.0,1e-05,0.7,0.14,390.0637829
0.00086,0.0,1e-05,0.8,0.14,390.0637829
0.00086,0.0,1e-05,0.9,0.14,390.0637829
0.00086,0.0,1e-05,1.0,0.14,390.0637829
0.00085,1.73e-05,1e-05,0.0,0.15,317.0995469
0.00085,1.73e-05,1e-05,0.1,0.15,390.0733556
0.00085,1.73e-05,1e-05,0.2,0.15,390.0733556
0.00085,1.73e-05,1e-05,0.3,0.15,390.0733556
0.00085,1.73e-05,1e-05,0.4,0.15,390.0733556
0.00085,1.73e-05,1e-05,0.5,0.15,390.0733556
0.00085,1.73e-05,1e-05,0.6,0.15,390.0733556
0.00085,1.73e-05,1e-05,0.7,0.15,390.0733556
0.00085,1.73e-05,1e-05,0.8,0.15,390.0733556
0.00085,1.73e-05,1e-05,0.9,0.15,390.0733556
0.00085,1.73e-05,1e-05,1.0,0.15,390.0733556
0.00084,3.46e-05,0.0,0.0,0.16,317.1007758
0.00084,3.46e-05,0.0,0.1,0.16,390.0801345
0.00084,3.46e-05,0.0,0.2,0.16,390.0801345
0.00084,3.46e-05,0.0,0.3,0.16,390.0801345
0.00084,3.46e-05,0.0,0.4,0.16,390.0801345
0.00084,3.46e-05,0.0,0.5,0.16,390.0801345
0.00084,3.46e-05,0.0,0.6,0.16,390.0801345
0.00084,3.46e-05,0.0,0.7,0.16,390.0801345
0.00084,3.46e-05,0.0,0.8,0.16,390.0801345
0.00084,3.46e-05,0.0,0.9,0.16,390.0801345
0.00084,3.46e-05,0.0,1.0,0.16,390.0801345
0.00084,3.46e-05,1e-05,0.0,0.16,317.1007758
0.00084,3.46e-05,1e-05,0.1,0.16,390.0801345
0.00084,3.46e-05,1e-05,0.2,0.16,390.0801345
0.00084,3.46e-05,1e-05,0.3,0.16,390.0801345
0.00084,3.46e-05,1e-05,0.4,0.16,390.0801345
0.00084,3.46e-05,1e-05,0.5,0.16,390.0801345
0.00084,3.46e-05,1e-05,0.6,0.16,390.0801345
0.00084,3.46e-05,1e-05,0.7,0.16,390.0801345
0.00084,3.46e-05,1e-05,0.8,0.16,390.0801345
0.00084,3.46e-05,1e-05,0.9,0.16,390.0801345
0.00084,3.46e-05,1e-05,1.0,0.16,390.0801345
0.00083,5.1e-05,0.0,0.0,0.170000013,317.1014766
0.00083,5.1e-05,0.0,0.1,0.170000013,390.0841332
0.00083,5.1e-05,0.0,0.2,0.170000013,390.0841332
0.00083,5.1e-05,0.0,0.3,0.170000013,390.0841332
0.00083,5.1e-05,0.0,0.4,0.170000013,390.0841332
0.00083,5.1e-05,0.0,0.5,0.170000013,390.0841332
0.00083,5.1e-05,0.0,0.6,0.170000013,390.0841332
0.00083,5.1e-05,0.0,0.7,0.170000013,390.0841332
0.00083,5.1e-05,0.0,0.8,0.170000013,390.0841332
0.00083,5.1e-05,0.0,0.9,0.170000013,390.0841332
0.00083,5.1e-05,0.0,1.0,0.170000013,390.0841332
0.00083,5.1e-05,1e-05,0.0,0.170000013,317.1014766
0.00083,5.1e-05,1e-05,0.1,0.170000013,390.0841332
0.00083,5.1e-05,1e-05,0.2,0.170000013,390.0841332
0.00083,5.1e-05,1e-05,0.3,0.170000013,390.0841332
0.00083,5.1e-05,1e-05,0.4,0.170000013,390.0841332
0.00083,5.1e-05,1e-05,0.5,0.170000013,390.0841332
0.00083,5.1e-05,1e-05,0.6,0.170000013,390.0841332
0.00083,5.1e-05,1e-05,0.7,0.170000013,390.0841332
0.00083,5.1e-05,1e-05,0.8,0.170000013,390.0841332
0.00083,5.1e-05,1e-05,0.9,0.170000013,390.0841332
0.00083,5.1e-05,1e-05,1.0,0.170000013,390.0841332
0.00082,0.0001,1e-05,0.0,0.18,317.0998247
0.00082,0.0001,1e-05,0.1,0.18,390.075731
0.00082,0.0001,1e-05,0.2,0.18,390.075731
0.00082,0.0001,1e-05,0.3,0.18,390.075731
0.00082,0.0001,1e-05,0.4,0.18,390.075731
0.00082,0.0001,1e-05,0.5,0.18,390.075731
0.00082,0.0001,1e-05,0.6,0.18,390.075731
0.00082,0.0001,1e-05,0.7,0.18,390.075731
0.00082,0.0001,1e-05,0.8,0.18,390.075731
0.00082,0.0001,1e-05,0.9,0.18,390.075731
0.00082,0.0001,1e-05,1.0,0.18,390.075731
0.00083,8.27e-05,0.0,0.0,0.17,317.1005661
0.00083,8.27e-05,0.0,0.1,0.17,390.0793298
0.00083,8.27e-05,0.0,0.2,0.17,390.0793298
0.00083,8.27e-05,0.0,0.3,0.17,390.0793298
0.00083,8.27e-05,0.0,0.4,0.17,390.0793298
0.00083,8.27e-05,0.0,0.5,0.17,390.0793298
0.00083,8.27e-05,0.0,0.6,0.17,390.0793298
0.00083,8.27e-05,0.0,0.7,0.17,390.0793298
0.00083,8.27e-05,0.0,0.8,0.17,390.0793298
0.00083,8.27e-05,0.0,0.9,0.17,390.0793298
0.00083,8.27e-05,0.0,1.0,0.17,390.0793298
0.00083,8.27e-05,1e-05,0.0,0.17,317.1005661
0.00083,8.27e-05,1e-05,0.1,0.17,390.0793298
0.00083,8.27e-05,1e-05,0.2,0.17,390.0793298
0.00083,8.27e-05,1e-05,0.3,0.17,390.0793298
0.00083,8.27e-05,1e-05,0.4,0.17,390.0793298
0.00083,8.27e-05,1e-05,0.5,0.17,390.0793298
0.00083,8.27e-05,1e-05,0.6,0.17,390.0793298
0.00083,8.27e-05,1e-05,0.7,0.17,390.0793298
0.00083,8.27e-05,1e-05,0.8,0.17,390.0793298
0.00083,8.27e-05,1e-05,0.9,0.17,390.0793298
0.00083,8.27e-05,1e-05,1.0,0.17,390.0793298
0.00084,0.0001,0.0,0.0,0.16,317.0988423
0.00084,0.0001,0.0,0.1,0.16,390.06994
0.00084,0.0001,0.0,0.2,0.16,390.06994
0.00084,0.0001,0.0,0.3,0.16,390.06994
0.00084,0.0001,0.0,0.4,0.16,390.06994
0.00084,0.0001,0.0,0.5,0.16,390.06994
0.00084,0.0001,0.0,0.6,0.16,390.06994
0.00084,0.0001,0.0,0.7,0.16,390.06994
0.00084,0.0001,0.0,0.8,0.16,390.06994
0.00084,0.0001,0.0,0.9,0.16,390.06994
0.00084,0.0001,0.0,1.0,0.16,390.06994
0.00084,6.69e-05,0.0,0.0,0.160000063,317.1007326
0.00084,6.69e-05,0.0,0.1,0.160000063,390.0799064
0.00084,6.69e-05,0.0,0.2,0.160000063,390.0799064
0.00084,6.69e-05,0.0,0.3,0.160000063,390.0799064
0.00084,6.69e-05,0.0,0.4,0.160000063,390.0799064
0.00084,6.69e-05,0.0,0.5,0.160000063,390.0799064
0.00084,6.69e-05,0.0,0.6,0.160000063,390.0799064
0.00084,6.69e-05,0.0,0.7,0.160000063,390.0799064
0.00084,6.69e-05,0.0,0.8,0.160000063,390.0799064
0.00084,6.69e-05,0.0,0.9,0.160000063,390.0799064
0.00084,6.69e-05,0.0,1.0,0.160000063,390.0799064
0.00084,6.69e-05,1e-05,0.0,0.160000063,317.1007326
0.00084,6.69e-05,1e-05,0.1,0.160000063,390.0799064
0.00084,6.69e-05,1e-05,0.2,0.160000063,390.0799064
0.00084,6.69e-05,1e-05,0.3,0.160000063,390.0799064
0.00084,6.69e-05,1e-05,0.4,0.160000063,390.0799064
0.00084,6.69e-05,1e-05,0.5,0.160000063,390.0799064
0.00084,6.69e-05,1e-05,0.6,0.160000063,390.0799064
0.00084,6.69e-05,1e-05,0.7,0.160000063,390.0799064
0.00084,6.69e-05,1e-05,0.8,0.160000063,390.0799064
0.00084,6.69e-05,1e-05,0.9,0.160000063,390.0799064
0.00084,6.69e-05,1e-05,1.0,0.160000063,390.0799064
0.00087,1.73e-05,0.0,0.0,0.13,317.0984522
0.00087,1.73e-05,0.0,0.1,0.13,390.0670139
0.00087,1.73e-05,0.0,0.2,0.13,390.0670139
0.00087,1.73e-05,0.0,0.3,0.13,390.0670139
0.00087,1.73e-05,0.0,0.4,0.13,390.0670139
0.00087,1.73e-05,0.0,0.5,0.13,390.0670139
0.00087,1.73e-05,0.0,0.6,0.13,390.0670139
0.00087,1.73e-05,0.0,0.7,0.13,390.0670139
0.00087,1.73e-05,0.0,0.8,0.13,390.0670139
0.00087,1.73e-05,0.0,0.9,0.13,390.0670139
0.00087,1.73e-05,0.0,1.0,0.13,390.0670139
0.00086,3.46e-05,0.0,0.0,0.14,317.0997192
0.00086,3.46e-05,0.0,0.1,0.14,390.0739766
0.00086,3.46e-05,0.0,0.2,0.14,390.0739766
0.00086,3.46e-05,0.0,0.3,0.14,390.0739766
0.00086,3.46e-05,0.0,0.4,0.14,390.0739766
0.00086,3.46e-05,0.0,0.5,0.14,390.0739766
0.00086,3.46e-05,0.0,0.6,0.14,390.0739766
0.00086,3.46e-05,0.0,0.7,0.14,390.0739766
0.00086,3.46e-05,0.0,0.8,0.14,390.0739766
0.00086,3.46e-05,0.0,0.9,0.14,390.0739766
0.00086,3.46e-05,0.0,1.0,0.14,390.0739766
0.00088,0.0,0.0,0.0,0.12,317.0966524
0.00088,0.0,0.0,0.1,0.12,390.0572568
0.00088,0.0,0.0,0.2,0.12,390.0572568
0.00088,0.0,0.0,0.3,0.12,390.0572568
0.00088,0.0,0.0,0.4,0.12,390.0572568
0.00088,0.0,0.0,0.5,0.12,390.0572568
0.00088,0.0,0.0,0.6,0.12,390.0572568
0.00088,0.0,0.0,0.7,0.12,390.0572568
0.00088,0.0,0.0,0.8,0.12,390.0572568
0.00088,0.0,0.0,0.9,0.12,390.0572568
0.00088,0.0,0.0,1.0,0.12,390.0572568
0.00088,0.0,1e-05,0.0,0.12,317.0966524
0.00088,0.0,1e-05,0.1,0.12,390.0572568
0.00088,0.0,1e-05,0.2,0.12,390.0572568
0.00088,0.0,1e-05,0.3,0.12,390.0572568
0.00088,0.0,1e-05,0.4,0.12,390.0572568
0.00088,0.0,1e-05,0.5,0.12,390.0572568
0.00088,0.0,1e-05,0.6,0.12,390.0572568
0.00088,0.0,1e-05,0.7,0.12,390.0572568
0.00088,0.0,1e-05,0.8,0.12,390.0572568
0.00088,0.0,1e-05,0.9,0.12,390.0572568
0.00088,0.0,1e-05,1.0,0.12,390.0572568
0.00087,1.73e-05,1e-05,0.0,0.13,317.0984522
0.00087,1.73e-05,1e-05,0.1,0.13,390.0670139
0.00087,1.73e-05,1e-05,0.2,0.13,390.0670139
0.00087,1.73e-05,1e-05,0.3,0.13,390.0670139
0.00087,1.73e-05,1e-05,0.4,0.13,390.0670139
0.00087,1.73e-05,1e-05,0.5,0.13,390.0670139
0.00087,1.73e-05,1e-05,0.6,0.13,390.0670139
0.00087,1.73e-05,1e-05,0.7,0.13,390.0670139
0.00087,1.73e-05,1e-05,0.8,0.13,390.0670139
0.00087,1.73e-05,1e-05,0.9,0.13,390.0670139
0.00087,1.73e-05,1e-05,1.0,0.13,390.0670139
0.00086,3.46e-05,1e-05,0.0,0.14,317.0997192
0.00086,3.46e-05,1e-05,0.1,0.14,390.0739766
0.00086,3.46e-05,1e-05,0.2,0.14,390.0739766
0.00086,3.46e-05,1e-05,0.3,0.14,390.0739766
0.00086,3.46e-05,1e-05,0.4,0.14,390.0739766
0.00086,3.46e-05,1e-05,0.5,0.14,390.0739766
0.00086,3.46e-05,1e-05,0.6,0.14,390.0739766
0.00086,3.46e-05,1e-05,0.7,0.14,390.0739766
0.00086,3.46e-05,1e-05,0.8,0.14,390.0739766
0.00086,3.46e-05,1e-05,0.9,0.14,390.0739766
0.00086,3.46e-05,1e-05,1.0,0.14,390.0739766
0.00085,5.1e-05,0.0,0.0,0.150000075,317.1004573
0.00085,5.1e-05,0.0,0.1,0.150000075,390.0781587
0.00085,5.1e-05,0.0,0.2,0.150000075,390.0781587
0.00085,5.1e-05,0.0,0.3,0.150000075,390.0781587
0.00085,5.1e-05,0.0,0.4,0.150000075,390.0781587
0.00085,5.1e-05,0.0,0.5,0.150000075,390.0781587
0.00085,5.1e-05,0.0,0.6,0.150000075,390.0781587
0.00085,5.1e-05,0.0,0.7,0.150000075,390.0781587
0.00085,5.1e-05,0.0,0.8,0.150000075,390.0781587
0.00085,5.1e-05,0.0,0.9,0.150000075,390.0781587
0.00085,5.1e-05,0.0,1.0,0.150000075,390.0781587
0.00085,5.1e-05,1e-05,0.0,0.150000076,317.1004573
0.00085,5.1e-05,1e-05,0.1,0.150000076,390.0781587
0.00085,5.1e-05,1e-05,0.2,0.150000076,390.0781587
0.00085,5.1e-05,1e-05,0.3,0.150000076,390.0781587
0.00085,5.1e-05,1e-05,0.4,0.150000076,390.0781587
0.00085,5.1e-05,1e-05,0.5,0.150000076,390.0781587
0.00085,5.1e-05,1e-05,0.6,0.150000076,390.0781587
0.00085,5.1e-05,1e-05,0.7,0.150000076,390.0781587
0.00085,5.1e-05,1e-05,0.8,0.150000076,390.0781587
0.00085,5.1e-05,1e-05,0.9,0.150000076,390.0781587
0.00085,5.1e-05,1e-05,1.0,0.150000076,390.0781587
0.00084,0.0001,1e-05,0.0,0.16,317.0988423
0.00084,0.0001,1e-05,0.1,0.16,390.06994
0.00084,0.0001,1e-05,0.2,0.16,390.06994
0.00084,0.0001,1e-05,0.3,0.16,390.06994
0.00084,0.0001,1e-05,0.4,0.16,390.06994
0.00084,0.0001,1e-05,0.5,0.16,390.06994
0.00084,0.0001,1e-05,0.6,0.16,390.06994
0.00084,0.0001,1e-05,0.7,0.16,390.06994
0.00084,0.0001,1e-05,0.8,0.16,390.06994
0.00084,0.0001,1e-05,0.9,0.16,390.06994
0.00084,0.0001,1e-05,1.0,0.16,390.06994
0.00085,8.27e-05,0.0,0.0,0.15,317.0995469
0.00085,8.27e-05,0.0,0.1,0.15,390.0733556
0.00085,8.27e-05,0.0,0.2,0.15,390.0733556
0.00085,8.27e-05,0.0,0.3,0.15,390.0733556
0.00085,8.27e-05,0.0,0.4,0.15,390.0733556
0.00085,8.27e-05,0.0,0.5,0.15,390.0733556
0.00085,8.27e-05,0.0,0.6,0.15,390.0733556
0.00085,8.27e-05,0.0,0.7,0.15,390.0733556
0.00085,8.27e-05,0.0,0.8,0.15,390.0733556
0.00085,8.27e-05,0.0,0.9,0.15,390.0733556
0.00085,8.27e-05,0.0,1.0,0.15,390.0733556
0.00086,0.0001,0.0,0.0,0.14,317.0977857
0.00086,0.0001,0.0,0.1,0.14,390.0637829
0.00086,0.0001,0.0,0.2,0.14,390.0637829
0.00086,0.0001,0.0,0.3,0.14,390.0637829
0.00086,0.0001,0.0,0.4,0.14,390.0637829
0.00086,0.0001,0.0,0.5,0.14,390.0637829
0.00086,0.0001,0.0,0.6,0.14,390.0637829
0.00086,0.0001,0.0,0.7,0.14,390.0637829
0.00086,0.0001,0.0,0.8,0.14,390.0637829
0.00086,0.0001,0.0,0.9,0.14,390.0637829
0.00086,0.0001,0.0,1.0,0.14,390.0637829
0.00085,8.27e-05,1e-05,0.0,0.15,317.0995469
0.00085,8.27e-05,1e-05,0.1,0.15,390.0733556
0.00085,8.27e-05,1e-05,0.2,0.15,390.0733556
0.00085,8.27e-05,1e-05,0.3,0.15,390.0733556
0.00085,8.27e-05,1e-05,0.4,0.15,390.0733556
0.00085,8.27e-05,1e-05,0.5,0.15,390.0733556
0.00085,8.27e-05,1e-05,0.6,0.15,390.0733556
0.00085,8.27e-05,1e-05,0.7,0.15,390.0733556
0.00085,8.27e-05,1e-05,0.8,0.15,390.0733556
0.00085,8.27e-05,1e-05,0.9,0.15,390.0733556
0.00085,8.27e-05,1e-05,1.0,0.15,390.0733556
0.00089,1.73e-05,0.0,0.0,0.11,317.0972793
0.00089,1.73e-05,0.0,0.1,0.11,390.0603018
0.00089,1.73e-05,0.0,0.2,0.11,390.0603018
0.00089,1.73e-05,0.0,0.3,0.11,390.0603018
0.00089,1.73e-05,0.0,0.4,0.11,390.0603018
0.00089,1.73e-05,0.0,0.5,0.11,390.0603018
0.00089,1.73e-05,0.0,0.6,0.11,390.0603018
0.00089,1.73e-05,0.0,0.7,0.11,390.0603018
0.00089,1.73e-05,0.0,0.8,0.11,390.0603018
0.00089,1.73e-05,0.0,0.9,0.11,390.0603018
0.00089,1.73e-05,0.0,1.0,0.11,390.0603018
0.0009,0.0,0.0,0.0,0.1,317.0954394
0.0009,0.0,0.0,0.1,0.1,390.050359
0.0009,0.0,0.0,0.2,0.1,390.050359
0.0009,0.0,0.0,0.3,0.1,390.050359
0.0009,0.0,0.0,0.4,0.1,390.050359
0.0009,0.0,0.0,0.5,0.1,390.050359
0.0009,0.0,0.0,0.6,0.1,390.050359
0.0009,0.0,0.0,0.7,0.1,390.050359
0.0009,0.0,0.0,0.8,0.1,390.050359
0.0009,0.0,0.0,0.9,0.1,390.050359
0.0009,0.0,0.0,1.0,0.1,390.050359
0.0009,0.0,1e-05,0.0,0.1,317.0954394
0.0009,0.0,1e-05,0.1,0.1,390.050359
0.0009,0.0,1e-05,0.2,0.1,390.050359
0.0009,0.0,1e-05,0.3,0.1,390.050359
0.0009,0.0,1e-05,0.4,0.1,390.050359
0.0009,0.0,1e-05,0.5,0.1,390.050359
0.0009,0.0,1e-05,0.6,0.1,390.050359
0.0009,0.0,1e-05,0.7,0.1,390.050359
0.0009,0.0,1e-05,0.8,0.1,390.050359
0.0009,0.0,1e-05,0.9,0.1,390.050359
0.0009,0.0,1e-05,1.0,0.1,390.050359
0.00086,6.69e-05,0.0,0.0,0.140000376,317.0996759
0.00086,6.69e-05,0.0,0.1,0.140000376,390.0737486
0.00086,6.69e-05,0.0,0.2,0.140000376,390.0737486
0.00086,6.69e-05,0.0,0.3,0.140000376,390.0737486
0.00086,6.69e-05,0.0,0.4,0.140000376,390.0737486
0.00086,6.69e-05,0.0,0.5,0.140000376,390.0737486
0.00086,6.69e-05,0.0,0.6,0.140000376,390.0737486
0.00086,6.69e-05,0.0,0.7,0.140000376,390.0737486
0.00086,6.69e-05,0.0,0.8,0.140000376,390.0737486
0.00086,6.69e-05,0.0,0.9,0.140000376,390.0737486
0.00086,6.69e-05,0.0,1.0,0.140000376,390.0737486
0.00086,6.69e-05,1e-05,0.0,0.140000378,317.099676
0.00086,6.69e-05,1e-05,0.1,0.140000378,390.0737486
0.00086,6.69e-05,1e-05,0.2,0.140000378,390.0737486
0.00086,6.69e-05,1e-05,0.3,0.140000378,390.0737486
0.00086,6.69e-05,1e-05,0.4,0.140000378,390.0737486
0.00086,6.69e-05,1e-05,0.5,0.140000378,390.0737486
0.00086,6.69e-05,1e-05,0.6,0.140000378,390.0737486
0.00086,6.69e-05,1e-05,0.7,0.140000378,390.0737486
0.00086,6.69e-05,1e-05,0.8,0.140000378,390.0737486
0.00086,6.69e-05,1e-05,0.9,0.140000378,390.0737486
0.00086,6.69e-05,1e-05,1.0,0.140000378,390.0737486
0.00088,3.46e-05,0.0,0.0,0.12,317.0985857
0.00088,3.46e-05,0.0,0.1,0.12,390.0674498
0.00088,3.46e-05,0.0,0.2,0.12,390.0674498
0.00088,3.46e-05,0.0,0.3,0.12,390.0674498
0.00088,3.46e-05,0.0,0.4,0.12,390.0674498
0.00088,3.46e-05,0.0,0.5,0.12,390.0674498
0.00088,3.46e-05,0.0,0.6,0.12,390.0674498
0.00088,3.46e-05,0.0,0.7,0.12,390.0674498
0.00088,3.46e-05,0.0,0.8,0.12,390.0674498
0.00088,3.46e-05,0.0,0.9,0.12,390.0674498
0.00088,3.46e-05,0.0,1.0,0.12,390.0674498
0.00089,1.73e-05,1e-05,0.0,0.11,317.0972793
0.00089,1.73e-05,1e-05,0.1,0.11,390.0603018
0.00089,1.73e-05,1e-05,0.2,0.11,390.0603018
0.00089,1.73e-05,1e-05,0.3,0.11,390.0603018
0.00089,1.73e-05,1e-05,0.4,0.11,390.0603018
0.00089,1.73e-05,1e-05,0.5,0.11,390.0603018
0.00089,1.73e-05,1e-05,0.6,0.11,390.0603018
0.00089,1.73e-05,1e-05,0.7,0.11,390.0603018
0.00089,1.73e-05,1e-05,0.8,0.11,390.0603018
0.00089,1.73e-05,1e-05,0.9,0.11,390.0603018
0.00089,1.73e-05,1e-05,1.0,0.11,390.0603018
0.00087,5.1e-05,0.0,0.0,0.130000451,317.0993625
0.00087,5.1e-05,0.0,0.1,0.130000451,390.0718168
0.00087,5.1e-05,0.0,0.2,0.130000451,390.0718168
0.00087,5.1e-05,0.0,0.3,0.130000451,390.0718168
0.00087,5.1e-05,0.0,0.4,0.130000451,390.0718168
0.00087,5.1e-05,0.0,0.5,0.130000451,390.0718168
0.00087,5.1e-05,0.0,0.6,0.130000451,390.0718168
0.00087,5.1e-05,0.0,0.7,0.130000451,390.0718168
0.00087,5.1e-05,0.0,0.8,0.130000451,390.0718168
0.00087,5.1e-05,0.0,0.9,0.130000451,390.0718168
0.00087,5.1e-05,0.0,1.0,0.130000451,390.0718168
0.00088,3.46e-05,1e-05,0.0,0.12,317.0985857
0.00088,3.46e-05,1e-05,0.1,0.12,390.0674498
0.00088,3.46e-05,1e-05,0.2,0.12,390.0674498
0.00088,3.46e-05,1e-05,0.3,0.12,390.0674498
0.00088,3.46e-05,1e-05,0.4,0.12,390.0674498
0.00088,3.46e-05,1e-05,0.5,0.12,390.0674498
0.00088,3.46e-05,1e-05,0.6,0.12,390.0674498
0.00088,3.46e-05,1e-05,0.7,0.12,390.0674498
0.00088,3.46e-05,1e-05,0.8,0.12,390.0674498
0.00088,3.46e-05,1e-05,0.9,0.12,390.0674498
0.00088,3.46e-05,1e-05,1.0,0.12,390.0674498
0.00087,5.1e-05,1e-05,0.0,0.130000453,317.0993625
0.00087,5.1e-05,1e-05,0.1,0.130000453,390.0718168
0.00087,5.1e-05,1e-05,0.2,0.130000453,390.0718168
0.00087,5.1e-05,1e-05,0.3,0.130000453,390.0718168
0.00087,5.1e-05,1e-05,0.4,0.130000453,390.0718168
0.00087,5.1e-05,1e-05,0.5,0.130000453,390.0718168
0.00087,5.1e-05,1e-05,0.6,0.130000453,390.0718168
0.00087,5.1e-05,1e-05,0.7,0.130000453,390.0718168
0.00087,5.1e-05,1e-05,0.8,0.130000453,390.0718168
0.00087,5.1e-05,1e-05,0.9,0.130000453,390.0718168
0.00087,5.1e-05,1e-05,1.0,0.130000453,390.0718168
0.00086,0.0001,1e-05,0.0,0.14,317.0977857
0.00086,0.0001,1e-05,0.1,0.14,390.0637828
0.00086,0.0001,1e-05,0.2,0.14,390.0637828
0.00086,0.0001,1e-05,0.3,0.14,390.0637828
0.00086,0.0001,1e-05,0.4,0.14,390.0637828
0.00086,0.0001,1e-05,0.5,0.14,390.0637828
0.00086,0.0001,1e-05,0.6,0.14,390.0637828
0.00086,0.0001,1e-05,0.7,0.14,390.0637828
0.00086,0.0001,1e-05,0.8,0.14,390.0637828
0.00086,0.0001,1e-05,0.9,0.14,390.0637828
0.00086,0.0001,1e-05,1.0,0.14,390.0637828
0.00087,8.27e-05,0.0,0.0,0.13,317.0984522
0.00087,8.27e-05,0.0,0.1,0.13,390.0670139
0.00087,8.27e-05,0.0,0.2,0.13,390.0670139
0.00087,8.27e-05,0.0,0.3,0.13,390.0670139
0.00087,8.27e-05,0.0,0.4,0.13,390.0670139
0.00087,8.27e-05,0.0,0.5,0.13,390.0670139
0.00087,8.27e-05,0.0,0.6,0.13,390.0670139
0.00087,8.27e-05,0.0,0.7,0.13,390.0670139
0.00087,8.27e-05,0.0,0.8,0.13,390.0670139
0.00087,8.27e-05,0.0,0.9,0.13,390.0670139
0.00087,8.27e-05,0.0,1.0,0.13,390.0670139
0.00087,8.31e-05,5e-06,0.0,0.130000377,317.0986407
0.00087,8.31e-05,5e-06,0.1,0.130000377,390.068007
0.00087,8.31e-05,5e-06,0.2,0.130000377,390.068007
0.00087,8.31e-05,5e-06,0.3,0.130000377,390.068007
0.00087,8.31e-05,5e-06,0.4,0.130000377,390.068007
0.00087,8.31e-05,5e-06,0.5,0.130000377,390.068007
0.00087,8.31e-05,5e-06,0.6,0.130000377,390.068007
0.00087,8.31e-05,5e-06,0.7,0.130000377,390.068007
0.00087,8.31e-05,5e-06,0.8,0.130000377,390.068007
0.00087,8.31e-05,5e-06,0.9,0.130000377,390.068007
0.00087,8.31e-05,5e-06,1.0,0.130000377,390.068007
0.00088,0.0001,0.0,0.0,0.12,317.0966524
0.00088,0.0001,0.0,0.1,0.12,390.0572568
0.00088,0.0001,0.0,0.2,0.12,390.0572568
0.00088,0.0001,0.0,0.3,0.12,390.0572568
0.00088,0.0001,0.0,0.4,0.12,390.0572568
0.00088,0.0001,0.0,0.5,0.12,390.0572568
0.00088,0.0001,0.0,0.6,0.12,390.0572568
0.00088,0.0001,0.0,0.7,0.12,390.0572568
0.00088,0.0001,0.0,0.8,0.12,390.0572568
0.00088,0.0001,0.0,0.9,0.12,390.0572568
0.00088,0.0001,0.0,1.0,0.12,390.0572568
0.00087,8.27e-05,1e-05,0.0,0.13,317.0984522
0.00087,8.27e-05,1e-05,0.1,0.13,390.0670139
0.00087,8.27e-05,1e-05,0.2,0.13,390.0670139
0.00087,8.27e-05,1e-05,0.3,0.13,390.0670139
0.00087,8.27e-05,1e-05,0.4,0.13,390.0670139
0.00087,8.27e-05,1e-05,0.5,0.13,390.0670139
0.00087,8.27e-05,1e-05,0.6,0.13,390.0670139
0.00087,8.27e-05,1e-05,0.7,0.13,390.0670139
0.00087,8.27e-05,1e-05,0.8,0.13,390.0670139
0.00087,8.27e-05,1e-05,0.9,0.13,390.0670139
0.00087,8.27e-05,1e-05,1.0,0.13,390.0670139
0.0009,3.46e-05,0.0,0.0,0.1,317.0973726
0.0009,3.46e-05,0.0,0.1,0.1,390.0605512
0.0009,3.46e-05,0.0,0.2,0.1,390.0605512
0.0009,3.46e-05,0.0,0.3,0.1,390.0605512
0.0009,3.46e-05,0.0,0.4,0.1,390.0605512
0.0009,3.46e-05,0.0,0.5,0.1,390.0605512
0.0009,3.46e-05,0.0,0.6,0.1,390.0605512
0.0009,3.46e-05,0.0,0.7,0.1,390.0605512
0.0009,3.46e-05,0.0,0.8,0.1,390.0605512
0.0009,3.46e-05,0.0,0.9,0.1,390.0605512
0.0009,3.46e-05,0.0,1.0,0.1,390.0605512
0.00092,0.0,0.0,0.0,0.08,317.0941439
0.00092,0.0,0.0,0.1,0.08,390.0430863
0.00092,0.0,0.0,0.2,0.08,390.0430863
0.00092,0.0,0.0,0.3,0.08,390.0430863
0.00092,0.0,0.0,0.4,0.08,390.0430863
0.00092,0.0,0.0,0.5,0.08,390.0430863
0.00092,0.0,0.0,0.6,0.08,390.0430863
0.00092,0.0,0.0,0.7,0.08,390.0430863
0.00092,0.0,0.0,0.8,0.08,390.0430863
0.00092,0.0,0.0,0.9,0.08,390.0430863
0.00092,0.0,0.0,1.0,0.08,390.0430863
0.00092,0.0,1e-05,0.0,0.08,317.0941439
0.00092,0.0,1e-05,0.1,0.08,390.0430864
0.00092,0.0,1e-05,0.2,0.08,390.0430864
0.00092,0.0,1e-05,0.3,0.08,390.0430864
0.00092,0.0,1e-05,0.4,0.08,390.0430864
0.00092,0.0,1e-05,0.5,0.08,390.0430864
0.00092,0.0,1e-05,0.6,0.08,390.0430864
0.00092,0.0,1e-05,0.7,0.08,390.0430864
0.00092,0.0,1e-05,0.8,0.08,390.0430864
0.00092,0.0,1e-05,0.9,0.08,390.0430864
0.00092,0.0,1e-05,1.0,0.08,390.0430864
0.00091,1.73e-05,1e-05,0.0,0.09,317.0960254
0.00091,1.73e-05,1e-05,0.1,0.09,390.0532165
0.00091,1.73e-05,1e-05,0.2,0.09,390.0532165
0.00091,1.73e-05,1e-05,0.3,0.09,390.0532165
0.00091,1.73e-05,1e-05,0.4,0.09,390.0532165
0.00091,1.73e-05,1e-05,0.5,0.09,390.0532165
0.00091,1.73e-05,1e-05,0.6,0.09,390.0532165
0.00091,1.73e-05,1e-05,0.7,0.09,390.0532165
0.00091,1.73e-05,1e-05,0.8,0.09,390.0532165
0.00091,1.73e-05,1e-05,0.9,0.09,390.0532165
0.00091,1.73e-05,1e-05,1.0,0.09,390.0532165
0.00091,1.73e-05,0.0,0.0,0.09,317.0960253
0.00091,1.73e-05,0.0,0.1,0.09,390.0532165
0.00091,1.73e-05,0.0,0.2,0.09,390.0532165
0.00091,1.73e-05,0.0,0.3,0.09,390.0532165
0.00091,1.73e-05,0.0,0.4,0.09,390.0532165
0.00091,1.73e-05,0.0,0.5,0.09,390.0532165
0.00091,1.73e-05,0.0,0.6,0.09,390.0532165
0.00091,1.73e-05,0.0,0.7,0.09,390.0532165
0.00091,1.73e-05,0.0,0.8,0.09,390.0532165
0.00091,1.73e-05,0.0,0.9,0.09,390.0532165
0.00091,1.73e-05,0.0,1.0,0.09,390.0532165
0.00088,6.69e-05,0.0,0.0,0.120002255,317.0985426
0.00088,6.69e-05,0.0,0.1,0.120002255,390.0672224
0.00088,6.69e-05,0.0,0.2,0.120002255,390.0672224
0.00088,6.69e-05,0.0,0.3,0.120002255,390.0672224
0.00088,6.69e-05,0.0,0.4,0.120002255,390.0672224
0.00088,6.69e-05,0.0,0.5,0.120002255,390.0672224
0.00088,6.69e-05,0.0,0.6,0.120002255,390.0672224
0.00088,6.69e-05,0.0,0.7,0.120002255,390.0672224
0.00088,6.69e-05,0.0,0.8,0.120002255,390.0672224
0.00088,6.69e-05,0.0,0.9,0.120002255,390.0672224
0.00088,6.69e-05,0.0,1.0,0.120002255,390.0672224
0.00088,6.69e-05,1e-05,0.0,0.120002266,317.0985426
0.00088,6.69e-05,1e-05,0.1,0.120002266,390.0672224
0.00088,6.69e-05,1e-05,0.2,0.120002266,390.0672224
0.00088,6.69e-05,1e-05,0.3,0.120002266,390.0672224
0.00088,6.69e-05,1e-05,0.4,0.120002266,390.0672224
0.00088,6.69e-05,1e-05,0.5,0.120002266,390.0672224
0.00088,6.69e-05,1e-05,0.6,0.120002266,390.0672224
0.00088,6.69e-05,1e-05,0.7,0.120002266,390.0672224
0.00088,6.69e-05,1e-05,0.8,0.120002266,390.0672224
0.00088,6.69e-05,1e-05,0.9,0.120002266,390.0672224
0.00088,6.69e-05,1e-05,1.0,0.120002266,390.0672224
0.00089,5.1e-05,0.0,0.0,0.110002706,317.0981897
0.00089,5.1e-05,0.0,0.1,0.110002706,390.0651051
0.00089,5.1e-05,0.0,0.2,0.110002706,390.0651051
0.00089,5.1e-05,0.0,0.3,0.110002706,390.0651051
0.00089,5.1e-05,0.0,0.4,0.110002706,390.0651051
0.00089,5.1e-05,0.0,0.5,0.110002706,390.0651051
0.00089,5.1e-05,0.0,0.6,0.110002706,390.0651051
0.00089,5.1e-05,0.0,0.7,0.110002706,390.0651051
0.00089,5.1e-05,0.0,0.8,0.110002706,390.0651051
0.00089,5.1e-05,0.0,0.9,0.110002706,390.0651051
0.00089,5.1e-05,0.0,1.0,0.110002706,390.0651051
0.0009,3.46e-05,1e-05,0.0,0.1,317.0973726
0.0009,3.46e-05,1e-05,0.1,0.1,390.0605512
0.0009,3.46e-05,1e-05,0.2,0.1,390.0605512
0.0009,3.46e-05,1e-05,0.3,0.1,390.0605512
0.0009,3.46e-05,1e-05,0.4,0.1,390.0605512
0.0009,3.46e-05,1e-05,0.5,0.1,390.0605512
0.0009,3.46e-05,1e-05,0.6,0.1,390.0605512
0.0009,3.46e-05,1e-05,0.7,0.1,390.0605512
0.0009,3.46e-05,1e-05,0.8,0.1,390.0605512
0.0009,3.46e-05,1e-05,0.9,0.1,390.0605512
0.0009,3.46e-05,1e-05,1.0,0.1,390.0605512
0.00089,5.1e-05,1e-05,0.0,0.110002719,317.0981897
0.00089,5.1e-05,1e-05,0.1,0.110002719,390.0651052
0.00089,5.1e-05,1e-05,0.2,0.110002719,390.0651052
0.00089,5.1e-05,1e-05,0.3,0.110002719,390.0651052
0.00089,5.1e-05,1e-05,0.4,0.110002719,390.0651052
0.00089,5.1e-05,1e-05,0.5,0.110002719,390.0651052
0.00089,5.1e-05,1e-05,0.6,0.110002719,390.0651052
0.00089,5.1e-05,1e-05,0.7,0.110002719,390.0651052
0.00089,5.1e-05,1e-05,0.8,0.110002719,390.0651052
0.00089,5.1e-05,1e-05,0.9,0.110002719,390.0651052
0.00089,5.1e-05,1e-05,1.0,0.110002719,390.0651052
0.00088,0.0001,1e-05,0.0,0.12,317.0966523
0.00088,0.0001,1e-05,0.1,0.12,390.0572568
0.00088,0.0001,1e-05,0.2,0.12,390.0572568
0.00088,0.0001,1e-05,0.3,0.12,390.0572568
0.00088,0.0001,1e-05,0.4,0.12,390.0572568
0.00088,0.0001,1e-05,0.5,0.12,390.0572568
0.00088,0.0001,1e-05,0.6,0.12,390.0572568
0.00088,0.0001,1e-05,0.7,0.12,390.0572568
0.00088,0.0001,1e-05,0.8,0.12,390.0572568
0.00088,0.0001,1e-05,0.9,0.12,390.0572568
0.00088,0.0001,1e-05,1.0,0.12,390.0572568
0.000956,7.74e-06,5e-06,0.0,0.044483186,317.0924531
0.000956,7.74e-06,5e-06,0.1,0.044483186,390.0335755
0.000956,7.74e-06,5e-06,0.2,0.044483186,390.0335755
0.000956,7.74e-06,5e-06,0.3,0.044483186,390.0335755
0.000956,7.74e-06,5e-06,0.4,0.044483186,390.0335755
0.000956,7.74e-06,5e-06,0.5,0.044483186,390.0335755
0.000956,7.74e-06,5e-06,0.6,0.044483186,390.0335755
0.000956,7.74e-06,5e-06,0.7,0.044483186,390.0335755
0.000956,7.74e-06,5e-06,0.8,0.044483186,390.0335755
0.000956,7.74e-06,5e-06,0.9,0.044483186,390.0335755
0.000956,7.74e-06,5e-06,1.0,0.044483186,390.0335755
0.00096,0.0,0.0,0.0,0.04,317.0912922
0.00096,0.0,0.0,0.1,0.04,390.0274038
0.00096,0.0,0.0,0.2,0.04,390.0274038
0.00096,0.0,0.0,0.3,0.04,390.0274038
0.00096,0.0,0.0,0.4,0.04,390.0274038
0.00096,0.0,0.0,0.5,0.04,390.0274038
0.00096,0.0,0.0,0.6,0.04,390.0274038
0.00096,0.0,0.0,0.7,0.04,390.0274038
0.00096,0.0,0.0,0.8,0.04,390.0274038
0.00096,0.0,0.0,0.9,0.04,390.0274038
0.00096,0.0,0.0,1.0,0.04,390.0274038
0.00096,0.0,1e-05,0.0,0.04,317.0912922
0.00096,0.0,1e-05,0.1,0.04,390.0274038
0.00096,0.0,1e-05,0.2,0.04,390.0274038
0.00096,0.0,1e-05,0.3,0.04,390.0274038
0.00096,0.0,1e-05,0.4,0.04,390.0274038
0.00096,0.0,1e-05,0.5,0.04,390.0274038
0.00096,0.0,1e-05,0.6,0.04,390.0274038
0.00096,0.0,1e-05,0.7,0.04,390.0274038
0.00096,0.0,1e-05,0.8,0.04,390.0274038
0.00096,0.0,1e-05,0.9,0.04,390.0274038
0.00096,0.0,1e-05,1.0,0.04,390.0274038
0.00094,0.0,0.0,0.0,0.06,317.0927626
0.00094,0.0,0.0,0.1,0.06,390.0354358
0.00094,0.0,0.0,0.2,0.06,390.0354358
0.00094,0.0,0.0,0.3,0.06,390.0354358
0.00094,0.0,0.0,0.4,0.06,390.0354358
0.00094,0.0,0.0,0.5,0.06,390.0354358
0.00094,0.0,0.0,0.6,0.06,390.0354358
0.00094,0.0,0.0,0.7,0.06,390.0354358
0.00094,0.0,0.0,0.8,0.06,390.0354358
0.00094,0.0,0.0,0.9,0.06,390.0354358
0.00094,0.0,0.0,1.0,0.06,390.0354358
0.00094,0.0,1e-05,0.0,0.06,317.0927626
0.00094,0.0,1e-05,0.1,0.06,390.0354357
0.00094,0.0,1e-05,0.2,0.06,390.0354357
0.00094,0.0,1e-05,0.3,0.06,390.0354357
0.00094,0.0,1e-05,0.4,0.06,390.0354357
0.00094,0.0,1e-05,0.5,0.06,390.0354357
0.00094,0.0,1e-05,0.6,0.06,390.0354357
0.00094,0.0,1e-05,0.7,0.06,390.0354357
0.00094,0.0,1e-05,0.8,0.06,390.0354357
0.00094,0.0,1e-05,0.9,0.06,390.0354357
0.00094,0.0,1e-05,1.0,0.06,390.0354357
0.00093,1.73e-05,5e-06,0.0,0.069914457,317.094895
0.00093,1.73e-05,5e-06,0.1,0.069914457,390.0468476
0.00093,1.73e-05,5e-06,0.2,0.069914457,390.0468476
0.00093,1.73e-05,5e-06,0.3,0.069914457,390.0468476
0.00093,1.73e-05,5e-06,0.4,0.069914457,390.0468476
0.00093,1.73e-05,5e-06,0.5,0.069914457,390.0468476
0.00093,1.73e-05,5e-06,0.6,0.069914457,390.0468476
0.00093,1.73e-05,5e-06,0.7,0.069914457,390.0468476
0.00093,1.73e-05,5e-06,0.8,0.069914457,390.0468476
0.00093,1.73e-05,5e-06,0.9,0.069914457,390.0468476
0.00093,1.73e-05,5e-06,1.0,0.069914457,390.0468476
0.00093,1.73e-05,0.0,0.0,0.07,317.0946873
0.00093,1.73e-05,0.0,0.1,0.07,390.0457548
0.00093,1.73e-05,0.0,0.2,0.07,390.0457548
0.00093,1.73e-05,0.0,0.3,0.07,390.0457548
0.00093,1.73e-05,0.0,0.4,0.07,390.0457548
0.00093,1.73e-05,0.0,0.5,0.07,390.0457548
0.00093,1.73e-05,0.0,0.6,0.07,390.0457548
0.00093,1.73e-05,0.0,0.7,0.07,390.0457548
0.00093,1.73e-05,0.0,0.8,0.07,390.0457548
0.00093,1.73e-05,0.0,0.9,0.07,390.0457548
0.00093,1.73e-05,0.0,1.0,0.07,390.0457548
0.00095,1.73e-05,1e-05,0.0,0.05,317.0932617
0.00095,1.73e-05,1e-05,0.1,0.05,390.0379134
0.00095,1.73e-05,1e-05,0.2,0.05,390.0379134
0.00095,1.73e-05,1e-05,0.3,0.05,390.0379134
0.00095,1.73e-05,1e-05,0.4,0.05,390.0379134
0.00095,1.73e-05,1e-05,0.5,0.05,390.0379134
0.00095,1.73e-05,1e-05,0.6,0.05,390.0379134
0.00095,1.73e-05,1e-05,0.7,0.05,390.0379134
0.00095,1.73e-05,1e-05,0.8,0.05,390.0379134
0.00095,1.73e-05,1e-05,0.9,0.05,390.0379134
0.00095,1.73e-05,1e-05,1.0,0.05,390.0379134
0.00095,1.73e-05,0.0,0.0,0.05,317.0932618
0.00095,1.73e-05,0.0,0.1,0.05,390.0379134
0.00095,1.73e-05,0.0,0.2,0.05,390.0379134
0.00095,1.73e-05,0.0,0.3,0.05,390.0379134
0.00095,1.73e-05,0.0,0.4,0.05,390.0379134
0.00095,1.73e-05,0.0,0.5,0.05,390.0379134
0.00095,1.73e-05,0.0,0.6,0.05,390.0379134
0.00095,1.73e-05,0.0,0.7,0.05,390.0379134
0.00095,1.73e-05,0.0,0.8,0.05,390.0379134
0.00095,1.73e-05,0.0,0.9,0.05,390.0379134
0.00095,1.73e-05,0.0,1.0,0.05,390.0379134
0.00093,1.73e-05,1e-05,0.0,0.07,317.0946873
0.00093,1.73e-05,1e-05,0.1,0.07,390.0457548
0.00093,1.73e-05,1e-05,0.2,0.07,390.0457548
0.00093,1.73e-05,1e-05,0.3,0.07,390.0457548
0.00093,1.73e-05,1e-05,0.4,0.07,390.0457548
0.00093,1.73e-05,1e-05,0.5,0.07,390.0457548
0.00093,1.73e-05,1e-05,0.6,0.07,390.0457548
0.00093,1.73e-05,1e-05,0.7,0.07,390.0457548
0.00093,1.73e-05,1e-05,0.8,0.07,390.0457548
0.00093,1.73e-05,1e-05,0.9,0.07,390.0457548
0.00093,1.73e-05,1e-05,1.0,0.07,390.0457548
0.00089,8.27e-05,0.0,0.0,0.11,317.0972793
0.00089,8.27e-05,0.0,0.1,0.11,390.0603018
0.00089,8.27e-05,0.0,0.2,0.11,390.0603018
0.00089,8.27e-05,0.0,0.3,0.11,390.0603018
0.00089,8.27e-05,0.0,0.4,0.11,390.0603018
0.00089,8.27e-05,0.0,0.5,0.11,390.0603018
0.00089,8.27e-05,0.0,0.6,0.11,390.0603018
0.00089,8.27e-05,0.0,0.7,0.11,390.0603018
0.00089,8.27e-05,0.0,0.8,0.11,390.0603018
0.00089,8.27e-05,0.0,0.9,0.11,390.0603018
0.00089,8.27e-05,0.0,1.0,0.11,390.0603018
0.0009,6.69e-05,0.0,0.0,0.10001353,317.0973302
0.0009,6.69e-05,0.0,0.1,0.10001353,390.0603275
0.0009,6.69e-05,0.0,0.2,0.10001353,390.0603275
0.0009,6.69e-05,0.0,0.3,0.10001353,390.0603275
0.0009,6.69e-05,0.0,0.4,0.10001353,390.0603275
0.0009,6.69e-05,0.0,0.5,0.10001353,390.0603275
0.0009,6.69e-05,0.0,0.6,0.10001353,390.0603275
0.0009,6.69e-05,0.0,0.7,0.10001353,390.0603275
0.0009,6.69e-05,0.0,0.8,0.10001353,390.0603275
0.0009,6.69e-05,0.0,0.9,0.10001353,390.0603275
0.0009,6.69e-05,0.0,1.0,0.10001353,390.0603275
0.00089,8.27e-05,1e-05,0.0,0.11,317.0972793
0.00089,8.27e-05,1e-05,0.1,0.11,390.0603018
0.00089,8.27e-05,1e-05,0.2,0.11,390.0603018
0.00089,8.27e-05,1e-05,0.3,0.11,390.0603018
0.00089,8.27e-05,1e-05,0.4,0.11,390.0603018
0.00089,8.27e-05,1e-05,0.5,0.11,390.0603018
0.00089,8.27e-05,1e-05,0.6,0.11,390.0603018
0.00089,8.27e-05,1e-05,0.7,0.11,390.0603018
0.00089,8.27e-05,1e-05,0.8,0.11,390.0603018
0.00089,8.27e-05,1e-05,0.9,0.11,390.0603018
0.00089,8.27e-05,1e-05,1.0,0.11,390.0603018
0.0009,0.0001,0.0,0.0,0.1,317.0954394
0.0009,0.0001,0.0,0.1,0.1,390.050359
0.0009,0.0001,0.0,0.2,0.1,390.050359
0.0009,0.0001,0.0,0.3,0.1,390.050359
0.0009,0.0001,0.0,0.4,0.1,390.050359
0.0009,0.0001,0.0,0.5,0.1,390.050359
0.0009,0.0001,0.0,0.6,0.1,390.050359
0.0009,0.0001,0.0,0.7,0.1,390.050359
0.0009,0.0001,0.0,0.8,0.1,390.050359
0.0009,0.0001,0.0,0.9,0.1,390.050359
0.0009,0.0001,0.0,1.0,0.1,390.050359
0.00092,3.46e-05,0.0,0.0,0.08,317.0960769
0.00092,3.46e-05,0.0,0.1,0.08,390.0532778
0.00092,3.46e-05,0.0,0.2,0.08,390.0532778
0.00092,3.46e-05,0.0,0.3,0.08,390.0532778
0.00092,3.46e-05,0.0,0.4,0.08,390.0532778
0.00092,3.46e-05,0.0,0.5,0.08,390.0532778
0.00092,3.46e-05,0.0,0.6,0.08,390.0532778
0.00092,3.46e-05,0.0,0.7,0.08,390.0532778
0.00092,3.46e-05,0.0,0.8,0.08,390.0532778
0.00092,3.46e-05,0.0,0.9,0.08,390.0532778
0.00092,3.46e-05,0.0,1.0,0.08,390.0532778
0.00091,5.1e-05,0.0,0.0,0.08980367,317.0969228
0.00091,5.1e-05,0.0,0.1,0.08980367,390.0579471
0.00091,5.1e-05,0.0,0.2,0.08980367,390.0579471
0.00091,5.1e-05,0.0,0.3,0.08980367,390.0579471
0.00091,5.1e-05,0.0,0.4,0.08980367,390.0579471
0.00091,5.1e-05,0.0,0.5,0.08980367,390.0579471
0.00091,5.1e-05,0.0,0.6,0.08980367,390.0579471
0.00091,5.1e-05,0.0,0.7,0.08980367,390.0579471
0.00091,5.1e-05,0.0,0.8,0.08980367,390.0579471
0.00091,5.1e-05,0.0,0.9,0.08980367,390.0579471
0.00091,5.1e-05,0.0,1.0,0.08980367,390.0579471
0.00092,3.46e-05,1e-05,0.0,0.08,317.0960769
0.00092,3.46e-05,1e-05,0.1,0.08,390.0532777
0.00092,3.46e-05,1e-05,0.2,0.08,390.0532777
0.00092,3.46e-05,1e-05,0.3,0.08,390.0532777
0.00092,3.46e-05,1e-05,0.4,0.08,390.0532777
0.00092,3.46e-05,1e-05,0.5,0.08,390.0532777
0.00092,3.46e-05,1e-05,0.6,0.08,390.0532777
0.00092,3.46e-05,1e-05,0.7,0.08,390.0532777
0.00092,3.46e-05,1e-05,0.8,0.08,390.0532777
0.00092,3.46e-05,1e-05,0.9,0.08,390.0532777
0.00092,3.46e-05,1e-05,1.0,0.08,390.0532777
0.0009,6.69e-05,1e-05,0.0,0.100013595,317.0973302
0.0009,6.69e-05,1e-05,0.1,0.100013595,390.0603275
0.0009,6.69e-05,1e-05,0.2,0.100013595,390.0603275
0.0009,6.69e-05,1e-05,0.3,0.100013595,390.0603275
0.0009,6.69e-05,1e-05,0.4,0.100013595,390.0603275
0.0009,6.69e-05,1e-05,0.5,0.100013595,390.0603275
0.0009,6.69e-05,1e-05,0.6,0.100013595,390.0603275
0.0009,6.69e-05,1e-05,0.7,0.100013595,390.0603275
0.0009,6.69e-05,1e-05,0.8,0.100013595,390.0603275
0.0009,6.69e-05,1e-05,0.9,0.100013595,390.0603275
0.0009,6.69e-05,1e-05,1.0,0.100013595,390.0603275
0.00091,5.1e-05,1e-05,0.0,0.090016314,317.0969366
0.00091,5.1e-05,1e-05,0.1,0.090016314,390.0580244
0.00091,5.1e-05,1e-05,0.2,0.090016314,390.0580244
0.00091,5.1e-05,1e-05,0.3,0.090016314,390.0580244
0.00091,5.1e-05,1e-05,0.4,0.090016314,390.0580244
0.00091,5.1e-05,1e-05,0.5,0.090016314,390.0580244
0.00091,5.1e-05,1e-05,0.6,0.090016314,390.0580244
0.00091,5.1e-05,1e-05,0.7,0.090016314,390.0580244
0.00091,5.1e-05,1e-05,0.8,0.090016314,390.0580244
0.00091,5.1e-05,1e-05,0.9,0.090016314,390.0580244
0.00091,5.1e-05,1e-05,1.0,0.090016314,390.0580244
0.00098,0.0,0.0,0.0,0.02,317.0897292
0.00098,0.0,0.0,0.1,0.02,390.0189869
0.00098,0.0,0.0,0.2,0.02,390.0189869
0.00098,0.0,0.0,0.3,0.02,390.0189869
0.00098,0.0,0.0,0.4,0.02,390.0189869
0.00098,0.0,0.0,0.5,0.02,390.0189869
0.00098,0.0,0.0,0.6,0.02,390.0189869
0.00098,0.0,0.0,0.7,0.02,390.0189869
0.00098,0.0,0.0,0.8,0.02,390.0189869
0.00098,0.0,0.0,0.9,0.02,390.0189869
0.00098,0.0,0.0,1.0,0.02,390.0189869
0.00098,0.0,1e-05,0.0,0.02,317.0897292
0.00098,0.0,1e-05,0.1,0.02,390.0189869
0.00098,0.0,1e-05,0.2,0.02,390.0189869
0.00098,0.0,1e-05,0.3,0.02,390.0189869
0.00098,0.0,1e-05,0.4,0.02,390.0189869
0.00098,0.0,1e-05,0.5,0.02,390.0189869
0.00098,0.0,1e-05,0.6,0.02,390.0189869
0.00098,0.0,1e-05,0.7,0.02,390.0189869
0.00098,0.0,1e-05,0.8,0.02,390.0189869
0.00098,0.0,1e-05,0.9,0.02,390.0189869
0.00098,0.0,1e-05,1.0,0.02,390.0189869
0.000969,1.48e-05,0.0,0.0,0.03079911,317.0916607
0.000969,1.48e-05,0.0,0.1,0.03079911,390.0292491
0.000969,1.48e-05,0.0,0.2,0.03079911,390.0292491
0.000969,1.48e-05,0.0,0.3,0.03079911,390.0292491
0.000969,1.48e-05,0.0,0.4,0.03079911,390.0292491
0.000969,1.48e-05,0.0,0.5,0.03079911,390.0292491
0.000969,1.48e-05,0.0,0.6,0.03079911,390.0292491
0.000969,1.48e-05,0.0,0.7,0.03079911,390.0292491
0.000969,1.48e-05,0.0,0.8,0.03079911,390.0292491
0.000969,1.48e-05,0.0,0.9,0.03079911,390.0292491
0.000969,1.48e-05,0.0,1.0,0.03079911,390.0292491
0.000985,1.33e-05,0.0,0.0,0.015249103,317.0903309
0.000985,1.33e-05,0.0,0.1,0.015249103,390.0221319
0.000985,1.33e-05,0.0,0.2,0.015249103,390.0221319
0.000985,1.33e-05,0.0,0.3,0.015249103,390.0221319
0.000985,1.33e-05,0.0,0.4,0.015249103,390.0221319
0.000985,1.33e-05,0.0,0.5,0.015249103,390.0221319
0.000985,1.33e-05,0.0,0.6,0.015249103,390.0221319
0.000985,1.33e-05,0.0,0.7,0.015249103,390.0221319
0.000985,1.33e-05,0.0,0.8,0.015249103,390.0221319
0.000985,1.33e-05,0.0,0.9,0.015249103,390.0221319
0.000985,1.33e-05,0.0,1.0,0.015249103,390.0221319
0.001,0.0,0.0,0.0,0.0,317.0880699
0.001,0.0,0.0,0.1,0.0,390.0101815
0.001,0.0,0.0,0.2,0.0,390.0101815
0.001,0.0,0.0,0.3,0.0,390.0101815
0.001,0.0,0.0,0.4,0.0,390.0101815
0.001,0.0,0.0,0.5,0.0,390.0101815
0.001,0.0,0.0,0.6,0.0,390.0101815
0.001,0.0,0.0,0.7,0.0,390.0101815
0.001,0.0,0.0,0.8,0.0,390.0101815
0.001,0.0,0.0,0.9,0.0,390.0101815
0.001,0.0,0.0,1.0,0.0,390.0101815
0.0009,0.0001,1e-05,0.0,0.1,317.0954394
0.0009,0.0001,1e-05,0.1,0.1,390.050359
0.0009,0.0001,1e-05,0.2,0.1,390.050359
0.0009,0.0001,1e-05,0.3,0.1,390.050359
0.0009,0.0001,1e-05,0.4,0.1,390.050359
0.0009,0.0001,1e-05,0.5,0.1,390.050359
0.0009,0.0001,1e-05,0.6,0.1,390.050359
0.0009,0.0001,1e-05,0.7,0.1,390.050359
0.0009,0.0001,1e-05,0.8,0.1,390.050359
0.0009,0.0001,1e-05,0.9,0.1,390.050359
0.0009,0.0001,1e-05,1.0,0.1,390.050359
0.00097,1.5e-05,1e-05,0.0,0.029969297,317.0916067
0.00097,1.5e-05,1e-05,0.1,0.029969297,390.0289572
0.00097,1.5e-05,1e-05,0.2,0.029969297,390.0289572
0.00097,1.5e-05,1e-05,0.3,0.029969297,390.0289572
0.00097,1.5e-05,1e-05,0.4,0.029969297,390.0289572
0.00097,1.5e-05,1e-05,0.5,0.029969297,390.0289572
0.00097,1.5e-05,1e-05,0.6,0.029969297,390.0289572
0.00097,1.5e-05,1e-05,0.7,0.029969297,390.0289572
0.00097,1.5e-05,1e-05,0.8,0.029969297,390.0289572
0.00097,1.5e-05,1e-05,0.9,0.029969297,390.0289572
0.00097,1.5e-05,1e-05,1.0,0.029969297,390.0289572
0.001,0.0,1e-05,0.0,0.0,317.0880699
0.001,0.0,1e-05,0.1,0.0,390.0101815
0.001,0.0,1e-05,0.2,0.0,390.0101815
0.001,0.0,1e-05,0.3,0.0,390.0101815
0.001,0.0,1e-05,0.4,0.0,390.0101815
0.001,0.0,1e-05,0.5,0.0,390.0101815
0.001,0.0,1e-05,0.6,0.0,390.0101815
0.001,0.0,1e-05,0.7,0.0,390.0101815
0.001,0.0,1e-05,0.8,0.0,390.0101815
0.001,0.0,1e-05,0.9,0.0,390.0101815
0.001,0.0,1e-05,1.0,0.0,390.0101815
0.000985,1.33e-05,1e-05,0.0,0.015031928,317.0903138
0.000985,1.33e-05,1e-05,0.1,0.015031928,390.022041
0.000985,1.33e-05,1e-05,0.2,0.015031928,390.022041
0.000985,1.33e-05,1e-05,0.3,0.015031928,390.022041
0.000985,1.33e-05,1e-05,0.4,0.015031928,390.022041
0.000985,1.33e-05,1e-05,0.5,0.015031928,390.022041
0.000985,1.33e-05,1e-05,0.6,0.015031928,390.022041
0.000985,1.33e-05,1e-05,0.7,0.015031928,390.022041
0.000985,1.33e-05,1e-05,0.8,0.015031928,390.022041
0.000985,1.33e-05,1e-05,0.9,0.015031928,390.022041
0.000985,1.33e-05,1e-05,1.0,0.015031928,390.022041
0.001,2e-05,0.0,0.0,0.0,317.0894362
0.001,2e-05,0.0,0.1,0.0,390.0173831
0.001,2e-05,0.0,0.2,0.0,390.0173831
0.001,2e-05,0.0,0.3,0.0,390.0173831
0.001,2e-05,0.0,0.4,0.0,390.0173831
0.001,2e-05,0.0,0.5,0.0,390.0173831
0.001,2e-05,0.0,0.6,0.0,390.0173831
0.001,2e-05,0.0,0.7,0.0,390.0173831
0.001,2e-05,0.0,0.8,0.0,390.0173831
0.001,2e-05,0.0,0.9,0.0,390.0173831
0.001,2e-05,0.0,1.0,0.0,390.0173831
0.000919,6.7e-05,0.0,0.0,0.081186697,317.0961107
0.000919,6.7e-05,0.0,0.1,0.081186697,390.0534801
0.000919,6.7e-05,0.0,0.2,0.081186697,390.0534801
0.000919,6.7e-05,0.0,0.3,0.081186697,390.0534801
0.000919,6.7e-05,0.0,0.4,0.081186697,390.0534801
0.000919,6.7e-05,0.0,0.5,0.081186697,390.0534801
0.000919,6.7e-05,0.0,0.6,0.081186697,390.0534801
0.000919,6.7e-05,0.0,0.7,0.081186697,390.0534801
0.000919,6.7e-05,0.0,0.8,0.081186697,390.0534801
0.000919,6.7e-05,0.0,0.9,0.081186697,390.0534801
0.000919,6.7e-05,0.0,1.0,0.081186697,390.0534801
0.00094,3.46e-05,0.0,0.0,0.059578102,317.0946654
0.00094,3.46e-05,0.0,0.1,0.059578102,390.0454608
0.00094,3.46e-05,0.0,0.2,0.059578102,390.0454608
0.00094,3.46e-05,0.0,0.3,0.059578102,390.0454608
0.00094,3.46e-05,0.0,0.4,0.059578102,390.0454608
0.00094,3.46e-05,0.0,0.5,0.059578102,390.0454608
0.00094,3.46e-05,0.0,0.6,0.059578102,390.0454608
0.00094,3.46e-05,0.0,0.7,0.059578102,390.0454608
0.00094,3.46e-05,0.0,0.8,0.059578102,390.0454608
0.00094,3.46e-05,0.0,0.9,0.059578102,390.0454608
0.00094,3.46e-05,0.0,1.0,0.059578102,390.0454608
0.000961,3.25e-05,0.0,0.0,0.038961757,317.0930871
0.000961,3.25e-05,0.0,0.1,0.038961757,390.0368547
0.000961,3.25e-05,0.0,0.2,0.038961757,390.0368547
0.000961,3.25e-05,0.0,0.3,0.038961757,390.0368547
0.000961,3.25e-05,0.0,0.4,0.038961757,390.0368547
0.000961,3.25e-05,0.0,0.5,0.038961757,390.0368547
0.000961,3.25e-05,0.0,0.6,0.038961757,390.0368547
0.000961,3.25e-05,0.0,0.7,0.038961757,390.0368547
0.000961,3.25e-05,0.0,0.8,0.038961757,390.0368547
0.000961,3.25e-05,0.0,0.9,0.038961757,390.0368547
0.000961,3.25e-05,0.0,1.0,0.038961757,390.0368547
0.000961,3.26e-05,1e-05,0.0,0.038746101,317.0930713
0.000961,3.26e-05,1e-05,0.1,0.038746101,390.0367688
0.000961,3.26e-05,1e-05,0.2,0.038746101,390.0367688
0.000961,3.26e-05,1e-05,0.3,0.038746101,390.0367688
0.000961,3.26e-05,1e-05,0.4,0.038746101,390.0367688
0.000961,3.26e-05,1e-05,0.5,0.038746101,390.0367688
0.000961,3.26e-05,1e-05,0.6,0.038746101,390.0367688
0.000961,3.26e-05,1e-05,0.7,0.038746101,390.0367688
0.000961,3.26e-05,1e-05,0.8,0.038746101,390.0367688
0.000961,3.26e-05,1e-05,0.9,0.038746101,390.0367688
0.000961,3.26e-05,1e-05,1.0,0.038746101,390.0367688
0.000941,3.46e-05,1e-05,0.0,0.059224295,317.09464
0.000941,3.46e-05,1e-05,0.1,0.059224295,390.0453214
0.000941,3.46e-05,1e-05,0.2,0.059224295,390.0453214
0.000941,3.46e-05,1e-05,0.3,0.059224295,390.0453214
0.000941,3.46e-05,1e-05,0.4,0.059224295,390.0453214
0.000941,3.46e-05,1e-05,0.5,0.059224295,390.0453214
0.000941,3.46e-05,1e-05,0.6,0.059224295,390.0453214
0.000941,3.46e-05,1e-05,0.7,0.059224295,390.0453214
0.000941,3.46e-05,1e-05,0.8,0.059224295,390.0453214
0.000941,3.46e-05,1e-05,0.9,0.059224295,390.0453214
0.000941,3.46e-05,1e-05,1.0,0.059224295,390.0453214
0.000946,4.29e-05,5e-06,0.0,0.053846568,317.0946244
0.000946,4.29e-05,5e-06,0.1,0.053846568,390.0451553
0.000946,4.29e-05,5e-06,0.2,0.053846568,390.0451553
0.000946,4.29e-05,5e-06,0.3,0.053846568,390.0451553
0.000946,4.29e-05,5e-06,0.4,0.053846568,390.0451553
0.000946,4.29e-05,5e-06,0.5,0.053846568,390.0451553
0.000946,4.29e-05,5e-06,0.6,0.053846568,390.0451553
0.000946,4.29e-05,5e-06,0.7,0.053846568,390.0451553
0.000946,4.29e-05,5e-06,0.8,0.053846568,390.0451553
0.000946,4.29e-05,5e-06,0.9,0.053846568,390.0451553
0.000946,4.29e-05,5e-06,1.0,0.053846568,390.0451553
0.00091,8.32e-05,5e-06,0.0,0.090234762,317.0962254
0.00091,8.32e-05,5e-06,0.1,0.090234762,390.0542755
0.00091,8.32e-05,5e-06,0.2,0.090234762,390.0542755
0.00091,8.32e-05,5e-06,0.3,0.090234762,390.0542755
0.00091,8.32e-05,5e-06,0.4,0.090234762,390.0542755
0.00091,8.32e-05,5e-06,0.5,0.090234762,390.0542755
0.00091,8.32e-05,5e-06,0.6,0.090234762,390.0542755
0.00091,8.32e-05,5e-06,0.7,0.090234762,390.0542755
0.00091,8.32e-05,5e-06,0.8,0.090234762,390.0542755
0.00091,8.32e-05,5e-06,0.9,0.090234762,390.0542755
0.00091,8.32e-05,5e-06,1.0,0.090234762,390.0542755
0.00092,0.0001,0.0,0.0,0.08,317.0941439
0.00092,0.0001,0.0,0.1,0.08,390.0430864
0.00092,0.0001,0.0,0.2,0.08,390.0430864
0.00092,0.0001,0.0,0.3,0.08,390.0430864
0.00092,0.0001,0.0,0.4,0.08,390.0430864
0.00092,0.0001,0.0,0.5,0.08,390.0430864
0.00092,0.0001,0.0,0.6,0.08,390.0430864
0.00092,0.0001,0.0,0.7,0.08,390.0430864
0.00092,0.0001,0.0,0.8,0.08,390.0430864
0.00092,0.0001,0.0,0.9,0.08,390.0430864
0.00092,0.0001,0.0,1.0,0.08,390.0430864
0.00091,8.27e-05,0.0,0.0,0.09,317.0960254
0.00091,8.27e-05,0.0,0.1,0.09,390.0532165
0.00091,8.27e-05,0.0,0.2,0.09,390.0532165
0.00091,8.27e-05,0.0,0.3,0.09,390.0532165
0.00091,8.27e-05,0.0,0.4,0.09,390.0532165
0.00091,8.27e-05,0.0,0.5,0.09,390.0532165
0.00091,8.27e-05,0.0,0.6,0.09,390.0532165
0.00091,8.27e-05,0.0,0.7,0.09,390.0532165
0.00091,8.27e-05,0.0,0.8,0.09,390.0532165
0.00091,8.27e-05,0.0,0.9,0.09,390.0532165
0.00091,8.27e-05,0.0,1.0,0.09,390.0532165
0.00091,8.27e-05,1e-05,0.0,0.09,317.0960254
0.00091,8.27e-05,1e-05,0.1,0.09,390.0532165
0.00091,8.27e-05,1e-05,0.2,0.09,390.0532165
0.00091,8.27e-05,1e-05,0.3,0.09,390.0532165
0.00091,8.27e-05,1e-05,0.4,0.09,390.0532165
0.00091,8.27e-05,1e-05,0.5,0.09,390.0532165
0.00091,8.27e-05,1e-05,0.6,0.09,390.0532165
0.00091,8.27e-05,1e-05,0.7,0.09,390.0532165
0.00091,8.27e-05,1e-05,0.8,0.09,390.0532165
0.00091,8.27e-05,1e-05,0.9,0.09,390.0532165
0.00091,8.27e-05,1e-05,1.0,0.09,390.0532165
0.000931,5.09e-05,0.0,0.0,0.069057829,317.0955324
0.000931,5.09e-05,0.0,0.1,0.069057829,390.0501966
0.000931,5.09e-05,0.0,0.2,0.069057829,390.0501966
0.000931,5.09e-05,0.0,0.3,0.069057829,390.0501966
0.000931,5.09e-05,0.0,0.4,0.069057829,390.0501966
0.000931,5.09e-05,0.0,0.5,0.069057829,390.0501966
0.000931,5.09e-05,0.0,0.6,0.069057829,390.0501966
0.000931,5.09e-05,0.0,0.7,0.069057829,390.0501966
0.000931,5.09e-05,0.0,0.8,0.069057829,390.0501966
0.000931,5.09e-05,0.0,0.9,0.069057829,390.0501966
0.000931,5.09e-05,0.0,1.0,0.069057829,390.0501966
0.000931,5.09e-05,1e-05,0.0,0.069139522,317.0955381
0.000931,5.09e-05,1e-05,0.1,0.069139522,390.0502279
0.000931,5.09e-05,1e-05,0.2,0.069139522,390.0502279
0.000931,5.09e-05,1e-05,0.3,0.069139522,390.0502279
0.000931,5.09e-05,1e-05,0.4,0.069139522,390.0502279
0.000931,5.09e-05,1e-05,0.5,0.069139522,390.0502279
0.000931,5.09e-05,1e-05,0.6,0.069139522,390.0502279
0.000931,5.09e-05,1e-05,0.7,0.069139522,390.0502279
0.000931,5.09e-05,1e-05,0.8,0.069139522,390.0502279
0.000931,5.09e-05,1e-05,0.9,0.069139522,390.0502279
0.000931,5.09e-05,1e-05,1.0,0.069139522,390.0502279
0.00092,6.73e-05,1e-05,0.0,0.080278427,317.0960401
0.00092,6.73e-05,1e-05,0.1,0.080278427,390.0530889
0.00092,6.73e-05,1e-05,0.2,0.080278427,390.0530889
0.00092,6.73e-05,1e-05,0.3,0.080278427,390.0530889
0.00092,6.73e-05,1e-05,0.4,0.080278427,390.0530889
0.00092,6.73e-05,1e-05,0.5,0.080278427,390.0530889
0.00092,6.73e-05,1e-05,0.6,0.080278427,390.0530889
0.00092,6.73e-05,1e-05,0.7,0.080278427,390.0530889
0.00092,6.73e-05,1e-05,0.8,0.080278427,390.0530889
0.00092,6.73e-05,1e-05,0.9,0.080278427,390.0530889
0.00092,6.73e-05,1e-05,1.0,0.080278427,390.0530889
0.000982,3.11e-05,0.0,0.0,0.018290785,317.0914214
0.000982,3.11e-05,0.0,0.1,0.018290785,390.0278983
0.000982,3.11e-05,0.0,0.2,0.018290785,390.0278983
0.000982,3.11e-05,0.0,0.3,0.018290785,390.0278983
0.000982,3.11e-05,0.0,0.4,0.018290785,390.0278983
0.000982,3.11e-05,0.0,0.5,0.018290785,390.0278983
0.000982,3.11e-05,0.0,0.6,0.018290785,390.0278983
0.000982,3.11e-05,0.0,0.7,0.018290785,390.0278983
0.000982,3.11e-05,0.0,0.8,0.018290785,390.0278983
0.000982,3.11e-05,0.0,0.9,0.018290785,390.0278983
0.000982,3.11e-05,0.0,1.0,0.018290785,390.0278983
0.001,2e-05,1e-05,0.0,0.0,317.0894358
0.001,2e-05,1e-05,0.1,0.0,390.0173813
0.001,2e-05,1e-05,0.2,0.0,390.0173813
0.001,2e-05,1e-05,0.3,0.0,390.0173813
0.001,2e-05,1e-05,0.4,0.0,390.0173813
0.001,2e-05,1e-05,0.5,0.0,390.0173813
0.001,2e-05,1e-05,0.6,0.0,390.0173813
0.001,2e-05,1e-05,0.7,0.0,390.0173813
0.001,2e-05,1e-05,0.8,0.0,390.0173813
0.001,2e-05,1e-05,0.9,0.0,390.0173813
0.001,2e-05,1e-05,1.0,0.0,390.0173813
0.000929,8.31e-05,0.0,0.0,0.070983971,317.0947338
0.000929,8.31e-05,0.0,0.1,0.070983971,390.0460186
0.000929,8.31e-05,0.0,0.2,0.070983971,390.0460186
0.000929,8.31e-05,0.0,0.3,0.070983971,390.0460186
0.000929,8.31e-05,0.0,0.4,0.070983971,390.0460186
0.000929,8.31e-05,0.0,0.5,0.070983971,390.0460186
0.000929,8.31e-05,0.0,0.6,0.070983971,390.0460186
0.000929,8.31e-05,0.0,0.7,0.070983971,390.0460186
0.000929,8.31e-05,0.0,0.8,0.070983971,390.0460186
0.000929,8.31e-05,0.0,0.9,0.070983971,390.0460186
0.000929,8.31e-05,0.0,1.0,0.070983971,390.0460186
0.00092,0.0001,1e-05,0.0,0.08,317.0941439
0.00092,0.0001,1e-05,0.1,0.08,390.0430864
0.00092,0.0001,1e-05,0.2,0.08,390.0430864
0.00092,0.0001,1e-05,0.3,0.08,390.0430864
0.00092,0.0001,1e-05,0.4,0.08,390.0430864
0.00092,0.0001,1e-05,0.5,0.08,390.0430864
0.00092,0.0001,1e-05,0.6,0.08,390.0430864
0.00092,0.0001,1e-05,0.7,0.08,390.0430864
0.00092,0.0001,1e-05,0.8,0.08,390.0430864
0.00092,0.0001,1e-05,0.9,0.08,390.0430864
0.00092,0.0001,1e-05,1.0,0.08,390.0430864
0.00094,0.0001,0.0,0.0,0.06,317.0927626
0.00094,0.0001,0.0,0.1,0.06,390.0354358
0.00094,0.0001,0.0,0.2,0.06,390.0354358
0.00094,0.0001,0.0,0.3,0.06,390.0354358
0.00094,0.0001,0.0,0.4,0.06,390.0354358
0.00094,0.0001,0.0,0.5,0.06,390.0354358
0.00094,0.0001,0.0,0.6,0.06,390.0354358
0.00094,0.0001,0.0,0.7,0.06,390.0354358
0.00094,0.0001,0.0,0.8,0.06,390.0354358
0.00094,0.0001,0.0,0.9,0.06,390.0354358
0.00094,0.0001,0.0,1.0,0.06,390.0354358
0.000982,3.12e-05,1e-05,0.0,0.01819126,317.0914145
0.000982,3.12e-05,1e-05,0.1,0.01819126,390.0278616
0.000982,3.12e-05,1e-05,0.2,0.01819126,390.0278616
0.000982,3.12e-05,1e-05,0.3,0.01819126,390.0278616
0.000982,3.12e-05,1e-05,0.4,0.01819126,390.0278616
0.000982,3.12e-05,1e-05,0.5,0.01819126,390.0278616
0.000982,3.12e-05,1e-05,0.6,0.01819126,390.0278616
0.000982,3.12e-05,1e-05,0.7,0.01819126,390.0278616
0.000982,3.12e-05,1e-05,0.8,0.01819126,390.0278616
0.000982,3.12e-05,1e-05,0.9,0.01819126,390.0278616
0.000982,3.12e-05,1e-05,1.0,0.01819126,390.0278616
0.001,3.99e-05,0.0,0.0,0.0,317.0901158
0.001,3.99e-05,0.0,0.1,0.0,390.0209687
0.001,3.99e-05,0.0,0.2,0.0,390.0209687
0.001,3.99e-05,0.0,0.3,0.0,390.0209687
0.001,3.99e-05,0.0,0.4,0.0,390.0209687
0.001,3.99e-05,0.0,0.5,0.0,390.0209687
0.001,3.99e-05,0.0,0.6,0.0,390.0209687
0.001,3.99e-05,0.0,0.7,0.0,390.0209687
0.001,3.99e-05,0.0,0.8,0.0,390.0209687
0.001,3.99e-05,0.0,0.9,0.0,390.0209687
0.001,3.99e-05,0.0,1.0,0.0,390.0209687
0.00097,4.56e-05,0.0,0.0,0.030050118,317.092644
0.00097,4.56e-05,0.0,0.1,0.030050118,390.0344297
0.00097,4.56e-05,0.0,0.2,0.030050118,390.0344297
0.00097,4.56e-05,0.0,0.3,0.030050118,390.0344297
0.00097,4.56e-05,0.0,0.4,0.030050118,390.0344297
0.00097,4.56e-05,0.0,0.5,0.030050118,390.0344297
0.00097,4.56e-05,0.0,0.6,0.030050118,390.0344297
0.00097,4.56e-05,0.0,0.7,0.030050118,390.0344297
0.00097,4.56e-05,0.0,0.8,0.030050118,390.0344297
0.00097,4.56e-05,0.0,0.9,0.030050118,390.0344297
0.00097,4.56e-05,0.0,1.0,0.030050118,390.0344297
0.00097,4.55e-05,1e-05,0.0,0.029748862,317.0926192
0.00097,4.55e-05,1e-05,0.1,0.029748862,390.0342963
0.00097,4.55e-05,1e-05,0.2,0.029748862,390.0342963
0.00097,4.55e-05,1e-05,0.3,0.029748862,390.0342963
0.00097,4.55e-05,1e-05,0.4,0.029748862,390.0342963
0.00097,4.55e-05,1e-05,0.5,0.029748862,390.0342963
0.00097,4.55e-05,1e-05,0.6,0.029748862,390.0342963
0.00097,4.55e-05,1e-05,0.7,0.029748862,390.0342963
0.00097,4.55e-05,1e-05,0.8,0.029748862,390.0342963
0.00097,4.55e-05,1e-05,0.9,0.029748862,390.0342963
0.00097,4.55e-05,1e-05,1.0,0.029748862,390.0342963
0.000939,6.68e-05,0.0,0.0,0.061341194,317.0947524
0.000939,6.68e-05,0.0,0.1,0.061341194,390.0459482
0.000939,6.68e-05,0.0,0.2,0.061341194,390.0459482
0.000939,6.68e-05,0.0,0.3,0.061341194,390.0459482
0.000939,6.68e-05,0.0,0.4,0.061341194,390.0459482
0.000939,6.68e-05,0.0,0.5,0.061341194,390.0459482
0.000939,6.68e-05,0.0,0.6,0.061341194,390.0459482
0.000939,6.68e-05,0.0,0.7,0.061341194,390.0459482
0.000939,6.68e-05,0.0,0.8,0.061341194,390.0459482
0.000939,6.68e-05,0.0,0.9,0.061341194,390.0459482
0.000939,6.68e-05,0.0,1.0,0.061341194,390.0459482
0.000952,5.11e-05,0.0,0.0,0.048187362,317.094038
0.000952,5.11e-05,0.0,0.1,0.048187362,390.0419838
0.000952,5.11e-05,0.0,0.2,0.048187362,390.0419838
0.000952,5.11e-05,0.0,0.3,0.048187362,390.0419838
0.000952,5.11e-05,0.0,0.4,0.048187362,390.0419838
0.000952,5.11e-05,0.0,0.5,0.048187362,390.0419838
0.000952,5.11e-05,0.0,0.6,0.048187362,390.0419838
0.000952,5.11e-05,0.0,0.7,0.048187362,390.0419838
0.000952,5.11e-05,0.0,0.8,0.048187362,390.0419838
0.000952,5.11e-05,0.0,0.9,0.048187362,390.0419838
0.000952,5.11e-05,0.0,1.0,0.048187362,390.0419838
0.000952,5.12e-05,1e-05,0.0,0.048396512,317.0940534
0.000952,5.12e-05,1e-05,0.1,0.048396512,390.042068
0.000952,5.12e-05,1e-05,0.2,0.048396512,390.042068
0.000952,5.12e-05,1e-05,0.3,0.048396512,390.042068
0.000952,5.12e-05,1e-05,0.4,0.048396512,390.042068
0.000952,5.12e-05,1e-05,0.5,0.048396512,390.042068
0.000952,5.12e-05,1e-05,0.6,0.048396512,390.042068
0.000952,5.12e-05,1e-05,0.7,0.048396512,390.042068
0.000952,5.12e-05,1e-05,0.8,0.048396512,390.042068
0.000952,5.12e-05,1e-05,0.9,0.048396512,390.042068
0.000952,5.12e-05,1e-05,1.0,0.048396512,390.042068
0.000929,8.27e-05,1e-05,0.0,0.070810447,317.0947421
0.000929,8.27e-05,1e-05,0.1,0.070810447,390.0460589
0.000929,8.27e-05,1e-05,0.2,0.070810447,390.0460589
0.000929,8.27e-05,1e-05,0.3,0.070810447,390.0460589
0.000929,8.27e-05,1e-05,0.4,0.070810447,390.0460589
0.000929,8.27e-05,1e-05,0.5,0.070810447,390.0460589
0.000929,8.27e-05,1e-05,0.6,0.070810447,390.0460589
0.000929,8.27e-05,1e-05,0.7,0.070810447,390.0460589
0.000929,8.27e-05,1e-05,0.8,0.070810447,390.0460589
0.000929,8.27e-05,1e-05,0.9,0.070810447,390.0460589
0.000929,8.27e-05,1e-05,1.0,0.070810447,390.0460589
0.000939,6.69e-05,1e-05,0.0,0.061133566,317.0947334
0.000939,6.69e-05,1e-05,0.1,0.061133566,390.0458445
0.000939,6.69e-05,1e-05,0.2,0.061133566,390.0458445
0.000939,6.69e-05,1e-05,0.3,0.061133566,390.0458445
0.000939,6.69e-05,1e-05,0.4,0.061133566,390.0458445
0.000939,6.69e-05,1e-05,0.5,0.061133566,390.0458445
0.000939,6.69e-05,1e-05,0.6,0.061133566,390.0458445
0.000939,6.69e-05,1e-05,0.7,0.061133566,390.0458445
0.000939,6.69e-05,1e-05,0.8,0.061133566,390.0458445
0.000939,6.69e-05,1e-05,0.9,0.061133566,390.0458445
0.000939,6.69e-05,1e-05,1.0,0.061133566,390.0458445
0.000985,5.12e-05,0.0,0.0,0.014810038,317.0914404
0.000985,5.12e-05,0.0,0.1,0.014810038,390.0279829
0.000985,5.12e-05,0.0,0.2,0.014810038,390.0279829
0.000985,5.12e-05,0.0,0.3,0.014810038,390.0279829
0.000985,5.12e-05,0.0,0.4,0.014810038,390.0279829
0.000985,5.12e-05,0.0,0.5,0.014810038,390.0279829
0.000985,5.12e-05,0.0,0.6,0.014810038,390.0279829
0.000985,5.12e-05,0.0,0.7,0.014810038,390.0279829
0.000985,5.12e-05,0.0,0.8,0.014810038,390.0279829
0.000985,5.12e-05,0.0,0.9,0.014810038,390.0279829
0.000985,5.12e-05,0.0,1.0,0.014810038,390.0279829
0.001,4e-05,1e-05,0.0,0.0,317.090118
0.001,4e-05,1e-05,0.1,0.0,390.0209805
0.001,4e-05,1e-05,0.2,0.0,390.0209805
0.001,4e-05,1e-05,0.3,0.0,390.0209805
0.001,4e-05,1e-05,0.4,0.0,390.0209805
0.001,4e-05,1e-05,0.5,0.0,390.0209805
0.001,4e-05,1e-05,0.6,0.0,390.0209805
0.001,4e-05,1e-05,0.7,0.0,390.0209805
0.001,4e-05,1e-05,0.8,0.0,390.0209805
0.001,4e-05,1e-05,0.9,0.0,390.0209805
0.001,4e-05,1e-05,1.0,0.0,390.0209805
0.000947,8.46e-05,5.22e-06,0.0,0.053215477,317.0936016
0.000947,8.46e-05,5.22e-06,0.1,0.053215477,390.0397503
0.000947,8.46e-05,5.22e-06,0.2,0.053215477,390.0397503
0.000947,8.46e-05,5.22e-06,0.3,0.053215477,390.0397503
0.000947,8.46e-05,5.22e-06,0.4,0.053215477,390.0397503
0.000947,8.46e-05,5.22e-06,0.5,0.053215477,390.0397503
0.000947,8.46e-05,5.22e-06,0.6,0.053215477,390.0397503
0.000947,8.46e-05,5.22e-06,0.7,0.053215477,390.0397503
0.000947,8.46e-05,5.22e-06,0.8,0.053215477,390.0397503
0.000947,8.46e-05,5.22e-06,0.9,0.053215477,390.0397503
0.000947,8.46e-05,5.22e-06,1.0,0.053215477,390.0397503
0.000949,8.32e-05,0.0,0.0,0.050949514,317.0933002
0.000949,8.32e-05,0.0,0.1,0.050949514,390.0381292
0.000949,8.32e-05,0.0,0.2,0.050949514,390.0381292
0.000949,8.32e-05,0.0,0.3,0.050949514,390.0381292
0.000949,8.32e-05,0.0,0.4,0.050949514,390.0381292
0.000949,8.32e-05,0.0,0.5,0.050949514,390.0381292
0.000949,8.32e-05,0.0,0.6,0.050949514,390.0381292
0.000949,8.32e-05,0.0,0.7,0.050949514,390.0381292
0.000949,8.32e-05,0.0,0.8,0.050949514,390.0381292
0.000949,8.32e-05,0.0,0.9,0.050949514,390.0381292
0.000949,8.32e-05,0.0,1.0,0.050949514,390.0381292
0.00094,0.0001,1e-05,0.0,0.06,317.0927626
0.00094,0.0001,1e-05,0.1,0.06,390.0354357
0.00094,0.0001,1e-05,0.2,0.06,390.0354357
0.00094,0.0001,1e-05,0.3,0.06,390.0354357
0.00094,0.0001,1e-05,0.4,0.06,390.0354357
0.00094,0.0001,1e-05,0.5,0.06,390.0354357
0.00094,0.0001,1e-05,0.6,0.06,390.0354357
0.00094,0.0001,1e-05,0.7,0.06,390.0354357
0.00094,0.0001,1e-05,0.8,0.06,390.0354357
0.00094,0.0001,1e-05,0.9,0.06,390.0354357
0.00094,0.0001,1e-05,1.0,0.06,390.0354357
0.00096,0.0001,0.0,0.0,0.04,317.0912922
0.00096,0.0001,0.0,0.1,0.04,390.0274038
0.00096,0.0001,0.0,0.2,0.04,390.0274038
0.00096,0.0001,0.0,0.3,0.04,390.0274038
0.00096,0.0001,0.0,0.4,0.04,390.0274038
0.00096,0.0001,0.0,0.5,0.04,390.0274038
0.00096,0.0001,0.0,0.6,0.04,390.0274038
0.00096,0.0001,0.0,0.7,0.04,390.0274038
0.00096,0.0001,0.0,0.8,0.04,390.0274038
0.00096,0.0001,0.0,0.9,0.04,390.0274038
0.00096,0.0001,0.0,1.0,0.04,390.0274038
0.000986,5.12e-05,1e-05,0.0,0.014360075,317.0914035
0.000986,5.12e-05,1e-05,0.1,0.014360075,390.0277861
0.000986,5.12e-05,1e-05,0.2,0.014360075,390.0277861
0.000986,5.12e-05,1e-05,0.3,0.014360075,390.0277861
0.000986,5.12e-05,1e-05,0.4,0.014360075,390.0277861
0.000986,5.12e-05,1e-05,0.5,0.014360075,390.0277861
0.000986,5.12e-05,1e-05,0.6,0.014360075,390.0277861
0.000986,5.12e-05,1e-05,0.7,0.014360075,390.0277861
0.000986,5.12e-05,1e-05,0.8,0.014360075,390.0277861
0.000986,5.12e-05,1e-05,0.9,0.014360075,390.0277861
0.000986,5.12e-05,1e-05,1.0,0.014360075,390.0277861
0.001,5.99e-05,0.0,0.0,0.0,317.0901189
0.001,5.99e-05,0.0,0.1,0.0,390.0209853
0.001,5.99e-05,0.0,0.2,0.0,390.0209853
0.001,5.99e-05,0.0,0.3,0.0,390.0209853
0.001,5.99e-05,0.0,0.4,0.0,390.0209853
0.001,5.99e-05,0.0,0.5,0.0,390.0209853
0.001,5.99e-05,0.0,0.6,0.0,390.0209853
0.001,5.99e-05,0.0,0.7,0.0,390.0209853
0.001,5.99e-05,0.0,0.8,0.0,390.0209853
0.001,5.99e-05,0.0,0.9,0.0,390.0209853
0.001,5.99e-05,0.0,1.0,0.0,390.0209853
0.000985,6.06e-05,5e-06,0.0,0.014595493,317.0915424
0.000985,6.06e-05,5e-06,0.1,0.014595493,390.0285181
0.000985,6.06e-05,5e-06,0.2,0.014595493,390.0285181
0.000985,6.06e-05,5e-06,0.3,0.014595493,390.0285181
0.000985,6.06e-05,5e-06,0.4,0.014595493,390.0285181
0.000985,6.06e-05,5e-06,0.5,0.014595493,390.0285181
0.000985,6.06e-05,5e-06,0.6,0.014595493,390.0285181
0.000985,6.06e-05,5e-06,0.7,0.014595493,390.0285181
0.000985,6.06e-05,5e-06,0.8,0.014595493,390.0285181
0.000985,6.06e-05,5e-06,0.9,0.014595493,390.0285181
0.000985,6.06e-05,5e-06,1.0,0.014595493,390.0285181
0.000969,6.1e-05,1e-05,0.0,0.030514613,317.0925934
0.000969,6.1e-05,1e-05,0.1,0.030514613,390.0341668
0.000969,6.1e-05,1e-05,0.2,0.030514613,390.0341668
0.000969,6.1e-05,1e-05,0.3,0.030514613,390.0341668
0.000969,6.1e-05,1e-05,0.4,0.030514613,390.0341668
0.000969,6.1e-05,1e-05,0.5,0.030514613,390.0341668
0.000969,6.1e-05,1e-05,0.6,0.030514613,390.0341668
0.000969,6.1e-05,1e-05,0.7,0.030514613,390.0341668
0.000969,6.1e-05,1e-05,0.8,0.030514613,390.0341668
0.000969,6.1e-05,1e-05,0.9,0.030514613,390.0341668
0.000969,6.1e-05,1e-05,1.0,0.030514613,390.0341668
0.00097,6.1e-05,0.0,0.0,0.030376055,317.0925824
0.00097,6.1e-05,0.0,0.1,0.030376055,390.0341077
0.00097,6.1e-05,0.0,0.2,0.030376055,390.0341077
0.00097,6.1e-05,0.0,0.3,0.030376055,390.0341077
0.00097,6.1e-05,0.0,0.4,0.030376055,390.0341077
0.00097,6.1e-05,0.0,0.5,0.030376055,390.0341077
0.00097,6.1e-05,0.0,0.6,0.030376055,390.0341077
0.00097,6.1e-05,0.0,0.7,0.030376055,390.0341077
0.00097,6.1e-05,0.0,0.8,0.030376055,390.0341077
0.00097,6.1e-05,0.0,0.9,0.030376055,390.0341077
0.00097,6.1e-05,0.0,1.0,0.030376055,390.0341077
0.000956,6.85e-05,0.0,0.0,0.044476039,317.0934723
0.000956,6.85e-05,0.0,0.1,0.044476039,390.0389514
0.000956,6.85e-05,0.0,0.2,0.044476039,390.0389514
0.000956,6.85e-05,0.0,0.3,0.044476039,390.0389514
0.000956,6.85e-05,0.0,0.4,0.044476039,390.0389514
0.000956,6.85e-05,0.0,0.5,0.044476039,390.0389514
0.000956,6.85e-05,0.0,0.6,0.044476039,390.0389514
0.000956,6.85e-05,0.0,0.7,0.044476039,390.0389514
0.000956,6.85e-05,0.0,0.8,0.044476039,390.0389514
0.000956,6.85e-05,0.0,0.9,0.044476039,390.0389514
0.000956,6.85e-05,0.0,1.0,0.044476039,390.0389514
0.000955,6.85e-05,1e-05,0.0,0.044814434,317.0934971
0.000955,6.85e-05,1e-05,0.1,0.044814434,390.0390863
0.000955,6.85e-05,1e-05,0.2,0.044814434,390.0390863
0.000955,6.85e-05,1e-05,0.3,0.044814434,390.0390863
0.000955,6.85e-05,1e-05,0.4,0.044814434,390.0390863
0.000955,6.85e-05,1e-05,0.5,0.044814434,390.0390863
0.000955,6.85e-05,1e-05,0.6,0.044814434,390.0390863
0.000955,6.85e-05,1e-05,0.7,0.044814434,390.0390863
0.000955,6.85e-05,1e-05,0.8,0.044814434,390.0390863
0.000955,6.85e-05,1e-05,0.9,0.044814434,390.0390863
0.000955,6.85e-05,1e-05,1.0,0.044814434,390.0390863
0.000949,8.32e-05,1e-05,0.0,0.050952891,317.0933002
0.000949,8.32e-05,1e-05,0.1,0.050952891,390.0381298
0.000949,8.32e-05,1e-05,0.2,0.050952891,390.0381298
0.000949,8.32e-05,1e-05,0.3,0.050952891,390.0381298
0.000949,8.32e-05,1e-05,0.4,0.050952891,390.0381298
0.000949,8.32e-05,1e-05,0.5,0.050952891,390.0381298
0.000949,8.32e-05,1e-05,0.6,0.050952891,390.0381298
0.000949,8.32e-05,1e-05,0.7,0.050952891,390.0381298
0.000949,8.32e-05,1e-05,0.8,0.050952891,390.0381298
0.000949,8.32e-05,1e-05,0.9,0.050952891,390.0381298
0.000949,8.32e-05,1e-05,1.0,0.050952891,390.0381298
0.000969,8.21e-05,0.0,0.0,0.030854901,317.0918439
0.000969,8.21e-05,0.0,0.1,0.030854901,390.0302157
0.000969,8.21e-05,0.0,0.2,0.030854901,390.0302157
0.000969,8.21e-05,0.0,0.3,0.030854901,390.0302157
0.000969,8.21e-05,0.0,0.4,0.030854901,390.0302157
0.000969,8.21e-05,0.0,0.5,0.030854901,390.0302157
0.000969,8.21e-05,0.0,0.6,0.030854901,390.0302157
0.000969,8.21e-05,0.0,0.7,0.030854901,390.0302157
0.000969,8.21e-05,0.0,0.8,0.030854901,390.0302157
0.000969,8.21e-05,0.0,0.9,0.030854901,390.0302157
0.000969,8.21e-05,0.0,1.0,0.030854901,390.0302157
0.000985,6.99e-05,0.0,0.0,0.014558049,317.0910827
0.000985,6.99e-05,0.0,0.1,0.014558049,390.0260942
0.000985,6.99e-05,0.0,0.2,0.014558049,390.0260942
0.000985,6.99e-05,0.0,0.3,0.014558049,390.0260942
0.000985,6.99e-05,0.0,0.4,0.014558049,390.0260942
0.000985,6.99e-05,0.0,0.5,0.014558049,390.0260942
0.000985,6.99e-05,0.0,0.6,0.014558049,390.0260942
0.000985,6.99e-05,0.0,0.7,0.014558049,390.0260942
0.000985,6.99e-05,0.0,0.8,0.014558049,390.0260942
0.000985,6.99e-05,0.0,0.9,0.014558049,390.0260942
0.000985,6.99e-05,0.0,1.0,0.014558049,390.0260942
0.001,6e-05,1e-05,0.0,0.0,317.090118
0.001,6e-05,1e-05,0.1,0.0,390.0209805
0.001,6e-05,1e-05,0.2,0.0,390.0209805
0.001,6e-05,1e-05,0.3,0.0,390.0209805
0.001,6e-05,1e-05,0.4,0.0,390.0209805
0.001,6e-05,1e-05,0.5,0.0,390.0209805
0.001,6e-05,1e-05,0.6,0.0,390.0209805
0.001,6e-05,1e-05,0.7,0.0,390.0209805
0.001,6e-05,1e-05,0.8,0.0,390.0209805
0.001,6e-05,1e-05,0.9,0.0,390.0209805
0.001,6e-05,1e-05,1.0,0.0,390.0209805
0.00096,0.0001,1e-05,0.0,0.04,317.0912922
0.00096,0.0001,1e-05,0.1,0.04,390.0274038
0.00096,0.0001,1e-05,0.2,0.04,390.0274038
0.00096,0.0001,1e-05,0.3,0.04,390.0274038
0.00096,0.0001,1e-05,0.4,0.04,390.0274038
0.00096,0.0001,1e-05,0.5,0.04,390.0274038
0.00096,0.0001,1e-05,0.6,0.04,390.0274038
0.00096,0.0001,1e-05,0.7,0.04,390.0274038
0.00096,0.0001,1e-05,0.8,0.04,390.0274038
0.00096,0.0001,1e-05,0.9,0.04,390.0274038
0.00096,0.0001,1e-05,1.0,0.04,390.0274038
0.00098,0.0001,0.0,0.0,0.02,317.0897292
0.00098,0.0001,0.0,0.1,0.02,390.0189869
0.00098,0.0001,0.0,0.2,0.02,390.0189869
0.00098,0.0001,0.0,0.3,0.02,390.0189869
0.00098,0.0001,0.0,0.4,0.02,390.0189869
0.00098,0.0001,0.0,0.5,0.02,390.0189869
0.00098,0.0001,0.0,0.6,0.02,390.0189869
0.00098,0.0001,0.0,0.7,0.02,390.0189869
0.00098,0.0001,0.0,0.8,0.02,390.0189869
0.00098,0.0001,0.0,0.9,0.02,390.0189869
0.00098,0.0001,0.0,1.0,0.02,390.0189869
0.001,8e-05,0.0,0.0,0.0,317.0894369
0.001,8e-05,0.0,0.1,0.0,390.0173869
0.001,8e-05,0.0,0.2,0.0,390.0173869
0.001,8e-05,0.0,0.3,0.0,390.0173869
0.001,8e-05,0.0,0.4,0.0,390.0173869
0.001,8e-05,0.0,0.5,0.0,390.0173869
0.001,8e-05,0.0,0.6,0.0,390.0173869
0.001,8e-05,0.0,0.7,0.0,390.0173869
0.001,8e-05,0.0,0.8,0.0,390.0173869
0.001,8e-05,0.0,0.9,0.0,390.0173869
0.001,8e-05,0.0,1.0,0.0,390.0173869
0.000985,7e-05,1e-05,0.0,0.014653809,317.0910895
0.000985,7e-05,1e-05,0.1,0.014653809,390.0261304
0.000985,7e-05,1e-05,0.2,0.014653809,390.0261304
0.000985,7e-05,1e-05,0.3,0.014653809,390.0261304
0.000985,7e-05,1e-05,0.4,0.014653809,390.0261304
0.000985,7e-05,1e-05,0.5,0.014653809,390.0261304
0.000985,7e-05,1e-05,0.6,0.014653809,390.0261304
0.000985,7e-05,1e-05,0.7,0.014653809,390.0261304
0.000985,7e-05,1e-05,0.8,0.014653809,390.0261304
0.000985,7e-05,1e-05,0.9,0.014653809,390.0261304
0.000985,7e-05,1e-05,1.0,0.014653809,390.0261304
0.00097,8.26e-05,1e-05,0.0,0.02978383,317.0917357
0.00097,8.26e-05,1e-05,0.1,0.02978383,390.0296356
0.00097,8.26e-05,1e-05,0.2,0.02978383,390.0296356
0.00097,8.26e-05,1e-05,0.3,0.02978383,390.0296356
0.00097,8.26e-05,1e-05,0.4,0.02978383,390.0296356
0.00097,8.26e-05,1e-05,0.5,0.02978383,390.0296356
0.00097,8.26e-05,1e-05,0.6,0.02978383,390.0296356
0.00097,8.26e-05,1e-05,0.7,0.02978383,390.0296356
0.00097,8.26e-05,1e-05,0.8,0.02978383,390.0296356
0.00097,8.26e-05,1e-05,0.9,0.02978383,390.0296356
0.00097,8.26e-05,1e-05,1.0,0.02978383,390.0296356
0.000987,8.62e-05,0.0,0.0,0.012665174,317.0901479
0.000987,8.62e-05,0.0,0.1,0.012665174,390.0211564
0.000987,8.62e-05,0.0,0.2,0.012665174,390.0211564
0.000987,8.62e-05,0.0,0.3,0.012665174,390.0211564
0.000987,8.62e-05,0.0,0.4,0.012665174,390.0211564
0.000987,8.62e-05,0.0,0.5,0.012665174,390.0211564
0.000987,8.62e-05,0.0,0.6,0.012665174,390.0211564
0.000987,8.62e-05,0.0,0.7,0.012665174,390.0211564
0.000987,8.62e-05,0.0,0.8,0.012665174,390.0211564
0.000987,8.62e-05,0.0,0.9,0.012665174,390.0211564
0.000987,8.62e-05,0.0,1.0,0.012665174,390.0211564
0.001,8e-05,1e-05,0.0,0.0,317.0894358
0.001,8e-05,1e-05,0.1,0.0,390.0173813
0.001,8e-05,1e-05,0.2,0.0,390.0173813
0.001,8e-05,1e-05,0.3,0.0,390.0173813
0.001,8e-05,1e-05,0.4,0.0,390.0173813
0.001,8e-05,1e-05,0.5,0.0,390.0173813
0.001,8e-05,1e-05,0.6,0.0,390.0173813
0.001,8e-05,1e-05,0.7,0.0,390.0173813
0.001,8e-05,1e-05,0.8,0.0,390.0173813
0.001,8e-05,1e-05,0.9,0.0,390.0173813
0.001,8e-05,1e-05,1.0,0.0,390.0173813
0.00098,0.0001,1e-05,0.0,0.02,317.0897292
0.00098,0.0001,1e-05,0.1,0.02,390.018987
0.00098,0.0001,1e-05,0.2,0.02,390.018987
0.00098,0.0001,1e-05,0.3,0.02,390.018987
0.00098,0.0001,1e-05,0.4,0.02,390.018987
0.00098,0.0001,1e-05,0.5,0.02,390.018987
0.00098,0.0001,1e-05,0.6,0.02,390.018987
0.00098,0.0001,1e-05,0.7,0.02,390.018987
0.00098,0.0001,1e-05,0.8,0.02,390.018987
0.00098,0.0001,1e-05,0.9,0.02,390.018987
0.00098,0.0001,1e-05,1.0,0.02,390.018987
0.001,0.0001,0.0,0.0,0.0,317.0880699
0.001,0.0001,0.0,0.1,0.0,390.0101815
0.001,0.0001,0.0,0.2,0.0,390.0101815
0.001,0.0001,0.0,0.3,0.0,390.0101815
0.001,0.0001,0.0,0.4,0.0,390.0101815
0.001,0.0001,0.0,0.5,0.0,390.0101815
0.001,0.0001,0.0,0.6,0.0,390.0101815
0.001,0.0001,0.0,0.7,0.0,390.0101815
0.001,0.0001,0.0,0.8,0.0,390.0101815
0.001,0.0001,0.0,0.9,0.0,390.0101815
0.001,0.0001,0.0,1.0,0.0,390.0101815
0.000987,8.62e-05,1e-05,0.0,0.012768162,317.0901551
0.000987,8.62e-05,1e-05,0.1,0.012768162,390.0211947
0.000987,8.62e-05,1e-05,0.2,0.012768162,390.0211947
0.000987,8.62e-05,1e-05,0.3,0.012768162,390.0211947
0.000987,8.62e-05,1e-05,0.4,0.012768162,390.0211947
0.000987,8.62e-05,1e-05,0.5,0.012768162,390.0211947
0.000987,8.62e-05,1e-05,0.6,0.012768162,390.0211947
0.000987,8.62e-05,1e-05,0.7,0.012768162,390.0211947
0.000987,8.62e-05,1e-05,0.8,0.012768162,390.0211947
0.000987,8.62e-05,1e-05,0.9,0.012768162,390.0211947
0.000987,8.62e-05,1e-05,1.0,0.012768162,390.0211947
0.001,0.0001,1e-05,0.0,0.0,317.0880699
0.001,0.0001,1e-05,0.1,0.0,390.0101815
0.001,0.0001,1e-05,0.2,0.0,390.0101815
0.001,0.0001,1e-05,0.3,0.0,390.0101815
0.001,0.0001,1e-05,0.4,0.0,390.0101815
0.001,0.0001,1e-05,0.5,0.0,390.0101815
0.001,0.0001,1e-05,0.6,0.0,390.0101815
0.001,0.0001,1e-05,0.7,0.0,390.0101815
0.001,0.0001,1e-05,0.8,0.0,390.0101815
0.001,0.0001,1e-05,0.9,0.0,390.0101815
0.001,0.0001,1e-05,1.0,0.0,390.0101815
