X,Y,Z,t,V,T
0.0,2e-05,1e-05,0.0,1.0,317.0956634
0.0,2e-05,1e-05,0.1,1.0,390.0533932
0.0,2e-05,1e-05,0.2,1.0,390.0533932
0.0,2e-05,1e-05,0.3,1.0,390.0533932
0.0,2e-05,1e-05,0.4,1.0,390.0533932
0.0,2e-05,1e-05,0.5,1.0,390.0533932
0.0,2e-05,1e-05,0.6,1.0,390.0533932
0.0,2e-05,1e-05,0.7,1.0,390.0533932
0.0,2e-05,1e-05,0.8,1.0,390.0533932
0.0,2e-05,1e-05,0.9,1.0,390.0533932
0.0,2e-05,1e-05,1.0,1.0,390.0533932
0.0,2e-05,0.0,0.0,1.0,317.0956639
0.0,2e-05,0.0,0.1,1.0,390.053396
0.0,2e-05,0.0,0.2,1.0,390.053396
0.0,2e-05,0.0,0.3,1.0,390.053396
0.0,2e-05,0.0,0.4,1.0,390.053396
0.0,2e-05,0.0,0.5,1.0,390.053396
0.0,2e-05,0.0,0.6,1.0,390.053396
0.0,2e-05,0.0,0.7,1.0,390.053396
0.0,2e-05,0.0,0.8,1.0,390.053396
0.0,2e-05,0.0,0.9,1.0,390.053396
0.0,2e-05,0.0,1.0,1.0,390.053396
1.28e-05,1.38e-05,1e-05,0.0,0.987159103,317.0960288
1.28e-05,1.38e-05,1e-05,0.1,0.987159103,390.0553246
1.28e-05,1.38e-05,1e-05,0.2,0.987159103,390.0553246
1.28e-05,1.38e-05,1e-05,0.3,0.987159103,390.0553246
1.28e-05,1.38e-05,1e-05,0.4,0.987159103,390.0553246
1.28e-05,1.38e-05,1e-05,0.5,0.987159103,390.0553246
1.28e-05,1.38e-05,1e-05,0.6,0.987159103,390.0553246
1.28e-05,1.38e-05,1e-05,0.7,0.987159103,390.0553246
1.28e-05,1.38e-05,1e-05,0.8,0.987159103,390.0553246
1.28e-05,1.38e-05,1e-05,0.9,0.987159103,390.0553246
1.28e-05,1.38e-05,1e-05,1.0,0.987159103,390.0553246
0.0,0.0,0.0,0.0,1.0,317.0949798
0.0,0.0,0.0,0.1,1.0,390.0497914
0.0,0.0,0.0,0.2,1.0,390.0497914
0.0,0.0,0.0,0.3,1.0,390.0497914
0.0,0.0,0.0,0.4,1.0,390.0497914
0.0,0.0,0.0,0.5,1.0,390.0497914
0.0,0.0,0.0,0.6,1.0,390.0497914
0.0,0.0,0.0,0.7,1.0,390.0497914
0.0,0.0,0.0,0.8,1.0,390.0497914
0.0,0.0,0.0,0.9,1.0,390.0497914
0.0,0.0,0.0,1.0,1.0,390.0497914
1.28e-05,1.38e-05,0.0,0.0,0.987152761,317.096029
1.28e-05,1.38e-05,0.0,0.1,0.987152761,390.0553255
1.28e-05,1.38e-05,0.0,0.2,0.987152761,390.0553255
1.28e-05,1.38e-05,0.0,0.3,0.987152761,390.0553255
1.28e-05,1.38e-05,0.0,0.4,0.987152761,390.0553255
1.28e-05,1.38e-05,0.0,0.5,0.987152761,390.0553255
1.28e-05,1.38e-05,0.0,0.6,0.987152761,390.0553255
1.28e-05,1.38e-05,0.0,0.7,0.987152761,390.0553255
1.28e-05,1.38e-05,0.0,0.8,0.987152761,390.0553255
1.28e-05,1.38e-05,0.0,0.9,0.987152761,390.0553255
1.28e-05,1.38e-05,0.0,1.0,0.987152761,390.0553255
0.0,0.0,1e-05,0.0,1.0,317.0949798
0.0,0.0,1e-05,0.1,1.0,390.0497915
0.0,0.0,1e-05,0.2,1.0,390.0497915
0.0,0.0,1e-05,0.3,1.0,390.0497915
0.0,0.0,1e-05,0.4,1.0,390.0497915
0.0,0.0,1e-05,0.5,1.0,390.0497915
0.0,0.0,1e-05,0.6,1.0,390.0497915
0.0,0.0,1e-05,0.7,1.0,390.0497915
0.0,0.0,1e-05,0.8,1.0,390.0497915
0.0,0.0,1e-05,0.9,1.0,390.0497915
0.0,0.0,1e-05,1.0,1.0,390.0497915
2e-05,0.0,1e-05,0.0,0.98,317.0958136
2e-05,0.0,1e-05,0.1,0.98,390.0542
2e-05,0.0,1e-05,0.2,0.98,390.0542
2e-05,0.0,1e-05,0.3,0.98,390.0542
2e-05,0.0,1e-05,0.4,0.98,390.0542
2e-05,0.0,1e-05,0.5,0.98,390.0542
2e-05,0.0,1e-05,0.6,0.98,390.0542
2e-05,0.0,1e-05,0.7,0.98,390.0542
2e-05,0.0,1e-05,0.8,0.98,390.0542
2e-05,0.0,1e-05,0.9,0.98,390.0542
2e-05,0.0,1e-05,1.0,0.98,390.0542
2e-05,0.0,0.0,0.0,0.98,317.0958136
2e-05,0.0,0.0,0.1,0.98,390.0542
2e-05,0.0,0.0,0.2,0.98,390.0542
2e-05,0.0,0.0,0.3,0.98,390.0542
2e-05,0.0,0.0,0.4,0.98,390.0542
2e-05,0.0,0.0,0.5,0.98,390.0542
2e-05,0.0,0.0,0.6,0.98,390.0542
2e-05,0.0,0.0,0.7,0.98,390.0542
2e-05,0.0,0.0,0.8,0.98,390.0542
2e-05,0.0,0.0,0.9,0.98,390.0542
2e-05,0.0,0.0,1.0,0.98,390.0542
0.0,4.01e-05,0.0,0.0,1.0,317.0960054
0.0,4.01e-05,0.0,0.1,1.0,390.0551963
0.0,4.01e-05,0.0,0.2,1.0,390.0551963
0.0,4.01e-05,0.0,0.3,1.0,390.0551963
0.0,4.01e-05,0.0,0.4,1.0,390.0551963
0.0,4.01e-05,0.0,0.5,1.0,390.0551963
0.0,4.01e-05,0.0,0.6,1.0,390.0551963
0.0,4.01e-05,0.0,0.7,1.0,390.0551963
0.0,4.01e-05,0.0,0.8,1.0,390.0551963
0.0,4.01e-05,0.0,0.9,1.0,390.0551963
0.0,4.01e-05,0.0,1.0,1.0,390.0551963
0.0,4e-05,1e-05,0.0,1.0,317.0960049
0.0,4e-05,1e-05,0.1,1.0,390.0551939
0.0,4e-05,1e-05,0.2,1.0,390.0551939
0.0,4e-05,1e-05,0.3,1.0,390.0551939
0.0,4e-05,1e-05,0.4,1.0,390.0551939
0.0,4e-05,1e-05,0.5,1.0,390.0551939
0.0,4e-05,1e-05,0.6,1.0,390.0551939
0.0,4e-05,1e-05,0.7,1.0,390.0551939
0.0,4e-05,1e-05,0.8,1.0,390.0551939
0.0,4e-05,1e-05,0.9,1.0,390.0551939
0.0,4e-05,1e-05,1.0,1.0,390.0551939
1.47e-05,3.02e-05,0.0,0.0,0.985253166,317.0964993
1.47e-05,3.02e-05,0.0,0.1,0.985253166,390.0578067
1.47e-05,3.02e-05,0.0,0.2,0.985253166,390.0578067
1.47e-05,3.02e-05,0.0,0.3,0.985253166,390.0578067
1.47e-05,3.02e-05,0.0,0.4,0.985253166,390.0578067
1.47e-05,3.02e-05,0.0,0.5,0.985253166,390.0578067
1.47e-05,3.02e-05,0.0,0.6,0.985253166,390.0578067
1.47e-05,3.02e-05,0.0,0.7,0.985253166,390.0578067
1.47e-05,3.02e-05,0.0,0.8,0.985253166,390.0578067
1.47e-05,3.02e-05,0.0,0.9,0.985253166,390.0578067
1.47e-05,3.02e-05,0.0,1.0,0.985253166,390.0578067
1.48e-05,4.94e-05,0.0,0.0,0.985167734,317.0966698
1.48e-05,4.94e-05,0.0,0.1,0.985167734,390.0587057
1.48e-05,4.94e-05,0.0,0.2,0.985167734,390.0587057
1.48e-05,4.94e-05,0.0,0.3,0.985167734,390.0587057
1.48e-05,4.94e-05,0.0,0.4,0.985167734,390.0587057
1.48e-05,4.94e-05,0.0,0.5,0.985167734,390.0587057
1.48e-05,4.94e-05,0.0,0.6,0.985167734,390.0587057
1.48e-05,4.94e-05,0.0,0.7,0.985167734,390.0587057
1.48e-05,4.94e-05,0.0,0.8,0.985167734,390.0587057
1.48e-05,4.94e-05,0.0,0.9,0.985167734,390.0587057
1.48e-05,4.94e-05,0.0,1.0,0.985167734,390.0587057
0.0,6.01e-05,0.0,0.0,1.0,317.0960038
0.0,6.01e-05,0.0,0.1,1.0,390.0551879
0.0,6.01e-05,0.0,0.2,1.0,390.0551879
0.0,6.01e-05,0.0,0.3,1.0,390.0551879
0.0,6.01e-05,0.0,0.4,1.0,390.0551879
0.0,6.01e-05,0.0,0.5,1.0,390.0551879
0.0,6.01e-05,0.0,0.6,1.0,390.0551879
0.0,6.01e-05,0.0,0.7,1.0,390.0551879
0.0,6.01e-05,0.0,0.8,1.0,390.0551879
0.0,6.01e-05,0.0,0.9,1.0,390.0551879
0.0,6.01e-05,0.0,1.0,1.0,390.0551879
0.0,6e-05,1e-05,0.0,1.0,317.0960049
0.0,6e-05,1e-05,0.1,1.0,390.0551939
0.0,6e-05,1e-05,0.2,1.0,390.0551939
0.0,6e-05,1e-05,0.3,1.0,390.0551939
0.0,6e-05,1e-05,0.4,1.0,390.0551939
0.0,6e-05,1e-05,0.5,1.0,390.0551939
0.0,6e-05,1e-05,0.6,1.0,390.0551939
0.0,6e-05,1e-05,0.7,1.0,390.0551939
0.0,6e-05,1e-05,0.8,1.0,390.0551939
0.0,6e-05,1e-05,0.9,1.0,390.0551939
0.0,6e-05,1e-05,1.0,1.0,390.0551939
1.58e-05,4.94e-05,1e-05,0.0,0.98421414,317.096709
1.58e-05,4.94e-05,1e-05,0.1,0.98421414,390.0589135
1.58e-05,4.94e-05,1e-05,0.2,0.98421414,390.0589135
1.58e-05,4.94e-05,1e-05,0.3,0.98421414,390.0589135
1.58e-05,4.94e-05,1e-05,0.4,0.98421414,390.0589135
1.58e-05,4.94e-05,1e-05,0.5,0.98421414,390.0589135
1.58e-05,4.94e-05,1e-05,0.6,0.98421414,390.0589135
1.58e-05,4.94e-05,1e-05,0.7,0.98421414,390.0589135
1.58e-05,4.94e-05,1e-05,0.8,0.98421414,390.0589135
1.58e-05,4.94e-05,1e-05,0.9,0.98421414,390.0589135
1.58e-05,4.94e-05,1e-05,1.0,0.98421414,390.0589135
1.48e-05,3.02e-05,1e-05,0.0,0.985192051,317.096501
1.48e-05,3.02e-05,1e-05,0.1,0.985192051,390.0578156
1.48e-05,3.02e-05,1e-05,0.2,0.985192051,390.0578156
1.48e-05,3.02e-05,1e-05,0.3,0.985192051,390.0578156
1.48e-05,3.02e-05,1e-05,0.4,0.985192051,390.0578156
1.48e-05,3.02e-05,1e-05,0.5,0.985192051,390.0578156
1.48e-05,3.02e-05,1e-05,0.6,0.985192051,390.0578156
1.48e-05,3.02e-05,1e-05,0.7,0.985192051,390.0578156
1.48e-05,3.02e-05,1e-05,0.8,0.985192051,390.0578156
1.48e-05,3.02e-05,1e-05,0.9,0.985192051,390.0578156
1.48e-05,3.02e-05,1e-05,1.0,0.985192051,390.0578156
2.98e-05,1.76e-05,0.0,0.0,0.970175585,317.0968268
2.98e-05,1.76e-05,0.0,0.1,0.970175585,390.0595578
2.98e-05,1.76e-05,0.0,0.2,0.970175585,390.0595578
2.98e-05,1.76e-05,0.0,0.3,0.970175585,390.0595578
2.98e-05,1.76e-05,0.0,0.4,0.970175585,390.0595578
2.98e-05,1.76e-05,0.0,0.5,0.970175585,390.0595578
2.98e-05,1.76e-05,0.0,0.6,0.970175585,390.0595578
2.98e-05,1.76e-05,0.0,0.7,0.970175585,390.0595578
2.98e-05,1.76e-05,0.0,0.8,0.970175585,390.0595578
2.98e-05,1.76e-05,0.0,0.9,0.970175585,390.0595578
2.98e-05,1.76e-05,0.0,1.0,0.970175585,390.0595578
3.09e-05,1.78e-05,1e-05,0.0,0.96907483,317.0968761
3.09e-05,1.78e-05,1e-05,0.1,0.96907483,390.0598205
3.09e-05,1.78e-05,1e-05,0.2,0.96907483,390.0598205
3.09e-05,1.78e-05,1e-05,0.3,0.96907483,390.0598205
3.09e-05,1.78e-05,1e-05,0.4,0.96907483,390.0598205
3.09e-05,1.78e-05,1e-05,0.5,0.96907483,390.0598205
3.09e-05,1.78e-05,1e-05,0.6,0.96907483,390.0598205
3.09e-05,1.78e-05,1e-05,0.7,0.96907483,390.0598205
3.09e-05,1.78e-05,1e-05,0.8,0.96907483,390.0598205
3.09e-05,1.78e-05,1e-05,0.9,0.96907483,390.0598205
3.09e-05,1.78e-05,1e-05,1.0,0.96907483,390.0598205
4.02e-05,6.93e-06,5.05e-06,0.0,0.95978164,317.0969968
4.02e-05,6.93e-06,5.05e-06,0.1,0.95978164,390.0604814
4.02e-05,6.93e-06,5.05e-06,0.2,0.95978164,390.0604814
4.02e-05,6.93e-06,5.05e-06,0.3,0.95978164,390.0604814
4.02e-05,6.93e-06,5.05e-06,0.4,0.95978164,390.0604814
4.02e-05,6.93e-06,5.05e-06,0.5,0.95978164,390.0604814
4.02e-05,6.93e-06,5.05e-06,0.6,0.95978164,390.0604814
4.02e-05,6.93e-06,5.05e-06,0.7,0.95978164,390.0604814
4.02e-05,6.93e-06,5.05e-06,0.8,0.95978164,390.0604814
4.02e-05,6.93e-06,5.05e-06,0.9,0.95978164,390.0604814
4.02e-05,6.93e-06,5.05e-06,1.0,0.95978164,390.0604814
4e-05,0.0,1e-05,0.0,0.96,317.0966059
4e-05,0.0,1e-05,0.1,0.96,390.0584212
4e-05,0.0,1e-05,0.2,0.96,390.0584212
4e-05,0.0,1e-05,0.3,0.96,390.0584212
4e-05,0.0,1e-05,0.4,0.96,390.0584212
4e-05,0.0,1e-05,0.5,0.96,390.0584212
4e-05,0.0,1e-05,0.6,0.96,390.0584212
4e-05,0.0,1e-05,0.7,0.96,390.0584212
4e-05,0.0,1e-05,0.8,0.96,390.0584212
4e-05,0.0,1e-05,0.9,0.96,390.0584212
4e-05,0.0,1e-05,1.0,0.96,390.0584212
4e-05,0.0,0.0,0.0,0.96,317.0966059
4e-05,0.0,0.0,0.1,0.96,390.0584212
4e-05,0.0,0.0,0.2,0.96,390.0584212
4e-05,0.0,0.0,0.3,0.96,390.0584212
4e-05,0.0,0.0,0.4,0.96,390.0584212
4e-05,0.0,0.0,0.5,0.96,390.0584212
4e-05,0.0,0.0,0.6,0.96,390.0584212
4e-05,0.0,0.0,0.7,0.96,390.0584212
4e-05,0.0,0.0,0.8,0.96,390.0584212
4e-05,0.0,0.0,0.9,0.96,390.0584212
4e-05,0.0,0.0,1.0,0.96,390.0584212
0.0,8e-05,0.0,0.0,1.0,317.0956635
0.0,8e-05,0.0,0.1,1.0,390.0533941
0.0,8e-05,0.0,0.2,1.0,390.0533941
0.0,8e-05,0.0,0.3,1.0,390.0533941
0.0,8e-05,0.0,0.4,1.0,390.0533941
0.0,8e-05,0.0,0.5,1.0,390.0533941
0.0,8e-05,0.0,0.6,1.0,390.0533941
0.0,8e-05,0.0,0.7,1.0,390.0533941
0.0,8e-05,0.0,0.8,1.0,390.0533941
0.0,8e-05,0.0,0.9,1.0,390.0533941
0.0,8e-05,0.0,1.0,1.0,390.0533941
0.0,8e-05,1e-05,0.0,1.0,317.0956634
0.0,8e-05,1e-05,0.1,1.0,390.0533932
0.0,8e-05,1e-05,0.2,1.0,390.0533932
0.0,8e-05,1e-05,0.3,1.0,390.0533932
0.0,8e-05,1e-05,0.4,1.0,390.0533932
0.0,8e-05,1e-05,0.5,1.0,390.0533932
0.0,8e-05,1e-05,0.6,1.0,390.0533932
0.0,8e-05,1e-05,0.7,1.0,390.0533932
0.0,8e-05,1e-05,0.8,1.0,390.0533932
0.0,8e-05,1e-05,0.9,1.0,390.0533932
0.0,8e-05,1e-05,1.0,1.0,390.0533932
1.49e-05,8.68e-05,0.0,0.0,0.985149597,317.096091
1.49e-05,8.68e-05,0.0,0.1,0.985149597,390.0556546
1.49e-05,8.68e-05,0.0,0.2,0.985149597,390.0556546
1.49e-05,8.68e-05,0.0,0.3,0.985149597,390.0556546
1.49e-05,8.68e-05,0.0,0.4,0.985149597,390.0556546
1.49e-05,8.68e-05,0.0,0.5,0.985149597,390.0556546
1.49e-05,8.68e-05,0.0,0.6,0.985149597,390.0556546
1.49e-05,8.68e-05,0.0,0.7,0.985149597,390.0556546
1.49e-05,8.68e-05,0.0,0.8,0.985149597,390.0556546
1.49e-05,8.68e-05,0.0,0.9,0.985149597,390.0556546
1.49e-05,8.68e-05,0.0,1.0,0.985149597,390.0556546
0.0,0.0001,0.0,0.0,1.0,317.0949798
0.0,0.0001,0.0,0.1,1.0,390.0497915
0.0,0.0001,0.0,0.2,1.0,390.0497915
0.0,0.0001,0.0,0.3,1.0,390.0497915
0.0,0.0001,0.0,0.4,1.0,390.0497915
0.0,0.0001,0.0,0.5,1.0,390.0497915
0.0,0.0001,0.0,0.6,1.0,390.0497915
0.0,0.0001,0.0,0.7,1.0,390.0497915
0.0,0.0001,0.0,0.8,1.0,390.0497915
0.0,0.0001,0.0,0.9,1.0,390.0497915
0.0,0.0001,0.0,1.0,1.0,390.0497915
0.0,0.0001,1e-05,0.0,1.0,317.0949798
0.0,0.0001,1e-05,0.1,1.0,390.0497914
0.0,0.0001,1e-05,0.2,1.0,390.0497914
0.0,0.0001,1e-05,0.3,1.0,390.0497914
0.0,0.0001,1e-05,0.4,1.0,390.0497914
0.0,0.0001,1e-05,0.5,1.0,390.0497914
0.0,0.0001,1e-05,0.6,1.0,390.0497914
0.0,0.0001,1e-05,0.7,1.0,390.0497914
0.0,0.0001,1e-05,0.8,1.0,390.0497914
0.0,0.0001,1e-05,0.9,1.0,390.0497914
0.0,0.0001,1e-05,1.0,1.0,390.0497914
1.5e-05,8.68e-05,1e-05,0.0,0.984992331,317.0960981
1.5e-05,8.68e-05,1e-05,0.1,0.984992331,390.0556922
1.5e-05,8.68e-05,1e-05,0.2,0.984992331,390.0556922
1.5e-05,8.68e-05,1e-05,0.3,0.984992331,390.0556922
1.5e-05,8.68e-05,1e-05,0.4,0.984992331,390.0556922
1.5e-05,8.68e-05,1e-05,0.5,0.984992331,390.0556922
1.5e-05,8.68e-05,1e-05,0.6,0.984992331,390.0556922
1.5e-05,8.68e-05,1e-05,0.7,0.984992331,390.0556922
1.5e-05,8.68e-05,1e-05,0.8,0.984992331,390.0556922
1.5e-05,8.68e-05,1e-05,0.9,0.984992331,390.0556922
1.5e-05,8.68e-05,1e-05,1.0,0.984992331,390.0556922
1.78e-05,6.9e-05,0.0,0.0,0.982158626,317.0966387
1.78e-05,6.9e-05,0.0,0.1,0.982158626,390.0585454
1.78e-05,6.9e-05,0.0,0.2,0.982158626,390.0585454
1.78e-05,6.9e-05,0.0,0.3,0.982158626,390.0585454
1.78e-05,6.9e-05,0.0,0.4,0.982158626,390.0585454
1.78e-05,6.9e-05,0.0,0.5,0.982158626,390.0585454
1.78e-05,6.9e-05,0.0,0.6,0.982158626,390.0585454
1.78e-05,6.9e-05,0.0,0.7,0.982158626,390.0585454
1.78e-05,6.9e-05,0.0,0.8,0.982158626,390.0585454
1.78e-05,6.9e-05,0.0,0.9,0.982158626,390.0585454
1.78e-05,6.9e-05,0.0,1.0,0.982158626,390.0585454
1.82e-05,6.9e-05,1e-05,0.0,0.981817255,317.0966535
1.82e-05,6.9e-05,1e-05,0.1,0.981817255,390.0586238
1.82e-05,6.9e-05,1e-05,0.2,0.981817255,390.0586238
1.82e-05,6.9e-05,1e-05,0.3,0.981817255,390.0586238
1.82e-05,6.9e-05,1e-05,0.4,0.981817255,390.0586238
1.82e-05,6.9e-05,1e-05,0.5,0.981817255,390.0586238
1.82e-05,6.9e-05,1e-05,0.6,0.981817255,390.0586238
1.82e-05,6.9e-05,1e-05,0.7,0.981817255,390.0586238
1.82e-05,6.9e-05,1e-05,0.8,0.981817255,390.0586238
1.82e-05,6.9e-05,1e-05,0.9,0.981817255,390.0586238
1.82e-05,6.9e-05,1e-05,1.0,0.981817255,390.0586238
2.9e-05,5.47e-05,0.0,0.0,0.971015793,317.0972331
2.9e-05,5.47e-05,0.0,0.1,0.971015793,390.061698
2.9e-05,5.47e-05,0.0,0.2,0.971015793,390.061698
2.9e-05,5.47e-05,0.0,0.3,0.971015793,390.061698
2.9e-05,5.47e-05,0.0,0.4,0.971015793,390.061698
2.9e-05,5.47e-05,0.0,0.5,0.971015793,390.061698
2.9e-05,5.47e-05,0.0,0.6,0.971015793,390.061698
2.9e-05,5.47e-05,0.0,0.7,0.971015793,390.061698
2.9e-05,5.47e-05,0.0,0.8,0.971015793,390.061698
2.9e-05,5.47e-05,0.0,0.9,0.971015793,390.061698
2.9e-05,5.47e-05,0.0,1.0,0.971015793,390.061698
3.04e-05,3.9e-05,0.0,0.0,0.969604074,317.0972469
3.04e-05,3.9e-05,0.0,0.1,0.969604074,390.0617739
3.04e-05,3.9e-05,0.0,0.2,0.969604074,390.0617739
3.04e-05,3.9e-05,0.0,0.3,0.969604074,390.0617739
3.04e-05,3.9e-05,0.0,0.4,0.969604074,390.0617739
3.04e-05,3.9e-05,0.0,0.5,0.969604074,390.0617739
3.04e-05,3.9e-05,0.0,0.6,0.969604074,390.0617739
3.04e-05,3.9e-05,0.0,0.7,0.969604074,390.0617739
3.04e-05,3.9e-05,0.0,0.8,0.969604074,390.0617739
3.04e-05,3.9e-05,0.0,0.9,0.969604074,390.0617739
3.04e-05,3.9e-05,0.0,1.0,0.969604074,390.0617739
3e-05,5.43e-05,1e-05,0.0,0.97000026,317.0972749
3e-05,5.43e-05,1e-05,0.1,0.97000026,390.0619204
3e-05,5.43e-05,1e-05,0.2,0.97000026,390.0619204
3e-05,5.43e-05,1e-05,0.3,0.97000026,390.0619204
3e-05,5.43e-05,1e-05,0.4,0.97000026,390.0619204
3e-05,5.43e-05,1e-05,0.5,0.97000026,390.0619204
3e-05,5.43e-05,1e-05,0.6,0.97000026,390.0619204
3e-05,5.43e-05,1e-05,0.7,0.97000026,390.0619204
3e-05,5.43e-05,1e-05,0.8,0.97000026,390.0619204
3e-05,5.43e-05,1e-05,0.9,0.97000026,390.0619204
3e-05,5.43e-05,1e-05,1.0,0.97000026,390.0619204
3.04e-05,3.9e-05,1e-05,0.0,0.969557891,317.0972482
3.04e-05,3.9e-05,1e-05,0.1,0.969557891,390.061781
3.04e-05,3.9e-05,1e-05,0.2,0.969557891,390.061781
3.04e-05,3.9e-05,1e-05,0.3,0.969557891,390.061781
3.04e-05,3.9e-05,1e-05,0.4,0.969557891,390.061781
3.04e-05,3.9e-05,1e-05,0.5,0.969557891,390.061781
3.04e-05,3.9e-05,1e-05,0.6,0.969557891,390.061781
3.04e-05,3.9e-05,1e-05,0.7,0.969557891,390.061781
3.04e-05,3.9e-05,1e-05,0.8,0.969557891,390.061781
3.04e-05,3.9e-05,1e-05,0.9,0.969557891,390.061781
3.04e-05,3.9e-05,1e-05,1.0,0.969557891,390.061781
4.46e-05,3.16e-05,0.0,0.0,0.955389862,317.0977068
4.46e-05,3.16e-05,0.0,0.1,0.955389862,390.0642372
4.46e-05,3.16e-05,0.0,0.2,0.955389862,390.0642372
4.46e-05,3.16e-05,0.0,0.3,0.955389862,390.0642372
4.46e-05,3.16e-05,0.0,0.4,0.955389862,390.0642372
4.46e-05,3.16e-05,0.0,0.5,0.955389862,390.0642372
4.46e-05,3.16e-05,0.0,0.6,0.955389862,390.0642372
4.46e-05,3.16e-05,0.0,0.7,0.955389862,390.0642372
4.46e-05,3.16e-05,0.0,0.8,0.955389862,390.0642372
4.46e-05,3.16e-05,0.0,0.9,0.955389862,390.0642372
4.46e-05,3.16e-05,0.0,1.0,0.955389862,390.0642372
4.45e-05,3.15e-05,1e-05,0.0,0.955504231,317.097701
4.45e-05,3.15e-05,1e-05,0.1,0.955504231,390.0642062
4.45e-05,3.15e-05,1e-05,0.2,0.955504231,390.0642062
4.45e-05,3.15e-05,1e-05,0.3,0.955504231,390.0642062
4.45e-05,3.15e-05,1e-05,0.4,0.955504231,390.0642062
4.45e-05,3.15e-05,1e-05,0.5,0.955504231,390.0642062
4.45e-05,3.15e-05,1e-05,0.6,0.955504231,390.0642062
4.45e-05,3.15e-05,1e-05,0.7,0.955504231,390.0642062
4.45e-05,3.15e-05,1e-05,0.8,0.955504231,390.0642062
4.45e-05,3.15e-05,1e-05,0.9,0.955504231,390.0642062
4.45e-05,3.15e-05,1e-05,1.0,0.955504231,390.0642062
5.1e-05,1.68e-05,1e-05,0.0,0.9490182,317.0976203
5.1e-05,1.68e-05,1e-05,0.1,0.9490182,390.0638033
5.1e-05,1.68e-05,1e-05,0.2,0.9490182,390.0638033
5.1e-05,1.68e-05,1e-05,0.3,0.9490182,390.0638033
5.1e-05,1.68e-05,1e-05,0.4,0.9490182,390.0638033
5.1e-05,1.68e-05,1e-05,0.5,0.9490182,390.0638033
5.1e-05,1.68e-05,1e-05,0.6,0.9490182,390.0638033
5.1e-05,1.68e-05,1e-05,0.7,0.9490182,390.0638033
5.1e-05,1.68e-05,1e-05,0.8,0.9490182,390.0638033
5.1e-05,1.68e-05,1e-05,0.9,0.9490182,390.0638033
5.1e-05,1.68e-05,1e-05,1.0,0.9490182,390.0638033
5.1e-05,1.68e-05,0.0,0.0,0.949016181,317.0976209
5.1e-05,1.68e-05,0.0,0.1,0.949016181,390.0638064
5.1e-05,1.68e-05,0.0,0.2,0.949016181,390.0638064
5.1e-05,1.68e-05,0.0,0.3,0.949016181,390.0638064
5.1e-05,1.68e-05,0.0,0.4,0.949016181,390.0638064
5.1e-05,1.68e-05,0.0,0.5,0.949016181,390.0638064
5.1e-05,1.68e-05,0.0,0.6,0.949016181,390.0638064
5.1e-05,1.68e-05,0.0,0.7,0.949016181,390.0638064
5.1e-05,1.68e-05,0.0,0.8,0.949016181,390.0638064
5.1e-05,1.68e-05,0.0,0.9,0.949016181,390.0638064
5.1e-05,1.68e-05,0.0,1.0,0.949016181,390.0638064
6e-05,0.0,1e-05,0.0,0.94,317.0973578
6e-05,0.0,1e-05,0.1,0.94,390.062456
6e-05,0.0,1e-05,0.2,0.94,390.062456
6e-05,0.0,1e-05,0.3,0.94,390.062456
6e-05,0.0,1e-05,0.4,0.94,390.062456
6e-05,0.0,1e-05,0.5,0.94,390.062456
6e-05,0.0,1e-05,0.6,0.94,390.062456
6e-05,0.0,1e-05,0.7,0.94,390.062456
6e-05,0.0,1e-05,0.8,0.94,390.062456
6e-05,0.0,1e-05,0.9,0.94,390.062456
6e-05,0.0,1e-05,1.0,0.94,390.062456
6e-05,0.0,0.0,0.0,0.94,317.0973578
6e-05,0.0,0.0,0.1,0.94,390.062456
6e-05,0.0,0.0,0.2,0.94,390.062456
6e-05,0.0,0.0,0.3,0.94,390.062456
6e-05,0.0,0.0,0.4,0.94,390.062456
6e-05,0.0,0.0,0.5,0.94,390.062456
6e-05,0.0,0.0,0.6,0.94,390.062456
6e-05,0.0,0.0,0.7,0.94,390.062456
6e-05,0.0,0.0,0.8,0.94,390.062456
6e-05,0.0,0.0,0.9,0.94,390.062456
6e-05,0.0,0.0,1.0,0.94,390.062456
2e-05,0.0001,0.0,0.0,0.98,317.0958136
2e-05,0.0001,0.0,0.1,0.98,390.0542
2e-05,0.0001,0.0,0.2,0.98,390.0542
2e-05,0.0001,0.0,0.3,0.98,390.0542
2e-05,0.0001,0.0,0.4,0.98,390.0542
2e-05,0.0001,0.0,0.5,0.98,390.0542
2e-05,0.0001,0.0,0.6,0.98,390.0542
2e-05,0.0001,0.0,0.7,0.98,390.0542
2e-05,0.0001,0.0,0.8,0.98,390.0542
2e-05,0.0001,0.0,0.9,0.98,390.0542
2e-05,0.0001,0.0,1.0,0.98,390.0542
2e-05,0.0001,1e-05,0.0,0.98,317.0958136
2e-05,0.0001,1e-05,0.1,0.98,390.0542
2e-05,0.0001,1e-05,0.2,0.98,390.0542
2e-05,0.0001,1e-05,0.3,0.98,390.0542
2e-05,0.0001,1e-05,0.4,0.98,390.0542
2e-05,0.0001,1e-05,0.5,0.98,390.0542
2e-05,0.0001,1e-05,0.6,0.98,390.0542
2e-05,0.0001,1e-05,0.7,0.98,390.0542
2e-05,0.0001,1e-05,0.8,0.98,390.0542
2e-05,0.0001,1e-05,0.9,0.98,390.0542
2e-05,0.0001,1e-05,1.0,0.98,390.0542
3.01e-05,8.51e-05,0.0,0.0,0.969906414,317.0967595
3.01e-05,8.51e-05,0.0,0.1,0.969906414,390.059204
3.01e-05,8.51e-05,0.0,0.2,0.969906414,390.059204
3.01e-05,8.51e-05,0.0,0.3,0.969906414,390.059204
3.01e-05,8.51e-05,0.0,0.4,0.969906414,390.059204
3.01e-05,8.51e-05,0.0,0.5,0.969906414,390.059204
3.01e-05,8.51e-05,0.0,0.6,0.969906414,390.059204
3.01e-05,8.51e-05,0.0,0.7,0.969906414,390.059204
3.01e-05,8.51e-05,0.0,0.8,0.969906414,390.059204
3.01e-05,8.51e-05,0.0,0.9,0.969906414,390.059204
3.01e-05,8.51e-05,0.0,1.0,0.969906414,390.059204
3.11e-05,8.54e-05,1e-05,0.0,0.96893089,317.0967904
3.11e-05,8.54e-05,1e-05,0.1,0.96893089,390.0593689
3.11e-05,8.54e-05,1e-05,0.2,0.96893089,390.0593689
3.11e-05,8.54e-05,1e-05,0.3,0.96893089,390.0593689
3.11e-05,8.54e-05,1e-05,0.4,0.96893089,390.0593689
3.11e-05,8.54e-05,1e-05,0.5,0.96893089,390.0593689
3.11e-05,8.54e-05,1e-05,0.6,0.96893089,390.0593689
3.11e-05,8.54e-05,1e-05,0.7,0.96893089,390.0593689
3.11e-05,8.54e-05,1e-05,0.8,0.96893089,390.0593689
3.11e-05,8.54e-05,1e-05,0.9,0.96893089,390.0593689
3.11e-05,8.54e-05,1e-05,1.0,0.96893089,390.0593689
3.83e-05,6.75e-05,0.0,0.0,0.961693177,317.0974774
3.83e-05,6.75e-05,0.0,0.1,0.961693177,390.0630088
3.83e-05,6.75e-05,0.0,0.2,0.961693177,390.0630088
3.83e-05,6.75e-05,0.0,0.3,0.961693177,390.0630088
3.83e-05,6.75e-05,0.0,0.4,0.961693177,390.0630088
3.83e-05,6.75e-05,0.0,0.5,0.961693177,390.0630088
3.83e-05,6.75e-05,0.0,0.6,0.961693177,390.0630088
3.83e-05,6.75e-05,0.0,0.7,0.961693177,390.0630088
3.83e-05,6.75e-05,0.0,0.8,0.961693177,390.0630088
3.83e-05,6.75e-05,0.0,0.9,0.961693177,390.0630088
3.83e-05,6.75e-05,0.0,1.0,0.961693177,390.0630088
3.9e-05,6.75e-05,1e-05,0.0,0.961012939,317.0975041
3.9e-05,6.75e-05,1e-05,0.1,0.961012939,390.0631514
3.9e-05,6.75e-05,1e-05,0.2,0.961012939,390.0631514
3.9e-05,6.75e-05,1e-05,0.3,0.961012939,390.0631514
3.9e-05,6.75e-05,1e-05,0.4,0.961012939,390.0631514
3.9e-05,6.75e-05,1e-05,0.5,0.961012939,390.0631514
3.9e-05,6.75e-05,1e-05,0.6,0.961012939,390.0631514
3.9e-05,6.75e-05,1e-05,0.7,0.961012939,390.0631514
3.9e-05,6.75e-05,1e-05,0.8,0.961012939,390.0631514
3.9e-05,6.75e-05,1e-05,0.9,0.961012939,390.0631514
3.9e-05,6.75e-05,1e-05,1.0,0.961012939,390.0631514
4.82e-05,4.88e-05,0.0,0.0,0.95178329,317.0979869
4.82e-05,4.88e-05,0.0,0.1,0.95178329,390.0657262
4.82e-05,4.88e-05,0.0,0.2,0.95178329,390.0657262
4.82e-05,4.88e-05,0.0,0.3,0.95178329,390.0657262
4.82e-05,4.88e-05,0.0,0.4,0.95178329,390.0657262
4.82e-05,4.88e-05,0.0,0.5,0.95178329,390.0657262
4.82e-05,4.88e-05,0.0,0.6,0.95178329,390.0657262
4.82e-05,4.88e-05,0.0,0.7,0.95178329,390.0657262
4.82e-05,4.88e-05,0.0,0.8,0.95178329,390.0657262
4.82e-05,4.88e-05,0.0,0.9,0.95178329,390.0657262
4.82e-05,4.88e-05,0.0,1.0,0.95178329,390.0657262
4.82e-05,4.88e-05,1e-05,0.0,0.951779017,317.0979871
4.82e-05,4.88e-05,1e-05,0.1,0.951779017,390.065727
4.82e-05,4.88e-05,1e-05,0.2,0.951779017,390.065727
4.82e-05,4.88e-05,1e-05,0.3,0.951779017,390.065727
4.82e-05,4.88e-05,1e-05,0.4,0.951779017,390.065727
4.82e-05,4.88e-05,1e-05,0.5,0.951779017,390.065727
4.82e-05,4.88e-05,1e-05,0.6,0.951779017,390.065727
4.82e-05,4.88e-05,1e-05,0.7,0.951779017,390.065727
4.82e-05,4.88e-05,1e-05,0.8,0.951779017,390.065727
4.82e-05,4.88e-05,1e-05,0.9,0.951779017,390.065727
4.82e-05,4.88e-05,1e-05,1.0,0.951779017,390.065727
6.07e-05,3.3e-05,0.0,0.0,0.93934258,317.0983267
6.07e-05,3.3e-05,0.0,0.1,0.93934258,390.0675651
6.07e-05,3.3e-05,0.0,0.2,0.93934258,390.0675651
6.07e-05,3.3e-05,0.0,0.3,0.93934258,390.0675651
6.07e-05,3.3e-05,0.0,0.4,0.93934258,390.0675651
6.07e-05,3.3e-05,0.0,0.5,0.93934258,390.0675651
6.07e-05,3.3e-05,0.0,0.6,0.93934258,390.0675651
6.07e-05,3.3e-05,0.0,0.7,0.93934258,390.0675651
6.07e-05,3.3e-05,0.0,0.8,0.93934258,390.0675651
6.07e-05,3.3e-05,0.0,0.9,0.93934258,390.0675651
6.07e-05,3.3e-05,0.0,1.0,0.93934258,390.0675651
6.1e-05,3.3e-05,1e-05,0.0,0.939007213,317.0983389
6.1e-05,3.3e-05,1e-05,0.1,0.939007213,390.0676306
6.1e-05,3.3e-05,1e-05,0.2,0.939007213,390.0676306
6.1e-05,3.3e-05,1e-05,0.3,0.939007213,390.0676306
6.1e-05,3.3e-05,1e-05,0.4,0.939007213,390.0676306
6.1e-05,3.3e-05,1e-05,0.5,0.939007213,390.0676306
6.1e-05,3.3e-05,1e-05,0.6,0.939007213,390.0676306
6.1e-05,3.3e-05,1e-05,0.7,0.939007213,390.0676306
6.1e-05,3.3e-05,1e-05,0.8,0.939007213,390.0676306
6.1e-05,3.3e-05,1e-05,0.9,0.939007213,390.0676306
6.1e-05,3.3e-05,1e-05,1.0,0.939007213,390.0676306
7e-05,1.73e-05,1e-05,0.0,0.93,317.0983307
7e-05,1.73e-05,1e-05,0.1,0.93,390.067628
7e-05,1.73e-05,1e-05,0.2,0.93,390.067628
7e-05,1.73e-05,1e-05,0.3,0.93,390.067628
7e-05,1.73e-05,1e-05,0.4,0.93,390.067628
7e-05,1.73e-05,1e-05,0.5,0.93,390.067628
7e-05,1.73e-05,1e-05,0.6,0.93,390.067628
7e-05,1.73e-05,1e-05,0.7,0.93,390.067628
7e-05,1.73e-05,1e-05,0.8,0.93,390.067628
7e-05,1.73e-05,1e-05,0.9,0.93,390.067628
7e-05,1.73e-05,1e-05,1.0,0.93,390.067628
7e-05,1.73e-05,0.0,0.0,0.93,317.0983307
7e-05,1.73e-05,0.0,0.1,0.93,390.067628
7e-05,1.73e-05,0.0,0.2,0.93,390.067628
7e-05,1.73e-05,0.0,0.3,0.93,390.067628
7e-05,1.73e-05,0.0,0.4,0.93,390.067628
7e-05,1.73e-05,0.0,0.5,0.93,390.067628
7e-05,1.73e-05,0.0,0.6,0.93,390.067628
7e-05,1.73e-05,0.0,0.7,0.93,390.067628
7e-05,1.73e-05,0.0,0.8,0.93,390.067628
7e-05,1.73e-05,0.0,0.9,0.93,390.067628
7e-05,1.73e-05,0.0,1.0,0.93,390.067628
8e-05,0.0,1e-05,0.0,0.92,317.0980701
8e-05,0.0,1e-05,0.1,0.92,390.0663053
8e-05,0.0,1e-05,0.2,0.92,390.0663053
8e-05,0.0,1e-05,0.3,0.92,390.0663053
8e-05,0.0,1e-05,0.4,0.92,390.0663053
8e-05,0.0,1e-05,0.5,0.92,390.0663053
8e-05,0.0,1e-05,0.6,0.92,390.0663053
8e-05,0.0,1e-05,0.7,0.92,390.0663053
8e-05,0.0,1e-05,0.8,0.92,390.0663053
8e-05,0.0,1e-05,0.9,0.92,390.0663053
8e-05,0.0,1e-05,1.0,0.92,390.0663053
8e-05,0.0,0.0,0.0,0.92,317.0980701
8e-05,0.0,0.0,0.1,0.92,390.0663053
8e-05,0.0,0.0,0.2,0.92,390.0663053
8e-05,0.0,0.0,0.3,0.92,390.0663053
8e-05,0.0,0.0,0.4,0.92,390.0663053
8e-05,0.0,0.0,0.5,0.92,390.0663053
8e-05,0.0,0.0,0.6,0.92,390.0663053
8e-05,0.0,0.0,0.7,0.92,390.0663053
8e-05,0.0,0.0,0.8,0.92,390.0663053
8e-05,0.0,0.0,0.9,0.92,390.0663053
8e-05,0.0,0.0,1.0,0.92,390.0663053
4e-05,0.0001,0.0,0.0,0.96,317.0966059
4e-05,0.0001,0.0,0.1,0.96,390.0584212
4e-05,0.0001,0.0,0.2,0.96,390.0584212
4e-05,0.0001,0.0,0.3,0.96,390.0584212
4e-05,0.0001,0.0,0.4,0.96,390.0584212
4e-05,0.0001,0.0,0.5,0.96,390.0584212
4e-05,0.0001,0.0,0.6,0.96,390.0584212
4e-05,0.0001,0.0,0.7,0.96,390.0584212
4e-05,0.0001,0.0,0.8,0.96,390.0584212
4e-05,0.0001,0.0,0.9,0.96,390.0584212
4e-05,0.0001,0.0,1.0,0.96,390.0584212
4e-05,0.0001,1e-05,0.0,0.96,317.0966059
4e-05,0.0001,1e-05,0.1,0.96,390.0584212
4e-05,0.0001,1e-05,0.2,0.96,390.0584212
4e-05,0.0001,1e-05,0.3,0.96,390.0584212
4e-05,0.0001,1e-05,0.4,0.96,390.0584212
4e-05,0.0001,1e-05,0.5,0.96,390.0584212
4e-05,0.0001,1e-05,0.6,0.96,390.0584212
4e-05,0.0001,1e-05,0.7,0.96,390.0584212
4e-05,0.0001,1e-05,0.8,0.96,390.0584212
4e-05,0.0001,1e-05,0.9,0.96,390.0584212
4e-05,0.0001,1e-05,1.0,0.96,390.0584212
5e-05,8.27e-05,0.0,0.0,0.95,317.0975987
5e-05,8.27e-05,0.0,0.1,0.95,390.0636859
5e-05,8.27e-05,0.0,0.2,0.95,390.0636859
5e-05,8.27e-05,0.0,0.3,0.95,390.0636859
5e-05,8.27e-05,0.0,0.4,0.95,390.0636859
5e-05,8.27e-05,0.0,0.5,0.95,390.0636859
5e-05,8.27e-05,0.0,0.6,0.95,390.0636859
5e-05,8.27e-05,0.0,0.7,0.95,390.0636859
5e-05,8.27e-05,0.0,0.8,0.95,390.0636859
5e-05,8.27e-05,0.0,0.9,0.95,390.0636859
5e-05,8.27e-05,0.0,1.0,0.95,390.0636859
5e-05,8.27e-05,1e-05,0.0,0.95,317.0975987
5e-05,8.27e-05,1e-05,0.1,0.95,390.0636859
5e-05,8.27e-05,1e-05,0.2,0.95,390.0636859
5e-05,8.27e-05,1e-05,0.3,0.95,390.0636859
5e-05,8.27e-05,1e-05,0.4,0.95,390.0636859
5e-05,8.27e-05,1e-05,0.5,0.95,390.0636859
5e-05,8.27e-05,1e-05,0.6,0.95,390.0636859
5e-05,8.27e-05,1e-05,0.7,0.95,390.0636859
5e-05,8.27e-05,1e-05,0.8,0.95,390.0636859
5e-05,8.27e-05,1e-05,0.9,0.95,390.0636859
5e-05,8.27e-05,1e-05,1.0,0.95,390.0636859
5.9e-05,6.55e-05,0.0,0.0,0.940969448,317.0982879
5.9e-05,6.55e-05,0.0,0.1,0.940969448,390.0673538
5.9e-05,6.55e-05,0.0,0.2,0.940969448,390.0673538
5.9e-05,6.55e-05,0.0,0.3,0.940969448,390.0673538
5.9e-05,6.55e-05,0.0,0.4,0.940969448,390.0673538
5.9e-05,6.55e-05,0.0,0.5,0.940969448,390.0673538
5.9e-05,6.55e-05,0.0,0.6,0.940969448,390.0673538
5.9e-05,6.55e-05,0.0,0.7,0.940969448,390.0673538
5.9e-05,6.55e-05,0.0,0.8,0.940969448,390.0673538
5.9e-05,6.55e-05,0.0,0.9,0.940969448,390.0673538
5.9e-05,6.55e-05,0.0,1.0,0.940969448,390.0673538
5.98e-05,6.56e-05,1e-05,0.0,0.940208106,317.0983139
5.98e-05,6.56e-05,1e-05,0.1,0.940208106,390.067494
5.98e-05,6.56e-05,1e-05,0.2,0.940208106,390.067494
5.98e-05,6.56e-05,1e-05,0.3,0.940208106,390.067494
5.98e-05,6.56e-05,1e-05,0.4,0.940208106,390.067494
5.98e-05,6.56e-05,1e-05,0.5,0.940208106,390.067494
5.98e-05,6.56e-05,1e-05,0.6,0.940208106,390.067494
5.98e-05,6.56e-05,1e-05,0.7,0.940208106,390.067494
5.98e-05,6.56e-05,1e-05,0.8,0.940208106,390.067494
5.98e-05,6.56e-05,1e-05,0.9,0.940208106,390.067494
5.98e-05,6.56e-05,1e-05,1.0,0.940208106,390.067494
6.93e-05,4.98e-05,0.0,0.0,0.930701735,317.0987618
6.93e-05,4.98e-05,0.0,0.1,0.930701735,390.0698969
6.93e-05,4.98e-05,0.0,0.2,0.930701735,390.0698969
6.93e-05,4.98e-05,0.0,0.3,0.930701735,390.0698969
6.93e-05,4.98e-05,0.0,0.4,0.930701735,390.0698969
6.93e-05,4.98e-05,0.0,0.5,0.930701735,390.0698969
6.93e-05,4.98e-05,0.0,0.6,0.930701735,390.0698969
6.93e-05,4.98e-05,0.0,0.7,0.930701735,390.0698969
6.93e-05,4.98e-05,0.0,0.8,0.930701735,390.0698969
6.93e-05,4.98e-05,0.0,0.9,0.930701735,390.0698969
6.93e-05,4.98e-05,0.0,1.0,0.930701735,390.0698969
6.96e-05,4.97e-05,5e-06,0.0,0.930414728,317.0988788
6.96e-05,4.97e-05,5e-06,0.1,0.930414728,390.070515
6.96e-05,4.97e-05,5e-06,0.2,0.930414728,390.070515
6.96e-05,4.97e-05,5e-06,0.3,0.930414728,390.070515
6.96e-05,4.97e-05,5e-06,0.4,0.930414728,390.070515
6.96e-05,4.97e-05,5e-06,0.5,0.930414728,390.070515
6.96e-05,4.97e-05,5e-06,0.6,0.930414728,390.070515
6.96e-05,4.97e-05,5e-06,0.7,0.930414728,390.070515
6.96e-05,4.97e-05,5e-06,0.8,0.930414728,390.070515
6.96e-05,4.97e-05,5e-06,0.9,0.930414728,390.070515
6.96e-05,4.97e-05,5e-06,1.0,0.930414728,390.070515
6.91e-05,4.98e-05,1e-05,0.0,0.930860592,317.0987561
6.91e-05,4.98e-05,1e-05,0.1,0.930860592,390.0698663
6.91e-05,4.98e-05,1e-05,0.2,0.930860592,390.0698663
6.91e-05,4.98e-05,1e-05,0.3,0.930860592,390.0698663
6.91e-05,4.98e-05,1e-05,0.4,0.930860592,390.0698663
6.91e-05,4.98e-05,1e-05,0.5,0.930860592,390.0698663
6.91e-05,4.98e-05,1e-05,0.6,0.930860592,390.0698663
6.91e-05,4.98e-05,1e-05,0.7,0.930860592,390.0698663
6.91e-05,4.98e-05,1e-05,0.8,0.930860592,390.0698663
6.91e-05,4.98e-05,1e-05,0.9,0.930860592,390.0698663
6.91e-05,4.98e-05,1e-05,1.0,0.930860592,390.0698663
8.01e-05,3.37e-05,0.0,0.0,0.919919047,317.0990275
8.01e-05,3.37e-05,0.0,0.1,0.919919047,390.0713513
8.01e-05,3.37e-05,0.0,0.2,0.919919047,390.0713513
8.01e-05,3.37e-05,0.0,0.3,0.919919047,390.0713513
8.01e-05,3.37e-05,0.0,0.4,0.919919047,390.0713513
8.01e-05,3.37e-05,0.0,0.5,0.919919047,390.0713513
8.01e-05,3.37e-05,0.0,0.6,0.919919047,390.0713513
8.01e-05,3.37e-05,0.0,0.7,0.919919047,390.0713513
8.01e-05,3.37e-05,0.0,0.8,0.919919047,390.0713513
8.01e-05,3.37e-05,0.0,0.9,0.919919047,390.0713513
8.01e-05,3.37e-05,0.0,1.0,0.919919047,390.0713513
8.05e-05,3.36e-05,1e-05,0.0,0.919536022,317.0990398
8.05e-05,3.36e-05,1e-05,0.1,0.919536022,390.0714182
8.05e-05,3.36e-05,1e-05,0.2,0.919536022,390.0714182
8.05e-05,3.36e-05,1e-05,0.3,0.919536022,390.0714182
8.05e-05,3.36e-05,1e-05,0.4,0.919536022,390.0714182
8.05e-05,3.36e-05,1e-05,0.5,0.919536022,390.0714182
8.05e-05,3.36e-05,1e-05,0.6,0.919536022,390.0714182
8.05e-05,3.36e-05,1e-05,0.7,0.919536022,390.0714182
8.05e-05,3.36e-05,1e-05,0.8,0.919536022,390.0714182
8.05e-05,3.36e-05,1e-05,0.9,0.919536022,390.0714182
8.05e-05,3.36e-05,1e-05,1.0,0.919536022,390.0714182
9e-05,1.73e-05,0.0,0.0,0.91,317.0990236
9e-05,1.73e-05,0.0,0.1,0.91,390.071385
9e-05,1.73e-05,0.0,0.2,0.91,390.071385
9e-05,1.73e-05,0.0,0.3,0.91,390.071385
9e-05,1.73e-05,0.0,0.4,0.91,390.071385
9e-05,1.73e-05,0.0,0.5,0.91,390.071385
9e-05,1.73e-05,0.0,0.6,0.91,390.071385
9e-05,1.73e-05,0.0,0.7,0.91,390.071385
9e-05,1.73e-05,0.0,0.8,0.91,390.071385
9e-05,1.73e-05,0.0,0.9,0.91,390.071385
9e-05,1.73e-05,0.0,1.0,0.91,390.071385
9e-05,1.73e-05,1e-05,0.0,0.91,317.0990236
9e-05,1.73e-05,1e-05,0.1,0.91,390.071385
9e-05,1.73e-05,1e-05,0.2,0.91,390.071385
9e-05,1.73e-05,1e-05,0.3,0.91,390.071385
9e-05,1.73e-05,1e-05,0.4,0.91,390.071385
9e-05,1.73e-05,1e-05,0.5,0.91,390.071385
9e-05,1.73e-05,1e-05,0.6,0.91,390.071385
9e-05,1.73e-05,1e-05,0.7,0.91,390.071385
9e-05,1.73e-05,1e-05,0.8,0.91,390.071385
9e-05,1.73e-05,1e-05,0.9,0.91,390.071385
9e-05,1.73e-05,1e-05,1.0,0.91,390.071385
0.0001,0.0,1e-05,0.0,0.9,317.0987437
0.0001,0.0,1e-05,0.1,0.9,390.06997
0.0001,0.0,1e-05,0.2,0.9,390.06997
0.0001,0.0,1e-05,0.3,0.9,390.06997
0.0001,0.0,1e-05,0.4,0.9,390.06997
0.0001,0.0,1e-05,0.5,0.9,390.06997
0.0001,0.0,1e-05,0.6,0.9,390.06997
0.0001,0.0,1e-05,0.7,0.9,390.06997
0.0001,0.0,1e-05,0.8,0.9,390.06997
0.0001,0.0,1e-05,0.9,0.9,390.06997
0.0001,0.0,1e-05,1.0,0.9,390.06997
0.0001,0.0,0.0,0.0,0.9,317.0987437
0.0001,0.0,0.0,0.1,0.9,390.06997
0.0001,0.0,0.0,0.2,0.9,390.06997
0.0001,0.0,0.0,0.3,0.9,390.06997
0.0001,0.0,0.0,0.4,0.9,390.06997
0.0001,0.0,0.0,0.5,0.9,390.06997
0.0001,0.0,0.0,0.6,0.9,390.06997
0.0001,0.0,0.0,0.7,0.9,390.06997
0.0001,0.0,0.0,0.8,0.9,390.06997
0.0001,0.0,0.0,0.9,0.9,390.06997
0.0001,0.0,0.0,1.0,0.9,390.06997
6e-05,0.0001,0.0,0.0,0.94,317.0973578
6e-05,0.0001,0.0,0.1,0.94,390.062456
6e-05,0.0001,0.0,0.2,0.94,390.062456
6e-05,0.0001,0.0,0.3,0.94,390.062456
6e-05,0.0001,0.0,0.4,0.94,390.062456
6e-05,0.0001,0.0,0.5,0.94,390.062456
6e-05,0.0001,0.0,0.6,0.94,390.062456
6e-05,0.0001,0.0,0.7,0.94,390.062456
6e-05,0.0001,0.0,0.8,0.94,390.062456
6e-05,0.0001,0.0,0.9,0.94,390.062456
6e-05,0.0001,0.0,1.0,0.94,390.062456
6e-05,0.0001,1e-05,0.0,0.94,317.0973578
6e-05,0.0001,1e-05,0.1,0.94,390.062456
6e-05,0.0001,1e-05,0.2,0.94,390.062456
6e-05,0.0001,1e-05,0.3,0.94,390.062456
6e-05,0.0001,1e-05,0.4,0.94,390.062456
6e-05,0.0001,1e-05,0.5,0.94,390.062456
6e-05,0.0001,1e-05,0.6,0.94,390.062456
6e-05,0.0001,1e-05,0.7,0.94,390.062456
6e-05,0.0001,1e-05,0.8,0.94,390.062456
6e-05,0.0001,1e-05,0.9,0.94,390.062456
6e-05,0.0001,1e-05,1.0,0.94,390.062456
7e-05,8.27e-05,1e-05,0.0,0.93,317.0983307
7e-05,8.27e-05,1e-05,0.1,0.93,390.067628
7e-05,8.27e-05,1e-05,0.2,0.93,390.067628
7e-05,8.27e-05,1e-05,0.3,0.93,390.067628
7e-05,8.27e-05,1e-05,0.4,0.93,390.067628
7e-05,8.27e-05,1e-05,0.5,0.93,390.067628
7e-05,8.27e-05,1e-05,0.6,0.93,390.067628
7e-05,8.27e-05,1e-05,0.7,0.93,390.067628
7e-05,8.27e-05,1e-05,0.8,0.93,390.067628
7e-05,8.27e-05,1e-05,0.9,0.93,390.067628
7e-05,8.27e-05,1e-05,1.0,0.93,390.067628
7e-05,8.27e-05,0.0,0.0,0.93,317.0983307
7e-05,8.27e-05,0.0,0.1,0.93,390.067628
7e-05,8.27e-05,0.0,0.2,0.93,390.067628
7e-05,8.27e-05,0.0,0.3,0.93,390.067628
7e-05,8.27e-05,0.0,0.4,0.93,390.067628
7e-05,8.27e-05,0.0,0.5,0.93,390.067628
7e-05,8.27e-05,0.0,0.6,0.93,390.067628
7e-05,8.27e-05,0.0,0.7,0.93,390.067628
7e-05,8.27e-05,0.0,0.8,0.93,390.067628
7e-05,8.27e-05,0.0,0.9,0.93,390.067628
7e-05,8.27e-05,0.0,1.0,0.93,390.067628
7.93e-05,6.63e-05,0.0,0.0,0.920654134,317.0990023
7.93e-05,6.63e-05,0.0,0.1,0.920654134,390.0712144
7.93e-05,6.63e-05,0.0,0.2,0.920654134,390.0712144
7.93e-05,6.63e-05,0.0,0.3,0.920654134,390.0712144
7.93e-05,6.63e-05,0.0,0.4,0.920654134,390.0712144
7.93e-05,6.63e-05,0.0,0.5,0.920654134,390.0712144
7.93e-05,6.63e-05,0.0,0.6,0.920654134,390.0712144
7.93e-05,6.63e-05,0.0,0.7,0.920654134,390.0712144
7.93e-05,6.63e-05,0.0,0.8,0.920654134,390.0712144
7.93e-05,6.63e-05,0.0,0.9,0.920654134,390.0712144
7.93e-05,6.63e-05,0.0,1.0,0.920654134,390.0712144
8e-05,6.63e-05,1e-05,0.0,0.92,317.099025
8e-05,6.63e-05,1e-05,0.1,0.92,390.0713376
8e-05,6.63e-05,1e-05,0.2,0.92,390.0713376
8e-05,6.63e-05,1e-05,0.3,0.92,390.0713376
8e-05,6.63e-05,1e-05,0.4,0.92,390.0713376
8e-05,6.63e-05,1e-05,0.5,0.92,390.0713376
8e-05,6.63e-05,1e-05,0.6,0.92,390.0713376
8e-05,6.63e-05,1e-05,0.7,0.92,390.0713376
8e-05,6.63e-05,1e-05,0.8,0.92,390.0713376
8e-05,6.63e-05,1e-05,0.9,0.92,390.0713376
8e-05,6.63e-05,1e-05,1.0,0.92,390.0713376
8.94e-05,5.04e-05,0.0,0.0,0.91055454,317.0994609
8.94e-05,5.04e-05,0.0,0.1,0.91055454,390.0736872
8.94e-05,5.04e-05,0.0,0.2,0.91055454,390.0736872
8.94e-05,5.04e-05,0.0,0.3,0.91055454,390.0736872
8.94e-05,5.04e-05,0.0,0.4,0.91055454,390.0736872
8.94e-05,5.04e-05,0.0,0.5,0.91055454,390.0736872
8.94e-05,5.04e-05,0.0,0.6,0.91055454,390.0736872
8.94e-05,5.04e-05,0.0,0.7,0.91055454,390.0736872
8.94e-05,5.04e-05,0.0,0.8,0.91055454,390.0736872
8.94e-05,5.04e-05,0.0,0.9,0.91055454,390.0736872
8.94e-05,5.04e-05,0.0,1.0,0.91055454,390.0736872
8.95e-05,5.06e-05,1e-05,0.0,0.910490469,317.099463
8.95e-05,5.06e-05,1e-05,0.1,0.910490469,390.0736987
8.95e-05,5.06e-05,1e-05,0.2,0.910490469,390.0736987
8.95e-05,5.06e-05,1e-05,0.3,0.910490469,390.0736987
8.95e-05,5.06e-05,1e-05,0.4,0.910490469,390.0736987
8.95e-05,5.06e-05,1e-05,0.5,0.910490469,390.0736987
8.95e-05,5.06e-05,1e-05,0.6,0.910490469,390.0736987
8.95e-05,5.06e-05,1e-05,0.7,0.910490469,390.0736987
8.95e-05,5.06e-05,1e-05,0.8,0.910490469,390.0736987
8.95e-05,5.06e-05,1e-05,0.9,0.910490469,390.0736987
8.95e-05,5.06e-05,1e-05,1.0,0.910490469,390.0736987
0.0001,3.46e-05,0.0,0.0,0.9,317.099711
0.0001,3.46e-05,0.0,0.1,0.9,390.0750677
0.0001,3.46e-05,0.0,0.2,0.9,390.0750677
0.0001,3.46e-05,0.0,0.3,0.9,390.0750677
0.0001,3.46e-05,0.0,0.4,0.9,390.0750677
0.0001,3.46e-05,0.0,0.5,0.9,390.0750677
0.0001,3.46e-05,0.0,0.6,0.9,390.0750677
0.0001,3.46e-05,0.0,0.7,0.9,390.0750677
0.0001,3.46e-05,0.0,0.8,0.9,390.0750677
0.0001,3.46e-05,0.0,0.9,0.9,390.0750677
0.0001,3.46e-05,0.0,1.0,0.9,390.0750677
0.0001,3.41e-05,5e-06,0.0,0.900036093,317.0998101
0.0001,3.41e-05,5e-06,0.1,0.900036093,390.0755895
0.0001,3.41e-05,5e-06,0.2,0.900036093,390.0755895
0.0001,3.41e-05,5e-06,0.3,0.900036093,390.0755895
0.0001,3.41e-05,5e-06,0.4,0.900036093,390.0755895
0.0001,3.41e-05,5e-06,0.5,0.900036093,390.0755895
0.0001,3.41e-05,5e-06,0.6,0.900036093,390.0755895
0.0001,3.41e-05,5e-06,0.7,0.900036093,390.0755895
0.0001,3.41e-05,5e-06,0.8,0.900036093,390.0755895
0.0001,3.41e-05,5e-06,0.9,0.900036093,390.0755895
0.0001,3.41e-05,5e-06,1.0,0.900036093,390.0755895
0.0001,3.46e-05,1e-05,0.0,0.9,317.099711
0.0001,3.46e-05,1e-05,0.1,0.9,390.0750677
0.0001,3.46e-05,1e-05,0.2,0.9,390.0750677
0.0001,3.46e-05,1e-05,0.3,0.9,390.0750677
0.0001,3.46e-05,1e-05,0.4,0.9,390.0750677
0.0001,3.46e-05,1e-05,0.5,0.9,390.0750677
0.0001,3.46e-05,1e-05,0.6,0.9,390.0750677
0.0001,3.46e-05,1e-05,0.7,0.9,390.0750677
0.0001,3.46e-05,1e-05,0.8,0.9,390.0750677
0.0001,3.46e-05,1e-05,0.9,0.9,390.0750677
0.0001,3.46e-05,1e-05,1.0,0.9,390.0750677
0.00011,1.73e-05,1e-05,0.0,0.89,317.0996781
0.00011,1.73e-05,1e-05,0.1,0.89,390.0749578
0.00011,1.73e-05,1e-05,0.2,0.89,390.0749578
0.00011,1.73e-05,1e-05,0.3,0.89,390.0749578
0.00011,1.73e-05,1e-05,0.4,0.89,390.0749578
0.00011,1.73e-05,1e-05,0.5,0.89,390.0749578
0.00011,1.73e-05,1e-05,0.6,0.89,390.0749578
0.00011,1.73e-05,1e-05,0.7,0.89,390.0749578
0.00011,1.73e-05,1e-05,0.8,0.89,390.0749578
0.00011,1.73e-05,1e-05,0.9,0.89,390.0749578
0.00011,1.73e-05,1e-05,1.0,0.89,390.0749578
0.00011,1.73e-05,0.0,0.0,0.89,317.0996782
0.00011,1.73e-05,0.0,0.1,0.89,390.0749578
0.00011,1.73e-05,0.0,0.2,0.89,390.0749578
0.00011,1.73e-05,0.0,0.3,0.89,390.0749578
0.00011,1.73e-05,0.0,0.4,0.89,390.0749578
0.00011,1.73e-05,0.0,0.5,0.89,390.0749578
0.00011,1.73e-05,0.0,0.6,0.89,390.0749578
0.00011,1.73e-05,0.0,0.7,0.89,390.0749578
0.00011,1.73e-05,0.0,0.8,0.89,390.0749578
0.00011,1.73e-05,0.0,0.9,0.89,390.0749578
0.00011,1.73e-05,0.0,1.0,0.89,390.0749578
0.00012,0.0,1e-05,0.0,0.88,317.0993793
0.00012,0.0,1e-05,0.1,0.88,390.0734508
0.00012,0.0,1e-05,0.2,0.88,390.0734508
0.00012,0.0,1e-05,0.3,0.88,390.0734508
0.00012,0.0,1e-05,0.4,0.88,390.0734508
0.00012,0.0,1e-05,0.5,0.88,390.0734508
0.00012,0.0,1e-05,0.6,0.88,390.0734508
0.00012,0.0,1e-05,0.7,0.88,390.0734508
0.00012,0.0,1e-05,0.8,0.88,390.0734508
0.00012,0.0,1e-05,0.9,0.88,390.0734508
0.00012,0.0,1e-05,1.0,0.88,390.0734508
0.00012,0.0,0.0,0.0,0.88,317.0993793
0.00012,0.0,0.0,0.1,0.88,390.0734508
0.00012,0.0,0.0,0.2,0.88,390.0734508
0.00012,0.0,0.0,0.3,0.88,390.0734508
0.00012,0.0,0.0,0.4,0.88,390.0734508
0.00012,0.0,0.0,0.5,0.88,390.0734508
0.00012,0.0,0.0,0.6,0.88,390.0734508
0.00012,0.0,0.0,0.7,0.88,390.0734508
0.00012,0.0,0.0,0.8,0.88,390.0734508
0.00012,0.0,0.0,0.9,0.88,390.0734508
0.00012,0.0,0.0,1.0,0.88,390.0734508
8e-05,0.0001,0.0,0.0,0.92,317.0980701
8e-05,0.0001,0.0,0.1,0.92,390.0663053
8e-05,0.0001,0.0,0.2,0.92,390.0663053
8e-05,0.0001,0.0,0.3,0.92,390.0663053
8e-05,0.0001,0.0,0.4,0.92,390.0663053
8e-05,0.0001,0.0,0.5,0.92,390.0663053
8e-05,0.0001,0.0,0.6,0.92,390.0663053
8e-05,0.0001,0.0,0.7,0.92,390.0663053
8e-05,0.0001,0.0,0.8,0.92,390.0663053
8e-05,0.0001,0.0,0.9,0.92,390.0663053
8e-05,0.0001,0.0,1.0,0.92,390.0663053
8e-05,0.0001,1e-05,0.0,0.92,317.0980701
8e-05,0.0001,1e-05,0.1,0.92,390.0663053
8e-05,0.0001,1e-05,0.2,0.92,390.0663053
8e-05,0.0001,1e-05,0.3,0.92,390.0663053
8e-05,0.0001,1e-05,0.4,0.92,390.0663053
8e-05,0.0001,1e-05,0.5,0.92,390.0663053
8e-05,0.0001,1e-05,0.6,0.92,390.0663053
8e-05,0.0001,1e-05,0.7,0.92,390.0663053
8e-05,0.0001,1e-05,0.8,0.92,390.0663053
8e-05,0.0001,1e-05,0.9,0.92,390.0663053
8e-05,0.0001,1e-05,1.0,0.92,390.0663053
9e-05,8.27e-05,1e-05,0.0,0.91,317.0990236
9e-05,8.27e-05,1e-05,0.1,0.91,390.071385
9e-05,8.27e-05,1e-05,0.2,0.91,390.071385
9e-05,8.27e-05,1e-05,0.3,0.91,390.071385
9e-05,8.27e-05,1e-05,0.4,0.91,390.071385
9e-05,8.27e-05,1e-05,0.5,0.91,390.071385
9e-05,8.27e-05,1e-05,0.6,0.91,390.071385
9e-05,8.27e-05,1e-05,0.7,0.91,390.071385
9e-05,8.27e-05,1e-05,0.8,0.91,390.071385
9e-05,8.27e-05,1e-05,0.9,0.91,390.071385
9e-05,8.27e-05,1e-05,1.0,0.91,390.071385
9e-05,8.3e-05,5e-06,0.0,0.910036504,317.0991193
9e-05,8.3e-05,5e-06,0.1,0.910036504,390.0718887
9e-05,8.3e-05,5e-06,0.2,0.910036504,390.0718887
9e-05,8.3e-05,5e-06,0.3,0.910036504,390.0718887
9e-05,8.3e-05,5e-06,0.4,0.910036504,390.0718887
9e-05,8.3e-05,5e-06,0.5,0.910036504,390.0718887
9e-05,8.3e-05,5e-06,0.6,0.910036504,390.0718887
9e-05,8.3e-05,5e-06,0.7,0.910036504,390.0718887
9e-05,8.3e-05,5e-06,0.8,0.910036504,390.0718887
9e-05,8.3e-05,5e-06,0.9,0.910036504,390.0718887
9e-05,8.3e-05,5e-06,1.0,0.910036504,390.0718887
9.01e-05,8.27e-05,0.0,0.0,0.909856922,317.0990283
9.01e-05,8.27e-05,0.0,0.1,0.909856922,390.0714106
9.01e-05,8.27e-05,0.0,0.2,0.909856922,390.0714106
9.01e-05,8.27e-05,0.0,0.3,0.909856922,390.0714106
9.01e-05,8.27e-05,0.0,0.4,0.909856922,390.0714106
9.01e-05,8.27e-05,0.0,0.5,0.909856922,390.0714106
9.01e-05,8.27e-05,0.0,0.6,0.909856922,390.0714106
9.01e-05,8.27e-05,0.0,0.7,0.909856922,390.0714106
9.01e-05,8.27e-05,0.0,0.8,0.909856922,390.0714106
9.01e-05,8.27e-05,0.0,0.9,0.909856922,390.0714106
9.01e-05,8.27e-05,0.0,1.0,0.909856922,390.0714106
0.0001,6.69e-05,1e-05,0.0,0.9,317.0996893
0.0001,6.69e-05,1e-05,0.1,0.9,390.0749536
0.0001,6.69e-05,1e-05,0.2,0.9,390.0749536
0.0001,6.69e-05,1e-05,0.3,0.9,390.0749536
0.0001,6.69e-05,1e-05,0.4,0.9,390.0749536
0.0001,6.69e-05,1e-05,0.5,0.9,390.0749536
0.0001,6.69e-05,1e-05,0.6,0.9,390.0749536
0.0001,6.69e-05,1e-05,0.7,0.9,390.0749536
0.0001,6.69e-05,1e-05,0.8,0.9,390.0749536
0.0001,6.69e-05,1e-05,0.9,0.9,390.0749536
0.0001,6.69e-05,1e-05,1.0,0.9,390.0749536
0.0001,6.69e-05,0.0,0.0,0.9,317.0996893
0.0001,6.69e-05,0.0,0.1,0.9,390.0749536
0.0001,6.69e-05,0.0,0.2,0.9,390.0749536
0.0001,6.69e-05,0.0,0.3,0.9,390.0749536
0.0001,6.69e-05,0.0,0.4,0.9,390.0749536
0.0001,6.69e-05,0.0,0.5,0.9,390.0749536
0.0001,6.69e-05,0.0,0.6,0.9,390.0749536
0.0001,6.69e-05,0.0,0.7,0.9,390.0749536
0.0001,6.69e-05,0.0,0.8,0.9,390.0749536
0.0001,6.69e-05,0.0,0.9,0.9,390.0749536
0.0001,6.69e-05,0.0,1.0,0.9,390.0749536
0.00011,5.09e-05,0.0,0.0,0.890002631,317.1001338
0.00011,5.09e-05,0.0,0.1,0.890002631,390.0773597
0.00011,5.09e-05,0.0,0.2,0.890002631,390.0773597
0.00011,5.09e-05,0.0,0.3,0.890002631,390.0773597
0.00011,5.09e-05,0.0,0.4,0.890002631,390.0773597
0.00011,5.09e-05,0.0,0.5,0.890002631,390.0773597
0.00011,5.09e-05,0.0,0.6,0.890002631,390.0773597
0.00011,5.09e-05,0.0,0.7,0.890002631,390.0773597
0.00011,5.09e-05,0.0,0.8,0.890002631,390.0773597
0.00011,5.09e-05,0.0,0.9,0.890002631,390.0773597
0.00011,5.09e-05,0.0,1.0,0.890002631,390.0773597
0.00011,5.09e-05,1e-05,0.0,0.890002592,317.1001338
0.00011,5.09e-05,1e-05,0.1,0.890002592,390.0773598
0.00011,5.09e-05,1e-05,0.2,0.890002592,390.0773598
0.00011,5.09e-05,1e-05,0.3,0.890002592,390.0773598
0.00011,5.09e-05,1e-05,0.4,0.890002592,390.0773598
0.00011,5.09e-05,1e-05,0.5,0.890002592,390.0773598
0.00011,5.09e-05,1e-05,0.6,0.890002592,390.0773598
0.00011,5.09e-05,1e-05,0.7,0.890002592,390.0773598
0.00011,5.09e-05,1e-05,0.8,0.890002592,390.0773598
0.00011,5.09e-05,1e-05,0.9,0.890002592,390.0773598
0.00011,5.09e-05,1e-05,1.0,0.890002592,390.0773598
0.00012,3.46e-05,0.0,0.0,0.88,317.1003467
0.00012,3.46e-05,0.0,0.1,0.88,390.0785487
0.00012,3.46e-05,0.0,0.2,0.88,390.0785487
0.00012,3.46e-05,0.0,0.3,0.88,390.0785487
0.00012,3.46e-05,0.0,0.4,0.88,390.0785487
0.00012,3.46e-05,0.0,0.5,0.88,390.0785487
0.00012,3.46e-05,0.0,0.6,0.88,390.0785487
0.00012,3.46e-05,0.0,0.7,0.88,390.0785487
0.00012,3.46e-05,0.0,0.8,0.88,390.0785487
0.00012,3.46e-05,0.0,0.9,0.88,390.0785487
0.00012,3.46e-05,0.0,1.0,0.88,390.0785487
0.00012,3.46e-05,1e-05,0.0,0.88,317.1003467
0.00012,3.46e-05,1e-05,0.1,0.88,390.0785487
0.00012,3.46e-05,1e-05,0.2,0.88,390.0785487
0.00012,3.46e-05,1e-05,0.3,0.88,390.0785487
0.00012,3.46e-05,1e-05,0.4,0.88,390.0785487
0.00012,3.46e-05,1e-05,0.5,0.88,390.0785487
0.00012,3.46e-05,1e-05,0.6,0.88,390.0785487
0.00012,3.46e-05,1e-05,0.7,0.88,390.0785487
0.00012,3.46e-05,1e-05,0.8,0.88,390.0785487
0.00012,3.46e-05,1e-05,0.9,0.88,390.0785487
0.00012,3.46e-05,1e-05,1.0,0.88,390.0785487
0.00013,1.73e-05,1e-05,0.0,0.87,317.1002952
0.00013,1.73e-05,1e-05,0.1,0.87,390.0783471
0.00013,1.73e-05,1e-05,0.2,0.87,390.0783471
0.00013,1.73e-05,1e-05,0.3,0.87,390.0783471
0.00013,1.73e-05,1e-05,0.4,0.87,390.0783471
0.00013,1.73e-05,1e-05,0.5,0.87,390.0783471
0.00013,1.73e-05,1e-05,0.6,0.87,390.0783471
0.00013,1.73e-05,1e-05,0.7,0.87,390.0783471
0.00013,1.73e-05,1e-05,0.8,0.87,390.0783471
0.00013,1.73e-05,1e-05,0.9,0.87,390.0783471
0.00013,1.73e-05,1e-05,1.0,0.87,390.0783471
0.00013,1.73e-05,0.0,0.0,0.87,317.1002952
0.00013,1.73e-05,0.0,0.1,0.87,390.0783471
0.00013,1.73e-05,0.0,0.2,0.87,390.0783471
0.00013,1.73e-05,0.0,0.3,0.87,390.0783471
0.00013,1.73e-05,0.0,0.4,0.87,390.0783471
0.00013,1.73e-05,0.0,0.5,0.87,390.0783471
0.00013,1.73e-05,0.0,0.6,0.87,390.0783471
0.00013,1.73e-05,0.0,0.7,0.87,390.0783471
0.00013,1.73e-05,0.0,0.8,0.87,390.0783471
0.00013,1.73e-05,0.0,0.9,0.87,390.0783471
0.00013,1.73e-05,0.0,1.0,0.87,390.0783471
0.00014,0.0,1e-05,0.0,0.86,317.0999779
0.00014,0.0,1e-05,0.1,0.86,390.0767485
0.00014,0.0,1e-05,0.2,0.86,390.0767485
0.00014,0.0,1e-05,0.3,0.86,390.0767485
0.00014,0.0,1e-05,0.4,0.86,390.0767485
0.00014,0.0,1e-05,0.5,0.86,390.0767485
0.00014,0.0,1e-05,0.6,0.86,390.0767485
0.00014,0.0,1e-05,0.7,0.86,390.0767485
0.00014,0.0,1e-05,0.8,0.86,390.0767485
0.00014,0.0,1e-05,0.9,0.86,390.0767485
0.00014,0.0,1e-05,1.0,0.86,390.0767485
0.00014,0.0,0.0,0.0,0.86,317.0999779
0.00014,0.0,0.0,0.1,0.86,390.0767485
0.00014,0.0,0.0,0.2,0.86,390.0767485
0.00014,0.0,0.0,0.3,0.86,390.0767485
0.00014,0.0,0.0,0.4,0.86,390.0767485
0.00014,0.0,0.0,0.5,0.86,390.0767485
0.00014,0.0,0.0,0.6,0.86,390.0767485
0.00014,0.0,0.0,0.7,0.86,390.0767485
0.00014,0.0,0.0,0.8,0.86,390.0767485
0.00014,0.0,0.0,0.9,0.86,390.0767485
0.00014,0.0,0.0,1.0,0.86,390.0767485
0.0001,0.0001,0.0,0.0,0.9,317.0987437
0.0001,0.0001,0.0,0.1,0.9,390.06997
0.0001,0.0001,0.0,0.2,0.9,390.06997
0.0001,0.0001,0.0,0.3,0.9,390.06997
0.0001,0.0001,0.0,0.4,0.9,390.06997
0.0001,0.0001,0.0,0.5,0.9,390.06997
0.0001,0.0001,0.0,0.6,0.9,390.06997
0.0001,0.0001,0.0,0.7,0.9,390.06997
0.0001,0.0001,0.0,0.8,0.9,390.06997
0.0001,0.0001,0.0,0.9,0.9,390.06997
0.0001,0.0001,0.0,1.0,0.9,390.06997
0.0001,0.0001,1e-05,0.0,0.9,317.0987437
0.0001,0.0001,1e-05,0.1,0.9,390.06997
0.0001,0.0001,1e-05,0.2,0.9,390.06997
0.0001,0.0001,1e-05,0.3,0.9,390.06997
0.0001,0.0001,1e-05,0.4,0.9,390.06997
0.0001,0.0001,1e-05,0.5,0.9,390.06997
0.0001,0.0001,1e-05,0.6,0.9,390.06997
0.0001,0.0001,1e-05,0.7,0.9,390.06997
0.0001,0.0001,1e-05,0.8,0.9,390.06997
0.0001,0.0001,1e-05,0.9,0.9,390.06997
0.0001,0.0001,1e-05,1.0,0.9,390.06997
0.00011,8.27e-05,1e-05,0.0,0.89,317.0996781
0.00011,8.27e-05,1e-05,0.1,0.89,390.0749578
0.00011,8.27e-05,1e-05,0.2,0.89,390.0749578
0.00011,8.27e-05,1e-05,0.3,0.89,390.0749578
0.00011,8.27e-05,1e-05,0.4,0.89,390.0749578
0.00011,8.27e-05,1e-05,0.5,0.89,390.0749578
0.00011,8.27e-05,1e-05,0.6,0.89,390.0749578
0.00011,8.27e-05,1e-05,0.7,0.89,390.0749578
0.00011,8.27e-05,1e-05,0.8,0.89,390.0749578
0.00011,8.27e-05,1e-05,0.9,0.89,390.0749578
0.00011,8.27e-05,1e-05,1.0,0.89,390.0749578
0.00011,8.27e-05,0.0,0.0,0.89,317.0996782
0.00011,8.27e-05,0.0,0.1,0.89,390.0749578
0.00011,8.27e-05,0.0,0.2,0.89,390.0749578
0.00011,8.27e-05,0.0,0.3,0.89,390.0749578
0.00011,8.27e-05,0.0,0.4,0.89,390.0749578
0.00011,8.27e-05,0.0,0.5,0.89,390.0749578
0.00011,8.27e-05,0.0,0.6,0.89,390.0749578
0.00011,8.27e-05,0.0,0.7,0.89,390.0749578
0.00011,8.27e-05,0.0,0.8,0.89,390.0749578
0.00011,8.27e-05,0.0,0.9,0.89,390.0749578
0.00011,8.27e-05,0.0,1.0,0.89,390.0749578
0.00012,6.69e-05,1e-05,0.0,0.88,317.100325
0.00012,6.69e-05,1e-05,0.1,0.88,390.0784346
0.00012,6.69e-05,1e-05,0.2,0.88,390.0784346
0.00012,6.69e-05,1e-05,0.3,0.88,390.0784346
0.00012,6.69e-05,1e-05,0.4,0.88,390.0784346
0.00012,6.69e-05,1e-05,0.5,0.88,390.0784346
0.00012,6.69e-05,1e-05,0.6,0.88,390.0784346
0.00012,6.69e-05,1e-05,0.7,0.88,390.0784346
0.00012,6.69e-05,1e-05,0.8,0.88,390.0784346
0.00012,6.69e-05,1e-05,0.9,0.88,390.0784346
0.00012,6.69e-05,1e-05,1.0,0.88,390.0784346
0.00012,6.69e-05,0.0,0.0,0.88,317.100325
0.00012,6.69e-05,0.0,0.1,0.88,390.0784346
0.00012,6.69e-05,0.0,0.2,0.88,390.0784346
0.00012,6.69e-05,0.0,0.3,0.88,390.0784346
0.00012,6.69e-05,0.0,0.4,0.88,390.0784346
0.00012,6.69e-05,0.0,0.5,0.88,390.0784346
0.00012,6.69e-05,0.0,0.6,0.88,390.0784346
0.00012,6.69e-05,0.0,0.7,0.88,390.0784346
0.00012,6.69e-05,0.0,0.8,0.88,390.0784346
0.00012,6.69e-05,0.0,0.9,0.88,390.0784346
0.00012,6.69e-05,0.0,1.0,0.88,390.0784346
0.00013,5.1e-05,0.0,0.0,0.870000439,317.1007508
0.00013,5.1e-05,0.0,0.1,0.870000439,390.0807493
0.00013,5.1e-05,0.0,0.2,0.870000439,390.0807493
0.00013,5.1e-05,0.0,0.3,0.870000439,390.0807493
0.00013,5.1e-05,0.0,0.4,0.870000439,390.0807493
0.00013,5.1e-05,0.0,0.5,0.870000439,390.0807493
0.00013,5.1e-05,0.0,0.6,0.870000439,390.0807493
0.00013,5.1e-05,0.0,0.7,0.870000439,390.0807493
0.00013,5.1e-05,0.0,0.8,0.870000439,390.0807493
0.00013,5.1e-05,0.0,0.9,0.870000439,390.0807493
0.00013,5.1e-05,0.0,1.0,0.870000439,390.0807493
0.00013,5.1e-05,1e-05,0.0,0.870000432,317.1007508
0.00013,5.1e-05,1e-05,0.1,0.870000432,390.0807493
0.00013,5.1e-05,1e-05,0.2,0.870000432,390.0807493
0.00013,5.1e-05,1e-05,0.3,0.870000432,390.0807493
0.00013,5.1e-05,1e-05,0.4,0.870000432,390.0807493
0.00013,5.1e-05,1e-05,0.5,0.870000432,390.0807493
0.00013,5.1e-05,1e-05,0.6,0.870000432,390.0807493
0.00013,5.1e-05,1e-05,0.7,0.870000432,390.0807493
0.00013,5.1e-05,1e-05,0.8,0.870000432,390.0807493
0.00013,5.1e-05,1e-05,0.9,0.870000432,390.0807493
0.00013,5.1e-05,1e-05,1.0,0.870000432,390.0807493
0.00014,3.44e-05,5e-06,0.0,0.860000073,317.1010485
0.00014,3.44e-05,5e-06,0.1,0.860000073,390.0823907
0.00014,3.44e-05,5e-06,0.2,0.860000073,390.0823907
0.00014,3.44e-05,5e-06,0.3,0.860000073,390.0823907
0.00014,3.44e-05,5e-06,0.4,0.860000073,390.0823907
0.00014,3.44e-05,5e-06,0.5,0.860000073,390.0823907
0.00014,3.44e-05,5e-06,0.6,0.860000073,390.0823907
0.00014,3.44e-05,5e-06,0.7,0.860000073,390.0823907
0.00014,3.44e-05,5e-06,0.8,0.860000073,390.0823907
0.00014,3.44e-05,5e-06,0.9,0.860000073,390.0823907
0.00014,3.44e-05,5e-06,1.0,0.860000073,390.0823907
0.00014,3.46e-05,0.0,0.0,0.86,317.1009452
0.00014,3.46e-05,0.0,0.1,0.86,390.0818466
0.00014,3.46e-05,0.0,0.2,0.86,390.0818466
0.00014,3.46e-05,0.0,0.3,0.86,390.0818466
0.00014,3.46e-05,0.0,0.4,0.86,390.0818466
0.00014,3.46e-05,0.0,0.5,0.86,390.0818466
0.00014,3.46e-05,0.0,0.6,0.86,390.0818466
0.00014,3.46e-05,0.0,0.7,0.86,390.0818466
0.00014,3.46e-05,0.0,0.8,0.86,390.0818466
0.00014,3.46e-05,0.0,0.9,0.86,390.0818466
0.00014,3.46e-05,0.0,1.0,0.86,390.0818466
0.00014,3.46e-05,1e-05,0.0,0.86,317.1009452
0.00014,3.46e-05,1e-05,0.1,0.86,390.0818466
0.00014,3.46e-05,1e-05,0.2,0.86,390.0818466
0.00014,3.46e-05,1e-05,0.3,0.86,390.0818466
0.00014,3.46e-05,1e-05,0.4,0.86,390.0818466
0.00014,3.46e-05,1e-05,0.5,0.86,390.0818466
0.00014,3.46e-05,1e-05,0.6,0.86,390.0818466
0.00014,3.46e-05,1e-05,0.7,0.86,390.0818466
0.00014,3.46e-05,1e-05,0.8,0.86,390.0818466
0.00014,3.46e-05,1e-05,0.9,0.86,390.0818466
0.00014,3.46e-05,1e-05,1.0,0.86,390.0818466
0.00015,1.73e-05,1e-05,0.0,0.85,317.1008754
0.00015,1.73e-05,1e-05,0.1,0.85,390.0815537
0.00015,1.73e-05,1e-05,0.2,0.85,390.0815537
0.00015,1.73e-05,1e-05,0.3,0.85,390.0815537
0.00015,1.73e-05,1e-05,0.4,0.85,390.0815537
0.00015,1.73e-05,1e-05,0.5,0.85,390.0815537
0.00015,1.73e-05,1e-05,0.6,0.85,390.0815537
0.00015,1.73e-05,1e-05,0.7,0.85,390.0815537
0.00015,1.73e-05,1e-05,0.8,0.85,390.0815537
0.00015,1.73e-05,1e-05,0.9,0.85,390.0815537
0.00015,1.73e-05,1e-05,1.0,0.85,390.0815537
0.00015,1.73e-05,0.0,0.0,0.85,317.1008754
0.00015,1.73e-05,0.0,0.1,0.85,390.0815537
0.00015,1.73e-05,0.0,0.2,0.85,390.0815537
0.00015,1.73e-05,0.0,0.3,0.85,390.0815537
0.00015,1.73e-05,0.0,0.4,0.85,390.0815537
0.00015,1.73e-05,0.0,0.5,0.85,390.0815537
0.00015,1.73e-05,0.0,0.6,0.85,390.0815537
0.00015,1.73e-05,0.0,0.7,0.85,390.0815537
0.00015,1.73e-05,0.0,0.8,0.85,390.0815537
0.00015,1.73e-05,0.0,0.9,0.85,390.0815537
0.00015,1.73e-05,0.0,1.0,0.85,390.0815537
0.00016,0.0,1e-05,0.0,0.84,317.10054
0.00016,0.0,1e-05,0.1,0.84,390.0798639
0.00016,0.0,1e-05,0.2,0.84,390.0798639
0.00016,0.0,1e-05,0.3,0.84,390.0798639
0.00016,0.0,1e-05,0.4,0.84,390.0798639
0.00016,0.0,1e-05,0.5,0.84,390.0798639
0.00016,0.0,1e-05,0.6,0.84,390.0798639
0.00016,0.0,1e-05,0.7,0.84,390.0798639
0.00016,0.0,1e-05,0.8,0.84,390.0798639
0.00016,0.0,1e-05,0.9,0.84,390.0798639
0.00016,0.0,1e-05,1.0,0.84,390.0798639
0.00016,0.0,0.0,0.0,0.84,317.10054
0.00016,0.0,0.0,0.1,0.84,390.0798639
0.00016,0.0,0.0,0.2,0.84,390.0798639
0.00016,0.0,0.0,0.3,0.84,390.0798639
0.00016,0.0,0.0,0.4,0.84,390.0798639
0.00016,0.0,0.0,0.5,0.84,390.0798639
0.00016,0.0,0.0,0.6,0.84,390.0798639
0.00016,0.0,0.0,0.7,0.84,390.0798639
0.00016,0.0,0.0,0.8,0.84,390.0798639
0.00016,0.0,0.0,0.9,0.84,390.0798639
0.00016,0.0,0.0,1.0,0.84,390.0798639
0.00012,0.0001,0.0,0.0,0.88,317.0993793
0.00012,0.0001,0.0,0.1,0.88,390.0734508
0.00012,0.0001,0.0,0.2,0.88,390.0734508
0.00012,0.0001,0.0,0.3,0.88,390.0734508
0.00012,0.0001,0.0,0.4,0.88,390.0734508
0.00012,0.0001,0.0,0.5,0.88,390.0734508
0.00012,0.0001,0.0,0.6,0.88,390.0734508
0.00012,0.0001,0.0,0.7,0.88,390.0734508
0.00012,0.0001,0.0,0.8,0.88,390.0734508
0.00012,0.0001,0.0,0.9,0.88,390.0734508
0.00012,0.0001,0.0,1.0,0.88,390.0734508
0.00012,0.0001,1e-05,0.0,0.88,317.0993793
0.00012,0.0001,1e-05,0.1,0.88,390.0734508
0.00012,0.0001,1e-05,0.2,0.88,390.0734508
0.00012,0.0001,1e-05,0.3,0.88,390.0734508
0.00012,0.0001,1e-05,0.4,0.88,390.0734508
0.00012,0.0001,1e-05,0.5,0.88,390.0734508
0.00012,0.0001,1e-05,0.6,0.88,390.0734508
0.00012,0.0001,1e-05,0.7,0.88,390.0734508
0.00012,0.0001,1e-05,0.8,0.88,390.0734508
0.00012,0.0001,1e-05,0.9,0.88,390.0734508
0.00012,0.0001,1e-05,1.0,0.88,390.0734508
0.00013,8.27e-05,1e-05,0.0,0.87,317.1002952
0.00013,8.27e-05,1e-05,0.1,0.87,390.0783471
0.00013,8.27e-05,1e-05,0.2,0.87,390.0783471
0.00013,8.27e-05,1e-05,0.3,0.87,390.0783471
0.00013,8.27e-05,1e-05,0.4,0.87,390.0783471
0.00013,8.27e-05,1e-05,0.5,0.87,390.0783471
0.00013,8.27e-05,1e-05,0.6,0.87,390.0783471
0.00013,8.27e-05,1e-05,0.7,0.87,390.0783471
0.00013,8.27e-05,1e-05,0.8,0.87,390.0783471
0.00013,8.27e-05,1e-05,0.9,0.87,390.0783471
0.00013,8.27e-05,1e-05,1.0,0.87,390.0783471
0.00013,8.27e-05,0.0,0.0,0.87,317.1002952
0.00013,8.27e-05,0.0,0.1,0.87,390.0783471
0.00013,8.27e-05,0.0,0.2,0.87,390.0783471
0.00013,8.27e-05,0.0,0.3,0.87,390.0783471
0.00013,8.27e-05,0.0,0.4,0.87,390.0783471
0.00013,8.27e-05,0.0,0.5,0.87,390.0783471
0.00013,8.27e-05,0.0,0.6,0.87,390.0783471
0.00013,8.27e-05,0.0,0.7,0.87,390.0783471
0.00013,8.27e-05,0.0,0.8,0.87,390.0783471
0.00013,8.27e-05,0.0,0.9,0.87,390.0783471
0.00013,8.27e-05,0.0,1.0,0.87,390.0783471
0.00014,6.69e-05,1e-05,0.0,0.86,317.1009236
0.00014,6.69e-05,1e-05,0.1,0.86,390.0817326
0.00014,6.69e-05,1e-05,0.2,0.86,390.0817326
0.00014,6.69e-05,1e-05,0.3,0.86,390.0817326
0.00014,6.69e-05,1e-05,0.4,0.86,390.0817326
0.00014,6.69e-05,1e-05,0.5,0.86,390.0817326
0.00014,6.69e-05,1e-05,0.6,0.86,390.0817326
0.00014,6.69e-05,1e-05,0.7,0.86,390.0817326
0.00014,6.69e-05,1e-05,0.8,0.86,390.0817326
0.00014,6.69e-05,1e-05,0.9,0.86,390.0817326
0.00014,6.69e-05,1e-05,1.0,0.86,390.0817326
0.00014,6.69e-05,0.0,0.0,0.86,317.1009236
0.00014,6.69e-05,0.0,0.1,0.86,390.0817326
0.00014,6.69e-05,0.0,0.2,0.86,390.0817326
0.00014,6.69e-05,0.0,0.3,0.86,390.0817326
0.00014,6.69e-05,0.0,0.4,0.86,390.0817326
0.00014,6.69e-05,0.0,0.5,0.86,390.0817326
0.00014,6.69e-05,0.0,0.6,0.86,390.0817326
0.00014,6.69e-05,0.0,0.7,0.86,390.0817326
0.00014,6.69e-05,0.0,0.8,0.86,390.0817326
0.00014,6.69e-05,0.0,0.9,0.86,390.0817326
0.00014,6.69e-05,0.0,1.0,0.86,390.0817326
0.00015,5.1e-05,0.0,0.0,0.850000073,317.1013311
0.00015,5.1e-05,0.0,0.1,0.850000073,390.083956
0.00015,5.1e-05,0.0,0.2,0.850000073,390.083956
0.00015,5.1e-05,0.0,0.3,0.850000073,390.083956
0.00015,5.1e-05,0.0,0.4,0.850000073,390.083956
0.00015,5.1e-05,0.0,0.5,0.850000073,390.083956
0.00015,5.1e-05,0.0,0.6,0.850000073,390.083956
0.00015,5.1e-05,0.0,0.7,0.850000073,390.083956
0.00015,5.1e-05,0.0,0.8,0.850000073,390.083956
0.00015,5.1e-05,0.0,0.9,0.850000073,390.083956
0.00015,5.1e-05,0.0,1.0,0.850000073,390.083956
0.00015,5.1e-05,1e-05,0.0,0.850000072,317.1013311
0.00015,5.1e-05,1e-05,0.1,0.850000072,390.0839559
0.00015,5.1e-05,1e-05,0.2,0.850000072,390.0839559
0.00015,5.1e-05,1e-05,0.3,0.850000072,390.0839559
0.00015,5.1e-05,1e-05,0.4,0.850000072,390.0839559
0.00015,5.1e-05,1e-05,0.5,0.850000072,390.0839559
0.00015,5.1e-05,1e-05,0.6,0.850000072,390.0839559
0.00015,5.1e-05,1e-05,0.7,0.850000072,390.0839559
0.00015,5.1e-05,1e-05,0.8,0.850000072,390.0839559
0.00015,5.1e-05,1e-05,0.9,0.850000072,390.0839559
0.00015,5.1e-05,1e-05,1.0,0.850000072,390.0839559
0.00016,3.46e-05,0.0,0.0,0.84,317.1015074
0.00016,3.46e-05,0.0,0.1,0.84,390.0849622
0.00016,3.46e-05,0.0,0.2,0.84,390.0849622
0.00016,3.46e-05,0.0,0.3,0.84,390.0849622
0.00016,3.46e-05,0.0,0.4,0.84,390.0849622
0.00016,3.46e-05,0.0,0.5,0.84,390.0849622
0.00016,3.46e-05,0.0,0.6,0.84,390.0849622
0.00016,3.46e-05,0.0,0.7,0.84,390.0849622
0.00016,3.46e-05,0.0,0.8,0.84,390.0849622
0.00016,3.46e-05,0.0,0.9,0.84,390.0849622
0.00016,3.46e-05,0.0,1.0,0.84,390.0849622
0.00016,3.46e-05,1e-05,0.0,0.84,317.1015074
0.00016,3.46e-05,1e-05,0.1,0.84,390.0849622
0.00016,3.46e-05,1e-05,0.2,0.84,390.0849622
0.00016,3.46e-05,1e-05,0.3,0.84,390.0849622
0.00016,3.46e-05,1e-05,0.4,0.84,390.0849622
0.00016,3.46e-05,1e-05,0.5,0.84,390.0849622
0.00016,3.46e-05,1e-05,0.6,0.84,390.0849622
0.00016,3.46e-05,1e-05,0.7,0.84,390.0849622
0.00016,3.46e-05,1e-05,0.8,0.84,390.0849622
0.00016,3.46e-05,1e-05,0.9,0.84,390.0849622
0.00016,3.46e-05,1e-05,1.0,0.84,390.0849622
0.00017,1.73e-05,1e-05,0.0,0.83,317.1014196
0.00017,1.73e-05,1e-05,0.1,0.83,390.0845783
0.00017,1.73e-05,1e-05,0.2,0.83,390.0845783
0.00017,1.73e-05,1e-05,0.3,0.83,390.0845783
0.00017,1.73e-05,1e-05,0.4,0.83,390.0845783
0.00017,1.73e-05,1e-05,0.5,0.83,390.0845783
0.00017,1.73e-05,1e-05,0.6,0.83,390.0845783
0.00017,1.73e-05,1e-05,0.7,0.83,390.0845783
0.00017,1.73e-05,1e-05,0.8,0.83,390.0845783
0.00017,1.73e-05,1e-05,0.9,0.83,390.0845783
0.00017,1.73e-05,1e-05,1.0,0.83,390.0845783
0.00017,1.73e-05,0.0,0.0,0.83,317.1014196
0.00017,1.73e-05,0.0,0.1,0.83,390.0845783
0.00017,1.73e-05,0.0,0.2,0.83,390.0845783
0.00017,1.73e-05,0.0,0.3,0.83,390.0845783
0.00017,1.73e-05,0.0,0.4,0.83,390.0845783
0.00017,1.73e-05,0.0,0.5,0.83,390.0845783
0.00017,1.73e-05,0.0,0.6,0.83,390.0845783
0.00017,1.73e-05,0.0,0.7,0.83,390.0845783
0.00017,1.73e-05,0.0,0.8,0.83,390.0845783
0.00017,1.73e-05,0.0,0.9,0.83,390.0845783
0.00017,1.73e-05,0.0,1.0,0.83,390.0845783
0.00018,0.0,1e-05,0.0,0.82,317.1010663
0.00018,0.0,1e-05,0.1,0.82,390.0827977
0.00018,0.0,1e-05,0.2,0.82,390.0827977
0.00018,0.0,1e-05,0.3,0.82,390.0827977
0.00018,0.0,1e-05,0.4,0.82,390.0827977
0.00018,0.0,1e-05,0.5,0.82,390.0827977
0.00018,0.0,1e-05,0.6,0.82,390.0827977
0.00018,0.0,1e-05,0.7,0.82,390.0827977
0.00018,0.0,1e-05,0.8,0.82,390.0827977
0.00018,0.0,1e-05,0.9,0.82,390.0827977
0.00018,0.0,1e-05,1.0,0.82,390.0827977
0.00018,0.0,0.0,0.0,0.82,317.1010663
0.00018,0.0,0.0,0.1,0.82,390.0827977
0.00018,0.0,0.0,0.2,0.82,390.0827977
0.00018,0.0,0.0,0.3,0.82,390.0827977
0.00018,0.0,0.0,0.4,0.82,390.0827977
0.00018,0.0,0.0,0.5,0.82,390.0827977
0.00018,0.0,0.0,0.6,0.82,390.0827977
0.00018,0.0,0.0,0.7,0.82,390.0827977
0.00018,0.0,0.0,0.8,0.82,390.0827977
0.00018,0.0,0.0,0.9,0.82,390.0827977
0.00018,0.0,0.0,1.0,0.82,390.0827977
0.00014,0.0001,0.0,0.0,0.86,317.0999779
0.00014,0.0001,0.0,0.1,0.86,390.0767485
0.00014,0.0001,0.0,0.2,0.86,390.0767485
0.00014,0.0001,0.0,0.3,0.86,390.0767485
0.00014,0.0001,0.0,0.4,0.86,390.0767485
0.00014,0.0001,0.0,0.5,0.86,390.0767485
0.00014,0.0001,0.0,0.6,0.86,390.0767485
0.00014,0.0001,0.0,0.7,0.86,390.0767485
0.00014,0.0001,0.0,0.8,0.86,390.0767485
0.00014,0.0001,0.0,0.9,0.86,390.0767485
0.00014,0.0001,0.0,1.0,0.86,390.0767485
0.00014,9.31e-05,5e-06,0.0,0.86,317.1003604
0.00014,9.31e-05,5e-06,0.1,0.86,390.0787636
0.00014,9.31e-05,5e-06,0.2,0.86,390.0787636
0.00014,9.31e-05,5e-06,0.3,0.86,390.0787636
0.00014,9.31e-05,5e-06,0.4,0.86,390.0787636
0.00014,9.31e-05,5e-06,0.5,0.86,390.0787636
0.00014,9.31e-05,5e-06,0.6,0.86,390.0787636
0.00014,9.31e-05,5e-06,0.7,0.86,390.0787636
0.00014,9.31e-05,5e-06,0.8,0.86,390.0787636
0.00014,9.31e-05,5e-06,0.9,0.86,390.0787636
0.00014,9.31e-05,5e-06,1.0,0.86,390.0787636
0.00014,0.0001,1e-05,0.0,0.86,317.0999779
0.00014,0.0001,1e-05,0.1,0.86,390.0767485
0.00014,0.0001,1e-05,0.2,0.86,390.0767485
0.00014,0.0001,1e-05,0.3,0.86,390.0767485
0.00014,0.0001,1e-05,0.4,0.86,390.0767485
0.00014,0.0001,1e-05,0.5,0.86,390.0767485
0.00014,0.0001,1e-05,0.6,0.86,390.0767485
0.00014,0.0001,1e-05,0.7,0.86,390.0767485
0.00014,0.0001,1e-05,0.8,0.86,390.0767485
0.00014,0.0001,1e-05,0.9,0.86,390.0767485
0.00014,0.0001,1e-05,1.0,0.86,390.0767485
0.00015,8.27e-05,1e-05,0.0,0.85,317.1008754
0.00015,8.27e-05,1e-05,0.1,0.85,390.0815537
0.00015,8.27e-05,1e-05,0.2,0.85,390.0815537
0.00015,8.27e-05,1e-05,0.3,0.85,390.0815537
0.00015,8.27e-05,1e-05,0.4,0.85,390.0815537
0.00015,8.27e-05,1e-05,0.5,0.85,390.0815537
0.00015,8.27e-05,1e-05,0.6,0.85,390.0815537
0.00015,8.27e-05,1e-05,0.7,0.85,390.0815537
0.00015,8.27e-05,1e-05,0.8,0.85,390.0815537
0.00015,8.27e-05,1e-05,0.9,0.85,390.0815537
0.00015,8.27e-05,1e-05,1.0,0.85,390.0815537
0.00015,8.27e-05,0.0,0.0,0.85,317.1008754
0.00015,8.27e-05,0.0,0.1,0.85,390.0815537
0.00015,8.27e-05,0.0,0.2,0.85,390.0815537
0.00015,8.27e-05,0.0,0.3,0.85,390.0815537
0.00015,8.27e-05,0.0,0.4,0.85,390.0815537
0.00015,8.27e-05,0.0,0.5,0.85,390.0815537
0.00015,8.27e-05,0.0,0.6,0.85,390.0815537
0.00015,8.27e-05,0.0,0.7,0.85,390.0815537
0.00015,8.27e-05,0.0,0.8,0.85,390.0815537
0.00015,8.27e-05,0.0,0.9,0.85,390.0815537
0.00015,8.27e-05,0.0,1.0,0.85,390.0815537
0.00016,6.69e-05,1e-05,0.0,0.84,317.1014857
0.00016,6.69e-05,1e-05,0.1,0.84,390.0848481
0.00016,6.69e-05,1e-05,0.2,0.84,390.0848481
0.00016,6.69e-05,1e-05,0.3,0.84,390.0848481
0.00016,6.69e-05,1e-05,0.4,0.84,390.0848481
0.00016,6.69e-05,1e-05,0.5,0.84,390.0848481
0.00016,6.69e-05,1e-05,0.6,0.84,390.0848481
0.00016,6.69e-05,1e-05,0.7,0.84,390.0848481
0.00016,6.69e-05,1e-05,0.8,0.84,390.0848481
0.00016,6.69e-05,1e-05,0.9,0.84,390.0848481
0.00016,6.69e-05,1e-05,1.0,0.84,390.0848481
0.00016,6.69e-05,0.0,0.0,0.84,317.1014857
0.00016,6.69e-05,0.0,0.1,0.84,390.0848481
0.00016,6.69e-05,0.0,0.2,0.84,390.0848481
0.00016,6.69e-05,0.0,0.3,0.84,390.0848481
0.00016,6.69e-05,0.0,0.4,0.84,390.0848481
0.00016,6.69e-05,0.0,0.5,0.84,390.0848481
0.00016,6.69e-05,0.0,0.6,0.84,390.0848481
0.00016,6.69e-05,0.0,0.7,0.84,390.0848481
0.00016,6.69e-05,0.0,0.8,0.84,390.0848481
0.00016,6.69e-05,0.0,0.9,0.84,390.0848481
0.00016,6.69e-05,0.0,1.0,0.84,390.0848481
0.00017,5.1e-05,0.0,0.0,0.830000012,317.1018753
0.00017,5.1e-05,0.0,0.1,0.830000012,390.0869806
0.00017,5.1e-05,0.0,0.2,0.830000012,390.0869806
0.00017,5.1e-05,0.0,0.3,0.830000012,390.0869806
0.00017,5.1e-05,0.0,0.4,0.830000012,390.0869806
0.00017,5.1e-05,0.0,0.5,0.830000012,390.0869806
0.00017,5.1e-05,0.0,0.6,0.830000012,390.0869806
0.00017,5.1e-05,0.0,0.7,0.830000012,390.0869806
0.00017,5.1e-05,0.0,0.8,0.830000012,390.0869806
0.00017,5.1e-05,0.0,0.9,0.830000012,390.0869806
0.00017,5.1e-05,0.0,1.0,0.830000012,390.0869806
0.00017,5.1e-05,1e-05,0.0,0.830000012,317.1018753
0.00017,5.1e-05,1e-05,0.1,0.830000012,390.0869806
0.00017,5.1e-05,1e-05,0.2,0.830000012,390.0869806
0.00017,5.1e-05,1e-05,0.3,0.830000012,390.0869806
0.00017,5.1e-05,1e-05,0.4,0.830000012,390.0869806
0.00017,5.1e-05,1e-05,0.5,0.830000012,390.0869806
0.00017,5.1e-05,1e-05,0.6,0.830000012,390.0869806
0.00017,5.1e-05,1e-05,0.7,0.830000012,390.0869806
0.00017,5.1e-05,1e-05,0.8,0.830000012,390.0869806
0.00017,5.1e-05,1e-05,0.9,0.830000012,390.0869806
0.00017,5.1e-05,1e-05,1.0,0.830000012,390.0869806
0.00018,3.44e-05,5e-06,0.0,0.820000002,317.1021371
0.00018,3.44e-05,5e-06,0.1,0.820000002,390.0884404
0.00018,3.44e-05,5e-06,0.2,0.820000002,390.0884404
0.00018,3.44e-05,5e-06,0.3,0.820000002,390.0884404
0.00018,3.44e-05,5e-06,0.4,0.820000002,390.0884404
0.00018,3.44e-05,5e-06,0.5,0.820000002,390.0884404
0.00018,3.44e-05,5e-06,0.6,0.820000002,390.0884404
0.00018,3.44e-05,5e-06,0.7,0.820000002,390.0884404
0.00018,3.44e-05,5e-06,0.8,0.820000002,390.0884404
0.00018,3.44e-05,5e-06,0.9,0.820000002,390.0884404
0.00018,3.44e-05,5e-06,1.0,0.820000002,390.0884404
0.00018,3.46e-05,0.0,0.0,0.82,317.1020338
0.00018,3.46e-05,0.0,0.1,0.82,390.0878961
0.00018,3.46e-05,0.0,0.2,0.82,390.0878961
0.00018,3.46e-05,0.0,0.3,0.82,390.0878961
0.00018,3.46e-05,0.0,0.4,0.82,390.0878961
0.00018,3.46e-05,0.0,0.5,0.82,390.0878961
0.00018,3.46e-05,0.0,0.6,0.82,390.0878961
0.00018,3.46e-05,0.0,0.7,0.82,390.0878961
0.00018,3.46e-05,0.0,0.8,0.82,390.0878961
0.00018,3.46e-05,0.0,0.9,0.82,390.0878961
0.00018,3.46e-05,0.0,1.0,0.82,390.0878961
0.00018,3.46e-05,1e-05,0.0,0.82,317.1020338
0.00018,3.46e-05,1e-05,0.1,0.82,390.0878961
0.00018,3.46e-05,1e-05,0.2,0.82,390.0878961
0.00018,3.46e-05,1e-05,0.3,0.82,390.0878961
0.00018,3.46e-05,1e-05,0.4,0.82,390.0878961
0.00018,3.46e-05,1e-05,0.5,0.82,390.0878961
0.00018,3.46e-05,1e-05,0.6,0.82,390.0878961
0.00018,3.46e-05,1e-05,0.7,0.82,390.0878961
0.00018,3.46e-05,1e-05,0.8,0.82,390.0878961
0.00018,3.46e-05,1e-05,0.9,0.82,390.0878961
0.00018,3.46e-05,1e-05,1.0,0.82,390.0878961
0.00019,1.73e-05,0.0,0.0,0.81,317.1019284
0.00019,1.73e-05,0.0,0.1,0.81,390.0874215
0.00019,1.73e-05,0.0,0.2,0.81,390.0874215
0.00019,1.73e-05,0.0,0.3,0.81,390.0874215
0.00019,1.73e-05,0.0,0.4,0.81,390.0874215
0.00019,1.73e-05,0.0,0.5,0.81,390.0874215
0.00019,1.73e-05,0.0,0.6,0.81,390.0874215
0.00019,1.73e-05,0.0,0.7,0.81,390.0874215
0.00019,1.73e-05,0.0,0.8,0.81,390.0874215
0.00019,1.73e-05,0.0,0.9,0.81,390.0874215
0.00019,1.73e-05,0.0,1.0,0.81,390.0874215
0.00019,1.73e-05,1e-05,0.0,0.81,317.1019284
0.00019,1.73e-05,1e-05,0.1,0.81,390.0874215
0.00019,1.73e-05,1e-05,0.2,0.81,390.0874215
0.00019,1.73e-05,1e-05,0.3,0.81,390.0874215
0.00019,1.73e-05,1e-05,0.4,0.81,390.0874215
0.00019,1.73e-05,1e-05,0.5,0.81,390.0874215
0.00019,1.73e-05,1e-05,0.6,0.81,390.0874215
0.00019,1.73e-05,1e-05,0.7,0.81,390.0874215
0.00019,1.73e-05,1e-05,0.8,0.81,390.0874215
0.00019,1.73e-05,1e-05,0.9,0.81,390.0874215
0.00019,1.73e-05,1e-05,1.0,0.81,390.0874215
0.0002,0.0,1e-05,0.0,0.8,317.1015576
0.0002,0.0,1e-05,0.1,0.8,390.0855504
0.0002,0.0,1e-05,0.2,0.8,390.0855504
0.0002,0.0,1e-05,0.3,0.8,390.0855504
0.0002,0.0,1e-05,0.4,0.8,390.0855504
0.0002,0.0,1e-05,0.5,0.8,390.0855504
0.0002,0.0,1e-05,0.6,0.8,390.0855504
0.0002,0.0,1e-05,0.7,0.8,390.0855504
0.0002,0.0,1e-05,0.8,0.8,390.0855504
0.0002,0.0,1e-05,0.9,0.8,390.0855504
0.0002,0.0,1e-05,1.0,0.8,390.0855504
0.0002,0.0,0.0,0.0,0.8,317.1015576
0.0002,0.0,0.0,0.1,0.8,390.0855504
0.0002,0.0,0.0,0.2,0.8,390.0855504
0.0002,0.0,0.0,0.3,0.8,390.0855504
0.0002,0.0,0.0,0.4,0.8,390.0855504
0.0002,0.0,0.0,0.5,0.8,390.0855504
0.0002,0.0,0.0,0.6,0.8,390.0855504
0.0002,0.0,0.0,0.7,0.8,390.0855504
0.0002,0.0,0.0,0.8,0.8,390.0855504
0.0002,0.0,0.0,0.9,0.8,390.0855504
0.0002,0.0,0.0,1.0,0.8,390.0855504
0.00016,0.0001,0.0,0.0,0.84,317.10054
0.00016,0.0001,0.0,0.1,0.84,390.0798639
0.00016,0.0001,0.0,0.2,0.84,390.0798639
0.00016,0.0001,0.0,0.3,0.84,390.0798639
0.00016,0.0001,0.0,0.4,0.84,390.0798639
0.00016,0.0001,0.0,0.5,0.84,390.0798639
0.00016,0.0001,0.0,0.6,0.84,390.0798639
0.00016,0.0001,0.0,0.7,0.84,390.0798639
0.00016,0.0001,0.0,0.8,0.84,390.0798639
0.00016,0.0001,0.0,0.9,0.84,390.0798639
0.00016,0.0001,0.0,1.0,0.84,390.0798639
0.00016,0.0001,1e-05,0.0,0.84,317.10054
0.00016,0.0001,1e-05,0.1,0.84,390.0798639
0.00016,0.0001,1e-05,0.2,0.84,390.0798639
0.00016,0.0001,1e-05,0.3,0.84,390.0798639
0.00016,0.0001,1e-05,0.4,0.84,390.0798639
0.00016,0.0001,1e-05,0.5,0.84,390.0798639
0.00016,0.0001,1e-05,0.6,0.84,390.0798639
0.00016,0.0001,1e-05,0.7,0.84,390.0798639
0.00016,0.0001,1e-05,0.8,0.84,390.0798639
0.00016,0.0001,1e-05,0.9,0.84,390.0798639
0.00016,0.0001,1e-05,1.0,0.84,390.0798639
0.00017,8.27e-05,0.0,0.0,0.83,317.1014196
0.00017,8.27e-05,0.0,0.1,0.83,390.0845783
0.00017,8.27e-05,0.0,0.2,0.83,390.0845783
0.00017,8.27e-05,0.0,0.3,0.83,390.0845783
0.00017,8.27e-05,0.0,0.4,0.83,390.0845783
0.00017,8.27e-05,0.0,0.5,0.83,390.0845783
0.00017,8.27e-05,0.0,0.6,0.83,390.0845783
0.00017,8.27e-05,0.0,0.7,0.83,390.0845783
0.00017,8.27e-05,0.0,0.8,0.83,390.0845783
0.00017,8.27e-05,0.0,0.9,0.83,390.0845783
0.00017,8.27e-05,0.0,1.0,0.83,390.0845783
0.00017,8.27e-05,1e-05,0.0,0.83,317.1014196
0.00017,8.27e-05,1e-05,0.1,0.83,390.0845783
0.00017,8.27e-05,1e-05,0.2,0.83,390.0845783
0.00017,8.27e-05,1e-05,0.3,0.83,390.0845783
0.00017,8.27e-05,1e-05,0.4,0.83,390.0845783
0.00017,8.27e-05,1e-05,0.5,0.83,390.0845783
0.00017,8.27e-05,1e-05,0.6,0.83,390.0845783
0.00017,8.27e-05,1e-05,0.7,0.83,390.0845783
0.00017,8.27e-05,1e-05,0.8,0.83,390.0845783
0.00017,8.27e-05,1e-05,0.9,0.83,390.0845783
0.00017,8.27e-05,1e-05,1.0,0.83,390.0845783
0.00018,6.69e-05,1e-05,0.0,0.82,317.1020121
0.00018,6.69e-05,1e-05,0.1,0.82,390.087782
0.00018,6.69e-05,1e-05,0.2,0.82,390.087782
0.00018,6.69e-05,1e-05,0.3,0.82,390.087782
0.00018,6.69e-05,1e-05,0.4,0.82,390.087782
0.00018,6.69e-05,1e-05,0.5,0.82,390.087782
0.00018,6.69e-05,1e-05,0.6,0.82,390.087782
0.00018,6.69e-05,1e-05,0.7,0.82,390.087782
0.00018,6.69e-05,1e-05,0.8,0.82,390.087782
0.00018,6.69e-05,1e-05,0.9,0.82,390.087782
0.00018,6.69e-05,1e-05,1.0,0.82,390.087782
0.00018,6.69e-05,0.0,0.0,0.82,317.1020121
0.00018,6.69e-05,0.0,0.1,0.82,390.087782
0.00018,6.69e-05,0.0,0.2,0.82,390.087782
0.00018,6.69e-05,0.0,0.3,0.82,390.087782
0.00018,6.69e-05,0.0,0.4,0.82,390.087782
0.00018,6.69e-05,0.0,0.5,0.82,390.087782
0.00018,6.69e-05,0.0,0.6,0.82,390.087782
0.00018,6.69e-05,0.0,0.7,0.82,390.087782
0.00018,6.69e-05,0.0,0.8,0.82,390.087782
0.00018,6.69e-05,0.0,0.9,0.82,390.087782
0.00018,6.69e-05,0.0,1.0,0.82,390.087782
0.00019,5.1e-05,0.0,0.0,0.810000002,317.1023841
0.00019,5.1e-05,0.0,0.1,0.810000002,390.0898239
0.00019,5.1e-05,0.0,0.2,0.810000002,390.0898239
0.00019,5.1e-05,0.0,0.3,0.810000002,390.0898239
0.00019,5.1e-05,0.0,0.4,0.810000002,390.0898239
0.00019,5.1e-05,0.0,0.5,0.810000002,390.0898239
0.00019,5.1e-05,0.0,0.6,0.810000002,390.0898239
0.00019,5.1e-05,0.0,0.7,0.810000002,390.0898239
0.00019,5.1e-05,0.0,0.8,0.810000002,390.0898239
0.00019,5.1e-05,0.0,0.9,0.810000002,390.0898239
0.00019,5.1e-05,0.0,1.0,0.810000002,390.0898239
0.00019,5.1e-05,1e-05,0.0,0.810000002,317.1023841
0.00019,5.1e-05,1e-05,0.1,0.810000002,390.0898239
0.00019,5.1e-05,1e-05,0.2,0.810000002,390.0898239
0.00019,5.1e-05,1e-05,0.3,0.810000002,390.0898239
0.00019,5.1e-05,1e-05,0.4,0.810000002,390.0898239
0.00019,5.1e-05,1e-05,0.5,0.810000002,390.0898239
0.00019,5.1e-05,1e-05,0.6,0.810000002,390.0898239
0.00019,5.1e-05,1e-05,0.7,0.810000002,390.0898239
0.00019,5.1e-05,1e-05,0.8,0.810000002,390.0898239
0.00019,5.1e-05,1e-05,0.9,0.810000002,390.0898239
0.00019,5.1e-05,1e-05,1.0,0.810000002,390.0898239
0.0002,3.46e-05,0.0,0.0,0.8,317.1025251
0.0002,3.46e-05,0.0,0.1,0.8,390.090649
0.0002,3.46e-05,0.0,0.2,0.8,390.090649
0.0002,3.46e-05,0.0,0.3,0.8,390.090649
0.0002,3.46e-05,0.0,0.4,0.8,390.090649
0.0002,3.46e-05,0.0,0.5,0.8,390.090649
0.0002,3.46e-05,0.0,0.6,0.8,390.090649
0.0002,3.46e-05,0.0,0.7,0.8,390.090649
0.0002,3.46e-05,0.0,0.8,0.8,390.090649
0.0002,3.46e-05,0.0,0.9,0.8,390.090649
0.0002,3.46e-05,0.0,1.0,0.8,390.090649
0.0002,3.46e-05,1e-05,0.0,0.8,317.1025251
0.0002,3.46e-05,1e-05,0.1,0.8,390.090649
0.0002,3.46e-05,1e-05,0.2,0.8,390.090649
0.0002,3.46e-05,1e-05,0.3,0.8,390.090649
0.0002,3.46e-05,1e-05,0.4,0.8,390.090649
0.0002,3.46e-05,1e-05,0.5,0.8,390.090649
0.0002,3.46e-05,1e-05,0.6,0.8,390.090649
0.0002,3.46e-05,1e-05,0.7,0.8,390.090649
0.0002,3.46e-05,1e-05,0.8,0.8,390.090649
0.0002,3.46e-05,1e-05,0.9,0.8,390.090649
0.0002,3.46e-05,1e-05,1.0,0.8,390.090649
0.00021,1.73e-05,1e-05,0.0,0.79,317.1024023
0.00021,1.73e-05,1e-05,0.1,0.79,390.0900841
0.00021,1.73e-05,1e-05,0.2,0.79,390.0900841
0.00021,1.73e-05,1e-05,0.3,0.79,390.0900841
0.00021,1.73e-05,1e-05,0.4,0.79,390.0900841
0.00021,1.73e-05,1e-05,0.5,0.79,390.0900841
0.00021,1.73e-05,1e-05,0.6,0.79,390.0900841
0.00021,1.73e-05,1e-05,0.7,0.79,390.0900841
0.00021,1.73e-05,1e-05,0.8,0.79,390.0900841
0.00021,1.73e-05,1e-05,0.9,0.79,390.0900841
0.00021,1.73e-05,1e-05,1.0,0.79,390.0900841
0.00021,1.73e-05,0.0,0.0,0.79,317.1024023
0.00021,1.73e-05,0.0,0.1,0.79,390.0900841
0.00021,1.73e-05,0.0,0.2,0.79,390.0900841
0.00021,1.73e-05,0.0,0.3,0.79,390.0900841
0.00021,1.73e-05,0.0,0.4,0.79,390.0900841
0.00021,1.73e-05,0.0,0.5,0.79,390.0900841
0.00021,1.73e-05,0.0,0.6,0.79,390.0900841
0.00021,1.73e-05,0.0,0.7,0.79,390.0900841
0.00021,1.73e-05,0.0,0.8,0.79,390.0900841
0.00021,1.73e-05,0.0,0.9,0.79,390.0900841
0.00021,1.73e-05,0.0,1.0,0.79,390.0900841
0.00022,0.0,1e-05,0.0,0.78,317.1020144
0.00022,0.0,1e-05,0.1,0.78,390.0881227
0.00022,0.0,1e-05,0.2,0.78,390.0881227
0.00022,0.0,1e-05,0.3,0.78,390.0881227
0.00022,0.0,1e-05,0.4,0.78,390.0881227
0.00022,0.0,1e-05,0.5,0.78,390.0881227
0.00022,0.0,1e-05,0.6,0.78,390.0881227
0.00022,0.0,1e-05,0.7,0.78,390.0881227
0.00022,0.0,1e-05,0.8,0.78,390.0881227
0.00022,0.0,1e-05,0.9,0.78,390.0881227
0.00022,0.0,1e-05,1.0,0.78,390.0881227
0.00022,0.0,0.0,0.0,0.78,317.1020144
0.00022,0.0,0.0,0.1,0.78,390.0881227
0.00022,0.0,0.0,0.2,0.78,390.0881227
0.00022,0.0,0.0,0.3,0.78,390.0881227
0.00022,0.0,0.0,0.4,0.78,390.0881227
0.00022,0.0,0.0,0.5,0.78,390.0881227
0.00022,0.0,0.0,0.6,0.78,390.0881227
0.00022,0.0,0.0,0.7,0.78,390.0881227
0.00022,0.0,0.0,0.8,0.78,390.0881227
0.00022,0.0,0.0,0.9,0.78,390.0881227
0.00022,0.0,0.0,1.0,0.78,390.0881227
0.00018,0.0001,0.0,0.0,0.82,317.1010663
0.00018,0.0001,0.0,0.1,0.82,390.0827977
0.00018,0.0001,0.0,0.2,0.82,390.0827977
0.00018,0.0001,0.0,0.3,0.82,390.0827977
0.00018,0.0001,0.0,0.4,0.82,390.0827977
0.00018,0.0001,0.0,0.5,0.82,390.0827977
0.00018,0.0001,0.0,0.6,0.82,390.0827977
0.00018,0.0001,0.0,0.7,0.82,390.0827977
0.00018,0.0001,0.0,0.8,0.82,390.0827977
0.00018,0.0001,0.0,0.9,0.82,390.0827977
0.00018,0.0001,0.0,1.0,0.82,390.0827977
0.00018,0.0001,1e-05,0.0,0.82,317.1010663
0.00018,0.0001,1e-05,0.1,0.82,390.0827977
0.00018,0.0001,1e-05,0.2,0.82,390.0827977
0.00018,0.0001,1e-05,0.3,0.82,390.0827977
0.00018,0.0001,1e-05,0.4,0.82,390.0827977
0.00018,0.0001,1e-05,0.5,0.82,390.0827977
0.00018,0.0001,1e-05,0.6,0.82,390.0827977
0.00018,0.0001,1e-05,0.7,0.82,390.0827977
0.00018,0.0001,1e-05,0.8,0.82,390.0827977
0.00018,0.0001,1e-05,0.9,0.82,390.0827977
0.00018,0.0001,1e-05,1.0,0.82,390.0827977
0.00019,8.27e-05,0.0,0.0,0.81,317.1019284
0.00019,8.27e-05,0.0,0.1,0.81,390.0874215
0.00019,8.27e-05,0.0,0.2,0.81,390.0874215
0.00019,8.27e-05,0.0,0.3,0.81,390.0874215
0.00019,8.27e-05,0.0,0.4,0.81,390.0874215
0.00019,8.27e-05,0.0,0.5,0.81,390.0874215
0.00019,8.27e-05,0.0,0.6,0.81,390.0874215
0.00019,8.27e-05,0.0,0.7,0.81,390.0874215
0.00019,8.27e-05,0.0,0.8,0.81,390.0874215
0.00019,8.27e-05,0.0,0.9,0.81,390.0874215
0.00019,8.27e-05,0.0,1.0,0.81,390.0874215
0.00019,8.27e-05,1e-05,0.0,0.81,317.1019284
0.00019,8.27e-05,1e-05,0.1,0.81,390.0874215
0.00019,8.27e-05,1e-05,0.2,0.81,390.0874215
0.00019,8.27e-05,1e-05,0.3,0.81,390.0874215
0.00019,8.27e-05,1e-05,0.4,0.81,390.0874215
0.00019,8.27e-05,1e-05,0.5,0.81,390.0874215
0.00019,8.27e-05,1e-05,0.6,0.81,390.0874215
0.00019,8.27e-05,1e-05,0.7,0.81,390.0874215
0.00019,8.27e-05,1e-05,0.8,0.81,390.0874215
0.00019,8.27e-05,1e-05,0.9,0.81,390.0874215
0.00019,8.27e-05,1e-05,1.0,0.81,390.0874215
0.0002,6.69e-05,1e-05,0.0,0.8,317.1025035
0.0002,6.69e-05,1e-05,0.1,0.8,390.0905349
0.0002,6.69e-05,1e-05,0.2,0.8,390.0905349
0.0002,6.69e-05,1e-05,0.3,0.8,390.0905349
0.0002,6.69e-05,1e-05,0.4,0.8,390.0905349
0.0002,6.69e-05,1e-05,0.5,0.8,390.0905349
0.0002,6.69e-05,1e-05,0.6,0.8,390.0905349
0.0002,6.69e-05,1e-05,0.7,0.8,390.0905349
0.0002,6.69e-05,1e-05,0.8,0.8,390.0905349
0.0002,6.69e-05,1e-05,0.9,0.8,390.0905349
0.0002,6.69e-05,1e-05,1.0,0.8,390.0905349
0.0002,6.69e-05,0.0,0.0,0.8,317.1025034
0.0002,6.69e-05,0.0,0.1,0.8,390.0905349
0.0002,6.69e-05,0.0,0.2,0.8,390.0905349
0.0002,6.69e-05,0.0,0.3,0.8,390.0905349
0.0002,6.69e-05,0.0,0.4,0.8,390.0905349
0.0002,6.69e-05,0.0,0.5,0.8,390.0905349
0.0002,6.69e-05,0.0,0.6,0.8,390.0905349
0.0002,6.69e-05,0.0,0.7,0.8,390.0905349
0.0002,6.69e-05,0.0,0.8,0.8,390.0905349
0.0002,6.69e-05,0.0,0.9,0.8,390.0905349
0.0002,6.69e-05,0.0,1.0,0.8,390.0905349
0.00021,5.1e-05,0.0,0.0,0.79,317.1028581
0.00021,5.1e-05,0.0,0.1,0.79,390.0924865
0.00021,5.1e-05,0.0,0.2,0.79,390.0924865
0.00021,5.1e-05,0.0,0.3,0.79,390.0924865
0.00021,5.1e-05,0.0,0.4,0.79,390.0924865
0.00021,5.1e-05,0.0,0.5,0.79,390.0924865
0.00021,5.1e-05,0.0,0.6,0.79,390.0924865
0.00021,5.1e-05,0.0,0.7,0.79,390.0924865
0.00021,5.1e-05,0.0,0.8,0.79,390.0924865
0.00021,5.1e-05,0.0,0.9,0.79,390.0924865
0.00021,5.1e-05,0.0,1.0,0.79,390.0924865
0.00021,5.1e-05,1e-05,0.0,0.79,317.1028581
0.00021,5.1e-05,1e-05,0.1,0.79,390.0924865
0.00021,5.1e-05,1e-05,0.2,0.79,390.0924865
0.00021,5.1e-05,1e-05,0.3,0.79,390.0924865
0.00021,5.1e-05,1e-05,0.4,0.79,390.0924865
0.00021,5.1e-05,1e-05,0.5,0.79,390.0924865
0.00021,5.1e-05,1e-05,0.6,0.79,390.0924865
0.00021,5.1e-05,1e-05,0.7,0.79,390.0924865
0.00021,5.1e-05,1e-05,0.8,0.79,390.0924865
0.00021,5.1e-05,1e-05,0.9,0.79,390.0924865
0.00021,5.1e-05,1e-05,1.0,0.79,390.0924865
0.00022,3.46e-05,0.0,0.0,0.78,317.1029819
0.00022,3.46e-05,0.0,0.1,0.78,390.0932214
0.00022,3.46e-05,0.0,0.2,0.78,390.0932214
0.00022,3.46e-05,0.0,0.3,0.78,390.0932214
0.00022,3.46e-05,0.0,0.4,0.78,390.0932214
0.00022,3.46e-05,0.0,0.5,0.78,390.0932214
0.00022,3.46e-05,0.0,0.6,0.78,390.0932214
0.00022,3.46e-05,0.0,0.7,0.78,390.0932214
0.00022,3.46e-05,0.0,0.8,0.78,390.0932214
0.00022,3.46e-05,0.0,0.9,0.78,390.0932214
0.00022,3.46e-05,0.0,1.0,0.78,390.0932214
0.00022,3.46e-05,1e-05,0.0,0.78,317.1029819
0.00022,3.46e-05,1e-05,0.1,0.78,390.0932214
0.00022,3.46e-05,1e-05,0.2,0.78,390.0932214
0.00022,3.46e-05,1e-05,0.3,0.78,390.0932214
0.00022,3.46e-05,1e-05,0.4,0.78,390.0932214
0.00022,3.46e-05,1e-05,0.5,0.78,390.0932214
0.00022,3.46e-05,1e-05,0.6,0.78,390.0932214
0.00022,3.46e-05,1e-05,0.7,0.78,390.0932214
0.00022,3.46e-05,1e-05,0.8,0.78,390.0932214
0.00022,3.46e-05,1e-05,0.9,0.78,390.0932214
0.00022,3.46e-05,1e-05,1.0,0.78,390.0932214
0.00023,1.73e-05,1e-05,0.0,0.77,317.1028421
0.00023,1.73e-05,1e-05,0.1,0.77,390.0925665
0.00023,1.73e-05,1e-05,0.2,0.77,390.0925665
0.00023,1.73e-05,1e-05,0.3,0.77,390.0925665
0.00023,1.73e-05,1e-05,0.4,0.77,390.0925665
0.00023,1.73e-05,1e-05,0.5,0.77,390.0925665
0.00023,1.73e-05,1e-05,0.6,0.77,390.0925665
0.00023,1.73e-05,1e-05,0.7,0.77,390.0925665
0.00023,1.73e-05,1e-05,0.8,0.77,390.0925665
0.00023,1.73e-05,1e-05,0.9,0.77,390.0925665
0.00023,1.73e-05,1e-05,1.0,0.77,390.0925665
0.00023,1.73e-05,0.0,0.0,0.77,317.1028421
0.00023,1.73e-05,0.0,0.1,0.77,390.0925665
0.00023,1.73e-05,0.0,0.2,0.77,390.0925665
0.00023,1.73e-05,0.0,0.3,0.77,390.0925665
0.00023,1.73e-05,0.0,0.4,0.77,390.0925665
0.00023,1.73e-05,0.0,0.5,0.77,390.0925665
0.00023,1.73e-05,0.0,0.6,0.77,390.0925665
0.00023,1.73e-05,0.0,0.7,0.77,390.0925665
0.00023,1.73e-05,0.0,0.8,0.77,390.0925665
0.00023,1.73e-05,0.0,0.9,0.77,390.0925665
0.00023,1.73e-05,0.0,1.0,0.77,390.0925665
0.00024,0.0,1e-05,0.0,0.76,317.1024373
0.00024,0.0,1e-05,0.1,0.76,390.0905151
0.00024,0.0,1e-05,0.2,0.76,390.0905151
0.00024,0.0,1e-05,0.3,0.76,390.0905151
0.00024,0.0,1e-05,0.4,0.76,390.0905151
0.00024,0.0,1e-05,0.5,0.76,390.0905151
0.00024,0.0,1e-05,0.6,0.76,390.0905151
0.00024,0.0,1e-05,0.7,0.76,390.0905151
0.00024,0.0,1e-05,0.8,0.76,390.0905151
0.00024,0.0,1e-05,0.9,0.76,390.0905151
0.00024,0.0,1e-05,1.0,0.76,390.0905151
0.00024,0.0,0.0,0.0,0.76,317.1024373
0.00024,0.0,0.0,0.1,0.76,390.0905151
0.00024,0.0,0.0,0.2,0.76,390.0905151
0.00024,0.0,0.0,0.3,0.76,390.0905151
0.00024,0.0,0.0,0.4,0.76,390.0905151
0.00024,0.0,0.0,0.5,0.76,390.0905151
0.00024,0.0,0.0,0.6,0.76,390.0905151
0.00024,0.0,0.0,0.7,0.76,390.0905151
0.00024,0.0,0.0,0.8,0.76,390.0905151
0.00024,0.0,0.0,0.9,0.76,390.0905151
0.00024,0.0,0.0,1.0,0.76,390.0905151
0.0002,0.0001,0.0,0.0,0.8,317.1015576
0.0002,0.0001,0.0,0.1,0.8,390.0855504
0.0002,0.0001,0.0,0.2,0.8,390.0855504
0.0002,0.0001,0.0,0.3,0.8,390.0855504
0.0002,0.0001,0.0,0.4,0.8,390.0855504
0.0002,0.0001,0.0,0.5,0.8,390.0855504
0.0002,0.0001,0.0,0.6,0.8,390.0855504
0.0002,0.0001,0.0,0.7,0.8,390.0855504
0.0002,0.0001,0.0,0.8,0.8,390.0855504
0.0002,0.0001,0.0,0.9,0.8,390.0855504
0.0002,0.0001,0.0,1.0,0.8,390.0855504
0.0002,0.0001,1e-05,0.0,0.8,317.1015576
0.0002,0.0001,1e-05,0.1,0.8,390.0855504
0.0002,0.0001,1e-05,0.2,0.8,390.0855504
0.0002,0.0001,1e-05,0.3,0.8,390.0855504
0.0002,0.0001,1e-05,0.4,0.8,390.0855504
0.0002,0.0001,1e-05,0.5,0.8,390.0855504
0.0002,0.0001,1e-05,0.6,0.8,390.0855504
0.0002,0.0001,1e-05,0.7,0.8,390.0855504
0.0002,0.0001,1e-05,0.8,0.8,390.0855504
0.0002,0.0001,1e-05,0.9,0.8,390.0855504
0.0002,0.0001,1e-05,1.0,0.8,390.0855504
0.00021,8.31e-05,5e-06,0.0,0.79,317.1024966
0.00021,8.31e-05,5e-06,0.1,0.79,390.0905807
0.00021,8.31e-05,5e-06,0.2,0.79,390.0905807
0.00021,8.31e-05,5e-06,0.3,0.79,390.0905807
0.00021,8.31e-05,5e-06,0.4,0.79,390.0905807
0.00021,8.31e-05,5e-06,0.5,0.79,390.0905807
0.00021,8.31e-05,5e-06,0.6,0.79,390.0905807
0.00021,8.31e-05,5e-06,0.7,0.79,390.0905807
0.00021,8.31e-05,5e-06,0.8,0.79,390.0905807
0.00021,8.31e-05,5e-06,0.9,0.79,390.0905807
0.00021,8.31e-05,5e-06,1.0,0.79,390.0905807
0.00021,8.27e-05,0.0,0.0,0.79,317.1024023
0.00021,8.27e-05,0.0,0.1,0.79,390.0900841
0.00021,8.27e-05,0.0,0.2,0.79,390.0900841
0.00021,8.27e-05,0.0,0.3,0.79,390.0900841
0.00021,8.27e-05,0.0,0.4,0.79,390.0900841
0.00021,8.27e-05,0.0,0.5,0.79,390.0900841
0.00021,8.27e-05,0.0,0.6,0.79,390.0900841
0.00021,8.27e-05,0.0,0.7,0.79,390.0900841
0.00021,8.27e-05,0.0,0.8,0.79,390.0900841
0.00021,8.27e-05,0.0,0.9,0.79,390.0900841
0.00021,8.27e-05,0.0,1.0,0.79,390.0900841
0.00021,8.27e-05,1e-05,0.0,0.79,317.1024023
0.00021,8.27e-05,1e-05,0.1,0.79,390.0900841
0.00021,8.27e-05,1e-05,0.2,0.79,390.0900841
0.00021,8.27e-05,1e-05,0.3,0.79,390.0900841
0.00021,8.27e-05,1e-05,0.4,0.79,390.0900841
0.00021,8.27e-05,1e-05,0.5,0.79,390.0900841
0.00021,8.27e-05,1e-05,0.6,0.79,390.0900841
0.00021,8.27e-05,1e-05,0.7,0.79,390.0900841
0.00021,8.27e-05,1e-05,0.8,0.79,390.0900841
0.00021,8.27e-05,1e-05,0.9,0.79,390.0900841
0.00021,8.27e-05,1e-05,1.0,0.79,390.0900841
0.00022,6.69e-05,1e-05,0.0,0.78,317.1029603
0.00022,6.69e-05,1e-05,0.1,0.78,390.0931073
0.00022,6.69e-05,1e-05,0.2,0.78,390.0931073
0.00022,6.69e-05,1e-05,0.3,0.78,390.0931073
0.00022,6.69e-05,1e-05,0.4,0.78,390.0931073
0.00022,6.69e-05,1e-05,0.5,0.78,390.0931073
0.00022,6.69e-05,1e-05,0.6,0.78,390.0931073
0.00022,6.69e-05,1e-05,0.7,0.78,390.0931073
0.00022,6.69e-05,1e-05,0.8,0.78,390.0931073
0.00022,6.69e-05,1e-05,0.9,0.78,390.0931073
0.00022,6.69e-05,1e-05,1.0,0.78,390.0931073
0.00022,6.69e-05,0.0,0.0,0.78,317.1029603
0.00022,6.69e-05,0.0,0.1,0.78,390.0931073
0.00022,6.69e-05,0.0,0.2,0.78,390.0931073
0.00022,6.69e-05,0.0,0.3,0.78,390.0931073
0.00022,6.69e-05,0.0,0.4,0.78,390.0931073
0.00022,6.69e-05,0.0,0.5,0.78,390.0931073
0.00022,6.69e-05,0.0,0.6,0.78,390.0931073
0.00022,6.69e-05,0.0,0.7,0.78,390.0931073
0.00022,6.69e-05,0.0,0.8,0.78,390.0931073
0.00022,6.69e-05,0.0,0.9,0.78,390.0931073
0.00022,6.69e-05,0.0,1.0,0.78,390.0931073
0.00023,5.1e-05,0.0,0.0,0.77,317.1032978
0.00023,5.1e-05,0.0,0.1,0.77,390.094969
0.00023,5.1e-05,0.0,0.2,0.77,390.094969
0.00023,5.1e-05,0.0,0.3,0.77,390.094969
0.00023,5.1e-05,0.0,0.4,0.77,390.094969
0.00023,5.1e-05,0.0,0.5,0.77,390.094969
0.00023,5.1e-05,0.0,0.6,0.77,390.094969
0.00023,5.1e-05,0.0,0.7,0.77,390.094969
0.00023,5.1e-05,0.0,0.8,0.77,390.094969
0.00023,5.1e-05,0.0,0.9,0.77,390.094969
0.00023,5.1e-05,0.0,1.0,0.77,390.094969
0.00023,5.1e-05,1e-05,0.0,0.77,317.1032979
0.00023,5.1e-05,1e-05,0.1,0.77,390.094969
0.00023,5.1e-05,1e-05,0.2,0.77,390.094969
0.00023,5.1e-05,1e-05,0.3,0.77,390.094969
0.00023,5.1e-05,1e-05,0.4,0.77,390.094969
0.00023,5.1e-05,1e-05,0.5,0.77,390.094969
0.00023,5.1e-05,1e-05,0.6,0.77,390.094969
0.00023,5.1e-05,1e-05,0.7,0.77,390.094969
0.00023,5.1e-05,1e-05,0.8,0.77,390.094969
0.00023,5.1e-05,1e-05,0.9,0.77,390.094969
0.00023,5.1e-05,1e-05,1.0,0.77,390.094969
0.00024,3.46e-05,0.0,0.0,0.76,317.1034048
0.00024,3.46e-05,0.0,0.1,0.76,390.095614
0.00024,3.46e-05,0.0,0.2,0.76,390.095614
0.00024,3.46e-05,0.0,0.3,0.76,390.095614
0.00024,3.46e-05,0.0,0.4,0.76,390.095614
0.00024,3.46e-05,0.0,0.5,0.76,390.095614
0.00024,3.46e-05,0.0,0.6,0.76,390.095614
0.00024,3.46e-05,0.0,0.7,0.76,390.095614
0.00024,3.46e-05,0.0,0.8,0.76,390.095614
0.00024,3.46e-05,0.0,0.9,0.76,390.095614
0.00024,3.46e-05,0.0,1.0,0.76,390.095614
0.00024,3.46e-05,1e-05,0.0,0.76,317.1034048
0.00024,3.46e-05,1e-05,0.1,0.76,390.095614
0.00024,3.46e-05,1e-05,0.2,0.76,390.095614
0.00024,3.46e-05,1e-05,0.3,0.76,390.095614
0.00024,3.46e-05,1e-05,0.4,0.76,390.095614
0.00024,3.46e-05,1e-05,0.5,0.76,390.095614
0.00024,3.46e-05,1e-05,0.6,0.76,390.095614
0.00024,3.46e-05,1e-05,0.7,0.76,390.095614
0.00024,3.46e-05,1e-05,0.8,0.76,390.095614
0.00024,3.46e-05,1e-05,0.9,0.76,390.095614
0.00024,3.46e-05,1e-05,1.0,0.76,390.095614
0.000251,1.68e-05,5e-06,0.0,0.748507463,317.1033695
0.000251,1.68e-05,5e-06,0.1,0.748507463,390.0955203
0.000251,1.68e-05,5e-06,0.2,0.748507463,390.0955203
0.000251,1.68e-05,5e-06,0.3,0.748507463,390.0955203
0.000251,1.68e-05,5e-06,0.4,0.748507463,390.0955203
0.000251,1.68e-05,5e-06,0.5,0.748507463,390.0955203
0.000251,1.68e-05,5e-06,0.6,0.748507463,390.0955203
0.000251,1.68e-05,5e-06,0.7,0.748507463,390.0955203
0.000251,1.68e-05,5e-06,0.8,0.748507463,390.0955203
0.000251,1.68e-05,5e-06,0.9,0.748507463,390.0955203
0.000251,1.68e-05,5e-06,1.0,0.748507463,390.0955203
0.00025,1.73e-05,1e-05,0.0,0.75,317.1032482
0.00025,1.73e-05,1e-05,0.1,0.75,390.0948693
0.00025,1.73e-05,1e-05,0.2,0.75,390.0948693
0.00025,1.73e-05,1e-05,0.3,0.75,390.0948693
0.00025,1.73e-05,1e-05,0.4,0.75,390.0948693
0.00025,1.73e-05,1e-05,0.5,0.75,390.0948693
0.00025,1.73e-05,1e-05,0.6,0.75,390.0948693
0.00025,1.73e-05,1e-05,0.7,0.75,390.0948693
0.00025,1.73e-05,1e-05,0.8,0.75,390.0948693
0.00025,1.73e-05,1e-05,0.9,0.75,390.0948693
0.00025,1.73e-05,1e-05,1.0,0.75,390.0948693
0.00025,1.73e-05,0.0,0.0,0.75,317.1032482
0.00025,1.73e-05,0.0,0.1,0.75,390.0948693
0.00025,1.73e-05,0.0,0.2,0.75,390.0948693
0.00025,1.73e-05,0.0,0.3,0.75,390.0948693
0.00025,1.73e-05,0.0,0.4,0.75,390.0948693
0.00025,1.73e-05,0.0,0.5,0.75,390.0948693
0.00025,1.73e-05,0.0,0.6,0.75,390.0948693
0.00025,1.73e-05,0.0,0.7,0.75,390.0948693
0.00025,1.73e-05,0.0,0.8,0.75,390.0948693
0.00025,1.73e-05,0.0,0.9,0.75,390.0948693
0.00025,1.73e-05,0.0,1.0,0.75,390.0948693
0.00026,0.0,1e-05,0.0,0.74,317.1028267
0.00026,0.0,1e-05,0.1,0.74,390.0927282
0.00026,0.0,1e-05,0.2,0.74,390.0927282
0.00026,0.0,1e-05,0.3,0.74,390.0927282
0.00026,0.0,1e-05,0.4,0.74,390.0927282
0.00026,0.0,1e-05,0.5,0.74,390.0927282
0.00026,0.0,1e-05,0.6,0.74,390.0927282
0.00026,0.0,1e-05,0.7,0.74,390.0927282
0.00026,0.0,1e-05,0.8,0.74,390.0927282
0.00026,0.0,1e-05,0.9,0.74,390.0927282
0.00026,0.0,1e-05,1.0,0.74,390.0927282
0.00026,0.0,0.0,0.0,0.74,317.1028267
0.00026,0.0,0.0,0.1,0.74,390.0927282
0.00026,0.0,0.0,0.2,0.74,390.0927282
0.00026,0.0,0.0,0.3,0.74,390.0927282
0.00026,0.0,0.0,0.4,0.74,390.0927282
0.00026,0.0,0.0,0.5,0.74,390.0927282
0.00026,0.0,0.0,0.6,0.74,390.0927282
0.00026,0.0,0.0,0.7,0.74,390.0927282
0.00026,0.0,0.0,0.8,0.74,390.0927282
0.00026,0.0,0.0,0.9,0.74,390.0927282
0.00026,0.0,0.0,1.0,0.74,390.0927282
0.00022,0.0001,0.0,0.0,0.78,317.1020144
0.00022,0.0001,0.0,0.1,0.78,390.0881227
0.00022,0.0001,0.0,0.2,0.78,390.0881227
0.00022,0.0001,0.0,0.3,0.78,390.0881227
0.00022,0.0001,0.0,0.4,0.78,390.0881227
0.00022,0.0001,0.0,0.5,0.78,390.0881227
0.00022,0.0001,0.0,0.6,0.78,390.0881227
0.00022,0.0001,0.0,0.7,0.78,390.0881227
0.00022,0.0001,0.0,0.8,0.78,390.0881227
0.00022,0.0001,0.0,0.9,0.78,390.0881227
0.00022,0.0001,0.0,1.0,0.78,390.0881227
0.00022,0.0001,1e-05,0.0,0.78,317.1020144
0.00022,0.0001,1e-05,0.1,0.78,390.0881227
0.00022,0.0001,1e-05,0.2,0.78,390.0881227
0.00022,0.0001,1e-05,0.3,0.78,390.0881227
0.00022,0.0001,1e-05,0.4,0.78,390.0881227
0.00022,0.0001,1e-05,0.5,0.78,390.0881227
0.00022,0.0001,1e-05,0.6,0.78,390.0881227
0.00022,0.0001,1e-05,0.7,0.78,390.0881227
0.00022,0.0001,1e-05,0.8,0.78,390.0881227
0.00022,0.0001,1e-05,0.9,0.78,390.0881227
0.00022,0.0001,1e-05,1.0,0.78,390.0881227
0.00023,8.27e-05,0.0,0.0,0.77,317.1028421
0.00023,8.27e-05,0.0,0.1,0.77,390.0925665
0.00023,8.27e-05,0.0,0.2,0.77,390.0925665
0.00023,8.27e-05,0.0,0.3,0.77,390.0925665
0.00023,8.27e-05,0.0,0.4,0.77,390.0925665
0.00023,8.27e-05,0.0,0.5,0.77,390.0925665
0.00023,8.27e-05,0.0,0.6,0.77,390.0925665
0.00023,8.27e-05,0.0,0.7,0.77,390.0925665
0.00023,8.27e-05,0.0,0.8,0.77,390.0925665
0.00023,8.27e-05,0.0,0.9,0.77,390.0925665
0.00023,8.27e-05,0.0,1.0,0.77,390.0925665
0.00023,8.27e-05,1e-05,0.0,0.77,317.1028421
0.00023,8.27e-05,1e-05,0.1,0.77,390.0925665
0.00023,8.27e-05,1e-05,0.2,0.77,390.0925665
0.00023,8.27e-05,1e-05,0.3,0.77,390.0925665
0.00023,8.27e-05,1e-05,0.4,0.77,390.0925665
0.00023,8.27e-05,1e-05,0.5,0.77,390.0925665
0.00023,8.27e-05,1e-05,0.6,0.77,390.0925665
0.00023,8.27e-05,1e-05,0.7,0.77,390.0925665
0.00023,8.27e-05,1e-05,0.8,0.77,390.0925665
0.00023,8.27e-05,1e-05,0.9,0.77,390.0925665
0.00023,8.27e-05,1e-05,1.0,0.77,390.0925665
0.00024,6.69e-05,1e-05,0.0,0.76,317.1033831
0.00024,6.69e-05,1e-05,0.1,0.76,390.0954999
0.00024,6.69e-05,1e-05,0.2,0.76,390.0954999
0.00024,6.69e-05,1e-05,0.3,0.76,390.0954999
0.00024,6.69e-05,1e-05,0.4,0.76,390.0954999
0.00024,6.69e-05,1e-05,0.5,0.76,390.0954999
0.00024,6.69e-05,1e-05,0.6,0.76,390.0954999
0.00024,6.69e-05,1e-05,0.7,0.76,390.0954999
0.00024,6.69e-05,1e-05,0.8,0.76,390.0954999
0.00024,6.69e-05,1e-05,0.9,0.76,390.0954999
0.00024,6.69e-05,1e-05,1.0,0.76,390.0954999
0.00024,6.69e-05,0.0,0.0,0.76,317.1033831
0.00024,6.69e-05,0.0,0.1,0.76,390.0954999
0.00024,6.69e-05,0.0,0.2,0.76,390.0954999
0.00024,6.69e-05,0.0,0.3,0.76,390.0954999
0.00024,6.69e-05,0.0,0.4,0.76,390.0954999
0.00024,6.69e-05,0.0,0.5,0.76,390.0954999
0.00024,6.69e-05,0.0,0.6,0.76,390.0954999
0.00024,6.69e-05,0.0,0.7,0.76,390.0954999
0.00024,6.69e-05,0.0,0.8,0.76,390.0954999
0.00024,6.69e-05,0.0,0.9,0.76,390.0954999
0.00024,6.69e-05,0.0,1.0,0.76,390.0954999
0.00025,5.1e-05,0.0,0.0,0.75,317.103704
0.00025,5.1e-05,0.0,0.1,0.75,390.0972718
0.00025,5.1e-05,0.0,0.2,0.75,390.0972718
0.00025,5.1e-05,0.0,0.3,0.75,390.0972718
0.00025,5.1e-05,0.0,0.4,0.75,390.0972718
0.00025,5.1e-05,0.0,0.5,0.75,390.0972718
0.00025,5.1e-05,0.0,0.6,0.75,390.0972718
0.00025,5.1e-05,0.0,0.7,0.75,390.0972718
0.00025,5.1e-05,0.0,0.8,0.75,390.0972718
0.00025,5.1e-05,0.0,0.9,0.75,390.0972718
0.00025,5.1e-05,0.0,1.0,0.75,390.0972718
0.00025,5.1e-05,1e-05,0.0,0.75,317.103704
0.00025,5.1e-05,1e-05,0.1,0.75,390.0972718
0.00025,5.1e-05,1e-05,0.2,0.75,390.0972718
0.00025,5.1e-05,1e-05,0.3,0.75,390.0972718
0.00025,5.1e-05,1e-05,0.4,0.75,390.0972718
0.00025,5.1e-05,1e-05,0.5,0.75,390.0972718
0.00025,5.1e-05,1e-05,0.6,0.75,390.0972718
0.00025,5.1e-05,1e-05,0.7,0.75,390.0972718
0.00025,5.1e-05,1e-05,0.8,0.75,390.0972718
0.00025,5.1e-05,1e-05,0.9,0.75,390.0972718
0.00025,5.1e-05,1e-05,1.0,0.75,390.0972718
0.00026,3.46e-05,0.0,0.0,0.74,317.1037943
0.00026,3.46e-05,0.0,0.1,0.74,390.0978272
0.00026,3.46e-05,0.0,0.2,0.74,390.0978272
0.00026,3.46e-05,0.0,0.3,0.74,390.0978272
0.00026,3.46e-05,0.0,0.4,0.74,390.0978272
0.00026,3.46e-05,0.0,0.5,0.74,390.0978272
0.00026,3.46e-05,0.0,0.6,0.74,390.0978272
0.00026,3.46e-05,0.0,0.7,0.74,390.0978272
0.00026,3.46e-05,0.0,0.8,0.74,390.0978272
0.00026,3.46e-05,0.0,0.9,0.74,390.0978272
0.00026,3.46e-05,0.0,1.0,0.74,390.0978272
0.00026,3.46e-05,1e-05,0.0,0.74,317.1037943
0.00026,3.46e-05,1e-05,0.1,0.74,390.0978272
0.00026,3.46e-05,1e-05,0.2,0.74,390.0978272
0.00026,3.46e-05,1e-05,0.3,0.74,390.0978272
0.00026,3.46e-05,1e-05,0.4,0.74,390.0978272
0.00026,3.46e-05,1e-05,0.5,0.74,390.0978272
0.00026,3.46e-05,1e-05,0.6,0.74,390.0978272
0.00026,3.46e-05,1e-05,0.7,0.74,390.0978272
0.00026,3.46e-05,1e-05,0.8,0.74,390.0978272
0.00026,3.46e-05,1e-05,0.9,0.74,390.0978272
0.00026,3.46e-05,1e-05,1.0,0.74,390.0978272
0.00027,1.73e-05,1e-05,0.0,0.73,317.1036212
0.00027,1.73e-05,1e-05,0.1,0.73,390.096993
0.00027,1.73e-05,1e-05,0.2,0.73,390.096993
0.00027,1.73e-05,1e-05,0.3,0.73,390.096993
0.00027,1.73e-05,1e-05,0.4,0.73,390.096993
0.00027,1.73e-05,1e-05,0.5,0.73,390.096993
0.00027,1.73e-05,1e-05,0.6,0.73,390.096993
0.00027,1.73e-05,1e-05,0.7,0.73,390.096993
0.00027,1.73e-05,1e-05,0.8,0.73,390.096993
0.00027,1.73e-05,1e-05,0.9,0.73,390.096993
0.00027,1.73e-05,1e-05,1.0,0.73,390.096993
0.00027,1.73e-05,0.0,0.0,0.73,317.1036212
0.00027,1.73e-05,0.0,0.1,0.73,390.096993
0.00027,1.73e-05,0.0,0.2,0.73,390.096993
0.00027,1.73e-05,0.0,0.3,0.73,390.096993
0.00027,1.73e-05,0.0,0.4,0.73,390.096993
0.00027,1.73e-05,0.0,0.5,0.73,390.096993
0.00027,1.73e-05,0.0,0.6,0.73,390.096993
0.00027,1.73e-05,0.0,0.7,0.73,390.096993
0.00027,1.73e-05,0.0,0.8,0.73,390.096993
0.00027,1.73e-05,0.0,0.9,0.73,390.096993
0.00027,1.73e-05,0.0,1.0,0.73,390.096993
0.000272,9.57e-06,5e-06,0.0,0.72761194,317.1035281
0.000272,9.57e-06,5e-06,0.1,0.72761194,390.0965207
0.000272,9.57e-06,5e-06,0.2,0.72761194,390.0965207
0.000272,9.57e-06,5e-06,0.3,0.72761194,390.0965207
0.000272,9.57e-06,5e-06,0.4,0.72761194,390.0965207
0.000272,9.57e-06,5e-06,0.5,0.72761194,390.0965207
0.000272,9.57e-06,5e-06,0.6,0.72761194,390.0965207
0.000272,9.57e-06,5e-06,0.7,0.72761194,390.0965207
0.000272,9.57e-06,5e-06,0.8,0.72761194,390.0965207
0.000272,9.57e-06,5e-06,0.9,0.72761194,390.0965207
0.000272,9.57e-06,5e-06,1.0,0.72761194,390.0965207
0.00028,0.0,1e-05,0.0,0.72,317.1031832
0.00028,0.0,1e-05,0.1,0.72,390.0947625
0.00028,0.0,1e-05,0.2,0.72,390.0947625
0.00028,0.0,1e-05,0.3,0.72,390.0947625
0.00028,0.0,1e-05,0.4,0.72,390.0947625
0.00028,0.0,1e-05,0.5,0.72,390.0947625
0.00028,0.0,1e-05,0.6,0.72,390.0947625
0.00028,0.0,1e-05,0.7,0.72,390.0947625
0.00028,0.0,1e-05,0.8,0.72,390.0947625
0.00028,0.0,1e-05,0.9,0.72,390.0947625
0.00028,0.0,1e-05,1.0,0.72,390.0947625
0.00028,0.0,0.0,0.0,0.72,317.1031833
0.00028,0.0,0.0,0.1,0.72,390.0947625
0.00028,0.0,0.0,0.2,0.72,390.0947625
0.00028,0.0,0.0,0.3,0.72,390.0947625
0.00028,0.0,0.0,0.4,0.72,390.0947625
0.00028,0.0,0.0,0.5,0.72,390.0947625
0.00028,0.0,0.0,0.6,0.72,390.0947625
0.00028,0.0,0.0,0.7,0.72,390.0947625
0.00028,0.0,0.0,0.8,0.72,390.0947625
0.00028,0.0,0.0,0.9,0.72,390.0947625
0.00028,0.0,0.0,1.0,0.72,390.0947625
0.00024,0.0001,0.0,0.0,0.76,317.1024373
0.00024,0.0001,0.0,0.1,0.76,390.0905151
0.00024,0.0001,0.0,0.2,0.76,390.0905151
0.00024,0.0001,0.0,0.3,0.76,390.0905151
0.00024,0.0001,0.0,0.4,0.76,390.0905151
0.00024,0.0001,0.0,0.5,0.76,390.0905151
0.00024,0.0001,0.0,0.6,0.76,390.0905151
0.00024,0.0001,0.0,0.7,0.76,390.0905151
0.00024,0.0001,0.0,0.8,0.76,390.0905151
0.00024,0.0001,0.0,0.9,0.76,390.0905151
0.00024,0.0001,0.0,1.0,0.76,390.0905151
0.00024,0.0001,1e-05,0.0,0.76,317.1024373
0.00024,0.0001,1e-05,0.1,0.76,390.0905151
0.00024,0.0001,1e-05,0.2,0.76,390.0905151
0.00024,0.0001,1e-05,0.3,0.76,390.0905151
0.00024,0.0001,1e-05,0.4,0.76,390.0905151
0.00024,0.0001,1e-05,0.5,0.76,390.0905151
0.00024,0.0001,1e-05,0.6,0.76,390.0905151
0.00024,0.0001,1e-05,0.7,0.76,390.0905151
0.00024,0.0001,1e-05,0.8,0.76,390.0905151
0.00024,0.0001,1e-05,0.9,0.76,390.0905151
0.00024,0.0001,1e-05,1.0,0.76,390.0905151
0.00025,8.27e-05,0.0,0.0,0.75,317.1032482
0.00025,8.27e-05,0.0,0.1,0.75,390.0948693
0.00025,8.27e-05,0.0,0.2,0.75,390.0948693
0.00025,8.27e-05,0.0,0.3,0.75,390.0948693
0.00025,8.27e-05,0.0,0.4,0.75,390.0948693
0.00025,8.27e-05,0.0,0.5,0.75,390.0948693
0.00025,8.27e-05,0.0,0.6,0.75,390.0948693
0.00025,8.27e-05,0.0,0.7,0.75,390.0948693
0.00025,8.27e-05,0.0,0.8,0.75,390.0948693
0.00025,8.27e-05,0.0,0.9,0.75,390.0948693
0.00025,8.27e-05,0.0,1.0,0.75,390.0948693
0.00025,8.27e-05,1e-05,0.0,0.75,317.1032482
0.00025,8.27e-05,1e-05,0.1,0.75,390.0948693
0.00025,8.27e-05,1e-05,0.2,0.75,390.0948693
0.00025,8.27e-05,1e-05,0.3,0.75,390.0948693
0.00025,8.27e-05,1e-05,0.4,0.75,390.0948693
0.00025,8.27e-05,1e-05,0.5,0.75,390.0948693
0.00025,8.27e-05,1e-05,0.6,0.75,390.0948693
0.00025,8.27e-05,1e-05,0.7,0.75,390.0948693
0.00025,8.27e-05,1e-05,0.8,0.75,390.0948693
0.00025,8.27e-05,1e-05,0.9,0.75,390.0948693
0.00025,8.27e-05,1e-05,1.0,0.75,390.0948693
0.00026,6.69e-05,1e-05,0.0,0.74,317.1037726
0.00026,6.69e-05,1e-05,0.1,0.74,390.0977131
0.00026,6.69e-05,1e-05,0.2,0.74,390.0977131
0.00026,6.69e-05,1e-05,0.3,0.74,390.0977131
0.00026,6.69e-05,1e-05,0.4,0.74,390.0977131
0.00026,6.69e-05,1e-05,0.5,0.74,390.0977131
0.00026,6.69e-05,1e-05,0.6,0.74,390.0977131
0.00026,6.69e-05,1e-05,0.7,0.74,390.0977131
0.00026,6.69e-05,1e-05,0.8,0.74,390.0977131
0.00026,6.69e-05,1e-05,0.9,0.74,390.0977131
0.00026,6.69e-05,1e-05,1.0,0.74,390.0977131
0.00026,6.69e-05,0.0,0.0,0.74,317.1037726
0.00026,6.69e-05,0.0,0.1,0.74,390.0977131
0.00026,6.69e-05,0.0,0.2,0.74,390.0977131
0.00026,6.69e-05,0.0,0.3,0.74,390.0977131
0.00026,6.69e-05,0.0,0.4,0.74,390.0977131
0.00026,6.69e-05,0.0,0.5,0.74,390.0977131
0.00026,6.69e-05,0.0,0.6,0.74,390.0977131
0.00026,6.69e-05,0.0,0.7,0.74,390.0977131
0.00026,6.69e-05,0.0,0.8,0.74,390.0977131
0.00026,6.69e-05,0.0,0.9,0.74,390.0977131
0.00026,6.69e-05,0.0,1.0,0.74,390.0977131
0.00027,5.1e-05,0.0,0.0,0.73,317.1040769
0.00027,5.1e-05,0.0,0.1,0.73,390.0993956
0.00027,5.1e-05,0.0,0.2,0.73,390.0993956
0.00027,5.1e-05,0.0,0.3,0.73,390.0993956
0.00027,5.1e-05,0.0,0.4,0.73,390.0993956
0.00027,5.1e-05,0.0,0.5,0.73,390.0993956
0.00027,5.1e-05,0.0,0.6,0.73,390.0993956
0.00027,5.1e-05,0.0,0.7,0.73,390.0993956
0.00027,5.1e-05,0.0,0.8,0.73,390.0993956
0.00027,5.1e-05,0.0,0.9,0.73,390.0993956
0.00027,5.1e-05,0.0,1.0,0.73,390.0993956
0.00027,5.1e-05,1e-05,0.0,0.73,317.1040769
0.00027,5.1e-05,1e-05,0.1,0.73,390.0993956
0.00027,5.1e-05,1e-05,0.2,0.73,390.0993956
0.00027,5.1e-05,1e-05,0.3,0.73,390.0993956
0.00027,5.1e-05,1e-05,0.4,0.73,390.0993956
0.00027,5.1e-05,1e-05,0.5,0.73,390.0993956
0.00027,5.1e-05,1e-05,0.6,0.73,390.0993956
0.00027,5.1e-05,1e-05,0.7,0.73,390.0993956
0.00027,5.1e-05,1e-05,0.8,0.73,390.0993956
0.00027,5.1e-05,1e-05,0.9,0.73,390.0993956
0.00027,5.1e-05,1e-05,1.0,0.73,390.0993956
0.00028,3.46e-05,1e-05,0.0,0.72,317.1041508
0.00028,3.46e-05,1e-05,0.1,0.72,390.0998616
0.00028,3.46e-05,1e-05,0.2,0.72,390.0998616
0.00028,3.46e-05,1e-05,0.3,0.72,390.0998616
0.00028,3.46e-05,1e-05,0.4,0.72,390.0998616
0.00028,3.46e-05,1e-05,0.5,0.72,390.0998616
0.00028,3.46e-05,1e-05,0.6,0.72,390.0998616
0.00028,3.46e-05,1e-05,0.7,0.72,390.0998616
0.00028,3.46e-05,1e-05,0.8,0.72,390.0998616
0.00028,3.46e-05,1e-05,0.9,0.72,390.0998616
0.00028,3.46e-05,1e-05,1.0,0.72,390.0998616
0.00028,3.46e-05,0.0,0.0,0.72,317.1041508
0.00028,3.46e-05,0.0,0.1,0.72,390.0998616
0.00028,3.46e-05,0.0,0.2,0.72,390.0998616
0.00028,3.46e-05,0.0,0.3,0.72,390.0998616
0.00028,3.46e-05,0.0,0.4,0.72,390.0998616
0.00028,3.46e-05,0.0,0.5,0.72,390.0998616
0.00028,3.46e-05,0.0,0.6,0.72,390.0998616
0.00028,3.46e-05,0.0,0.7,0.72,390.0998616
0.00028,3.46e-05,0.0,0.8,0.72,390.0998616
0.00028,3.46e-05,0.0,0.9,0.72,390.0998616
0.00028,3.46e-05,0.0,1.0,0.72,390.0998616
0.00029,1.73e-05,1e-05,0.0,0.71,317.1039614
0.00029,1.73e-05,1e-05,0.1,0.71,390.0989381
0.00029,1.73e-05,1e-05,0.2,0.71,390.0989381
0.00029,1.73e-05,1e-05,0.3,0.71,390.0989381
0.00029,1.73e-05,1e-05,0.4,0.71,390.0989381
0.00029,1.73e-05,1e-05,0.5,0.71,390.0989381
0.00029,1.73e-05,1e-05,0.6,0.71,390.0989381
0.00029,1.73e-05,1e-05,0.7,0.71,390.0989381
0.00029,1.73e-05,1e-05,0.8,0.71,390.0989381
0.00029,1.73e-05,1e-05,0.9,0.71,390.0989381
0.00029,1.73e-05,1e-05,1.0,0.71,390.0989381
0.00029,1.73e-05,0.0,0.0,0.71,317.1039614
0.00029,1.73e-05,0.0,0.1,0.71,390.0989381
0.00029,1.73e-05,0.0,0.2,0.71,390.0989381
0.00029,1.73e-05,0.0,0.3,0.71,390.0989381
0.00029,1.73e-05,0.0,0.4,0.71,390.0989381
0.00029,1.73e-05,0.0,0.5,0.71,390.0989381
0.00029,1.73e-05,0.0,0.6,0.71,390.0989381
0.00029,1.73e-05,0.0,0.7,0.71,390.0989381
0.00029,1.73e-05,0.0,0.8,0.71,390.0989381
0.00029,1.73e-05,0.0,0.9,0.71,390.0989381
0.00029,1.73e-05,0.0,1.0,0.71,390.0989381
0.0003,0.0,1e-05,0.0,0.7,317.1035073
0.0003,0.0,1e-05,0.1,0.7,390.0966184
0.0003,0.0,1e-05,0.2,0.7,390.0966184
0.0003,0.0,1e-05,0.3,0.7,390.0966184
0.0003,0.0,1e-05,0.4,0.7,390.0966184
0.0003,0.0,1e-05,0.5,0.7,390.0966184
0.0003,0.0,1e-05,0.6,0.7,390.0966184
0.0003,0.0,1e-05,0.7,0.7,390.0966184
0.0003,0.0,1e-05,0.8,0.7,390.0966184
0.0003,0.0,1e-05,0.9,0.7,390.0966184
0.0003,0.0,1e-05,1.0,0.7,390.0966184
0.0003,0.0,0.0,0.0,0.7,317.1035073
0.0003,0.0,0.0,0.1,0.7,390.0966184
0.0003,0.0,0.0,0.2,0.7,390.0966184
0.0003,0.0,0.0,0.3,0.7,390.0966184
0.0003,0.0,0.0,0.4,0.7,390.0966184
0.0003,0.0,0.0,0.5,0.7,390.0966184
0.0003,0.0,0.0,0.6,0.7,390.0966184
0.0003,0.0,0.0,0.7,0.7,390.0966184
0.0003,0.0,0.0,0.8,0.7,390.0966184
0.0003,0.0,0.0,0.9,0.7,390.0966184
0.0003,0.0,0.0,1.0,0.7,390.0966184
0.00026,0.0001,0.0,0.0,0.74,317.1028267
0.00026,0.0001,0.0,0.1,0.74,390.0927282
0.00026,0.0001,0.0,0.2,0.74,390.0927282
0.00026,0.0001,0.0,0.3,0.74,390.0927282
0.00026,0.0001,0.0,0.4,0.74,390.0927282
0.00026,0.0001,0.0,0.5,0.74,390.0927282
0.00026,0.0001,0.0,0.6,0.74,390.0927282
0.00026,0.0001,0.0,0.7,0.74,390.0927282
0.00026,0.0001,0.0,0.8,0.74,390.0927282
0.00026,0.0001,0.0,0.9,0.74,390.0927282
0.00026,0.0001,0.0,1.0,0.74,390.0927282
0.00026,0.0001,1e-05,0.0,0.74,317.1028267
0.00026,0.0001,1e-05,0.1,0.74,390.0927282
0.00026,0.0001,1e-05,0.2,0.74,390.0927282
0.00026,0.0001,1e-05,0.3,0.74,390.0927282
0.00026,0.0001,1e-05,0.4,0.74,390.0927282
0.00026,0.0001,1e-05,0.5,0.74,390.0927282
0.00026,0.0001,1e-05,0.6,0.74,390.0927282
0.00026,0.0001,1e-05,0.7,0.74,390.0927282
0.00026,0.0001,1e-05,0.8,0.74,390.0927282
0.00026,0.0001,1e-05,0.9,0.74,390.0927282
0.00026,0.0001,1e-05,1.0,0.74,390.0927282
0.00027,8.27e-05,0.0,0.0,0.73,317.1036212
0.00027,8.27e-05,0.0,0.1,0.73,390.096993
0.00027,8.27e-05,0.0,0.2,0.73,390.096993
0.00027,8.27e-05,0.0,0.3,0.73,390.096993
0.00027,8.27e-05,0.0,0.4,0.73,390.096993
0.00027,8.27e-05,0.0,0.5,0.73,390.096993
0.00027,8.27e-05,0.0,0.6,0.73,390.096993
0.00027,8.27e-05,0.0,0.7,0.73,390.096993
0.00027,8.27e-05,0.0,0.8,0.73,390.096993
0.00027,8.27e-05,0.0,0.9,0.73,390.096993
0.00027,8.27e-05,0.0,1.0,0.73,390.096993
0.00027,8.27e-05,1e-05,0.0,0.73,317.1036212
0.00027,8.27e-05,1e-05,0.1,0.73,390.096993
0.00027,8.27e-05,1e-05,0.2,0.73,390.096993
0.00027,8.27e-05,1e-05,0.3,0.73,390.096993
0.00027,8.27e-05,1e-05,0.4,0.73,390.096993
0.00027,8.27e-05,1e-05,0.5,0.73,390.096993
0.00027,8.27e-05,1e-05,0.6,0.73,390.096993
0.00027,8.27e-05,1e-05,0.7,0.73,390.096993
0.00027,8.27e-05,1e-05,0.8,0.73,390.096993
0.00027,8.27e-05,1e-05,0.9,0.73,390.096993
0.00027,8.27e-05,1e-05,1.0,0.73,390.096993
0.00028,6.69e-05,1e-05,0.0,0.72,317.1041292
0.00028,6.69e-05,1e-05,0.1,0.72,390.0997475
0.00028,6.69e-05,1e-05,0.2,0.72,390.0997475
0.00028,6.69e-05,1e-05,0.3,0.72,390.0997475
0.00028,6.69e-05,1e-05,0.4,0.72,390.0997475
0.00028,6.69e-05,1e-05,0.5,0.72,390.0997475
0.00028,6.69e-05,1e-05,0.6,0.72,390.0997475
0.00028,6.69e-05,1e-05,0.7,0.72,390.0997475
0.00028,6.69e-05,1e-05,0.8,0.72,390.0997475
0.00028,6.69e-05,1e-05,0.9,0.72,390.0997475
0.00028,6.69e-05,1e-05,1.0,0.72,390.0997475
0.00028,6.69e-05,0.0,0.0,0.72,317.1041292
0.00028,6.69e-05,0.0,0.1,0.72,390.0997475
0.00028,6.69e-05,0.0,0.2,0.72,390.0997475
0.00028,6.69e-05,0.0,0.3,0.72,390.0997475
0.00028,6.69e-05,0.0,0.4,0.72,390.0997475
0.00028,6.69e-05,0.0,0.5,0.72,390.0997475
0.00028,6.69e-05,0.0,0.6,0.72,390.0997475
0.00028,6.69e-05,0.0,0.7,0.72,390.0997475
0.00028,6.69e-05,0.0,0.8,0.72,390.0997475
0.00028,6.69e-05,0.0,0.9,0.72,390.0997475
0.00028,6.69e-05,0.0,1.0,0.72,390.0997475
0.00029,5.1e-05,0.0,0.0,0.71,317.1044172
0.00029,5.1e-05,0.0,0.1,0.71,390.1013408
0.00029,5.1e-05,0.0,0.2,0.71,390.1013408
0.00029,5.1e-05,0.0,0.3,0.71,390.1013408
0.00029,5.1e-05,0.0,0.4,0.71,390.1013408
0.00029,5.1e-05,0.0,0.5,0.71,390.1013408
0.00029,5.1e-05,0.0,0.6,0.71,390.1013408
0.00029,5.1e-05,0.0,0.7,0.71,390.1013408
0.00029,5.1e-05,0.0,0.8,0.71,390.1013408
0.00029,5.1e-05,0.0,0.9,0.71,390.1013408
0.00029,5.1e-05,0.0,1.0,0.71,390.1013408
0.00029,5.1e-05,1e-05,0.0,0.71,317.1044172
0.00029,5.1e-05,1e-05,0.1,0.71,390.1013408
0.00029,5.1e-05,1e-05,0.2,0.71,390.1013408
0.00029,5.1e-05,1e-05,0.3,0.71,390.1013408
0.00029,5.1e-05,1e-05,0.4,0.71,390.1013408
0.00029,5.1e-05,1e-05,0.5,0.71,390.1013408
0.00029,5.1e-05,1e-05,0.6,0.71,390.1013408
0.00029,5.1e-05,1e-05,0.7,0.71,390.1013408
0.00029,5.1e-05,1e-05,0.8,0.71,390.1013408
0.00029,5.1e-05,1e-05,0.9,0.71,390.1013408
0.00029,5.1e-05,1e-05,1.0,0.71,390.1013408
0.0003,3.46e-05,1e-05,0.0,0.7,317.1044749
0.0003,3.46e-05,1e-05,0.1,0.7,390.1017176
0.0003,3.46e-05,1e-05,0.2,0.7,390.1017176
0.0003,3.46e-05,1e-05,0.3,0.7,390.1017176
0.0003,3.46e-05,1e-05,0.4,0.7,390.1017176
0.0003,3.46e-05,1e-05,0.5,0.7,390.1017176
0.0003,3.46e-05,1e-05,0.6,0.7,390.1017176
0.0003,3.46e-05,1e-05,0.7,0.7,390.1017176
0.0003,3.46e-05,1e-05,0.8,0.7,390.1017176
0.0003,3.46e-05,1e-05,0.9,0.7,390.1017176
0.0003,3.46e-05,1e-05,1.0,0.7,390.1017176
0.0003,3.46e-05,0.0,0.0,0.7,317.1044749
0.0003,3.46e-05,0.0,0.1,0.7,390.1017176
0.0003,3.46e-05,0.0,0.2,0.7,390.1017176
0.0003,3.46e-05,0.0,0.3,0.7,390.1017176
0.0003,3.46e-05,0.0,0.4,0.7,390.1017176
0.0003,3.46e-05,0.0,0.5,0.7,390.1017176
0.0003,3.46e-05,0.0,0.6,0.7,390.1017176
0.0003,3.46e-05,0.0,0.7,0.7,390.1017176
0.0003,3.46e-05,0.0,0.8,0.7,390.1017176
0.0003,3.46e-05,0.0,0.9,0.7,390.1017176
0.0003,3.46e-05,0.0,1.0,0.7,390.1017176
0.00031,1.73e-05,0.0,0.0,0.69,317.1042694
0.00031,1.73e-05,0.0,0.1,0.69,390.100705
0.00031,1.73e-05,0.0,0.2,0.69,390.100705
0.00031,1.73e-05,0.0,0.3,0.69,390.100705
0.00031,1.73e-05,0.0,0.4,0.69,390.100705
0.00031,1.73e-05,0.0,0.5,0.69,390.100705
0.00031,1.73e-05,0.0,0.6,0.69,390.100705
0.00031,1.73e-05,0.0,0.7,0.69,390.100705
0.00031,1.73e-05,0.0,0.8,0.69,390.100705
0.00031,1.73e-05,0.0,0.9,0.69,390.100705
0.00031,1.73e-05,0.0,1.0,0.69,390.100705
0.00031,1.73e-05,1e-05,0.0,0.69,317.1042694
0.00031,1.73e-05,1e-05,0.1,0.69,390.100705
0.00031,1.73e-05,1e-05,0.2,0.69,390.100705
0.00031,1.73e-05,1e-05,0.3,0.69,390.100705
0.00031,1.73e-05,1e-05,0.4,0.69,390.100705
0.00031,1.73e-05,1e-05,0.5,0.69,390.100705
0.00031,1.73e-05,1e-05,0.6,0.69,390.100705
0.00031,1.73e-05,1e-05,0.7,0.69,390.100705
0.00031,1.73e-05,1e-05,0.8,0.69,390.100705
0.00031,1.73e-05,1e-05,0.9,0.69,390.100705
0.00031,1.73e-05,1e-05,1.0,0.69,390.100705
0.00032,0.0,1e-05,0.0,0.68,317.1037993
0.00032,0.0,1e-05,0.1,0.68,390.0982963
0.00032,0.0,1e-05,0.2,0.68,390.0982963
0.00032,0.0,1e-05,0.3,0.68,390.0982963
0.00032,0.0,1e-05,0.4,0.68,390.0982963
0.00032,0.0,1e-05,0.5,0.68,390.0982963
0.00032,0.0,1e-05,0.6,0.68,390.0982963
0.00032,0.0,1e-05,0.7,0.68,390.0982963
0.00032,0.0,1e-05,0.8,0.68,390.0982963
0.00032,0.0,1e-05,0.9,0.68,390.0982963
0.00032,0.0,1e-05,1.0,0.68,390.0982963
0.00032,0.0,0.0,0.0,0.68,317.1037993
0.00032,0.0,0.0,0.1,0.68,390.0982963
0.00032,0.0,0.0,0.2,0.68,390.0982963
0.00032,0.0,0.0,0.3,0.68,390.0982963
0.00032,0.0,0.0,0.4,0.68,390.0982963
0.00032,0.0,0.0,0.5,0.68,390.0982963
0.00032,0.0,0.0,0.6,0.68,390.0982963
0.00032,0.0,0.0,0.7,0.68,390.0982963
0.00032,0.0,0.0,0.8,0.68,390.0982963
0.00032,0.0,0.0,0.9,0.68,390.0982963
0.00032,0.0,0.0,1.0,0.68,390.0982963
0.00028,0.0001,0.0,0.0,0.72,317.1031832
0.00028,0.0001,0.0,0.1,0.72,390.0947625
0.00028,0.0001,0.0,0.2,0.72,390.0947625
0.00028,0.0001,0.0,0.3,0.72,390.0947625
0.00028,0.0001,0.0,0.4,0.72,390.0947625
0.00028,0.0001,0.0,0.5,0.72,390.0947625
0.00028,0.0001,0.0,0.6,0.72,390.0947625
0.00028,0.0001,0.0,0.7,0.72,390.0947625
0.00028,0.0001,0.0,0.8,0.72,390.0947625
0.00028,0.0001,0.0,0.9,0.72,390.0947625
0.00028,0.0001,0.0,1.0,0.72,390.0947625
0.00028,0.0001,1e-05,0.0,0.72,317.1031833
0.00028,0.0001,1e-05,0.1,0.72,390.0947625
0.00028,0.0001,1e-05,0.2,0.72,390.0947625
0.00028,0.0001,1e-05,0.3,0.72,390.0947625
0.00028,0.0001,1e-05,0.4,0.72,390.0947625
0.00028,0.0001,1e-05,0.5,0.72,390.0947625
0.00028,0.0001,1e-05,0.6,0.72,390.0947625
0.00028,0.0001,1e-05,0.7,0.72,390.0947625
0.00028,0.0001,1e-05,0.8,0.72,390.0947625
0.00028,0.0001,1e-05,0.9,0.72,390.0947625
0.00028,0.0001,1e-05,1.0,0.72,390.0947625
0.00029,8.27e-05,0.0,0.0,0.71,317.1039614
0.00029,8.27e-05,0.0,0.1,0.71,390.0989381
0.00029,8.27e-05,0.0,0.2,0.71,390.0989381
0.00029,8.27e-05,0.0,0.3,0.71,390.0989381
0.00029,8.27e-05,0.0,0.4,0.71,390.0989381
0.00029,8.27e-05,0.0,0.5,0.71,390.0989381
0.00029,8.27e-05,0.0,0.6,0.71,390.0989381
0.00029,8.27e-05,0.0,0.7,0.71,390.0989381
0.00029,8.27e-05,0.0,0.8,0.71,390.0989381
0.00029,8.27e-05,0.0,0.9,0.71,390.0989381
0.00029,8.27e-05,0.0,1.0,0.71,390.0989381
0.00029,8.31e-05,5e-06,0.0,0.71,317.1040557
0.00029,8.31e-05,5e-06,0.1,0.71,390.0994347
0.00029,8.31e-05,5e-06,0.2,0.71,390.0994347
0.00029,8.31e-05,5e-06,0.3,0.71,390.0994347
0.00029,8.31e-05,5e-06,0.4,0.71,390.0994347
0.00029,8.31e-05,5e-06,0.5,0.71,390.0994347
0.00029,8.31e-05,5e-06,0.6,0.71,390.0994347
0.00029,8.31e-05,5e-06,0.7,0.71,390.0994347
0.00029,8.31e-05,5e-06,0.8,0.71,390.0994347
0.00029,8.31e-05,5e-06,0.9,0.71,390.0994347
0.00029,8.31e-05,5e-06,1.0,0.71,390.0994347
0.00029,8.27e-05,1e-05,0.0,0.71,317.1039614
0.00029,8.27e-05,1e-05,0.1,0.71,390.0989381
0.00029,8.27e-05,1e-05,0.2,0.71,390.0989381
0.00029,8.27e-05,1e-05,0.3,0.71,390.0989381
0.00029,8.27e-05,1e-05,0.4,0.71,390.0989381
0.00029,8.27e-05,1e-05,0.5,0.71,390.0989381
0.00029,8.27e-05,1e-05,0.6,0.71,390.0989381
0.00029,8.27e-05,1e-05,0.7,0.71,390.0989381
0.00029,8.27e-05,1e-05,0.8,0.71,390.0989381
0.00029,8.27e-05,1e-05,0.9,0.71,390.0989381
0.00029,8.27e-05,1e-05,1.0,0.71,390.0989381
0.0003,6.69e-05,1e-05,0.0,0.7,317.1044532
0.0003,6.69e-05,1e-05,0.1,0.7,390.1016035
0.0003,6.69e-05,1e-05,0.2,0.7,390.1016035
0.0003,6.69e-05,1e-05,0.3,0.7,390.1016035
0.0003,6.69e-05,1e-05,0.4,0.7,390.1016035
0.0003,6.69e-05,1e-05,0.5,0.7,390.1016035
0.0003,6.69e-05,1e-05,0.6,0.7,390.1016035
0.0003,6.69e-05,1e-05,0.7,0.7,390.1016035
0.0003,6.69e-05,1e-05,0.8,0.7,390.1016035
0.0003,6.69e-05,1e-05,0.9,0.7,390.1016035
0.0003,6.69e-05,1e-05,1.0,0.7,390.1016035
0.0003,6.69e-05,0.0,0.0,0.7,317.1044532
0.0003,6.69e-05,0.0,0.1,0.7,390.1016035
0.0003,6.69e-05,0.0,0.2,0.7,390.1016035
0.0003,6.69e-05,0.0,0.3,0.7,390.1016035
0.0003,6.69e-05,0.0,0.4,0.7,390.1016035
0.0003,6.69e-05,0.0,0.5,0.7,390.1016035
0.0003,6.69e-05,0.0,0.6,0.7,390.1016035
0.0003,6.69e-05,0.0,0.7,0.7,390.1016035
0.0003,6.69e-05,0.0,0.8,0.7,390.1016035
0.0003,6.69e-05,0.0,0.9,0.7,390.1016035
0.0003,6.69e-05,0.0,1.0,0.7,390.1016035
0.00031,5.1e-05,0.0,0.0,0.69,317.1047252
0.00031,5.1e-05,0.0,0.1,0.69,390.1031077
0.00031,5.1e-05,0.0,0.2,0.69,390.1031077
0.00031,5.1e-05,0.0,0.3,0.69,390.1031077
0.00031,5.1e-05,0.0,0.4,0.69,390.1031077
0.00031,5.1e-05,0.0,0.5,0.69,390.1031077
0.00031,5.1e-05,0.0,0.6,0.69,390.1031077
0.00031,5.1e-05,0.0,0.7,0.69,390.1031077
0.00031,5.1e-05,0.0,0.8,0.69,390.1031077
0.00031,5.1e-05,0.0,0.9,0.69,390.1031077
0.00031,5.1e-05,0.0,1.0,0.69,390.1031077
0.00031,5.1e-05,1e-05,0.0,0.69,317.1047252
0.00031,5.1e-05,1e-05,0.1,0.69,390.1031077
0.00031,5.1e-05,1e-05,0.2,0.69,390.1031077
0.00031,5.1e-05,1e-05,0.3,0.69,390.1031077
0.00031,5.1e-05,1e-05,0.4,0.69,390.1031077
0.00031,5.1e-05,1e-05,0.5,0.69,390.1031077
0.00031,5.1e-05,1e-05,0.6,0.69,390.1031077
0.00031,5.1e-05,1e-05,0.7,0.69,390.1031077
0.00031,5.1e-05,1e-05,0.8,0.69,390.1031077
0.00031,5.1e-05,1e-05,0.9,0.69,390.1031077
0.00031,5.1e-05,1e-05,1.0,0.69,390.1031077
0.00032,3.46e-05,1e-05,0.0,0.68,317.1047669
0.00032,3.46e-05,1e-05,0.1,0.68,390.1033956
0.00032,3.46e-05,1e-05,0.2,0.68,390.1033956
0.00032,3.46e-05,1e-05,0.3,0.68,390.1033956
0.00032,3.46e-05,1e-05,0.4,0.68,390.1033956
0.00032,3.46e-05,1e-05,0.5,0.68,390.1033956
0.00032,3.46e-05,1e-05,0.6,0.68,390.1033956
0.00032,3.46e-05,1e-05,0.7,0.68,390.1033956
0.00032,3.46e-05,1e-05,0.8,0.68,390.1033956
0.00032,3.46e-05,1e-05,0.9,0.68,390.1033956
0.00032,3.46e-05,1e-05,1.0,0.68,390.1033956
0.00032,3.46e-05,0.0,0.0,0.68,317.1047669
0.00032,3.46e-05,0.0,0.1,0.68,390.1033956
0.00032,3.46e-05,0.0,0.2,0.68,390.1033956
0.00032,3.46e-05,0.0,0.3,0.68,390.1033956
0.00032,3.46e-05,0.0,0.4,0.68,390.1033956
0.00032,3.46e-05,0.0,0.5,0.68,390.1033956
0.00032,3.46e-05,0.0,0.6,0.68,390.1033956
0.00032,3.46e-05,0.0,0.7,0.68,390.1033956
0.00032,3.46e-05,0.0,0.8,0.68,390.1033956
0.00032,3.46e-05,0.0,0.9,0.68,390.1033956
0.00032,3.46e-05,0.0,1.0,0.68,390.1033956
0.00033,1.73e-05,1e-05,0.0,0.67,317.1045455
0.00033,1.73e-05,1e-05,0.1,0.67,390.1022941
0.00033,1.73e-05,1e-05,0.2,0.67,390.1022941
0.00033,1.73e-05,1e-05,0.3,0.67,390.1022941
0.00033,1.73e-05,1e-05,0.4,0.67,390.1022941
0.00033,1.73e-05,1e-05,0.5,0.67,390.1022941
0.00033,1.73e-05,1e-05,0.6,0.67,390.1022941
0.00033,1.73e-05,1e-05,0.7,0.67,390.1022941
0.00033,1.73e-05,1e-05,0.8,0.67,390.1022941
0.00033,1.73e-05,1e-05,0.9,0.67,390.1022941
0.00033,1.73e-05,1e-05,1.0,0.67,390.1022941
0.00033,1.73e-05,0.0,0.0,0.67,317.1045455
0.00033,1.73e-05,0.0,0.1,0.67,390.1022941
0.00033,1.73e-05,0.0,0.2,0.67,390.1022941
0.00033,1.73e-05,0.0,0.3,0.67,390.1022941
0.00033,1.73e-05,0.0,0.4,0.67,390.1022941
0.00033,1.73e-05,0.0,0.5,0.67,390.1022941
0.00033,1.73e-05,0.0,0.6,0.67,390.1022941
0.00033,1.73e-05,0.0,0.7,0.67,390.1022941
0.00033,1.73e-05,0.0,0.8,0.67,390.1022941
0.00033,1.73e-05,0.0,0.9,0.67,390.1022941
0.00033,1.73e-05,0.0,1.0,0.67,390.1022941
0.00034,0.0,1e-05,0.0,0.66,317.1040595
0.00034,0.0,1e-05,0.1,0.66,390.0997966
0.00034,0.0,1e-05,0.2,0.66,390.0997966
0.00034,0.0,1e-05,0.3,0.66,390.0997966
0.00034,0.0,1e-05,0.4,0.66,390.0997966
0.00034,0.0,1e-05,0.5,0.66,390.0997966
0.00034,0.0,1e-05,0.6,0.66,390.0997966
0.00034,0.0,1e-05,0.7,0.66,390.0997966
0.00034,0.0,1e-05,0.8,0.66,390.0997966
0.00034,0.0,1e-05,0.9,0.66,390.0997966
0.00034,0.0,1e-05,1.0,0.66,390.0997966
0.00034,0.0,0.0,0.0,0.66,317.1040595
0.00034,0.0,0.0,0.1,0.66,390.0997966
0.00034,0.0,0.0,0.2,0.66,390.0997966
0.00034,0.0,0.0,0.3,0.66,390.0997966
0.00034,0.0,0.0,0.4,0.66,390.0997966
0.00034,0.0,0.0,0.5,0.66,390.0997966
0.00034,0.0,0.0,0.6,0.66,390.0997966
0.00034,0.0,0.0,0.7,0.66,390.0997966
0.00034,0.0,0.0,0.8,0.66,390.0997966
0.00034,0.0,0.0,0.9,0.66,390.0997966
0.00034,0.0,0.0,1.0,0.66,390.0997966
0.0003,0.0001,0.0,0.0,0.7,317.1035073
0.0003,0.0001,0.0,0.1,0.7,390.0966184
0.0003,0.0001,0.0,0.2,0.7,390.0966184
0.0003,0.0001,0.0,0.3,0.7,390.0966184
0.0003,0.0001,0.0,0.4,0.7,390.0966184
0.0003,0.0001,0.0,0.5,0.7,390.0966184
0.0003,0.0001,0.0,0.6,0.7,390.0966184
0.0003,0.0001,0.0,0.7,0.7,390.0966184
0.0003,0.0001,0.0,0.8,0.7,390.0966184
0.0003,0.0001,0.0,0.9,0.7,390.0966184
0.0003,0.0001,0.0,1.0,0.7,390.0966184
0.0003,0.0001,1e-05,0.0,0.7,317.1035073
0.0003,0.0001,1e-05,0.1,0.7,390.0966184
0.0003,0.0001,1e-05,0.2,0.7,390.0966184
0.0003,0.0001,1e-05,0.3,0.7,390.0966184
0.0003,0.0001,1e-05,0.4,0.7,390.0966184
0.0003,0.0001,1e-05,0.5,0.7,390.0966184
0.0003,0.0001,1e-05,0.6,0.7,390.0966184
0.0003,0.0001,1e-05,0.7,0.7,390.0966184
0.0003,0.0001,1e-05,0.8,0.7,390.0966184
0.0003,0.0001,1e-05,0.9,0.7,390.0966184
0.0003,0.0001,1e-05,1.0,0.7,390.0966184
0.00031,8.27e-05,0.0,0.0,0.69,317.1042694
0.00031,8.27e-05,0.0,0.1,0.69,390.100705
0.00031,8.27e-05,0.0,0.2,0.69,390.100705
0.00031,8.27e-05,0.0,0.3,0.69,390.100705
0.00031,8.27e-05,0.0,0.4,0.69,390.100705
0.00031,8.27e-05,0.0,0.5,0.69,390.100705
0.00031,8.27e-05,0.0,0.6,0.69,390.100705
0.00031,8.27e-05,0.0,0.7,0.69,390.100705
0.00031,8.27e-05,0.0,0.8,0.69,390.100705
0.00031,8.27e-05,0.0,0.9,0.69,390.100705
0.00031,8.27e-05,0.0,1.0,0.69,390.100705
0.00031,8.27e-05,1e-05,0.0,0.69,317.1042694
0.00031,8.27e-05,1e-05,0.1,0.69,390.100705
0.00031,8.27e-05,1e-05,0.2,0.69,390.100705
0.00031,8.27e-05,1e-05,0.3,0.69,390.100705
0.00031,8.27e-05,1e-05,0.4,0.69,390.100705
0.00031,8.27e-05,1e-05,0.5,0.69,390.100705
0.00031,8.27e-05,1e-05,0.6,0.69,390.100705
0.00031,8.27e-05,1e-05,0.7,0.69,390.100705
0.00031,8.27e-05,1e-05,0.8,0.69,390.100705
0.00031,8.27e-05,1e-05,0.9,0.69,390.100705
0.00031,8.27e-05,1e-05,1.0,0.69,390.100705
0.00032,6.69e-05,1e-05,0.0,0.68,317.1047452
0.00032,6.69e-05,1e-05,0.1,0.68,390.1032815
0.00032,6.69e-05,1e-05,0.2,0.68,390.1032815
0.00032,6.69e-05,1e-05,0.3,0.68,390.1032815
0.00032,6.69e-05,1e-05,0.4,0.68,390.1032815
0.00032,6.69e-05,1e-05,0.5,0.68,390.1032815
0.00032,6.69e-05,1e-05,0.6,0.68,390.1032815
0.00032,6.69e-05,1e-05,0.7,0.68,390.1032815
0.00032,6.69e-05,1e-05,0.8,0.68,390.1032815
0.00032,6.69e-05,1e-05,0.9,0.68,390.1032815
0.00032,6.69e-05,1e-05,1.0,0.68,390.1032815
0.00032,6.69e-05,0.0,0.0,0.68,317.1047452
0.00032,6.69e-05,0.0,0.1,0.68,390.1032815
0.00032,6.69e-05,0.0,0.2,0.68,390.1032815
0.00032,6.69e-05,0.0,0.3,0.68,390.1032815
0.00032,6.69e-05,0.0,0.4,0.68,390.1032815
0.00032,6.69e-05,0.0,0.5,0.68,390.1032815
0.00032,6.69e-05,0.0,0.6,0.68,390.1032815
0.00032,6.69e-05,0.0,0.7,0.68,390.1032815
0.00032,6.69e-05,0.0,0.8,0.68,390.1032815
0.00032,6.69e-05,0.0,0.9,0.68,390.1032815
0.00032,6.69e-05,0.0,1.0,0.68,390.1032815
0.00033,5.1e-05,0.0,0.0,0.67,317.1050013
0.00033,5.1e-05,0.0,0.1,0.67,390.1046969
0.00033,5.1e-05,0.0,0.2,0.67,390.1046969
0.00033,5.1e-05,0.0,0.3,0.67,390.1046969
0.00033,5.1e-05,0.0,0.4,0.67,390.1046969
0.00033,5.1e-05,0.0,0.5,0.67,390.1046969
0.00033,5.1e-05,0.0,0.6,0.67,390.1046969
0.00033,5.1e-05,0.0,0.7,0.67,390.1046969
0.00033,5.1e-05,0.0,0.8,0.67,390.1046969
0.00033,5.1e-05,0.0,0.9,0.67,390.1046969
0.00033,5.1e-05,0.0,1.0,0.67,390.1046969
0.00033,5.1e-05,1e-05,0.0,0.67,317.1050013
0.00033,5.1e-05,1e-05,0.1,0.67,390.1046969
0.00033,5.1e-05,1e-05,0.2,0.67,390.1046969
0.00033,5.1e-05,1e-05,0.3,0.67,390.1046969
0.00033,5.1e-05,1e-05,0.4,0.67,390.1046969
0.00033,5.1e-05,1e-05,0.5,0.67,390.1046969
0.00033,5.1e-05,1e-05,0.6,0.67,390.1046969
0.00033,5.1e-05,1e-05,0.7,0.67,390.1046969
0.00033,5.1e-05,1e-05,0.8,0.67,390.1046969
0.00033,5.1e-05,1e-05,0.9,0.67,390.1046969
0.00033,5.1e-05,1e-05,1.0,0.67,390.1046969
0.00034,3.46e-05,1e-05,0.0,0.66,317.1050271
0.00034,3.46e-05,1e-05,0.1,0.66,390.104896
0.00034,3.46e-05,1e-05,0.2,0.66,390.104896
0.00034,3.46e-05,1e-05,0.3,0.66,390.104896
0.00034,3.46e-05,1e-05,0.4,0.66,390.104896
0.00034,3.46e-05,1e-05,0.5,0.66,390.104896
0.00034,3.46e-05,1e-05,0.6,0.66,390.104896
0.00034,3.46e-05,1e-05,0.7,0.66,390.104896
0.00034,3.46e-05,1e-05,0.8,0.66,390.104896
0.00034,3.46e-05,1e-05,0.9,0.66,390.104896
0.00034,3.46e-05,1e-05,1.0,0.66,390.104896
0.00034,3.46e-05,0.0,0.0,0.66,317.1050272
0.00034,3.46e-05,0.0,0.1,0.66,390.104896
0.00034,3.46e-05,0.0,0.2,0.66,390.104896
0.00034,3.46e-05,0.0,0.3,0.66,390.104896
0.00034,3.46e-05,0.0,0.4,0.66,390.104896
0.00034,3.46e-05,0.0,0.5,0.66,390.104896
0.00034,3.46e-05,0.0,0.6,0.66,390.104896
0.00034,3.46e-05,0.0,0.7,0.66,390.104896
0.00034,3.46e-05,0.0,0.8,0.66,390.104896
0.00034,3.46e-05,0.0,0.9,0.66,390.104896
0.00034,3.46e-05,0.0,1.0,0.66,390.104896
0.00035,1.73e-05,1e-05,0.0,0.65,317.10479
0.00035,1.73e-05,1e-05,0.1,0.65,390.1037058
0.00035,1.73e-05,1e-05,0.2,0.65,390.1037058
0.00035,1.73e-05,1e-05,0.3,0.65,390.1037058
0.00035,1.73e-05,1e-05,0.4,0.65,390.1037058
0.00035,1.73e-05,1e-05,0.5,0.65,390.1037058
0.00035,1.73e-05,1e-05,0.6,0.65,390.1037058
0.00035,1.73e-05,1e-05,0.7,0.65,390.1037058
0.00035,1.73e-05,1e-05,0.8,0.65,390.1037058
0.00035,1.73e-05,1e-05,0.9,0.65,390.1037058
0.00035,1.73e-05,1e-05,1.0,0.65,390.1037058
0.00035,1.73e-05,0.0,0.0,0.65,317.10479
0.00035,1.73e-05,0.0,0.1,0.65,390.1037058
0.00035,1.73e-05,0.0,0.2,0.65,390.1037058
0.00035,1.73e-05,0.0,0.3,0.65,390.1037058
0.00035,1.73e-05,0.0,0.4,0.65,390.1037058
0.00035,1.73e-05,0.0,0.5,0.65,390.1037058
0.00035,1.73e-05,0.0,0.6,0.65,390.1037058
0.00035,1.73e-05,0.0,0.7,0.65,390.1037058
0.00035,1.73e-05,0.0,0.8,0.65,390.1037058
0.00035,1.73e-05,0.0,0.9,0.65,390.1037058
0.00035,1.73e-05,0.0,1.0,0.65,390.1037058
0.00036,0.0,1e-05,0.0,0.64,317.1042884
0.00036,0.0,1e-05,0.1,0.64,390.1011196
0.00036,0.0,1e-05,0.2,0.64,390.1011196
0.00036,0.0,1e-05,0.3,0.64,390.1011196
0.00036,0.0,1e-05,0.4,0.64,390.1011196
0.00036,0.0,1e-05,0.5,0.64,390.1011196
0.00036,0.0,1e-05,0.6,0.64,390.1011196
0.00036,0.0,1e-05,0.7,0.64,390.1011196
0.00036,0.0,1e-05,0.8,0.64,390.1011196
0.00036,0.0,1e-05,0.9,0.64,390.1011196
0.00036,0.0,1e-05,1.0,0.64,390.1011196
0.00036,0.0,0.0,0.0,0.64,317.1042884
0.00036,0.0,0.0,0.1,0.64,390.1011196
0.00036,0.0,0.0,0.2,0.64,390.1011196
0.00036,0.0,0.0,0.3,0.64,390.1011196
0.00036,0.0,0.0,0.4,0.64,390.1011196
0.00036,0.0,0.0,0.5,0.64,390.1011196
0.00036,0.0,0.0,0.6,0.64,390.1011196
0.00036,0.0,0.0,0.7,0.64,390.1011196
0.00036,0.0,0.0,0.8,0.64,390.1011196
0.00036,0.0,0.0,0.9,0.64,390.1011196
0.00036,0.0,0.0,1.0,0.64,390.1011196
0.00032,0.0001,0.0,0.0,0.68,317.1037993
0.00032,0.0001,0.0,0.1,0.68,390.0982963
0.00032,0.0001,0.0,0.2,0.68,390.0982963
0.00032,0.0001,0.0,0.3,0.68,390.0982963
0.00032,0.0001,0.0,0.4,0.68,390.0982963
0.00032,0.0001,0.0,0.5,0.68,390.0982963
0.00032,0.0001,0.0,0.6,0.68,390.0982963
0.00032,0.0001,0.0,0.7,0.68,390.0982963
0.00032,0.0001,0.0,0.8,0.68,390.0982963
0.00032,0.0001,0.0,0.9,0.68,390.0982963
0.00032,0.0001,0.0,1.0,0.68,390.0982963
0.00032,9.31e-05,5e-06,0.0,0.68,317.1041819
0.00032,9.31e-05,5e-06,0.1,0.68,390.1003118
0.00032,9.31e-05,5e-06,0.2,0.68,390.1003118
0.00032,9.31e-05,5e-06,0.3,0.68,390.1003118
0.00032,9.31e-05,5e-06,0.4,0.68,390.1003118
0.00032,9.31e-05,5e-06,0.5,0.68,390.1003118
0.00032,9.31e-05,5e-06,0.6,0.68,390.1003118
0.00032,9.31e-05,5e-06,0.7,0.68,390.1003118
0.00032,9.31e-05,5e-06,0.8,0.68,390.1003118
0.00032,9.31e-05,5e-06,0.9,0.68,390.1003118
0.00032,9.31e-05,5e-06,1.0,0.68,390.1003118
0.00032,0.0001,1e-05,0.0,0.68,317.1037993
0.00032,0.0001,1e-05,0.1,0.68,390.0982963
0.00032,0.0001,1e-05,0.2,0.68,390.0982963
0.00032,0.0001,1e-05,0.3,0.68,390.0982963
0.00032,0.0001,1e-05,0.4,0.68,390.0982963
0.00032,0.0001,1e-05,0.5,0.68,390.0982963
0.00032,0.0001,1e-05,0.6,0.68,390.0982963
0.00032,0.0001,1e-05,0.7,0.68,390.0982963
0.00032,0.0001,1e-05,0.8,0.68,390.0982963
0.00032,0.0001,1e-05,0.9,0.68,390.0982963
0.00032,0.0001,1e-05,1.0,0.68,390.0982963
0.00033,8.27e-05,1e-05,0.0,0.67,317.1045455
0.00033,8.27e-05,1e-05,0.1,0.67,390.1022941
0.00033,8.27e-05,1e-05,0.2,0.67,390.1022941
0.00033,8.27e-05,1e-05,0.3,0.67,390.1022941
0.00033,8.27e-05,1e-05,0.4,0.67,390.1022941
0.00033,8.27e-05,1e-05,0.5,0.67,390.1022941
0.00033,8.27e-05,1e-05,0.6,0.67,390.1022941
0.00033,8.27e-05,1e-05,0.7,0.67,390.1022941
0.00033,8.27e-05,1e-05,0.8,0.67,390.1022941
0.00033,8.27e-05,1e-05,0.9,0.67,390.1022941
0.00033,8.27e-05,1e-05,1.0,0.67,390.1022941
0.00033,8.27e-05,0.0,0.0,0.67,317.1045455
0.00033,8.27e-05,0.0,0.1,0.67,390.1022941
0.00033,8.27e-05,0.0,0.2,0.67,390.1022941
0.00033,8.27e-05,0.0,0.3,0.67,390.1022941
0.00033,8.27e-05,0.0,0.4,0.67,390.1022941
0.00033,8.27e-05,0.0,0.5,0.67,390.1022941
0.00033,8.27e-05,0.0,0.6,0.67,390.1022941
0.00033,8.27e-05,0.0,0.7,0.67,390.1022941
0.00033,8.27e-05,0.0,0.8,0.67,390.1022941
0.00033,8.27e-05,0.0,0.9,0.67,390.1022941
0.00033,8.27e-05,0.0,1.0,0.67,390.1022941
0.00034,0.0001,0.0,0.0,0.66,317.1040595
0.00034,0.0001,0.0,0.1,0.66,390.0997966
0.00034,0.0001,0.0,0.2,0.66,390.0997966
0.00034,0.0001,0.0,0.3,0.66,390.0997966
0.00034,0.0001,0.0,0.4,0.66,390.0997966
0.00034,0.0001,0.0,0.5,0.66,390.0997966
0.00034,0.0001,0.0,0.6,0.66,390.0997966
0.00034,0.0001,0.0,0.7,0.66,390.0997966
0.00034,0.0001,0.0,0.8,0.66,390.0997966
0.00034,0.0001,0.0,0.9,0.66,390.0997966
0.00034,0.0001,0.0,1.0,0.66,390.0997966
0.00034,6.69e-05,1e-05,0.0,0.66,317.1050055
0.00034,6.69e-05,1e-05,0.1,0.66,390.1047819
0.00034,6.69e-05,1e-05,0.2,0.66,390.1047819
0.00034,6.69e-05,1e-05,0.3,0.66,390.1047819
0.00034,6.69e-05,1e-05,0.4,0.66,390.1047819
0.00034,6.69e-05,1e-05,0.5,0.66,390.1047819
0.00034,6.69e-05,1e-05,0.6,0.66,390.1047819
0.00034,6.69e-05,1e-05,0.7,0.66,390.1047819
0.00034,6.69e-05,1e-05,0.8,0.66,390.1047819
0.00034,6.69e-05,1e-05,0.9,0.66,390.1047819
0.00034,6.69e-05,1e-05,1.0,0.66,390.1047819
0.00034,6.69e-05,0.0,0.0,0.66,317.1050055
0.00034,6.69e-05,0.0,0.1,0.66,390.1047819
0.00034,6.69e-05,0.0,0.2,0.66,390.1047819
0.00034,6.69e-05,0.0,0.3,0.66,390.1047819
0.00034,6.69e-05,0.0,0.4,0.66,390.1047819
0.00034,6.69e-05,0.0,0.5,0.66,390.1047819
0.00034,6.69e-05,0.0,0.6,0.66,390.1047819
0.00034,6.69e-05,0.0,0.7,0.66,390.1047819
0.00034,6.69e-05,0.0,0.8,0.66,390.1047819
0.00034,6.69e-05,0.0,0.9,0.66,390.1047819
0.00034,6.69e-05,0.0,1.0,0.66,390.1047819
0.00035,5.1e-05,0.0,0.0,0.65,317.1052458
0.00035,5.1e-05,0.0,0.1,0.65,390.1061086
0.00035,5.1e-05,0.0,0.2,0.65,390.1061086
0.00035,5.1e-05,0.0,0.3,0.65,390.1061086
0.00035,5.1e-05,0.0,0.4,0.65,390.1061086
0.00035,5.1e-05,0.0,0.5,0.65,390.1061086
0.00035,5.1e-05,0.0,0.6,0.65,390.1061086
0.00035,5.1e-05,0.0,0.7,0.65,390.1061086
0.00035,5.1e-05,0.0,0.8,0.65,390.1061086
0.00035,5.1e-05,0.0,0.9,0.65,390.1061086
0.00035,5.1e-05,0.0,1.0,0.65,390.1061086
0.00035,5.1e-05,1e-05,0.0,0.65,317.1052458
0.00035,5.1e-05,1e-05,0.1,0.65,390.1061086
0.00035,5.1e-05,1e-05,0.2,0.65,390.1061086
0.00035,5.1e-05,1e-05,0.3,0.65,390.1061086
0.00035,5.1e-05,1e-05,0.4,0.65,390.1061086
0.00035,5.1e-05,1e-05,0.5,0.65,390.1061086
0.00035,5.1e-05,1e-05,0.6,0.65,390.1061086
0.00035,5.1e-05,1e-05,0.7,0.65,390.1061086
0.00035,5.1e-05,1e-05,0.8,0.65,390.1061086
0.00035,5.1e-05,1e-05,0.9,0.65,390.1061086
0.00035,5.1e-05,1e-05,1.0,0.65,390.1061086
0.00036,3.44e-05,5e-06,0.0,0.64,317.1053594
0.00036,3.44e-05,5e-06,0.1,0.64,390.1067635
0.00036,3.44e-05,5e-06,0.2,0.64,390.1067635
0.00036,3.44e-05,5e-06,0.3,0.64,390.1067635
0.00036,3.44e-05,5e-06,0.4,0.64,390.1067635
0.00036,3.44e-05,5e-06,0.5,0.64,390.1067635
0.00036,3.44e-05,5e-06,0.6,0.64,390.1067635
0.00036,3.44e-05,5e-06,0.7,0.64,390.1067635
0.00036,3.44e-05,5e-06,0.8,0.64,390.1067635
0.00036,3.44e-05,5e-06,0.9,0.64,390.1067635
0.00036,3.44e-05,5e-06,1.0,0.64,390.1067635
0.00036,3.46e-05,1e-05,0.0,0.64,317.105256
0.00036,3.46e-05,1e-05,0.1,0.64,390.1062191
0.00036,3.46e-05,1e-05,0.2,0.64,390.1062191
0.00036,3.46e-05,1e-05,0.3,0.64,390.1062191
0.00036,3.46e-05,1e-05,0.4,0.64,390.1062191
0.00036,3.46e-05,1e-05,0.5,0.64,390.1062191
0.00036,3.46e-05,1e-05,0.6,0.64,390.1062191
0.00036,3.46e-05,1e-05,0.7,0.64,390.1062191
0.00036,3.46e-05,1e-05,0.8,0.64,390.1062191
0.00036,3.46e-05,1e-05,0.9,0.64,390.1062191
0.00036,3.46e-05,1e-05,1.0,0.64,390.1062191
0.00036,3.46e-05,0.0,0.0,0.64,317.105256
0.00036,3.46e-05,0.0,0.1,0.64,390.1062191
0.00036,3.46e-05,0.0,0.2,0.64,390.1062191
0.00036,3.46e-05,0.0,0.3,0.64,390.1062191
0.00036,3.46e-05,0.0,0.4,0.64,390.1062191
0.00036,3.46e-05,0.0,0.5,0.64,390.1062191
0.00036,3.46e-05,0.0,0.6,0.64,390.1062191
0.00036,3.46e-05,0.0,0.7,0.64,390.1062191
0.00036,3.46e-05,0.0,0.8,0.64,390.1062191
0.00036,3.46e-05,0.0,0.9,0.64,390.1062191
0.00036,3.46e-05,0.0,1.0,0.64,390.1062191
0.00037,1.73e-05,0.0,0.0,0.63,317.1050033
0.00037,1.73e-05,0.0,0.1,0.63,390.1049403
0.00037,1.73e-05,0.0,0.2,0.63,390.1049403
0.00037,1.73e-05,0.0,0.3,0.63,390.1049403
0.00037,1.73e-05,0.0,0.4,0.63,390.1049403
0.00037,1.73e-05,0.0,0.5,0.63,390.1049403
0.00037,1.73e-05,0.0,0.6,0.63,390.1049403
0.00037,1.73e-05,0.0,0.7,0.63,390.1049403
0.00037,1.73e-05,0.0,0.8,0.63,390.1049403
0.00037,1.73e-05,0.0,0.9,0.63,390.1049403
0.00037,1.73e-05,0.0,1.0,0.63,390.1049403
0.00037,1.73e-05,1e-05,0.0,0.63,317.1050033
0.00037,1.73e-05,1e-05,0.1,0.63,390.1049403
0.00037,1.73e-05,1e-05,0.2,0.63,390.1049403
0.00037,1.73e-05,1e-05,0.3,0.63,390.1049403
0.00037,1.73e-05,1e-05,0.4,0.63,390.1049403
0.00037,1.73e-05,1e-05,0.5,0.63,390.1049403
0.00037,1.73e-05,1e-05,0.6,0.63,390.1049403
0.00037,1.73e-05,1e-05,0.7,0.63,390.1049403
0.00037,1.73e-05,1e-05,0.8,0.63,390.1049403
0.00037,1.73e-05,1e-05,0.9,0.63,390.1049403
0.00037,1.73e-05,1e-05,1.0,0.63,390.1049403
0.00037,1.04e-05,5e-06,0.0,0.63,317.1048962
0.00037,1.04e-05,5e-06,0.1,0.63,390.1043755
0.00037,1.04e-05,5e-06,0.2,0.63,390.1043755
0.00037,1.04e-05,5e-06,0.3,0.63,390.1043755
0.00037,1.04e-05,5e-06,0.4,0.63,390.1043755
0.00037,1.04e-05,5e-06,0.5,0.63,390.1043755
0.00037,1.04e-05,5e-06,0.6,0.63,390.1043755
0.00037,1.04e-05,5e-06,0.7,0.63,390.1043755
0.00037,1.04e-05,5e-06,0.8,0.63,390.1043755
0.00037,1.04e-05,5e-06,0.9,0.63,390.1043755
0.00037,1.04e-05,5e-06,1.0,0.63,390.1043755
0.00038,0.0,1e-05,0.0,0.62,317.1044862
0.00038,0.0,1e-05,0.1,0.62,390.1022657
0.00038,0.0,1e-05,0.2,0.62,390.1022657
0.00038,0.0,1e-05,0.3,0.62,390.1022657
0.00038,0.0,1e-05,0.4,0.62,390.1022657
0.00038,0.0,1e-05,0.5,0.62,390.1022657
0.00038,0.0,1e-05,0.6,0.62,390.1022657
0.00038,0.0,1e-05,0.7,0.62,390.1022657
0.00038,0.0,1e-05,0.8,0.62,390.1022657
0.00038,0.0,1e-05,0.9,0.62,390.1022657
0.00038,0.0,1e-05,1.0,0.62,390.1022657
0.00038,0.0,0.0,0.0,0.62,317.1044862
0.00038,0.0,0.0,0.1,0.62,390.1022657
0.00038,0.0,0.0,0.2,0.62,390.1022657
0.00038,0.0,0.0,0.3,0.62,390.1022657
0.00038,0.0,0.0,0.4,0.62,390.1022657
0.00038,0.0,0.0,0.5,0.62,390.1022657
0.00038,0.0,0.0,0.6,0.62,390.1022657
0.00038,0.0,0.0,0.7,0.62,390.1022657
0.00038,0.0,0.0,0.8,0.62,390.1022657
0.00038,0.0,0.0,0.9,0.62,390.1022657
0.00038,0.0,0.0,1.0,0.62,390.1022657
0.00034,0.0001,1e-05,0.0,0.66,317.1040595
0.00034,0.0001,1e-05,0.1,0.66,390.0997966
0.00034,0.0001,1e-05,0.2,0.66,390.0997966
0.00034,0.0001,1e-05,0.3,0.66,390.0997966
0.00034,0.0001,1e-05,0.4,0.66,390.0997966
0.00034,0.0001,1e-05,0.5,0.66,390.0997966
0.00034,0.0001,1e-05,0.6,0.66,390.0997966
0.00034,0.0001,1e-05,0.7,0.66,390.0997966
0.00034,0.0001,1e-05,0.8,0.66,390.0997966
0.00034,0.0001,1e-05,0.9,0.66,390.0997966
0.00034,0.0001,1e-05,1.0,0.66,390.0997966
0.00035,8.27e-05,1e-05,0.0,0.65,317.10479
0.00035,8.27e-05,1e-05,0.1,0.65,390.1037058
0.00035,8.27e-05,1e-05,0.2,0.65,390.1037058
0.00035,8.27e-05,1e-05,0.3,0.65,390.1037058
0.00035,8.27e-05,1e-05,0.4,0.65,390.1037058
0.00035,8.27e-05,1e-05,0.5,0.65,390.1037058
0.00035,8.27e-05,1e-05,0.6,0.65,390.1037058
0.00035,8.27e-05,1e-05,0.7,0.65,390.1037058
0.00035,8.27e-05,1e-05,0.8,0.65,390.1037058
0.00035,8.27e-05,1e-05,0.9,0.65,390.1037058
0.00035,8.27e-05,1e-05,1.0,0.65,390.1037058
0.00035,8.27e-05,0.0,0.0,0.65,317.10479
0.00035,8.27e-05,0.0,0.1,0.65,390.1037058
0.00035,8.27e-05,0.0,0.2,0.65,390.1037058
0.00035,8.27e-05,0.0,0.3,0.65,390.1037058
0.00035,8.27e-05,0.0,0.4,0.65,390.1037058
0.00035,8.27e-05,0.0,0.5,0.65,390.1037058
0.00035,8.27e-05,0.0,0.6,0.65,390.1037058
0.00035,8.27e-05,0.0,0.7,0.65,390.1037058
0.00035,8.27e-05,0.0,0.8,0.65,390.1037058
0.00035,8.27e-05,0.0,0.9,0.65,390.1037058
0.00035,8.27e-05,0.0,1.0,0.65,390.1037058
0.000355,7.48e-05,5e-06,0.0,0.645,317.1051466
0.000355,7.48e-05,5e-06,0.1,0.645,390.1056138
0.000355,7.48e-05,5e-06,0.2,0.645,390.1056138
0.000355,7.48e-05,5e-06,0.3,0.645,390.1056138
0.000355,7.48e-05,5e-06,0.4,0.645,390.1056138
0.000355,7.48e-05,5e-06,0.5,0.645,390.1056138
0.000355,7.48e-05,5e-06,0.6,0.645,390.1056138
0.000355,7.48e-05,5e-06,0.7,0.645,390.1056138
0.000355,7.48e-05,5e-06,0.8,0.645,390.1056138
0.000355,7.48e-05,5e-06,0.9,0.645,390.1056138
0.000355,7.48e-05,5e-06,1.0,0.645,390.1056138
0.00036,0.0001,0.0,0.0,0.64,317.1042884
0.00036,0.0001,0.0,0.1,0.64,390.1011196
0.00036,0.0001,0.0,0.2,0.64,390.1011196
0.00036,0.0001,0.0,0.3,0.64,390.1011196
0.00036,0.0001,0.0,0.4,0.64,390.1011196
0.00036,0.0001,0.0,0.5,0.64,390.1011196
0.00036,0.0001,0.0,0.6,0.64,390.1011196
0.00036,0.0001,0.0,0.7,0.64,390.1011196
0.00036,0.0001,0.0,0.8,0.64,390.1011196
0.00036,0.0001,0.0,0.9,0.64,390.1011196
0.00036,0.0001,0.0,1.0,0.64,390.1011196
0.00036,6.69e-05,1e-05,0.0,0.64,317.1052344
0.00036,6.69e-05,1e-05,0.1,0.64,390.106105
0.00036,6.69e-05,1e-05,0.2,0.64,390.106105
0.00036,6.69e-05,1e-05,0.3,0.64,390.106105
0.00036,6.69e-05,1e-05,0.4,0.64,390.106105
0.00036,6.69e-05,1e-05,0.5,0.64,390.106105
0.00036,6.69e-05,1e-05,0.6,0.64,390.106105
0.00036,6.69e-05,1e-05,0.7,0.64,390.106105
0.00036,6.69e-05,1e-05,0.8,0.64,390.106105
0.00036,6.69e-05,1e-05,0.9,0.64,390.106105
0.00036,6.69e-05,1e-05,1.0,0.64,390.106105
0.00036,6.69e-05,0.0,0.0,0.64,317.1052344
0.00036,6.69e-05,0.0,0.1,0.64,390.106105
0.00036,6.69e-05,0.0,0.2,0.64,390.106105
0.00036,6.69e-05,0.0,0.3,0.64,390.106105
0.00036,6.69e-05,0.0,0.4,0.64,390.106105
0.00036,6.69e-05,0.0,0.5,0.64,390.106105
0.00036,6.69e-05,0.0,0.6,0.64,390.106105
0.00036,6.69e-05,0.0,0.7,0.64,390.106105
0.00036,6.69e-05,0.0,0.8,0.64,390.106105
0.00036,6.69e-05,0.0,0.9,0.64,390.106105
0.00036,6.69e-05,0.0,1.0,0.64,390.106105
0.00037,5.1e-05,0.0,0.0,0.63,317.1054591
0.00037,5.1e-05,0.0,0.1,0.63,390.1073432
0.00037,5.1e-05,0.0,0.2,0.63,390.1073432
0.00037,5.1e-05,0.0,0.3,0.63,390.1073432
0.00037,5.1e-05,0.0,0.4,0.63,390.1073432
0.00037,5.1e-05,0.0,0.5,0.63,390.1073432
0.00037,5.1e-05,0.0,0.6,0.63,390.1073432
0.00037,5.1e-05,0.0,0.7,0.63,390.1073432
0.00037,5.1e-05,0.0,0.8,0.63,390.1073432
0.00037,5.1e-05,0.0,0.9,0.63,390.1073432
0.00037,5.1e-05,0.0,1.0,0.63,390.1073432
0.00037,5.1e-05,1e-05,0.0,0.63,317.1054591
0.00037,5.1e-05,1e-05,0.1,0.63,390.1073432
0.00037,5.1e-05,1e-05,0.2,0.63,390.1073432
0.00037,5.1e-05,1e-05,0.3,0.63,390.1073432
0.00037,5.1e-05,1e-05,0.4,0.63,390.1073432
0.00037,5.1e-05,1e-05,0.5,0.63,390.1073432
0.00037,5.1e-05,1e-05,0.6,0.63,390.1073432
0.00037,5.1e-05,1e-05,0.7,0.63,390.1073432
0.00037,5.1e-05,1e-05,0.8,0.63,390.1073432
0.00037,5.1e-05,1e-05,0.9,0.63,390.1073432
0.00037,5.1e-05,1e-05,1.0,0.63,390.1073432
0.00038,3.46e-05,1e-05,0.0,0.62,317.1054538
0.00038,3.46e-05,1e-05,0.1,0.62,390.1073652
0.00038,3.46e-05,1e-05,0.2,0.62,390.1073652
0.00038,3.46e-05,1e-05,0.3,0.62,390.1073652
0.00038,3.46e-05,1e-05,0.4,0.62,390.1073652
0.00038,3.46e-05,1e-05,0.5,0.62,390.1073652
0.00038,3.46e-05,1e-05,0.6,0.62,390.1073652
0.00038,3.46e-05,1e-05,0.7,0.62,390.1073652
0.00038,3.46e-05,1e-05,0.8,0.62,390.1073652
0.00038,3.46e-05,1e-05,0.9,0.62,390.1073652
0.00038,3.46e-05,1e-05,1.0,0.62,390.1073652
0.00038,3.46e-05,0.0,0.0,0.62,317.1054538
0.00038,3.46e-05,0.0,0.1,0.62,390.1073652
0.00038,3.46e-05,0.0,0.2,0.62,390.1073652
0.00038,3.46e-05,0.0,0.3,0.62,390.1073652
0.00038,3.46e-05,0.0,0.4,0.62,390.1073652
0.00038,3.46e-05,0.0,0.5,0.62,390.1073652
0.00038,3.46e-05,0.0,0.6,0.62,390.1073652
0.00038,3.46e-05,0.0,0.7,0.62,390.1073652
0.00038,3.46e-05,0.0,0.8,0.62,390.1073652
0.00038,3.46e-05,0.0,0.9,0.62,390.1073652
0.00038,3.46e-05,0.0,1.0,0.62,390.1073652
0.00039,1.73e-05,0.0,0.0,0.61,317.1051857
0.00039,1.73e-05,0.0,0.1,0.61,390.105998
0.00039,1.73e-05,0.0,0.2,0.61,390.105998
0.00039,1.73e-05,0.0,0.3,0.61,390.105998
0.00039,1.73e-05,0.0,0.4,0.61,390.105998
0.00039,1.73e-05,0.0,0.5,0.61,390.105998
0.00039,1.73e-05,0.0,0.6,0.61,390.105998
0.00039,1.73e-05,0.0,0.7,0.61,390.105998
0.00039,1.73e-05,0.0,0.8,0.61,390.105998
0.00039,1.73e-05,0.0,0.9,0.61,390.105998
0.00039,1.73e-05,0.0,1.0,0.61,390.105998
0.00039,1.73e-05,1e-05,0.0,0.61,317.1051857
0.00039,1.73e-05,1e-05,0.1,0.61,390.105998
0.00039,1.73e-05,1e-05,0.2,0.61,390.105998
0.00039,1.73e-05,1e-05,0.3,0.61,390.105998
0.00039,1.73e-05,1e-05,0.4,0.61,390.105998
0.00039,1.73e-05,1e-05,0.5,0.61,390.105998
0.00039,1.73e-05,1e-05,0.6,0.61,390.105998
0.00039,1.73e-05,1e-05,0.7,0.61,390.105998
0.00039,1.73e-05,1e-05,0.8,0.61,390.105998
0.00039,1.73e-05,1e-05,0.9,0.61,390.105998
0.00039,1.73e-05,1e-05,1.0,0.61,390.105998
0.0004,0.0,1e-05,0.0,0.6,317.1046531
0.0004,0.0,1e-05,0.1,0.6,390.103235
0.0004,0.0,1e-05,0.2,0.6,390.103235
0.0004,0.0,1e-05,0.3,0.6,390.103235
0.0004,0.0,1e-05,0.4,0.6,390.103235
0.0004,0.0,1e-05,0.5,0.6,390.103235
0.0004,0.0,1e-05,0.6,0.6,390.103235
0.0004,0.0,1e-05,0.7,0.6,390.103235
0.0004,0.0,1e-05,0.8,0.6,390.103235
0.0004,0.0,1e-05,0.9,0.6,390.103235
0.0004,0.0,1e-05,1.0,0.6,390.103235
0.000405,8.66e-06,5e-06,0.0,0.595,317.1051352
0.000405,8.66e-06,5e-06,0.1,0.595,390.1057946
0.000405,8.66e-06,5e-06,0.2,0.595,390.1057946
0.000405,8.66e-06,5e-06,0.3,0.595,390.1057946
0.000405,8.66e-06,5e-06,0.4,0.595,390.1057946
0.000405,8.66e-06,5e-06,0.5,0.595,390.1057946
0.000405,8.66e-06,5e-06,0.6,0.595,390.1057946
0.000405,8.66e-06,5e-06,0.7,0.595,390.1057946
0.000405,8.66e-06,5e-06,0.8,0.595,390.1057946
0.000405,8.66e-06,5e-06,0.9,0.595,390.1057946
0.000405,8.66e-06,5e-06,1.0,0.595,390.1057946
0.0004,0.0,0.0,0.0,0.6,317.1046531
0.0004,0.0,0.0,0.1,0.6,390.103235
0.0004,0.0,0.0,0.2,0.6,390.103235
0.0004,0.0,0.0,0.3,0.6,390.103235
0.0004,0.0,0.0,0.4,0.6,390.103235
0.0004,0.0,0.0,0.5,0.6,390.103235
0.0004,0.0,0.0,0.6,0.6,390.103235
0.0004,0.0,0.0,0.7,0.6,390.103235
0.0004,0.0,0.0,0.8,0.6,390.103235
0.0004,0.0,0.0,0.9,0.6,390.103235
0.0004,0.0,0.0,1.0,0.6,390.103235
0.00036,0.0001,1e-05,0.0,0.64,317.1042884
0.00036,0.0001,1e-05,0.1,0.64,390.1011196
0.00036,0.0001,1e-05,0.2,0.64,390.1011196
0.00036,0.0001,1e-05,0.3,0.64,390.1011196
0.00036,0.0001,1e-05,0.4,0.64,390.1011196
0.00036,0.0001,1e-05,0.5,0.64,390.1011196
0.00036,0.0001,1e-05,0.6,0.64,390.1011196
0.00036,0.0001,1e-05,0.7,0.64,390.1011196
0.00036,0.0001,1e-05,0.8,0.64,390.1011196
0.00036,0.0001,1e-05,0.9,0.64,390.1011196
0.00036,0.0001,1e-05,1.0,0.64,390.1011196
0.00037,8.27e-05,0.0,0.0,0.63,317.1050033
0.00037,8.27e-05,0.0,0.1,0.63,390.1049403
0.00037,8.27e-05,0.0,0.2,0.63,390.1049403
0.00037,8.27e-05,0.0,0.3,0.63,390.1049403
0.00037,8.27e-05,0.0,0.4,0.63,390.1049403
0.00037,8.27e-05,0.0,0.5,0.63,390.1049403
0.00037,8.27e-05,0.0,0.6,0.63,390.1049403
0.00037,8.27e-05,0.0,0.7,0.63,390.1049403
0.00037,8.27e-05,0.0,0.8,0.63,390.1049403
0.00037,8.27e-05,0.0,0.9,0.63,390.1049403
0.00037,8.27e-05,0.0,1.0,0.63,390.1049403
0.00037,8.27e-05,1e-05,0.0,0.63,317.1050033
0.00037,8.27e-05,1e-05,0.1,0.63,390.1049403
0.00037,8.27e-05,1e-05,0.2,0.63,390.1049403
0.00037,8.27e-05,1e-05,0.3,0.63,390.1049403
0.00037,8.27e-05,1e-05,0.4,0.63,390.1049403
0.00037,8.27e-05,1e-05,0.5,0.63,390.1049403
0.00037,8.27e-05,1e-05,0.6,0.63,390.1049403
0.00037,8.27e-05,1e-05,0.7,0.63,390.1049403
0.00037,8.27e-05,1e-05,0.8,0.63,390.1049403
0.00037,8.27e-05,1e-05,0.9,0.63,390.1049403
0.00037,8.27e-05,1e-05,1.0,0.63,390.1049403
0.00038,0.0001,0.0,0.0,0.62,317.1044862
0.00038,0.0001,0.0,0.1,0.62,390.1022657
0.00038,0.0001,0.0,0.2,0.62,390.1022657
0.00038,0.0001,0.0,0.3,0.62,390.1022657
0.00038,0.0001,0.0,0.4,0.62,390.1022657
0.00038,0.0001,0.0,0.5,0.62,390.1022657
0.00038,0.0001,0.0,0.6,0.62,390.1022657
0.00038,0.0001,0.0,0.7,0.62,390.1022657
0.00038,0.0001,0.0,0.8,0.62,390.1022657
0.00038,0.0001,0.0,0.9,0.62,390.1022657
0.00038,0.0001,0.0,1.0,0.62,390.1022657
0.00038,6.69e-05,1e-05,0.0,0.62,317.1054322
0.00038,6.69e-05,1e-05,0.1,0.62,390.1072511
0.00038,6.69e-05,1e-05,0.2,0.62,390.1072511
0.00038,6.69e-05,1e-05,0.3,0.62,390.1072511
0.00038,6.69e-05,1e-05,0.4,0.62,390.1072511
0.00038,6.69e-05,1e-05,0.5,0.62,390.1072511
0.00038,6.69e-05,1e-05,0.6,0.62,390.1072511
0.00038,6.69e-05,1e-05,0.7,0.62,390.1072511
0.00038,6.69e-05,1e-05,0.8,0.62,390.1072511
0.00038,6.69e-05,1e-05,0.9,0.62,390.1072511
0.00038,6.69e-05,1e-05,1.0,0.62,390.1072511
0.00038,6.69e-05,0.0,0.0,0.62,317.1054322
0.00038,6.69e-05,0.0,0.1,0.62,390.1072511
0.00038,6.69e-05,0.0,0.2,0.62,390.1072511
0.00038,6.69e-05,0.0,0.3,0.62,390.1072511
0.00038,6.69e-05,0.0,0.4,0.62,390.1072511
0.00038,6.69e-05,0.0,0.5,0.62,390.1072511
0.00038,6.69e-05,0.0,0.6,0.62,390.1072511
0.00038,6.69e-05,0.0,0.7,0.62,390.1072511
0.00038,6.69e-05,0.0,0.8,0.62,390.1072511
0.00038,6.69e-05,0.0,0.9,0.62,390.1072511
0.00038,6.69e-05,0.0,1.0,0.62,390.1072511
0.00039,5.1e-05,0.0,0.0,0.61,317.1056415
0.00039,5.1e-05,0.0,0.1,0.61,390.1084009
0.00039,5.1e-05,0.0,0.2,0.61,390.1084009
0.00039,5.1e-05,0.0,0.3,0.61,390.1084009
0.00039,5.1e-05,0.0,0.4,0.61,390.1084009
0.00039,5.1e-05,0.0,0.5,0.61,390.1084009
0.00039,5.1e-05,0.0,0.6,0.61,390.1084009
0.00039,5.1e-05,0.0,0.7,0.61,390.1084009
0.00039,5.1e-05,0.0,0.8,0.61,390.1084009
0.00039,5.1e-05,0.0,0.9,0.61,390.1084009
0.00039,5.1e-05,0.0,1.0,0.61,390.1084009
0.00039,5.1e-05,1e-05,0.0,0.61,317.1056415
0.00039,5.1e-05,1e-05,0.1,0.61,390.1084009
0.00039,5.1e-05,1e-05,0.2,0.61,390.1084009
0.00039,5.1e-05,1e-05,0.3,0.61,390.1084009
0.00039,5.1e-05,1e-05,0.4,0.61,390.1084009
0.00039,5.1e-05,1e-05,0.5,0.61,390.1084009
0.00039,5.1e-05,1e-05,0.6,0.61,390.1084009
0.00039,5.1e-05,1e-05,0.7,0.61,390.1084009
0.00039,5.1e-05,1e-05,0.8,0.61,390.1084009
0.00039,5.1e-05,1e-05,0.9,0.61,390.1084009
0.00039,5.1e-05,1e-05,1.0,0.61,390.1084009
0.000395,5.9e-05,5e-06,0.0,0.605,317.1057552
0.000395,5.9e-05,5e-06,0.1,0.605,390.1090218
0.000395,5.9e-05,5e-06,0.2,0.605,390.1090218
0.000395,5.9e-05,5e-06,0.3,0.605,390.1090218
0.000395,5.9e-05,5e-06,0.4,0.605,390.1090218
0.000395,5.9e-05,5e-06,0.5,0.605,390.1090218
0.000395,5.9e-05,5e-06,0.6,0.605,390.1090218
0.000395,5.9e-05,5e-06,0.7,0.605,390.1090218
0.000395,5.9e-05,5e-06,0.8,0.605,390.1090218
0.000395,5.9e-05,5e-06,0.9,0.605,390.1090218
0.000395,5.9e-05,5e-06,1.0,0.605,390.1090218
0.0004,3.46e-05,1e-05,0.0,0.6,317.1056208
0.0004,3.46e-05,1e-05,0.1,0.6,390.1083345
0.0004,3.46e-05,1e-05,0.2,0.6,390.1083345
0.0004,3.46e-05,1e-05,0.3,0.6,390.1083345
0.0004,3.46e-05,1e-05,0.4,0.6,390.1083345
0.0004,3.46e-05,1e-05,0.5,0.6,390.1083345
0.0004,3.46e-05,1e-05,0.6,0.6,390.1083345
0.0004,3.46e-05,1e-05,0.7,0.6,390.1083345
0.0004,3.46e-05,1e-05,0.8,0.6,390.1083345
0.0004,3.46e-05,1e-05,0.9,0.6,390.1083345
0.0004,3.46e-05,1e-05,1.0,0.6,390.1083345
0.0004,3.46e-05,0.0,0.0,0.6,317.1056208
0.0004,3.46e-05,0.0,0.1,0.6,390.1083345
0.0004,3.46e-05,0.0,0.2,0.6,390.1083345
0.0004,3.46e-05,0.0,0.3,0.6,390.1083345
0.0004,3.46e-05,0.0,0.4,0.6,390.1083345
0.0004,3.46e-05,0.0,0.5,0.6,390.1083345
0.0004,3.46e-05,0.0,0.6,0.6,390.1083345
0.0004,3.46e-05,0.0,0.7,0.6,390.1083345
0.0004,3.46e-05,0.0,0.8,0.6,390.1083345
0.0004,3.46e-05,0.0,0.9,0.6,390.1083345
0.0004,3.46e-05,0.0,1.0,0.6,390.1083345
0.00041,1.73e-05,1e-05,0.0,0.59,317.1053373
0.00041,1.73e-05,1e-05,0.1,0.59,390.106879
0.00041,1.73e-05,1e-05,0.2,0.59,390.106879
0.00041,1.73e-05,1e-05,0.3,0.59,390.106879
0.00041,1.73e-05,1e-05,0.4,0.59,390.106879
0.00041,1.73e-05,1e-05,0.5,0.59,390.106879
0.00041,1.73e-05,1e-05,0.6,0.59,390.106879
0.00041,1.73e-05,1e-05,0.7,0.59,390.106879
0.00041,1.73e-05,1e-05,0.8,0.59,390.106879
0.00041,1.73e-05,1e-05,0.9,0.59,390.106879
0.00041,1.73e-05,1e-05,1.0,0.59,390.106879
0.00041,1.73e-05,0.0,0.0,0.59,317.1053373
0.00041,1.73e-05,0.0,0.1,0.59,390.106879
0.00041,1.73e-05,0.0,0.2,0.59,390.106879
0.00041,1.73e-05,0.0,0.3,0.59,390.106879
0.00041,1.73e-05,0.0,0.4,0.59,390.106879
0.00041,1.73e-05,0.0,0.5,0.59,390.106879
0.00041,1.73e-05,0.0,0.6,0.59,390.106879
0.00041,1.73e-05,0.0,0.7,0.59,390.106879
0.00041,1.73e-05,0.0,0.8,0.59,390.106879
0.00041,1.73e-05,0.0,0.9,0.59,390.106879
0.00041,1.73e-05,0.0,1.0,0.59,390.106879
0.00042,0.0,1e-05,0.0,0.58,317.1047894
0.00042,0.0,1e-05,0.1,0.58,390.1040277
0.00042,0.0,1e-05,0.2,0.58,390.1040277
0.00042,0.0,1e-05,0.3,0.58,390.1040277
0.00042,0.0,1e-05,0.4,0.58,390.1040277
0.00042,0.0,1e-05,0.5,0.58,390.1040277
0.00042,0.0,1e-05,0.6,0.58,390.1040277
0.00042,0.0,1e-05,0.7,0.58,390.1040277
0.00042,0.0,1e-05,0.8,0.58,390.1040277
0.00042,0.0,1e-05,0.9,0.58,390.1040277
0.00042,0.0,1e-05,1.0,0.58,390.1040277
0.00042,0.0,0.0,0.0,0.58,317.1047894
0.00042,0.0,0.0,0.1,0.58,390.1040277
0.00042,0.0,0.0,0.2,0.58,390.1040277
0.00042,0.0,0.0,0.3,0.58,390.1040277
0.00042,0.0,0.0,0.4,0.58,390.1040277
0.00042,0.0,0.0,0.5,0.58,390.1040277
0.00042,0.0,0.0,0.6,0.58,390.1040277
0.00042,0.0,0.0,0.7,0.58,390.1040277
0.00042,0.0,0.0,0.8,0.58,390.1040277
0.00042,0.0,0.0,0.9,0.58,390.1040277
0.00042,0.0,0.0,1.0,0.58,390.1040277
0.00038,0.0001,1e-05,0.0,0.62,317.1044862
0.00038,0.0001,1e-05,0.1,0.62,390.1022657
0.00038,0.0001,1e-05,0.2,0.62,390.1022657
0.00038,0.0001,1e-05,0.3,0.62,390.1022657
0.00038,0.0001,1e-05,0.4,0.62,390.1022657
0.00038,0.0001,1e-05,0.5,0.62,390.1022657
0.00038,0.0001,1e-05,0.6,0.62,390.1022657
0.00038,0.0001,1e-05,0.7,0.62,390.1022657
0.00038,0.0001,1e-05,0.8,0.62,390.1022657
0.00038,0.0001,1e-05,0.9,0.62,390.1022657
0.00038,0.0001,1e-05,1.0,0.62,390.1022657
0.00039,8.31e-05,5e-06,0.0,0.61,317.10528
0.00039,8.31e-05,5e-06,0.1,0.61,390.1064947
0.00039,8.31e-05,5e-06,0.2,0.61,390.1064947
0.00039,8.31e-05,5e-06,0.3,0.61,390.1064947
0.00039,8.31e-05,5e-06,0.4,0.61,390.1064947
0.00039,8.31e-05,5e-06,0.5,0.61,390.1064947
0.00039,8.31e-05,5e-06,0.6,0.61,390.1064947
0.00039,8.31e-05,5e-06,0.7,0.61,390.1064947
0.00039,8.31e-05,5e-06,0.8,0.61,390.1064947
0.00039,8.31e-05,5e-06,0.9,0.61,390.1064947
0.00039,8.31e-05,5e-06,1.0,0.61,390.1064947
0.00039,8.27e-05,0.0,0.0,0.61,317.1051857
0.00039,8.27e-05,0.0,0.1,0.61,390.105998
0.00039,8.27e-05,0.0,0.2,0.61,390.105998
0.00039,8.27e-05,0.0,0.3,0.61,390.105998
0.00039,8.27e-05,0.0,0.4,0.61,390.105998
0.00039,8.27e-05,0.0,0.5,0.61,390.105998
0.00039,8.27e-05,0.0,0.6,0.61,390.105998
0.00039,8.27e-05,0.0,0.7,0.61,390.105998
0.00039,8.27e-05,0.0,0.8,0.61,390.105998
0.00039,8.27e-05,0.0,0.9,0.61,390.105998
0.00039,8.27e-05,0.0,1.0,0.61,390.105998
0.00039,8.27e-05,1e-05,0.0,0.61,317.1051857
0.00039,8.27e-05,1e-05,0.1,0.61,390.105998
0.00039,8.27e-05,1e-05,0.2,0.61,390.105998
0.00039,8.27e-05,1e-05,0.3,0.61,390.105998
0.00039,8.27e-05,1e-05,0.4,0.61,390.105998
0.00039,8.27e-05,1e-05,0.5,0.61,390.105998
0.00039,8.27e-05,1e-05,0.6,0.61,390.105998
0.00039,8.27e-05,1e-05,0.7,0.61,390.105998
0.00039,8.27e-05,1e-05,0.8,0.61,390.105998
0.00039,8.27e-05,1e-05,0.9,0.61,390.105998
0.00039,8.27e-05,1e-05,1.0,0.61,390.105998
0.0004,0.0001,0.0,0.0,0.6,317.1046531
0.0004,0.0001,0.0,0.1,0.6,390.103235
0.0004,0.0001,0.0,0.2,0.6,390.103235
0.0004,0.0001,0.0,0.3,0.6,390.103235
0.0004,0.0001,0.0,0.4,0.6,390.103235
0.0004,0.0001,0.0,0.5,0.6,390.103235
0.0004,0.0001,0.0,0.6,0.6,390.103235
0.0004,0.0001,0.0,0.7,0.6,390.103235
0.0004,0.0001,0.0,0.8,0.6,390.103235
0.0004,0.0001,0.0,0.9,0.6,390.103235
0.0004,0.0001,0.0,1.0,0.6,390.103235
0.0004,6.69e-05,1e-05,0.0,0.6,317.1055991
0.0004,6.69e-05,1e-05,0.1,0.6,390.1082204
0.0004,6.69e-05,1e-05,0.2,0.6,390.1082204
0.0004,6.69e-05,1e-05,0.3,0.6,390.1082204
0.0004,6.69e-05,1e-05,0.4,0.6,390.1082204
0.0004,6.69e-05,1e-05,0.5,0.6,390.1082204
0.0004,6.69e-05,1e-05,0.6,0.6,390.1082204
0.0004,6.69e-05,1e-05,0.7,0.6,390.1082204
0.0004,6.69e-05,1e-05,0.8,0.6,390.1082204
0.0004,6.69e-05,1e-05,0.9,0.6,390.1082204
0.0004,6.69e-05,1e-05,1.0,0.6,390.1082204
0.0004,6.69e-05,0.0,0.0,0.6,317.1055991
0.0004,6.69e-05,0.0,0.1,0.6,390.1082204
0.0004,6.69e-05,0.0,0.2,0.6,390.1082204
0.0004,6.69e-05,0.0,0.3,0.6,390.1082204
0.0004,6.69e-05,0.0,0.4,0.6,390.1082204
0.0004,6.69e-05,0.0,0.5,0.6,390.1082204
0.0004,6.69e-05,0.0,0.6,0.6,390.1082204
0.0004,6.69e-05,0.0,0.7,0.6,390.1082204
0.0004,6.69e-05,0.0,0.8,0.6,390.1082204
0.0004,6.69e-05,0.0,0.9,0.6,390.1082204
0.0004,6.69e-05,0.0,1.0,0.6,390.1082204
0.00041,5.1e-05,0.0,0.0,0.59,317.1057931
0.00041,5.1e-05,0.0,0.1,0.59,390.1092819
0.00041,5.1e-05,0.0,0.2,0.59,390.1092819
0.00041,5.1e-05,0.0,0.3,0.59,390.1092819
0.00041,5.1e-05,0.0,0.4,0.59,390.1092819
0.00041,5.1e-05,0.0,0.5,0.59,390.1092819
0.00041,5.1e-05,0.0,0.6,0.59,390.1092819
0.00041,5.1e-05,0.0,0.7,0.59,390.1092819
0.00041,5.1e-05,0.0,0.8,0.59,390.1092819
0.00041,5.1e-05,0.0,0.9,0.59,390.1092819
0.00041,5.1e-05,0.0,1.0,0.59,390.1092819
0.00041,5.1e-05,1e-05,0.0,0.59,317.1057931
0.00041,5.1e-05,1e-05,0.1,0.59,390.1092819
0.00041,5.1e-05,1e-05,0.2,0.59,390.1092819
0.00041,5.1e-05,1e-05,0.3,0.59,390.1092819
0.00041,5.1e-05,1e-05,0.4,0.59,390.1092819
0.00041,5.1e-05,1e-05,0.5,0.59,390.1092819
0.00041,5.1e-05,1e-05,0.6,0.59,390.1092819
0.00041,5.1e-05,1e-05,0.7,0.59,390.1092819
0.00041,5.1e-05,1e-05,0.8,0.59,390.1092819
0.00041,5.1e-05,1e-05,0.9,0.59,390.1092819
0.00041,5.1e-05,1e-05,1.0,0.59,390.1092819
0.00042,3.46e-05,1e-05,0.0,0.58,317.1057571
0.00042,3.46e-05,1e-05,0.1,0.58,390.1091273
0.00042,3.46e-05,1e-05,0.2,0.58,390.1091273
0.00042,3.46e-05,1e-05,0.3,0.58,390.1091273
0.00042,3.46e-05,1e-05,0.4,0.58,390.1091273
0.00042,3.46e-05,1e-05,0.5,0.58,390.1091273
0.00042,3.46e-05,1e-05,0.6,0.58,390.1091273
0.00042,3.46e-05,1e-05,0.7,0.58,390.1091273
0.00042,3.46e-05,1e-05,0.8,0.58,390.1091273
0.00042,3.46e-05,1e-05,0.9,0.58,390.1091273
0.00042,3.46e-05,1e-05,1.0,0.58,390.1091273
0.00042,3.46e-05,0.0,0.0,0.58,317.1057571
0.00042,3.46e-05,0.0,0.1,0.58,390.1091273
0.00042,3.46e-05,0.0,0.2,0.58,390.1091273
0.00042,3.46e-05,0.0,0.3,0.58,390.1091273
0.00042,3.46e-05,0.0,0.4,0.58,390.1091273
0.00042,3.46e-05,0.0,0.5,0.58,390.1091273
0.00042,3.46e-05,0.0,0.6,0.58,390.1091273
0.00042,3.46e-05,0.0,0.7,0.58,390.1091273
0.00042,3.46e-05,0.0,0.8,0.58,390.1091273
0.00042,3.46e-05,0.0,0.9,0.58,390.1091273
0.00042,3.46e-05,0.0,1.0,0.58,390.1091273
0.00043,1.73e-05,1e-05,0.0,0.57,317.1054583
0.00043,1.73e-05,1e-05,0.1,0.57,390.1075836
0.00043,1.73e-05,1e-05,0.2,0.57,390.1075836
0.00043,1.73e-05,1e-05,0.3,0.57,390.1075836
0.00043,1.73e-05,1e-05,0.4,0.57,390.1075836
0.00043,1.73e-05,1e-05,0.5,0.57,390.1075836
0.00043,1.73e-05,1e-05,0.6,0.57,390.1075836
0.00043,1.73e-05,1e-05,0.7,0.57,390.1075836
0.00043,1.73e-05,1e-05,0.8,0.57,390.1075836
0.00043,1.73e-05,1e-05,0.9,0.57,390.1075836
0.00043,1.73e-05,1e-05,1.0,0.57,390.1075836
0.00043,1.73e-05,0.0,0.0,0.57,317.1054583
0.00043,1.73e-05,0.0,0.1,0.57,390.1075836
0.00043,1.73e-05,0.0,0.2,0.57,390.1075836
0.00043,1.73e-05,0.0,0.3,0.57,390.1075836
0.00043,1.73e-05,0.0,0.4,0.57,390.1075836
0.00043,1.73e-05,0.0,0.5,0.57,390.1075836
0.00043,1.73e-05,0.0,0.6,0.57,390.1075836
0.00043,1.73e-05,0.0,0.7,0.57,390.1075836
0.00043,1.73e-05,0.0,0.8,0.57,390.1075836
0.00043,1.73e-05,0.0,0.9,0.57,390.1075836
0.00043,1.73e-05,0.0,1.0,0.57,390.1075836
0.00044,0.0,1e-05,0.0,0.56,317.1048953
0.00044,0.0,1e-05,0.1,0.56,390.1046441
0.00044,0.0,1e-05,0.2,0.56,390.1046441
0.00044,0.0,1e-05,0.3,0.56,390.1046441
0.00044,0.0,1e-05,0.4,0.56,390.1046441
0.00044,0.0,1e-05,0.5,0.56,390.1046441
0.00044,0.0,1e-05,0.6,0.56,390.1046441
0.00044,0.0,1e-05,0.7,0.56,390.1046441
0.00044,0.0,1e-05,0.8,0.56,390.1046441
0.00044,0.0,1e-05,0.9,0.56,390.1046441
0.00044,0.0,1e-05,1.0,0.56,390.1046441
0.00044,0.0,0.0,0.0,0.56,317.1048953
0.00044,0.0,0.0,0.1,0.56,390.1046441
0.00044,0.0,0.0,0.2,0.56,390.1046441
0.00044,0.0,0.0,0.3,0.56,390.1046441
0.00044,0.0,0.0,0.4,0.56,390.1046441
0.00044,0.0,0.0,0.5,0.56,390.1046441
0.00044,0.0,0.0,0.6,0.56,390.1046441
0.00044,0.0,0.0,0.7,0.56,390.1046441
0.00044,0.0,0.0,0.8,0.56,390.1046441
0.00044,0.0,0.0,0.9,0.56,390.1046441
0.00044,0.0,0.0,1.0,0.56,390.1046441
0.0004,0.0001,1e-05,0.0,0.6,317.1046531
0.0004,0.0001,1e-05,0.1,0.6,390.103235
0.0004,0.0001,1e-05,0.2,0.6,390.103235
0.0004,0.0001,1e-05,0.3,0.6,390.103235
0.0004,0.0001,1e-05,0.4,0.6,390.103235
0.0004,0.0001,1e-05,0.5,0.6,390.103235
0.0004,0.0001,1e-05,0.6,0.6,390.103235
0.0004,0.0001,1e-05,0.7,0.6,390.103235
0.0004,0.0001,1e-05,0.8,0.6,390.103235
0.0004,0.0001,1e-05,0.9,0.6,390.103235
0.0004,0.0001,1e-05,1.0,0.6,390.103235
0.00041,8.27e-05,0.0,0.0,0.59,317.1053373
0.00041,8.27e-05,0.0,0.1,0.59,390.106879
0.00041,8.27e-05,0.0,0.2,0.59,390.106879
0.00041,8.27e-05,0.0,0.3,0.59,390.106879
0.00041,8.27e-05,0.0,0.4,0.59,390.106879
0.00041,8.27e-05,0.0,0.5,0.59,390.106879
0.00041,8.27e-05,0.0,0.6,0.59,390.106879
0.00041,8.27e-05,0.0,0.7,0.59,390.106879
0.00041,8.27e-05,0.0,0.8,0.59,390.106879
0.00041,8.27e-05,0.0,0.9,0.59,390.106879
0.00041,8.27e-05,0.0,1.0,0.59,390.106879
0.00041,8.27e-05,1e-05,0.0,0.59,317.1053373
0.00041,8.27e-05,1e-05,0.1,0.59,390.106879
0.00041,8.27e-05,1e-05,0.2,0.59,390.106879
0.00041,8.27e-05,1e-05,0.3,0.59,390.106879
0.00041,8.27e-05,1e-05,0.4,0.59,390.106879
0.00041,8.27e-05,1e-05,0.5,0.59,390.106879
0.00041,8.27e-05,1e-05,0.6,0.59,390.106879
0.00041,8.27e-05,1e-05,0.7,0.59,390.106879
0.00041,8.27e-05,1e-05,0.8,0.59,390.106879
0.00041,8.27e-05,1e-05,0.9,0.59,390.106879
0.00041,8.27e-05,1e-05,1.0,0.59,390.106879
0.00042,0.0001,0.0,0.0,0.58,317.1047894
0.00042,0.0001,0.0,0.1,0.58,390.1040277
0.00042,0.0001,0.0,0.2,0.58,390.1040277
0.00042,0.0001,0.0,0.3,0.58,390.1040277
0.00042,0.0001,0.0,0.4,0.58,390.1040277
0.00042,0.0001,0.0,0.5,0.58,390.1040277
0.00042,0.0001,0.0,0.6,0.58,390.1040277
0.00042,0.0001,0.0,0.7,0.58,390.1040277
0.00042,0.0001,0.0,0.8,0.58,390.1040277
0.00042,0.0001,0.0,0.9,0.58,390.1040277
0.00042,0.0001,0.0,1.0,0.58,390.1040277
0.00042,6.69e-05,1e-05,0.0,0.58,317.1057354
0.00042,6.69e-05,1e-05,0.1,0.58,390.1090132
0.00042,6.69e-05,1e-05,0.2,0.58,390.1090132
0.00042,6.69e-05,1e-05,0.3,0.58,390.1090132
0.00042,6.69e-05,1e-05,0.4,0.58,390.1090132
0.00042,6.69e-05,1e-05,0.5,0.58,390.1090132
0.00042,6.69e-05,1e-05,0.6,0.58,390.1090132
0.00042,6.69e-05,1e-05,0.7,0.58,390.1090132
0.00042,6.69e-05,1e-05,0.8,0.58,390.1090132
0.00042,6.69e-05,1e-05,0.9,0.58,390.1090132
0.00042,6.69e-05,1e-05,1.0,0.58,390.1090132
0.00042,6.69e-05,0.0,0.0,0.58,317.1057354
0.00042,6.69e-05,0.0,0.1,0.58,390.1090132
0.00042,6.69e-05,0.0,0.2,0.58,390.1090132
0.00042,6.69e-05,0.0,0.3,0.58,390.1090132
0.00042,6.69e-05,0.0,0.4,0.58,390.1090132
0.00042,6.69e-05,0.0,0.5,0.58,390.1090132
0.00042,6.69e-05,0.0,0.6,0.58,390.1090132
0.00042,6.69e-05,0.0,0.7,0.58,390.1090132
0.00042,6.69e-05,0.0,0.8,0.58,390.1090132
0.00042,6.69e-05,0.0,0.9,0.58,390.1090132
0.00042,6.69e-05,0.0,1.0,0.58,390.1090132
0.00043,5.1e-05,0.0,0.0,0.57,317.1059141
0.00043,5.1e-05,0.0,0.1,0.57,390.1099865
0.00043,5.1e-05,0.0,0.2,0.57,390.1099865
0.00043,5.1e-05,0.0,0.3,0.57,390.1099865
0.00043,5.1e-05,0.0,0.4,0.57,390.1099865
0.00043,5.1e-05,0.0,0.5,0.57,390.1099865
0.00043,5.1e-05,0.0,0.6,0.57,390.1099865
0.00043,5.1e-05,0.0,0.7,0.57,390.1099865
0.00043,5.1e-05,0.0,0.8,0.57,390.1099865
0.00043,5.1e-05,0.0,0.9,0.57,390.1099865
0.00043,5.1e-05,0.0,1.0,0.57,390.1099865
0.00043,5.1e-05,1e-05,0.0,0.57,317.1059141
0.00043,5.1e-05,1e-05,0.1,0.57,390.1099865
0.00043,5.1e-05,1e-05,0.2,0.57,390.1099865
0.00043,5.1e-05,1e-05,0.3,0.57,390.1099865
0.00043,5.1e-05,1e-05,0.4,0.57,390.1099865
0.00043,5.1e-05,1e-05,0.5,0.57,390.1099865
0.00043,5.1e-05,1e-05,0.6,0.57,390.1099865
0.00043,5.1e-05,1e-05,0.7,0.57,390.1099865
0.00043,5.1e-05,1e-05,0.8,0.57,390.1099865
0.00043,5.1e-05,1e-05,0.9,0.57,390.1099865
0.00043,5.1e-05,1e-05,1.0,0.57,390.1099865
0.00044,3.46e-05,1e-05,0.0,0.56,317.1058629
0.00044,3.46e-05,1e-05,0.1,0.56,390.1097438
0.00044,3.46e-05,1e-05,0.2,0.56,390.1097438
0.00044,3.46e-05,1e-05,0.3,0.56,390.1097438
0.00044,3.46e-05,1e-05,0.4,0.56,390.1097438
0.00044,3.46e-05,1e-05,0.5,0.56,390.1097438
0.00044,3.46e-05,1e-05,0.6,0.56,390.1097438
0.00044,3.46e-05,1e-05,0.7,0.56,390.1097438
0.00044,3.46e-05,1e-05,0.8,0.56,390.1097438
0.00044,3.46e-05,1e-05,0.9,0.56,390.1097438
0.00044,3.46e-05,1e-05,1.0,0.56,390.1097438
0.00044,3.46e-05,0.0,0.0,0.56,317.1058629
0.00044,3.46e-05,0.0,0.1,0.56,390.1097438
0.00044,3.46e-05,0.0,0.2,0.56,390.1097438
0.00044,3.46e-05,0.0,0.3,0.56,390.1097438
0.00044,3.46e-05,0.0,0.4,0.56,390.1097438
0.00044,3.46e-05,0.0,0.5,0.56,390.1097438
0.00044,3.46e-05,0.0,0.6,0.56,390.1097438
0.00044,3.46e-05,0.0,0.7,0.56,390.1097438
0.00044,3.46e-05,0.0,0.8,0.56,390.1097438
0.00044,3.46e-05,0.0,0.9,0.56,390.1097438
0.00044,3.46e-05,0.0,1.0,0.56,390.1097438
0.00045,1.73e-05,0.0,0.0,0.55,317.105549
0.00045,1.73e-05,0.0,0.1,0.55,390.1081119
0.00045,1.73e-05,0.0,0.2,0.55,390.1081119
0.00045,1.73e-05,0.0,0.3,0.55,390.1081119
0.00045,1.73e-05,0.0,0.4,0.55,390.1081119
0.00045,1.73e-05,0.0,0.5,0.55,390.1081119
0.00045,1.73e-05,0.0,0.6,0.55,390.1081119
0.00045,1.73e-05,0.0,0.7,0.55,390.1081119
0.00045,1.73e-05,0.0,0.8,0.55,390.1081119
0.00045,1.73e-05,0.0,0.9,0.55,390.1081119
0.00045,1.73e-05,0.0,1.0,0.55,390.1081119
0.00045,1.73e-05,1e-05,0.0,0.55,317.105549
0.00045,1.73e-05,1e-05,0.1,0.55,390.1081119
0.00045,1.73e-05,1e-05,0.2,0.55,390.1081119
0.00045,1.73e-05,1e-05,0.3,0.55,390.1081119
0.00045,1.73e-05,1e-05,0.4,0.55,390.1081119
0.00045,1.73e-05,1e-05,0.5,0.55,390.1081119
0.00045,1.73e-05,1e-05,0.6,0.55,390.1081119
0.00045,1.73e-05,1e-05,0.7,0.55,390.1081119
0.00045,1.73e-05,1e-05,0.8,0.55,390.1081119
0.00045,1.73e-05,1e-05,0.9,0.55,390.1081119
0.00045,1.73e-05,1e-05,1.0,0.55,390.1081119
0.00046,0.0,1e-05,0.0,0.54,317.1049708
0.00046,0.0,1e-05,0.1,0.54,390.1050843
0.00046,0.0,1e-05,0.2,0.54,390.1050843
0.00046,0.0,1e-05,0.3,0.54,390.1050843
0.00046,0.0,1e-05,0.4,0.54,390.1050843
0.00046,0.0,1e-05,0.5,0.54,390.1050843
0.00046,0.0,1e-05,0.6,0.54,390.1050843
0.00046,0.0,1e-05,0.7,0.54,390.1050843
0.00046,0.0,1e-05,0.8,0.54,390.1050843
0.00046,0.0,1e-05,0.9,0.54,390.1050843
0.00046,0.0,1e-05,1.0,0.54,390.1050843
0.00046,0.0,0.0,0.0,0.54,317.1049708
0.00046,0.0,0.0,0.1,0.54,390.1050843
0.00046,0.0,0.0,0.2,0.54,390.1050843
0.00046,0.0,0.0,0.3,0.54,390.1050843
0.00046,0.0,0.0,0.4,0.54,390.1050843
0.00046,0.0,0.0,0.5,0.54,390.1050843
0.00046,0.0,0.0,0.6,0.54,390.1050843
0.00046,0.0,0.0,0.7,0.54,390.1050843
0.00046,0.0,0.0,0.8,0.54,390.1050843
0.00046,0.0,0.0,0.9,0.54,390.1050843
0.00046,0.0,0.0,1.0,0.54,390.1050843
0.00042,0.0001,1e-05,0.0,0.58,317.1047894
0.00042,0.0001,1e-05,0.1,0.58,390.1040277
0.00042,0.0001,1e-05,0.2,0.58,390.1040277
0.00042,0.0001,1e-05,0.3,0.58,390.1040277
0.00042,0.0001,1e-05,0.4,0.58,390.1040277
0.00042,0.0001,1e-05,0.5,0.58,390.1040277
0.00042,0.0001,1e-05,0.6,0.58,390.1040277
0.00042,0.0001,1e-05,0.7,0.58,390.1040277
0.00042,0.0001,1e-05,0.8,0.58,390.1040277
0.00042,0.0001,1e-05,0.9,0.58,390.1040277
0.00042,0.0001,1e-05,1.0,0.58,390.1040277
0.00043,8.27e-05,0.0,0.0,0.57,317.1054583
0.00043,8.27e-05,0.0,0.1,0.57,390.1075836
0.00043,8.27e-05,0.0,0.2,0.57,390.1075836
0.00043,8.27e-05,0.0,0.3,0.57,390.1075836
0.00043,8.27e-05,0.0,0.4,0.57,390.1075836
0.00043,8.27e-05,0.0,0.5,0.57,390.1075836
0.00043,8.27e-05,0.0,0.6,0.57,390.1075836
0.00043,8.27e-05,0.0,0.7,0.57,390.1075836
0.00043,8.27e-05,0.0,0.8,0.57,390.1075836
0.00043,8.27e-05,0.0,0.9,0.57,390.1075836
0.00043,8.27e-05,0.0,1.0,0.57,390.1075836
0.00043,8.27e-05,1e-05,0.0,0.57,317.1054583
0.00043,8.27e-05,1e-05,0.1,0.57,390.1075836
0.00043,8.27e-05,1e-05,0.2,0.57,390.1075836
0.00043,8.27e-05,1e-05,0.3,0.57,390.1075836
0.00043,8.27e-05,1e-05,0.4,0.57,390.1075836
0.00043,8.27e-05,1e-05,0.5,0.57,390.1075836
0.00043,8.27e-05,1e-05,0.6,0.57,390.1075836
0.00043,8.27e-05,1e-05,0.7,0.57,390.1075836
0.00043,8.27e-05,1e-05,0.8,0.57,390.1075836
0.00043,8.27e-05,1e-05,0.9,0.57,390.1075836
0.00043,8.27e-05,1e-05,1.0,0.57,390.1075836
0.00044,0.0001,0.0,0.0,0.56,317.1048953
0.00044,0.0001,0.0,0.1,0.56,390.1046441
0.00044,0.0001,0.0,0.2,0.56,390.1046441
0.00044,0.0001,0.0,0.3,0.56,390.1046441
0.00044,0.0001,0.0,0.4,0.56,390.1046441
0.00044,0.0001,0.0,0.5,0.56,390.1046441
0.00044,0.0001,0.0,0.6,0.56,390.1046441
0.00044,0.0001,0.0,0.7,0.56,390.1046441
0.00044,0.0001,0.0,0.8,0.56,390.1046441
0.00044,0.0001,0.0,0.9,0.56,390.1046441
0.00044,0.0001,0.0,1.0,0.56,390.1046441
0.00044,6.69e-05,1e-05,0.0,0.56,317.1058413
0.00044,6.69e-05,1e-05,0.1,0.56,390.1096297
0.00044,6.69e-05,1e-05,0.2,0.56,390.1096297
0.00044,6.69e-05,1e-05,0.3,0.56,390.1096297
0.00044,6.69e-05,1e-05,0.4,0.56,390.1096297
0.00044,6.69e-05,1e-05,0.5,0.56,390.1096297
0.00044,6.69e-05,1e-05,0.6,0.56,390.1096297
0.00044,6.69e-05,1e-05,0.7,0.56,390.1096297
0.00044,6.69e-05,1e-05,0.8,0.56,390.1096297
0.00044,6.69e-05,1e-05,0.9,0.56,390.1096297
0.00044,6.69e-05,1e-05,1.0,0.56,390.1096297
0.00044,6.69e-05,0.0,0.0,0.56,317.1058413
0.00044,6.69e-05,0.0,0.1,0.56,390.1096297
0.00044,6.69e-05,0.0,0.2,0.56,390.1096297
0.00044,6.69e-05,0.0,0.3,0.56,390.1096297
0.00044,6.69e-05,0.0,0.4,0.56,390.1096297
0.00044,6.69e-05,0.0,0.5,0.56,390.1096297
0.00044,6.69e-05,0.0,0.6,0.56,390.1096297
0.00044,6.69e-05,0.0,0.7,0.56,390.1096297
0.00044,6.69e-05,0.0,0.8,0.56,390.1096297
0.00044,6.69e-05,0.0,0.9,0.56,390.1096297
0.00044,6.69e-05,0.0,1.0,0.56,390.1096297
0.00045,5.1e-05,0.0,0.0,0.55,317.1060048
0.00045,5.1e-05,0.0,0.1,0.55,390.1105149
0.00045,5.1e-05,0.0,0.2,0.55,390.1105149
0.00045,5.1e-05,0.0,0.3,0.55,390.1105149
0.00045,5.1e-05,0.0,0.4,0.55,390.1105149
0.00045,5.1e-05,0.0,0.5,0.55,390.1105149
0.00045,5.1e-05,0.0,0.6,0.55,390.1105149
0.00045,5.1e-05,0.0,0.7,0.55,390.1105149
0.00045,5.1e-05,0.0,0.8,0.55,390.1105149
0.00045,5.1e-05,0.0,0.9,0.55,390.1105149
0.00045,5.1e-05,0.0,1.0,0.55,390.1105149
0.00045,5.1e-05,1e-05,0.0,0.55,317.1060048
0.00045,5.1e-05,1e-05,0.1,0.55,390.1105149
0.00045,5.1e-05,1e-05,0.2,0.55,390.1105149
0.00045,5.1e-05,1e-05,0.3,0.55,390.1105149
0.00045,5.1e-05,1e-05,0.4,0.55,390.1105149
0.00045,5.1e-05,1e-05,0.5,0.55,390.1105149
0.00045,5.1e-05,1e-05,0.6,0.55,390.1105149
0.00045,5.1e-05,1e-05,0.7,0.55,390.1105149
0.00045,5.1e-05,1e-05,0.8,0.55,390.1105149
0.00045,5.1e-05,1e-05,0.9,0.55,390.1105149
0.00045,5.1e-05,1e-05,1.0,0.55,390.1105149
0.00046,3.46e-05,1e-05,0.0,0.54,317.1059384
0.00046,3.46e-05,1e-05,0.1,0.54,390.110184
0.00046,3.46e-05,1e-05,0.2,0.54,390.110184
0.00046,3.46e-05,1e-05,0.3,0.54,390.110184
0.00046,3.46e-05,1e-05,0.4,0.54,390.110184
0.00046,3.46e-05,1e-05,0.5,0.54,390.110184
0.00046,3.46e-05,1e-05,0.6,0.54,390.110184
0.00046,3.46e-05,1e-05,0.7,0.54,390.110184
0.00046,3.46e-05,1e-05,0.8,0.54,390.110184
0.00046,3.46e-05,1e-05,0.9,0.54,390.110184
0.00046,3.46e-05,1e-05,1.0,0.54,390.110184
0.00046,3.46e-05,0.0,0.0,0.54,317.1059384
0.00046,3.46e-05,0.0,0.1,0.54,390.110184
0.00046,3.46e-05,0.0,0.2,0.54,390.110184
0.00046,3.46e-05,0.0,0.3,0.54,390.110184
0.00046,3.46e-05,0.0,0.4,0.54,390.110184
0.00046,3.46e-05,0.0,0.5,0.54,390.110184
0.00046,3.46e-05,0.0,0.6,0.54,390.110184
0.00046,3.46e-05,0.0,0.7,0.54,390.110184
0.00046,3.46e-05,0.0,0.8,0.54,390.110184
0.00046,3.46e-05,0.0,0.9,0.54,390.110184
0.00046,3.46e-05,0.0,1.0,0.54,390.110184
0.00047,1.73e-05,0.0,0.0,0.53,317.1056093
0.00047,1.73e-05,0.0,0.1,0.53,390.1084641
0.00047,1.73e-05,0.0,0.2,0.53,390.1084641
0.00047,1.73e-05,0.0,0.3,0.53,390.1084641
0.00047,1.73e-05,0.0,0.4,0.53,390.1084641
0.00047,1.73e-05,0.0,0.5,0.53,390.1084641
0.00047,1.73e-05,0.0,0.6,0.53,390.1084641
0.00047,1.73e-05,0.0,0.7,0.53,390.1084641
0.00047,1.73e-05,0.0,0.8,0.53,390.1084641
0.00047,1.73e-05,0.0,0.9,0.53,390.1084641
0.00047,1.73e-05,0.0,1.0,0.53,390.1084641
0.00047,1.73e-05,1e-05,0.0,0.53,317.1056093
0.00047,1.73e-05,1e-05,0.1,0.53,390.1084641
0.00047,1.73e-05,1e-05,0.2,0.53,390.1084641
0.00047,1.73e-05,1e-05,0.3,0.53,390.1084641
0.00047,1.73e-05,1e-05,0.4,0.53,390.1084641
0.00047,1.73e-05,1e-05,0.5,0.53,390.1084641
0.00047,1.73e-05,1e-05,0.6,0.53,390.1084641
0.00047,1.73e-05,1e-05,0.7,0.53,390.1084641
0.00047,1.73e-05,1e-05,0.8,0.53,390.1084641
0.00047,1.73e-05,1e-05,0.9,0.53,390.1084641
0.00047,1.73e-05,1e-05,1.0,0.53,390.1084641
0.00048,0.0,1e-05,0.0,0.52,317.105016
0.00048,0.0,1e-05,0.1,0.52,390.1053484
0.00048,0.0,1e-05,0.2,0.52,390.1053484
0.00048,0.0,1e-05,0.3,0.52,390.1053484
0.00048,0.0,1e-05,0.4,0.52,390.1053484
0.00048,0.0,1e-05,0.5,0.52,390.1053484
0.00048,0.0,1e-05,0.6,0.52,390.1053484
0.00048,0.0,1e-05,0.7,0.52,390.1053484
0.00048,0.0,1e-05,0.8,0.52,390.1053484
0.00048,0.0,1e-05,0.9,0.52,390.1053484
0.00048,0.0,1e-05,1.0,0.52,390.1053484
0.00048,0.0,0.0,0.0,0.52,317.105016
0.00048,0.0,0.0,0.1,0.52,390.1053484
0.00048,0.0,0.0,0.2,0.52,390.1053484
0.00048,0.0,0.0,0.3,0.52,390.1053484
0.00048,0.0,0.0,0.4,0.52,390.1053484
0.00048,0.0,0.0,0.5,0.52,390.1053484
0.00048,0.0,0.0,0.6,0.52,390.1053484
0.00048,0.0,0.0,0.7,0.52,390.1053484
0.00048,0.0,0.0,0.8,0.52,390.1053484
0.00048,0.0,0.0,0.9,0.52,390.1053484
0.00048,0.0,0.0,1.0,0.52,390.1053484
0.00044,0.0001,1e-05,0.0,0.56,317.1048953
0.00044,0.0001,1e-05,0.1,0.56,390.1046441
0.00044,0.0001,1e-05,0.2,0.56,390.1046441
0.00044,0.0001,1e-05,0.3,0.56,390.1046441
0.00044,0.0001,1e-05,0.4,0.56,390.1046441
0.00044,0.0001,1e-05,0.5,0.56,390.1046441
0.00044,0.0001,1e-05,0.6,0.56,390.1046441
0.00044,0.0001,1e-05,0.7,0.56,390.1046441
0.00044,0.0001,1e-05,0.8,0.56,390.1046441
0.00044,0.0001,1e-05,0.9,0.56,390.1046441
0.00044,0.0001,1e-05,1.0,0.56,390.1046441
0.00045,8.27e-05,0.0,0.0,0.55,317.105549
0.00045,8.27e-05,0.0,0.1,0.55,390.1081119
0.00045,8.27e-05,0.0,0.2,0.55,390.1081119
0.00045,8.27e-05,0.0,0.3,0.55,390.1081119
0.00045,8.27e-05,0.0,0.4,0.55,390.1081119
0.00045,8.27e-05,0.0,0.5,0.55,390.1081119
0.00045,8.27e-05,0.0,0.6,0.55,390.1081119
0.00045,8.27e-05,0.0,0.7,0.55,390.1081119
0.00045,8.27e-05,0.0,0.8,0.55,390.1081119
0.00045,8.27e-05,0.0,0.9,0.55,390.1081119
0.00045,8.27e-05,0.0,1.0,0.55,390.1081119
0.00045,8.27e-05,1e-05,0.0,0.55,317.105549
0.00045,8.27e-05,1e-05,0.1,0.55,390.1081119
0.00045,8.27e-05,1e-05,0.2,0.55,390.1081119
0.00045,8.27e-05,1e-05,0.3,0.55,390.1081119
0.00045,8.27e-05,1e-05,0.4,0.55,390.1081119
0.00045,8.27e-05,1e-05,0.5,0.55,390.1081119
0.00045,8.27e-05,1e-05,0.6,0.55,390.1081119
0.00045,8.27e-05,1e-05,0.7,0.55,390.1081119
0.00045,8.27e-05,1e-05,0.8,0.55,390.1081119
0.00045,8.27e-05,1e-05,0.9,0.55,390.1081119
0.00045,8.27e-05,1e-05,1.0,0.55,390.1081119
0.00046,0.0001,0.0,0.0,0.54,317.1049708
0.00046,0.0001,0.0,0.1,0.54,390.1050843
0.00046,0.0001,0.0,0.2,0.54,390.1050843
0.00046,0.0001,0.0,0.3,0.54,390.1050843
0.00046,0.0001,0.0,0.4,0.54,390.1050843
0.00046,0.0001,0.0,0.5,0.54,390.1050843
0.00046,0.0001,0.0,0.6,0.54,390.1050843
0.00046,0.0001,0.0,0.7,0.54,390.1050843
0.00046,0.0001,0.0,0.8,0.54,390.1050843
0.00046,0.0001,0.0,0.9,0.54,390.1050843
0.00046,0.0001,0.0,1.0,0.54,390.1050843
0.00046,6.69e-05,1e-05,0.0,0.54,317.1059168
0.00046,6.69e-05,1e-05,0.1,0.54,390.1100699
0.00046,6.69e-05,1e-05,0.2,0.54,390.1100699
0.00046,6.69e-05,1e-05,0.3,0.54,390.1100699
0.00046,6.69e-05,1e-05,0.4,0.54,390.1100699
0.00046,6.69e-05,1e-05,0.5,0.54,390.1100699
0.00046,6.69e-05,1e-05,0.6,0.54,390.1100699
0.00046,6.69e-05,1e-05,0.7,0.54,390.1100699
0.00046,6.69e-05,1e-05,0.8,0.54,390.1100699
0.00046,6.69e-05,1e-05,0.9,0.54,390.1100699
0.00046,6.69e-05,1e-05,1.0,0.54,390.1100699
0.00046,6.69e-05,0.0,0.0,0.54,317.1059168
0.00046,6.69e-05,0.0,0.1,0.54,390.1100699
0.00046,6.69e-05,0.0,0.2,0.54,390.1100699
0.00046,6.69e-05,0.0,0.3,0.54,390.1100699
0.00046,6.69e-05,0.0,0.4,0.54,390.1100699
0.00046,6.69e-05,0.0,0.5,0.54,390.1100699
0.00046,6.69e-05,0.0,0.6,0.54,390.1100699
0.00046,6.69e-05,0.0,0.7,0.54,390.1100699
0.00046,6.69e-05,0.0,0.8,0.54,390.1100699
0.00046,6.69e-05,0.0,0.9,0.54,390.1100699
0.00046,6.69e-05,0.0,1.0,0.54,390.1100699
0.00047,5.1e-05,0.0,0.0,0.53,317.1060652
0.00047,5.1e-05,0.0,0.1,0.53,390.110867
0.00047,5.1e-05,0.0,0.2,0.53,390.110867
0.00047,5.1e-05,0.0,0.3,0.53,390.110867
0.00047,5.1e-05,0.0,0.4,0.53,390.110867
0.00047,5.1e-05,0.0,0.5,0.53,390.110867
0.00047,5.1e-05,0.0,0.6,0.53,390.110867
0.00047,5.1e-05,0.0,0.7,0.53,390.110867
0.00047,5.1e-05,0.0,0.8,0.53,390.110867
0.00047,5.1e-05,0.0,0.9,0.53,390.110867
0.00047,5.1e-05,0.0,1.0,0.53,390.110867
0.00047,5.1e-05,1e-05,0.0,0.53,317.1060652
0.00047,5.1e-05,1e-05,0.1,0.53,390.110867
0.00047,5.1e-05,1e-05,0.2,0.53,390.110867
0.00047,5.1e-05,1e-05,0.3,0.53,390.110867
0.00047,5.1e-05,1e-05,0.4,0.53,390.110867
0.00047,5.1e-05,1e-05,0.5,0.53,390.110867
0.00047,5.1e-05,1e-05,0.6,0.53,390.110867
0.00047,5.1e-05,1e-05,0.7,0.53,390.110867
0.00047,5.1e-05,1e-05,0.8,0.53,390.110867
0.00047,5.1e-05,1e-05,0.9,0.53,390.110867
0.00047,5.1e-05,1e-05,1.0,0.53,390.110867
0.000475,4.28e-05,5e-06,0.0,0.525,317.1061609
0.000475,4.28e-05,5e-06,0.1,0.525,390.1113773
0.000475,4.28e-05,5e-06,0.2,0.525,390.1113773
0.000475,4.28e-05,5e-06,0.3,0.525,390.1113773
0.000475,4.28e-05,5e-06,0.4,0.525,390.1113773
0.000475,4.28e-05,5e-06,0.5,0.525,390.1113773
0.000475,4.28e-05,5e-06,0.6,0.525,390.1113773
0.000475,4.28e-05,5e-06,0.7,0.525,390.1113773
0.000475,4.28e-05,5e-06,0.8,0.525,390.1113773
0.000475,4.28e-05,5e-06,0.9,0.525,390.1113773
0.000475,4.28e-05,5e-06,1.0,0.525,390.1113773
0.00048,3.46e-05,0.0,0.0,0.52,317.1059837
0.00048,3.46e-05,0.0,0.1,0.52,390.1104481
0.00048,3.46e-05,0.0,0.2,0.52,390.1104481
0.00048,3.46e-05,0.0,0.3,0.52,390.1104481
0.00048,3.46e-05,0.0,0.4,0.52,390.1104481
0.00048,3.46e-05,0.0,0.5,0.52,390.1104481
0.00048,3.46e-05,0.0,0.6,0.52,390.1104481
0.00048,3.46e-05,0.0,0.7,0.52,390.1104481
0.00048,3.46e-05,0.0,0.8,0.52,390.1104481
0.00048,3.46e-05,0.0,0.9,0.52,390.1104481
0.00048,3.46e-05,0.0,1.0,0.52,390.1104481
0.00048,3.46e-05,1e-05,0.0,0.52,317.1059837
0.00048,3.46e-05,1e-05,0.1,0.52,390.1104481
0.00048,3.46e-05,1e-05,0.2,0.52,390.1104481
0.00048,3.46e-05,1e-05,0.3,0.52,390.1104481
0.00048,3.46e-05,1e-05,0.4,0.52,390.1104481
0.00048,3.46e-05,1e-05,0.5,0.52,390.1104481
0.00048,3.46e-05,1e-05,0.6,0.52,390.1104481
0.00048,3.46e-05,1e-05,0.7,0.52,390.1104481
0.00048,3.46e-05,1e-05,0.8,0.52,390.1104481
0.00048,3.46e-05,1e-05,0.9,0.52,390.1104481
0.00048,3.46e-05,1e-05,1.0,0.52,390.1104481
0.00049,1.73e-05,0.0,0.0,0.51,317.1056395
0.00049,1.73e-05,0.0,0.1,0.51,390.1086401
0.00049,1.73e-05,0.0,0.2,0.51,390.1086401
0.00049,1.73e-05,0.0,0.3,0.51,390.1086401
0.00049,1.73e-05,0.0,0.4,0.51,390.1086401
0.00049,1.73e-05,0.0,0.5,0.51,390.1086401
0.00049,1.73e-05,0.0,0.6,0.51,390.1086401
0.00049,1.73e-05,0.0,0.7,0.51,390.1086401
0.00049,1.73e-05,0.0,0.8,0.51,390.1086401
0.00049,1.73e-05,0.0,0.9,0.51,390.1086401
0.00049,1.73e-05,0.0,1.0,0.51,390.1086401
0.00049,1.73e-05,1e-05,0.0,0.51,317.1056395
0.00049,1.73e-05,1e-05,0.1,0.51,390.1086401
0.00049,1.73e-05,1e-05,0.2,0.51,390.1086401
0.00049,1.73e-05,1e-05,0.3,0.51,390.1086401
0.00049,1.73e-05,1e-05,0.4,0.51,390.1086401
0.00049,1.73e-05,1e-05,0.5,0.51,390.1086401
0.00049,1.73e-05,1e-05,0.6,0.51,390.1086401
0.00049,1.73e-05,1e-05,0.7,0.51,390.1086401
0.00049,1.73e-05,1e-05,0.8,0.51,390.1086401
0.00049,1.73e-05,1e-05,0.9,0.51,390.1086401
0.00049,1.73e-05,1e-05,1.0,0.51,390.1086401
0.0005,0.0,1e-05,0.0,0.5,317.1050311
0.0005,0.0,1e-05,0.1,0.5,390.1054364
0.0005,0.0,1e-05,0.2,0.5,390.1054364
0.0005,0.0,1e-05,0.3,0.5,390.1054364
0.0005,0.0,1e-05,0.4,0.5,390.1054364
0.0005,0.0,1e-05,0.5,0.5,390.1054364
0.0005,0.0,1e-05,0.6,0.5,390.1054364
0.0005,0.0,1e-05,0.7,0.5,390.1054364
0.0005,0.0,1e-05,0.8,0.5,390.1054364
0.0005,0.0,1e-05,0.9,0.5,390.1054364
0.0005,0.0,1e-05,1.0,0.5,390.1054364
0.0005,0.0,0.0,0.0,0.5,317.1050311
0.0005,0.0,0.0,0.1,0.5,390.1054364
0.0005,0.0,0.0,0.2,0.5,390.1054364
0.0005,0.0,0.0,0.3,0.5,390.1054364
0.0005,0.0,0.0,0.4,0.5,390.1054364
0.0005,0.0,0.0,0.5,0.5,390.1054364
0.0005,0.0,0.0,0.6,0.5,390.1054364
0.0005,0.0,0.0,0.7,0.5,390.1054364
0.0005,0.0,0.0,0.8,0.5,390.1054364
0.0005,0.0,0.0,0.9,0.5,390.1054364
0.0005,0.0,0.0,1.0,0.5,390.1054364
0.00046,0.0001,1e-05,0.0,0.54,317.1049708
0.00046,0.0001,1e-05,0.1,0.54,390.1050843
0.00046,0.0001,1e-05,0.2,0.54,390.1050843
0.00046,0.0001,1e-05,0.3,0.54,390.1050843
0.00046,0.0001,1e-05,0.4,0.54,390.1050843
0.00046,0.0001,1e-05,0.5,0.54,390.1050843
0.00046,0.0001,1e-05,0.6,0.54,390.1050843
0.00046,0.0001,1e-05,0.7,0.54,390.1050843
0.00046,0.0001,1e-05,0.8,0.54,390.1050843
0.00046,0.0001,1e-05,0.9,0.54,390.1050843
0.00046,0.0001,1e-05,1.0,0.54,390.1050843
0.00047,8.27e-05,0.0,0.0,0.53,317.1056093
0.00047,8.27e-05,0.0,0.1,0.53,390.1084641
0.00047,8.27e-05,0.0,0.2,0.53,390.1084641
0.00047,8.27e-05,0.0,0.3,0.53,390.1084641
0.00047,8.27e-05,0.0,0.4,0.53,390.1084641
0.00047,8.27e-05,0.0,0.5,0.53,390.1084641
0.00047,8.27e-05,0.0,0.6,0.53,390.1084641
0.00047,8.27e-05,0.0,0.7,0.53,390.1084641
0.00047,8.27e-05,0.0,0.8,0.53,390.1084641
0.00047,8.27e-05,0.0,0.9,0.53,390.1084641
0.00047,8.27e-05,0.0,1.0,0.53,390.1084641
0.00047,8.27e-05,1e-05,0.0,0.53,317.1056093
0.00047,8.27e-05,1e-05,0.1,0.53,390.1084641
0.00047,8.27e-05,1e-05,0.2,0.53,390.1084641
0.00047,8.27e-05,1e-05,0.3,0.53,390.1084641
0.00047,8.27e-05,1e-05,0.4,0.53,390.1084641
0.00047,8.27e-05,1e-05,0.5,0.53,390.1084641
0.00047,8.27e-05,1e-05,0.6,0.53,390.1084641
0.00047,8.27e-05,1e-05,0.7,0.53,390.1084641
0.00047,8.27e-05,1e-05,0.8,0.53,390.1084641
0.00047,8.27e-05,1e-05,0.9,0.53,390.1084641
0.00047,8.27e-05,1e-05,1.0,0.53,390.1084641
0.00048,0.0001,0.0,0.0,0.52,317.105016
0.00048,0.0001,0.0,0.1,0.52,390.1053484
0.00048,0.0001,0.0,0.2,0.52,390.1053484
0.00048,0.0001,0.0,0.3,0.52,390.1053484
0.00048,0.0001,0.0,0.4,0.52,390.1053484
0.00048,0.0001,0.0,0.5,0.52,390.1053484
0.00048,0.0001,0.0,0.6,0.52,390.1053484
0.00048,0.0001,0.0,0.7,0.52,390.1053484
0.00048,0.0001,0.0,0.8,0.52,390.1053484
0.00048,0.0001,0.0,0.9,0.52,390.1053484
0.00048,0.0001,0.0,1.0,0.52,390.1053484
0.00048,6.69e-05,1e-05,0.0,0.52,317.1059621
0.00048,6.69e-05,1e-05,0.1,0.52,390.110334
0.00048,6.69e-05,1e-05,0.2,0.52,390.110334
0.00048,6.69e-05,1e-05,0.3,0.52,390.110334
0.00048,6.69e-05,1e-05,0.4,0.52,390.110334
0.00048,6.69e-05,1e-05,0.5,0.52,390.110334
0.00048,6.69e-05,1e-05,0.6,0.52,390.110334
0.00048,6.69e-05,1e-05,0.7,0.52,390.110334
0.00048,6.69e-05,1e-05,0.8,0.52,390.110334
0.00048,6.69e-05,1e-05,0.9,0.52,390.110334
0.00048,6.69e-05,1e-05,1.0,0.52,390.110334
0.00048,6.69e-05,0.0,0.0,0.52,317.105962
0.00048,6.69e-05,0.0,0.1,0.52,390.110334
0.00048,6.69e-05,0.0,0.2,0.52,390.110334
0.00048,6.69e-05,0.0,0.3,0.52,390.110334
0.00048,6.69e-05,0.0,0.4,0.52,390.110334
0.00048,6.69e-05,0.0,0.5,0.52,390.110334
0.00048,6.69e-05,0.0,0.6,0.52,390.110334
0.00048,6.69e-05,0.0,0.7,0.52,390.110334
0.00048,6.69e-05,0.0,0.8,0.52,390.110334
0.00048,6.69e-05,0.0,0.9,0.52,390.110334
0.00048,6.69e-05,0.0,1.0,0.52,390.110334
0.00049,5.1e-05,1e-05,0.0,0.51,317.1060953
0.00049,5.1e-05,1e-05,0.1,0.51,390.1110431
0.00049,5.1e-05,1e-05,0.2,0.51,390.1110431
0.00049,5.1e-05,1e-05,0.3,0.51,390.1110431
0.00049,5.1e-05,1e-05,0.4,0.51,390.1110431
0.00049,5.1e-05,1e-05,0.5,0.51,390.1110431
0.00049,5.1e-05,1e-05,0.6,0.51,390.1110431
0.00049,5.1e-05,1e-05,0.7,0.51,390.1110431
0.00049,5.1e-05,1e-05,0.8,0.51,390.1110431
0.00049,5.1e-05,1e-05,0.9,0.51,390.1110431
0.00049,5.1e-05,1e-05,1.0,0.51,390.1110431
0.00049,5.1e-05,0.0,0.0,0.51,317.1060953
0.00049,5.1e-05,0.0,0.1,0.51,390.1110431
0.00049,5.1e-05,0.0,0.2,0.51,390.1110431
0.00049,5.1e-05,0.0,0.3,0.51,390.1110431
0.00049,5.1e-05,0.0,0.4,0.51,390.1110431
0.00049,5.1e-05,0.0,0.5,0.51,390.1110431
0.00049,5.1e-05,0.0,0.6,0.51,390.1110431
0.00049,5.1e-05,0.0,0.7,0.51,390.1110431
0.00049,5.1e-05,0.0,0.8,0.51,390.1110431
0.00049,5.1e-05,0.0,0.9,0.51,390.1110431
0.00049,5.1e-05,0.0,1.0,0.51,390.1110431
0.0005,3.46e-05,0.0,0.0,0.5,317.1059988
0.0005,3.46e-05,0.0,0.1,0.5,390.1105361
0.0005,3.46e-05,0.0,0.2,0.5,390.1105361
0.0005,3.46e-05,0.0,0.3,0.5,390.1105361
0.0005,3.46e-05,0.0,0.4,0.5,390.1105361
0.0005,3.46e-05,0.0,0.5,0.5,390.1105361
0.0005,3.46e-05,0.0,0.6,0.5,390.1105361
0.0005,3.46e-05,0.0,0.7,0.5,390.1105361
0.0005,3.46e-05,0.0,0.8,0.5,390.1105361
0.0005,3.46e-05,0.0,0.9,0.5,390.1105361
0.0005,3.46e-05,0.0,1.0,0.5,390.1105361
0.0005,3.46e-05,1e-05,0.0,0.5,317.1059988
0.0005,3.46e-05,1e-05,0.1,0.5,390.1105361
0.0005,3.46e-05,1e-05,0.2,0.5,390.1105361
0.0005,3.46e-05,1e-05,0.3,0.5,390.1105361
0.0005,3.46e-05,1e-05,0.4,0.5,390.1105361
0.0005,3.46e-05,1e-05,0.5,0.5,390.1105361
0.0005,3.46e-05,1e-05,0.6,0.5,390.1105361
0.0005,3.46e-05,1e-05,0.7,0.5,390.1105361
0.0005,3.46e-05,1e-05,0.8,0.5,390.1105361
0.0005,3.46e-05,1e-05,0.9,0.5,390.1105361
0.0005,3.46e-05,1e-05,1.0,0.5,390.1105361
0.00051,1.73e-05,0.0,0.0,0.49,317.1056395
0.00051,1.73e-05,0.0,0.1,0.49,390.1086401
0.00051,1.73e-05,0.0,0.2,0.49,390.1086401
0.00051,1.73e-05,0.0,0.3,0.49,390.1086401
0.00051,1.73e-05,0.0,0.4,0.49,390.1086401
0.00051,1.73e-05,0.0,0.5,0.49,390.1086401
0.00051,1.73e-05,0.0,0.6,0.49,390.1086401
0.00051,1.73e-05,0.0,0.7,0.49,390.1086401
0.00051,1.73e-05,0.0,0.8,0.49,390.1086401
0.00051,1.73e-05,0.0,0.9,0.49,390.1086401
0.00051,1.73e-05,0.0,1.0,0.49,390.1086401
0.00051,1.73e-05,1e-05,0.0,0.49,317.1056395
0.00051,1.73e-05,1e-05,0.1,0.49,390.1086401
0.00051,1.73e-05,1e-05,0.2,0.49,390.1086401
0.00051,1.73e-05,1e-05,0.3,0.49,390.1086401
0.00051,1.73e-05,1e-05,0.4,0.49,390.1086401
0.00051,1.73e-05,1e-05,0.5,0.49,390.1086401
0.00051,1.73e-05,1e-05,0.6,0.49,390.1086401
0.00051,1.73e-05,1e-05,0.7,0.49,390.1086401
0.00051,1.73e-05,1e-05,0.8,0.49,390.1086401
0.00051,1.73e-05,1e-05,0.9,0.49,390.1086401
0.00051,1.73e-05,1e-05,1.0,0.49,390.1086401
0.00052,0.0,1e-05,0.0,0.48,317.105016
0.00052,0.0,1e-05,0.1,0.48,390.1053484
0.00052,0.0,1e-05,0.2,0.48,390.1053484
0.00052,0.0,1e-05,0.3,0.48,390.1053484
0.00052,0.0,1e-05,0.4,0.48,390.1053484
0.00052,0.0,1e-05,0.5,0.48,390.1053484
0.00052,0.0,1e-05,0.6,0.48,390.1053484
0.00052,0.0,1e-05,0.7,0.48,390.1053484
0.00052,0.0,1e-05,0.8,0.48,390.1053484
0.00052,0.0,1e-05,0.9,0.48,390.1053484
0.00052,0.0,1e-05,1.0,0.48,390.1053484
0.00052,0.0,0.0,0.0,0.48,317.105016
0.00052,0.0,0.0,0.1,0.48,390.1053484
0.00052,0.0,0.0,0.2,0.48,390.1053484
0.00052,0.0,0.0,0.3,0.48,390.1053484
0.00052,0.0,0.0,0.4,0.48,390.1053484
0.00052,0.0,0.0,0.5,0.48,390.1053484
0.00052,0.0,0.0,0.6,0.48,390.1053484
0.00052,0.0,0.0,0.7,0.48,390.1053484
0.00052,0.0,0.0,0.8,0.48,390.1053484
0.00052,0.0,0.0,0.9,0.48,390.1053484
0.00052,0.0,0.0,1.0,0.48,390.1053484
0.00048,0.0001,1e-05,0.0,0.52,317.105016
0.00048,0.0001,1e-05,0.1,0.52,390.1053484
0.00048,0.0001,1e-05,0.2,0.52,390.1053484
0.00048,0.0001,1e-05,0.3,0.52,390.1053484
0.00048,0.0001,1e-05,0.4,0.52,390.1053484
0.00048,0.0001,1e-05,0.5,0.52,390.1053484
0.00048,0.0001,1e-05,0.6,0.52,390.1053484
0.00048,0.0001,1e-05,0.7,0.52,390.1053484
0.00048,0.0001,1e-05,0.8,0.52,390.1053484
0.00048,0.0001,1e-05,0.9,0.52,390.1053484
0.00048,0.0001,1e-05,1.0,0.52,390.1053484
0.00049,8.27e-05,0.0,0.0,0.51,317.1056395
0.00049,8.27e-05,0.0,0.1,0.51,390.1086401
0.00049,8.27e-05,0.0,0.2,0.51,390.1086401
0.00049,8.27e-05,0.0,0.3,0.51,390.1086401
0.00049,8.27e-05,0.0,0.4,0.51,390.1086401
0.00049,8.27e-05,0.0,0.5,0.51,390.1086401
0.00049,8.27e-05,0.0,0.6,0.51,390.1086401
0.00049,8.27e-05,0.0,0.7,0.51,390.1086401
0.00049,8.27e-05,0.0,0.8,0.51,390.1086401
0.00049,8.27e-05,0.0,0.9,0.51,390.1086401
0.00049,8.27e-05,0.0,1.0,0.51,390.1086401
0.00049,8.27e-05,1e-05,0.0,0.51,317.1056395
0.00049,8.27e-05,1e-05,0.1,0.51,390.1086401
0.00049,8.27e-05,1e-05,0.2,0.51,390.1086401
0.00049,8.27e-05,1e-05,0.3,0.51,390.1086401
0.00049,8.27e-05,1e-05,0.4,0.51,390.1086401
0.00049,8.27e-05,1e-05,0.5,0.51,390.1086401
0.00049,8.27e-05,1e-05,0.6,0.51,390.1086401
0.00049,8.27e-05,1e-05,0.7,0.51,390.1086401
0.00049,8.27e-05,1e-05,0.8,0.51,390.1086401
0.00049,8.27e-05,1e-05,0.9,0.51,390.1086401
0.00049,8.27e-05,1e-05,1.0,0.51,390.1086401
0.0005,0.0001,0.0,0.0,0.5,317.1050311
0.0005,0.0001,0.0,0.1,0.5,390.1054364
0.0005,0.0001,0.0,0.2,0.5,390.1054364
0.0005,0.0001,0.0,0.3,0.5,390.1054364
0.0005,0.0001,0.0,0.4,0.5,390.1054364
0.0005,0.0001,0.0,0.5,0.5,390.1054364
0.0005,0.0001,0.0,0.6,0.5,390.1054364
0.0005,0.0001,0.0,0.7,0.5,390.1054364
0.0005,0.0001,0.0,0.8,0.5,390.1054364
0.0005,0.0001,0.0,0.9,0.5,390.1054364
0.0005,0.0001,0.0,1.0,0.5,390.1054364
0.0005,6.69e-05,1e-05,0.0,0.5,317.1059771
0.0005,6.69e-05,1e-05,0.1,0.5,390.110422
0.0005,6.69e-05,1e-05,0.2,0.5,390.110422
0.0005,6.69e-05,1e-05,0.3,0.5,390.110422
0.0005,6.69e-05,1e-05,0.4,0.5,390.110422
0.0005,6.69e-05,1e-05,0.5,0.5,390.110422
0.0005,6.69e-05,1e-05,0.6,0.5,390.110422
0.0005,6.69e-05,1e-05,0.7,0.5,390.110422
0.0005,6.69e-05,1e-05,0.8,0.5,390.110422
0.0005,6.69e-05,1e-05,0.9,0.5,390.110422
0.0005,6.69e-05,1e-05,1.0,0.5,390.110422
0.0005,6.69e-05,0.0,0.0,0.5,317.1059771
0.0005,6.69e-05,0.0,0.1,0.5,390.110422
0.0005,6.69e-05,0.0,0.2,0.5,390.110422
0.0005,6.69e-05,0.0,0.3,0.5,390.110422
0.0005,6.69e-05,0.0,0.4,0.5,390.110422
0.0005,6.69e-05,0.0,0.5,0.5,390.110422
0.0005,6.69e-05,0.0,0.6,0.5,390.110422
0.0005,6.69e-05,0.0,0.7,0.5,390.110422
0.0005,6.69e-05,0.0,0.8,0.5,390.110422
0.0005,6.69e-05,0.0,0.9,0.5,390.110422
0.0005,6.69e-05,0.0,1.0,0.5,390.110422
0.00051,5.1e-05,1e-05,0.0,0.49,317.1060953
0.00051,5.1e-05,1e-05,0.1,0.49,390.1110431
0.00051,5.1e-05,1e-05,0.2,0.49,390.1110431
0.00051,5.1e-05,1e-05,0.3,0.49,390.1110431
0.00051,5.1e-05,1e-05,0.4,0.49,390.1110431
0.00051,5.1e-05,1e-05,0.5,0.49,390.1110431
0.00051,5.1e-05,1e-05,0.6,0.49,390.1110431
0.00051,5.1e-05,1e-05,0.7,0.49,390.1110431
0.00051,5.1e-05,1e-05,0.8,0.49,390.1110431
0.00051,5.1e-05,1e-05,0.9,0.49,390.1110431
0.00051,5.1e-05,1e-05,1.0,0.49,390.1110431
0.00051,5.1e-05,0.0,0.0,0.49,317.1060953
0.00051,5.1e-05,0.0,0.1,0.49,390.1110431
0.00051,5.1e-05,0.0,0.2,0.49,390.1110431
0.00051,5.1e-05,0.0,0.3,0.49,390.1110431
0.00051,5.1e-05,0.0,0.4,0.49,390.1110431
0.00051,5.1e-05,0.0,0.5,0.49,390.1110431
0.00051,5.1e-05,0.0,0.6,0.49,390.1110431
0.00051,5.1e-05,0.0,0.7,0.49,390.1110431
0.00051,5.1e-05,0.0,0.8,0.49,390.1110431
0.00051,5.1e-05,0.0,0.9,0.49,390.1110431
0.00051,5.1e-05,0.0,1.0,0.49,390.1110431
0.00052,3.46e-05,0.0,0.0,0.48,317.1059837
0.00052,3.46e-05,0.0,0.1,0.48,390.1104481
0.00052,3.46e-05,0.0,0.2,0.48,390.1104481
0.00052,3.46e-05,0.0,0.3,0.48,390.1104481
0.00052,3.46e-05,0.0,0.4,0.48,390.1104481
0.00052,3.46e-05,0.0,0.5,0.48,390.1104481
0.00052,3.46e-05,0.0,0.6,0.48,390.1104481
0.00052,3.46e-05,0.0,0.7,0.48,390.1104481
0.00052,3.46e-05,0.0,0.8,0.48,390.1104481
0.00052,3.46e-05,0.0,0.9,0.48,390.1104481
0.00052,3.46e-05,0.0,1.0,0.48,390.1104481
0.00052,3.46e-05,1e-05,0.0,0.48,317.1059837
0.00052,3.46e-05,1e-05,0.1,0.48,390.1104481
0.00052,3.46e-05,1e-05,0.2,0.48,390.1104481
0.00052,3.46e-05,1e-05,0.3,0.48,390.1104481
0.00052,3.46e-05,1e-05,0.4,0.48,390.1104481
0.00052,3.46e-05,1e-05,0.5,0.48,390.1104481
0.00052,3.46e-05,1e-05,0.6,0.48,390.1104481
0.00052,3.46e-05,1e-05,0.7,0.48,390.1104481
0.00052,3.46e-05,1e-05,0.8,0.48,390.1104481
0.00052,3.46e-05,1e-05,0.9,0.48,390.1104481
0.00052,3.46e-05,1e-05,1.0,0.48,390.1104481
0.00053,1.73e-05,0.0,0.0,0.47,317.1056093
0.00053,1.73e-05,0.0,0.1,0.47,390.1084641
0.00053,1.73e-05,0.0,0.2,0.47,390.1084641
0.00053,1.73e-05,0.0,0.3,0.47,390.1084641
0.00053,1.73e-05,0.0,0.4,0.47,390.1084641
0.00053,1.73e-05,0.0,0.5,0.47,390.1084641
0.00053,1.73e-05,0.0,0.6,0.47,390.1084641
0.00053,1.73e-05,0.0,0.7,0.47,390.1084641
0.00053,1.73e-05,0.0,0.8,0.47,390.1084641
0.00053,1.73e-05,0.0,0.9,0.47,390.1084641
0.00053,1.73e-05,0.0,1.0,0.47,390.1084641
0.00053,1.73e-05,1e-05,0.0,0.47,317.1056093
0.00053,1.73e-05,1e-05,0.1,0.47,390.1084641
0.00053,1.73e-05,1e-05,0.2,0.47,390.1084641
0.00053,1.73e-05,1e-05,0.3,0.47,390.1084641
0.00053,1.73e-05,1e-05,0.4,0.47,390.1084641
0.00053,1.73e-05,1e-05,0.5,0.47,390.1084641
0.00053,1.73e-05,1e-05,0.6,0.47,390.1084641
0.00053,1.73e-05,1e-05,0.7,0.47,390.1084641
0.00053,1.73e-05,1e-05,0.8,0.47,390.1084641
0.00053,1.73e-05,1e-05,0.9,0.47,390.1084641
0.00053,1.73e-05,1e-05,1.0,0.47,390.1084641
0.00054,0.0,1e-05,0.0,0.46,317.1049708
0.00054,0.0,1e-05,0.1,0.46,390.1050843
0.00054,0.0,1e-05,0.2,0.46,390.1050843
0.00054,0.0,1e-05,0.3,0.46,390.1050843
0.00054,0.0,1e-05,0.4,0.46,390.1050843
0.00054,0.0,1e-05,0.5,0.46,390.1050843
0.00054,0.0,1e-05,0.6,0.46,390.1050843
0.00054,0.0,1e-05,0.7,0.46,390.1050843
0.00054,0.0,1e-05,0.8,0.46,390.1050843
0.00054,0.0,1e-05,0.9,0.46,390.1050843
0.00054,0.0,1e-05,1.0,0.46,390.1050843
0.00054,6.93e-06,5e-06,0.0,0.46,317.1053534
0.00054,6.93e-06,5e-06,0.1,0.46,390.1071
0.00054,6.93e-06,5e-06,0.2,0.46,390.1071
0.00054,6.93e-06,5e-06,0.3,0.46,390.1071
0.00054,6.93e-06,5e-06,0.4,0.46,390.1071
0.00054,6.93e-06,5e-06,0.5,0.46,390.1071
0.00054,6.93e-06,5e-06,0.6,0.46,390.1071
0.00054,6.93e-06,5e-06,0.7,0.46,390.1071
0.00054,6.93e-06,5e-06,0.8,0.46,390.1071
0.00054,6.93e-06,5e-06,0.9,0.46,390.1071
0.00054,6.93e-06,5e-06,1.0,0.46,390.1071
0.00054,0.0,0.0,0.0,0.46,317.1049708
0.00054,0.0,0.0,0.1,0.46,390.1050843
0.00054,0.0,0.0,0.2,0.46,390.1050843
0.00054,0.0,0.0,0.3,0.46,390.1050843
0.00054,0.0,0.0,0.4,0.46,390.1050843
0.00054,0.0,0.0,0.5,0.46,390.1050843
0.00054,0.0,0.0,0.6,0.46,390.1050843
0.00054,0.0,0.0,0.7,0.46,390.1050843
0.00054,0.0,0.0,0.8,0.46,390.1050843
0.00054,0.0,0.0,0.9,0.46,390.1050843
0.00054,0.0,0.0,1.0,0.46,390.1050843
0.0005,0.0001,1e-05,0.0,0.5,317.1050311
0.0005,0.0001,1e-05,0.1,0.5,390.1054364
0.0005,0.0001,1e-05,0.2,0.5,390.1054364
0.0005,0.0001,1e-05,0.3,0.5,390.1054364
0.0005,0.0001,1e-05,0.4,0.5,390.1054364
0.0005,0.0001,1e-05,0.5,0.5,390.1054364
0.0005,0.0001,1e-05,0.6,0.5,390.1054364
0.0005,0.0001,1e-05,0.7,0.5,390.1054364
0.0005,0.0001,1e-05,0.8,0.5,390.1054364
0.0005,0.0001,1e-05,0.9,0.5,390.1054364
0.0005,0.0001,1e-05,1.0,0.5,390.1054364
0.00051,8.27e-05,0.0,0.0,0.49,317.1056395
0.00051,8.27e-05,0.0,0.1,0.49,390.1086401
0.00051,8.27e-05,0.0,0.2,0.49,390.1086401
0.00051,8.27e-05,0.0,0.3,0.49,390.1086401
0.00051,8.27e-05,0.0,0.4,0.49,390.1086401
0.00051,8.27e-05,0.0,0.5,0.49,390.1086401
0.00051,8.27e-05,0.0,0.6,0.49,390.1086401
0.00051,8.27e-05,0.0,0.7,0.49,390.1086401
0.00051,8.27e-05,0.0,0.8,0.49,390.1086401
0.00051,8.27e-05,0.0,0.9,0.49,390.1086401
0.00051,8.27e-05,0.0,1.0,0.49,390.1086401
0.00051,8.27e-05,1e-05,0.0,0.49,317.1056395
0.00051,8.27e-05,1e-05,0.1,0.49,390.1086401
0.00051,8.27e-05,1e-05,0.2,0.49,390.1086401
0.00051,8.27e-05,1e-05,0.3,0.49,390.1086401
0.00051,8.27e-05,1e-05,0.4,0.49,390.1086401
0.00051,8.27e-05,1e-05,0.5,0.49,390.1086401
0.00051,8.27e-05,1e-05,0.6,0.49,390.1086401
0.00051,8.27e-05,1e-05,0.7,0.49,390.1086401
0.00051,8.27e-05,1e-05,0.8,0.49,390.1086401
0.00051,8.27e-05,1e-05,0.9,0.49,390.1086401
0.00051,8.27e-05,1e-05,1.0,0.49,390.1086401
0.00052,0.0001,0.0,0.0,0.48,317.105016
0.00052,0.0001,0.0,0.1,0.48,390.1053484
0.00052,0.0001,0.0,0.2,0.48,390.1053484
0.00052,0.0001,0.0,0.3,0.48,390.1053484
0.00052,0.0001,0.0,0.4,0.48,390.1053484
0.00052,0.0001,0.0,0.5,0.48,390.1053484
0.00052,0.0001,0.0,0.6,0.48,390.1053484
0.00052,0.0001,0.0,0.7,0.48,390.1053484
0.00052,0.0001,0.0,0.8,0.48,390.1053484
0.00052,0.0001,0.0,0.9,0.48,390.1053484
0.00052,0.0001,0.0,1.0,0.48,390.1053484
0.00052,6.69e-05,0.0,0.0,0.48,317.1059621
0.00052,6.69e-05,0.0,0.1,0.48,390.110334
0.00052,6.69e-05,0.0,0.2,0.48,390.110334
0.00052,6.69e-05,0.0,0.3,0.48,390.110334
0.00052,6.69e-05,0.0,0.4,0.48,390.110334
0.00052,6.69e-05,0.0,0.5,0.48,390.110334
0.00052,6.69e-05,0.0,0.6,0.48,390.110334
0.00052,6.69e-05,0.0,0.7,0.48,390.110334
0.00052,6.69e-05,0.0,0.8,0.48,390.110334
0.00052,6.69e-05,0.0,0.9,0.48,390.110334
0.00052,6.69e-05,0.0,1.0,0.48,390.110334
0.00052,6.69e-05,1e-05,0.0,0.48,317.105962
0.00052,6.69e-05,1e-05,0.1,0.48,390.110334
0.00052,6.69e-05,1e-05,0.2,0.48,390.110334
0.00052,6.69e-05,1e-05,0.3,0.48,390.110334
0.00052,6.69e-05,1e-05,0.4,0.48,390.110334
0.00052,6.69e-05,1e-05,0.5,0.48,390.110334
0.00052,6.69e-05,1e-05,0.6,0.48,390.110334
0.00052,6.69e-05,1e-05,0.7,0.48,390.110334
0.00052,6.69e-05,1e-05,0.8,0.48,390.110334
0.00052,6.69e-05,1e-05,0.9,0.48,390.110334
0.00052,6.69e-05,1e-05,1.0,0.48,390.110334
0.00053,5.1e-05,1e-05,0.0,0.47,317.1060652
0.00053,5.1e-05,1e-05,0.1,0.47,390.110867
0.00053,5.1e-05,1e-05,0.2,0.47,390.110867
0.00053,5.1e-05,1e-05,0.3,0.47,390.110867
0.00053,5.1e-05,1e-05,0.4,0.47,390.110867
0.00053,5.1e-05,1e-05,0.5,0.47,390.110867
0.00053,5.1e-05,1e-05,0.6,0.47,390.110867
0.00053,5.1e-05,1e-05,0.7,0.47,390.110867
0.00053,5.1e-05,1e-05,0.8,0.47,390.110867
0.00053,5.1e-05,1e-05,0.9,0.47,390.110867
0.00053,5.1e-05,1e-05,1.0,0.47,390.110867
0.00053,5.1e-05,0.0,0.0,0.47,317.1060652
0.00053,5.1e-05,0.0,0.1,0.47,390.110867
0.00053,5.1e-05,0.0,0.2,0.47,390.110867
0.00053,5.1e-05,0.0,0.3,0.47,390.110867
0.00053,5.1e-05,0.0,0.4,0.47,390.110867
0.00053,5.1e-05,0.0,0.5,0.47,390.110867
0.00053,5.1e-05,0.0,0.6,0.47,390.110867
0.00053,5.1e-05,0.0,0.7,0.47,390.110867
0.00053,5.1e-05,0.0,0.8,0.47,390.110867
0.00053,5.1e-05,0.0,0.9,0.47,390.110867
0.00053,5.1e-05,0.0,1.0,0.47,390.110867
0.00054,3.46e-05,0.0,0.0,0.46,317.1059384
0.00054,3.46e-05,0.0,0.1,0.46,390.110184
0.00054,3.46e-05,0.0,0.2,0.46,390.110184
0.00054,3.46e-05,0.0,0.3,0.46,390.110184
0.00054,3.46e-05,0.0,0.4,0.46,390.110184
0.00054,3.46e-05,0.0,0.5,0.46,390.110184
0.00054,3.46e-05,0.0,0.6,0.46,390.110184
0.00054,3.46e-05,0.0,0.7,0.46,390.110184
0.00054,3.46e-05,0.0,0.8,0.46,390.110184
0.00054,3.46e-05,0.0,0.9,0.46,390.110184
0.00054,3.46e-05,0.0,1.0,0.46,390.110184
0.00054,3.46e-05,1e-05,0.0,0.46,317.1059384
0.00054,3.46e-05,1e-05,0.1,0.46,390.110184
0.00054,3.46e-05,1e-05,0.2,0.46,390.110184
0.00054,3.46e-05,1e-05,0.3,0.46,390.110184
0.00054,3.46e-05,1e-05,0.4,0.46,390.110184
0.00054,3.46e-05,1e-05,0.5,0.46,390.110184
0.00054,3.46e-05,1e-05,0.6,0.46,390.110184
0.00054,3.46e-05,1e-05,0.7,0.46,390.110184
0.00054,3.46e-05,1e-05,0.8,0.46,390.110184
0.00054,3.46e-05,1e-05,0.9,0.46,390.110184
0.00054,3.46e-05,1e-05,1.0,0.46,390.110184
0.00055,1.73e-05,0.0,0.0,0.45,317.105549
0.00055,1.73e-05,0.0,0.1,0.45,390.1081119
0.00055,1.73e-05,0.0,0.2,0.45,390.1081119
0.00055,1.73e-05,0.0,0.3,0.45,390.1081119
0.00055,1.73e-05,0.0,0.4,0.45,390.1081119
0.00055,1.73e-05,0.0,0.5,0.45,390.1081119
0.00055,1.73e-05,0.0,0.6,0.45,390.1081119
0.00055,1.73e-05,0.0,0.7,0.45,390.1081119
0.00055,1.73e-05,0.0,0.8,0.45,390.1081119
0.00055,1.73e-05,0.0,0.9,0.45,390.1081119
0.00055,1.73e-05,0.0,1.0,0.45,390.1081119
0.00055,1.73e-05,1e-05,0.0,0.45,317.105549
0.00055,1.73e-05,1e-05,0.1,0.45,390.1081119
0.00055,1.73e-05,1e-05,0.2,0.45,390.1081119
0.00055,1.73e-05,1e-05,0.3,0.45,390.1081119
0.00055,1.73e-05,1e-05,0.4,0.45,390.1081119
0.00055,1.73e-05,1e-05,0.5,0.45,390.1081119
0.00055,1.73e-05,1e-05,0.6,0.45,390.1081119
0.00055,1.73e-05,1e-05,0.7,0.45,390.1081119
0.00055,1.73e-05,1e-05,0.8,0.45,390.1081119
0.00055,1.73e-05,1e-05,0.9,0.45,390.1081119
0.00055,1.73e-05,1e-05,1.0,0.45,390.1081119
0.00056,0.0,1e-05,0.0,0.44,317.1048953
0.00056,0.0,1e-05,0.1,0.44,390.1046441
0.00056,0.0,1e-05,0.2,0.44,390.1046441
0.00056,0.0,1e-05,0.3,0.44,390.1046441
0.00056,0.0,1e-05,0.4,0.44,390.1046441
0.00056,0.0,1e-05,0.5,0.44,390.1046441
0.00056,0.0,1e-05,0.6,0.44,390.1046441
0.00056,0.0,1e-05,0.7,0.44,390.1046441
0.00056,0.0,1e-05,0.8,0.44,390.1046441
0.00056,0.0,1e-05,0.9,0.44,390.1046441
0.00056,0.0,1e-05,1.0,0.44,390.1046441
0.00056,0.0,0.0,0.0,0.44,317.1048953
0.00056,0.0,0.0,0.1,0.44,390.1046441
0.00056,0.0,0.0,0.2,0.44,390.1046441
0.00056,0.0,0.0,0.3,0.44,390.1046441
0.00056,0.0,0.0,0.4,0.44,390.1046441
0.00056,0.0,0.0,0.5,0.44,390.1046441
0.00056,0.0,0.0,0.6,0.44,390.1046441
0.00056,0.0,0.0,0.7,0.44,390.1046441
0.00056,0.0,0.0,0.8,0.44,390.1046441
0.00056,0.0,0.0,0.9,0.44,390.1046441
0.00056,0.0,0.0,1.0,0.44,390.1046441
0.00052,0.0001,1e-05,0.0,0.48,317.105016
0.00052,0.0001,1e-05,0.1,0.48,390.1053484
0.00052,0.0001,1e-05,0.2,0.48,390.1053484
0.00052,0.0001,1e-05,0.3,0.48,390.1053484
0.00052,0.0001,1e-05,0.4,0.48,390.1053484
0.00052,0.0001,1e-05,0.5,0.48,390.1053484
0.00052,0.0001,1e-05,0.6,0.48,390.1053484
0.00052,0.0001,1e-05,0.7,0.48,390.1053484
0.00052,0.0001,1e-05,0.8,0.48,390.1053484
0.00052,0.0001,1e-05,0.9,0.48,390.1053484
0.00052,0.0001,1e-05,1.0,0.48,390.1053484
0.00053,8.27e-05,0.0,0.0,0.47,317.1056093
0.00053,8.27e-05,0.0,0.1,0.47,390.1084641
0.00053,8.27e-05,0.0,0.2,0.47,390.1084641
0.00053,8.27e-05,0.0,0.3,0.47,390.1084641
0.00053,8.27e-05,0.0,0.4,0.47,390.1084641
0.00053,8.27e-05,0.0,0.5,0.47,390.1084641
0.00053,8.27e-05,0.0,0.6,0.47,390.1084641
0.00053,8.27e-05,0.0,0.7,0.47,390.1084641
0.00053,8.27e-05,0.0,0.8,0.47,390.1084641
0.00053,8.27e-05,0.0,0.9,0.47,390.1084641
0.00053,8.27e-05,0.0,1.0,0.47,390.1084641
0.00053,8.27e-05,1e-05,0.0,0.47,317.1056093
0.00053,8.27e-05,1e-05,0.1,0.47,390.1084641
0.00053,8.27e-05,1e-05,0.2,0.47,390.1084641
0.00053,8.27e-05,1e-05,0.3,0.47,390.1084641
0.00053,8.27e-05,1e-05,0.4,0.47,390.1084641
0.00053,8.27e-05,1e-05,0.5,0.47,390.1084641
0.00053,8.27e-05,1e-05,0.6,0.47,390.1084641
0.00053,8.27e-05,1e-05,0.7,0.47,390.1084641
0.00053,8.27e-05,1e-05,0.8,0.47,390.1084641
0.00053,8.27e-05,1e-05,0.9,0.47,390.1084641
0.00053,8.27e-05,1e-05,1.0,0.47,390.1084641
0.00054,0.0001,0.0,0.0,0.46,317.1049708
0.00054,0.0001,0.0,0.1,0.46,390.1050843
0.00054,0.0001,0.0,0.2,0.46,390.1050843
0.00054,0.0001,0.0,0.3,0.46,390.1050843
0.00054,0.0001,0.0,0.4,0.46,390.1050843
0.00054,0.0001,0.0,0.5,0.46,390.1050843
0.00054,0.0001,0.0,0.6,0.46,390.1050843
0.00054,0.0001,0.0,0.7,0.46,390.1050843
0.00054,0.0001,0.0,0.8,0.46,390.1050843
0.00054,0.0001,0.0,0.9,0.46,390.1050843
0.00054,0.0001,0.0,1.0,0.46,390.1050843
0.00054,6.69e-05,0.0,0.0,0.46,317.1059168
0.00054,6.69e-05,0.0,0.1,0.46,390.1100699
0.00054,6.69e-05,0.0,0.2,0.46,390.1100699
0.00054,6.69e-05,0.0,0.3,0.46,390.1100699
0.00054,6.69e-05,0.0,0.4,0.46,390.1100699
0.00054,6.69e-05,0.0,0.5,0.46,390.1100699
0.00054,6.69e-05,0.0,0.6,0.46,390.1100699
0.00054,6.69e-05,0.0,0.7,0.46,390.1100699
0.00054,6.69e-05,0.0,0.8,0.46,390.1100699
0.00054,6.69e-05,0.0,0.9,0.46,390.1100699
0.00054,6.69e-05,0.0,1.0,0.46,390.1100699
0.00054,6.69e-05,1e-05,0.0,0.46,317.1059168
0.00054,6.69e-05,1e-05,0.1,0.46,390.1100699
0.00054,6.69e-05,1e-05,0.2,0.46,390.1100699
0.00054,6.69e-05,1e-05,0.3,0.46,390.1100699
0.00054,6.69e-05,1e-05,0.4,0.46,390.1100699
0.00054,6.69e-05,1e-05,0.5,0.46,390.1100699
0.00054,6.69e-05,1e-05,0.6,0.46,390.1100699
0.00054,6.69e-05,1e-05,0.7,0.46,390.1100699
0.00054,6.69e-05,1e-05,0.8,0.46,390.1100699
0.00054,6.69e-05,1e-05,0.9,0.46,390.1100699
0.00054,6.69e-05,1e-05,1.0,0.46,390.1100699
0.00055,5.1e-05,0.0,0.0,0.45,317.1060048
0.00055,5.1e-05,0.0,0.1,0.45,390.1105149
0.00055,5.1e-05,0.0,0.2,0.45,390.1105149
0.00055,5.1e-05,0.0,0.3,0.45,390.1105149
0.00055,5.1e-05,0.0,0.4,0.45,390.1105149
0.00055,5.1e-05,0.0,0.5,0.45,390.1105149
0.00055,5.1e-05,0.0,0.6,0.45,390.1105149
0.00055,5.1e-05,0.0,0.7,0.45,390.1105149
0.00055,5.1e-05,0.0,0.8,0.45,390.1105149
0.00055,5.1e-05,0.0,0.9,0.45,390.1105149
0.00055,5.1e-05,0.0,1.0,0.45,390.1105149
0.00055,5.1e-05,1e-05,0.0,0.45,317.1060048
0.00055,5.1e-05,1e-05,0.1,0.45,390.1105149
0.00055,5.1e-05,1e-05,0.2,0.45,390.1105149
0.00055,5.1e-05,1e-05,0.3,0.45,390.1105149
0.00055,5.1e-05,1e-05,0.4,0.45,390.1105149
0.00055,5.1e-05,1e-05,0.5,0.45,390.1105149
0.00055,5.1e-05,1e-05,0.6,0.45,390.1105149
0.00055,5.1e-05,1e-05,0.7,0.45,390.1105149
0.00055,5.1e-05,1e-05,0.8,0.45,390.1105149
0.00055,5.1e-05,1e-05,0.9,0.45,390.1105149
0.00055,5.1e-05,1e-05,1.0,0.45,390.1105149
0.00056,5.1e-05,5e-06,0.0,0.44,317.1060702
0.00056,5.1e-05,5e-06,0.1,0.44,390.110836
0.00056,5.1e-05,5e-06,0.2,0.44,390.110836
0.00056,5.1e-05,5e-06,0.3,0.44,390.110836
0.00056,5.1e-05,5e-06,0.4,0.44,390.110836
0.00056,5.1e-05,5e-06,0.5,0.44,390.110836
0.00056,5.1e-05,5e-06,0.6,0.44,390.110836
0.00056,5.1e-05,5e-06,0.7,0.44,390.110836
0.00056,5.1e-05,5e-06,0.8,0.44,390.110836
0.00056,5.1e-05,5e-06,0.9,0.44,390.110836
0.00056,5.1e-05,5e-06,1.0,0.44,390.110836
0.00056,3.46e-05,0.0,0.0,0.44,317.1058629
0.00056,3.46e-05,0.0,0.1,0.44,390.1097438
0.00056,3.46e-05,0.0,0.2,0.44,390.1097438
0.00056,3.46e-05,0.0,0.3,0.44,390.1097438
0.00056,3.46e-05,0.0,0.4,0.44,390.1097438
0.00056,3.46e-05,0.0,0.5,0.44,390.1097438
0.00056,3.46e-05,0.0,0.6,0.44,390.1097438
0.00056,3.46e-05,0.0,0.7,0.44,390.1097438
0.00056,3.46e-05,0.0,0.8,0.44,390.1097438
0.00056,3.46e-05,0.0,0.9,0.44,390.1097438
0.00056,3.46e-05,0.0,1.0,0.44,390.1097438
0.00056,3.46e-05,1e-05,0.0,0.44,317.1058629
0.00056,3.46e-05,1e-05,0.1,0.44,390.1097438
0.00056,3.46e-05,1e-05,0.2,0.44,390.1097438
0.00056,3.46e-05,1e-05,0.3,0.44,390.1097438
0.00056,3.46e-05,1e-05,0.4,0.44,390.1097438
0.00056,3.46e-05,1e-05,0.5,0.44,390.1097438
0.00056,3.46e-05,1e-05,0.6,0.44,390.1097438
0.00056,3.46e-05,1e-05,0.7,0.44,390.1097438
0.00056,3.46e-05,1e-05,0.8,0.44,390.1097438
0.00056,3.46e-05,1e-05,0.9,0.44,390.1097438
0.00056,3.46e-05,1e-05,1.0,0.44,390.1097438
0.00057,1.73e-05,0.0,0.0,0.43,317.1054583
0.00057,1.73e-05,0.0,0.1,0.43,390.1075836
0.00057,1.73e-05,0.0,0.2,0.43,390.1075836
0.00057,1.73e-05,0.0,0.3,0.43,390.1075836
0.00057,1.73e-05,0.0,0.4,0.43,390.1075836
0.00057,1.73e-05,0.0,0.5,0.43,390.1075836
0.00057,1.73e-05,0.0,0.6,0.43,390.1075836
0.00057,1.73e-05,0.0,0.7,0.43,390.1075836
0.00057,1.73e-05,0.0,0.8,0.43,390.1075836
0.00057,1.73e-05,0.0,0.9,0.43,390.1075836
0.00057,1.73e-05,0.0,1.0,0.43,390.1075836
0.00057,1.73e-05,1e-05,0.0,0.43,317.1054583
0.00057,1.73e-05,1e-05,0.1,0.43,390.1075836
0.00057,1.73e-05,1e-05,0.2,0.43,390.1075836
0.00057,1.73e-05,1e-05,0.3,0.43,390.1075836
0.00057,1.73e-05,1e-05,0.4,0.43,390.1075836
0.00057,1.73e-05,1e-05,0.5,0.43,390.1075836
0.00057,1.73e-05,1e-05,0.6,0.43,390.1075836
0.00057,1.73e-05,1e-05,0.7,0.43,390.1075836
0.00057,1.73e-05,1e-05,0.8,0.43,390.1075836
0.00057,1.73e-05,1e-05,0.9,0.43,390.1075836
0.00057,1.73e-05,1e-05,1.0,0.43,390.1075836
0.00058,0.0,1e-05,0.0,0.42,317.1047894
0.00058,0.0,1e-05,0.1,0.42,390.1040277
0.00058,0.0,1e-05,0.2,0.42,390.1040277
0.00058,0.0,1e-05,0.3,0.42,390.1040277
0.00058,0.0,1e-05,0.4,0.42,390.1040277
0.00058,0.0,1e-05,0.5,0.42,390.1040277
0.00058,0.0,1e-05,0.6,0.42,390.1040277
0.00058,0.0,1e-05,0.7,0.42,390.1040277
0.00058,0.0,1e-05,0.8,0.42,390.1040277
0.00058,0.0,1e-05,0.9,0.42,390.1040277
0.00058,0.0,1e-05,1.0,0.42,390.1040277
0.00058,0.0,0.0,0.0,0.42,317.1047894
0.00058,0.0,0.0,0.1,0.42,390.1040277
0.00058,0.0,0.0,0.2,0.42,390.1040277
0.00058,0.0,0.0,0.3,0.42,390.1040277
0.00058,0.0,0.0,0.4,0.42,390.1040277
0.00058,0.0,0.0,0.5,0.42,390.1040277
0.00058,0.0,0.0,0.6,0.42,390.1040277
0.00058,0.0,0.0,0.7,0.42,390.1040277
0.00058,0.0,0.0,0.8,0.42,390.1040277
0.00058,0.0,0.0,0.9,0.42,390.1040277
0.00058,0.0,0.0,1.0,0.42,390.1040277
0.00054,0.0001,1e-05,0.0,0.46,317.1049708
0.00054,0.0001,1e-05,0.1,0.46,390.1050843
0.00054,0.0001,1e-05,0.2,0.46,390.1050843
0.00054,0.0001,1e-05,0.3,0.46,390.1050843
0.00054,0.0001,1e-05,0.4,0.46,390.1050843
0.00054,0.0001,1e-05,0.5,0.46,390.1050843
0.00054,0.0001,1e-05,0.6,0.46,390.1050843
0.00054,0.0001,1e-05,0.7,0.46,390.1050843
0.00054,0.0001,1e-05,0.8,0.46,390.1050843
0.00054,0.0001,1e-05,0.9,0.46,390.1050843
0.00054,0.0001,1e-05,1.0,0.46,390.1050843
0.00055,8.31e-05,5e-06,0.0,0.45,317.1056433
0.00055,8.31e-05,5e-06,0.1,0.45,390.1086086
0.00055,8.31e-05,5e-06,0.2,0.45,390.1086086
0.00055,8.31e-05,5e-06,0.3,0.45,390.1086086
0.00055,8.31e-05,5e-06,0.4,0.45,390.1086086
0.00055,8.31e-05,5e-06,0.5,0.45,390.1086086
0.00055,8.31e-05,5e-06,0.6,0.45,390.1086086
0.00055,8.31e-05,5e-06,0.7,0.45,390.1086086
0.00055,8.31e-05,5e-06,0.8,0.45,390.1086086
0.00055,8.31e-05,5e-06,0.9,0.45,390.1086086
0.00055,8.31e-05,5e-06,1.0,0.45,390.1086086
0.00055,8.27e-05,0.0,0.0,0.45,317.105549
0.00055,8.27e-05,0.0,0.1,0.45,390.1081119
0.00055,8.27e-05,0.0,0.2,0.45,390.1081119
0.00055,8.27e-05,0.0,0.3,0.45,390.1081119
0.00055,8.27e-05,0.0,0.4,0.45,390.1081119
0.00055,8.27e-05,0.0,0.5,0.45,390.1081119
0.00055,8.27e-05,0.0,0.6,0.45,390.1081119
0.00055,8.27e-05,0.0,0.7,0.45,390.1081119
0.00055,8.27e-05,0.0,0.8,0.45,390.1081119
0.00055,8.27e-05,0.0,0.9,0.45,390.1081119
0.00055,8.27e-05,0.0,1.0,0.45,390.1081119
0.00055,8.27e-05,1e-05,0.0,0.45,317.105549
0.00055,8.27e-05,1e-05,0.1,0.45,390.1081119
0.00055,8.27e-05,1e-05,0.2,0.45,390.1081119
0.00055,8.27e-05,1e-05,0.3,0.45,390.1081119
0.00055,8.27e-05,1e-05,0.4,0.45,390.1081119
0.00055,8.27e-05,1e-05,0.5,0.45,390.1081119
0.00055,8.27e-05,1e-05,0.6,0.45,390.1081119
0.00055,8.27e-05,1e-05,0.7,0.45,390.1081119
0.00055,8.27e-05,1e-05,0.8,0.45,390.1081119
0.00055,8.27e-05,1e-05,0.9,0.45,390.1081119
0.00055,8.27e-05,1e-05,1.0,0.45,390.1081119
0.00056,0.0001,0.0,0.0,0.44,317.1048953
0.00056,0.0001,0.0,0.1,0.44,390.1046441
0.00056,0.0001,0.0,0.2,0.44,390.1046441
0.00056,0.0001,0.0,0.3,0.44,390.1046441
0.00056,0.0001,0.0,0.4,0.44,390.1046441
0.00056,0.0001,0.0,0.5,0.44,390.1046441
0.00056,0.0001,0.0,0.6,0.44,390.1046441
0.00056,0.0001,0.0,0.7,0.44,390.1046441
0.00056,0.0001,0.0,0.8,0.44,390.1046441
0.00056,0.0001,0.0,0.9,0.44,390.1046441
0.00056,0.0001,0.0,1.0,0.44,390.1046441
0.00056,6.69e-05,0.0,0.0,0.44,317.1058413
0.00056,6.69e-05,0.0,0.1,0.44,390.1096297
0.00056,6.69e-05,0.0,0.2,0.44,390.1096297
0.00056,6.69e-05,0.0,0.3,0.44,390.1096297
0.00056,6.69e-05,0.0,0.4,0.44,390.1096297
0.00056,6.69e-05,0.0,0.5,0.44,390.1096297
0.00056,6.69e-05,0.0,0.6,0.44,390.1096297
0.00056,6.69e-05,0.0,0.7,0.44,390.1096297
0.00056,6.69e-05,0.0,0.8,0.44,390.1096297
0.00056,6.69e-05,0.0,0.9,0.44,390.1096297
0.00056,6.69e-05,0.0,1.0,0.44,390.1096297
0.00056,6.69e-05,1e-05,0.0,0.44,317.1058413
0.00056,6.69e-05,1e-05,0.1,0.44,390.1096297
0.00056,6.69e-05,1e-05,0.2,0.44,390.1096297
0.00056,6.69e-05,1e-05,0.3,0.44,390.1096297
0.00056,6.69e-05,1e-05,0.4,0.44,390.1096297
0.00056,6.69e-05,1e-05,0.5,0.44,390.1096297
0.00056,6.69e-05,1e-05,0.6,0.44,390.1096297
0.00056,6.69e-05,1e-05,0.7,0.44,390.1096297
0.00056,6.69e-05,1e-05,0.8,0.44,390.1096297
0.00056,6.69e-05,1e-05,0.9,0.44,390.1096297
0.00056,6.69e-05,1e-05,1.0,0.44,390.1096297
0.00057,5.1e-05,1e-05,0.0,0.43,317.1059141
0.00057,5.1e-05,1e-05,0.1,0.43,390.1099865
0.00057,5.1e-05,1e-05,0.2,0.43,390.1099865
0.00057,5.1e-05,1e-05,0.3,0.43,390.1099865
0.00057,5.1e-05,1e-05,0.4,0.43,390.1099865
0.00057,5.1e-05,1e-05,0.5,0.43,390.1099865
0.00057,5.1e-05,1e-05,0.6,0.43,390.1099865
0.00057,5.1e-05,1e-05,0.7,0.43,390.1099865
0.00057,5.1e-05,1e-05,0.8,0.43,390.1099865
0.00057,5.1e-05,1e-05,0.9,0.43,390.1099865
0.00057,5.1e-05,1e-05,1.0,0.43,390.1099865
0.00057,5.1e-05,0.0,0.0,0.43,317.1059141
0.00057,5.1e-05,0.0,0.1,0.43,390.1099865
0.00057,5.1e-05,0.0,0.2,0.43,390.1099865
0.00057,5.1e-05,0.0,0.3,0.43,390.1099865
0.00057,5.1e-05,0.0,0.4,0.43,390.1099865
0.00057,5.1e-05,0.0,0.5,0.43,390.1099865
0.00057,5.1e-05,0.0,0.6,0.43,390.1099865
0.00057,5.1e-05,0.0,0.7,0.43,390.1099865
0.00057,5.1e-05,0.0,0.8,0.43,390.1099865
0.00057,5.1e-05,0.0,0.9,0.43,390.1099865
0.00057,5.1e-05,0.0,1.0,0.43,390.1099865
0.00058,3.46e-05,1e-05,0.0,0.42,317.1057571
0.00058,3.46e-05,1e-05,0.1,0.42,390.1091273
0.00058,3.46e-05,1e-05,0.2,0.42,390.1091273
0.00058,3.46e-05,1e-05,0.3,0.42,390.1091273
0.00058,3.46e-05,1e-05,0.4,0.42,390.1091273
0.00058,3.46e-05,1e-05,0.5,0.42,390.1091273
0.00058,3.46e-05,1e-05,0.6,0.42,390.1091273
0.00058,3.46e-05,1e-05,0.7,0.42,390.1091273
0.00058,3.46e-05,1e-05,0.8,0.42,390.1091273
0.00058,3.46e-05,1e-05,0.9,0.42,390.1091273
0.00058,3.46e-05,1e-05,1.0,0.42,390.1091273
0.00058,3.46e-05,0.0,0.0,0.42,317.1057571
0.00058,3.46e-05,0.0,0.1,0.42,390.1091273
0.00058,3.46e-05,0.0,0.2,0.42,390.1091273
0.00058,3.46e-05,0.0,0.3,0.42,390.1091273
0.00058,3.46e-05,0.0,0.4,0.42,390.1091273
0.00058,3.46e-05,0.0,0.5,0.42,390.1091273
0.00058,3.46e-05,0.0,0.6,0.42,390.1091273
0.00058,3.46e-05,0.0,0.7,0.42,390.1091273
0.00058,3.46e-05,0.0,0.8,0.42,390.1091273
0.00058,3.46e-05,0.0,0.9,0.42,390.1091273
0.00058,3.46e-05,0.0,1.0,0.42,390.1091273
0.00059,1.73e-05,0.0,0.0,0.41,317.1053373
0.00059,1.73e-05,0.0,0.1,0.41,390.106879
0.00059,1.73e-05,0.0,0.2,0.41,390.106879
0.00059,1.73e-05,0.0,0.3,0.41,390.106879
0.00059,1.73e-05,0.0,0.4,0.41,390.106879
0.00059,1.73e-05,0.0,0.5,0.41,390.106879
0.00059,1.73e-05,0.0,0.6,0.41,390.106879
0.00059,1.73e-05,0.0,0.7,0.41,390.106879
0.00059,1.73e-05,0.0,0.8,0.41,390.106879
0.00059,1.73e-05,0.0,0.9,0.41,390.106879
0.00059,1.73e-05,0.0,1.0,0.41,390.106879
0.00059,1.73e-05,1e-05,0.0,0.41,317.1053373
0.00059,1.73e-05,1e-05,0.1,0.41,390.106879
0.00059,1.73e-05,1e-05,0.2,0.41,390.106879
0.00059,1.73e-05,1e-05,0.3,0.41,390.106879
0.00059,1.73e-05,1e-05,0.4,0.41,390.106879
0.00059,1.73e-05,1e-05,0.5,0.41,390.106879
0.00059,1.73e-05,1e-05,0.6,0.41,390.106879
0.00059,1.73e-05,1e-05,0.7,0.41,390.106879
0.00059,1.73e-05,1e-05,0.8,0.41,390.106879
0.00059,1.73e-05,1e-05,0.9,0.41,390.106879
0.00059,1.73e-05,1e-05,1.0,0.41,390.106879
0.0006,0.0,1e-05,0.0,0.4,317.1046531
0.0006,0.0,1e-05,0.1,0.4,390.1032349
0.0006,0.0,1e-05,0.2,0.4,390.1032349
0.0006,0.0,1e-05,0.3,0.4,390.1032349
0.0006,0.0,1e-05,0.4,0.4,390.1032349
0.0006,0.0,1e-05,0.5,0.4,390.1032349
0.0006,0.0,1e-05,0.6,0.4,390.1032349
0.0006,0.0,1e-05,0.7,0.4,390.1032349
0.0006,0.0,1e-05,0.8,0.4,390.1032349
0.0006,0.0,1e-05,0.9,0.4,390.1032349
0.0006,0.0,1e-05,1.0,0.4,390.1032349
0.0006,0.0,0.0,0.0,0.4,317.1046531
0.0006,0.0,0.0,0.1,0.4,390.103235
0.0006,0.0,0.0,0.2,0.4,390.103235
0.0006,0.0,0.0,0.3,0.4,390.103235
0.0006,0.0,0.0,0.4,0.4,390.103235
0.0006,0.0,0.0,0.5,0.4,390.103235
0.0006,0.0,0.0,0.6,0.4,390.103235
0.0006,0.0,0.0,0.7,0.4,390.103235
0.0006,0.0,0.0,0.8,0.4,390.103235
0.0006,0.0,0.0,0.9,0.4,390.103235
0.0006,0.0,0.0,1.0,0.4,390.103235
0.00056,0.0001,1e-05,0.0,0.44,317.1048953
0.00056,0.0001,1e-05,0.1,0.44,390.1046441
0.00056,0.0001,1e-05,0.2,0.44,390.1046441
0.00056,0.0001,1e-05,0.3,0.44,390.1046441
0.00056,0.0001,1e-05,0.4,0.44,390.1046441
0.00056,0.0001,1e-05,0.5,0.44,390.1046441
0.00056,0.0001,1e-05,0.6,0.44,390.1046441
0.00056,0.0001,1e-05,0.7,0.44,390.1046441
0.00056,0.0001,1e-05,0.8,0.44,390.1046441
0.00056,0.0001,1e-05,0.9,0.44,390.1046441
0.00056,0.0001,1e-05,1.0,0.44,390.1046441
0.00057,8.27e-05,0.0,0.0,0.43,317.1054583
0.00057,8.27e-05,0.0,0.1,0.43,390.1075836
0.00057,8.27e-05,0.0,0.2,0.43,390.1075836
0.00057,8.27e-05,0.0,0.3,0.43,390.1075836
0.00057,8.27e-05,0.0,0.4,0.43,390.1075836
0.00057,8.27e-05,0.0,0.5,0.43,390.1075836
0.00057,8.27e-05,0.0,0.6,0.43,390.1075836
0.00057,8.27e-05,0.0,0.7,0.43,390.1075836
0.00057,8.27e-05,0.0,0.8,0.43,390.1075836
0.00057,8.27e-05,0.0,0.9,0.43,390.1075836
0.00057,8.27e-05,0.0,1.0,0.43,390.1075836
0.00057,8.27e-05,1e-05,0.0,0.43,317.1054583
0.00057,8.27e-05,1e-05,0.1,0.43,390.1075836
0.00057,8.27e-05,1e-05,0.2,0.43,390.1075836
0.00057,8.27e-05,1e-05,0.3,0.43,390.1075836
0.00057,8.27e-05,1e-05,0.4,0.43,390.1075836
0.00057,8.27e-05,1e-05,0.5,0.43,390.1075836
0.00057,8.27e-05,1e-05,0.6,0.43,390.1075836
0.00057,8.27e-05,1e-05,0.7,0.43,390.1075836
0.00057,8.27e-05,1e-05,0.8,0.43,390.1075836
0.00057,8.27e-05,1e-05,0.9,0.43,390.1075836
0.00057,8.27e-05,1e-05,1.0,0.43,390.1075836
0.00058,0.0001,0.0,0.0,0.42,317.1047894
0.00058,0.0001,0.0,0.1,0.42,390.1040277
0.00058,0.0001,0.0,0.2,0.42,390.1040277
0.00058,0.0001,0.0,0.3,0.42,390.1040277
0.00058,0.0001,0.0,0.4,0.42,390.1040277
0.00058,0.0001,0.0,0.5,0.42,390.1040277
0.00058,0.0001,0.0,0.6,0.42,390.1040277
0.00058,0.0001,0.0,0.7,0.42,390.1040277
0.00058,0.0001,0.0,0.8,0.42,390.1040277
0.00058,0.0001,0.0,0.9,0.42,390.1040277
0.00058,0.0001,0.0,1.0,0.42,390.1040277
0.00058,6.69e-05,0.0,0.0,0.42,317.1057354
0.00058,6.69e-05,0.0,0.1,0.42,390.1090132
0.00058,6.69e-05,0.0,0.2,0.42,390.1090132
0.00058,6.69e-05,0.0,0.3,0.42,390.1090132
0.00058,6.69e-05,0.0,0.4,0.42,390.1090132
0.00058,6.69e-05,0.0,0.5,0.42,390.1090132
0.00058,6.69e-05,0.0,0.6,0.42,390.1090132
0.00058,6.69e-05,0.0,0.7,0.42,390.1090132
0.00058,6.69e-05,0.0,0.8,0.42,390.1090132
0.00058,6.69e-05,0.0,0.9,0.42,390.1090132
0.00058,6.69e-05,0.0,1.0,0.42,390.1090132
0.00058,6.69e-05,1e-05,0.0,0.42,317.1057354
0.00058,6.69e-05,1e-05,0.1,0.42,390.1090132
0.00058,6.69e-05,1e-05,0.2,0.42,390.1090132
0.00058,6.69e-05,1e-05,0.3,0.42,390.1090132
0.00058,6.69e-05,1e-05,0.4,0.42,390.1090132
0.00058,6.69e-05,1e-05,0.5,0.42,390.1090132
0.00058,6.69e-05,1e-05,0.6,0.42,390.1090132
0.00058,6.69e-05,1e-05,0.7,0.42,390.1090132
0.00058,6.69e-05,1e-05,0.8,0.42,390.1090132
0.00058,6.69e-05,1e-05,0.9,0.42,390.1090132
0.00058,6.69e-05,1e-05,1.0,0.42,390.1090132
0.00059,5.1e-05,1e-05,0.0,0.41,317.1057931
0.00059,5.1e-05,1e-05,0.1,0.41,390.1092819
0.00059,5.1e-05,1e-05,0.2,0.41,390.1092819
0.00059,5.1e-05,1e-05,0.3,0.41,390.1092819
0.00059,5.1e-05,1e-05,0.4,0.41,390.1092819
0.00059,5.1e-05,1e-05,0.5,0.41,390.1092819
0.00059,5.1e-05,1e-05,0.6,0.41,390.1092819
0.00059,5.1e-05,1e-05,0.7,0.41,390.1092819
0.00059,5.1e-05,1e-05,0.8,0.41,390.1092819
0.00059,5.1e-05,1e-05,0.9,0.41,390.1092819
0.00059,5.1e-05,1e-05,1.0,0.41,390.1092819
0.00059,5.1e-05,0.0,0.0,0.41,317.1057931
0.00059,5.1e-05,0.0,0.1,0.41,390.1092819
0.00059,5.1e-05,0.0,0.2,0.41,390.1092819
0.00059,5.1e-05,0.0,0.3,0.41,390.1092819
0.00059,5.1e-05,0.0,0.4,0.41,390.1092819
0.00059,5.1e-05,0.0,0.5,0.41,390.1092819
0.00059,5.1e-05,0.0,0.6,0.41,390.1092819
0.00059,5.1e-05,0.0,0.7,0.41,390.1092819
0.00059,5.1e-05,0.0,0.8,0.41,390.1092819
0.00059,5.1e-05,0.0,0.9,0.41,390.1092819
0.00059,5.1e-05,0.0,1.0,0.41,390.1092819
0.0006,3.46e-05,0.0,0.0,0.4,317.1056208
0.0006,3.46e-05,0.0,0.1,0.4,390.1083345
0.0006,3.46e-05,0.0,0.2,0.4,390.1083345
0.0006,3.46e-05,0.0,0.3,0.4,390.1083345
0.0006,3.46e-05,0.0,0.4,0.4,390.1083345
0.0006,3.46e-05,0.0,0.5,0.4,390.1083345
0.0006,3.46e-05,0.0,0.6,0.4,390.1083345
0.0006,3.46e-05,0.0,0.7,0.4,390.1083345
0.0006,3.46e-05,0.0,0.8,0.4,390.1083345
0.0006,3.46e-05,0.0,0.9,0.4,390.1083345
0.0006,3.46e-05,0.0,1.0,0.4,390.1083345
0.0006,3.46e-05,1e-05,0.0,0.4,317.1056208
0.0006,3.46e-05,1e-05,0.1,0.4,390.1083345
0.0006,3.46e-05,1e-05,0.2,0.4,390.1083345
0.0006,3.46e-05,1e-05,0.3,0.4,390.1083345
0.0006,3.46e-05,1e-05,0.4,0.4,390.1083345
0.0006,3.46e-05,1e-05,0.5,0.4,390.1083345
0.0006,3.46e-05,1e-05,0.6,0.4,390.1083345
0.0006,3.46e-05,1e-05,0.7,0.4,390.1083345
0.0006,3.46e-05,1e-05,0.8,0.4,390.1083345
0.0006,3.46e-05,1e-05,0.9,0.4,390.1083345
0.0006,3.46e-05,1e-05,1.0,0.4,390.1083345
0.00061,1.73e-05,0.0,0.0,0.39,317.1051857
0.00061,1.73e-05,0.0,0.1,0.39,390.105998
0.00061,1.73e-05,0.0,0.2,0.39,390.105998
0.00061,1.73e-05,0.0,0.3,0.39,390.105998
0.00061,1.73e-05,0.0,0.4,0.39,390.105998
0.00061,1.73e-05,0.0,0.5,0.39,390.105998
0.00061,1.73e-05,0.0,0.6,0.39,390.105998
0.00061,1.73e-05,0.0,0.7,0.39,390.105998
0.00061,1.73e-05,0.0,0.8,0.39,390.105998
0.00061,1.73e-05,0.0,0.9,0.39,390.105998
0.00061,1.73e-05,0.0,1.0,0.39,390.105998
0.00061,1.73e-05,1e-05,0.0,0.39,317.1051857
0.00061,1.73e-05,1e-05,0.1,0.39,390.105998
0.00061,1.73e-05,1e-05,0.2,0.39,390.105998
0.00061,1.73e-05,1e-05,0.3,0.39,390.105998
0.00061,1.73e-05,1e-05,0.4,0.39,390.105998
0.00061,1.73e-05,1e-05,0.5,0.39,390.105998
0.00061,1.73e-05,1e-05,0.6,0.39,390.105998
0.00061,1.73e-05,1e-05,0.7,0.39,390.105998
0.00061,1.73e-05,1e-05,0.8,0.39,390.105998
0.00061,1.73e-05,1e-05,0.9,0.39,390.105998
0.00061,1.73e-05,1e-05,1.0,0.39,390.105998
0.00062,0.0,1e-05,0.0,0.38,317.1044862
0.00062,0.0,1e-05,0.1,0.38,390.1022657
0.00062,0.0,1e-05,0.2,0.38,390.1022657
0.00062,0.0,1e-05,0.3,0.38,390.1022657
0.00062,0.0,1e-05,0.4,0.38,390.1022657
0.00062,0.0,1e-05,0.5,0.38,390.1022657
0.00062,0.0,1e-05,0.6,0.38,390.1022657
0.00062,0.0,1e-05,0.7,0.38,390.1022657
0.00062,0.0,1e-05,0.8,0.38,390.1022657
0.00062,0.0,1e-05,0.9,0.38,390.1022657
0.00062,0.0,1e-05,1.0,0.38,390.1022657
0.00062,0.0,0.0,0.0,0.38,317.1044862
0.00062,0.0,0.0,0.1,0.38,390.1022657
0.00062,0.0,0.0,0.2,0.38,390.1022657
0.00062,0.0,0.0,0.3,0.38,390.1022657
0.00062,0.0,0.0,0.4,0.38,390.1022657
0.00062,0.0,0.0,0.5,0.38,390.1022657
0.00062,0.0,0.0,0.6,0.38,390.1022657
0.00062,0.0,0.0,0.7,0.38,390.1022657
0.00062,0.0,0.0,0.8,0.38,390.1022657
0.00062,0.0,0.0,0.9,0.38,390.1022657
0.00062,0.0,0.0,1.0,0.38,390.1022657
0.00058,0.0001,1e-05,0.0,0.42,317.1047894
0.00058,0.0001,1e-05,0.1,0.42,390.1040277
0.00058,0.0001,1e-05,0.2,0.42,390.1040277
0.00058,0.0001,1e-05,0.3,0.42,390.1040277
0.00058,0.0001,1e-05,0.4,0.42,390.1040277
0.00058,0.0001,1e-05,0.5,0.42,390.1040277
0.00058,0.0001,1e-05,0.6,0.42,390.1040277
0.00058,0.0001,1e-05,0.7,0.42,390.1040277
0.00058,0.0001,1e-05,0.8,0.42,390.1040277
0.00058,0.0001,1e-05,0.9,0.42,390.1040277
0.00058,0.0001,1e-05,1.0,0.42,390.1040277
0.00059,8.27e-05,0.0,0.0,0.41,317.1053373
0.00059,8.27e-05,0.0,0.1,0.41,390.106879
0.00059,8.27e-05,0.0,0.2,0.41,390.106879
0.00059,8.27e-05,0.0,0.3,0.41,390.106879
0.00059,8.27e-05,0.0,0.4,0.41,390.106879
0.00059,8.27e-05,0.0,0.5,0.41,390.106879
0.00059,8.27e-05,0.0,0.6,0.41,390.106879
0.00059,8.27e-05,0.0,0.7,0.41,390.106879
0.00059,8.27e-05,0.0,0.8,0.41,390.106879
0.00059,8.27e-05,0.0,0.9,0.41,390.106879
0.00059,8.27e-05,0.0,1.0,0.41,390.106879
0.00059,8.27e-05,1e-05,0.0,0.41,317.1053373
0.00059,8.27e-05,1e-05,0.1,0.41,390.106879
0.00059,8.27e-05,1e-05,0.2,0.41,390.106879
0.00059,8.27e-05,1e-05,0.3,0.41,390.106879
0.00059,8.27e-05,1e-05,0.4,0.41,390.106879
0.00059,8.27e-05,1e-05,0.5,0.41,390.106879
0.00059,8.27e-05,1e-05,0.6,0.41,390.106879
0.00059,8.27e-05,1e-05,0.7,0.41,390.106879
0.00059,8.27e-05,1e-05,0.8,0.41,390.106879
0.00059,8.27e-05,1e-05,0.9,0.41,390.106879
0.00059,8.27e-05,1e-05,1.0,0.41,390.106879
0.0006,0.0001,0.0,0.0,0.4,317.1046531
0.0006,0.0001,0.0,0.1,0.4,390.103235
0.0006,0.0001,0.0,0.2,0.4,390.103235
0.0006,0.0001,0.0,0.3,0.4,390.103235
0.0006,0.0001,0.0,0.4,0.4,390.103235
0.0006,0.0001,0.0,0.5,0.4,390.103235
0.0006,0.0001,0.0,0.6,0.4,390.103235
0.0006,0.0001,0.0,0.7,0.4,390.103235
0.0006,0.0001,0.0,0.8,0.4,390.103235
0.0006,0.0001,0.0,0.9,0.4,390.103235
0.0006,0.0001,0.0,1.0,0.4,390.103235
0.0006,6.69e-05,0.0,0.0,0.4,317.1055991
0.0006,6.69e-05,0.0,0.1,0.4,390.1082204
0.0006,6.69e-05,0.0,0.2,0.4,390.1082204
0.0006,6.69e-05,0.0,0.3,0.4,390.1082204
0.0006,6.69e-05,0.0,0.4,0.4,390.1082204
0.0006,6.69e-05,0.0,0.5,0.4,390.1082204
0.0006,6.69e-05,0.0,0.6,0.4,390.1082204
0.0006,6.69e-05,0.0,0.7,0.4,390.1082204
0.0006,6.69e-05,0.0,0.8,0.4,390.1082204
0.0006,6.69e-05,0.0,0.9,0.4,390.1082204
0.0006,6.69e-05,0.0,1.0,0.4,390.1082204
0.0006,6.69e-05,1e-05,0.0,0.4,317.1055991
0.0006,6.69e-05,1e-05,0.1,0.4,390.1082204
0.0006,6.69e-05,1e-05,0.2,0.4,390.1082204
0.0006,6.69e-05,1e-05,0.3,0.4,390.1082204
0.0006,6.69e-05,1e-05,0.4,0.4,390.1082204
0.0006,6.69e-05,1e-05,0.5,0.4,390.1082204
0.0006,6.69e-05,1e-05,0.6,0.4,390.1082204
0.0006,6.69e-05,1e-05,0.7,0.4,390.1082204
0.0006,6.69e-05,1e-05,0.8,0.4,390.1082204
0.0006,6.69e-05,1e-05,0.9,0.4,390.1082204
0.0006,6.69e-05,1e-05,1.0,0.4,390.1082204
0.00061,5.1e-05,1e-05,0.0,0.39,317.1056415
0.00061,5.1e-05,1e-05,0.1,0.39,390.1084009
0.00061,5.1e-05,1e-05,0.2,0.39,390.1084009
0.00061,5.1e-05,1e-05,0.3,0.39,390.1084009
0.00061,5.1e-05,1e-05,0.4,0.39,390.1084009
0.00061,5.1e-05,1e-05,0.5,0.39,390.1084009
0.00061,5.1e-05,1e-05,0.6,0.39,390.1084009
0.00061,5.1e-05,1e-05,0.7,0.39,390.1084009
0.00061,5.1e-05,1e-05,0.8,0.39,390.1084009
0.00061,5.1e-05,1e-05,0.9,0.39,390.1084009
0.00061,5.1e-05,1e-05,1.0,0.39,390.1084009
0.00061,5.1e-05,0.0,0.0,0.39,317.1056415
0.00061,5.1e-05,0.0,0.1,0.39,390.1084009
0.00061,5.1e-05,0.0,0.2,0.39,390.1084009
0.00061,5.1e-05,0.0,0.3,0.39,390.1084009
0.00061,5.1e-05,0.0,0.4,0.39,390.1084009
0.00061,5.1e-05,0.0,0.5,0.39,390.1084009
0.00061,5.1e-05,0.0,0.6,0.39,390.1084009
0.00061,5.1e-05,0.0,0.7,0.39,390.1084009
0.00061,5.1e-05,0.0,0.8,0.39,390.1084009
0.00061,5.1e-05,0.0,0.9,0.39,390.1084009
0.00061,5.1e-05,0.0,1.0,0.39,390.1084009
0.00062,3.46e-05,0.0,0.0,0.38,317.1054538
0.00062,3.46e-05,0.0,0.1,0.38,390.1073652
0.00062,3.46e-05,0.0,0.2,0.38,390.1073652
0.00062,3.46e-05,0.0,0.3,0.38,390.1073652
0.00062,3.46e-05,0.0,0.4,0.38,390.1073652
0.00062,3.46e-05,0.0,0.5,0.38,390.1073652
0.00062,3.46e-05,0.0,0.6,0.38,390.1073652
0.00062,3.46e-05,0.0,0.7,0.38,390.1073652
0.00062,3.46e-05,0.0,0.8,0.38,390.1073652
0.00062,3.46e-05,0.0,0.9,0.38,390.1073652
0.00062,3.46e-05,0.0,1.0,0.38,390.1073652
0.00062,3.46e-05,1e-05,0.0,0.38,317.1054538
0.00062,3.46e-05,1e-05,0.1,0.38,390.1073652
0.00062,3.46e-05,1e-05,0.2,0.38,390.1073652
0.00062,3.46e-05,1e-05,0.3,0.38,390.1073652
0.00062,3.46e-05,1e-05,0.4,0.38,390.1073652
0.00062,3.46e-05,1e-05,0.5,0.38,390.1073652
0.00062,3.46e-05,1e-05,0.6,0.38,390.1073652
0.00062,3.46e-05,1e-05,0.7,0.38,390.1073652
0.00062,3.46e-05,1e-05,0.8,0.38,390.1073652
0.00062,3.46e-05,1e-05,0.9,0.38,390.1073652
0.00062,3.46e-05,1e-05,1.0,0.38,390.1073652
0.00063,1.73e-05,5e-06,0.0,0.37,317.1051102
0.00063,1.73e-05,5e-06,0.1,0.37,390.1055035
0.00063,1.73e-05,5e-06,0.2,0.37,390.1055035
0.00063,1.73e-05,5e-06,0.3,0.37,390.1055035
0.00063,1.73e-05,5e-06,0.4,0.37,390.1055035
0.00063,1.73e-05,5e-06,0.5,0.37,390.1055035
0.00063,1.73e-05,5e-06,0.6,0.37,390.1055035
0.00063,1.73e-05,5e-06,0.7,0.37,390.1055035
0.00063,1.73e-05,5e-06,0.8,0.37,390.1055035
0.00063,1.73e-05,5e-06,0.9,0.37,390.1055035
0.00063,1.73e-05,5e-06,1.0,0.37,390.1055035
0.00063,1.73e-05,0.0,0.0,0.37,317.1050033
0.00063,1.73e-05,0.0,0.1,0.37,390.1049403
0.00063,1.73e-05,0.0,0.2,0.37,390.1049403
0.00063,1.73e-05,0.0,0.3,0.37,390.1049403
0.00063,1.73e-05,0.0,0.4,0.37,390.1049403
0.00063,1.73e-05,0.0,0.5,0.37,390.1049403
0.00063,1.73e-05,0.0,0.6,0.37,390.1049403
0.00063,1.73e-05,0.0,0.7,0.37,390.1049403
0.00063,1.73e-05,0.0,0.8,0.37,390.1049403
0.00063,1.73e-05,0.0,0.9,0.37,390.1049403
0.00063,1.73e-05,0.0,1.0,0.37,390.1049403
0.00063,1.73e-05,1e-05,0.0,0.37,317.1050033
0.00063,1.73e-05,1e-05,0.1,0.37,390.1049403
0.00063,1.73e-05,1e-05,0.2,0.37,390.1049403
0.00063,1.73e-05,1e-05,0.3,0.37,390.1049403
0.00063,1.73e-05,1e-05,0.4,0.37,390.1049403
0.00063,1.73e-05,1e-05,0.5,0.37,390.1049403
0.00063,1.73e-05,1e-05,0.6,0.37,390.1049403
0.00063,1.73e-05,1e-05,0.7,0.37,390.1049403
0.00063,1.73e-05,1e-05,0.8,0.37,390.1049403
0.00063,1.73e-05,1e-05,0.9,0.37,390.1049403
0.00063,1.73e-05,1e-05,1.0,0.37,390.1049403
0.00064,0.0,1e-05,0.0,0.36,317.1042884
0.00064,0.0,1e-05,0.1,0.36,390.1011196
0.00064,0.0,1e-05,0.2,0.36,390.1011196
0.00064,0.0,1e-05,0.3,0.36,390.1011196
0.00064,0.0,1e-05,0.4,0.36,390.1011196
0.00064,0.0,1e-05,0.5,0.36,390.1011196
0.00064,0.0,1e-05,0.6,0.36,390.1011196
0.00064,0.0,1e-05,0.7,0.36,390.1011196
0.00064,0.0,1e-05,0.8,0.36,390.1011196
0.00064,0.0,1e-05,0.9,0.36,390.1011196
0.00064,0.0,1e-05,1.0,0.36,390.1011196
0.00064,0.0,0.0,0.0,0.36,317.1042884
0.00064,0.0,0.0,0.1,0.36,390.1011196
0.00064,0.0,0.0,0.2,0.36,390.1011196
0.00064,0.0,0.0,0.3,0.36,390.1011196
0.00064,0.0,0.0,0.4,0.36,390.1011196
0.00064,0.0,0.0,0.5,0.36,390.1011196
0.00064,0.0,0.0,0.6,0.36,390.1011196
0.00064,0.0,0.0,0.7,0.36,390.1011196
0.00064,0.0,0.0,0.8,0.36,390.1011196
0.00064,0.0,0.0,0.9,0.36,390.1011196
0.00064,0.0,0.0,1.0,0.36,390.1011196
0.0006,0.0001,1e-05,0.0,0.4,317.1046531
0.0006,0.0001,1e-05,0.1,0.4,390.1032349
0.0006,0.0001,1e-05,0.2,0.4,390.1032349
0.0006,0.0001,1e-05,0.3,0.4,390.1032349
0.0006,0.0001,1e-05,0.4,0.4,390.1032349
0.0006,0.0001,1e-05,0.5,0.4,390.1032349
0.0006,0.0001,1e-05,0.6,0.4,390.1032349
0.0006,0.0001,1e-05,0.7,0.4,390.1032349
0.0006,0.0001,1e-05,0.8,0.4,390.1032349
0.0006,0.0001,1e-05,0.9,0.4,390.1032349
0.0006,0.0001,1e-05,1.0,0.4,390.1032349
0.00061,8.27e-05,0.0,0.0,0.39,317.1051857
0.00061,8.27e-05,0.0,0.1,0.39,390.105998
0.00061,8.27e-05,0.0,0.2,0.39,390.105998
0.00061,8.27e-05,0.0,0.3,0.39,390.105998
0.00061,8.27e-05,0.0,0.4,0.39,390.105998
0.00061,8.27e-05,0.0,0.5,0.39,390.105998
0.00061,8.27e-05,0.0,0.6,0.39,390.105998
0.00061,8.27e-05,0.0,0.7,0.39,390.105998
0.00061,8.27e-05,0.0,0.8,0.39,390.105998
0.00061,8.27e-05,0.0,0.9,0.39,390.105998
0.00061,8.27e-05,0.0,1.0,0.39,390.105998
0.00061,8.27e-05,1e-05,0.0,0.39,317.1051857
0.00061,8.27e-05,1e-05,0.1,0.39,390.105998
0.00061,8.27e-05,1e-05,0.2,0.39,390.105998
0.00061,8.27e-05,1e-05,0.3,0.39,390.105998
0.00061,8.27e-05,1e-05,0.4,0.39,390.105998
0.00061,8.27e-05,1e-05,0.5,0.39,390.105998
0.00061,8.27e-05,1e-05,0.6,0.39,390.105998
0.00061,8.27e-05,1e-05,0.7,0.39,390.105998
0.00061,8.27e-05,1e-05,0.8,0.39,390.105998
0.00061,8.27e-05,1e-05,0.9,0.39,390.105998
0.00061,8.27e-05,1e-05,1.0,0.39,390.105998
0.00062,0.0001,0.0,0.0,0.38,317.1044862
0.00062,0.0001,0.0,0.1,0.38,390.1022657
0.00062,0.0001,0.0,0.2,0.38,390.1022657
0.00062,0.0001,0.0,0.3,0.38,390.1022657
0.00062,0.0001,0.0,0.4,0.38,390.1022657
0.00062,0.0001,0.0,0.5,0.38,390.1022657
0.00062,0.0001,0.0,0.6,0.38,390.1022657
0.00062,0.0001,0.0,0.7,0.38,390.1022657
0.00062,0.0001,0.0,0.8,0.38,390.1022657
0.00062,0.0001,0.0,0.9,0.38,390.1022657
0.00062,0.0001,0.0,1.0,0.38,390.1022657
0.00062,6.69e-05,0.0,0.0,0.38,317.1054322
0.00062,6.69e-05,0.0,0.1,0.38,390.1072511
0.00062,6.69e-05,0.0,0.2,0.38,390.1072511
0.00062,6.69e-05,0.0,0.3,0.38,390.1072511
0.00062,6.69e-05,0.0,0.4,0.38,390.1072511
0.00062,6.69e-05,0.0,0.5,0.38,390.1072511
0.00062,6.69e-05,0.0,0.6,0.38,390.1072511
0.00062,6.69e-05,0.0,0.7,0.38,390.1072511
0.00062,6.69e-05,0.0,0.8,0.38,390.1072511
0.00062,6.69e-05,0.0,0.9,0.38,390.1072511
0.00062,6.69e-05,0.0,1.0,0.38,390.1072511
0.00062,6.69e-05,1e-05,0.0,0.38,317.1054322
0.00062,6.69e-05,1e-05,0.1,0.38,390.1072511
0.00062,6.69e-05,1e-05,0.2,0.38,390.1072511
0.00062,6.69e-05,1e-05,0.3,0.38,390.1072511
0.00062,6.69e-05,1e-05,0.4,0.38,390.1072511
0.00062,6.69e-05,1e-05,0.5,0.38,390.1072511
0.00062,6.69e-05,1e-05,0.6,0.38,390.1072511
0.00062,6.69e-05,1e-05,0.7,0.38,390.1072511
0.00062,6.69e-05,1e-05,0.8,0.38,390.1072511
0.00062,6.69e-05,1e-05,0.9,0.38,390.1072511
0.00062,6.69e-05,1e-05,1.0,0.38,390.1072511
0.00063,5.1e-05,1e-05,0.0,0.37,317.1054591
0.00063,5.1e-05,1e-05,0.1,0.37,390.1073432
0.00063,5.1e-05,1e-05,0.2,0.37,390.1073432
0.00063,5.1e-05,1e-05,0.3,0.37,390.1073432
0.00063,5.1e-05,1e-05,0.4,0.37,390.1073432
0.00063,5.1e-05,1e-05,0.5,0.37,390.1073432
0.00063,5.1e-05,1e-05,0.6,0.37,390.1073432
0.00063,5.1e-05,1e-05,0.7,0.37,390.1073432
0.00063,5.1e-05,1e-05,0.8,0.37,390.1073432
0.00063,5.1e-05,1e-05,0.9,0.37,390.1073432
0.00063,5.1e-05,1e-05,1.0,0.37,390.1073432
0.00063,5.1e-05,0.0,0.0,0.37,317.1054591
0.00063,5.1e-05,0.0,0.1,0.37,390.1073432
0.00063,5.1e-05,0.0,0.2,0.37,390.1073432
0.00063,5.1e-05,0.0,0.3,0.37,390.1073432
0.00063,5.1e-05,0.0,0.4,0.37,390.1073432
0.00063,5.1e-05,0.0,0.5,0.37,390.1073432
0.00063,5.1e-05,0.0,0.6,0.37,390.1073432
0.00063,5.1e-05,0.0,0.7,0.37,390.1073432
0.00063,5.1e-05,0.0,0.8,0.37,390.1073432
0.00063,5.1e-05,0.0,0.9,0.37,390.1073432
0.00063,5.1e-05,0.0,1.0,0.37,390.1073432
0.00064,3.46e-05,0.0,0.0,0.36,317.105256
0.00064,3.46e-05,0.0,0.1,0.36,390.1062191
0.00064,3.46e-05,0.0,0.2,0.36,390.1062191
0.00064,3.46e-05,0.0,0.3,0.36,390.1062191
0.00064,3.46e-05,0.0,0.4,0.36,390.1062191
0.00064,3.46e-05,0.0,0.5,0.36,390.1062191
0.00064,3.46e-05,0.0,0.6,0.36,390.1062191
0.00064,3.46e-05,0.0,0.7,0.36,390.1062191
0.00064,3.46e-05,0.0,0.8,0.36,390.1062191
0.00064,3.46e-05,0.0,0.9,0.36,390.1062191
0.00064,3.46e-05,0.0,1.0,0.36,390.1062191
0.00064,3.46e-05,1e-05,0.0,0.36,317.105256
0.00064,3.46e-05,1e-05,0.1,0.36,390.1062191
0.00064,3.46e-05,1e-05,0.2,0.36,390.1062191
0.00064,3.46e-05,1e-05,0.3,0.36,390.1062191
0.00064,3.46e-05,1e-05,0.4,0.36,390.1062191
0.00064,3.46e-05,1e-05,0.5,0.36,390.1062191
0.00064,3.46e-05,1e-05,0.6,0.36,390.1062191
0.00064,3.46e-05,1e-05,0.7,0.36,390.1062191
0.00064,3.46e-05,1e-05,0.8,0.36,390.1062191
0.00064,3.46e-05,1e-05,0.9,0.36,390.1062191
0.00064,3.46e-05,1e-05,1.0,0.36,390.1062191
0.00065,1.73e-05,0.0,0.0,0.35,317.10479
0.00065,1.73e-05,0.0,0.1,0.35,390.1037058
0.00065,1.73e-05,0.0,0.2,0.35,390.1037058
0.00065,1.73e-05,0.0,0.3,0.35,390.1037058
0.00065,1.73e-05,0.0,0.4,0.35,390.1037058
0.00065,1.73e-05,0.0,0.5,0.35,390.1037058
0.00065,1.73e-05,0.0,0.6,0.35,390.1037058
0.00065,1.73e-05,0.0,0.7,0.35,390.1037058
0.00065,1.73e-05,0.0,0.8,0.35,390.1037058
0.00065,1.73e-05,0.0,0.9,0.35,390.1037058
0.00065,1.73e-05,0.0,1.0,0.35,390.1037058
0.00065,1.73e-05,1e-05,0.0,0.35,317.10479
0.00065,1.73e-05,1e-05,0.1,0.35,390.1037058
0.00065,1.73e-05,1e-05,0.2,0.35,390.1037058
0.00065,1.73e-05,1e-05,0.3,0.35,390.1037058
0.00065,1.73e-05,1e-05,0.4,0.35,390.1037058
0.00065,1.73e-05,1e-05,0.5,0.35,390.1037058
0.00065,1.73e-05,1e-05,0.6,0.35,390.1037058
0.00065,1.73e-05,1e-05,0.7,0.35,390.1037058
0.00065,1.73e-05,1e-05,0.8,0.35,390.1037058
0.00065,1.73e-05,1e-05,0.9,0.35,390.1037058
0.00065,1.73e-05,1e-05,1.0,0.35,390.1037058
0.00066,0.0,1e-05,0.0,0.34,317.1040595
0.00066,0.0,1e-05,0.1,0.34,390.0997966
0.00066,0.0,1e-05,0.2,0.34,390.0997966
0.00066,0.0,1e-05,0.3,0.34,390.0997966
0.00066,0.0,1e-05,0.4,0.34,390.0997966
0.00066,0.0,1e-05,0.5,0.34,390.0997966
0.00066,0.0,1e-05,0.6,0.34,390.0997966
0.00066,0.0,1e-05,0.7,0.34,390.0997966
0.00066,0.0,1e-05,0.8,0.34,390.0997966
0.00066,0.0,1e-05,0.9,0.34,390.0997966
0.00066,0.0,1e-05,1.0,0.34,390.0997966
0.00066,0.0,0.0,0.0,0.34,317.1040595
0.00066,0.0,0.0,0.1,0.34,390.0997966
0.00066,0.0,0.0,0.2,0.34,390.0997966
0.00066,0.0,0.0,0.3,0.34,390.0997966
0.00066,0.0,0.0,0.4,0.34,390.0997966
0.00066,0.0,0.0,0.5,0.34,390.0997966
0.00066,0.0,0.0,0.6,0.34,390.0997966
0.00066,0.0,0.0,0.7,0.34,390.0997966
0.00066,0.0,0.0,0.8,0.34,390.0997966
0.00066,0.0,0.0,0.9,0.34,390.0997966
0.00066,0.0,0.0,1.0,0.34,390.0997966
0.00062,0.0001,1e-05,0.0,0.38,317.1044862
0.00062,0.0001,1e-05,0.1,0.38,390.1022657
0.00062,0.0001,1e-05,0.2,0.38,390.1022657
0.00062,0.0001,1e-05,0.3,0.38,390.1022657
0.00062,0.0001,1e-05,0.4,0.38,390.1022657
0.00062,0.0001,1e-05,0.5,0.38,390.1022657
0.00062,0.0001,1e-05,0.6,0.38,390.1022657
0.00062,0.0001,1e-05,0.7,0.38,390.1022657
0.00062,0.0001,1e-05,0.8,0.38,390.1022657
0.00062,0.0001,1e-05,0.9,0.38,390.1022657
0.00062,0.0001,1e-05,1.0,0.38,390.1022657
0.00063,8.27e-05,0.0,0.0,0.37,317.1050033
0.00063,8.27e-05,0.0,0.1,0.37,390.1049403
0.00063,8.27e-05,0.0,0.2,0.37,390.1049403
0.00063,8.27e-05,0.0,0.3,0.37,390.1049403
0.00063,8.27e-05,0.0,0.4,0.37,390.1049403
0.00063,8.27e-05,0.0,0.5,0.37,390.1049403
0.00063,8.27e-05,0.0,0.6,0.37,390.1049403
0.00063,8.27e-05,0.0,0.7,0.37,390.1049403
0.00063,8.27e-05,0.0,0.8,0.37,390.1049403
0.00063,8.27e-05,0.0,0.9,0.37,390.1049403
0.00063,8.27e-05,0.0,1.0,0.37,390.1049403
0.00063,8.31e-05,5e-06,0.0,0.37,317.1050976
0.00063,8.31e-05,5e-06,0.1,0.37,390.105437
0.00063,8.31e-05,5e-06,0.2,0.37,390.105437
0.00063,8.31e-05,5e-06,0.3,0.37,390.105437
0.00063,8.31e-05,5e-06,0.4,0.37,390.105437
0.00063,8.31e-05,5e-06,0.5,0.37,390.105437
0.00063,8.31e-05,5e-06,0.6,0.37,390.105437
0.00063,8.31e-05,5e-06,0.7,0.37,390.105437
0.00063,8.31e-05,5e-06,0.8,0.37,390.105437
0.00063,8.31e-05,5e-06,0.9,0.37,390.105437
0.00063,8.31e-05,5e-06,1.0,0.37,390.105437
0.00063,8.27e-05,1e-05,0.0,0.37,317.1050033
0.00063,8.27e-05,1e-05,0.1,0.37,390.1049403
0.00063,8.27e-05,1e-05,0.2,0.37,390.1049403
0.00063,8.27e-05,1e-05,0.3,0.37,390.1049403
0.00063,8.27e-05,1e-05,0.4,0.37,390.1049403
0.00063,8.27e-05,1e-05,0.5,0.37,390.1049403
0.00063,8.27e-05,1e-05,0.6,0.37,390.1049403
0.00063,8.27e-05,1e-05,0.7,0.37,390.1049403
0.00063,8.27e-05,1e-05,0.8,0.37,390.1049403
0.00063,8.27e-05,1e-05,0.9,0.37,390.1049403
0.00063,8.27e-05,1e-05,1.0,0.37,390.1049403
0.00064,0.0001,0.0,0.0,0.36,317.1042884
0.00064,0.0001,0.0,0.1,0.36,390.1011196
0.00064,0.0001,0.0,0.2,0.36,390.1011196
0.00064,0.0001,0.0,0.3,0.36,390.1011196
0.00064,0.0001,0.0,0.4,0.36,390.1011196
0.00064,0.0001,0.0,0.5,0.36,390.1011196
0.00064,0.0001,0.0,0.6,0.36,390.1011196
0.00064,0.0001,0.0,0.7,0.36,390.1011196
0.00064,0.0001,0.0,0.8,0.36,390.1011196
0.00064,0.0001,0.0,0.9,0.36,390.1011196
0.00064,0.0001,0.0,1.0,0.36,390.1011196
0.00064,6.69e-05,0.0,0.0,0.36,317.1052344
0.00064,6.69e-05,0.0,0.1,0.36,390.106105
0.00064,6.69e-05,0.0,0.2,0.36,390.106105
0.00064,6.69e-05,0.0,0.3,0.36,390.106105
0.00064,6.69e-05,0.0,0.4,0.36,390.106105
0.00064,6.69e-05,0.0,0.5,0.36,390.106105
0.00064,6.69e-05,0.0,0.6,0.36,390.106105
0.00064,6.69e-05,0.0,0.7,0.36,390.106105
0.00064,6.69e-05,0.0,0.8,0.36,390.106105
0.00064,6.69e-05,0.0,0.9,0.36,390.106105
0.00064,6.69e-05,0.0,1.0,0.36,390.106105
0.00064,6.69e-05,1e-05,0.0,0.36,317.1052344
0.00064,6.69e-05,1e-05,0.1,0.36,390.106105
0.00064,6.69e-05,1e-05,0.2,0.36,390.106105
0.00064,6.69e-05,1e-05,0.3,0.36,390.106105
0.00064,6.69e-05,1e-05,0.4,0.36,390.106105
0.00064,6.69e-05,1e-05,0.5,0.36,390.106105
0.00064,6.69e-05,1e-05,0.6,0.36,390.106105
0.00064,6.69e-05,1e-05,0.7,0.36,390.106105
0.00064,6.69e-05,1e-05,0.8,0.36,390.106105
0.00064,6.69e-05,1e-05,0.9,0.36,390.106105
0.00064,6.69e-05,1e-05,1.0,0.36,390.106105
0.00065,5.1e-05,1e-05,0.0,0.35,317.1052458
0.00065,5.1e-05,1e-05,0.1,0.35,390.1061086
0.00065,5.1e-05,1e-05,0.2,0.35,390.1061086
0.00065,5.1e-05,1e-05,0.3,0.35,390.1061086
0.00065,5.1e-05,1e-05,0.4,0.35,390.1061086
0.00065,5.1e-05,1e-05,0.5,0.35,390.1061086
0.00065,5.1e-05,1e-05,0.6,0.35,390.1061086
0.00065,5.1e-05,1e-05,0.7,0.35,390.1061086
0.00065,5.1e-05,1e-05,0.8,0.35,390.1061086
0.00065,5.1e-05,1e-05,0.9,0.35,390.1061086
0.00065,5.1e-05,1e-05,1.0,0.35,390.1061086
0.00065,5.1e-05,0.0,0.0,0.35,317.1052458
0.00065,5.1e-05,0.0,0.1,0.35,390.1061086
0.00065,5.1e-05,0.0,0.2,0.35,390.1061086
0.00065,5.1e-05,0.0,0.3,0.35,390.1061086
0.00065,5.1e-05,0.0,0.4,0.35,390.1061086
0.00065,5.1e-05,0.0,0.5,0.35,390.1061086
0.00065,5.1e-05,0.0,0.6,0.35,390.1061086
0.00065,5.1e-05,0.0,0.7,0.35,390.1061086
0.00065,5.1e-05,0.0,0.8,0.35,390.1061086
0.00065,5.1e-05,0.0,0.9,0.35,390.1061086
0.00065,5.1e-05,0.0,1.0,0.35,390.1061086
0.00066,3.46e-05,1e-05,0.0,0.34,317.1050272
0.00066,3.46e-05,1e-05,0.1,0.34,390.104896
0.00066,3.46e-05,1e-05,0.2,0.34,390.104896
0.00066,3.46e-05,1e-05,0.3,0.34,390.104896
0.00066,3.46e-05,1e-05,0.4,0.34,390.104896
0.00066,3.46e-05,1e-05,0.5,0.34,390.104896
0.00066,3.46e-05,1e-05,0.6,0.34,390.104896
0.00066,3.46e-05,1e-05,0.7,0.34,390.104896
0.00066,3.46e-05,1e-05,0.8,0.34,390.104896
0.00066,3.46e-05,1e-05,0.9,0.34,390.104896
0.00066,3.46e-05,1e-05,1.0,0.34,390.104896
0.00066,3.46e-05,0.0,0.0,0.34,317.1050271
0.00066,3.46e-05,0.0,0.1,0.34,390.104896
0.00066,3.46e-05,0.0,0.2,0.34,390.104896
0.00066,3.46e-05,0.0,0.3,0.34,390.104896
0.00066,3.46e-05,0.0,0.4,0.34,390.104896
0.00066,3.46e-05,0.0,0.5,0.34,390.104896
0.00066,3.46e-05,0.0,0.6,0.34,390.104896
0.00066,3.46e-05,0.0,0.7,0.34,390.104896
0.00066,3.46e-05,0.0,0.8,0.34,390.104896
0.00066,3.46e-05,0.0,0.9,0.34,390.104896
0.00066,3.46e-05,0.0,1.0,0.34,390.104896
0.00067,1.73e-05,0.0,0.0,0.33,317.1045455
0.00067,1.73e-05,0.0,0.1,0.33,390.1022941
0.00067,1.73e-05,0.0,0.2,0.33,390.1022941
0.00067,1.73e-05,0.0,0.3,0.33,390.1022941
0.00067,1.73e-05,0.0,0.4,0.33,390.1022941
0.00067,1.73e-05,0.0,0.5,0.33,390.1022941
0.00067,1.73e-05,0.0,0.6,0.33,390.1022941
0.00067,1.73e-05,0.0,0.7,0.33,390.1022941
0.00067,1.73e-05,0.0,0.8,0.33,390.1022941
0.00067,1.73e-05,0.0,0.9,0.33,390.1022941
0.00067,1.73e-05,0.0,1.0,0.33,390.1022941
0.00067,1.73e-05,1e-05,0.0,0.33,317.1045455
0.00067,1.73e-05,1e-05,0.1,0.33,390.1022941
0.00067,1.73e-05,1e-05,0.2,0.33,390.1022941
0.00067,1.73e-05,1e-05,0.3,0.33,390.1022941
0.00067,1.73e-05,1e-05,0.4,0.33,390.1022941
0.00067,1.73e-05,1e-05,0.5,0.33,390.1022941
0.00067,1.73e-05,1e-05,0.6,0.33,390.1022941
0.00067,1.73e-05,1e-05,0.7,0.33,390.1022941
0.00067,1.73e-05,1e-05,0.8,0.33,390.1022941
0.00067,1.73e-05,1e-05,0.9,0.33,390.1022941
0.00067,1.73e-05,1e-05,1.0,0.33,390.1022941
0.00068,0.0,1e-05,0.0,0.32,317.1037993
0.00068,0.0,1e-05,0.1,0.32,390.0982963
0.00068,0.0,1e-05,0.2,0.32,390.0982963
0.00068,0.0,1e-05,0.3,0.32,390.0982963
0.00068,0.0,1e-05,0.4,0.32,390.0982963
0.00068,0.0,1e-05,0.5,0.32,390.0982963
0.00068,0.0,1e-05,0.6,0.32,390.0982963
0.00068,0.0,1e-05,0.7,0.32,390.0982963
0.00068,0.0,1e-05,0.8,0.32,390.0982963
0.00068,0.0,1e-05,0.9,0.32,390.0982963
0.00068,0.0,1e-05,1.0,0.32,390.0982963
0.00068,0.0,0.0,0.0,0.32,317.1037993
0.00068,0.0,0.0,0.1,0.32,390.0982963
0.00068,0.0,0.0,0.2,0.32,390.0982963
0.00068,0.0,0.0,0.3,0.32,390.0982963
0.00068,0.0,0.0,0.4,0.32,390.0982963
0.00068,0.0,0.0,0.5,0.32,390.0982963
0.00068,0.0,0.0,0.6,0.32,390.0982963
0.00068,0.0,0.0,0.7,0.32,390.0982963
0.00068,0.0,0.0,0.8,0.32,390.0982963
0.00068,0.0,0.0,0.9,0.32,390.0982963
0.00068,0.0,0.0,1.0,0.32,390.0982963
0.00064,0.0001,1e-05,0.0,0.36,317.1042884
0.00064,0.0001,1e-05,0.1,0.36,390.1011196
0.00064,0.0001,1e-05,0.2,0.36,390.1011196
0.00064,0.0001,1e-05,0.3,0.36,390.1011196
0.00064,0.0001,1e-05,0.4,0.36,390.1011196
0.00064,0.0001,1e-05,0.5,0.36,390.1011196
0.00064,0.0001,1e-05,0.6,0.36,390.1011196
0.00064,0.0001,1e-05,0.7,0.36,390.1011196
0.00064,0.0001,1e-05,0.8,0.36,390.1011196
0.00064,0.0001,1e-05,0.9,0.36,390.1011196
0.00064,0.0001,1e-05,1.0,0.36,390.1011196
0.00065,8.27e-05,0.0,0.0,0.35,317.10479
0.00065,8.27e-05,0.0,0.1,0.35,390.1037058
0.00065,8.27e-05,0.0,0.2,0.35,390.1037058
0.00065,8.27e-05,0.0,0.3,0.35,390.1037058
0.00065,8.27e-05,0.0,0.4,0.35,390.1037058
0.00065,8.27e-05,0.0,0.5,0.35,390.1037058
0.00065,8.27e-05,0.0,0.6,0.35,390.1037058
0.00065,8.27e-05,0.0,0.7,0.35,390.1037058
0.00065,8.27e-05,0.0,0.8,0.35,390.1037058
0.00065,8.27e-05,0.0,0.9,0.35,390.1037058
0.00065,8.27e-05,0.0,1.0,0.35,390.1037058
0.00065,8.27e-05,1e-05,0.0,0.35,317.10479
0.00065,8.27e-05,1e-05,0.1,0.35,390.1037058
0.00065,8.27e-05,1e-05,0.2,0.35,390.1037058
0.00065,8.27e-05,1e-05,0.3,0.35,390.1037058
0.00065,8.27e-05,1e-05,0.4,0.35,390.1037058
0.00065,8.27e-05,1e-05,0.5,0.35,390.1037058
0.00065,8.27e-05,1e-05,0.6,0.35,390.1037058
0.00065,8.27e-05,1e-05,0.7,0.35,390.1037058
0.00065,8.27e-05,1e-05,0.8,0.35,390.1037058
0.00065,8.27e-05,1e-05,0.9,0.35,390.1037058
0.00065,8.27e-05,1e-05,1.0,0.35,390.1037058
0.00066,0.0001,0.0,0.0,0.34,317.1040595
0.00066,0.0001,0.0,0.1,0.34,390.0997966
0.00066,0.0001,0.0,0.2,0.34,390.0997966
0.00066,0.0001,0.0,0.3,0.34,390.0997966
0.00066,0.0001,0.0,0.4,0.34,390.0997966
0.00066,0.0001,0.0,0.5,0.34,390.0997966
0.00066,0.0001,0.0,0.6,0.34,390.0997966
0.00066,0.0001,0.0,0.7,0.34,390.0997966
0.00066,0.0001,0.0,0.8,0.34,390.0997966
0.00066,0.0001,0.0,0.9,0.34,390.0997966
0.00066,0.0001,0.0,1.0,0.34,390.0997966
0.00066,6.69e-05,0.0,0.0,0.34,317.1050055
0.00066,6.69e-05,0.0,0.1,0.34,390.1047819
0.00066,6.69e-05,0.0,0.2,0.34,390.1047819
0.00066,6.69e-05,0.0,0.3,0.34,390.1047819
0.00066,6.69e-05,0.0,0.4,0.34,390.1047819
0.00066,6.69e-05,0.0,0.5,0.34,390.1047819
0.00066,6.69e-05,0.0,0.6,0.34,390.1047819
0.00066,6.69e-05,0.0,0.7,0.34,390.1047819
0.00066,6.69e-05,0.0,0.8,0.34,390.1047819
0.00066,6.69e-05,0.0,0.9,0.34,390.1047819
0.00066,6.69e-05,0.0,1.0,0.34,390.1047819
0.00066,6.69e-05,1e-05,0.0,0.34,317.1050055
0.00066,6.69e-05,1e-05,0.1,0.34,390.1047819
0.00066,6.69e-05,1e-05,0.2,0.34,390.1047819
0.00066,6.69e-05,1e-05,0.3,0.34,390.1047819
0.00066,6.69e-05,1e-05,0.4,0.34,390.1047819
0.00066,6.69e-05,1e-05,0.5,0.34,390.1047819
0.00066,6.69e-05,1e-05,0.6,0.34,390.1047819
0.00066,6.69e-05,1e-05,0.7,0.34,390.1047819
0.00066,6.69e-05,1e-05,0.8,0.34,390.1047819
0.00066,6.69e-05,1e-05,0.9,0.34,390.1047819
0.00066,6.69e-05,1e-05,1.0,0.34,390.1047819
0.00067,5.1e-05,1e-05,0.0,0.33,317.1050013
0.00067,5.1e-05,1e-05,0.1,0.33,390.1046969
0.00067,5.1e-05,1e-05,0.2,0.33,390.1046969
0.00067,5.1e-05,1e-05,0.3,0.33,390.1046969
0.00067,5.1e-05,1e-05,0.4,0.33,390.1046969
0.00067,5.1e-05,1e-05,0.5,0.33,390.1046969
0.00067,5.1e-05,1e-05,0.6,0.33,390.1046969
0.00067,5.1e-05,1e-05,0.7,0.33,390.1046969
0.00067,5.1e-05,1e-05,0.8,0.33,390.1046969
0.00067,5.1e-05,1e-05,0.9,0.33,390.1046969
0.00067,5.1e-05,1e-05,1.0,0.33,390.1046969
0.00067,5.1e-05,0.0,0.0,0.33,317.1050013
0.00067,5.1e-05,0.0,0.1,0.33,390.1046969
0.00067,5.1e-05,0.0,0.2,0.33,390.1046969
0.00067,5.1e-05,0.0,0.3,0.33,390.1046969
0.00067,5.1e-05,0.0,0.4,0.33,390.1046969
0.00067,5.1e-05,0.0,0.5,0.33,390.1046969
0.00067,5.1e-05,0.0,0.6,0.33,390.1046969
0.00067,5.1e-05,0.0,0.7,0.33,390.1046969
0.00067,5.1e-05,0.0,0.8,0.33,390.1046969
0.00067,5.1e-05,0.0,0.9,0.33,390.1046969
0.00067,5.1e-05,0.0,1.0,0.33,390.1046969
0.000675,4.28e-05,5e-06,0.0,0.325,317.1050206
0.000675,4.28e-05,5e-06,0.1,0.325,390.104766
0.000675,4.28e-05,5e-06,0.2,0.325,390.104766
0.000675,4.28e-05,5e-06,0.3,0.325,390.104766
0.000675,4.28e-05,5e-06,0.4,0.325,390.104766
0.000675,4.28e-05,5e-06,0.5,0.325,390.104766
0.000675,4.28e-05,5e-06,0.6,0.325,390.104766
0.000675,4.28e-05,5e-06,0.7,0.325,390.104766
0.000675,4.28e-05,5e-06,0.8,0.325,390.104766
0.000675,4.28e-05,5e-06,0.9,0.325,390.104766
0.000675,4.28e-05,5e-06,1.0,0.325,390.104766
0.00068,3.46e-05,0.0,0.0,0.32,317.1047669
0.00068,3.46e-05,0.0,0.1,0.32,390.1033956
0.00068,3.46e-05,0.0,0.2,0.32,390.1033956
0.00068,3.46e-05,0.0,0.3,0.32,390.1033956
0.00068,3.46e-05,0.0,0.4,0.32,390.1033956
0.00068,3.46e-05,0.0,0.5,0.32,390.1033956
0.00068,3.46e-05,0.0,0.6,0.32,390.1033956
0.00068,3.46e-05,0.0,0.7,0.32,390.1033956
0.00068,3.46e-05,0.0,0.8,0.32,390.1033956
0.00068,3.46e-05,0.0,0.9,0.32,390.1033956
0.00068,3.46e-05,0.0,1.0,0.32,390.1033956
0.00068,3.46e-05,1e-05,0.0,0.32,317.1047669
0.00068,3.46e-05,1e-05,0.1,0.32,390.1033956
0.00068,3.46e-05,1e-05,0.2,0.32,390.1033956
0.00068,3.46e-05,1e-05,0.3,0.32,390.1033956
0.00068,3.46e-05,1e-05,0.4,0.32,390.1033956
0.00068,3.46e-05,1e-05,0.5,0.32,390.1033956
0.00068,3.46e-05,1e-05,0.6,0.32,390.1033956
0.00068,3.46e-05,1e-05,0.7,0.32,390.1033956
0.00068,3.46e-05,1e-05,0.8,0.32,390.1033956
0.00068,3.46e-05,1e-05,0.9,0.32,390.1033956
0.00068,3.46e-05,1e-05,1.0,0.32,390.1033956
0.00069,1.73e-05,1e-05,0.0,0.31,317.1042694
0.00069,1.73e-05,1e-05,0.1,0.31,390.100705
0.00069,1.73e-05,1e-05,0.2,0.31,390.100705
0.00069,1.73e-05,1e-05,0.3,0.31,390.100705
0.00069,1.73e-05,1e-05,0.4,0.31,390.100705
0.00069,1.73e-05,1e-05,0.5,0.31,390.100705
0.00069,1.73e-05,1e-05,0.6,0.31,390.100705
0.00069,1.73e-05,1e-05,0.7,0.31,390.100705
0.00069,1.73e-05,1e-05,0.8,0.31,390.100705
0.00069,1.73e-05,1e-05,0.9,0.31,390.100705
0.00069,1.73e-05,1e-05,1.0,0.31,390.100705
0.00069,1.73e-05,0.0,0.0,0.31,317.1042694
0.00069,1.73e-05,0.0,0.1,0.31,390.100705
0.00069,1.73e-05,0.0,0.2,0.31,390.100705
0.00069,1.73e-05,0.0,0.3,0.31,390.100705
0.00069,1.73e-05,0.0,0.4,0.31,390.100705
0.00069,1.73e-05,0.0,0.5,0.31,390.100705
0.00069,1.73e-05,0.0,0.6,0.31,390.100705
0.00069,1.73e-05,0.0,0.7,0.31,390.100705
0.00069,1.73e-05,0.0,0.8,0.31,390.100705
0.00069,1.73e-05,0.0,0.9,0.31,390.100705
0.00069,1.73e-05,0.0,1.0,0.31,390.100705
0.0007,0.0,1e-05,0.0,0.3,317.1035073
0.0007,0.0,1e-05,0.1,0.3,390.0966184
0.0007,0.0,1e-05,0.2,0.3,390.0966184
0.0007,0.0,1e-05,0.3,0.3,390.0966184
0.0007,0.0,1e-05,0.4,0.3,390.0966184
0.0007,0.0,1e-05,0.5,0.3,390.0966184
0.0007,0.0,1e-05,0.6,0.3,390.0966184
0.0007,0.0,1e-05,0.7,0.3,390.0966184
0.0007,0.0,1e-05,0.8,0.3,390.0966184
0.0007,0.0,1e-05,0.9,0.3,390.0966184
0.0007,0.0,1e-05,1.0,0.3,390.0966184
0.0007,0.0,0.0,0.0,0.3,317.1035073
0.0007,0.0,0.0,0.1,0.3,390.0966184
0.0007,0.0,0.0,0.2,0.3,390.0966184
0.0007,0.0,0.0,0.3,0.3,390.0966184
0.0007,0.0,0.0,0.4,0.3,390.0966184
0.0007,0.0,0.0,0.5,0.3,390.0966184
0.0007,0.0,0.0,0.6,0.3,390.0966184
0.0007,0.0,0.0,0.7,0.3,390.0966184
0.0007,0.0,0.0,0.8,0.3,390.0966184
0.0007,0.0,0.0,0.9,0.3,390.0966184
0.0007,0.0,0.0,1.0,0.3,390.0966184
0.00066,0.0001,1e-05,0.0,0.34,317.1040595
0.00066,0.0001,1e-05,0.1,0.34,390.0997966
0.00066,0.0001,1e-05,0.2,0.34,390.0997966
0.00066,0.0001,1e-05,0.3,0.34,390.0997966
0.00066,0.0001,1e-05,0.4,0.34,390.0997966
0.00066,0.0001,1e-05,0.5,0.34,390.0997966
0.00066,0.0001,1e-05,0.6,0.34,390.0997966
0.00066,0.0001,1e-05,0.7,0.34,390.0997966
0.00066,0.0001,1e-05,0.8,0.34,390.0997966
0.00066,0.0001,1e-05,0.9,0.34,390.0997966
0.00066,0.0001,1e-05,1.0,0.34,390.0997966
0.00067,8.27e-05,0.0,0.0,0.33,317.1045455
0.00067,8.27e-05,0.0,0.1,0.33,390.1022941
0.00067,8.27e-05,0.0,0.2,0.33,390.1022941
0.00067,8.27e-05,0.0,0.3,0.33,390.1022941
0.00067,8.27e-05,0.0,0.4,0.33,390.1022941
0.00067,8.27e-05,0.0,0.5,0.33,390.1022941
0.00067,8.27e-05,0.0,0.6,0.33,390.1022941
0.00067,8.27e-05,0.0,0.7,0.33,390.1022941
0.00067,8.27e-05,0.0,0.8,0.33,390.1022941
0.00067,8.27e-05,0.0,0.9,0.33,390.1022941
0.00067,8.27e-05,0.0,1.0,0.33,390.1022941
0.00067,8.27e-05,1e-05,0.0,0.33,317.1045455
0.00067,8.27e-05,1e-05,0.1,0.33,390.1022941
0.00067,8.27e-05,1e-05,0.2,0.33,390.1022941
0.00067,8.27e-05,1e-05,0.3,0.33,390.1022941
0.00067,8.27e-05,1e-05,0.4,0.33,390.1022941
0.00067,8.27e-05,1e-05,0.5,0.33,390.1022941
0.00067,8.27e-05,1e-05,0.6,0.33,390.1022941
0.00067,8.27e-05,1e-05,0.7,0.33,390.1022941
0.00067,8.27e-05,1e-05,0.8,0.33,390.1022941
0.00067,8.27e-05,1e-05,0.9,0.33,390.1022941
0.00067,8.27e-05,1e-05,1.0,0.33,390.1022941
0.00068,0.0001,0.0,0.0,0.32,317.1037993
0.00068,0.0001,0.0,0.1,0.32,390.0982963
0.00068,0.0001,0.0,0.2,0.32,390.0982963
0.00068,0.0001,0.0,0.3,0.32,390.0982963
0.00068,0.0001,0.0,0.4,0.32,390.0982963
0.00068,0.0001,0.0,0.5,0.32,390.0982963
0.00068,0.0001,0.0,0.6,0.32,390.0982963
0.00068,0.0001,0.0,0.7,0.32,390.0982963
0.00068,0.0001,0.0,0.8,0.32,390.0982963
0.00068,0.0001,0.0,0.9,0.32,390.0982963
0.00068,0.0001,0.0,1.0,0.32,390.0982963
0.00068,6.69e-05,0.0,0.0,0.32,317.1047452
0.00068,6.69e-05,0.0,0.1,0.32,390.1032815
0.00068,6.69e-05,0.0,0.2,0.32,390.1032815
0.00068,6.69e-05,0.0,0.3,0.32,390.1032815
0.00068,6.69e-05,0.0,0.4,0.32,390.1032815
0.00068,6.69e-05,0.0,0.5,0.32,390.1032815
0.00068,6.69e-05,0.0,0.6,0.32,390.1032815
0.00068,6.69e-05,0.0,0.7,0.32,390.1032815
0.00068,6.69e-05,0.0,0.8,0.32,390.1032815
0.00068,6.69e-05,0.0,0.9,0.32,390.1032815
0.00068,6.69e-05,0.0,1.0,0.32,390.1032815
0.00068,6.69e-05,1e-05,0.0,0.32,317.1047452
0.00068,6.69e-05,1e-05,0.1,0.32,390.1032815
0.00068,6.69e-05,1e-05,0.2,0.32,390.1032815
0.00068,6.69e-05,1e-05,0.3,0.32,390.1032815
0.00068,6.69e-05,1e-05,0.4,0.32,390.1032815
0.00068,6.69e-05,1e-05,0.5,0.32,390.1032815
0.00068,6.69e-05,1e-05,0.6,0.32,390.1032815
0.00068,6.69e-05,1e-05,0.7,0.32,390.1032815
0.00068,6.69e-05,1e-05,0.8,0.32,390.1032815
0.00068,6.69e-05,1e-05,0.9,0.32,390.1032815
0.00068,6.69e-05,1e-05,1.0,0.32,390.1032815
0.00069,5.1e-05,0.0,0.0,0.31,317.1047252
0.00069,5.1e-05,0.0,0.1,0.31,390.1031077
0.00069,5.1e-05,0.0,0.2,0.31,390.1031077
0.00069,5.1e-05,0.0,0.3,0.31,390.1031077
0.00069,5.1e-05,0.0,0.4,0.31,390.1031077
0.00069,5.1e-05,0.0,0.5,0.31,390.1031077
0.00069,5.1e-05,0.0,0.6,0.31,390.1031077
0.00069,5.1e-05,0.0,0.7,0.31,390.1031077
0.00069,5.1e-05,0.0,0.8,0.31,390.1031077
0.00069,5.1e-05,0.0,0.9,0.31,390.1031077
0.00069,5.1e-05,0.0,1.0,0.31,390.1031077
0.00069,5.1e-05,1e-05,0.0,0.31,317.1047252
0.00069,5.1e-05,1e-05,0.1,0.31,390.1031077
0.00069,5.1e-05,1e-05,0.2,0.31,390.1031077
0.00069,5.1e-05,1e-05,0.3,0.31,390.1031077
0.00069,5.1e-05,1e-05,0.4,0.31,390.1031077
0.00069,5.1e-05,1e-05,0.5,0.31,390.1031077
0.00069,5.1e-05,1e-05,0.6,0.31,390.1031077
0.00069,5.1e-05,1e-05,0.7,0.31,390.1031077
0.00069,5.1e-05,1e-05,0.8,0.31,390.1031077
0.00069,5.1e-05,1e-05,0.9,0.31,390.1031077
0.00069,5.1e-05,1e-05,1.0,0.31,390.1031077
0.0007,3.46e-05,0.0,0.0,0.3,317.1044749
0.0007,3.46e-05,0.0,0.1,0.3,390.1017176
0.0007,3.46e-05,0.0,0.2,0.3,390.1017176
0.0007,3.46e-05,0.0,0.3,0.3,390.1017176
0.0007,3.46e-05,0.0,0.4,0.3,390.1017176
0.0007,3.46e-05,0.0,0.5,0.3,390.1017176
0.0007,3.46e-05,0.0,0.6,0.3,390.1017176
0.0007,3.46e-05,0.0,0.7,0.3,390.1017176
0.0007,3.46e-05,0.0,0.8,0.3,390.1017176
0.0007,3.46e-05,0.0,0.9,0.3,390.1017176
0.0007,3.46e-05,0.0,1.0,0.3,390.1017176
0.0007,3.46e-05,1e-05,0.0,0.3,317.1044749
0.0007,3.46e-05,1e-05,0.1,0.3,390.1017176
0.0007,3.46e-05,1e-05,0.2,0.3,390.1017176
0.0007,3.46e-05,1e-05,0.3,0.3,390.1017176
0.0007,3.46e-05,1e-05,0.4,0.3,390.1017176
0.0007,3.46e-05,1e-05,0.5,0.3,390.1017176
0.0007,3.46e-05,1e-05,0.6,0.3,390.1017176
0.0007,3.46e-05,1e-05,0.7,0.3,390.1017176
0.0007,3.46e-05,1e-05,0.8,0.3,390.1017176
0.0007,3.46e-05,1e-05,0.9,0.3,390.1017176
0.0007,3.46e-05,1e-05,1.0,0.3,390.1017176
0.00071,1.73e-05,0.0,0.0,0.29,317.1039614
0.00071,1.73e-05,0.0,0.1,0.29,390.0989381
0.00071,1.73e-05,0.0,0.2,0.29,390.0989381
0.00071,1.73e-05,0.0,0.3,0.29,390.0989381
0.00071,1.73e-05,0.0,0.4,0.29,390.0989381
0.00071,1.73e-05,0.0,0.5,0.29,390.0989381
0.00071,1.73e-05,0.0,0.6,0.29,390.0989381
0.00071,1.73e-05,0.0,0.7,0.29,390.0989381
0.00071,1.73e-05,0.0,0.8,0.29,390.0989381
0.00071,1.73e-05,0.0,0.9,0.29,390.0989381
0.00071,1.73e-05,0.0,1.0,0.29,390.0989381
0.00071,1.73e-05,1e-05,0.0,0.29,317.1039614
0.00071,1.73e-05,1e-05,0.1,0.29,390.0989381
0.00071,1.73e-05,1e-05,0.2,0.29,390.0989381
0.00071,1.73e-05,1e-05,0.3,0.29,390.0989381
0.00071,1.73e-05,1e-05,0.4,0.29,390.0989381
0.00071,1.73e-05,1e-05,0.5,0.29,390.0989381
0.00071,1.73e-05,1e-05,0.6,0.29,390.0989381
0.00071,1.73e-05,1e-05,0.7,0.29,390.0989381
0.00071,1.73e-05,1e-05,0.8,0.29,390.0989381
0.00071,1.73e-05,1e-05,0.9,0.29,390.0989381
0.00071,1.73e-05,1e-05,1.0,0.29,390.0989381
0.00072,0.0,0.0,0.0,0.28,317.1031832
0.00072,0.0,0.0,0.1,0.28,390.0947625
0.00072,0.0,0.0,0.2,0.28,390.0947625
0.00072,0.0,0.0,0.3,0.28,390.0947625
0.00072,0.0,0.0,0.4,0.28,390.0947625
0.00072,0.0,0.0,0.5,0.28,390.0947625
0.00072,0.0,0.0,0.6,0.28,390.0947625
0.00072,0.0,0.0,0.7,0.28,390.0947625
0.00072,0.0,0.0,0.8,0.28,390.0947625
0.00072,0.0,0.0,0.9,0.28,390.0947625
0.00072,0.0,0.0,1.0,0.28,390.0947625
0.00072,0.0,1e-05,0.0,0.28,317.1031833
0.00072,0.0,1e-05,0.1,0.28,390.0947625
0.00072,0.0,1e-05,0.2,0.28,390.0947625
0.00072,0.0,1e-05,0.3,0.28,390.0947625
0.00072,0.0,1e-05,0.4,0.28,390.0947625
0.00072,0.0,1e-05,0.5,0.28,390.0947625
0.00072,0.0,1e-05,0.6,0.28,390.0947625
0.00072,0.0,1e-05,0.7,0.28,390.0947625
0.00072,0.0,1e-05,0.8,0.28,390.0947625
0.00072,0.0,1e-05,0.9,0.28,390.0947625
0.00072,0.0,1e-05,1.0,0.28,390.0947625
0.00068,0.0001,1e-05,0.0,0.32,317.1037993
0.00068,0.0001,1e-05,0.1,0.32,390.0982963
0.00068,0.0001,1e-05,0.2,0.32,390.0982963
0.00068,0.0001,1e-05,0.3,0.32,390.0982963
0.00068,0.0001,1e-05,0.4,0.32,390.0982963
0.00068,0.0001,1e-05,0.5,0.32,390.0982963
0.00068,0.0001,1e-05,0.6,0.32,390.0982963
0.00068,0.0001,1e-05,0.7,0.32,390.0982963
0.00068,0.0001,1e-05,0.8,0.32,390.0982963
0.00068,0.0001,1e-05,0.9,0.32,390.0982963
0.00068,0.0001,1e-05,1.0,0.32,390.0982963
0.00069,8.27e-05,0.0,0.0,0.31,317.1042694
0.00069,8.27e-05,0.0,0.1,0.31,390.100705
0.00069,8.27e-05,0.0,0.2,0.31,390.100705
0.00069,8.27e-05,0.0,0.3,0.31,390.100705
0.00069,8.27e-05,0.0,0.4,0.31,390.100705
0.00069,8.27e-05,0.0,0.5,0.31,390.100705
0.00069,8.27e-05,0.0,0.6,0.31,390.100705
0.00069,8.27e-05,0.0,0.7,0.31,390.100705
0.00069,8.27e-05,0.0,0.8,0.31,390.100705
0.00069,8.27e-05,0.0,0.9,0.31,390.100705
0.00069,8.27e-05,0.0,1.0,0.31,390.100705
0.00069,8.27e-05,1e-05,0.0,0.31,317.1042694
0.00069,8.27e-05,1e-05,0.1,0.31,390.100705
0.00069,8.27e-05,1e-05,0.2,0.31,390.100705
0.00069,8.27e-05,1e-05,0.3,0.31,390.100705
0.00069,8.27e-05,1e-05,0.4,0.31,390.100705
0.00069,8.27e-05,1e-05,0.5,0.31,390.100705
0.00069,8.27e-05,1e-05,0.6,0.31,390.100705
0.00069,8.27e-05,1e-05,0.7,0.31,390.100705
0.00069,8.27e-05,1e-05,0.8,0.31,390.100705
0.00069,8.27e-05,1e-05,0.9,0.31,390.100705
0.00069,8.27e-05,1e-05,1.0,0.31,390.100705
0.0007,0.0001,0.0,0.0,0.3,317.1035073
0.0007,0.0001,0.0,0.1,0.3,390.0966184
0.0007,0.0001,0.0,0.2,0.3,390.0966184
0.0007,0.0001,0.0,0.3,0.3,390.0966184
0.0007,0.0001,0.0,0.4,0.3,390.0966184
0.0007,0.0001,0.0,0.5,0.3,390.0966184
0.0007,0.0001,0.0,0.6,0.3,390.0966184
0.0007,0.0001,0.0,0.7,0.3,390.0966184
0.0007,0.0001,0.0,0.8,0.3,390.0966184
0.0007,0.0001,0.0,0.9,0.3,390.0966184
0.0007,0.0001,0.0,1.0,0.3,390.0966184
0.0007,6.69e-05,0.0,0.0,0.3,317.1044532
0.0007,6.69e-05,0.0,0.1,0.3,390.1016035
0.0007,6.69e-05,0.0,0.2,0.3,390.1016035
0.0007,6.69e-05,0.0,0.3,0.3,390.1016035
0.0007,6.69e-05,0.0,0.4,0.3,390.1016035
0.0007,6.69e-05,0.0,0.5,0.3,390.1016035
0.0007,6.69e-05,0.0,0.6,0.3,390.1016035
0.0007,6.69e-05,0.0,0.7,0.3,390.1016035
0.0007,6.69e-05,0.0,0.8,0.3,390.1016035
0.0007,6.69e-05,0.0,0.9,0.3,390.1016035
0.0007,6.69e-05,0.0,1.0,0.3,390.1016035
0.0007,6.69e-05,1e-05,0.0,0.3,317.1044532
0.0007,6.69e-05,1e-05,0.1,0.3,390.1016035
0.0007,6.69e-05,1e-05,0.2,0.3,390.1016035
0.0007,6.69e-05,1e-05,0.3,0.3,390.1016035
0.0007,6.69e-05,1e-05,0.4,0.3,390.1016035
0.0007,6.69e-05,1e-05,0.5,0.3,390.1016035
0.0007,6.69e-05,1e-05,0.6,0.3,390.1016035
0.0007,6.69e-05,1e-05,0.7,0.3,390.1016035
0.0007,6.69e-05,1e-05,0.8,0.3,390.1016035
0.0007,6.69e-05,1e-05,0.9,0.3,390.1016035
0.0007,6.69e-05,1e-05,1.0,0.3,390.1016035
0.00073,1.73e-05,0.0,0.0,0.27,317.1036212
0.00073,1.73e-05,0.0,0.1,0.27,390.096993
0.00073,1.73e-05,0.0,0.2,0.27,390.096993
0.00073,1.73e-05,0.0,0.3,0.27,390.096993
0.00073,1.73e-05,0.0,0.4,0.27,390.096993
0.00073,1.73e-05,0.0,0.5,0.27,390.096993
0.00073,1.73e-05,0.0,0.6,0.27,390.096993
0.00073,1.73e-05,0.0,0.7,0.27,390.096993
0.00073,1.73e-05,0.0,0.8,0.27,390.096993
0.00073,1.73e-05,0.0,0.9,0.27,390.096993
0.00073,1.73e-05,0.0,1.0,0.27,390.096993
0.00074,0.0,0.0,0.0,0.26,317.1028267
0.00074,0.0,0.0,0.1,0.26,390.0927282
0.00074,0.0,0.0,0.2,0.26,390.0927282
0.00074,0.0,0.0,0.3,0.26,390.0927282
0.00074,0.0,0.0,0.4,0.26,390.0927282
0.00074,0.0,0.0,0.5,0.26,390.0927282
0.00074,0.0,0.0,0.6,0.26,390.0927282
0.00074,0.0,0.0,0.7,0.26,390.0927282
0.00074,0.0,0.0,0.8,0.26,390.0927282
0.00074,0.0,0.0,0.9,0.26,390.0927282
0.00074,0.0,0.0,1.0,0.26,390.0927282
0.00074,0.0,1e-05,0.0,0.26,317.1028267
0.00074,0.0,1e-05,0.1,0.26,390.0927282
0.00074,0.0,1e-05,0.2,0.26,390.0927282
0.00074,0.0,1e-05,0.3,0.26,390.0927282
0.00074,0.0,1e-05,0.4,0.26,390.0927282
0.00074,0.0,1e-05,0.5,0.26,390.0927282
0.00074,0.0,1e-05,0.6,0.26,390.0927282
0.00074,0.0,1e-05,0.7,0.26,390.0927282
0.00074,0.0,1e-05,0.8,0.26,390.0927282
0.00074,0.0,1e-05,0.9,0.26,390.0927282
0.00074,0.0,1e-05,1.0,0.26,390.0927282
0.00072,3.46e-05,0.0,0.0,0.28,317.1041508
0.00072,3.46e-05,0.0,0.1,0.28,390.0998616
0.00072,3.46e-05,0.0,0.2,0.28,390.0998616
0.00072,3.46e-05,0.0,0.3,0.28,390.0998616
0.00072,3.46e-05,0.0,0.4,0.28,390.0998616
0.00072,3.46e-05,0.0,0.5,0.28,390.0998616
0.00072,3.46e-05,0.0,0.6,0.28,390.0998616
0.00072,3.46e-05,0.0,0.7,0.28,390.0998616
0.00072,3.46e-05,0.0,0.8,0.28,390.0998616
0.00072,3.46e-05,0.0,0.9,0.28,390.0998616
0.00072,3.46e-05,0.0,1.0,0.28,390.0998616
0.00071,5.1e-05,0.0,0.0,0.29,317.1044172
0.00071,5.1e-05,0.0,0.1,0.29,390.1013408
0.00071,5.1e-05,0.0,0.2,0.29,390.1013408
0.00071,5.1e-05,0.0,0.3,0.29,390.1013408
0.00071,5.1e-05,0.0,0.4,0.29,390.1013408
0.00071,5.1e-05,0.0,0.5,0.29,390.1013408
0.00071,5.1e-05,0.0,0.6,0.29,390.1013408
0.00071,5.1e-05,0.0,0.7,0.29,390.1013408
0.00071,5.1e-05,0.0,0.8,0.29,390.1013408
0.00071,5.1e-05,0.0,0.9,0.29,390.1013408
0.00071,5.1e-05,0.0,1.0,0.29,390.1013408
0.00071,5.1e-05,1e-05,0.0,0.29,317.1044172
0.00071,5.1e-05,1e-05,0.1,0.29,390.1013408
0.00071,5.1e-05,1e-05,0.2,0.29,390.1013408
0.00071,5.1e-05,1e-05,0.3,0.29,390.1013408
0.00071,5.1e-05,1e-05,0.4,0.29,390.1013408
0.00071,5.1e-05,1e-05,0.5,0.29,390.1013408
0.00071,5.1e-05,1e-05,0.6,0.29,390.1013408
0.00071,5.1e-05,1e-05,0.7,0.29,390.1013408
0.00071,5.1e-05,1e-05,0.8,0.29,390.1013408
0.00071,5.1e-05,1e-05,0.9,0.29,390.1013408
0.00071,5.1e-05,1e-05,1.0,0.29,390.1013408
0.00072,3.46e-05,1e-05,0.0,0.28,317.1041508
0.00072,3.46e-05,1e-05,0.1,0.28,390.0998616
0.00072,3.46e-05,1e-05,0.2,0.28,390.0998616
0.00072,3.46e-05,1e-05,0.3,0.28,390.0998616
0.00072,3.46e-05,1e-05,0.4,0.28,390.0998616
0.00072,3.46e-05,1e-05,0.5,0.28,390.0998616
0.00072,3.46e-05,1e-05,0.6,0.28,390.0998616
0.00072,3.46e-05,1e-05,0.7,0.28,390.0998616
0.00072,3.46e-05,1e-05,0.8,0.28,390.0998616
0.00072,3.46e-05,1e-05,0.9,0.28,390.0998616
0.00072,3.46e-05,1e-05,1.0,0.28,390.0998616
0.00073,1.73e-05,1e-05,0.0,0.27,317.1036212
0.00073,1.73e-05,1e-05,0.1,0.27,390.096993
0.00073,1.73e-05,1e-05,0.2,0.27,390.096993
0.00073,1.73e-05,1e-05,0.3,0.27,390.096993
0.00073,1.73e-05,1e-05,0.4,0.27,390.096993
0.00073,1.73e-05,1e-05,0.5,0.27,390.096993
0.00073,1.73e-05,1e-05,0.6,0.27,390.096993
0.00073,1.73e-05,1e-05,0.7,0.27,390.096993
0.00073,1.73e-05,1e-05,0.8,0.27,390.096993
0.00073,1.73e-05,1e-05,0.9,0.27,390.096993
0.00073,1.73e-05,1e-05,1.0,0.27,390.096993
0.0007,0.0001,1e-05,0.0,0.3,317.1035073
0.0007,0.0001,1e-05,0.1,0.3,390.0966184
0.0007,0.0001,1e-05,0.2,0.3,390.0966184
0.0007,0.0001,1e-05,0.3,0.3,390.0966184
0.0007,0.0001,1e-05,0.4,0.3,390.0966184
0.0007,0.0001,1e-05,0.5,0.3,390.0966184
0.0007,0.0001,1e-05,0.6,0.3,390.0966184
0.0007,0.0001,1e-05,0.7,0.3,390.0966184
0.0007,0.0001,1e-05,0.8,0.3,390.0966184
0.0007,0.0001,1e-05,0.9,0.3,390.0966184
0.0007,0.0001,1e-05,1.0,0.3,390.0966184
0.00071,8.27e-05,0.0,0.0,0.29,317.1039614
0.00071,8.27e-05,0.0,0.1,0.29,390.0989381
0.00071,8.27e-05,0.0,0.2,0.29,390.0989381
0.00071,8.27e-05,0.0,0.3,0.29,390.0989381
0.00071,8.27e-05,0.0,0.4,0.29,390.0989381
0.00071,8.27e-05,0.0,0.5,0.29,390.0989381
0.00071,8.27e-05,0.0,0.6,0.29,390.0989381
0.00071,8.27e-05,0.0,0.7,0.29,390.0989381
0.00071,8.27e-05,0.0,0.8,0.29,390.0989381
0.00071,8.27e-05,0.0,0.9,0.29,390.0989381
0.00071,8.27e-05,0.0,1.0,0.29,390.0989381
0.00071,8.27e-05,1e-05,0.0,0.29,317.1039614
0.00071,8.27e-05,1e-05,0.1,0.29,390.0989381
0.00071,8.27e-05,1e-05,0.2,0.29,390.0989381
0.00071,8.27e-05,1e-05,0.3,0.29,390.0989381
0.00071,8.27e-05,1e-05,0.4,0.29,390.0989381
0.00071,8.27e-05,1e-05,0.5,0.29,390.0989381
0.00071,8.27e-05,1e-05,0.6,0.29,390.0989381
0.00071,8.27e-05,1e-05,0.7,0.29,390.0989381
0.00071,8.27e-05,1e-05,0.8,0.29,390.0989381
0.00071,8.27e-05,1e-05,0.9,0.29,390.0989381
0.00071,8.27e-05,1e-05,1.0,0.29,390.0989381
0.00072,0.0001,0.0,0.0,0.28,317.1031833
0.00072,0.0001,0.0,0.1,0.28,390.0947625
0.00072,0.0001,0.0,0.2,0.28,390.0947625
0.00072,0.0001,0.0,0.3,0.28,390.0947625
0.00072,0.0001,0.0,0.4,0.28,390.0947625
0.00072,0.0001,0.0,0.5,0.28,390.0947625
0.00072,0.0001,0.0,0.6,0.28,390.0947625
0.00072,0.0001,0.0,0.7,0.28,390.0947625
0.00072,0.0001,0.0,0.8,0.28,390.0947625
0.00072,0.0001,0.0,0.9,0.28,390.0947625
0.00072,0.0001,0.0,1.0,0.28,390.0947625
0.00072,6.69e-05,0.0,0.0,0.28,317.1041292
0.00072,6.69e-05,0.0,0.1,0.28,390.0997475
0.00072,6.69e-05,0.0,0.2,0.28,390.0997475
0.00072,6.69e-05,0.0,0.3,0.28,390.0997475
0.00072,6.69e-05,0.0,0.4,0.28,390.0997475
0.00072,6.69e-05,0.0,0.5,0.28,390.0997475
0.00072,6.69e-05,0.0,0.6,0.28,390.0997475
0.00072,6.69e-05,0.0,0.7,0.28,390.0997475
0.00072,6.69e-05,0.0,0.8,0.28,390.0997475
0.00072,6.69e-05,0.0,0.9,0.28,390.0997475
0.00072,6.69e-05,0.0,1.0,0.28,390.0997475
0.00072,6.69e-05,1e-05,0.0,0.28,317.1041292
0.00072,6.69e-05,1e-05,0.1,0.28,390.0997475
0.00072,6.69e-05,1e-05,0.2,0.28,390.0997475
0.00072,6.69e-05,1e-05,0.3,0.28,390.0997475
0.00072,6.69e-05,1e-05,0.4,0.28,390.0997475
0.00072,6.69e-05,1e-05,0.5,0.28,390.0997475
0.00072,6.69e-05,1e-05,0.6,0.28,390.0997475
0.00072,6.69e-05,1e-05,0.7,0.28,390.0997475
0.00072,6.69e-05,1e-05,0.8,0.28,390.0997475
0.00072,6.69e-05,1e-05,0.9,0.28,390.0997475
0.00072,6.69e-05,1e-05,1.0,0.28,390.0997475
0.00076,0.0,0.0,0.0,0.24,317.1024373
0.00076,0.0,0.0,0.1,0.24,390.0905151
0.00076,0.0,0.0,0.2,0.24,390.0905151
0.00076,0.0,0.0,0.3,0.24,390.0905151
0.00076,0.0,0.0,0.4,0.24,390.0905151
0.00076,0.0,0.0,0.5,0.24,390.0905151
0.00076,0.0,0.0,0.6,0.24,390.0905151
0.00076,0.0,0.0,0.7,0.24,390.0905151
0.00076,0.0,0.0,0.8,0.24,390.0905151
0.00076,0.0,0.0,0.9,0.24,390.0905151
0.00076,0.0,0.0,1.0,0.24,390.0905151
0.00076,0.0,1e-05,0.0,0.24,317.1024373
0.00076,0.0,1e-05,0.1,0.24,390.0905151
0.00076,0.0,1e-05,0.2,0.24,390.0905151
0.00076,0.0,1e-05,0.3,0.24,390.0905151
0.00076,0.0,1e-05,0.4,0.24,390.0905151
0.00076,0.0,1e-05,0.5,0.24,390.0905151
0.00076,0.0,1e-05,0.6,0.24,390.0905151
0.00076,0.0,1e-05,0.7,0.24,390.0905151
0.00076,0.0,1e-05,0.8,0.24,390.0905151
0.00076,0.0,1e-05,0.9,0.24,390.0905151
0.00076,0.0,1e-05,1.0,0.24,390.0905151
0.00075,1.73e-05,0.0,0.0,0.25,317.1032482
0.00075,1.73e-05,0.0,0.1,0.25,390.0948693
0.00075,1.73e-05,0.0,0.2,0.25,390.0948693
0.00075,1.73e-05,0.0,0.3,0.25,390.0948693
0.00075,1.73e-05,0.0,0.4,0.25,390.0948693
0.00075,1.73e-05,0.0,0.5,0.25,390.0948693
0.00075,1.73e-05,0.0,0.6,0.25,390.0948693
0.00075,1.73e-05,0.0,0.7,0.25,390.0948693
0.00075,1.73e-05,0.0,0.8,0.25,390.0948693
0.00075,1.73e-05,0.0,0.9,0.25,390.0948693
0.00075,1.73e-05,0.0,1.0,0.25,390.0948693
0.00075,1.73e-05,1e-05,0.0,0.25,317.1032482
0.00075,1.73e-05,1e-05,0.1,0.25,390.0948693
0.00075,1.73e-05,1e-05,0.2,0.25,390.0948693
0.00075,1.73e-05,1e-05,0.3,0.25,390.0948693
0.00075,1.73e-05,1e-05,0.4,0.25,390.0948693
0.00075,1.73e-05,1e-05,0.5,0.25,390.0948693
0.00075,1.73e-05,1e-05,0.6,0.25,390.0948693
0.00075,1.73e-05,1e-05,0.7,0.25,390.0948693
0.00075,1.73e-05,1e-05,0.8,0.25,390.0948693
0.00075,1.73e-05,1e-05,0.9,0.25,390.0948693
0.00075,1.73e-05,1e-05,1.0,0.25,390.0948693
0.00074,3.46e-05,0.0,0.0,0.26,317.1037943
0.00074,3.46e-05,0.0,0.1,0.26,390.0978272
0.00074,3.46e-05,0.0,0.2,0.26,390.0978272
0.00074,3.46e-05,0.0,0.3,0.26,390.0978272
0.00074,3.46e-05,0.0,0.4,0.26,390.0978272
0.00074,3.46e-05,0.0,0.5,0.26,390.0978272
0.00074,3.46e-05,0.0,0.6,0.26,390.0978272
0.00074,3.46e-05,0.0,0.7,0.26,390.0978272
0.00074,3.46e-05,0.0,0.8,0.26,390.0978272
0.00074,3.46e-05,0.0,0.9,0.26,390.0978272
0.00074,3.46e-05,0.0,1.0,0.26,390.0978272
0.00073,5.1e-05,0.0,0.0,0.27,317.1040769
0.00073,5.1e-05,0.0,0.1,0.27,390.0993956
0.00073,5.1e-05,0.0,0.2,0.27,390.0993956
0.00073,5.1e-05,0.0,0.3,0.27,390.0993956
0.00073,5.1e-05,0.0,0.4,0.27,390.0993956
0.00073,5.1e-05,0.0,0.5,0.27,390.0993956
0.00073,5.1e-05,0.0,0.6,0.27,390.0993956
0.00073,5.1e-05,0.0,0.7,0.27,390.0993956
0.00073,5.1e-05,0.0,0.8,0.27,390.0993956
0.00073,5.1e-05,0.0,0.9,0.27,390.0993956
0.00073,5.1e-05,0.0,1.0,0.27,390.0993956
0.00073,5.1e-05,1e-05,0.0,0.27,317.1040769
0.00073,5.1e-05,1e-05,0.1,0.27,390.0993956
0.00073,5.1e-05,1e-05,0.2,0.27,390.0993956
0.00073,5.1e-05,1e-05,0.3,0.27,390.0993956
0.00073,5.1e-05,1e-05,0.4,0.27,390.0993956
0.00073,5.1e-05,1e-05,0.5,0.27,390.0993956
0.00073,5.1e-05,1e-05,0.6,0.27,390.0993956
0.00073,5.1e-05,1e-05,0.7,0.27,390.0993956
0.00073,5.1e-05,1e-05,0.8,0.27,390.0993956
0.00073,5.1e-05,1e-05,0.9,0.27,390.0993956
0.00073,5.1e-05,1e-05,1.0,0.27,390.0993956
0.00074,3.46e-05,1e-05,0.0,0.26,317.1037943
0.00074,3.46e-05,1e-05,0.1,0.26,390.0978272
0.00074,3.46e-05,1e-05,0.2,0.26,390.0978272
0.00074,3.46e-05,1e-05,0.3,0.26,390.0978272
0.00074,3.46e-05,1e-05,0.4,0.26,390.0978272
0.00074,3.46e-05,1e-05,0.5,0.26,390.0978272
0.00074,3.46e-05,1e-05,0.6,0.26,390.0978272
0.00074,3.46e-05,1e-05,0.7,0.26,390.0978272
0.00074,3.46e-05,1e-05,0.8,0.26,390.0978272
0.00074,3.46e-05,1e-05,0.9,0.26,390.0978272
0.00074,3.46e-05,1e-05,1.0,0.26,390.0978272
0.00072,0.0001,1e-05,0.0,0.28,317.1031833
0.00072,0.0001,1e-05,0.1,0.28,390.0947625
0.00072,0.0001,1e-05,0.2,0.28,390.0947625
0.00072,0.0001,1e-05,0.3,0.28,390.0947625
0.00072,0.0001,1e-05,0.4,0.28,390.0947625
0.00072,0.0001,1e-05,0.5,0.28,390.0947625
0.00072,0.0001,1e-05,0.6,0.28,390.0947625
0.00072,0.0001,1e-05,0.7,0.28,390.0947625
0.00072,0.0001,1e-05,0.8,0.28,390.0947625
0.00072,0.0001,1e-05,0.9,0.28,390.0947625
0.00072,0.0001,1e-05,1.0,0.28,390.0947625
0.00073,8.27e-05,0.0,0.0,0.27,317.1036212
0.00073,8.27e-05,0.0,0.1,0.27,390.096993
0.00073,8.27e-05,0.0,0.2,0.27,390.096993
0.00073,8.27e-05,0.0,0.3,0.27,390.096993
0.00073,8.27e-05,0.0,0.4,0.27,390.096993
0.00073,8.27e-05,0.0,0.5,0.27,390.096993
0.00073,8.27e-05,0.0,0.6,0.27,390.096993
0.00073,8.27e-05,0.0,0.7,0.27,390.096993
0.00073,8.27e-05,0.0,0.8,0.27,390.096993
0.00073,8.27e-05,0.0,0.9,0.27,390.096993
0.00073,8.27e-05,0.0,1.0,0.27,390.096993
0.00073,8.27e-05,1e-05,0.0,0.27,317.1036212
0.00073,8.27e-05,1e-05,0.1,0.27,390.096993
0.00073,8.27e-05,1e-05,0.2,0.27,390.096993
0.00073,8.27e-05,1e-05,0.3,0.27,390.096993
0.00073,8.27e-05,1e-05,0.4,0.27,390.096993
0.00073,8.27e-05,1e-05,0.5,0.27,390.096993
0.00073,8.27e-05,1e-05,0.6,0.27,390.096993
0.00073,8.27e-05,1e-05,0.7,0.27,390.096993
0.00073,8.27e-05,1e-05,0.8,0.27,390.096993
0.00073,8.27e-05,1e-05,0.9,0.27,390.096993
0.00073,8.27e-05,1e-05,1.0,0.27,390.096993
0.00074,0.0001,0.0,0.0,0.26,317.1028267
0.00074,0.0001,0.0,0.1,0.26,390.0927282
0.00074,0.0001,0.0,0.2,0.26,390.0927282
0.00074,0.0001,0.0,0.3,0.26,390.0927282
0.00074,0.0001,0.0,0.4,0.26,390.0927282
0.00074,0.0001,0.0,0.5,0.26,390.0927282
0.00074,0.0001,0.0,0.6,0.26,390.0927282
0.00074,0.0001,0.0,0.7,0.26,390.0927282
0.00074,0.0001,0.0,0.8,0.26,390.0927282
0.00074,0.0001,0.0,0.9,0.26,390.0927282
0.00074,0.0001,0.0,1.0,0.26,390.0927282
0.00074,6.69e-05,0.0,0.0,0.26,317.1037726
0.00074,6.69e-05,0.0,0.1,0.26,390.0977131
0.00074,6.69e-05,0.0,0.2,0.26,390.0977131
0.00074,6.69e-05,0.0,0.3,0.26,390.0977131
0.00074,6.69e-05,0.0,0.4,0.26,390.0977131
0.00074,6.69e-05,0.0,0.5,0.26,390.0977131
0.00074,6.69e-05,0.0,0.6,0.26,390.0977131
0.00074,6.69e-05,0.0,0.7,0.26,390.0977131
0.00074,6.69e-05,0.0,0.8,0.26,390.0977131
0.00074,6.69e-05,0.0,0.9,0.26,390.0977131
0.00074,6.69e-05,0.0,1.0,0.26,390.0977131
0.00074,6.69e-05,1e-05,0.0,0.26,317.1037726
0.00074,6.69e-05,1e-05,0.1,0.26,390.0977131
0.00074,6.69e-05,1e-05,0.2,0.26,390.0977131
0.00074,6.69e-05,1e-05,0.3,0.26,390.0977131
0.00074,6.69e-05,1e-05,0.4,0.26,390.0977131
0.00074,6.69e-05,1e-05,0.5,0.26,390.0977131
0.00074,6.69e-05,1e-05,0.6,0.26,390.0977131
0.00074,6.69e-05,1e-05,0.7,0.26,390.0977131
0.00074,6.69e-05,1e-05,0.8,0.26,390.0977131
0.00074,6.69e-05,1e-05,0.9,0.26,390.0977131
0.00074,6.69e-05,1e-05,1.0,0.26,390.0977131
0.00078,0.0,0.0,0.0,0.22,317.1020144
0.00078,0.0,0.0,0.1,0.22,390.0881227
0.00078,0.0,0.0,0.2,0.22,390.0881227
0.00078,0.0,0.0,0.3,0.22,390.0881227
0.00078,0.0,0.0,0.4,0.22,390.0881227
0.00078,0.0,0.0,0.5,0.22,390.0881227
0.00078,0.0,0.0,0.6,0.22,390.0881227
0.00078,0.0,0.0,0.7,0.22,390.0881227
0.00078,0.0,0.0,0.8,0.22,390.0881227
0.00078,0.0,0.0,0.9,0.22,390.0881227
0.00078,0.0,0.0,1.0,0.22,390.0881227
0.00078,0.0,1e-05,0.0,0.22,317.1020144
0.00078,0.0,1e-05,0.1,0.22,390.0881227
0.00078,0.0,1e-05,0.2,0.22,390.0881227
0.00078,0.0,1e-05,0.3,0.22,390.0881227
0.00078,0.0,1e-05,0.4,0.22,390.0881227
0.00078,0.0,1e-05,0.5,0.22,390.0881227
0.00078,0.0,1e-05,0.6,0.22,390.0881227
0.00078,0.0,1e-05,0.7,0.22,390.0881227
0.00078,0.0,1e-05,0.8,0.22,390.0881227
0.00078,0.0,1e-05,0.9,0.22,390.0881227
0.00078,0.0,1e-05,1.0,0.22,390.0881227
0.00077,1.73e-05,1e-05,0.0,0.23,317.1028421
0.00077,1.73e-05,1e-05,0.1,0.23,390.0925665
0.00077,1.73e-05,1e-05,0.2,0.23,390.0925665
0.00077,1.73e-05,1e-05,0.3,0.23,390.0925665
0.00077,1.73e-05,1e-05,0.4,0.23,390.0925665
0.00077,1.73e-05,1e-05,0.5,0.23,390.0925665
0.00077,1.73e-05,1e-05,0.6,0.23,390.0925665
0.00077,1.73e-05,1e-05,0.7,0.23,390.0925665
0.00077,1.73e-05,1e-05,0.8,0.23,390.0925665
0.00077,1.73e-05,1e-05,0.9,0.23,390.0925665
0.00077,1.73e-05,1e-05,1.0,0.23,390.0925665
0.00077,1.73e-05,0.0,0.0,0.23,317.1028421
0.00077,1.73e-05,0.0,0.1,0.23,390.0925665
0.00077,1.73e-05,0.0,0.2,0.23,390.0925665
0.00077,1.73e-05,0.0,0.3,0.23,390.0925665
0.00077,1.73e-05,0.0,0.4,0.23,390.0925665
0.00077,1.73e-05,0.0,0.5,0.23,390.0925665
0.00077,1.73e-05,0.0,0.6,0.23,390.0925665
0.00077,1.73e-05,0.0,0.7,0.23,390.0925665
0.00077,1.73e-05,0.0,0.8,0.23,390.0925665
0.00077,1.73e-05,0.0,0.9,0.23,390.0925665
0.00077,1.73e-05,0.0,1.0,0.23,390.0925665
0.00076,3.46e-05,1e-05,0.0,0.24,317.1034048
0.00076,3.46e-05,1e-05,0.1,0.24,390.095614
0.00076,3.46e-05,1e-05,0.2,0.24,390.095614
0.00076,3.46e-05,1e-05,0.3,0.24,390.095614
0.00076,3.46e-05,1e-05,0.4,0.24,390.095614
0.00076,3.46e-05,1e-05,0.5,0.24,390.095614
0.00076,3.46e-05,1e-05,0.6,0.24,390.095614
0.00076,3.46e-05,1e-05,0.7,0.24,390.095614
0.00076,3.46e-05,1e-05,0.8,0.24,390.095614
0.00076,3.46e-05,1e-05,0.9,0.24,390.095614
0.00076,3.46e-05,1e-05,1.0,0.24,390.095614
0.00076,3.46e-05,0.0,0.0,0.24,317.1034048
0.00076,3.46e-05,0.0,0.1,0.24,390.095614
0.00076,3.46e-05,0.0,0.2,0.24,390.095614
0.00076,3.46e-05,0.0,0.3,0.24,390.095614
0.00076,3.46e-05,0.0,0.4,0.24,390.095614
0.00076,3.46e-05,0.0,0.5,0.24,390.095614
0.00076,3.46e-05,0.0,0.6,0.24,390.095614
0.00076,3.46e-05,0.0,0.7,0.24,390.095614
0.00076,3.46e-05,0.0,0.8,0.24,390.095614
0.00076,3.46e-05,0.0,0.9,0.24,390.095614
0.00076,3.46e-05,0.0,1.0,0.24,390.095614
0.00075,5.1e-05,0.0,0.0,0.25,317.103704
0.00075,5.1e-05,0.0,0.1,0.25,390.0972718
0.00075,5.1e-05,0.0,0.2,0.25,390.0972718
0.00075,5.1e-05,0.0,0.3,0.25,390.0972718
0.00075,5.1e-05,0.0,0.4,0.25,390.0972718
0.00075,5.1e-05,0.0,0.5,0.25,390.0972718
0.00075,5.1e-05,0.0,0.6,0.25,390.0972718
0.00075,5.1e-05,0.0,0.7,0.25,390.0972718
0.00075,5.1e-05,0.0,0.8,0.25,390.0972718
0.00075,5.1e-05,0.0,0.9,0.25,390.0972718
0.00075,5.1e-05,0.0,1.0,0.25,390.0972718
0.00075,5.1e-05,1e-05,0.0,0.25,317.103704
0.00075,5.1e-05,1e-05,0.1,0.25,390.0972718
0.00075,5.1e-05,1e-05,0.2,0.25,390.0972718
0.00075,5.1e-05,1e-05,0.3,0.25,390.0972718
0.00075,5.1e-05,1e-05,0.4,0.25,390.0972718
0.00075,5.1e-05,1e-05,0.5,0.25,390.0972718
0.00075,5.1e-05,1e-05,0.6,0.25,390.0972718
0.00075,5.1e-05,1e-05,0.7,0.25,390.0972718
0.00075,5.1e-05,1e-05,0.8,0.25,390.0972718
0.00075,5.1e-05,1e-05,0.9,0.25,390.0972718
0.00075,5.1e-05,1e-05,1.0,0.25,390.0972718
0.00074,0.0001,1e-05,0.0,0.26,317.1028267
0.00074,0.0001,1e-05,0.1,0.26,390.0927282
0.00074,0.0001,1e-05,0.2,0.26,390.0927282
0.00074,0.0001,1e-05,0.3,0.26,390.0927282
0.00074,0.0001,1e-05,0.4,0.26,390.0927282
0.00074,0.0001,1e-05,0.5,0.26,390.0927282
0.00074,0.0001,1e-05,0.6,0.26,390.0927282
0.00074,0.0001,1e-05,0.7,0.26,390.0927282
0.00074,0.0001,1e-05,0.8,0.26,390.0927282
0.00074,0.0001,1e-05,0.9,0.26,390.0927282
0.00074,0.0001,1e-05,1.0,0.26,390.0927282
0.00075,8.27e-05,0.0,0.0,0.25,317.1032482
0.00075,8.27e-05,0.0,0.1,0.25,390.0948693
0.00075,8.27e-05,0.0,0.2,0.25,390.0948693
0.00075,8.27e-05,0.0,0.3,0.25,390.0948693
0.00075,8.27e-05,0.0,0.4,0.25,390.0948693
0.00075,8.27e-05,0.0,0.5,0.25,390.0948693
0.00075,8.27e-05,0.0,0.6,0.25,390.0948693
0.00075,8.27e-05,0.0,0.7,0.25,390.0948693
0.00075,8.27e-05,0.0,0.8,0.25,390.0948693
0.00075,8.27e-05,0.0,0.9,0.25,390.0948693
0.00075,8.27e-05,0.0,1.0,0.25,390.0948693
0.00075,8.27e-05,1e-05,0.0,0.25,317.1032482
0.00075,8.27e-05,1e-05,0.1,0.25,390.0948693
0.00075,8.27e-05,1e-05,0.2,0.25,390.0948693
0.00075,8.27e-05,1e-05,0.3,0.25,390.0948693
0.00075,8.27e-05,1e-05,0.4,0.25,390.0948693
0.00075,8.27e-05,1e-05,0.5,0.25,390.0948693
0.00075,8.27e-05,1e-05,0.6,0.25,390.0948693
0.00075,8.27e-05,1e-05,0.7,0.25,390.0948693
0.00075,8.27e-05,1e-05,0.8,0.25,390.0948693
0.00075,8.27e-05,1e-05,0.9,0.25,390.0948693
0.00075,8.27e-05,1e-05,1.0,0.25,390.0948693
0.00076,0.0001,0.0,0.0,0.24,317.1024373
0.00076,0.0001,0.0,0.1,0.24,390.0905151
0.00076,0.0001,0.0,0.2,0.24,390.0905151
0.00076,0.0001,0.0,0.3,0.24,390.0905151
0.00076,0.0001,0.0,0.4,0.24,390.0905151
0.00076,0.0001,0.0,0.5,0.24,390.0905151
0.00076,0.0001,0.0,0.6,0.24,390.0905151
0.00076,0.0001,0.0,0.7,0.24,390.0905151
0.00076,0.0001,0.0,0.8,0.24,390.0905151
0.00076,0.0001,0.0,0.9,0.24,390.0905151
0.00076,0.0001,0.0,1.0,0.24,390.0905151
0.00076,6.69e-05,0.0,0.0,0.24,317.1033831
0.00076,6.69e-05,0.0,0.1,0.24,390.0954999
0.00076,6.69e-05,0.0,0.2,0.24,390.0954999
0.00076,6.69e-05,0.0,0.3,0.24,390.0954999
0.00076,6.69e-05,0.0,0.4,0.24,390.0954999
0.00076,6.69e-05,0.0,0.5,0.24,390.0954999
0.00076,6.69e-05,0.0,0.6,0.24,390.0954999
0.00076,6.69e-05,0.0,0.7,0.24,390.0954999
0.00076,6.69e-05,0.0,0.8,0.24,390.0954999
0.00076,6.69e-05,0.0,0.9,0.24,390.0954999
0.00076,6.69e-05,0.0,1.0,0.24,390.0954999
0.00076,6.69e-05,1e-05,0.0,0.24,317.1033831
0.00076,6.69e-05,1e-05,0.1,0.24,390.0954999
0.00076,6.69e-05,1e-05,0.2,0.24,390.0954999
0.00076,6.69e-05,1e-05,0.3,0.24,390.0954999
0.00076,6.69e-05,1e-05,0.4,0.24,390.0954999
0.00076,6.69e-05,1e-05,0.5,0.24,390.0954999
0.00076,6.69e-05,1e-05,0.6,0.24,390.0954999
0.00076,6.69e-05,1e-05,0.7,0.24,390.0954999
0.00076,6.69e-05,1e-05,0.8,0.24,390.0954999
0.00076,6.69e-05,1e-05,0.9,0.24,390.0954999
0.00076,6.69e-05,1e-05,1.0,0.24,390.0954999
0.00079,1.73e-05,0.0,0.0,0.21,317.1024023
0.00079,1.73e-05,0.0,0.1,0.21,390.0900841
0.00079,1.73e-05,0.0,0.2,0.21,390.0900841
0.00079,1.73e-05,0.0,0.3,0.21,390.0900841
0.00079,1.73e-05,0.0,0.4,0.21,390.0900841
0.00079,1.73e-05,0.0,0.5,0.21,390.0900841
0.00079,1.73e-05,0.0,0.6,0.21,390.0900841
0.00079,1.73e-05,0.0,0.7,0.21,390.0900841
0.00079,1.73e-05,0.0,0.8,0.21,390.0900841
0.00079,1.73e-05,0.0,0.9,0.21,390.0900841
0.00079,1.73e-05,0.0,1.0,0.21,390.0900841
0.0008,0.0,1e-05,0.0,0.2,317.1015576
0.0008,0.0,1e-05,0.1,0.2,390.0855504
0.0008,0.0,1e-05,0.2,0.2,390.0855504
0.0008,0.0,1e-05,0.3,0.2,390.0855504
0.0008,0.0,1e-05,0.4,0.2,390.0855504
0.0008,0.0,1e-05,0.5,0.2,390.0855504
0.0008,0.0,1e-05,0.6,0.2,390.0855504
0.0008,0.0,1e-05,0.7,0.2,390.0855504
0.0008,0.0,1e-05,0.8,0.2,390.0855504
0.0008,0.0,1e-05,0.9,0.2,390.0855504
0.0008,0.0,1e-05,1.0,0.2,390.0855504
0.0008,0.0,0.0,0.0,0.2,317.1015576
0.0008,0.0,0.0,0.1,0.2,390.0855504
0.0008,0.0,0.0,0.2,0.2,390.0855504
0.0008,0.0,0.0,0.3,0.2,390.0855504
0.0008,0.0,0.0,0.4,0.2,390.0855504
0.0008,0.0,0.0,0.5,0.2,390.0855504
0.0008,0.0,0.0,0.6,0.2,390.0855504
0.0008,0.0,0.0,0.7,0.2,390.0855504
0.0008,0.0,0.0,0.8,0.2,390.0855504
0.0008,0.0,0.0,0.9,0.2,390.0855504
0.0008,0.0,0.0,1.0,0.2,390.0855504
0.00079,1.73e-05,1e-05,0.0,0.21,317.1024023
0.00079,1.73e-05,1e-05,0.1,0.21,390.0900841
0.00079,1.73e-05,1e-05,0.2,0.21,390.0900841
0.00079,1.73e-05,1e-05,0.3,0.21,390.0900841
0.00079,1.73e-05,1e-05,0.4,0.21,390.0900841
0.00079,1.73e-05,1e-05,0.5,0.21,390.0900841
0.00079,1.73e-05,1e-05,0.6,0.21,390.0900841
0.00079,1.73e-05,1e-05,0.7,0.21,390.0900841
0.00079,1.73e-05,1e-05,0.8,0.21,390.0900841
0.00079,1.73e-05,1e-05,0.9,0.21,390.0900841
0.00079,1.73e-05,1e-05,1.0,0.21,390.0900841
0.00078,3.46e-05,0.0,0.0,0.22,317.1029819
0.00078,3.46e-05,0.0,0.1,0.22,390.0932214
0.00078,3.46e-05,0.0,0.2,0.22,390.0932214
0.00078,3.46e-05,0.0,0.3,0.22,390.0932214
0.00078,3.46e-05,0.0,0.4,0.22,390.0932214
0.00078,3.46e-05,0.0,0.5,0.22,390.0932214
0.00078,3.46e-05,0.0,0.6,0.22,390.0932214
0.00078,3.46e-05,0.0,0.7,0.22,390.0932214
0.00078,3.46e-05,0.0,0.8,0.22,390.0932214
0.00078,3.46e-05,0.0,0.9,0.22,390.0932214
0.00078,3.46e-05,0.0,1.0,0.22,390.0932214
0.00078,3.46e-05,1e-05,0.0,0.22,317.1029819
0.00078,3.46e-05,1e-05,0.1,0.22,390.0932214
0.00078,3.46e-05,1e-05,0.2,0.22,390.0932214
0.00078,3.46e-05,1e-05,0.3,0.22,390.0932214
0.00078,3.46e-05,1e-05,0.4,0.22,390.0932214
0.00078,3.46e-05,1e-05,0.5,0.22,390.0932214
0.00078,3.46e-05,1e-05,0.6,0.22,390.0932214
0.00078,3.46e-05,1e-05,0.7,0.22,390.0932214
0.00078,3.46e-05,1e-05,0.8,0.22,390.0932214
0.00078,3.46e-05,1e-05,0.9,0.22,390.0932214
0.00078,3.46e-05,1e-05,1.0,0.22,390.0932214
0.00077,5.1e-05,0.0,0.0,0.23,317.1032978
0.00077,5.1e-05,0.0,0.1,0.23,390.094969
0.00077,5.1e-05,0.0,0.2,0.23,390.094969
0.00077,5.1e-05,0.0,0.3,0.23,390.094969
0.00077,5.1e-05,0.0,0.4,0.23,390.094969
0.00077,5.1e-05,0.0,0.5,0.23,390.094969
0.00077,5.1e-05,0.0,0.6,0.23,390.094969
0.00077,5.1e-05,0.0,0.7,0.23,390.094969
0.00077,5.1e-05,0.0,0.8,0.23,390.094969
0.00077,5.1e-05,0.0,0.9,0.23,390.094969
0.00077,5.1e-05,0.0,1.0,0.23,390.094969
0.00077,5.1e-05,1e-05,0.0,0.23,317.1032979
0.00077,5.1e-05,1e-05,0.1,0.23,390.094969
0.00077,5.1e-05,1e-05,0.2,0.23,390.094969
0.00077,5.1e-05,1e-05,0.3,0.23,390.094969
0.00077,5.1e-05,1e-05,0.4,0.23,390.094969
0.00077,5.1e-05,1e-05,0.5,0.23,390.094969
0.00077,5.1e-05,1e-05,0.6,0.23,390.094969
0.00077,5.1e-05,1e-05,0.7,0.23,390.094969
0.00077,5.1e-05,1e-05,0.8,0.23,390.094969
0.00077,5.1e-05,1e-05,0.9,0.23,390.094969
0.00077,5.1e-05,1e-05,1.0,0.23,390.094969
0.00076,0.0001,1e-05,0.0,0.24,317.1024373
0.00076,0.0001,1e-05,0.1,0.24,390.0905151
0.00076,0.0001,1e-05,0.2,0.24,390.0905151
0.00076,0.0001,1e-05,0.3,0.24,390.0905151
0.00076,0.0001,1e-05,0.4,0.24,390.0905151
0.00076,0.0001,1e-05,0.5,0.24,390.0905151
0.00076,0.0001,1e-05,0.6,0.24,390.0905151
0.00076,0.0001,1e-05,0.7,0.24,390.0905151
0.00076,0.0001,1e-05,0.8,0.24,390.0905151
0.00076,0.0001,1e-05,0.9,0.24,390.0905151
0.00076,0.0001,1e-05,1.0,0.24,390.0905151
0.00077,8.27e-05,0.0,0.0,0.23,317.1028421
0.00077,8.27e-05,0.0,0.1,0.23,390.0925665
0.00077,8.27e-05,0.0,0.2,0.23,390.0925665
0.00077,8.27e-05,0.0,0.3,0.23,390.0925665
0.00077,8.27e-05,0.0,0.4,0.23,390.0925665
0.00077,8.27e-05,0.0,0.5,0.23,390.0925665
0.00077,8.27e-05,0.0,0.6,0.23,390.0925665
0.00077,8.27e-05,0.0,0.7,0.23,390.0925665
0.00077,8.27e-05,0.0,0.8,0.23,390.0925665
0.00077,8.27e-05,0.0,0.9,0.23,390.0925665
0.00077,8.27e-05,0.0,1.0,0.23,390.0925665
0.00077,8.27e-05,1e-05,0.0,0.23,317.1028421
0.00077,8.27e-05,1e-05,0.1,0.23,390.0925665
0.00077,8.27e-05,1e-05,0.2,0.23,390.0925665
0.00077,8.27e-05,1e-05,0.3,0.23,390.0925665
0.00077,8.27e-05,1e-05,0.4,0.23,390.0925665
0.00077,8.27e-05,1e-05,0.5,0.23,390.0925665
0.00077,8.27e-05,1e-05,0.6,0.23,390.0925665
0.00077,8.27e-05,1e-05,0.7,0.23,390.0925665
0.00077,8.27e-05,1e-05,0.8,0.23,390.0925665
0.00077,8.27e-05,1e-05,0.9,0.23,390.0925665
0.00077,8.27e-05,1e-05,1.0,0.23,390.0925665
0.00078,0.0001,0.0,0.0,0.22,317.1020144
0.00078,0.0001,0.0,0.1,0.22,390.0881227
0.00078,0.0001,0.0,0.2,0.22,390.0881227
0.00078,0.0001,0.0,0.3,0.22,390.0881227
0.00078,0.0001,0.0,0.4,0.22,390.0881227
0.00078,0.0001,0.0,0.5,0.22,390.0881227
0.00078,0.0001,0.0,0.6,0.22,390.0881227
0.00078,0.0001,0.0,0.7,0.22,390.0881227
0.00078,0.0001,0.0,0.8,0.22,390.0881227
0.00078,0.0001,0.0,0.9,0.22,390.0881227
0.00078,0.0001,0.0,1.0,0.22,390.0881227
0.00078,6.69e-05,0.0,0.0,0.22,317.1029603
0.00078,6.69e-05,0.0,0.1,0.22,390.0931073
0.00078,6.69e-05,0.0,0.2,0.22,390.0931073
0.00078,6.69e-05,0.0,0.3,0.22,390.0931073
0.00078,6.69e-05,0.0,0.4,0.22,390.0931073
0.00078,6.69e-05,0.0,0.5,0.22,390.0931073
0.00078,6.69e-05,0.0,0.6,0.22,390.0931073
0.00078,6.69e-05,0.0,0.7,0.22,390.0931073
0.00078,6.69e-05,0.0,0.8,0.22,390.0931073
0.00078,6.69e-05,0.0,0.9,0.22,390.0931073
0.00078,6.69e-05,0.0,1.0,0.22,390.0931073
0.00078,6.69e-05,1e-05,0.0,0.22,317.1029603
0.00078,6.69e-05,1e-05,0.1,0.22,390.0931073
0.00078,6.69e-05,1e-05,0.2,0.22,390.0931073
0.00078,6.69e-05,1e-05,0.3,0.22,390.0931073
0.00078,6.69e-05,1e-05,0.4,0.22,390.0931073
0.00078,6.69e-05,1e-05,0.5,0.22,390.0931073
0.00078,6.69e-05,1e-05,0.6,0.22,390.0931073
0.00078,6.69e-05,1e-05,0.7,0.22,390.0931073
0.00078,6.69e-05,1e-05,0.8,0.22,390.0931073
0.00078,6.69e-05,1e-05,0.9,0.22,390.0931073
0.00078,6.69e-05,1e-05,1.0,0.22,390.0931073
0.0008,3.46e-05,0.0,0.0,0.2,317.1025251
0.0008,3.46e-05,0.0,0.1,0.2,390.090649
0.0008,3.46e-05,0.0,0.2,0.2,390.090649
0.0008,3.46e-05,0.0,0.3,0.2,390.090649
0.0008,3.46e-05,0.0,0.4,0.2,390.090649
0.0008,3.46e-05,0.0,0.5,0.2,390.090649
0.0008,3.46e-05,0.0,0.6,0.2,390.090649
0.0008,3.46e-05,0.0,0.7,0.2,390.090649
0.0008,3.46e-05,0.0,0.8,0.2,390.090649
0.0008,3.46e-05,0.0,0.9,0.2,390.090649
0.0008,3.46e-05,0.0,1.0,0.2,390.090649
0.00081,1.73e-05,0.0,0.0,0.19,317.1019284
0.00081,1.73e-05,0.0,0.1,0.19,390.0874215
0.00081,1.73e-05,0.0,0.2,0.19,390.0874215
0.00081,1.73e-05,0.0,0.3,0.19,390.0874215
0.00081,1.73e-05,0.0,0.4,0.19,390.0874215
0.00081,1.73e-05,0.0,0.5,0.19,390.0874215
0.00081,1.73e-05,0.0,0.6,0.19,390.0874215
0.00081,1.73e-05,0.0,0.7,0.19,390.0874215
0.00081,1.73e-05,0.0,0.8,0.19,390.0874215
0.00081,1.73e-05,0.0,0.9,0.19,390.0874215
0.00081,1.73e-05,0.0,1.0,0.19,390.0874215
0.00081,1.73e-05,5e-06,0.0,0.19,317.1020353
0.00081,1.73e-05,5e-06,0.1,0.19,390.0879846
0.00081,1.73e-05,5e-06,0.2,0.19,390.0879846
0.00081,1.73e-05,5e-06,0.3,0.19,390.0879846
0.00081,1.73e-05,5e-06,0.4,0.19,390.0879846
0.00081,1.73e-05,5e-06,0.5,0.19,390.0879846
0.00081,1.73e-05,5e-06,0.6,0.19,390.0879846
0.00081,1.73e-05,5e-06,0.7,0.19,390.0879846
0.00081,1.73e-05,5e-06,0.8,0.19,390.0879846
0.00081,1.73e-05,5e-06,0.9,0.19,390.0879846
0.00081,1.73e-05,5e-06,1.0,0.19,390.0879846
0.00082,0.0,0.0,0.0,0.18,317.1010663
0.00082,0.0,0.0,0.1,0.18,390.0827977
0.00082,0.0,0.0,0.2,0.18,390.0827977
0.00082,0.0,0.0,0.3,0.18,390.0827977
0.00082,0.0,0.0,0.4,0.18,390.0827977
0.00082,0.0,0.0,0.5,0.18,390.0827977
0.00082,0.0,0.0,0.6,0.18,390.0827977
0.00082,0.0,0.0,0.7,0.18,390.0827977
0.00082,0.0,0.0,0.8,0.18,390.0827977
0.00082,0.0,0.0,0.9,0.18,390.0827977
0.00082,0.0,0.0,1.0,0.18,390.0827977
0.00082,0.0,1e-05,0.0,0.18,317.1010663
0.00082,0.0,1e-05,0.1,0.18,390.0827977
0.00082,0.0,1e-05,0.2,0.18,390.0827977
0.00082,0.0,1e-05,0.3,0.18,390.0827977
0.00082,0.0,1e-05,0.4,0.18,390.0827977
0.00082,0.0,1e-05,0.5,0.18,390.0827977
0.00082,0.0,1e-05,0.6,0.18,390.0827977
0.00082,0.0,1e-05,0.7,0.18,390.0827977
0.00082,0.0,1e-05,0.8,0.18,390.0827977
0.00082,0.0,1e-05,0.9,0.18,390.0827977
0.00082,0.0,1e-05,1.0,0.18,390.0827977
0.00081,1.73e-05,1e-05,0.0,0.19,317.1019284
0.00081,1.73e-05,1e-05,0.1,0.19,390.0874215
0.00081,1.73e-05,1e-05,0.2,0.19,390.0874215
0.00081,1.73e-05,1e-05,0.3,0.19,390.0874215
0.00081,1.73e-05,1e-05,0.4,0.19,390.0874215
0.00081,1.73e-05,1e-05,0.5,0.19,390.0874215
0.00081,1.73e-05,1e-05,0.6,0.19,390.0874215
0.00081,1.73e-05,1e-05,0.7,0.19,390.0874215
0.00081,1.73e-05,1e-05,0.8,0.19,390.0874215
0.00081,1.73e-05,1e-05,0.9,0.19,390.0874215
0.00081,1.73e-05,1e-05,1.0,0.19,390.0874215
0.0008,3.46e-05,1e-05,0.0,0.2,317.1025251
0.0008,3.46e-05,1e-05,0.1,0.2,390.090649
0.0008,3.46e-05,1e-05,0.2,0.2,390.090649
0.0008,3.46e-05,1e-05,0.3,0.2,390.090649
0.0008,3.46e-05,1e-05,0.4,0.2,390.090649
0.0008,3.46e-05,1e-05,0.5,0.2,390.090649
0.0008,3.46e-05,1e-05,0.6,0.2,390.090649
0.0008,3.46e-05,1e-05,0.7,0.2,390.090649
0.0008,3.46e-05,1e-05,0.8,0.2,390.090649
0.0008,3.46e-05,1e-05,0.9,0.2,390.090649
0.0008,3.46e-05,1e-05,1.0,0.2,390.090649
0.00079,5.1e-05,0.0,0.0,0.21,317.1028581
0.00079,5.1e-05,0.0,0.1,0.21,390.0924865
0.00079,5.1e-05,0.0,0.2,0.21,390.0924865
0.00079,5.1e-05,0.0,0.3,0.21,390.0924865
0.00079,5.1e-05,0.0,0.4,0.21,390.0924865
0.00079,5.1e-05,0.0,0.5,0.21,390.0924865
0.00079,5.1e-05,0.0,0.6,0.21,390.0924865
0.00079,5.1e-05,0.0,0.7,0.21,390.0924865
0.00079,5.1e-05,0.0,0.8,0.21,390.0924865
0.00079,5.1e-05,0.0,0.9,0.21,390.0924865
0.00079,5.1e-05,0.0,1.0,0.21,390.0924865
0.00079,5.1e-05,1e-05,0.0,0.21,317.1028581
0.00079,5.1e-05,1e-05,0.1,0.21,390.0924865
0.00079,5.1e-05,1e-05,0.2,0.21,390.0924865
0.00079,5.1e-05,1e-05,0.3,0.21,390.0924865
0.00079,5.1e-05,1e-05,0.4,0.21,390.0924865
0.00079,5.1e-05,1e-05,0.5,0.21,390.0924865
0.00079,5.1e-05,1e-05,0.6,0.21,390.0924865
0.00079,5.1e-05,1e-05,0.7,0.21,390.0924865
0.00079,5.1e-05,1e-05,0.8,0.21,390.0924865
0.00079,5.1e-05,1e-05,0.9,0.21,390.0924865
0.00079,5.1e-05,1e-05,1.0,0.21,390.0924865
0.00078,0.0001,1e-05,0.0,0.22,317.1020144
0.00078,0.0001,1e-05,0.1,0.22,390.0881227
0.00078,0.0001,1e-05,0.2,0.22,390.0881227
0.00078,0.0001,1e-05,0.3,0.22,390.0881227
0.00078,0.0001,1e-05,0.4,0.22,390.0881227
0.00078,0.0001,1e-05,0.5,0.22,390.0881227
0.00078,0.0001,1e-05,0.6,0.22,390.0881227
0.00078,0.0001,1e-05,0.7,0.22,390.0881227
0.00078,0.0001,1e-05,0.8,0.22,390.0881227
0.00078,0.0001,1e-05,0.9,0.22,390.0881227
0.00078,0.0001,1e-05,1.0,0.22,390.0881227
0.00079,8.27e-05,0.0,0.0,0.21,317.1024023
0.00079,8.27e-05,0.0,0.1,0.21,390.0900841
0.00079,8.27e-05,0.0,0.2,0.21,390.0900841
0.00079,8.27e-05,0.0,0.3,0.21,390.0900841
0.00079,8.27e-05,0.0,0.4,0.21,390.0900841
0.00079,8.27e-05,0.0,0.5,0.21,390.0900841
0.00079,8.27e-05,0.0,0.6,0.21,390.0900841
0.00079,8.27e-05,0.0,0.7,0.21,390.0900841
0.00079,8.27e-05,0.0,0.8,0.21,390.0900841
0.00079,8.27e-05,0.0,0.9,0.21,390.0900841
0.00079,8.27e-05,0.0,1.0,0.21,390.0900841
0.00079,8.27e-05,1e-05,0.0,0.21,317.1024023
0.00079,8.27e-05,1e-05,0.1,0.21,390.0900841
0.00079,8.27e-05,1e-05,0.2,0.21,390.0900841
0.00079,8.27e-05,1e-05,0.3,0.21,390.0900841
0.00079,8.27e-05,1e-05,0.4,0.21,390.0900841
0.00079,8.27e-05,1e-05,0.5,0.21,390.0900841
0.00079,8.27e-05,1e-05,0.6,0.21,390.0900841
0.00079,8.27e-05,1e-05,0.7,0.21,390.0900841
0.00079,8.27e-05,1e-05,0.8,0.21,390.0900841
0.00079,8.27e-05,1e-05,0.9,0.21,390.0900841
0.00079,8.27e-05,1e-05,1.0,0.21,390.0900841
0.0008,0.0001,0.0,0.0,0.2,317.1015576
0.0008,0.0001,0.0,0.1,0.2,390.0855504
0.0008,0.0001,0.0,0.2,0.2,390.0855504
0.0008,0.0001,0.0,0.3,0.2,390.0855504
0.0008,0.0001,0.0,0.4,0.2,390.0855504
0.0008,0.0001,0.0,0.5,0.2,390.0855504
0.0008,0.0001,0.0,0.6,0.2,390.0855504
0.0008,0.0001,0.0,0.7,0.2,390.0855504
0.0008,0.0001,0.0,0.8,0.2,390.0855504
0.0008,0.0001,0.0,0.9,0.2,390.0855504
0.0008,0.0001,0.0,1.0,0.2,390.0855504
0.0008,6.69e-05,0.0,0.0,0.200000002,317.1025034
0.0008,6.69e-05,0.0,0.1,0.200000002,390.0905349
0.0008,6.69e-05,0.0,0.2,0.200000002,390.0905349
0.0008,6.69e-05,0.0,0.3,0.200000002,390.0905349
0.0008,6.69e-05,0.0,0.4,0.200000002,390.0905349
0.0008,6.69e-05,0.0,0.5,0.200000002,390.0905349
0.0008,6.69e-05,0.0,0.6,0.200000002,390.0905349
0.0008,6.69e-05,0.0,0.7,0.200000002,390.0905349
0.0008,6.69e-05,0.0,0.8,0.200000002,390.0905349
0.0008,6.69e-05,0.0,0.9,0.200000002,390.0905349
0.0008,6.69e-05,0.0,1.0,0.200000002,390.0905349
0.0008,6.69e-05,1e-05,0.0,0.200000002,317.1025035
0.0008,6.69e-05,1e-05,0.1,0.200000002,390.0905349
0.0008,6.69e-05,1e-05,0.2,0.200000002,390.0905349
0.0008,6.69e-05,1e-05,0.3,0.200000002,390.0905349
0.0008,6.69e-05,1e-05,0.4,0.200000002,390.0905349
0.0008,6.69e-05,1e-05,0.5,0.200000002,390.0905349
0.0008,6.69e-05,1e-05,0.6,0.200000002,390.0905349
0.0008,6.69e-05,1e-05,0.7,0.200000002,390.0905349
0.0008,6.69e-05,1e-05,0.8,0.200000002,390.0905349
0.0008,6.69e-05,1e-05,0.9,0.200000002,390.0905349
0.0008,6.69e-05,1e-05,1.0,0.200000002,390.0905349
0.00083,1.73e-05,0.0,0.0,0.17,317.1014196
0.00083,1.73e-05,0.0,0.1,0.17,390.0845783
0.00083,1.73e-05,0.0,0.2,0.17,390.0845783
0.00083,1.73e-05,0.0,0.3,0.17,390.0845783
0.00083,1.73e-05,0.0,0.4,0.17,390.0845783
0.00083,1.73e-05,0.0,0.5,0.17,390.0845783
0.00083,1.73e-05,0.0,0.6,0.17,390.0845783
0.00083,1.73e-05,0.0,0.7,0.17,390.0845783
0.00083,1.73e-05,0.0,0.8,0.17,390.0845783
0.00083,1.73e-05,0.0,0.9,0.17,390.0845783
0.00083,1.73e-05,0.0,1.0,0.17,390.0845783
0.00084,0.0,0.0,0.0,0.16,317.10054
0.00084,0.0,0.0,0.1,0.16,390.0798639
0.00084,0.0,0.0,0.2,0.16,390.0798639
0.00084,0.0,0.0,0.3,0.16,390.0798639
0.00084,0.0,0.0,0.4,0.16,390.0798639
0.00084,0.0,0.0,0.5,0.16,390.0798639
0.00084,0.0,0.0,0.6,0.16,390.0798639
0.00084,0.0,0.0,0.7,0.16,390.0798639
0.00084,0.0,0.0,0.8,0.16,390.0798639
0.00084,0.0,0.0,0.9,0.16,390.0798639
0.00084,0.0,0.0,1.0,0.16,390.0798639
0.00084,0.0,1e-05,0.0,0.16,317.10054
0.00084,0.0,1e-05,0.1,0.16,390.0798639
0.00084,0.0,1e-05,0.2,0.16,390.0798639
0.00084,0.0,1e-05,0.3,0.16,390.0798639
0.00084,0.0,1e-05,0.4,0.16,390.0798639
0.00084,0.0,1e-05,0.5,0.16,390.0798639
0.00084,0.0,1e-05,0.6,0.16,390.0798639
0.00084,0.0,1e-05,0.7,0.16,390.0798639
0.00084,0.0,1e-05,0.8,0.16,390.0798639
0.00084,0.0,1e-05,0.9,0.16,390.0798639
0.00084,0.0,1e-05,1.0,0.16,390.0798639
0.00083,1.73e-05,1e-05,0.0,0.17,317.1014196
0.00083,1.73e-05,1e-05,0.1,0.17,390.0845783
0.00083,1.73e-05,1e-05,0.2,0.17,390.0845783
0.00083,1.73e-05,1e-05,0.3,0.17,390.0845783
0.00083,1.73e-05,1e-05,0.4,0.17,390.0845783
0.00083,1.73e-05,1e-05,0.5,0.17,390.0845783
0.00083,1.73e-05,1e-05,0.6,0.17,390.0845783
0.00083,1.73e-05,1e-05,0.7,0.17,390.0845783
0.00083,1.73e-05,1e-05,0.8,0.17,390.0845783
0.00083,1.73e-05,1e-05,0.9,0.17,390.0845783
0.00083,1.73e-05,1e-05,1.0,0.17,390.0845783
0.00082,3.46e-05,0.0,0.0,0.18,317.1020338
0.00082,3.46e-05,0.0,0.1,0.18,390.0878961
0.00082,3.46e-05,0.0,0.2,0.18,390.0878961
0.00082,3.46e-05,0.0,0.3,0.18,390.0878961
0.00082,3.46e-05,0.0,0.4,0.18,390.0878961
0.00082,3.46e-05,0.0,0.5,0.18,390.0878961
0.00082,3.46e-05,0.0,0.6,0.18,390.0878961
0.00082,3.46e-05,0.0,0.7,0.18,390.0878961
0.00082,3.46e-05,0.0,0.8,0.18,390.0878961
0.00082,3.46e-05,0.0,0.9,0.18,390.0878961
0.00082,3.46e-05,0.0,1.0,0.18,390.0878961
0.00081,5.1e-05,0.0,0.0,0.190000002,317.1023841
0.00081,5.1e-05,0.0,0.1,0.190000002,390.0898239
0.00081,5.1e-05,0.0,0.2,0.190000002,390.0898239
0.00081,5.1e-05,0.0,0.3,0.190000002,390.0898239
0.00081,5.1e-05,0.0,0.4,0.190000002,390.0898239
0.00081,5.1e-05,0.0,0.5,0.190000002,390.0898239
0.00081,5.1e-05,0.0,0.6,0.190000002,390.0898239
0.00081,5.1e-05,0.0,0.7,0.190000002,390.0898239
0.00081,5.1e-05,0.0,0.8,0.190000002,390.0898239
0.00081,5.1e-05,0.0,0.9,0.190000002,390.0898239
0.00081,5.1e-05,0.0,1.0,0.190000002,390.0898239
0.00082,3.46e-05,1e-05,0.0,0.18,317.1020338
0.00082,3.46e-05,1e-05,0.1,0.18,390.0878961
0.00082,3.46e-05,1e-05,0.2,0.18,390.0878961
0.00082,3.46e-05,1e-05,0.3,0.18,390.0878961
0.00082,3.46e-05,1e-05,0.4,0.18,390.0878961
0.00082,3.46e-05,1e-05,0.5,0.18,390.0878961
0.00082,3.46e-05,1e-05,0.6,0.18,390.0878961
0.00082,3.46e-05,1e-05,0.7,0.18,390.0878961
0.00082,3.46e-05,1e-05,0.8,0.18,390.0878961
0.00082,3.46e-05,1e-05,0.9,0.18,390.0878961
0.00082,3.46e-05,1e-05,1.0,0.18,390.0878961
0.00081,5.1e-05,1e-05,0.0,0.190000002,317.1023841
0.00081,5.1e-05,1e-05,0.1,0.190000002,390.0898239
0.00081,5.1e-05,1e-05,0.2,0.190000002,390.0898239
0.00081,5.1e-05,1e-05,0.3,0.190000002,390.0898239
0.00081,5.1e-05,1e-05,0.4,0.190000002,390.0898239
0.00081,5.1e-05,1e-05,0.5,0.190000002,390.0898239
0.00081,5.1e-05,1e-05,0.6,0.190000002,390.0898239
0.00081,5.1e-05,1e-05,0.7,0.190000002,390.0898239
0.00081,5.1e-05,1e-05,0.8,0.190000002,390.0898239
0.00081,5.1e-05,1e-05,0.9,0.190000002,390.0898239
0.00081,5.1e-05,1e-05,1.0,0.190000002,390.0898239
0.0008,0.0001,1e-05,0.0,0.2,317.1015576
0.0008,0.0001,1e-05,0.1,0.2,390.0855504
0.0008,0.0001,1e-05,0.2,0.2,390.0855504
0.0008,0.0001,1e-05,0.3,0.2,390.0855504
0.0008,0.0001,1e-05,0.4,0.2,390.0855504
0.0008,0.0001,1e-05,0.5,0.2,390.0855504
0.0008,0.0001,1e-05,0.6,0.2,390.0855504
0.0008,0.0001,1e-05,0.7,0.2,390.0855504
0.0008,0.0001,1e-05,0.8,0.2,390.0855504
0.0008,0.0001,1e-05,0.9,0.2,390.0855504
0.0008,0.0001,1e-05,1.0,0.2,390.0855504
0.00081,8.27e-05,0.0,0.0,0.19,317.1019284
0.00081,8.27e-05,0.0,0.1,0.19,390.0874215
0.00081,8.27e-05,0.0,0.2,0.19,390.0874215
0.00081,8.27e-05,0.0,0.3,0.19,390.0874215
0.00081,8.27e-05,0.0,0.4,0.19,390.0874215
0.00081,8.27e-05,0.0,0.5,0.19,390.0874215
0.00081,8.27e-05,0.0,0.6,0.19,390.0874215
0.00081,8.27e-05,0.0,0.7,0.19,390.0874215
0.00081,8.27e-05,0.0,0.8,0.19,390.0874215
0.00081,8.27e-05,0.0,0.9,0.19,390.0874215
0.00081,8.27e-05,0.0,1.0,0.19,390.0874215
0.00081,8.27e-05,1e-05,0.0,0.19,317.1019284
0.00081,8.27e-05,1e-05,0.1,0.19,390.0874215
0.00081,8.27e-05,1e-05,0.2,0.19,390.0874215
0.00081,8.27e-05,1e-05,0.3,0.19,390.0874215
0.00081,8.27e-05,1e-05,0.4,0.19,390.0874215
0.00081,8.27e-05,1e-05,0.5,0.19,390.0874215
0.00081,8.27e-05,1e-05,0.6,0.19,390.0874215
0.00081,8.27e-05,1e-05,0.7,0.19,390.0874215
0.00081,8.27e-05,1e-05,0.8,0.19,390.0874215
0.00081,8.27e-05,1e-05,0.9,0.19,390.0874215
0.00081,8.27e-05,1e-05,1.0,0.19,390.0874215
0.00082,0.0001,0.0,0.0,0.18,317.1010663
0.00082,0.0001,0.0,0.1,0.18,390.0827977
0.00082,0.0001,0.0,0.2,0.18,390.0827977
0.00082,0.0001,0.0,0.3,0.18,390.0827977
0.00082,0.0001,0.0,0.4,0.18,390.0827977
0.00082,0.0001,0.0,0.5,0.18,390.0827977
0.00082,0.0001,0.0,0.6,0.18,390.0827977
0.00082,0.0001,0.0,0.7,0.18,390.0827977
0.00082,0.0001,0.0,0.8,0.18,390.0827977
0.00082,0.0001,0.0,0.9,0.18,390.0827977
0.00082,0.0001,0.0,1.0,0.18,390.0827977
0.00082,6.69e-05,0.0,0.0,0.18000001,317.1020121
0.00082,6.69e-05,0.0,0.1,0.18000001,390.087782
0.00082,6.69e-05,0.0,0.2,0.18000001,390.087782
0.00082,6.69e-05,0.0,0.3,0.18000001,390.087782
0.00082,6.69e-05,0.0,0.4,0.18000001,390.087782
0.00082,6.69e-05,0.0,0.5,0.18000001,390.087782
0.00082,6.69e-05,0.0,0.6,0.18000001,390.087782
0.00082,6.69e-05,0.0,0.7,0.18000001,390.087782
0.00082,6.69e-05,0.0,0.8,0.18000001,390.087782
0.00082,6.69e-05,0.0,0.9,0.18000001,390.087782
0.00082,6.69e-05,0.0,1.0,0.18000001,390.087782
0.00082,6.69e-05,1e-05,0.0,0.18000001,317.1020121
0.00082,6.69e-05,1e-05,0.1,0.18000001,390.087782
0.00082,6.69e-05,1e-05,0.2,0.18000001,390.087782
0.00082,6.69e-05,1e-05,0.3,0.18000001,390.087782
0.00082,6.69e-05,1e-05,0.4,0.18000001,390.087782
0.00082,6.69e-05,1e-05,0.5,0.18000001,390.087782
0.00082,6.69e-05,1e-05,0.6,0.18000001,390.087782
0.00082,6.69e-05,1e-05,0.7,0.18000001,390.087782
0.00082,6.69e-05,1e-05,0.8,0.18000001,390.087782
0.00082,6.69e-05,1e-05,0.9,0.18000001,390.087782
0.00082,6.69e-05,1e-05,1.0,0.18000001,390.087782
0.00085,1.73e-05,0.0,0.0,0.15,317.1008754
0.00085,1.73e-05,0.0,0.1,0.15,390.0815537
0.00085,1.73e-05,0.0,0.2,0.15,390.0815537
0.00085,1.73e-05,0.0,0.3,0.15,390.0815537
0.00085,1.73e-05,0.0,0.4,0.15,390.0815537
0.00085,1.73e-05,0.0,0.5,0.15,390.0815537
0.00085,1.73e-05,0.0,0.6,0.15,390.0815537
0.00085,1.73e-05,0.0,0.7,0.15,390.0815537
0.00085,1.73e-05,0.0,0.8,0.15,390.0815537
0.00085,1.73e-05,0.0,0.9,0.15,390.0815537
0.00085,1.73e-05,0.0,1.0,0.15,390.0815537
0.00085,1.73e-05,5e-06,0.0,0.15,317.1009823
0.00085,1.73e-05,5e-06,0.1,0.15,390.0821167
0.00085,1.73e-05,5e-06,0.2,0.15,390.0821167
0.00085,1.73e-05,5e-06,0.3,0.15,390.0821167
0.00085,1.73e-05,5e-06,0.4,0.15,390.0821167
0.00085,1.73e-05,5e-06,0.5,0.15,390.0821167
0.00085,1.73e-05,5e-06,0.6,0.15,390.0821167
0.00085,1.73e-05,5e-06,0.7,0.15,390.0821167
0.00085,1.73e-05,5e-06,0.8,0.15,390.0821167
0.00085,1.73e-05,5e-06,0.9,0.15,390.0821167
0.00085,1.73e-05,5e-06,1.0,0.15,390.0821167
0.00086,0.0,0.0,0.0,0.14,317.0999779
0.00086,0.0,0.0,0.1,0.14,390.0767485
0.00086,0.0,0.0,0.2,0.14,390.0767485
0.00086,0.0,0.0,0.3,0.14,390.0767485
0.00086,0.0,0.0,0.4,0.14,390.0767485
0.00086,0.0,0.0,0.5,0.14,390.0767485
0.00086,0.0,0.0,0.6,0.14,390.0767485
0.00086,0.0,0.0,0.7,0.14,390.0767485
0.00086,0.0,0.0,0.8,0.14,390.0767485
0.00086,0.0,0.0,0.9,0.14,390.0767485
0.00086,0.0,0.0,1.0,0.14,390.0767485
0.00086,0.0,1e-05,0.0,0.14,317.0999779
0.00086,0.0,1e-05,0.1,0.14,390.0767485
0.00086,0.0,1e-05,0.2,0.14,390.0767485
0.00086,0.0,1e-05,0.3,0.14,390.0767485
0.00086,0.0,1e-05,0.4,0.14,390.0767485
0.00086,0.0,1e-05,0.5,0.14,390.0767485
0.00086,0.0,1e-05,0.6,0.14,390.0767485
0.00086,0.0,1e-05,0.7,0.14,390.0767485
0.00086,0.0,1e-05,0.8,0.14,390.0767485
0.00086,0.0,1e-05,0.9,0.14,390.0767485
0.00086,0.0,1e-05,1.0,0.14,390.0767485
0.00085,1.73e-05,1e-05,0.0,0.15,317.1008754
0.00085,1.73e-05,1e-05,0.1,0.15,390.0815537
0.00085,1.73e-05,1e-05,0.2,0.15,390.0815537
0.00085,1.73e-05,1e-05,0.3,0.15,390.0815537
0.00085,1.73e-05,1e-05,0.4,0.15,390.0815537
0.00085,1.73e-05,1e-05,0.5,0.15,390.0815537
0.00085,1.73e-05,1e-05,0.6,0.15,390.0815537
0.00085,1.73e-05,1e-05,0.7,0.15,390.0815537
0.00085,1.73e-05,1e-05,0.8,0.15,390.0815537
0.00085,1.73e-05,1e-05,0.9,0.15,390.0815537
0.00085,1.73e-05,1e-05,1.0,0.15,390.0815537
0.00084,3.46e-05,0.0,0.0,0.16,317.1015074
0.00084,3.46e-05,0.0,0.1,0.16,390.0849622
0.00084,3.46e-05,0.0,0.2,0.16,390.0849622
0.00084,3.46e-05,0.0,0.3,0.16,390.0849622
0.00084,3.46e-05,0.0,0.4,0.16,390.0849622
0.00084,3.46e-05,0.0,0.5,0.16,390.0849622
0.00084,3.46e-05,0.0,0.6,0.16,390.0849622
0.00084,3.46e-05,0.0,0.7,0.16,390.0849622
0.00084,3.46e-05,0.0,0.8,0.16,390.0849622
0.00084,3.46e-05,0.0,0.9,0.16,390.0849622
0.00084,3.46e-05,0.0,1.0,0.16,390.0849622
0.00084,3.46e-05,1e-05,0.0,0.16,317.1015074
0.00084,3.46e-05,1e-05,0.1,0.16,390.0849622
0.00084,3.46e-05,1e-05,0.2,0.16,390.0849622
0.00084,3.46e-05,1e-05,0.3,0.16,390.0849622
0.00084,3.46e-05,1e-05,0.4,0.16,390.0849622
0.00084,3.46e-05,1e-05,0.5,0.16,390.0849622
0.00084,3.46e-05,1e-05,0.6,0.16,390.0849622
0.00084,3.46e-05,1e-05,0.7,0.16,390.0849622
0.00084,3.46e-05,1e-05,0.8,0.16,390.0849622
0.00084,3.46e-05,1e-05,0.9,0.16,390.0849622
0.00084,3.46e-05,1e-05,1.0,0.16,390.0849622
0.00083,5.1e-05,0.0,0.0,0.170000013,317.1018753
0.00083,5.1e-05,0.0,0.1,0.170000013,390.0869806
0.00083,5.1e-05,0.0,0.2,0.170000013,390.0869806
0.00083,5.1e-05,0.0,0.3,0.170000013,390.0869806
0.00083,5.1e-05,0.0,0.4,0.170000013,390.0869806
0.00083,5.1e-05,0.0,0.5,0.170000013,390.0869806
0.00083,5.1e-05,0.0,0.6,0.170000013,390.0869806
0.00083,5.1e-05,0.0,0.7,0.170000013,390.0869806
0.00083,5.1e-05,0.0,0.8,0.170000013,390.0869806
0.00083,5.1e-05,0.0,0.9,0.170000013,390.0869806
0.00083,5.1e-05,0.0,1.0,0.170000013,390.0869806
0.00083,5.1e-05,1e-05,0.0,0.170000013,317.1018753
0.00083,5.1e-05,1e-05,0.1,0.170000013,390.0869806
0.00083,5.1e-05,1e-05,0.2,0.170000013,390.0869806
0.00083,5.1e-05,1e-05,0.3,0.170000013,390.0869806
0.00083,5.1e-05,1e-05,0.4,0.170000013,390.0869806
0.00083,5.1e-05,1e-05,0.5,0.170000013,390.0869806
0.00083,5.1e-05,1e-05,0.6,0.170000013,390.0869806
0.00083,5.1e-05,1e-05,0.7,0.170000013,390.0869806
0.00083,5.1e-05,1e-05,0.8,0.170000013,390.0869806
0.00083,5.1e-05,1e-05,0.9,0.170000013,390.0869806
0.00083,5.1e-05,1e-05,1.0,0.170000013,390.0869806
0.00082,0.0001,1e-05,0.0,0.18,317.1010663
0.00082,0.0001,1e-05,0.1,0.18,390.0827977
0.00082,0.0001,1e-05,0.2,0.18,390.0827977
0.00082,0.0001,1e-05,0.3,0.18,390.0827977
0.00082,0.0001,1e-05,0.4,0.18,390.0827977
0.00082,0.0001,1e-05,0.5,0.18,390.0827977
0.00082,0.0001,1e-05,0.6,0.18,390.0827977
0.00082,0.0001,1e-05,0.7,0.18,390.0827977
0.00082,0.0001,1e-05,0.8,0.18,390.0827977
0.00082,0.0001,1e-05,0.9,0.18,390.0827977
0.00082,0.0001,1e-05,1.0,0.18,390.0827977
0.00083,8.27e-05,0.0,0.0,0.17,317.1014196
0.00083,8.27e-05,0.0,0.1,0.17,390.0845783
0.00083,8.27e-05,0.0,0.2,0.17,390.0845783
0.00083,8.27e-05,0.0,0.3,0.17,390.0845783
0.00083,8.27e-05,0.0,0.4,0.17,390.0845783
0.00083,8.27e-05,0.0,0.5,0.17,390.0845783
0.00083,8.27e-05,0.0,0.6,0.17,390.0845783
0.00083,8.27e-05,0.0,0.7,0.17,390.0845783
0.00083,8.27e-05,0.0,0.8,0.17,390.0845783
0.00083,8.27e-05,0.0,0.9,0.17,390.0845783
0.00083,8.27e-05,0.0,1.0,0.17,390.0845783
0.00083,8.27e-05,1e-05,0.0,0.17,317.1014196
0.00083,8.27e-05,1e-05,0.1,0.17,390.0845783
0.00083,8.27e-05,1e-05,0.2,0.17,390.0845783
0.00083,8.27e-05,1e-05,0.3,0.17,390.0845783
0.00083,8.27e-05,1e-05,0.4,0.17,390.0845783
0.00083,8.27e-05,1e-05,0.5,0.17,390.0845783
0.00083,8.27e-05,1e-05,0.6,0.17,390.0845783
0.00083,8.27e-05,1e-05,0.7,0.17,390.0845783
0.00083,8.27e-05,1e-05,0.8,0.17,390.0845783
0.00083,8.27e-05,1e-05,0.9,0.17,390.0845783
0.00083,8.27e-05,1e-05,1.0,0.17,390.0845783
0.00084,0.0001,0.0,0.0,0.16,317.10054
0.00084,0.0001,0.0,0.1,0.16,390.0798639
0.00084,0.0001,0.0,0.2,0.16,390.0798639
0.00084,0.0001,0.0,0.3,0.16,390.0798639
0.00084,0.0001,0.0,0.4,0.16,390.0798639
0.00084,0.0001,0.0,0.5,0.16,390.0798639
0.00084,0.0001,0.0,0.6,0.16,390.0798639
0.00084,0.0001,0.0,0.7,0.16,390.0798639
0.00084,0.0001,0.0,0.8,0.16,390.0798639
0.00084,0.0001,0.0,0.9,0.16,390.0798639
0.00084,0.0001,0.0,1.0,0.16,390.0798639
0.00084,6.69e-05,0.0,0.0,0.160000063,317.1014857
0.00084,6.69e-05,0.0,0.1,0.160000063,390.0848481
0.00084,6.69e-05,0.0,0.2,0.160000063,390.0848481
0.00084,6.69e-05,0.0,0.3,0.160000063,390.0848481
0.00084,6.69e-05,0.0,0.4,0.160000063,390.0848481
0.00084,6.69e-05,0.0,0.5,0.160000063,390.0848481
0.00084,6.69e-05,0.0,0.6,0.160000063,390.0848481
0.00084,6.69e-05,0.0,0.7,0.160000063,390.0848481
0.00084,6.69e-05,0.0,0.8,0.160000063,390.0848481
0.00084,6.69e-05,0.0,0.9,0.160000063,390.0848481
0.00084,6.69e-05,0.0,1.0,0.160000063,390.0848481
0.00084,6.69e-05,1e-05,0.0,0.160000063,317.1014857
0.00084,6.69e-05,1e-05,0.1,0.160000063,390.0848481
0.00084,6.69e-05,1e-05,0.2,0.160000063,390.0848481
0.00084,6.69e-05,1e-05,0.3,0.160000063,390.0848481
0.00084,6.69e-05,1e-05,0.4,0.160000063,390.0848481
0.00084,6.69e-05,1e-05,0.5,0.160000063,390.0848481
0.00084,6.69e-05,1e-05,0.6,0.160000063,390.0848481
0.00084,6.69e-05,1e-05,0.7,0.160000063,390.0848481
0.00084,6.69e-05,1e-05,0.8,0.160000063,390.0848481
0.00084,6.69e-05,1e-05,0.9,0.160000063,390.0848481
0.00084,6.69e-05,1e-05,1.0,0.160000063,390.0848481
0.00087,1.73e-05,0.0,0.0,0.13,317.1002952
0.00087,1.73e-05,0.0,0.1,0.13,390.0783471
0.00087,1.73e-05,0.0,0.2,0.13,390.0783471
0.00087,1.73e-05,0.0,0.3,0.13,390.0783471
0.00087,1.73e-05,0.0,0.4,0.13,390.0783471
0.00087,1.73e-05,0.0,0.5,0.13,390.0783471
0.00087,1.73e-05,0.0,0.6,0.13,390.0783471
0.00087,1.73e-05,0.0,0.7,0.13,390.0783471
0.00087,1.73e-05,0.0,0.8,0.13,390.0783471
0.00087,1.73e-05,0.0,0.9,0.13,390.0783471
0.00087,1.73e-05,0.0,1.0,0.13,390.0783471
0.00086,3.46e-05,0.0,0.0,0.14,317.1009452
0.00086,3.46e-05,0.0,0.1,0.14,390.0818466
0.00086,3.46e-05,0.0,0.2,0.14,390.0818466
0.00086,3.46e-05,0.0,0.3,0.14,390.0818466
0.00086,3.46e-05,0.0,0.4,0.14,390.0818466
0.00086,3.46e-05,0.0,0.5,0.14,390.0818466
0.00086,3.46e-05,0.0,0.6,0.14,390.0818466
0.00086,3.46e-05,0.0,0.7,0.14,390.0818466
0.00086,3.46e-05,0.0,0.8,0.14,390.0818466
0.00086,3.46e-05,0.0,0.9,0.14,390.0818466
0.00086,3.46e-05,0.0,1.0,0.14,390.0818466
0.00088,0.0,0.0,0.0,0.12,317.0993793
0.00088,0.0,0.0,0.1,0.12,390.0734508
0.00088,0.0,0.0,0.2,0.12,390.0734508
0.00088,0.0,0.0,0.3,0.12,390.0734508
0.00088,0.0,0.0,0.4,0.12,390.0734508
0.00088,0.0,0.0,0.5,0.12,390.0734508
0.00088,0.0,0.0,0.6,0.12,390.0734508
0.00088,0.0,0.0,0.7,0.12,390.0734508
0.00088,0.0,0.0,0.8,0.12,390.0734508
0.00088,0.0,0.0,0.9,0.12,390.0734508
0.00088,0.0,0.0,1.0,0.12,390.0734508
0.00088,0.0,1e-05,0.0,0.12,317.0993793
0.00088,0.0,1e-05,0.1,0.12,390.0734508
0.00088,0.0,1e-05,0.2,0.12,390.0734508
0.00088,0.0,1e-05,0.3,0.12,390.0734508
0.00088,0.0,1e-05,0.4,0.12,390.0734508
0.00088,0.0,1e-05,0.5,0.12,390.0734508
0.00088,0.0,1e-05,0.6,0.12,390.0734508
0.00088,0.0,1e-05,0.7,0.12,390.0734508
0.00088,0.0,1e-05,0.8,0.12,390.0734508
0.00088,0.0,1e-05,0.9,0.12,390.0734508
0.00088,0.0,1e-05,1.0,0.12,390.0734508
0.00087,1.73e-05,1e-05,0.0,0.13,317.1002952
0.00087,1.73e-05,1e-05,0.1,0.13,390.0783471
0.00087,1.73e-05,1e-05,0.2,0.13,390.0783471
0.00087,1.73e-05,1e-05,0.3,0.13,390.0783471
0.00087,1.73e-05,1e-05,0.4,0.13,390.0783471
0.00087,1.73e-05,1e-05,0.5,0.13,390.0783471
0.00087,1.73e-05,1e-05,0.6,0.13,390.0783471
0.00087,1.73e-05,1e-05,0.7,0.13,390.0783471
0.00087,1.73e-05,1e-05,0.8,0.13,390.0783471
0.00087,1.73e-05,1e-05,0.9,0.13,390.0783471
0.00087,1.73e-05,1e-05,1.0,0.13,390.0783471
0.00086,3.46e-05,1e-05,0.0,0.14,317.1009452
0.00086,3.46e-05,1e-05,0.1,0.14,390.0818466
0.00086,3.46e-05,1e-05,0.2,0.14,390.0818466
0.00086,3.46e-05,1e-05,0.3,0.14,390.0818466
0.00086,3.46e-05,1e-05,0.4,0.14,390.0818466
0.00086,3.46e-05,1e-05,0.5,0.14,390.0818466
0.00086,3.46e-05,1e-05,0.6,0.14,390.0818466
0.00086,3.46e-05,1e-05,0.7,0.14,390.0818466
0.00086,3.46e-05,1e-05,0.8,0.14,390.0818466
0.00086,3.46e-05,1e-05,0.9,0.14,390.0818466
0.00086,3.46e-05,1e-05,1.0,0.14,390.0818466
0.00085,5.1e-05,0.0,0.0,0.150000075,317.1013311
0.00085,5.1e-05,0.0,0.1,0.150000075,390.083956
0.00085,5.1e-05,0.0,0.2,0.150000075,390.083956
0.00085,5.1e-05,0.0,0.3,0.150000075,390.083956
0.00085,5.1e-05,0.0,0.4,0.150000075,390.083956
0.00085,5.1e-05,0.0,0.5,0.150000075,390.083956
0.00085,5.1e-05,0.0,0.6,0.150000075,390.083956
0.00085,5.1e-05,0.0,0.7,0.150000075,390.083956
0.00085,5.1e-05,0.0,0.8,0.150000075,390.083956
0.00085,5.1e-05,0.0,0.9,0.150000075,390.083956
0.00085,5.1e-05,0.0,1.0,0.150000075,390.083956
0.00085,5.1e-05,1e-05,0.0,0.150000076,317.1013311
0.00085,5.1e-05,1e-05,0.1,0.150000076,390.083956
0.00085,5.1e-05,1e-05,0.2,0.150000076,390.083956
0.00085,5.1e-05,1e-05,0.3,0.150000076,390.083956
0.00085,5.1e-05,1e-05,0.4,0.150000076,390.083956
0.00085,5.1e-05,1e-05,0.5,0.150000076,390.083956
0.00085,5.1e-05,1e-05,0.6,0.150000076,390.083956
0.00085,5.1e-05,1e-05,0.7,0.150000076,390.083956
0.00085,5.1e-05,1e-05,0.8,0.150000076,390.083956
0.00085,5.1e-05,1e-05,0.9,0.150000076,390.083956
0.00085,5.1e-05,1e-05,1.0,0.150000076,390.083956
0.00084,0.0001,1e-05,0.0,0.16,317.10054
0.00084,0.0001,1e-05,0.1,0.16,390.0798639
0.00084,0.0001,1e-05,0.2,0.16,390.0798639
0.00084,0.0001,1e-05,0.3,0.16,390.0798639
0.00084,0.0001,1e-05,0.4,0.16,390.0798639
0.00084,0.0001,1e-05,0.5,0.16,390.0798639
0.00084,0.0001,1e-05,0.6,0.16,390.0798639
0.00084,0.0001,1e-05,0.7,0.16,390.0798639
0.00084,0.0001,1e-05,0.8,0.16,390.0798639
0.00084,0.0001,1e-05,0.9,0.16,390.0798639
0.00084,0.0001,1e-05,1.0,0.16,390.0798639
0.00085,8.27e-05,0.0,0.0,0.15,317.1008754
0.00085,8.27e-05,0.0,0.1,0.15,390.0815537
0.00085,8.27e-05,0.0,0.2,0.15,390.0815537
0.00085,8.27e-05,0.0,0.3,0.15,390.0815537
0.00085,8.27e-05,0.0,0.4,0.15,390.0815537
0.00085,8.27e-05,0.0,0.5,0.15,390.0815537
0.00085,8.27e-05,0.0,0.6,0.15,390.0815537
0.00085,8.27e-05,0.0,0.7,0.15,390.0815537
0.00085,8.27e-05,0.0,0.8,0.15,390.0815537
0.00085,8.27e-05,0.0,0.9,0.15,390.0815537
0.00085,8.27e-05,0.0,1.0,0.15,390.0815537
0.00086,0.0001,0.0,0.0,0.14,317.0999779
0.00086,0.0001,0.0,0.1,0.14,390.0767485
0.00086,0.0001,0.0,0.2,0.14,390.0767485
0.00086,0.0001,0.0,0.3,0.14,390.0767485
0.00086,0.0001,0.0,0.4,0.14,390.0767485
0.00086,0.0001,0.0,0.5,0.14,390.0767485
0.00086,0.0001,0.0,0.6,0.14,390.0767485
0.00086,0.0001,0.0,0.7,0.14,390.0767485
0.00086,0.0001,0.0,0.8,0.14,390.0767485
0.00086,0.0001,0.0,0.9,0.14,390.0767485
0.00086,0.0001,0.0,1.0,0.14,390.0767485
0.00085,8.27e-05,1e-05,0.0,0.15,317.1008754
0.00085,8.27e-05,1e-05,0.1,0.15,390.0815537
0.00085,8.27e-05,1e-05,0.2,0.15,390.0815537
0.00085,8.27e-05,1e-05,0.3,0.15,390.0815537
0.00085,8.27e-05,1e-05,0.4,0.15,390.0815537
0.00085,8.27e-05,1e-05,0.5,0.15,390.0815537
0.00085,8.27e-05,1e-05,0.6,0.15,390.0815537
0.00085,8.27e-05,1e-05,0.7,0.15,390.0815537
0.00085,8.27e-05,1e-05,0.8,0.15,390.0815537
0.00085,8.27e-05,1e-05,0.9,0.15,390.0815537
0.00085,8.27e-05,1e-05,1.0,0.15,390.0815537
0.00089,1.73e-05,0.0,0.0,0.11,317.0996781
0.00089,1.73e-05,0.0,0.1,0.11,390.0749578
0.00089,1.73e-05,0.0,0.2,0.11,390.0749578
0.00089,1.73e-05,0.0,0.3,0.11,390.0749578
0.00089,1.73e-05,0.0,0.4,0.11,390.0749578
0.00089,1.73e-05,0.0,0.5,0.11,390.0749578
0.00089,1.73e-05,0.0,0.6,0.11,390.0749578
0.00089,1.73e-05,0.0,0.7,0.11,390.0749578
0.00089,1.73e-05,0.0,0.8,0.11,390.0749578
0.00089,1.73e-05,0.0,0.9,0.11,390.0749578
0.00089,1.73e-05,0.0,1.0,0.11,390.0749578
0.0009,0.0,0.0,0.0,0.1,317.0987437
0.0009,0.0,0.0,0.1,0.1,390.06997
0.0009,0.0,0.0,0.2,0.1,390.06997
0.0009,0.0,0.0,0.3,0.1,390.06997
0.0009,0.0,0.0,0.4,0.1,390.06997
0.0009,0.0,0.0,0.5,0.1,390.06997
0.0009,0.0,0.0,0.6,0.1,390.06997
0.0009,0.0,0.0,0.7,0.1,390.06997
0.0009,0.0,0.0,0.8,0.1,390.06997
0.0009,0.0,0.0,0.9,0.1,390.06997
0.0009,0.0,0.0,1.0,0.1,390.06997
0.0009,0.0,1e-05,0.0,0.1,317.0987437
0.0009,0.0,1e-05,0.1,0.1,390.06997
0.0009,0.0,1e-05,0.2,0.1,390.06997
0.0009,0.0,1e-05,0.3,0.1,390.06997
0.0009,0.0,1e-05,0.4,0.1,390.06997
0.0009,0.0,1e-05,0.5,0.1,390.06997
0.0009,0.0,1e-05,0.6,0.1,390.06997
0.0009,0.0,1e-05,0.7,0.1,390.06997
0.0009,0.0,1e-05,0.8,0.1,390.06997
0.0009,0.0,1e-05,0.9,0.1,390.06997
0.0009,0.0,1e-05,1.0,0.1,390.06997
0.00086,6.69e-05,0.0,0.0,0.140000376,317.1009236
0.00086,6.69e-05,0.0,0.1,0.140000376,390.0817326
0.00086,6.69e-05,0.0,0.2,0.140000376,390.0817326
0.00086,6.69e-05,0.0,0.3,0.140000376,390.0817326
0.00086,6.69e-05,0.0,0.4,0.140000376,390.0817326
0.00086,6.69e-05,0.0,0.5,0.140000376,390.0817326
0.00086,6.69e-05,0.0,0.6,0.140000376,390.0817326
0.00086,6.69e-05,0.0,0.7,0.140000376,390.0817326
0.00086,6.69e-05,0.0,0.8,0.140000376,390.0817326
0.00086,6.69e-05,0.0,0.9,0.140000376,390.0817326
0.00086,6.69e-05,0.0,1.0,0.140000376,390.0817326
0.00086,6.69e-05,1e-05,0.0,0.140000378,317.1009236
0.00086,6.69e-05,1e-05,0.1,0.140000378,390.0817326
0.00086,6.69e-05,1e-05,0.2,0.140000378,390.0817326
0.00086,6.69e-05,1e-05,0.3,0.140000378,390.0817326
0.00086,6.69e-05,1e-05,0.4,0.140000378,390.0817326
0.00086,6.69e-05,1e-05,0.5,0.140000378,390.0817326
0.00086,6.69e-05,1e-05,0.6,0.140000378,390.0817326
0.00086,6.69e-05,1e-05,0.7,0.140000378,390.0817326
0.00086,6.69e-05,1e-05,0.8,0.140000378,390.0817326
0.00086,6.69e-05,1e-05,0.9,0.140000378,390.0817326
0.00086,6.69e-05,1e-05,1.0,0.140000378,390.0817326
0.00088,3.46e-05,0.0,0.0,0.12,317.1003467
0.00088,3.46e-05,0.0,0.1,0.12,390.0785487
0.00088,3.46e-05,0.0,0.2,0.12,390.0785487
0.00088,3.46e-05,0.0,0.3,0.12,390.0785487
0.00088,3.46e-05,0.0,0.4,0.12,390.0785487
0.00088,3.46e-05,0.0,0.5,0.12,390.0785487
0.00088,3.46e-05,0.0,0.6,0.12,390.0785487
0.00088,3.46e-05,0.0,0.7,0.12,390.0785487
0.00088,3.46e-05,0.0,0.8,0.12,390.0785487
0.00088,3.46e-05,0.0,0.9,0.12,390.0785487
0.00088,3.46e-05,0.0,1.0,0.12,390.0785487
0.00089,1.73e-05,1e-05,0.0,0.11,317.0996782
0.00089,1.73e-05,1e-05,0.1,0.11,390.0749578
0.00089,1.73e-05,1e-05,0.2,0.11,390.0749578
0.00089,1.73e-05,1e-05,0.3,0.11,390.0749578
0.00089,1.73e-05,1e-05,0.4,0.11,390.0749578
0.00089,1.73e-05,1e-05,0.5,0.11,390.0749578
0.00089,1.73e-05,1e-05,0.6,0.11,390.0749578
0.00089,1.73e-05,1e-05,0.7,0.11,390.0749578
0.00089,1.73e-05,1e-05,0.8,0.11,390.0749578
0.00089,1.73e-05,1e-05,0.9,0.11,390.0749578
0.00089,1.73e-05,1e-05,1.0,0.11,390.0749578
0.00087,5.1e-05,0.0,0.0,0.130000451,317.1007509
0.00087,5.1e-05,0.0,0.1,0.130000451,390.0807493
0.00087,5.1e-05,0.0,0.2,0.130000451,390.0807493
0.00087,5.1e-05,0.0,0.3,0.130000451,390.0807493
0.00087,5.1e-05,0.0,0.4,0.130000451,390.0807493
0.00087,5.1e-05,0.0,0.5,0.130000451,390.0807493
0.00087,5.1e-05,0.0,0.6,0.130000451,390.0807493
0.00087,5.1e-05,0.0,0.7,0.130000451,390.0807493
0.00087,5.1e-05,0.0,0.8,0.130000451,390.0807493
0.00087,5.1e-05,0.0,0.9,0.130000451,390.0807493
0.00087,5.1e-05,0.0,1.0,0.130000451,390.0807493
0.00088,3.46e-05,1e-05,0.0,0.12,317.1003467
0.00088,3.46e-05,1e-05,0.1,0.12,390.0785487
0.00088,3.46e-05,1e-05,0.2,0.12,390.0785487
0.00088,3.46e-05,1e-05,0.3,0.12,390.0785487
0.00088,3.46e-05,1e-05,0.4,0.12,390.0785487
0.00088,3.46e-05,1e-05,0.5,0.12,390.0785487
0.00088,3.46e-05,1e-05,0.6,0.12,390.0785487
0.00088,3.46e-05,1e-05,0.7,0.12,390.0785487
0.00088,3.46e-05,1e-05,0.8,0.12,390.0785487
0.00088,3.46e-05,1e-05,0.9,0.12,390.0785487
0.00088,3.46e-05,1e-05,1.0,0.12,390.0785487
0.00087,5.1e-05,1e-05,0.0,0.130000453,317.1007509
0.00087,5.1e-05,1e-05,0.1,0.130000453,390.0807493
0.00087,5.1e-05,1e-05,0.2,0.130000453,390.0807493
0.00087,5.1e-05,1e-05,0.3,0.130000453,390.0807493
0.00087,5.1e-05,1e-05,0.4,0.130000453,390.0807493
0.00087,5.1e-05,1e-05,0.5,0.130000453,390.0807493
0.00087,5.1e-05,1e-05,0.6,0.130000453,390.0807493
0.00087,5.1e-05,1e-05,0.7,0.130000453,390.0807493
0.00087,5.1e-05,1e-05,0.8,0.130000453,390.0807493
0.00087,5.1e-05,1e-05,0.9,0.130000453,390.0807493
0.00087,5.1e-05,1e-05,1.0,0.130000453,390.0807493
0.00086,0.0001,1e-05,0.0,0.14,317.0999779
0.00086,0.0001,1e-05,0.1,0.14,390.0767485
0.00086,0.0001,1e-05,0.2,0.14,390.0767485
0.00086,0.0001,1e-05,0.3,0.14,390.0767485
0.00086,0.0001,1e-05,0.4,0.14,390.0767485
0.00086,0.0001,1e-05,0.5,0.14,390.0767485
0.00086,0.0001,1e-05,0.6,0.14,390.0767485
0.00086,0.0001,1e-05,0.7,0.14,390.0767485
0.00086,0.0001,1e-05,0.8,0.14,390.0767485
0.00086,0.0001,1e-05,0.9,0.14,390.0767485
0.00086,0.0001,1e-05,1.0,0.14,390.0767485
0.00087,8.27e-05,0.0,0.0,0.13,317.1002952
0.00087,8.27e-05,0.0,0.1,0.13,390.0783471
0.00087,8.27e-05,0.0,0.2,0.13,390.0783471
0.00087,8.27e-05,0.0,0.3,0.13,390.0783471
0.00087,8.27e-05,0.0,0.4,0.13,390.0783471
0.00087,8.27e-05,0.0,0.5,0.13,390.0783471
0.00087,8.27e-05,0.0,0.6,0.13,390.0783471
0.00087,8.27e-05,0.0,0.7,0.13,390.0783471
0.00087,8.27e-05,0.0,0.8,0.13,390.0783471
0.00087,8.27e-05,0.0,0.9,0.13,390.0783471
0.00087,8.27e-05,0.0,1.0,0.13,390.0783471
0.00087,8.31e-05,5e-06,0.0,0.130000377,317.1003895
0.00087,8.31e-05,5e-06,0.1,0.130000377,390.0788437
0.00087,8.31e-05,5e-06,0.2,0.130000377,390.0788437
0.00087,8.31e-05,5e-06,0.3,0.130000377,390.0788437
0.00087,8.31e-05,5e-06,0.4,0.130000377,390.0788437
0.00087,8.31e-05,5e-06,0.5,0.130000377,390.0788437
0.00087,8.31e-05,5e-06,0.6,0.130000377,390.0788437
0.00087,8.31e-05,5e-06,0.7,0.130000377,390.0788437
0.00087,8.31e-05,5e-06,0.8,0.130000377,390.0788437
0.00087,8.31e-05,5e-06,0.9,0.130000377,390.0788437
0.00087,8.31e-05,5e-06,1.0,0.130000377,390.0788437
0.00088,0.0001,0.0,0.0,0.12,317.0993793
0.00088,0.0001,0.0,0.1,0.12,390.0734508
0.00088,0.0001,0.0,0.2,0.12,390.0734508
0.00088,0.0001,0.0,0.3,0.12,390.0734508
0.00088,0.0001,0.0,0.4,0.12,390.0734508
0.00088,0.0001,0.0,0.5,0.12,390.0734508
0.00088,0.0001,0.0,0.6,0.12,390.0734508
0.00088,0.0001,0.0,0.7,0.12,390.0734508
0.00088,0.0001,0.0,0.8,0.12,390.0734508
0.00088,0.0001,0.0,0.9,0.12,390.0734508
0.00088,0.0001,0.0,1.0,0.12,390.0734508
0.00087,8.27e-05,1e-05,0.0,0.13,317.1002952
0.00087,8.27e-05,1e-05,0.1,0.13,390.0783471
0.00087,8.27e-05,1e-05,0.2,0.13,390.0783471
0.00087,8.27e-05,1e-05,0.3,0.13,390.0783471
0.00087,8.27e-05,1e-05,0.4,0.13,390.0783471
0.00087,8.27e-05,1e-05,0.5,0.13,390.0783471
0.00087,8.27e-05,1e-05,0.6,0.13,390.0783471
0.00087,8.27e-05,1e-05,0.7,0.13,390.0783471
0.00087,8.27e-05,1e-05,0.8,0.13,390.0783471
0.00087,8.27e-05,1e-05,0.9,0.13,390.0783471
0.00087,8.27e-05,1e-05,1.0,0.13,390.0783471
0.0009,3.46e-05,0.0,0.0,0.1,317.099711
0.0009,3.46e-05,0.0,0.1,0.1,390.0750677
0.0009,3.46e-05,0.0,0.2,0.1,390.0750677
0.0009,3.46e-05,0.0,0.3,0.1,390.0750677
0.0009,3.46e-05,0.0,0.4,0.1,390.0750677
0.0009,3.46e-05,0.0,0.5,0.1,390.0750677
0.0009,3.46e-05,0.0,0.6,0.1,390.0750677
0.0009,3.46e-05,0.0,0.7,0.1,390.0750677
0.0009,3.46e-05,0.0,0.8,0.1,390.0750677
0.0009,3.46e-05,0.0,0.9,0.1,390.0750677
0.0009,3.46e-05,0.0,1.0,0.1,390.0750677
0.00092,0.0,0.0,0.0,0.08,317.0980701
0.00092,0.0,0.0,0.1,0.08,390.0663053
0.00092,0.0,0.0,0.2,0.08,390.0663053
0.00092,0.0,0.0,0.3,0.08,390.0663053
0.00092,0.0,0.0,0.4,0.08,390.0663053
0.00092,0.0,0.0,0.5,0.08,390.0663053
0.00092,0.0,0.0,0.6,0.08,390.0663053
0.00092,0.0,0.0,0.7,0.08,390.0663053
0.00092,0.0,0.0,0.8,0.08,390.0663053
0.00092,0.0,0.0,0.9,0.08,390.0663053
0.00092,0.0,0.0,1.0,0.08,390.0663053
0.00092,0.0,1e-05,0.0,0.08,317.0980701
0.00092,0.0,1e-05,0.1,0.08,390.0663053
0.00092,0.0,1e-05,0.2,0.08,390.0663053
0.00092,0.0,1e-05,0.3,0.08,390.0663053
0.00092,0.0,1e-05,0.4,0.08,390.0663053
0.00092,0.0,1e-05,0.5,0.08,390.0663053
0.00092,0.0,1e-05,0.6,0.08,390.0663053
0.00092,0.0,1e-05,0.7,0.08,390.0663053
0.00092,0.0,1e-05,0.8,0.08,390.0663053
0.00092,0.0,1e-05,0.9,0.08,390.0663053
0.00092,0.0,1e-05,1.0,0.08,390.0663053
0.00091,1.73e-05,1e-05,0.0,0.09,317.0990236
0.00091,1.73e-05,1e-05,0.1,0.09,390.071385
0.00091,1.73e-05,1e-05,0.2,0.09,390.071385
0.00091,1.73e-05,1e-05,0.3,0.09,390.071385
0.00091,1.73e-05,1e-05,0.4,0.09,390.071385
0.00091,1.73e-05,1e-05,0.5,0.09,390.071385
0.00091,1.73e-05,1e-05,0.6,0.09,390.071385
0.00091,1.73e-05,1e-05,0.7,0.09,390.071385
0.00091,1.73e-05,1e-05,0.8,0.09,390.071385
0.00091,1.73e-05,1e-05,0.9,0.09,390.071385
0.00091,1.73e-05,1e-05,1.0,0.09,390.071385
0.00091,1.73e-05,0.0,0.0,0.09,317.0990236
0.00091,1.73e-05,0.0,0.1,0.09,390.071385
0.00091,1.73e-05,0.0,0.2,0.09,390.071385
0.00091,1.73e-05,0.0,0.3,0.09,390.071385
0.00091,1.73e-05,0.0,0.4,0.09,390.071385
0.00091,1.73e-05,0.0,0.5,0.09,390.071385
0.00091,1.73e-05,0.0,0.6,0.09,390.071385
0.00091,1.73e-05,0.0,0.7,0.09,390.071385
0.00091,1.73e-05,0.0,0.8,0.09,390.071385
0.00091,1.73e-05,0.0,0.9,0.09,390.071385
0.00091,1.73e-05,0.0,1.0,0.09,390.071385
0.00088,6.69e-05,0.0,0.0,0.120002255,317.1003251
0.00088,6.69e-05,0.0,0.1,0.120002255,390.078435
0.00088,6.69e-05,0.0,0.2,0.120002255,390.078435
0.00088,6.69e-05,0.0,0.3,0.120002255,390.078435
0.00088,6.69e-05,0.0,0.4,0.120002255,390.078435
0.00088,6.69e-05,0.0,0.5,0.120002255,390.078435
0.00088,6.69e-05,0.0,0.6,0.120002255,390.078435
0.00088,6.69e-05,0.0,0.7,0.120002255,390.078435
0.00088,6.69e-05,0.0,0.8,0.120002255,390.078435
0.00088,6.69e-05,0.0,0.9,0.120002255,390.078435
0.00088,6.69e-05,0.0,1.0,0.120002255,390.078435
0.00088,6.69e-05,1e-05,0.0,0.120002266,317.1003251
0.00088,6.69e-05,1e-05,0.1,0.120002266,390.078435
0.00088,6.69e-05,1e-05,0.2,0.120002266,390.078435
0.00088,6.69e-05,1e-05,0.3,0.120002266,390.078435
0.00088,6.69e-05,1e-05,0.4,0.120002266,390.078435
0.00088,6.69e-05,1e-05,0.5,0.120002266,390.078435
0.00088,6.69e-05,1e-05,0.6,0.120002266,390.078435
0.00088,6.69e-05,1e-05,0.7,0.120002266,390.078435
0.00088,6.69e-05,1e-05,0.8,0.120002266,390.078435
0.00088,6.69e-05,1e-05,0.9,0.120002266,390.078435
0.00088,6.69e-05,1e-05,1.0,0.120002266,390.078435
0.00089,5.1e-05,0.0,0.0,0.110002706,317.1001339
0.00089,5.1e-05,0.0,0.1,0.110002706,390.0773603
0.00089,5.1e-05,0.0,0.2,0.110002706,390.0773603
0.00089,5.1e-05,0.0,0.3,0.110002706,390.0773603
0.00089,5.1e-05,0.0,0.4,0.110002706,390.0773603
0.00089,5.1e-05,0.0,0.5,0.110002706,390.0773603
0.00089,5.1e-05,0.0,0.6,0.110002706,390.0773603
0.00089,5.1e-05,0.0,0.7,0.110002706,390.0773603
0.00089,5.1e-05,0.0,0.8,0.110002706,390.0773603
0.00089,5.1e-05,0.0,0.9,0.110002706,390.0773603
0.00089,5.1e-05,0.0,1.0,0.110002706,390.0773603
0.0009,3.46e-05,1e-05,0.0,0.1,317.099711
0.0009,3.46e-05,1e-05,0.1,0.1,390.0750677
0.0009,3.46e-05,1e-05,0.2,0.1,390.0750677
0.0009,3.46e-05,1e-05,0.3,0.1,390.0750677
0.0009,3.46e-05,1e-05,0.4,0.1,390.0750677
0.0009,3.46e-05,1e-05,0.5,0.1,390.0750677
0.0009,3.46e-05,1e-05,0.6,0.1,390.0750677
0.0009,3.46e-05,1e-05,0.7,0.1,390.0750677
0.0009,3.46e-05,1e-05,0.8,0.1,390.0750677
0.0009,3.46e-05,1e-05,0.9,0.1,390.0750677
0.0009,3.46e-05,1e-05,1.0,0.1,390.0750677
0.00089,5.1e-05,1e-05,0.0,0.110002719,317.1001339
0.00089,5.1e-05,1e-05,0.1,0.110002719,390.0773603
0.00089,5.1e-05,1e-05,0.2,0.110002719,390.0773603
0.00089,5.1e-05,1e-05,0.3,0.110002719,390.0773603
0.00089,5.1e-05,1e-05,0.4,0.110002719,390.0773603
0.00089,5.1e-05,1e-05,0.5,0.110002719,390.0773603
0.00089,5.1e-05,1e-05,0.6,0.110002719,390.0773603
0.00089,5.1e-05,1e-05,0.7,0.110002719,390.0773603
0.00089,5.1e-05,1e-05,0.8,0.110002719,390.0773603
0.00089,5.1e-05,1e-05,0.9,0.110002719,390.0773603
0.00089,5.1e-05,1e-05,1.0,0.110002719,390.0773603
0.00088,0.0001,1e-05,0.0,0.12,317.0993793
0.00088,0.0001,1e-05,0.1,0.12,390.0734508
0.00088,0.0001,1e-05,0.2,0.12,390.0734508
0.00088,0.0001,1e-05,0.3,0.12,390.0734508
0.00088,0.0001,1e-05,0.4,0.12,390.0734508
0.00088,0.0001,1e-05,0.5,0.12,390.0734508
0.00088,0.0001,1e-05,0.6,0.12,390.0734508
0.00088,0.0001,1e-05,0.7,0.12,390.0734508
0.00088,0.0001,1e-05,0.8,0.12,390.0734508
0.00088,0.0001,1e-05,0.9,0.12,390.0734508
0.00088,0.0001,1e-05,1.0,0.12,390.0734508
0.000956,7.74e-06,5e-06,0.0,0.044483186,317.0971898
0.000956,7.74e-06,5e-06,0.1,0.044483186,390.0615115
0.000956,7.74e-06,5e-06,0.2,0.044483186,390.0615115
0.000956,7.74e-06,5e-06,0.3,0.044483186,390.0615115
0.000956,7.74e-06,5e-06,0.4,0.044483186,390.0615115
0.000956,7.74e-06,5e-06,0.5,0.044483186,390.0615115
0.000956,7.74e-06,5e-06,0.6,0.044483186,390.0615115
0.000956,7.74e-06,5e-06,0.7,0.044483186,390.0615115
0.000956,7.74e-06,5e-06,0.8,0.044483186,390.0615115
0.000956,7.74e-06,5e-06,0.9,0.044483186,390.0615115
0.000956,7.74e-06,5e-06,1.0,0.044483186,390.0615115
0.00096,0.0,0.0,0.0,0.04,317.0966059
0.00096,0.0,0.0,0.1,0.04,390.0584212
0.00096,0.0,0.0,0.2,0.04,390.0584212
0.00096,0.0,0.0,0.3,0.04,390.0584212
0.00096,0.0,0.0,0.4,0.04,390.0584212
0.00096,0.0,0.0,0.5,0.04,390.0584212
0.00096,0.0,0.0,0.6,0.04,390.0584212
0.00096,0.0,0.0,0.7,0.04,390.0584212
0.00096,0.0,0.0,0.8,0.04,390.0584212
0.00096,0.0,0.0,0.9,0.04,390.0584212
0.00096,0.0,0.0,1.0,0.04,390.0584212
0.00096,0.0,1e-05,0.0,0.04,317.0966059
0.00096,0.0,1e-05,0.1,0.04,390.0584212
0.00096,0.0,1e-05,0.2,0.04,390.0584212
0.00096,0.0,1e-05,0.3,0.04,390.0584212
0.00096,0.0,1e-05,0.4,0.04,390.0584212
0.00096,0.0,1e-05,0.5,0.04,390.0584212
0.00096,0.0,1e-05,0.6,0.04,390.0584212
0.00096,0.0,1e-05,0.7,0.04,390.0584212
0.00096,0.0,1e-05,0.8,0.04,390.0584212
0.00096,0.0,1e-05,0.9,0.04,390.0584212
0.00096,0.0,1e-05,1.0,0.04,390.0584212
0.00094,0.0,0.0,0.0,0.06,317.0973578
0.00094,0.0,0.0,0.1,0.06,390.062456
0.00094,0.0,0.0,0.2,0.06,390.062456
0.00094,0.0,0.0,0.3,0.06,390.062456
0.00094,0.0,0.0,0.4,0.06,390.062456
0.00094,0.0,0.0,0.5,0.06,390.062456
0.00094,0.0,0.0,0.6,0.06,390.062456
0.00094,0.0,0.0,0.7,0.06,390.062456
0.00094,0.0,0.0,0.8,0.06,390.062456
0.00094,0.0,0.0,0.9,0.06,390.062456
0.00094,0.0,0.0,1.0,0.06,390.062456
0.00094,0.0,1e-05,0.0,0.06,317.0973578
0.00094,0.0,1e-05,0.1,0.06,390.062456
0.00094,0.0,1e-05,0.2,0.06,390.062456
0.00094,0.0,1e-05,0.3,0.06,390.062456
0.00094,0.0,1e-05,0.4,0.06,390.062456
0.00094,0.0,1e-05,0.5,0.06,390.062456
0.00094,0.0,1e-05,0.6,0.06,390.062456
0.00094,0.0,1e-05,0.7,0.06,390.062456
0.00094,0.0,1e-05,0.8,0.06,390.062456
0.00094,0.0,1e-05,0.9,0.06,390.062456
0.00094,0.0,1e-05,1.0,0.06,390.062456
0.00093,1.73e-05,5e-06,0.0,0.069914457,317.0984345
0.00093,1.73e-05,5e-06,0.1,0.069914457,390.0681744
0.00093,1.73e-05,5e-06,0.2,0.069914457,390.0681744
0.00093,1.73e-05,5e-06,0.3,0.069914457,390.0681744
0.00093,1.73e-05,5e-06,0.4,0.069914457,390.0681744
0.00093,1.73e-05,5e-06,0.5,0.069914457,390.0681744
0.00093,1.73e-05,5e-06,0.6,0.069914457,390.0681744
0.00093,1.73e-05,5e-06,0.7,0.069914457,390.0681744
0.00093,1.73e-05,5e-06,0.8,0.069914457,390.0681744
0.00093,1.73e-05,5e-06,0.9,0.069914457,390.0681744
0.00093,1.73e-05,5e-06,1.0,0.069914457,390.0681744
0.00093,1.73e-05,0.0,0.0,0.07,317.0983307
0.00093,1.73e-05,0.0,0.1,0.07,390.067628
0.00093,1.73e-05,0.0,0.2,0.07,390.067628
0.00093,1.73e-05,0.0,0.3,0.07,390.067628
0.00093,1.73e-05,0.0,0.4,0.07,390.067628
0.00093,1.73e-05,0.0,0.5,0.07,390.067628
0.00093,1.73e-05,0.0,0.6,0.07,390.067628
0.00093,1.73e-05,0.0,0.7,0.07,390.067628
0.00093,1.73e-05,0.0,0.8,0.07,390.067628
0.00093,1.73e-05,0.0,0.9,0.07,390.067628
0.00093,1.73e-05,0.0,1.0,0.07,390.067628
0.00095,1.73e-05,1e-05,0.0,0.05,317.0975987
0.00095,1.73e-05,1e-05,0.1,0.05,390.0636859
0.00095,1.73e-05,1e-05,0.2,0.05,390.0636859
0.00095,1.73e-05,1e-05,0.3,0.05,390.0636859
0.00095,1.73e-05,1e-05,0.4,0.05,390.0636859
0.00095,1.73e-05,1e-05,0.5,0.05,390.0636859
0.00095,1.73e-05,1e-05,0.6,0.05,390.0636859
0.00095,1.73e-05,1e-05,0.7,0.05,390.0636859
0.00095,1.73e-05,1e-05,0.8,0.05,390.0636859
0.00095,1.73e-05,1e-05,0.9,0.05,390.0636859
0.00095,1.73e-05,1e-05,1.0,0.05,390.0636859
0.00095,1.73e-05,0.0,0.0,0.05,317.0975987
0.00095,1.73e-05,0.0,0.1,0.05,390.0636859
0.00095,1.73e-05,0.0,0.2,0.05,390.0636859
0.00095,1.73e-05,0.0,0.3,0.05,390.0636859
0.00095,1.73e-05,0.0,0.4,0.05,390.0636859
0.00095,1.73e-05,0.0,0.5,0.05,390.0636859
0.00095,1.73e-05,0.0,0.6,0.05,390.0636859
0.00095,1.73e-05,0.0,0.7,0.05,390.0636859
0.00095,1.73e-05,0.0,0.8,0.05,390.0636859
0.00095,1.73e-05,0.0,0.9,0.05,390.0636859
0.00095,1.73e-05,0.0,1.0,0.05,390.0636859
0.00093,1.73e-05,1e-05,0.0,0.07,317.0983307
0.00093,1.73e-05,1e-05,0.1,0.07,390.067628
0.00093,1.73e-05,1e-05,0.2,0.07,390.067628
0.00093,1.73e-05,1e-05,0.3,0.07,390.067628
0.00093,1.73e-05,1e-05,0.4,0.07,390.067628
0.00093,1.73e-05,1e-05,0.5,0.07,390.067628
0.00093,1.73e-05,1e-05,0.6,0.07,390.067628
0.00093,1.73e-05,1e-05,0.7,0.07,390.067628
0.00093,1.73e-05,1e-05,0.8,0.07,390.067628
0.00093,1.73e-05,1e-05,0.9,0.07,390.067628
0.00093,1.73e-05,1e-05,1.0,0.07,390.067628
0.00089,8.27e-05,0.0,0.0,0.11,317.0996782
0.00089,8.27e-05,0.0,0.1,0.11,390.0749578
0.00089,8.27e-05,0.0,0.2,0.11,390.0749578
0.00089,8.27e-05,0.0,0.3,0.11,390.0749578
0.00089,8.27e-05,0.0,0.4,0.11,390.0749578
0.00089,8.27e-05,0.0,0.5,0.11,390.0749578
0.00089,8.27e-05,0.0,0.6,0.11,390.0749578
0.00089,8.27e-05,0.0,0.7,0.11,390.0749578
0.00089,8.27e-05,0.0,0.8,0.11,390.0749578
0.00089,8.27e-05,0.0,0.9,0.11,390.0749578
0.00089,8.27e-05,0.0,1.0,0.11,390.0749578
0.0009,6.69e-05,0.0,0.0,0.10001353,317.0996897
0.0009,6.69e-05,0.0,0.1,0.10001353,390.0749558
0.0009,6.69e-05,0.0,0.2,0.10001353,390.0749558
0.0009,6.69e-05,0.0,0.3,0.10001353,390.0749558
0.0009,6.69e-05,0.0,0.4,0.10001353,390.0749558
0.0009,6.69e-05,0.0,0.5,0.10001353,390.0749558
0.0009,6.69e-05,0.0,0.6,0.10001353,390.0749558
0.0009,6.69e-05,0.0,0.7,0.10001353,390.0749558
0.0009,6.69e-05,0.0,0.8,0.10001353,390.0749558
0.0009,6.69e-05,0.0,0.9,0.10001353,390.0749558
0.0009,6.69e-05,0.0,1.0,0.10001353,390.0749558
0.00089,8.27e-05,1e-05,0.0,0.11,317.0996781
0.00089,8.27e-05,1e-05,0.1,0.11,390.0749578
0.00089,8.27e-05,1e-05,0.2,0.11,390.0749578
0.00089,8.27e-05,1e-05,0.3,0.11,390.0749578
0.00089,8.27e-05,1e-05,0.4,0.11,390.0749578
0.00089,8.27e-05,1e-05,0.5,0.11,390.0749578
0.00089,8.27e-05,1e-05,0.6,0.11,390.0749578
0.00089,8.27e-05,1e-05,0.7,0.11,390.0749578
0.00089,8.27e-05,1e-05,0.8,0.11,390.0749578
0.00089,8.27e-05,1e-05,0.9,0.11,390.0749578
0.00089,8.27e-05,1e-05,1.0,0.11,390.0749578
0.0009,0.0001,0.0,0.0,0.1,317.0987437
0.0009,0.0001,0.0,0.1,0.1,390.06997
0.0009,0.0001,0.0,0.2,0.1,390.06997
0.0009,0.0001,0.0,0.3,0.1,390.06997
0.0009,0.0001,0.0,0.4,0.1,390.06997
0.0009,0.0001,0.0,0.5,0.1,390.06997
0.0009,0.0001,0.0,0.6,0.1,390.06997
0.0009,0.0001,0.0,0.7,0.1,390.06997
0.0009,0.0001,0.0,0.8,0.1,390.06997
0.0009,0.0001,0.0,0.9,0.1,390.06997
0.0009,0.0001,0.0,1.0,0.1,390.06997
0.00092,3.46e-05,0.0,0.0,0.08,317.0990374
0.00092,3.46e-05,0.0,0.1,0.08,390.0714028
0.00092,3.46e-05,0.0,0.2,0.08,390.0714028
0.00092,3.46e-05,0.0,0.3,0.08,390.0714028
0.00092,3.46e-05,0.0,0.4,0.08,390.0714028
0.00092,3.46e-05,0.0,0.5,0.08,390.0714028
0.00092,3.46e-05,0.0,0.6,0.08,390.0714028
0.00092,3.46e-05,0.0,0.7,0.08,390.0714028
0.00092,3.46e-05,0.0,0.8,0.08,390.0714028
0.00092,3.46e-05,0.0,0.9,0.08,390.0714028
0.00092,3.46e-05,0.0,1.0,0.08,390.0714028
0.00091,5.1e-05,0.0,0.0,0.08980367,317.0994726
0.00091,5.1e-05,0.0,0.1,0.08980367,390.073751
0.00091,5.1e-05,0.0,0.2,0.08980367,390.073751
0.00091,5.1e-05,0.0,0.3,0.08980367,390.073751
0.00091,5.1e-05,0.0,0.4,0.08980367,390.073751
0.00091,5.1e-05,0.0,0.5,0.08980367,390.073751
0.00091,5.1e-05,0.0,0.6,0.08980367,390.073751
0.00091,5.1e-05,0.0,0.7,0.08980367,390.073751
0.00091,5.1e-05,0.0,0.8,0.08980367,390.073751
0.00091,5.1e-05,0.0,0.9,0.08980367,390.073751
0.00091,5.1e-05,0.0,1.0,0.08980367,390.073751
0.00092,3.46e-05,1e-05,0.0,0.08,317.0990373
0.00092,3.46e-05,1e-05,0.1,0.08,390.0714028
0.00092,3.46e-05,1e-05,0.2,0.08,390.0714028
0.00092,3.46e-05,1e-05,0.3,0.08,390.0714028
0.00092,3.46e-05,1e-05,0.4,0.08,390.0714028
0.00092,3.46e-05,1e-05,0.5,0.08,390.0714028
0.00092,3.46e-05,1e-05,0.6,0.08,390.0714028
0.00092,3.46e-05,1e-05,0.7,0.08,390.0714028
0.00092,3.46e-05,1e-05,0.8,0.08,390.0714028
0.00092,3.46e-05,1e-05,0.9,0.08,390.0714028
0.00092,3.46e-05,1e-05,1.0,0.08,390.0714028
0.0009,6.69e-05,1e-05,0.0,0.100013595,317.0996897
0.0009,6.69e-05,1e-05,0.1,0.100013595,390.0749558
0.0009,6.69e-05,1e-05,0.2,0.100013595,390.0749558
0.0009,6.69e-05,1e-05,0.3,0.100013595,390.0749558
0.0009,6.69e-05,1e-05,0.4,0.100013595,390.0749558
0.0009,6.69e-05,1e-05,0.5,0.100013595,390.0749558
0.0009,6.69e-05,1e-05,0.6,0.100013595,390.0749558
0.0009,6.69e-05,1e-05,0.7,0.100013595,390.0749558
0.0009,6.69e-05,1e-05,0.8,0.100013595,390.0749558
0.0009,6.69e-05,1e-05,0.9,0.100013595,390.0749558
0.0009,6.69e-05,1e-05,1.0,0.100013595,390.0749558
0.00091,5.1e-05,1e-05,0.0,0.090016314,317.0994798
0.00091,5.1e-05,1e-05,0.1,0.090016314,390.07379
0.00091,5.1e-05,1e-05,0.2,0.090016314,390.07379
0.00091,5.1e-05,1e-05,0.3,0.090016314,390.07379
0.00091,5.1e-05,1e-05,0.4,0.090016314,390.07379
0.00091,5.1e-05,1e-05,0.5,0.090016314,390.07379
0.00091,5.1e-05,1e-05,0.6,0.090016314,390.07379
0.00091,5.1e-05,1e-05,0.7,0.090016314,390.07379
0.00091,5.1e-05,1e-05,0.8,0.090016314,390.07379
0.00091,5.1e-05,1e-05,0.9,0.090016314,390.07379
0.00091,5.1e-05,1e-05,1.0,0.090016314,390.07379
0.00098,0.0,0.0,0.0,0.02,317.0958136
0.00098,0.0,0.0,0.1,0.02,390.0542
0.00098,0.0,0.0,0.2,0.02,390.0542
0.00098,0.0,0.0,0.3,0.02,390.0542
0.00098,0.0,0.0,0.4,0.02,390.0542
0.00098,0.0,0.0,0.5,0.02,390.0542
0.00098,0.0,0.0,0.6,0.02,390.0542
0.00098,0.0,0.0,0.7,0.02,390.0542
0.00098,0.0,0.0,0.8,0.02,390.0542
0.00098,0.0,0.0,0.9,0.02,390.0542
0.00098,0.0,0.0,1.0,0.02,390.0542
0.00098,0.0,1e-05,0.0,0.02,317.0958136
0.00098,0.0,1e-05,0.1,0.02,390.0542
0.00098,0.0,1e-05,0.2,0.02,390.0542
0.00098,0.0,1e-05,0.3,0.02,390.0542
0.00098,0.0,1e-05,0.4,0.02,390.0542
0.00098,0.0,1e-05,0.5,0.02,390.0542
0.00098,0.0,1e-05,0.6,0.02,390.0542
0.00098,0.0,1e-05,0.7,0.02,390.0542
0.00098,0.0,1e-05,0.8,0.02,390.0542
0.00098,0.0,1e-05,0.9,0.02,390.0542
0.00098,0.0,1e-05,1.0,0.02,390.0542
0.000969,1.48e-05,0.0,0.0,0.03079911,317.0967847
0.000969,1.48e-05,0.0,0.1,0.03079911,390.0593383
0.000969,1.48e-05,0.0,0.2,0.03079911,390.0593383
0.000969,1.48e-05,0.0,0.3,0.03079911,390.0593383
0.000969,1.48e-05,0.0,0.4,0.03079911,390.0593383
0.000969,1.48e-05,0.0,0.5,0.03079911,390.0593383
0.000969,1.48e-05,0.0,0.6,0.03079911,390.0593383
0.000969,1.48e-05,0.0,0.7,0.03079911,390.0593383
0.000969,1.48e-05,0.0,0.8,0.03079911,390.0593383
0.000969,1.48e-05,0.0,0.9,0.03079911,390.0593383
0.000969,1.48e-05,0.0,1.0,0.03079911,390.0593383
0.000985,1.33e-05,0.0,0.0,0.015249103,317.0961131
0.000985,1.33e-05,0.0,0.1,0.015249103,390.0557716
0.000985,1.33e-05,0.0,0.2,0.015249103,390.0557716
0.000985,1.33e-05,0.0,0.3,0.015249103,390.0557716
0.000985,1.33e-05,0.0,0.4,0.015249103,390.0557716
0.000985,1.33e-05,0.0,0.5,0.015249103,390.0557716
0.000985,1.33e-05,0.0,0.6,0.015249103,390.0557716
0.000985,1.33e-05,0.0,0.7,0.015249103,390.0557716
0.000985,1.33e-05,0.0,0.8,0.015249103,390.0557716
0.000985,1.33e-05,0.0,0.9,0.015249103,390.0557716
0.000985,1.33e-05,0.0,1.0,0.015249103,390.0557716
0.001,0.0,0.0,0.0,0.0,317.0949798
0.001,0.0,0.0,0.1,0.0,390.0497914
0.001,0.0,0.0,0.2,0.0,390.0497914
0.001,0.0,0.0,0.3,0.0,390.0497914
0.001,0.0,0.0,0.4,0.0,390.0497914
0.001,0.0,0.0,0.5,0.0,390.0497914
0.001,0.0,0.0,0.6,0.0,390.0497914
0.001,0.0,0.0,0.7,0.0,390.0497914
0.001,0.0,0.0,0.8,0.0,390.0497914
0.001,0.0,0.0,0.9,0.0,390.0497914
0.001,0.0,0.0,1.0,0.0,390.0497914
0.0009,0.0001,1e-05,0.0,0.1,317.0987437
0.0009,0.0001,1e-05,0.1,0.1,390.06997
0.0009,0.0001,1e-05,0.2,0.1,390.06997
0.0009,0.0001,1e-05,0.3,0.1,390.06997
0.0009,0.0001,1e-05,0.4,0.1,390.06997
0.0009,0.0001,1e-05,0.5,0.1,390.06997
0.0009,0.0001,1e-05,0.6,0.1,390.06997
0.0009,0.0001,1e-05,0.7,0.1,390.06997
0.0009,0.0001,1e-05,0.8,0.1,390.06997
0.0009,0.0001,1e-05,0.9,0.1,390.06997
0.0009,0.0001,1e-05,1.0,0.1,390.06997
0.00097,1.5e-05,1e-05,0.0,0.029969297,317.0967573
0.00097,1.5e-05,1e-05,0.1,0.029969297,390.0591919
0.00097,1.5e-05,1e-05,0.2,0.029969297,390.0591919
0.00097,1.5e-05,1e-05,0.3,0.029969297,390.0591919
0.00097,1.5e-05,1e-05,0.4,0.029969297,390.0591919
0.00097,1.5e-05,1e-05,0.5,0.029969297,390.0591919
0.00097,1.5e-05,1e-05,0.6,0.029969297,390.0591919
0.00097,1.5e-05,1e-05,0.7,0.029969297,390.0591919
0.00097,1.5e-05,1e-05,0.8,0.029969297,390.0591919
0.00097,1.5e-05,1e-05,0.9,0.029969297,390.0591919
0.00097,1.5e-05,1e-05,1.0,0.029969297,390.0591919
0.001,0.0,1e-05,0.0,0.0,317.0949798
0.001,0.0,1e-05,0.1,0.0,390.0497915
0.001,0.0,1e-05,0.2,0.0,390.0497915
0.001,0.0,1e-05,0.3,0.0,390.0497915
0.001,0.0,1e-05,0.4,0.0,390.0497915
0.001,0.0,1e-05,0.5,0.0,390.0497915
0.001,0.0,1e-05,0.6,0.0,390.0497915
0.001,0.0,1e-05,0.7,0.0,390.0497915
0.001,0.0,1e-05,0.8,0.0,390.0497915
0.001,0.0,1e-05,0.9,0.0,390.0497915
0.001,0.0,1e-05,1.0,0.0,390.0497915
0.000985,1.33e-05,1e-05,0.0,0.015031928,317.0961045
0.000985,1.33e-05,1e-05,0.1,0.015031928,390.0557261
0.000985,1.33e-05,1e-05,0.2,0.015031928,390.0557261
0.000985,1.33e-05,1e-05,0.3,0.015031928,390.0557261
0.000985,1.33e-05,1e-05,0.4,0.015031928,390.0557261
0.000985,1.33e-05,1e-05,0.5,0.015031928,390.0557261
0.000985,1.33e-05,1e-05,0.6,0.015031928,390.0557261
0.000985,1.33e-05,1e-05,0.7,0.015031928,390.0557261
0.000985,1.33e-05,1e-05,0.8,0.015031928,390.0557261
0.000985,1.33e-05,1e-05,0.9,0.015031928,390.0557261
0.000985,1.33e-05,1e-05,1.0,0.015031928,390.0557261
0.001,2e-05,0.0,0.0,0.0,317.0956635
0.001,2e-05,0.0,0.1,0.0,390.0533941
0.001,2e-05,0.0,0.2,0.0,390.0533941
0.001,2e-05,0.0,0.3,0.0,390.0533941
0.001,2e-05,0.0,0.4,0.0,390.0533941
0.001,2e-05,0.0,0.5,0.0,390.0533941
0.001,2e-05,0.0,0.6,0.0,390.0533941
0.001,2e-05,0.0,0.7,0.0,390.0533941
0.001,2e-05,0.0,0.8,0.0,390.0533941
0.001,2e-05,0.0,0.9,0.0,390.0533941
0.001,2e-05,0.0,1.0,0.0,390.0533941
0.000919,6.7e-05,0.0,0.0,0.081186697,317.0990556
0.000919,6.7e-05,0.0,0.1,0.081186697,390.0715055
0.000919,6.7e-05,0.0,0.2,0.081186697,390.0715055
0.000919,6.7e-05,0.0,0.3,0.081186697,390.0715055
0.000919,6.7e-05,0.0,0.4,0.081186697,390.0715055
0.000919,6.7e-05,0.0,0.5,0.081186697,390.0715055
0.000919,6.7e-05,0.0,0.6,0.081186697,390.0715055
0.000919,6.7e-05,0.0,0.7,0.081186697,390.0715055
0.000919,6.7e-05,0.0,0.8,0.081186697,390.0715055
0.000919,6.7e-05,0.0,0.9,0.081186697,390.0715055
0.000919,6.7e-05,0.0,1.0,0.081186697,390.0715055
0.00094,3.46e-05,0.0,0.0,0.059578102,317.0983096
0.00094,3.46e-05,0.0,0.1,0.059578102,390.0674701
0.00094,3.46e-05,0.0,0.2,0.059578102,390.0674701
0.00094,3.46e-05,0.0,0.3,0.059578102,390.0674701
0.00094,3.46e-05,0.0,0.4,0.059578102,390.0674701
0.00094,3.46e-05,0.0,0.5,0.059578102,390.0674701
0.00094,3.46e-05,0.0,0.6,0.059578102,390.0674701
0.00094,3.46e-05,0.0,0.7,0.059578102,390.0674701
0.00094,3.46e-05,0.0,0.8,0.059578102,390.0674701
0.00094,3.46e-05,0.0,0.9,0.059578102,390.0674701
0.00094,3.46e-05,0.0,1.0,0.059578102,390.0674701
0.000961,3.25e-05,0.0,0.0,0.038961757,317.0975034
0.000961,3.25e-05,0.0,0.1,0.038961757,390.0631479
0.000961,3.25e-05,0.0,0.2,0.038961757,390.0631479
0.000961,3.25e-05,0.0,0.3,0.038961757,390.0631479
0.000961,3.25e-05,0.0,0.4,0.038961757,390.0631479
0.000961,3.25e-05,0.0,0.5,0.038961757,390.0631479
0.000961,3.25e-05,0.0,0.6,0.038961757,390.0631479
0.000961,3.25e-05,0.0,0.7,0.038961757,390.0631479
0.000961,3.25e-05,0.0,0.8,0.038961757,390.0631479
0.000961,3.25e-05,0.0,0.9,0.038961757,390.0631479
0.000961,3.25e-05,0.0,1.0,0.038961757,390.0631479
0.000961,3.26e-05,1e-05,0.0,0.038746101,317.0974954
0.000961,3.26e-05,1e-05,0.1,0.038746101,390.0631049
0.000961,3.26e-05,1e-05,0.2,0.038746101,390.0631049
0.000961,3.26e-05,1e-05,0.3,0.038746101,390.0631049
0.000961,3.26e-05,1e-05,0.4,0.038746101,390.0631049
0.000961,3.26e-05,1e-05,0.5,0.038746101,390.0631049
0.000961,3.26e-05,1e-05,0.6,0.038746101,390.0631049
0.000961,3.26e-05,1e-05,0.7,0.038746101,390.0631049
0.000961,3.26e-05,1e-05,0.8,0.038746101,390.0631049
0.000961,3.26e-05,1e-05,0.9,0.038746101,390.0631049
0.000961,3.26e-05,1e-05,1.0,0.038746101,390.0631049
0.000941,3.46e-05,1e-05,0.0,0.059224295,317.0982965
0.000941,3.46e-05,1e-05,0.1,0.059224295,390.0674
0.000941,3.46e-05,1e-05,0.2,0.059224295,390.0674
0.000941,3.46e-05,1e-05,0.3,0.059224295,390.0674
0.000941,3.46e-05,1e-05,0.4,0.059224295,390.0674
0.000941,3.46e-05,1e-05,0.5,0.059224295,390.0674
0.000941,3.46e-05,1e-05,0.6,0.059224295,390.0674
0.000941,3.46e-05,1e-05,0.7,0.059224295,390.0674
0.000941,3.46e-05,1e-05,0.8,0.059224295,390.0674
0.000941,3.46e-05,1e-05,0.9,0.059224295,390.0674
0.000941,3.46e-05,1e-05,1.0,0.059224295,390.0674
0.000946,4.29e-05,5e-06,0.0,0.053846568,317.0982839
0.000946,4.29e-05,5e-06,0.1,0.053846568,390.0673118
0.000946,4.29e-05,5e-06,0.2,0.053846568,390.0673118
0.000946,4.29e-05,5e-06,0.3,0.053846568,390.0673118
0.000946,4.29e-05,5e-06,0.4,0.053846568,390.0673118
0.000946,4.29e-05,5e-06,0.5,0.053846568,390.0673118
0.000946,4.29e-05,5e-06,0.6,0.053846568,390.0673118
0.000946,4.29e-05,5e-06,0.7,0.053846568,390.0673118
0.000946,4.29e-05,5e-06,0.8,0.053846568,390.0673118
0.000946,4.29e-05,5e-06,0.9,0.053846568,390.0673118
0.000946,4.29e-05,5e-06,1.0,0.053846568,390.0673118
0.00091,8.32e-05,5e-06,0.0,0.090234762,317.0991239
0.00091,8.32e-05,5e-06,0.1,0.090234762,390.071915
0.00091,8.32e-05,5e-06,0.2,0.090234762,390.071915
0.00091,8.32e-05,5e-06,0.3,0.090234762,390.071915
0.00091,8.32e-05,5e-06,0.4,0.090234762,390.071915
0.00091,8.32e-05,5e-06,0.5,0.090234762,390.071915
0.00091,8.32e-05,5e-06,0.6,0.090234762,390.071915
0.00091,8.32e-05,5e-06,0.7,0.090234762,390.071915
0.00091,8.32e-05,5e-06,0.8,0.090234762,390.071915
0.00091,8.32e-05,5e-06,0.9,0.090234762,390.071915
0.00091,8.32e-05,5e-06,1.0,0.090234762,390.071915
0.00092,0.0001,0.0,0.0,0.08,317.0980701
0.00092,0.0001,0.0,0.1,0.08,390.0663053
0.00092,0.0001,0.0,0.2,0.08,390.0663053
0.00092,0.0001,0.0,0.3,0.08,390.0663053
0.00092,0.0001,0.0,0.4,0.08,390.0663053
0.00092,0.0001,0.0,0.5,0.08,390.0663053
0.00092,0.0001,0.0,0.6,0.08,390.0663053
0.00092,0.0001,0.0,0.7,0.08,390.0663053
0.00092,0.0001,0.0,0.8,0.08,390.0663053
0.00092,0.0001,0.0,0.9,0.08,390.0663053
0.00092,0.0001,0.0,1.0,0.08,390.0663053
0.00091,8.27e-05,0.0,0.0,0.09,317.0990236
0.00091,8.27e-05,0.0,0.1,0.09,390.071385
0.00091,8.27e-05,0.0,0.2,0.09,390.071385
0.00091,8.27e-05,0.0,0.3,0.09,390.071385
0.00091,8.27e-05,0.0,0.4,0.09,390.071385
0.00091,8.27e-05,0.0,0.5,0.09,390.071385
0.00091,8.27e-05,0.0,0.6,0.09,390.071385
0.00091,8.27e-05,0.0,0.7,0.09,390.071385
0.00091,8.27e-05,0.0,0.8,0.09,390.071385
0.00091,8.27e-05,0.0,0.9,0.09,390.071385
0.00091,8.27e-05,0.0,1.0,0.09,390.071385
0.00091,8.27e-05,1e-05,0.0,0.09,317.0990236
0.00091,8.27e-05,1e-05,0.1,0.09,390.071385
0.00091,8.27e-05,1e-05,0.2,0.09,390.071385
0.00091,8.27e-05,1e-05,0.3,0.09,390.071385
0.00091,8.27e-05,1e-05,0.4,0.09,390.071385
0.00091,8.27e-05,1e-05,0.5,0.09,390.071385
0.00091,8.27e-05,1e-05,0.6,0.09,390.071385
0.00091,8.27e-05,1e-05,0.7,0.09,390.071385
0.00091,8.27e-05,1e-05,0.8,0.09,390.071385
0.00091,8.27e-05,1e-05,0.9,0.09,390.071385
0.00091,8.27e-05,1e-05,1.0,0.09,390.071385
0.000931,5.09e-05,0.0,0.0,0.069057829,317.0987528
0.000931,5.09e-05,0.0,0.1,0.069057829,390.0698489
0.000931,5.09e-05,0.0,0.2,0.069057829,390.0698489
0.000931,5.09e-05,0.0,0.3,0.069057829,390.0698489
0.000931,5.09e-05,0.0,0.4,0.069057829,390.0698489
0.000931,5.09e-05,0.0,0.5,0.069057829,390.0698489
0.000931,5.09e-05,0.0,0.6,0.069057829,390.0698489
0.000931,5.09e-05,0.0,0.7,0.069057829,390.0698489
0.000931,5.09e-05,0.0,0.8,0.069057829,390.0698489
0.000931,5.09e-05,0.0,0.9,0.069057829,390.0698489
0.000931,5.09e-05,0.0,1.0,0.069057829,390.0698489
0.000931,5.09e-05,1e-05,0.0,0.069139522,317.0987558
0.000931,5.09e-05,1e-05,0.1,0.069139522,390.0698646
0.000931,5.09e-05,1e-05,0.2,0.069139522,390.0698646
0.000931,5.09e-05,1e-05,0.3,0.069139522,390.0698646
0.000931,5.09e-05,1e-05,0.4,0.069139522,390.0698646
0.000931,5.09e-05,1e-05,0.5,0.069139522,390.0698646
0.000931,5.09e-05,1e-05,0.6,0.069139522,390.0698646
0.000931,5.09e-05,1e-05,0.7,0.069139522,390.0698646
0.000931,5.09e-05,1e-05,0.8,0.069139522,390.0698646
0.000931,5.09e-05,1e-05,0.9,0.069139522,390.0698646
0.000931,5.09e-05,1e-05,1.0,0.069139522,390.0698646
0.00092,6.73e-05,1e-05,0.0,0.080278427,317.0990192
0.00092,6.73e-05,1e-05,0.1,0.080278427,390.0713087
0.00092,6.73e-05,1e-05,0.2,0.080278427,390.0713087
0.00092,6.73e-05,1e-05,0.3,0.080278427,390.0713087
0.00092,6.73e-05,1e-05,0.4,0.080278427,390.0713087
0.00092,6.73e-05,1e-05,0.5,0.080278427,390.0713087
0.00092,6.73e-05,1e-05,0.6,0.080278427,390.0713087
0.00092,6.73e-05,1e-05,0.7,0.080278427,390.0713087
0.00092,6.73e-05,1e-05,0.8,0.080278427,390.0713087
0.00092,6.73e-05,1e-05,0.9,0.080278427,390.0713087
0.00092,6.73e-05,1e-05,1.0,0.080278427,390.0713087
0.000982,3.11e-05,0.0,0.0,0.018290785,317.0966598
0.000982,3.11e-05,0.0,0.1,0.018290785,390.0586572
0.000982,3.11e-05,0.0,0.2,0.018290785,390.0586572
0.000982,3.11e-05,0.0,0.3,0.018290785,390.0586572
0.000982,3.11e-05,0.0,0.4,0.018290785,390.0586572
0.000982,3.11e-05,0.0,0.5,0.018290785,390.0586572
0.000982,3.11e-05,0.0,0.6,0.018290785,390.0586572
0.000982,3.11e-05,0.0,0.7,0.018290785,390.0586572
0.000982,3.11e-05,0.0,0.8,0.018290785,390.0586572
0.000982,3.11e-05,0.0,0.9,0.018290785,390.0586572
0.000982,3.11e-05,0.0,1.0,0.018290785,390.0586572
0.001,2e-05,1e-05,0.0,0.0,317.0956634
0.001,2e-05,1e-05,0.1,0.0,390.0533932
0.001,2e-05,1e-05,0.2,0.0,390.0533932
0.001,2e-05,1e-05,0.3,0.0,390.0533932
0.001,2e-05,1e-05,0.4,0.0,390.0533932
0.001,2e-05,1e-05,0.5,0.0,390.0533932
0.001,2e-05,1e-05,0.6,0.0,390.0533932
0.001,2e-05,1e-05,0.7,0.0,390.0533932
0.001,2e-05,1e-05,0.8,0.0,390.0533932
0.001,2e-05,1e-05,0.9,0.0,390.0533932
0.001,2e-05,1e-05,1.0,0.0,390.0533932
0.000929,8.31e-05,0.0,0.0,0.070983971,317.0983551
0.000929,8.31e-05,0.0,0.1,0.070983971,390.0677611
0.000929,8.31e-05,0.0,0.2,0.070983971,390.0677611
0.000929,8.31e-05,0.0,0.3,0.070983971,390.0677611
0.000929,8.31e-05,0.0,0.4,0.070983971,390.0677611
0.000929,8.31e-05,0.0,0.5,0.070983971,390.0677611
0.000929,8.31e-05,0.0,0.6,0.070983971,390.0677611
0.000929,8.31e-05,0.0,0.7,0.070983971,390.0677611
0.000929,8.31e-05,0.0,0.8,0.070983971,390.0677611
0.000929,8.31e-05,0.0,0.9,0.070983971,390.0677611
0.000929,8.31e-05,0.0,1.0,0.070983971,390.0677611
0.00092,0.0001,1e-05,0.0,0.08,317.0980701
0.00092,0.0001,1e-05,0.1,0.08,390.0663053
0.00092,0.0001,1e-05,0.2,0.08,390.0663053
0.00092,0.0001,1e-05,0.3,0.08,390.0663053
0.00092,0.0001,1e-05,0.4,0.08,390.0663053
0.00092,0.0001,1e-05,0.5,0.08,390.0663053
0.00092,0.0001,1e-05,0.6,0.08,390.0663053
0.00092,0.0001,1e-05,0.7,0.08,390.0663053
0.00092,0.0001,1e-05,0.8,0.08,390.0663053
0.00092,0.0001,1e-05,0.9,0.08,390.0663053
0.00092,0.0001,1e-05,1.0,0.08,390.0663053
0.00094,0.0001,0.0,0.0,0.06,317.0973578
0.00094,0.0001,0.0,0.1,0.06,390.062456
0.00094,0.0001,0.0,0.2,0.06,390.062456
0.00094,0.0001,0.0,0.3,0.06,390.062456
0.00094,0.0001,0.0,0.4,0.06,390.062456
0.00094,0.0001,0.0,0.5,0.06,390.062456
0.00094,0.0001,0.0,0.6,0.06,390.062456
0.00094,0.0001,0.0,0.7,0.06,390.062456
0.00094,0.0001,0.0,0.8,0.06,390.062456
0.00094,0.0001,0.0,0.9,0.06,390.062456
0.00094,0.0001,0.0,1.0,0.06,390.062456
0.000982,3.12e-05,1e-05,0.0,0.01819126,317.0966564
0.000982,3.12e-05,1e-05,0.1,0.01819126,390.0586388
0.000982,3.12e-05,1e-05,0.2,0.01819126,390.0586388
0.000982,3.12e-05,1e-05,0.3,0.01819126,390.0586388
0.000982,3.12e-05,1e-05,0.4,0.01819126,390.0586388
0.000982,3.12e-05,1e-05,0.5,0.01819126,390.0586388
0.000982,3.12e-05,1e-05,0.6,0.01819126,390.0586388
0.000982,3.12e-05,1e-05,0.7,0.01819126,390.0586388
0.000982,3.12e-05,1e-05,0.8,0.01819126,390.0586388
0.000982,3.12e-05,1e-05,0.9,0.01819126,390.0586388
0.000982,3.12e-05,1e-05,1.0,0.01819126,390.0586388
0.001,3.99e-05,0.0,0.0,0.0,317.0960038
0.001,3.99e-05,0.0,0.1,0.0,390.055188
0.001,3.99e-05,0.0,0.2,0.0,390.055188
0.001,3.99e-05,0.0,0.3,0.0,390.055188
0.001,3.99e-05,0.0,0.4,0.0,390.055188
0.001,3.99e-05,0.0,0.5,0.0,390.055188
0.001,3.99e-05,0.0,0.6,0.0,390.055188
0.001,3.99e-05,0.0,0.7,0.0,390.055188
0.001,3.99e-05,0.0,0.8,0.0,390.055188
0.001,3.99e-05,0.0,0.9,0.0,390.055188
0.001,3.99e-05,0.0,1.0,0.0,390.055188
0.00097,4.56e-05,0.0,0.0,0.030050118,317.0972766
0.00097,4.56e-05,0.0,0.1,0.030050118,390.0619296
0.00097,4.56e-05,0.0,0.2,0.030050118,390.0619296
0.00097,4.56e-05,0.0,0.3,0.030050118,390.0619296
0.00097,4.56e-05,0.0,0.4,0.030050118,390.0619296
0.00097,4.56e-05,0.0,0.5,0.030050118,390.0619296
0.00097,4.56e-05,0.0,0.6,0.030050118,390.0619296
0.00097,4.56e-05,0.0,0.7,0.030050118,390.0619296
0.00097,4.56e-05,0.0,0.8,0.030050118,390.0619296
0.00097,4.56e-05,0.0,0.9,0.030050118,390.0619296
0.00097,4.56e-05,0.0,1.0,0.030050118,390.0619296
0.00097,4.55e-05,1e-05,0.0,0.029748862,317.097264
0.00097,4.55e-05,1e-05,0.1,0.029748862,390.0618627
0.00097,4.55e-05,1e-05,0.2,0.029748862,390.0618627
0.00097,4.55e-05,1e-05,0.3,0.029748862,390.0618627
0.00097,4.55e-05,1e-05,0.4,0.029748862,390.0618627
0.00097,4.55e-05,1e-05,0.5,0.029748862,390.0618627
0.00097,4.55e-05,1e-05,0.6,0.029748862,390.0618627
0.00097,4.55e-05,1e-05,0.7,0.029748862,390.0618627
0.00097,4.55e-05,1e-05,0.8,0.029748862,390.0618627
0.00097,4.55e-05,1e-05,0.9,0.029748862,390.0618627
0.00097,4.55e-05,1e-05,1.0,0.029748862,390.0618627
0.000939,6.68e-05,0.0,0.0,0.061341194,317.0983547
0.000939,6.68e-05,0.0,0.1,0.061341194,390.0677156
0.000939,6.68e-05,0.0,0.2,0.061341194,390.0677156
0.000939,6.68e-05,0.0,0.3,0.061341194,390.0677156
0.000939,6.68e-05,0.0,0.4,0.061341194,390.0677156
0.000939,6.68e-05,0.0,0.5,0.061341194,390.0677156
0.000939,6.68e-05,0.0,0.6,0.061341194,390.0677156
0.000939,6.68e-05,0.0,0.7,0.061341194,390.0677156
0.000939,6.68e-05,0.0,0.8,0.061341194,390.0677156
0.000939,6.68e-05,0.0,0.9,0.061341194,390.0677156
0.000939,6.68e-05,0.0,1.0,0.061341194,390.0677156
0.000952,5.11e-05,0.0,0.0,0.048187362,317.0979859
0.000952,5.11e-05,0.0,0.1,0.048187362,390.0657206
0.000952,5.11e-05,0.0,0.2,0.048187362,390.0657206
0.000952,5.11e-05,0.0,0.3,0.048187362,390.0657206
0.000952,5.11e-05,0.0,0.4,0.048187362,390.0657206
0.000952,5.11e-05,0.0,0.5,0.048187362,390.0657206
0.000952,5.11e-05,0.0,0.6,0.048187362,390.0657206
0.000952,5.11e-05,0.0,0.7,0.048187362,390.0657206
0.000952,5.11e-05,0.0,0.8,0.048187362,390.0657206
0.000952,5.11e-05,0.0,0.9,0.048187362,390.0657206
0.000952,5.11e-05,0.0,1.0,0.048187362,390.0657206
0.000952,5.12e-05,1e-05,0.0,0.048396512,317.0979938
0.000952,5.12e-05,1e-05,0.1,0.048396512,390.0657629
0.000952,5.12e-05,1e-05,0.2,0.048396512,390.0657629
0.000952,5.12e-05,1e-05,0.3,0.048396512,390.0657629
0.000952,5.12e-05,1e-05,0.4,0.048396512,390.0657629
0.000952,5.12e-05,1e-05,0.5,0.048396512,390.0657629
0.000952,5.12e-05,1e-05,0.6,0.048396512,390.0657629
0.000952,5.12e-05,1e-05,0.7,0.048396512,390.0657629
0.000952,5.12e-05,1e-05,0.8,0.048396512,390.0657629
0.000952,5.12e-05,1e-05,0.9,0.048396512,390.0657629
0.000952,5.12e-05,1e-05,1.0,0.048396512,390.0657629
0.000929,8.27e-05,1e-05,0.0,0.070810447,317.098359
0.000929,8.27e-05,1e-05,0.1,0.070810447,390.067781
0.000929,8.27e-05,1e-05,0.2,0.070810447,390.067781
0.000929,8.27e-05,1e-05,0.3,0.070810447,390.067781
0.000929,8.27e-05,1e-05,0.4,0.070810447,390.067781
0.000929,8.27e-05,1e-05,0.5,0.070810447,390.067781
0.000929,8.27e-05,1e-05,0.6,0.070810447,390.067781
0.000929,8.27e-05,1e-05,0.7,0.070810447,390.067781
0.000929,8.27e-05,1e-05,0.8,0.070810447,390.067781
0.000929,8.27e-05,1e-05,0.9,0.070810447,390.067781
0.000929,8.27e-05,1e-05,1.0,0.070810447,390.067781
0.000939,6.69e-05,1e-05,0.0,0.061133566,317.098345
0.000939,6.69e-05,1e-05,0.1,0.061133566,390.0676635
0.000939,6.69e-05,1e-05,0.2,0.061133566,390.0676635
0.000939,6.69e-05,1e-05,0.3,0.061133566,390.0676635
0.000939,6.69e-05,1e-05,0.4,0.061133566,390.0676635
0.000939,6.69e-05,1e-05,0.5,0.061133566,390.0676635
0.000939,6.69e-05,1e-05,0.6,0.061133566,390.0676635
0.000939,6.69e-05,1e-05,0.7,0.061133566,390.0676635
0.000939,6.69e-05,1e-05,0.8,0.061133566,390.0676635
0.000939,6.69e-05,1e-05,0.9,0.061133566,390.0676635
0.000939,6.69e-05,1e-05,1.0,0.061133566,390.0676635
0.000985,5.12e-05,0.0,0.0,0.014810038,317.0966685
0.000985,5.12e-05,0.0,0.1,0.014810038,390.0586986
0.000985,5.12e-05,0.0,0.2,0.014810038,390.0586986
0.000985,5.12e-05,0.0,0.3,0.014810038,390.0586986
0.000985,5.12e-05,0.0,0.4,0.014810038,390.0586986
0.000985,5.12e-05,0.0,0.5,0.014810038,390.0586986
0.000985,5.12e-05,0.0,0.6,0.014810038,390.0586986
0.000985,5.12e-05,0.0,0.7,0.014810038,390.0586986
0.000985,5.12e-05,0.0,0.8,0.014810038,390.0586986
0.000985,5.12e-05,0.0,0.9,0.014810038,390.0586986
0.000985,5.12e-05,0.0,1.0,0.014810038,390.0586986
0.001,4e-05,1e-05,0.0,0.0,317.0960049
0.001,4e-05,1e-05,0.1,0.0,390.0551939
0.001,4e-05,1e-05,0.2,0.0,390.0551939
0.001,4e-05,1e-05,0.3,0.0,390.0551939
0.001,4e-05,1e-05,0.4,0.0,390.0551939
0.001,4e-05,1e-05,0.5,0.0,390.0551939
0.001,4e-05,1e-05,0.6,0.0,390.0551939
0.001,4e-05,1e-05,0.7,0.0,390.0551939
0.001,4e-05,1e-05,0.8,0.0,390.0551939
0.001,4e-05,1e-05,0.9,0.0,390.0551939
0.001,4e-05,1e-05,1.0,0.0,390.0551939
0.000947,8.46e-05,5.22e-06,0.0,0.053215477,317.0977714
0.000947,8.46e-05,5.22e-06,0.1,0.053215477,390.0646075
0.000947,8.46e-05,5.22e-06,0.2,0.053215477,390.0646075
0.000947,8.46e-05,5.22e-06,0.3,0.053215477,390.0646075
0.000947,8.46e-05,5.22e-06,0.4,0.053215477,390.0646075
0.000947,8.46e-05,5.22e-06,0.5,0.053215477,390.0646075
0.000947,8.46e-05,5.22e-06,0.6,0.053215477,390.0646075
0.000947,8.46e-05,5.22e-06,0.7,0.053215477,390.0646075
0.000947,8.46e-05,5.22e-06,0.8,0.053215477,390.0646075
0.000947,8.46e-05,5.22e-06,0.9,0.053215477,390.0646075
0.000947,8.46e-05,5.22e-06,1.0,0.053215477,390.0646075
0.000949,8.32e-05,0.0,0.0,0.050949514,317.0976187
0.000949,8.32e-05,0.0,0.1,0.050949514,390.0637947
0.000949,8.32e-05,0.0,0.2,0.050949514,390.0637947
0.000949,8.32e-05,0.0,0.3,0.050949514,390.0637947
0.000949,8.32e-05,0.0,0.4,0.050949514,390.0637947
0.000949,8.32e-05,0.0,0.5,0.050949514,390.0637947
0.000949,8.32e-05,0.0,0.6,0.050949514,390.0637947
0.000949,8.32e-05,0.0,0.7,0.050949514,390.0637947
0.000949,8.32e-05,0.0,0.8,0.050949514,390.0637947
0.000949,8.32e-05,0.0,0.9,0.050949514,390.0637947
0.000949,8.32e-05,0.0,1.0,0.050949514,390.0637947
0.00094,0.0001,1e-05,0.0,0.06,317.0973578
0.00094,0.0001,1e-05,0.1,0.06,390.062456
0.00094,0.0001,1e-05,0.2,0.06,390.062456
0.00094,0.0001,1e-05,0.3,0.06,390.062456
0.00094,0.0001,1e-05,0.4,0.06,390.062456
0.00094,0.0001,1e-05,0.5,0.06,390.062456
0.00094,0.0001,1e-05,0.6,0.06,390.062456
0.00094,0.0001,1e-05,0.7,0.06,390.062456
0.00094,0.0001,1e-05,0.8,0.06,390.062456
0.00094,0.0001,1e-05,0.9,0.06,390.062456
0.00094,0.0001,1e-05,1.0,0.06,390.062456
0.00096,0.0001,0.0,0.0,0.04,317.0966059
0.00096,0.0001,0.0,0.1,0.04,390.0584212
0.00096,0.0001,0.0,0.2,0.04,390.0584212
0.00096,0.0001,0.0,0.3,0.04,390.0584212
0.00096,0.0001,0.0,0.4,0.04,390.0584212
0.00096,0.0001,0.0,0.5,0.04,390.0584212
0.00096,0.0001,0.0,0.6,0.04,390.0584212
0.00096,0.0001,0.0,0.7,0.04,390.0584212
0.00096,0.0001,0.0,0.8,0.04,390.0584212
0.00096,0.0001,0.0,0.9,0.04,390.0584212
0.00096,0.0001,0.0,1.0,0.04,390.0584212
0.000986,5.12e-05,1e-05,0.0,0.014360075,317.0966499
0.000986,5.12e-05,1e-05,0.1,0.014360075,390.0586
0.000986,5.12e-05,1e-05,0.2,0.014360075,390.0586
0.000986,5.12e-05,1e-05,0.3,0.014360075,390.0586
0.000986,5.12e-05,1e-05,0.4,0.014360075,390.0586
0.000986,5.12e-05,1e-05,0.5,0.014360075,390.0586
0.000986,5.12e-05,1e-05,0.6,0.014360075,390.0586
0.000986,5.12e-05,1e-05,0.7,0.014360075,390.0586
0.000986,5.12e-05,1e-05,0.8,0.014360075,390.0586
0.000986,5.12e-05,1e-05,0.9,0.014360075,390.0586
0.000986,5.12e-05,1e-05,1.0,0.014360075,390.0586
0.001,5.99e-05,0.0,0.0,0.0,317.0960054
0.001,5.99e-05,0.0,0.1,0.0,390.0551963
0.001,5.99e-05,0.0,0.2,0.0,390.0551963
0.001,5.99e-05,0.0,0.3,0.0,390.0551963
0.001,5.99e-05,0.0,0.4,0.0,390.0551963
0.001,5.99e-05,0.0,0.5,0.0,390.0551963
0.001,5.99e-05,0.0,0.6,0.0,390.0551963
0.001,5.99e-05,0.0,0.7,0.0,390.0551963
0.001,5.99e-05,0.0,0.8,0.0,390.0551963
0.001,5.99e-05,0.0,0.9,0.0,390.0551963
0.001,5.99e-05,0.0,1.0,0.0,390.0551963
0.000985,6.06e-05,5e-06,0.0,0.014595493,317.0967194
0.000985,6.06e-05,5e-06,0.1,0.014595493,390.0589662
0.000985,6.06e-05,5e-06,0.2,0.014595493,390.0589662
0.000985,6.06e-05,5e-06,0.3,0.014595493,390.0589662
0.000985,6.06e-05,5e-06,0.4,0.014595493,390.0589662
0.000985,6.06e-05,5e-06,0.5,0.014595493,390.0589662
0.000985,6.06e-05,5e-06,0.6,0.014595493,390.0589662
0.000985,6.06e-05,5e-06,0.7,0.014595493,390.0589662
0.000985,6.06e-05,5e-06,0.8,0.014595493,390.0589662
0.000985,6.06e-05,5e-06,0.9,0.014595493,390.0589662
0.000985,6.06e-05,5e-06,1.0,0.014595493,390.0589662
0.000969,6.1e-05,1e-05,0.0,0.030514613,317.0972515
0.000969,6.1e-05,1e-05,0.1,0.030514613,390.0617983
0.000969,6.1e-05,1e-05,0.2,0.030514613,390.0617983
0.000969,6.1e-05,1e-05,0.3,0.030514613,390.0617983
0.000969,6.1e-05,1e-05,0.4,0.030514613,390.0617983
0.000969,6.1e-05,1e-05,0.5,0.030514613,390.0617983
0.000969,6.1e-05,1e-05,0.6,0.030514613,390.0617983
0.000969,6.1e-05,1e-05,0.7,0.030514613,390.0617983
0.000969,6.1e-05,1e-05,0.8,0.030514613,390.0617983
0.000969,6.1e-05,1e-05,0.9,0.030514613,390.0617983
0.000969,6.1e-05,1e-05,1.0,0.030514613,390.0617983
0.00097,6.1e-05,0.0,0.0,0.030376055,317.0972459
0.00097,6.1e-05,0.0,0.1,0.030376055,390.0617687
0.00097,6.1e-05,0.0,0.2,0.030376055,390.0617687
0.00097,6.1e-05,0.0,0.3,0.030376055,390.0617687
0.00097,6.1e-05,0.0,0.4,0.030376055,390.0617687
0.00097,6.1e-05,0.0,0.5,0.030376055,390.0617687
0.00097,6.1e-05,0.0,0.6,0.030376055,390.0617687
0.00097,6.1e-05,0.0,0.7,0.030376055,390.0617687
0.00097,6.1e-05,0.0,0.8,0.030376055,390.0617687
0.00097,6.1e-05,0.0,0.9,0.030376055,390.0617687
0.00097,6.1e-05,0.0,1.0,0.030376055,390.0617687
0.000956,6.85e-05,0.0,0.0,0.044476039,317.0977
0.000956,6.85e-05,0.0,0.1,0.044476039,390.0642008
0.000956,6.85e-05,0.0,0.2,0.044476039,390.0642008
0.000956,6.85e-05,0.0,0.3,0.044476039,390.0642008
0.000956,6.85e-05,0.0,0.4,0.044476039,390.0642008
0.000956,6.85e-05,0.0,0.5,0.044476039,390.0642008
0.000956,6.85e-05,0.0,0.6,0.044476039,390.0642008
0.000956,6.85e-05,0.0,0.7,0.044476039,390.0642008
0.000956,6.85e-05,0.0,0.8,0.044476039,390.0642008
0.000956,6.85e-05,0.0,0.9,0.044476039,390.0642008
0.000956,6.85e-05,0.0,1.0,0.044476039,390.0642008
0.000955,6.85e-05,1e-05,0.0,0.044814434,317.0977126
0.000955,6.85e-05,1e-05,0.1,0.044814434,390.0642685
0.000955,6.85e-05,1e-05,0.2,0.044814434,390.0642685
0.000955,6.85e-05,1e-05,0.3,0.044814434,390.0642685
0.000955,6.85e-05,1e-05,0.4,0.044814434,390.0642685
0.000955,6.85e-05,1e-05,0.5,0.044814434,390.0642685
0.000955,6.85e-05,1e-05,0.6,0.044814434,390.0642685
0.000955,6.85e-05,1e-05,0.7,0.044814434,390.0642685
0.000955,6.85e-05,1e-05,0.8,0.044814434,390.0642685
0.000955,6.85e-05,1e-05,0.9,0.044814434,390.0642685
0.000955,6.85e-05,1e-05,1.0,0.044814434,390.0642685
0.000949,8.32e-05,1e-05,0.0,0.050952891,317.0976188
0.000949,8.32e-05,1e-05,0.1,0.050952891,390.063795
0.000949,8.32e-05,1e-05,0.2,0.050952891,390.063795
0.000949,8.32e-05,1e-05,0.3,0.050952891,390.063795
0.000949,8.32e-05,1e-05,0.4,0.050952891,390.063795
0.000949,8.32e-05,1e-05,0.5,0.050952891,390.063795
0.000949,8.32e-05,1e-05,0.6,0.050952891,390.063795
0.000949,8.32e-05,1e-05,0.7,0.050952891,390.063795
0.000949,8.32e-05,1e-05,0.8,0.050952891,390.063795
0.000949,8.32e-05,1e-05,0.9,0.050952891,390.063795
0.000949,8.32e-05,1e-05,1.0,0.050952891,390.063795
0.000969,8.21e-05,0.0,0.0,0.030854901,317.0968764
0.000969,8.21e-05,0.0,0.1,0.030854901,390.0598219
0.000969,8.21e-05,0.0,0.2,0.030854901,390.0598219
0.000969,8.21e-05,0.0,0.3,0.030854901,390.0598219
0.000969,8.21e-05,0.0,0.4,0.030854901,390.0598219
0.000969,8.21e-05,0.0,0.5,0.030854901,390.0598219
0.000969,8.21e-05,0.0,0.6,0.030854901,390.0598219
0.000969,8.21e-05,0.0,0.7,0.030854901,390.0598219
0.000969,8.21e-05,0.0,0.8,0.030854901,390.0598219
0.000969,8.21e-05,0.0,0.9,0.030854901,390.0598219
0.000969,8.21e-05,0.0,1.0,0.030854901,390.0598219
0.000985,6.99e-05,0.0,0.0,0.014558049,317.0964893
0.000985,6.99e-05,0.0,0.1,0.014558049,390.0577536
0.000985,6.99e-05,0.0,0.2,0.014558049,390.0577536
0.000985,6.99e-05,0.0,0.3,0.014558049,390.0577536
0.000985,6.99e-05,0.0,0.4,0.014558049,390.0577536
0.000985,6.99e-05,0.0,0.5,0.014558049,390.0577536
0.000985,6.99e-05,0.0,0.6,0.014558049,390.0577536
0.000985,6.99e-05,0.0,0.7,0.014558049,390.0577536
0.000985,6.99e-05,0.0,0.8,0.014558049,390.0577536
0.000985,6.99e-05,0.0,0.9,0.014558049,390.0577536
0.000985,6.99e-05,0.0,1.0,0.014558049,390.0577536
0.001,6e-05,1e-05,0.0,0.0,317.0960049
0.001,6e-05,1e-05,0.1,0.0,390.0551939
0.001,6e-05,1e-05,0.2,0.0,390.0551939
0.001,6e-05,1e-05,0.3,0.0,390.0551939
0.001,6e-05,1e-05,0.4,0.0,390.0551939
0.001,6e-05,1e-05,0.5,0.0,390.0551939
0.001,6e-05,1e-05,0.6,0.0,390.0551939
0.001,6e-05,1e-05,0.7,0.0,390.0551939
0.001,6e-05,1e-05,0.8,0.0,390.0551939
0.001,6e-05,1e-05,0.9,0.0,390.0551939
0.001,6e-05,1e-05,1.0,0.0,390.0551939
0.00096,0.0001,1e-05,0.0,0.04,317.0966059
0.00096,0.0001,1e-05,0.1,0.04,390.0584212
0.00096,0.0001,1e-05,0.2,0.04,390.0584212
0.00096,0.0001,1e-05,0.3,0.04,390.0584212
0.00096,0.0001,1e-05,0.4,0.04,390.0584212
0.00096,0.0001,1e-05,0.5,0.04,390.0584212
0.00096,0.0001,1e-05,0.6,0.04,390.0584212
0.00096,0.0001,1e-05,0.7,0.04,390.0584212
0.00096,0.0001,1e-05,0.8,0.04,390.0584212
0.00096,0.0001,1e-05,0.9,0.04,390.0584212
0.00096,0.0001,1e-05,1.0,0.04,390.0584212
0.00098,0.0001,0.0,0.0,0.02,317.0958136
0.00098,0.0001,0.0,0.1,0.02,390.0542
0.00098,0.0001,0.0,0.2,0.02,390.0542
0.00098,0.0001,0.0,0.3,0.02,390.0542
0.00098,0.0001,0.0,0.4,0.02,390.0542
0.00098,0.0001,0.0,0.5,0.02,390.0542
0.00098,0.0001,0.0,0.6,0.02,390.0542
0.00098,0.0001,0.0,0.7,0.02,390.0542
0.00098,0.0001,0.0,0.8,0.02,390.0542
0.00098,0.0001,0.0,0.9,0.02,390.0542
0.00098,0.0001,0.0,1.0,0.02,390.0542
0.001,8e-05,0.0,0.0,0.0,317.0956639
0.001,8e-05,0.0,0.1,0.0,390.053396
0.001,8e-05,0.0,0.2,0.0,390.053396
0.001,8e-05,0.0,0.3,0.0,390.053396
0.001,8e-05,0.0,0.4,0.0,390.053396
0.001,8e-05,0.0,0.5,0.0,390.053396
0.001,8e-05,0.0,0.6,0.0,390.053396
0.001,8e-05,0.0,0.7,0.0,390.053396
0.001,8e-05,0.0,0.8,0.0,390.053396
0.001,8e-05,0.0,0.9,0.0,390.053396
0.001,8e-05,0.0,1.0,0.0,390.053396
0.000985,7e-05,1e-05,0.0,0.014653809,317.0964927
0.000985,7e-05,1e-05,0.1,0.014653809,390.0577717
0.000985,7e-05,1e-05,0.2,0.014653809,390.0577717
0.000985,7e-05,1e-05,0.3,0.014653809,390.0577717
0.000985,7e-05,1e-05,0.4,0.014653809,390.0577717
0.000985,7e-05,1e-05,0.5,0.014653809,390.0577717
0.000985,7e-05,1e-05,0.6,0.014653809,390.0577717
0.000985,7e-05,1e-05,0.7,0.014653809,390.0577717
0.000985,7e-05,1e-05,0.8,0.014653809,390.0577717
0.000985,7e-05,1e-05,0.9,0.014653809,390.0577717
0.000985,7e-05,1e-05,1.0,0.014653809,390.0577717
0.00097,8.26e-05,1e-05,0.0,0.02978383,317.0968217
0.00097,8.26e-05,1e-05,0.1,0.02978383,390.0595311
0.00097,8.26e-05,1e-05,0.2,0.02978383,390.0595311
0.00097,8.26e-05,1e-05,0.3,0.02978383,390.0595311
0.00097,8.26e-05,1e-05,0.4,0.02978383,390.0595311
0.00097,8.26e-05,1e-05,0.5,0.02978383,390.0595311
0.00097,8.26e-05,1e-05,0.6,0.02978383,390.0595311
0.00097,8.26e-05,1e-05,0.7,0.02978383,390.0595311
0.00097,8.26e-05,1e-05,0.8,0.02978383,390.0595311
0.00097,8.26e-05,1e-05,0.9,0.02978383,390.0595311
0.00097,8.26e-05,1e-05,1.0,0.02978383,390.0595311
0.000987,8.62e-05,0.0,0.0,0.012665174,317.0960209
0.000987,8.62e-05,0.0,0.1,0.012665174,390.0552829
0.000987,8.62e-05,0.0,0.2,0.012665174,390.0552829
0.000987,8.62e-05,0.0,0.3,0.012665174,390.0552829
0.000987,8.62e-05,0.0,0.4,0.012665174,390.0552829
0.000987,8.62e-05,0.0,0.5,0.012665174,390.0552829
0.000987,8.62e-05,0.0,0.6,0.012665174,390.0552829
0.000987,8.62e-05,0.0,0.7,0.012665174,390.0552829
0.000987,8.62e-05,0.0,0.8,0.012665174,390.0552829
0.000987,8.62e-05,0.0,0.9,0.012665174,390.0552829
0.000987,8.62e-05,0.0,1.0,0.012665174,390.0552829
0.001,8e-05,1e-05,0.0,0.0,317.0956634
0.001,8e-05,1e-05,0.1,0.0,390.0533932
0.001,8e-05,1e-05,0.2,0.0,390.0533932
0.001,8e-05,1e-05,0.3,0.0,390.0533932
0.001,8e-05,1e-05,0.4,0.0,390.0533932
0.001,8e-05,1e-05,0.5,0.0,390.0533932
0.001,8e-05,1e-05,0.6,0.0,390.0533932
0.001,8e-05,1e-05,0.7,0.0,390.0533932
0.001,8e-05,1e-05,0.8,0.0,390.0533932
0.001,8e-05,1e-05,0.9,0.0,390.0533932
0.001,8e-05,1e-05,1.0,0.0,390.0533932
0.00098,0.0001,1e-05,0.0,0.02,317.0958136
0.00098,0.0001,1e-05,0.1,0.02,390.0542
0.00098,0.0001,1e-05,0.2,0.02,390.0542
0.00098,0.0001,1e-05,0.3,0.02,390.0542
0.00098,0.0001,1e-05,0.4,0.02,390.0542
0.00098,0.0001,1e-05,0.5,0.02,390.0542
0.00098,0.0001,1e-05,0.6,0.02,390.0542
0.00098,0.0001,1e-05,0.7,0.02,390.0542
0.00098,0.0001,1e-05,0.8,0.02,390.0542
0.00098,0.0001,1e-05,0.9,0.02,390.0542
0.00098,0.0001,1e-05,1.0,0.02,390.0542
0.001,0.0001,0.0,0.0,0.0,317.0949798
0.001,0.0001,0.0,0.1,0.0,390.0497915
0.001,0.0001,0.0,0.2,0.0,390.0497915
0.001,0.0001,0.0,0.3,0.0,390.0497915
0.001,0.0001,0.0,0.4,0.0,390.0497915
0.001,0.0001,0.0,0.5,0.0,390.0497915
0.001,0.0001,0.0,0.6,0.0,390.0497915
0.001,0.0001,0.0,0.7,0.0,390.0497915
0.001,0.0001,0.0,0.8,0.0,390.0497915
0.001,0.0001,0.0,0.9,0.0,390.0497915
0.001,0.0001,0.0,1.0,0.0,390.0497915
0.000987,8.62e-05,1e-05,0.0,0.012768162,317.0960245
0.000987,8.62e-05,1e-05,0.1,0.012768162,390.0553021
0.000987,8.62e-05,1e-05,0.2,0.012768162,390.0553021
0.000987,8.62e-05,1e-05,0.3,0.012768162,390.0553021
0.000987,8.62e-05,1e-05,0.4,0.012768162,390.0553021
0.000987,8.62e-05,1e-05,0.5,0.012768162,390.0553021
0.000987,8.62e-05,1e-05,0.6,0.012768162,390.0553021
0.000987,8.62e-05,1e-05,0.7,0.012768162,390.0553021
0.000987,8.62e-05,1e-05,0.8,0.012768162,390.0553021
0.000987,8.62e-05,1e-05,0.9,0.012768162,390.0553021
0.000987,8.62e-05,1e-05,1.0,0.012768162,390.0553021
0.001,0.0001,1e-05,0.0,0.0,317.0949798
0.001,0.0001,1e-05,0.1,0.0,390.0497914
0.001,0.0001,1e-05,0.2,0.0,390.0497914
0.001,0.0001,1e-05,0.3,0.0,390.0497914
0.001,0.0001,1e-05,0.4,0.0,390.0497914
0.001,0.0001,1e-05,0.5,0.0,390.0497914
0.001,0.0001,1e-05,0.6,0.0,390.0497914
0.001,0.0001,1e-05,0.7,0.0,390.0497914
0.001,0.0001,1e-05,0.8,0.0,390.0497914
0.001,0.0001,1e-05,0.9,0.0,390.0497914
0.001,0.0001,1e-05,1.0,0.0,390.0497914
